1,2726,-34.0
1,3040,68.0
1,3808,-126.0
2,899,38.0
2,1199,-8.0
2,1328,-8.0
2,2518,10.0
2,3372,-192.0
3,407,192.0
3,438,-18.0
3,1614,-72.0
3,2172,-106.0
3,3952,24.0
4,1700,-160.0
4,2458,-154.0
4,4361,-142.0
5,1107,66.0
5,1707,-72.0
5,2359,-190.0
5,3264,-162.0
6,1606,144.0
6,1620,-34.0
6,2023,136.0
6,3133,0.0
7,2199,154.0
7,4918,-112.0
8,526,-28.0
8,574,-138.0
8,1068,78.0
8,1387,-188.0
8,3179,10.0
8,3370,-158.0
9,1909,80.0
9,3404,-88.0
9,4389,176.0
10,129,4.0
10,729,96.0
10,1943,-26.0
10,3563,74.0
10,4073,-110.0
10,4300,172.0
11,1215,10.0
11,3889,-96.0
11,4763,82.0
12,472,98.0
12,3391,22.0
12,3431,2.0
12,3791,-126.0
12,4073,86.0
12,4139,-122.0
12,4796,-196.0
13,441,86.0
13,1029,30.0
13,2104,-192.0
13,2273,-126.0
13,2582,-102.0
13,2640,2.0
13,2987,-144.0
14,204,-192.0
14,936,-62.0
14,1626,-46.0
14,4716,30.0
15,2182,-110.0
15,3388,124.0
15,4999,-168.0
16,894,-120.0
16,1686,152.0
16,2845,-78.0
16,4013,26.0
16,4079,116.0
17,114,-182.0
17,676,16.0
17,873,86.0
17,2185,40.0
17,2348,40.0
17,2409,102.0
17,3537,42.0
17,3644,54.0
17,4151,-10.0
17,4526,-30.0
18,518,122.0
18,4537,150.0
19,284,-194.0
19,1318,-188.0
19,1429,180.0
19,2064,-106.0
19,2441,106.0
19,3089,-198.0
19,3224,8.0
19,3350,-94.0
19,3581,100.0
19,4081,-196.0
19,4593,70.0
19,4929,122.0
20,3772,8.0
21,249,-68.0
21,1281,-14.0
21,1341,-40.0
21,1983,-98.0
21,4031,184.0
21,4205,-42.0
22,1412,-156.0
22,3671,92.0
22,4760,-114.0
23,1554,-110.0
23,2186,-132.0
23,3221,-30.0
23,3439,54.0
23,3818,-82.0
24,1858,6.0
24,3592,198.0
24,3932,-72.0
24,3947,-170.0
24,4070,-194.0
24,4541,-36.0
25,1257,60.0
25,1450,56.0
25,1708,-140.0
25,3576,-26.0
25,3752,140.0
25,4538,-140.0
26,208,138.0
26,1566,2.0
26,2457,-18.0
26,2840,106.0
26,4204,-16.0
27,822,64.0
27,1260,-8.0
27,2155,-10.0
27,2540,196.0
27,3351,110.0
27,3843,-116.0
28,58,-104.0
28,494,94.0
28,1272,100.0
28,1558,168.0
28,2067,-192.0
28,2351,64.0
28,2679,-136.0
28,3016,6.0
28,3915,-166.0
28,4344,-8.0
28,4398,54.0
29,456,36.0
29,617,-120.0
29,1416,-94.0
29,1720,74.0
29,4267,-12.0
30,488,24.0
30,1545,112.0
30,1868,136.0
30,3531,4.0
31,1833,176.0
31,2433,-120.0
31,3097,194.0
31,3490,168.0
32,3113,-32.0
32,4260,142.0
32,4931,-40.0
33,139,158.0
33,2281,-20.0
33,2457,108.0
33,4782,64.0
34,202,52.0
34,1554,112.0
35,291,108.0
35,524,52.0
35,3858,-44.0
36,1546,-76.0
36,3061,114.0
37,566,-84.0
37,1056,-154.0
37,1574,10.0
37,1914,-108.0
38,1854,-36.0
38,2047,96.0
38,2972,92.0
38,4461,-176.0
39,341,-144.0
39,2336,-86.0
39,3123,196.0
39,3356,-102.0
39,3808,186.0
39,4328,2.0
40,541,22.0
40,3765,-136.0
41,4,160.0
41,1367,-14.0
41,1945,132.0
41,2490,6.0
41,3033,96.0
41,4881,112.0
42,386,156.0
42,3171,-126.0
42,3253,16.0
43,183,40.0
43,571,-8.0
43,1154,-78.0
43,2747,-144.0
43,4906,-190.0
44,1131,-130.0
44,1288,-132.0
44,1784,182.0
44,1911,168.0
44,4173,92.0
44,4273,-162.0
45,690,-102.0
45,1699,-156.0
45,1759,22.0
45,3306,-66.0
45,4262,-80.0
45,4467,-114.0
46,918,-120.0
46,1153,12.0
46,1429,-8.0
46,1664,-136.0
47,2986,2.0
48,3447,-36.0
48,3568,-82.0
48,4715,60.0
49,2181,-116.0
49,3686,34.0
49,4833,184.0
50,631,4.0
50,649,22.0
50,4629,-8.0
51,340,72.0
51,3043,178.0
51,3620,-30.0
51,4260,34.0
51,4542,192.0
52,82,-100.0
52,162,-142.0
52,742,-118.0
52,1583,36.0
52,3755,-24.0
52,4737,-76.0
53,251,128.0
53,1133,70.0
53,2345,-66.0
53,2420,72.0
54,2123,-4.0
54,3130,-148.0
54,4862,12.0
55,43,-112.0
55,609,52.0
55,2617,-136.0
55,4619,172.0
56,109,-88.0
56,692,136.0
56,3333,-16.0
56,3629,144.0
56,4881,-172.0
57,2568,-62.0
57,3471,172.0
57,4543,26.0
57,4927,144.0
58,1723,160.0
58,3478,-60.0
59,175,-54.0
59,1225,132.0
59,1468,68.0
59,1673,-146.0
59,2208,-2.0
59,3317,-88.0
59,3742,66.0
59,3891,-104.0
59,4014,-172.0
60,8,100.0
60,542,150.0
60,974,-86.0
60,1061,-42.0
61,181,162.0
61,406,64.0
61,1905,36.0
61,2181,-24.0
61,2715,-152.0
61,2729,-116.0
61,3156,158.0
61,4273,30.0
62,2228,184.0
62,3488,198.0
62,3697,-36.0
62,4933,-78.0
63,392,114.0
63,1424,46.0
63,1820,140.0
63,2596,-160.0
63,3917,-170.0
63,4991,56.0
64,191,-194.0
64,402,90.0
64,637,18.0
64,1238,8.0
64,4835,34.0
65,982,168.0
65,1469,-116.0
65,1602,-26.0
65,1886,104.0
65,2649,184.0
66,16,66.0
66,1366,118.0
66,2081,-102.0
66,2114,-46.0
66,3046,-74.0
66,3561,-62.0
66,3786,152.0
66,4116,44.0
66,4333,94.0
67,72,-50.0
67,136,108.0
67,1691,-196.0
67,1700,174.0
67,2600,38.0
67,2984,-86.0
67,4342,24.0
67,4660,-144.0
68,875,-196.0
68,1523,-184.0
68,2842,18.0
68,3100,2.0
68,3624,104.0
68,3770,-18.0
69,172,-198.0
69,2832,154.0
69,3332,118.0
69,4197,-82.0
69,4218,116.0
70,2346,-192.0
70,2462,-142.0
70,3777,22.0
70,4226,-196.0
71,2123,24.0
71,2565,52.0
71,2775,148.0
71,4189,-120.0
71,4214,62.0
72,1136,8.0
72,1184,-110.0
72,1352,-154.0
72,1734,-88.0
72,1805,-168.0
72,3118,-198.0
72,3779,-98.0
72,4198,166.0
72,4604,-166.0
72,4803,114.0
73,45,-148.0
73,614,-30.0
73,1339,-42.0
73,2825,80.0
73,3153,-146.0
73,3190,62.0
73,3483,-84.0
74,1777,146.0
74,1903,-66.0
74,3362,-60.0
74,3687,-76.0
74,4327,52.0
74,4929,22.0
75,287,-76.0
75,2895,138.0
75,3241,160.0
75,4027,78.0
75,4735,138.0
76,32,144.0
76,513,182.0
76,1988,104.0
77,912,-200.0
77,3217,92.0
77,4753,-96.0
77,4970,-12.0
78,787,-164.0
78,1691,-176.0
78,2138,-184.0
78,4094,62.0
79,586,-134.0
79,1169,78.0
79,2655,-102.0
79,3976,112.0
79,4506,98.0
80,72,102.0
80,243,-12.0
80,1472,194.0
80,2530,80.0
80,3331,-170.0
80,3724,-118.0
81,470,-58.0
81,632,88.0
81,1058,0.0
81,3708,-104.0
81,4315,-16.0
81,4992,36.0
82,267,18.0
82,343,122.0
82,578,84.0
82,868,-34.0
82,1382,76.0
82,2780,40.0
83,12,88.0
83,1281,168.0
83,2234,80.0
83,2912,114.0
84,1572,86.0
84,1915,-70.0
84,3246,-158.0
84,3502,-156.0
85,938,-106.0
85,1412,-126.0
85,1799,62.0
85,2263,34.0
85,2736,80.0
85,3924,-162.0
85,4503,136.0
86,2370,40.0
86,2866,-18.0
86,3218,68.0
86,4063,80.0
86,4560,-112.0
87,2979,-190.0
87,3227,96.0
88,212,126.0
88,806,18.0
88,4842,18.0
89,221,50.0
89,628,102.0
89,780,16.0
89,1616,-122.0
89,3379,42.0
90,229,154.0
90,1559,-20.0
90,2244,72.0
90,2701,98.0
90,2963,112.0
90,3297,-42.0
90,4684,-198.0
90,4784,-190.0
91,77,72.0
91,4505,-64.0
91,4953,-12.0
92,786,8.0
92,994,-174.0
92,1180,72.0
92,1447,154.0
92,2489,196.0
92,3278,138.0
92,3890,-166.0
92,4733,106.0
93,2311,-172.0
93,2966,-126.0
93,4091,132.0
93,4117,88.0
94,2443,-20.0
94,3870,-60.0
94,4648,-22.0
95,484,172.0
95,2538,106.0
95,3817,12.0
95,4603,30.0
96,1234,194.0
96,2093,164.0
96,2426,-132.0
96,2688,60.0
96,4306,-164.0
97,2903,-164.0
98,310,-100.0
98,1164,124.0
98,2336,-114.0
98,2965,30.0
98,3101,38.0
99,925,56.0
99,1005,194.0
99,1113,-4.0
99,2710,182.0
99,3253,132.0
99,3831,-152.0
99,4774,2.0
100,1133,-42.0
100,4435,170.0
101,121,102.0
101,2058,-64.0
101,4332,-82.0
101,4833,164.0
102,355,-84.0
103,229,18.0
103,667,150.0
103,1094,82.0
103,1446,-192.0
103,1631,178.0
103,2163,160.0
103,3020,-178.0
103,3220,136.0
104,3144,-20.0
104,4322,-156.0
105,517,-34.0
105,1589,-134.0
105,3146,94.0
105,3753,-136.0
105,4084,-146.0
105,4641,64.0
106,359,-74.0
106,416,-68.0
106,818,-136.0
106,1498,-186.0
106,1895,2.0
106,2648,36.0
106,3421,28.0
106,3967,-34.0
106,4548,104.0
107,568,32.0
107,635,-76.0
107,841,6.0
107,1095,-54.0
107,1667,-152.0
107,2217,-64.0
107,2386,164.0
107,2437,44.0
107,2829,-192.0
107,3658,174.0
107,4386,172.0
107,4849,-74.0
108,1985,-10.0
108,2042,8.0
108,2462,-46.0
108,3325,-42.0
108,3389,-90.0
109,711,-174.0
109,2256,-138.0
110,217,-134.0
110,1199,96.0
110,1799,152.0
110,3060,-50.0
110,3145,56.0
110,4109,88.0
110,4124,10.0
110,4610,134.0
110,4821,10.0
111,639,170.0
111,1765,88.0
111,1925,182.0
111,2547,-10.0
111,3243,158.0
111,3338,40.0
111,3489,-100.0
111,3927,180.0
111,4322,-140.0
111,4723,-58.0
112,1041,58.0
112,2513,-30.0
112,2588,-122.0
112,4004,196.0
112,4299,150.0
112,4871,-132.0
112,4915,168.0
112,4962,154.0
113,2246,156.0
113,3937,-48.0
113,4600,-166.0
114,296,112.0
114,3250,-164.0
114,4537,-92.0
115,93,-158.0
115,1332,-176.0
115,1901,-42.0
115,2251,-172.0
115,2747,138.0
115,2790,32.0
115,3044,18.0
116,390,190.0
116,773,-64.0
116,1618,-142.0
116,1718,-84.0
116,1796,-126.0
116,3433,96.0
117,870,-100.0
117,1655,120.0
117,1954,-146.0
117,1993,168.0
117,3095,26.0
117,3687,-158.0
117,4359,-128.0
118,1001,-26.0
118,2681,180.0
118,2985,130.0
119,446,16.0
119,2768,12.0
120,2549,104.0
120,4835,-124.0
121,504,74.0
121,2271,160.0
121,2966,44.0
121,3810,-28.0
122,3166,180.0
122,4020,112.0
122,4732,92.0
123,168,-154.0
123,2687,-168.0
123,3029,152.0
123,4347,-32.0
123,4897,18.0
124,1400,90.0
124,2485,100.0
124,2719,-64.0
124,4606,-40.0
125,561,56.0
125,735,-170.0
125,1211,148.0
125,1483,-30.0
125,2010,120.0
125,2363,34.0
125,3584,44.0
126,305,76.0
126,1530,-136.0
126,1638,184.0
126,1948,166.0
126,1970,-16.0
126,1980,196.0
126,4357,4.0
127,2556,64.0
127,2702,-130.0
127,3071,-58.0
128,813,118.0
128,1247,-160.0
128,4660,20.0
129,65,-136.0
129,1348,-140.0
129,2774,-120.0
129,3263,-110.0
129,4136,-184.0
130,211,-22.0
130,2039,2.0
130,3204,8.0
130,3590,-142.0
130,4961,90.0
130,4988,94.0
131,441,146.0
131,1459,138.0
131,1700,148.0
131,2209,126.0
132,767,192.0
132,1288,86.0
132,1875,66.0
132,2207,-70.0
132,3066,-96.0
132,3079,-188.0
132,4428,-48.0
133,4118,76.0
133,4807,140.0
133,4977,-180.0
134,338,122.0
134,472,-46.0
134,793,-182.0
134,1592,30.0
134,2495,-10.0
134,3713,-96.0
134,4120,-178.0
134,4873,124.0
135,2623,-124.0
135,2777,-48.0
135,3672,144.0
136,2282,140.0
136,2423,-120.0
136,3745,108.0
136,3779,-90.0
137,1432,-34.0
137,2324,-134.0
137,2648,-174.0
137,3690,-30.0
137,4792,-76.0
138,1029,50.0
138,1125,-60.0
138,1468,-136.0
138,3665,72.0
139,1275,40.0
139,1275,-80.0
139,1309,96.0
139,1548,-80.0
139,1800,26.0
139,2340,-156.0
139,3746,-162.0
140,2086,-136.0
140,2537,140.0
140,3601,-190.0
141,650,152.0
141,906,-162.0
141,2760,128.0
141,4491,-70.0
141,4986,138.0
142,905,-108.0
142,1511,-144.0
142,1572,-12.0
142,4359,-194.0
142,4657,54.0
142,4879,-152.0
143,475,-16.0
143,564,106.0
143,848,-110.0
143,975,184.0
143,1354,-64.0
143,1549,86.0
143,2415,68.0
143,4869,-128.0
144,239,-112.0
144,2393,168.0
144,2539,-4.0
144,2765,110.0
144,4015,42.0
144,4697,98.0
145,4320,172.0
145,4815,-40.0
146,545,-32.0
146,1599,-128.0
146,2434,80.0
146,2621,92.0
146,3256,156.0
146,3575,74.0
146,4730,-148.0
147,726,-86.0
147,1010,196.0
147,1245,36.0
147,1570,-160.0
147,4055,-64.0
147,4836,-82.0
148,1886,-92.0
148,2825,84.0
148,3395,144.0
148,3676,82.0
148,4064,-118.0
148,4542,70.0
149,467,-2.0
149,510,96.0
149,3015,-48.0
149,3255,-86.0
149,3401,16.0
149,3507,98.0
149,4041,-112.0
149,4308,4.0
150,51,-4.0
150,251,-6.0
150,537,-140.0
150,1316,84.0
151,1487,12.0
151,2247,-186.0
151,3762,64.0
151,4225,134.0
152,1313,-70.0
152,2118,162.0
152,2892,72.0
152,3745,40.0
152,3772,12.0
152,4243,-174.0
152,4644,24.0
153,186,178.0
153,2930,12.0
154,11,168.0
154,1184,42.0
154,1570,-188.0
154,2378,140.0
154,3764,118.0
154,4347,76.0
154,4507,-96.0
154,4861,-178.0
155,318,192.0
155,1876,58.0
155,2623,-26.0
155,3239,192.0
155,3683,-80.0
155,3801,122.0
155,4011,-124.0
156,244,-68.0
156,245,136.0
156,2263,36.0
156,3846,124.0
157,1184,104.0
157,1945,102.0
157,2232,66.0
157,2896,-110.0
157,4472,-28.0
158,593,76.0
158,4710,134.0
159,1150,-116.0
159,1536,-120.0
159,2497,142.0
159,4991,96.0
160,448,36.0
160,478,102.0
160,3311,182.0
160,3630,-88.0
160,4472,94.0
161,1125,176.0
161,1758,-174.0
161,2517,-108.0
161,4041,-90.0
161,4720,192.0
161,4820,56.0
162,639,-60.0
162,724,-198.0
162,931,-154.0
162,1506,-70.0
162,2415,40.0
162,2534,-44.0
162,3378,158.0
162,3966,16.0
162,4455,20.0
162,4689,78.0
163,88,-114.0
163,3665,122.0
163,4409,-2.0
164,1856,96.0
164,3693,-80.0
164,4282,-84.0
165,677,128.0
165,812,-100.0
165,3906,-66.0
165,4394,-44.0
166,188,-6.0
166,683,-172.0
166,764,-40.0
166,1477,124.0
167,2123,50.0
167,2362,-182.0
167,2796,-128.0
167,2918,100.0
168,1010,4.0
168,2040,-90.0
168,3183,-54.0
169,50,94.0
169,2095,194.0
169,2827,84.0
169,3878,-156.0
169,4237,162.0
170,706,198.0
170,791,-184.0
170,2126,-46.0
170,4294,14.0
171,12,-188.0
171,1752,84.0
171,2154,-92.0
171,2371,-102.0
171,4470,-88.0
172,852,-200.0
172,2135,-146.0
172,2918,2.0
172,3997,-142.0
172,4222,-184.0
172,4635,74.0
173,977,-134.0
173,1891,98.0
173,2172,88.0
174,1552,190.0
174,3992,-122.0
174,4668,2.0
175,468,70.0
175,2476,46.0
175,2798,96.0
175,4593,46.0
176,65,178.0
176,361,120.0
176,414,28.0
176,3631,-140.0
176,3649,-42.0
176,3814,56.0
176,4838,112.0
177,707,-138.0
177,1020,104.0
177,3167,22.0
177,3443,-98.0
177,4478,98.0
177,4566,-10.0
178,247,176.0
178,492,-40.0
179,25,34.0
179,953,-94.0
179,1691,-152.0
179,1774,-74.0
179,2734,-134.0
179,3825,-130.0
180,1274,-40.0
180,2201,104.0
180,4342,12.0
181,2692,-34.0
181,3712,106.0
182,2340,-8.0
182,2573,40.0
182,4349,6.0
183,424,70.0
183,1234,162.0
183,1949,-24.0
183,3461,160.0
184,2617,74.0
184,3164,-180.0
185,180,34.0
185,880,-152.0
185,1690,-14.0
185,1910,106.0
185,2002,36.0
185,2262,76.0
185,2671,80.0
185,3247,28.0
185,4374,170.0
186,101,-38.0
186,1579,-176.0
186,3704,-4.0
187,611,70.0
187,1369,68.0
187,1574,-130.0
187,1995,-114.0
187,2249,-112.0
187,2534,6.0
187,3229,-136.0
187,3812,-184.0
188,402,-56.0
188,1325,0.0
188,1726,-10.0
188,2348,-126.0
188,3372,158.0
189,267,60.0
189,532,-188.0
189,2604,-104.0
189,4558,-160.0
190,1607,-176.0
190,1868,-134.0
190,2752,-104.0
190,3746,-30.0
191,201,170.0
191,974,-46.0
191,1621,186.0
191,2235,-160.0
191,2506,-176.0
191,2659,-80.0
191,2806,196.0
191,4209,-136.0
192,645,96.0
192,705,-32.0
192,1352,-88.0
192,1554,62.0
192,1785,-4.0
192,2287,-58.0
192,3902,-68.0
193,957,-48.0
193,2451,136.0
193,3527,-60.0
193,4909,76.0
194,154,-130.0
194,258,-188.0
194,1564,100.0
194,3515,138.0
194,4757,154.0
195,566,112.0
195,1029,-180.0
195,2717,48.0
195,4799,-4.0
196,113,18.0
196,1962,190.0
196,1978,162.0
196,2132,-172.0
196,3418,12.0
196,4133,-2.0
197,3163,-28.0
197,4912,140.0
198,214,188.0
198,624,100.0
198,880,-42.0
198,1548,14.0
198,2520,106.0
198,3127,-38.0
199,2086,90.0
199,3222,-174.0
199,3925,176.0
199,4397,-86.0
199,4415,144.0
200,1501,152.0
200,2357,-38.0
200,3705,32.0
201,364,182.0
201,861,-96.0
201,2459,122.0
201,3305,-58.0
202,298,46.0
202,1889,-136.0
202,2068,88.0
202,2075,-64.0
202,2198,92.0
202,3552,26.0
202,4119,-134.0
202,4200,-116.0
203,1642,-170.0
203,2743,-82.0
203,3048,180.0
203,4684,110.0
204,1132,24.0
204,1325,44.0
204,3279,134.0
204,4897,6.0
205,83,16.0
205,1693,180.0
205,1915,-76.0
205,4176,-188.0
205,4602,96.0
205,4937,152.0
206,195,10.0
206,3148,-96.0
206,4995,-70.0
207,809,18.0
207,1284,-188.0
207,2005,190.0
207,2416,-6.0
208,717,-68.0
208,816,-4.0
208,1197,42.0
208,1536,124.0
208,2735,180.0
208,3904,-10.0
208,3937,-176.0
208,4880,148.0
209,403,-124.0
209,588,-142.0
209,1192,-84.0
209,1355,-190.0
209,4534,-4.0
209,4696,-140.0
210,239,56.0
210,1173,8.0
210,1281,-52.0
210,1566,144.0
210,1758,-56.0
210,2396,-76.0
210,3136,160.0
210,3473,-200.0
210,4758,-22.0
211,4039,-158.0
212,1112,120.0
212,4722,10.0
213,2062,-136.0
213,2500,-42.0
214,18,8.0
214,492,166.0
214,734,2.0
214,1009,-46.0
214,1278,56.0
214,3036,152.0
215,415,168.0
215,970,-38.0
215,1178,186.0
216,3187,-30.0
216,3705,110.0
216,4385,-158.0
216,4613,-134.0
217,3464,116.0
217,3884,-52.0
217,4088,-170.0
219,3549,146.0
219,4586,4.0
219,4848,-110.0
220,221,6.0
220,765,46.0
220,1441,-180.0
220,2030,-178.0
220,2402,-46.0
220,2979,-46.0
220,3663,-80.0
220,4101,94.0
220,4781,-40.0
221,854,192.0
221,2302,-86.0
221,2579,-54.0
221,3204,-180.0
221,3704,-162.0
221,3907,-96.0
222,506,-124.0
222,4742,18.0
223,699,192.0
223,2585,62.0
223,3003,122.0
223,3014,198.0
223,4868,80.0
224,369,36.0
224,1596,172.0
224,2622,-8.0
224,4928,58.0
225,1831,24.0
225,2913,108.0
225,2918,-70.0
225,3531,88.0
225,4303,-32.0
225,4972,110.0
226,74,-58.0
226,824,80.0
226,842,-158.0
226,1130,24.0
226,1411,134.0
226,4577,-108.0
226,4964,-122.0
227,195,30.0
227,938,138.0
227,1882,70.0
227,2223,188.0
227,3853,-138.0
227,4587,38.0
227,4767,58.0
227,4836,-120.0
228,2339,72.0
228,3078,78.0
228,3221,-28.0
228,4451,180.0
228,4926,-142.0
229,815,10.0
229,1891,-106.0
229,2331,-58.0
229,3457,-6.0
230,436,-130.0
230,704,-196.0
230,4762,156.0
231,1252,114.0
231,4638,-196.0
231,4730,-52.0
232,1543,116.0
232,1572,16.0
232,1730,176.0
232,2730,-12.0
232,3984,62.0
232,4007,42.0
233,101,-124.0
233,351,-56.0
233,1527,70.0
233,1781,138.0
233,2066,-86.0
233,2728,46.0
233,3190,-192.0
234,346,-136.0
234,985,28.0
234,2780,126.0
234,3302,-134.0
234,3578,-52.0
235,369,-186.0
235,439,-190.0
235,3225,-152.0
235,3298,-128.0
235,4218,-200.0
235,4452,-62.0
236,1166,-140.0
236,1245,-38.0
236,2854,162.0
236,3995,194.0
237,736,32.0
237,1086,30.0
237,1424,110.0
237,2290,80.0
237,2310,-192.0
237,4387,146.0
237,4405,-34.0
238,163,66.0
238,243,126.0
238,1785,88.0
238,3353,-174.0
238,4177,20.0
239,48,132.0
239,192,196.0
239,550,144.0
239,604,-134.0
239,619,10.0
239,3558,-54.0
239,4296,-176.0
239,4339,58.0
240,341,-194.0
240,1333,178.0
240,1668,-110.0
240,2498,-16.0
240,3405,180.0
240,3569,24.0
241,883,-28.0
241,1166,46.0
241,1732,-40.0
241,2507,-94.0
241,3734,-196.0
241,3763,84.0
241,4809,-148.0
242,1291,52.0
242,1351,48.0
242,2084,-68.0
242,2355,108.0
242,4387,-78.0
242,4740,84.0
242,4877,44.0
243,1090,-192.0
243,1181,-114.0
243,1445,42.0
243,2164,174.0
243,4083,44.0
243,4326,106.0
244,1145,112.0
244,2860,174.0
244,3471,-24.0
245,304,-130.0
245,503,198.0
245,1076,184.0
245,1374,136.0
245,2862,-98.0
245,3322,12.0
245,3717,0.0
245,4168,-20.0
245,4196,-42.0
246,395,48.0
246,1536,-30.0
246,2188,-186.0
246,2549,-42.0
246,3694,14.0
246,4090,-104.0
247,109,196.0
247,256,-18.0
247,1155,12.0
247,3422,196.0
247,3784,-38.0
247,4533,-74.0
247,4881,96.0
248,2378,34.0
248,4586,-192.0
249,487,-154.0
249,917,-24.0
249,2505,-24.0
249,2718,-110.0
250,1093,-190.0
250,3407,72.0
250,3806,140.0
250,3960,192.0
250,4782,-104.0
250,4876,174.0
251,411,120.0
251,3607,112.0
251,4226,104.0
251,4340,160.0
252,593,-150.0
252,3850,36.0
253,2357,76.0
253,3149,40.0
253,3300,60.0
253,4059,160.0
253,4353,-114.0
253,4498,-80.0
254,2406,156.0
254,2477,24.0
254,2628,-48.0
254,3056,-158.0
254,3159,190.0
254,3229,192.0
254,3497,-82.0
254,4435,-176.0
255,607,-44.0
255,733,4.0
255,1311,62.0
255,2300,126.0
256,605,16.0
256,2118,-186.0
256,2938,-156.0
256,3172,60.0
256,3813,-198.0
256,4232,-16.0
257,445,150.0
257,711,160.0
257,1104,142.0
257,1269,44.0
257,1461,-154.0
257,1726,-68.0
257,1913,-148.0
257,2260,14.0
257,3411,-158.0
257,3519,106.0
257,4057,-178.0
257,4370,130.0
257,4738,-120.0
258,186,-128.0
258,1498,108.0
258,1984,196.0
258,4566,156.0
258,4690,44.0
259,498,-126.0
259,987,-132.0
259,2956,-152.0
259,3109,136.0
260,219,68.0
260,2008,84.0
260,2583,168.0
261,824,-48.0
261,944,-82.0
261,1661,34.0
261,2021,102.0
261,3635,118.0
262,13,-14.0
262,2378,168.0
262,3548,-160.0
262,3645,130.0
263,244,-122.0
263,756,-146.0
263,2410,-124.0
263,3985,178.0
263,4091,-82.0
264,963,60.0
264,1491,138.0
264,2161,28.0
265,591,156.0
265,676,-102.0
265,1314,-122.0
265,1975,24.0
265,2455,-140.0
265,2463,-164.0
265,3928,-108.0
265,4607,-152.0
265,4865,-56.0
266,368,-126.0
266,897,-146.0
266,1780,40.0
266,4451,20.0
267,951,-30.0
267,2032,188.0
267,4275,-98.0
268,2368,102.0
268,3304,176.0
268,3370,-136.0
269,2523,58.0
269,3152,6.0
269,3795,-166.0
269,4533,142.0
269,4956,-156.0
270,255,66.0
270,267,-94.0
270,473,-172.0
270,798,-14.0
270,1187,80.0
270,2315,14.0
270,2430,-120.0
270,4251,196.0
271,93,-92.0
271,172,-182.0
271,686,64.0
271,1598,-72.0
271,3199,16.0
271,3260,-154.0
271,3726,-98.0
271,3837,86.0
271,4146,-148.0
272,2407,14.0
272,2706,-78.0
272,3405,-90.0
272,3657,152.0
272,3995,-144.0
272,4080,102.0
272,4619,-172.0
273,540,146.0
273,575,-78.0
273,1266,104.0
273,1401,134.0
273,1434,-4.0
273,3758,-186.0
273,4729,14.0
274,568,-8.0
274,629,158.0
274,841,-106.0
274,4374,-92.0
276,259,-140.0
276,344,96.0
276,544,-170.0
276,1522,154.0
276,2031,-142.0
276,3687,-48.0
276,4238,-40.0
277,1543,72.0
277,2827,-188.0
277,2845,2.0
277,3230,-100.0
277,4877,48.0
278,60,132.0
278,181,-124.0
278,182,-190.0
278,769,-110.0
278,1262,78.0
278,1266,10.0
278,1945,192.0
278,2213,190.0
278,2537,82.0
278,3372,110.0
278,4050,-106.0
278,4857,134.0
279,2098,-164.0
280,330,-44.0
280,354,-82.0
280,778,-60.0
280,4029,-152.0
281,1291,-122.0
281,1943,80.0
281,2124,140.0
281,3489,-144.0
282,2755,58.0
282,3621,-196.0
282,4015,14.0
283,731,110.0
283,2760,-4.0
283,2923,-104.0
283,4624,-80.0
284,677,40.0
284,1122,134.0
284,1875,52.0
284,3009,-136.0
285,2306,-166.0
285,2389,-176.0
285,2763,-34.0
285,4377,144.0
286,101,-46.0
286,1856,-102.0
286,2621,-110.0
286,3459,188.0
287,2195,100.0
288,2530,-130.0
288,2754,62.0
288,2969,102.0
288,3158,136.0
288,4492,-22.0
288,4675,160.0
289,1366,154.0
289,1426,42.0
289,2206,-68.0
289,4909,190.0
290,228,-96.0
290,2018,-4.0
290,2340,-56.0
290,2951,-98.0
290,3230,-26.0
290,4648,106.0
291,1369,-138.0
291,2543,-166.0
292,438,168.0
293,985,-100.0
293,1703,-168.0
293,1959,20.0
293,2564,-110.0
293,2961,80.0
293,3286,-54.0
293,3462,100.0
293,3944,46.0
294,917,-42.0
294,1427,94.0
294,3357,-28.0
295,1977,116.0
295,2257,112.0
295,2429,-72.0
295,2736,-114.0
295,2928,128.0
295,3144,-90.0
295,3418,42.0
295,4419,-178.0
296,3158,-48.0
296,4363,-184.0
296,4924,150.0
297,100,154.0
297,140,-66.0
297,2155,-16.0
297,3480,130.0
297,3723,-72.0
298,3208,40.0
298,4431,-2.0
299,1113,-136.0
299,1873,-46.0
299,1905,-34.0
299,2531,-146.0
299,2680,76.0
299,3986,20.0
300,923,-94.0
300,1078,-174.0
300,1132,-10.0
300,2368,-174.0
300,2525,-100.0
300,3577,174.0
301,203,28.0
301,1633,186.0
301,1657,128.0
302,262,28.0
302,796,-78.0
302,1213,78.0
302,2682,190.0
302,3692,128.0
302,4260,194.0
302,4979,192.0
303,318,182.0
303,2472,-62.0
303,3254,108.0
303,3678,-120.0
303,4168,186.0
304,471,100.0
304,3209,-132.0
304,3470,164.0
304,3796,-20.0
304,4361,-154.0
304,4370,-170.0
305,1566,34.0
305,4060,192.0
306,1264,90.0
306,1834,122.0
306,2240,130.0
306,2521,-98.0
306,3083,-4.0
306,3228,-82.0
306,3439,32.0
306,3446,-198.0
306,4097,-86.0
306,4714,86.0
307,701,-126.0
307,1126,-52.0
307,1372,-192.0
307,2584,-74.0
307,3120,22.0
307,3606,16.0
307,4954,160.0
308,547,66.0
308,1348,-158.0
308,2679,-130.0
308,3814,-80.0
308,4036,-140.0
308,4123,22.0
308,4544,-36.0
309,1539,148.0
309,2455,-102.0
309,3890,-60.0
310,742,-136.0
310,1111,-68.0
310,2034,-60.0
310,2898,120.0
310,3281,-110.0
311,1703,38.0
311,2071,8.0
311,4601,44.0
311,4891,-162.0
312,158,-200.0
312,760,10.0
312,2168,176.0
312,3794,-82.0
312,3945,68.0
312,4236,190.0
313,260,-168.0
313,3686,-174.0
314,978,152.0
314,1470,192.0
314,2011,-62.0
314,4630,114.0
315,1635,102.0
315,2387,-188.0
315,3845,-138.0
315,3992,-76.0
315,4147,-198.0
316,153,28.0
316,3387,8.0
317,1108,-166.0
317,1781,166.0
317,4659,144.0
317,4689,-16.0
318,547,156.0
318,787,22.0
318,1755,-104.0
318,2034,42.0
319,1538,30.0
319,1946,-74.0
319,2146,154.0
319,4422,98.0
319,4691,86.0
320,534,-200.0
320,838,-114.0
320,1057,-176.0
320,3949,-104.0
321,264,-2.0
321,1282,106.0
321,2230,140.0
321,3707,-194.0
321,4753,48.0
322,1198,12.0
322,1976,-138.0
322,2220,188.0
323,1458,56.0
323,2054,-22.0
324,1673,-14.0
325,35,26.0
325,1223,2.0
325,1292,140.0
325,2419,-110.0
325,3728,-128.0
325,4110,26.0
326,526,-12.0
326,678,-24.0
326,1336,170.0
326,1645,34.0
326,4458,132.0
326,4608,-104.0
327,3354,48.0
327,3731,-174.0
328,870,-74.0
328,1044,-56.0
328,2717,-42.0
328,3049,-150.0
328,3177,-34.0
328,3311,-120.0
328,3940,-88.0
329,44,-42.0
329,599,-36.0
329,848,70.0
329,963,178.0
329,988,-104.0
329,2078,58.0
329,2243,4.0
330,1079,-30.0
330,2466,92.0
330,3003,-166.0
330,3537,-130.0
330,4532,-154.0
330,4577,-44.0
330,4644,44.0
330,4849,-142.0
331,1851,-30.0
331,2815,-4.0
332,649,-178.0
332,1270,188.0
332,2472,-186.0
332,3440,104.0
332,3504,190.0
332,4407,48.0
333,461,-172.0
333,1878,150.0
333,2295,-190.0
333,2750,54.0
333,4306,146.0
333,4486,56.0
333,4791,-180.0
334,2634,160.0
334,2909,-86.0
334,3441,6.0
334,4964,134.0
335,722,86.0
335,1122,-136.0
335,4478,134.0
335,4620,-112.0
336,939,-108.0
336,1096,-174.0
336,1797,32.0
336,1801,-14.0
336,1930,-68.0
336,2881,76.0
336,4675,152.0
336,4761,-146.0
337,1190,-138.0
337,3680,132.0
338,736,40.0
338,1048,-4.0
338,1388,106.0
338,3244,192.0
338,4641,140.0
339,1334,178.0
339,1592,158.0
339,1823,-76.0
339,1984,96.0
339,3628,72.0
339,4037,116.0
339,4126,-190.0
339,4287,68.0
339,4400,-110.0
339,4769,-164.0
340,592,176.0
340,1549,104.0
340,3607,156.0
341,38,-90.0
341,459,24.0
341,934,-90.0
341,1773,112.0
341,2184,136.0
341,3410,188.0
341,3840,-74.0
341,4572,66.0
341,4841,182.0
342,1201,12.0
342,1918,186.0
342,2317,-172.0
342,2864,-34.0
342,2919,-188.0
343,277,-170.0
343,1074,72.0
343,1255,-58.0
343,1450,94.0
343,2976,-112.0
343,4393,-172.0
344,250,178.0
344,344,120.0
344,611,-106.0
344,874,-84.0
344,1747,118.0
344,2429,116.0
344,2438,172.0
345,1015,-94.0
345,3462,-122.0
345,4802,-152.0
346,3162,-72.0
346,4527,-114.0
347,2199,194.0
348,1026,100.0
348,1645,-106.0
348,2693,-152.0
348,3242,-102.0
348,4295,-26.0
349,1711,144.0
349,2813,70.0
349,3099,-22.0
349,3129,-48.0
349,3395,36.0
350,142,40.0
350,279,-32.0
350,1561,-164.0
350,4171,126.0
350,4718,-56.0
351,700,-36.0
351,4124,-124.0
352,293,102.0
352,2171,-166.0
353,378,-102.0
353,642,-196.0
353,784,-82.0
353,2767,78.0
353,4680,12.0
354,647,164.0
354,1896,118.0
354,2824,120.0
355,456,-34.0
355,1251,-132.0
355,3292,-14.0
355,3474,-154.0
355,3764,38.0
355,3828,154.0
355,4674,-146.0
356,2113,-168.0
356,2343,-200.0
356,2443,40.0
356,2917,194.0
356,4826,-130.0
357,1398,-30.0
357,2698,-122.0
357,3637,-166.0
357,3873,-158.0
357,4638,102.0
358,594,-138.0
358,799,-132.0
358,2461,-10.0
358,2844,-98.0
358,3702,38.0
359,1650,-54.0
359,2780,84.0
359,3250,-90.0
359,3536,4.0
359,4641,34.0
359,4991,-158.0
360,842,122.0
360,1147,20.0
360,2663,102.0
360,3281,114.0
360,3528,116.0
360,4005,-24.0
360,4294,110.0
361,114,144.0
361,828,54.0
361,2949,14.0
361,3102,-88.0
362,18,6.0
362,69,54.0
362,756,-126.0
362,1134,-118.0
362,3407,-178.0
363,423,-54.0
363,783,-56.0
363,1025,76.0
363,1904,10.0
363,3288,-36.0
363,4000,86.0
364,38,158.0
364,3528,-164.0
364,4424,48.0
364,4650,168.0
365,7,-168.0
365,875,150.0
365,1047,152.0
365,1307,-184.0
365,2009,-44.0
365,2759,-36.0
365,3093,-196.0
365,3421,-82.0
365,3839,-184.0
365,4346,-98.0
365,4379,-4.0
366,618,156.0
366,1691,-146.0
366,2231,-46.0
366,3555,54.0
366,3736,-156.0
367,12,-198.0
367,1321,-166.0
367,2245,22.0
367,2404,30.0
367,3766,132.0
368,1082,40.0
368,2249,74.0
368,3605,-172.0
369,115,154.0
369,914,-32.0
369,1256,2.0
369,1384,-56.0
369,4243,-14.0
370,1068,108.0
370,2151,106.0
370,2431,96.0
370,3691,6.0
370,3843,160.0
371,874,100.0
371,1847,-160.0
371,3581,-88.0
371,4383,76.0
371,4539,-28.0
371,4933,126.0
371,4994,-118.0
372,27,-40.0
372,2116,-78.0
372,2579,34.0
372,4083,-108.0
372,4513,174.0
373,763,166.0
373,2147,106.0
373,2816,6.0
373,3676,52.0
373,4165,-160.0
373,4454,152.0
373,4521,-38.0
373,4807,90.0
374,3390,-6.0
374,4938,160.0
375,853,84.0
375,964,40.0
375,1010,-76.0
375,1772,110.0
375,2791,-184.0
375,3523,-132.0
375,4654,26.0
376,65,-146.0
376,793,-42.0
376,944,-90.0
376,1083,-36.0
376,1492,38.0
376,2849,196.0
376,3229,-50.0
376,4132,190.0
376,4344,-102.0
376,4522,-46.0
377,272,-50.0
377,1465,34.0
377,4396,-18.0
378,2640,138.0
378,2801,-104.0
378,4806,160.0
379,3114,124.0
379,3460,108.0
379,4220,-10.0
380,1744,142.0
380,3725,-148.0
380,3728,126.0
381,574,6.0
381,711,172.0
381,2853,158.0
381,3181,106.0
381,4929,82.0
382,1961,-94.0
382,2496,36.0
382,4103,-198.0
382,4720,62.0
383,169,-24.0
383,243,-10.0
383,593,-154.0
383,2525,-136.0
384,1688,-42.0
384,1921,-40.0
384,2292,60.0
384,2621,8.0
384,2752,152.0
385,568,-184.0
385,2378,124.0
385,2813,-162.0
385,4489,-186.0
386,352,80.0
386,2277,10.0
386,3886,74.0
387,437,30.0
387,1130,140.0
387,1433,80.0
387,1472,-54.0
387,1496,-168.0
387,1918,-130.0
387,2032,166.0
387,2899,150.0
387,3160,100.0
387,3227,-12.0
387,4198,140.0
388,1372,172.0
388,2627,110.0
389,93,84.0
389,1322,20.0
389,1409,-10.0
389,2238,-162.0
389,3296,86.0
390,1842,108.0
390,3818,168.0
390,3942,158.0
390,4675,-138.0
391,1482,38.0
391,1588,-58.0
391,2354,-76.0
391,2781,58.0
391,3306,-148.0
391,4326,-8.0
391,4428,-18.0
392,364,58.0
392,541,-180.0
392,743,176.0
392,1174,2.0
392,1906,-108.0
392,2455,-12.0
392,2875,-6.0
392,3177,150.0
392,3204,140.0
392,4127,196.0
393,504,-26.0
393,722,-152.0
393,1050,-96.0
393,1774,56.0
393,2044,-16.0
393,3117,-28.0
393,3316,-146.0
393,3411,-160.0
393,4896,186.0
394,539,114.0
394,1701,-158.0
394,1904,46.0
394,1990,-138.0
394,2745,78.0
394,4461,-138.0
394,4605,38.0
394,4651,184.0
394,4839,-170.0
395,876,-172.0
395,2263,-194.0
395,2934,30.0
395,3984,-102.0
395,4571,-162.0
396,285,134.0
396,1057,-136.0
396,1434,-64.0
396,2759,-116.0
396,3200,-74.0
397,186,-96.0
397,735,-180.0
397,1260,120.0
397,2889,-186.0
398,2005,42.0
398,2401,90.0
399,500,82.0
399,514,-60.0
399,1768,-122.0
399,3282,-130.0
399,4679,-54.0
400,3530,-4.0
400,3922,-174.0
400,4186,22.0
400,4283,-88.0
401,178,28.0
401,1708,-46.0
401,2277,8.0
401,2785,130.0
401,3703,84.0
401,4175,192.0
401,4546,94.0
402,2137,178.0
402,2292,-142.0
402,3322,-46.0
403,30,168.0
403,197,-18.0
403,2462,-52.0
403,2946,-164.0
403,3041,-36.0
403,4187,-34.0
403,4315,42.0
404,815,-20.0
404,2048,172.0
404,2968,-158.0
405,2561,-92.0
405,2774,-126.0
405,2822,32.0
405,4604,48.0
405,4647,166.0
406,1985,-82.0
406,3151,178.0
406,3316,-148.0
406,4745,-150.0
407,314,80.0
407,637,-72.0
407,906,-144.0
407,1477,22.0
407,2054,56.0
407,4132,-14.0
408,999,-176.0
408,1802,14.0
408,2572,10.0
408,2585,-34.0
408,3357,-188.0
408,4591,190.0
409,1410,-86.0
409,4665,50.0
410,332,-110.0
410,2437,128.0
410,4895,104.0
411,890,-82.0
412,1157,-6.0
412,2692,12.0
412,3572,-142.0
412,3835,126.0
413,388,176.0
414,2536,-94.0
414,2969,88.0
414,3446,-16.0
414,3980,186.0
414,4562,158.0
415,97,160.0
415,952,-62.0
415,1248,-4.0
416,597,-38.0
416,1108,-194.0
416,1210,-80.0
416,2568,64.0
416,3321,46.0
417,577,88.0
417,2614,64.0
417,3682,-70.0
417,4577,-8.0
417,4614,-86.0
418,537,-130.0
418,1107,-80.0
418,1262,118.0
418,3730,50.0
418,4887,118.0
419,678,-44.0
419,1043,98.0
419,1924,122.0
420,640,24.0
420,814,32.0
420,1059,148.0
420,1149,198.0
420,2915,60.0
420,3122,58.0
420,3876,-34.0
420,3929,-44.0
420,3933,144.0
420,4793,92.0
421,548,-64.0
421,1786,-72.0
421,4043,184.0
422,454,-22.0
422,2546,176.0
422,2669,106.0
422,3169,94.0
422,3590,158.0
422,3599,-186.0
422,3724,172.0
423,1819,20.0
423,1981,136.0
423,2012,14.0
423,2482,-86.0
423,4138,-34.0
423,4762,100.0
424,4222,-68.0
424,4343,-48.0
425,1277,28.0
425,1344,-26.0
425,1790,-14.0
425,1834,-182.0
425,1842,-104.0
426,3372,144.0
426,3746,-68.0
426,4624,138.0
426,4900,50.0
427,3493,-12.0
428,717,-22.0
428,755,188.0
428,1251,10.0
428,2142,-16.0
428,2918,88.0
428,4381,-22.0
428,4660,128.0
429,1166,78.0
429,2832,-90.0
430,884,144.0
430,1197,152.0
430,1346,16.0
430,1730,188.0
430,2053,158.0
430,3872,172.0
431,1936,-106.0
431,3942,-120.0
432,98,-102.0
432,1251,176.0
432,3192,-82.0
432,3540,182.0
432,3593,94.0
432,4142,168.0
433,97,134.0
433,2624,64.0
433,2792,48.0
433,4213,-154.0
433,4816,-142.0
434,751,-196.0
434,899,-192.0
434,1088,-80.0
434,2641,-48.0
434,2957,148.0
434,3491,118.0
435,2705,198.0
435,2824,-58.0
435,4818,144.0
435,4883,102.0
436,1738,32.0
436,2126,160.0
436,2593,-126.0
436,4914,64.0
437,989,-20.0
437,2896,-78.0
437,3219,-166.0
437,4369,-2.0
438,901,82.0
438,1641,-26.0
438,3239,-70.0
438,3783,-14.0
438,4330,-170.0
439,270,84.0
439,3037,-152.0
440,1897,120.0
440,1906,50.0
440,2007,-88.0
440,4621,-84.0
441,496,-18.0
441,1446,-4.0
441,3290,-32.0
441,3627,-158.0
441,3911,-32.0
441,4135,28.0
441,4243,-144.0
441,4637,56.0
442,304,-52.0
442,1578,148.0
442,1586,112.0
442,2273,-90.0
442,4003,-54.0
442,4116,-160.0
442,4175,122.0
442,4541,-90.0
443,1300,44.0
443,2256,56.0
443,2694,-134.0
443,3261,-8.0
443,3516,2.0
444,32,180.0
444,369,138.0
444,984,-4.0
444,2141,-36.0
444,3379,54.0
444,3946,174.0
444,4114,186.0
445,331,190.0
445,2976,-198.0
445,2984,190.0
445,4229,158.0
445,4712,-36.0
446,9,-160.0
446,860,-122.0
446,1025,168.0
446,3394,-126.0
447,166,-172.0
447,186,-120.0
447,631,-146.0
447,905,-16.0
447,1104,-28.0
447,2193,160.0
447,2254,-14.0
447,2702,184.0
447,4469,-22.0
449,531,-88.0
449,1770,4.0
449,2083,-22.0
449,2111,-26.0
449,2532,-148.0
449,2750,86.0
449,2771,78.0
449,3203,24.0
449,4433,-118.0
450,515,148.0
450,917,8.0
450,960,120.0
450,1126,-42.0
450,1945,-52.0
450,4046,20.0
450,4175,-20.0
451,919,164.0
451,2505,2.0
451,3123,-60.0
452,16,-168.0
452,524,114.0
452,554,68.0
452,3542,-30.0
452,4890,-82.0
453,471,-158.0
453,594,78.0
453,1115,96.0
453,1845,152.0
453,3466,-24.0
453,3782,88.0
453,4560,42.0
454,160,18.0
454,603,-140.0
454,1786,-110.0
454,2536,60.0
455,153,70.0
455,283,-78.0
455,1459,0.0
455,1622,-132.0
455,1700,32.0
455,3152,-160.0
456,1674,-16.0
456,1865,-48.0
456,4986,66.0
457,642,2.0
457,3342,44.0
457,4121,-116.0
457,4146,-78.0
457,4215,-20.0
458,221,-160.0
458,1580,-72.0
459,901,188.0
459,2184,-92.0
459,2494,20.0
459,2636,-50.0
459,4969,-156.0
460,1266,-138.0
460,3792,18.0
460,4521,-114.0
461,738,-132.0
461,1847,-166.0
461,2199,-126.0
461,2199,-176.0
461,3078,-120.0
461,3423,-120.0
461,4627,-50.0
462,325,86.0
462,353,-130.0
462,1253,174.0
462,1393,26.0
462,2810,22.0
462,2887,-88.0
462,3111,106.0
462,3995,106.0
463,1278,2.0
463,1809,96.0
463,1897,48.0
464,1295,144.0
464,2076,78.0
464,3528,152.0
464,3656,-66.0
464,4906,-166.0
465,764,20.0
465,1015,-12.0
465,1276,74.0
465,2451,-34.0
465,2766,-192.0
465,2782,-60.0
465,3129,142.0
465,3505,-26.0
466,341,-86.0
466,528,50.0
466,1164,-94.0
466,4400,10.0
467,928,112.0
467,1017,98.0
468,1758,-168.0
468,1833,82.0
468,3254,-102.0
468,4318,142.0
469,1258,-82.0
469,2024,-58.0
470,977,-94.0
470,2152,-188.0
470,3635,180.0
471,113,78.0
471,900,-76.0
471,1207,166.0
471,3279,-168.0
471,4242,-72.0
471,4334,32.0
471,4797,-2.0
471,4883,-46.0
472,97,122.0
472,2042,-60.0
472,2810,38.0
472,4083,32.0
473,737,86.0
473,765,-168.0
473,2975,88.0
473,3651,-14.0
474,513,186.0
474,2039,-82.0
474,2418,66.0
474,2679,20.0
474,4160,-72.0
475,818,-192.0
475,2845,-90.0
476,1285,-196.0
476,1772,72.0
476,2166,-22.0
476,3450,168.0
476,3502,-60.0
476,4147,-62.0
477,641,-118.0
477,788,158.0
477,2014,-162.0
478,62,-60.0
478,1045,-10.0
478,2075,-168.0
478,2582,-144.0
478,4860,54.0
479,516,-38.0
479,1966,134.0
479,3364,-94.0
479,4141,-152.0
479,4851,-120.0
480,323,-14.0
480,1275,130.0
480,1585,-200.0
480,4901,-152.0
481,1699,16.0
481,1758,-188.0
481,4855,70.0
482,155,-68.0
482,1418,-90.0
482,1760,-84.0
482,2005,-192.0
482,2060,76.0
483,103,44.0
483,997,24.0
483,2261,-198.0
483,4173,-156.0
484,237,-138.0
484,1939,-36.0
484,4193,-118.0
484,4514,-44.0
484,4828,-146.0
485,1489,178.0
485,1532,180.0
485,2403,-8.0
485,2506,-198.0
485,3183,52.0
485,4526,-148.0
485,4865,-126.0
486,116,194.0
486,247,-12.0
486,1487,76.0
487,622,-34.0
487,782,-24.0
487,893,-114.0
487,2391,-120.0
488,2143,-114.0
488,3903,-110.0
488,4523,-36.0
489,464,-130.0
489,901,40.0
489,931,4.0
489,1003,-52.0
489,1522,70.0
489,1561,18.0
489,4716,-112.0
490,264,72.0
490,285,-126.0
490,2086,140.0
490,2613,-72.0
490,2978,188.0
490,4072,-66.0
490,4790,78.0
491,250,-34.0
491,1356,-78.0
491,2108,-92.0
491,4661,176.0
492,2101,-18.0
492,4330,-24.0
493,323,-174.0
493,829,150.0
493,1051,-36.0
493,1097,-54.0
493,4419,46.0
493,4755,-124.0
493,4957,164.0
494,1725,-154.0
494,2189,-194.0
494,3299,-138.0
494,3519,4.0
494,3720,74.0
494,4707,-34.0
495,461,-104.0
495,2821,-160.0
495,2907,-58.0
496,63,106.0
496,2610,10.0
496,3688,152.0
496,3805,-160.0
497,1210,-108.0
497,1753,84.0
497,2581,128.0
497,2870,6.0
497,4336,148.0
498,266,184.0
498,378,70.0
498,805,10.0
498,1469,-38.0
498,1655,-82.0
498,1972,162.0
498,2625,-2.0
498,2877,-122.0
498,3851,172.0
498,4527,-14.0
499,2565,-60.0
499,2900,174.0
499,2918,186.0
499,3635,-168.0
499,4967,-158.0
500,942,-30.0
500,2676,-22.0
500,3546,80.0
500,4047,28.0
501,1397,-44.0
501,2483,114.0
501,2677,196.0
501,2777,110.0
501,3693,-154.0
501,4201,-32.0
501,4292,-136.0
502,2276,170.0
502,3405,-184.0
502,3467,-72.0
503,2324,-16.0
503,2965,56.0
503,4428,134.0
503,4515,-170.0
504,4055,156.0
504,4834,62.0
505,580,-194.0
505,1267,86.0
505,1587,-158.0
505,2368,-114.0
505,4354,-12.0
505,4911,56.0
506,520,46.0
506,3175,-40.0
506,3479,-44.0
506,4639,-170.0
506,4644,14.0
507,1409,4.0
507,1997,86.0
507,2930,106.0
507,4863,176.0
508,220,-26.0
508,1464,128.0
508,3312,94.0
508,4190,28.0
509,681,-156.0
509,747,-80.0
509,1256,-196.0
509,2016,48.0
509,3262,-174.0
509,3572,-198.0
509,4011,166.0
510,1299,100.0
510,3779,-14.0
510,4424,-64.0
511,513,-198.0
511,741,-166.0
511,933,-88.0
511,1969,-82.0
511,3700,184.0
511,3961,-26.0
512,3848,-192.0
512,3905,-134.0
512,4089,-102.0
513,1857,-128.0
513,3770,-186.0
513,4336,-142.0
514,560,16.0
514,1420,-130.0
514,1991,6.0
514,2201,-12.0
514,2490,34.0
515,1693,-94.0
515,1983,-70.0
515,2337,64.0
515,2586,180.0
515,3052,78.0
515,3302,-60.0
515,3619,-66.0
515,4907,184.0
516,1367,-154.0
516,1523,-94.0
516,2387,-154.0
516,3179,-4.0
516,3463,-20.0
516,4854,-162.0
517,1204,-92.0
517,1281,-198.0
517,2072,-154.0
517,2683,74.0
517,3076,-54.0
518,39,-166.0
518,1451,158.0
518,2723,188.0
518,3799,90.0
518,3977,-170.0
518,4796,-178.0
519,250,-42.0
519,556,68.0
519,657,-140.0
519,2204,70.0
520,516,-112.0
520,1270,-142.0
520,1621,-130.0
520,1779,104.0
520,2789,-60.0
520,3079,-194.0
521,1057,180.0
521,1762,-20.0
521,2195,-150.0
521,3876,-178.0
521,4645,-92.0
522,756,-90.0
522,1484,12.0
522,3291,-150.0
522,3927,92.0
522,4190,-18.0
522,4638,-148.0
523,271,-166.0
523,603,186.0
523,989,64.0
523,1390,14.0
523,2033,52.0
523,2907,-100.0
523,4990,138.0
524,1561,134.0
524,1853,-166.0
524,2501,-68.0
524,4227,34.0
525,351,-86.0
525,1141,-24.0
525,1300,116.0
525,1539,-106.0
525,2119,100.0
525,3045,-170.0
526,1117,66.0
526,1953,90.0
526,2079,-8.0
526,3257,76.0
526,3506,66.0
526,4471,-30.0
527,1532,-36.0
527,2159,94.0
527,2223,86.0
527,2705,190.0
527,3294,190.0
527,3341,-156.0
527,3482,156.0
527,3646,-164.0
527,4474,174.0
528,1738,164.0
528,1820,-100.0
528,2270,50.0
528,2415,132.0
528,2984,166.0
528,3000,-28.0
528,3283,8.0
528,3914,-190.0
529,122,-196.0
529,1359,-62.0
529,1814,86.0
529,3079,150.0
529,3502,-134.0
529,4264,-6.0
530,1298,-120.0
530,1566,-190.0
530,1975,74.0
530,2144,-50.0
530,3477,-86.0
530,4383,192.0
530,4473,90.0
530,4721,-116.0
530,4750,-152.0
531,123,-122.0
531,3025,-132.0
531,3199,-98.0
531,3451,-84.0
531,3694,-102.0
531,4362,-32.0
531,4820,-88.0
531,4924,84.0
532,256,-32.0
532,845,2.0
532,2747,-20.0
532,3070,106.0
532,4687,24.0
532,4972,46.0
533,415,32.0
533,666,-184.0
533,2367,-2.0
534,1859,62.0
534,2108,20.0
535,2134,30.0
535,2971,178.0
535,4128,96.0
536,167,-84.0
536,1570,-102.0
536,2178,-170.0
536,3518,178.0
536,3658,92.0
536,4519,174.0
537,2420,94.0
537,3625,-182.0
537,3691,-16.0
537,4672,-6.0
537,4752,148.0
537,4754,198.0
538,1030,-58.0
538,2942,90.0
538,3018,86.0
539,3773,118.0
540,1038,-158.0
540,1689,26.0
540,1834,-14.0
540,2388,14.0
540,3764,-88.0
540,4026,-12.0
540,4299,-198.0
541,460,-68.0
541,908,36.0
541,985,-16.0
541,3346,-188.0
541,4827,-176.0
542,447,158.0
542,2113,66.0
542,3304,-88.0
542,3548,184.0
542,3613,108.0
542,3910,60.0
542,4334,70.0
543,188,-138.0
543,2779,-122.0
543,2803,-116.0
543,4365,-36.0
543,4576,44.0
543,4597,-78.0
544,211,96.0
544,3231,-162.0
545,411,-96.0
545,532,52.0
545,1807,-110.0
545,2787,172.0
545,3613,-88.0
545,4207,166.0
545,4825,-188.0
545,4863,110.0
546,734,-56.0
546,814,198.0
546,1289,-44.0
546,1463,-198.0
546,1686,94.0
546,2018,90.0
546,2231,-36.0
546,3472,138.0
546,3550,96.0
546,4691,34.0
547,1729,-158.0
547,1960,-14.0
547,2116,2.0
547,4042,-26.0
547,4271,60.0
547,4447,-104.0
548,1029,-190.0
548,1849,-32.0
548,2797,74.0
548,4312,154.0
549,1075,-96.0
549,1887,26.0
549,2914,34.0
549,3260,182.0
550,1676,184.0
550,3460,-90.0
550,4275,180.0
550,4541,-96.0
551,1595,90.0
551,4382,-88.0
552,556,-154.0
552,1250,196.0
552,1387,-180.0
552,2571,-100.0
552,4321,-184.0
553,51,184.0
553,247,-156.0
553,1460,-64.0
553,2159,-2.0
553,2213,94.0
553,4812,152.0
554,570,-172.0
554,1015,190.0
554,2164,136.0
554,4982,-146.0
555,670,198.0
555,1859,170.0
555,2143,-180.0
555,3027,-22.0
555,4470,174.0
556,616,34.0
556,1551,-130.0
556,2368,-160.0
556,2662,32.0
556,3014,-188.0
556,3577,16.0
556,3828,-84.0
557,317,-152.0
557,3046,120.0
557,3267,70.0
557,3482,-98.0
557,3585,-110.0
557,3670,136.0
557,4099,-154.0
558,446,196.0
558,1186,-78.0
558,1233,-168.0
558,2036,100.0
558,3366,74.0
558,4183,104.0
559,744,6.0
559,4010,196.0
559,4029,-40.0
560,434,-12.0
560,806,102.0
560,1398,114.0
560,1602,174.0
560,2492,120.0
560,2865,130.0
560,3016,-194.0
560,3283,18.0
560,3296,-136.0
561,208,-42.0
561,1531,150.0
561,2817,194.0
561,2942,114.0
561,3344,-2.0
561,3844,-184.0
561,4223,-46.0
561,4802,170.0
562,142,-56.0
562,496,46.0
562,499,-108.0
562,1273,-44.0
562,1989,170.0
562,2004,-64.0
562,2121,-8.0
562,2137,90.0
563,2244,120.0
563,2457,130.0
563,3819,-80.0
563,4657,-126.0
563,4994,124.0
564,144,-134.0
564,1509,-192.0
564,4745,-180.0
565,763,132.0
565,988,-54.0
565,1921,162.0
565,2898,-72.0
566,2205,24.0
566,2542,-94.0
566,3472,-146.0
566,3730,-106.0
566,4162,170.0
566,4416,-162.0
567,297,-32.0
567,1214,24.0
567,3346,118.0
567,3493,122.0
567,3622,166.0
568,2384,42.0
568,3628,50.0
568,4026,-194.0
568,4134,-144.0
568,4192,-198.0
568,4571,-116.0
568,4643,-74.0
568,4962,-40.0
569,229,-184.0
569,671,144.0
569,1288,156.0
569,2343,-126.0
569,3324,110.0
569,3339,26.0
570,151,-150.0
570,2602,-88.0
570,2972,28.0
570,4169,120.0
570,4279,-72.0
570,4463,34.0
571,746,144.0
571,2732,28.0
571,2749,-186.0
571,3506,154.0
571,3879,-102.0
571,4834,124.0
572,798,-124.0
572,2371,-118.0
572,2690,-64.0
572,3970,-76.0
572,4321,-76.0
572,4392,-50.0
572,4643,152.0
573,479,166.0
573,1396,-148.0
573,2042,122.0
573,2110,-142.0
573,4509,-74.0
573,4994,-54.0
574,4895,-40.0
575,585,-82.0
575,792,22.0
575,1319,164.0
575,2023,158.0
575,2282,-4.0
575,2622,128.0
575,2826,40.0
575,3187,-64.0
575,4345,-116.0
575,4357,166.0
575,4824,-134.0
576,1483,-130.0
576,1918,-160.0
576,2839,-76.0
576,3772,-58.0
576,3799,-26.0
576,4376,116.0
577,679,56.0
577,3055,-40.0
577,4168,78.0
578,1239,-8.0
578,3947,20.0
578,4109,44.0
578,4783,-164.0
579,686,34.0
579,1882,194.0
579,3288,-62.0
579,4935,198.0
580,3637,198.0
580,3845,-62.0
580,4925,22.0
581,388,-142.0
581,580,-154.0
581,3046,58.0
581,3191,-40.0
581,3821,58.0
581,3918,102.0
581,4218,186.0
582,369,-174.0
582,819,-12.0
582,1011,18.0
582,1837,-2.0
582,2052,-184.0
583,356,-82.0
583,1539,-130.0
583,1607,-18.0
583,1923,30.0
583,2151,-128.0
583,3161,168.0
584,667,156.0
584,766,128.0
584,1052,-154.0
584,1694,34.0
584,2725,-150.0
584,4588,-132.0
584,4862,92.0
584,4908,8.0
585,414,-34.0
585,1348,158.0
585,3600,114.0
585,4463,54.0
586,3281,-24.0
586,3572,-28.0
586,4152,-150.0
587,1115,148.0
587,1742,112.0
588,699,-26.0
588,2366,-168.0
588,3971,-2.0
589,851,-144.0
589,1290,-200.0
589,1458,-200.0
589,3556,182.0
589,3841,-26.0
589,4830,42.0
590,542,-104.0
590,1473,78.0
590,1603,-22.0
590,2223,190.0
590,2336,-80.0
590,2486,-198.0
590,3131,-118.0
591,2900,122.0
591,3258,100.0
591,4013,78.0
592,479,-44.0
592,809,-94.0
592,2196,-112.0
592,2492,118.0
592,3811,-198.0
592,4303,-4.0
592,4479,-96.0
593,369,-38.0
593,708,24.0
593,3191,122.0
593,3505,164.0
593,4062,-156.0
594,1673,-94.0
594,1884,-100.0
594,2554,-36.0
594,2743,-22.0
594,3230,-192.0
594,4447,52.0
594,4502,-142.0
595,391,8.0
595,2304,32.0
595,4855,88.0
595,4911,-82.0
595,4927,122.0
596,383,-126.0
596,1780,180.0
596,1932,4.0
596,2608,44.0
596,2660,-28.0
596,3457,-176.0
596,3691,-138.0
596,4843,40.0
597,1235,-94.0
597,1423,52.0
597,1667,90.0
597,1746,84.0
597,3257,140.0
597,3312,-120.0
597,3316,12.0
598,1404,106.0
598,2206,-188.0
598,2415,18.0
598,2844,-84.0
598,2975,-28.0
598,3103,-92.0
598,3707,62.0
598,4144,-94.0
598,4305,10.0
599,177,84.0
599,1572,-124.0
599,2415,-82.0
599,2947,-164.0
599,3500,-42.0
600,470,-2.0
600,603,-116.0
600,930,-78.0
600,1173,154.0
600,1245,74.0
600,1252,-22.0
600,2480,30.0
600,2875,108.0
600,3221,-192.0
600,3491,92.0
600,4990,-152.0
601,297,166.0
601,521,-66.0
601,1178,18.0
601,1252,72.0
601,1611,-122.0
601,2232,-168.0
601,2241,184.0
601,3271,190.0
601,3906,180.0
601,4781,144.0
602,1180,118.0
602,1570,140.0
602,1655,186.0
603,292,-132.0
603,1032,-116.0
603,1097,10.0
603,2765,164.0
603,4141,-74.0
603,4274,14.0
603,4703,-46.0
604,1269,126.0
604,2393,96.0
604,3121,84.0
604,3894,106.0
605,596,-46.0
605,693,176.0
605,2058,174.0
605,2381,-54.0
605,3517,162.0
605,4422,-186.0
605,4708,-144.0
606,697,-70.0
606,1480,-80.0
606,4149,-104.0
606,4703,82.0
606,4866,-94.0
606,4983,18.0
607,62,-194.0
607,349,-172.0
607,551,104.0
607,3487,-180.0
608,216,-182.0
608,957,144.0
608,1726,82.0
608,2158,90.0
608,2772,152.0
608,4325,44.0
609,954,-162.0
609,1418,-174.0
609,1646,-124.0
609,3293,-114.0
610,734,32.0
610,2383,-20.0
610,3819,-134.0
610,4108,96.0
610,4880,40.0
611,421,156.0
611,2496,194.0
611,2898,-90.0
611,3834,110.0
611,3917,168.0
611,4097,138.0
611,4803,50.0
612,960,20.0
612,1264,-34.0
612,2224,-176.0
612,3306,152.0
612,4435,-98.0
612,4590,-32.0
613,552,-170.0
613,1887,-160.0
613,2670,48.0
613,4696,-134.0
613,4745,-114.0
613,4804,-140.0
614,1201,114.0
614,1648,128.0
614,2990,80.0
614,3812,-194.0
614,4263,-148.0
614,4574,94.0
615,261,-42.0
615,300,-34.0
615,793,62.0
615,2234,34.0
615,2618,-44.0
615,3332,-96.0
615,4337,-38.0
616,1027,70.0
616,1149,-116.0
616,1453,154.0
616,2307,42.0
616,3684,110.0
616,3902,146.0
616,3958,118.0
616,4637,196.0
617,433,-96.0
617,478,10.0
617,1067,98.0
617,1243,144.0
617,1990,-156.0
617,2185,-70.0
617,2367,-64.0
617,2432,166.0
617,3082,90.0
618,163,-78.0
618,361,-156.0
618,3080,-118.0
618,3581,-182.0
619,2271,-138.0
619,3306,-74.0
619,3969,-56.0
620,207,16.0
620,1159,12.0
620,1184,-144.0
620,1317,-178.0
620,2927,-136.0
620,2934,-56.0
621,1689,162.0
621,3167,82.0
621,3893,58.0
621,4860,194.0
621,4922,126.0
622,1691,160.0
622,4711,-120.0
623,773,44.0
623,979,-108.0
623,1380,-44.0
623,2524,-14.0
623,4450,124.0
624,140,-166.0
624,3935,-14.0
624,4299,-34.0
625,3651,28.0
626,1190,152.0
626,1619,154.0
626,1713,134.0
626,3107,-52.0
626,3296,38.0
626,4793,140.0
627,3088,-10.0
627,3387,-60.0
628,1218,44.0
628,4676,108.0
629,791,-104.0
629,2389,-196.0
629,3317,-20.0
629,3405,-80.0
630,757,-50.0
630,3514,-34.0
630,3744,-28.0
630,4045,-100.0
631,1045,-8.0
631,1366,44.0
631,4494,-164.0
632,2446,104.0
632,3534,-22.0
632,3535,-18.0
632,4371,-118.0
633,85,86.0
633,2498,0.0
633,3196,-200.0
633,3325,92.0
634,839,8.0
634,3524,-86.0
634,3524,54.0
634,4207,-38.0
635,579,-12.0
635,1269,192.0
635,1797,-40.0
635,3920,156.0
635,4024,20.0
635,4074,168.0
636,968,-166.0
636,1935,40.0
636,2112,-36.0
637,428,150.0
637,742,166.0
637,1825,-48.0
637,1977,-194.0
637,4642,38.0
638,851,40.0
638,2780,66.0
638,3125,-194.0
638,3258,70.0
639,907,-200.0
639,2573,14.0
639,2747,-42.0
639,2847,-150.0
640,1648,60.0
640,1648,26.0
640,2037,8.0
640,2982,-194.0
640,3567,-118.0
640,4657,-16.0
641,663,-136.0
641,4543,4.0
642,1522,48.0
642,3149,130.0
642,3603,-56.0
643,1331,-46.0
643,1872,-24.0
643,2420,196.0
643,4922,78.0
644,539,76.0
644,1191,104.0
644,2895,-16.0
644,2949,-148.0
644,3512,-156.0
644,4468,166.0
644,4618,-174.0
645,540,-112.0
645,1801,76.0
645,3465,172.0
646,523,-110.0
646,1285,-88.0
646,1519,-44.0
646,1601,134.0
646,2203,186.0
646,2806,108.0
646,3772,38.0
647,285,164.0
647,601,34.0
647,2984,-84.0
647,3329,-24.0
648,595,136.0
648,1358,170.0
648,2700,-14.0
648,3335,-14.0
648,3419,-8.0
648,4237,-24.0
649,2859,156.0
649,3707,30.0
649,4886,-8.0
650,1535,68.0
650,1664,174.0
650,2205,-68.0
650,4327,184.0
650,4418,-112.0
651,367,-76.0
651,2455,192.0
651,2970,-130.0
651,4800,-42.0
652,1667,106.0
652,2222,54.0
652,2744,-94.0
652,2926,-72.0
653,654,-30.0
653,2007,-142.0
654,140,-156.0
654,3083,-190.0
655,228,-152.0
655,280,-124.0
655,1689,162.0
655,1813,46.0
655,3683,102.0
655,3693,98.0
656,2417,70.0
656,3205,50.0
656,3258,-76.0
657,79,-44.0
657,207,-124.0
657,991,-96.0
657,4612,-96.0
657,4681,114.0
657,4930,18.0
658,2306,172.0
658,2500,166.0
658,3995,-20.0
658,4874,-136.0
659,185,-64.0
659,2152,-158.0
659,2577,-184.0
659,3502,88.0
659,4695,140.0
659,4719,-188.0
659,4871,76.0
659,4951,-178.0
660,37,170.0
660,1550,-122.0
660,3075,-122.0
660,3360,50.0
660,3469,178.0
660,4005,106.0
660,4879,-30.0
661,105,12.0
661,524,-166.0
661,923,-96.0
661,1353,60.0
661,1474,-100.0
661,2199,-182.0
661,3433,-42.0
661,4311,180.0
662,1153,-118.0
662,1154,198.0
662,1191,-114.0
662,2017,146.0
662,2527,-40.0
662,3631,-92.0
662,3859,-50.0
662,4816,40.0
663,541,90.0
663,1357,-82.0
663,1657,68.0
663,3339,-16.0
663,4297,120.0
664,1347,194.0
664,1493,60.0
664,2604,-138.0
664,3351,-190.0
664,3418,-146.0
664,4182,-94.0
665,2360,-128.0
666,1248,-4.0
666,2132,84.0
666,2311,-98.0
666,2544,-192.0
667,636,0.0
667,1153,120.0
667,2525,-190.0
667,2551,-176.0
667,3022,-38.0
667,4189,6.0
668,200,40.0
668,465,146.0
668,997,-200.0
668,2915,-140.0
668,4006,40.0
668,4069,-192.0
668,4345,194.0
669,187,6.0
669,3222,180.0
670,155,78.0
670,333,-132.0
670,1144,-50.0
670,3171,-192.0
670,3339,-100.0
670,4304,160.0
670,4735,-10.0
671,931,58.0
671,1670,98.0
671,3059,-10.0
672,133,90.0
672,928,112.0
672,1081,70.0
672,1294,16.0
672,1824,108.0
672,1918,-38.0
672,2519,-162.0
672,4610,110.0
672,4863,12.0
673,474,8.0
673,752,140.0
673,2513,82.0
673,3395,-2.0
673,3688,10.0
673,3973,162.0
674,1534,-90.0
674,1541,68.0
674,3448,-100.0
674,4524,-176.0
675,1751,164.0
675,2077,-12.0
675,2831,-136.0
676,1585,128.0
676,2019,154.0
676,2174,-174.0
676,2341,-22.0
676,3236,-94.0
676,4663,-156.0
677,360,-26.0
677,614,-150.0
677,1822,48.0
677,4593,-160.0
678,1678,22.0
678,3435,80.0
678,4059,-162.0
679,126,198.0
679,264,-56.0
679,610,102.0
679,4026,162.0
680,48,64.0
680,535,-106.0
680,2385,-48.0
680,2868,126.0
680,3252,-54.0
680,4383,-82.0
681,1508,-50.0
681,1757,44.0
681,2623,138.0
681,3097,-196.0
681,3352,-74.0
681,4706,-156.0
682,1689,8.0
682,2573,190.0
682,2880,194.0
683,2558,-138.0
683,3402,2.0
683,3451,44.0
684,67,186.0
684,825,134.0
684,1037,98.0
684,1840,-84.0
684,2219,24.0
684,4677,-150.0
685,1077,158.0
685,2119,-152.0
685,2716,90.0
685,3778,-6.0
685,4260,-190.0
685,4506,-56.0
685,4726,-184.0
686,638,58.0
686,2598,4.0
686,3737,-152.0
686,3782,-200.0
687,561,82.0
687,650,94.0
687,1578,-148.0
687,2415,-2.0
687,2933,-136.0
688,760,-86.0
688,1368,110.0
688,1569,-190.0
688,3407,196.0
688,4074,-32.0
688,4215,-182.0
688,4630,-158.0
688,4826,130.0
689,616,86.0
689,2576,-170.0
689,4400,14.0
689,4497,146.0
690,353,-50.0
690,931,168.0
690,1214,92.0
690,2014,-40.0
690,2187,-20.0
690,3534,174.0
690,4671,-20.0
691,1207,96.0
691,1446,60.0
691,1922,88.0
691,4201,-24.0
691,4239,-38.0
692,186,150.0
692,305,142.0
692,2853,-82.0
693,1647,4.0
693,2386,-188.0
693,3295,172.0
693,3518,64.0
694,99,86.0
694,108,28.0
694,233,-42.0
694,798,-32.0
694,1076,150.0
694,1966,132.0
694,2626,-16.0
694,2690,80.0
694,3693,-8.0
695,3420,-146.0
695,4389,-136.0
696,708,170.0
696,1389,168.0
696,1659,58.0
696,4939,100.0
697,1039,-82.0
697,3475,88.0
698,144,-126.0
698,4721,106.0
699,614,-126.0
699,1471,-50.0
699,2092,76.0
699,2436,92.0
699,2445,-72.0
699,2936,-8.0
699,3167,-74.0
700,23,-26.0
700,638,138.0
700,4888,156.0
700,4917,-12.0
701,247,-104.0
701,584,178.0
701,1191,94.0
701,1655,142.0
702,1782,-98.0
702,3367,172.0
702,4515,-174.0
702,4728,198.0
702,4737,156.0
702,4883,56.0
702,4940,58.0
703,1636,-84.0
703,2414,62.0
703,2439,60.0
703,2573,-134.0
703,3262,-132.0
703,3528,-48.0
704,107,30.0
704,231,-104.0
704,259,-22.0
704,783,-6.0
704,1230,154.0
704,1336,-14.0
704,1686,74.0
704,3235,154.0
704,4568,-98.0
704,4946,-30.0
705,282,-150.0
705,2230,8.0
705,3553,160.0
705,4034,96.0
705,4897,146.0
706,3200,-110.0
706,3818,158.0
707,1923,-128.0
707,4138,174.0
708,170,-122.0
708,1024,-136.0
708,2244,-126.0
708,2834,-114.0
708,2911,-8.0
708,4806,-134.0
709,685,90.0
709,4630,-98.0
710,737,-146.0
710,961,84.0
710,1083,-172.0
710,1083,140.0
710,4722,-72.0
711,572,170.0
711,2583,-174.0
711,3793,-124.0
712,2099,130.0
712,2191,62.0
712,3069,-116.0
712,3269,-48.0
712,4072,190.0
712,4742,-44.0
713,1327,94.0
713,2832,180.0
713,2976,-52.0
713,3220,-138.0
713,3588,0.0
714,1620,-6.0
714,1753,2.0
714,2028,68.0
714,3713,-138.0
714,3828,-158.0
714,4974,40.0
715,776,106.0
715,2293,74.0
715,2402,-92.0
715,2538,-110.0
715,3022,-2.0
715,3513,80.0
715,3753,150.0
716,66,-120.0
716,1611,48.0
716,2440,-74.0
716,3578,-128.0
716,3728,114.0
717,118,152.0
717,995,-98.0
717,2874,148.0
717,2935,192.0
717,3160,-126.0
717,3486,64.0
718,672,24.0
718,1147,-112.0
718,2003,-78.0
718,2032,80.0
718,3280,96.0
718,4177,-36.0
718,4622,64.0
718,4878,158.0
719,941,-126.0
719,2699,-32.0
720,46,160.0
720,610,58.0
720,708,66.0
720,1047,-124.0
720,3257,-120.0
720,3574,174.0
720,4065,6.0
720,4170,162.0
721,425,-176.0
721,1547,188.0
721,4190,-40.0
722,168,-52.0
722,2120,-28.0
722,2249,108.0
722,2714,-180.0
722,2772,-116.0
722,3823,-188.0
722,4622,0.0
723,475,192.0
723,1648,80.0
723,2872,-66.0
723,4028,-184.0
723,4258,164.0
723,4394,16.0
723,4820,8.0
723,4821,-34.0
724,1923,176.0
724,3158,130.0
724,3874,-94.0
724,4419,198.0
724,4596,-62.0
724,4629,16.0
724,4642,-192.0
724,4649,100.0
725,753,122.0
725,2414,-122.0
725,4698,-44.0
726,2504,-90.0
726,3350,-196.0
726,4104,186.0
727,228,44.0
727,2056,132.0
727,2389,-120.0
727,2921,-12.0
727,3146,-150.0
727,3162,-156.0
727,4799,-44.0
728,1282,-152.0
728,2487,40.0
728,3903,-130.0
728,4927,132.0
729,449,148.0
729,725,170.0
729,3859,-48.0
729,3974,112.0
730,1696,-94.0
730,1774,186.0
730,2493,-158.0
730,3189,130.0
731,335,112.0
731,1468,-136.0
731,2797,-184.0
731,4549,-194.0
732,465,168.0
732,1287,136.0
732,2720,-126.0
732,3656,168.0
732,4522,-198.0
733,487,-50.0
733,529,34.0
733,703,138.0
733,1139,-100.0
733,1170,88.0
733,3349,110.0
733,3556,-124.0
733,4757,-138.0
735,1235,-140.0
735,1249,-28.0
735,2137,136.0
735,4691,-42.0
736,682,-136.0
736,4795,66.0
737,3861,-72.0
738,77,76.0
738,1473,-50.0
738,2613,194.0
739,2288,-48.0
739,3157,130.0
740,1077,100.0
740,3024,128.0
740,3330,58.0
741,1973,56.0
741,3399,-2.0
741,4308,-102.0
741,4648,-92.0
741,4837,14.0
742,981,-70.0
742,1596,88.0
742,3148,-6.0
742,3281,-38.0
742,4672,-184.0
742,4979,54.0
743,1655,-8.0
743,4524,130.0
744,257,-8.0
744,334,128.0
744,2953,146.0
744,4010,128.0
744,4232,138.0
744,4943,-6.0
745,2579,160.0
745,3690,28.0
745,4374,16.0
745,4461,16.0
746,522,14.0
746,1777,72.0
746,2384,16.0
746,3834,118.0
747,1853,-134.0
747,2941,50.0
747,3088,-150.0
747,3166,88.0
747,3263,-90.0
747,4938,196.0
748,258,58.0
748,1305,-30.0
748,4723,112.0
749,259,22.0
749,2470,4.0
749,3419,58.0
749,4612,98.0
750,1716,-36.0
750,2138,-196.0
750,2574,-124.0
750,2819,-82.0
750,4476,-36.0
750,4505,180.0
751,2372,-60.0
751,3155,16.0
752,3440,-12.0
752,4481,136.0
753,642,166.0
753,4881,40.0
754,236,-168.0
754,358,-164.0
754,1511,-178.0
754,2598,-82.0
754,2840,-78.0
754,3357,38.0
754,3724,-162.0
754,4207,26.0
754,4498,100.0
754,4508,-176.0
755,1731,16.0
755,1957,-130.0
755,3062,144.0
755,3344,-36.0
755,4628,162.0
755,4693,-46.0
756,1236,-162.0
756,1376,-76.0
756,2054,122.0
756,2067,124.0
756,2370,-150.0
756,3486,174.0
756,4546,156.0
757,522,-188.0
757,804,-14.0
757,1186,46.0
757,1311,116.0
757,2024,-188.0
758,852,-44.0
758,2130,58.0
758,3020,34.0
758,3442,158.0
758,3671,-170.0
758,3993,-158.0
758,4168,-124.0
758,4342,-36.0
759,2259,78.0
759,3343,-102.0
760,413,-82.0
760,442,90.0
760,1106,198.0
760,2314,-6.0
760,2524,174.0
760,2538,174.0
760,2684,112.0
761,1400,66.0
761,1629,-26.0
761,2424,98.0
761,3545,102.0
761,4069,138.0
761,4279,76.0
762,576,-76.0
762,758,198.0
762,1836,-72.0
762,2154,-38.0
762,2912,126.0
762,3809,-170.0
762,4467,130.0
762,4702,-152.0
762,4781,-192.0
763,808,-134.0
763,946,-38.0
763,1716,126.0
763,2482,118.0
763,4024,188.0
764,970,-22.0
764,2212,-158.0
764,2419,124.0
764,3289,84.0
764,3466,-130.0
764,4894,-182.0
765,2737,-116.0
765,4311,-196.0
765,4603,194.0
765,4907,108.0
766,87,170.0
766,2515,132.0
767,1433,-198.0
767,2155,180.0
767,2447,70.0
767,2735,-88.0
768,1352,30.0
768,2041,-182.0
768,2097,-150.0
768,3645,140.0
768,3899,-198.0
769,91,132.0
769,1530,-176.0
769,3282,-10.0
769,4376,-168.0
770,406,114.0
770,832,6.0
770,915,36.0
770,1182,-32.0
770,1869,-100.0
770,2489,22.0
770,3857,64.0
770,4015,140.0
771,258,-38.0
771,816,118.0
771,1009,-196.0
771,2464,142.0
771,3725,-58.0
771,3975,110.0
772,1177,-36.0
772,3248,150.0
772,3488,172.0
772,4122,162.0
772,4824,120.0
773,108,8.0
773,1357,-160.0
773,1454,50.0
773,1770,80.0
773,3483,174.0
774,2115,184.0
774,2652,-96.0
774,3054,156.0
774,3096,36.0
774,4612,110.0
775,1262,-106.0
775,1342,72.0
775,2069,166.0
775,2363,-160.0
775,2412,26.0
775,2666,196.0
775,4652,80.0
776,1327,138.0
776,1606,-86.0
776,1922,-110.0
776,2162,-118.0
776,3342,134.0
776,3562,170.0
776,4490,184.0
777,875,68.0
777,1036,-162.0
777,1138,-176.0
777,3894,96.0
778,1623,-40.0
778,2648,134.0
778,3942,18.0
779,675,162.0
779,913,-198.0
779,3098,-136.0
779,3823,-18.0
779,4954,-178.0
780,2024,-48.0
780,4270,114.0
780,4510,-54.0
781,1428,16.0
781,2845,-62.0
781,4117,56.0
782,2173,-102.0
782,2314,-20.0
782,2446,94.0
782,2484,18.0
782,4782,-192.0
783,405,198.0
783,1125,-142.0
783,1471,-110.0
783,2589,-138.0
783,2896,0.0
783,3122,-174.0
783,3231,-82.0
783,3355,26.0
783,4987,182.0
784,641,62.0
784,2042,-64.0
784,2852,-166.0
784,3874,-14.0
785,587,152.0
785,740,20.0
785,1390,164.0
785,1494,112.0
785,2646,-142.0
785,3943,106.0
786,694,158.0
786,2005,-180.0
786,3784,-160.0
786,3924,-88.0
786,3928,-180.0
786,4011,-60.0
786,4445,-198.0
787,1062,-80.0
787,3174,72.0
787,3425,-66.0
787,4417,-94.0
787,4549,162.0
788,2843,-4.0
788,3156,-178.0
788,3950,-196.0
788,4187,104.0
788,4436,-30.0
788,4695,-194.0
789,1622,-120.0
789,1655,-194.0
789,1858,-122.0
789,2782,88.0
789,3978,-194.0
789,3992,72.0
790,269,120.0
790,850,-180.0
790,2187,-22.0
790,3628,150.0
790,4559,-116.0
791,2095,-176.0
791,2516,-120.0
791,4277,-64.0
792,518,8.0
792,1533,-88.0
792,1541,32.0
792,1798,172.0
792,1881,-42.0
792,3762,-150.0
792,4764,164.0
792,4843,-168.0
793,271,174.0
793,1358,-180.0
793,1467,112.0
793,3200,-26.0
793,4388,182.0
793,4683,82.0
794,621,132.0
794,1148,-52.0
794,2836,22.0
794,3162,102.0
794,4333,-182.0
794,4987,-112.0
795,596,40.0
795,1452,16.0
795,3066,80.0
795,3464,180.0
795,4184,-12.0
796,686,-176.0
796,1616,-74.0
796,3792,110.0
797,421,68.0
797,1010,8.0
797,1394,124.0
797,2398,34.0
797,2756,-80.0
797,4435,-6.0
797,4898,74.0
798,764,-130.0
798,1094,-42.0
798,2319,-126.0
798,3151,-186.0
798,3212,-182.0
798,3519,-112.0
798,3942,10.0
798,3961,114.0
798,4392,156.0
798,4575,-74.0
799,779,-62.0
799,2863,90.0
799,3063,-114.0
799,3774,50.0
799,3982,-108.0
799,4192,-122.0
800,1929,160.0
800,2257,-18.0
800,2992,-72.0
801,561,-92.0
801,581,140.0
801,1756,-86.0
801,2080,-58.0
801,3601,-156.0
801,4734,-16.0
802,304,-18.0
803,1956,-156.0
803,2074,32.0
803,2089,20.0
803,2148,70.0
803,2860,-58.0
803,4130,116.0
804,1062,-84.0
804,1318,-68.0
804,1893,184.0
804,2353,136.0
804,2510,100.0
804,2887,48.0
804,2926,-176.0
804,4952,72.0
805,1395,180.0
805,1475,-118.0
805,1504,-34.0
805,1573,-86.0
805,2447,-22.0
805,3705,36.0
805,4081,-10.0
805,4120,190.0
805,4469,56.0
806,333,46.0
806,908,2.0
806,4343,-40.0
806,4436,-16.0
806,4980,10.0
807,73,-190.0
807,483,-186.0
807,1877,-126.0
807,2247,-152.0
807,2296,86.0
807,2525,106.0
807,2660,120.0
807,3650,74.0
807,4871,86.0
808,1671,-64.0
808,2465,-104.0
808,2692,-134.0
808,3087,-190.0
809,2825,192.0
809,3575,-164.0
810,6,126.0
810,343,32.0
810,612,-116.0
810,923,-128.0
810,3252,90.0
810,4313,-156.0
811,216,60.0
811,3657,196.0
811,3672,164.0
812,1980,138.0
812,4054,22.0
813,1124,-132.0
813,3750,-148.0
814,64,-62.0
814,420,114.0
814,623,116.0
814,1063,-42.0
814,2036,14.0
814,4226,176.0
814,4697,-10.0
815,589,108.0
815,1308,-54.0
815,1713,-200.0
815,2424,-32.0
815,3056,32.0
815,3262,42.0
816,904,120.0
816,2774,106.0
816,3205,26.0
816,3233,-42.0
816,3567,100.0
816,3903,-10.0
816,3948,-184.0
816,4548,142.0
816,4890,-182.0
817,1814,58.0
817,3572,38.0
817,4622,76.0
818,1156,-70.0
818,2161,154.0
818,4302,184.0
819,127,-176.0
819,354,82.0
819,388,-4.0
819,2809,-174.0
819,3251,104.0
819,4546,68.0
819,4743,154.0
820,1012,-192.0
820,1360,70.0
820,1782,-24.0
820,3276,60.0
820,4085,6.0
821,2232,4.0
821,2574,128.0
821,3729,66.0
821,4080,122.0
821,4261,8.0
822,159,64.0
822,575,182.0
822,2553,-36.0
822,4600,-188.0
823,922,50.0
823,1015,-6.0
823,2249,142.0
823,2434,-58.0
823,3095,-186.0
823,3649,-200.0
823,3969,-26.0
824,618,-160.0
824,742,26.0
824,1108,-172.0
824,1688,80.0
824,4946,160.0
825,474,40.0
825,1148,124.0
825,1526,-34.0
825,1656,80.0
825,1932,-114.0
826,161,-146.0
826,287,148.0
826,719,80.0
826,1287,-126.0
826,1393,-22.0
826,2228,82.0
826,2635,70.0
826,4113,-42.0
826,4236,-20.0
827,1985,50.0
827,2138,-182.0
827,2571,102.0
827,2704,-138.0
827,2975,78.0
827,4060,6.0
828,1656,30.0
828,1720,46.0
828,1857,96.0
828,2424,96.0
828,3107,-74.0
828,3574,-94.0
828,4344,56.0
829,3239,46.0
829,4782,-166.0
830,152,40.0
830,537,140.0
830,2277,64.0
830,4160,6.0
831,1308,-52.0
831,2808,-138.0
831,3641,-132.0
831,3674,66.0
831,3771,128.0
831,4681,-52.0
832,120,-146.0
832,262,16.0
832,2003,-198.0
832,2725,-42.0
832,3113,186.0
833,34,46.0
833,76,-2.0
833,1838,-54.0
833,1916,-92.0
833,2320,-152.0
833,2505,-112.0
833,3915,44.0
834,1042,6.0
834,2232,112.0
834,3265,152.0
835,919,166.0
835,1329,86.0
835,1395,-142.0
835,1778,54.0
835,3656,-170.0
836,1158,-126.0
836,1496,-20.0
836,2281,158.0
836,3079,80.0
836,3087,168.0
837,441,-110.0
837,945,-130.0
837,2578,176.0
837,4269,118.0
837,4927,-70.0
838,107,-28.0
838,561,122.0
838,2456,28.0
838,3609,-144.0
838,4748,122.0
839,265,164.0
839,1318,-88.0
839,1621,188.0
839,2153,114.0
839,2591,-130.0
839,3762,-58.0
840,3209,136.0
840,3770,-32.0
840,3998,-166.0
841,922,138.0
841,1625,54.0
841,2125,160.0
841,2560,18.0
841,2863,26.0
841,4366,-198.0
842,361,2.0
842,684,-66.0
842,1905,144.0
842,4937,30.0
843,361,-186.0
843,2622,118.0
843,3043,142.0
843,4168,-28.0
843,4999,-16.0
844,892,178.0
844,2235,172.0
844,3751,-198.0
845,1561,-182.0
845,2893,-162.0
845,2995,-180.0
845,4209,138.0
846,32,144.0
846,1158,122.0
846,1666,-46.0
846,3483,164.0
846,3924,-136.0
846,4573,-28.0
846,4834,166.0
847,1857,106.0
847,4451,-148.0
847,4780,-164.0
848,229,-158.0
848,2589,170.0
848,3141,-126.0
848,4013,92.0
848,4823,-104.0
849,1352,68.0
849,2223,40.0
849,3679,-112.0
849,4314,-14.0
850,2062,-32.0
850,2428,42.0
850,2816,38.0
850,2831,106.0
850,3186,-178.0
850,3811,190.0
851,748,-36.0
851,3967,46.0
851,4500,-84.0
852,1235,-54.0
852,2658,-194.0
852,3742,-20.0
852,4906,28.0
853,535,198.0
853,4355,28.0
854,994,-78.0
854,3049,32.0
854,4604,-18.0
855,92,30.0
855,1088,-162.0
855,1480,18.0
855,1753,-72.0
855,2832,-60.0
855,2911,112.0
856,418,-168.0
856,542,8.0
856,1086,166.0
856,1271,40.0
856,1503,-150.0
856,1536,-38.0
856,2671,134.0
856,2765,-12.0
856,2944,-68.0
857,1424,-38.0
857,2573,-32.0
857,4972,-74.0
858,753,-196.0
858,938,-56.0
858,1345,178.0
858,2305,68.0
858,4255,-118.0
859,844,-154.0
859,3477,-174.0
859,4407,-116.0
859,4444,146.0
860,613,-4.0
861,2848,-44.0
861,3388,-62.0
861,4079,194.0
861,4490,-166.0
862,889,-34.0
862,916,34.0
862,2561,-94.0
862,2602,-192.0
862,3650,186.0
862,4732,86.0
863,121,134.0
863,1285,92.0
863,2166,-114.0
863,2775,98.0
864,605,-160.0
864,1404,88.0
864,3617,-160.0
864,4338,-134.0
864,4475,-100.0
864,4827,-160.0
865,239,142.0
865,2677,-132.0
865,3314,14.0
865,4120,14.0
866,2207,-172.0
866,2516,100.0
866,3965,-58.0
866,4424,-72.0
866,4547,-112.0
867,351,126.0
868,280,-22.0
868,887,106.0
868,1024,142.0
868,3192,176.0
868,3893,-164.0
868,4070,-92.0
868,4350,178.0
869,3359,6.0
869,3685,-64.0
869,3731,-128.0
869,4700,140.0
870,70,-144.0
870,507,-58.0
870,1348,160.0
870,1828,-30.0
870,1989,-42.0
870,2375,14.0
870,4366,10.0
871,977,-36.0
871,1757,-6.0
871,1866,-38.0
871,2075,120.0
871,2306,40.0
871,2393,178.0
871,2724,-184.0
871,3046,86.0
871,3420,194.0
872,1715,-50.0
872,2285,-122.0
872,2950,-86.0
872,3660,64.0
872,4690,24.0
873,1013,-26.0
873,2695,-26.0
873,4950,-156.0
874,1113,-2.0
874,1846,-122.0
874,3652,72.0
874,4642,-114.0
874,4651,-78.0
875,1993,88.0
875,2273,-98.0
875,2964,-18.0
876,2685,-188.0
876,2986,48.0
876,3000,176.0
876,3440,-60.0
876,3726,68.0
877,1089,-88.0
877,3813,12.0
877,3855,74.0
878,513,76.0
878,818,18.0
878,1432,52.0
878,1576,10.0
878,2118,30.0
878,3257,148.0
878,3770,-36.0
878,4530,88.0
879,340,-186.0
879,1126,58.0
879,1710,162.0
880,2016,-14.0
880,3163,-60.0
880,3986,-12.0
881,695,-76.0
882,12,96.0
882,161,-82.0
882,1123,18.0
882,2530,-148.0
883,28,-190.0
883,47,-184.0
883,1110,194.0
883,1264,-138.0
883,1554,86.0
883,3179,128.0
883,4430,-152.0
883,4725,-142.0
883,4973,-38.0
884,133,144.0
884,1791,194.0
884,2395,156.0
884,2448,48.0
884,4054,4.0
885,772,-82.0
885,3096,-128.0
885,3851,136.0
885,4104,-148.0
885,4382,72.0
886,845,118.0
886,865,72.0
886,2742,52.0
886,2857,92.0
886,2871,118.0
886,3240,156.0
886,3592,-96.0
886,3626,-72.0
886,4466,-170.0
887,212,120.0
887,917,-24.0
887,1561,-186.0
887,2354,102.0
887,4139,60.0
887,4186,-156.0
887,4248,128.0
887,4842,-84.0
888,582,-28.0
888,2278,-22.0
888,2399,-44.0
888,2749,-200.0
888,4417,-8.0
889,690,76.0
889,1366,98.0
889,2706,74.0
889,2786,0.0
889,3251,18.0
889,3555,-60.0
889,3968,34.0
889,4678,-78.0
890,238,48.0
890,1098,74.0
890,1584,-126.0
890,1916,144.0
890,2139,-190.0
890,2203,-158.0
890,2803,58.0
890,2998,-200.0
890,4435,76.0
891,2626,-168.0
891,3729,-170.0
891,4206,-70.0
891,4708,84.0
892,231,-124.0
892,444,122.0
892,764,128.0
892,2573,16.0
892,3270,-8.0
892,4273,196.0
892,4580,-8.0
893,577,46.0
893,2353,-94.0
893,2837,-20.0
893,3481,120.0
893,4983,-192.0
894,2268,-74.0
894,2899,0.0
894,2953,-14.0
895,2092,42.0
895,2263,-30.0
895,3275,-184.0
895,3511,-28.0
895,4039,120.0
896,243,90.0
896,1263,84.0
896,1526,-84.0
896,1744,84.0
896,2980,172.0
897,1095,164.0
897,2465,-190.0
897,3726,32.0
897,4957,122.0
898,899,104.0
898,1846,-136.0
898,2746,42.0
898,2756,-28.0
898,2896,-90.0
898,3121,-126.0
898,3451,-106.0
898,3507,-152.0
898,3795,164.0
899,3460,2.0
899,3469,-62.0
900,29,-78.0
900,394,16.0
900,1560,90.0
900,2218,150.0
900,3095,18.0
901,1078,198.0
901,3351,190.0
901,4335,-192.0
901,4733,-174.0
902,839,148.0
902,1665,32.0
902,1903,-54.0
902,4831,182.0
903,816,132.0
903,2062,-142.0
903,2095,152.0
903,2941,122.0
904,242,140.0
904,1260,28.0
904,1839,-2.0
904,4319,-112.0
904,4642,194.0
904,4877,-66.0
905,1398,152.0
905,1414,158.0
905,1440,110.0
905,2363,-74.0
905,2871,-190.0
905,3592,82.0
905,4942,-40.0
906,220,-98.0
906,1242,160.0
906,2037,4.0
907,1712,80.0
907,1891,194.0
907,2450,170.0
907,3213,-70.0
907,3548,-170.0
907,3947,148.0
907,4211,52.0
908,300,-62.0
908,3645,14.0
908,4120,-198.0
909,20,100.0
909,122,-148.0
909,2274,22.0
910,421,60.0
910,842,68.0
910,2771,-132.0
910,2888,-158.0
910,4623,-162.0
910,4736,114.0
911,769,-8.0
911,2505,-100.0
911,2734,110.0
911,3666,-142.0
911,4559,-18.0
911,4632,172.0
912,3354,176.0
912,4059,180.0
913,491,-42.0
913,804,-30.0
913,1702,-94.0
913,2608,-60.0
913,3949,174.0
913,3956,-162.0
914,1105,-52.0
914,2070,-178.0
914,2618,-166.0
914,4003,-24.0
914,4652,82.0
914,4931,26.0
915,380,120.0
915,2381,-42.0
915,2676,-48.0
915,3821,154.0
915,4675,38.0
916,724,-120.0
916,896,114.0
916,902,-96.0
916,1710,-108.0
916,2079,-44.0
916,2490,22.0
916,2672,192.0
916,3666,44.0
917,759,30.0
917,1049,80.0
917,2265,178.0
917,2269,82.0
917,2506,-74.0
917,2814,-148.0
917,3207,72.0
917,4207,44.0
918,602,162.0
918,1295,-40.0
918,1430,190.0
918,3885,-30.0
918,3942,118.0
918,4190,20.0
918,4640,198.0
919,1806,8.0
919,1893,136.0
919,3994,102.0
919,4071,-90.0
919,4472,-146.0
919,4677,60.0
920,1026,156.0
920,1094,-26.0
920,1476,-112.0
920,2715,-158.0
920,4037,-194.0
920,4840,34.0
921,511,-94.0
921,519,182.0
921,1963,-86.0
921,2292,34.0
921,2749,58.0
921,2935,64.0
921,3775,-32.0
921,4293,38.0
922,318,-60.0
922,2398,-120.0
922,3799,-58.0
923,330,168.0
923,731,-174.0
923,984,150.0
923,1674,-58.0
923,2332,54.0
923,3451,-128.0
923,3548,110.0
923,3835,-190.0
923,4539,-178.0
924,1604,-136.0
924,1734,-74.0
924,2448,-72.0
924,2647,-172.0
924,4303,110.0
924,4847,50.0
925,1299,-200.0
925,2200,-42.0
925,2467,164.0
925,2527,-2.0
925,3980,150.0
925,4330,-74.0
925,4453,-162.0
925,4674,174.0
926,68,-16.0
926,257,166.0
926,2986,192.0
926,4284,78.0
927,621,26.0
927,990,-10.0
927,3554,-192.0
927,4569,-76.0
927,4861,-30.0
928,2567,52.0
928,4295,-14.0
929,1998,-18.0
929,2780,88.0
929,3247,84.0
930,24,60.0
930,159,186.0
930,1124,-56.0
930,2775,64.0
930,2959,-86.0
930,3846,-142.0
930,3957,54.0
930,4140,-98.0
931,251,-52.0
931,530,-180.0
931,1418,186.0
931,2652,-138.0
931,3600,188.0
932,1502,24.0
932,2338,-98.0
932,2636,182.0
932,3034,142.0
932,4507,-96.0
933,215,94.0
933,1984,56.0
933,4770,52.0
934,1737,-4.0
934,1786,96.0
934,2743,78.0
935,357,94.0
935,1099,-94.0
935,3921,-194.0
936,223,140.0
936,542,2.0
936,1216,180.0
936,1297,-164.0
936,1464,-82.0
936,3551,20.0
936,4662,58.0
937,2534,24.0
938,1427,-22.0
938,1824,-8.0
938,2535,22.0
939,268,-100.0
939,1749,190.0
939,2213,-186.0
939,2592,-182.0
939,2885,-28.0
939,4774,72.0
939,4846,-200.0
940,1201,114.0
940,2223,-38.0
940,2771,54.0
940,3463,48.0
940,3540,-146.0
940,3577,152.0
940,4973,-12.0
941,872,-58.0
942,444,-38.0
942,531,116.0
942,1108,-90.0
942,1298,160.0
942,2122,-92.0
942,2730,-126.0
942,4111,-174.0
942,4418,-88.0
942,4997,154.0
943,309,-158.0
943,2724,-50.0
943,3552,24.0
943,3727,78.0
943,4437,0.0
944,22,-52.0
944,1946,-142.0
944,2865,26.0
944,3820,120.0
944,4160,-28.0
944,4483,66.0
944,4706,40.0
945,92,-102.0
945,92,-72.0
945,469,192.0
945,2303,-96.0
945,2310,34.0
945,2555,-22.0
945,2745,-124.0
945,4833,40.0
946,1446,98.0
946,1836,142.0
946,2159,40.0
946,2572,-92.0
946,4541,2.0
947,291,-72.0
947,1546,186.0
947,1616,-72.0
947,1684,-106.0
947,1971,-42.0
947,2334,-100.0
947,3643,142.0
948,381,-98.0
948,715,198.0
948,1789,-170.0
948,1988,-128.0
948,2241,60.0
948,3177,84.0
948,3787,-112.0
948,3862,-56.0
948,4005,-56.0
948,4278,114.0
948,4732,108.0
949,302,182.0
949,478,-42.0
949,565,64.0
949,647,0.0
949,1027,32.0
949,2545,-166.0
949,2809,80.0
949,3811,80.0
949,4200,-18.0
949,4421,-14.0
950,1060,134.0
950,1402,198.0
950,2456,152.0
950,2471,-176.0
950,2521,-150.0
950,2675,-108.0
950,2940,-32.0
950,3593,-62.0
950,4121,174.0
950,4502,190.0
950,4598,-2.0
950,4727,84.0
951,1249,20.0
951,3024,-162.0
951,3615,-60.0
951,4677,84.0
952,304,-16.0
952,1131,-56.0
952,1144,192.0
952,1706,62.0
952,2721,-186.0
952,4478,84.0
953,1383,172.0
953,1592,94.0
953,1723,-2.0
953,1757,46.0
954,39,190.0
954,2000,190.0
954,2567,8.0
954,3180,86.0
954,3788,-122.0
954,4809,-64.0
955,1753,80.0
955,1863,156.0
955,2392,62.0
955,2988,-190.0
955,3087,168.0
955,3370,-72.0
955,3411,-78.0
955,3416,-12.0
955,4320,90.0
955,4949,162.0
956,77,-136.0
956,1068,22.0
956,4011,-12.0
957,174,64.0
957,304,-46.0
957,473,62.0
957,567,-180.0
957,963,-30.0
957,2053,156.0
957,2154,-54.0
957,3141,-118.0
957,3484,34.0
957,3987,-174.0
957,4633,112.0
958,1577,178.0
958,2043,136.0
958,2804,120.0
958,2825,-146.0
959,1632,-2.0
959,4136,76.0
959,4493,120.0
960,878,-112.0
960,1145,-88.0
960,2521,58.0
960,3523,-70.0
961,836,-36.0
962,940,98.0
962,3032,-148.0
962,4697,-46.0
963,320,156.0
963,377,-124.0
963,3902,-92.0
963,4822,-66.0
964,354,82.0
964,3433,-66.0
964,4028,-134.0
965,96,-82.0
965,266,-86.0
965,1969,-6.0
965,3458,30.0
965,3501,-114.0
965,3812,-92.0
965,4329,-168.0
966,418,160.0
966,2026,18.0
966,2318,-82.0
966,2324,-148.0
966,2374,168.0
966,2856,-42.0
966,3229,0.0
966,3504,-114.0
967,18,-72.0
967,325,-94.0
967,4343,162.0
967,4682,72.0
967,4734,52.0
968,1771,184.0
969,188,10.0
969,557,-142.0
969,828,178.0
969,1795,40.0
969,1885,-188.0
969,2165,-38.0
969,2660,-74.0
969,2704,-190.0
969,4116,-104.0
969,4150,168.0
970,600,170.0
970,1145,-46.0
970,1316,198.0
970,1404,132.0
970,2221,46.0
970,3484,-34.0
970,4954,174.0
971,1516,134.0
971,4422,178.0
972,1524,-180.0
973,637,158.0
973,857,92.0
973,1116,-100.0
973,3079,38.0
973,3286,-34.0
973,4248,90.0
973,4407,160.0
973,4740,32.0
974,241,-80.0
974,1667,106.0
974,2919,-24.0
974,3566,14.0
974,3920,-100.0
975,396,192.0
975,1139,-166.0
975,1150,0.0
975,1173,-84.0
975,1254,138.0
975,3968,136.0
975,3985,84.0
975,4684,116.0
976,112,-164.0
976,392,-122.0
976,633,60.0
976,1278,-56.0
976,1828,66.0
976,2655,-150.0
976,3326,-138.0
976,3375,-184.0
976,3506,120.0
976,4591,-132.0
977,509,-16.0
977,752,-144.0
977,2456,108.0
977,2577,188.0
977,2821,164.0
977,3672,184.0
977,3904,-190.0
977,4554,-58.0
977,4684,-100.0
978,2435,-78.0
978,4282,148.0
979,2675,-30.0
979,2819,66.0
979,2903,112.0
980,700,112.0
980,1727,112.0
980,2978,-62.0
981,1224,130.0
981,3970,136.0
982,270,-96.0
982,812,-196.0
982,1513,-66.0
982,3033,-26.0
982,3392,-106.0
982,3478,-52.0
982,3501,28.0
982,4024,-112.0
982,4475,158.0
983,1181,-82.0
983,1965,32.0
983,3933,124.0
983,4293,198.0
983,4733,-190.0
984,730,-124.0
984,1135,124.0
984,1185,-44.0
984,1437,184.0
984,2897,-46.0
984,3378,-38.0
985,720,180.0
985,838,-172.0
985,845,6.0
985,1231,2.0
985,1937,-196.0
985,2725,-142.0
985,3065,-60.0
986,1118,-2.0
986,2456,80.0
986,4689,92.0
986,4722,166.0
986,4935,20.0
987,1958,-50.0
987,2925,-94.0
987,4419,-124.0
987,4602,-176.0
988,196,186.0
988,393,-126.0
988,503,18.0
988,755,-90.0
988,991,12.0
988,1479,-144.0
988,1620,-112.0
988,1623,40.0
988,2376,-182.0
988,2518,-178.0
988,3252,-144.0
988,3324,-164.0
988,3558,0.0
989,1,40.0
989,1904,144.0
989,2922,136.0
989,3869,176.0
989,3921,-38.0
989,4758,16.0
990,1717,-90.0
990,2630,136.0
990,4418,144.0
990,4528,-32.0
990,4882,68.0
991,666,-86.0
991,794,132.0
991,1276,-102.0
991,2156,-94.0
991,2485,48.0
991,3071,-108.0
991,3387,-176.0
991,3806,-102.0
991,4803,-38.0
991,4892,-64.0
992,1768,0.0
992,1782,164.0
992,1848,6.0
992,2471,-16.0
992,3844,172.0
992,4141,78.0
993,91,-88.0
993,977,110.0
993,2347,-92.0
993,3047,192.0
993,3080,176.0
993,3366,194.0
993,3529,-94.0
993,4433,186.0
993,4738,-82.0
994,868,54.0
995,890,72.0
995,2797,180.0
995,4510,14.0
995,4522,-162.0
996,1260,-110.0
996,1844,44.0
996,2833,-136.0
997,2008,154.0
998,1412,130.0
998,2959,52.0
998,2992,118.0
998,3034,-172.0
999,1597,-184.0
999,1815,142.0
999,2065,-2.0
999,2376,164.0
999,2763,34.0
999,2805,114.0
999,3028,54.0
999,3877,188.0
999,4846,-10.0
1000,196,30.0
1000,1800,-38.0
1000,2782,-28.0
1000,3652,-54.0
1000,4390,-34.0
1000,4735,52.0
1001,2336,128.0
1001,4549,-118.0
1002,2081,24.0
1002,3128,-34.0
1002,4222,180.0
1003,1925,156.0
1003,3060,130.0
1003,3552,72.0
1003,3943,162.0
1003,4818,150.0
1004,234,156.0
1004,712,182.0
1004,835,164.0
1004,2020,44.0
1004,4451,-110.0
1005,1721,162.0
1005,2681,184.0
1005,3101,-120.0
1005,3369,196.0
1005,3441,130.0
1005,3487,-142.0
1005,3679,-144.0
1005,4356,-144.0
1005,4879,138.0
1006,1421,16.0
1006,2163,10.0
1006,3752,-68.0
1006,4660,168.0
1007,1595,132.0
1007,3112,-52.0
1007,3318,-166.0
1008,1723,184.0
1008,1899,182.0
1008,2429,8.0
1008,2568,188.0
1008,3693,146.0
1009,2055,0.0
1009,2674,-124.0
1009,3475,146.0
1009,3532,16.0
1009,3585,-162.0
1009,4683,92.0
1010,403,38.0
1010,4692,-34.0
1010,4724,198.0
1011,308,16.0
1011,4291,-66.0
1012,127,28.0
1012,1677,-132.0
1012,3363,-44.0
1012,3463,164.0
1012,4371,138.0
1012,4585,22.0
1012,4751,-80.0
1013,1269,74.0
1013,3215,-94.0
1013,3797,126.0
1013,4554,166.0
1013,4661,-154.0
1014,240,110.0
1014,280,164.0
1014,2502,-100.0
1014,3005,-90.0
1014,4656,-114.0
1015,2332,-72.0
1015,2974,18.0
1015,3446,108.0
1015,4354,-198.0
1015,4463,-198.0
1015,4887,118.0
1016,725,106.0
1016,1556,182.0
1016,1618,-152.0
1016,1896,-74.0
1016,2901,-146.0
1016,3793,-84.0
1016,3921,-20.0
1017,1010,-86.0
1017,1136,78.0
1017,1467,-128.0
1017,1672,12.0
1017,1828,-62.0
1017,2282,82.0
1017,2535,40.0
1017,2654,-52.0
1017,4158,-114.0
1018,153,54.0
1018,165,90.0
1018,334,-18.0
1018,746,-148.0
1018,2543,-84.0
1018,4927,-22.0
1019,307,-50.0
1019,1424,10.0
1019,1762,152.0
1019,2840,-4.0
1019,3303,4.0
1019,3950,188.0
1020,881,104.0
1020,3103,-26.0
1020,3190,54.0
1020,3700,58.0
1020,4608,-146.0
1020,4695,-112.0
1021,336,50.0
1021,1570,148.0
1021,3218,50.0
1021,3557,134.0
1021,4037,-28.0
1021,4924,36.0
1022,2523,-54.0
1022,3032,-172.0
1022,3196,-64.0
1022,3743,-76.0
1023,94,-30.0
1023,121,-196.0
1023,999,48.0
1024,1559,-84.0
1024,1721,-170.0
1024,3605,86.0
1024,4180,42.0
1025,474,-84.0
1025,518,-22.0
1025,1399,-88.0
1025,3584,52.0
1025,3800,16.0
1025,4039,-62.0
1026,2814,34.0
1026,3443,166.0
1026,3467,-80.0
1026,3818,-100.0
1026,3912,68.0
1026,4243,118.0
1026,4926,-48.0
1027,131,118.0
1027,1084,174.0
1027,1519,-104.0
1027,3830,-128.0
1027,3877,188.0
1027,4295,-68.0
1028,1701,76.0
1028,1726,198.0
1028,2757,-28.0
1029,733,182.0
1029,2073,8.0
1029,2079,-68.0
1029,3399,-178.0
1029,3735,48.0
1030,344,-146.0
1030,534,-38.0
1030,1205,-6.0
1030,2321,-126.0
1030,2535,-154.0
1030,3963,196.0
1031,791,-134.0
1031,1685,144.0
1031,1775,-194.0
1031,3615,26.0
1032,666,136.0
1032,1244,-184.0
1032,1288,-8.0
1032,1829,-130.0
1032,2358,-200.0
1032,3470,46.0
1032,4936,146.0
1033,98,82.0
1033,1269,-86.0
1033,3591,-2.0
1033,3889,96.0
1034,612,2.0
1034,3431,8.0
1034,3617,-32.0
1034,3908,96.0
1035,4716,-142.0
1036,2328,58.0
1036,4328,-98.0
1036,4361,124.0
1037,599,-30.0
1037,3412,-52.0
1037,3782,130.0
1037,3861,-172.0
1037,4540,176.0
1037,4555,34.0
1037,4840,186.0
1037,4874,128.0
1038,1848,-92.0
1038,1931,-132.0
1038,2331,144.0
1038,2398,78.0
1038,2825,-84.0
1038,3261,-170.0
1038,3822,16.0
1038,4327,62.0
1038,4688,22.0
1038,4981,64.0
1039,1958,-110.0
1039,1962,12.0
1039,3660,56.0
1039,4137,166.0
1039,4262,8.0
1039,4818,-84.0
1040,1747,-166.0
1040,2694,106.0
1040,2960,-174.0
1040,3278,-158.0
1040,4351,-122.0
1041,34,56.0
1041,405,-176.0
1041,1197,168.0
1041,1354,46.0
1041,1575,134.0
1041,2276,-104.0
1041,3839,-124.0
1042,884,154.0
1042,1375,26.0
1042,2533,-174.0
1042,3198,-162.0
1042,4452,90.0
1043,855,110.0
1043,1518,66.0
1043,2088,-140.0
1043,3019,90.0
1043,3204,64.0
1043,4679,148.0
1044,2298,-106.0
1044,2573,-22.0
1044,2897,-114.0
1045,2470,22.0
1045,4357,-184.0
1045,4732,120.0
1046,308,134.0
1046,1124,38.0
1047,558,-64.0
1047,1225,-158.0
1047,1338,-72.0
1047,1403,-188.0
1047,2969,-4.0
1047,4875,-112.0
1048,31,104.0
1048,837,-26.0
1048,1178,172.0
1048,2851,-144.0
1049,425,-2.0
1049,1822,194.0
1050,307,76.0
1050,2357,16.0
1050,2962,-20.0
1050,4143,-142.0
1051,660,-50.0
1051,1777,0.0
1051,2024,10.0
1051,2752,-42.0
1051,4536,108.0
1051,4662,132.0
1052,719,-80.0
1052,1143,-110.0
1052,2999,-130.0
1052,3323,92.0
1053,195,-106.0
1053,237,22.0
1053,606,34.0
1053,1137,-22.0
1053,2753,-44.0
1053,3306,-160.0
1053,4345,-104.0
1054,1811,-50.0
1054,3922,0.0
1055,555,-152.0
1055,2821,-118.0
1055,3046,-66.0
1055,3268,-136.0
1055,3429,-62.0
1055,3709,58.0
1055,4123,62.0
1056,249,-142.0
1056,886,34.0
1056,2966,26.0
1056,4316,128.0
1056,4338,188.0
1057,2514,136.0
1057,4056,-76.0
1058,145,26.0
1058,1404,22.0
1058,2261,-124.0
1058,2379,106.0
1058,2581,-60.0
1059,532,-134.0
1059,816,194.0
1059,1538,52.0
1059,2128,182.0
1059,3187,78.0
1059,3274,146.0
1059,3497,-118.0
1059,3558,-200.0
1060,746,122.0
1060,1685,-130.0
1060,2200,-158.0
1060,2977,-100.0
1060,3792,-26.0
1060,3850,78.0
1060,4398,16.0
1061,724,-24.0
1062,858,-114.0
1063,234,-86.0
1063,3851,-50.0
1064,880,138.0
1064,1102,-158.0
1064,2750,164.0
1065,836,-92.0
1065,1147,10.0
1065,3135,-136.0
1065,4416,-168.0
1065,4429,138.0
1066,331,96.0
1066,435,20.0
1066,605,-112.0
1066,3479,64.0
1066,3577,-88.0
1067,1012,-150.0
1067,1990,-194.0
1067,2804,46.0
1067,3457,34.0
1067,4286,122.0
1068,59,4.0
1068,287,-60.0
1068,1423,98.0
1068,2095,-130.0
1068,2530,-138.0
1068,2538,8.0
1068,2746,-170.0
1068,2891,170.0
1069,216,-26.0
1069,1018,74.0
1069,1036,150.0
1069,1192,78.0
1069,4955,-22.0
1070,606,-132.0
1070,742,182.0
1070,2340,160.0
1070,3000,-106.0
1070,3893,-68.0
1070,4298,178.0
1070,4509,176.0
1070,4958,-10.0
1071,536,-154.0
1071,842,14.0
1071,1257,176.0
1071,1931,104.0
1071,2726,-108.0
1071,2978,138.0
1071,3022,10.0
1071,3145,52.0
1071,4361,-78.0
1071,4582,-106.0
1071,4958,-38.0
1072,1632,-142.0
1072,3042,152.0
1073,1386,38.0
1073,1587,170.0
1073,3338,62.0
1074,1087,-178.0
1074,1576,120.0
1074,2732,-54.0
1074,3791,190.0
1074,4100,-200.0
1074,4358,-22.0
1075,364,-190.0
1075,623,-154.0
1075,928,186.0
1075,1907,136.0
1075,1928,-190.0
1075,2207,-60.0
1075,2272,142.0
1075,3385,108.0
1075,3631,-192.0
1075,4778,188.0
1076,676,-134.0
1076,701,30.0
1076,1548,106.0
1076,1826,-106.0
1076,2236,-108.0
1076,2533,-108.0
1076,3690,-170.0
1076,4705,-78.0
1076,4869,-134.0
1077,401,-164.0
1077,1226,96.0
1077,1497,118.0
1077,2261,124.0
1077,3049,188.0
1077,3588,174.0
1077,4048,-24.0
1077,4221,184.0
1077,4565,-66.0
1078,591,126.0
1078,748,48.0
1078,1836,88.0
1078,2971,-168.0
1078,3362,162.0
1078,3657,180.0
1078,4431,-156.0
1079,3877,84.0
1079,4791,-184.0
1080,1170,-156.0
1080,1379,192.0
1080,1738,174.0
1080,2618,-156.0
1080,4310,192.0
1080,4700,-154.0
1081,391,-104.0
1081,989,-180.0
1081,1099,-66.0
1081,1704,-132.0
1081,1866,192.0
1081,3099,46.0
1082,705,6.0
1082,1361,-192.0
1082,2568,-170.0
1082,2582,-136.0
1082,2584,-116.0
1082,3023,-116.0
1083,576,44.0
1083,1416,20.0
1083,1947,90.0
1083,3030,-192.0
1083,3179,38.0
1083,3928,-182.0
1084,1496,-58.0
1084,1521,6.0
1084,2312,-12.0
1084,2418,130.0
1084,2992,74.0
1084,3124,2.0
1084,3924,96.0
1084,4028,94.0
1085,2408,190.0
1085,2933,-142.0
1085,3463,166.0
1086,245,178.0
1086,571,116.0
1086,3689,-156.0
1086,4369,-42.0
1086,4946,-108.0
1087,1947,-146.0
1087,2449,188.0
1087,4766,82.0
1088,2390,60.0
1089,43,178.0
1089,1442,54.0
1089,1709,-86.0
1089,2065,54.0
1089,2340,-100.0
1089,2414,-178.0
1089,4086,-92.0
1089,4984,-172.0
1090,260,170.0
1090,1987,-140.0
1090,3047,-38.0
1090,3497,-34.0
1090,4045,194.0
1090,4211,-46.0
1091,97,94.0
1091,767,-150.0
1091,838,-84.0
1092,2117,24.0
1092,2462,-114.0
1092,2679,-12.0
1092,2926,-64.0
1092,3468,62.0
1092,3801,176.0
1092,4207,52.0
1093,2695,-190.0
1094,308,102.0
1094,621,-154.0
1094,1541,138.0
1094,2432,-20.0
1094,4320,-26.0
1094,4417,164.0
1095,827,108.0
1095,1331,-22.0
1095,1678,-150.0
1095,4614,-76.0
1096,158,28.0
1096,1596,-58.0
1096,2490,-138.0
1097,1556,-50.0
1097,2076,-34.0
1097,2378,-174.0
1097,4342,34.0
1097,4462,-170.0
1097,4694,138.0
1098,3068,140.0
1099,221,188.0
1099,351,-8.0
1099,850,-168.0
1099,907,-110.0
1099,1552,182.0
1099,1580,6.0
1099,1840,62.0
1099,2241,6.0
1099,2470,-40.0
1099,2559,0.0
1099,2837,-128.0
1099,3689,-4.0
1099,4136,-78.0
1099,4267,-134.0
1100,2020,62.0
1100,3095,92.0
1100,3822,-138.0
1100,4626,82.0
1101,456,-108.0
1101,867,-130.0
1101,1803,-112.0
1101,2177,78.0
1101,2587,166.0
1101,2676,-60.0
1101,3503,116.0
1101,3882,126.0
1101,4737,136.0
1102,1239,40.0
1102,1653,90.0
1102,4153,-166.0
1102,4811,10.0
1103,114,106.0
1103,911,-188.0
1103,971,-76.0
1103,2232,192.0
1103,4177,110.0
1104,309,-128.0
1104,3879,108.0
1105,472,-192.0
1105,1225,70.0
1105,1968,44.0
1105,2234,122.0
1105,2547,150.0
1105,2619,110.0
1105,2945,-198.0
1106,1187,-88.0
1106,1404,-194.0
1106,3417,150.0
1106,3931,66.0
1106,4236,38.0
1106,4454,128.0
1106,4763,-24.0
1106,4859,-44.0
1107,1526,144.0
1107,1791,-58.0
1107,4528,196.0
1108,1104,-16.0
1108,1424,-200.0
1108,1908,164.0
1109,2792,90.0
1109,3305,-42.0
1110,2888,-174.0
1110,4418,154.0
1110,4459,-90.0
1110,4593,174.0
1110,4839,-84.0
1111,149,-60.0
1111,952,-22.0
1111,1064,-174.0
1111,3762,-152.0
1111,4596,-148.0
1112,751,-106.0
1112,4465,-182.0
1113,806,-76.0
1113,3029,-174.0
1113,3626,-12.0
1113,3722,0.0
1113,4040,48.0
1113,4217,-60.0
1114,111,-112.0
1114,2086,158.0
1115,859,-66.0
1115,2558,76.0
1116,755,-50.0
1116,779,-136.0
1116,1016,-26.0
1116,1895,42.0
1116,4221,14.0
1117,43,122.0
1117,104,-68.0
1117,273,118.0
1117,1591,-44.0
1117,1750,150.0
1117,2937,38.0
1117,3727,-128.0
1117,4730,116.0
1118,1397,-96.0
1118,2218,-186.0
1118,3469,34.0
1118,4331,78.0
1119,438,100.0
1119,592,148.0
1119,1717,-166.0
1119,3666,8.0
1120,1175,-36.0
1120,1243,134.0
1120,3351,-12.0
1121,122,80.0
1121,1465,14.0
1121,2393,-190.0
1121,2976,124.0
1121,4604,-86.0
1122,2740,-46.0
1122,4609,34.0
1122,4665,-56.0
1123,2782,-122.0
1123,3869,-130.0
1123,4176,176.0
1124,216,106.0
1124,2136,-32.0
1124,3377,90.0
1124,4361,134.0
1125,28,74.0
1125,423,-50.0
1125,436,-96.0
1125,926,-38.0
1125,1726,46.0
1125,2728,-174.0
1126,596,184.0
1126,2229,-96.0
1126,2520,156.0
1126,3187,-194.0
1126,3425,94.0
1126,4026,-32.0
1127,1959,134.0
1127,2862,60.0
1127,3043,22.0
1127,3250,-90.0
1127,4059,-186.0
1127,4495,-62.0
1128,433,116.0
1128,2037,-68.0
1128,2641,50.0
1128,2858,-158.0
1128,3359,144.0
1129,3170,-26.0
1129,3197,134.0
1129,3314,8.0
1129,3324,30.0
1130,363,-24.0
1130,948,52.0
1130,1092,166.0
1130,1162,100.0
1130,1294,196.0
1130,1826,-88.0
1130,2547,-62.0
1130,2603,-14.0
1130,3139,66.0
1130,3926,114.0
1131,288,52.0
1131,3124,152.0
1131,3719,-12.0
1131,4418,74.0
1131,4953,-200.0
1132,243,62.0
1132,1512,42.0
1132,2039,-58.0
1132,4117,34.0
1133,703,44.0
1133,733,-160.0
1133,2355,-56.0
1133,3215,0.0
1133,3383,-34.0
1133,3908,-164.0
1134,1029,170.0
1134,2167,82.0
1134,2755,64.0
1134,3801,-40.0
1135,514,-160.0
1135,584,-148.0
1135,1043,-152.0
1135,2709,50.0
1135,4003,-106.0
1135,4432,182.0
1135,4676,-160.0
1136,34,164.0
1136,515,158.0
1136,619,-194.0
1136,775,48.0
1136,792,190.0
1136,998,8.0
1136,1081,-160.0
1136,1543,60.0
1136,1928,138.0
1136,4711,-112.0
1137,233,62.0
1137,271,32.0
1137,900,-10.0
1137,2653,-52.0
1137,2654,78.0
1138,1844,52.0
1138,1894,152.0
1138,2475,52.0
1138,4978,134.0
1139,1239,-170.0
1139,1790,134.0
1139,1911,124.0
1139,3118,-42.0
1139,3765,-134.0
1139,4423,132.0
1140,165,-50.0
1140,4573,-184.0
1141,64,-60.0
1141,641,18.0
1141,2140,-60.0
1141,4258,-42.0
1141,4820,-94.0
1142,577,-52.0
1142,1437,112.0
1142,1777,-162.0
1142,2670,-178.0
1142,2888,-40.0
1142,3871,162.0
1142,4039,164.0
1143,1657,102.0
1143,3755,62.0
1143,4915,-196.0
1144,3308,-154.0
1144,3641,104.0
1144,3794,108.0
1144,3985,-70.0
1144,4324,176.0
1145,939,-34.0
1145,1460,144.0
1145,1882,-8.0
1145,2095,170.0
1146,103,-78.0
1146,551,6.0
1146,1620,-110.0
1146,2614,-26.0
1146,4315,-94.0
1146,4517,188.0
1147,560,-64.0
1147,1081,90.0
1147,4782,-92.0
1148,2612,-42.0
1148,3490,188.0
1149,631,-190.0
1149,2094,-184.0
1149,2841,168.0
1149,4979,86.0
1150,575,-198.0
1150,1118,-56.0
1150,2484,188.0
1150,2933,10.0
1151,1931,-132.0
1151,3457,-54.0
1151,3526,-72.0
1151,4538,-60.0
1152,1017,14.0
1152,1932,-74.0
1152,1995,-118.0
1152,2810,-106.0
1152,2944,164.0
1152,4115,-84.0
1152,4656,176.0
1153,1916,162.0
1153,2951,150.0
1153,3754,-152.0
1153,4609,-170.0
1154,3779,-114.0
1154,4945,-126.0
1155,860,16.0
1155,901,-192.0
1155,1062,2.0
1155,3170,-36.0
1155,4778,-40.0
1155,4786,178.0
1155,4965,-66.0
1156,1472,184.0
1156,2321,-164.0
1156,2511,-54.0
1156,3107,-184.0
1156,3119,16.0
1157,1204,-6.0
1157,2199,124.0
1157,2862,-134.0
1157,3348,56.0
1157,3490,66.0
1157,4920,58.0
1158,1232,-14.0
1158,2513,-126.0
1159,316,-58.0
1159,1393,-124.0
1159,1582,-84.0
1159,2044,-34.0
1159,3052,180.0
1160,715,-28.0
1160,2096,-172.0
1160,4000,-90.0
1160,4159,-40.0
1160,4510,-48.0
1160,4684,-20.0
1161,644,106.0
1161,1363,-180.0
1161,2946,-120.0
1161,3060,-142.0
1161,3287,-114.0
1161,4037,-150.0
1162,181,-92.0
1162,354,-186.0
1162,1109,-42.0
1162,1572,-118.0
1162,1834,78.0
1162,2164,128.0
1162,4503,-192.0
1162,4892,6.0
1163,543,-140.0
1163,876,180.0
1163,3307,140.0
1164,322,-186.0
1164,1287,-26.0
1164,3161,-90.0
1165,157,-132.0
1165,296,-146.0
1165,688,-148.0
1165,989,196.0
1165,1863,-96.0
1165,3850,166.0
1165,4445,50.0
1165,4475,-84.0
1166,1011,12.0
1166,1316,170.0
1166,2017,-72.0
1166,3352,-140.0
1166,4300,198.0
1166,4404,102.0
1166,4873,136.0
1167,2502,116.0
1167,2704,-92.0
1168,101,-148.0
1168,711,44.0
1168,956,104.0
1168,2277,-54.0
1168,3161,12.0
1168,3605,-88.0
1168,4709,4.0
1169,244,-178.0
1169,1406,58.0
1169,2794,24.0
1169,3125,102.0
1169,3794,182.0
1170,1172,-10.0
1170,1623,72.0
1170,2321,2.0
1170,2389,104.0
1170,3419,-98.0
1170,3835,-120.0
1170,4146,66.0
1170,4899,-82.0
1171,129,-66.0
1171,1002,36.0
1171,1226,-186.0
1172,30,6.0
1172,556,-52.0
1173,368,-30.0
1173,695,-168.0
1173,909,4.0
1173,1341,2.0
1174,1973,-196.0
1174,4028,-126.0
1174,4539,-68.0
1174,4672,-84.0
1175,1807,-84.0
1175,1818,-126.0
1175,3382,36.0
1176,3132,-92.0
1176,4027,14.0
1177,414,154.0
1177,1371,-4.0
1177,1738,-34.0
1177,2075,76.0
1177,2101,60.0
1177,4001,-42.0
1177,4215,40.0
1177,4262,190.0
1178,2223,-64.0
1178,2307,-162.0
1178,2688,-68.0
1178,2741,-110.0
1178,3975,16.0
1178,4906,-114.0
1179,2305,50.0
1179,2356,118.0
1179,2442,-76.0
1179,4689,136.0
1180,868,154.0
1180,969,160.0
1180,1137,172.0
1180,1611,-84.0
1180,3075,146.0
1180,3512,-176.0
1181,2496,90.0
1181,2742,194.0
1181,3286,120.0
1181,3294,106.0
1182,491,6.0
1182,1280,170.0
1182,1565,-26.0
1182,1943,-180.0
1182,3011,-10.0
1182,3675,100.0
1182,4340,-36.0
1183,1851,-26.0
1183,2355,158.0
1183,3653,28.0
1184,2364,-96.0
1184,2616,132.0
1184,2996,-70.0
1185,50,110.0
1185,51,194.0
1185,225,98.0
1185,729,-158.0
1185,856,-130.0
1185,1725,-196.0
1185,2247,158.0
1185,3422,96.0
1185,3797,2.0
1185,4593,-156.0
1186,183,194.0
1186,2813,-96.0
1186,3166,-18.0
1186,3868,94.0
1186,4060,26.0
1187,500,156.0
1187,953,-76.0
1187,2437,192.0
1187,2678,56.0
1187,3329,162.0
1187,3602,128.0
1187,4387,184.0
1187,4584,-160.0
1188,798,-118.0
1188,1934,-166.0
1188,2046,-126.0
1188,2934,168.0
1188,4214,-114.0
1188,4743,-134.0
1189,2180,176.0
1189,3488,-112.0
1190,453,172.0
1190,534,-84.0
1190,816,-10.0
1190,2603,-120.0
1190,2611,8.0
1191,2084,78.0
1191,3875,66.0
1191,4182,174.0
1192,143,-70.0
1192,399,104.0
1192,621,110.0
1192,1148,166.0
1192,1683,-96.0
1192,2634,-30.0
1193,374,-200.0
1193,3987,-158.0
1193,4421,124.0
1194,1186,180.0
1194,4340,-94.0
1194,4991,-72.0
1195,557,140.0
1195,839,-60.0
1195,1592,156.0
1195,2093,134.0
1195,3495,-112.0
1195,4281,-100.0
1195,4714,-64.0
1196,121,160.0
1196,137,-86.0
1196,1256,-194.0
1196,2233,188.0
1196,2345,-46.0
1196,3100,-168.0
1196,4159,48.0
1197,106,-66.0
1197,752,82.0
1197,1344,130.0
1197,1372,170.0
1197,1460,-128.0
1197,1710,84.0
1197,4917,182.0
1198,792,190.0
1198,1468,-58.0
1198,3166,166.0
1199,279,24.0
1199,538,8.0
1199,654,196.0
1199,2728,-76.0
1199,3003,86.0
1199,3317,-134.0
1199,4141,188.0
1200,494,90.0
1200,787,-76.0
1200,3641,-34.0
1201,124,98.0
1201,4396,198.0
1201,4777,-90.0
1202,1119,194.0
1202,1880,-100.0
1202,4011,-176.0
1203,454,6.0
1203,1772,-118.0
1203,2128,-150.0
1204,2650,18.0
1204,3278,-84.0
1204,3734,172.0
1204,3746,-120.0
1204,4380,26.0
1204,4739,-198.0
1205,1259,4.0
1205,3236,-200.0
1206,506,-32.0
1206,663,12.0
1206,3090,46.0
1206,4065,68.0
1206,4716,152.0
1207,1683,196.0
1207,2943,76.0
1207,2996,-8.0
1208,630,-44.0
1208,2235,22.0
1208,3118,150.0
1208,3217,-14.0
1208,3389,-116.0
1208,3699,62.0
1208,4404,42.0
1209,428,-108.0
1209,2587,102.0
1209,2994,118.0
1209,2998,-106.0
1209,3521,-12.0
1210,666,184.0
1210,2398,58.0
1210,2735,52.0
1210,3013,92.0
1211,1191,-24.0
1211,2199,-70.0
1211,2349,168.0
1211,2428,-196.0
1211,4880,118.0
1212,403,-120.0
1212,2399,-114.0
1212,3846,42.0
1213,1055,-44.0
1213,1419,32.0
1213,2968,-18.0
1213,3801,110.0
1213,3884,-90.0
1213,3901,-156.0
1214,32,-122.0
1214,1227,128.0
1214,3622,-98.0
1215,893,-142.0
1215,1372,-8.0
1215,1566,-50.0
1215,1896,-42.0
1216,307,36.0
1216,1497,-182.0
1216,2474,-158.0
1217,825,-130.0
1217,1989,66.0
1217,2376,176.0
1217,3099,-160.0
1217,3190,-164.0
1217,3194,-154.0
1217,3411,8.0
1217,3883,-124.0
1217,4234,78.0
1217,4463,116.0
1217,4555,-22.0
1218,1840,-102.0
1218,2774,-24.0
1218,2981,-4.0
1218,3014,176.0
1218,3761,178.0
1218,4476,-180.0
1218,4908,66.0
1219,198,-168.0
1219,2228,104.0
1219,2740,-132.0
1219,3160,88.0
1219,4381,-176.0
1219,4771,128.0
1220,500,-16.0
1220,3916,36.0
1221,426,72.0
1221,2480,-126.0
1221,3720,-90.0
1221,3833,34.0
1221,4232,90.0
1221,4487,-72.0
1221,4490,-102.0
1222,1387,-108.0
1222,2055,-166.0
1222,2125,2.0
1222,4610,-66.0
1223,330,-76.0
1223,2087,-120.0
1223,2618,132.0
1223,4158,-22.0
1223,4774,-112.0
1224,720,-6.0
1224,2206,-78.0
1224,2265,-104.0
1224,2395,-14.0
1224,3976,-134.0
1225,743,-92.0
1225,1506,86.0
1225,4248,4.0
1225,4556,-88.0
1226,372,64.0
1226,922,168.0
1226,2324,-164.0
1226,3733,72.0
1226,3778,46.0
1226,4434,90.0
1226,4755,154.0
1227,1524,-102.0
1227,3705,-16.0
1228,1256,72.0
1229,1381,-114.0
1229,1455,198.0
1229,3117,194.0
1229,4044,166.0
1230,486,22.0
1230,1206,50.0
1230,1814,82.0
1230,2865,-102.0
1230,3104,-86.0
1231,35,-34.0
1231,64,82.0
1231,184,-158.0
1231,1035,-144.0
1231,2399,-172.0
1231,4260,70.0
1231,4356,-154.0
1232,1515,-92.0
1232,1783,124.0
1232,1832,-2.0
1232,2072,160.0
1233,162,58.0
1233,788,-134.0
1233,2007,-106.0
1233,3316,144.0
1233,4619,-2.0
1233,4694,-36.0
1234,538,136.0
1234,2527,-30.0
1234,3660,-32.0
1235,1890,136.0
1235,4571,-118.0
1235,4872,-68.0
1236,991,-106.0
1236,1117,-102.0
1236,1748,-62.0
1236,1867,-106.0
1236,2237,-176.0
1236,2978,-20.0
1237,1105,108.0
1237,2431,12.0
1237,2671,70.0
1237,3042,180.0
1237,3589,106.0
1237,4181,-118.0
1238,97,-168.0
1238,1450,-64.0
1238,1915,-146.0
1238,2310,-70.0
1238,2318,-84.0
1238,4049,-54.0
1239,1600,48.0
1239,1784,198.0
1239,2208,-132.0
1239,2545,-76.0
1239,4238,-82.0
1239,4551,110.0
1240,1444,156.0
1240,2886,140.0
1240,4457,156.0
1240,4715,132.0
1241,285,184.0
1241,653,-128.0
1241,879,112.0
1241,1534,184.0
1241,2948,-112.0
1241,2990,176.0
1242,8,-82.0
1242,532,-154.0
1242,631,160.0
1242,808,182.0
1242,1363,-106.0
1242,2123,-170.0
1242,3048,146.0
1242,3348,12.0
1243,674,-190.0
1243,1252,-64.0
1243,1304,-120.0
1243,1359,-74.0
1243,2186,-152.0
1243,3228,106.0
1243,3382,-142.0
1243,4121,162.0
1244,375,-54.0
1244,714,-32.0
1244,1958,-142.0
1244,2033,-184.0
1244,3635,-178.0
1244,3857,148.0
1244,3875,-64.0
1245,707,60.0
1245,1058,122.0
1245,2284,-148.0
1245,2647,-180.0
1245,3583,-122.0
1245,4617,-140.0
1245,4688,54.0
1245,4809,-148.0
1246,1839,2.0
1246,2995,88.0
1246,3591,-18.0
1246,3614,-4.0
1246,3808,116.0
1246,4717,-64.0
1247,1050,-182.0
1247,1255,0.0
1247,3085,180.0
1248,826,96.0
1248,3735,140.0
1248,4316,82.0
1249,1228,198.0
1249,1797,4.0
1249,2938,-8.0
1249,4455,-18.0
1249,4714,162.0
1250,261,138.0
1250,1072,-46.0
1250,3666,-64.0
1250,4828,-168.0
1250,4871,-46.0
1251,384,110.0
1251,796,6.0
1251,930,56.0
1251,3413,-198.0
1251,3870,72.0
1251,4113,54.0
1251,4710,8.0
1251,4773,150.0
1252,811,156.0
1252,1137,-4.0
1252,1672,-36.0
1252,3782,186.0
1252,3795,80.0
1253,788,166.0
1253,914,-122.0
1253,1663,-114.0
1253,2423,-172.0
1253,3145,-36.0
1253,4265,-18.0
1253,4446,14.0
1254,653,-10.0
1254,2322,-58.0
1254,3710,168.0
1254,3968,162.0
1255,1069,-120.0
1255,2038,178.0
1255,3502,162.0
1256,609,10.0
1256,1603,76.0
1256,1696,-138.0
1256,4182,-168.0
1257,707,-168.0
1257,988,18.0
1257,1079,-152.0
1257,1575,-198.0
1257,1771,-8.0
1257,1884,152.0
1257,3147,-114.0
1257,3507,190.0
1258,612,32.0
1258,1018,-24.0
1258,2443,-174.0
1258,3049,-156.0
1258,3568,66.0
1258,4103,-92.0
1259,250,36.0
1259,552,2.0
1259,2043,38.0
1259,3174,158.0
1259,4174,-42.0
1260,72,-26.0
1260,1685,74.0
1260,4306,54.0
1260,4420,190.0
1260,4515,72.0
1261,602,106.0
1261,2927,54.0
1261,4135,16.0
1261,4447,-78.0
1261,4779,-36.0
1262,1428,82.0
1262,2861,-194.0
1262,4271,-196.0
1263,17,-172.0
1263,321,-46.0
1263,1219,24.0
1263,1351,0.0
1263,1426,-162.0
1263,2636,56.0
1263,2695,-116.0
1263,3928,-14.0
1264,2817,24.0
1264,3619,44.0
1264,3831,-20.0
1264,4034,-158.0
1264,4864,-14.0
1265,202,88.0
1265,2235,162.0
1265,2516,-60.0
1265,2918,142.0
1265,3624,162.0
1265,4247,-68.0
1266,132,30.0
1266,814,20.0
1266,2227,84.0
1266,2428,0.0
1266,2832,98.0
1266,4883,-74.0
1266,4951,130.0
1267,112,-166.0
1267,769,-174.0
1267,1398,60.0
1267,2927,24.0
1267,3710,108.0
1268,157,168.0
1268,1406,-118.0
1268,2284,-82.0
1268,4339,52.0
1268,4868,128.0
1269,486,18.0
1269,1565,-116.0
1269,1999,-194.0
1269,2324,94.0
1269,2360,154.0
1269,3213,-150.0
1270,396,-92.0
1270,2306,-46.0
1270,3183,-142.0
1270,3206,-44.0
1270,3471,126.0
1270,3822,-142.0
1270,3970,-8.0
1271,77,30.0
1271,3750,156.0
1271,4356,-36.0
1272,1632,128.0
1272,3318,-32.0
1272,3903,78.0
1272,3971,158.0
1272,4639,-12.0
1273,811,-168.0
1273,1285,84.0
1273,4272,-162.0
1274,227,66.0
1274,1550,178.0
1274,1726,-56.0
1274,2639,-82.0
1274,2764,-116.0
1274,4099,-114.0
1275,304,174.0
1275,1431,-200.0
1275,2446,-162.0
1275,3535,-116.0
1275,3910,150.0
1276,253,100.0
1276,688,-58.0
1276,1679,-174.0
1276,3095,134.0
1276,3115,14.0
1277,270,106.0
1277,1622,22.0
1277,2745,-150.0
1277,2993,118.0
1277,3444,108.0
1278,3579,-158.0
1279,473,38.0
1279,698,188.0
1279,903,-104.0
1279,1129,2.0
1279,3488,-122.0
1279,4749,62.0
1280,772,174.0
1280,1151,188.0
1280,1861,20.0
1280,2254,-22.0
1280,3141,-4.0
1280,4289,-96.0
1281,1406,192.0
1281,1831,-24.0
1281,2477,72.0
1281,3352,104.0
1281,3421,148.0
1281,3966,86.0
1282,3665,-156.0
1282,3809,86.0
1282,4051,132.0
1283,1045,-88.0
1283,1692,-20.0
1284,790,188.0
1284,1309,-82.0
1284,1992,176.0
1284,2222,22.0
1284,2944,-182.0
1284,3336,-70.0
1284,3530,-152.0
1284,3916,-118.0
1284,4382,-34.0
1285,846,-136.0
1285,879,-182.0
1285,1764,62.0
1285,2666,-66.0
1285,3967,80.0
1285,4212,66.0
1286,2681,-86.0
1286,2780,-158.0
1286,3489,6.0
1286,3918,-142.0
1287,1553,-184.0
1287,2122,-34.0
1287,2502,-46.0
1287,3346,-54.0
1287,3591,-14.0
1287,4261,-50.0
1288,278,-16.0
1288,845,166.0
1288,1421,-66.0
1288,3403,138.0
1288,4985,96.0
1289,602,168.0
1289,651,136.0
1290,1064,-86.0
1290,1124,-20.0
1290,1686,186.0
1290,4525,122.0
1290,4742,-172.0
1290,4982,-128.0
1291,1351,-152.0
1291,2031,198.0
1291,3518,160.0
1291,4439,8.0
1292,2303,-50.0
1292,2910,134.0
1292,2926,106.0
1292,4037,-54.0
1292,4322,-194.0
1293,71,-44.0
1293,237,70.0
1293,992,-96.0
1293,1096,174.0
1293,2430,-154.0
1293,3148,34.0
1293,3556,176.0
1294,757,-18.0
1294,2615,176.0
1294,3100,18.0
1294,3473,-104.0
1294,3796,-106.0
1294,4720,136.0
1295,1249,-64.0
1295,1718,58.0
1295,3470,-66.0
1295,3661,-194.0
1296,35,-146.0
1296,69,102.0
1296,315,-10.0
1296,1952,-196.0
1296,2437,-68.0
1296,2727,66.0
1296,3662,136.0
1297,179,-124.0
1297,1117,-108.0
1297,1959,150.0
1297,2680,-66.0
1297,3999,36.0
1298,3556,-78.0
1298,4410,-178.0
1299,3531,-28.0
1299,3809,96.0
1299,4018,134.0
1299,4887,126.0
1300,1840,0.0
1300,2196,-96.0
1300,3804,-12.0
1300,4374,186.0
1300,4583,142.0
1300,4645,-42.0
1300,4943,-186.0
1301,1439,90.0
1301,1936,8.0
1301,2944,-86.0
1301,3311,148.0
1301,4588,164.0
1301,4866,90.0
1302,862,144.0
1302,1376,-72.0
1302,1768,-92.0
1302,2118,38.0
1302,3640,-188.0
1302,3799,190.0
1302,4201,44.0
1302,4237,42.0
1302,4946,-82.0
1303,168,44.0
1303,501,-26.0
1303,874,170.0
1303,2646,-176.0
1304,1732,144.0
1304,2653,82.0
1304,3042,134.0
1305,562,-146.0
1305,1927,-18.0
1305,2342,-98.0
1305,3194,-48.0
1305,3881,-188.0
1305,4260,180.0
1305,4531,116.0
1305,4884,168.0
1306,14,116.0
1306,682,-196.0
1306,2048,-136.0
1306,2924,134.0
1306,3974,-116.0
1306,4949,-24.0
1307,873,114.0
1307,1694,-154.0
1307,2899,184.0
1307,3126,-8.0
1307,3228,-4.0
1308,42,-68.0
1308,732,84.0
1308,819,-2.0
1308,2080,148.0
1308,2794,-88.0
1308,3343,124.0
1308,3584,-132.0
1309,2390,-100.0
1309,3239,74.0
1309,3596,-188.0
1309,3869,98.0
1309,4010,124.0
1309,4585,-82.0
1309,4620,-116.0
1309,4805,146.0
1309,4945,198.0
1310,733,90.0
1310,1198,-56.0
1310,1787,66.0
1310,2985,-192.0
1310,4272,-96.0
1311,1491,-8.0
1311,1690,-184.0
1311,2623,52.0
1311,2786,170.0
1311,2956,-198.0
1312,1667,198.0
1312,2025,-112.0
1312,2297,30.0
1312,3474,24.0
1312,3530,-200.0
1312,3785,-138.0
1313,101,22.0
1313,407,48.0
1313,473,-76.0
1313,786,116.0
1313,1608,-18.0
1313,1779,-130.0
1313,1904,-124.0
1313,2280,-54.0
1313,4472,154.0
1314,881,-2.0
1314,4286,142.0
1314,4457,184.0
1315,1348,24.0
1315,2824,104.0
1315,2924,38.0
1315,3868,-50.0
1315,4329,-106.0
1316,105,108.0
1316,1849,146.0
1316,1977,84.0
1316,2664,-114.0
1316,4063,60.0
1316,4172,-64.0
1317,55,132.0
1317,178,-198.0
1317,1861,-8.0
1317,1999,-110.0
1317,2293,12.0
1317,3337,188.0
1317,3556,-152.0
1317,3639,-12.0
1317,3690,84.0
1318,1097,-10.0
1318,1718,66.0
1318,1827,-172.0
1318,2361,-40.0
1318,3759,-80.0
1319,340,-164.0
1319,1498,144.0
1319,3628,-44.0
1319,4546,104.0
1320,1336,130.0
1320,2346,62.0
1321,8,-38.0
1321,3521,-10.0
1321,4776,-102.0
1322,788,78.0
1322,1826,-90.0
1322,4054,130.0
1323,2817,154.0
1323,3373,-8.0
1323,3734,188.0
1323,3913,182.0
1323,4245,74.0
1324,108,126.0
1324,1121,-168.0
1324,2141,158.0
1325,3738,172.0
1325,4151,-52.0
1326,7,170.0
1326,40,-40.0
1326,738,-52.0
1326,2264,158.0
1326,4795,164.0
1327,1019,162.0
1327,1633,-198.0
1327,3908,170.0
1327,4313,-90.0
1327,4844,-72.0
1328,1149,30.0
1328,1258,36.0
1328,3149,-92.0
1328,3406,178.0
1328,4251,70.0
1329,772,184.0
1330,165,-140.0
1330,1709,24.0
1330,2242,50.0
1330,2969,156.0
1330,4271,60.0
1331,1428,90.0
1331,2428,-170.0
1331,2655,-58.0
1331,3076,-190.0
1331,4792,-36.0
1332,460,-110.0
1332,652,130.0
1332,748,-116.0
1332,1856,20.0
1332,2893,86.0
1333,296,100.0
1333,638,-162.0
1333,1774,26.0
1333,1923,26.0
1333,2629,124.0
1333,2949,-98.0
1333,3975,-186.0
1333,4781,-68.0
1334,716,132.0
1334,1418,-184.0
1334,2065,-42.0
1334,3578,-108.0
1334,4344,-184.0
1335,67,-198.0
1335,2348,12.0
1335,3548,-42.0
1335,3916,52.0
1335,4357,126.0
1335,4796,-62.0
1336,536,-68.0
1336,1657,84.0
1337,119,74.0
1337,2702,142.0
1337,3968,84.0
1337,4572,-28.0
1338,791,-52.0
1338,3758,-12.0
1339,59,-138.0
1339,217,-60.0
1339,769,34.0
1339,2704,0.0
1339,4096,-194.0
1340,1189,74.0
1341,3269,-178.0
1341,3299,50.0
1341,4666,-120.0
1342,74,52.0
1342,240,26.0
1342,2259,-2.0
1342,2405,2.0
1342,3360,-196.0
1342,3628,-58.0
1342,4101,132.0
1342,4904,4.0
1343,3272,-192.0
1343,4576,-78.0
1344,2541,10.0
1344,3257,130.0
1345,112,-22.0
1345,122,28.0
1345,202,32.0
1346,188,114.0
1346,243,-60.0
1346,621,-100.0
1346,761,184.0
1346,2916,-44.0
1346,3651,-128.0
1346,4170,-18.0
1346,4228,-132.0
1346,4671,66.0
1348,1466,-20.0
1348,1751,94.0
1349,168,-176.0
1349,1029,102.0
1349,1500,-80.0
1349,2346,42.0
1349,3931,120.0
1350,941,52.0
1350,1686,142.0
1350,2005,-174.0
1351,1349,8.0
1351,2140,-20.0
1351,2344,90.0
1352,932,74.0
1352,1628,-190.0
1352,2030,-140.0
1352,3648,58.0
1353,1550,-48.0
1353,3380,68.0
1353,3599,-16.0
1353,4745,-104.0
1354,1628,-84.0
1354,1890,-130.0
1354,2373,-52.0
1354,2424,166.0
1354,2636,-26.0
1354,3453,-74.0
1354,4905,58.0
1355,1021,-50.0
1355,1871,-38.0
1355,3391,-2.0
1355,4021,168.0
1355,4236,14.0
1355,4252,-98.0
1355,4460,158.0
1356,972,106.0
1356,2008,-8.0
1356,4462,48.0
1356,4644,-166.0
1356,4787,130.0
1357,990,-110.0
1357,1820,44.0
1357,3293,-22.0
1357,3482,170.0
1357,4219,-86.0
1358,507,78.0
1358,630,-122.0
1358,1774,104.0
1358,1817,156.0
1358,3152,86.0
1358,3253,-94.0
1358,3478,-18.0
1358,4021,78.0
1358,4105,-164.0
1358,4626,-96.0
1359,799,-8.0
1359,1146,12.0
1359,1263,128.0
1359,3380,116.0
1360,574,-50.0
1360,806,-164.0
1360,1255,38.0
1360,1447,-34.0
1360,1488,-36.0
1360,1694,-194.0
1360,1868,-190.0
1360,4671,192.0
1360,4769,88.0
1360,4968,154.0
1361,893,-44.0
1361,2071,12.0
1361,2116,188.0
1361,2384,74.0
1361,2457,-112.0
1361,2932,162.0
1361,3439,74.0
1361,3556,166.0
1361,3835,168.0
1361,4171,108.0
1361,4787,108.0
1361,4920,34.0
1362,662,142.0
1362,2493,-76.0
1362,2705,102.0
1362,2889,-176.0
1362,2989,190.0
1362,4436,146.0
1362,4867,100.0
1363,2347,76.0
1363,3205,164.0
1363,3342,142.0
1363,3523,186.0
1363,3987,-82.0
1364,94,-88.0
1364,342,-188.0
1364,453,40.0
1364,983,-48.0
1364,2082,80.0
1364,2417,-154.0
1364,3678,-196.0
1364,3939,88.0
1364,4255,8.0
1365,883,106.0
1365,1187,182.0
1365,4440,-100.0
1365,4717,174.0
1366,152,-108.0
1366,1836,-28.0
1366,1908,168.0
1366,3126,-14.0
1366,3453,-126.0
1366,3881,-166.0
1366,4805,64.0
1366,4943,168.0
1367,940,-76.0
1367,1501,114.0
1368,1178,-110.0
1368,3447,-26.0
1368,4979,164.0
1369,513,-54.0
1369,1144,26.0
1369,1761,126.0
1369,3207,-80.0
1369,4425,98.0
1369,4863,-152.0
1370,851,156.0
1370,2435,-58.0
1370,2877,-84.0
1370,3963,-116.0
1370,4605,110.0
1371,2121,-8.0
1371,3079,-112.0
1371,3110,74.0
1371,4072,-28.0
1372,927,50.0
1372,1008,152.0
1372,1109,180.0
1372,2582,188.0
1372,3123,142.0
1373,2157,74.0
1374,1801,82.0
1375,268,44.0
1375,914,26.0
1375,2058,-100.0
1375,4433,46.0
1375,4882,-56.0
1376,3212,138.0
1376,3251,-14.0
1376,3469,-50.0
1376,4266,146.0
1377,1409,186.0
1377,1474,80.0
1377,1687,98.0
1377,1862,86.0
1377,2712,-28.0
1377,2826,-178.0
1378,2556,-110.0
1378,2613,-124.0
1378,2878,-88.0
1378,3681,180.0
1378,3853,-114.0
1378,4202,192.0
1379,586,134.0
1379,1236,142.0
1379,1605,-192.0
1379,2341,142.0
1379,2377,-176.0
1379,3884,-144.0
1379,3922,148.0
1379,4509,-28.0
1380,28,-66.0
1380,954,-50.0
1380,2422,-44.0
1380,4146,-4.0
1381,895,-176.0
1381,2109,-130.0
1381,3214,20.0
1381,3740,112.0
1382,526,-128.0
1382,989,-114.0
1382,1235,142.0
1382,1419,-132.0
1382,2590,36.0
1382,3033,166.0
1382,3139,-164.0
1382,3397,-146.0
1382,4144,8.0
1383,628,174.0
1383,2473,-160.0
1383,2544,-64.0
1383,3496,76.0
1383,3989,110.0
1383,4937,60.0
1384,623,198.0
1384,1444,84.0
1385,776,178.0
1385,1083,6.0
1385,2335,-20.0
1385,3808,140.0
1385,3857,-198.0
1385,4614,60.0
1385,4954,196.0
1386,1059,-178.0
1386,4595,192.0
1387,1804,28.0
1387,2681,-48.0
1387,2766,-118.0
1387,2960,168.0
1387,4574,-84.0
1388,757,-122.0
1388,1515,-164.0
1388,2424,-122.0
1388,2545,-150.0
1388,2880,-76.0
1388,3804,-22.0
1388,3903,-72.0
1389,505,-78.0
1389,1019,134.0
1389,1249,108.0
1389,1413,88.0
1389,1950,-84.0
1389,2342,-50.0
1389,2482,114.0
1389,2816,-20.0
1389,3023,-148.0
1390,2425,48.0
1390,2526,-22.0
1390,2669,78.0
1390,2926,38.0
1390,4352,54.0
1390,4493,-170.0
1390,4496,-180.0
1390,4749,-112.0
1391,411,-56.0
1391,2148,132.0
1391,3388,6.0
1391,3916,84.0
1391,4027,170.0
1391,4576,-36.0
1391,4854,-168.0
1392,247,174.0
1392,388,-54.0
1392,395,150.0
1392,2135,-38.0
1392,2816,-132.0
1392,3643,-158.0
1393,417,-38.0
1393,973,-66.0
1393,1722,4.0
1393,2181,126.0
1393,2696,74.0
1394,2819,-8.0
1394,3741,2.0
1394,4891,-24.0
1395,259,-68.0
1395,2131,150.0
1395,2373,-2.0
1395,3227,178.0
1395,3591,-18.0
1395,4045,130.0
1395,4381,118.0
1395,4910,38.0
1395,4918,194.0
1396,1768,-12.0
1396,2165,-56.0
1396,2223,-106.0
1396,3036,-164.0
1397,482,148.0
1397,3269,132.0
1398,452,-172.0
1398,460,60.0
1398,3385,-56.0
1398,3919,-106.0
1398,4036,106.0
1398,4203,96.0
1399,104,-126.0
1399,4008,-112.0
1400,505,-106.0
1400,590,-42.0
1400,4416,110.0
1400,4436,-88.0
1400,4740,62.0
1401,958,-20.0
1401,1472,-184.0
1401,1493,-82.0
1401,2679,30.0
1401,3929,-192.0
1402,1275,-156.0
1402,2281,122.0
1402,2343,-178.0
1402,3142,-32.0
1402,3176,172.0
1402,3673,64.0
1402,4497,100.0
1403,921,36.0
1403,3766,-72.0
1404,962,-98.0
1404,1379,176.0
1404,1456,-64.0
1404,1562,-172.0
1404,1676,154.0
1404,2926,-6.0
1404,4512,-48.0
1404,4516,88.0
1405,508,-2.0
1405,2354,-32.0
1405,2425,-60.0
1405,3161,-14.0
1405,3979,34.0
1405,4054,-106.0
1405,4234,-50.0
1405,4636,194.0
1406,1699,-8.0
1406,3233,-78.0
1406,3415,-160.0
1406,3437,-2.0
1406,3539,-192.0
1407,1005,-182.0
1407,4118,-110.0
1408,267,170.0
1408,1506,44.0
1408,2014,36.0
1408,3054,188.0
1409,932,78.0
1409,1374,-84.0
1409,1605,-114.0
1409,1932,190.0
1409,2378,162.0
1409,4119,-166.0
1409,4650,112.0
1410,432,44.0
1410,1542,182.0
1410,2269,34.0
1410,2799,-76.0
1410,3242,64.0
1410,3497,98.0
1410,3520,36.0
1410,4400,24.0
1411,462,196.0
1411,1599,194.0
1411,2089,-144.0
1411,3227,24.0
1411,4027,-130.0
1412,3003,-200.0
1412,3241,180.0
1412,3257,-134.0
1413,2373,126.0
1413,4069,76.0
1413,4293,156.0
1414,743,150.0
1414,2494,180.0
1414,2705,108.0
1414,3151,-64.0
1414,3706,114.0
1415,2941,-40.0
1415,4388,-66.0
1416,444,-120.0
1416,800,-174.0
1416,2997,-38.0
1416,3318,-184.0
1416,3884,72.0
1417,725,-84.0
1417,2539,68.0
1417,2709,-92.0
1417,2967,74.0
1417,3553,-94.0
1417,3736,52.0
1417,4080,124.0
1418,242,134.0
1418,565,-74.0
1418,749,-124.0
1418,1387,164.0
1418,2943,184.0
1418,3080,198.0
1418,4052,100.0
1418,4634,-172.0
1418,4640,-68.0
1419,1034,42.0
1419,2011,102.0
1419,3107,-54.0
1419,4719,198.0
1419,4744,-168.0
1419,4929,48.0
1420,211,18.0
1420,637,-160.0
1420,1772,-26.0
1420,1796,172.0
1420,1840,198.0
1420,4843,-46.0
1421,182,122.0
1421,1104,-120.0
1421,2006,154.0
1421,3526,102.0
1421,3635,132.0
1421,3660,-174.0
1422,1436,-92.0
1422,1949,162.0
1422,2124,96.0
1422,2159,64.0
1422,2800,-76.0
1422,2914,-14.0
1422,4433,-128.0
1422,4618,82.0
1423,1542,152.0
1423,2010,22.0
1423,2823,12.0
1423,3064,68.0
1423,4929,-30.0
1424,216,44.0
1424,648,-156.0
1424,2769,38.0
1424,3487,112.0
1425,969,132.0
1425,3332,104.0
1425,4221,-154.0
1425,4433,94.0
1426,1324,170.0
1426,1511,38.0
1426,1570,170.0
1426,2820,-180.0
1426,3272,194.0
1426,4775,110.0
1426,4903,30.0
1426,4939,154.0
1427,256,70.0
1427,1180,46.0
1427,4772,166.0
1429,812,-46.0
1429,1223,144.0
1429,1587,80.0
1430,3285,-150.0
1430,4170,44.0
1430,4179,106.0
1431,1330,0.0
1431,4726,194.0
1432,602,-30.0
1432,2021,-34.0
1432,2755,-72.0
1432,3665,-38.0
1432,4407,-128.0
1433,1174,76.0
1433,2132,34.0
1433,4904,-78.0
1433,4951,-2.0
1435,1026,122.0
1435,3268,94.0
1436,2892,128.0
1436,3486,-102.0
1436,4510,150.0
1437,347,34.0
1437,572,18.0
1437,1610,172.0
1437,1908,-46.0
1437,2377,80.0
1437,3088,-84.0
1437,4731,50.0
1437,4781,102.0
1437,4837,-196.0
1438,228,22.0
1438,763,14.0
1438,1027,96.0
1438,1191,100.0
1438,2186,-24.0
1438,2200,-8.0
1438,3597,-102.0
1438,3828,102.0
1438,4938,190.0
1439,647,120.0
1439,680,-170.0
1439,1236,118.0
1439,1827,-188.0
1439,3881,-142.0
1439,3976,66.0
1439,4431,-92.0
1439,4437,-184.0
1439,4756,-28.0
1440,573,-134.0
1440,1557,-48.0
1440,1971,60.0
1440,2289,-130.0
1440,2644,-188.0
1440,2860,-122.0
1440,3543,104.0
1440,3773,26.0
1440,4306,22.0
1441,133,-38.0
1441,441,40.0
1441,996,120.0
1441,2065,92.0
1441,2801,126.0
1441,3314,186.0
1441,3333,-10.0
1441,4821,-84.0
1441,4890,100.0
1442,2054,0.0
1442,3533,20.0
1443,715,-136.0
1443,1394,-156.0
1443,2683,-164.0
1443,2860,-140.0
1443,3148,176.0
1444,1728,-34.0
1444,2100,-174.0
1444,2108,-170.0
1445,605,-56.0
1445,2920,134.0
1445,3718,90.0
1446,200,162.0
1446,664,132.0
1446,1785,126.0
1446,2444,-66.0
1446,3062,182.0
1446,4502,-30.0
1447,612,-198.0
1447,842,-180.0
1447,1619,126.0
1447,2743,-184.0
1447,2879,-4.0
1447,2882,-168.0
1447,3108,-26.0
1447,3577,-106.0
1447,4425,92.0
1447,4914,-110.0
1448,123,-46.0
1448,150,42.0
1448,747,96.0
1448,4287,158.0
1448,4356,28.0
1448,4363,140.0
1448,4469,176.0
1449,291,-36.0
1449,2710,-26.0
1450,197,-158.0
1450,204,-82.0
1450,206,64.0
1450,495,146.0
1450,2266,-182.0
1450,2536,-158.0
1450,2680,-126.0
1451,3283,118.0
1451,4299,-100.0
1452,6,66.0
1452,887,-80.0
1452,1167,-146.0
1452,1742,128.0
1452,1807,-42.0
1452,4591,16.0
1453,882,-96.0
1453,1603,112.0
1453,4015,-194.0
1453,4286,58.0
1453,4924,-82.0
1454,3295,60.0
1455,2178,32.0
1455,4195,-198.0
1455,4394,-84.0
1455,4702,-68.0
1456,28,34.0
1456,2581,34.0
1456,3106,172.0
1456,4333,-46.0
1457,4031,-76.0
1458,2372,190.0
1458,3499,-94.0
1459,322,66.0
1459,1489,180.0
1459,2260,-120.0
1459,2716,100.0
1459,3413,6.0
1459,3986,112.0
1460,1011,192.0
1460,1137,-106.0
1460,2813,32.0
1460,4415,-132.0
1460,4839,6.0
1460,4840,-42.0
1461,1962,-132.0
1461,2892,108.0
1461,3221,-96.0
1461,3521,-176.0
1461,4341,-44.0
1461,4723,-174.0
1462,239,72.0
1462,1384,10.0
1462,1953,-142.0
1462,1997,80.0
1462,2857,-118.0
1462,3093,64.0
1462,4601,-54.0
1463,795,188.0
1463,1995,-38.0
1463,2180,-132.0
1463,3943,-172.0
1463,4046,50.0
1463,4198,144.0
1463,4315,-28.0
1463,4636,-200.0
1464,163,-58.0
1464,1097,-90.0
1464,1517,100.0
1464,2922,180.0
1464,3824,28.0
1465,231,-76.0
1465,257,118.0
1465,696,100.0
1465,742,162.0
1465,2829,184.0
1465,2872,-106.0
1466,980,66.0
1466,996,76.0
1466,1261,126.0
1466,1389,134.0
1466,1451,-150.0
1466,4097,102.0
1466,4101,154.0
1467,444,-62.0
1467,653,44.0
1467,2140,-184.0
1467,2281,30.0
1467,2800,190.0
1467,2962,-8.0
1468,1781,-116.0
1468,4376,-30.0
1469,104,-32.0
1469,1500,128.0
1469,2214,108.0
1469,2742,-22.0
1469,3971,-138.0
1469,4622,120.0
1470,1285,-132.0
1470,2728,72.0
1470,2729,-48.0
1470,3226,-68.0
1470,4429,-98.0
1470,4839,-198.0
1471,977,66.0
1471,1726,-38.0
1471,4992,-42.0
1472,992,26.0
1472,1071,-54.0
1472,2025,-152.0
1472,2678,72.0
1472,4617,-36.0
1472,4619,-6.0
1472,4762,120.0
1473,1626,-42.0
1473,1657,-184.0
1473,4133,92.0
1473,4384,122.0
1474,286,-36.0
1474,727,148.0
1474,763,138.0
1474,1067,-126.0
1474,1153,140.0
1474,1651,-146.0
1474,2512,196.0
1474,2604,-160.0
1474,3156,-158.0
1474,3169,112.0
1475,2441,84.0
1475,2601,-108.0
1475,2679,108.0
1475,4293,104.0
1475,4754,190.0
1476,2205,198.0
1476,2951,-194.0
1477,2461,-170.0
1477,3682,-16.0
1477,4122,-40.0
1478,973,-18.0
1478,2415,198.0
1478,3151,-6.0
1478,3707,0.0
1478,4085,46.0
1478,4133,-44.0
1478,4369,-148.0
1479,85,190.0
1479,201,-154.0
1479,1934,-50.0
1479,3353,-46.0
1479,3554,88.0
1479,4554,-110.0
1479,4580,-152.0
1480,928,98.0
1480,2137,0.0
1480,2331,90.0
1480,3922,196.0
1480,4768,-4.0
1481,132,-26.0
1481,754,-142.0
1481,3213,-70.0
1481,3494,-196.0
1481,4277,44.0
1482,169,10.0
1482,294,46.0
1482,851,48.0
1482,923,-78.0
1482,1450,38.0
1483,2836,-42.0
1483,4090,-38.0
1484,1448,-148.0
1484,3441,-12.0
1485,484,-42.0
1485,3094,108.0
1485,3320,36.0
1485,3805,170.0
1486,724,76.0
1486,1181,84.0
1486,1210,172.0
1486,1794,-34.0
1486,2844,-32.0
1486,3802,52.0
1486,3939,52.0
1487,534,20.0
1487,771,-148.0
1487,1926,58.0
1487,2126,92.0
1487,3843,-138.0
1487,3906,24.0
1487,4508,100.0
1488,367,166.0
1488,996,48.0
1488,4994,100.0
1489,329,40.0
1489,2856,-48.0
1489,3010,24.0
1489,3050,-154.0
1489,3695,2.0
1489,4582,26.0
1490,2222,196.0
1491,1344,-130.0
1491,2746,-2.0
1492,110,-98.0
1492,1379,-168.0
1492,1726,-72.0
1492,2201,0.0
1493,1210,-136.0
1493,2576,-56.0
1493,3353,-180.0
1493,3464,-34.0
1494,1157,-138.0
1494,3063,174.0
1494,4115,-28.0
1494,4405,-148.0
1495,538,-22.0
1495,1276,-54.0
1495,1420,-192.0
1495,3008,44.0
1495,3824,192.0
1495,3965,-200.0
1496,766,40.0
1496,790,-108.0
1496,2018,-74.0
1496,2071,126.0
1496,2134,-84.0
1497,2400,-58.0
1497,3560,168.0
1498,578,-28.0
1498,2390,-2.0
1498,3110,-62.0
1498,4262,80.0
1498,4823,198.0
1498,4868,-136.0
1499,16,12.0
1499,2012,94.0
1499,3655,-122.0
1499,4401,156.0
1500,578,32.0
1500,2519,-178.0
1500,3137,58.0
1500,3542,-34.0
1500,3628,-164.0
1500,3714,2.0
1501,138,-46.0
1501,2201,-150.0
1501,2281,-146.0
1501,3037,118.0
1501,3333,90.0
1501,4139,-76.0
1501,4483,-110.0
1502,1377,8.0
1502,1465,-78.0
1502,3242,12.0
1502,3321,14.0
1503,1087,-98.0
1503,1931,22.0
1503,1964,154.0
1503,2664,-134.0
1503,2980,140.0
1503,3023,-130.0
1503,3252,62.0
1503,4572,198.0
1503,4683,158.0
1504,1655,56.0
1504,3218,-150.0
1504,4534,62.0
1505,443,100.0
1505,554,-186.0
1505,1967,92.0
1505,2784,-172.0
1505,2905,-118.0
1505,4018,104.0
1506,818,-84.0
1506,1299,-12.0
1506,1935,10.0
1506,2632,174.0
1506,2655,-90.0
1506,3177,110.0
1506,3751,94.0
1506,3950,182.0
1507,1959,96.0
1507,2772,-14.0
1507,3473,-112.0
1507,4149,60.0
1508,1398,-62.0
1508,1995,-48.0
1508,2091,82.0
1508,3695,28.0
1508,4614,42.0
1509,273,140.0
1509,936,-82.0
1509,4452,82.0
1510,194,-48.0
1511,431,46.0
1511,2110,122.0
1512,3707,164.0
1512,4205,136.0
1512,4654,44.0
1512,4857,56.0
1513,1982,54.0
1514,972,-170.0
1514,1692,-134.0
1514,3905,192.0
1514,4262,-138.0
1515,389,-94.0
1515,2622,112.0
1515,3069,72.0
1515,3779,-160.0
1516,577,76.0
1516,1057,-94.0
1516,1653,-140.0
1516,2818,-132.0
1516,3333,-196.0
1516,3642,-182.0
1516,3937,-64.0
1517,1288,116.0
1517,3483,136.0
1517,3829,96.0
1517,3996,-130.0
1518,802,42.0
1518,1030,-184.0
1518,1202,-14.0
1518,2176,-136.0
1518,3659,-64.0
1518,4509,74.0
1518,4569,176.0
1519,78,-112.0
1519,2661,64.0
1519,2681,170.0
1519,4964,-70.0
1520,497,166.0
1520,2198,-14.0
1520,2422,-22.0
1520,4930,154.0
1521,121,38.0
1521,1893,32.0
1522,1234,-14.0
1522,1784,176.0
1522,2037,-130.0
1522,2688,-80.0
1522,2899,-16.0
1522,3103,-114.0
1522,3845,48.0
1522,4910,-56.0
1523,580,38.0
1523,2229,36.0
1523,2672,-32.0
1523,3027,40.0
1523,3987,-146.0
1523,4553,-158.0
1524,680,2.0
1524,1170,-26.0
1524,2368,-96.0
1524,3423,50.0
1524,3540,20.0
1524,3968,34.0
1524,4024,-14.0
1524,4483,-178.0
1525,11,-26.0
1525,936,-152.0
1525,1744,-70.0
1525,3123,-4.0
1526,539,-30.0
1526,1042,-114.0
1526,2036,184.0
1526,2527,-76.0
1526,2645,-12.0
1526,2771,-70.0
1527,17,-100.0
1527,648,76.0
1527,1850,124.0
1527,1964,-94.0
1527,2928,-198.0
1527,3180,130.0
1527,4160,162.0
1527,4342,-16.0
1528,1440,-24.0
1528,3430,114.0
1528,3817,30.0
1528,4739,-72.0
1529,669,80.0
1529,1548,-124.0
1529,1638,92.0
1529,4096,120.0
1529,4571,-12.0
1530,415,-30.0
1530,1680,-186.0
1530,1681,-62.0
1530,2071,160.0
1530,2435,-8.0
1530,3415,26.0
1530,3706,88.0
1530,4107,96.0
1530,4617,114.0
1532,611,-136.0
1532,972,-18.0
1532,1090,-54.0
1532,2344,16.0
1532,3670,160.0
1533,285,98.0
1533,930,186.0
1533,1643,-162.0
1533,2656,146.0
1533,3191,-20.0
1533,4076,118.0
1534,743,-38.0
1534,3344,178.0
1534,4545,88.0
1535,1072,106.0
1535,3299,34.0
1535,4414,120.0
1536,2073,-80.0
1536,2649,6.0
1536,3858,180.0
1536,4368,-188.0
1536,4387,174.0
1536,4753,-164.0
1537,350,-6.0
1537,1192,-182.0
1538,36,-106.0
1538,1334,-138.0
1538,1393,168.0
1538,1733,-74.0
1538,1877,30.0
1538,2074,16.0
1538,2885,-160.0
1538,4865,64.0
1539,362,-132.0
1539,1264,158.0
1539,2312,20.0
1539,4150,30.0
1539,4799,-200.0
1540,2588,-148.0
1540,3492,56.0
1540,3611,116.0
1540,4481,-32.0
1541,1868,56.0
1541,1885,154.0
1541,2844,182.0
1541,3062,-152.0
1541,3650,62.0
1541,4119,-194.0
1541,4565,54.0
1542,2450,-50.0
1542,4195,26.0
1543,886,164.0
1543,1057,-160.0
1543,1398,164.0
1543,1954,-52.0
1543,2041,-128.0
1543,3322,-92.0
1543,4094,68.0
1544,510,-60.0
1544,676,-160.0
1544,844,58.0
1544,1848,34.0
1544,1979,-148.0
1544,2616,-110.0
1544,3337,182.0
1544,3392,-4.0
1544,4215,162.0
1545,2940,-158.0
1545,3899,-106.0
1546,546,-50.0
1546,1239,162.0
1546,1589,106.0
1546,3518,20.0
1546,3590,24.0
1546,4528,32.0
1547,2165,194.0
1547,2627,56.0
1547,2743,70.0
1547,4254,-194.0
1547,4694,168.0
1548,144,102.0
1548,656,64.0
1548,1170,-140.0
1548,1915,112.0
1549,1314,124.0
1549,1522,64.0
1549,1609,172.0
1549,2545,158.0
1549,2589,-174.0
1549,3383,30.0
1549,4025,108.0
1550,357,-56.0
1550,1290,-116.0
1550,1586,180.0
1550,4655,-112.0
1551,842,60.0
1551,858,-176.0
1551,1124,-10.0
1551,2273,26.0
1551,2819,-116.0
1552,1179,76.0
1552,1982,118.0
1552,2483,192.0
1552,2872,184.0
1552,4854,-64.0
1552,4876,50.0
1553,186,-78.0
1553,199,-162.0
1553,860,-150.0
1553,2706,98.0
1553,3260,-182.0
1553,3346,52.0
1553,4761,-186.0
1554,1213,-72.0
1554,2144,158.0
1554,2367,-12.0
1554,3443,106.0
1554,4006,166.0
1554,4350,46.0
1554,4762,134.0
1554,4912,20.0
1555,961,176.0
1555,1525,-68.0
1555,1591,-188.0
1555,4413,108.0
1556,289,12.0
1556,955,138.0
1556,4520,28.0
1557,303,76.0
1557,1418,-140.0
1557,1495,-164.0
1557,2377,120.0
1557,2832,-150.0
1557,3974,-58.0
1557,4383,-148.0
1557,4818,120.0
1558,794,-106.0
1558,1685,-128.0
1558,4655,-148.0
1558,4661,54.0
1559,347,-80.0
1559,411,-64.0
1559,951,-168.0
1559,2405,-180.0
1559,4665,-104.0
1560,2309,-194.0
1560,3015,154.0
1560,3660,40.0
1560,3665,46.0
1560,4228,-38.0
1561,18,-50.0
1561,1165,-118.0
1561,1703,-184.0
1561,1784,56.0
1561,3961,62.0
1561,4233,10.0
1561,4462,-30.0
1562,227,20.0
1562,832,-166.0
1562,1985,12.0
1562,3055,82.0
1562,3611,-68.0
1562,3620,-156.0
1562,4395,60.0
1562,4526,-194.0
1562,4976,-112.0
1563,1392,-122.0
1563,1556,184.0
1563,2313,-156.0
1563,3763,-194.0
1564,764,-26.0
1564,902,-68.0
1564,3256,104.0
1564,3592,-110.0
1564,4269,2.0
1565,1400,62.0
1565,1646,-100.0
1565,1832,94.0
1565,3369,-136.0
1565,4333,64.0
1565,4373,2.0
1565,4582,-108.0
1566,185,74.0
1566,1666,-70.0
1566,2843,-142.0
1566,3951,130.0
1567,637,140.0
1567,2720,56.0
1567,3996,180.0
1568,809,194.0
1568,820,28.0
1568,1020,-96.0
1568,2006,-110.0
1568,3265,142.0
1568,3640,-80.0
1568,4406,142.0
1568,4708,-166.0
1568,4853,44.0
1569,1042,6.0
1569,2812,30.0
1569,3044,142.0
1569,3454,166.0
1569,3852,150.0
1570,2686,176.0
1570,4078,50.0
1570,4446,172.0
1571,1862,192.0
1571,1944,80.0
1571,3083,164.0
1571,3655,36.0
1571,4242,40.0
1571,4577,64.0
1571,4847,58.0
1572,545,2.0
1572,1231,12.0
1572,1257,16.0
1572,2918,-126.0
1572,3912,-190.0
1572,3937,-58.0
1572,4862,118.0
1573,515,-166.0
1573,1301,68.0
1573,1847,122.0
1573,2703,94.0
1573,3284,160.0
1574,1,136.0
1574,106,114.0
1574,130,10.0
1574,2760,-72.0
1574,2784,-150.0
1574,2796,-124.0
1574,3037,32.0
1574,3657,-170.0
1574,3788,46.0
1574,3849,-8.0
1574,3856,-190.0
1574,4103,-32.0
1574,4613,-140.0
1574,4886,6.0
1575,1922,58.0
1575,2135,-142.0
1575,2802,-48.0
1575,3246,38.0
1575,3616,140.0
1575,4517,-128.0
1576,1473,-144.0
1577,1636,36.0
1577,2163,-102.0
1577,2418,-198.0
1577,4457,124.0
1577,4509,-170.0
1578,1647,82.0
1578,2033,112.0
1578,2849,106.0
1578,2982,28.0
1578,4777,-130.0
1579,136,-42.0
1579,1472,-102.0
1579,4121,22.0
1579,4520,-54.0
1580,2990,144.0
1580,3751,-176.0
1580,4888,72.0
1581,1645,188.0
1581,4755,14.0
1582,1056,-86.0
1582,2493,46.0
1582,2601,-146.0
1582,4414,134.0
1583,243,-188.0
1583,958,154.0
1583,1832,188.0
1583,4480,-122.0
1584,408,72.0
1584,2755,-102.0
1584,2812,6.0
1585,620,-178.0
1585,2273,-104.0
1585,2616,-176.0
1585,3287,82.0
1585,3811,180.0
1586,261,24.0
1586,1914,-164.0
1586,2891,148.0
1586,2955,-54.0
1586,2965,82.0
1586,3595,-160.0
1586,4068,84.0
1587,686,-32.0
1587,2745,164.0
1587,4314,-48.0
1587,4653,-126.0
1588,898,108.0
1588,2219,-68.0
1588,3572,-102.0
1588,4184,92.0
1589,3510,-56.0
1589,3880,-102.0
1589,4276,96.0
1589,4624,120.0
1590,49,42.0
1590,1116,-130.0
1590,3326,144.0
1590,3518,196.0
1590,4378,-2.0
1591,633,-176.0
1591,1281,-114.0
1591,3005,-38.0
1592,1080,6.0
1592,2515,-72.0
1592,3117,-126.0
1592,4285,-74.0
1592,4947,134.0
1592,4967,-162.0
1593,460,-16.0
1593,1354,82.0
1593,1372,-4.0
1593,2158,126.0
1593,3126,76.0
1594,276,-106.0
1594,1020,-78.0
1594,1692,-190.0
1594,2799,-152.0
1595,1422,-186.0
1595,2218,-156.0
1595,2375,0.0
1595,3015,136.0
1596,260,-98.0
1596,1738,-88.0
1597,443,-124.0
1597,1269,146.0
1597,1994,-98.0
1597,3290,118.0
1597,3550,104.0
1597,4564,-188.0
1597,4715,-60.0
1597,4854,-138.0
1598,1382,-154.0
1598,1729,-112.0
1598,2227,148.0
1598,2482,8.0
1598,3176,34.0
1598,4270,68.0
1599,2918,14.0
1599,4446,-200.0
1600,2476,186.0
1601,152,-176.0
1601,1507,128.0
1601,2642,-160.0
1601,3620,2.0
1602,238,196.0
1602,507,60.0
1602,922,-162.0
1602,1348,10.0
1602,1753,-10.0
1602,1817,-178.0
1602,1994,-46.0
1602,2399,-10.0
1602,2627,-86.0
1602,4287,8.0
1603,1721,-124.0
1603,1824,60.0
1603,3463,76.0
1603,3719,-162.0
1603,4838,22.0
1604,1597,-148.0
1604,2045,-150.0
1604,2565,-156.0
1604,2665,-10.0
1604,2867,68.0
1604,4355,-60.0
1605,1685,-106.0
1605,2435,-118.0
1605,4107,4.0
1605,4421,-134.0
1605,4750,106.0
1606,908,10.0
1606,1518,118.0
1606,2832,118.0
1606,3232,152.0
1606,4043,52.0
1606,4256,4.0
1606,4978,-58.0
1607,2014,-4.0
1608,1250,-188.0
1608,1617,140.0
1608,1965,100.0
1608,2016,-62.0
1608,2172,54.0
1608,2178,-18.0
1608,2185,198.0
1608,2596,94.0
1608,3934,-52.0
1608,4288,-40.0
1608,4616,-160.0
1608,4766,14.0
1609,90,-146.0
1609,378,112.0
1609,1722,132.0
1609,2140,-176.0
1609,3947,198.0
1610,1968,58.0
1610,4219,-112.0
1611,532,-12.0
1611,567,78.0
1611,845,176.0
1612,2397,-28.0
1612,2448,-106.0
1612,4187,16.0
1613,897,10.0
1613,1209,-42.0
1613,1802,88.0
1613,2525,-90.0
1613,2750,124.0
1613,3640,102.0
1613,4364,-48.0
1614,149,160.0
1614,1568,-80.0
1614,2364,-104.0
1614,3267,-78.0
1614,3960,-70.0
1614,4462,60.0
1615,2671,102.0
1615,2991,-118.0
1615,3124,86.0
1615,4522,-178.0
1616,468,84.0
1616,3456,-64.0
1616,3719,-110.0
1617,807,118.0
1617,1430,-166.0
1617,4095,-140.0
1617,4132,-86.0
1618,555,40.0
1618,687,-14.0
1618,1417,68.0
1618,1588,-16.0
1618,3220,-152.0
1618,4498,20.0
1619,281,96.0
1619,1171,-164.0
1620,1673,-188.0
1620,2460,-116.0
1620,3245,-2.0
1621,146,-80.0
1621,280,142.0
1621,2063,182.0
1621,2257,-122.0
1621,2612,24.0
1621,3607,0.0
1621,4238,-90.0
1621,4248,-156.0
1621,4464,-24.0
1621,4609,194.0
1622,1018,62.0
1622,1668,-128.0
1622,2083,-62.0
1622,3753,26.0
1622,3818,94.0
1622,4779,-74.0
1623,379,178.0
1623,447,130.0
1623,1059,180.0
1623,3728,-112.0
1623,4204,178.0
1623,4238,-10.0
1624,1383,-88.0
1624,1509,38.0
1624,2885,-12.0
1624,3197,-44.0
1624,3842,36.0
1624,4174,-50.0
1624,4263,140.0
1625,1500,26.0
1625,3688,-10.0
1625,4705,-26.0
1625,4996,86.0
1626,196,122.0
1626,907,118.0
1626,1635,-100.0
1626,2698,8.0
1626,2702,64.0
1626,3008,-76.0
1626,3915,50.0
1626,4846,142.0
1627,166,-52.0
1627,906,160.0
1627,1510,132.0
1627,3174,76.0
1627,3475,-128.0
1628,24,-124.0
1628,642,-114.0
1628,915,0.0
1628,2625,182.0
1628,2924,-88.0
1628,3406,-122.0
1628,3859,-156.0
1629,204,-168.0
1629,923,-34.0
1629,1024,126.0
1629,2162,-70.0
1630,226,-120.0
1630,754,94.0
1630,1597,144.0
1630,1892,-130.0
1630,3143,-140.0
1630,3794,12.0
1630,3906,-32.0
1630,4262,114.0
1630,4622,50.0
1630,4634,86.0
1631,421,142.0
1631,1692,-36.0
1631,3263,-62.0
1631,3645,-172.0
1631,4752,-16.0
1632,1809,108.0
1632,2451,16.0
1632,4062,-150.0
1632,4575,-178.0
1632,4886,-122.0
1633,2589,22.0
1633,2839,-90.0
1633,4267,-186.0
1634,1381,108.0
1634,2408,174.0
1634,2831,-128.0
1634,2939,28.0
1634,2972,58.0
1634,3062,196.0
1634,4247,-24.0
1635,624,-188.0
1635,1584,38.0
1635,1852,-200.0
1635,2371,108.0
1635,3178,-140.0
1635,3574,58.0
1635,4171,-166.0
1636,1805,146.0
1636,1807,154.0
1636,2345,20.0
1636,3494,-4.0
1637,1010,48.0
1637,1763,40.0
1637,2535,144.0
1637,2871,-152.0
1637,2986,88.0
1637,4553,186.0
1637,4866,-38.0
1638,146,124.0
1638,510,-40.0
1638,543,2.0
1638,1167,-106.0
1638,1406,194.0
1638,3596,60.0
1638,4739,34.0
1639,1777,-94.0
1639,2163,132.0
1639,4183,-58.0
1640,1651,-64.0
1640,1789,24.0
1640,1914,-22.0
1640,3008,-100.0
1641,1368,-148.0
1641,4630,-24.0
1641,4803,22.0
1642,2739,58.0
1642,3359,110.0
1642,3687,34.0
1642,4232,0.0
1643,1880,-190.0
1643,2887,-132.0
1643,3755,194.0
1643,4358,-40.0
1643,4478,112.0
1644,1108,90.0
1644,3686,-154.0
1644,4415,86.0
1644,4528,24.0
1645,583,104.0
1645,2011,16.0
1645,3708,104.0
1645,4313,34.0
1646,253,116.0
1646,395,-72.0
1646,570,198.0
1646,1289,-178.0
1646,1658,126.0
1646,2379,-138.0
1646,3748,128.0
1646,4078,-94.0
1646,4853,-138.0
1647,811,-122.0
1647,1900,70.0
1647,2151,176.0
1647,2472,8.0
1647,2953,104.0
1647,4458,-62.0
1647,4783,194.0
1648,1384,120.0
1648,2853,198.0
1648,2866,-154.0
1648,3831,88.0
1648,4247,54.0
1649,772,-2.0
1649,1106,92.0
1649,1428,100.0
1649,1454,-48.0
1649,2112,-60.0
1649,2359,-136.0
1649,3201,-92.0
1649,4388,-156.0
1650,262,96.0
1650,2312,150.0
1650,2410,168.0
1650,4838,32.0
1651,3476,192.0
1652,1588,106.0
1652,2014,90.0
1652,2299,128.0
1652,3162,-30.0
1652,4094,-178.0
1653,92,32.0
1653,660,154.0
1653,999,-172.0
1653,1142,-136.0
1653,2615,-92.0
1654,886,184.0
1654,2347,-94.0
1654,2869,-180.0
1655,788,-122.0
1655,1153,-90.0
1655,1251,168.0
1655,1786,120.0
1655,2833,-158.0
1655,3109,-30.0
1655,3366,-2.0
1655,3455,-98.0
1655,3654,-10.0
1655,4948,-52.0
1656,835,-34.0
1656,4019,40.0
1656,4631,-186.0
1657,413,132.0
1657,1322,36.0
1657,2302,22.0
1657,2530,50.0
1657,2912,90.0
1657,3786,-188.0
1657,4729,90.0
1658,1128,44.0
1658,1681,106.0
1658,2084,-200.0
1658,2944,-118.0
1658,4793,-162.0
1659,1036,-76.0
1659,1445,24.0
1659,1722,88.0
1659,2092,-14.0
1659,2780,32.0
1659,3148,-82.0
1659,3362,170.0
1659,3970,-114.0
1659,4609,62.0
1660,111,-58.0
1660,529,180.0
1660,2729,146.0
1660,3198,180.0
1661,283,-170.0
1661,643,40.0
1661,835,-174.0
1661,2143,-186.0
1661,2229,104.0
1661,4348,-70.0
1661,4413,58.0
1662,2794,-6.0
1662,3461,174.0
1662,4972,60.0
1663,1051,-144.0
1663,3782,170.0
1664,68,-20.0
1664,730,34.0
1664,1035,32.0
1664,1599,68.0
1664,2563,186.0
1664,3010,10.0
1664,3657,-60.0
1664,4192,58.0
1665,478,20.0
1665,604,-98.0
1665,1509,-152.0
1665,2445,-100.0
1666,752,-112.0
1666,806,-108.0
1666,2344,-156.0
1666,2458,44.0
1667,1577,106.0
1667,2313,-32.0
1667,2825,-164.0
1667,2883,150.0
1667,3608,66.0
1667,4256,-168.0
1667,4439,108.0
1668,573,-66.0
1668,714,134.0
1668,1491,-68.0
1668,2620,-62.0
1668,3077,-28.0
1668,3330,92.0
1668,3902,-158.0
1669,644,70.0
1669,1694,34.0
1669,2771,76.0
1669,3095,-54.0
1670,215,126.0
1670,919,48.0
1670,1267,14.0
1671,386,-186.0
1671,569,78.0
1671,1571,-70.0
1671,3002,132.0
1672,76,-40.0
1672,661,-176.0
1672,1763,-32.0
1672,4587,-8.0
1672,4982,88.0
1673,1455,56.0
1673,1736,76.0
1673,1860,148.0
1673,3814,194.0
1673,4336,-90.0
1673,4696,8.0
1674,215,150.0
1674,449,-144.0
1674,481,-72.0
1674,499,-68.0
1674,509,-54.0
1674,812,166.0
1675,466,-88.0
1675,1204,38.0
1675,1824,-172.0
1675,1952,-24.0
1675,2506,80.0
1675,3552,80.0
1675,4013,178.0
1675,4338,130.0
1675,4813,-158.0
1676,1258,4.0
1676,1703,-194.0
1676,1803,-152.0
1676,2640,144.0
1676,2688,170.0
1676,2701,68.0
1676,2903,-142.0
1676,4806,-164.0
1677,322,138.0
1677,493,154.0
1677,877,-60.0
1677,2026,-166.0
1677,2630,-166.0
1677,4731,12.0
1678,190,42.0
1678,1620,-26.0
1678,1844,-120.0
1678,3239,158.0
1678,3952,56.0
1678,4266,104.0
1678,4431,-106.0
1679,4,-68.0
1679,2574,-172.0
1679,2691,182.0
1679,3885,174.0
1680,828,136.0
1680,1800,78.0
1680,4231,144.0
1680,4645,82.0
1680,4734,64.0
1681,409,-196.0
1681,1616,-72.0
1681,1894,-12.0
1681,2119,144.0
1681,3311,-134.0
1682,793,-112.0
1682,837,-42.0
1682,1009,-50.0
1682,1236,-136.0
1682,2351,76.0
1682,2666,122.0
1682,4253,178.0
1683,1068,-96.0
1683,1975,-12.0
1683,2630,118.0
1683,2873,14.0
1683,3341,12.0
1683,3898,-98.0
1683,4947,-126.0
1683,4986,-56.0
1684,2969,72.0
1684,3738,-142.0
1685,1248,-128.0
1686,310,152.0
1686,1139,-98.0
1686,2032,-192.0
1686,2712,-140.0
1686,3221,190.0
1686,4623,98.0
1687,332,-124.0
1687,737,-104.0
1687,1257,120.0
1687,1833,0.0
1687,4114,-158.0
1687,4331,160.0
1687,4378,4.0
1688,96,-186.0
1688,858,120.0
1688,1575,120.0
1688,2857,-150.0
1688,4530,-170.0
1688,4823,-92.0
1689,59,104.0
1689,1632,180.0
1689,2922,16.0
1689,3610,-152.0
1689,4483,166.0
1690,2262,182.0
1690,2394,116.0
1690,3216,60.0
1690,3731,18.0
1690,4257,194.0
1690,4270,-6.0
1690,4518,-172.0
1690,4733,-166.0
1691,648,-56.0
1691,2020,-58.0
1691,3764,-78.0
1691,4210,144.0
1691,4914,150.0
1692,369,-12.0
1692,2140,-134.0
1692,3053,-66.0
1692,4289,-86.0
1692,4340,52.0
1693,2582,120.0
1693,2697,-118.0
1693,3005,120.0
1694,162,-18.0
1694,1249,168.0
1694,1410,0.0
1694,2320,-104.0
1694,2398,108.0
1694,2837,104.0
1694,4330,-28.0
1695,181,24.0
1695,267,120.0
1695,307,72.0
1695,531,-54.0
1695,2188,-120.0
1695,2616,-152.0
1696,53,-148.0
1696,121,54.0
1696,1514,150.0
1697,1719,110.0
1697,2212,-196.0
1697,2711,-178.0
1697,3195,8.0
1697,3315,-90.0
1698,617,-20.0
1698,1731,186.0
1698,4243,152.0
1699,1269,-158.0
1699,3855,-88.0
1699,3973,8.0
1700,543,-14.0
1700,1120,118.0
1700,1611,-98.0
1700,3729,116.0
1701,749,14.0
1701,3065,-130.0
1701,3744,8.0
1702,574,-110.0
1702,861,188.0
1702,2084,148.0
1702,2320,-58.0
1702,2701,-42.0
1703,292,62.0
1703,3047,-136.0
1703,3610,-198.0
1703,3732,-94.0
1703,3869,-142.0
1703,3921,-154.0
1703,3992,110.0
1703,4052,-12.0
1704,390,-96.0
1704,1832,96.0
1704,2830,150.0
1704,4434,-44.0
1705,2626,-160.0
1705,3557,-84.0
1705,4940,122.0
1706,48,198.0
1706,4396,-132.0
1706,4548,-10.0
1707,621,-60.0
1707,1149,-62.0
1707,4211,-30.0
1707,4254,48.0
1708,687,170.0
1708,3156,84.0
1708,3740,-122.0
1708,4446,-154.0
1708,4941,16.0
1709,1365,-52.0
1709,2797,88.0
1709,3074,78.0
1709,3422,-34.0
1709,3655,-148.0
1709,4015,178.0
1709,4864,68.0
1710,605,-200.0
1710,1864,146.0
1710,2469,12.0
1710,3036,-198.0
1710,3297,114.0
1712,221,-196.0
1712,788,-64.0
1712,1388,-10.0
1712,1982,58.0
1712,3944,10.0
1712,3961,-30.0
1712,4376,-194.0
1712,4380,88.0
1713,882,-110.0
1713,1895,-76.0
1713,4273,4.0
1713,4484,190.0
1714,1468,-60.0
1714,3138,-180.0
1714,3445,30.0
1714,4646,60.0
1715,85,42.0
1715,979,164.0
1715,1921,-84.0
1715,1938,-94.0
1715,2220,162.0
1715,2671,126.0
1715,2691,-200.0
1715,4872,26.0
1716,458,186.0
1716,1640,178.0
1716,1765,-4.0
1716,3390,178.0
1716,4938,168.0
1717,398,-184.0
1717,563,-174.0
1717,1278,24.0
1717,3186,36.0
1717,3613,-34.0
1717,3926,6.0
1717,4110,-76.0
1717,4301,-130.0
1717,4303,158.0
1717,4379,-32.0
1718,460,178.0
1718,2681,98.0
1718,2781,116.0
1718,3330,178.0
1718,3475,-4.0
1718,3827,-28.0
1718,4089,-184.0
1719,505,102.0
1719,631,-60.0
1719,1126,128.0
1719,1731,-84.0
1719,3333,-178.0
1719,3684,-130.0
1719,4710,-130.0
1720,662,-64.0
1720,1306,152.0
1720,1569,-146.0
1720,1728,134.0
1720,4348,-86.0
1721,41,-86.0
1721,1465,-188.0
1721,2333,158.0
1721,4463,-34.0
1722,1548,-98.0
1722,1725,118.0
1722,2763,2.0
1722,2808,-2.0
1722,3359,162.0
1722,3788,-22.0
1722,3806,-56.0
1723,97,-114.0
1723,1161,-34.0
1723,2553,130.0
1723,4087,-130.0
1723,4549,96.0
1724,1061,86.0
1724,2525,128.0
1724,2860,-144.0
1724,4529,-56.0
1725,436,40.0
1725,740,76.0
1725,1054,-82.0
1725,1615,2.0
1725,2570,-164.0
1725,2885,10.0
1725,3129,86.0
1725,3561,138.0
1725,3811,80.0
1725,3829,14.0
1725,3926,-158.0
1726,1481,160.0
1726,2338,-22.0
1726,2656,160.0
1726,2720,-74.0
1726,2793,-180.0
1726,2940,146.0
1726,3457,-120.0
1726,3603,98.0
1727,699,-128.0
1727,2128,-172.0
1727,3430,-178.0
1728,1852,-36.0
1728,2924,-78.0
1729,2193,-194.0
1729,3390,-84.0
1730,523,-24.0
1730,2667,198.0
1730,3214,-32.0
1730,4151,-26.0
1731,2436,-48.0
1731,3635,76.0
1732,4556,192.0
1732,4567,102.0
1733,2533,88.0
1733,4234,-164.0
1733,4858,-102.0
1734,228,-110.0
1734,245,62.0
1734,258,172.0
1734,1754,40.0
1734,3110,-80.0
1734,3225,-62.0
1734,4470,-80.0
1735,1089,-8.0
1735,1902,-32.0
1735,3098,-8.0
1735,3502,128.0
1735,3589,-56.0
1735,4415,140.0
1736,1528,120.0
1736,4135,-154.0
1736,4650,-104.0
1737,255,-156.0
1737,572,-98.0
1737,3455,-64.0
1737,3783,8.0
1738,84,98.0
1738,2559,188.0
1738,2896,14.0
1739,160,-130.0
1739,4738,188.0
1740,1554,86.0
1740,2001,194.0
1740,3640,-78.0
1741,4606,152.0
1742,1103,134.0
1742,1411,-190.0
1742,3572,-102.0
1742,4476,-38.0
1743,12,-158.0
1743,509,-176.0
1743,1112,58.0
1743,2799,-160.0
1743,3104,26.0
1743,4992,4.0
1744,2050,-104.0
1744,2467,12.0
1745,675,20.0
1745,1502,-100.0
1745,1649,56.0
1745,2291,182.0
1745,2538,-108.0
1746,399,2.0
1746,1733,-186.0
1746,2287,-166.0
1746,2916,148.0
1747,573,12.0
1747,916,-182.0
1747,2428,-114.0
1747,4433,-58.0
1747,4547,-198.0
1747,4690,-150.0
1747,4932,8.0
1748,3623,22.0
1748,3765,18.0
1748,4185,88.0
1748,4489,-134.0
1748,4772,-38.0
1749,763,-34.0
1749,1119,-36.0
1749,1647,-112.0
1749,1774,114.0
1749,3033,-90.0
1749,3588,80.0
1749,4344,126.0
1750,408,-118.0
1750,410,74.0
1750,495,-124.0
1750,1502,-94.0
1750,1560,-64.0
1750,1887,-92.0
1750,2082,102.0
1750,4347,64.0
1750,4411,92.0
1750,4800,178.0
1751,646,70.0
1751,2769,174.0
1751,3766,-184.0
1751,3902,154.0
1752,834,104.0
1752,1195,20.0
1752,2229,194.0
1752,2549,172.0
1752,3366,-6.0
1752,4072,120.0
1753,394,14.0
1753,1365,136.0
1753,1568,-110.0
1753,2330,84.0
1753,2965,-58.0
1754,807,12.0
1754,1630,-168.0
1754,2100,142.0
1754,2223,174.0
1754,3110,124.0
1754,3199,-132.0
1754,3205,-198.0
1754,3693,180.0
1754,4012,160.0
1755,202,-200.0
1755,713,22.0
1755,1065,-40.0
1755,3836,-94.0
1756,393,-22.0
1756,1830,120.0
1756,2405,0.0
1756,3319,-34.0
1756,3828,156.0
1756,4206,-160.0
1757,1178,-60.0
1757,3098,-140.0
1757,3327,-60.0
1757,3408,-46.0
1757,4563,-4.0
1757,4964,-106.0
1758,174,-4.0
1758,646,82.0
1758,882,22.0
1758,1972,-66.0
1758,4052,130.0
1758,4854,118.0
1758,4906,10.0
1759,366,56.0
1759,2926,-166.0
1759,3229,172.0
1759,4124,-162.0
1760,800,-122.0
1760,834,-74.0
1760,858,146.0
1760,2212,-186.0
1760,3185,94.0
1760,3250,178.0
1760,4390,188.0
1760,4422,-170.0
1761,1023,-188.0
1761,1215,-186.0
1761,4560,-20.0
1761,4898,-168.0
1762,492,88.0
1762,2427,96.0
1762,3793,140.0
1762,4107,66.0
1762,4312,-118.0
1763,334,-72.0
1763,530,-120.0
1763,4340,-14.0
1763,4675,-70.0
1764,259,-14.0
1764,534,180.0
1764,779,-88.0
1764,2694,14.0
1764,3137,-90.0
1765,204,-66.0
1765,1252,-10.0
1765,2684,-18.0
1765,2961,-182.0
1765,4410,-130.0
1766,1100,-92.0
1766,4561,198.0
1766,4564,-196.0
1767,618,-152.0
1767,2877,20.0
1767,4349,56.0
1767,4834,-2.0
1768,380,-64.0
1768,784,-144.0
1768,1626,28.0
1768,2809,124.0
1768,2840,44.0
1768,4904,-136.0
1769,1906,86.0
1770,1586,-198.0
1770,4178,-134.0
1770,4374,182.0
1771,413,-142.0
1771,1246,138.0
1771,3279,-156.0
1772,1890,74.0
1772,2110,-72.0
1772,3496,112.0
1772,4064,168.0
1772,4742,-122.0
1772,4895,172.0
1773,988,114.0
1773,2922,-66.0
1773,3075,-142.0
1773,3376,-92.0
1773,3585,-8.0
1773,3994,-86.0
1773,4078,160.0
1773,4661,72.0
1774,766,152.0
1774,1380,-184.0
1774,1507,-8.0
1774,2486,-100.0
1774,3603,-116.0
1774,4253,-106.0
1774,4465,176.0
1774,4946,24.0
1775,1203,-40.0
1775,1802,-196.0
1775,1913,-172.0
1775,2234,-142.0
1775,2414,-62.0
1776,1110,126.0
1776,1702,194.0
1776,1753,-114.0
1776,3395,84.0
1776,3791,30.0
1776,4009,-34.0
1777,259,108.0
1777,1738,42.0
1777,4389,196.0
1777,4629,94.0
1777,4804,-44.0
1777,4862,108.0
1778,196,-182.0
1778,1414,26.0
1778,2041,-178.0
1778,2480,-186.0
1778,3636,-118.0
1778,4505,132.0
1779,1061,-18.0
1779,1121,32.0
1779,2642,58.0
1779,2992,-104.0
1779,3576,72.0
1780,165,-182.0
1780,1087,160.0
1780,1430,118.0
1780,2097,148.0
1780,2728,-122.0
1780,3382,112.0
1780,4108,-70.0
1781,114,-194.0
1781,831,-138.0
1781,2170,56.0
1781,2293,48.0
1781,2395,-54.0
1782,404,-22.0
1782,1516,-24.0
1782,1787,32.0
1782,2014,-66.0
1782,2541,-162.0
1782,2796,-18.0
1782,4027,112.0
1782,4091,60.0
1783,117,136.0
1783,520,-166.0
1783,1851,12.0
1783,2059,-172.0
1783,3061,192.0
1784,2951,18.0
1784,3662,96.0
1784,4015,-164.0
1785,3163,-140.0
1785,4068,-52.0
1786,1053,148.0
1786,2927,0.0
1786,3610,-48.0
1786,3832,-6.0
1786,3938,-122.0
1787,3280,-24.0
1787,4566,148.0
1787,4893,144.0
1788,1238,-168.0
1788,1325,90.0
1788,1707,-50.0
1788,3773,124.0
1788,3776,96.0
1788,3999,24.0
1788,4036,130.0
1788,4577,-102.0
1788,4610,-36.0
1789,2379,-176.0
1789,2680,20.0
1789,4706,168.0
1790,1280,-66.0
1790,2859,-120.0
1790,3052,116.0
1790,3483,62.0
1790,3666,-180.0
1791,480,-178.0
1791,1689,130.0
1791,2189,34.0
1791,2705,-18.0
1791,3417,38.0
1792,2020,-182.0
1792,2671,132.0
1792,2705,174.0
1793,571,-42.0
1793,1469,176.0
1793,1623,-126.0
1793,3251,6.0
1793,4455,-100.0
1793,4833,-96.0
1794,60,-166.0
1794,1468,-114.0
1794,4267,114.0
1794,4757,18.0
1795,1774,158.0
1795,3014,72.0
1795,4535,-10.0
1795,4959,-176.0
1796,2022,-122.0
1796,2206,122.0
1796,4360,82.0
1797,200,116.0
1797,1954,28.0
1797,3368,124.0
1797,3562,172.0
1797,4362,22.0
1798,119,-78.0
1798,408,28.0
1798,588,152.0
1798,1625,-148.0
1798,3894,94.0
1798,4752,-176.0
1799,3622,-130.0
1799,3731,-12.0
1799,4328,-118.0
1799,4365,146.0
1799,4563,-198.0
1800,216,170.0
1800,433,42.0
1800,500,114.0
1800,4665,42.0
1800,4681,-134.0
1801,2407,104.0
1801,3195,-100.0
1802,1637,-82.0
1802,2385,64.0
1802,4404,162.0
1802,4416,44.0
1803,1391,48.0
1803,2365,182.0
1803,3740,-96.0
1803,4637,72.0
1803,4824,4.0
1804,941,-86.0
1804,1053,-140.0
1804,1394,-34.0
1804,1522,110.0
1804,1947,58.0
1805,57,-76.0
1805,607,-142.0
1805,997,144.0
1805,1060,90.0
1805,3013,70.0
1806,2867,-30.0
1807,508,-146.0
1807,1346,-130.0
1807,1347,90.0
1807,3398,70.0
1807,3548,192.0
1807,3973,-22.0
1807,4533,-42.0
1808,648,-80.0
1808,1788,-38.0
1809,1042,66.0
1809,3941,196.0
1809,4770,104.0
1810,2251,192.0
1810,2561,70.0
1810,3432,-148.0
1810,4116,42.0
1810,4765,22.0
1811,212,40.0
1811,985,-20.0
1811,1221,-104.0
1811,2229,114.0
1811,2528,0.0
1811,3371,-52.0
1811,4344,40.0
1811,4870,30.0
1812,1303,164.0
1812,2091,60.0
1812,2986,-150.0
1812,3870,-112.0
1812,4162,162.0
1812,4571,82.0
1813,1501,104.0
1813,2725,-158.0
1813,2836,-46.0
1813,3984,-56.0
1813,4971,-26.0
1814,382,198.0
1814,3248,136.0
1814,3704,-178.0
1814,4825,46.0
1815,1379,62.0
1815,1437,-64.0
1815,2958,-116.0
1815,3272,-158.0
1815,3960,16.0
1815,4694,-124.0
1816,4416,96.0
1817,3379,72.0
1817,4175,-178.0
1817,4362,-164.0
1818,75,54.0
1818,512,98.0
1818,1527,118.0
1818,2312,188.0
1818,4079,-28.0
1818,4683,-78.0
1818,4909,-34.0
1819,1412,-62.0
1819,2673,132.0
1819,3254,-114.0
1820,1769,-52.0
1820,2041,-36.0
1820,3769,-104.0
1820,4871,58.0
1820,4974,48.0
1821,2667,46.0
1821,3532,182.0
1821,4912,122.0
1821,4916,98.0
1822,1424,-124.0
1822,1610,32.0
1822,1639,198.0
1823,311,4.0
1823,722,18.0
1823,3088,-190.0
1823,3677,-142.0
1823,4844,64.0
1824,16,-2.0
1824,1099,112.0
1824,2234,0.0
1824,2378,178.0
1824,2468,-118.0
1824,2696,192.0
1824,3183,8.0
1824,3412,-70.0
1824,4978,-184.0
1825,314,82.0
1825,644,-30.0
1825,878,-72.0
1825,1541,-22.0
1825,1624,140.0
1825,2480,194.0
1826,1890,2.0
1826,2744,98.0
1826,3306,-52.0
1826,3776,-32.0
1826,4088,136.0
1826,4250,-54.0
1827,1007,132.0
1827,1906,-158.0
1827,4244,-104.0
1828,1059,-64.0
1828,1313,180.0
1828,2367,104.0
1828,4026,32.0
1828,4313,-102.0
1829,40,-50.0
1829,308,156.0
1829,956,-44.0
1829,1798,-42.0
1829,2081,178.0
1829,2913,-116.0
1829,4782,-94.0
1830,2187,-68.0
1830,3114,-34.0
1830,4097,-36.0
1831,669,-86.0
1831,1510,-102.0
1831,3697,-50.0
1831,3705,184.0
1831,3864,170.0
1832,265,-100.0
1832,2294,-114.0
1832,3255,176.0
1832,3561,-56.0
1832,4324,-86.0
1833,820,110.0
1833,2014,96.0
1833,3178,-122.0
1833,4308,198.0
1833,4756,-98.0
1834,354,188.0
1834,1001,144.0
1834,1563,-94.0
1834,2031,-114.0
1834,2525,158.0
1835,752,-50.0
1835,1269,-196.0
1835,1343,196.0
1835,4464,106.0
1836,1456,-128.0
1836,3047,140.0
1836,3366,4.0
1836,3685,64.0
1836,4950,-116.0
1837,451,174.0
1837,798,-40.0
1837,1533,-102.0
1837,2843,-152.0
1837,3871,-164.0
1837,4983,36.0
1838,1049,46.0
1838,1441,-114.0
1838,2627,182.0
1839,119,-72.0
1839,3013,-80.0
1839,3213,-172.0
1839,4456,92.0
1840,980,-32.0
1840,1697,52.0
1840,2016,194.0
1840,2659,-28.0
1840,3199,82.0
1840,3418,80.0
1841,142,-150.0
1841,651,38.0
1841,1343,48.0
1841,2544,-66.0
1841,2615,196.0
1841,3090,18.0
1841,3412,64.0
1842,1303,-140.0
1842,1787,-144.0
1842,1795,118.0
1842,1848,-172.0
1842,2176,-142.0
1842,2203,180.0
1842,3048,80.0
1842,4661,-114.0
1843,14,52.0
1843,1129,-148.0
1843,1844,-188.0
1843,1921,40.0
1843,2130,94.0
1843,2519,66.0
1843,3370,194.0
1843,3519,72.0
1843,3688,-88.0
1844,938,-80.0
1844,2344,164.0
1844,2365,-18.0
1845,2215,-116.0
1845,2341,-102.0
1845,2554,-158.0
1845,4069,-184.0
1845,4873,22.0
1846,202,-2.0
1846,1336,90.0
1846,2256,-112.0
1846,2472,-138.0
1846,2624,70.0
1846,2893,64.0
1846,4425,122.0
1846,4966,-168.0
1847,302,-26.0
1847,2656,-194.0
1847,3162,-136.0
1847,3252,8.0
1847,4409,-100.0
1847,4731,160.0
1848,133,74.0
1848,179,38.0
1848,3253,72.0
1848,4222,-16.0
1848,4366,-150.0
1849,450,-14.0
1849,450,-88.0
1849,942,-12.0
1849,2166,-172.0
1849,2257,-138.0
1849,2607,-192.0
1849,2864,-82.0
1849,4790,164.0
1849,4919,-186.0
1850,1057,168.0
1850,2129,24.0
1850,2520,-118.0
1850,3219,-154.0
1850,3486,90.0
1850,4115,-92.0
1851,1700,106.0
1851,1736,-138.0
1851,4663,44.0
1852,725,-54.0
1852,1225,44.0
1852,1252,-14.0
1852,1529,-48.0
1853,1644,-66.0
1853,2977,-40.0
1853,4927,86.0
1853,5000,-132.0
1854,1140,-160.0
1854,2835,66.0
1854,3215,-24.0
1854,4653,18.0
1855,74,-176.0
1855,264,86.0
1855,2381,-150.0
1855,2482,118.0
1855,2728,108.0
1855,4675,-152.0
1855,4789,-106.0
1856,623,-122.0
1856,1931,192.0
1856,2264,-24.0
1856,2346,152.0
1856,3092,126.0
1856,4182,-74.0
1856,4377,90.0
1856,4897,156.0
1857,1891,-134.0
1857,2785,-48.0
1857,2796,-112.0
1857,2848,40.0
1857,4140,100.0
1858,985,-6.0
1858,1033,-96.0
1858,1264,98.0
1858,2707,172.0
1858,3232,-96.0
1858,3510,-32.0
1858,4636,-192.0
1858,4928,34.0
1859,270,-124.0
1859,282,-52.0
1859,410,162.0
1859,461,-128.0
1859,775,-96.0
1859,2317,-172.0
1859,3471,4.0
1860,862,44.0
1860,1913,-36.0
1860,2146,154.0
1860,3183,-36.0
1860,4580,-136.0
1861,335,84.0
1861,1187,182.0
1861,3088,-198.0
1861,3702,-68.0
1861,4106,-132.0
1861,4704,6.0
1862,1029,40.0
1862,1061,70.0
1862,1124,-36.0
1862,1804,-178.0
1862,2812,-120.0
1862,3366,-152.0
1863,2223,102.0
1863,3125,-140.0
1864,127,46.0
1864,878,-110.0
1864,1145,-104.0
1864,1669,-26.0
1864,2316,60.0
1864,2476,-60.0
1864,3148,126.0
1865,1244,-138.0
1865,3190,6.0
1865,4184,106.0
1865,4329,-200.0
1866,590,176.0
1866,2867,174.0
1866,3089,34.0
1866,3133,72.0
1866,3150,78.0
1866,3308,36.0
1866,3867,-74.0
1866,4413,-126.0
1866,4700,-114.0
1867,438,138.0
1867,901,196.0
1867,1417,28.0
1867,2684,-62.0
1867,4160,-178.0
1868,23,120.0
1868,1556,-100.0
1868,3315,34.0
1869,178,182.0
1869,646,68.0
1869,2612,-94.0
1869,3795,144.0
1869,4079,30.0
1869,4390,-126.0
1869,4926,-158.0
1870,1620,92.0
1870,3398,60.0
1870,3451,-192.0
1870,3877,-200.0
1870,4066,32.0
1870,4765,-84.0
1871,193,-36.0
1871,1014,-66.0
1871,1067,84.0
1871,2587,-24.0
1871,3609,-168.0
1872,2422,-150.0
1872,2755,144.0
1872,3832,-98.0
1873,360,86.0
1873,1662,186.0
1873,1773,8.0
1873,1949,142.0
1873,2306,-132.0
1873,2575,164.0
1873,3508,-22.0
1874,905,78.0
1874,1103,-140.0
1874,1150,-4.0
1874,3830,0.0
1874,4495,24.0
1875,96,4.0
1875,341,-36.0
1875,2602,-12.0
1875,4284,-200.0
1876,119,-64.0
1876,417,98.0
1876,553,-94.0
1876,2257,42.0
1876,3324,198.0
1876,3567,-78.0
1876,4490,-196.0
1876,4902,152.0
1877,1674,-118.0
1877,1708,-180.0
1877,1775,-38.0
1877,2047,-40.0
1877,2765,94.0
1877,2767,-12.0
1877,3070,-94.0
1877,3455,-188.0
1877,4230,66.0
1877,4604,70.0
1878,55,142.0
1878,3035,164.0
1878,3854,138.0
1878,4117,184.0
1878,4467,100.0
1879,901,-76.0
1879,2087,-150.0
1879,3159,-168.0
1879,3483,-126.0
1879,4135,-2.0
1879,4193,-44.0
1879,4198,-164.0
1880,154,176.0
1880,967,0.0
1880,2531,96.0
1880,3633,24.0
1880,3928,126.0
1881,3578,76.0
1881,3597,108.0
1881,4481,90.0
1882,209,142.0
1882,744,112.0
1882,2783,58.0
1882,3092,-14.0
1882,3307,30.0
1882,3307,-192.0
1882,4848,-158.0
1883,223,196.0
1883,1651,62.0
1884,941,-68.0
1884,1526,76.0
1884,3380,194.0
1885,11,-156.0
1885,15,92.0
1885,502,112.0
1885,1010,164.0
1885,1258,-74.0
1885,1300,138.0
1885,1321,28.0
1885,2766,-120.0
1885,4207,-2.0
1886,960,-72.0
1886,1175,120.0
1886,1384,-96.0
1886,2909,-94.0
1886,4342,-186.0
1886,4820,168.0
1887,471,-166.0
1887,1688,-120.0
1887,2305,-2.0
1887,4263,-102.0
1887,4410,-146.0
1888,342,-164.0
1888,1969,-172.0
1888,2519,118.0
1888,2587,-24.0
1888,3262,-24.0
1888,4128,116.0
1888,4446,-80.0
1888,4477,0.0
1889,2598,36.0
1889,3527,92.0
1889,3673,-94.0
1890,2141,100.0
1890,4978,-56.0
1891,534,138.0
1891,3007,78.0
1891,3067,-68.0
1891,3437,-118.0
1892,166,-28.0
1892,3673,44.0
1892,3793,76.0
1893,920,146.0
1893,2386,-6.0
1893,2471,142.0
1893,3960,-88.0
1893,4748,-54.0
1893,4773,104.0
1894,618,92.0
1894,784,64.0
1894,1475,-2.0
1894,1699,120.0
1894,1919,150.0
1894,2618,-144.0
1894,3890,126.0
1894,4183,18.0
1894,4279,70.0
1894,4305,12.0
1895,164,-138.0
1895,447,44.0
1895,961,116.0
1895,2663,-142.0
1895,2729,-144.0
1895,2741,164.0
1896,2199,160.0
1896,3836,20.0
1896,3953,-76.0
1896,4438,32.0
1897,1118,124.0
1897,1933,40.0
1897,2151,180.0
1897,2602,-128.0
1897,2921,-12.0
1897,3529,92.0
1897,3974,-184.0
1897,4305,166.0
1897,4757,-102.0
1898,318,182.0
1898,2148,-188.0
1898,2981,-140.0
1898,3052,-68.0
1898,4014,42.0
1898,4242,140.0
1899,433,-150.0
1899,3388,14.0
1899,3487,36.0
1899,4958,-192.0
1900,460,-62.0
1900,1758,-12.0
1900,1776,198.0
1901,119,-110.0
1901,1639,192.0
1901,1975,50.0
1901,3250,-26.0
1902,515,4.0
1902,3553,20.0
1902,4012,144.0
1902,4587,90.0
1902,4942,188.0
1903,1546,48.0
1903,1654,68.0
1903,2534,-84.0
1903,2885,174.0
1903,2943,98.0
1903,3712,-192.0
1904,661,-174.0
1904,1388,162.0
1904,1452,-34.0
1904,1925,16.0
1904,2110,32.0
1904,2212,148.0
1904,3682,-2.0
1904,4223,-64.0
1905,178,-192.0
1905,503,120.0
1905,1218,112.0
1905,1746,146.0
1905,2945,-90.0
1905,3947,16.0
1905,3948,-14.0
1906,1749,-196.0
1906,2982,14.0
1906,4590,128.0
1907,1327,-108.0
1907,1720,124.0
1907,1781,118.0
1907,2083,146.0
1907,2275,-82.0
1907,3231,86.0
1907,4909,-98.0
1908,2549,-116.0
1908,3102,-76.0
1908,3161,124.0
1908,3178,-2.0
1908,3332,-6.0
1908,3488,-192.0
1908,3679,12.0
1908,4397,-84.0
1909,37,132.0
1909,197,72.0
1909,959,154.0
1909,1118,162.0
1909,3432,-60.0
1909,4297,-166.0
1910,1442,-12.0
1910,2486,140.0
1910,3535,-158.0
1910,3737,0.0
1910,4160,92.0
1910,4556,60.0
1911,22,-144.0
1911,643,-58.0
1911,679,60.0
1911,786,90.0
1911,1379,64.0
1911,2187,30.0
1911,3381,146.0
1912,291,-74.0
1912,421,168.0
1913,488,-180.0
1913,2540,140.0
1913,4179,46.0
1913,4198,66.0
1914,381,162.0
1914,1824,86.0
1914,1954,-92.0
1914,2202,-64.0
1914,4320,-76.0
1915,689,-184.0
1915,1694,92.0
1915,1961,-2.0
1915,2257,-96.0
1915,2602,114.0
1915,2848,-78.0
1915,4534,104.0
1915,4582,142.0
1916,12,66.0
1916,1339,62.0
1916,4397,-164.0
1916,4748,-84.0
1917,408,-88.0
1917,1209,-174.0
1917,1839,128.0
1917,2154,-182.0
1917,2315,-94.0
1917,2762,-60.0
1918,711,-148.0
1918,945,-178.0
1918,1238,136.0
1918,1451,-10.0
1918,3487,88.0
1918,3938,152.0
1919,6,40.0
1919,411,-52.0
1919,591,-138.0
1919,1413,156.0
1919,3739,-154.0
1919,4175,-2.0
1920,369,64.0
1920,1574,154.0
1920,3835,-136.0
1920,4130,-120.0
1921,1676,188.0
1921,2045,116.0
1921,3085,-128.0
1921,4318,-66.0
1921,4966,-148.0
1922,3204,-40.0
1923,2274,192.0
1923,2565,10.0
1923,3332,-130.0
1923,4687,70.0
1924,519,-148.0
1924,539,144.0
1925,802,82.0
1925,1990,-110.0
1925,2066,172.0
1925,2561,150.0
1925,3290,164.0
1925,4586,10.0
1926,131,48.0
1926,721,80.0
1926,2314,104.0
1926,2558,-46.0
1926,3788,74.0
1926,4239,-34.0
1926,4441,178.0
1926,4567,166.0
1926,4630,-88.0
1927,427,124.0
1927,2866,-136.0
1927,3316,-16.0
1927,3568,92.0
1928,851,10.0
1928,1329,174.0
1928,1606,-144.0
1928,1698,-2.0
1929,1993,182.0
1929,2051,-54.0
1929,3794,-38.0
1929,4068,-186.0
1929,4278,106.0
1929,4512,-80.0
1930,256,-42.0
1930,263,158.0
1930,342,-122.0
1930,1969,-78.0
1930,3318,194.0
1930,3488,142.0
1930,4828,76.0
1931,1508,48.0
1931,3758,-190.0
1931,3845,108.0
1932,221,114.0
1932,588,-52.0
1932,1968,6.0
1932,3358,-132.0
1932,3431,4.0
1932,4795,-102.0
1933,77,150.0
1933,1195,-8.0
1933,1517,-168.0
1933,2154,144.0
1933,2303,-70.0
1933,3444,60.0
1933,3849,-184.0
1934,454,-104.0
1934,1504,-186.0
1934,1778,100.0
1934,2447,-30.0
1935,893,-46.0
1935,2778,180.0
1935,4656,158.0
1936,2518,156.0
1936,3061,-140.0
1936,3213,-182.0
1937,223,166.0
1937,1978,14.0
1937,2561,74.0
1937,3303,192.0
1937,4870,-30.0
1938,22,-8.0
1938,3673,184.0
1938,4326,-154.0
1939,42,-108.0
1939,743,14.0
1939,2676,188.0
1939,2703,14.0
1939,3469,-46.0
1940,451,-82.0
1940,1998,-186.0
1940,2932,190.0
1940,3523,-140.0
1940,3568,-132.0
1940,3606,78.0
1940,4037,-16.0
1940,4307,2.0
1941,358,40.0
1941,2155,-74.0
1941,3308,100.0
1941,3444,182.0
1942,55,-22.0
1942,3170,140.0
1942,4007,120.0
1943,1322,166.0
1943,1533,-118.0
1943,3786,-72.0
1943,4440,-120.0
1943,4971,-18.0
1944,515,188.0
1944,1204,-70.0
1944,1904,-108.0
1944,3989,22.0
1944,4350,-146.0
1944,4713,-18.0
1945,433,56.0
1945,2941,-174.0
1945,2980,46.0
1945,3097,18.0
1945,3429,46.0
1946,642,88.0
1946,1009,50.0
1946,1717,-32.0
1946,1827,40.0
1947,161,16.0
1947,1457,42.0
1947,1867,166.0
1947,1939,-144.0
1947,2931,118.0
1947,3090,-30.0
1947,3968,-176.0
1947,4557,-2.0
1947,4915,142.0
1948,1286,-198.0
1948,1342,28.0
1948,2152,138.0
1948,3543,72.0
1948,4612,-140.0
1948,4663,76.0
1949,72,-50.0
1949,986,-186.0
1949,2092,2.0
1949,2103,-48.0
1949,3199,94.0
1950,1303,-114.0
1950,1898,168.0
1950,2261,-6.0
1950,3649,-114.0
1950,4590,-32.0
1951,1607,-20.0
1951,2804,40.0
1951,2826,-60.0
1951,3879,60.0
1952,1977,-150.0
1952,2932,-200.0
1952,4256,134.0
1953,2080,24.0
1953,2946,198.0
1953,3714,144.0
1953,4304,168.0
1954,443,90.0
1954,712,-98.0
1954,993,26.0
1954,1333,-60.0
1955,4101,164.0
1956,1587,144.0
1956,2302,122.0
1956,3295,-164.0
1956,3403,-50.0
1956,3556,-82.0
1956,4445,28.0
1956,4541,102.0
1957,63,162.0
1957,1334,-90.0
1957,2606,162.0
1957,3003,-114.0
1957,3789,-134.0
1957,3913,92.0
1958,1120,166.0
1958,2084,-174.0
1958,2352,-156.0
1958,4076,138.0
1959,1270,-50.0
1959,1769,40.0
1959,2055,144.0
1959,2079,4.0
1959,2849,-80.0
1959,3052,192.0
1960,1460,-48.0
1960,2620,58.0
1960,3158,-88.0
1960,4165,82.0
1961,1395,92.0
1961,1638,-174.0
1961,1832,-74.0
1961,1841,142.0
1961,2275,-88.0
1961,3707,-90.0
1962,1962,-142.0
1962,3090,20.0
1962,3872,-22.0
1962,4149,-126.0
1963,3446,-112.0
1964,1211,158.0
1964,1599,130.0
1964,2385,-60.0
1964,2827,92.0
1964,3997,124.0
1964,4015,152.0
1964,4758,-94.0
1965,19,-138.0
1965,970,-56.0
1965,3619,-24.0
1965,4727,-94.0
1966,403,48.0
1966,3092,34.0
1967,406,106.0
1967,1450,70.0
1967,2779,90.0
1967,2895,-6.0
1967,4337,146.0
1968,1161,-132.0
1968,1456,6.0
1968,2391,-80.0
1968,2885,166.0
1968,3746,150.0
1968,3817,84.0
1968,4286,42.0
1969,3660,112.0
1969,3833,-34.0
1969,4603,80.0
1970,82,124.0
1970,580,-110.0
1970,772,-160.0
1970,858,118.0
1970,1460,122.0
1970,1710,62.0
1970,2896,-60.0
1970,3113,8.0
1971,285,42.0
1971,638,124.0
1971,2411,18.0
1971,3762,-178.0
1971,4506,-54.0
1971,4522,50.0
1971,4674,68.0
1972,211,-20.0
1972,237,98.0
1972,707,188.0
1972,2368,-98.0
1972,3490,-94.0
1972,3546,40.0
1973,2308,-70.0
1973,2490,10.0
1973,3723,132.0
1973,4913,-62.0
1973,4927,-172.0
1974,741,78.0
1974,1429,-66.0
1974,1699,138.0
1974,2131,22.0
1974,2718,-88.0
1974,3665,4.0
1974,4503,92.0
1974,4698,198.0
1975,2206,-96.0
1976,49,-40.0
1976,438,-136.0
1976,751,42.0
1976,2893,34.0
1976,3535,-52.0
1977,890,-102.0
1977,1662,146.0
1977,1861,72.0
1977,3057,78.0
1977,3108,-176.0
1977,3684,-26.0
1978,2734,174.0
1978,2769,138.0
1978,3037,-86.0
1978,3100,70.0
1978,3680,-48.0
1978,3951,148.0
1978,4117,-86.0
1978,4491,58.0
1979,962,-46.0
1979,4074,16.0
1980,671,-62.0
1980,1413,194.0
1980,1743,-30.0
1980,2314,164.0
1980,4571,160.0
1981,2492,-86.0
1981,3151,-184.0
1981,3605,-14.0
1982,1362,136.0
1982,3679,-176.0
1983,501,-24.0
1983,1366,-176.0
1983,1494,-76.0
1983,1687,20.0
1983,1968,-144.0
1983,3172,-166.0
1983,4058,90.0
1983,4117,4.0
1983,4605,-152.0
1984,3410,-88.0
1984,3750,-194.0
1985,680,-200.0
1985,1247,-4.0
1985,1552,-142.0
1985,4738,-182.0
1986,210,54.0
1986,731,-176.0
1986,1123,110.0
1986,1167,40.0
1986,3445,174.0
1986,4054,156.0
1986,4293,44.0
1987,55,176.0
1987,134,62.0
1987,1320,178.0
1987,1853,38.0
1987,2300,-138.0
1987,2390,132.0
1987,2776,-32.0
1987,3007,42.0
1987,3347,100.0
1987,3439,168.0
1987,3642,82.0
1987,4282,90.0
1988,319,16.0
1988,1275,192.0
1988,2291,-42.0
1988,3361,-94.0
1988,3368,-80.0
1988,3922,-162.0
1988,4862,102.0
1989,1191,-150.0
1989,1270,160.0
1989,1513,-192.0
1989,2535,-94.0
1989,3012,-182.0
1989,3904,90.0
1990,2315,-136.0
1990,2599,114.0
1990,3037,-146.0
1990,3262,-142.0
1991,698,-40.0
1991,1227,-46.0
1991,1628,-68.0
1991,3088,-44.0
1991,4215,-106.0
1992,412,-70.0
1992,1342,54.0
1992,1804,102.0
1992,2868,28.0
1992,4651,-16.0
1993,1435,176.0
1993,2368,174.0
1993,2676,154.0
1993,3369,48.0
1994,1109,-84.0
1994,1619,-88.0
1994,2958,118.0
1994,3575,66.0
1994,3625,-142.0
1995,216,106.0
1995,3176,-84.0
1995,3371,2.0
1995,4322,198.0
1996,309,-60.0
1996,419,66.0
1996,1410,96.0
1996,1768,130.0
1996,2384,-192.0
1997,193,166.0
1997,334,8.0
1997,523,-122.0
1997,2101,-40.0
1997,3737,68.0
1997,3765,68.0
1997,3811,-166.0
1997,4407,186.0
1997,4664,46.0
1998,836,80.0
1998,2090,-16.0
1998,2130,128.0
1998,4059,-160.0
1999,449,194.0
1999,1597,118.0
1999,1697,-154.0
1999,2193,-108.0
1999,2381,18.0
1999,3372,32.0
2000,381,-188.0
2000,1024,42.0
2000,1753,36.0
2000,3111,-196.0
2001,996,198.0
2001,2253,-20.0
2001,3349,-4.0
2001,4022,-40.0
2002,2577,138.0
2002,3259,-100.0
2002,4301,78.0
2002,4542,140.0
2003,701,-90.0
2003,3972,176.0
2003,4391,192.0
2003,4581,-186.0
2004,122,-20.0
2004,627,-186.0
2004,2328,-182.0
2004,3511,4.0
2004,3589,-16.0
2004,3642,-86.0
2004,4726,72.0
2005,516,102.0
2005,1961,-196.0
2005,2057,160.0
2005,4469,0.0
2006,384,118.0
2006,1726,-176.0
2006,2828,-114.0
2006,4345,134.0
2007,1343,-152.0
2007,2078,-160.0
2007,3640,-20.0
2007,4268,120.0
2008,128,58.0
2008,572,106.0
2008,1462,-104.0
2008,2267,184.0
2008,2267,126.0
2008,2870,154.0
2009,1100,112.0
2009,2841,186.0
2010,1065,-76.0
2010,4113,8.0
2010,4294,-106.0
2011,333,-62.0
2011,463,162.0
2011,1644,80.0
2011,2926,98.0
2011,3978,86.0
2012,408,-64.0
2012,2699,168.0
2012,2701,-118.0
2012,3190,-180.0
2012,3940,-80.0
2012,3955,166.0
2013,1560,22.0
2013,1886,90.0
2013,2192,110.0
2013,4264,106.0
2014,1141,16.0
2014,3020,-48.0
2014,3397,154.0
2015,322,136.0
2015,2227,98.0
2015,2413,-84.0
2015,3043,26.0
2015,4194,-52.0
2015,4881,-156.0
2016,24,-68.0
2016,2454,-84.0
2016,3148,94.0
2016,3377,198.0
2016,4571,96.0
2016,4658,-44.0
2017,285,68.0
2017,2781,-116.0
2017,2936,116.0
2017,3595,114.0
2018,1779,24.0
2018,2231,66.0
2018,2512,54.0
2018,2922,-58.0
2018,3589,106.0
2019,235,86.0
2019,4754,158.0
2019,4911,196.0
2020,52,176.0
2020,437,6.0
2020,2520,98.0
2020,4244,-12.0
2020,4484,-90.0
2021,108,-36.0
2021,712,118.0
2021,823,60.0
2022,132,-52.0
2022,2199,-148.0
2022,2538,172.0
2022,2766,-30.0
2022,3731,-116.0
2022,4482,-200.0
2022,4567,-160.0
2023,611,94.0
2023,2001,124.0
2023,3382,28.0
2023,4502,148.0
2024,677,-10.0
2024,2206,-40.0
2024,3391,-74.0
2024,3885,-166.0
2025,448,-148.0
2025,1112,-166.0
2025,1368,156.0
2025,1778,14.0
2025,2968,106.0
2025,3059,-26.0
2025,4121,124.0
2025,4343,4.0
2025,4888,-30.0
2026,224,104.0
2026,761,180.0
2026,1559,88.0
2026,1884,-188.0
2026,3612,-144.0
2027,82,198.0
2027,188,-172.0
2027,1520,-118.0
2027,2329,6.0
2027,3108,-134.0
2027,4883,-124.0
2028,553,-92.0
2028,816,-166.0
2028,4166,-172.0
2028,4352,158.0
2028,4929,56.0
2029,462,-190.0
2029,1754,-88.0
2029,2286,74.0
2029,3013,172.0
2029,3241,164.0
2029,3356,-78.0
2029,3733,-66.0
2029,4267,-38.0
2030,332,-44.0
2030,1731,182.0
2031,362,-10.0
2031,400,174.0
2031,1577,190.0
2031,2258,132.0
2031,2362,-162.0
2031,4931,174.0
2032,484,-22.0
2032,654,38.0
2032,4172,28.0
2032,4952,110.0
2033,362,76.0
2033,1508,146.0
2033,2414,-178.0
2033,2784,-138.0
2033,3500,-52.0
2033,3545,-18.0
2034,390,170.0
2034,572,174.0
2034,2072,-158.0
2034,3501,60.0
2034,3508,80.0
2034,4344,-42.0
2036,156,-38.0
2036,392,-186.0
2036,1319,-130.0
2036,2564,158.0
2036,3129,-166.0
2036,3242,-146.0
2036,3460,162.0
2036,4445,-196.0
2037,1963,-62.0
2037,2416,88.0
2037,2525,-148.0
2037,2958,-30.0
2037,4483,126.0
2038,2701,0.0
2038,4031,132.0
2038,4671,-158.0
2038,4769,-104.0
2039,10,44.0
2039,247,132.0
2039,349,-172.0
2039,628,-18.0
2039,996,44.0
2039,1358,8.0
2039,4132,-146.0
2039,4412,-140.0
2040,1395,142.0
2040,2648,-182.0
2040,3168,-84.0
2040,4178,8.0
2041,1527,104.0
2041,1900,12.0
2041,2302,-118.0
2041,2339,182.0
2041,2932,-2.0
2041,3064,0.0
2041,4400,60.0
2041,4491,154.0
2042,711,48.0
2042,936,-154.0
2042,1312,-2.0
2042,2046,86.0
2042,2295,-10.0
2042,2376,-176.0
2042,4715,16.0
2043,1,126.0
2043,605,-146.0
2043,1129,22.0
2043,1459,22.0
2043,1490,118.0
2043,1640,32.0
2043,1919,162.0
2043,3606,-196.0
2043,4935,198.0
2044,924,182.0
2044,1885,44.0
2044,3928,150.0
2045,659,40.0
2045,1129,-156.0
2045,1355,-30.0
2045,1717,30.0
2045,3506,-116.0
2045,3619,-150.0
2045,4817,-40.0
2046,511,4.0
2046,1997,6.0
2046,2185,174.0
2046,2606,-88.0
2046,2743,-90.0
2046,3186,158.0
2047,1243,182.0
2047,2704,-196.0
2047,3317,-10.0
2047,3732,-50.0
2047,4619,194.0
2048,223,-108.0
2048,875,86.0
2048,2151,162.0
2048,3217,-156.0
2048,3411,-124.0
2048,4352,-128.0
2048,4502,-56.0
2049,753,64.0
2049,1330,84.0
2049,1336,158.0
2049,1698,-168.0
2049,2243,14.0
2049,2693,-196.0
2050,777,0.0
2050,973,-120.0
2050,1665,-142.0
2050,2849,-122.0
2051,913,160.0
2051,1784,140.0
2051,2868,-104.0
2051,4903,-56.0
2052,795,-42.0
2052,2583,104.0
2052,2588,-30.0
2052,3508,-146.0
2052,4327,-104.0
2052,4639,-172.0
2052,4703,148.0
2053,77,-192.0
2053,1895,12.0
2053,3201,24.0
2053,3449,74.0
2054,1751,-50.0
2054,2106,-36.0
2054,2335,156.0
2054,3209,-90.0
2054,3527,170.0
2055,73,-24.0
2055,198,38.0
2055,523,110.0
2055,1300,-160.0
2055,2814,-6.0
2056,302,130.0
2056,1590,44.0
2056,2805,24.0
2056,3380,-96.0
2056,4995,158.0
2057,465,22.0
2057,940,4.0
2057,1135,18.0
2057,1488,120.0
2057,1639,16.0
2057,1774,6.0
2057,2948,68.0
2057,3807,-200.0
2057,3955,-142.0
2057,4777,30.0
2058,177,190.0
2058,3380,-122.0
2058,3823,112.0
2058,4149,28.0
2059,1946,48.0
2059,2078,6.0
2059,2893,-88.0
2059,4369,60.0
2059,4380,170.0
2060,981,182.0
2060,1741,82.0
2060,1816,118.0
2060,2216,54.0
2060,3816,-6.0
2061,358,-18.0
2061,1085,102.0
2061,2193,-62.0
2061,3561,36.0
2061,4003,134.0
2061,4055,186.0
2061,4941,-40.0
2062,738,102.0
2062,2261,174.0
2062,2264,116.0
2062,4715,-66.0
2062,4779,-116.0
2063,2132,-90.0
2063,2323,92.0
2063,2571,-130.0
2063,2909,92.0
2063,4026,-8.0
2064,394,-148.0
2064,971,-160.0
2064,997,-30.0
2064,1104,110.0
2064,1173,-158.0
2064,1246,182.0
2064,1447,106.0
2064,1615,66.0
2064,1808,142.0
2064,1845,130.0
2064,2991,52.0
2064,4620,142.0
2065,63,-34.0
2065,305,-74.0
2065,579,166.0
2065,736,-36.0
2065,949,-166.0
2065,1245,-166.0
2065,2530,32.0
2065,2561,94.0
2065,4175,-174.0
2066,623,106.0
2066,744,14.0
2066,1383,150.0
2066,2711,94.0
2066,3530,24.0
2066,3839,-104.0
2066,3899,94.0
2066,3961,78.0
2067,2361,-62.0
2067,2391,-110.0
2067,3986,-68.0
2067,4210,64.0
2068,1420,-178.0
2068,2462,66.0
2069,69,78.0
2069,377,-50.0
2069,1067,16.0
2069,2579,178.0
2069,4471,-140.0
2069,4594,4.0
2069,4688,190.0
2070,742,-62.0
2071,629,64.0
2071,1046,6.0
2071,1611,-168.0
2071,1997,126.0
2071,2042,-112.0
2071,3893,-170.0
2071,4123,-122.0
2072,3035,-70.0
2073,822,140.0
2073,883,156.0
2073,940,168.0
2073,2276,164.0
2073,2513,-90.0
2073,2882,-44.0
2073,3171,174.0
2073,4609,-200.0
2074,308,-16.0
2074,790,84.0
2074,973,108.0
2074,2245,-152.0
2074,2501,160.0
2074,2935,56.0
2074,3639,40.0
2074,3658,116.0
2074,4099,-118.0
2075,158,20.0
2075,1546,24.0
2075,2108,154.0
2075,2118,-76.0
2075,2391,-190.0
2075,3809,106.0
2075,4625,-106.0
2076,402,-44.0
2076,988,-128.0
2076,3816,-34.0
2077,1154,-88.0
2077,1518,-52.0
2077,1636,-170.0
2077,2756,-84.0
2077,3386,-120.0
2077,4828,116.0
2077,4912,30.0
2078,2595,182.0
2078,3251,-92.0
2078,3410,196.0
2079,1495,138.0
2079,2091,-182.0
2079,2624,174.0
2079,3466,178.0
2079,4245,-46.0
2079,4563,-134.0
2079,4625,146.0
2080,1359,142.0
2080,1455,4.0
2080,2264,-48.0
2080,2280,-156.0
2080,2374,-182.0
2080,2751,144.0
2080,2858,-146.0
2080,3933,-6.0
2081,56,94.0
2081,1621,60.0
2081,3824,-176.0
2081,4554,-192.0
2082,358,146.0
2082,393,126.0
2082,412,-146.0
2082,1535,-136.0
2082,4473,34.0
2082,4974,-20.0
2083,145,-18.0
2083,1813,114.0
2083,2260,122.0
2083,3186,-200.0
2083,4927,8.0
2084,100,90.0
2084,1435,74.0
2084,1890,52.0
2084,1926,76.0
2084,3288,-186.0
2085,2621,-94.0
2085,3554,-68.0
2085,3844,60.0
2086,195,106.0
2086,1891,82.0
2086,3787,-56.0
2087,936,126.0
2087,1034,-108.0
2087,1855,196.0
2087,3070,188.0
2087,4935,-172.0
2088,4595,-4.0
2088,4874,94.0
2089,745,-30.0
2089,1223,106.0
2089,3321,10.0
2089,3763,194.0
2090,1000,-58.0
2090,1149,6.0
2090,1733,14.0
2090,1769,62.0
2090,2603,-24.0
2091,773,-70.0
2091,1643,0.0
2091,3292,-124.0
2091,3679,14.0
2091,4511,-116.0
2092,760,72.0
2092,1406,-154.0
2092,1853,-54.0
2092,3545,-164.0
2093,514,-122.0
2093,984,-168.0
2093,3273,-90.0
2093,3564,-152.0
2094,423,48.0
2094,993,-112.0
2094,1538,-2.0
2094,2141,94.0
2094,4126,-182.0
2095,1063,50.0
2095,2381,72.0
2096,233,-200.0
2096,1970,6.0
2096,4739,160.0
2097,1352,184.0
2097,1459,186.0
2097,2053,54.0
2097,2537,-80.0
2097,2975,4.0
2097,3798,-90.0
2097,4018,-70.0
2097,4316,-154.0
2098,230,-126.0
2098,412,44.0
2099,541,148.0
2099,2301,-120.0
2099,4958,132.0
2100,434,10.0
2100,744,-112.0
2100,2366,-52.0
2100,2559,36.0
2100,4354,72.0
2101,980,16.0
2101,1569,78.0
2101,1588,100.0
2101,3989,12.0
2101,4347,-54.0
2101,4348,-74.0
2101,4820,64.0
2102,28,-80.0
2102,703,-98.0
2102,1876,-68.0
2102,2106,-92.0
2102,3613,154.0
2102,4053,58.0
2103,995,-168.0
2103,1905,-142.0
2103,3099,-110.0
2103,3769,58.0
2103,4146,-8.0
2104,780,-88.0
2104,2734,-186.0
2104,3132,-126.0
2104,4637,114.0
2104,4904,-108.0
2104,4924,102.0
2105,1836,0.0
2105,2144,-18.0
2105,3686,184.0
2106,223,88.0
2106,863,-30.0
2106,1381,-88.0
2106,1391,-20.0
2106,2553,-80.0
2106,3239,-162.0
2106,3418,-156.0
2106,4065,-196.0
2107,781,-92.0
2107,1845,-182.0
2107,3262,60.0
2107,3529,-40.0
2107,4227,26.0
2108,250,40.0
2108,4234,24.0
2108,4819,-192.0
2109,332,-146.0
2109,749,88.0
2109,3278,12.0
2109,4346,88.0
2110,4,66.0
2110,879,-84.0
2110,904,-14.0
2110,1337,-114.0
2110,3590,116.0
2110,4913,-100.0
2111,802,162.0
2111,1171,-4.0
2111,2235,66.0
2111,3970,-168.0
2112,5000,112.0
2113,2820,188.0
2113,3500,52.0
2113,4519,-152.0
2114,1950,-38.0
2114,3104,114.0
2114,3512,-124.0
2114,3545,44.0
2114,3895,-184.0
2114,4201,166.0
2115,584,152.0
2115,1229,64.0
2115,1799,-70.0
2115,2232,26.0
2115,3980,70.0
2115,4016,-44.0
2115,4479,30.0
2116,1031,-116.0
2116,3530,92.0
2116,3853,-8.0
2116,3867,-32.0
2116,4063,146.0
2117,165,132.0
2117,463,92.0
2117,1262,118.0
2118,695,164.0
2118,1178,-134.0
2118,2236,-144.0
2119,659,92.0
2119,1495,14.0
2119,3340,-36.0
2119,4061,82.0
2119,4438,24.0
2121,330,76.0
2121,1075,124.0
2121,2086,-148.0
2121,4117,-10.0
2121,4144,-162.0
2121,4627,-60.0
2122,210,-200.0
2122,1343,-48.0
2122,1824,-196.0
2122,1828,-26.0
2122,2540,-164.0
2122,2592,0.0
2122,3956,50.0
2122,4668,-66.0
2123,53,-74.0
2123,538,-110.0
2123,872,194.0
2123,3072,48.0
2123,3433,-118.0
2123,3908,-84.0
2123,4908,-64.0
2124,1009,-126.0
2124,1221,-110.0
2124,2950,-200.0
2124,3087,160.0
2125,2007,-44.0
2125,2120,-4.0
2125,2338,70.0
2125,3259,62.0
2125,4733,-86.0
2126,28,114.0
2126,1338,40.0
2126,1722,-4.0
2126,2675,-86.0
2126,2679,14.0
2126,3814,134.0
2126,4646,86.0
2127,636,86.0
2127,696,130.0
2127,1076,134.0
2127,1808,192.0
2127,1860,92.0
2127,2403,136.0
2128,1592,134.0
2128,4028,110.0
2128,4671,82.0
2129,406,-10.0
2129,552,52.0
2129,4235,166.0
2129,4803,184.0
2130,1585,52.0
2130,1708,-40.0
2130,2255,60.0
2131,7,182.0
2131,1451,110.0
2131,2462,172.0
2131,3093,62.0
2131,3399,-184.0
2132,1797,-34.0
2132,2669,66.0
2132,3735,-142.0
2132,4324,-156.0
2132,4931,-22.0
2133,325,196.0
2133,1526,-92.0
2133,2025,-72.0
2133,3360,44.0
2134,883,6.0
2134,3798,10.0
2135,35,-120.0
2135,912,-86.0
2135,926,-54.0
2135,2066,-144.0
2135,2829,142.0
2135,3188,-98.0
2135,3952,-158.0
2135,4518,4.0
2135,4524,168.0
2135,4645,132.0
2136,52,-28.0
2136,1851,170.0
2136,2024,-104.0
2136,2317,182.0
2136,2897,144.0
2136,4407,-200.0
2137,1581,-138.0
2137,2352,-176.0
2137,4117,172.0
2138,462,136.0
2138,595,158.0
2138,1273,108.0
2138,1494,94.0
2139,129,198.0
2139,1167,114.0
2139,3383,-38.0
2139,3587,162.0
2139,4201,-104.0
2140,22,-26.0
2140,2302,-194.0
2140,2976,-100.0
2141,4113,-116.0
2142,1891,130.0
2143,2956,76.0
2143,3064,-42.0
2143,3360,-24.0
2143,3415,-182.0
2143,4503,-126.0
2144,214,146.0
2144,503,-148.0
2144,1996,198.0
2144,3430,68.0
2144,4313,-26.0
2144,4666,58.0
2145,1299,-2.0
2145,1957,30.0
2145,3303,-104.0
2145,3384,-112.0
2145,4650,-118.0
2145,4822,-44.0
2146,2165,-168.0
2146,2874,-156.0
2147,442,2.0
2147,817,118.0
2147,1108,-110.0
2147,3680,-70.0
2148,268,-128.0
2148,1122,-104.0
2148,2597,150.0
2148,2969,8.0
2148,3854,10.0
2148,4831,-56.0
2149,259,-40.0
2149,1082,112.0
2149,2947,26.0
2149,3315,-12.0
2149,3717,110.0
2149,4267,-144.0
2150,58,22.0
2150,2459,-52.0
2151,1236,100.0
2151,2023,-152.0
2151,4134,54.0
2152,796,-34.0
2152,1301,14.0
2152,2088,-38.0
2152,2326,-138.0
2152,3953,-54.0
2152,4167,-106.0
2152,4273,-104.0
2153,64,-4.0
2153,1428,-102.0
2153,1958,90.0
2153,2607,-162.0
2154,3274,-40.0
2154,3297,180.0
2154,3332,-144.0
2154,4693,0.0
2155,830,30.0
2155,1913,-78.0
2155,2006,-196.0
2155,2528,18.0
2155,2578,58.0
2155,3655,-200.0
2155,4713,84.0
2156,806,58.0
2156,2655,-94.0
2156,2663,102.0
2156,4630,-72.0
2156,4678,96.0
2157,196,56.0
2157,1223,-22.0
2157,1257,-56.0
2157,1364,-6.0
2157,3121,194.0
2157,3215,90.0
2157,3696,142.0
2157,3998,0.0
2157,4018,-118.0
2157,4025,42.0
2157,4283,156.0
2157,4680,-12.0
2157,4892,104.0
2158,2270,-100.0
2158,4358,-196.0
2159,853,-112.0
2159,1088,84.0
2159,1361,26.0
2159,1884,38.0
2159,3571,94.0
2159,3658,84.0
2159,3687,78.0
2159,3831,86.0
2159,4059,-118.0
2159,4401,-124.0
2159,4524,90.0
2160,91,132.0
2160,1434,40.0
2160,2192,192.0
2160,2670,32.0
2160,3537,20.0
2160,4170,-178.0
2161,1477,114.0
2161,1963,-48.0
2161,1997,48.0
2161,2188,-18.0
2161,2621,-164.0
2161,2836,118.0
2161,2984,-34.0
2161,4855,-178.0
2162,916,18.0
2162,1233,-114.0
2162,1621,-10.0
2162,1729,-126.0
2162,3399,-182.0
2162,3928,-130.0
2162,4444,34.0
2163,482,194.0
2163,646,84.0
2163,1140,-68.0
2163,2487,-114.0
2163,4617,134.0
2164,1391,194.0
2164,1420,182.0
2164,1451,74.0
2164,1489,80.0
2164,2552,-198.0
2164,3220,98.0
2164,4072,-102.0
2164,4958,-28.0
2165,1573,194.0
2165,1849,-82.0
2165,4463,10.0
2166,116,48.0
2166,788,-46.0
2166,4849,-142.0
2166,4875,-70.0
2167,2406,-6.0
2167,2702,-118.0
2167,3061,18.0
2167,4444,128.0
2168,2527,-122.0
2168,4065,-86.0
2168,4653,188.0
2169,2004,-124.0
2170,194,44.0
2170,742,198.0
2170,2771,-194.0
2170,3203,72.0
2170,3229,0.0
2170,3866,198.0
2171,634,-198.0
2171,1412,184.0
2171,1828,92.0
2171,2603,-86.0
2171,3806,166.0
2171,3837,104.0
2171,4164,-168.0
2171,4194,-114.0
2171,4414,-90.0
2172,687,-112.0
2172,1837,-28.0
2172,4824,-76.0
2173,388,12.0
2173,2075,126.0
2173,2447,56.0
2173,2988,66.0
2173,3135,-92.0
2173,4883,-194.0
2174,859,-164.0
2174,3103,-194.0
2174,4736,30.0
2175,1236,-174.0
2175,2890,62.0
2176,3248,74.0
2176,3429,194.0
2176,3998,92.0
2176,4689,-158.0
2176,4820,58.0
2177,699,-150.0
2177,1083,26.0
2177,4517,80.0
2177,4827,-98.0
2178,3483,-160.0
2178,3510,116.0
2179,2194,-20.0
2179,2975,54.0
2179,3102,80.0
2179,4769,66.0
2179,4866,52.0
2180,792,184.0
2180,1202,102.0
2180,1864,158.0
2180,3435,186.0
2180,4110,-48.0
2180,4445,68.0
2181,2005,-168.0
2181,2200,-40.0
2181,2818,-116.0
2181,3513,188.0
2181,4837,156.0
2182,725,-44.0
2182,1205,160.0
2182,2052,90.0
2182,2633,-102.0
2182,2667,196.0
2182,3693,-130.0
2182,3819,-74.0
2182,4322,126.0
2183,2718,-110.0
2183,3812,112.0
2183,4621,-124.0
2184,204,124.0
2184,2267,-48.0
2184,3403,-162.0
2184,4272,26.0
2185,2521,-190.0
2185,3859,-52.0
2186,28,192.0
2186,1495,-90.0
2186,2552,-76.0
2186,2924,18.0
2186,2989,84.0
2186,4706,4.0
2187,1579,-152.0
2187,3793,-16.0
2187,4340,182.0
2187,4722,130.0
2188,2842,100.0
2188,4591,-32.0
2188,4618,-88.0
2189,302,-76.0
2189,536,-64.0
2189,1993,118.0
2189,2319,-174.0
2189,2731,-54.0
2189,4887,-52.0
2190,1252,-6.0
2190,1475,-90.0
2191,274,-108.0
2191,679,68.0
2191,1033,-146.0
2191,2029,38.0
2191,3552,180.0
2191,3591,180.0
2191,3626,98.0
2191,4889,174.0
2192,1935,140.0
2192,4453,-178.0
2192,4950,32.0
2193,371,88.0
2193,1463,-116.0
2193,1614,-144.0
2193,1920,-8.0
2193,2105,-12.0
2194,1451,-76.0
2194,1625,-92.0
2194,2947,2.0
2194,3660,44.0
2194,4497,182.0
2195,29,-8.0
2195,136,22.0
2195,532,98.0
2195,734,182.0
2195,1263,146.0
2195,1689,18.0
2195,2396,-44.0
2195,2476,-130.0
2195,2745,-184.0
2195,3280,-80.0
2195,3370,88.0
2196,1677,68.0
2196,2520,174.0
2196,3703,84.0
2197,15,114.0
2197,594,84.0
2197,1177,-168.0
2197,3505,16.0
2197,3735,98.0
2197,3743,-160.0
2197,4801,-198.0
2197,4875,-4.0
2198,325,94.0
2198,2150,-26.0
2198,3208,14.0
2199,1173,-48.0
2199,1313,-74.0
2199,1698,192.0
2199,3218,14.0
2200,890,-192.0
2200,1466,184.0
2200,4973,-118.0
2201,510,-36.0
2201,1777,-190.0
2201,2302,94.0
2201,3160,134.0
2201,4527,146.0
2202,285,-166.0
2202,3548,-52.0
2203,1467,168.0
2203,2253,-34.0
2203,2657,84.0
2203,2686,72.0
2203,4995,-30.0
2204,1845,130.0
2204,2399,-62.0
2204,3392,126.0
2204,4185,114.0
2204,4649,-12.0
2205,523,154.0
2205,1306,106.0
2205,2179,-64.0
2205,2429,-66.0
2205,3844,-84.0
2206,686,-164.0
2206,1240,82.0
2206,1613,152.0
2206,2151,194.0
2206,4439,58.0
2207,3518,82.0
2207,4417,-194.0
2207,4480,-142.0
2208,1249,112.0
2208,1556,86.0
2208,1793,-106.0
2208,1966,104.0
2208,3120,-98.0
2209,2017,4.0
2209,2154,-102.0
2209,3315,24.0
2209,4403,-88.0
2209,4474,-14.0
2210,279,106.0
2210,1359,140.0
2210,1855,-196.0
2210,3944,-118.0
2210,4091,-24.0
2210,4392,112.0
2211,1064,-86.0
2211,1427,-18.0
2211,1805,66.0
2212,3144,172.0
2212,3379,34.0
2212,3411,120.0
2212,4465,-190.0
2212,4915,22.0
2212,4937,-174.0
2213,460,14.0
2213,590,-146.0
2213,1842,-62.0
2213,2487,94.0
2213,2530,178.0
2213,2844,124.0
2213,3726,132.0
2213,4805,-50.0
2214,3215,82.0
2214,3433,48.0
2215,352,-76.0
2215,1912,58.0
2215,4867,132.0
2216,73,4.0
2216,608,-138.0
2216,1421,-184.0
2216,3197,-54.0
2217,17,62.0
2217,1363,188.0
2217,2746,118.0
2217,2867,-128.0
2218,1056,-36.0
2218,2581,-156.0
2218,2713,-32.0
2218,4225,-92.0
2218,4665,176.0
2219,93,34.0
2219,847,130.0
2219,1753,-164.0
2219,2087,56.0
2220,3073,176.0
2220,3299,-10.0
2220,3893,-82.0
2221,128,-26.0
2221,349,26.0
2221,768,56.0
2221,2526,-56.0
2221,2613,100.0
2221,3016,-92.0
2221,3313,-170.0
2222,3353,-120.0
2222,4221,50.0
2223,1634,66.0
2223,4307,-200.0
2224,1137,64.0
2224,1386,96.0
2224,2726,-196.0
2224,2824,-38.0
2224,3261,-186.0
2224,4318,150.0
2224,4931,140.0
2225,739,-164.0
2225,1125,106.0
2225,1824,180.0
2225,2035,114.0
2225,2163,-120.0
2225,2669,-182.0
2225,3984,4.0
2226,1338,26.0
2226,3863,-78.0
2226,4363,-14.0
2226,4384,-80.0
2227,356,-74.0
2227,861,-114.0
2227,1700,-12.0
2227,2256,-174.0
2227,3473,-134.0
2227,3562,-148.0
2227,4127,-106.0
2227,4208,-70.0
2227,4602,78.0
2228,862,-20.0
2228,4048,-136.0
2228,4307,-194.0
2229,224,20.0
2229,762,74.0
2229,1447,98.0
2229,1705,-136.0
2229,2801,-24.0
2229,4595,62.0
2230,2420,-28.0
2231,662,72.0
2231,1611,-42.0
2231,4503,-192.0
2232,505,-138.0
2232,2320,-96.0
2232,4648,80.0
2233,632,-120.0
2234,142,-22.0
2234,253,186.0
2234,435,68.0
2234,448,-96.0
2234,450,126.0
2234,1801,22.0
2234,2676,50.0
2234,3491,90.0
2234,3556,66.0
2234,3719,-120.0
2235,261,-108.0
2235,2771,118.0
2235,2797,-106.0
2235,3135,26.0
2235,4758,-196.0
2236,415,-56.0
2236,2256,78.0
2236,4505,26.0
2236,4777,-142.0
2237,2493,196.0
2238,186,-90.0
2238,3269,124.0
2238,4292,-144.0
2238,4303,-124.0
2239,1892,10.0
2239,3048,-20.0
2240,2053,-110.0
2240,3295,-142.0
2240,4260,30.0
2241,265,-66.0
2241,1582,-22.0
2241,2458,66.0
2242,853,156.0
2242,962,98.0
2242,1156,132.0
2242,1224,-178.0
2242,1699,-184.0
2242,2348,44.0
2242,4125,-22.0
2242,4836,196.0
2242,4997,26.0
2243,2267,-154.0
2243,4119,-156.0
2243,4727,-180.0
2243,4917,-100.0
2244,504,-50.0
2244,538,-130.0
2244,3084,-190.0
2244,3457,-190.0
2244,4077,-70.0
2244,4695,100.0
2244,4854,146.0
2244,4861,-14.0
2245,404,56.0
2245,653,158.0
2245,1815,-78.0
2245,3307,134.0
2246,1868,30.0
2246,3113,-72.0
2246,3368,-196.0
2246,3505,-10.0
2247,180,48.0
2247,1447,16.0
2247,2521,-186.0
2247,2646,-188.0
2247,4859,120.0
2248,54,-136.0
2248,1447,50.0
2248,1979,-12.0
2249,187,22.0
2249,883,110.0
2249,1924,-40.0
2249,2198,106.0
2249,2210,160.0
2249,2595,14.0
2249,4654,-122.0
2250,290,-74.0
2250,818,54.0
2250,1739,-160.0
2250,1835,66.0
2250,2221,114.0
2251,1699,-6.0
2251,3151,-164.0
2251,3687,62.0
2252,47,38.0
2252,259,-114.0
2252,1536,188.0
2252,2385,-50.0
2252,2462,94.0
2252,2793,140.0
2252,3874,186.0
2253,912,-24.0
2253,1618,20.0
2253,3222,-124.0
2254,389,114.0
2254,1685,-128.0
2254,2519,106.0
2254,4474,-54.0
2255,1455,68.0
2255,3765,194.0
2256,2927,-68.0
2256,3561,182.0
2256,4491,-2.0
2256,4731,118.0
2257,425,112.0
2257,498,-196.0
2257,711,-114.0
2257,1931,54.0
2257,2688,36.0
2257,3895,-138.0
2257,3985,46.0
2257,4042,18.0
2258,1199,64.0
2258,3231,110.0
2258,4368,-132.0
2259,693,-38.0
2259,1923,-94.0
2259,2265,140.0
2259,2510,-78.0
2259,3357,-106.0
2259,3946,146.0
2259,4227,-190.0
2259,4669,-44.0
2259,4710,176.0
2260,776,-24.0
2260,2313,-104.0
2260,3283,-52.0
2260,3482,-50.0
2260,4203,182.0
2260,4263,16.0
2261,2506,-128.0
2261,2601,118.0
2261,4100,-198.0
2261,4231,36.0
2262,222,-152.0
2262,894,-34.0
2262,1325,-22.0
2262,1466,192.0
2262,2692,-160.0
2262,3084,-2.0
2262,3145,-122.0
2262,4272,54.0
2263,2716,-22.0
2263,3059,2.0
2263,3393,92.0
2263,3698,2.0
2264,30,-100.0
2264,2989,-176.0
2264,3661,-36.0
2264,4078,-128.0
2264,4565,-122.0
2264,4804,102.0
2265,240,156.0
2265,615,-16.0
2265,2978,44.0
2265,4358,110.0
2265,4989,-198.0
2266,350,154.0
2266,918,-52.0
2266,955,144.0
2266,1323,-32.0
2266,2792,10.0
2266,3753,84.0
2267,2121,56.0
2268,111,6.0
2268,143,-84.0
2268,294,-8.0
2268,1816,-78.0
2268,2235,-2.0
2268,2873,-36.0
2268,4231,-144.0
2269,1089,100.0
2269,2033,-130.0
2269,3502,4.0
2269,3620,-192.0
2269,3868,110.0
2270,790,192.0
2270,1305,-46.0
2270,1879,86.0
2270,2417,74.0
2270,3607,150.0
2271,423,-114.0
2271,975,-8.0
2271,1002,-122.0
2271,1788,-78.0
2272,842,130.0
2272,851,-186.0
2272,2568,78.0
2273,174,-42.0
2273,2797,38.0
2273,3696,-68.0
2273,4296,-10.0
2273,4505,-194.0
2274,790,16.0
2274,2170,-156.0
2274,3229,180.0
2274,4975,-190.0
2275,1647,116.0
2275,1726,-38.0
2275,2245,10.0
2275,2380,-198.0
2275,2670,6.0
2275,2811,114.0
2275,3461,-34.0
2275,3849,130.0
2276,2679,-2.0
2276,4664,50.0
2277,134,-166.0
2277,172,-30.0
2277,511,100.0
2277,1564,70.0
2278,605,146.0
2278,1383,-146.0
2278,1899,-38.0
2278,4919,-200.0
2279,632,90.0
2279,1358,36.0
2279,2298,66.0
2279,2492,78.0
2280,89,-152.0
2280,1393,98.0
2280,1545,60.0
2280,2345,20.0
2280,3880,-34.0
2280,4677,-64.0
2281,30,96.0
2281,437,-140.0
2281,850,136.0
2281,2238,-174.0
2281,4174,-100.0
2281,4496,16.0
2282,416,24.0
2282,1946,24.0
2282,2954,-148.0
2282,4928,-160.0
2283,877,-108.0
2283,1406,148.0
2283,2285,110.0
2283,3016,72.0
2283,4517,162.0
2284,1081,-138.0
2284,2443,-28.0
2284,2889,112.0
2284,3239,126.0
2285,2652,26.0
2285,2719,36.0
2285,3850,-14.0
2286,556,-78.0
2286,1354,-154.0
2286,2257,-178.0
2286,3325,-118.0
2286,4734,116.0
2287,942,154.0
2287,1099,-182.0
2287,1952,-64.0
2287,3057,114.0
2288,2285,-156.0
2288,2703,-52.0
2288,4425,-70.0
2288,4916,168.0
2289,1814,104.0
2289,1888,-122.0
2289,4008,-10.0
2290,2002,34.0
2290,2249,-96.0
2290,3043,62.0
2290,4089,176.0
2290,4980,-176.0
2291,99,36.0
2291,1801,110.0
2291,2109,100.0
2291,2817,188.0
2291,3020,-170.0
2291,3282,24.0
2291,3655,-66.0
2292,11,196.0
2292,1208,6.0
2292,2966,-80.0
2292,3301,52.0
2292,3439,34.0
2292,3947,-70.0
2292,3982,128.0
2292,4995,166.0
2293,499,12.0
2293,1840,-94.0
2293,2295,-166.0
2293,2847,136.0
2293,4234,-164.0
2293,4839,94.0
2294,821,66.0
2294,1127,0.0
2294,1321,92.0
2294,2208,-192.0
2294,2750,-142.0
2294,4173,136.0
2294,4933,-46.0
2295,341,-194.0
2295,732,-110.0
2295,892,142.0
2295,1053,-94.0
2295,2574,40.0
2295,3202,180.0
2295,4342,-136.0
2296,2343,64.0
2296,2756,44.0
2296,2769,142.0
2296,3048,92.0
2296,3718,-118.0
2296,3867,-82.0
2297,622,-134.0
2297,788,178.0
2297,1541,-76.0
2297,2441,-148.0
2297,3402,-100.0
2297,3712,-188.0
2297,4102,-60.0
2297,4134,-48.0
2297,4297,-14.0
2298,234,-146.0
2298,1148,-2.0
2298,1322,-36.0
2298,3133,-74.0
2298,3320,-140.0
2298,4693,48.0
2298,4721,-138.0
2299,690,-72.0
2299,3611,28.0
2300,159,-174.0
2300,3453,-160.0
2300,3456,-106.0
2300,3822,132.0
2301,621,164.0
2301,650,8.0
2301,3851,94.0
2301,4245,120.0
2302,199,88.0
2303,1729,-104.0
2303,2091,14.0
2303,3391,8.0
2303,3576,130.0
2303,4811,44.0
2304,525,-92.0
2304,1587,30.0
2304,3658,-72.0
2304,3782,-170.0
2304,3872,28.0
2305,1751,124.0
2305,3128,-18.0
2305,3431,-160.0
2305,3717,148.0
2306,747,104.0
2306,1082,-62.0
2306,2814,18.0
2307,121,18.0
2307,2971,60.0
2307,3019,-98.0
2307,3456,-28.0
2308,134,124.0
2308,2910,-50.0
2308,4875,-14.0
2309,1684,94.0
2310,329,-78.0
2310,655,-108.0
2310,1712,38.0
2310,2069,-62.0
2310,3835,-94.0
2311,1,-180.0
2311,2850,190.0
2311,3885,-46.0
2312,875,-18.0
2312,1210,-26.0
2312,1349,64.0
2312,2769,-170.0
2312,3250,122.0
2312,3430,74.0
2312,3526,-80.0
2312,3663,116.0
2312,4217,136.0
2313,523,188.0
2313,1226,-98.0
2314,387,194.0
2314,1129,-144.0
2314,2479,-96.0
2314,2716,-94.0
2314,4524,-24.0
2315,280,160.0
2315,437,132.0
2315,3866,20.0
2316,1884,-68.0
2316,1994,88.0
2316,2924,188.0
2317,1800,-90.0
2317,2231,-40.0
2317,3123,132.0
2318,1360,-172.0
2318,1945,-188.0
2318,1980,-174.0
2319,1105,-10.0
2319,3555,70.0
2320,1065,184.0
2320,2409,90.0
2320,2538,-122.0
2321,438,68.0
2321,2512,192.0
2321,4677,52.0
2321,4851,108.0
2322,2555,174.0
2322,2654,-168.0
2322,2918,-88.0
2322,3050,146.0
2322,4469,94.0
2322,4754,26.0
2323,292,190.0
2323,1295,176.0
2323,2368,176.0
2323,3579,-90.0
2323,4060,-166.0
2323,4175,142.0
2323,4502,-64.0
2324,849,-6.0
2324,4399,-42.0
2324,4892,190.0
2324,4937,-118.0
2325,561,-186.0
2325,876,198.0
2325,2098,124.0
2325,2393,40.0
2325,2990,42.0
2325,3600,130.0
2325,3727,128.0
2325,3911,186.0
2325,4268,-26.0
2326,4435,34.0
2327,394,120.0
2327,738,58.0
2327,1340,-116.0
2327,1566,-144.0
2327,1566,84.0
2327,3286,-124.0
2327,4630,122.0
2327,4989,84.0
2328,845,146.0
2328,1392,172.0
2328,1507,62.0
2328,2291,142.0
2328,3423,112.0
2328,4056,138.0
2328,4943,-44.0
2329,2839,8.0
2329,4729,92.0
2330,159,48.0
2330,416,-178.0
2330,606,156.0
2330,924,-196.0
2330,1834,62.0
2330,1931,114.0
2330,2361,104.0
2331,1594,-134.0
2331,1684,34.0
2331,1813,-60.0
2331,2633,186.0
2331,3643,82.0
2331,4733,-20.0
2332,93,-6.0
2332,556,-94.0
2332,2447,-182.0
2332,3508,112.0
2333,471,130.0
2333,608,-140.0
2333,1213,90.0
2333,1666,-78.0
2333,3514,-188.0
2333,4143,-112.0
2334,544,0.0
2334,1137,52.0
2334,3486,-160.0
2334,4863,-44.0
2334,4991,-124.0
2335,260,-6.0
2335,1778,-96.0
2335,2693,-184.0
2335,2743,-176.0
2335,4703,154.0
2336,1338,-24.0
2336,1516,-42.0
2336,1554,62.0
2336,3994,24.0
2337,2178,140.0
2337,2950,-184.0
2337,3576,-88.0
2337,3723,130.0
2337,4121,20.0
2338,962,-16.0
2338,1751,46.0
2338,2153,-92.0
2338,2541,126.0
2338,3567,-72.0
2338,3601,52.0
2338,4897,-148.0
2339,278,-122.0
2339,389,26.0
2339,993,126.0
2339,2083,-194.0
2339,2990,50.0
2339,4864,174.0
2340,515,122.0
2340,1480,-80.0
2340,1491,-36.0
2340,2653,-114.0
2340,3516,-64.0
2340,3550,196.0
2340,4922,152.0
2341,974,6.0
2341,1199,92.0
2341,1941,-162.0
2341,2645,66.0
2341,4148,-158.0
2341,4660,-140.0
2342,212,-192.0
2342,2038,-200.0
2342,4588,-150.0
2343,160,-104.0
2343,968,-68.0
2343,2557,-134.0
2344,378,156.0
2344,1245,-130.0
2344,1974,136.0
2344,2106,-20.0
2344,2999,-78.0
2344,4839,-76.0
2345,613,-70.0
2345,1112,196.0
2346,1920,94.0
2346,2996,64.0
2346,3717,152.0
2346,4063,2.0
2347,108,190.0
2347,3678,-110.0
2348,3000,148.0
2348,3829,164.0
2348,3895,32.0
2348,4066,-50.0
2348,4493,22.0
2349,625,-14.0
2349,755,50.0
2349,794,-112.0
2349,1354,-72.0
2349,2364,-168.0
2349,3729,124.0
2350,5,-20.0
2350,684,78.0
2350,1710,-8.0
2350,1776,-82.0
2350,1955,106.0
2350,1986,-194.0
2350,2601,-94.0
2350,3685,150.0
2350,3697,-134.0
2350,4059,50.0
2351,598,146.0
2351,736,-110.0
2351,1499,-158.0
2351,4699,-122.0
2351,4865,164.0
2352,74,176.0
2352,2936,18.0
2353,176,-100.0
2353,1028,-64.0
2353,1551,118.0
2353,1969,106.0
2353,2328,-40.0
2353,2552,-4.0
2353,4302,-84.0
2354,23,-148.0
2354,1407,32.0
2355,290,-130.0
2355,2897,-184.0
2355,3644,16.0
2355,3722,-68.0
2355,4248,-72.0
2355,4951,-46.0
2356,1786,48.0
2356,2240,114.0
2356,3129,88.0
2356,3134,32.0
2356,3373,18.0
2356,3673,152.0
2356,4118,-20.0
2356,4181,40.0
2356,4446,-120.0
2356,4869,-100.0
2357,1368,-156.0
2357,1770,56.0
2357,2517,86.0
2357,3122,-68.0
2358,805,-198.0
2358,825,-114.0
2358,1694,104.0
2358,3304,140.0
2358,4601,118.0
2359,960,-104.0
2359,3810,-46.0
2359,4333,142.0
2360,1953,-132.0
2360,2768,92.0
2360,3909,82.0
2360,4647,20.0
2361,745,162.0
2361,3136,-188.0
2362,560,-54.0
2362,2987,160.0
2362,3150,-150.0
2363,2359,16.0
2363,3115,-76.0
2363,3153,76.0
2364,762,50.0
2364,1502,-182.0
2364,3422,-66.0
2364,4345,-136.0
2365,421,-18.0
2365,930,132.0
2365,1061,104.0
2365,1681,138.0
2365,2332,94.0
2365,3101,178.0
2365,3233,136.0
2365,4155,80.0
2366,396,-58.0
2366,1408,166.0
2366,3024,-196.0
2366,3098,22.0
2366,3869,168.0
2366,4363,100.0
2366,4495,-70.0
2367,197,-72.0
2367,220,108.0
2367,2638,118.0
2367,3443,-138.0
2367,4363,-22.0
2368,581,-194.0
2368,632,-188.0
2368,732,126.0
2368,1109,-102.0
2368,1130,-14.0
2368,1198,44.0
2368,1569,-82.0
2368,3242,-92.0
2368,3449,-158.0
2368,3855,158.0
2368,4867,28.0
2369,933,196.0
2369,1443,50.0
2369,2027,60.0
2369,2665,86.0
2369,3161,70.0
2369,4704,130.0
2370,492,68.0
2370,1616,-184.0
2370,2317,38.0
2370,2319,-172.0
2370,3619,-178.0
2370,3683,-76.0
2371,2350,166.0
2371,2673,-160.0
2372,496,42.0
2372,1125,-54.0
2372,2216,-80.0
2372,2304,-160.0
2372,2380,112.0
2372,2438,-16.0
2372,3510,-94.0
2372,3932,-150.0
2373,1469,178.0
2373,1621,78.0
2373,2559,166.0
2373,3900,94.0
2373,4224,132.0
2373,4302,84.0
2373,4971,100.0
2374,2302,198.0
2374,3095,-50.0
2374,3803,44.0
2374,3829,22.0
2375,1536,-30.0
2375,2600,-16.0
2375,2998,102.0
2375,3320,-38.0
2375,3869,-146.0
2376,811,122.0
2376,2434,-46.0
2376,2840,-20.0
2376,3071,-90.0
2377,91,144.0
2377,254,-46.0
2377,640,90.0
2377,1207,24.0
2377,1969,40.0
2377,2294,-52.0
2378,490,186.0
2378,2035,-16.0
2378,2125,-138.0
2378,2487,-132.0
2378,4186,-74.0
2378,4925,-178.0
2379,348,-194.0
2379,694,84.0
2379,1984,-76.0
2379,2162,-36.0
2380,454,120.0
2380,860,-128.0
2380,2025,-62.0
2380,2613,84.0
2380,3710,62.0
2380,4008,104.0
2381,717,42.0
2381,2813,-108.0
2381,3518,-180.0
2381,4029,186.0
2381,4614,-22.0
2382,1214,-128.0
2382,1372,128.0
2382,1541,-90.0
2382,2391,-82.0
2382,2615,86.0
2382,3627,140.0
2382,4367,120.0
2382,4516,108.0
2382,4684,122.0
2383,101,194.0
2383,1101,-70.0
2383,1178,88.0
2383,1636,-186.0
2383,2498,166.0
2384,28,116.0
2384,869,-130.0
2385,94,174.0
2385,1227,-142.0
2385,1850,172.0
2385,4850,-86.0
2386,4126,-18.0
2386,4247,-34.0
2387,122,102.0
2387,791,-94.0
2387,1824,-154.0
2387,1925,-98.0
2387,4173,-26.0
2387,4215,152.0
2387,4828,-68.0
2388,3146,76.0
2388,3726,-118.0
2388,4238,152.0
2390,1058,-56.0
2390,1167,48.0
2390,3167,132.0
2390,4813,-128.0
2391,326,-170.0
2391,1136,-52.0
2391,3756,-62.0
2391,3985,-198.0
2392,388,148.0
2392,2304,-54.0
2392,2801,-60.0
2392,3400,60.0
2393,437,-22.0
2393,1084,162.0
2393,2534,178.0
2393,3540,-176.0
2393,4172,110.0
2394,1643,26.0
2394,3996,146.0
2395,1127,-84.0
2395,1175,84.0
2395,2020,192.0
2395,2674,56.0
2395,2705,-12.0
2395,4394,-96.0
2396,268,-108.0
2396,1229,-36.0
2396,1395,66.0
2396,1624,-186.0
2396,1944,0.0
2396,2996,30.0
2396,3329,144.0
2397,402,-64.0
2397,768,-128.0
2397,1820,-88.0
2397,2879,-152.0
2397,2967,-64.0
2398,1329,-52.0
2398,2062,-132.0
2398,2769,-42.0
2398,3210,-78.0
2398,3550,152.0
2398,3851,10.0
2398,4323,-40.0
2398,4754,84.0
2398,4962,120.0
2399,2256,150.0
2399,2397,144.0
2399,3663,32.0
2399,3693,-144.0
2399,3817,68.0
2399,4551,96.0
2400,327,-36.0
2400,570,104.0
2400,3246,-74.0
2401,618,-70.0
2401,1193,-146.0
2401,4226,172.0
2401,4568,-40.0
2402,22,-10.0
2402,813,-90.0
2402,1159,106.0
2402,1205,-142.0
2402,1539,176.0
2402,2856,46.0
2403,196,28.0
2403,3723,164.0
2403,4773,-94.0
2404,1071,74.0
2404,1904,184.0
2404,2040,-92.0
2404,2305,-22.0
2404,3812,-156.0
2405,3363,146.0
2405,4194,-192.0
2406,2649,110.0
2407,2427,144.0
2408,283,46.0
2408,816,-62.0
2408,1044,-192.0
2408,1282,-152.0
2408,2069,-100.0
2408,2697,-98.0
2408,3600,-88.0
2409,2401,66.0
2409,3093,-142.0
2409,4197,20.0
2410,946,132.0
2410,1051,-188.0
2410,3662,-138.0
2411,364,86.0
2411,489,128.0
2411,1237,-46.0
2411,1308,-114.0
2411,3079,-10.0
2411,4866,-180.0
2412,1978,-150.0
2412,2918,-198.0
2412,3667,-32.0
2412,4215,106.0
2413,1161,196.0
2413,2148,38.0
2413,2188,156.0
2414,102,116.0
2414,291,-194.0
2414,596,2.0
2414,1689,16.0
2414,1889,100.0
2414,4081,14.0
2414,4732,106.0
2414,4868,-52.0
2415,256,148.0
2415,1236,170.0
2415,3015,-28.0
2415,3059,194.0
2415,3099,-182.0
2416,672,-108.0
2416,1697,38.0
2416,1710,-70.0
2416,1719,-56.0
2416,2127,170.0
2416,2276,-60.0
2416,2692,70.0
2416,2770,128.0
2416,4030,112.0
2416,4088,-78.0
2416,4171,104.0
2416,4254,-12.0
2416,4376,-86.0
2416,4579,-44.0
2417,1418,-180.0
2417,2732,-30.0
2417,3142,-154.0
2417,3238,-84.0
2417,3688,-34.0
2418,1342,-26.0
2418,3679,-118.0
2418,4715,156.0
2419,1654,-30.0
2419,1788,116.0
2419,2796,90.0
2419,2898,40.0
2419,3384,108.0
2419,3418,-136.0
2419,4937,38.0
2420,1402,-102.0
2420,1602,14.0
2420,2931,28.0
2420,3198,184.0
2420,3340,-20.0
2420,4469,16.0
2420,4984,-14.0
2421,386,62.0
2422,90,-176.0
2422,149,-50.0
2422,903,-50.0
2422,1560,94.0
2422,1789,50.0
2422,2130,-54.0
2422,4959,14.0
2423,45,-2.0
2423,228,20.0
2423,2394,146.0
2423,2833,126.0
2423,3233,88.0
2423,3623,20.0
2423,3683,-10.0
2423,3768,-118.0
2423,3837,-158.0
2423,3974,68.0
2423,4529,44.0
2423,4946,-46.0
2424,578,-152.0
2424,654,-46.0
2424,1378,-36.0
2424,1589,162.0
2424,2532,146.0
2424,3522,100.0
2424,3796,-78.0
2425,2632,-68.0
2425,4025,38.0
2425,4305,-164.0
2425,4681,66.0
2426,2816,58.0
2426,4460,-54.0
2427,490,4.0
2427,1240,-106.0
2427,1568,-156.0
2427,2106,-142.0
2427,2266,196.0
2427,2560,132.0
2427,3836,-156.0
2428,284,-56.0
2428,741,64.0
2428,1397,132.0
2428,1599,40.0
2428,2375,-194.0
2428,3372,-100.0
2428,4620,24.0
2428,4892,22.0
2429,344,-28.0
2429,828,170.0
2429,1136,-98.0
2429,1406,-32.0
2429,2396,72.0
2429,2929,-140.0
2429,3476,-170.0
2429,3850,46.0
2429,4270,-58.0
2429,4894,-194.0
2430,42,-100.0
2430,1179,58.0
2430,1419,-154.0
2430,1483,-60.0
2430,3733,-116.0
2430,3808,110.0
2430,3838,-16.0
2431,707,80.0
2431,905,-144.0
2431,1862,18.0
2431,2056,98.0
2431,3033,132.0
2431,4321,-90.0
2432,169,176.0
2432,987,128.0
2432,2303,58.0
2432,2752,64.0
2432,3317,-80.0
2432,3700,-168.0
2432,4326,-60.0
2432,4858,110.0
2433,1199,-120.0
2433,1517,78.0
2433,2049,-104.0
2433,2242,-192.0
2433,3871,-122.0
2433,4810,158.0
2434,3148,-98.0
2434,3178,62.0
2434,3951,16.0
2434,4143,-70.0
2434,4190,-70.0
2434,4404,142.0
2435,247,8.0
2435,822,-200.0
2435,3748,186.0
2435,3854,194.0
2435,4640,-76.0
2436,646,68.0
2436,1232,132.0
2436,3515,142.0
2436,3609,-32.0
2437,500,-38.0
2437,2629,190.0
2437,4587,86.0
2438,269,-2.0
2438,1101,114.0
2438,4504,182.0
2439,1510,-140.0
2439,1752,184.0
2439,2591,-44.0
2439,2909,-182.0
2439,3364,122.0
2439,4137,-60.0
2440,154,-38.0
2440,1624,28.0
2440,3297,138.0
2440,3307,194.0
2440,3435,-150.0
2440,4469,180.0
2441,410,6.0
2441,1876,76.0
2441,2154,4.0
2441,3772,-10.0
2441,3969,-68.0
2442,256,-126.0
2442,437,-90.0
2442,942,-156.0
2442,1916,-28.0
2442,3217,166.0
2442,4829,12.0
2443,1407,-154.0
2443,1596,-134.0
2443,3179,24.0
2443,4332,168.0
2444,2092,116.0
2444,2143,-176.0
2444,2749,-168.0
2444,3344,166.0
2444,3779,10.0
2445,384,28.0
2445,2435,16.0
2445,2945,198.0
2445,4399,84.0
2446,558,170.0
2446,2283,84.0
2446,3255,-6.0
2446,3453,188.0
2446,3628,138.0
2447,541,-200.0
2447,943,188.0
2447,1803,-40.0
2447,3014,22.0
2447,3162,130.0
2447,3298,182.0
2447,3476,196.0
2447,3869,-112.0
2447,4571,154.0
2447,4718,-94.0
2447,4792,138.0
2448,1579,-50.0
2448,2445,76.0
2448,2455,-102.0
2448,3352,112.0
2448,4138,-110.0
2449,351,118.0
2449,2085,-190.0
2449,3360,62.0
2449,3911,-26.0
2449,4377,4.0
2449,4478,104.0
2450,166,-196.0
2450,1672,-78.0
2450,2135,184.0
2450,2364,0.0
2450,2378,76.0
2450,3668,-200.0
2451,1677,-156.0
2451,4004,40.0
2452,86,-150.0
2452,209,168.0
2452,1878,158.0
2452,2054,16.0
2452,2712,-56.0
2452,4388,26.0
2452,4633,18.0
2452,4833,126.0
2453,449,-132.0
2453,1204,90.0
2453,2011,98.0
2453,3393,-200.0
2453,4301,-48.0
2453,4593,-72.0
2454,1134,-180.0
2454,3365,-88.0
2454,3621,58.0
2454,4111,16.0
2455,475,22.0
2455,3341,78.0
2455,3695,46.0
2456,239,-182.0
2456,2537,140.0
2456,3247,172.0
2456,4825,-20.0
2457,425,-64.0
2457,3634,-128.0
2457,4402,-24.0
2458,1180,-136.0
2458,1759,-104.0
2459,24,84.0
2460,206,182.0
2460,1456,118.0
2460,3932,16.0
2461,774,58.0
2461,822,-48.0
2461,1590,4.0
2461,2045,74.0
2461,2719,142.0
2461,2848,-60.0
2461,3132,-162.0
2461,4369,6.0
2462,604,110.0
2462,1469,-176.0
2462,1938,146.0
2462,3323,80.0
2462,4048,122.0
2462,4282,192.0
2463,602,118.0
2463,1541,26.0
2463,1795,136.0
2463,2058,-64.0
2463,2938,46.0
2464,8,20.0
2464,786,-130.0
2464,1417,-18.0
2464,3698,128.0
2464,3899,-194.0
2464,4731,66.0
2465,4236,-146.0
2466,1259,96.0
2466,2965,-104.0
2466,4358,-38.0
2467,200,-152.0
2467,205,38.0
2467,445,166.0
2467,492,-154.0
2467,1033,124.0
2467,1154,60.0
2467,2036,88.0
2467,2184,-6.0
2467,3652,128.0
2468,539,138.0
2468,2858,-14.0
2468,3109,-48.0
2468,3353,152.0
2468,3814,36.0
2469,556,26.0
2469,596,-8.0
2469,1213,66.0
2469,2415,72.0
2469,2923,-82.0
2469,3656,20.0
2470,69,-60.0
2470,575,82.0
2470,616,96.0
2470,1403,156.0
2470,3828,-40.0
2471,1201,-22.0
2471,2756,32.0
2471,3127,-60.0
2472,1847,-174.0
2472,3599,122.0
2472,3965,-2.0
2472,3997,176.0
2473,236,88.0
2473,898,144.0
2473,2788,144.0
2473,3255,140.0
2473,3637,122.0
2473,3894,138.0
2473,4989,-166.0
2474,1408,6.0
2474,1955,142.0
2474,1968,-128.0
2474,2038,166.0
2474,3497,90.0
2475,1579,148.0
2475,1818,116.0
2475,2156,-44.0
2475,3754,50.0
2475,4055,-84.0
2475,4081,104.0
2476,1249,-146.0
2476,1751,140.0
2476,2265,134.0
2476,2911,168.0
2476,3707,160.0
2476,3982,8.0
2477,2470,146.0
2477,2629,166.0
2477,3903,-120.0
2477,3981,-52.0
2478,1073,164.0
2478,1217,-80.0
2478,1488,-174.0
2478,1605,40.0
2479,360,54.0
2479,1414,72.0
2479,3647,-98.0
2480,725,-164.0
2480,1103,-186.0
2480,2267,-18.0
2480,3430,-112.0
2481,1827,136.0
2481,2149,84.0
2481,2277,-82.0
2481,3991,176.0
2481,4548,-86.0
2482,1950,58.0
2482,3772,56.0
2482,4380,-160.0
2483,634,-128.0
2483,1339,178.0
2483,1476,76.0
2483,2142,-12.0
2483,3169,100.0
2483,3689,156.0
2484,1094,54.0
2484,2610,-114.0
2484,4954,86.0
2484,4978,50.0
2485,296,-132.0
2485,4239,-10.0
2486,902,10.0
2486,1655,48.0
2486,2326,160.0
2486,2590,188.0
2486,4270,-194.0
2486,4942,114.0
2487,1117,64.0
2487,1124,-62.0
2487,1434,-104.0
2487,2860,198.0
2487,4558,-22.0
2488,1079,110.0
2488,4832,132.0
2489,186,-144.0
2489,821,84.0
2489,1926,192.0
2489,3952,-94.0
2489,4482,70.0
2490,349,-26.0
2490,2902,-16.0
2490,3317,134.0
2490,3552,-28.0
2490,4002,-78.0
2491,1007,90.0
2491,1406,-56.0
2491,2728,-60.0
2491,2828,-36.0
2491,4200,18.0
2492,779,-54.0
2492,2378,50.0
2492,3063,166.0
2492,3571,-38.0
2492,4453,136.0
2493,247,-146.0
2493,819,14.0
2493,2016,52.0
2493,4663,-18.0
2494,1191,4.0
2494,2293,-198.0
2494,2366,20.0
2494,2468,-86.0
2494,4861,-4.0
2495,419,-52.0
2495,539,-198.0
2495,689,-28.0
2495,2365,-52.0
2495,2614,52.0
2495,3167,-20.0
2495,3722,-12.0
2496,1050,-26.0
2496,2405,86.0
2496,2413,-182.0
2496,3255,90.0
2497,1472,-164.0
2497,1611,-176.0
2497,2535,-168.0
2497,3600,54.0
2498,2530,16.0
2498,4568,126.0
2498,4912,166.0
2499,3783,142.0
2499,4126,26.0
2500,1170,2.0
2500,1190,70.0
2500,1576,144.0
2500,2214,-54.0
2501,301,50.0
2501,498,12.0
2501,789,-154.0
2501,1732,52.0
2501,1812,170.0
2501,3354,192.0
2501,3908,-160.0
2501,4068,40.0
2502,133,-44.0
2502,651,108.0
2502,3278,66.0
2502,3404,38.0
2502,4368,132.0
2503,58,72.0
2503,856,126.0
2503,1134,56.0
2503,2005,38.0
2503,2441,112.0
2503,3065,-80.0
2503,4653,-108.0
2504,219,-164.0
2504,312,-36.0
2504,733,88.0
2504,1482,142.0
2504,3403,-122.0
2504,3872,24.0
2504,4353,46.0
2505,223,108.0
2505,701,-122.0
2505,812,-110.0
2505,1904,-178.0
2505,2365,36.0
2505,2846,18.0
2505,2985,-14.0
2505,3899,-50.0
2506,188,-166.0
2506,225,58.0
2506,2990,0.0
2507,620,96.0
2507,753,172.0
2507,1209,-176.0
2507,1245,140.0
2507,2391,34.0
2507,3589,-34.0
2507,3674,28.0
2507,4788,-86.0
2508,1505,2.0
2508,4270,134.0
2508,4525,-102.0
2509,1509,52.0
2509,1864,76.0
2509,3797,128.0
2510,782,-14.0
2510,1363,0.0
2510,3797,72.0
2510,4579,154.0
2511,423,110.0
2511,1568,80.0
2511,4532,48.0
2512,198,-120.0
2512,227,164.0
2512,1082,-30.0
2512,2083,-184.0
2512,2603,96.0
2512,3066,164.0
2512,3077,6.0
2512,3230,152.0
2512,3322,-178.0
2512,3488,-146.0
2512,4084,80.0
2513,1469,-64.0
2513,2570,-86.0
2513,3622,-36.0
2513,4333,76.0
2514,37,198.0
2514,1766,-188.0
2514,1810,122.0
2514,2487,-100.0
2514,3108,118.0
2514,3515,-44.0
2514,4377,-30.0
2514,4451,-92.0
2515,606,22.0
2515,2157,-110.0
2515,2526,-104.0
2515,3725,-176.0
2515,4583,-108.0
2516,432,-100.0
2516,1460,-160.0
2516,2798,158.0
2516,3372,-42.0
2516,4161,-96.0
2517,2265,62.0
2517,2509,-146.0
2518,3668,-70.0
2518,4461,144.0
2519,4524,148.0
2520,1210,-106.0
2520,3769,32.0
2521,736,-48.0
2521,1139,132.0
2521,3383,180.0
2521,3843,-100.0
2521,3879,62.0
2522,919,-70.0
2522,1372,112.0
2522,2166,-100.0
2522,2231,22.0
2522,3502,2.0
2522,3504,152.0
2522,4059,148.0
2522,4790,164.0
2523,3936,148.0
2524,1227,-42.0
2524,1257,-138.0
2524,1697,50.0
2524,2070,106.0
2524,2710,90.0
2524,2752,136.0
2524,3901,56.0
2525,455,-18.0
2525,959,172.0
2525,1580,20.0
2525,2341,-24.0
2525,2480,-46.0
2525,3533,110.0
2525,3763,-94.0
2526,896,-98.0
2526,1415,-146.0
2526,2029,-134.0
2526,3065,142.0
2526,3096,-16.0
2526,3818,28.0
2527,2346,-116.0
2527,2919,-126.0
2527,4336,-184.0
2527,4727,-42.0
2528,1513,-68.0
2528,1997,-6.0
2528,3636,-24.0
2528,3857,-64.0
2528,4332,66.0
2528,4564,-46.0
2529,603,-40.0
2529,1077,164.0
2529,1113,52.0
2529,3460,164.0
2529,4048,-192.0
2529,4484,-122.0
2530,440,-172.0
2530,2128,128.0
2530,2262,60.0
2530,3480,112.0
2530,4063,-80.0
2530,4154,28.0
2530,4257,-64.0
2531,603,44.0
2531,957,26.0
2531,2822,-160.0
2531,2849,174.0
2531,3415,62.0
2531,4611,-6.0
2532,67,-200.0
2532,1717,-130.0
2532,2418,162.0
2532,2632,-198.0
2532,2866,162.0
2533,774,-60.0
2533,1194,-80.0
2533,2708,70.0
2534,1747,-176.0
2534,2906,-112.0
2535,561,-84.0
2535,4570,-152.0
2536,638,68.0
2536,2917,-40.0
2536,3307,-46.0
2536,4210,-126.0
2537,56,186.0
2537,632,114.0
2537,850,172.0
2537,1380,-186.0
2537,1559,-184.0
2538,1793,44.0
2538,2255,158.0
2538,4531,192.0
2539,888,162.0
2539,894,102.0
2539,2934,36.0
2539,3239,-196.0
2539,3283,-116.0
2539,3485,-40.0
2539,3573,-130.0
2539,4717,198.0
2540,66,-194.0
2540,873,-126.0
2540,3820,142.0
2540,3844,68.0
2540,3851,-56.0
2540,4134,-106.0
2541,663,-124.0
2541,4539,96.0
2542,443,-140.0
2542,745,-178.0
2542,1239,18.0
2542,2788,78.0
2543,219,100.0
2543,390,154.0
2543,1546,-76.0
2543,3120,16.0
2543,4283,-184.0
2544,2755,156.0
2544,2801,48.0
2545,522,-8.0
2545,851,180.0
2545,2346,-26.0
2545,2564,96.0
2545,3023,-164.0
2545,3741,-76.0
2545,4079,34.0
2546,3045,-110.0
2546,3142,-134.0
2546,4514,192.0
2547,627,118.0
2547,2024,-42.0
2547,2174,-126.0
2547,2419,-200.0
2547,4454,-200.0
2548,2269,92.0
2548,3163,48.0
2548,4043,70.0
2548,4228,-26.0
2549,2225,-128.0
2549,2442,66.0
2549,3723,176.0
2549,4273,120.0
2550,499,-106.0
2550,2816,48.0
2550,3757,106.0
2550,4803,52.0
2551,1565,74.0
2551,2059,194.0
2551,2489,110.0
2551,3067,38.0
2551,3109,-64.0
2551,3892,-42.0
2551,4937,-114.0
2552,26,-138.0
2552,318,124.0
2552,701,-50.0
2552,1308,134.0
2552,1712,168.0
2552,1735,22.0
2552,2300,-158.0
2552,3167,-70.0
2553,1049,-166.0
2553,1471,-176.0
2553,2237,-82.0
2553,3735,-48.0
2553,3831,32.0
2553,3898,42.0
2553,4934,158.0
2553,4961,112.0
2554,1406,-130.0
2554,1575,-38.0
2554,1730,156.0
2554,2599,84.0
2554,2690,-26.0
2554,3577,4.0
2554,4613,150.0
2555,4182,-128.0
2556,380,-78.0
2556,1016,192.0
2556,1247,102.0
2556,2193,-174.0
2556,2362,80.0
2556,2952,-106.0
2556,4767,-44.0
2557,865,-58.0
2557,1048,-4.0
2557,1351,162.0
2557,2081,166.0
2557,2586,24.0
2557,3163,58.0
2557,3169,-188.0
2557,4297,164.0
2558,1193,-96.0
2558,1741,-168.0
2558,1919,-80.0
2558,4601,192.0
2558,4749,-178.0
2559,221,-84.0
2559,2503,-186.0
2559,3259,-138.0
2559,3493,-56.0
2559,3957,30.0
2559,4018,-106.0
2559,4211,-130.0
2559,4303,-22.0
2559,4948,-170.0
2560,753,192.0
2560,1367,92.0
2560,4053,-178.0
2561,470,-22.0
2561,1896,-166.0
2561,3233,-100.0
2561,4228,-142.0
2561,4747,36.0
2562,25,186.0
2562,559,178.0
2563,596,-124.0
2563,1516,-174.0
2563,1735,52.0
2563,1882,152.0
2563,2093,-4.0
2563,2127,166.0
2563,2146,16.0
2563,3512,-66.0
2563,4205,-142.0
2563,4853,-138.0
2564,99,82.0
2564,1318,-70.0
2564,2185,-100.0
2564,2218,-192.0
2564,2421,94.0
2564,2491,20.0
2564,4671,162.0
2565,1161,-116.0
2565,1879,112.0
2565,3636,-146.0
2566,230,188.0
2566,854,-198.0
2566,1418,186.0
2566,2734,166.0
2566,2874,144.0
2566,3207,100.0
2566,3806,122.0
2566,4513,82.0
2567,887,-148.0
2567,2189,-36.0
2567,2321,86.0
2567,2430,52.0
2567,3494,162.0
2567,4068,70.0
2568,842,-38.0
2568,1940,-18.0
2568,2510,-108.0
2568,2694,-68.0
2568,2697,36.0
2568,4019,10.0
2568,4208,-182.0
2569,155,-180.0
2569,205,-10.0
2569,692,104.0
2569,1640,-132.0
2569,1767,-40.0
2569,1794,126.0
2569,2143,-132.0
2569,3161,-140.0
2569,3218,60.0
2569,4713,-66.0
2569,4949,86.0
2570,283,-196.0
2570,2076,-6.0
2570,2252,-194.0
2570,4328,94.0
2570,4632,30.0
2571,154,-174.0
2571,156,84.0
2571,1107,92.0
2571,1117,146.0
2571,1286,-94.0
2571,2597,-148.0
2572,2831,102.0
2572,3483,164.0
2573,2993,-148.0
2573,3048,-98.0
2574,768,108.0
2574,3821,110.0
2575,20,134.0
2575,2576,42.0
2575,2687,0.0
2575,2703,-84.0
2576,68,42.0
2576,1818,-22.0
2576,2549,16.0
2576,3066,74.0
2576,3260,188.0
2576,3609,164.0
2576,3634,172.0
2577,723,-18.0
2577,1949,-166.0
2577,2262,-118.0
2577,4582,34.0
2577,4728,-2.0
2578,619,140.0
2578,810,-32.0
2578,1086,30.0
2578,2176,190.0
2578,2563,-118.0
2578,3905,-142.0
2579,905,-144.0
2579,3353,-54.0
2580,207,-166.0
2580,379,6.0
2580,409,164.0
2581,205,-28.0
2581,1461,92.0
2581,3038,188.0
2582,69,-50.0
2582,725,86.0
2582,955,186.0
2582,1545,-200.0
2582,1730,-192.0
2582,2824,138.0
2582,3493,-38.0
2582,3794,130.0
2582,4055,116.0
2583,66,148.0
2583,265,-104.0
2583,332,54.0
2583,956,182.0
2583,1748,2.0
2583,2994,46.0
2584,511,-18.0
2584,908,168.0
2584,1064,-148.0
2584,2181,110.0
2584,3509,50.0
2584,4928,140.0
2585,616,-110.0
2585,1594,-56.0
2585,1638,64.0
2585,2262,16.0
2585,3119,50.0
2586,2238,140.0
2586,4784,-20.0
2587,1357,118.0
2587,2651,136.0
2587,3662,-132.0
2587,4150,-200.0
2588,194,32.0
2588,1605,-22.0
2588,1902,-136.0
2588,3500,-198.0
2588,4151,8.0
2588,4447,-186.0
2589,247,-178.0
2589,975,-186.0
2589,1245,-148.0
2589,3114,-114.0
2590,1467,152.0
2590,1542,118.0
2590,2191,-22.0
2590,4107,46.0
2591,513,-170.0
2591,769,-184.0
2591,1040,-32.0
2591,1371,-178.0
2591,2483,40.0
2591,2832,70.0
2592,513,166.0
2592,1876,-88.0
2592,2196,96.0
2592,3263,74.0
2592,4074,-146.0
2593,596,44.0
2593,918,196.0
2594,556,102.0
2594,1232,186.0
2594,1498,-102.0
2594,1556,-12.0
2594,2205,-72.0
2594,3415,2.0
2594,3821,-66.0
2595,505,-118.0
2595,1089,-120.0
2595,1629,164.0
2595,1658,-198.0
2595,2985,190.0
2595,4349,-196.0
2595,4522,-42.0
2596,139,74.0
2596,514,-128.0
2596,1455,46.0
2597,427,124.0
2597,1154,110.0
2597,3227,148.0
2597,4358,-152.0
2597,4557,64.0
2598,994,-184.0
2598,2464,74.0
2598,2776,186.0
2598,2961,-80.0
2598,3005,-66.0
2598,3713,166.0
2598,3866,-186.0
2598,4578,-166.0
2598,4780,124.0
2599,21,126.0
2599,782,138.0
2599,1911,-86.0
2599,2186,-130.0
2599,2454,-58.0
2599,4266,-196.0
2599,4503,-192.0
2600,457,90.0
2600,1515,-188.0
2600,4643,190.0
2600,4995,-6.0
2601,117,-38.0
2601,1384,82.0
2601,3294,-196.0
2601,3472,20.0
2601,3904,54.0
2602,2220,132.0
2602,3353,-32.0
2602,3580,-138.0
2602,4077,-60.0
2602,4086,154.0
2603,2557,-38.0
2603,4498,184.0
2604,2875,-120.0
2604,3436,194.0
2604,3925,76.0
2604,4432,-38.0
2605,163,172.0
2605,498,-2.0
2605,1606,-58.0
2605,2355,86.0
2605,2577,-138.0
2605,3843,-172.0
2606,255,30.0
2606,941,-72.0
2606,1019,-168.0
2606,2703,-200.0
2606,3261,82.0
2606,4915,198.0
2607,128,148.0
2607,1544,148.0
2607,1822,-130.0
2607,3007,-166.0
2607,4139,38.0
2608,683,-14.0
2608,1106,-64.0
2608,1993,4.0
2608,3518,-136.0
2608,4390,74.0
2609,954,166.0
2609,1613,-94.0
2609,3997,146.0
2610,834,20.0
2610,1501,-152.0
2610,3079,128.0
2610,3549,-198.0
2610,3900,10.0
2611,550,56.0
2611,1578,-36.0
2611,2478,-176.0
2611,2857,-22.0
2611,3156,126.0
2612,875,-40.0
2612,3254,24.0
2613,766,-48.0
2613,1544,26.0
2613,2282,-180.0
2613,2353,110.0
2613,3029,34.0
2613,3856,158.0
2613,4937,112.0
2614,1876,66.0
2614,3487,-106.0
2614,3740,-98.0
2615,1621,-16.0
2615,3017,80.0
2615,3954,10.0
2615,4894,188.0
2616,57,-94.0
2616,2833,110.0
2616,4314,144.0
2617,244,-154.0
2617,2675,-156.0
2617,3516,132.0
2617,4682,44.0
2618,2416,-200.0
2618,3590,152.0
2618,3865,108.0
2619,390,38.0
2619,1714,130.0
2619,3081,42.0
2619,4125,8.0
2620,945,-90.0
2620,1598,-60.0
2620,2008,-166.0
2620,4732,10.0
2621,1046,-126.0
2621,1191,-106.0
2621,1731,-116.0
2621,1912,-16.0
2622,206,-98.0
2622,437,-184.0
2622,457,146.0
2622,935,14.0
2622,1822,160.0
2622,1946,136.0
2622,2152,-84.0
2622,2562,192.0
2622,4008,-8.0
2623,459,-186.0
2624,587,34.0
2624,2259,-116.0
2624,2264,-198.0
2624,3134,-200.0
2624,3642,46.0
2624,3688,-150.0
2624,4332,32.0
2625,913,-164.0
2625,1619,114.0
2625,2076,-48.0
2625,2546,98.0
2626,180,-64.0
2626,230,-34.0
2626,1203,148.0
2626,4049,-162.0
2626,4278,-12.0
2626,4558,-76.0
2627,1209,-126.0
2627,2377,-122.0
2627,4361,-44.0
2628,1399,-66.0
2628,1755,28.0
2629,1050,62.0
2629,1447,158.0
2629,3668,-190.0
2630,2540,-178.0
2631,391,182.0
2631,713,178.0
2631,824,-108.0
2631,1601,90.0
2631,1675,198.0
2631,1954,140.0
2631,3747,96.0
2632,371,42.0
2632,2431,-180.0
2632,2992,-148.0
2632,3245,-112.0
2632,4463,-144.0
2632,4686,-56.0
2633,1517,-94.0
2633,1640,72.0
2633,2401,16.0
2633,3239,-68.0
2633,4515,-4.0
2634,302,186.0
2634,404,-182.0
2634,1352,-108.0
2634,2602,110.0
2634,4672,-18.0
2635,1862,-118.0
2635,1887,-106.0
2635,3659,-106.0
2635,3663,-132.0
2635,3781,-104.0
2635,4178,-120.0
2636,1518,-138.0
2636,1740,66.0
2636,2547,152.0
2637,980,-172.0
2637,1499,130.0
2637,1641,-150.0
2637,3128,-182.0
2638,823,2.0
2638,889,-188.0
2638,1064,20.0
2638,3051,-62.0
2639,1428,-106.0
2640,114,4.0
2640,916,-96.0
2640,964,152.0
2640,3201,-76.0
2640,3412,-198.0
2640,3414,38.0
2641,217,-26.0
2641,725,66.0
2641,885,-22.0
2641,973,-182.0
2641,2287,-6.0
2641,3097,104.0
2641,3128,-144.0
2641,3164,-196.0
2641,4043,116.0
2641,4077,-188.0
2642,113,-46.0
2642,381,146.0
2642,1417,176.0
2642,2314,-142.0
2642,3836,54.0
2643,648,-190.0
2643,1007,50.0
2643,2130,-186.0
2643,2823,86.0
2643,3146,-146.0
2644,260,116.0
2644,1023,54.0
2644,2323,20.0
2645,3650,38.0
2645,4329,190.0
2645,4342,82.0
2646,2043,172.0
2646,2173,-112.0
2646,2978,-168.0
2646,3746,-64.0
2646,4682,-152.0
2647,720,26.0
2647,1400,150.0
2647,4063,-168.0
2647,4329,72.0
2647,4331,148.0
2647,4384,180.0
2648,629,-194.0
2648,1342,164.0
2649,631,174.0
2649,4940,96.0
2650,1872,12.0
2650,2137,170.0
2650,2423,-154.0
2650,3291,20.0
2651,82,-104.0
2651,1923,166.0
2652,458,-32.0
2652,4727,178.0
2653,231,108.0
2653,747,-142.0
2653,1142,52.0
2653,1794,62.0
2653,3308,-30.0
2653,3895,194.0
2654,488,106.0
2654,827,-4.0
2654,2011,62.0
2654,2088,178.0
2654,3159,-82.0
2655,219,162.0
2655,1543,84.0
2655,1788,-134.0
2655,2025,30.0
2655,2622,-140.0
2655,3197,100.0
2655,3300,-182.0
2655,3362,-142.0
2655,4248,44.0
2655,4480,-24.0
2656,318,-86.0
2656,429,-136.0
2656,2968,-118.0
2656,4506,150.0
2656,4581,74.0
2656,4957,76.0
2657,882,-114.0
2657,4574,30.0
2657,4628,-90.0
2658,212,28.0
2658,704,116.0
2658,1071,-28.0
2658,2628,174.0
2658,2772,178.0
2658,3364,50.0
2658,3593,-128.0
2658,4162,28.0
2659,2322,150.0
2659,3288,88.0
2659,4057,96.0
2659,4824,52.0
2660,258,74.0
2660,525,-118.0
2660,2368,-116.0
2660,3045,102.0
2660,3832,-84.0
2660,4541,-126.0
2661,230,48.0
2661,373,-124.0
2661,905,-122.0
2661,1067,-162.0
2661,2129,-148.0
2661,2490,132.0
2661,4627,-2.0
2662,763,112.0
2662,1352,-194.0
2662,3118,-106.0
2662,4251,-86.0
2662,4358,74.0
2662,4380,-166.0
2663,2267,-14.0
2663,2745,178.0
2663,3159,-98.0
2663,3969,-56.0
2663,4490,-182.0
2664,2475,-30.0
2664,4155,-48.0
2665,1754,-40.0
2665,2717,-4.0
2665,2761,-44.0
2665,3442,-100.0
2665,4913,190.0
2666,135,-78.0
2666,458,-18.0
2666,631,-10.0
2666,2570,54.0
2666,2986,26.0
2666,3720,104.0
2666,4472,124.0
2666,4574,164.0
2666,4837,-196.0
2666,4983,152.0
2667,4,-88.0
2667,80,-68.0
2667,194,190.0
2667,273,180.0
2667,1487,-154.0
2667,2693,-110.0
2667,4958,116.0
2668,535,122.0
2668,1012,116.0
2668,2204,76.0
2668,3999,-192.0
2668,4300,42.0
2668,4929,-50.0
2669,230,-76.0
2669,300,-140.0
2669,328,-18.0
2669,1425,110.0
2669,2091,-58.0
2669,2146,134.0
2669,3444,-132.0
2669,3465,132.0
2669,4565,-192.0
2670,2065,152.0
2670,3143,-18.0
2670,3358,154.0
2670,3679,26.0
2670,3791,6.0
2671,693,40.0
2671,975,68.0
2671,1546,190.0
2671,1590,-110.0
2671,1814,120.0
2671,1870,-158.0
2671,2969,-54.0
2672,902,-158.0
2672,1514,136.0
2672,3760,-164.0
2672,4604,-84.0
2673,24,72.0
2673,83,-116.0
2673,538,-66.0
2673,2365,-186.0
2673,2772,-98.0
2673,2966,74.0
2673,3957,-88.0
2674,1918,-106.0
2674,3106,-126.0
2674,3334,32.0
2675,1397,-18.0
2675,2453,192.0
2675,3232,-182.0
2675,3267,108.0
2675,3659,-198.0
2675,3756,-194.0
2676,112,84.0
2676,467,-186.0
2676,616,-102.0
2676,1343,78.0
2676,1452,34.0
2676,1883,130.0
2676,2651,196.0
2676,3040,-58.0
2676,3372,-90.0
2677,931,42.0
2678,807,52.0
2678,1753,-40.0
2678,2561,132.0
2678,4400,-150.0
2679,1224,-130.0
2679,2952,-24.0
2680,1949,-88.0
2680,2134,-88.0
2680,3108,32.0
2680,3334,138.0
2680,3739,-180.0
2680,4482,16.0
2681,892,-102.0
2681,4626,142.0
2681,4647,-68.0
2682,997,176.0
2682,2139,-4.0
2682,3049,122.0
2682,3471,-82.0
2682,3553,-180.0
2682,4832,150.0
2683,868,-50.0
2683,1297,18.0
2683,1321,-60.0
2683,3409,-160.0
2683,4199,76.0
2684,2849,-54.0
2684,4698,130.0
2685,883,-162.0
2685,1568,-38.0
2685,3642,-72.0
2686,706,-112.0
2686,1304,-142.0
2686,2716,110.0
2686,4842,54.0
2687,148,152.0
2687,176,-54.0
2687,296,-118.0
2687,943,156.0
2687,1433,-4.0
2687,2538,124.0
2687,3679,-8.0
2687,3870,144.0
2687,4221,146.0
2687,4224,164.0
2687,4938,164.0
2688,867,-148.0
2688,919,-118.0
2688,1715,-196.0
2689,1253,-84.0
2689,1303,130.0
2689,3937,168.0
2689,4260,-124.0
2690,232,-162.0
2690,1984,-60.0
2690,2628,-12.0
2690,2868,-122.0
2691,54,-140.0
2691,918,58.0
2691,2935,-86.0
2691,4709,-170.0
2692,939,48.0
2692,2982,-128.0
2692,3663,182.0
2693,1761,114.0
2693,1777,64.0
2693,2036,-40.0
2693,2547,-146.0
2693,4678,-92.0
2694,900,108.0
2694,2745,158.0
2694,2789,106.0
2694,2833,-134.0
2694,3150,184.0
2694,3545,108.0
2695,369,38.0
2695,756,-124.0
2695,1030,72.0
2695,1070,16.0
2695,2474,6.0
2695,3288,-14.0
2695,3638,-174.0
2695,4453,-82.0
2696,3492,-80.0
2697,358,-192.0
2697,541,-86.0
2697,792,170.0
2697,1061,-196.0
2697,1484,74.0
2697,3297,-124.0
2697,3429,36.0
2698,2037,-32.0
2698,2070,-6.0
2698,4769,12.0
2699,2266,30.0
2699,3571,-110.0
2700,627,-158.0
2700,740,120.0
2700,995,-174.0
2700,1291,-20.0
2700,4807,-92.0
2701,30,162.0
2701,719,-56.0
2701,789,-84.0
2701,1765,156.0
2701,2282,-86.0
2701,2370,98.0
2701,2789,-158.0
2701,3154,-132.0
2701,4635,-136.0
2702,922,-182.0
2702,3724,-98.0
2702,4283,-18.0
2702,4411,-128.0
2703,368,170.0
2703,610,96.0
2703,1663,4.0
2703,2597,-186.0
2703,4494,64.0
2703,4769,-14.0
2704,394,-6.0
2704,573,-76.0
2704,797,-116.0
2704,1657,-114.0
2704,4775,102.0
2705,1328,-30.0
2705,2867,172.0
2705,3257,-96.0
2705,3934,-148.0
2705,4610,4.0
2705,4908,160.0
2706,191,-160.0
2706,541,14.0
2706,691,168.0
2706,1124,-42.0
2706,2037,4.0
2706,2162,126.0
2706,2353,6.0
2706,4221,-50.0
2706,4898,-174.0
2707,1315,48.0
2707,2500,146.0
2707,2616,58.0
2708,744,-176.0
2708,2532,-108.0
2708,2673,-122.0
2709,716,74.0
2709,1580,2.0
2709,1720,14.0
2709,2403,-172.0
2709,2887,58.0
2709,3158,106.0
2709,3162,184.0
2709,3269,146.0
2709,3659,48.0
2709,4997,-22.0
2710,66,-124.0
2710,3933,-200.0
2710,4389,64.0
2711,2420,-170.0
2711,2607,-2.0
2711,2904,60.0
2712,601,126.0
2712,702,114.0
2712,722,50.0
2712,1155,-66.0
2712,1927,-76.0
2712,2022,172.0
2712,2236,2.0
2712,3133,54.0
2712,3695,-8.0
2713,664,-76.0
2713,2436,148.0
2713,3560,16.0
2714,161,-144.0
2714,312,12.0
2714,803,96.0
2714,2028,172.0
2714,3693,-10.0
2714,3786,150.0
2714,3905,-124.0
2715,2319,-124.0
2715,4283,-180.0
2716,2349,34.0
2717,1343,-130.0
2717,4124,-108.0
2717,4787,-200.0
2718,465,162.0
2718,1401,120.0
2718,2785,-142.0
2718,3548,72.0
2718,4494,94.0
2719,1614,-76.0
2719,2568,-162.0
2719,3634,196.0
2719,4439,140.0
2720,1812,114.0
2720,2406,-130.0
2720,4922,64.0
2721,1532,72.0
2721,1535,164.0
2721,1631,-2.0
2721,1686,28.0
2721,1806,-164.0
2721,4464,-108.0
2722,370,-144.0
2722,450,-156.0
2722,1609,-74.0
2722,2199,166.0
2722,3457,84.0
2722,4041,-92.0
2722,4289,-84.0
2723,619,-164.0
2723,1110,-182.0
2723,1493,-74.0
2723,2416,34.0
2723,3316,-76.0
2723,4685,-122.0
2724,590,-122.0
2724,809,-14.0
2724,1406,-18.0
2724,1654,-188.0
2724,4626,-102.0
2725,1181,168.0
2725,3615,66.0
2725,3825,154.0
2725,4095,-192.0
2725,4719,54.0
2726,783,64.0
2726,1962,-152.0
2726,2595,-6.0
2726,4569,62.0
2726,4606,-196.0
2727,23,50.0
2727,4243,36.0
2727,4481,60.0
2728,297,-188.0
2728,2001,180.0
2728,2222,-16.0
2728,3596,0.0
2729,496,-64.0
2729,1992,-56.0
2729,3126,-152.0
2729,3411,-8.0
2729,3528,-130.0
2729,3896,-42.0
2729,4522,-146.0
2729,4901,-120.0
2730,1258,134.0
2730,2176,-104.0
2730,2848,106.0
2731,105,30.0
2731,2274,136.0
2731,3034,-136.0
2731,3475,-126.0
2732,490,96.0
2732,632,-90.0
2732,2158,-156.0
2732,2430,-24.0
2732,3922,8.0
2732,4571,-94.0
2732,4781,-186.0
2733,459,-166.0
2733,3020,-118.0
2733,3045,130.0
2733,3487,88.0
2733,3658,16.0
2733,4080,-50.0
2733,4613,20.0
2734,444,76.0
2734,1790,-114.0
2734,2592,190.0
2734,3279,-84.0
2735,3881,8.0
2735,3971,196.0
2735,4117,-112.0
2735,4202,-44.0
2736,318,144.0
2736,1658,-8.0
2736,1947,116.0
2736,2241,170.0
2736,2435,-22.0
2736,4467,-56.0
2737,505,16.0
2737,1990,170.0
2737,2298,82.0
2737,3724,168.0
2737,4423,-142.0
2737,4959,-178.0
2738,342,182.0
2738,556,68.0
2738,1367,198.0
2738,1493,134.0
2738,2718,4.0
2738,2810,-146.0
2738,3275,-178.0
2738,4162,-14.0
2738,4292,-60.0
2739,967,2.0
2739,1762,8.0
2739,2818,70.0
2739,3022,168.0
2739,4308,-126.0
2739,4845,106.0
2740,801,-56.0
2740,1704,-22.0
2740,2061,-182.0
2740,2116,-94.0
2740,2482,44.0
2740,3187,-34.0
2740,3448,-192.0
2740,3997,82.0
2740,4344,-158.0
2740,4569,-28.0
2741,205,-156.0
2741,722,68.0
2741,817,118.0
2741,2616,116.0
2742,1838,184.0
2742,3390,172.0
2742,4023,28.0
2742,4733,144.0
2743,939,-60.0
2743,3811,94.0
2743,4153,-44.0
2743,4603,190.0
2744,362,-78.0
2744,865,174.0
2744,936,-10.0
2744,4473,32.0
2744,4845,14.0
2745,573,174.0
2745,4418,-66.0
2746,10,86.0
2746,677,58.0
2746,1177,122.0
2746,1736,152.0
2746,2742,38.0
2746,3681,-16.0
2746,3719,-162.0
2746,3962,32.0
2746,4122,-142.0
2746,4643,-72.0
2747,1584,-150.0
2747,1780,-76.0
2747,4430,38.0
2747,4613,66.0
2748,16,-156.0
2748,164,12.0
2748,601,-40.0
2748,744,20.0
2748,1051,-102.0
2748,1329,-54.0
2748,1503,-72.0
2748,2226,-94.0
2748,4311,148.0
2748,4934,-138.0
2749,1482,130.0
2749,2158,82.0
2749,3658,116.0
2750,1714,14.0
2750,3372,-8.0
2750,3772,96.0
2750,4508,-108.0
2751,227,44.0
2751,601,26.0
2751,2547,172.0
2751,2687,-186.0
2751,3042,130.0
2751,3505,112.0
2751,3566,-90.0
2752,185,-42.0
2752,3351,48.0
2752,4737,-88.0
2753,1529,-138.0
2753,2583,14.0
2753,2811,88.0
2753,2820,82.0
2753,3806,166.0
2753,4122,60.0
2754,511,-134.0
2754,2490,-82.0
2754,3821,26.0
2754,4686,-126.0
2755,306,90.0
2755,1998,-200.0
2756,533,142.0
2756,1784,46.0
2756,1958,-116.0
2756,4787,-164.0
2756,4900,56.0
2757,461,194.0
2757,671,176.0
2757,2749,22.0
2757,3299,44.0
2757,4180,-186.0
2758,1519,186.0
2758,3659,4.0
2758,4104,-68.0
2758,4679,-30.0
2759,821,-170.0
2759,1192,148.0
2759,1597,164.0
2759,2005,36.0
2760,3651,156.0
2760,4526,178.0
2760,4797,156.0
2761,1841,54.0
2761,2090,96.0
2761,4192,58.0
2762,651,-30.0
2762,658,-20.0
2762,1461,-66.0
2762,2601,146.0
2762,3750,38.0
2763,1341,124.0
2763,2458,42.0
2763,3117,30.0
2763,3341,124.0
2764,658,-80.0
2764,884,-44.0
2764,2341,56.0
2764,3495,196.0
2764,4015,-94.0
2764,4416,180.0
2764,4652,-142.0
2765,784,172.0
2765,2046,180.0
2765,2753,48.0
2765,3211,-134.0
2766,1046,-194.0
2766,1453,-138.0
2766,2101,-26.0
2766,2554,-6.0
2766,3125,-166.0
2766,3758,-144.0
2766,4103,8.0
2766,4367,-186.0
2766,4367,-42.0
2767,2939,128.0
2767,4015,106.0
2767,4453,12.0
2767,4771,-146.0
2768,1242,152.0
2769,1357,4.0
2769,1366,40.0
2769,1974,126.0
2769,2632,154.0
2769,2966,-80.0
2769,3852,-30.0
2769,4102,-168.0
2769,4211,50.0
2769,4215,-74.0
2769,4508,82.0
2770,10,164.0
2770,450,62.0
2770,1412,28.0
2770,2560,-18.0
2770,2900,20.0
2770,3405,58.0
2771,1072,-190.0
2771,3290,104.0
2771,4401,180.0
2772,3082,-16.0
2772,3765,-10.0
2773,276,-140.0
2773,453,134.0
2773,1492,22.0
2773,4365,-38.0
2774,141,0.0
2774,614,-2.0
2774,1236,-6.0
2774,1748,166.0
2774,1761,92.0
2774,2778,28.0
2774,3014,-54.0
2774,4336,-126.0
2774,4941,138.0
2775,831,134.0
2775,1635,-176.0
2775,2021,42.0
2775,2386,-36.0
2775,3298,70.0
2775,4152,-48.0
2775,4287,-132.0
2775,4529,26.0
2775,4600,122.0
2775,4604,140.0
2775,4611,6.0
2776,1607,-40.0
2776,2410,-192.0
2776,3016,-98.0
2776,3567,-30.0
2776,3584,-140.0
2776,4405,-80.0
2776,4712,34.0
2776,4914,-126.0
2777,921,46.0
2777,2312,128.0
2778,791,16.0
2778,1544,34.0
2778,2236,-134.0
2778,3917,60.0
2778,4763,104.0
2779,2110,56.0
2779,2182,162.0
2779,2693,36.0
2779,3205,50.0
2779,4269,194.0
2779,4273,92.0
2780,432,-82.0
2780,576,-26.0
2780,1111,-96.0
2780,2498,68.0
2780,2514,-104.0
2780,3234,80.0
2780,3861,134.0
2780,3981,138.0
2780,4070,-42.0
2780,4166,-188.0
2780,4602,-114.0
2780,4988,50.0
2781,229,-102.0
2781,1164,168.0
2781,1560,176.0
2781,2305,-78.0
2781,2705,144.0
2781,4288,-198.0
2781,4423,-24.0
2781,4973,-14.0
2782,345,138.0
2782,568,48.0
2782,3878,10.0
2782,4569,68.0
2783,164,-36.0
2783,329,20.0
2783,1255,-34.0
2783,1631,-144.0
2783,2730,106.0
2783,3012,-180.0
2783,3890,18.0
2783,3982,94.0
2783,4480,46.0
2784,1953,-98.0
2784,3902,-180.0
2784,4975,22.0
2785,783,146.0
2785,789,174.0
2785,1340,188.0
2785,2103,-170.0
2785,2475,120.0
2785,4453,-88.0
2785,4659,-96.0
2786,180,128.0
2786,826,-196.0
2786,3838,-96.0
2786,4689,194.0
2787,1203,88.0
2787,2393,18.0
2787,3029,158.0
2787,3384,-64.0
2787,4815,94.0
2787,4982,98.0
2788,929,102.0
2788,2406,-182.0
2788,3162,188.0
2788,3378,-42.0
2788,3834,82.0
2788,4460,-174.0
2789,1725,-196.0
2789,1738,154.0
2789,3398,146.0
2789,3806,54.0
2789,4019,58.0
2789,4319,170.0
2790,2468,-124.0
2790,3947,142.0
2790,4084,88.0
2791,750,-124.0
2791,1625,-128.0
2791,2012,-128.0
2791,2268,182.0
2792,1138,46.0
2792,1296,-46.0
2792,1657,38.0
2792,3401,166.0
2792,3583,-94.0
2792,3773,-74.0
2792,3873,172.0
2793,2984,146.0
2793,3049,-100.0
2793,3274,164.0
2794,760,176.0
2794,1303,-12.0
2794,1346,-194.0
2794,2884,116.0
2794,3120,-92.0
2794,3165,170.0
2794,3295,-46.0
2794,3918,-120.0
2794,4302,104.0
2794,4489,-146.0
2795,539,-128.0
2795,674,122.0
2795,2329,-174.0
2795,2715,-200.0
2796,1257,-164.0
2796,2327,36.0
2796,3224,48.0
2796,3598,74.0
2796,3701,84.0
2796,3820,-54.0
2797,1776,-48.0
2797,2170,178.0
2797,3425,-152.0
2797,4117,64.0
2797,4676,32.0
2798,845,100.0
2798,3391,136.0
2798,4257,66.0
2799,19,130.0
2799,260,-6.0
2799,2054,14.0
2800,346,-62.0
2800,692,196.0
2800,1600,-82.0
2800,1961,112.0
2800,4714,-12.0
2801,126,-30.0
2801,230,-70.0
2801,291,-122.0
2801,3541,16.0
2801,3869,40.0
2801,4155,-186.0
2801,4351,90.0
2802,1675,42.0
2802,2241,-12.0
2803,1827,164.0
2803,2127,-180.0
2803,2926,-40.0
2803,3447,94.0
2803,3669,-148.0
2804,462,100.0
2804,729,-42.0
2804,805,-88.0
2804,2279,138.0
2804,2506,-106.0
2804,2761,82.0
2804,4437,-198.0
2805,2120,190.0
2805,2428,100.0
2805,2661,-72.0
2805,3035,-182.0
2805,3670,-198.0
2805,3921,-198.0
2806,1998,112.0
2806,2043,-126.0
2807,1118,182.0
2807,1319,-148.0
2807,1946,180.0
2807,2197,60.0
2807,2411,96.0
2807,2420,104.0
2807,3659,78.0
2808,52,180.0
2808,2504,180.0
2808,2661,-102.0
2808,4657,-156.0
2809,149,122.0
2809,655,-128.0
2809,745,112.0
2809,1626,178.0
2809,2221,-126.0
2809,2436,84.0
2809,2663,-82.0
2809,3319,106.0
2809,3421,188.0
2809,4254,146.0
2809,4340,-72.0
2809,4957,116.0
2810,366,-76.0
2810,839,-34.0
2810,1681,-194.0
2810,2578,152.0
2810,2588,78.0
2810,2605,180.0
2810,4962,192.0
2811,1462,-88.0
2811,1492,-136.0
2811,1556,-68.0
2811,2044,32.0
2811,2102,-118.0
2811,2639,-36.0
2811,3231,-52.0
2811,3799,-176.0
2811,4761,-16.0
2811,4780,180.0
2812,112,-200.0
2812,582,-124.0
2812,846,184.0
2812,1883,120.0
2812,3283,32.0
2812,3463,-8.0
2812,4498,-194.0
2812,4504,54.0
2813,2377,90.0
2813,2380,-110.0
2813,2484,-116.0
2813,3977,108.0
2814,3630,166.0
2814,3736,134.0
2814,4638,-148.0
2815,1819,-48.0
2815,3050,40.0
2815,3277,14.0
2815,4203,176.0
2816,250,140.0
2816,928,50.0
2816,1296,-144.0
2816,2104,-84.0
2816,2826,88.0
2816,2901,-108.0
2817,141,194.0
2817,2387,118.0
2817,3715,-44.0
2817,4439,128.0
2818,403,72.0
2818,506,110.0
2818,1307,-22.0
2818,1511,-44.0
2818,2656,114.0
2818,3529,-18.0
2818,3618,-94.0
2818,4834,-34.0
2819,1280,96.0
2819,1927,-36.0
2819,2920,-192.0
2819,3023,-108.0
2819,3321,22.0
2820,134,-198.0
2820,2817,12.0
2820,3143,-36.0
2821,739,6.0
2821,1637,180.0
2821,3638,188.0
2822,505,-150.0
2822,1115,-148.0
2822,2326,196.0
2822,3567,-184.0
2823,57,24.0
2823,275,-34.0
2823,668,-182.0
2823,1869,166.0
2823,2058,138.0
2823,2237,-196.0
2824,976,-144.0
2824,1609,54.0
2824,1732,-134.0
2824,1919,-14.0
2824,2004,138.0
2824,2775,60.0
2824,4735,16.0
2825,606,132.0
2825,3470,-128.0
2825,3727,128.0
2825,3923,-168.0
2825,4381,138.0
2825,4989,86.0
2826,1021,90.0
2826,2996,170.0
2826,3175,66.0
2826,4282,196.0
2826,4291,102.0
2827,584,-116.0
2827,594,122.0
2828,2079,158.0
2828,2277,-26.0
2828,2564,-112.0
2828,3585,-52.0
2828,4574,90.0
2829,918,-64.0
2829,1209,-6.0
2829,1376,180.0
2830,917,6.0
2830,1047,-124.0
2830,1666,-16.0
2830,2590,126.0
2830,3288,60.0
2831,70,138.0
2831,1285,144.0
2831,1333,28.0
2832,386,-34.0
2832,1617,-22.0
2832,2688,-200.0
2832,3081,106.0
2832,3486,74.0
2832,3761,-112.0
2832,4145,-82.0
2832,4758,-4.0
2833,410,-86.0
2833,948,82.0
2833,1731,-190.0
2833,1771,142.0
2833,1879,46.0
2834,1546,130.0
2834,2500,-2.0
2834,3675,144.0
2835,587,-76.0
2835,1855,-100.0
2835,2751,-32.0
2835,3342,-152.0
2835,3612,158.0
2835,3767,50.0
2835,4274,-34.0
2836,1704,-62.0
2836,1874,6.0
2836,3312,-184.0
2836,4303,-28.0
2836,4927,-144.0
2837,338,-176.0
2837,917,38.0
2837,1338,-34.0
2838,1066,-116.0
2838,1128,88.0
2838,1845,-78.0
2838,3350,6.0
2838,4667,92.0
2839,154,-78.0
2839,215,-70.0
2839,820,102.0
2839,1330,-162.0
2839,1442,-116.0
2839,2116,-182.0
2839,2273,108.0
2839,2391,-112.0
2839,2425,-116.0
2839,3312,-6.0
2839,3388,-156.0
2839,4039,168.0
2840,958,126.0
2840,1851,90.0
2840,4456,-58.0
2841,1070,46.0
2841,4246,88.0
2841,4723,-70.0
2841,4853,28.0
2842,241,170.0
2842,491,-66.0
2842,1076,84.0
2842,1581,116.0
2842,2046,-138.0
2842,2943,30.0
2842,3340,6.0
2842,4531,72.0
2842,4608,-12.0
2843,345,50.0
2843,4047,2.0
2844,1050,186.0
2844,3059,-14.0
2844,3638,34.0
2844,4707,-54.0
2845,71,-38.0
2845,612,-50.0
2845,806,192.0
2845,1762,102.0
2845,2469,-164.0
2845,2972,-84.0
2845,3482,2.0
2845,3872,160.0
2845,4253,38.0
2846,208,-164.0
2846,1365,-138.0
2846,2846,2.0
2846,4081,-10.0
2847,488,192.0
2847,717,-70.0
2847,762,-4.0
2847,1723,-124.0
2847,1877,20.0
2847,1993,186.0
2847,2031,126.0
2847,3131,-72.0
2847,3589,-46.0
2847,5000,-142.0
2848,61,94.0
2848,410,-74.0
2848,3669,-146.0
2848,4685,-176.0
2849,639,42.0
2849,4281,26.0
2850,48,150.0
2850,242,98.0
2850,255,-38.0
2850,292,138.0
2850,579,38.0
2850,1543,82.0
2850,1932,-18.0
2850,1996,-140.0
2850,2975,52.0
2850,3067,72.0
2850,3751,-114.0
2851,3075,46.0
2851,3496,-10.0
2851,3670,-198.0
2851,4031,-136.0
2851,4518,76.0
2851,4527,124.0
2851,4993,158.0
2852,1093,158.0
2852,1296,-20.0
2852,4489,-192.0
2853,580,-166.0
2853,2791,-108.0
2853,3119,76.0
2853,3571,188.0
2854,118,-36.0
2854,302,-174.0
2854,700,190.0
2854,1014,-186.0
2854,1624,-88.0
2854,1821,160.0
2854,2129,198.0
2854,2818,-106.0
2854,3309,-186.0
2854,4996,-18.0
2855,2024,-126.0
2855,3264,-132.0
2855,4717,178.0
2855,4755,-102.0
2856,825,88.0
2856,1547,110.0
2856,1728,-12.0
2856,2953,-22.0
2856,4206,186.0
2857,2545,-44.0
2857,2547,136.0
2858,1444,-56.0
2858,2070,150.0
2858,2173,48.0
2858,3223,-44.0
2858,3658,116.0
2858,3752,-194.0
2858,3922,134.0
2859,4552,32.0
2860,1370,52.0
2860,1572,-36.0
2860,2819,-194.0
2860,3066,-88.0
2860,3809,126.0
2860,3942,-196.0
2861,432,96.0
2861,785,-142.0
2861,2915,108.0
2861,3500,-200.0
2861,4842,28.0
2862,733,30.0
2862,1114,100.0
2862,3471,98.0
2862,3675,-84.0
2863,1317,22.0
2863,2829,84.0
2863,4957,64.0
2864,871,44.0
2864,1384,98.0
2864,1736,-124.0
2864,2491,112.0
2864,3141,6.0
2864,3988,-184.0
2864,4297,48.0
2865,2679,166.0
2866,127,162.0
2866,1682,-128.0
2866,4496,26.0
2866,4548,134.0
2867,363,6.0
2867,1002,-74.0
2867,2068,6.0
2867,2536,-184.0
2867,4045,40.0
2867,4096,-40.0
2867,4118,96.0
2867,4199,146.0
2867,4297,-48.0
2868,524,-18.0
2868,3148,152.0
2868,3286,-160.0
2869,384,-64.0
2869,469,84.0
2869,1950,176.0
2870,1912,-160.0
2870,2445,72.0
2870,2749,194.0
2870,3086,-34.0
2870,3479,28.0
2870,4022,-164.0
2870,4247,-80.0
2871,930,172.0
2871,1182,2.0
2871,1878,80.0
2871,1951,78.0
2871,4013,150.0
2871,4578,62.0
2872,357,-70.0
2872,967,-128.0
2872,1094,12.0
2872,2177,-196.0
2872,2207,-42.0
2872,2226,-116.0
2872,2627,-200.0
2873,691,34.0
2873,2144,16.0
2873,2408,158.0
2873,3104,-154.0
2874,855,44.0
2874,1486,198.0
2874,2104,-66.0
2874,2769,62.0
2874,4275,-64.0
2875,473,108.0
2876,951,-184.0
2876,2347,-76.0
2876,2602,50.0
2876,2823,128.0
2876,2965,-126.0
2876,3306,198.0
2877,834,-160.0
2877,4272,-176.0
2878,328,-140.0
2878,461,-170.0
2878,2352,-60.0
2878,4813,-168.0
2879,293,104.0
2879,734,-132.0
2879,1563,-56.0
2879,3770,84.0
2880,276,-78.0
2880,877,132.0
2881,1010,-132.0
2881,3958,-64.0
2882,731,150.0
2882,978,-108.0
2882,1225,-78.0
2882,2967,114.0
2882,4388,-154.0
2883,1358,76.0
2883,1715,-22.0
2883,2496,-174.0
2883,2626,-44.0
2883,4350,-96.0
2884,59,-112.0
2884,1724,30.0
2884,2879,34.0
2884,3832,128.0
2884,3886,182.0
2884,4282,18.0
2885,2169,64.0
2886,2493,-150.0
2887,1433,-12.0
2887,1600,68.0
2887,2053,-102.0
2887,2463,94.0
2887,2799,-54.0
2887,3770,174.0
2887,4632,-166.0
2887,4711,42.0
2888,1034,-134.0
2888,1183,186.0
2888,1309,-36.0
2888,1480,-70.0
2888,2079,120.0
2888,3650,-36.0
2889,309,-166.0
2889,2171,188.0
2889,2359,-108.0
2889,4227,152.0
2889,4443,180.0
2889,4967,-128.0
2890,1649,178.0
2890,2992,-142.0
2890,4175,-166.0
2891,2932,-44.0
2891,3846,16.0
2892,1061,-96.0
2892,2225,152.0
2892,2902,-92.0
2892,3045,6.0
2892,4643,-90.0
2893,699,118.0
2893,1119,38.0
2893,2282,-192.0
2893,2542,94.0
2893,2544,58.0
2893,2928,12.0
2893,3168,2.0
2893,3369,76.0
2893,3681,-12.0
2893,3797,-64.0
2893,3839,182.0
2894,1184,-194.0
2894,1479,184.0
2894,2075,22.0
2894,3270,-126.0
2894,4680,-76.0
2895,1281,-46.0
2895,1975,-182.0
2895,2709,-128.0
2895,4840,56.0
2896,62,4.0
2896,2597,150.0
2896,2815,108.0
2896,2979,-62.0
2896,4329,-156.0
2896,4548,142.0
2897,124,-192.0
2897,531,86.0
2897,872,-52.0
2897,1124,78.0
2897,2456,2.0
2897,4152,110.0
2897,4454,-30.0
2897,4637,-102.0
2897,4809,190.0
2897,4937,180.0
2898,765,38.0
2898,1427,-184.0
2898,1752,68.0
2898,3063,-92.0
2898,3345,-170.0
2899,183,92.0
2899,809,40.0
2899,1705,152.0
2900,1723,106.0
2900,1978,132.0
2900,2038,4.0
2900,2305,96.0
2900,3013,-72.0
2901,1064,40.0
2901,4178,118.0
2901,4865,140.0
2902,3120,188.0
2902,4166,110.0
2902,4220,170.0
2902,4405,-178.0
2902,4453,110.0
2902,4486,98.0
2902,4714,2.0
2902,4773,-22.0
2903,570,142.0
2903,1090,-88.0
2903,1341,56.0
2903,2076,-20.0
2903,3039,12.0
2903,3052,-184.0
2903,3434,164.0
2904,2123,-190.0
2904,2746,-112.0
2904,4728,-196.0
2905,36,-74.0
2905,336,134.0
2905,1485,162.0
2906,629,-174.0
2906,2145,60.0
2906,4832,86.0
2907,1097,-172.0
2907,1143,-62.0
2907,1409,-74.0
2907,1720,-104.0
2907,2560,106.0
2907,3175,190.0
2908,84,-138.0
2908,791,192.0
2909,1033,-194.0
2909,2199,-88.0
2909,2590,-172.0
2909,4910,-78.0
2910,83,-188.0
2910,242,198.0
2910,731,-130.0
2910,1782,66.0
2910,2007,-114.0
2910,2787,-96.0
2911,1314,-24.0
2911,2103,192.0
2911,2993,-104.0
2911,3427,122.0
2911,3690,-152.0
2911,4201,30.0
2912,34,-124.0
2912,336,-132.0
2912,2833,-162.0
2912,3077,68.0
2912,3091,-88.0
2912,3827,84.0
2912,4096,170.0
2913,513,-144.0
2913,850,-156.0
2913,1936,-42.0
2913,2205,-176.0
2913,3643,-46.0
2913,4103,-118.0
2914,912,120.0
2914,2008,-30.0
2915,1284,80.0
2915,1346,-94.0
2915,2142,-176.0
2915,2761,68.0
2915,3070,-148.0
2915,3487,144.0
2916,331,-22.0
2916,2027,0.0
2916,3725,-144.0
2916,4683,-150.0
2917,461,46.0
2917,994,-124.0
2917,1143,44.0
2917,2696,118.0
2917,2721,160.0
2917,3384,-170.0
2917,4978,-8.0
2918,506,-54.0
2918,1337,138.0
2918,2721,48.0
2918,4621,-44.0
2919,587,178.0
2919,1845,78.0
2919,3025,-148.0
2919,3289,-48.0
2919,3592,-148.0
2919,4834,110.0
2920,349,-186.0
2920,492,-118.0
2920,662,30.0
2920,936,82.0
2920,2176,52.0
2920,2304,22.0
2920,3242,176.0
2920,3861,-72.0
2921,1611,104.0
2921,3431,-58.0
2921,3493,-176.0
2921,4190,-54.0
2921,4987,-168.0
2922,208,-32.0
2922,1909,104.0
2922,3014,128.0
2922,4171,-124.0
2922,4378,122.0
2923,516,158.0
2923,841,136.0
2923,1590,130.0
2923,1929,-106.0
2923,2538,140.0
2923,2958,-18.0
2923,3340,182.0
2923,4827,128.0
2924,1641,-168.0
2924,1821,36.0
2924,2100,188.0
2924,3036,126.0
2924,4457,46.0
2924,4662,-78.0
2925,619,-52.0
2925,2026,66.0
2925,2270,166.0
2925,2634,-160.0
2925,3115,-56.0
2925,3175,-40.0
2925,4184,-34.0
2925,4472,48.0
2926,143,-172.0
2926,1518,-4.0
2926,2326,166.0
2926,2647,154.0
2926,3807,58.0
2926,4051,-144.0
2926,4295,96.0
2927,978,-92.0
2927,1211,40.0
2927,2406,-194.0
2927,4734,122.0
2928,12,-58.0
2928,337,76.0
2928,2797,8.0
2929,1030,-90.0
2929,1628,-54.0
2929,1977,194.0
2929,2040,-198.0
2929,2099,-72.0
2929,3491,170.0
2929,4380,2.0
2931,1038,-136.0
2931,1701,68.0
2931,1988,-150.0
2931,2355,32.0
2931,3153,-78.0
2931,4015,-92.0
2932,454,128.0
2932,2429,58.0
2932,3838,130.0
2932,4857,-198.0
2933,766,-126.0
2934,135,-12.0
2934,2377,152.0
2934,2920,126.0
2934,3769,-182.0
2934,3808,-34.0
2934,4228,144.0
2934,4495,-2.0
2934,4577,54.0
2935,231,176.0
2935,890,130.0
2935,921,72.0
2935,2511,2.0
2935,3208,-38.0
2935,4381,-20.0
2936,343,-12.0
2936,1980,176.0
2936,2006,140.0
2937,164,2.0
2937,324,-28.0
2937,925,-106.0
2937,2111,-16.0
2937,3488,40.0
2938,1845,6.0
2938,3540,78.0
2939,67,-18.0
2939,251,-194.0
2939,365,54.0
2939,566,84.0
2939,1148,20.0
2939,1862,-98.0
2939,1991,166.0
2939,2734,-14.0
2939,3735,38.0
2939,4863,-104.0
2940,889,104.0
2940,1078,136.0
2940,1811,-140.0
2940,2734,160.0
2940,2994,94.0
2940,3039,-26.0
2940,4458,96.0
2940,4798,-96.0
2941,1130,-10.0
2941,1205,144.0
2941,1534,92.0
2941,2348,-84.0
2941,3048,132.0
2941,3214,16.0
2941,3974,16.0
2941,4094,174.0
2942,940,16.0
2942,1406,82.0
2942,1457,-70.0
2942,1827,-120.0
2942,3152,-72.0
2942,3698,-158.0
2942,4208,170.0
2943,1723,-140.0
2943,2588,190.0
2943,3275,100.0
2943,3654,192.0
2944,2242,178.0
2944,2558,184.0
2945,1099,-44.0
2945,2629,-182.0
2945,2879,-128.0
2945,3080,198.0
2945,3754,-98.0
2945,4342,-164.0
2946,1024,-20.0
2946,1214,14.0
2946,1363,-84.0
2946,2010,-114.0
2946,2457,-116.0
2946,2865,-26.0
2946,4008,144.0
2946,4263,-22.0
2946,4319,-44.0
2947,667,146.0
2947,1067,36.0
2947,1080,-92.0
2947,1687,-200.0
2947,2952,40.0
2947,4027,-74.0
2947,4239,-50.0
2948,328,14.0
2948,1571,-168.0
2948,1859,-82.0
2948,2510,-162.0
2948,4033,32.0
2949,240,-170.0
2949,1185,128.0
2949,1574,156.0
2949,4105,86.0
2949,4930,92.0
2950,483,-82.0
2950,1488,-130.0
2950,2188,44.0
2950,2548,-146.0
2950,4539,-120.0
2950,4611,48.0
2951,120,-178.0
2951,428,176.0
2951,743,64.0
2951,1317,-166.0
2951,1936,-2.0
2952,658,144.0
2952,1413,162.0
2952,2187,142.0
2952,2955,-30.0
2952,3017,-184.0
2952,3828,-24.0
2952,4025,16.0
2952,4115,70.0
2953,1404,-150.0
2953,2201,-154.0
2953,2458,30.0
2953,4905,-78.0
2954,71,-174.0
2954,969,18.0
2954,1630,-148.0
2954,1856,64.0
2954,3766,110.0
2954,4568,-134.0
2954,4618,138.0
2955,4062,128.0
2956,437,60.0
2956,945,-62.0
2956,2269,146.0
2957,41,-44.0
2957,149,60.0
2957,913,-136.0
2957,1181,162.0
2957,3953,32.0
2957,4707,118.0
2957,4802,-192.0
2958,1259,104.0
2958,2192,94.0
2958,3044,-100.0
2959,19,-160.0
2959,679,144.0
2959,4105,110.0
2959,4848,-184.0
2960,8,-150.0
2960,458,-164.0
2960,737,-130.0
2960,889,164.0
2960,1611,154.0
2960,1798,78.0
2960,2148,-114.0
2960,2233,-24.0
2960,3479,76.0
2960,3952,182.0
2960,3989,-156.0
2961,2822,-72.0
2961,3498,-102.0
2961,3527,112.0
2962,2989,160.0
2962,4645,-194.0
2963,126,-92.0
2963,373,28.0
2963,552,-42.0
2963,1215,-130.0
2963,3016,166.0
2963,3447,-94.0
2963,3579,196.0
2963,4638,-38.0
2963,4871,6.0
2964,1243,118.0
2964,1305,78.0
2964,1914,118.0
2964,2506,-74.0
2964,3439,186.0
2964,4591,4.0
2965,447,-38.0
2965,695,-190.0
2965,2322,-110.0
2965,2592,114.0
2965,2768,-150.0
2965,2877,-160.0
2965,2967,-54.0
2965,3156,-50.0
2965,4263,58.0
2965,4639,-98.0
2965,4678,14.0
2966,989,30.0
2966,1497,114.0
2966,1715,-2.0
2966,2634,-60.0
2966,4111,30.0
2966,4657,64.0
2966,4877,84.0
2967,630,-78.0
2967,2411,122.0
2967,3523,-4.0
2967,3795,-72.0
2967,4645,100.0
2968,504,-86.0
2968,592,-42.0
2968,1705,-50.0
2968,4093,184.0
2968,4642,-2.0
2969,997,18.0
2969,2058,-28.0
2969,4203,-36.0
2970,397,122.0
2970,1384,-174.0
2970,3803,142.0
2970,4254,-104.0
2971,1982,-192.0
2971,2177,126.0
2971,2372,108.0
2971,3490,188.0
2971,3549,82.0
2971,4375,-58.0
2972,294,66.0
2972,594,-14.0
2972,606,-92.0
2972,1194,-80.0
2972,1831,146.0
2972,1900,44.0
2972,3730,132.0
2972,4471,166.0
2972,4653,-190.0
2973,111,2.0
2973,233,-42.0
2973,568,138.0
2973,1142,-158.0
2973,1343,58.0
2973,1636,-148.0
2973,2683,-62.0
2973,4276,-16.0
2974,2581,-44.0
2975,1203,2.0
2975,2932,90.0
2976,1082,138.0
2976,1261,150.0
2976,1818,-40.0
2976,2158,58.0
2976,2752,6.0
2976,3343,140.0
2977,845,24.0
2977,960,-24.0
2977,2247,-54.0
2977,3251,154.0
2977,3310,38.0
2977,3505,-20.0
2977,4014,-34.0
2977,4744,-88.0
2977,4982,-122.0
2978,708,188.0
2978,835,16.0
2978,1558,-174.0
2978,2349,188.0
2978,3739,10.0
2978,3966,178.0
2978,3978,-172.0
2979,540,116.0
2979,2040,-140.0
2979,3396,-162.0
2979,3675,-198.0
2979,3682,166.0
2979,3937,54.0
2979,4131,-182.0
2979,4196,132.0
2980,485,-68.0
2980,678,64.0
2980,838,162.0
2980,2057,92.0
2980,2787,148.0
2980,2817,-176.0
2981,461,110.0
2981,1187,70.0
2981,2168,114.0
2982,1024,82.0
2982,1527,162.0
2982,2179,-68.0
2982,3769,130.0
2983,1563,110.0
2983,2545,-6.0
2983,3585,-158.0
2984,669,70.0
2984,851,48.0
2984,1428,-144.0
2984,2980,-196.0
2984,3676,-146.0
2984,4527,-164.0
2985,3019,-134.0
2985,4512,-198.0
2985,4765,186.0
2986,377,-158.0
2986,1869,-180.0
2986,2825,198.0
2986,3779,128.0
2986,4606,72.0
2987,78,92.0
2987,1430,-120.0
2987,1932,-144.0
2987,3746,-4.0
2988,342,-12.0
2988,1513,-122.0
2988,3192,128.0
2988,3896,-72.0
2988,4863,196.0
2988,4869,-142.0
2989,81,-82.0
2989,2884,-90.0
2989,2952,46.0
2989,3966,-124.0
2990,742,82.0
2990,1159,32.0
2990,1933,-56.0
2990,3124,-180.0
2990,4491,134.0
2990,4818,20.0
2991,696,-10.0
2991,1104,108.0
2991,1278,80.0
2991,2178,-108.0
2991,2525,126.0
2991,2528,122.0
2991,3593,120.0
2991,3778,130.0
2991,3778,26.0
2991,4038,74.0
2991,4270,166.0
2992,288,-30.0
2992,1027,4.0
2992,2823,58.0
2992,4292,-200.0
2993,1699,-128.0
2993,3354,-114.0
2993,3938,94.0
2994,651,-92.0
2994,759,52.0
2994,1501,74.0
2994,1832,-122.0
2994,2047,40.0
2994,3316,172.0
2994,4155,86.0
2994,4373,0.0
2995,352,-20.0
2995,823,22.0
2995,891,174.0
2995,3497,130.0
2995,4501,186.0
2995,4798,-188.0
2996,299,172.0
2996,1735,-36.0
2996,2063,134.0
2996,2435,-104.0
2996,3648,38.0
2997,1752,-104.0
2997,1778,94.0
2997,2592,56.0
2997,4719,0.0
2998,353,-116.0
2998,1582,62.0
2998,3859,-152.0
2999,1072,-44.0
2999,1098,58.0
2999,1449,-76.0
2999,2853,78.0
3000,762,-138.0
3000,1522,-176.0
3000,3658,-96.0
3000,4381,-190.0
3002,748,-24.0
3002,3542,44.0
3002,3680,90.0
3002,3853,54.0
3003,136,-52.0
3003,634,40.0
3004,1542,-24.0
3004,4538,-158.0
3004,4613,112.0
3005,1334,30.0
3005,1889,-108.0
3005,1965,28.0
3005,3943,72.0
3005,4589,110.0
3006,627,98.0
3006,650,120.0
3006,1660,-192.0
3006,2591,-32.0
3006,3878,-146.0
3006,4608,-48.0
3006,4660,16.0
3006,4748,-122.0
3006,4769,168.0
3007,1700,-88.0
3007,2310,-158.0
3007,3213,-38.0
3007,4275,0.0
3008,1739,14.0
3008,3093,-82.0
3008,3816,-182.0
3008,4553,80.0
3009,495,26.0
3009,954,-120.0
3009,1441,46.0
3009,1642,136.0
3009,1842,-50.0
3009,4618,-144.0
3009,4956,-102.0
3010,476,88.0
3010,2411,-30.0
3010,2730,-50.0
3010,2767,-12.0
3010,3304,-22.0
3010,3871,-100.0
3011,566,-184.0
3011,787,152.0
3011,1010,-56.0
3011,1490,24.0
3011,2175,-124.0
3011,2714,100.0
3011,3812,150.0
3011,3977,90.0
3011,4554,4.0
3012,2764,-74.0
3012,4530,-150.0
3013,1204,74.0
3013,1271,168.0
3013,2829,-30.0
3013,3824,-6.0
3013,3868,6.0
3013,4742,8.0
3014,185,-112.0
3014,2912,-114.0
3016,1311,-78.0
3016,1695,34.0
3016,2035,28.0
3016,3437,-114.0
3016,4459,-146.0
3017,2968,-82.0
3017,3279,102.0
3017,3373,10.0
3018,1031,120.0
3018,1433,-120.0
3018,1859,-160.0
3018,2174,96.0
3018,3969,-142.0
3018,4425,110.0
3019,2712,-52.0
3019,3456,110.0
3019,4035,-46.0
3020,618,164.0
3020,1742,100.0
3020,2482,24.0
3020,3423,100.0
3020,4995,-96.0
3021,201,-72.0
3021,1295,-122.0
3021,3831,-24.0
3021,4096,-26.0
3021,4846,60.0
3021,4883,-54.0
3022,8,-88.0
3022,2475,138.0
3022,3385,-12.0
3022,4757,170.0
3022,4794,-50.0
3023,3382,152.0
3023,3595,-36.0
3023,3826,12.0
3023,3989,190.0
3023,4000,94.0
3023,4000,-116.0
3023,4846,-52.0
3024,2159,-124.0
3024,2857,190.0
3025,3005,104.0
3025,4232,120.0
3026,236,-160.0
3026,1204,-196.0
3026,1482,-30.0
3026,3570,-132.0
3027,1937,-188.0
3027,2424,-200.0
3027,2820,-152.0
3027,2968,34.0
3027,3603,-16.0
3027,3954,-2.0
3027,4948,-72.0
3028,752,106.0
3028,2810,38.0
3028,3703,-58.0
3029,1721,86.0
3029,2806,-140.0
3029,3524,126.0
3029,4670,-160.0
3030,139,60.0
3030,340,-2.0
3030,1870,52.0
3030,2913,20.0
3030,3057,154.0
3030,4101,-176.0
3030,4669,180.0
3031,8,122.0
3031,771,196.0
3031,1472,-104.0
3031,3006,74.0
3031,3655,152.0
3031,3898,28.0
3032,3401,-16.0
3032,4076,88.0
3032,4201,16.0
3033,112,66.0
3033,493,62.0
3033,1416,-194.0
3033,2533,28.0
3033,2855,-74.0
3033,2909,-108.0
3033,3335,-126.0
3034,401,-88.0
3034,488,-142.0
3034,801,146.0
3034,3007,-200.0
3034,4028,-48.0
3035,27,106.0
3035,957,122.0
3035,2610,152.0
3035,2681,104.0
3035,2872,98.0
3035,3032,-68.0
3035,3810,140.0
3035,4182,156.0
3036,4145,-74.0
3036,4703,2.0
3037,67,-188.0
3037,762,-46.0
3037,1281,168.0
3037,2479,8.0
3037,3837,136.0
3037,4762,54.0
3038,698,-46.0
3038,2125,-38.0
3038,2375,30.0
3038,3315,-120.0
3038,3749,56.0
3038,4897,-66.0
3039,124,34.0
3039,378,-2.0
3039,1469,92.0
3039,2324,198.0
3039,4371,34.0
3040,1121,-120.0
3040,2010,-20.0
3040,2289,-152.0
3040,2822,78.0
3040,2862,-32.0
3040,3044,-16.0
3040,4446,-160.0
3041,2645,-176.0
3041,2907,0.0
3041,3914,-120.0
3042,662,-176.0
3042,843,140.0
3042,1735,114.0
3042,1968,-36.0
3042,2508,-194.0
3042,2823,-52.0
3042,4095,-126.0
3042,4400,-158.0
3042,4619,50.0
3042,4738,100.0
3043,743,-102.0
3043,1708,-180.0
3043,3380,34.0
3043,3966,156.0
3043,4183,60.0
3044,1043,20.0
3044,3187,84.0
3044,4239,24.0
3045,1394,-64.0
3045,1468,158.0
3045,1587,-10.0
3045,3049,88.0
3045,3067,-72.0
3045,3319,192.0
3045,3778,158.0
3045,4048,26.0
3046,2295,58.0
3046,3269,48.0
3047,110,70.0
3047,715,68.0
3047,1112,128.0
3047,1146,4.0
3047,4119,-80.0
3047,4400,-188.0
3047,4545,-26.0
3047,4837,166.0
3048,1580,30.0
3049,1215,74.0
3049,1342,40.0
3049,1410,110.0
3049,2134,-172.0
3049,3175,0.0
3050,2922,-96.0
3050,4120,-14.0
3050,4925,-58.0
3051,82,66.0
3051,865,64.0
3052,706,-162.0
3052,1355,66.0
3052,3002,-94.0
3052,3843,-108.0
3052,3894,118.0
3053,606,-178.0
3053,688,-62.0
3053,1265,168.0
3053,1360,152.0
3053,2286,20.0
3053,2773,186.0
3053,3902,96.0
3053,4310,36.0
3053,4874,68.0
3054,10,58.0
3054,4000,84.0
3055,722,-82.0
3055,820,40.0
3055,2206,-84.0
3055,2413,-76.0
3055,3049,-36.0
3055,3640,-118.0
3056,305,84.0
3056,361,84.0
3056,1453,156.0
3056,1815,186.0
3056,2220,-52.0
3056,3026,-16.0
3056,3816,64.0
3056,4310,162.0
3057,260,-186.0
3057,1317,-194.0
3057,1509,-156.0
3057,1823,92.0
3057,2584,98.0
3057,4728,164.0
3058,16,120.0
3058,1132,130.0
3058,1186,34.0
3058,1398,130.0
3058,2239,-34.0
3058,4934,126.0
3059,1230,-14.0
3060,9,110.0
3060,1879,-194.0
3060,2668,126.0
3060,3568,-120.0
3060,3667,36.0
3061,1211,172.0
3061,1353,140.0
3061,1355,190.0
3061,2829,-160.0
3061,4174,-38.0
3062,16,-170.0
3062,1426,188.0
3062,2654,-34.0
3062,3182,164.0
3062,3541,126.0
3062,4775,64.0
3063,257,-54.0
3063,789,64.0
3063,1533,4.0
3063,2162,-58.0
3063,2671,-112.0
3063,4435,116.0
3063,4613,-172.0
3064,505,-188.0
3064,955,-172.0
3064,1167,178.0
3064,1330,18.0
3064,4996,62.0
3065,480,194.0
3065,1207,-198.0
3065,2534,150.0
3065,4137,-144.0
3066,1189,-86.0
3066,1541,172.0
3066,1742,128.0
3066,2756,160.0
3066,2809,32.0
3066,3298,-108.0
3066,4238,-156.0
3067,306,146.0
3067,399,80.0
3067,1374,94.0
3067,2130,108.0
3067,4410,198.0
3068,1355,-36.0
3068,2419,-36.0
3068,4149,0.0
3068,4502,-74.0
3069,940,-186.0
3069,3619,120.0
3070,1791,80.0
3070,1799,82.0
3070,2282,170.0
3071,2955,-102.0
3072,1889,-160.0
3072,2445,-58.0
3072,3713,-140.0
3072,4250,-152.0
3072,4494,176.0
3073,327,-42.0
3073,1063,-176.0
3073,1064,-176.0
3073,2291,194.0
3073,3247,160.0
3073,3728,168.0
3073,4315,108.0
3073,4342,2.0
3073,4775,-174.0
3074,1649,-168.0
3074,2548,-104.0
3074,3269,120.0
3074,3928,66.0
3075,421,120.0
3075,4626,52.0
3076,137,70.0
3076,2075,-68.0
3076,2128,80.0
3076,2547,32.0
3076,4012,-158.0
3076,4472,-198.0
3076,4912,-164.0
3077,280,-114.0
3077,1651,-136.0
3077,1883,170.0
3077,2353,-130.0
3077,3101,192.0
3078,4838,160.0
3079,1339,-84.0
3079,1507,42.0
3079,1955,176.0
3079,3979,22.0
3080,697,-66.0
3080,824,102.0
3080,3034,148.0
3080,3205,0.0
3080,3884,-98.0
3081,974,-134.0
3081,3609,-194.0
3081,3943,0.0
3081,4694,112.0
3082,313,-130.0
3082,518,-14.0
3082,621,-90.0
3082,1369,180.0
3082,1696,-30.0
3082,1754,-146.0
3082,2696,-46.0
3082,3128,-70.0
3082,3365,36.0
3082,3472,-182.0
3082,3538,-196.0
3082,3774,20.0
3082,4255,-56.0
3082,4267,-180.0
3083,2514,142.0
3083,2672,10.0
3083,3011,66.0
3084,1041,-72.0
3084,1773,110.0
3084,2130,20.0
3084,2267,-12.0
3084,2496,-174.0
3084,2708,8.0
3084,2750,124.0
3084,3241,-50.0
3084,3602,-50.0
3084,4536,0.0
3084,4634,152.0
3085,86,-20.0
3085,184,142.0
3085,361,38.0
3085,540,148.0
3085,1714,66.0
3085,2383,56.0
3085,3520,-70.0
3085,4677,-36.0
3085,4980,-128.0
3086,1780,82.0
3086,2281,14.0
3086,2728,174.0
3087,404,-198.0
3087,634,142.0
3087,653,-72.0
3087,1044,-74.0
3087,2771,184.0
3087,2843,140.0
3087,4547,-74.0
3088,49,-22.0
3088,459,96.0
3088,534,40.0
3088,2221,-4.0
3088,2557,-136.0
3088,2634,164.0
3088,3487,94.0
3088,3689,32.0
3088,4230,-96.0
3089,12,154.0
3089,264,56.0
3089,1215,-2.0
3089,2736,-172.0
3089,3757,-106.0
3089,3893,44.0
3089,4195,-74.0
3089,4916,-30.0
3090,307,-42.0
3090,3008,-68.0
3090,3572,-190.0
3091,1179,-90.0
3091,4095,-94.0
3091,4519,-6.0
3091,4653,16.0
3092,2940,-166.0
3092,3518,150.0
3092,4964,78.0
3093,358,-162.0
3093,517,-64.0
3093,778,122.0
3093,2432,16.0
3093,3841,110.0
3093,4084,34.0
3093,4271,-38.0
3093,4586,-46.0
3094,26,60.0
3094,316,134.0
3094,776,-20.0
3094,1283,-134.0
3094,3933,-6.0
3094,4076,108.0
3094,4771,-40.0
3095,1133,-104.0
3095,1285,82.0
3095,2116,-188.0
3095,3652,114.0
3095,3817,-126.0
3096,3,114.0
3096,1386,10.0
3096,3079,-176.0
3096,4850,-54.0
3097,261,-24.0
3097,1713,192.0
3097,3752,-26.0
3098,1948,160.0
3098,1953,54.0
3098,2546,174.0
3098,2674,112.0
3098,3281,-174.0
3098,4165,194.0
3098,4191,-74.0
3099,2268,-138.0
3099,2389,-154.0
3100,270,184.0
3100,1896,-80.0
3100,2223,38.0
3100,2260,-100.0
3100,4643,-52.0
3100,4965,-180.0
3101,889,42.0
3101,1832,-50.0
3102,1583,-114.0
3102,1855,-160.0
3102,3785,-190.0
3102,4125,-58.0
3103,2376,64.0
3103,3352,-140.0
3103,3830,-76.0
3103,3966,-52.0
3103,4068,-8.0
3104,217,148.0
3104,670,186.0
3104,3519,-192.0
3104,3573,-62.0
3105,226,-26.0
3105,351,-110.0
3105,442,186.0
3105,1458,-32.0
3105,2245,-118.0
3105,4761,-2.0
3106,202,18.0
3106,4470,-168.0
3107,1464,138.0
3107,4217,126.0
3108,1233,50.0
3108,2311,-2.0
3108,4191,-108.0
3109,2296,152.0
3109,2659,-80.0
3109,3097,-112.0
3110,845,-20.0
3110,973,136.0
3110,1043,-58.0
3110,1214,126.0
3110,1872,-198.0
3110,4526,-94.0
3110,4984,154.0
3111,350,-152.0
3111,590,-166.0
3111,1916,90.0
3111,2425,-168.0
3111,3785,172.0
3111,4888,-46.0
3112,637,-54.0
3112,969,110.0
3112,2247,-80.0
3112,4856,190.0
3113,3926,138.0
3113,4862,-24.0
3114,306,-118.0
3114,2918,-6.0
3114,3683,-48.0
3115,1238,-100.0
3115,2264,-50.0
3115,3732,116.0
3116,1362,-68.0
3116,1728,142.0
3116,2092,-74.0
3117,276,-24.0
3117,2422,-140.0
3117,2520,-152.0
3117,3598,88.0
3117,3633,106.0
3118,700,2.0
3118,2294,116.0
3118,2537,-70.0
3118,2839,8.0
3118,4197,122.0
3118,4713,-70.0
3119,3,-84.0
3119,700,-66.0
3119,1459,-62.0
3119,1967,-120.0
3119,2424,156.0
3119,4628,-16.0
3120,1874,136.0
3120,3052,26.0
3120,3731,-182.0
3121,783,28.0
3121,1011,196.0
3121,1315,0.0
3121,2602,76.0
3121,2666,6.0
3121,2946,-128.0
3121,3246,-42.0
3121,3265,-138.0
3122,2890,-32.0
3122,3545,148.0
3123,113,-124.0
3123,1998,-16.0
3123,3430,-54.0
3123,3595,10.0
3124,697,40.0
3124,1565,90.0
3124,1708,-198.0
3124,2798,10.0
3124,3187,-148.0
3124,3665,-128.0
3124,4974,2.0
3125,227,-156.0
3125,1004,136.0
3125,1738,-158.0
3125,2147,-108.0
3125,2838,84.0
3125,3424,-58.0
3125,4069,-194.0
3126,581,138.0
3126,914,-84.0
3126,1244,-154.0
3126,4264,-16.0
3127,355,-144.0
3127,549,-180.0
3127,2938,14.0
3127,3114,-82.0
3128,18,-2.0
3128,916,70.0
3128,3767,-170.0
3128,4541,-170.0
3129,4300,-170.0
3129,4992,-62.0
3130,49,0.0
3130,2017,-152.0
3130,2654,-28.0
3130,2919,-114.0
3130,3377,-128.0
3130,3920,-34.0
3130,4937,144.0
3131,26,-26.0
3131,127,16.0
3131,799,166.0
3131,1331,40.0
3131,1370,48.0
3132,744,160.0
3132,1270,16.0
3132,1417,-198.0
3132,3907,-172.0
3133,85,-184.0
3133,2255,20.0
3133,4835,120.0
3134,480,182.0
3134,1760,182.0
3134,3110,-72.0
3134,3211,196.0
3134,3559,168.0
3134,4000,-12.0
3134,4575,-156.0
3134,4761,-76.0
3135,28,70.0
3135,1457,142.0
3135,1471,34.0
3135,2820,158.0
3135,4159,92.0
3135,4942,-38.0
3136,3916,90.0
3136,4081,-174.0
3137,405,-92.0
3137,669,68.0
3137,1056,18.0
3137,1952,-26.0
3137,3200,-26.0
3137,4425,128.0
3138,11,-92.0
3138,456,-48.0
3138,1671,52.0
3138,1685,188.0
3138,2121,-82.0
3138,3019,-154.0
3138,4391,188.0
3138,4681,2.0
3138,4779,-166.0
3139,57,54.0
3139,497,-80.0
3139,2598,50.0
3139,2729,132.0
3139,3557,154.0
3139,3814,-182.0
3139,4546,156.0
3139,4738,162.0
3139,4859,78.0
3140,156,-30.0
3140,359,76.0
3140,2412,164.0
3140,3512,126.0
3140,4485,150.0
3140,4689,96.0
3140,4982,110.0
3141,125,98.0
3141,417,-44.0
3141,497,-160.0
3141,798,126.0
3141,1148,178.0
3141,1224,-168.0
3141,3236,70.0
3141,3673,-10.0
3141,4142,-24.0
3141,4815,196.0
3142,1007,168.0
3142,1148,-48.0
3142,1314,122.0
3142,1388,86.0
3142,4571,138.0
3143,1833,-174.0
3143,3323,-104.0
3143,4019,-180.0
3143,4571,-182.0
3144,298,182.0
3144,2326,-36.0
3145,103,-180.0
3145,761,-112.0
3145,2125,22.0
3145,2145,86.0
3145,2279,0.0
3145,2680,46.0
3145,2754,196.0
3146,1059,-74.0
3146,1408,60.0
3146,4114,-128.0
3146,4706,4.0
3147,306,-10.0
3147,634,54.0
3147,4015,-162.0
3147,5000,88.0
3148,2156,174.0
3148,2471,-144.0
3148,2590,-32.0
3148,2895,178.0
3148,3445,196.0
3148,3943,-114.0
3149,85,-18.0
3149,92,140.0
3149,542,28.0
3149,1473,-132.0
3149,2303,18.0
3149,2369,168.0
3149,2665,88.0
3149,3528,-36.0
3150,271,158.0
3150,965,-78.0
3150,1292,178.0
3150,3287,-200.0
3151,1727,-90.0
3152,1442,-148.0
3152,1773,-74.0
3152,1914,104.0
3152,2359,108.0
3152,4157,-158.0
3153,253,182.0
3153,2576,104.0
3153,2633,160.0
3153,3099,164.0
3153,3106,-10.0
3153,4018,-72.0
3153,4423,-172.0
3153,4920,-94.0
3154,729,-178.0
3154,1525,74.0
3154,2601,-174.0
3154,3286,4.0
3154,4009,-26.0
3154,4476,-20.0
3155,1486,-28.0
3155,3453,198.0
3156,219,-42.0
3156,1222,-188.0
3156,2512,24.0
3156,3072,180.0
3156,3753,-106.0
3156,4823,2.0
3157,252,142.0
3157,1983,18.0
3157,4190,158.0
3157,4881,108.0
3158,628,160.0
3158,779,-96.0
3158,1816,12.0
3158,1884,-104.0
3158,1906,168.0
3158,1999,-128.0
3158,3835,60.0
3158,4644,-106.0
3159,1313,-100.0
3159,2142,98.0
3159,2197,182.0
3159,2520,-2.0
3159,4085,118.0
3160,28,-134.0
3160,404,76.0
3160,1173,-40.0
3160,1501,-66.0
3160,1660,94.0
3160,3269,172.0
3161,978,188.0
3161,2597,-142.0
3161,2835,-112.0
3162,2519,-122.0
3162,2699,50.0
3162,3719,110.0
3162,4306,186.0
3162,4539,-108.0
3163,1545,102.0
3163,2578,158.0
3163,3040,-168.0
3163,3164,-162.0
3163,3226,26.0
3163,3961,-2.0
3163,4010,20.0
3164,392,-66.0
3164,4379,-162.0
3164,4845,14.0
3165,859,182.0
3165,1285,-142.0
3165,1535,198.0
3165,2066,94.0
3165,2816,-178.0
3165,3316,-198.0
3165,4877,52.0
3166,1367,-4.0
3166,2925,-100.0
3166,4458,-88.0
3167,546,-174.0
3167,1445,60.0
3167,2095,-2.0
3167,2161,-108.0
3167,2245,-114.0
3167,2655,-100.0
3168,1278,-194.0
3168,3677,-64.0
3168,3907,-92.0
3168,4503,116.0
3169,1063,178.0
3169,2834,-168.0
3169,3666,-146.0
3169,4178,-154.0
3169,4270,34.0
3169,4723,-196.0
3170,203,92.0
3170,1978,-170.0
3171,1208,-50.0
3171,2316,42.0
3171,2405,-188.0
3171,2964,84.0
3171,3368,64.0
3171,3798,190.0
3171,4409,52.0
3172,316,196.0
3172,498,48.0
3172,3013,172.0
3172,3995,-78.0
3172,4562,-58.0
3173,848,-146.0
3173,2061,-138.0
3173,4339,100.0
3173,4775,-198.0
3174,293,40.0
3174,876,68.0
3174,2690,-74.0
3174,3593,124.0
3174,3751,-52.0
3174,3922,-86.0
3174,3993,-70.0
3175,543,48.0
3175,1466,-68.0
3175,2270,-122.0
3175,2866,-34.0
3175,2974,114.0
3175,3348,44.0
3175,4481,98.0
3175,4691,84.0
3175,4853,-82.0
3176,443,174.0
3176,450,-112.0
3176,517,-142.0
3176,1842,56.0
3176,2585,-138.0
3176,2680,-54.0
3176,3068,-198.0
3176,4718,-82.0
3177,357,-172.0
3177,1337,-96.0
3177,3016,152.0
3177,3422,-124.0
3177,4181,48.0
3178,76,-26.0
3178,976,-200.0
3178,2175,-14.0
3178,2748,158.0
3178,3280,-192.0
3178,4317,-138.0
3178,4710,138.0
3179,350,92.0
3179,1555,76.0
3179,1907,78.0
3179,3310,-128.0
3179,3673,-182.0
3179,3963,152.0
3179,4748,20.0
3180,117,88.0
3180,380,-178.0
3180,970,-124.0
3180,1087,154.0
3180,2028,-110.0
3180,3151,62.0
3180,3311,42.0
3180,4050,-174.0
3181,1661,-182.0
3181,2557,-154.0
3181,2614,-138.0
3181,2945,54.0
3181,3976,-184.0
3182,588,-54.0
3182,1344,196.0
3182,3048,-22.0
3182,3102,62.0
3182,4454,162.0
3183,489,116.0
3183,910,-200.0
3183,2386,14.0
3183,2855,138.0
3183,3025,90.0
3183,3069,152.0
3183,3903,-112.0
3183,4131,198.0
3184,102,-192.0
3184,167,-114.0
3184,2518,192.0
3184,2721,-186.0
3184,3324,-170.0
3184,3551,-188.0
3184,3999,70.0
3184,4460,-8.0
3184,4960,26.0
3186,171,-130.0
3186,176,140.0
3186,855,-178.0
3186,1065,-24.0
3186,1605,152.0
3186,2336,-54.0
3186,2487,-98.0
3186,2589,10.0
3186,3563,30.0
3186,3627,154.0
3187,1239,20.0
3187,2526,72.0
3187,3279,-118.0
3187,4457,194.0
3188,864,-190.0
3188,1587,14.0
3188,2001,-18.0
3188,3546,54.0
3189,116,-116.0
3189,1779,-126.0
3189,2390,178.0
3189,2537,54.0
3189,2752,-136.0
3189,4162,18.0
3190,837,14.0
3190,3341,12.0
3190,3607,-76.0
3191,82,122.0
3191,1416,-64.0
3191,1988,-12.0
3191,2239,-112.0
3191,2930,8.0
3191,2978,88.0
3191,3493,-188.0
3191,3609,-136.0
3191,4420,154.0
3192,117,-68.0
3192,316,-72.0
3192,581,-160.0
3192,1722,-192.0
3192,1874,124.0
3192,3245,-172.0
3192,3412,68.0
3192,4765,-154.0
3193,350,168.0
3193,359,118.0
3193,945,-114.0
3193,1177,-122.0
3193,1214,70.0
3193,1262,96.0
3193,2585,8.0
3193,4771,86.0
3194,446,136.0
3194,3322,126.0
3194,4050,-198.0
3195,1488,20.0
3195,1676,-126.0
3195,1707,154.0
3195,3172,14.0
3196,706,20.0
3196,1170,-100.0
3196,1325,-82.0
3196,2638,-198.0
3196,2944,0.0
3196,3328,78.0
3197,1435,34.0
3197,2648,180.0
3197,3439,14.0
3197,3905,50.0
3198,426,-118.0
3198,2129,-110.0
3198,2162,-140.0
3198,2992,76.0
3198,3344,-160.0
3199,555,14.0
3199,814,-160.0
3199,887,68.0
3199,1728,-180.0
3199,2576,-16.0
3199,2635,-6.0
3199,4251,104.0
3200,646,-76.0
3200,841,174.0
3200,1285,184.0
3200,1448,110.0
3200,1489,16.0
3200,2039,-12.0
3200,2395,50.0
3200,3244,-26.0
3200,4584,10.0
3201,351,132.0
3201,1756,-12.0
3201,2489,100.0
3201,3923,36.0
3202,1137,-60.0
3202,1555,-108.0
3202,2028,46.0
3202,2726,-158.0
3202,3530,170.0
3202,4022,122.0
3202,4192,-114.0
3202,4307,-34.0
3202,4440,-110.0
3202,4512,48.0
3202,4831,90.0
3202,4870,24.0
3203,1246,-146.0
3203,1952,108.0
3203,2037,-170.0
3203,2689,-146.0
3203,4758,138.0
3204,938,-50.0
3204,1588,-86.0
3204,3132,170.0
3204,3709,-100.0
3204,3937,32.0
3205,1588,78.0
3205,2806,-154.0
3205,3904,0.0
3205,4357,-26.0
3206,6,-26.0
3206,504,-52.0
3206,601,-192.0
3206,883,16.0
3206,1985,158.0
3206,2499,72.0
3206,2820,38.0
3206,3290,-40.0
3206,4555,-50.0
3207,2151,22.0
3207,3496,-42.0
3207,4240,78.0
3208,221,-2.0
3208,604,76.0
3208,2180,-140.0
3208,2987,26.0
3209,54,82.0
3210,1547,-44.0
3210,1606,124.0
3210,1849,164.0
3210,2216,46.0
3210,3116,-184.0
3210,4656,-38.0
3210,4945,-12.0
3211,1769,128.0
3211,4303,-58.0
3212,1206,-168.0
3212,2861,-194.0
3212,3067,134.0
3213,320,50.0
3213,826,30.0
3213,2272,-92.0
3213,2459,-10.0
3213,2535,-122.0
3213,3439,-154.0
3213,4966,-94.0
3214,392,16.0
3214,1404,82.0
3214,3026,10.0
3215,129,-148.0
3215,1331,-184.0
3215,3230,-106.0
3215,3544,-4.0
3216,786,-94.0
3216,1606,110.0
3216,1814,-158.0
3216,2476,100.0
3217,77,108.0
3217,609,70.0
3217,1914,-100.0
3217,2227,-140.0
3217,2438,-88.0
3217,2544,52.0
3217,3251,-180.0
3217,4058,170.0
3218,903,184.0
3218,1762,-32.0
3218,2311,40.0
3218,2743,186.0
3218,4143,-124.0
3218,4243,50.0
3219,51,26.0
3219,240,134.0
3219,1234,-164.0
3219,2273,-28.0
3219,3778,-104.0
3219,4045,122.0
3219,4073,0.0
3219,4696,-162.0
3220,358,-136.0
3220,940,2.0
3220,1383,2.0
3220,1503,10.0
3220,2142,-168.0
3220,3003,-24.0
3220,4201,92.0
3221,1598,108.0
3221,1715,196.0
3221,3235,164.0
3221,3535,90.0
3221,4790,-134.0
3222,90,78.0
3222,2676,-64.0
3222,4571,-156.0
3222,4641,154.0
3223,975,22.0
3223,1241,-62.0
3223,2091,-42.0
3223,2423,-140.0
3224,341,138.0
3224,1688,174.0
3224,2665,-42.0
3224,3992,126.0
3224,4039,194.0
3224,4446,-176.0
3225,1173,-132.0
3226,2160,-134.0
3226,2303,-62.0
3226,2410,78.0
3226,3675,150.0
3226,4213,-152.0
3227,1987,-10.0
3227,3086,-42.0
3228,937,110.0
3228,1272,-144.0
3228,1332,-70.0
3228,1769,184.0
3228,2178,6.0
3228,2744,-112.0
3228,3232,-6.0
3229,109,116.0
3229,1249,6.0
3229,1485,136.0
3229,3842,28.0
3229,4315,68.0
3230,1245,-196.0
3230,1548,-74.0
3230,2066,128.0
3230,4729,-88.0
3231,711,-136.0
3231,3670,-18.0
3232,119,-138.0
3232,1272,-198.0
3232,1345,16.0
3232,1431,-172.0
3232,2794,-166.0
3232,3547,-144.0
3232,4949,124.0
3233,1222,84.0
3233,2150,-88.0
3233,2369,-116.0
3233,3070,-70.0
3233,3813,-74.0
3233,4499,-80.0
3233,4671,94.0
3234,1307,46.0
3234,2894,146.0
3234,3208,112.0
3235,1964,-88.0
3235,2902,-18.0
3235,3959,-70.0
3235,4559,94.0
3236,474,-22.0
3236,3498,8.0
3236,4898,-2.0
3237,105,-142.0
3237,175,-52.0
3237,1188,-70.0
3237,1335,-12.0
3237,1730,-160.0
3237,2239,-200.0
3237,2265,74.0
3237,4451,168.0
3237,4659,-12.0
3238,245,-194.0
3238,246,98.0
3238,504,-184.0
3238,973,172.0
3238,2277,138.0
3238,3481,50.0
3238,3946,182.0
3239,810,12.0
3239,1580,186.0
3239,3866,86.0
3239,4547,-40.0
3239,4575,184.0
3239,4972,-90.0
3240,49,-120.0
3240,135,-36.0
3240,807,60.0
3240,1065,-14.0
3240,1409,-24.0
3240,1966,-188.0
3240,1974,10.0
3240,4098,44.0
3240,4473,120.0
3241,1048,-160.0
3241,1541,-62.0
3241,2158,172.0
3241,3207,-184.0
3241,3480,186.0
3241,4437,116.0
3241,4522,112.0
3241,4631,76.0
3241,4815,-28.0
3242,401,178.0
3242,445,98.0
3242,687,-170.0
3243,2237,-12.0
3243,3448,-182.0
3243,4179,106.0
3243,4483,-90.0
3243,4518,-60.0
3243,4522,124.0
3244,189,-102.0
3244,399,94.0
3244,544,144.0
3244,584,-88.0
3244,1361,-86.0
3244,2374,112.0
3244,2459,-78.0
3244,4709,-186.0
3245,1532,-48.0
3245,1627,-18.0
3245,3529,66.0
3246,241,190.0
3246,983,88.0
3246,1710,142.0
3247,259,-164.0
3248,1015,-2.0
3248,1809,-14.0
3248,2206,70.0
3248,2872,54.0
3248,2987,72.0
3248,4431,178.0
3248,4437,-136.0
3248,4983,184.0
3249,276,-80.0
3249,2700,-46.0
3249,4429,122.0
3250,294,132.0
3250,547,-134.0
3250,986,58.0
3250,2280,-190.0
3250,2912,112.0
3251,1448,4.0
3251,2435,-92.0
3252,88,-200.0
3252,1362,-154.0
3252,1912,-48.0
3252,2296,196.0
3252,2302,188.0
3253,134,34.0
3253,3752,-78.0
3254,70,-118.0
3254,1666,60.0
3254,2486,-186.0
3254,3239,-110.0
3254,3557,182.0
3254,3854,-194.0
3254,4095,-168.0
3255,591,-136.0
3255,957,174.0
3255,1712,36.0
3255,2638,20.0
3255,3003,132.0
3255,4073,-12.0
3255,4239,-138.0
3256,52,-40.0
3256,154,-134.0
3256,1325,134.0
3256,2963,-116.0
3256,3433,166.0
3256,3680,-166.0
3256,4346,124.0
3256,4528,-88.0
3257,3909,34.0
3257,4121,92.0
3258,1969,-22.0
3258,4062,110.0
3258,4750,-182.0
3258,4955,118.0
3259,892,110.0
3259,1927,178.0
3259,2455,-10.0
3259,2702,-182.0
3259,3080,-120.0
3260,450,186.0
3260,1143,192.0
3260,1815,64.0
3260,1831,170.0
3260,2054,38.0
3260,4907,-152.0
3261,426,176.0
3261,2007,-14.0
3261,2590,-80.0
3261,2996,-48.0
3261,3675,-24.0
3261,4076,62.0
3261,4842,-50.0
3262,203,-30.0
3262,1565,-106.0
3262,3355,-198.0
3262,4242,164.0
3262,4952,88.0
3263,1088,50.0
3263,1091,-56.0
3263,1490,128.0
3263,2052,40.0
3263,3404,-124.0
3263,4847,-194.0
3264,2589,-74.0
3264,2996,-8.0
3265,257,-8.0
3265,3675,-88.0
3265,4031,44.0
3265,4102,-40.0
3265,4571,-118.0
3265,4823,94.0
3266,538,-136.0
3266,1186,120.0
3266,1261,-200.0
3267,82,148.0
3267,260,-40.0
3267,1779,-200.0
3267,2156,-98.0
3267,2533,24.0
3267,4305,-70.0
3267,4461,-52.0
3267,4572,-142.0
3267,4931,80.0
3268,1024,-138.0
3268,1573,-126.0
3268,1750,-184.0
3268,2009,76.0
3268,2345,152.0
3268,3127,46.0
3268,3917,192.0
3268,4785,-194.0
3269,3485,-188.0
3270,1167,84.0
3270,1174,124.0
3270,1606,110.0
3271,507,96.0
3271,934,142.0
3271,942,-100.0
3271,2430,154.0
3271,2686,172.0
3271,2712,-70.0
3271,4857,-114.0
3272,122,-110.0
3272,3129,78.0
3272,3291,-108.0
3272,3674,-154.0
3272,4373,-98.0
3273,1200,192.0
3273,2152,106.0
3273,2774,-68.0
3273,3197,144.0
3273,3634,-122.0
3273,3833,34.0
3274,202,194.0
3274,456,-90.0
3274,705,-16.0
3274,985,-26.0
3274,1536,-176.0
3274,1566,130.0
3274,3729,-84.0
3274,4795,174.0
3275,3017,-118.0
3275,4840,-136.0
3276,1131,144.0
3276,1321,-84.0
3276,3294,-94.0
3276,3311,52.0
3276,4479,14.0
3276,4969,104.0
3277,1066,-92.0
3277,1969,76.0
3277,2452,-100.0
3277,2772,44.0
3277,4445,48.0
3278,2137,142.0
3278,2888,78.0
3278,4282,-34.0
3278,4502,78.0
3279,1189,-26.0
3279,2342,108.0
3279,3006,90.0
3279,4496,-132.0
3280,1710,12.0
3280,2350,-162.0
3280,2441,-14.0
3280,2928,20.0
3280,2951,-42.0
3280,4979,-194.0
3281,420,-116.0
3281,770,128.0
3281,1299,132.0
3281,2335,-38.0
3281,2508,-56.0
3281,2595,-190.0
3282,141,18.0
3282,222,160.0
3282,2655,122.0
3282,2688,196.0
3282,2758,118.0
3282,3136,-54.0
3282,3455,152.0
3282,4198,128.0
3284,1033,178.0
3284,1538,20.0
3284,1934,126.0
3284,2709,96.0
3284,3736,100.0
3284,3985,-62.0
3285,2323,66.0
3285,3560,-54.0
3285,3731,60.0
3285,4397,-174.0
3285,4589,-188.0
3286,303,-50.0
3286,351,92.0
3286,1523,-142.0
3286,1751,198.0
3286,2494,-134.0
3286,4588,-118.0
3287,1744,-198.0
3287,2338,164.0
3288,266,-48.0
3288,400,-178.0
3288,2596,70.0
3288,2649,-86.0
3288,3299,-140.0
3288,4128,-30.0
3289,128,-6.0
3289,4853,-10.0
3290,1791,-44.0
3290,3344,32.0
3290,3643,112.0
3291,134,108.0
3291,811,116.0
3291,1250,-72.0
3291,1251,98.0
3291,3015,-140.0
3291,3135,-86.0
3291,3301,62.0
3292,83,150.0
3292,139,-154.0
3292,217,-22.0
3292,1111,186.0
3292,1501,32.0
3292,2414,-196.0
3292,2674,-2.0
3292,2968,-174.0
3292,3360,148.0
3292,4102,-48.0
3292,4717,16.0
3293,353,-150.0
3293,2196,-196.0
3293,3915,68.0
3293,4062,-192.0
3294,507,150.0
3294,619,-146.0
3294,1618,144.0
3294,3587,122.0
3294,4491,112.0
3295,225,-100.0
3295,388,-150.0
3295,1042,154.0
3295,1056,-122.0
3295,2122,-6.0
3295,2426,-50.0
3295,2799,-42.0
3295,4682,104.0
3296,1397,-4.0
3296,3367,76.0
3297,1198,-48.0
3297,4437,-38.0
3298,1808,32.0
3298,2411,-154.0
3298,3270,-32.0
3298,3870,158.0
3299,2579,-182.0
3299,4994,-82.0
3300,276,64.0
3300,3117,168.0
3300,4751,-136.0
3300,4973,-162.0
3301,678,-78.0
3301,2220,-48.0
3301,2415,32.0
3301,3232,-192.0
3301,3847,38.0
3301,4444,168.0
3302,231,-44.0
3302,1511,-22.0
3302,1518,-60.0
3302,2331,-174.0
3302,2782,-52.0
3302,3399,28.0
3302,3593,-8.0
3303,104,-162.0
3303,357,-162.0
3303,2144,182.0
3303,3240,80.0
3303,4054,-110.0
3303,4095,-166.0
3303,4909,-114.0
3304,169,60.0
3304,2310,186.0
3304,3994,-100.0
3305,523,122.0
3305,931,62.0
3305,3103,170.0
3306,636,-184.0
3306,1715,-94.0
3306,2682,-132.0
3306,3407,108.0
3306,3462,176.0
3307,515,194.0
3307,602,130.0
3307,1240,-162.0
3307,2219,-146.0
3307,4731,-54.0
3307,4841,-106.0
3308,786,108.0
3308,1131,-16.0
3308,1191,-198.0
3308,3930,-138.0
3308,4072,-154.0
3308,4944,-16.0
3309,314,-44.0
3309,1471,-80.0
3309,2364,120.0
3309,3007,-138.0
3310,1181,98.0
3310,1439,154.0
3310,2022,-190.0
3310,2053,-174.0
3310,2409,142.0
3310,2784,-50.0
3310,3541,-80.0
3310,3844,120.0
3311,175,-198.0
3311,623,-4.0
3311,2277,198.0
3311,4175,134.0
3311,4671,54.0
3311,4864,150.0
3311,4892,98.0
3312,206,86.0
3312,958,42.0
3312,2398,86.0
3312,2523,-112.0
3312,4168,-110.0
3312,4524,-108.0
3313,1706,-46.0
3313,2745,88.0
3313,2960,124.0
3313,3007,-26.0
3314,3354,-6.0
3314,4295,-122.0
3314,4760,-120.0
3315,568,130.0
3315,834,-78.0
3315,936,-30.0
3315,3930,198.0
3316,161,-158.0
3317,3399,-172.0
3317,4920,-188.0
3318,801,90.0
3318,2766,-80.0
3318,2922,-88.0
3318,3111,-136.0
3318,4558,54.0
3318,4648,-4.0
3319,774,-18.0
3319,2022,-78.0
3319,2420,-192.0
3319,2959,-150.0
3320,169,-174.0
3320,2883,170.0
3320,3515,160.0
3320,3694,96.0
3320,4256,-26.0
3320,4641,148.0
3321,71,46.0
3321,1457,180.0
3321,4397,68.0
3321,4513,-26.0
3321,4572,76.0
3322,41,-36.0
3322,184,10.0
3322,2249,-190.0
3322,3772,144.0
3323,83,-148.0
3323,959,12.0
3323,1042,-24.0
3323,1285,-194.0
3323,1829,16.0
3323,4055,-116.0
3323,4484,-74.0
3323,4780,52.0
3324,105,-16.0
3324,217,-50.0
3324,472,180.0
3324,1618,108.0
3325,284,116.0
3325,1057,-98.0
3325,1205,-160.0
3325,1364,84.0
3325,2306,-176.0
3325,2413,-154.0
3325,3656,128.0
3325,4190,-102.0
3326,1957,40.0
3326,2443,-78.0
3326,3284,96.0
3326,3610,-114.0
3326,4770,40.0
3327,81,-82.0
3327,902,190.0
3327,1702,86.0
3327,2202,-74.0
3327,4853,82.0
3328,489,160.0
3328,1649,-74.0
3328,2473,2.0
3328,2722,-168.0
3328,3892,-14.0
3329,2756,84.0
3329,3629,-124.0
3329,4343,-104.0
3330,876,-176.0
3330,1822,-34.0
3330,1897,-188.0
3330,3678,-82.0
3330,4343,-152.0
3331,1209,-156.0
3331,2087,194.0
3331,2283,-162.0
3331,2985,-38.0
3331,3890,96.0
3331,4017,126.0
3331,4241,78.0
3332,52,-68.0
3332,179,-16.0
3332,1792,-80.0
3332,1903,-74.0
3332,2068,-138.0
3332,2748,116.0
3332,2770,120.0
3332,3028,-150.0
3332,3898,-32.0
3332,4327,-90.0
3332,4490,-188.0
3333,2087,80.0
3333,4340,-152.0
3333,4678,-194.0
3334,369,-164.0
3334,533,176.0
3334,938,58.0
3334,1361,38.0
3334,2415,-156.0
3334,2606,72.0
3334,2930,148.0
3334,4271,80.0
3335,862,-98.0
3335,2128,-56.0
3335,3467,106.0
3335,4821,160.0
3336,426,-12.0
3336,1463,-186.0
3337,204,16.0
3337,379,-172.0
3337,546,-110.0
3337,1361,-34.0
3337,1838,-36.0
3337,2249,144.0
3337,3447,-98.0
3337,3828,138.0
3337,3892,-78.0
3337,4025,108.0
3337,4105,-170.0
3337,4746,-142.0
3338,398,-94.0
3338,1507,28.0
3338,2884,80.0
3338,3136,-164.0
3338,3866,-84.0
3339,279,190.0
3339,1387,-144.0
3339,1398,-54.0
3339,2242,-198.0
3339,3324,-38.0
3339,4063,14.0
3339,4903,102.0
3340,30,116.0
3340,546,66.0
3340,1161,-24.0
3340,1373,-2.0
3340,1594,-172.0
3340,4299,124.0
3341,119,28.0
3341,1378,-30.0
3341,1603,78.0
3341,1917,116.0
3341,3452,62.0
3341,3977,-64.0
3341,4315,-104.0
3341,4517,92.0
3342,1472,80.0
3342,3472,170.0
3343,70,-130.0
3343,1015,-26.0
3343,1616,-182.0
3343,1784,122.0
3343,1939,-42.0
3343,2773,-66.0
3343,3241,82.0
3343,3973,192.0
3343,4782,146.0
3344,1145,128.0
3344,1345,160.0
3344,2618,-28.0
3344,2918,-172.0
3344,3271,172.0
3344,3412,-98.0
3344,4353,54.0
3345,363,90.0
3345,4624,96.0
3345,4751,122.0
3346,2449,-70.0
3346,2664,164.0
3346,2709,-30.0
3346,3533,158.0
3346,3974,98.0
3346,4120,4.0
3346,4289,-44.0
3347,244,110.0
3347,1027,10.0
3347,1252,-176.0
3347,1721,180.0
3347,2391,62.0
3347,2956,-76.0
3347,3413,-150.0
3347,4975,-166.0
3348,2955,126.0
3348,2992,-172.0
3348,3024,-58.0
3348,3173,132.0
3348,3764,-144.0
3349,62,-22.0
3349,319,-54.0
3349,992,80.0
3349,1224,44.0
3349,1798,-194.0
3349,2597,-32.0
3349,2747,-72.0
3349,3246,90.0
3349,3932,-146.0
3349,4082,-46.0
3349,4507,2.0
3349,4970,36.0
3350,910,82.0
3350,1933,-2.0
3350,4915,-180.0
3351,325,22.0
3351,1322,176.0
3351,2566,-18.0
3351,2602,40.0
3352,2174,-44.0
3352,2765,18.0
3352,2773,-94.0
3353,1017,-122.0
3353,2445,150.0
3353,2533,84.0
3353,4472,10.0
3354,910,-182.0
3354,3455,-144.0
3354,4291,96.0
3355,985,72.0
3355,1779,66.0
3355,3476,-116.0
3355,3505,-94.0
3355,3882,122.0
3356,221,16.0
3356,1944,30.0
3356,3839,-108.0
3357,1342,166.0
3357,2499,-180.0
3357,4069,42.0
3357,4355,108.0
3357,4359,74.0
3358,221,154.0
3358,560,40.0
3358,1729,92.0
3358,2589,36.0
3358,4845,24.0
3359,3013,-196.0
3359,3671,14.0
3359,3882,56.0
3359,4043,-96.0
3359,4280,-88.0
3359,4464,-192.0
3360,676,-124.0
3360,1156,-72.0
3360,1809,-96.0
3360,1923,170.0
3360,4560,140.0
3360,4929,14.0
3361,978,106.0
3361,1140,28.0
3361,1234,130.0
3361,2251,-38.0
3361,2928,-68.0
3362,291,96.0
3362,1366,-168.0
3362,1439,-52.0
3362,3124,-142.0
3362,3902,62.0
3362,4425,148.0
3362,4947,20.0
3363,1186,-190.0
3363,1706,162.0
3363,2192,-178.0
3363,2510,136.0
3363,4432,138.0
3363,4750,6.0
3364,985,-12.0
3364,2522,40.0
3364,3154,-48.0
3364,3613,-16.0
3364,4588,96.0
3365,1297,-164.0
3365,1872,-40.0
3365,2552,-154.0
3365,2586,-96.0
3365,2988,-128.0
3365,3107,-180.0
3365,3572,-162.0
3365,3628,-98.0
3365,4768,126.0
3365,4932,-18.0
3366,415,24.0
3366,1178,140.0
3366,4585,184.0
3366,4644,-130.0
3366,4706,-72.0
3367,2298,-126.0
3367,2917,36.0
3367,4397,122.0
3367,4416,-2.0
3368,11,134.0
3368,317,-22.0
3368,714,-190.0
3368,1280,-168.0
3368,1816,174.0
3368,1923,144.0
3368,2315,-84.0
3368,3252,76.0
3368,3351,190.0
3368,3436,-12.0
3369,174,-110.0
3369,182,178.0
3369,511,96.0
3369,815,-20.0
3369,2044,-20.0
3369,2217,-48.0
3369,2622,62.0
3369,2996,-200.0
3369,4343,-60.0
3369,4605,124.0
3369,4784,-8.0
3370,266,186.0
3370,585,-106.0
3370,1457,74.0
3370,1486,-12.0
3370,4133,-80.0
3370,4907,108.0
3371,868,-186.0
3371,1183,184.0
3371,1591,154.0
3371,1801,-140.0
3371,3186,-54.0
3371,4321,-56.0
3372,456,180.0
3372,3888,170.0
3372,3992,-40.0
3372,4131,-58.0
3372,4497,-136.0
3372,4878,-36.0
3373,212,-60.0
3373,1758,-42.0
3373,1893,186.0
3373,3373,-42.0
3373,4313,-72.0
3373,4838,-112.0
3374,895,-114.0
3374,1165,144.0
3374,1330,-142.0
3374,1628,-168.0
3374,2436,-182.0
3374,3701,140.0
3374,3778,-160.0
3374,3978,-72.0
3374,4784,28.0
3375,495,-2.0
3375,779,186.0
3375,1911,-144.0
3375,2513,-186.0
3375,4201,42.0
3375,4434,-190.0
3376,2045,-136.0
3376,3285,-34.0
3377,733,14.0
3377,3232,-112.0
3377,3368,-106.0
3377,3793,82.0
3378,745,-62.0
3378,939,128.0
3378,1354,28.0
3378,1378,144.0
3378,4521,100.0
3378,4823,184.0
3379,2512,18.0
3380,2863,-28.0
3380,3398,54.0
3380,4187,102.0
3380,4945,124.0
3381,49,188.0
3381,516,-164.0
3381,2438,124.0
3381,3715,156.0
3381,3971,-170.0
3382,61,-188.0
3382,1582,-154.0
3382,3111,-158.0
3382,3398,-130.0
3382,4285,20.0
3382,4517,-162.0
3383,1093,-142.0
3383,2477,158.0
3384,715,-10.0
3384,4310,-112.0
3384,4627,28.0
3385,396,30.0
3385,2341,-132.0
3385,2525,-114.0
3385,2576,94.0
3385,2968,52.0
3385,4415,-140.0
3385,4990,-188.0
3386,171,96.0
3386,1261,96.0
3386,2172,-14.0
3386,2440,-186.0
3386,2854,94.0
3386,2929,86.0
3386,3174,124.0
3386,4151,150.0
3387,1285,18.0
3387,4668,72.0
3388,2296,-116.0
3388,2594,-198.0
3388,3269,-130.0
3388,4500,182.0
3389,163,96.0
3389,358,-156.0
3389,1928,188.0
3389,3612,70.0
3389,3622,66.0
3389,3857,-200.0
3390,49,-56.0
3390,673,6.0
3390,1095,128.0
3390,2104,156.0
3390,2668,-156.0
3390,3843,-132.0
3390,3992,70.0
3390,4081,48.0
3391,485,-70.0
3391,933,-60.0
3391,977,16.0
3391,3452,-162.0
3391,3710,184.0
3391,4030,100.0
3391,4341,166.0
3391,4467,-128.0
3392,310,-140.0
3392,1394,96.0
3392,2114,-146.0
3392,3580,-146.0
3392,4438,-14.0
3393,14,96.0
3393,1919,-72.0
3393,2376,-88.0
3393,3445,-2.0
3393,4193,-174.0
3393,4352,-150.0
3393,4963,-192.0
3394,140,128.0
3394,1020,64.0
3394,2028,-2.0
3395,341,-36.0
3395,665,54.0
3395,3921,-42.0
3396,1211,154.0
3396,1310,136.0
3396,1606,-62.0
3396,3284,148.0
3396,3510,-166.0
3396,4889,68.0
3397,1631,0.0
3397,4126,-120.0
3398,284,-20.0
3398,457,126.0
3398,1896,44.0
3398,1993,86.0
3398,3080,-190.0
3399,388,130.0
3399,1587,20.0
3399,1960,176.0
3399,3404,-140.0
3399,4076,-44.0
3399,4086,102.0
3400,263,86.0
3400,3475,144.0
3400,4598,78.0
3401,1321,108.0
3401,2164,74.0
3401,3613,-92.0
3402,270,-194.0
3402,1650,-62.0
3402,1779,-26.0
3402,2204,62.0
3402,2497,38.0
3402,3022,84.0
3402,3706,2.0
3403,2643,-62.0
3403,2649,124.0
3403,3980,-190.0
3404,371,6.0
3404,497,-28.0
3404,1760,110.0
3404,3191,-106.0
3404,3688,-72.0
3404,4357,-188.0
3405,639,18.0
3405,805,-20.0
3406,117,-88.0
3406,2068,92.0
3406,2241,-24.0
3406,2463,-38.0
3407,2777,-172.0
3407,2937,30.0
3407,3755,-18.0
3407,3801,-50.0
3407,3958,-12.0
3407,4612,-106.0
3407,4907,-50.0
3408,580,-56.0
3408,1515,-38.0
3408,1580,-82.0
3408,2752,-54.0
3408,4446,2.0
3408,4901,14.0
3409,468,76.0
3409,544,146.0
3409,1230,-14.0
3409,3281,-198.0
3409,3559,8.0
3409,4386,56.0
3410,1296,60.0
3410,2138,60.0
3411,349,-114.0
3411,1257,24.0
3411,1539,-180.0
3411,4669,48.0
3412,796,20.0
3412,1253,-20.0
3412,1587,52.0
3412,2112,-130.0
3412,2688,50.0
3412,4231,-138.0
3412,4398,-180.0
3413,299,-86.0
3413,2524,112.0
3413,2587,122.0
3413,2883,134.0
3413,2926,-182.0
3413,4049,-144.0
3414,1559,32.0
3414,2565,-22.0
3414,2574,184.0
3414,3564,-100.0
3415,382,132.0
3415,1033,18.0
3415,1197,-112.0
3415,1454,-110.0
3415,1919,62.0
3415,2636,-34.0
3415,2687,-144.0
3415,2804,56.0
3415,4700,-14.0
3415,4739,108.0
3416,1071,-198.0
3416,2454,34.0
3416,3919,-12.0
3416,4097,-34.0
3416,4647,22.0
3417,316,20.0
3417,1700,-84.0
3417,1817,76.0
3417,2215,-70.0
3417,3553,6.0
3417,4893,108.0
3418,317,-178.0
3418,671,-50.0
3418,901,-146.0
3418,2592,194.0
3419,735,-120.0
3419,2847,-152.0
3419,4530,-162.0
3420,581,-76.0
3420,895,92.0
3420,1967,90.0
3420,4316,-160.0
3420,4387,10.0
3420,4518,-102.0
3421,519,44.0
3421,2388,12.0
3421,2691,78.0
3421,3585,68.0
3421,3692,-168.0
3421,4278,6.0
3421,4365,-46.0
3422,398,-108.0
3422,2242,-152.0
3422,2541,-126.0
3423,4,160.0
3423,138,12.0
3423,1841,-128.0
3423,2527,62.0
3424,2056,188.0
3424,2158,-92.0
3424,3597,-8.0
3424,3705,-200.0
3424,4630,-114.0
3425,726,122.0
3425,1661,154.0
3425,2892,-112.0
3425,3714,34.0
3425,4032,110.0
3426,1783,-184.0
3426,2901,-34.0
3426,4695,-82.0
3427,92,-118.0
3427,635,-100.0
3427,1504,134.0
3427,2344,176.0
3427,2863,98.0
3427,3646,-38.0
3427,4271,-198.0
3427,4351,-26.0
3427,4932,-158.0
3428,354,-144.0
3428,3263,112.0
3428,3730,-200.0
3428,4210,144.0
3428,4446,68.0
3429,2223,-92.0
3429,2652,-2.0
3429,3448,-100.0
3429,3945,190.0
3429,4592,-196.0
3429,4783,6.0
3429,4870,50.0
3430,1049,120.0
3430,3407,-54.0
3431,98,-84.0
3431,2093,148.0
3431,3507,-72.0
3431,3768,-46.0
3431,4207,112.0
3431,4434,-6.0
3431,4537,82.0
3432,1731,-128.0
3432,3164,-116.0
3432,3603,-188.0
3433,1133,4.0
3433,1332,12.0
3433,1640,-36.0
3433,1747,146.0
3433,3587,-42.0
3433,3939,-166.0
3433,4447,194.0
3434,799,-154.0
3434,1577,-104.0
3435,2811,-16.0
3436,555,-118.0
3436,579,116.0
3436,1248,18.0
3436,3224,28.0
3436,4263,-42.0
3436,4916,-102.0
3437,2385,-138.0
3437,2953,-140.0
3437,4013,96.0
3437,4170,-168.0
3437,4344,68.0
3437,4832,-18.0
3438,302,-166.0
3438,720,52.0
3438,1692,44.0
3438,3631,-182.0
3438,4726,-136.0
3439,1637,-64.0
3439,2059,156.0
3439,2458,198.0
3439,2632,192.0
3439,3184,46.0
3439,3207,-160.0
3439,3526,-154.0
3439,4890,-124.0
3440,84,14.0
3440,290,92.0
3440,642,194.0
3440,814,168.0
3440,2138,-60.0
3440,3785,62.0
3440,4393,-96.0
3440,4460,10.0
3440,4858,-128.0
3441,92,-54.0
3441,103,-34.0
3441,210,74.0
3441,982,-26.0
3441,1141,-192.0
3441,1193,8.0
3441,1985,106.0
3441,3257,-122.0
3441,4840,-194.0
3442,451,-142.0
3443,302,-124.0
3443,3275,-184.0
3443,3598,-198.0
3443,3839,-34.0
3444,2782,126.0
3445,1476,-82.0
3445,2223,-170.0
3445,3175,-92.0
3445,3603,140.0
3445,4063,154.0
3446,17,-196.0
3446,1014,58.0
3446,1330,40.0
3446,2947,-108.0
3446,3393,126.0
3447,326,52.0
3447,1383,22.0
3447,1417,32.0
3447,2977,-62.0
3447,3236,-4.0
3447,3386,170.0
3447,3957,-158.0
3447,4093,100.0
3447,4756,-80.0
3448,3139,92.0
3448,3245,148.0
3448,3587,-74.0
3448,4195,60.0
3448,4936,120.0
3449,932,-150.0
3449,3205,176.0
3449,3227,192.0
3449,4217,-10.0
3450,118,16.0
3450,1824,-110.0
3450,3625,12.0
3451,232,-6.0
3451,332,184.0
3451,3036,60.0
3452,346,-170.0
3452,475,-164.0
3452,566,-100.0
3452,3436,62.0
3452,3966,38.0
3453,472,68.0
3453,1960,-100.0
3453,2816,78.0
3453,3464,-20.0
3454,616,-54.0
3454,2403,-74.0
3454,2478,-152.0
3454,3352,-92.0
3454,3875,-46.0
3454,4168,46.0
3455,567,122.0
3455,1142,-136.0
3455,1204,-184.0
3455,3310,34.0
3455,3506,-168.0
3455,3590,-158.0
3455,4840,112.0
3456,1417,92.0
3457,1217,-176.0
3457,2221,-108.0
3457,4777,-74.0
3457,4830,-112.0
3458,955,156.0
3458,2622,-136.0
3458,3403,14.0
3458,3431,144.0
3458,3548,-148.0
3459,1804,-46.0
3459,2493,46.0
3459,2989,164.0
3460,355,74.0
3460,575,-58.0
3460,2883,2.0
3460,3606,-180.0
3460,4954,-160.0
3461,200,70.0
3461,804,2.0
3461,1278,-88.0
3461,1602,-46.0
3461,2441,102.0
3461,3508,108.0
3461,4163,130.0
3461,4997,110.0
3462,805,-136.0
3462,2473,130.0
3462,3089,16.0
3462,4060,8.0
3462,4620,-128.0
3463,541,-94.0
3463,691,60.0
3463,1523,-8.0
3463,1602,-68.0
3463,1778,92.0
3463,2170,140.0
3463,4909,22.0
3464,18,4.0
3464,369,114.0
3464,2832,-64.0
3465,2079,88.0
3465,2257,-156.0
3465,3082,140.0
3465,3451,118.0
3465,3879,-104.0
3465,4515,-184.0
3466,179,-32.0
3466,2920,-186.0
3466,3580,-184.0
3466,3680,26.0
3466,4905,118.0
3467,464,-114.0
3467,1484,46.0
3467,2277,194.0
3467,3098,42.0
3468,734,-192.0
3468,760,36.0
3468,1582,-2.0
3468,1962,198.0
3468,2045,-108.0
3468,2255,48.0
3468,2371,-92.0
3468,2503,-42.0
3469,24,-108.0
3469,199,164.0
3469,743,-174.0
3469,2218,68.0
3470,4650,116.0
3471,2368,100.0
3471,2670,0.0
3472,1483,158.0
3472,1827,14.0
3472,2274,80.0
3472,2394,-80.0
3472,2735,170.0
3472,2901,-116.0
3472,4382,8.0
3473,990,170.0
3473,1383,-22.0
3473,2666,196.0
3473,2882,190.0
3473,3971,112.0
3473,4175,28.0
3473,4502,-148.0
3474,1099,-184.0
3474,1856,-84.0
3474,3853,-58.0
3475,46,4.0
3475,1679,-8.0
3475,4948,60.0
3476,7,176.0
3476,1735,-168.0
3476,1770,-166.0
3476,3547,-170.0
3476,3918,-2.0
3477,367,176.0
3477,622,94.0
3477,1467,-60.0
3477,2769,-186.0
3477,3850,110.0
3477,4441,94.0
3478,234,98.0
3478,1194,-114.0
3478,1527,88.0
3478,3410,20.0
3478,4861,44.0
3479,479,-44.0
3479,1721,50.0
3479,1881,-134.0
3479,4452,94.0
3479,4782,56.0
3480,58,-68.0
3480,1643,122.0
3480,3297,160.0
3481,96,2.0
3481,150,18.0
3481,574,142.0
3481,1511,114.0
3481,2321,-196.0
3481,3690,166.0
3482,310,172.0
3482,2803,40.0
3482,3425,90.0
3482,4714,-36.0
3483,148,-60.0
3484,609,-130.0
3484,793,-174.0
3484,844,44.0
3484,1325,-98.0
3484,1733,-108.0
3484,2470,140.0
3484,3194,-22.0
3484,4809,10.0
3485,100,-194.0
3485,505,178.0
3485,2235,-180.0
3485,4178,-134.0
3486,618,98.0
3486,633,168.0
3487,810,-104.0
3487,1113,-194.0
3487,1623,118.0
3487,2382,-92.0
3487,3191,-112.0
3487,3591,174.0
3488,1158,-116.0
3488,1351,-2.0
3488,3985,26.0
3488,4167,-28.0
3489,2161,-72.0
3489,3043,-48.0
3489,3906,36.0
3490,1406,-168.0
3490,2780,-136.0
3490,3812,100.0
3490,4141,48.0
3491,4,132.0
3491,236,130.0
3491,499,140.0
3491,2118,-40.0
3491,3361,152.0
3491,3652,-26.0
3491,4077,-150.0
3491,4339,150.0
3491,4829,-188.0
3492,16,-32.0
3492,343,-24.0
3492,774,-38.0
3492,776,192.0
3492,865,172.0
3492,1122,70.0
3492,3140,50.0
3492,3555,62.0
3492,3730,-186.0
3492,3823,-30.0
3492,3859,-4.0
3492,4764,156.0
3493,55,98.0
3493,1197,-186.0
3493,1228,104.0
3494,1425,42.0
3494,2237,-112.0
3494,2397,-162.0
3494,4681,-88.0
3495,753,-64.0
3495,1013,-22.0
3495,4086,124.0
3495,4670,144.0
3496,848,-144.0
3496,939,178.0
3496,1242,-52.0
3496,1614,-162.0
3496,1866,-132.0
3496,2429,164.0
3496,4698,-198.0
3497,7,-26.0
3497,2608,38.0
3497,2672,36.0
3497,2676,-72.0
3497,2948,92.0
3497,3203,-36.0
3497,3297,146.0
3497,4041,106.0
3498,1048,184.0
3498,3301,40.0
3498,4122,-116.0
3499,120,-18.0
3499,1490,-50.0
3499,1509,-184.0
3499,2604,30.0
3499,3213,-78.0
3499,4608,142.0
3500,158,60.0
3500,613,-134.0
3500,3083,184.0
3500,4101,154.0
3501,2409,72.0
3501,2807,-114.0
3501,3189,68.0
3501,3568,166.0
3501,3876,28.0
3501,3878,-38.0
3502,231,132.0
3502,1178,-140.0
3502,1285,140.0
3502,3927,-20.0
3502,4351,-184.0
3502,4774,-8.0
3503,662,-164.0
3503,2327,-8.0
3503,4629,-28.0
3504,228,24.0
3504,545,12.0
3504,2450,-130.0
3504,2723,-190.0
3504,3436,24.0
3504,4857,-148.0
3505,377,122.0
3505,751,-56.0
3505,1344,134.0
3505,1771,-158.0
3505,2809,76.0
3505,3384,32.0
3505,3534,-58.0
3505,3782,-76.0
3505,3934,130.0
3506,331,-178.0
3506,369,110.0
3506,2510,150.0
3506,2994,-186.0
3506,4034,-8.0
3507,1462,164.0
3507,1470,-166.0
3507,1926,-46.0
3507,3579,32.0
3507,3729,-42.0
3507,3936,84.0
3507,3990,-24.0
3508,302,-64.0
3508,2210,-22.0
3509,1709,-110.0
3509,2774,-140.0
3509,3710,104.0
3510,1334,-114.0
3510,1483,-162.0
3510,2445,-110.0
3510,4567,114.0
3511,88,158.0
3511,1703,-66.0
3511,3048,14.0
3511,3815,-118.0
3511,4493,-170.0
3512,1437,-94.0
3512,1667,2.0
3512,1820,-12.0
3512,1860,-186.0
3512,1993,140.0
3512,3263,80.0
3513,106,-142.0
3513,817,86.0
3513,1144,82.0
3513,1882,-162.0
3513,3125,-184.0
3513,3198,-102.0
3513,5000,122.0
3514,276,50.0
3514,435,-184.0
3514,2255,-22.0
3514,2572,76.0
3514,2849,-42.0
3514,3465,-196.0
3515,174,148.0
3515,312,-52.0
3515,1828,120.0
3515,2577,162.0
3515,2660,16.0
3515,2935,164.0
3515,4806,-20.0
3515,4809,16.0
3516,352,174.0
3516,1491,196.0
3516,1820,-106.0
3516,2982,-134.0
3516,3730,-62.0
3516,3813,-182.0
3516,4913,96.0
3517,361,-154.0
3517,823,-30.0
3517,1769,-132.0
3517,2915,-2.0
3517,4416,194.0
3518,1239,116.0
3518,3582,-190.0
3518,4508,150.0
3518,4802,-38.0
3519,1072,-54.0
3519,2981,14.0
3519,3285,-194.0
3519,4189,-194.0
3520,601,-152.0
3520,620,160.0
3520,2410,96.0
3521,1492,-116.0
3521,1714,56.0
3521,2574,184.0
3521,3244,-38.0
3521,4075,52.0
3521,4118,-56.0
3522,751,0.0
3522,1732,-194.0
3522,2087,-156.0
3522,3624,110.0
3522,4742,-136.0
3523,1524,-92.0
3523,1618,-8.0
3523,3761,-98.0
3524,952,-96.0
3524,1459,198.0
3524,1829,96.0
3524,2598,130.0
3524,3741,-60.0
3525,616,-16.0
3525,821,-146.0
3525,2481,-148.0
3525,4425,124.0
3525,4425,44.0
3526,4121,94.0
3527,408,-8.0
3527,2755,78.0
3527,4071,-144.0
3527,4414,-108.0
3527,4964,-200.0
3528,481,-160.0
3528,881,-198.0
3528,1017,36.0
3528,1396,-34.0
3528,2067,118.0
3528,3217,108.0
3528,3860,130.0
3529,144,-84.0
3529,1232,142.0
3529,1784,-24.0
3530,1341,-36.0
3530,1532,156.0
3530,3455,70.0
3530,4308,58.0
3530,4491,122.0
3531,2016,-112.0
3531,3059,38.0
3531,3629,106.0
3531,3893,100.0
3531,3990,2.0
3531,4503,116.0
3532,45,28.0
3532,1016,72.0
3532,3807,106.0
3532,4626,-6.0
3532,4872,112.0
3533,1645,-100.0
3533,2705,40.0
3534,1216,196.0
3534,1906,-16.0
3534,2382,122.0
3534,3690,36.0
3534,4198,-100.0
3534,4461,-190.0
3535,759,166.0
3535,794,-16.0
3535,1622,-98.0
3535,2264,-6.0
3535,3287,56.0
3535,3667,-138.0
3535,3692,38.0
3535,4347,-190.0
3535,4466,-180.0
3536,409,-2.0
3536,519,-104.0
3536,2547,4.0
3536,2960,26.0
3536,3418,32.0
3536,3463,-36.0
3536,4176,70.0
3537,341,-90.0
3537,778,78.0
3537,3207,-190.0
3537,3722,162.0
3537,3770,-190.0
3537,4175,18.0
3537,4817,-52.0
3538,138,-74.0
3538,2428,170.0
3538,3468,166.0
3538,4545,-138.0
3538,4548,-6.0
3539,1548,-140.0
3539,2017,-32.0
3539,3773,158.0
3539,4378,-132.0
3539,4823,-6.0
3539,4858,188.0
3540,336,-66.0
3540,1729,30.0
3540,1843,-152.0
3540,1969,-136.0
3540,3175,-168.0
3540,3373,-26.0
3541,2322,180.0
3541,4226,-164.0
3541,4594,76.0
3542,650,96.0
3542,1989,160.0
3542,3913,176.0
3542,3983,172.0
3543,444,194.0
3543,2052,-48.0
3544,1149,-176.0
3544,1532,-186.0
3544,1671,124.0
3544,2823,-106.0
3544,3616,-192.0
3544,4352,14.0
3544,4956,100.0
3545,1372,28.0
3545,1531,192.0
3545,2594,-154.0
3545,2784,22.0
3545,3051,-18.0
3546,89,36.0
3546,374,-192.0
3546,2817,130.0
3546,2907,-106.0
3546,3533,198.0
3547,329,-50.0
3547,543,120.0
3547,1895,116.0
3547,4181,-186.0
3548,940,156.0
3548,1893,64.0
3549,1587,-196.0
3549,2815,-32.0
3549,3473,50.0
3550,1270,112.0
3550,1386,-198.0
3550,3690,154.0
3550,3765,-140.0
3550,4142,36.0
3550,4521,-150.0
3551,106,30.0
3551,1820,14.0
3552,2599,-152.0
3552,2917,12.0
3552,3394,-152.0
3552,4000,-60.0
3552,4532,120.0
3553,491,-28.0
3553,1477,28.0
3553,2061,-40.0
3553,2442,22.0
3553,3118,-50.0
3554,515,-74.0
3554,983,16.0
3554,1866,174.0
3554,2147,58.0
3554,2148,-56.0
3554,3664,-118.0
3554,3866,-82.0
3554,3943,56.0
3554,4273,-58.0
3555,715,6.0
3555,1821,-22.0
3555,2669,174.0
3555,3802,182.0
3555,4893,-6.0
3556,239,92.0
3556,622,-48.0
3556,852,-16.0
3557,1318,-68.0
3557,1875,-54.0
3557,2436,-134.0
3557,2678,80.0
3557,4499,-120.0
3557,4660,58.0
3557,4826,-84.0
3558,131,-116.0
3558,1128,-170.0
3558,2682,-86.0
3558,3809,-138.0
3558,4451,94.0
3559,1404,22.0
3559,1541,2.0
3559,1568,86.0
3559,2244,-24.0
3559,2269,28.0
3559,2583,136.0
3559,2702,-148.0
3559,3685,-26.0
3559,3857,192.0
3559,4051,-186.0
3560,1679,-54.0
3560,2933,14.0
3560,4019,78.0
3561,72,-192.0
3561,219,-126.0
3561,228,82.0
3561,634,-182.0
3561,646,160.0
3561,3907,4.0
3562,208,-66.0
3562,3143,-78.0
3562,3328,-12.0
3562,3652,-8.0
3562,4212,-38.0
3563,207,-86.0
3563,1085,38.0
3563,3268,88.0
3563,4464,50.0
3564,400,116.0
3564,901,-136.0
3564,2802,14.0
3564,2971,-50.0
3564,3558,48.0
3564,4252,-4.0
3565,654,-60.0
3565,946,136.0
3565,1190,12.0
3565,1466,-12.0
3566,294,-54.0
3566,468,140.0
3566,497,-134.0
3566,3213,186.0
3566,3323,112.0
3567,244,-146.0
3567,417,128.0
3567,930,46.0
3567,1129,-10.0
3568,835,-70.0
3568,1308,-18.0
3568,3039,-18.0
3568,3493,190.0
3568,4463,-180.0
3569,3295,-140.0
3569,3319,-52.0
3569,3339,106.0
3569,3579,184.0
3569,4865,-200.0
3569,4975,118.0
3570,661,74.0
3570,697,-78.0
3570,1617,-2.0
3570,1716,4.0
3570,2703,44.0
3570,3160,-8.0
3571,524,-16.0
3571,1831,-120.0
3571,3914,-182.0
3572,119,114.0
3572,3604,158.0
3572,3679,72.0
3573,669,2.0
3573,3892,-160.0
3574,514,150.0
3574,935,-24.0
3574,1617,6.0
3574,1978,170.0
3574,2547,-98.0
3574,4723,-186.0
3575,299,30.0
3575,398,-66.0
3575,453,-150.0
3575,579,144.0
3575,2128,96.0
3575,2873,8.0
3575,3462,-158.0
3575,3779,38.0
3575,3810,-128.0
3576,68,152.0
3576,189,-192.0
3576,984,196.0
3576,3310,-28.0
3576,3311,-46.0
3576,4368,-194.0
3576,4642,-108.0
3577,769,-6.0
3577,922,190.0
3577,2155,-180.0
3577,3129,-10.0
3577,3742,-76.0
3577,4473,38.0
3578,119,34.0
3578,361,-188.0
3578,878,70.0
3578,1762,174.0
3578,2822,-64.0
3578,4181,-162.0
3578,4925,-174.0
3580,1538,24.0
3580,3731,-164.0
3580,3864,-44.0
3581,1758,98.0
3581,1963,-128.0
3581,2369,90.0
3581,3708,86.0
3581,3961,-2.0
3582,22,-172.0
3582,403,-114.0
3582,921,-6.0
3582,3757,198.0
3583,969,38.0
3583,2908,66.0
3583,3104,148.0
3583,3416,40.0
3583,3497,-46.0
3583,3885,-80.0
3583,4284,-68.0
3583,4797,-116.0
3584,2113,120.0
3585,906,-40.0
3585,2903,-164.0
3585,2934,134.0
3585,3715,146.0
3585,4412,160.0
3585,4808,182.0
3586,2426,-156.0
3586,2730,-86.0
3586,4896,68.0
3587,4823,-108.0
3588,224,-68.0
3588,345,-164.0
3588,1038,128.0
3588,2157,14.0
3588,3020,-24.0
3588,3126,-92.0
3588,4384,152.0
3589,2265,70.0
3589,2276,-164.0
3589,3109,-36.0
3589,3456,-10.0
3589,4038,-6.0
3589,4803,38.0
3590,333,-60.0
3590,3690,166.0
3591,504,82.0
3591,1265,82.0
3591,1676,86.0
3591,1836,-30.0
3591,2280,-78.0
3591,3442,78.0
3591,4261,-100.0
3592,907,-146.0
3592,1075,-42.0
3592,1664,2.0
3592,2079,-10.0
3593,1999,-40.0
3594,460,-70.0
3594,808,-172.0
3594,1657,-170.0
3594,3417,-170.0
3594,3482,92.0
3595,1319,-178.0
3595,2461,162.0
3595,4825,-186.0
3596,256,-128.0
3596,694,104.0
3596,2138,72.0
3596,3875,94.0
3597,1228,108.0
3597,1316,-162.0
3597,1877,54.0
3597,2173,-102.0
3597,2823,-188.0
3597,2883,8.0
3597,4225,164.0
3598,169,-182.0
3598,517,18.0
3598,941,84.0
3598,1169,98.0
3598,1516,-26.0
3598,3317,52.0
3598,3670,138.0
3598,4098,-142.0
3598,4475,-12.0
3599,152,174.0
3599,318,-32.0
3599,712,-100.0
3599,1190,84.0
3599,1339,-192.0
3599,1892,-36.0
3599,3421,86.0
3599,3440,6.0
3599,4808,-188.0
3599,4819,14.0
3600,2930,-116.0
3600,4799,70.0
3601,2,-14.0
3601,4009,-38.0
3601,4591,100.0
3601,4602,140.0
3601,4817,24.0
3601,4976,-142.0
3602,506,22.0
3602,3381,58.0
3603,1437,-200.0
3603,2872,-96.0
3603,3276,-30.0
3603,4341,-30.0
3603,4739,80.0
3604,364,-128.0
3604,401,22.0
3604,977,-6.0
3604,1525,88.0
3604,2473,148.0
3604,3437,-164.0
3604,3909,134.0
3604,4121,4.0
3605,205,12.0
3605,648,-4.0
3605,1601,80.0
3605,1853,74.0
3605,2246,-70.0
3605,2504,-106.0
3605,2666,184.0
3605,3387,-132.0
3605,4094,6.0
3606,119,190.0
3606,4492,188.0
3606,4591,82.0
3607,1477,26.0
3607,1516,-94.0
3607,2641,178.0
3607,3123,-198.0
3607,3944,22.0
3608,2065,144.0
3608,2499,-26.0
3608,3612,164.0
3608,3703,-64.0
3608,3994,-28.0
3609,3629,114.0
3609,3964,-74.0
3609,4051,12.0
3609,4433,-102.0
3610,365,-16.0
3610,1233,124.0
3610,1447,-200.0
3610,2443,-78.0
3610,2451,-74.0
3610,4600,10.0
3610,4733,48.0
3611,2251,-104.0
3611,3015,-156.0
3611,3611,-90.0
3611,4004,-94.0
3612,628,152.0
3612,1088,152.0
3612,3196,54.0
3612,3204,56.0
3612,4089,-30.0
3612,4652,176.0
3613,646,-128.0
3613,1940,-194.0
3613,2351,-172.0
3613,2727,-66.0
3613,4000,-134.0
3614,451,-6.0
3614,733,-198.0
3614,1823,142.0
3614,2177,-34.0
3614,3218,88.0
3614,4873,114.0
3615,1887,-66.0
3615,3142,-194.0
3616,1638,164.0
3617,771,74.0
3617,3017,-132.0
3617,4702,10.0
3618,858,26.0
3618,1975,-12.0
3618,2807,-106.0
3618,4578,-200.0
3619,282,108.0
3619,943,152.0
3619,1535,-48.0
3619,4058,186.0
3619,4307,130.0
3619,4840,168.0
3620,1922,-12.0
3620,2040,168.0
3620,3370,20.0
3620,4283,-146.0
3620,4997,-66.0
3621,2193,54.0
3621,3080,-2.0
3621,4445,126.0
3621,4596,196.0
3622,68,112.0
3622,521,14.0
3622,671,124.0
3622,2060,-52.0
3622,2077,-106.0
3622,2646,172.0
3622,3767,-188.0
3623,273,180.0
3623,1317,-26.0
3623,2996,-10.0
3623,3013,-16.0
3623,4229,140.0
3623,4383,104.0
3624,803,-32.0
3624,2117,22.0
3624,3727,-16.0
3624,4131,126.0
3625,558,-160.0
3625,1351,-174.0
3625,1449,194.0
3625,4692,124.0
3626,1791,34.0
3626,2201,-40.0
3626,2947,-62.0
3626,3077,4.0
3626,4104,-36.0
3626,4121,-186.0
3626,4929,-136.0
3627,768,-176.0
3627,828,-66.0
3627,1008,182.0
3627,1350,178.0
3627,4264,-92.0
3627,4797,158.0
3628,722,-56.0
3628,3185,-126.0
3628,3858,52.0
3628,4152,-62.0
3628,4178,-92.0
3629,143,-4.0
3629,508,-94.0
3629,855,112.0
3629,1837,168.0
3629,2167,-12.0
3629,2360,46.0
3629,2963,-134.0
3629,4385,24.0
3630,33,26.0
3630,479,34.0
3630,645,96.0
3630,969,124.0
3630,1056,-24.0
3630,2722,-162.0
3630,2935,36.0
3630,2984,-196.0
3630,3198,-20.0
3630,3569,-12.0
3630,4319,-108.0
3630,4565,168.0
3631,752,38.0
3631,2082,126.0
3631,2435,168.0
3631,4288,-90.0
3631,4318,108.0
3631,4460,118.0
3631,4506,-80.0
3632,345,54.0
3632,993,44.0
3632,3692,76.0
3632,4468,170.0
3632,4777,-112.0
3633,1789,-156.0
3633,2522,-128.0
3633,2566,40.0
3633,2786,-62.0
3633,3691,-182.0
3633,4730,-130.0
3634,734,-14.0
3634,1651,102.0
3634,2214,6.0
3634,2227,162.0
3634,3975,-24.0
3635,2021,-194.0
3635,2292,112.0
3635,2760,164.0
3635,2807,22.0
3635,3050,-140.0
3635,3610,-104.0
3635,3925,140.0
3635,4502,128.0
3636,1630,-178.0
3636,2739,132.0
3637,107,-68.0
3637,676,-88.0
3637,2700,118.0
3637,3035,-182.0
3637,3136,-100.0
3638,956,120.0
3638,2698,-132.0
3638,3465,146.0
3638,3924,-44.0
3638,4000,-136.0
3638,4869,168.0
3639,1031,30.0
3639,1517,176.0
3639,1611,-64.0
3639,3235,-138.0
3639,4186,196.0
3639,4854,-116.0
3640,425,116.0
3640,3195,-196.0
3640,3875,144.0
3640,4562,80.0
3641,1192,62.0
3642,266,-22.0
3642,896,-150.0
3642,1603,18.0
3642,2428,126.0
3642,2455,14.0
3642,4260,164.0
3642,4628,164.0
3643,147,-164.0
3643,213,-20.0
3643,952,-200.0
3643,1929,82.0
3643,2222,-46.0
3643,3313,-134.0
3643,4638,92.0
3644,4,-72.0
3644,4984,32.0
3645,2150,122.0
3645,2635,78.0
3645,2812,-106.0
3645,2985,180.0
3645,3249,-82.0
3645,3509,-80.0
3645,4827,-162.0
3646,1051,-160.0
3646,1273,118.0
3646,1822,-184.0
3646,3579,-122.0
3646,4123,130.0
3646,4607,-190.0
3646,4633,56.0
3647,121,-106.0
3647,569,-124.0
3647,992,-106.0
3647,1312,140.0
3647,1800,-100.0
3647,2637,-188.0
3647,2764,6.0
3647,3862,74.0
3648,1704,-166.0
3648,2133,-164.0
3648,3297,-18.0
3648,3689,-62.0
3648,3879,-170.0
3649,284,-84.0
3649,695,70.0
3649,2449,-112.0
3649,3427,-34.0
3649,4317,70.0
3649,4724,-112.0
3650,775,130.0
3650,2168,124.0
3650,4565,-122.0
3651,139,32.0
3651,655,120.0
3651,2586,-102.0
3651,3290,-146.0
3651,3650,56.0
3651,4222,114.0
3651,4453,-124.0
3652,785,-4.0
3652,1664,-146.0
3652,2117,194.0
3653,30,-148.0
3653,1011,94.0
3653,3691,52.0
3654,454,-58.0
3654,2227,-166.0
3654,3708,-108.0
3654,4133,-46.0
3654,4207,142.0
3655,72,50.0
3655,1595,-198.0
3655,1732,-48.0
3655,2620,98.0
3655,3411,96.0
3655,3475,-182.0
3655,4497,-148.0
3656,723,-10.0
3656,1065,-108.0
3656,1775,-178.0
3656,2628,-2.0
3656,3459,-126.0
3656,4393,130.0
3656,4696,-108.0
3657,170,116.0
3657,260,-54.0
3657,1996,-72.0
3658,1222,-180.0
3658,1249,80.0
3658,2614,-42.0
3658,4680,-26.0
3658,4975,24.0
3659,288,42.0
3659,1251,-126.0
3659,2549,14.0
3659,3325,-4.0
3660,31,42.0
3660,1073,160.0
3660,2454,-134.0
3660,2903,-172.0
3660,3015,24.0
3660,3905,108.0
3660,4709,-90.0
3661,2713,-130.0
3662,588,118.0
3662,1054,48.0
3662,4234,86.0
3662,4370,26.0
3662,4457,-20.0
3662,4963,-76.0
3663,4443,32.0
3664,704,-10.0
3664,2514,-12.0
3664,2614,-60.0
3664,2902,-50.0
3664,3307,-146.0
3664,3563,-48.0
3664,3649,-172.0
3664,4168,-178.0
3664,4272,-40.0
3665,3087,6.0
3665,3613,54.0
3665,4100,148.0
3665,4136,-144.0
3666,493,-116.0
3666,808,-6.0
3666,1187,-12.0
3666,1956,10.0
3666,2253,168.0
3666,3386,-104.0
3666,3494,104.0
3666,4133,-28.0
3667,678,78.0
3667,3706,-176.0
3667,3737,-166.0
3667,4992,-26.0
3668,66,-104.0
3668,205,-178.0
3668,230,58.0
3668,3097,80.0
3668,3212,-164.0
3668,3350,-186.0
3668,4140,-62.0
3668,4563,-48.0
3668,4674,166.0
3669,858,-28.0
3669,4349,98.0
3669,4744,122.0
3670,1178,-108.0
3670,1644,-68.0
3670,2493,14.0
3671,1239,-28.0
3671,2259,-162.0
3671,2290,-86.0
3671,2987,-46.0
3671,3057,140.0
3671,3783,-180.0
3671,4322,-168.0
3671,4867,4.0
3672,476,12.0
3672,657,162.0
3672,1309,-32.0
3672,3331,-80.0
3672,4292,42.0
3673,70,34.0
3673,1306,24.0
3673,1612,-92.0
3673,2146,170.0
3673,3235,130.0
3673,3397,-30.0
3673,3912,60.0
3673,4061,162.0
3673,4178,-28.0
3673,4189,164.0
3674,1067,-164.0
3674,3365,142.0
3675,211,-176.0
3675,990,46.0
3675,2040,-48.0
3675,2320,78.0
3675,3250,148.0
3675,3490,0.0
3676,551,140.0
3676,914,-114.0
3676,1091,-28.0
3676,2173,92.0
3676,2319,-92.0
3676,3004,-180.0
3676,4255,152.0
3676,4518,160.0
3677,1104,-76.0
3677,1266,-24.0
3677,2818,-98.0
3677,3508,66.0
3677,3884,-104.0
3678,290,68.0
3678,2879,-4.0
3678,3067,160.0
3678,3939,-106.0
3678,4217,-44.0
3678,4329,182.0
3679,59,-100.0
3679,132,-106.0
3679,545,-72.0
3679,1607,44.0
3680,293,70.0
3680,371,110.0
3680,2301,-172.0
3680,3177,-128.0
3681,354,18.0
3681,990,-110.0
3681,1757,88.0
3681,2233,-28.0
3681,2486,150.0
3681,4648,-146.0
3682,1583,96.0
3682,1962,-58.0
3682,1997,-56.0
3682,2287,44.0
3682,4165,-88.0
3682,4305,20.0
3683,388,-100.0
3683,1219,-130.0
3683,4553,-18.0
3684,2191,160.0
3684,2421,-50.0
3684,2807,-66.0
3684,2864,-84.0
3684,3969,-62.0
3684,4588,-58.0
3684,4595,136.0
3685,1935,176.0
3685,2700,-40.0
3685,2986,-6.0
3685,4737,-40.0
3686,392,152.0
3686,2200,-68.0
3686,3014,88.0
3686,4255,-178.0
3686,4516,116.0
3686,4666,52.0
3687,529,146.0
3687,1959,62.0
3687,2578,-24.0
3687,4646,110.0
3688,2321,160.0
3688,2980,158.0
3689,1356,26.0
3689,1544,192.0
3689,2714,-196.0
3689,3138,10.0
3689,3950,46.0
3689,4354,-154.0
3689,4410,-130.0
3689,4646,20.0
3689,4765,102.0
3690,1322,198.0
3690,2259,-198.0
3690,2659,-118.0
3691,1471,188.0
3691,1529,-178.0
3691,2180,46.0
3691,2697,-132.0
3692,2629,12.0
3692,2743,6.0
3692,3996,130.0
3692,4147,188.0
3692,4321,-116.0
3693,1985,-26.0
3693,4202,126.0
3693,4617,-142.0
3694,153,-110.0
3694,1550,96.0
3694,1575,58.0
3694,1852,-42.0
3694,2559,-52.0
3694,4250,-120.0
3695,1831,132.0
3695,3695,20.0
3695,4369,176.0
3695,4921,194.0
3696,13,-64.0
3696,1893,-110.0
3696,2895,-156.0
3696,3590,8.0
3696,4057,174.0
3697,635,16.0
3697,814,-174.0
3697,1177,-188.0
3697,1507,92.0
3697,3164,-44.0
3697,3617,-36.0
3697,3691,14.0
3697,3937,-168.0
3697,4316,160.0
3698,2665,-124.0
3698,2934,-92.0
3698,4129,48.0
3698,4313,-164.0
3698,4854,88.0
3699,863,-26.0
3699,3639,-140.0
3700,634,-102.0
3700,934,-158.0
3700,1284,84.0
3700,2697,-104.0
3700,4725,-158.0
3701,664,158.0
3701,1582,38.0
3701,1653,192.0
3701,2904,134.0
3701,4110,-152.0
3702,1098,194.0
3702,2038,-40.0
3702,2318,-8.0
3702,3068,-42.0
3702,3802,58.0
3703,976,-132.0
3703,1399,80.0
3703,2023,-184.0
3703,2364,-104.0
3703,4683,-38.0
3705,2974,-22.0
3706,1225,-22.0
3706,2398,28.0
3706,3669,-38.0
3706,4566,160.0
3707,2928,-140.0
3709,305,-200.0
3709,370,22.0
3709,983,-118.0
3709,3147,-70.0
3710,1186,-124.0
3710,1382,184.0
3710,2063,176.0
3710,2162,50.0
3710,2200,-170.0
3710,3211,-52.0
3710,3363,82.0
3710,3773,-138.0
3711,1870,142.0
3712,2279,-180.0
3712,3647,194.0
3712,4294,-64.0
3712,4347,98.0
3712,4565,-102.0
3712,4901,12.0
3713,1429,-144.0
3713,2151,58.0
3713,2844,-116.0
3713,4712,-158.0
3714,2504,-58.0
3714,2919,78.0
3714,4473,130.0
3714,4703,-86.0
3715,92,34.0
3715,640,8.0
3715,3684,-106.0
3715,4463,166.0
3715,4902,142.0
3715,4955,114.0
3716,252,4.0
3716,961,38.0
3716,1236,126.0
3716,3851,90.0
3717,33,-22.0
3717,1597,68.0
3717,2039,-160.0
3717,2175,102.0
3717,2726,-198.0
3717,3553,130.0
3718,678,-156.0
3718,772,58.0
3718,959,-192.0
3718,1791,-12.0
3718,2639,114.0
3718,2852,-52.0
3718,3396,-170.0
3719,661,136.0
3719,1515,-120.0
3719,1783,-90.0
3719,2187,124.0
3719,2610,58.0
3719,2726,174.0
3719,2810,-126.0
3719,4015,-170.0
3719,4343,104.0
3720,222,-162.0
3720,277,-36.0
3720,1308,38.0
3720,1570,-82.0
3720,2161,-196.0
3720,2417,-28.0
3720,2506,14.0
3720,2592,134.0
3720,3214,-142.0
3720,4046,190.0
3720,4551,60.0
3721,809,178.0
3721,947,-106.0
3721,2161,-198.0
3721,2728,114.0
3722,648,190.0
3722,810,28.0
3722,3994,-150.0
3722,4081,104.0
3723,79,-192.0
3723,419,64.0
3723,1324,-74.0
3723,2505,-192.0
3723,3016,64.0
3723,3581,48.0
3723,3807,52.0
3723,4147,-182.0
3723,4434,188.0
3724,27,146.0
3724,1495,-78.0
3724,1534,70.0
3724,2174,18.0
3724,4202,22.0
3724,4221,-190.0
3725,413,154.0
3725,933,-200.0
3725,2915,46.0
3725,4625,-114.0
3726,2070,188.0
3727,516,140.0
3727,527,-84.0
3727,532,-24.0
3727,1899,126.0
3727,2435,-176.0
3727,2541,-66.0
3727,3173,-118.0
3727,4996,46.0
3728,1221,192.0
3728,2017,142.0
3728,2524,168.0
3728,4331,-74.0
3728,4912,110.0
3729,473,144.0
3729,1145,14.0
3729,1503,-92.0
3729,2329,-20.0
3729,3558,146.0
3730,835,-86.0
3730,1307,62.0
3730,2700,-180.0
3730,3412,-186.0
3730,4136,-20.0
3730,4264,192.0
3731,608,-68.0
3731,2219,82.0
3731,3076,84.0
3731,3741,-154.0
3731,3763,-124.0
3731,4373,172.0
3732,1253,188.0
3732,1519,28.0
3732,3537,-144.0
3732,3550,-60.0
3732,4134,152.0
3732,4565,-194.0
3733,300,-110.0
3733,2024,0.0
3733,2588,-84.0
3733,3888,174.0
3734,545,80.0
3734,1751,74.0
3734,2935,20.0
3735,2143,-72.0
3735,2777,26.0
3735,3455,182.0
3735,3870,176.0
3735,4637,-66.0
3735,4965,44.0
3736,231,2.0
3736,1032,-124.0
3736,1513,-86.0
3736,1729,-50.0
3736,2241,106.0
3736,3422,12.0
3736,3425,176.0
3736,4007,78.0
3737,1883,90.0
3737,2110,-132.0
3737,2725,-104.0
3737,2825,88.0
3737,2829,-84.0
3737,3568,-50.0
3737,4516,-40.0
3738,934,-90.0
3738,1070,-194.0
3738,3179,16.0
3738,4199,116.0
3738,4484,72.0
3739,811,-162.0
3739,1426,-124.0
3739,1506,188.0
3739,1855,122.0
3739,1936,-114.0
3739,3396,-2.0
3739,3947,-112.0
3740,1309,6.0
3740,2422,-84.0
3740,2611,-40.0
3740,3229,-50.0
3741,335,-28.0
3741,485,114.0
3741,2190,66.0
3741,2660,0.0
3741,3774,-8.0
3742,240,40.0
3742,262,-164.0
3742,2091,110.0
3742,2448,-166.0
3742,3962,-80.0
3742,4101,-180.0
3743,2307,104.0
3743,2526,136.0
3743,2602,128.0
3743,2681,-128.0
3743,4124,102.0
3743,4593,-124.0
3743,4966,-166.0
3744,324,-170.0
3744,3620,24.0
3744,3868,176.0
3744,4883,118.0
3745,291,94.0
3745,839,-162.0
3745,968,-24.0
3745,2202,-26.0
3745,2843,-90.0
3745,2884,-200.0
3745,3598,24.0
3746,3643,190.0
3747,2656,-150.0
3747,3206,-2.0
3747,3380,-122.0
3747,3906,138.0
3747,4314,20.0
3748,499,-104.0
3748,637,-158.0
3748,846,164.0
3748,1553,-52.0
3748,2425,108.0
3748,2949,86.0
3748,4380,118.0
3748,4469,146.0
3748,4692,-176.0
3748,4892,122.0
3749,64,-30.0
3749,441,0.0
3749,963,-92.0
3749,1367,-144.0
3749,1480,-24.0
3749,1506,-108.0
3749,1944,-152.0
3749,3191,172.0
3749,3196,-80.0
3749,4036,92.0
3749,4833,64.0
3750,1083,-114.0
3750,2224,54.0
3750,2490,184.0
3750,3016,122.0
3750,4049,-10.0
3750,4749,28.0
3751,2043,116.0
3751,4610,-66.0
3752,285,8.0
3752,1226,-174.0
3752,2611,38.0
3752,4974,98.0
3753,256,-118.0
3753,464,156.0
3753,2299,10.0
3754,62,14.0
3754,1250,-6.0
3754,4220,134.0
3754,4723,192.0
3755,826,-2.0
3755,884,-108.0
3755,1339,-32.0
3755,2297,-104.0
3755,3278,4.0
3755,4853,50.0
3756,3958,-138.0
3757,304,-164.0
3757,377,72.0
3757,646,-64.0
3757,1658,-80.0
3757,1993,40.0
3757,3008,-156.0
3757,4172,-130.0
3758,103,188.0
3758,1015,124.0
3758,3350,116.0
3758,4133,-160.0
3758,4310,-72.0
3759,896,118.0
3759,1068,34.0
3759,2250,-104.0
3759,2754,-134.0
3759,3013,38.0
3759,3757,2.0
3760,719,192.0
3760,1344,42.0
3760,1979,28.0
3760,2151,-154.0
3760,3510,140.0
3760,4710,110.0
3761,505,94.0
3761,2666,176.0
3761,3007,12.0
3761,3935,-144.0
3761,4015,-152.0
3762,489,-60.0
3762,1253,142.0
3762,3399,-80.0
3762,4112,-22.0
3763,1227,52.0
3763,2791,24.0
3763,4309,146.0
3764,198,4.0
3764,1410,30.0
3764,3438,150.0
3764,4555,-184.0
3764,4586,136.0
3765,128,-12.0
3765,1616,-110.0
3765,1731,190.0
3765,2238,22.0
3765,2915,-18.0
3765,3231,-44.0
3765,3962,-114.0
3765,4126,-200.0
3765,4866,46.0
3766,45,164.0
3766,384,-102.0
3766,2351,146.0
3766,2686,-54.0
3766,4076,-166.0
3766,4273,162.0
3766,4553,100.0
3767,2081,30.0
3767,2473,-68.0
3767,4189,24.0
3767,4268,82.0
3767,4364,80.0
3767,4634,-22.0
3767,4881,48.0
3768,585,126.0
3768,1864,34.0
3768,3046,-22.0
3768,3063,-40.0
3768,3433,22.0
3768,4317,-124.0
3768,4877,102.0
3769,388,-134.0
3769,2996,104.0
3769,3012,-130.0
3770,186,78.0
3770,462,-24.0
3770,2939,22.0
3770,4170,136.0
3771,599,-170.0
3771,2291,-134.0
3771,3263,-98.0
3771,3329,106.0
3771,3357,-174.0
3771,3388,8.0
3771,4041,-92.0
3771,4763,-92.0
3772,3368,100.0
3773,259,-28.0
3773,1296,-52.0
3773,1395,-126.0
3773,4714,0.0
3773,4732,-142.0
3774,1960,-180.0
3774,3314,174.0
3774,3443,138.0
3774,4503,104.0
3775,630,166.0
3775,1759,144.0
3775,2054,-96.0
3775,2791,-2.0
3775,4121,-178.0
3775,4932,162.0
3776,475,186.0
3776,772,60.0
3776,1125,-40.0
3776,1532,132.0
3776,2032,-42.0
3776,2478,-24.0
3776,4103,-38.0
3776,4603,-62.0
3777,1329,-156.0
3778,804,-24.0
3778,2215,60.0
3778,3981,176.0
3778,4765,-136.0
3779,855,186.0
3779,1102,188.0
3779,1191,-164.0
3779,2733,112.0
3780,175,142.0
3780,652,-2.0
3780,1839,56.0
3780,2587,-136.0
3780,2618,-188.0
3780,3732,-128.0
3780,4063,144.0
3780,4923,-18.0
3781,2879,-88.0
3782,226,36.0
3782,1787,-78.0
3782,4040,-42.0
3782,4617,114.0
3783,101,-62.0
3783,1841,-184.0
3784,271,-134.0
3784,813,50.0
3784,3387,-128.0
3784,3702,66.0
3784,3810,-116.0
3784,4406,136.0
3785,3093,-24.0
3786,766,-174.0
3786,959,24.0
3786,2419,24.0
3787,2556,-174.0
3787,3248,-2.0
3787,3380,6.0
3787,3398,188.0
3787,3482,54.0
3787,4392,2.0
3788,365,146.0
3788,1587,-114.0
3788,1610,-120.0
3788,2147,40.0
3788,2496,-150.0
3788,2838,102.0
3788,3413,-128.0
3789,1332,124.0
3789,3743,52.0
3789,4762,-16.0
3789,4987,18.0
3790,861,-150.0
3790,1321,-38.0
3790,2500,2.0
3790,4388,-64.0
3790,4969,16.0
3791,588,-64.0
3791,3961,148.0
3791,4432,-98.0
3791,4855,-138.0
3792,584,112.0
3792,1086,-146.0
3792,1880,86.0
3792,3445,4.0
3792,4665,-104.0
3792,4965,170.0
3792,4965,-136.0
3793,1673,-188.0
3793,2020,70.0
3793,2383,136.0
3793,3774,-88.0
3794,165,-188.0
3794,475,-190.0
3794,1919,146.0
3794,3629,-76.0
3794,3873,-132.0
3794,4429,-106.0
3795,179,152.0
3795,870,112.0
3795,2828,196.0
3795,3698,-42.0
3796,1026,36.0
3796,1250,190.0
3796,1353,-112.0
3796,2963,98.0
3796,3592,48.0
3797,1856,186.0
3797,3209,-160.0
3797,3547,84.0
3797,3725,62.0
3797,3877,-12.0
3798,135,-106.0
3798,761,-124.0
3798,816,-198.0
3798,2335,12.0
3798,2628,-40.0
3798,4055,116.0
3798,4154,62.0
3799,1287,44.0
3799,3984,24.0
3799,4460,-4.0
3800,1194,64.0
3800,2431,36.0
3800,4755,18.0
3800,4832,150.0
3801,798,-20.0
3801,1909,-20.0
3801,3395,-172.0
3801,4793,52.0
3801,4965,-158.0
3802,335,-130.0
3802,3148,-190.0
3802,3216,-4.0
3802,3292,38.0
3802,4132,156.0
3803,48,116.0
3803,979,-132.0
3803,1441,-48.0
3803,1942,-134.0
3803,2747,34.0
3803,4964,-166.0
3804,1782,24.0
3804,1964,112.0
3804,2956,144.0
3804,3631,-168.0
3804,3705,-40.0
3804,3790,186.0
3805,1123,-12.0
3805,1897,110.0
3805,2263,-114.0
3805,2891,-142.0
3805,3381,-120.0
3805,3672,132.0
3805,4215,-100.0
3806,1376,-24.0
3806,3170,-102.0
3807,576,-90.0
3807,2554,-148.0
3807,2578,-20.0
3808,266,-96.0
3808,596,-54.0
3808,1718,0.0
3808,2216,-106.0
3808,3253,-108.0
3808,3262,-110.0
3808,4267,42.0
3808,4368,110.0
3809,1003,172.0
3809,2085,98.0
3809,2394,-112.0
3809,2749,-128.0
3809,3979,184.0
3809,4243,42.0
3810,1949,6.0
3810,2212,52.0
3810,4023,54.0
3810,4085,104.0
3810,4123,-104.0
3810,4729,62.0
3811,379,80.0
3811,1899,-48.0
3811,2040,16.0
3811,2135,-40.0
3811,2813,4.0
3811,3722,12.0
3811,4536,72.0
3812,730,176.0
3812,1832,-6.0
3812,1974,142.0
3812,2302,-192.0
3812,2738,-152.0
3812,3538,88.0
3812,3900,88.0
3812,4057,34.0
3812,4659,34.0
3813,383,-108.0
3813,685,-176.0
3813,4531,-42.0
3814,2105,-112.0
3815,121,-110.0
3815,1344,-26.0
3815,2013,-36.0
3815,2244,126.0
3815,2615,30.0
3815,3083,-52.0
3815,3369,70.0
3815,4502,-80.0
3815,4596,-20.0
3816,916,-36.0
3816,1229,-140.0
3816,1910,-162.0
3816,2573,64.0
3816,2627,88.0
3816,3660,-168.0
3816,3734,182.0
3817,1751,124.0
3817,2448,-184.0
3817,2458,44.0
3817,2613,180.0
3817,3487,-26.0
3817,3572,180.0
3817,4646,-20.0
3817,4946,98.0
3818,1533,-142.0
3818,2567,128.0
3818,4554,164.0
3819,434,-54.0
3819,910,-124.0
3819,3345,-184.0
3820,1137,-150.0
3820,2167,114.0
3820,3729,-66.0
3820,4209,186.0
3820,4990,-110.0
3821,1621,180.0
3821,4310,-168.0
3822,348,152.0
3822,747,72.0
3822,1372,-58.0
3823,945,122.0
3823,1105,20.0
3823,3407,-192.0
3823,3558,-174.0
3823,4567,-136.0
3823,4925,146.0
3824,300,156.0
3824,460,30.0
3824,1302,140.0
3824,2379,-160.0
3824,3728,114.0
3824,4492,156.0
3824,4714,24.0
3825,55,-136.0
3825,419,84.0
3825,1019,132.0
3825,2802,128.0
3825,3492,-78.0
3826,221,-136.0
3826,311,-68.0
3826,748,-166.0
3826,1154,170.0
3826,2078,-72.0
3826,2461,-36.0
3826,3709,-98.0
3826,4135,-180.0
3826,4154,30.0
3826,4395,60.0
3826,4882,-28.0
3827,337,180.0
3827,650,126.0
3827,1453,-86.0
3827,2776,178.0
3827,4462,92.0
3827,4920,-112.0
3828,176,10.0
3828,1193,158.0
3828,3934,-124.0
3829,1742,-78.0
3829,3024,32.0
3829,4125,-190.0
3829,4355,-48.0
3829,4374,110.0
3830,1182,2.0
3830,1331,-58.0
3830,1536,122.0
3830,1972,-84.0
3831,1475,186.0
3831,1864,98.0
3831,2097,84.0
3831,2605,-64.0
3831,4340,-84.0
3832,1908,162.0
3832,1920,-198.0
3832,2184,104.0
3832,3543,-102.0
3833,1369,-112.0
3833,2466,-170.0
3833,3102,-124.0
3833,4712,30.0
3834,228,158.0
3834,1582,-168.0
3834,4324,156.0
3835,1960,176.0
3835,4521,-102.0
3836,2756,196.0
3836,3778,50.0
3836,4172,-182.0
3837,821,14.0
3837,3614,-158.0
3837,4370,-146.0
3837,4703,-132.0
3837,4757,-20.0
3838,1814,28.0
3838,3647,-84.0
3838,3796,-74.0
3838,4178,-6.0
3838,4947,16.0
3838,4951,-188.0
3838,4994,174.0
3839,2309,192.0
3839,3969,16.0
3839,4108,-54.0
3840,942,92.0
3840,1369,-38.0
3840,2918,-80.0
3840,3319,-180.0
3840,3790,-86.0
3840,4043,-126.0
3841,1723,146.0
3841,2231,58.0
3841,3975,-70.0
3842,624,-138.0
3842,860,120.0
3842,1185,-126.0
3842,2306,-82.0
3842,3509,66.0
3842,4494,-16.0
3843,662,-86.0
3843,3450,-14.0
3844,590,-190.0
3844,1879,144.0
3845,1091,146.0
3846,560,-16.0
3846,1909,-200.0
3846,3358,144.0
3846,3706,-64.0
3846,4143,20.0
3846,4983,-180.0
3846,4999,170.0
3847,1547,-162.0
3847,3670,110.0
3847,4454,2.0
3848,1548,196.0
3848,4015,92.0
3848,4439,-8.0
3849,139,-164.0
3849,502,68.0
3849,1356,-38.0
3849,2342,-84.0
3849,3030,166.0
3850,329,40.0
3850,978,-148.0
3850,1532,182.0
3850,2073,16.0
3850,4588,130.0
3851,439,-132.0
3851,945,104.0
3851,1886,152.0
3851,2380,-2.0
3852,248,70.0
3852,1865,-198.0
3852,2107,-194.0
3852,2736,60.0
3852,3665,-98.0
3852,4215,-68.0
3853,1302,-118.0
3853,2195,88.0
3853,3700,144.0
3853,4440,-94.0
3854,1024,170.0
3854,2935,-80.0
3854,3056,-148.0
3854,3528,138.0
3854,4583,-18.0
3854,4769,-132.0
3855,1025,-120.0
3855,1054,-90.0
3855,1068,-100.0
3855,1476,150.0
3855,2052,-140.0
3855,2079,-8.0
3855,2953,-192.0
3855,3507,-24.0
3855,3658,-78.0
3855,3920,38.0
3855,4217,-76.0
3856,823,-138.0
3856,1418,18.0
3856,2501,94.0
3857,824,-176.0
3857,911,-148.0
3857,1089,26.0
3857,1859,-14.0
3857,2345,-38.0
3857,3535,132.0
3857,4557,-18.0
3857,4996,150.0
3858,630,-142.0
3858,1480,72.0
3858,2821,70.0
3858,3849,-82.0
3858,4987,-18.0
3859,756,52.0
3859,1130,-96.0
3859,3759,-152.0
3860,1679,-12.0
3860,1718,172.0
3860,3234,164.0
3860,3608,156.0
3861,1923,12.0
3861,1999,144.0
3861,4069,-198.0
3861,4390,-32.0
3862,419,40.0
3862,2101,182.0
3862,2575,-98.0
3862,4868,54.0
3863,1120,150.0
3863,1720,38.0
3863,2598,122.0
3863,3054,-174.0
3863,4972,-200.0
3864,610,130.0
3864,811,-86.0
3864,881,174.0
3864,2501,-166.0
3864,3664,120.0
3864,3943,-8.0
3864,4390,-130.0
3865,2844,-132.0
3865,3475,-46.0
3865,4145,-80.0
3865,4345,136.0
3865,4433,-48.0
3866,168,-74.0
3866,643,-98.0
3866,678,198.0
3866,1772,-16.0
3866,1839,-112.0
3866,2259,68.0
3866,4572,-178.0
3866,4749,-194.0
3867,1821,66.0
3867,2623,156.0
3867,2988,-198.0
3867,4772,96.0
3868,1134,68.0
3868,1388,4.0
3868,1636,118.0
3868,2393,184.0
3868,3754,-156.0
3868,3918,-134.0
3868,4843,40.0
3869,400,-72.0
3869,609,-34.0
3869,1345,-88.0
3869,1481,56.0
3869,1908,170.0
3869,2874,30.0
3869,3375,-114.0
3869,4429,-6.0
3870,4196,70.0
3870,4894,186.0
3871,1486,-22.0
3871,1527,88.0
3871,2596,-130.0
3871,3493,-32.0
3871,4815,40.0
3872,3007,-158.0
3872,3991,-132.0
3872,4222,146.0
3872,4641,-146.0
3873,2569,162.0
3873,2794,72.0
3873,4055,-154.0
3874,890,160.0
3874,924,76.0
3874,2182,-6.0
3874,2413,-136.0
3874,4498,126.0
3875,1883,-164.0
3875,4207,38.0
3876,733,186.0
3876,1259,158.0
3876,1758,16.0
3876,1850,158.0
3876,2920,0.0
3876,4085,60.0
3876,4662,124.0
3877,2220,-32.0
3877,3184,-160.0
3878,325,-156.0
3878,1196,-20.0
3878,1270,-92.0
3878,1679,24.0
3878,2724,70.0
3878,3765,-126.0
3879,240,-196.0
3879,1013,0.0
3879,1282,24.0
3879,2714,-22.0
3879,4336,-38.0
3880,652,-62.0
3880,853,44.0
3880,1210,92.0
3880,1210,-150.0
3880,1842,-52.0
3880,2731,174.0
3881,385,-6.0
3881,413,16.0
3881,1697,166.0
3881,2824,64.0
3881,3828,66.0
3882,1128,-150.0
3882,4706,-114.0
3882,4812,148.0
3882,4855,142.0
3883,562,188.0
3883,2355,-170.0
3883,4214,136.0
3884,235,-14.0
3884,347,72.0
3884,2067,-60.0
3884,2393,-76.0
3884,2927,-192.0
3884,3064,110.0
3885,436,4.0
3885,725,106.0
3885,1975,140.0
3885,3124,-114.0
3885,3225,-146.0
3885,3253,-46.0
3885,4816,42.0
3885,4850,156.0
3886,457,148.0
3886,2079,14.0
3886,2705,-118.0
3886,3444,170.0
3886,4897,190.0
3887,255,148.0
3887,1324,44.0
3887,2990,138.0
3887,3400,84.0
3887,4196,-122.0
3887,4621,44.0
3887,4653,66.0
3888,169,26.0
3888,3779,-62.0
3888,4545,-132.0
3889,452,-198.0
3889,963,96.0
3889,2032,86.0
3889,2641,30.0
3889,2996,-34.0
3889,3276,178.0
3890,831,88.0
3890,1369,-142.0
3890,3009,-130.0
3891,479,-146.0
3891,1745,96.0
3891,2394,-118.0
3892,529,132.0
3892,3734,18.0
3892,4161,-100.0
3893,290,58.0
3893,1731,72.0
3893,1760,-106.0
3893,2101,-48.0
3893,2371,30.0
3893,2989,98.0
3893,3025,28.0
3894,1285,4.0
3894,4048,104.0
3894,4725,-24.0
3895,1054,164.0
3895,1996,170.0
3895,2992,-108.0
3895,3577,-86.0
3895,4284,70.0
3895,4930,22.0
3896,3914,-182.0
3896,3972,-84.0
3896,4543,-48.0
3897,576,-120.0
3897,903,0.0
3897,1144,-138.0
3897,1726,-54.0
3897,4109,-184.0
3898,1133,-26.0
3898,1640,-126.0
3898,2188,-84.0
3898,3052,-148.0
3898,3120,22.0
3898,3567,-38.0
3898,3580,-64.0
3899,1987,36.0
3899,3251,-110.0
3899,3563,26.0
3900,524,-54.0
3900,790,-58.0
3900,803,-144.0
3900,2344,124.0
3900,2674,-110.0
3900,4415,166.0
3900,4930,78.0
3901,248,-54.0
3901,2503,-58.0
3901,3741,0.0
3902,1734,116.0
3902,1878,-42.0
3902,2772,148.0
3903,435,-126.0
3903,1293,102.0
3903,1948,50.0
3903,2910,0.0
3903,3849,116.0
3903,4995,-140.0
3904,819,-114.0
3904,883,10.0
3904,2565,68.0
3904,3329,120.0
3904,3531,-36.0
3904,4529,18.0
3905,861,44.0
3905,2976,-106.0
3905,3044,-182.0
3905,3129,-80.0
3905,3596,50.0
3905,4161,16.0
3905,4287,-14.0
3905,4296,54.0
3906,1388,-46.0
3906,2194,130.0
3906,3906,-94.0
3907,1047,-184.0
3907,1644,-20.0
3907,2281,94.0
3907,3000,194.0
3907,3089,168.0
3907,3298,-40.0
3907,4067,194.0
3907,4415,138.0
3908,1524,186.0
3908,1910,-166.0
3908,1945,-92.0
3908,2389,-200.0
3908,3704,194.0
3908,3960,190.0
3909,1672,-146.0
3909,2185,108.0
3909,2813,-184.0
3909,3387,174.0
3909,4867,-86.0
3910,238,12.0
3910,1128,28.0
3910,1939,-114.0
3910,3960,-136.0
3910,3977,-72.0
3911,2555,-198.0
3911,3477,-114.0
3911,4514,-194.0
3912,230,-198.0
3912,719,120.0
3912,1628,-28.0
3912,2396,-66.0
3912,3363,-120.0
3913,1647,130.0
3913,2094,-140.0
3913,4421,-130.0
3914,1273,-50.0
3914,1409,-160.0
3914,1705,-22.0
3914,2656,-158.0
3915,272,-158.0
3915,1384,40.0
3915,2763,136.0
3915,3078,-80.0
3915,4143,-84.0
3915,4887,130.0
3915,4992,-48.0
3916,2068,36.0
3916,2347,76.0
3916,2356,32.0
3917,1077,108.0
3917,1392,176.0
3917,2143,90.0
3917,4513,-146.0
3918,861,38.0
3918,911,-58.0
3918,1886,-174.0
3918,2051,-122.0
3919,4373,104.0
3919,4689,-80.0
3920,538,112.0
3920,1253,136.0
3920,3116,-160.0
3920,4288,34.0
3921,480,80.0
3921,731,-22.0
3921,1554,96.0
3921,1731,146.0
3921,1891,138.0
3921,3489,-38.0
3921,3906,-12.0
3921,4856,-22.0
3921,4910,188.0
3922,694,120.0
3922,3271,-128.0
3922,4859,78.0
3923,1724,86.0
3924,180,162.0
3924,375,-114.0
3924,674,-42.0
3924,2097,152.0
3925,341,-22.0
3925,2169,198.0
3925,2683,150.0
3925,3097,-122.0
3925,4219,64.0
3926,214,-38.0
3926,529,182.0
3926,1562,72.0
3926,3149,156.0
3926,3393,-162.0
3926,4712,-6.0
3927,610,-82.0
3927,744,-96.0
3927,2262,-198.0
3927,2881,-12.0
3927,3023,8.0
3927,4056,-116.0
3928,100,142.0
3928,161,-108.0
3928,1123,154.0
3928,1502,100.0
3928,3501,-30.0
3929,87,-154.0
3929,769,-182.0
3929,1227,-74.0
3929,3908,144.0
3929,4038,134.0
3929,4359,198.0
3930,362,-174.0
3930,3290,-120.0
3930,4228,-134.0
3931,472,196.0
3931,545,-136.0
3931,916,-58.0
3931,1183,-10.0
3931,2244,-132.0
3931,4290,-50.0
3931,4326,-178.0
3932,3034,-188.0
3932,4094,-2.0
3933,130,94.0
3933,723,-92.0
3933,2234,122.0
3933,2284,158.0
3933,2584,-64.0
3933,3266,-86.0
3933,3404,6.0
3933,4856,62.0
3933,4944,172.0
3934,679,166.0
3934,1225,90.0
3934,2511,-80.0
3934,4224,86.0
3934,4529,114.0
3935,47,-164.0
3935,3033,100.0
3935,3050,0.0
3935,3750,-30.0
3936,793,-4.0
3936,861,-60.0
3936,1490,-112.0
3936,3977,36.0
3936,4822,-132.0
3936,4834,8.0
3937,227,-6.0
3937,881,-92.0
3937,948,-24.0
3937,1114,-98.0
3937,1972,66.0
3937,2105,70.0
3937,3717,140.0
3937,4414,54.0
3938,42,-172.0
3938,1614,104.0
3938,2453,-16.0
3938,2753,80.0
3938,3215,106.0
3938,4364,130.0
3939,314,-96.0
3939,412,-70.0
3939,2485,-198.0
3939,4599,-50.0
3940,84,136.0
3940,1556,-20.0
3940,1766,-152.0
3940,2862,20.0
3941,1162,84.0
3941,1376,114.0
3941,1530,-122.0
3941,2141,-90.0
3941,3432,106.0
3941,3688,-84.0
3942,264,-152.0
3942,3164,-58.0
3942,3974,-192.0
3943,298,-52.0
3943,1843,180.0
3943,2146,-112.0
3943,2358,-60.0
3943,4925,-62.0
3944,27,8.0
3944,1031,-6.0
3944,4015,-74.0
3945,671,-36.0
3945,753,-22.0
3945,852,142.0
3945,1316,144.0
3945,2861,-120.0
3945,3613,-52.0
3946,1123,-146.0
3946,1481,108.0
3946,1553,74.0
3946,2488,-100.0
3946,3702,-196.0
3947,1107,-146.0
3948,875,44.0
3948,886,-128.0
3948,4126,118.0
3948,4711,-176.0
3949,1209,118.0
3949,2313,90.0
3949,2766,178.0
3949,3492,152.0
3949,4634,130.0
3950,31,10.0
3950,648,-182.0
3950,1132,-96.0
3950,1272,-84.0
3950,4662,0.0
3951,558,-2.0
3951,2118,-20.0
3951,3002,170.0
3951,3990,178.0
3951,4375,-86.0
3951,4478,-102.0
3952,100,-40.0
3952,276,-30.0
3952,836,-186.0
3952,988,-36.0
3952,3161,60.0
3952,3871,-128.0
3952,4944,150.0
3953,457,194.0
3953,3129,-36.0
3953,3240,142.0
3953,3388,-76.0
3953,3959,-6.0
3954,29,-186.0
3954,79,100.0
3954,726,22.0
3954,2019,164.0
3954,2116,-32.0
3954,3129,-152.0
3954,3949,-120.0
3954,3951,110.0
3954,4823,-40.0
3955,655,-66.0
3955,948,196.0
3955,3127,188.0
3955,3323,-198.0
3956,441,-146.0
3956,3639,18.0
3956,4668,-164.0
3957,1472,78.0
3957,2091,-60.0
3957,4368,32.0
3958,435,128.0
3958,945,-100.0
3958,998,-96.0
3958,3155,-110.0
3958,4110,-48.0
3958,4277,186.0
3958,4541,-94.0
3958,4891,-110.0
3958,4924,-182.0
3959,156,-6.0
3959,2178,60.0
3959,2508,-140.0
3959,2589,164.0
3959,4059,102.0
3959,4411,-40.0
3960,835,-42.0
3960,1982,122.0
3960,2044,-148.0
3960,2610,-196.0
3960,3780,120.0
3960,3883,-20.0
3960,4217,78.0
3960,4312,-184.0
3960,4399,-40.0
3960,4936,110.0
3961,1224,134.0
3961,1381,10.0
3961,2735,-154.0
3961,2868,-194.0
3961,3039,-104.0
3961,3760,-150.0
3962,1322,24.0
3962,1742,138.0
3962,2573,-114.0
3962,3667,28.0
3963,1021,-126.0
3963,2087,196.0
3963,3369,146.0
3964,244,-58.0
3964,867,126.0
3964,987,24.0
3964,2215,102.0
3964,2524,-148.0
3964,2873,154.0
3964,3197,-124.0
3965,467,-196.0
3966,650,-74.0
3966,1062,176.0
3966,4807,140.0
3967,798,-116.0
3967,805,-180.0
3967,3674,-34.0
3968,128,-64.0
3968,310,-36.0
3968,1396,-126.0
3968,1869,-68.0
3968,2317,26.0
3968,2512,-50.0
3968,4514,-112.0
3969,271,-110.0
3969,1453,166.0
3969,3852,-148.0
3970,543,-2.0
3970,906,-28.0
3970,1291,66.0
3970,2605,-70.0
3970,2937,-54.0
3970,3145,-42.0
3970,3324,-66.0
3970,3444,94.0
3970,4945,186.0
3971,307,-190.0
3971,898,-148.0
3971,1024,-200.0
3971,1938,64.0
3971,1995,62.0
3971,2023,16.0
3971,3381,-84.0
3971,3399,-110.0
3971,3722,-150.0
3971,4681,-8.0
3972,3249,12.0
3973,1841,-18.0
3973,2698,-56.0
3973,2896,24.0
3973,4068,74.0
3973,4952,-68.0
3974,2475,-76.0
3974,2524,192.0
3974,2974,-152.0
3974,4630,22.0
3974,4751,-168.0
3975,539,44.0
3975,1858,-58.0
3975,2909,0.0
3976,376,162.0
3976,1497,122.0
3976,1513,-8.0
3976,1592,-160.0
3976,2085,-108.0
3977,126,-96.0
3977,806,72.0
3977,990,26.0
3977,1419,-48.0
3977,1483,198.0
3977,2378,-20.0
3977,3024,14.0
3977,4239,-78.0
3978,488,-172.0
3978,2204,-164.0
3978,3223,-186.0
3978,3242,-28.0
3979,489,46.0
3979,1484,60.0
3979,3207,-168.0
3979,3797,-82.0
3979,4054,140.0
3979,4289,-116.0
3979,4545,162.0
3980,333,-144.0
3980,1279,176.0
3980,2994,24.0
3981,1244,-184.0
3981,1526,-162.0
3981,1668,196.0
3982,2054,72.0
3982,2546,-184.0
3982,2601,158.0
3982,2944,-8.0
3982,3482,0.0
3982,3482,104.0
3982,4546,52.0
3982,4849,90.0
3983,218,126.0
3983,2175,-76.0
3983,2485,-74.0
3983,3960,80.0
3983,4888,10.0
3984,401,158.0
3984,1452,148.0
3984,1801,-196.0
3984,2058,148.0
3984,2988,-92.0
3984,4255,74.0
3984,4497,174.0
3985,2415,162.0
3985,2716,134.0
3985,3646,-178.0
3986,651,-30.0
3986,729,182.0
3986,1114,-156.0
3986,1306,-86.0
3986,1585,160.0
3986,2685,24.0
3986,3421,196.0
3986,4016,-104.0
3986,4381,-172.0
3986,4636,-134.0
3987,213,74.0
3987,1938,-84.0
3987,2201,-76.0
3987,2359,-116.0
3987,3684,6.0
3987,3701,96.0
3987,4002,126.0
3987,4100,-152.0
3987,4947,162.0
3988,2151,-92.0
3988,3610,-126.0
3988,3814,130.0
3989,433,-32.0
3989,716,-182.0
3989,1300,-192.0
3989,1845,128.0
3989,3510,194.0
3989,4609,4.0
3990,759,-10.0
3990,4772,-2.0
3991,3193,-56.0
3991,3983,34.0
3991,4194,-120.0
3992,1402,-20.0
3992,1492,94.0
3992,2892,-118.0
3992,2925,-86.0
3992,4327,154.0
3993,773,196.0
3993,2035,88.0
3993,3800,142.0
3993,4323,12.0
3994,115,0.0
3994,2191,-48.0
3994,3530,118.0
3994,3675,176.0
3994,4720,-192.0
3995,1171,114.0
3995,1201,-70.0
3995,1889,76.0
3995,2457,66.0
3995,2770,-68.0
3995,3166,134.0
3995,3284,40.0
3995,3506,-84.0
3996,618,180.0
3996,1015,28.0
3996,1217,186.0
3996,2173,-38.0
3996,2509,80.0
3997,387,-70.0
3997,494,38.0
3997,539,-164.0
3997,987,140.0
3997,1062,-8.0
3997,1884,22.0
3997,2311,-72.0
3997,2321,-164.0
3997,4975,24.0
3998,689,138.0
3998,3984,192.0
3998,4195,-42.0
3998,4308,-114.0
3999,795,112.0
3999,993,-52.0
3999,2399,26.0
3999,3035,82.0
3999,3804,154.0
4000,1446,-32.0
4000,2325,16.0
4000,4738,94.0
4000,4846,-78.0
4001,497,-178.0
4001,730,158.0
4001,1029,-158.0
4001,1202,-198.0
4001,2473,-70.0
4001,2882,-50.0
4001,3196,50.0
4002,429,-72.0
4002,1215,-192.0
4002,2192,-8.0
4002,2284,-124.0
4002,3488,-146.0
4002,3873,-74.0
4002,4967,-22.0
4003,2554,-172.0
4003,3604,-188.0
4003,4159,-28.0
4004,81,-154.0
4004,2317,-142.0
4004,4461,-28.0
4004,4689,-80.0
4005,1420,158.0
4005,1833,-92.0
4005,1990,122.0
4005,4025,-56.0
4006,706,-170.0
4006,1059,112.0
4006,1858,150.0
4006,2656,62.0
4006,3059,72.0
4006,3194,64.0
4006,3578,182.0
4007,920,110.0
4007,1394,32.0
4007,3177,-96.0
4007,4436,-102.0
4007,4621,70.0
4007,4650,144.0
4007,4969,-144.0
4008,670,-66.0
4008,2715,-116.0
4008,3385,160.0
4008,3604,-192.0
4008,4523,100.0
4008,4574,158.0
4009,173,-108.0
4009,370,-158.0
4009,383,-192.0
4009,1944,-134.0
4009,2336,112.0
4009,2915,150.0
4009,4342,-130.0
4009,4453,166.0
4010,1740,-194.0
4010,2211,-76.0
4010,2597,-162.0
4010,4379,194.0
4010,4601,-24.0
4010,4655,76.0
4011,1594,114.0
4011,3371,48.0
4011,3720,176.0
4011,3959,-64.0
4011,3981,98.0
4012,3127,28.0
4012,3135,-18.0
4013,2195,22.0
4013,3491,82.0
4013,3680,-170.0
4013,3773,-86.0
4013,4365,-196.0
4014,970,14.0
4014,2010,-100.0
4014,2887,-104.0
4015,878,12.0
4015,1457,2.0
4015,1985,24.0
4015,3198,-42.0
4015,3295,34.0
4015,4103,-162.0
4015,4779,48.0
4016,473,-100.0
4016,2096,106.0
4016,2706,98.0
4016,3638,-112.0
4016,4534,164.0
4017,195,32.0
4017,813,66.0
4017,949,58.0
4017,1351,62.0
4017,1480,-196.0
4017,2250,-42.0
4017,2819,86.0
4017,4836,-52.0
4018,1623,2.0
4018,4665,-10.0
4019,350,92.0
4019,439,112.0
4019,1256,-2.0
4019,1551,182.0
4019,2549,170.0
4019,3925,-184.0
4020,514,-24.0
4020,1496,-148.0
4020,1614,-144.0
4020,1661,68.0
4020,2898,-172.0
4020,4264,-22.0
4020,4755,12.0
4021,2367,-82.0
4021,3939,116.0
4021,4113,14.0
4022,251,-18.0
4022,981,-58.0
4022,1014,-86.0
4022,1206,-104.0
4022,1653,140.0
4022,2098,100.0
4022,2227,-170.0
4022,2579,130.0
4022,3067,-38.0
4023,629,108.0
4023,1666,158.0
4023,3577,186.0
4023,4190,-168.0
4024,118,-126.0
4024,178,-182.0
4024,1338,72.0
4024,2216,170.0
4024,2614,6.0
4024,3473,-142.0
4024,3654,8.0
4025,1013,158.0
4025,2121,30.0
4026,102,36.0
4026,238,-24.0
4026,327,18.0
4026,1403,138.0
4026,1650,94.0
4026,2255,176.0
4027,351,-94.0
4027,985,-88.0
4027,2069,-56.0
4027,3511,70.0
4027,4044,52.0
4027,4445,198.0
4027,4834,156.0
4028,830,-170.0
4028,1096,198.0
4028,2382,-156.0
4028,3070,180.0
4028,3113,-38.0
4028,3402,-42.0
4028,4618,182.0
4029,121,162.0
4029,4302,-12.0
4030,2225,-50.0
4030,2591,14.0
4030,3392,-10.0
4030,4347,-52.0
4031,1921,126.0
4031,2365,78.0
4031,2761,-192.0
4031,4584,-60.0
4031,4832,-88.0
4032,3075,68.0
4032,4107,112.0
4033,1640,128.0
4033,3774,-92.0
4034,740,-50.0
4034,924,130.0
4034,1629,82.0
4034,1753,-186.0
4034,1945,-44.0
4034,3224,-34.0
4034,3497,-152.0
4034,3546,136.0
4034,3958,66.0
4034,4205,-186.0
4034,4332,102.0
4035,2135,-90.0
4035,3973,84.0
4035,4508,158.0
4035,4599,184.0
4036,28,-154.0
4036,1300,104.0
4036,2085,60.0
4036,2939,-24.0
4036,3058,150.0
4037,817,-160.0
4037,2889,134.0
4037,3499,-76.0
4037,3889,-62.0
4037,4340,82.0
4038,213,-158.0
4038,1662,-22.0
4038,2701,4.0
4038,3601,0.0
4038,4244,-148.0
4039,76,198.0
4039,4097,-130.0
4039,4179,42.0
4039,4972,28.0
4040,178,194.0
4040,546,34.0
4040,1307,6.0
4040,1844,114.0
4040,2677,146.0
4040,3974,144.0
4041,9,-72.0
4041,471,-154.0
4041,1961,-130.0
4042,272,-16.0
4042,4551,-104.0
4042,4922,148.0
4043,140,194.0
4043,227,-30.0
4043,2196,152.0
4043,2371,-2.0
4043,2399,-130.0
4043,4099,-76.0
4043,4303,42.0
4043,4597,-6.0
4044,2172,-10.0
4045,208,180.0
4045,441,-162.0
4045,619,168.0
4045,2222,-138.0
4045,2486,128.0
4045,2513,-54.0
4045,4303,46.0
4045,4532,68.0
4046,1040,132.0
4046,1896,18.0
4046,2013,-106.0
4046,2948,-114.0
4047,705,-14.0
4047,2221,166.0
4047,3603,-6.0
4048,3109,-22.0
4048,4221,-10.0
4049,1625,-192.0
4050,166,-26.0
4050,1637,-2.0
4050,2812,20.0
4050,3023,-10.0
4050,3368,-106.0
4050,4318,-178.0
4050,4493,-80.0
4051,348,-44.0
4051,881,-122.0
4051,2014,-156.0
4051,3601,-44.0
4051,4958,96.0
4051,4965,-28.0
4052,240,-54.0
4052,1354,14.0
4052,4107,-70.0
4052,4583,196.0
4053,1353,-76.0
4053,1357,152.0
4053,1633,-16.0
4053,1978,162.0
4053,1980,92.0
4053,2084,-188.0
4053,4904,-88.0
4054,405,-128.0
4054,559,44.0
4054,812,122.0
4054,1546,72.0
4054,2739,-150.0
4054,2816,74.0
4054,4874,-178.0
4055,1970,128.0
4055,3491,-164.0
4055,4857,-90.0
4056,991,-68.0
4056,1543,170.0
4056,1661,-90.0
4056,1848,-138.0
4056,3310,32.0
4056,3647,-138.0
4056,3732,82.0
4057,4020,-120.0
4058,51,-92.0
4058,1742,-14.0
4058,1901,2.0
4058,2655,100.0
4058,3513,-78.0
4059,710,102.0
4060,121,-70.0
4060,4433,-172.0
4060,4548,76.0
4060,4869,122.0
4061,639,94.0
4061,2549,60.0
4061,3325,-66.0
4061,4361,-130.0
4062,1238,92.0
4062,3184,-42.0
4062,4820,28.0
4063,59,-96.0
4063,149,18.0
4063,1073,-194.0
4063,1272,132.0
4063,1885,176.0
4063,4122,-32.0
4063,4451,22.0
4064,413,26.0
4064,714,-28.0
4064,1767,196.0
4064,2636,-194.0
4064,2803,-160.0
4064,2943,-92.0
4064,3427,104.0
4065,2712,-84.0
4065,3429,170.0
4065,4283,60.0
4065,4526,-200.0
4065,4797,-86.0
4066,2718,-34.0
4066,2923,126.0
4066,4243,126.0
4066,4361,84.0
4067,47,0.0
4067,2169,168.0
4067,3955,172.0
4067,4134,-168.0
4067,4564,-66.0
4068,136,144.0
4068,608,-92.0
4068,2150,56.0
4068,2378,34.0
4068,3533,-60.0
4068,3937,100.0
4069,2236,-144.0
4069,2827,-8.0
4069,2857,166.0
4069,4211,146.0
4070,1328,108.0
4070,1719,182.0
4070,3390,-14.0
4070,3664,10.0
4070,4045,-80.0
4071,1069,100.0
4071,1878,-102.0
4071,2219,176.0
4071,3394,-74.0
4071,4735,170.0
4072,180,146.0
4072,338,114.0
4072,664,140.0
4072,1426,126.0
4072,3347,192.0
4072,3420,66.0
4072,4250,30.0
4073,1807,164.0
4073,2547,-190.0
4073,2848,62.0
4073,3519,-174.0
4073,4512,70.0
4074,2275,-24.0
4074,2469,-188.0
4074,2494,4.0
4074,3457,186.0
4075,2875,168.0
4076,1824,80.0
4076,2229,2.0
4076,3461,-128.0
4076,4280,-94.0
4076,4658,50.0
4077,151,52.0
4077,313,4.0
4077,593,16.0
4077,3201,-146.0
4077,3250,-198.0
4077,3533,-194.0
4077,3917,190.0
4078,12,-166.0
4078,1993,42.0
4078,2444,-20.0
4078,3356,80.0
4078,4702,-178.0
4079,212,142.0
4079,761,-108.0
4079,1105,-12.0
4079,1143,184.0
4079,1806,-16.0
4079,3271,-18.0
4080,1327,82.0
4080,1792,36.0
4080,2081,-136.0
4080,3107,40.0
4080,3291,130.0
4080,4543,-118.0
4081,986,-30.0
4081,1273,-46.0
4082,961,22.0
4082,2297,-190.0
4082,2677,-94.0
4082,3089,-62.0
4083,389,68.0
4083,3481,-120.0
4083,3619,188.0
4083,4491,-20.0
4084,1277,128.0
4084,1286,142.0
4084,2606,-190.0
4086,244,-148.0
4086,706,98.0
4086,3098,-80.0
4087,798,-32.0
4087,1226,178.0
4087,1625,-144.0
4087,2327,-6.0
4087,3121,-72.0
4087,3499,134.0
4087,3961,-184.0
4087,4112,-130.0
4088,210,-172.0
4088,450,36.0
4088,815,-38.0
4088,2074,-6.0
4088,2872,-20.0
4088,2927,136.0
4088,3357,-140.0
4088,3673,-108.0
4088,4384,54.0
4089,857,-34.0
4089,1350,186.0
4089,1789,-6.0
4089,2701,-92.0
4089,2763,-180.0
4089,4798,22.0
4090,59,-14.0
4090,112,-50.0
4090,232,48.0
4090,1380,-72.0
4090,2250,-12.0
4090,3428,-160.0
4090,3819,180.0
4091,72,-158.0
4091,1376,-96.0
4091,1666,-198.0
4091,1758,60.0
4091,1758,-152.0
4091,1781,-178.0
4091,2129,-50.0
4091,2265,-56.0
4091,2593,38.0
4091,4520,-172.0
4092,1308,68.0
4092,1551,52.0
4092,4797,58.0
4093,626,-30.0
4093,2704,96.0
4093,3421,76.0
4094,561,-12.0
4094,3967,-62.0
4095,513,-198.0
4095,2026,28.0
4095,4543,-164.0
4095,4596,-128.0
4096,67,32.0
4096,269,108.0
4096,318,-50.0
4096,1208,-112.0
4097,1980,88.0
4097,3592,-106.0
4097,4223,-142.0
4097,4716,150.0
4097,4802,-64.0
4097,4926,54.0
4098,89,46.0
4098,2569,6.0
4098,4976,152.0
4099,3263,106.0
4100,464,24.0
4100,920,0.0
4100,2820,-186.0
4101,1647,-100.0
4101,2607,-122.0
4101,3504,-78.0
4102,971,-196.0
4102,1992,116.0
4102,2391,-136.0
4103,630,106.0
4103,2579,-108.0
4103,2636,-180.0
4103,3304,144.0
4103,4845,-166.0
4104,184,-40.0
4104,1417,102.0
4104,3272,96.0
4104,3840,42.0
4105,2960,64.0
4106,626,-148.0
4106,980,60.0
4106,4538,-130.0
4106,4795,20.0
4107,1693,-198.0
4107,1926,-22.0
4107,4277,-40.0
4107,4301,-74.0
4108,472,110.0
4108,1653,-30.0
4108,2842,82.0
4108,4045,134.0
4108,4531,146.0
4108,4535,154.0
4109,364,102.0
4109,383,-24.0
4109,779,188.0
4109,4438,-96.0
4110,193,100.0
4110,3081,-142.0
4110,3657,-178.0
4111,1790,16.0
4112,328,130.0
4112,938,94.0
4112,1750,98.0
4112,1887,180.0
4112,3748,136.0
4112,3853,-52.0
4112,4038,-142.0
4112,4393,-78.0
4113,904,128.0
4113,1360,30.0
4113,2992,0.0
4113,3165,-162.0
4113,3555,-58.0
4114,665,174.0
4114,2039,4.0
4114,3612,-64.0
4114,3694,160.0
4114,4838,-82.0
4114,4902,-120.0
4115,190,-92.0
4115,2710,-22.0
4115,3295,34.0
4115,3338,12.0
4115,3372,30.0
4115,3517,72.0
4115,3710,-116.0
4115,3902,42.0
4115,3910,-22.0
4115,4621,162.0
4116,224,-118.0
4116,4098,78.0
4117,343,-138.0
4117,720,124.0
4117,938,-102.0
4117,1220,64.0
4117,4889,110.0
4118,623,86.0
4118,1699,-36.0
4118,2201,40.0
4118,2975,-40.0
4118,3326,180.0
4118,4195,-136.0
4119,436,124.0
4119,547,84.0
4119,1434,6.0
4119,1502,92.0
4119,4603,-2.0
4119,4786,-170.0
4120,3133,-104.0
4120,4089,8.0
4121,132,-58.0
4121,742,32.0
4121,2596,-178.0
4121,2780,-180.0
4121,3684,176.0
4121,3815,104.0
4122,649,72.0
4122,2157,94.0
4122,3807,-22.0
4123,313,-114.0
4123,1290,12.0
4123,3047,176.0
4123,4487,-42.0
4124,2686,62.0
4124,3809,-166.0
4125,167,26.0
4125,1426,-70.0
4125,2229,148.0
4125,2662,-84.0
4125,3825,6.0
4125,4782,-168.0
4125,4951,-180.0
4126,799,-180.0
4126,1227,-98.0
4126,4767,-30.0
4127,324,-98.0
4127,917,-140.0
4127,2106,-132.0
4127,2478,-46.0
4127,3413,-62.0
4127,4021,80.0
4127,4852,98.0
4128,291,-36.0
4128,677,152.0
4128,1295,-198.0
4128,2920,-132.0
4128,4604,106.0
4129,579,-198.0
4129,1108,96.0
4129,1810,-170.0
4129,3785,100.0
4130,822,-172.0
4130,1969,-96.0
4130,3109,-50.0
4130,3134,80.0
4130,3255,-156.0
4131,365,-88.0
4131,1244,104.0
4131,1819,126.0
4131,2978,56.0
4131,3642,8.0
4132,189,168.0
4132,741,-86.0
4132,1720,-156.0
4132,2045,-74.0
4132,2638,26.0
4132,3502,-166.0
4132,3563,-108.0
4132,3729,-142.0
4133,576,-4.0
4133,1284,-94.0
4133,2993,56.0
4134,1345,46.0
4134,1996,-72.0
4134,2772,-152.0
4134,3701,-156.0
4134,3853,2.0
4134,4170,-14.0
4134,4553,16.0
4134,4873,130.0
4135,200,-30.0
4135,514,144.0
4135,2398,-122.0
4135,3167,50.0
4135,4395,98.0
4136,314,74.0
4136,842,-158.0
4136,1202,-196.0
4136,1237,164.0
4136,1542,4.0
4136,1871,184.0
4136,3609,142.0
4136,3754,-28.0
4136,4424,36.0
4137,142,62.0
4137,1142,116.0
4137,1414,-124.0
4137,3561,106.0
4137,4069,-164.0
4137,4573,142.0
4137,4888,-128.0
4138,206,84.0
4138,374,-54.0
4138,721,42.0
4138,879,148.0
4138,2111,-74.0
4138,2606,-124.0
4138,3487,-30.0
4138,4969,-94.0
4139,614,86.0
4139,1885,104.0
4139,1955,34.0
4139,3015,-130.0
4139,3595,-160.0
4139,3949,94.0
4140,1573,-68.0
4140,2400,-196.0
4140,3045,-146.0
4140,3111,-162.0
4140,3199,-178.0
4141,158,-52.0
4141,2648,-60.0
4142,207,-106.0
4142,2084,110.0
4142,3934,-102.0
4142,4127,190.0
4142,4459,46.0
4143,415,174.0
4143,615,174.0
4143,1956,76.0
4143,3252,146.0
4143,3782,30.0
4143,3923,18.0
4143,4068,-144.0
4143,4447,-184.0
4144,655,-48.0
4144,4107,186.0
4145,254,-68.0
4145,459,136.0
4145,713,-28.0
4145,3028,-110.0
4145,3131,64.0
4145,4837,-66.0
4146,842,84.0
4146,1402,154.0
4146,1510,-34.0
4146,2110,-92.0
4146,2720,-128.0
4146,3278,80.0
4146,3391,-50.0
4147,399,112.0
4147,617,-28.0
4147,2105,-138.0
4147,3832,146.0
4147,4427,-72.0
4148,2799,4.0
4148,3710,12.0
4148,3991,0.0
4148,4371,160.0
4149,524,190.0
4150,14,38.0
4150,2451,-90.0
4151,1220,112.0
4151,1788,184.0
4151,2015,-96.0
4151,3014,134.0
4151,3032,2.0
4151,3389,-160.0
4151,4398,-166.0
4151,4455,-130.0
4151,4715,182.0
4152,1042,0.0
4152,2178,-74.0
4152,3405,-40.0
4152,3812,108.0
4152,4905,-156.0
4153,896,-128.0
4153,2649,24.0
4153,3777,84.0
4153,4437,-188.0
4154,6,32.0
4154,424,110.0
4154,3192,-104.0
4154,3347,-178.0
4155,258,-12.0
4155,730,-80.0
4155,1272,-146.0
4156,10,-180.0
4156,2121,58.0
4156,2968,-124.0
4156,3021,66.0
4156,3811,-196.0
4157,1938,84.0
4158,964,-18.0
4158,1815,-140.0
4158,2228,-196.0
4158,2357,42.0
4158,3046,-192.0
4158,3656,-84.0
4159,634,-200.0
4159,947,-184.0
4159,1286,160.0
4159,2328,-20.0
4159,2787,-182.0
4159,3816,14.0
4159,3879,36.0
4160,703,-48.0
4160,1334,-112.0
4160,3908,-20.0
4160,4740,4.0
4161,1810,-112.0
4161,3905,116.0
4162,1,48.0
4162,139,-10.0
4162,4247,42.0
4163,2651,46.0
4164,794,26.0
4164,1732,2.0
4164,2956,-108.0
4164,3301,116.0
4164,3634,64.0
4164,3702,112.0
4165,35,152.0
4165,1443,118.0
4165,1754,-18.0
4165,2072,150.0
4165,2094,-6.0
4165,2452,30.0
4166,338,-166.0
4167,2231,36.0
4167,2895,-118.0
4167,3889,-62.0
4167,4060,-42.0
4167,4653,28.0
4168,73,-150.0
4168,1153,-34.0
4168,1605,-26.0
4168,2585,188.0
4168,4157,136.0
4168,4712,132.0
4168,4717,8.0
4168,4979,-72.0
4169,1562,-192.0
4169,2053,110.0
4170,197,118.0
4170,508,86.0
4170,738,110.0
4170,4015,-8.0
4171,4639,-194.0
4172,834,158.0
4172,877,-64.0
4172,1014,140.0
4172,2118,58.0
4172,2279,-126.0
4172,4382,18.0
4173,503,90.0
4173,553,150.0
4173,852,178.0
4173,2120,-190.0
4173,4447,-142.0
4174,793,20.0
4174,2615,-166.0
4174,3006,-84.0
4174,3159,-62.0
4175,746,-2.0
4175,1033,-76.0
4175,1420,-60.0
4175,2012,186.0
4175,2250,188.0
4175,3352,110.0
4175,3521,150.0
4175,3601,2.0
4175,3911,-126.0
4175,4513,-18.0
4176,1065,-156.0
4176,4159,0.0
4176,4429,-130.0
4176,4553,184.0
4176,4719,130.0
4177,1333,24.0
4177,4402,138.0
4177,4506,-166.0
4178,569,134.0
4178,1788,92.0
4178,2105,-92.0
4178,2127,144.0
4178,3872,-128.0
4178,4021,-42.0
4179,685,98.0
4179,1206,92.0
4179,2729,128.0
4179,3094,112.0
4179,3415,122.0
4180,1110,-4.0
4180,1527,-96.0
4180,1767,104.0
4180,2104,32.0
4180,2926,32.0
4180,4273,-14.0
4181,292,-148.0
4181,3424,-132.0
4181,3429,-20.0
4181,3545,26.0
4181,3746,-142.0
4182,2025,-126.0
4182,2264,-132.0
4182,3261,198.0
4182,4985,-40.0
4183,412,144.0
4183,1632,-108.0
4183,2158,-106.0
4183,2805,98.0
4183,3369,32.0
4183,3487,176.0
4183,4664,140.0
4184,409,-12.0
4184,1716,-44.0
4184,3143,-30.0
4184,3442,166.0
4184,3925,-20.0
4185,307,16.0
4185,539,-142.0
4185,905,-88.0
4185,1488,24.0
4186,1716,-66.0
4186,2509,84.0
4186,2518,108.0
4186,2594,56.0
4186,3448,-18.0
4186,4111,134.0
4187,879,138.0
4187,1798,96.0
4188,717,20.0
4188,1533,112.0
4188,3329,-80.0
4188,3834,-178.0
4188,4768,92.0
4188,4838,-182.0
4188,4842,-100.0
4189,433,96.0
4189,666,-160.0
4189,956,-78.0
4189,2502,-76.0
4189,2569,-154.0
4189,4199,4.0
4189,4674,152.0
4190,4965,-100.0
4191,232,-38.0
4191,618,-132.0
4191,3132,142.0
4191,3525,-46.0
4191,3644,-6.0
4192,1298,166.0
4192,2899,22.0
4192,4111,194.0
4192,4575,-188.0
4193,341,160.0
4193,1637,-168.0
4193,2784,-140.0
4194,239,-126.0
4194,592,-116.0
4194,2188,-196.0
4194,3899,-48.0
4195,1927,96.0
4195,2911,146.0
4195,3510,58.0
4196,1741,-92.0
4196,2594,-190.0
4196,2685,62.0
4197,543,32.0
4197,793,-78.0
4197,3867,-16.0
4197,4603,-158.0
4197,4979,-46.0
4198,1510,56.0
4198,2184,22.0
4198,2842,24.0
4198,2876,150.0
4198,4707,-18.0
4199,246,-120.0
4199,1477,114.0
4199,2028,-188.0
4199,3197,32.0
4199,4248,162.0
4200,322,42.0
4200,703,98.0
4200,1555,-8.0
4200,1756,-184.0
4200,2237,-92.0
4200,2800,106.0
4200,3546,76.0
4200,4620,-62.0
4201,2851,-132.0
4201,3061,180.0
4201,3360,-30.0
4201,3813,-146.0
4201,3952,56.0
4201,3997,150.0
4201,4195,-192.0
4201,4956,-162.0
4202,614,-142.0
4202,767,192.0
4202,3408,-22.0
4203,70,-110.0
4203,1460,176.0
4203,1599,2.0
4204,1251,-8.0
4204,3163,-22.0
4204,3902,12.0
4205,2079,64.0
4205,3251,8.0
4205,3999,24.0
4205,4335,-76.0
4206,1193,144.0
4206,1853,196.0
4206,3162,-8.0
4206,4534,-6.0
4207,189,22.0
4207,1968,-106.0
4207,2188,-130.0
4207,2921,-118.0
4207,3500,-164.0
4208,32,22.0
4208,1045,158.0
4208,1553,190.0
4208,2203,-70.0
4208,2596,-200.0
4208,2854,80.0
4208,3573,-4.0
4208,4003,142.0
4209,151,74.0
4209,1301,-88.0
4209,1485,180.0
4209,3031,120.0
4209,4861,120.0
4210,3748,-80.0
4210,3931,-124.0
4211,1386,88.0
4211,1925,168.0
4211,2587,94.0
4211,4204,-134.0
4211,4694,-158.0
4211,4811,52.0
4212,1675,8.0
4212,3077,-120.0
4212,3842,94.0
4212,4692,32.0
4213,264,148.0
4213,737,178.0
4213,954,-86.0
4213,2268,162.0
4213,2655,-158.0
4213,4331,-54.0
4213,4608,-20.0
4214,1170,124.0
4214,2456,60.0
4214,2561,122.0
4214,2564,-132.0
4214,2699,4.0
4214,2934,-72.0
4214,3694,-124.0
4214,4883,88.0
4215,549,176.0
4215,1462,16.0
4215,4725,158.0
4215,4937,144.0
4216,294,-188.0
4216,1364,-148.0
4216,1672,-140.0
4216,3412,-172.0
4217,1297,90.0
4217,3217,150.0
4218,361,-12.0
4218,741,-4.0
4218,1524,56.0
4218,1821,-140.0
4218,2389,-150.0
4218,3382,188.0
4219,73,134.0
4219,321,0.0
4219,1562,-176.0
4219,1587,62.0
4219,2143,-90.0
4219,2271,-160.0
4219,2629,144.0
4219,2786,20.0
4219,4731,-184.0
4220,768,-84.0
4220,1065,-154.0
4220,1371,-198.0
4220,1828,90.0
4220,3947,-112.0
4221,39,80.0
4222,322,-88.0
4222,664,-170.0
4222,1190,168.0
4222,1313,4.0
4222,1897,10.0
4222,2831,-150.0
4222,3046,18.0
4222,3200,-154.0
4222,4775,154.0
4223,559,118.0
4223,1767,-50.0
4223,3370,182.0
4224,1043,-22.0
4224,1690,56.0
4224,1875,120.0
4224,1891,40.0
4224,2409,142.0
4224,2587,84.0
4224,3345,-142.0
4224,3840,116.0
4225,1038,-130.0
4225,1089,174.0
4225,1265,8.0
4225,2850,-186.0
4225,2950,38.0
4225,3650,-34.0
4225,4590,38.0
4225,4637,-132.0
4225,4925,140.0
4226,855,-16.0
4226,1722,84.0
4226,1754,-198.0
4226,1981,194.0
4226,2169,10.0
4226,2580,92.0
4226,2761,152.0
4227,1079,78.0
4227,2298,-114.0
4228,1003,-52.0
4228,1351,-52.0
4228,1374,-176.0
4228,1893,42.0
4228,3720,84.0
4229,21,16.0
4229,230,124.0
4229,672,-20.0
4229,811,-8.0
4229,1052,168.0
4229,1978,-12.0
4229,2757,174.0
4229,2925,-184.0
4229,3167,-178.0
4229,3306,144.0
4229,3350,40.0
4229,3562,-40.0
4229,4076,74.0
4229,4840,-122.0
4230,3576,-84.0
4230,3633,194.0
4231,951,-36.0
4231,2313,-74.0
4231,4905,186.0
4232,826,-62.0
4232,1027,66.0
4232,1246,138.0
4232,1882,-24.0
4232,1987,-144.0
4232,2317,-192.0
4232,3035,-18.0
4232,4137,-68.0
4232,4557,-156.0
4233,787,58.0
4233,1897,18.0
4233,2197,26.0
4233,2377,68.0
4233,2784,-124.0
4233,3488,124.0
4233,3701,24.0
4234,1498,110.0
4234,2690,122.0
4234,3561,62.0
4235,171,-200.0
4235,507,196.0
4235,653,60.0
4235,1249,-46.0
4235,2124,-122.0
4235,3667,-66.0
4235,4122,-146.0
4235,4684,-178.0
4236,1030,196.0
4236,2226,194.0
4236,4892,192.0
4237,1081,-28.0
4237,2570,182.0
4237,4226,-50.0
4237,4333,-74.0
4237,4873,-110.0
4238,895,-182.0
4238,1963,-110.0
4238,3603,-68.0
4239,129,60.0
4239,490,-100.0
4239,1712,-168.0
4240,130,52.0
4240,136,116.0
4240,2511,-170.0
4240,2998,-38.0
4241,665,92.0
4241,986,78.0
4241,3306,160.0
4241,3602,-126.0
4241,4425,-132.0
4242,1451,128.0
4242,2388,188.0
4242,3586,-150.0
4242,3697,22.0
4242,4591,38.0
4243,2055,-142.0
4243,3160,-48.0
4243,3815,124.0
4244,86,-8.0
4244,538,90.0
4244,1030,106.0
4244,2662,-192.0
4244,4968,-94.0
4245,792,-128.0
4245,866,-24.0
4245,1779,-138.0
4245,1784,-74.0
4245,1854,178.0
4245,2231,-86.0
4245,3975,-2.0
4245,4790,110.0
4246,95,-32.0
4246,311,-2.0
4246,2744,-162.0
4246,2912,-112.0
4247,300,-172.0
4248,1239,2.0
4248,2023,20.0
4249,115,-112.0
4249,2507,-80.0
4250,648,170.0
4250,3284,82.0
4250,4672,82.0
4251,687,172.0
4251,699,-200.0
4251,1300,126.0
4251,3521,62.0
4252,1333,-78.0
4252,2560,0.0
4252,3444,116.0
4252,3795,-56.0
4253,2422,-116.0
4253,2746,-90.0
4253,2964,120.0
4254,165,-100.0
4254,1209,-90.0
4254,2936,-150.0
4254,3743,-64.0
4254,4973,-82.0
4255,1819,134.0
4255,4067,-60.0
4255,4147,86.0
4256,360,166.0
4256,530,158.0
4256,572,-24.0
4256,1676,-62.0
4256,3479,-100.0
4256,3562,-144.0
4256,4268,16.0
4256,4745,-140.0
4257,1363,-24.0
4257,1713,-18.0
4257,3551,130.0
4257,3803,84.0
4257,3975,188.0
4258,533,-58.0
4258,638,-118.0
4258,1545,-98.0
4258,2801,-18.0
4258,2926,86.0
4258,3684,122.0
4258,4132,98.0
4258,4655,-106.0
4259,60,128.0
4259,161,36.0
4259,1207,198.0
4259,2093,62.0
4259,2160,106.0
4259,2854,36.0
4260,1450,-84.0
4260,3621,-32.0
4260,4517,86.0
4261,513,50.0
4261,630,-116.0
4261,1714,-158.0
4261,2032,116.0
4261,2694,184.0
4261,2744,-188.0
4261,3433,-4.0
4261,4211,-90.0
4262,231,12.0
4262,327,-70.0
4262,443,-192.0
4262,1122,-50.0
4262,1184,-14.0
4262,1516,-92.0
4262,2352,-14.0
4262,3269,28.0
4262,3870,-122.0
4262,3965,10.0
4263,270,-122.0
4263,1014,-84.0
4263,4071,-72.0
4263,4214,-154.0
4263,4251,-66.0
4263,4771,172.0
4263,4947,-36.0
4264,2205,22.0
4264,3424,-162.0
4264,3490,46.0
4264,3585,184.0
4264,4130,46.0
4264,4745,110.0
4265,290,94.0
4265,496,56.0
4265,739,-104.0
4265,844,-84.0
4265,908,-174.0
4265,1024,-116.0
4265,2937,-168.0
4265,4214,-194.0
4265,4835,174.0
4266,1326,44.0
4266,3073,4.0
4266,3399,-56.0
4266,4426,6.0
4267,1317,80.0
4267,1734,94.0
4267,2581,48.0
4267,3712,170.0
4267,3730,134.0
4267,3849,66.0
4267,4824,-172.0
4268,2390,122.0
4268,4484,-128.0
4268,4577,82.0
4269,659,-92.0
4269,1401,-98.0
4269,1585,-90.0
4269,1789,166.0
4269,2687,114.0
4269,2714,148.0
4269,3091,-4.0
4269,4518,40.0
4270,2021,-142.0
4271,719,110.0
4271,750,-46.0
4271,1414,196.0
4271,1855,122.0
4271,1987,44.0
4271,2979,-26.0
4271,3392,-198.0
4272,713,-4.0
4272,896,-56.0
4272,2223,-14.0
4272,4436,-40.0
4273,20,-194.0
4273,268,-58.0
4273,1172,166.0
4273,2470,46.0
4273,2540,-72.0
4273,3902,-112.0
4274,2200,156.0
4274,3832,-174.0
4274,4430,-164.0
4275,518,52.0
4275,775,46.0
4275,1675,-20.0
4275,1955,-16.0
4275,2631,-150.0
4275,4288,124.0
4275,4311,-158.0
4275,4600,-104.0
4275,4675,142.0
4275,4864,-164.0
4276,205,-62.0
4276,277,-16.0
4276,1976,-78.0
4276,4192,-140.0
4276,4235,126.0
4276,4452,2.0
4276,4748,160.0
4277,471,-72.0
4277,543,-50.0
4277,563,142.0
4277,2630,58.0
4277,3461,152.0
4277,4452,-12.0
4278,524,-36.0
4278,1177,42.0
4278,2058,-98.0
4278,2787,-88.0
4278,2911,46.0
4278,3476,18.0
4278,3848,-4.0
4279,548,110.0
4279,1070,-24.0
4279,2204,-58.0
4279,3464,62.0
4279,3738,70.0
4279,4016,-36.0
4279,4924,-182.0
4279,4943,-54.0
4280,1828,-94.0
4280,3695,-140.0
4281,1311,-148.0
4281,2129,174.0
4282,509,18.0
4282,563,-72.0
4282,1549,126.0
4282,2018,-130.0
4282,2959,118.0
4283,162,-156.0
4283,1852,-146.0
4283,1943,-138.0
4283,3516,168.0
4284,861,24.0
4284,3032,38.0
4284,3767,30.0
4284,4994,72.0
4285,286,-138.0
4285,644,120.0
4285,1326,180.0
4285,1394,0.0
4285,2820,-128.0
4285,3700,136.0
4286,77,-50.0
4286,1489,92.0
4286,1778,98.0
4287,2509,-122.0
4287,2645,96.0
4287,3080,142.0
4287,3294,128.0
4287,3790,-106.0
4287,4689,64.0
4288,453,54.0
4288,1147,-162.0
4288,2422,-178.0
4288,2796,-74.0
4288,3368,-140.0
4289,234,162.0
4289,1020,-200.0
4289,1822,50.0
4289,3549,-88.0
4290,86,112.0
4290,1635,10.0
4290,1911,-170.0
4290,1928,-176.0
4290,3150,-58.0
4290,4436,56.0
4291,1423,128.0
4291,1483,182.0
4291,1935,-48.0
4291,2455,-194.0
4292,3618,132.0
4292,3809,52.0
4292,4635,-120.0
4293,2634,136.0
4293,2888,172.0
4294,1892,-124.0
4294,2026,182.0
4294,2406,8.0
4294,2697,-76.0
4294,3325,-180.0
4294,3712,-48.0
4294,4721,-164.0
4295,18,-188.0
4295,769,-40.0
4295,1546,-110.0
4295,4501,82.0
4296,860,112.0
4296,2306,-84.0
4297,374,192.0
4297,4157,94.0
4298,92,18.0
4298,314,-106.0
4298,1424,76.0
4298,2179,50.0
4298,2857,24.0
4298,3651,34.0
4298,3898,80.0
4298,4207,20.0
4299,275,190.0
4299,381,92.0
4299,811,96.0
4299,1855,34.0
4299,2124,182.0
4299,2158,144.0
4299,2276,-158.0
4300,1174,36.0
4300,3092,132.0
4300,3178,162.0
4300,3258,36.0
4300,4903,118.0
4301,1109,-36.0
4301,1592,88.0
4301,2467,-66.0
4301,4006,178.0
4301,5000,62.0
4302,356,-16.0
4302,1324,144.0
4302,4873,162.0
4303,881,-160.0
4303,1026,-194.0
4303,1074,-106.0
4303,1413,150.0
4303,1543,42.0
4303,3090,26.0
4303,3606,-18.0
4304,102,-90.0
4304,1594,84.0
4304,2889,160.0
4305,1583,46.0
4305,2647,-156.0
4306,561,192.0
4306,2100,106.0
4306,2386,66.0
4306,3349,92.0
4307,218,102.0
4307,1740,108.0
4307,4687,134.0
4308,21,-64.0
4308,908,-64.0
4308,1349,-192.0
4308,2059,-112.0
4308,2643,14.0
4309,1531,114.0
4309,2384,32.0
4309,2394,-120.0
4309,2908,138.0
4309,4907,-4.0
4310,710,-152.0
4310,919,-172.0
4310,3848,106.0
4310,4086,-128.0
4310,4464,100.0
4310,4538,178.0
4310,4679,-184.0
4311,145,60.0
4311,191,94.0
4311,861,-44.0
4311,1679,-196.0
4311,2557,24.0
4311,2946,-168.0
4311,4381,-40.0
4312,290,-116.0
4312,417,-6.0
4312,2769,124.0
4312,3491,122.0
4312,4009,174.0
4312,4010,-172.0
4312,4900,56.0
4313,85,-58.0
4313,771,180.0
4313,1555,168.0
4313,1700,-164.0
4313,2067,-38.0
4313,3223,70.0
4313,3289,24.0
4313,3942,-164.0
4313,4698,-50.0
4314,1397,-82.0
4314,2503,54.0
4314,4371,24.0
4315,869,160.0
4315,2043,52.0
4315,2187,-26.0
4315,3402,198.0
4315,3812,158.0
4315,4458,176.0
4316,1685,136.0
4316,2741,98.0
4317,295,-22.0
4317,467,196.0
4317,517,-132.0
4317,2426,-112.0
4317,2995,174.0
4317,4295,-188.0
4318,443,120.0
4318,1945,-158.0
4318,2936,-142.0
4318,3290,186.0
4319,520,186.0
4319,1084,162.0
4319,2062,-18.0
4319,2685,-70.0
4319,3047,180.0
4319,3547,48.0
4319,3939,18.0
4319,4700,-198.0
4319,4733,-90.0
4320,1346,102.0
4320,2232,-146.0
4320,2958,-40.0
4321,267,-22.0
4321,379,-140.0
4321,1592,170.0
4321,3229,-194.0
4321,3971,36.0
4322,1856,-174.0
4322,2035,16.0
4322,2282,-174.0
4322,3668,10.0
4322,4097,-10.0
4322,4246,-94.0
4323,1835,58.0
4323,2009,114.0
4324,1746,-128.0
4324,2584,54.0
4324,2623,-14.0
4324,3896,-178.0
4324,4623,160.0
4324,4711,78.0
4324,4928,182.0
4325,557,180.0
4325,681,158.0
4325,1183,-146.0
4325,2100,18.0
4325,2137,-98.0
4325,2227,-6.0
4325,2318,-74.0
4325,3234,172.0
4326,581,2.0
4326,1552,-178.0
4326,2134,156.0
4326,4334,-60.0
4326,4759,54.0
4327,311,-146.0
4327,1534,-106.0
4327,1855,178.0
4327,2706,6.0
4327,3772,-174.0
4327,4744,-122.0
4328,1405,50.0
4328,3358,-192.0
4328,3910,-144.0
4328,4026,-52.0
4328,4492,-56.0
4329,2512,46.0
4329,3744,50.0
4329,4975,-126.0
4330,937,68.0
4330,2117,120.0
4330,3303,-116.0
4330,4198,-42.0
4330,4248,-96.0
4330,4497,150.0
4330,4994,-48.0
4331,1219,180.0
4331,1966,-148.0
4331,2820,40.0
4331,4098,-70.0
4331,4102,-104.0
4332,1392,86.0
4332,2957,-20.0
4332,3114,80.0
4332,3714,-126.0
4333,3802,30.0
4333,3877,50.0
4334,3402,164.0
4335,1800,-14.0
4335,3940,100.0
4335,4649,-164.0
4335,4931,-52.0
4336,2933,46.0
4336,4809,20.0
4336,4976,50.0
4337,1538,-80.0
4338,1565,174.0
4338,2945,-78.0
4338,3119,14.0
4338,4044,-10.0
4338,4748,-58.0
4339,2331,-100.0
4339,2365,-116.0
4339,4471,-174.0
4340,13,-74.0
4340,161,-138.0
4340,266,114.0
4341,582,176.0
4341,2206,-158.0
4341,2880,20.0
4341,3008,8.0
4341,3082,106.0
4341,3181,-162.0
4341,3597,-22.0
4341,4251,-42.0
4342,1626,-138.0
4342,2488,156.0
4342,4202,-120.0
4343,32,-36.0
4343,1556,86.0
4343,4046,184.0
4344,1535,156.0
4344,4923,176.0
4345,1228,64.0
4345,3225,162.0
4346,1059,-38.0
4346,1400,142.0
4346,2534,102.0
4346,4439,-192.0
4347,3339,94.0
4347,3924,48.0
4349,201,-16.0
4349,314,-170.0
4349,624,-174.0
4349,1855,-198.0
4349,2163,158.0
4349,4839,-20.0
4350,175,-168.0
4350,277,20.0
4350,465,92.0
4350,690,-186.0
4350,1444,-132.0
4350,1673,-170.0
4350,1808,108.0
4350,2200,-110.0
4350,3152,-132.0
4350,4291,-60.0
4351,990,92.0
4351,1309,120.0
4351,2022,-6.0
4351,2449,-46.0
4351,3517,-88.0
4351,4225,26.0
4352,1263,-88.0
4352,1664,52.0
4352,2390,50.0
4352,3450,-166.0
4352,4313,126.0
4353,701,-50.0
4353,3781,-18.0
4353,4511,30.0
4353,4907,-6.0
4354,208,132.0
4354,1226,158.0
4354,1780,-96.0
4354,3856,-6.0
4355,824,54.0
4355,884,-158.0
4355,1915,-12.0
4355,2401,146.0
4355,2677,56.0
4355,3040,144.0
4355,3092,-74.0
4355,3117,-176.0
4355,3823,-10.0
4355,3874,152.0
4355,4107,-20.0
4356,494,190.0
4356,1438,80.0
4356,3131,86.0
4356,4786,160.0
4356,4804,-200.0
4356,4926,-190.0
4357,442,112.0
4357,1419,-146.0
4357,1420,-140.0
4357,3465,-150.0
4357,4483,96.0
4358,1713,150.0
4358,1749,-72.0
4358,1940,18.0
4358,2463,-84.0
4358,2895,10.0
4358,3177,-46.0
4358,3802,130.0
4359,522,-144.0
4359,581,30.0
4359,798,2.0
4359,1944,36.0
4359,2901,182.0
4360,1895,-20.0
4361,1354,-124.0
4361,2178,162.0
4361,2576,134.0
4361,2865,-30.0
4361,3165,-62.0
4361,4866,140.0
4362,1512,-184.0
4362,3199,40.0
4362,3885,72.0
4363,514,22.0
4363,2415,78.0
4363,4205,110.0
4363,4823,-18.0
4364,190,-76.0
4364,1703,-112.0
4364,2986,-92.0
4364,4142,144.0
4365,280,-48.0
4365,282,188.0
4365,713,-98.0
4365,1543,134.0
4365,2728,-192.0
4365,3461,-2.0
4366,721,-102.0
4366,725,164.0
4366,1714,164.0
4366,1852,86.0
4366,2812,-166.0
4366,2936,130.0
4367,88,-154.0
4367,522,110.0
4367,879,-172.0
4367,966,-2.0
4367,1172,-184.0
4367,1297,54.0
4367,2107,74.0
4367,4660,-40.0
4368,563,140.0
4368,1850,98.0
4368,2266,140.0
4368,2732,92.0
4368,3257,92.0
4369,442,186.0
4369,1326,-184.0
4369,2684,-112.0
4369,4271,176.0
4370,1367,124.0
4370,2628,70.0
4370,2865,28.0
4370,4762,82.0
4370,4953,42.0
4371,1002,-152.0
4371,1247,168.0
4371,2737,-116.0
4371,2955,-128.0
4371,3057,82.0
4371,3498,-154.0
4371,3917,-64.0
4371,3994,-68.0
4371,4056,114.0
4371,4067,156.0
4372,1133,-88.0
4372,1178,136.0
4372,1741,-188.0
4372,1956,-144.0
4372,2001,-144.0
4372,4399,24.0
4373,404,198.0
4373,541,44.0
4373,4379,-22.0
4374,520,-198.0
4374,2260,-22.0
4374,2355,88.0
4374,3346,-24.0
4374,3765,-32.0
4374,3849,-10.0
4374,4742,-178.0
4375,255,26.0
4375,2572,-16.0
4375,3051,34.0
4375,3170,104.0
4375,3519,-188.0
4375,3783,-132.0
4376,900,60.0
4377,136,-30.0
4377,1333,20.0
4377,1630,-74.0
4377,3420,68.0
4377,3639,72.0
4377,3882,-62.0
4377,4073,-180.0
4377,4684,-130.0
4378,3682,-86.0
4378,4004,-48.0
4378,4406,-20.0
4378,4981,-128.0
4379,479,-8.0
4379,1101,20.0
4379,1345,66.0
4379,2890,38.0
4379,3229,-52.0
4379,3860,132.0
4379,4295,-154.0
4379,4689,64.0
4380,401,-128.0
4380,784,132.0
4380,3624,-54.0
4380,3779,22.0
4381,1942,166.0
4381,2509,188.0
4381,2587,-34.0
4381,3165,94.0
4381,3178,-32.0
4381,4660,124.0
4382,73,-90.0
4382,990,-18.0
4382,2839,-60.0
4383,2290,-16.0
4383,2293,-30.0
4383,2829,168.0
4383,3882,-32.0
4384,1371,96.0
4384,4544,44.0
4384,4935,156.0
4384,4943,-68.0
4385,318,72.0
4385,1739,-58.0
4385,2621,96.0
4385,4130,-148.0
4386,928,38.0
4386,2204,-160.0
4386,2391,152.0
4386,2579,24.0
4387,555,38.0
4387,1548,42.0
4387,4972,-82.0
4388,105,-178.0
4388,720,170.0
4388,2549,158.0
4388,4286,-94.0
4389,237,-174.0
4389,1640,-40.0
4389,2399,-64.0
4389,2472,-38.0
4389,2477,6.0
4389,4532,-6.0
4390,71,74.0
4390,1546,166.0
4390,1952,4.0
4390,2861,136.0
4391,364,-142.0
4391,480,60.0
4391,1048,88.0
4391,2246,162.0
4391,2516,-30.0
4392,705,198.0
4392,1407,-80.0
4392,2922,96.0
4393,1128,-16.0
4393,1606,-110.0
4393,3066,196.0
4395,60,-42.0
4395,2430,152.0
4395,2853,-154.0
4396,919,-26.0
4396,1365,18.0
4396,4926,-72.0
4397,237,-106.0
4397,241,-12.0
4397,3393,30.0
4397,3663,-50.0
4398,242,82.0
4398,2010,-174.0
4398,2949,-84.0
4398,3755,-164.0
4398,4417,176.0
4399,12,92.0
4399,2323,160.0
4399,3196,-74.0
4399,4655,116.0
4400,182,-36.0
4400,1129,78.0
4400,1621,-32.0
4400,2105,156.0
4401,1354,154.0
4401,2928,78.0
4401,3358,-184.0
4402,494,118.0
4402,3212,128.0
4403,603,-96.0
4403,992,168.0
4403,4345,-14.0
4403,4359,104.0
4403,4427,168.0
4403,4714,64.0
4404,261,136.0
4404,1631,176.0
4404,2210,-26.0
4404,4302,192.0
4404,4401,-52.0
4404,4667,60.0
4405,1370,40.0
4406,554,168.0
4406,1566,90.0
4406,3093,-68.0
4407,132,-92.0
4407,152,92.0
4407,345,34.0
4407,1790,-8.0
4407,2500,-98.0
4407,2513,-98.0
4408,1778,62.0
4408,2110,-10.0
4408,2352,-150.0
4409,86,178.0
4409,353,-160.0
4409,1905,-120.0
4409,2170,-24.0
4409,4399,104.0
4409,4750,194.0
4410,681,-16.0
4410,1418,-46.0
4410,1477,-188.0
4410,1888,14.0
4410,2264,-74.0
4410,3469,96.0
4410,3607,198.0
4410,4080,120.0
4411,3821,-160.0
4411,4279,-50.0
4412,1988,-136.0
4412,2208,60.0
4412,3152,158.0
4412,4090,96.0
4413,530,154.0
4413,2072,-180.0
4413,2630,-196.0
4413,3853,-106.0
4413,4641,160.0
4413,4886,78.0
4414,1076,-132.0
4414,2180,90.0
4414,2905,150.0
4414,3216,-106.0
4414,3458,-78.0
4415,2123,-126.0
4415,4427,84.0
4416,1359,-166.0
4416,1965,68.0
4416,4133,-30.0
4416,4373,150.0
4417,117,170.0
4417,1565,30.0
4417,3160,-146.0
4417,4791,-94.0
4418,2198,-62.0
4419,1349,174.0
4419,2408,-104.0
4419,4112,136.0
4419,4250,112.0
4419,4524,-152.0
4420,424,168.0
4420,3225,62.0
4420,3687,126.0
4421,1508,16.0
4421,3675,188.0
4421,4257,196.0
4421,4695,2.0
4422,538,60.0
4422,3177,38.0
4423,316,-182.0
4423,961,178.0
4423,1852,-68.0
4423,2899,-124.0
4423,4144,-4.0
4423,4756,50.0
4423,4951,174.0
4424,666,74.0
4424,952,170.0
4424,4782,-112.0
4425,469,88.0
4425,2526,158.0
4425,3225,-60.0
4425,3960,94.0
4425,4054,40.0
4426,873,-18.0
4426,2988,-134.0
4426,3314,12.0
4426,3320,44.0
4427,642,120.0
4427,1401,-10.0
4427,1511,144.0
4427,2086,166.0
4427,2132,108.0
4427,3035,4.0
4427,3261,-20.0
4428,4,-70.0
4428,3344,130.0
4429,107,-74.0
4429,175,-44.0
4429,1144,-102.0
4429,2286,92.0
4429,3744,56.0
4429,3994,-70.0
4429,4486,70.0
4430,3,-148.0
4430,87,-38.0
4430,1686,-4.0
4430,3011,44.0
4430,3069,108.0
4431,73,-22.0
4431,107,-102.0
4431,341,84.0
4431,4691,58.0
4432,1002,142.0
4432,1538,58.0
4432,1720,-182.0
4432,2362,96.0
4432,3288,-180.0
4432,3931,68.0
4432,4627,-186.0
4433,615,32.0
4433,1097,66.0
4433,3844,-146.0
4433,4827,-20.0
4434,1120,-160.0
4434,1725,106.0
4434,1748,24.0
4434,2055,-160.0
4434,4233,-136.0
4434,4576,120.0
4435,1512,-82.0
4435,3430,154.0
4435,3782,78.0
4435,4360,52.0
4436,294,168.0
4436,1062,-66.0
4436,1870,-140.0
4436,1879,-108.0
4436,1955,194.0
4436,2176,-118.0
4436,2620,98.0
4436,3418,-16.0
4436,4188,-2.0
4436,4420,178.0
4437,3170,-140.0
4438,249,16.0
4438,2430,180.0
4439,4258,-40.0
4440,1023,-20.0
4440,1208,-2.0
4440,3573,196.0
4440,3981,98.0
4440,4010,122.0
4440,4176,-102.0
4441,834,166.0
4441,2165,66.0
4441,2432,198.0
4441,3875,-10.0
4441,4535,80.0
4442,2094,-30.0
4442,4613,-50.0
4443,483,70.0
4443,1834,146.0
4443,1878,-24.0
4443,2163,18.0
4443,2513,-152.0
4443,4047,-52.0
4444,1408,-36.0
4444,3235,62.0
4444,3307,-62.0
4444,3332,26.0
4444,3959,-16.0
4444,4626,-176.0
4445,414,34.0
4445,1137,56.0
4445,1873,120.0
4445,2949,96.0
4445,4059,-164.0
4445,4404,-190.0
4446,786,-146.0
4446,2757,158.0
4447,324,104.0
4447,559,54.0
4447,715,-130.0
4447,923,-76.0
4447,1713,-4.0
4447,2837,-104.0
4447,2918,-96.0
4447,4423,110.0
4448,1182,90.0
4448,3205,82.0
4448,3367,-118.0
4449,1694,20.0
4449,3372,56.0
4450,816,-42.0
4450,4908,-146.0
4451,3492,94.0
4451,4336,188.0
4452,1185,-182.0
4452,3164,-22.0
4452,3888,88.0
4452,4179,124.0
4452,4262,132.0
4452,4384,-80.0
4452,4615,80.0
4453,560,-30.0
4453,2040,182.0
4453,4425,76.0
4453,4645,88.0
4453,4906,14.0
4454,491,-36.0
4454,1441,-66.0
4454,1550,88.0
4454,3286,-98.0
4454,3567,-108.0
4455,747,6.0
4455,1996,148.0
4455,2106,-90.0
4455,2444,-172.0
4455,3449,-138.0
4455,4883,192.0
4456,805,84.0
4456,1008,-180.0
4456,1978,138.0
4456,2446,108.0
4456,3702,-168.0
4456,3767,168.0
4456,4771,86.0
4457,102,68.0
4457,333,54.0
4457,849,158.0
4457,2243,102.0
4457,2539,98.0
4457,4367,-174.0
4458,1107,120.0
4458,3004,-188.0
4458,3705,100.0
4459,2470,-148.0
4459,2700,-182.0
4459,4076,-84.0
4459,4723,-116.0
4460,906,0.0
4460,1340,-86.0
4460,3310,168.0
4460,3691,58.0
4460,4147,-124.0
4460,4777,-172.0
4461,79,74.0
4461,1498,-76.0
4461,2043,-196.0
4461,2655,198.0
4461,3707,-134.0
4462,3094,98.0
4463,1306,130.0
4463,1898,16.0
4463,1951,-68.0
4463,3025,-138.0
4463,4820,-110.0
4464,241,-174.0
4464,1962,60.0
4464,3939,-8.0
4464,4179,-124.0
4464,4226,-64.0
4465,1058,126.0
4465,1535,-106.0
4465,3257,16.0
4465,3800,50.0
4466,3719,-8.0
4466,3769,20.0
4466,3907,-148.0
4467,198,-86.0
4467,630,184.0
4467,4401,124.0
4467,4697,158.0
4468,677,128.0
4468,1431,-10.0
4469,2911,14.0
4469,4397,0.0
4469,4854,196.0
4469,4926,-166.0
4470,1666,38.0
4470,3393,-22.0
4470,3481,4.0
4471,727,-82.0
4471,3455,-168.0
4471,3783,-104.0
4471,4844,-198.0
4471,4906,156.0
4472,51,66.0
4472,248,-80.0
4472,1517,-58.0
4472,2141,-50.0
4472,3394,-180.0
4472,4345,-146.0
4473,178,146.0
4473,975,136.0
4473,2557,-52.0
4473,2897,186.0
4473,3131,142.0
4473,3675,-80.0
4473,4216,-28.0
4474,100,-54.0
4474,187,-18.0
4474,238,-60.0
4474,672,-42.0
4474,2769,-52.0
4474,4280,-172.0
4475,1144,170.0
4475,2078,150.0
4475,2501,172.0
4475,3063,-52.0
4475,3423,-90.0
4475,3582,92.0
4475,3676,194.0
4476,855,166.0
4477,756,-126.0
4477,989,-126.0
4477,1501,-154.0
4477,2165,160.0
4477,2226,-154.0
4477,3152,16.0
4478,240,124.0
4478,1218,18.0
4478,2037,198.0
4478,2840,194.0
4478,3142,0.0
4478,3996,2.0
4478,4633,-8.0
4479,1104,-150.0
4479,1421,-56.0
4479,1913,-2.0
4479,4043,-106.0
4479,4331,110.0
4479,4336,90.0
4479,4760,-86.0
4480,2328,188.0
4480,3094,112.0
4480,3335,8.0
4480,4150,80.0
4480,4251,48.0
4480,4340,-180.0
4481,360,30.0
4481,757,56.0
4481,3295,-196.0
4481,3631,42.0
4481,4390,-86.0
4482,985,-128.0
4482,1409,-42.0
4482,3422,180.0
4482,4798,6.0
4482,4857,4.0
4483,1679,-178.0
4483,1740,-84.0
4483,1802,-124.0
4483,2000,46.0
4483,2550,-132.0
4483,2840,-120.0
4483,3788,-26.0
4483,3962,-102.0
4483,4345,-14.0
4483,4468,140.0
4484,102,156.0
4484,1703,96.0
4484,4830,-122.0
4485,3113,-56.0
4485,3322,196.0
4485,3450,10.0
4485,3811,0.0
4486,638,108.0
4486,1751,-74.0
4486,4268,-54.0
4486,4325,160.0
4486,4590,-160.0
4486,4731,158.0
4486,4882,-176.0
4487,1046,62.0
4487,2401,60.0
4487,3568,-186.0
4488,187,-134.0
4488,1060,-50.0
4488,1428,52.0
4488,2001,78.0
4488,2945,134.0
4488,3292,184.0
4488,3309,-72.0
4488,3839,98.0
4488,4061,6.0
4488,4964,188.0
4489,2782,-188.0
4489,3241,144.0
4489,3535,24.0
4489,3845,-30.0
4489,4197,70.0
4489,4901,-2.0
4490,2100,8.0
4490,2507,-194.0
4491,82,50.0
4491,2220,78.0
4491,2241,196.0
4491,2259,-6.0
4491,4000,-132.0
4492,413,88.0
4492,532,-58.0
4492,1689,126.0
4492,1738,-44.0
4492,1784,-188.0
4492,1994,-182.0
4492,3981,136.0
4492,4259,-38.0
4493,493,-134.0
4493,2334,2.0
4493,2454,184.0
4493,3147,-54.0
4493,3338,122.0
4493,3559,144.0
4493,4456,180.0
4493,4637,-34.0
4493,4716,-54.0
4494,327,86.0
4494,754,-168.0
4494,1239,-56.0
4494,1548,-152.0
4494,2357,-74.0
4494,3562,-54.0
4494,4118,98.0
4494,4593,-148.0
4495,301,144.0
4495,354,-200.0
4495,531,142.0
4495,1197,-34.0
4495,1702,124.0
4495,2686,52.0
4495,3490,-172.0
4495,3939,50.0
4495,4267,98.0
4495,4514,-130.0
4495,4542,14.0
4495,4843,122.0
4496,3779,4.0
4497,69,178.0
4497,551,190.0
4497,601,-54.0
4497,1974,-86.0
4498,601,2.0
4498,1834,54.0
4498,2071,-170.0
4498,2072,-56.0
4499,1542,-110.0
4499,1949,-158.0
4499,3254,-84.0
4499,3480,196.0
4500,409,74.0
4500,1959,-132.0
4500,2205,84.0
4500,2412,194.0
4500,2917,92.0
4500,3288,-82.0
4500,4035,-52.0
4501,23,112.0
4501,384,132.0
4501,1873,-4.0
4501,2884,6.0
4501,3487,-44.0
4501,4967,16.0
4502,590,-90.0
4502,2040,122.0
4502,2366,108.0
4502,4192,-28.0
4502,4423,-176.0
4502,4590,-184.0
4503,2841,-94.0
4503,3767,108.0
4504,876,104.0
4504,913,-158.0
4504,1694,46.0
4504,3428,42.0
4504,3755,-174.0
4505,1426,140.0
4505,2158,-122.0
4505,2748,-164.0
4505,3567,-130.0
4506,1436,198.0
4506,1766,-118.0
4506,1818,-154.0
4506,2670,170.0
4506,3475,180.0
4507,2013,-174.0
4507,3152,162.0
4507,4653,52.0
4507,4877,160.0
4507,4993,78.0
4508,70,46.0
4508,165,-182.0
4508,672,-166.0
4508,1456,-8.0
4508,1941,-46.0
4508,2125,-122.0
4508,2306,116.0
4508,2775,-142.0
4508,4614,-140.0
4508,4678,-2.0
4509,130,56.0
4509,342,-164.0
4509,3406,58.0
4509,3876,-190.0
4509,4054,-150.0
4509,4459,174.0
4509,4521,152.0
4510,1760,26.0
4510,4635,148.0
4511,621,112.0
4511,3499,32.0
4511,3898,-50.0
4511,4547,148.0
4511,4699,-178.0
4511,4741,-126.0
4512,44,-14.0
4512,59,-144.0
4512,1241,70.0
4512,2769,-122.0
4512,3744,-196.0
4512,4343,164.0
4512,4990,-134.0
4513,1094,52.0
4513,1147,-164.0
4513,1292,-32.0
4513,3199,-80.0
4513,3444,-170.0
4514,98,-136.0
4514,683,-172.0
4515,110,-174.0
4515,122,-90.0
4515,436,142.0
4515,553,-48.0
4515,1189,102.0
4515,2858,-156.0
4515,3342,-102.0
4516,349,20.0
4516,1530,198.0
4516,2259,188.0
4516,2307,-192.0
4516,3225,172.0
4517,29,-86.0
4517,469,46.0
4517,1487,182.0
4517,3718,-28.0
4517,3863,-60.0
4517,4306,-4.0
4517,4695,124.0
4517,4847,-108.0
4518,166,-70.0
4518,742,128.0
4518,1888,-10.0
4518,2317,182.0
4518,4866,132.0
4519,43,8.0
4519,3484,-62.0
4521,2885,-96.0
4521,3391,82.0
4522,565,108.0
4522,804,-90.0
4522,1082,170.0
4522,1924,-192.0
4522,2387,28.0
4522,2775,-186.0
4522,3144,24.0
4522,3400,-124.0
4523,389,-200.0
4523,1354,-118.0
4523,1976,184.0
4523,3963,-170.0
4523,4098,-148.0
4523,4250,68.0
4523,4384,10.0
4523,4408,44.0
4524,2588,-42.0
4524,4289,76.0
4524,4814,-172.0
4524,4985,-94.0
4525,615,56.0
4525,1217,198.0
4525,1568,-12.0
4525,1726,-2.0
4525,1768,16.0
4525,2608,144.0
4525,3134,26.0
4525,4916,-52.0
4526,1805,-178.0
4526,2231,-20.0
4526,4294,-158.0
4526,4396,-72.0
4527,212,34.0
4527,1068,50.0
4527,1216,124.0
4527,2252,-152.0
4527,3464,-74.0
4527,3558,164.0
4527,4160,-132.0
4528,779,74.0
4528,1365,156.0
4528,1778,-120.0
4528,2866,-190.0
4528,2924,-186.0
4528,4502,-54.0
4529,550,104.0
4529,4672,-86.0
4529,4769,-92.0
4530,26,168.0
4530,266,74.0
4530,358,78.0
4530,577,-54.0
4530,2733,122.0
4530,2974,110.0
4530,4842,-16.0
4531,2276,120.0
4531,2558,168.0
4531,2705,-102.0
4531,3996,78.0
4531,4247,40.0
4531,4486,-84.0
4532,459,188.0
4532,2129,106.0
4533,1703,118.0
4534,720,-154.0
4534,2088,-58.0
4534,2390,-132.0
4534,3029,-30.0
4534,3093,100.0
4534,4159,192.0
4535,466,-38.0
4535,2656,-70.0
4535,3226,-44.0
4535,4191,130.0
4536,1251,-20.0
4536,4388,178.0
4536,4656,184.0
4537,2027,-34.0
4537,3073,18.0
4537,3489,178.0
4537,3506,-124.0
4538,332,-188.0
4538,3561,-192.0
4538,3579,-26.0
4538,3779,-108.0
4538,3806,10.0
4539,2018,-78.0
4539,2141,140.0
4539,2657,-64.0
4539,3433,-96.0
4539,4002,102.0
4539,4373,-148.0
4540,578,176.0
4540,2570,-168.0
4540,3458,140.0
4540,4314,-56.0
4540,4439,-66.0
4541,1156,-78.0
4541,1684,96.0
4542,383,-32.0
4542,3249,-38.0
4542,3773,82.0
4542,4078,96.0
4543,1150,74.0
4543,2898,154.0
4543,3830,-184.0
4543,3866,170.0
4543,3924,-154.0
4543,3993,-56.0
4543,4456,24.0
4543,4487,76.0
4543,4519,-166.0
4544,421,-60.0
4544,809,14.0
4544,2273,-84.0
4544,2282,80.0
4544,3066,-62.0
4544,4040,56.0
4544,4198,-90.0
4545,150,-118.0
4545,1783,-6.0
4545,3256,-28.0
4545,3269,-42.0
4546,1007,-190.0
4546,1272,-180.0
4546,1541,-106.0
4546,1786,14.0
4546,3379,126.0
4546,4334,-74.0
4547,604,124.0
4547,2557,76.0
4547,3131,-82.0
4548,2015,-152.0
4548,4029,196.0
4548,4077,-4.0
4549,965,68.0
4549,1433,-42.0
4549,1558,-138.0
4549,1679,42.0
4549,2462,-48.0
4549,4914,50.0
4550,866,-132.0
4550,1250,-82.0
4550,1659,158.0
4550,1820,42.0
4550,2303,-150.0
4550,2333,2.0
4550,2893,192.0
4550,3735,176.0
4551,165,-86.0
4551,460,-176.0
4551,1144,-88.0
4551,2007,94.0
4551,3780,148.0
4551,4252,-52.0
4552,473,62.0
4552,1499,-140.0
4552,1754,-156.0
4552,2195,132.0
4552,2549,182.0
4552,3634,-64.0
4553,987,-44.0
4553,2752,0.0
4553,2783,24.0
4553,3615,168.0
4553,4107,-158.0
4554,1383,-114.0
4554,1402,-132.0
4554,4258,76.0
4555,1801,144.0
4555,2593,74.0
4555,4841,-14.0
4556,151,116.0
4556,356,-58.0
4556,413,118.0
4556,1261,26.0
4556,1670,108.0
4556,1805,8.0
4556,2079,102.0
4556,2813,-24.0
4556,4223,60.0
4557,2,188.0
4557,2485,-42.0
4557,2547,126.0
4558,111,-58.0
4558,920,62.0
4558,1043,-72.0
4558,4148,60.0
4558,4756,128.0
4559,1090,-186.0
4559,1825,162.0
4559,1969,-16.0
4559,2596,0.0
4559,3120,-164.0
4559,3555,2.0
4560,156,-14.0
4560,172,-60.0
4560,390,56.0
4560,2245,-12.0
4560,2763,162.0
4560,3606,-56.0
4560,4019,128.0
4560,4391,-68.0
4561,153,160.0
4561,684,120.0
4561,3117,-144.0
4561,3119,-98.0
4561,3427,-166.0
4561,3612,48.0
4562,30,146.0
4562,280,-38.0
4562,761,-138.0
4562,3573,-92.0
4562,3745,-190.0
4563,735,4.0
4563,1118,-86.0
4563,1140,-98.0
4563,2591,-56.0
4564,2909,-120.0
4564,3051,-178.0
4564,3448,-198.0
4564,3593,158.0
4564,3928,-96.0
4565,2540,150.0
4565,2589,-18.0
4565,3434,-54.0
4565,4781,76.0
4566,1281,-140.0
4566,3855,92.0
4566,4093,-10.0
4567,877,32.0
4567,1392,-196.0
4567,2865,52.0
4567,3304,-66.0
4567,3453,126.0
4567,3742,-112.0
4568,2235,-104.0
4568,2620,-158.0
4568,3845,-16.0
4568,4078,150.0
4568,4833,112.0
4569,1189,94.0
4569,1295,14.0
4569,1295,-192.0
4569,2595,146.0
4569,3108,24.0
4570,519,-66.0
4570,2414,-56.0
4570,2793,-198.0
4570,3638,132.0
4571,694,154.0
4571,1339,114.0
4571,2079,-4.0
4571,2416,56.0
4571,4251,-20.0
4571,4290,-176.0
4571,4538,126.0
4571,4841,-10.0
4572,102,152.0
4572,1981,-156.0
4572,2844,-16.0
4572,4453,22.0
4572,4481,192.0
4572,4539,88.0
4572,4691,-156.0
4573,1725,126.0
4573,2120,132.0
4573,3274,120.0
4573,3544,174.0
4573,4394,56.0
4574,1151,12.0
4574,3104,-146.0
4574,3405,-82.0
4575,683,-28.0
4575,1822,-126.0
4575,1841,62.0
4575,4578,182.0
4575,4980,-102.0
4576,593,-72.0
4576,2586,-28.0
4576,3669,-32.0
4577,108,-78.0
4577,218,-58.0
4577,275,2.0
4577,2525,-188.0
4577,2699,-104.0
4577,3315,-10.0
4577,3899,144.0
4577,3902,104.0
4577,4495,-82.0
4577,4729,66.0
4577,4791,-106.0
4577,4859,78.0
4578,167,86.0
4578,234,130.0
4578,3947,-108.0
4579,347,-20.0
4579,1198,42.0
4579,1909,-68.0
4579,2200,-124.0
4579,2231,-162.0
4579,2415,140.0
4579,4105,120.0
4579,4366,-24.0
4579,4384,166.0
4579,4633,80.0
4580,1196,74.0
4580,3245,132.0
4580,3315,46.0
4580,4184,130.0
4581,35,130.0
4581,203,-78.0
4582,2057,-50.0
4582,2804,80.0
4582,2944,30.0
4582,3236,80.0
4582,4746,-186.0
4583,947,18.0
4583,1023,152.0
4583,3943,190.0
4584,19,70.0
4584,1447,176.0
4584,2083,-160.0
4584,2608,-70.0
4584,4121,-4.0
4584,4605,190.0
4584,4746,-10.0
4585,14,172.0
4585,1810,-82.0
4585,3212,-138.0
4585,3991,30.0
4586,160,-88.0
4586,749,26.0
4586,759,56.0
4586,1057,126.0
4586,1223,-152.0
4586,4483,-194.0
4587,446,96.0
4587,893,-38.0
4587,1576,-14.0
4587,2585,78.0
4588,898,10.0
4588,1579,-32.0
4588,2276,164.0
4588,3501,-146.0
4588,4072,-152.0
4589,1681,8.0
4589,2672,-84.0
4589,3994,182.0
4589,4814,-146.0
4589,4849,-188.0
4590,93,12.0
4590,661,-68.0
4590,1911,-36.0
4590,4070,24.0
4591,242,-4.0
4591,1123,-6.0
4591,1680,70.0
4591,2645,20.0
4591,3362,14.0
4591,3990,40.0
4592,3081,-156.0
4592,3229,-4.0
4592,4201,-152.0
4593,1599,-154.0
4593,2133,-192.0
4593,2161,102.0
4593,4789,-170.0
4594,1564,-176.0
4594,2429,108.0
4594,3481,10.0
4594,3772,124.0
4594,3830,-18.0
4595,291,-186.0
4595,2867,-172.0
4595,2915,136.0
4596,44,-106.0
4596,1677,140.0
4596,4237,146.0
4596,4420,-62.0
4597,3398,168.0
4597,4704,84.0
4598,21,-112.0
4598,952,-74.0
4598,979,-96.0
4598,2364,-40.0
4599,422,-156.0
4599,630,76.0
4599,1400,-188.0
4599,2539,-196.0
4599,4401,-70.0
4600,110,-66.0
4600,1013,58.0
4600,2839,154.0
4600,3218,-162.0
4600,3394,30.0
4600,4493,-6.0
4601,1605,-46.0
4601,1890,172.0
4601,3583,-88.0
4602,2261,-174.0
4602,2476,-138.0
4603,448,50.0
4603,2819,-24.0
4603,3837,136.0
4603,4545,-6.0
4604,469,-86.0
4604,757,-146.0
4604,1806,136.0
4604,2693,-80.0
4604,4304,14.0
4605,390,-118.0
4605,3577,-68.0
4605,4508,190.0
4605,4648,22.0
4606,497,-18.0
4606,2137,-64.0
4606,4167,-188.0
4606,4260,12.0
4607,2593,-42.0
4607,2791,-112.0
4607,3111,-100.0
4607,3766,130.0
4607,3861,142.0
4608,514,-90.0
4608,1972,-46.0
4608,2781,-66.0
4609,2973,-192.0
4610,2280,192.0
4610,3613,106.0
4611,293,-82.0
4611,3597,40.0
4611,4634,-178.0
4612,1007,10.0
4612,1863,-114.0
4612,2802,-130.0
4612,3302,142.0
4612,3679,-152.0
4612,4131,70.0
4612,4440,126.0
4612,4542,-8.0
4613,1209,86.0
4613,4814,-6.0
4614,676,-200.0
4614,2729,-70.0
4614,4028,4.0
4614,4134,-84.0
4614,4546,38.0
4614,4721,-24.0
4615,2028,22.0
4615,2092,182.0
4615,4582,116.0
4615,4688,192.0
4616,371,-156.0
4616,431,46.0
4616,4462,-188.0
4616,4483,-104.0
4616,4892,-118.0
4617,153,26.0
4617,2417,-62.0
4617,3081,102.0
4617,3850,-128.0
4617,4221,10.0
4617,4320,-22.0
4618,1193,44.0
4618,2381,-172.0
4618,3686,-98.0
4618,4877,26.0
4619,395,-136.0
4619,420,144.0
4619,848,80.0
4619,3003,-140.0
4620,1385,-144.0
4620,1612,-134.0
4620,2455,150.0
4620,4271,-194.0
4620,4888,-100.0
4621,99,94.0
4621,333,64.0
4621,704,154.0
4621,1121,-128.0
4621,1382,168.0
4621,1480,12.0
4621,3139,64.0
4622,667,-180.0
4622,1134,188.0
4622,2498,144.0
4622,4054,138.0
4622,4407,32.0
4622,4666,116.0
4623,3830,176.0
4623,4736,24.0
4624,2332,-152.0
4624,2387,-34.0
4624,3144,82.0
4624,3482,-20.0
4624,3586,-54.0
4625,110,168.0
4625,127,-2.0
4625,806,156.0
4625,1202,50.0
4625,3638,166.0
4625,4306,166.0
4626,1456,114.0
4626,3287,122.0
4626,4729,116.0
4627,77,114.0
4627,656,182.0
4627,1052,182.0
4627,1219,74.0
4627,2403,-198.0
4627,3244,-18.0
4627,4730,-130.0
4628,756,-124.0
4628,790,-64.0
4628,1939,-36.0
4628,2627,34.0
4628,3161,-70.0
4629,975,-60.0
4629,1309,-136.0
4629,1311,14.0
4629,1600,146.0
4629,1848,84.0
4629,2261,-22.0
4629,3332,-64.0
4629,3751,196.0
4630,2052,90.0
4631,1578,16.0
4631,1960,142.0
4631,2041,-150.0
4631,2669,-192.0
4631,3874,-184.0
4632,780,70.0
4632,2678,52.0
4632,3736,112.0
4632,4021,-50.0
4633,2188,30.0
4633,2511,148.0
4634,343,166.0
4634,377,-198.0
4634,1269,0.0
4634,3179,8.0
4635,2642,120.0
4635,3380,60.0
4635,3413,144.0
4636,210,44.0
4636,512,-178.0
4636,592,14.0
4636,3015,142.0
4637,167,166.0
4637,212,-160.0
4637,1579,124.0
4637,2581,192.0
4638,1197,170.0
4638,1393,-66.0
4638,2954,-130.0
4638,2979,170.0
4638,3505,154.0
4638,4939,98.0
4638,4963,-58.0
4639,85,-166.0
4641,1528,-10.0
4642,656,6.0
4642,2727,-118.0
4642,2826,-164.0
4643,83,110.0
4643,1172,-108.0
4643,1563,-166.0
4643,1707,-192.0
4643,1810,-196.0
4643,2195,22.0
4643,2793,-124.0
4643,3861,-16.0
4643,4290,90.0
4644,197,80.0
4644,377,-142.0
4644,402,28.0
4644,1659,-24.0
4645,167,-164.0
4645,1944,-38.0
4645,3907,72.0
4645,3983,-172.0
4645,4560,-58.0
4646,36,-80.0
4646,538,-26.0
4647,363,-142.0
4647,1617,162.0
4647,2525,-170.0
4647,3587,-6.0
4648,20,-78.0
4648,948,0.0
4648,2935,-152.0
4648,3040,158.0
4648,3367,10.0
4648,3615,-130.0
4649,523,-10.0
4649,788,-30.0
4649,2166,54.0
4649,3465,-2.0
4649,4140,104.0
4649,4261,-100.0
4650,674,-66.0
4650,1381,-74.0
4650,1510,-94.0
4650,1595,-160.0
4650,2295,12.0
4650,2648,-140.0
4650,4881,-122.0
4651,1040,-144.0
4651,1346,-130.0
4651,2309,-132.0
4651,2660,0.0
4651,2888,136.0
4651,3720,178.0
4652,1799,134.0
4652,2534,186.0
4652,3628,170.0
4652,4254,-126.0
4653,625,-88.0
4653,2926,-112.0
4653,3251,-46.0
4653,3730,36.0
4653,4240,150.0
4653,4772,-104.0
4653,4797,-36.0
4654,1094,86.0
4654,1275,102.0
4655,215,-168.0
4655,532,-158.0
4655,1948,-58.0
4655,1974,74.0
4655,2308,38.0
4655,2795,158.0
4655,3368,-104.0
4655,3748,22.0
4655,4359,-14.0
4656,1013,38.0
4656,1891,-192.0
4656,2623,-102.0
4656,2730,-106.0
4656,3961,-120.0
4656,4373,-98.0
4656,4458,64.0
4657,319,88.0
4657,1130,104.0
4657,1733,-40.0
4657,2358,138.0
4657,2386,-134.0
4657,2436,12.0
4658,1511,148.0
4658,2024,-16.0
4658,2653,162.0
4658,3464,86.0
4658,4735,-50.0
4659,97,-56.0
4659,951,6.0
4659,982,134.0
4659,2341,-150.0
4659,3095,154.0
4659,4815,-72.0
4660,1445,-178.0
4660,3957,152.0
4660,3964,152.0
4661,1010,94.0
4661,2199,-88.0
4661,2287,66.0
4661,4778,-96.0
4661,4902,188.0
4662,837,4.0
4662,1251,110.0
4662,1328,-42.0
4662,2895,-10.0
4662,2946,-118.0
4662,4546,102.0
4662,4783,72.0
4662,4921,20.0
4663,2498,68.0
4663,3632,-166.0
4663,4673,82.0
4664,98,-32.0
4664,908,90.0
4664,2683,-170.0
4664,3217,-98.0
4665,1017,-116.0
4665,1104,96.0
4665,1107,-142.0
4665,2740,-64.0
4665,2949,160.0
4665,3595,-150.0
4666,728,-104.0
4666,1069,-24.0
4666,1430,-96.0
4666,2225,-16.0
4666,3165,-54.0
4666,4030,-148.0
4667,1727,-168.0
4667,2479,-46.0
4667,2708,-164.0
4667,3941,-184.0
4669,1241,-200.0
4669,1312,124.0
4669,4804,-182.0
4670,480,-74.0
4670,528,-130.0
4670,1303,170.0
4670,1706,148.0
4670,1920,-56.0
4670,4666,-4.0
4671,1,156.0
4671,1383,140.0
4671,1400,96.0
4671,1651,-94.0
4671,2158,176.0
4671,2490,-132.0
4671,2543,128.0
4671,2740,-98.0
4671,3433,-170.0
4672,1584,-168.0
4672,2276,92.0
4672,4227,144.0
4673,1552,134.0
4674,1469,72.0
4674,2746,-16.0
4674,3293,174.0
4674,4920,-34.0
4675,946,132.0
4675,2130,86.0
4675,2429,16.0
4675,2618,16.0
4675,3072,-8.0
4675,3338,-112.0
4675,4354,62.0
4675,4562,-46.0
4676,56,-76.0
4676,80,-24.0
4676,438,-106.0
4676,461,-114.0
4676,676,64.0
4676,706,136.0
4676,733,-78.0
4676,998,64.0
4676,1048,-10.0
4676,2089,-192.0
4676,2388,-200.0
4676,2672,44.0
4677,1933,-32.0
4677,3815,160.0
4677,4415,-42.0
4678,489,-30.0
4678,606,24.0
4678,1188,98.0
4678,1583,118.0
4678,1666,-146.0
4678,2310,-54.0
4678,2344,-12.0
4678,3439,86.0
4678,4702,-144.0
4679,393,-110.0
4679,476,66.0
4679,1059,84.0
4679,1320,-90.0
4679,4762,-72.0
4680,2017,116.0
4680,2168,-74.0
4681,268,194.0
4681,483,-110.0
4681,1509,196.0
4681,3722,122.0
4681,3908,-32.0
4681,4793,-84.0
4681,4941,-160.0
4682,1099,186.0
4682,1866,-44.0
4682,2756,-26.0
4682,2940,-122.0
4682,2964,-70.0
4682,3166,54.0
4682,4069,-120.0
4682,4327,-174.0
4683,577,188.0
4683,1481,162.0
4683,2302,-144.0
4683,2551,118.0
4683,2861,-42.0
4683,3615,182.0
4684,501,124.0
4684,2830,-84.0
4684,2902,-142.0
4684,2998,128.0
4684,3160,-26.0
4684,4346,184.0
4684,4362,-118.0
4684,4870,-172.0
4685,1921,142.0
4685,2867,-108.0
4685,4159,-188.0
4685,4589,-140.0
4686,51,-100.0
4686,825,-166.0
4686,2447,100.0
4686,3617,-56.0
4687,546,194.0
4687,865,102.0
4687,3628,-180.0
4688,1360,-142.0
4688,1364,66.0
4688,2689,-26.0
4688,2992,58.0
4688,3202,-32.0
4688,4127,-70.0
4688,4152,134.0
4688,4665,-112.0
4689,1580,-188.0
4689,2177,180.0
4689,2982,-136.0
4690,1733,-134.0
4690,2420,-150.0
4690,3829,-60.0
4690,3864,74.0
4691,430,30.0
4691,1419,18.0
4691,2790,136.0
4691,3156,186.0
4691,3807,64.0
4691,4086,138.0
4691,4605,130.0
4692,205,-12.0
4692,3216,4.0
4692,3284,-106.0
4692,3389,-152.0
4692,4204,44.0
4692,4992,8.0
4693,655,80.0
4693,785,70.0
4693,838,72.0
4693,926,192.0
4693,1377,-86.0
4694,465,34.0
4694,1232,-144.0
4694,2632,90.0
4695,883,-26.0
4695,1243,80.0
4695,1596,0.0
4695,2751,-66.0
4695,2934,-34.0
4695,3775,-154.0
4695,4683,-172.0
4696,119,-120.0
4696,3855,12.0
4696,4867,140.0
4696,4881,106.0
4697,884,68.0
4697,1125,56.0
4697,2056,-158.0
4697,2217,-66.0
4697,4497,-160.0
4697,4706,140.0
4698,194,-130.0
4698,500,-144.0
4698,707,74.0
4698,4680,120.0
4699,1186,24.0
4699,1644,-142.0
4699,1804,-40.0
4700,1243,-16.0
4700,1666,142.0
4700,2911,-50.0
4701,377,50.0
4701,578,142.0
4701,2318,-154.0
4701,2717,114.0
4702,784,72.0
4702,2149,140.0
4702,2572,-36.0
4702,3112,-6.0
4702,4215,170.0
4702,4896,-40.0
4703,4133,186.0
4703,4562,-160.0
4703,4838,102.0
4704,11,-170.0
4704,600,128.0
4704,2604,170.0
4704,2971,-150.0
4704,3365,-8.0
4704,3640,-194.0
4704,4458,12.0
4705,1596,-84.0
4705,1889,146.0
4705,4749,28.0
4706,554,-160.0
4706,2140,198.0
4706,3250,64.0
4706,3866,-102.0
4707,2684,-186.0
4708,1239,122.0
4708,1909,-190.0
4708,4458,108.0
4709,1109,188.0
4709,2300,-184.0
4709,4528,156.0
4710,923,-22.0
4710,929,118.0
4710,2008,-98.0
4710,2158,126.0
4710,2487,140.0
4711,676,68.0
4711,1543,-22.0
4711,3205,-94.0
4711,3584,-44.0
4711,3808,124.0
4712,786,-156.0
4712,1688,-114.0
4712,2036,-2.0
4712,3550,-82.0
4712,3829,-136.0
4713,902,98.0
4713,2007,-12.0
4713,4986,-34.0
4714,1532,-36.0
4714,1839,196.0
4714,2648,-182.0
4714,4170,170.0
4714,4306,-66.0
4714,4314,120.0
4715,461,-184.0
4715,618,-144.0
4715,699,78.0
4715,2421,-58.0
4715,2592,-188.0
4715,2804,36.0
4715,3754,-4.0
4716,1827,144.0
4716,1871,-180.0
4716,1935,68.0
4716,2889,172.0
4716,3358,-130.0
4717,2879,106.0
4717,4543,-102.0
4718,15,-178.0
4718,1267,-40.0
4718,2196,58.0
4718,2549,-166.0
4718,3986,-60.0
4719,1921,162.0
4719,2225,120.0
4719,2234,-114.0
4719,2513,-14.0
4719,2629,24.0
4719,3113,180.0
4720,113,132.0
4720,214,-54.0
4720,534,-30.0
4720,782,106.0
4720,911,76.0
4720,1139,140.0
4720,1153,116.0
4720,1754,102.0
4720,2919,-98.0
4720,3020,-28.0
4720,4106,136.0
4720,4994,10.0
4721,273,70.0
4721,2075,-62.0
4721,2715,-90.0
4721,3566,-110.0
4722,435,-164.0
4722,741,144.0
4722,976,-70.0
4722,2127,-116.0
4722,2603,118.0
4722,3342,40.0
4723,57,-78.0
4723,949,-116.0
4723,1084,-126.0
4723,1331,-138.0
4723,2263,140.0
4723,2557,38.0
4723,4897,-12.0
4724,960,-72.0
4724,1293,16.0
4724,1446,-156.0
4724,1497,-66.0
4724,1798,192.0
4724,1827,-18.0
4724,2468,-190.0
4724,2750,114.0
4724,2838,38.0
4724,3163,16.0
4724,3938,-160.0
4724,4035,170.0
4724,4863,172.0
4725,1910,128.0
4725,2035,-40.0
4725,2777,16.0
4725,4492,-142.0
4725,4627,62.0
4726,317,-2.0
4726,337,-84.0
4726,1653,184.0
4726,1942,-180.0
4726,2341,-56.0
4726,4172,-14.0
4727,3704,-94.0
4727,4698,-30.0
4728,555,118.0
4728,1716,168.0
4728,2220,-86.0
4728,3711,164.0
4728,4348,140.0
4728,4729,30.0
4728,4920,138.0
4729,1436,-62.0
4729,1868,-52.0
4729,3217,-114.0
4729,4246,-188.0
4730,65,170.0
4730,141,-74.0
4730,648,0.0
4730,2543,-68.0
4730,2765,-130.0
4730,2949,162.0
4730,4547,-118.0
4730,4555,82.0
4731,248,-132.0
4732,1768,186.0
4732,3595,178.0
4732,4301,36.0
4733,146,-34.0
4733,444,-164.0
4733,542,110.0
4733,1610,-114.0
4733,2295,-76.0
4733,4405,62.0
4734,353,-96.0
4734,949,-66.0
4734,1550,-142.0
4734,2121,-24.0
4734,2220,38.0
4734,2308,-130.0
4734,2534,-72.0
4734,3322,0.0
4735,422,10.0
4735,992,140.0
4735,2231,138.0
4735,2255,-128.0
4735,2354,-24.0
4735,3372,-94.0
4736,309,80.0
4736,1557,-42.0
4736,1703,-48.0
4736,2538,198.0
4736,3783,88.0
4736,4465,-58.0
4736,4852,146.0
4737,359,4.0
4737,1573,42.0
4737,3401,64.0
4737,4068,-160.0
4737,4091,-102.0
4737,4853,-176.0
4738,637,68.0
4738,2611,-150.0
4738,2794,194.0
4739,3101,180.0
4740,2568,-44.0
4740,3374,-100.0
4740,4072,-124.0
4740,4585,-166.0
4741,4339,94.0
4742,2489,110.0
4742,3000,160.0
4742,3611,174.0
4742,3898,32.0
4742,4651,-172.0
4743,568,-184.0
4743,3137,84.0
4743,4233,82.0
4743,4996,90.0
4744,908,192.0
4744,1707,172.0
4744,2279,-30.0
4744,3554,102.0
4745,1980,-198.0
4745,2058,-56.0
4745,2072,128.0
4745,2664,180.0
4745,4293,-192.0
4745,4941,154.0
4746,620,188.0
4746,2817,30.0
4746,4728,64.0
4746,4888,6.0
4747,296,-66.0
4747,769,-38.0
4747,1225,92.0
4747,2035,118.0
4747,3108,-80.0
4747,4711,76.0
4748,1324,-26.0
4748,1472,164.0
4748,2683,-196.0
4748,4524,-38.0
4748,4893,-174.0
4749,1070,6.0
4749,1385,-36.0
4749,3306,186.0
4749,3984,124.0
4749,4613,110.0
4750,1095,-56.0
4750,1178,18.0
4750,2430,-108.0
4750,2654,-24.0
4750,2712,-138.0
4750,3983,-180.0
4751,467,-184.0
4751,1638,10.0
4751,2412,-156.0
4751,4401,-132.0
4752,2946,-32.0
4752,3236,-44.0
4752,4747,164.0
4753,210,66.0
4753,227,196.0
4753,391,-34.0
4753,946,-10.0
4753,1378,-98.0
4753,2677,78.0
4753,3146,-150.0
4753,4132,18.0
4753,4224,134.0
4753,4922,-144.0
4754,594,-112.0
4754,1006,-40.0
4754,2456,152.0
4754,4046,10.0
4754,4691,46.0
4755,486,-96.0
4755,1275,112.0
4755,2786,178.0
4755,4043,-16.0
4756,855,186.0
4756,1352,64.0
4756,2628,-70.0
4756,4882,-186.0
4757,26,-132.0
4757,3184,178.0
4757,4192,22.0
4757,4355,-102.0
4758,1328,126.0
4758,1616,-64.0
4758,2499,44.0
4758,2714,74.0
4758,2975,88.0
4758,2998,142.0
4758,3167,-2.0
4758,3621,84.0
4758,4323,-116.0
4759,139,-162.0
4759,792,-66.0
4759,2173,-150.0
4759,2957,-140.0
4759,3007,64.0
4759,3649,66.0
4759,3737,-56.0
4760,8,194.0
4760,371,190.0
4760,1689,10.0
4760,2051,-180.0
4760,2707,-104.0
4760,3775,-128.0
4761,114,-156.0
4761,583,-108.0
4761,1172,-32.0
4761,1449,116.0
4761,3192,-124.0
4761,3234,88.0
4761,3870,-154.0
4761,4276,-20.0
4761,4543,-28.0
4761,4591,164.0
4761,4877,-196.0
4762,2440,-104.0
4762,2854,124.0
4762,3294,164.0
4762,4237,44.0
4763,26,70.0
4763,1778,168.0
4764,20,166.0
4764,147,-8.0
4764,1496,-158.0
4764,3386,20.0
4764,4782,86.0
4764,4932,118.0
4765,1954,-4.0
4765,3099,-34.0
4765,3434,16.0
4765,4351,-104.0
4766,415,-92.0
4766,858,-70.0
4766,1923,-98.0
4766,2834,-172.0
4767,635,-128.0
4767,1082,-174.0
4767,1226,-198.0
4767,3203,-14.0
4767,4104,8.0
4768,1102,-190.0
4768,1489,30.0
4768,3782,-142.0
4769,260,166.0
4769,737,84.0
4769,1481,-26.0
4769,2193,166.0
4769,2967,-2.0
4770,525,-180.0
4770,665,-6.0
4770,999,110.0
4770,3228,38.0
4770,4664,-80.0
4771,1079,-146.0
4771,1983,-34.0
4771,2391,-14.0
4771,3859,-160.0
4772,4334,-66.0
4773,1476,96.0
4773,4461,-90.0
4774,4,16.0
4774,1211,-10.0
4774,1511,144.0
4774,2427,-168.0
4774,2790,100.0
4774,3318,-190.0
4775,1464,-30.0
4775,2166,50.0
4775,3735,-4.0
4776,205,-96.0
4776,2253,92.0
4776,2751,42.0
4776,3579,14.0
4776,3780,-136.0
4777,111,-196.0
4777,3837,-2.0
4777,4062,-38.0
4778,2131,-156.0
4778,2256,46.0
4778,3177,-130.0
4778,3867,28.0
4779,968,138.0
4779,1496,168.0
4779,2217,80.0
4779,2789,-120.0
4779,4440,-158.0
4779,4855,-162.0
4780,954,-194.0
4780,3453,186.0
4780,4452,196.0
4781,148,4.0
4781,249,-126.0
4781,405,190.0
4781,603,26.0
4781,990,108.0
4781,1620,148.0
4781,1745,-158.0
4781,1951,-92.0
4781,2628,110.0
4781,3062,-154.0
4781,3660,16.0
4781,3861,120.0
4781,4481,-172.0
4782,54,-42.0
4782,3203,-8.0
4782,3575,-116.0
4783,352,-188.0
4783,414,54.0
4783,3062,-80.0
4783,3458,-170.0
4783,4513,22.0
4783,4649,-28.0
4783,4780,54.0
4784,2399,126.0
4784,4838,-88.0
4785,279,-42.0
4785,691,196.0
4785,1085,168.0
4785,2076,114.0
4785,2530,-114.0
4785,2605,-14.0
4785,3437,32.0
4785,3623,62.0
4786,139,-56.0
4786,1961,-118.0
4786,2306,-122.0
4786,2365,-40.0
4786,2627,-150.0
4786,3238,12.0
4786,3949,-94.0
4787,574,-16.0
4787,1681,178.0
4787,1783,-102.0
4787,3676,-24.0
4787,4513,-40.0
4788,11,-26.0
4788,820,126.0
4788,917,-88.0
4788,1069,44.0
4788,2254,148.0
4788,2848,-192.0
4789,2393,16.0
4789,3724,-186.0
4789,4792,22.0
4790,3499,-134.0
4790,4147,158.0
4790,4803,-134.0
4791,861,62.0
4791,985,-2.0
4791,1418,6.0
4791,3034,-146.0
4791,4189,78.0
4791,4292,156.0
4792,655,-180.0
4792,3243,-38.0
4792,3521,174.0
4793,1624,138.0
4793,2947,-70.0
4793,4654,82.0
4794,376,190.0
4794,807,136.0
4794,878,-178.0
4794,1457,-172.0
4794,1530,32.0
4794,1855,86.0
4794,3984,190.0
4794,4109,-46.0
4796,1629,80.0
4796,1853,-48.0
4796,2410,76.0
4796,2451,90.0
4796,2844,-100.0
4796,2869,94.0
4796,3008,-170.0
4797,320,-132.0
4797,465,-92.0
4797,1312,-160.0
4797,2443,46.0
4797,2791,0.0
4797,3562,194.0
4798,809,-104.0
4798,1390,-134.0
4798,2213,118.0
4798,3356,-170.0
4798,3585,-196.0
4798,4081,-192.0
4798,4388,-88.0
4798,4575,92.0
4799,2140,-2.0
4799,2276,-46.0
4799,2648,84.0
4799,2694,-120.0
4799,3048,10.0
4799,3102,2.0
4799,3394,56.0
4799,4534,-28.0
4799,4805,176.0
4800,1798,18.0
4800,2508,18.0
4800,3233,-176.0
4800,3584,184.0
4800,4291,26.0
4800,4951,-78.0
4801,1578,14.0
4801,1795,42.0
4801,2113,98.0
4801,2329,-2.0
4801,2837,-66.0
4801,3332,-140.0
4801,3494,-26.0
4802,1483,76.0
4802,1752,-10.0
4802,2150,158.0
4802,3356,-154.0
4802,3749,52.0
4802,3796,-56.0
4803,1908,184.0
4803,2177,46.0
4803,2616,-154.0
4804,230,136.0
4804,510,158.0
4804,1701,-68.0
4804,2282,196.0
4804,4640,-58.0
4805,130,-134.0
4805,414,-192.0
4805,525,-198.0
4805,1801,164.0
4805,2500,154.0
4805,3050,14.0
4805,4154,48.0
4806,635,-20.0
4806,905,104.0
4806,2060,20.0
4806,2989,66.0
4806,2994,112.0
4806,3479,-146.0
4806,3733,92.0
4806,4762,16.0
4807,71,-68.0
4807,308,-12.0
4807,1393,-170.0
4807,1620,96.0
4807,2516,-8.0
4807,3992,92.0
4807,4138,170.0
4808,888,-84.0
4808,1769,158.0
4808,4019,-26.0
4808,4704,76.0
4808,4840,78.0
4809,1231,-26.0
4809,2491,180.0
4809,3363,-146.0
4809,4040,-100.0
4810,2887,-44.0
4810,3288,-56.0
4810,3319,104.0
4810,4954,-130.0
4811,137,-28.0
4811,4107,42.0
4811,4771,-142.0
4812,1894,-122.0
4812,2783,64.0
4812,3001,-132.0
4812,3428,-88.0
4812,4757,-196.0
4813,1110,-20.0
4813,3281,-110.0
4813,3461,-56.0
4813,4309,98.0
4814,2016,-30.0
4814,3511,-98.0
4814,4401,-36.0
4815,863,188.0
4815,1278,32.0
4815,2011,-152.0
4815,2172,106.0
4815,3200,152.0
4815,4032,-6.0
4816,1020,-190.0
4816,1431,-32.0
4816,3130,194.0
4816,3407,84.0
4816,3457,6.0
4816,3919,-170.0
4817,888,-142.0
4817,996,112.0
4817,1718,118.0
4817,3505,-50.0
4818,21,44.0
4818,959,-136.0
4818,2804,-198.0
4819,1148,142.0
4819,1409,-154.0
4819,1973,130.0
4819,3493,-192.0
4820,2367,188.0
4820,2701,148.0
4821,483,-102.0
4821,849,-124.0
4821,2797,-46.0
4821,2940,-56.0
4821,3137,160.0
4821,3414,-50.0
4822,390,-142.0
4822,425,-46.0
4822,1313,74.0
4822,4118,-96.0
4822,4863,-102.0
4823,2299,116.0
4823,2935,-72.0
4824,646,-36.0
4824,983,90.0
4824,1738,-38.0
4824,1930,-128.0
4824,3602,-184.0
4824,3712,-128.0
4824,3834,-94.0
4825,1212,66.0
4825,1519,66.0
4825,2374,50.0
4825,3842,-30.0
4826,1232,150.0
4826,1865,-84.0
4826,3104,168.0
4826,4049,148.0
4826,4322,-162.0
4826,4598,154.0
4826,4723,-42.0
4826,4981,-118.0
4827,508,-12.0
4827,2125,-154.0
4827,2196,54.0
4827,2614,-122.0
4827,2885,186.0
4827,3147,-62.0
4827,3466,-8.0
4828,475,32.0
4828,2434,-102.0
4828,3806,0.0
4829,38,114.0
4829,1620,-70.0
4829,2994,-182.0
4829,4600,78.0
4830,90,4.0
4830,639,94.0
4830,1676,144.0
4830,1687,38.0
4831,4080,184.0
4831,4200,104.0
4831,4224,16.0
4831,4845,-22.0
4832,875,-130.0
4832,2902,116.0
4832,4396,-186.0
4832,4861,178.0
4833,1035,-6.0
4834,53,132.0
4834,424,-168.0
4834,642,-68.0
4834,2143,168.0
4834,2877,150.0
4834,2909,52.0
4834,4062,-184.0
4835,808,130.0
4835,980,-132.0
4835,1146,-182.0
4835,1668,130.0
4835,2154,190.0
4835,2972,-10.0
4835,4556,104.0
4836,137,-182.0
4836,346,92.0
4836,376,-178.0
4836,2065,152.0
4836,2307,84.0
4836,3053,134.0
4836,4910,-84.0
4837,151,152.0
4837,917,40.0
4837,1814,-116.0
4837,1934,158.0
4838,63,138.0
4838,313,-60.0
4838,1674,84.0
4838,1892,-76.0
4838,4142,48.0
4838,4346,152.0
4838,4969,-72.0
4839,816,28.0
4839,2054,-152.0
4839,2367,122.0
4839,3375,-200.0
4839,3580,-154.0
4839,3729,94.0
4839,3849,170.0
4840,268,148.0
4840,268,144.0
4840,901,-58.0
4840,2740,88.0
4840,3265,62.0
4840,3330,12.0
4840,4659,94.0
4840,4916,146.0
4841,894,-178.0
4841,1148,152.0
4841,1316,-24.0
4841,1469,74.0
4841,1767,184.0
4841,4427,-198.0
4842,234,32.0
4842,378,-54.0
4842,1556,-84.0
4842,2258,-34.0
4842,2632,122.0
4842,3558,-42.0
4842,4698,-94.0
4843,2561,-146.0
4843,3480,-144.0
4843,3499,176.0
4844,664,-18.0
4844,1713,-174.0
4844,4552,-176.0
4845,3139,166.0
4845,3946,144.0
4845,4324,36.0
4846,1163,126.0
4846,1775,10.0
4847,494,-30.0
4847,605,174.0
4847,675,-184.0
4847,685,128.0
4847,1257,-124.0
4847,1900,-80.0
4847,3263,-192.0
4847,3450,-6.0
4848,914,182.0
4848,4310,28.0
4848,4858,-124.0
4849,124,18.0
4849,194,54.0
4849,1127,22.0
4849,1335,178.0
4850,1140,102.0
4850,1361,114.0
4850,1367,52.0
4850,2655,-110.0
4850,3758,-96.0
4850,4373,128.0
4850,4778,-116.0
4851,70,-182.0
4851,1234,-156.0
4851,4053,-198.0
4852,749,150.0
4852,1528,-18.0
4852,1964,-70.0
4853,1788,66.0
4853,1887,-6.0
4853,2086,-138.0
4853,2308,180.0
4853,3776,94.0
4854,360,-162.0
4854,1413,-52.0
4854,1842,-62.0
4854,2090,92.0
4854,2421,-32.0
4854,2629,-68.0
4855,1341,20.0
4855,1605,-174.0
4855,1702,-186.0
4855,2371,58.0
4855,2604,-120.0
4855,3175,80.0
4855,3260,-78.0
4855,4836,-90.0
4856,2281,-106.0
4857,649,198.0
4857,3197,66.0
4857,4534,118.0
4857,4858,-168.0
4858,1276,-60.0
4858,1494,152.0
4858,2144,128.0
4858,2576,62.0
4858,3276,26.0
4859,33,-16.0
4859,2011,-88.0
4859,2381,148.0
4859,3936,-32.0
4859,3971,134.0
4859,4151,-76.0
4859,4870,16.0
4860,705,42.0
4860,2701,58.0
4860,2715,14.0
4860,3450,-2.0
4860,4273,-24.0
4861,126,-32.0
4861,2303,-108.0
4861,2683,104.0
4861,3205,70.0
4861,4806,4.0
4862,1775,10.0
4862,2194,136.0
4862,2505,-162.0
4862,3714,-110.0
4863,155,-6.0
4863,2372,-22.0
4863,2474,116.0
4863,3117,100.0
4863,4039,0.0
4863,4326,100.0
4864,1874,142.0
4864,2194,-96.0
4864,3412,56.0
4864,3848,-76.0
4864,4678,-24.0
4864,4680,-146.0
4865,266,-82.0
4865,327,40.0
4865,1219,160.0
4865,1385,-184.0
4865,1559,-94.0
4865,2491,-6.0
4865,3776,-180.0
4866,911,156.0
4866,2512,72.0
4866,3097,60.0
4866,3741,176.0
4866,3986,24.0
4866,4216,-104.0
4866,4451,74.0
4866,4545,-102.0
4867,62,-112.0
4867,481,180.0
4867,2096,158.0
4867,3285,4.0
4867,4289,-112.0
4867,4316,-168.0
4868,985,164.0
4868,1868,-162.0
4868,2000,158.0
4869,359,68.0
4869,804,70.0
4869,1992,-20.0
4869,2000,-110.0
4869,4644,-54.0
4870,1851,18.0
4870,2671,192.0
4870,2712,-46.0
4870,3288,-168.0
4870,3535,-56.0
4871,2702,-60.0
4871,2745,-188.0
4871,4376,-136.0
4872,2139,80.0
4873,595,-26.0
4873,2784,-168.0
4873,3874,-4.0
4874,309,-134.0
4874,1373,-76.0
4874,2486,46.0
4874,2922,-18.0
4874,3054,-68.0
4874,3471,150.0
4874,3753,-124.0
4874,3947,2.0
4874,4018,-40.0
4874,4649,120.0
4875,1938,-52.0
4875,2805,16.0
4875,4269,-12.0
4876,291,-24.0
4876,871,130.0
4876,1081,-64.0
4876,1199,-22.0
4876,1885,184.0
4876,2922,-150.0
4876,3656,28.0
4876,3912,140.0
4877,27,-60.0
4877,277,-100.0
4877,599,-70.0
4877,1262,144.0
4877,1931,2.0
4877,2142,6.0
4877,2209,124.0
4877,4443,-42.0
4879,1464,-152.0
4879,1633,92.0
4879,1945,-190.0
4879,2368,-146.0
4879,3139,76.0
4879,3141,54.0
4879,3410,184.0
4879,4141,36.0
4880,661,-142.0
4880,1985,-114.0
4880,2360,-152.0
4880,3418,-188.0
4880,3681,188.0
4880,4681,178.0
4881,1269,-168.0
4881,3910,-138.0
4881,4179,-82.0
4882,540,76.0
4882,692,20.0
4882,1169,-158.0
4882,2243,-58.0
4882,2590,82.0
4882,3534,170.0
4883,1061,120.0
4883,1820,180.0
4883,3031,124.0
4883,4114,152.0
4884,140,38.0
4884,1714,56.0
4884,4173,48.0
4885,3820,134.0
4886,2935,140.0
4886,2967,156.0
4886,4083,22.0
4886,4326,-18.0
4887,3564,-128.0
4887,3663,46.0
4887,3758,-104.0
4887,3762,-142.0
4888,404,-146.0
4888,1377,-30.0
4888,1694,0.0
4888,2200,88.0
4888,3333,134.0
4888,3480,32.0
4888,3866,82.0
4888,4580,-166.0
4888,4956,-46.0
4889,460,110.0
4889,1663,108.0
4889,2748,-52.0
4889,3147,132.0
4889,3560,154.0
4889,4676,122.0
4890,1,-168.0
4890,1288,-182.0
4890,1685,-30.0
4890,2474,70.0
4890,3031,54.0
4890,3793,-132.0
4890,4718,-62.0
4890,4838,-108.0
4890,4916,96.0
4891,190,176.0
4891,240,62.0
4891,1292,190.0
4892,1516,116.0
4892,2822,10.0
4892,3242,38.0
4892,3842,14.0
4892,4018,198.0
4892,4373,46.0
4893,131,-64.0
4893,1837,-38.0
4894,645,-18.0
4894,3103,0.0
4894,3366,-116.0
4894,3622,92.0
4894,3676,-66.0
4894,4419,188.0
4894,4786,-96.0
4894,4796,162.0
4895,757,-32.0
4895,4792,112.0
4895,4916,64.0
4896,28,168.0
4896,659,62.0
4896,1663,184.0
4896,2320,-174.0
4896,2390,94.0
4896,2585,-18.0
4896,3778,-108.0
4897,286,68.0
4897,528,-198.0
4897,886,-108.0
4897,3755,-110.0
4898,1,-92.0
4898,320,-188.0
4898,1432,176.0
4898,3044,58.0
4898,3646,-194.0
4898,4177,-2.0
4898,4605,-168.0
4898,4935,-178.0
4899,693,46.0
4899,980,102.0
4899,4019,-152.0
4899,4115,-110.0
4899,4235,-58.0
4900,1376,-110.0
4900,2850,136.0
4900,3409,-128.0
4900,3651,190.0
4900,3876,130.0
4900,4614,-188.0
4900,4735,174.0
4901,420,114.0
4901,1692,12.0
4901,3887,-40.0
4901,4157,-72.0
4902,574,62.0
4902,1630,174.0
4902,1957,122.0
4902,4420,-98.0
4902,4482,-18.0
4902,4631,182.0
4903,745,186.0
4903,4656,-114.0
4904,2123,60.0
4905,1612,-96.0
4905,1661,-96.0
4905,2740,48.0
4905,3324,52.0
4905,4175,-46.0
4905,4765,-72.0
4905,4819,-52.0
4906,7,-28.0
4906,307,-168.0
4906,3093,-86.0
4906,3723,166.0
4906,3820,60.0
4907,685,-28.0
4907,2068,-68.0
4907,2528,6.0
4907,2803,46.0
4907,4392,-8.0
4907,4408,-54.0
4908,959,8.0
4908,1733,194.0
4908,1798,-182.0
4908,2132,-124.0
4909,1113,124.0
4909,1739,-146.0
4909,1809,140.0
4909,4276,-70.0
4909,4815,18.0
4910,337,14.0
4910,710,176.0
4910,1581,-10.0
4910,1940,84.0
4910,3542,50.0
4910,4974,80.0
4911,524,-54.0
4911,920,-28.0
4911,1206,-148.0
4911,2679,34.0
4911,3344,-106.0
4911,3571,174.0
4911,4502,20.0
4912,2537,64.0
4912,2628,-184.0
4912,2861,-174.0
4912,4152,-182.0
4912,4533,-140.0
4912,4835,94.0
4912,4894,110.0
4913,520,-146.0
4913,2357,98.0
4913,2808,-32.0
4914,769,6.0
4914,1059,-188.0
4914,2366,60.0
4914,3064,80.0
4914,3901,182.0
4914,4095,-98.0
4915,1308,-170.0
4915,2945,-100.0
4916,871,138.0
4916,2321,-48.0
4916,2334,20.0
4916,3753,58.0
4916,3825,64.0
4916,4411,158.0
4916,4688,156.0
4917,889,98.0
4917,1114,-102.0
4917,1902,-52.0
4917,2494,-98.0
4917,3283,132.0
4917,3840,-128.0
4917,4192,38.0
4917,4311,146.0
4917,4947,150.0
4918,52,-180.0
4918,855,188.0
4918,1694,-4.0
4918,1756,124.0
4918,2343,-56.0
4918,2539,-82.0
4918,3208,-176.0
4918,4133,-104.0
4918,4923,104.0
4919,1161,60.0
4919,1300,0.0
4919,2051,-68.0
4920,2260,-110.0
4920,2711,-168.0
4920,3503,-62.0
4920,3787,-182.0
4920,4644,-146.0
4920,4697,-118.0
4921,467,92.0
4921,962,186.0
4921,1269,46.0
4921,2312,-116.0
4921,3968,120.0
4921,4139,194.0
4921,4693,-54.0
4921,4805,66.0
4922,1156,168.0
4922,2510,164.0
4922,2565,-184.0
4923,1402,-46.0
4923,1448,-42.0
4923,1795,162.0
4923,1801,8.0
4923,4957,26.0
4924,162,56.0
4924,995,128.0
4924,2407,-158.0
4924,2614,-170.0
4924,4536,102.0
4924,4710,118.0
4925,3700,46.0
4925,4421,12.0
4926,1237,50.0
4926,1320,132.0
4926,1682,-88.0
4926,1945,-4.0
4926,1976,-154.0
4926,3782,162.0
4926,4201,146.0
4926,4833,176.0
4926,4870,176.0
4927,201,-32.0
4927,804,110.0
4927,2426,102.0
4927,2984,62.0
4927,3115,52.0
4928,1891,36.0
4928,2395,6.0
4928,3176,118.0
4928,3234,-44.0
4928,4073,146.0
4928,4198,68.0
4929,189,-108.0
4929,1248,-166.0
4929,1394,194.0
4929,2354,-132.0
4929,3406,-48.0
4929,3795,-126.0
4929,4325,100.0
4930,1312,0.0
4930,1522,158.0
4930,1973,-26.0
4930,3680,166.0
4930,4840,-52.0
4931,2718,-184.0
4931,3069,78.0
4931,3142,148.0
4931,3277,-32.0
4931,3694,96.0
4931,4460,160.0
4931,4522,56.0
4931,4734,156.0
4932,1007,122.0
4932,1863,58.0
4932,3317,178.0
4932,4461,192.0
4932,4893,14.0
4932,4952,-142.0
4933,624,-130.0
4933,2012,30.0
4933,2346,62.0
4934,874,134.0
4934,1133,-88.0
4934,3104,-152.0
4934,3559,38.0
4934,4011,98.0
4935,139,170.0
4935,690,104.0
4935,2334,118.0
4935,2940,138.0
4935,2977,40.0
4935,3096,-182.0
4935,4740,-166.0
4936,86,-40.0
4936,1700,-170.0
4936,1714,-106.0
4936,2123,180.0
4936,2353,72.0
4936,3585,-32.0
4936,3595,20.0
4936,4019,152.0
4936,4841,124.0
4937,1303,130.0
4937,2784,144.0
4938,501,16.0
4938,840,132.0
4938,2156,72.0
4938,3322,-146.0
4938,3441,0.0
4939,879,58.0
4939,2229,170.0
4939,3599,92.0
4939,3649,12.0
4939,4536,146.0
4940,584,196.0
4940,931,168.0
4940,1550,172.0
4940,1616,158.0
4940,2663,48.0
4940,2667,32.0
4940,2818,74.0
4940,3164,16.0
4940,4310,92.0
4941,3466,-114.0
4941,3633,28.0
4941,3689,50.0
4941,4285,-64.0
4942,7,60.0
4942,179,4.0
4942,226,172.0
4942,2967,96.0
4942,3064,110.0
4942,3627,-100.0
4942,4001,-10.0
4943,644,68.0
4943,1624,104.0
4943,2454,160.0
4943,2459,136.0
4943,2712,136.0
4943,2715,-20.0
4943,3070,-28.0
4943,4668,52.0
4943,4917,-52.0
4944,568,-96.0
4944,1130,-184.0
4944,1694,-112.0
4944,2100,-134.0
4944,2423,-100.0
4944,3440,-148.0
4944,3442,82.0
4945,168,-116.0
4945,376,-98.0
4945,1534,112.0
4945,2534,178.0
4945,3036,84.0
4945,3269,184.0
4945,3321,92.0
4945,3854,-158.0
4945,4174,-120.0
4945,4323,-42.0
4945,4735,-186.0
4946,632,-166.0
4946,988,138.0
4946,1101,-92.0
4946,1171,-6.0
4946,1355,-60.0
4946,2645,-36.0
4946,4240,-170.0
4946,4361,118.0
4947,1790,120.0
4947,2949,136.0
4947,3319,42.0
4947,3473,-134.0
4947,3491,-50.0
4947,4502,138.0
4948,2791,130.0
4948,3167,102.0
4948,4170,66.0
4948,4596,-140.0
4949,557,-76.0
4949,881,-48.0
4949,1052,-150.0
4949,1807,-148.0
4949,1961,-200.0
4949,1990,178.0
4950,1850,30.0
4950,2154,22.0
4950,3840,60.0
4950,4878,102.0
4951,220,196.0
4951,852,-30.0
4951,1614,-40.0
4952,675,-112.0
4952,3261,-20.0
4952,3626,144.0
4952,4310,54.0
4953,1173,-54.0
4953,1513,98.0
4954,496,-152.0
4954,614,-44.0
4954,943,-40.0
4954,996,-52.0
4954,3789,42.0
4954,3879,-124.0
4954,4655,120.0
4955,446,66.0
4955,1878,38.0
4955,2767,156.0
4955,2878,-74.0
4955,3019,-170.0
4955,3269,146.0
4955,3335,-30.0
4955,3850,64.0
4956,450,-124.0
4956,1449,198.0
4956,4567,-184.0
4957,435,-190.0
4957,3989,-146.0
4958,382,-110.0
4958,497,-86.0
4958,734,-200.0
4958,1788,146.0
4958,1891,-154.0
4958,3818,-18.0
4959,299,52.0
4959,479,160.0
4959,978,42.0
4959,3764,-92.0
4959,4017,152.0
4959,4708,118.0
4960,933,148.0
4960,1880,-200.0
4960,3106,26.0
4960,3451,-200.0
4960,3459,-110.0
4960,3734,-66.0
4961,1979,34.0
4961,2514,-20.0
4961,3632,158.0
4961,4060,144.0
4962,657,-42.0
4962,1040,-104.0
4963,2691,-120.0
4963,2779,-142.0
4963,3033,128.0
4963,4644,182.0
4964,253,168.0
4964,2158,118.0
4964,2302,70.0
4964,4041,-48.0
4965,469,-102.0
4965,801,130.0
4965,1007,-40.0
4965,1625,110.0
4965,1956,36.0
4965,2481,116.0
4965,2930,10.0
4965,3250,142.0
4965,3509,-78.0
4965,4223,44.0
4966,277,78.0
4966,1601,158.0
4966,2251,160.0
4966,3126,40.0
4966,4269,158.0
4966,4770,92.0
4967,783,56.0
4967,1092,-126.0
4967,1217,-12.0
4967,1588,114.0
4968,2053,-98.0
4968,2408,-74.0
4968,2548,26.0
4968,3490,26.0
4968,4238,-16.0
4969,736,-86.0
4969,1294,-122.0
4969,1961,-44.0
4969,2779,-50.0
4970,82,108.0
4970,100,-36.0
4970,3189,-142.0
4970,3272,-184.0
4970,3601,40.0
4970,3663,188.0
4970,3745,138.0
4970,3918,92.0
4970,4927,-166.0
4971,304,92.0
4971,1370,-32.0
4971,2526,-140.0
4971,3300,20.0
4971,3490,194.0
4971,4456,8.0
4972,797,120.0
4972,2651,194.0
4972,2708,98.0
4972,2719,-20.0
4972,3806,-164.0
4972,3853,104.0
4972,4238,10.0
4973,2099,-4.0
4973,3249,-80.0
4973,4083,158.0
4973,4621,-142.0
4974,786,140.0
4974,1397,-142.0
4974,1603,-140.0
4975,1511,-118.0
4975,3704,-146.0
4975,4988,34.0
4976,2288,102.0
4976,3586,130.0
4976,4846,-86.0
4977,361,74.0
4977,624,-190.0
4977,1438,6.0
4977,2695,-64.0
4977,3098,166.0
4977,3138,-50.0
4977,4314,-14.0
4977,4743,92.0
4977,4990,122.0
4978,2622,46.0
4978,4194,-188.0
4978,4739,24.0
4979,2035,-180.0
4979,3315,154.0
4979,3455,-174.0
4980,491,110.0
4980,1111,68.0
4980,1410,50.0
4980,2237,-164.0
4980,2953,-6.0
4980,3186,-134.0
4980,3514,44.0
4980,4438,68.0
4980,4729,-130.0
4981,191,122.0
4981,1500,-56.0
4981,3902,-92.0
4981,4823,18.0
4982,1016,60.0
4982,1666,-50.0
4984,936,148.0
4984,978,-110.0
4984,2063,126.0
4984,2095,72.0
4984,2788,-2.0
4985,1134,100.0
4985,4402,-158.0
4987,447,120.0
4987,4369,26.0
4987,4979,112.0
4988,324,56.0
4988,708,190.0
4988,1128,-44.0
4988,1204,12.0
4988,2355,112.0
4988,4086,-100.0
4988,4833,50.0
4989,1532,24.0
4989,1919,-2.0
4989,2692,36.0
4989,3092,-128.0
4989,3800,-4.0
4989,4189,-108.0
4990,235,152.0
4990,4586,46.0
4991,1654,-66.0
4991,2029,-106.0
4991,2233,100.0
4991,2857,50.0
4991,4805,34.0
4992,898,80.0
4992,1930,72.0
4992,2894,42.0
4992,3325,-150.0
4992,4410,74.0
4992,4638,-4.0
4993,972,0.0
4993,1105,6.0
4993,1992,-112.0
4993,2030,-188.0
4993,3200,-128.0
4993,3394,-112.0
4993,3937,-64.0
4993,4193,38.0
4993,4788,188.0
4994,1590,6.0
4994,2852,102.0
4994,3868,-156.0
4994,4383,-128.0
4995,404,120.0
4995,1539,-2.0
4995,1770,-112.0
4995,2182,-160.0
4995,2190,186.0
4995,2601,-118.0
4995,2696,114.0
4995,4979,22.0
4996,83,106.0
4996,227,38.0
4996,755,138.0
4996,783,180.0
4996,1404,170.0
4997,218,178.0
4997,580,56.0
4997,1089,100.0
4997,1887,132.0
4997,2238,-54.0
4998,152,-92.0
4998,536,-26.0
4998,1330,-96.0
4998,1824,198.0
4998,2447,-74.0
4999,288,46.0
4999,348,-36.0
4999,2520,-64.0
4999,4909,56.0
5000,1120,86.0
5000,2456,-178.0
5000,2729,62.0
5000,2829,-28.0
5000,3318,-30.0
