0,0,9
0,1,26
0,2,-34
0,3,-2
0,4,-83
0,5,-17
0,6,6
0,7,23
0,8,-43
0,9,-4
0,10,13
0,11,26
0,12,-53
0,13,-27
0,14,-68
0,15,74
0,16,11
0,17,53
0,18,-17
0,19,-22
0,20,64
0,21,-4
0,22,-32
0,23,-51
0,24,-45
0,25,95
0,26,-98
0,27,-16
0,28,-61
0,29,-34
0,30,-16
0,31,-53
0,32,89
0,33,76
0,34,35
0,35,5
0,36,-1
0,37,24
0,38,-8
0,39,80
0,40,2
0,41,-3
0,42,18
0,43,-6
0,44,55
0,45,-66
0,46,-24
0,47,68
0,48,31
0,49,6
0,50,-31
0,51,-36
0,52,-25
0,53,62
0,54,-42
0,55,38
0,56,-78
0,57,46
0,58,-85
0,59,55
0,60,58
0,61,80
0,62,-30
0,63,9
0,64,15
0,65,54
0,66,34
0,67,-86
0,68,3
0,69,82
0,70,99
0,71,29
0,72,-57
0,73,86
0,74,1
0,75,83
0,76,-75
0,77,78
0,78,-44
0,79,-51
0,80,-88
0,81,-82
0,82,-99
0,83,-49
0,84,72
0,85,17
0,86,-52
0,87,-44
0,88,77
0,89,-14
0,90,-97
0,91,-33
0,92,39
0,93,49
0,94,3
0,95,-2
0,96,-97
0,97,39
0,98,-97
0,99,-94
0,100,-91
0,101,-13
0,102,-86
0,103,21
0,104,98
0,105,40
0,106,82
0,107,-73
0,108,-62
0,109,45
0,110,89
0,111,10
0,112,-26
0,113,-1
0,114,16
0,115,-1
0,116,93
0,117,-53
0,118,-84
0,119,33
0,120,4
0,121,9
0,122,-14
0,123,-54
0,124,-85
0,125,-41
0,126,-60
0,127,53
0,128,-55
0,129,77
0,130,-100
0,131,63
0,132,57
0,133,29
0,134,-32
0,135,58
0,136,35
0,137,-7
0,138,-40
0,139,-35
0,140,16
0,141,-33
0,142,-56
0,143,-49
0,144,35
0,145,-12
0,146,98
0,147,41
0,148,56
0,149,8
0,150,-37
0,151,-16
0,152,64
0,153,19
0,154,21
0,155,68
0,156,16
0,157,91
0,158,-42
0,159,-23
0,160,-92
0,161,34
0,162,-35
0,163,98
0,164,-60
0,165,19
0,166,-24
0,167,53
0,168,23
0,169,35
0,170,-87
0,171,72
0,172,-99
0,173,69
0,174,84
0,175,-37
0,176,-97
0,177,-83
0,178,-12
0,179,97
0,180,-3
0,181,-50
0,182,1
0,183,30
0,184,46
0,185,-54
0,186,-55
0,187,85
0,188,63
0,189,-82
0,190,74
0,191,82
0,192,-27
0,193,-38
0,194,95
0,195,39
0,196,54
0,197,-8
0,198,38
0,199,31
0,200,-55
0,201,22
0,202,86
0,203,87
0,204,51
0,205,-75
0,206,-73
0,207,85
0,208,10
0,209,-97
0,210,-1
0,211,-15
0,212,87
0,213,76
0,214,-44
0,215,-13
0,216,0
0,217,32
0,218,-31
0,219,12
0,220,-44
0,221,-40
0,222,37
0,223,94
0,224,61
0,225,-31
0,226,24
0,227,37
0,228,-72
0,229,-34
0,230,-90
0,231,-97
0,232,76
0,233,-97
0,234,-77
0,235,83
0,236,-66
0,237,-63
0,238,-51
0,239,-13
0,240,-15
0,241,53
0,242,45
0,243,86
0,244,94
0,245,-55
0,246,-90
0,247,36
0,248,-75
0,249,-1
0,250,-33
0,251,15
0,252,-35
0,253,-93
0,254,98
0,255,-1
0,256,67
0,257,66
0,258,33
0,259,37
0,260,68
0,261,-32
0,262,49
0,263,-11
0,264,-50
0,265,64
0,266,-56
0,267,-8
0,268,-17
0,269,-19
0,270,27
0,271,8
0,272,-39
0,273,4
0,274,-86
0,275,-77
0,276,-38
0,277,56
0,278,17
0,279,-20
0,280,52
0,281,26
0,282,43
0,283,77
0,284,27
0,285,-16
0,286,17
0,287,-96
0,288,49
0,289,-68
0,290,67
0,291,29
0,292,-2
0,293,6
0,294,3
0,295,-10
0,296,3
0,297,63
0,298,-42
0,299,66
1,0,-99
1,1,80
1,2,45
1,3,73
1,4,-78
1,5,-47
1,6,-26
1,7,28
1,8,-65
1,9,13
1,10,-17
1,11,-6
1,12,-29
1,13,-61
1,14,-13
1,15,-17
1,16,18
1,17,-22
1,18,-71
1,19,-81
1,20,-63
1,21,-99
1,22,33
1,23,5
1,24,-19
1,25,63
1,26,-23
1,27,-75
1,28,-3
1,29,17
1,30,98
1,31,86
1,32,57
1,33,-19
1,34,49
1,35,44
1,36,-70
1,37,83
1,38,58
1,39,-88
1,40,-10
1,41,44
1,42,-8
1,43,-62
1,44,-2
1,45,-93
1,46,6
1,47,65
1,48,-86
1,49,13
1,50,28
1,51,30
1,52,-63
1,53,75
1,54,-38
1,55,89
1,56,-86
1,57,-39
1,58,24
1,59,5
1,60,-19
1,61,-63
1,62,47
1,63,86
1,64,-94
1,65,0
1,66,-29
1,67,-23
1,68,-22
1,69,98
1,70,-49
1,71,-3
1,72,-97
1,73,28
1,74,4
1,75,26
1,76,26
1,77,-23
1,78,-6
1,79,65
1,80,13
1,81,-48
1,82,-17
1,83,-98
1,84,-86
1,85,-98
1,86,-9
1,87,10
1,88,60
1,89,83
1,90,21
1,91,-68
1,92,58
1,93,-97
1,94,-21
1,95,12
1,96,6
1,97,-22
1,98,11
1,99,-79
1,100,58
1,101,87
1,102,-16
1,103,-69
1,104,-30
1,105,35
1,106,-23
1,107,89
1,108,-73
1,109,-35
1,110,-84
1,111,29
1,112,35
1,113,-63
1,114,47
1,115,12
1,116,91
1,117,20
1,118,48
1,119,-11
1,120,-70
1,121,-31
1,122,13
1,123,42
1,124,84
1,125,-100
1,126,-11
1,127,-72
1,128,-35
1,129,-79
1,130,88
1,131,-72
1,132,-92
1,133,-60
1,134,-80
1,135,82
1,136,-5
1,137,10
1,138,-61
1,139,-75
1,140,75
1,141,25
1,142,30
1,143,-68
1,144,-4
1,145,-59
1,146,-24
1,147,-58
1,148,97
1,149,-97
1,150,1
1,151,91
1,152,97
1,153,78
1,154,94
1,155,45
1,156,47
1,157,57
1,158,79
1,159,-78
1,160,-54
1,161,30
1,162,-51
1,163,21
1,164,-92
1,165,46
1,166,63
1,167,67
1,168,54
1,169,-9
1,170,14
1,171,-29
1,172,5
1,173,-29
1,174,-19
1,175,22
1,176,48
1,177,40
1,178,-74
1,179,23
1,180,-39
1,181,-61
1,182,-48
1,183,-61
1,184,26
1,185,-92
1,186,54
1,187,-98
1,188,-45
1,189,80
1,190,-97
1,191,-61
1,192,79
1,193,-45
1,194,-36
1,195,99
1,196,-30
1,197,-71
1,198,-76
1,199,-62
1,200,-26
1,201,52
1,202,-68
1,203,90
1,204,-47
1,205,15
1,206,78
1,207,11
1,208,79
1,209,79
1,210,83
1,211,13
1,212,-28
1,213,-100
1,214,-70
1,215,-80
1,216,-77
1,217,-82
1,218,-40
1,219,11
1,220,87
1,221,23
1,222,52
1,223,-81
1,224,16
1,225,53
1,226,26
1,227,-94
1,228,94
1,229,-45
1,230,-29
1,231,-7
1,232,-90
1,233,99
1,234,44
1,235,-29
1,236,74
1,237,71
1,238,91
1,239,57
1,240,-58
1,241,-85
1,242,18
1,243,-97
1,244,-16
1,245,-51
1,246,-67
1,247,-66
1,248,-37
1,249,-88
1,250,6
1,251,-74
1,252,99
1,253,68
1,254,-59
1,255,56
1,256,43
1,257,80
1,258,-55
1,259,96
1,260,-64
1,261,3
1,262,87
1,263,42
1,264,48
1,265,-67
1,266,-92
1,267,53
1,268,-24
1,269,45
1,270,-100
1,271,-78
1,272,-68
1,273,74
1,274,-6
1,275,21
1,276,-80
1,277,-40
1,278,-74
1,279,90
1,280,1
1,281,79
1,282,91
1,283,41
1,284,0
1,285,74
1,286,-94
1,287,-25
1,288,55
1,289,30
1,290,49
1,291,-16
1,292,90
1,293,-72
1,294,47
1,295,-34
1,296,4
1,297,60
1,298,-7
1,299,-53
2,0,2
2,1,-60
2,2,22
2,3,36
2,4,75
2,5,81
2,6,-78
2,7,92
2,8,48
2,9,59
2,10,8
2,11,53
2,12,-68
2,13,87
2,14,36
2,15,-20
2,16,-31
2,17,73
2,18,-94
2,19,27
2,20,-94
2,21,20
2,22,96
2,23,60
2,24,13
2,25,37
2,26,3
2,27,-73
2,28,74
2,29,-55
2,30,-79
2,31,-80
2,32,10
2,33,83
2,34,-69
2,35,59
2,36,14
2,37,63
2,38,58
2,39,-31
2,40,-47
2,41,-80
2,42,-66
2,43,-78
2,44,69
2,45,-77
2,46,-7
2,47,-27
2,48,-32
2,49,26
2,50,24
2,51,69
2,52,57
2,53,98
2,54,33
2,55,99
2,56,-49
2,57,-19
2,58,53
2,59,-1
2,60,-60
2,61,95
2,62,81
2,63,-41
2,64,-24
2,65,82
2,66,51
2,67,18
2,68,-6
2,69,26
2,70,67
2,71,91
2,72,61
2,73,-62
2,74,21
2,75,-100
2,76,22
2,77,-81
2,78,10
2,79,52
2,80,33
2,81,15
2,82,-7
2,83,19
2,84,12
2,85,-98
2,86,63
2,87,-31
2,88,65
2,89,-36
2,90,-18
2,91,-63
2,92,-73
2,93,74
2,94,-54
2,95,-91
2,96,-13
2,97,99
2,98,32
2,99,40
2,100,-15
2,101,-67
2,102,52
2,103,50
2,104,11
2,105,-16
2,106,-98
2,107,-93
2,108,73
2,109,89
2,110,66
2,111,-50
2,112,-79
2,113,-56
2,114,50
2,115,76
2,116,-21
2,117,23
2,118,78
2,119,-73
2,120,-2
2,121,5
2,122,-72
2,123,86
2,124,1
2,125,97
2,126,-23
2,127,55
2,128,9
2,129,74
2,130,-97
2,131,29
2,132,9
2,133,-37
2,134,-72
2,135,-12
2,136,-6
2,137,74
2,138,-86
2,139,65
2,140,-4
2,141,76
2,142,99
2,143,-61
2,144,43
2,145,1
2,146,7
2,147,-67
2,148,26
2,149,33
2,150,2
2,151,-14
2,152,80
2,153,13
2,154,48
2,155,-2
2,156,56
2,157,-99
2,158,-4
2,159,-75
2,160,-57
2,161,-83
2,162,-3
2,163,-71
2,164,7
2,165,-78
2,166,-53
2,167,82
2,168,26
2,169,-78
2,170,-61
2,171,-37
2,172,-29
2,173,41
2,174,23
2,175,9
2,176,-23
2,177,-99
2,178,21
2,179,-97
2,180,-1
2,181,-92
2,182,-85
2,183,-5
2,184,59
2,185,-74
2,186,-86
2,187,-33
2,188,-76
2,189,-86
2,190,-89
2,191,-30
2,192,51
2,193,-31
2,194,11
2,195,68
2,196,-41
2,197,-70
2,198,48
2,199,-41
2,200,-26
2,201,-87
2,202,1
2,203,-19
2,204,-87
2,205,51
2,206,99
2,207,-76
2,208,8
2,209,7
2,210,55
2,211,-13
2,212,-83
2,213,-44
2,214,-3
2,215,69
2,216,-34
2,217,39
2,218,63
2,219,-32
2,220,-18
2,221,-25
2,222,-10
2,223,-84
2,224,70
2,225,-9
2,226,-61
2,227,-79
2,228,91
2,229,37
2,230,4
2,231,33
2,232,-84
2,233,-25
2,234,90
2,235,97
2,236,77
2,237,-21
2,238,95
2,239,52
2,240,-68
2,241,-100
2,242,-22
2,243,27
2,244,44
2,245,70
2,246,85
2,247,46
2,248,-47
2,249,13
2,250,-18
2,251,-17
2,252,-100
2,253,43
2,254,51
2,255,91
2,256,85
2,257,51
2,258,85
2,259,0
2,260,91
2,261,68
2,262,60
2,263,85
2,264,24
2,265,83
2,266,-6
2,267,-86
2,268,-36
2,269,12
2,270,39
2,271,62
2,272,-64
2,273,-71
2,274,-90
2,275,87
2,276,-69
2,277,-99
2,278,37
2,279,23
2,280,73
2,281,-79
2,282,-28
2,283,17
2,284,-46
2,285,86
2,286,-71
2,287,80
2,288,-12
2,289,-80
2,290,-19
2,291,-81
2,292,12
2,293,66
2,294,-66
2,295,-72
2,296,9
2,297,-45
2,298,15
2,299,82
3,0,80
3,1,75
3,2,-34
3,3,82
3,4,-69
3,5,-43
3,6,-23
3,7,-32
3,8,-73
3,9,-29
3,10,8
3,11,-41
3,12,-88
3,13,-83
3,14,78
3,15,-51
3,16,-58
3,17,-16
3,18,-55
3,19,-77
3,20,-96
3,21,57
3,22,-58
3,23,-48
3,24,51
3,25,2
3,26,41
3,27,63
3,28,53
3,29,-88
3,30,-80
3,31,-11
3,32,-3
3,33,-61
3,34,-58
3,35,-42
3,36,-52
3,37,74
3,38,46
3,39,39
3,40,-65
3,41,21
3,42,-7
3,43,7
3,44,-68
3,45,7
3,46,26
3,47,-14
3,48,-39
3,49,68
3,50,-82
3,51,0
3,52,-70
3,53,-51
3,54,69
3,55,2
3,56,-84
3,57,95
3,58,-95
3,59,-41
3,60,-82
3,61,85
3,62,-61
3,63,23
3,64,-56
3,65,-59
3,66,-31
3,67,51
3,68,49
3,69,-48
3,70,-23
3,71,51
3,72,52
3,73,44
3,74,22
3,75,14
3,76,9
3,77,62
3,78,-45
3,79,-73
3,80,93
3,81,-67
3,82,-36
3,83,10
3,84,27
3,85,30
3,86,86
3,87,-45
3,88,-79
3,89,69
3,90,31
3,91,-1
3,92,17
3,93,-89
3,94,-64
3,95,-60
3,96,-43
3,97,-38
3,98,-30
3,99,32
3,100,-10
3,101,-12
3,102,-84
3,103,55
3,104,18
3,105,54
3,106,80
3,107,-75
3,108,76
3,109,-8
3,110,-41
3,111,-74
3,112,-20
3,113,24
3,114,-63
3,115,-21
3,116,36
3,117,-69
3,118,-100
3,119,-92
3,120,-51
3,121,98
3,122,64
3,123,8
3,124,33
3,125,64
3,126,25
3,127,-62
3,128,31
3,129,76
3,130,64
3,131,37
3,132,12
3,133,-2
3,134,-93
3,135,-78
3,136,12
3,137,-30
3,138,16
3,139,90
3,140,-35
3,141,-63
3,142,47
3,143,58
3,144,57
3,145,75
3,146,-91
3,147,87
3,148,-20
3,149,36
3,150,6
3,151,-43
3,152,59
3,153,-13
3,154,43
3,155,9
3,156,-89
3,157,62
3,158,6
3,159,74
3,160,44
3,161,-72
3,162,-44
3,163,-65
3,164,95
3,165,-94
3,166,46
3,167,-73
3,168,4
3,169,48
3,170,-96
3,171,8
3,172,76
3,173,28
3,174,91
3,175,55
3,176,20
3,177,-57
3,178,17
3,179,75
3,180,39
3,181,-83
3,182,16
3,183,-56
3,184,-50
3,185,-96
3,186,58
3,187,93
3,188,-56
3,189,-42
3,190,29
3,191,-19
3,192,83
3,193,-66
3,194,71
3,195,52
3,196,-85
3,197,-43
3,198,-60
3,199,-57
3,200,9
3,201,47
3,202,-42
3,203,95
3,204,16
3,205,-69
3,206,-17
3,207,91
3,208,-62
3,209,42
3,210,45
3,211,98
3,212,94
3,213,99
3,214,-72
3,215,99
3,216,28
3,217,6
3,218,17
3,219,-56
3,220,-35
3,221,-67
3,222,48
3,223,75
3,224,60
3,225,19
3,226,2
3,227,84
3,228,-61
3,229,98
3,230,-86
3,231,57
3,232,-57
3,233,14
3,234,82
3,235,-84
3,236,4
3,237,66
3,238,-53
3,239,-16
3,240,30
3,241,64
3,242,-84
3,243,-20
3,244,92
3,245,-76
3,246,-85
3,247,82
3,248,-42
3,249,1
3,250,-69
3,251,90
3,252,-49
3,253,-76
3,254,40
3,255,6
3,256,-21
3,257,13
3,258,4
3,259,-17
3,260,-73
3,261,87
3,262,-93
3,263,58
3,264,5
3,265,-39
3,266,61
3,267,0
3,268,69
3,269,96
3,270,-10
3,271,0
3,272,-64
3,273,-70
3,274,60
3,275,-5
3,276,-20
3,277,70
3,278,-78
3,279,72
3,280,-60
3,281,20
3,282,-20
3,283,11
3,284,-83
3,285,41
3,286,43
3,287,24
3,288,-77
3,289,94
3,290,40
3,291,-62
3,292,-80
3,293,-40
3,294,46
3,295,-73
3,296,-32
3,297,35
3,298,42
3,299,45
4,0,-81
4,1,72
4,2,-42
4,3,53
4,4,93
4,5,65
4,6,33
4,7,-98
4,8,48
4,9,-11
4,10,-52
4,11,-79
4,12,-17
4,13,72
4,14,-71
4,15,59
4,16,11
4,17,-99
4,18,75
4,19,3
4,20,-62
4,21,1
4,22,-71
4,23,59
4,24,-74
4,25,-89
4,26,73
4,27,-22
4,28,87
4,29,-2
4,30,-51
4,31,94
4,32,-22
4,33,-32
4,34,-9
4,35,67
4,36,37
4,37,73
4,38,30
4,39,77
4,40,-62
4,41,-1
4,42,71
4,43,-35
4,44,81
4,45,84
4,46,65
4,47,57
4,48,-31
4,49,48
4,50,-43
4,51,-17
4,52,40
4,53,-26
4,54,-33
4,55,80
4,56,61
4,57,86
4,58,-43
4,59,65
4,60,21
4,61,39
4,62,-45
4,63,41
4,64,-12
4,65,-82
4,66,23
4,67,20
4,68,-19
4,69,-25
4,70,27
4,71,-34
4,72,81
4,73,-28
4,74,-8
4,75,-73
4,76,28
4,77,39
4,78,-33
4,79,90
4,80,88
4,81,30
4,82,33
4,83,28
4,84,30
4,85,78
4,86,-98
4,87,19
4,88,36
4,89,45
4,90,-4
4,91,-75
4,92,49
4,93,92
4,94,-18
4,95,-31
4,96,53
4,97,-39
4,98,-32
4,99,27
4,100,-86
4,101,47
4,102,-53
4,103,55
4,104,84
4,105,64
4,106,-50
4,107,-28
4,108,-81
4,109,34
4,110,78
4,111,-43
4,112,-92
4,113,-68
4,114,92
4,115,35
4,116,-51
4,117,18
4,118,-53
4,119,-38
4,120,24
4,121,-12
4,122,-4
4,123,19
4,124,20
4,125,-26
4,126,-18
4,127,-15
4,128,-92
4,129,37
4,130,48
4,131,-81
4,132,39
4,133,77
4,134,-95
4,135,44
4,136,-44
4,137,-32
4,138,-22
4,139,11
4,140,78
4,141,-34
4,142,30
4,143,75
4,144,-5
4,145,-29
4,146,33
4,147,-96
4,148,10
4,149,-85
4,150,-48
4,151,-84
4,152,-62
4,153,32
4,154,-13
4,155,-10
4,156,-76
4,157,-80
4,158,9
4,159,35
4,160,73
4,161,-67
4,162,-66
4,163,-75
4,164,-1
4,165,-66
4,166,80
4,167,-86
4,168,-34
4,169,68
4,170,36
4,171,63
4,172,79
4,173,6
4,174,19
4,175,85
4,176,-91
4,177,57
4,178,24
4,179,85
4,180,-26
4,181,86
4,182,10
4,183,58
4,184,-25
4,185,52
4,186,66
4,187,-45
4,188,57
4,189,-98
4,190,-70
4,191,27
4,192,-55
4,193,62
4,194,19
4,195,-8
4,196,40
4,197,-71
4,198,97
4,199,38
4,200,-90
4,201,-33
4,202,49
4,203,-3
4,204,-32
4,205,-70
4,206,-9
4,207,58
4,208,-14
4,209,-98
4,210,62
4,211,-16
4,212,-41
4,213,-16
4,214,-91
4,215,54
4,216,0
4,217,39
4,218,-14
4,219,-15
4,220,-14
4,221,42
4,222,53
4,223,55
4,224,40
4,225,-2
4,226,-57
4,227,-63
4,228,-97
4,229,-54
4,230,-93
4,231,-3
4,232,93
4,233,-93
4,234,-10
4,235,-26
4,236,-42
4,237,-42
4,238,-84
4,239,21
4,240,57
4,241,-50
4,242,-44
4,243,19
4,244,37
4,245,-67
4,246,21
4,247,42
4,248,-15
4,249,52
4,250,41
4,251,52
4,252,8
4,253,80
4,254,-84
4,255,6
4,256,-35
4,257,-8
4,258,-16
4,259,-53
4,260,29
4,261,24
4,262,90
4,263,-49
4,264,-5
4,265,-29
4,266,-1
4,267,80
4,268,-74
4,269,-44
4,270,5
4,271,50
4,272,88
4,273,-89
4,274,-31
4,275,70
4,276,51
4,277,0
4,278,-44
4,279,-76
4,280,-81
4,281,74
4,282,72
4,283,33
4,284,18
4,285,58
4,286,-4
4,287,11
4,288,21
4,289,60
4,290,12
4,291,-35
4,292,16
4,293,29
4,294,72
4,295,41
4,296,-98
4,297,24
4,298,-89
4,299,78
5,0,-28
5,1,-97
5,2,32
5,3,-48
5,4,-32
5,5,-25
5,6,72
5,7,38
5,8,-9
5,9,25
5,10,-74
5,11,-98
5,12,-80
5,13,38
5,14,-73
5,15,56
5,16,-20
5,17,12
5,18,27
5,19,-57
5,20,56
5,21,-33
5,22,51
5,23,8
5,24,51
5,25,41
5,26,19
5,27,-75
5,28,-98
5,29,38
5,30,74
5,31,77
5,32,-95
5,33,-49
5,34,-68
5,35,44
5,36,-61
5,37,45
5,38,-57
5,39,10
5,40,-97
5,41,-1
5,42,-44
5,43,-22
5,44,76
5,45,68
5,46,-11
5,47,60
5,48,91
5,49,-73
5,50,-7
5,51,79
5,52,73
5,53,-9
5,54,8
5,55,87
5,56,67
5,57,-3
5,58,-91
5,59,81
5,60,-52
5,61,-22
5,62,71
5,63,-73
5,64,66
5,65,-75
5,66,7
5,67,28
5,68,-15
5,69,-14
5,70,35
5,71,61
5,72,24
5,73,15
5,74,42
5,75,-35
5,76,39
5,77,85
5,78,45
5,79,-42
5,80,88
5,81,-94
5,82,69
5,83,93
5,84,-2
5,85,73
5,86,86
5,87,75
5,88,-24
5,89,-33
5,90,50
5,91,14
5,92,45
5,93,48
5,94,2
5,95,24
5,96,41
5,97,-24
5,98,-51
5,99,-17
5,100,-93
5,101,31
5,102,-31
5,103,-77
5,104,23
5,105,-77
5,106,76
5,107,-81
5,108,40
5,109,17
5,110,-3
5,111,-29
5,112,85
5,113,61
5,114,-54
5,115,-96
5,116,43
5,117,54
5,118,69
5,119,87
5,120,5
5,121,58
5,122,41
5,123,-6
5,124,18
5,125,-2
5,126,15
5,127,42
5,128,-81
5,129,13
5,130,85
5,131,55
5,132,1
5,133,-74
5,134,-100
5,135,39
5,136,-42
5,137,22
5,138,-1
5,139,25
5,140,-6
5,141,51
5,142,-17
5,143,50
5,144,-98
5,145,43
5,146,-54
5,147,-35
5,148,-64
5,149,30
5,150,-40
5,151,24
5,152,39
5,153,-9
5,154,88
5,155,-89
5,156,21
5,157,49
5,158,46
5,159,-89
5,160,11
5,161,-51
5,162,50
5,163,36
5,164,-84
5,165,-99
5,166,-64
5,167,88
5,168,-26
5,169,96
5,170,61
5,171,-5
5,172,37
5,173,-24
5,174,29
5,175,-78
5,176,30
5,177,-16
5,178,30
5,179,-22
5,180,-38
5,181,-27
5,182,-54
5,183,80
5,184,-85
5,185,57
5,186,-88
5,187,92
5,188,95
5,189,87
5,190,34
5,191,83
5,192,-51
5,193,-71
5,194,-62
5,195,25
5,196,-38
5,197,54
5,198,12
5,199,-11
5,200,-18
5,201,-87
5,202,82
5,203,15
5,204,-61
5,205,-43
5,206,-70
5,207,34
5,208,-4
5,209,-28
5,210,-35
5,211,85
5,212,23
5,213,25
5,214,98
5,215,-32
5,216,-3
5,217,87
5,218,-95
5,219,72
5,220,75
5,221,18
5,222,0
5,223,18
5,224,-60
5,225,90
5,226,-99
5,227,19
5,228,-42
5,229,-64
5,230,-57
5,231,-59
5,232,6
5,233,71
5,234,-36
5,235,-37
5,236,-97
5,237,64
5,238,-71
5,239,73
5,240,57
5,241,85
5,242,56
5,243,9
5,244,-34
5,245,-51
5,246,30
5,247,-26
5,248,2
5,249,9
5,250,64
5,251,8
5,252,11
5,253,-23
5,254,5
5,255,67
5,256,54
5,257,-13
5,258,62
5,259,86
5,260,-82
5,261,30
5,262,18
5,263,-83
5,264,-6
5,265,-86
5,266,-54
5,267,53
5,268,-60
5,269,8
5,270,21
5,271,-20
5,272,40
5,273,45
5,274,-15
5,275,-64
5,276,-56
5,277,38
5,278,11
5,279,40
5,280,-46
5,281,-1
5,282,-12
5,283,-45
5,284,-82
5,285,28
5,286,-23
5,287,29
5,288,32
5,289,12
5,290,-94
5,291,54
5,292,58
5,293,84
5,294,9
5,295,-4
5,296,61
5,297,33
5,298,81
5,299,-98
6,0,-90
6,1,-80
6,2,87
6,3,5
6,4,-39
6,5,-77
6,6,74
6,7,-35
6,8,-46
6,9,-65
6,10,57
6,11,-41
6,12,86
6,13,-74
6,14,-94
6,15,-100
6,16,67
6,17,-30
6,18,44
6,19,-81
6,20,-70
6,21,-69
6,22,94
6,23,20
6,24,44
6,25,-58
6,26,-70
6,27,-92
6,28,23
6,29,88
6,30,26
6,31,59
6,32,-13
6,33,36
6,34,-7
6,35,-80
6,36,15
6,37,50
6,38,-73
6,39,9
6,40,97
6,41,88
6,42,47
6,43,-86
6,44,-51
6,45,-44
6,46,-10
6,47,-66
6,48,48
6,49,86
6,50,3
6,51,79
6,52,39
6,53,96
6,54,-36
6,55,68
6,56,76
6,57,55
6,58,-98
6,59,-5
6,60,-40
6,61,13
6,62,1
6,63,39
6,64,-47
6,65,-95
6,66,-65
6,67,17
6,68,-16
6,69,-50
6,70,-11
6,71,-98
6,72,-55
6,73,-47
6,74,-35
6,75,36
6,76,-63
6,77,68
6,78,13
6,79,79
6,80,-20
6,81,25
6,82,6
6,83,-60
6,84,-41
6,85,78
6,86,-48
6,87,22
6,88,19
6,89,30
6,90,47
6,91,12
6,92,16
6,93,-79
6,94,-58
6,95,76
6,96,56
6,97,-25
6,98,62
6,99,-44
6,100,58
6,101,19
6,102,81
6,103,-62
6,104,-13
6,105,-61
6,106,14
6,107,2
6,108,-21
6,109,92
6,110,-79
6,111,41
6,112,-87
6,113,18
6,114,13
6,115,86
6,116,94
6,117,97
6,118,-56
6,119,-26
6,120,-90
6,121,-35
6,122,-41
6,123,-44
6,124,-37
6,125,-13
6,126,-77
6,127,-4
6,128,45
6,129,3
6,130,-80
6,131,-35
6,132,14
6,133,-46
6,134,90
6,135,95
6,136,-27
6,137,-58
6,138,41
6,139,-23
6,140,53
6,141,-90
6,142,-12
6,143,58
6,144,58
6,145,-58
6,146,-1
6,147,-12
6,148,58
6,149,-14
6,150,69
6,151,41
6,152,-51
6,153,-84
6,154,-31
6,155,-96
6,156,-18
6,157,1
6,158,70
6,159,-25
6,160,91
6,161,62
6,162,-86
6,163,-45
6,164,-1
6,165,-31
6,166,-90
6,167,57
6,168,18
6,169,-34
6,170,-92
6,171,42
6,172,-94
6,173,31
6,174,-69
6,175,-89
6,176,-5
6,177,57
6,178,54
6,179,13
6,180,-93
6,181,-74
6,182,-22
6,183,97
6,184,76
6,185,22
6,186,-50
6,187,60
6,188,16
6,189,51
6,190,-78
6,191,-77
6,192,-39
6,193,-60
6,194,-70
6,195,6
6,196,-98
6,197,10
6,198,-16
6,199,-81
6,200,55
6,201,64
6,202,-96
6,203,43
6,204,-78
6,205,-5
6,206,-7
6,207,-95
6,208,-39
6,209,34
6,210,89
6,211,-83
6,212,-60
6,213,-55
6,214,-22
6,215,30
6,216,78
6,217,-94
6,218,-6
6,219,-100
6,220,-31
6,221,-37
6,222,-71
6,223,-34
6,224,-23
6,225,-50
6,226,-96
6,227,16
6,228,-58
6,229,19
6,230,-78
6,231,83
6,232,54
6,233,31
6,234,-32
6,235,-22
6,236,60
6,237,98
6,238,-13
6,239,-17
6,240,4
6,241,-12
6,242,47
6,243,-10
6,244,-66
6,245,-53
6,246,-28
6,247,-8
6,248,44
6,249,17
6,250,34
6,251,-53
6,252,-24
6,253,-61
6,254,-67
6,255,38
6,256,-85
6,257,6
6,258,46
6,259,-92
6,260,-72
6,261,29
6,262,67
6,263,-45
6,264,-94
6,265,-44
6,266,-65
6,267,-78
6,268,-1
6,269,-6
6,270,55
6,271,26
6,272,-21
6,273,-12
6,274,63
6,275,-92
6,276,94
6,277,-41
6,278,82
6,279,-91
6,280,63
6,281,25
6,282,28
6,283,-36
6,284,-28
6,285,-74
6,286,58
6,287,-34
6,288,-58
6,289,-68
6,290,33
6,291,-75
6,292,9
6,293,13
6,294,70
6,295,79
6,296,-77
6,297,47
6,298,79
6,299,-49
7,0,69
7,1,81
7,2,-24
7,3,91
7,4,-19
7,5,56
7,6,-72
7,7,-60
7,8,81
7,9,-54
7,10,43
7,11,-33
7,12,-47
7,13,71
7,14,91
7,15,-47
7,16,-90
7,17,-100
7,18,16
7,19,74
7,20,-9
7,21,-29
7,22,-95
7,23,-9
7,24,80
7,25,-86
7,26,-62
7,27,-49
7,28,-54
7,29,96
7,30,-34
7,31,-61
7,32,-41
7,33,-42
7,34,-40
7,35,77
7,36,-72
7,37,-77
7,38,78
7,39,-20
7,40,3
7,41,59
7,42,-48
7,43,-1
7,44,-31
7,45,24
7,46,-79
7,47,43
7,48,0
7,49,69
7,50,-73
7,51,99
7,52,0
7,53,5
7,54,-58
7,55,-12
7,56,-83
7,57,-34
7,58,-3
7,59,40
7,60,58
7,61,-2
7,62,14
7,63,13
7,64,56
7,65,42
7,66,-71
7,67,-88
7,68,71
7,69,-89
7,70,-95
7,71,-94
7,72,-71
7,73,59
7,74,28
7,75,-10
7,76,-52
7,77,71
7,78,-89
7,79,-44
7,80,66
7,81,97
7,82,-38
7,83,66
7,84,-77
7,85,19
7,86,-97
7,87,95
7,88,67
7,89,31
7,90,-10
7,91,52
7,92,63
7,93,-59
7,94,-39
7,95,1
7,96,-63
7,97,85
7,98,31
7,99,42
7,100,15
7,101,-65
7,102,99
7,103,-44
7,104,92
7,105,-9
7,106,-96
7,107,40
7,108,7
7,109,-32
7,110,45
7,111,60
7,112,93
7,113,-78
7,114,-98
7,115,-20
7,116,57
7,117,90
7,118,-27
7,119,-28
7,120,57
7,121,9
7,122,26
7,123,-51
7,124,97
7,125,65
7,126,59
7,127,-16
7,128,53
7,129,-81
7,130,-66
7,131,11
7,132,-6
7,133,30
7,134,99
7,135,8
7,136,-18
7,137,-31
7,138,94
7,139,-6
7,140,-7
7,141,4
7,142,77
7,143,19
7,144,-71
7,145,95
7,146,87
7,147,-18
7,148,-87
7,149,-35
7,150,27
7,151,-26
7,152,-8
7,153,0
7,154,24
7,155,-53
7,156,5
7,157,27
7,158,-9
7,159,-80
7,160,-17
7,161,-62
7,162,-38
7,163,-3
7,164,66
7,165,72
7,166,-93
7,167,-41
7,168,-32
7,169,2
7,170,18
7,171,-77
7,172,-79
7,173,2
7,174,-39
7,175,-1
7,176,-49
7,177,-81
7,178,-63
7,179,42
7,180,-100
7,181,84
7,182,28
7,183,-97
7,184,18
7,185,77
7,186,-71
7,187,-84
7,188,34
7,189,-74
7,190,68
7,191,50
7,192,75
7,193,57
7,194,89
7,195,23
7,196,92
7,197,53
7,198,7
7,199,74
7,200,-19
7,201,-8
7,202,88
7,203,-18
7,204,-28
7,205,36
7,206,47
7,207,-27
7,208,69
7,209,55
7,210,83
7,211,-14
7,212,-83
7,213,-18
7,214,53
7,215,60
7,216,-40
7,217,-37
7,218,6
7,219,-48
7,220,-32
7,221,-31
7,222,95
7,223,-76
7,224,-24
7,225,-73
7,226,98
7,227,83
7,228,95
7,229,32
7,230,-56
7,231,-89
7,232,-84
7,233,3
7,234,-52
7,235,65
7,236,-48
7,237,54
7,238,77
7,239,-13
7,240,-25
7,241,43
7,242,78
7,243,-63
7,244,18
7,245,38
7,246,-87
7,247,52
7,248,17
7,249,-97
7,250,-64
7,251,-59
7,252,21
7,253,-83
7,254,-90
7,255,59
7,256,-46
7,257,44
7,258,-87
7,259,-31
7,260,95
7,261,23
7,262,-46
7,263,11
7,264,-36
7,265,70
7,266,73
7,267,-72
7,268,80
7,269,76
7,270,88
7,271,0
7,272,91
7,273,86
7,274,-57
7,275,-92
7,276,69
7,277,53
7,278,3
7,279,58
7,280,-10
7,281,27
7,282,-48
7,283,-48
7,284,49
7,285,-38
7,286,-27
7,287,96
7,288,-52
7,289,0
7,290,37
7,291,84
7,292,81
7,293,-4
7,294,97
7,295,-57
7,296,-52
7,297,-3
7,298,47
7,299,-99
8,0,51
8,1,-19
8,2,-91
8,3,59
8,4,-25
8,5,26
8,6,-35
8,7,-96
8,8,-5
8,9,-10
8,10,-26
8,11,-9
8,12,87
8,13,-5
8,14,40
8,15,-8
8,16,-42
8,17,73
8,18,-76
8,19,83
8,20,-20
8,21,9
8,22,47
8,23,-64
8,24,-70
8,25,-95
8,26,-11
8,27,20
8,28,-10
8,29,-86
8,30,-11
8,31,-30
8,32,65
8,33,-10
8,34,30
8,35,-54
8,36,27
8,37,-83
8,38,39
8,39,76
8,40,31
8,41,-83
8,42,-80
8,43,-14
8,44,-14
8,45,-87
8,46,-48
8,47,-34
8,48,50
8,49,42
8,50,-64
8,51,97
8,52,66
8,53,16
8,54,88
8,55,35
8,56,44
8,57,-73
8,58,-38
8,59,-14
8,60,44
8,61,96
8,62,45
8,63,86
8,64,-49
8,65,-9
8,66,12
8,67,48
8,68,7
8,69,93
8,70,-48
8,71,66
8,72,20
8,73,51
8,74,36
8,75,81
8,76,-76
8,77,-28
8,78,-77
8,79,42
8,80,-78
8,81,45
8,82,-7
8,83,-92
8,84,18
8,85,21
8,86,-9
8,87,-11
8,88,38
8,89,74
8,90,-89
8,91,-72
8,92,81
8,93,66
8,94,-91
8,95,-1
8,96,-95
8,97,76
8,98,-4
8,99,-90
8,100,64
8,101,50
8,102,-18
8,103,-32
8,104,13
8,105,-86
8,106,-2
8,107,91
8,108,-43
8,109,72
8,110,43
8,111,-47
8,112,10
8,113,62
8,114,-87
8,115,-47
8,116,-9
8,117,71
8,118,-29
8,119,-11
8,120,70
8,121,-78
8,122,-29
8,123,-100
8,124,-33
8,125,-49
8,126,-54
8,127,-10
8,128,-24
8,129,-83
8,130,96
8,131,71
8,132,-53
8,133,45
8,134,48
8,135,-36
8,136,-80
8,137,-74
8,138,59
8,139,20
8,140,22
8,141,20
8,142,47
8,143,73
8,144,92
8,145,-81
8,146,57
8,147,95
8,148,45
8,149,-30
8,150,43
8,151,-68
8,152,19
8,153,63
8,154,-83
8,155,54
8,156,-14
8,157,38
8,158,22
8,159,-64
8,160,70
8,161,97
8,162,-79
8,163,60
8,164,7
8,165,-6
8,166,38
8,167,-69
8,168,24
8,169,33
8,170,-74
8,171,-88
8,172,96
8,173,70
8,174,29
8,175,-50
8,176,93
8,177,81
8,178,-2
8,179,73
8,180,-30
8,181,-90
8,182,87
8,183,63
8,184,-93
8,185,54
8,186,71
8,187,-74
8,188,-55
8,189,98
8,190,74
8,191,13
8,192,30
8,193,-55
8,194,-95
8,195,27
8,196,-42
8,197,45
8,198,92
8,199,-98
8,200,94
8,201,-80
8,202,29
8,203,2
8,204,-28
8,205,38
8,206,-61
8,207,38
8,208,41
8,209,5
8,210,-6
8,211,28
8,212,-60
8,213,-80
8,214,-19
8,215,-82
8,216,11
8,217,-45
8,218,71
8,219,-29
8,220,-96
8,221,-44
8,222,-37
8,223,-56
8,224,-26
8,225,-100
8,226,-100
8,227,46
8,228,-39
8,229,-25
8,230,-75
8,231,3
8,232,40
8,233,-16
8,234,-43
8,235,28
8,236,75
8,237,23
8,238,77
8,239,6
8,240,-84
8,241,-12
8,242,6
8,243,10
8,244,14
8,245,64
8,246,27
8,247,53
8,248,-25
8,249,67
8,250,-88
8,251,-17
8,252,74
8,253,-60
8,254,76
8,255,20
8,256,9
8,257,56
8,258,-38
8,259,-69
8,260,60
8,261,33
8,262,-22
8,263,31
8,264,-6
8,265,-50
8,266,42
8,267,-54
8,268,-17
8,269,-4
8,270,45
8,271,-62
8,272,-27
8,273,30
8,274,-76
8,275,80
8,276,-53
8,277,22
8,278,-86
8,279,-97
8,280,54
8,281,-1
8,282,38
8,283,7
8,284,52
8,285,27
8,286,85
8,287,57
8,288,-66
8,289,-88
8,290,16
8,291,71
8,292,-76
8,293,-95
8,294,-5
8,295,-27
8,296,-2
8,297,78
8,298,47
8,299,43
9,0,83
9,1,98
9,2,94
9,3,67
9,4,81
9,5,59
9,6,23
9,7,9
9,8,67
9,9,31
9,10,2
9,11,-86
9,12,-56
9,13,96
9,14,-7
9,15,7
9,16,-97
9,17,74
9,18,-70
9,19,78
9,20,50
9,21,10
9,22,-72
9,23,-38
9,24,70
9,25,21
9,26,77
9,27,-77
9,28,37
9,29,11
9,30,10
9,31,57
9,32,66
9,33,87
9,34,-16
9,35,25
9,36,-44
9,37,-100
9,38,-27
9,39,-72
9,40,58
9,41,2
9,42,-58
9,43,77
9,44,-79
9,45,22
9,46,52
9,47,52
9,48,91
9,49,-76
9,50,-2
9,51,-51
9,52,9
9,53,62
9,54,74
9,55,71
9,56,-20
9,57,81
9,58,-28
9,59,-90
9,60,2
9,61,-89
9,62,-77
9,63,54
9,64,-79
9,65,33
9,66,-32
9,67,-5
9,68,-40
9,69,-44
9,70,78
9,71,36
9,72,-70
9,73,24
9,74,64
9,75,-18
9,76,51
9,77,39
9,78,4
9,79,-90
9,80,8
9,81,-78
9,82,18
9,83,9
9,84,17
9,85,61
9,86,-86
9,87,-44
9,88,70
9,89,30
9,90,-23
9,91,47
9,92,11
9,93,84
9,94,-52
9,95,53
9,96,71
9,97,64
9,98,22
9,99,-33
9,100,86
9,101,9
9,102,79
9,103,-50
9,104,9
9,105,-47
9,106,-2
9,107,16
9,108,-44
9,109,-78
9,110,-54
9,111,63
9,112,-50
9,113,76
9,114,20
9,115,78
9,116,7
9,117,-34
9,118,46
9,119,-47
9,120,-19
9,121,13
9,122,65
9,123,-42
9,124,47
9,125,40
9,126,-99
9,127,39
9,128,82
9,129,-30
9,130,-51
9,131,29
9,132,-63
9,133,-37
9,134,6
9,135,-92
9,136,-12
9,137,-74
9,138,32
9,139,51
9,140,29
9,141,-62
9,142,-18
9,143,10
9,144,-50
9,145,-94
9,146,-87
9,147,16
9,148,33
9,149,-42
9,150,-71
9,151,-22
9,152,-5
9,153,-69
9,154,-89
9,155,25
9,156,66
9,157,48
9,158,52
9,159,19
9,160,45
9,161,82
9,162,-60
9,163,-2
9,164,74
9,165,40
9,166,-59
9,167,30
9,168,18
9,169,16
9,170,60
9,171,5
9,172,-57
9,173,-99
9,174,-79
9,175,-33
9,176,67
9,177,2
9,178,-8
9,179,10
9,180,-87
9,181,93
9,182,-85
9,183,-25
9,184,-44
9,185,-62
9,186,-63
9,187,9
9,188,23
9,189,-70
9,190,8
9,191,-5
9,192,-68
9,193,14
9,194,26
9,195,-23
9,196,39
9,197,8
9,198,-19
9,199,-66
9,200,36
9,201,53
9,202,-89
9,203,-26
9,204,96
9,205,35
9,206,-59
9,207,63
9,208,-28
9,209,-42
9,210,9
9,211,53
9,212,75
9,213,70
9,214,18
9,215,90
9,216,-17
9,217,28
9,218,-47
9,219,85
9,220,38
9,221,-32
9,222,-23
9,223,-19
9,224,-16
9,225,81
9,226,88
9,227,9
9,228,-52
9,229,82
9,230,-38
9,231,96
9,232,-66
9,233,38
9,234,31
9,235,-29
9,236,-50
9,237,0
9,238,91
9,239,17
9,240,-23
9,241,72
9,242,-35
9,243,56
9,244,1
9,245,8
9,246,33
9,247,-89
9,248,43
9,249,73
9,250,-99
9,251,-61
9,252,-96
9,253,74
9,254,47
9,255,90
9,256,-89
9,257,43
9,258,-71
9,259,-81
9,260,-16
9,261,-31
9,262,36
9,263,30
9,264,47
9,265,-39
9,266,-64
9,267,26
9,268,84
9,269,44
9,270,21
9,271,-86
9,272,-82
9,273,77
9,274,-78
9,275,-13
9,276,-77
9,277,-74
9,278,-78
9,279,-25
9,280,38
9,281,-29
9,282,-77
9,283,4
9,284,-91
9,285,-26
9,286,-68
9,287,22
9,288,-8
9,289,40
9,290,-73
9,291,96
9,292,-84
9,293,63
9,294,47
9,295,95
9,296,55
9,297,17
9,298,81
9,299,89
10,0,-85
10,1,-48
10,2,-71
10,3,-69
10,4,73
10,5,53
10,6,30
10,7,-3
10,8,-91
10,9,64
10,10,-20
10,11,71
10,12,-7
10,13,-73
10,14,-14
10,15,40
10,16,6
10,17,45
10,18,-9
10,19,-35
10,20,-32
10,21,75
10,22,-83
10,23,71
10,24,-64
10,25,22
10,26,-42
10,27,7
10,28,18
10,29,-52
10,30,-43
10,31,-3
10,32,-90
10,33,62
10,34,-72
10,35,19
10,36,91
10,37,92
10,38,-40
10,39,0
10,40,79
10,41,1
10,42,-32
10,43,10
10,44,-13
10,45,-80
10,46,92
10,47,51
10,48,-17
10,49,-37
10,50,84
10,51,-21
10,52,-11
10,53,-95
10,54,21
10,55,-82
10,56,-33
10,57,32
10,58,6
10,59,53
10,60,3
10,61,-6
10,62,-83
10,63,-92
10,64,61
10,65,58
10,66,66
10,67,-84
10,68,76
10,69,27
10,70,74
10,71,76
10,72,19
10,73,63
10,74,0
10,75,16
10,76,36
10,77,63
10,78,-30
10,79,93
10,80,-35
10,81,18
10,82,-25
10,83,39
10,84,-59
10,85,31
10,86,63
10,87,82
10,88,23
10,89,66
10,90,-96
10,91,-46
10,92,53
10,93,-45
10,94,84
10,95,76
10,96,41
10,97,40
10,98,-77
10,99,-19
10,100,27
10,101,40
10,102,74
10,103,83
10,104,59
10,105,-61
10,106,-77
10,107,12
10,108,45
10,109,-87
10,110,-69
10,111,-11
10,112,-32
10,113,93
10,114,-5
10,115,-99
10,116,-38
10,117,87
10,118,4
10,119,34
10,120,-86
10,121,-53
10,122,-14
10,123,-10
10,124,-24
10,125,-9
10,126,-10
10,127,-71
10,128,29
10,129,-7
10,130,94
10,131,-46
10,132,49
10,133,-8
10,134,-87
10,135,42
10,136,77
10,137,-87
10,138,12
10,139,61
10,140,30
10,141,-57
10,142,-84
10,143,75
10,144,-66
10,145,60
10,146,0
10,147,-39
10,148,-40
10,149,-46
10,150,-84
10,151,85
10,152,27
10,153,-28
10,154,36
10,155,-26
10,156,-71
10,157,-83
10,158,75
10,159,10
10,160,0
10,161,41
10,162,92
10,163,-93
10,164,38
10,165,74
10,166,-9
10,167,-68
10,168,64
10,169,-27
10,170,18
10,171,78
10,172,-33
10,173,48
10,174,-21
10,175,-52
10,176,36
10,177,68
10,178,-60
10,179,-35
10,180,-70
10,181,75
10,182,90
10,183,-47
10,184,77
10,185,0
10,186,26
10,187,-24
10,188,52
10,189,93
10,190,-3
10,191,-6
10,192,-61
10,193,-59
10,194,80
10,195,-56
10,196,-9
10,197,-38
10,198,-8
10,199,26
10,200,57
10,201,22
10,202,60
10,203,-40
10,204,-28
10,205,73
10,206,88
10,207,81
10,208,-65
10,209,14
10,210,-62
10,211,-9
10,212,56
10,213,-88
10,214,40
10,215,65
10,216,62
10,217,79
10,218,-74
10,219,91
10,220,-43
10,221,86
10,222,-24
10,223,65
10,224,-73
10,225,4
10,226,2
10,227,85
10,228,69
10,229,-61
10,230,92
10,231,93
10,232,-36
10,233,19
10,234,54
10,235,22
10,236,-49
10,237,63
10,238,-7
10,239,-98
10,240,-48
10,241,95
10,242,73
10,243,96
10,244,63
10,245,-26
10,246,94
10,247,61
10,248,-30
10,249,-51
10,250,-89
10,251,-77
10,252,22
10,253,-82
10,254,-93
10,255,-32
10,256,28
10,257,-42
10,258,-70
10,259,92
10,260,47
10,261,19
10,262,-81
10,263,80
10,264,78
10,265,-69
10,266,87
10,267,-55
10,268,21
10,269,-12
10,270,74
10,271,11
10,272,-7
10,273,87
10,274,-40
10,275,-82
10,276,-15
10,277,-14
10,278,48
10,279,10
10,280,72
10,281,-69
10,282,-7
10,283,-84
10,284,65
10,285,-42
10,286,4
10,287,28
10,288,49
10,289,47
10,290,-11
10,291,5
10,292,-49
10,293,42
10,294,-60
10,295,-27
10,296,23
10,297,-50
10,298,-41
10,299,18
11,0,50
11,1,-38
11,2,68
11,3,67
11,4,-92
11,5,-87
11,6,12
11,7,40
11,8,-93
11,9,-82
11,10,57
11,11,15
11,12,-9
11,13,-10
11,14,-94
11,15,-57
11,16,69
11,17,-57
11,18,-98
11,19,96
11,20,77
11,21,-49
11,22,8
11,23,-18
11,24,-76
11,25,51
11,26,21
11,27,20
11,28,77
11,29,-44
11,30,76
11,31,23
11,32,-44
11,33,70
11,34,43
11,35,3
11,36,8
11,37,-9
11,38,65
11,39,91
11,40,-28
11,41,-41
11,42,56
11,43,55
11,44,45
11,45,86
11,46,-82
11,47,-56
11,48,-54
11,49,-16
11,50,-68
11,51,-13
11,52,32
11,53,-1
11,54,89
11,55,-17
11,56,-26
11,57,81
11,58,94
11,59,-54
11,60,68
11,61,27
11,62,63
11,63,72
11,64,73
11,65,13
11,66,26
11,67,-81
11,68,-49
11,69,-36
11,70,-24
11,71,-25
11,72,3
11,73,95
11,74,-25
11,75,7
11,76,79
11,77,-85
11,78,75
11,79,50
11,80,-99
11,81,-31
11,82,49
11,83,-7
11,84,90
11,85,13
11,86,55
11,87,-78
11,88,-99
11,89,61
11,90,-90
11,91,-76
11,92,80
11,93,90
11,94,-39
11,95,66
11,96,46
11,97,-99
11,98,70
11,99,-70
11,100,92
11,101,86
11,102,67
11,103,91
11,104,13
11,105,38
11,106,-11
11,107,-88
11,108,11
11,109,90
11,110,51
11,111,25
11,112,10
11,113,77
11,114,2
11,115,40
11,116,-71
11,117,81
11,118,1
11,119,-64
11,120,52
11,121,62
11,122,73
11,123,82
11,124,-19
11,125,-84
11,126,-38
11,127,6
11,128,8
11,129,41
11,130,-86
11,131,31
11,132,30
11,133,72
11,134,47
11,135,14
11,136,-91
11,137,52
11,138,31
11,139,-17
11,140,-14
11,141,31
11,142,-92
11,143,84
11,144,4
11,145,75
11,146,-72
11,147,-43
11,148,-12
11,149,-66
11,150,41
11,151,-67
11,152,73
11,153,8
11,154,39
11,155,91
11,156,75
11,157,93
11,158,34
11,159,-11
11,160,48
11,161,95
11,162,87
11,163,24
11,164,-73
11,165,88
11,166,-65
11,167,-11
11,168,56
11,169,-79
11,170,-22
11,171,-79
11,172,-61
11,173,1
11,174,-16
11,175,-70
11,176,34
11,177,-34
11,178,-5
11,179,-33
11,180,81
11,181,-73
11,182,97
11,183,-97
11,184,72
11,185,57
11,186,-80
11,187,-48
11,188,9
11,189,23
11,190,15
11,191,-53
11,192,35
11,193,-5
11,194,-87
11,195,-29
11,196,62
11,197,-17
11,198,-99
11,199,-32
11,200,-41
11,201,-53
11,202,-95
11,203,-25
11,204,49
11,205,41
11,206,39
11,207,-35
11,208,53
11,209,-71
11,210,42
11,211,0
11,212,37
11,213,86
11,214,-3
11,215,-76
11,216,76
11,217,39
11,218,4
11,219,14
11,220,54
11,221,69
11,222,-28
11,223,61
11,224,-99
11,225,5
11,226,90
11,227,77
11,228,-2
11,229,79
11,230,30
11,231,81
11,232,97
11,233,6
11,234,38
11,235,-83
11,236,-27
11,237,47
11,238,-94
11,239,-42
11,240,-44
11,241,13
11,242,-76
11,243,-90
11,244,43
11,245,-37
11,246,-62
11,247,-46
11,248,-100
11,249,-58
11,250,-91
11,251,38
11,252,-93
11,253,-74
11,254,27
11,255,46
11,256,59
11,257,79
11,258,-75
11,259,24
11,260,22
11,261,-1
11,262,-82
11,263,-32
11,264,-21
11,265,94
11,266,16
11,267,-13
11,268,-6
11,269,67
11,270,94
11,271,-48
11,272,-78
11,273,-98
11,274,-10
11,275,-8
11,276,-8
11,277,-29
11,278,37
11,279,48
11,280,-23
11,281,52
11,282,92
11,283,25
11,284,-31
11,285,-94
11,286,-21
11,287,-51
11,288,64
11,289,-63
11,290,13
11,291,-44
11,292,49
11,293,35
11,294,-61
11,295,-7
11,296,-73
11,297,-87
11,298,-52
11,299,-37
12,0,-78
12,1,-31
12,2,94
12,3,92
12,4,44
12,5,78
12,6,-55
12,7,65
12,8,-38
12,9,-67
12,10,-31
12,11,38
12,12,21
12,13,-45
12,14,46
12,15,-34
12,16,76
12,17,-50
12,18,40
12,19,6
12,20,-34
12,21,0
12,22,76
12,23,36
12,24,-42
12,25,-59
12,26,39
12,27,50
12,28,-65
12,29,-65
12,30,-29
12,31,78
12,32,15
12,33,-2
12,34,-20
12,35,-37
12,36,83
12,37,-70
12,38,-30
12,39,34
12,40,3
12,41,85
12,42,-12
12,43,74
12,44,78
12,45,-86
12,46,63
12,47,-33
12,48,40
12,49,90
12,50,-13
12,51,83
12,52,28
12,53,49
12,54,28
12,55,61
12,56,-23
12,57,33
12,58,-4
12,59,-7
12,60,-79
12,61,-56
12,62,36
12,63,-47
12,64,28
12,65,-72
12,66,-38
12,67,-92
12,68,-14
12,69,22
12,70,-14
12,71,33
12,72,-21
12,73,3
12,74,67
12,75,89
12,76,-86
12,77,40
12,78,-61
12,79,-70
12,80,97
12,81,-42
12,82,61
12,83,-71
12,84,-56
12,85,-52
12,86,-38
12,87,-26
12,88,-42
12,89,33
12,90,13
12,91,86
12,92,-91
12,93,-35
12,94,66
12,95,60
12,96,81
12,97,99
12,98,72
12,99,61
12,100,22
12,101,58
12,102,81
12,103,32
12,104,-53
12,105,-10
12,106,2
12,107,94
12,108,85
12,109,-80
12,110,32
12,111,87
12,112,98
12,113,-95
12,114,76
12,115,7
12,116,-70
12,117,-62
12,118,-19
12,119,91
12,120,-76
12,121,-44
12,122,-17
12,123,-2
12,124,38
12,125,24
12,126,-54
12,127,19
12,128,-49
12,129,-82
12,130,-50
12,131,-55
12,132,-18
12,133,-100
12,134,48
12,135,-51
12,136,99
12,137,92
12,138,38
12,139,21
12,140,-19
12,141,22
12,142,66
12,143,61
12,144,23
12,145,38
12,146,-36
12,147,4
12,148,-86
12,149,-42
12,150,33
12,151,17
12,152,-12
12,153,-14
12,154,-2
12,155,-44
12,156,-7
12,157,-17
12,158,69
12,159,-50
12,160,-38
12,161,44
12,162,40
12,163,53
12,164,-42
12,165,-50
12,166,62
12,167,-42
12,168,27
12,169,-16
12,170,-28
12,171,-38
12,172,7
12,173,62
12,174,-81
12,175,-94
12,176,74
12,177,-33
12,178,68
12,179,-50
12,180,68
12,181,16
12,182,-65
12,183,91
12,184,-26
12,185,-41
12,186,-69
12,187,-69
12,188,-5
12,189,-2
12,190,14
12,191,85
12,192,-46
12,193,-95
12,194,-21
12,195,-82
12,196,-62
12,197,-61
12,198,-65
12,199,36
12,200,-61
12,201,-78
12,202,-64
12,203,-55
12,204,10
12,205,51
12,206,-72
12,207,83
12,208,-17
12,209,-57
12,210,-20
12,211,89
12,212,12
12,213,-95
12,214,37
12,215,40
12,216,40
12,217,88
12,218,-64
12,219,15
12,220,-89
12,221,-46
12,222,23
12,223,71
12,224,22
12,225,23
12,226,-42
12,227,-30
12,228,-88
12,229,20
12,230,2
12,231,-1
12,232,-93
12,233,89
12,234,37
12,235,-93
12,236,20
12,237,-63
12,238,-52
12,239,-92
12,240,60
12,241,84
12,242,90
12,243,76
12,244,-89
12,245,45
12,246,-15
12,247,82
12,248,-53
12,249,99
12,250,19
12,251,28
12,252,-28
12,253,31
12,254,47
12,255,26
12,256,26
12,257,-27
12,258,-25
12,259,-73
12,260,-67
12,261,-58
12,262,39
12,263,-38
12,264,25
12,265,-7
12,266,57
12,267,-79
12,268,-2
12,269,-64
12,270,-66
12,271,71
12,272,-49
12,273,88
12,274,-24
12,275,-20
12,276,-34
12,277,-81
12,278,92
12,279,-74
12,280,22
12,281,68
12,282,93
12,283,-19
12,284,-38
12,285,3
12,286,-82
12,287,49
12,288,88
12,289,96
12,290,50
12,291,71
12,292,55
12,293,52
12,294,75
12,295,96
12,296,-89
12,297,6
12,298,-75
12,299,-46
13,0,-61
13,1,6
13,2,53
13,3,99
13,4,-13
13,5,-84
13,6,17
13,7,84
13,8,-59
13,9,67
13,10,-1
13,11,77
13,12,-66
13,13,-78
13,14,52
13,15,-89
13,16,-34
13,17,66
13,18,-91
13,19,-71
13,20,-73
13,21,-2
13,22,-83
13,23,-92
13,24,-88
13,25,-82
13,26,-23
13,27,-72
13,28,-54
13,29,-12
13,30,-13
13,31,4
13,32,4
13,33,-12
13,34,71
13,35,-20
13,36,95
13,37,-40
13,38,-25
13,39,69
13,40,27
13,41,21
13,42,-5
13,43,-29
13,44,-11
13,45,-79
13,46,6
13,47,63
13,48,79
13,49,-15
13,50,92
13,51,48
13,52,79
13,53,-59
13,54,-41
13,55,-76
13,56,21
13,57,93
13,58,61
13,59,-41
13,60,3
13,61,55
13,62,-54
13,63,-34
13,64,-7
13,65,-94
13,66,-48
13,67,20
13,68,-99
13,69,-52
13,70,-5
13,71,-78
13,72,7
13,73,-83
13,74,-95
13,75,0
13,76,61
13,77,5
13,78,63
13,79,17
13,80,-92
13,81,-9
13,82,-28
13,83,-25
13,84,78
13,85,-28
13,86,7
13,87,65
13,88,-40
13,89,19
13,90,-77
13,91,11
13,92,-2
13,93,46
13,94,58
13,95,68
13,96,-82
13,97,-97
13,98,-54
13,99,82
13,100,-41
13,101,-18
13,102,-4
13,103,-75
13,104,-39
13,105,66
13,106,60
13,107,-23
13,108,79
13,109,-67
13,110,50
13,111,59
13,112,98
13,113,66
13,114,-31
13,115,32
13,116,30
13,117,35
13,118,-62
13,119,29
13,120,0
13,121,-50
13,122,34
13,123,-71
13,124,5
13,125,-5
13,126,93
13,127,-100
13,128,42
13,129,-48
13,130,2
13,131,79
13,132,-53
13,133,61
13,134,-10
13,135,-80
13,136,85
13,137,-41
13,138,95
13,139,-42
13,140,20
13,141,-67
13,142,-60
13,143,0
13,144,27
13,145,-64
13,146,68
13,147,19
13,148,-27
13,149,-62
13,150,-48
13,151,10
13,152,-24
13,153,-64
13,154,-30
13,155,97
13,156,46
13,157,10
13,158,-76
13,159,-27
13,160,24
13,161,91
13,162,2
13,163,-38
13,164,-14
13,165,-83
13,166,77
13,167,-55
13,168,-35
13,169,-69
13,170,-27
13,171,-75
13,172,18
13,173,-48
13,174,27
13,175,22
13,176,-6
13,177,-4
13,178,63
13,179,-90
13,180,-4
13,181,-9
13,182,-87
13,183,47
13,184,67
13,185,39
13,186,-68
13,187,-94
13,188,-15
13,189,-84
13,190,-39
13,191,-34
13,192,84
13,193,-14
13,194,-34
13,195,87
13,196,87
13,197,-92
13,198,74
13,199,46
13,200,64
13,201,-52
13,202,-94
13,203,43
13,204,-44
13,205,17
13,206,-31
13,207,67
13,208,45
13,209,23
13,210,-74
13,211,54
13,212,7
13,213,-84
13,214,27
13,215,-96
13,216,67
13,217,16
13,218,74
13,219,17
13,220,-69
13,221,-38
13,222,-6
13,223,57
13,224,-83
13,225,1
13,226,30
13,227,-52
13,228,99
13,229,-46
13,230,57
13,231,47
13,232,-85
13,233,19
13,234,47
13,235,49
13,236,-27
13,237,-79
13,238,23
13,239,65
13,240,-64
13,241,-29
13,242,30
13,243,24
13,244,14
13,245,53
13,246,70
13,247,86
13,248,-32
13,249,-17
13,250,-93
13,251,19
13,252,-44
13,253,-61
13,254,53
13,255,79
13,256,-23
13,257,14
13,258,-88
13,259,-74
13,260,-24
13,261,27
13,262,46
13,263,90
13,264,-87
13,265,-94
13,266,88
13,267,90
13,268,-22
13,269,57
13,270,-20
13,271,-19
13,272,59
13,273,46
13,274,85
13,275,-11
13,276,-20
13,277,-9
13,278,4
13,279,64
13,280,58
13,281,98
13,282,55
13,283,68
13,284,-61
13,285,-25
13,286,97
13,287,92
13,288,72
13,289,-91
13,290,-25
13,291,-18
13,292,-33
13,293,35
13,294,-94
13,295,36
13,296,-77
13,297,-48
13,298,9
13,299,-74
14,0,-73
14,1,-7
14,2,15
14,3,-60
14,4,-82
14,5,6
14,6,42
14,7,39
14,8,-10
14,9,-71
14,10,36
14,11,-65
14,12,58
14,13,22
14,14,-77
14,15,-15
14,16,-39
14,17,-20
14,18,31
14,19,-10
14,20,52
14,21,-3
14,22,70
14,23,-59
14,24,42
14,25,57
14,26,-91
14,27,-45
14,28,-9
14,29,-30
14,30,-98
14,31,-18
14,32,10
14,33,-22
14,34,-5
14,35,-50
14,36,-46
14,37,-100
14,38,-93
14,39,34
14,40,2
14,41,35
14,42,73
14,43,28
14,44,-35
14,45,-7
14,46,-34
14,47,86
14,48,-89
14,49,58
14,50,78
14,51,96
14,52,45
14,53,-14
14,54,-94
14,55,73
14,56,-86
14,57,-77
14,58,-68
14,59,-53
14,60,-7
14,61,18
14,62,23
14,63,-3
14,64,36
14,65,69
14,66,-70
14,67,-37
14,68,90
14,69,28
14,70,-68
14,71,-2
14,72,2
14,73,36
14,74,-96
14,75,15
14,76,24
14,77,-47
14,78,4
14,79,18
14,80,38
14,81,-43
14,82,-70
14,83,70
14,84,60
14,85,56
14,86,-98
14,87,-45
14,88,80
14,89,-11
14,90,92
14,91,19
14,92,42
14,93,31
14,94,-25
14,95,-13
14,96,60
14,97,-20
14,98,-78
14,99,-8
14,100,-22
14,101,26
14,102,74
14,103,89
14,104,89
14,105,-20
14,106,-88
14,107,99
14,108,9
14,109,67
14,110,14
14,111,62
14,112,53
14,113,9
14,114,78
14,115,-97
14,116,-57
14,117,56
14,118,68
14,119,88
14,120,-46
14,121,23
14,122,-99
14,123,-39
14,124,76
14,125,-27
14,126,92
14,127,-73
14,128,75
14,129,43
14,130,-87
14,131,78
14,132,89
14,133,-77
14,134,56
14,135,-1
14,136,-3
14,137,95
14,138,-9
14,139,57
14,140,-16
14,141,-30
14,142,87
14,143,77
14,144,-62
14,145,-50
14,146,-6
14,147,-85
14,148,-8
14,149,-5
14,150,41
14,151,-44
14,152,76
14,153,-70
14,154,95
14,155,-25
14,156,71
14,157,74
14,158,-56
14,159,79
14,160,-6
14,161,7
14,162,-36
14,163,-71
14,164,52
14,165,43
14,166,-47
14,167,16
14,168,38
14,169,79
14,170,-58
14,171,-34
14,172,-4
14,173,-84
14,174,-43
14,175,43
14,176,-2
14,177,45
14,178,84
14,179,-29
14,180,-37
14,181,8
14,182,27
14,183,-39
14,184,43
14,185,86
14,186,-69
14,187,-28
14,188,-43
14,189,-64
14,190,-82
14,191,22
14,192,97
14,193,-77
14,194,80
14,195,-96
14,196,31
14,197,-60
14,198,-12
14,199,92
14,200,-87
14,201,70
14,202,-62
14,203,-44
14,204,-20
14,205,-69
14,206,-21
14,207,-18
14,208,-72
14,209,70
14,210,28
14,211,15
14,212,-26
14,213,-51
14,214,-75
14,215,71
14,216,-28
14,217,79
14,218,96
14,219,32
14,220,-6
14,221,57
14,222,-8
14,223,42
14,224,-64
14,225,89
14,226,-16
14,227,6
14,228,-40
14,229,47
14,230,53
14,231,61
14,232,30
14,233,92
14,234,1
14,235,71
14,236,27
14,237,-69
14,238,92
14,239,89
14,240,-9
14,241,80
14,242,-95
14,243,-34
14,244,-8
14,245,96
14,246,71
14,247,91
14,248,-25
14,249,5
14,250,-76
14,251,97
14,252,11
14,253,41
14,254,-11
14,255,-9
14,256,-79
14,257,-59
14,258,-91
14,259,-9
14,260,-16
14,261,32
14,262,31
14,263,48
14,264,20
14,265,-34
14,266,-7
14,267,23
14,268,25
14,269,-11
14,270,39
14,271,41
14,272,10
14,273,36
14,274,-51
14,275,-7
14,276,18
14,277,-14
14,278,-54
14,279,45
14,280,32
14,281,-89
14,282,-68
14,283,1
14,284,-75
14,285,-47
14,286,32
14,287,-98
14,288,-17
14,289,10
14,290,-49
14,291,-38
14,292,-57
14,293,24
14,294,-39
14,295,79
14,296,54
14,297,-27
14,298,-38
14,299,17
15,0,-61
15,1,-41
15,2,44
15,3,-76
15,4,-7
15,5,31
15,6,-100
15,7,56
15,8,70
15,9,11
15,10,69
15,11,86
15,12,80
15,13,51
15,14,-26
15,15,-84
15,16,57
15,17,35
15,18,86
15,19,-54
15,20,94
15,21,20
15,22,-62
15,23,16
15,24,41
15,25,29
15,26,64
15,27,59
15,28,-5
15,29,-68
15,30,-24
15,31,25
15,32,91
15,33,-70
15,34,98
15,35,46
15,36,-17
15,37,-41
15,38,61
15,39,-38
15,40,3
15,41,73
15,42,-66
15,43,79
15,44,-35
15,45,13
15,46,48
15,47,-42
15,48,-56
15,49,87
15,50,13
15,51,6
15,52,11
15,53,99
15,54,37
15,55,44
15,56,6
15,57,-39
15,58,71
15,59,-81
15,60,-76
15,61,-77
15,62,-35
15,63,-37
15,64,-96
15,65,-46
15,66,-99
15,67,-36
15,68,-48
15,69,-22
15,70,-88
15,71,50
15,72,-78
15,73,-32
15,74,69
15,75,95
15,76,81
15,77,30
15,78,-97
15,79,-11
15,80,47
15,81,35
15,82,61
15,83,-28
15,84,-96
15,85,-70
15,86,74
15,87,19
15,88,17
15,89,-57
15,90,-65
15,91,96
15,92,-26
15,93,50
15,94,11
15,95,82
15,96,-15
15,97,-68
15,98,86
15,99,57
15,100,12
15,101,64
15,102,-27
15,103,-64
15,104,61
15,105,89
15,106,-76
15,107,49
15,108,81
15,109,98
15,110,-48
15,111,-7
15,112,27
15,113,78
15,114,-27
15,115,30
15,116,-20
15,117,63
15,118,-27
15,119,-79
15,120,31
15,121,68
15,122,-96
15,123,-78
15,124,-58
15,125,93
15,126,27
15,127,-23
15,128,-35
15,129,82
15,130,-61
15,131,-72
15,132,-45
15,133,-93
15,134,-73
15,135,55
15,136,30
15,137,-73
15,138,-60
15,139,11
15,140,53
15,141,-75
15,142,-80
15,143,84
15,144,5
15,145,-48
15,146,-56
15,147,-12
15,148,43
15,149,5
15,150,-29
15,151,85
15,152,-11
15,153,-96
15,154,81
15,155,66
15,156,-48
15,157,30
15,158,76
15,159,-14
15,160,71
15,161,-60
15,162,57
15,163,-27
15,164,96
15,165,-92
15,166,64
15,167,5
15,168,-40
15,169,63
15,170,-76
15,171,72
15,172,-74
15,173,-92
15,174,15
15,175,7
15,176,-73
15,177,65
15,178,8
15,179,33
15,180,72
15,181,14
15,182,74
15,183,-53
15,184,53
15,185,73
15,186,35
15,187,-10
15,188,-4
15,189,33
15,190,46
15,191,80
15,192,-87
15,193,40
15,194,-44
15,195,-32
15,196,-59
15,197,97
15,198,-73
15,199,50
15,200,-78
15,201,78
15,202,60
15,203,66
15,204,87
15,205,41
15,206,-53
15,207,-61
15,208,-37
15,209,-48
15,210,-57
15,211,-56
15,212,2
15,213,43
15,214,-38
15,215,14
15,216,-3
15,217,33
15,218,-32
15,219,-76
15,220,88
15,221,-57
15,222,0
15,223,83
15,224,35
15,225,65
15,226,-44
15,227,91
15,228,67
15,229,-66
15,230,-25
15,231,64
15,232,51
15,233,-80
15,234,7
15,235,-30
15,236,3
15,237,99
15,238,17
15,239,-99
15,240,-17
15,241,-15
15,242,-6
15,243,-13
15,244,94
15,245,-90
15,246,6
15,247,11
15,248,86
15,249,64
15,250,78
15,251,-84
15,252,72
15,253,6
15,254,8
15,255,-52
15,256,56
15,257,-9
15,258,-89
15,259,-91
15,260,-77
15,261,-30
15,262,-82
15,263,9
15,264,65
15,265,-36
15,266,49
15,267,-20
15,268,64
15,269,0
15,270,77
15,271,-48
15,272,15
15,273,-11
15,274,8
15,275,63
15,276,2
15,277,-21
15,278,-93
15,279,18
15,280,38
15,281,-3
15,282,-79
15,283,-41
15,284,-83
15,285,-86
15,286,45
15,287,-49
15,288,10
15,289,94
15,290,-20
15,291,23
15,292,-86
15,293,75
15,294,21
15,295,45
15,296,17
15,297,-73
15,298,17
15,299,-65
16,0,87
16,1,-81
16,2,69
16,3,-82
16,4,-92
16,5,34
16,6,-73
16,7,-51
16,8,-25
16,9,45
16,10,80
16,11,5
16,12,10
16,13,58
16,14,66
16,15,20
16,16,16
16,17,-12
16,18,35
16,19,-88
16,20,-52
16,21,-15
16,22,3
16,23,97
16,24,73
16,25,-54
16,26,-80
16,27,-31
16,28,68
16,29,70
16,30,-75
16,31,-96
16,32,-62
16,33,-68
16,34,-61
16,35,47
16,36,62
16,37,72
16,38,-72
16,39,-55
16,40,-40
16,41,-33
16,42,79
16,43,74
16,44,-54
16,45,2
16,46,33
16,47,-47
16,48,75
16,49,93
16,50,-24
16,51,-46
16,52,52
16,53,-64
16,54,32
16,55,5
16,56,-95
16,57,11
16,58,-52
16,59,-74
16,60,-50
16,61,73
16,62,-61
16,63,-82
16,64,-61
16,65,-34
16,66,30
16,67,41
16,68,-38
16,69,-95
16,70,-2
16,71,-43
16,72,-27
16,73,-60
16,74,-82
16,75,86
16,76,68
16,77,-44
16,78,20
16,79,74
16,80,-100
16,81,-7
16,82,-33
16,83,82
16,84,-56
16,85,5
16,86,-4
16,87,31
16,88,-38
16,89,-62
16,90,-10
16,91,-7
16,92,-76
16,93,90
16,94,38
16,95,-44
16,96,37
16,97,58
16,98,-48
16,99,19
16,100,30
16,101,-48
16,102,-17
16,103,99
16,104,67
16,105,63
16,106,99
16,107,-95
16,108,3
16,109,-97
16,110,-19
16,111,-6
16,112,-60
16,113,14
16,114,-79
16,115,88
16,116,65
16,117,-1
16,118,99
16,119,18
16,120,17
16,121,10
16,122,16
16,123,-100
16,124,-33
16,125,-68
16,126,-27
16,127,87
16,128,-7
16,129,-37
16,130,97
16,131,70
16,132,-76
16,133,10
16,134,-35
16,135,-16
16,136,-16
16,137,-81
16,138,96
16,139,84
16,140,20
16,141,59
16,142,-89
16,143,77
16,144,-51
16,145,64
16,146,73
16,147,75
16,148,-74
16,149,18
16,150,13
16,151,82
16,152,50
16,153,-66
16,154,58
16,155,76
16,156,-40
16,157,67
16,158,51
16,159,-72
16,160,43
16,161,53
16,162,-47
16,163,29
16,164,99
16,165,-97
16,166,-98
16,167,15
16,168,58
16,169,-52
16,170,94
16,171,-47
16,172,97
16,173,-78
16,174,14
16,175,-46
16,176,-31
16,177,-56
16,178,-25
16,179,-6
16,180,-65
16,181,-88
16,182,40
16,183,-75
16,184,-35
16,185,14
16,186,72
16,187,14
16,188,-79
16,189,-92
16,190,-9
16,191,4
16,192,-39
16,193,13
16,194,-19
16,195,23
16,196,-83
16,197,88
16,198,-9
16,199,-8
16,200,-40
16,201,77
16,202,95
16,203,-64
16,204,-57
16,205,-10
16,206,3
16,207,-98
16,208,54
16,209,50
16,210,16
16,211,-35
16,212,70
16,213,94
16,214,3
16,215,-44
16,216,-7
16,217,-24
16,218,35
16,219,78
16,220,-29
16,221,63
16,222,-38
16,223,56
16,224,-4
16,225,7
16,226,-42
16,227,-79
16,228,-32
16,229,62
16,230,28
16,231,76
16,232,48
16,233,-90
16,234,-35
16,235,-35
16,236,91
16,237,-90
16,238,36
16,239,29
16,240,-97
16,241,-22
16,242,-10
16,243,19
16,244,20
16,245,-7
16,246,-29
16,247,18
16,248,-18
16,249,-17
16,250,-51
16,251,71
16,252,-70
16,253,-16
16,254,-68
16,255,37
16,256,-24
16,257,90
16,258,91
16,259,41
16,260,-84
16,261,25
16,262,-47
16,263,-68
16,264,-89
16,265,18
16,266,-37
16,267,61
16,268,-43
16,269,-6
16,270,-5
16,271,25
16,272,-35
16,273,-44
16,274,-94
16,275,79
16,276,70
16,277,-99
16,278,88
16,279,-8
16,280,45
16,281,-76
16,282,-62
16,283,57
16,284,-55
16,285,80
16,286,87
16,287,87
16,288,22
16,289,34
16,290,27
16,291,38
16,292,11
16,293,-82
16,294,-67
16,295,7
16,296,75
16,297,-67
16,298,-21
16,299,55
17,0,57
17,1,68
17,2,-62
17,3,-36
17,4,29
17,5,-59
17,6,18
17,7,6
17,8,-45
17,9,5
17,10,-60
17,11,80
17,12,84
17,13,8
17,14,-87
17,15,-91
17,16,-62
17,17,-99
17,18,69
17,19,76
17,20,64
17,21,-26
17,22,-64
17,23,-17
17,24,19
17,25,39
17,26,98
17,27,33
17,28,9
17,29,17
17,30,98
17,31,59
17,32,77
17,33,63
17,34,-73
17,35,82
17,36,31
17,37,77
17,38,39
17,39,45
17,40,-50
17,41,-27
17,42,7
17,43,-40
17,44,93
17,45,-65
17,46,-39
17,47,37
17,48,-39
17,49,7
17,50,-71
17,51,-41
17,52,-20
17,53,-79
17,54,0
17,55,20
17,56,-68
17,57,-69
17,58,-21
17,59,-75
17,60,42
17,61,-6
17,62,64
17,63,-27
17,64,12
17,65,66
17,66,-38
17,67,-46
17,68,63
17,69,-13
17,70,98
17,71,-13
17,72,-81
17,73,-96
17,74,32
17,75,80
17,76,-21
17,77,76
17,78,47
17,79,-77
17,80,7
17,81,-97
17,82,-96
17,83,36
17,84,76
17,85,-46
17,86,-82
17,87,62
17,88,86
17,89,-93
17,90,-9
17,91,-77
17,92,60
17,93,47
17,94,-10
17,95,-80
17,96,-12
17,97,20
17,98,-60
17,99,-10
17,100,37
17,101,88
17,102,28
17,103,74
17,104,90
17,105,45
17,106,-97
17,107,-49
17,108,46
17,109,72
17,110,-21
17,111,5
17,112,33
17,113,-97
17,114,-99
17,115,90
17,116,-88
17,117,31
17,118,-88
17,119,25
17,120,4
17,121,15
17,122,43
17,123,-20
17,124,-54
17,125,55
17,126,10
17,127,-39
17,128,-43
17,129,62
17,130,-77
17,131,-55
17,132,-17
17,133,71
17,134,91
17,135,42
17,136,-69
17,137,-11
17,138,-47
17,139,97
17,140,-45
17,141,-82
17,142,-71
17,143,-78
17,144,24
17,145,18
17,146,-43
17,147,48
17,148,-40
17,149,-74
17,150,-95
17,151,45
17,152,86
17,153,61
17,154,56
17,155,20
17,156,-14
17,157,83
17,158,28
17,159,-70
17,160,-36
17,161,98
17,162,64
17,163,0
17,164,70
17,165,91
17,166,-7
17,167,-2
17,168,-33
17,169,32
17,170,-84
17,171,77
17,172,-77
17,173,28
17,174,38
17,175,8
17,176,-63
17,177,-45
17,178,-5
17,179,30
17,180,47
17,181,-97
17,182,-23
17,183,21
17,184,98
17,185,60
17,186,85
17,187,87
17,188,72
17,189,31
17,190,12
17,191,-56
17,192,-84
17,193,-29
17,194,13
17,195,61
17,196,-77
17,197,50
17,198,56
17,199,90
17,200,-20
17,201,-42
17,202,82
17,203,-36
17,204,-35
17,205,82
17,206,75
17,207,-17
17,208,34
17,209,-50
17,210,87
17,211,-7
17,212,91
17,213,-77
17,214,9
17,215,-44
17,216,-14
17,217,-81
17,218,33
17,219,35
17,220,-62
17,221,-41
17,222,-86
17,223,10
17,224,99
17,225,15
17,226,38
17,227,-54
17,228,-75
17,229,-22
17,230,-36
17,231,-87
17,232,17
17,233,10
17,234,52
17,235,77
17,236,1
17,237,-63
17,238,7
17,239,-14
17,240,-90
17,241,-29
17,242,33
17,243,34
17,244,23
17,245,-86
17,246,3
17,247,-66
17,248,43
17,249,-28
17,250,39
17,251,-87
17,252,76
17,253,-31
17,254,-81
17,255,-72
17,256,-3
17,257,39
17,258,29
17,259,39
17,260,85
17,261,54
17,262,75
17,263,47
17,264,-2
17,265,-19
17,266,66
17,267,-20
17,268,83
17,269,52
17,270,90
17,271,-13
17,272,-75
17,273,-57
17,274,-62
17,275,-76
17,276,34
17,277,-84
17,278,15
17,279,-63
17,280,-60
17,281,-81
17,282,65
17,283,-26
17,284,-7
17,285,94
17,286,42
17,287,-22
17,288,-34
17,289,-26
17,290,-2
17,291,-15
17,292,45
17,293,72
17,294,-39
17,295,24
17,296,-49
17,297,-82
17,298,-55
17,299,-61
18,0,44
18,1,17
18,2,82
18,3,-54
18,4,92
18,5,-66
18,6,36
18,7,-87
18,8,85
18,9,42
18,10,-18
18,11,10
18,12,-13
18,13,6
18,14,-51
18,15,-46
18,16,91
18,17,-61
18,18,-58
18,19,-17
18,20,21
18,21,94
18,22,1
18,23,-83
18,24,67
18,25,41
18,26,-80
18,27,-80
18,28,38
18,29,-56
18,30,62
18,31,9
18,32,63
18,33,71
18,34,36
18,35,-99
18,36,-18
18,37,61
18,38,-37
18,39,-47
18,40,-28
18,41,26
18,42,20
18,43,8
18,44,45
18,45,-64
18,46,-82
18,47,-10
18,48,-46
18,49,-15
18,50,46
18,51,-29
18,52,11
18,53,-40
18,54,-75
18,55,-59
18,56,-28
18,57,96
18,58,-30
18,59,25
18,60,0
18,61,-54
18,62,50
18,63,21
18,64,-52
18,65,15
18,66,55
18,67,-66
18,68,-5
18,69,-27
18,70,-87
18,71,28
18,72,77
18,73,-33
18,74,-64
18,75,87
18,76,-31
18,77,55
18,78,-16
18,79,69
18,80,97
18,81,-80
18,82,-15
18,83,-27
18,84,95
18,85,-20
18,86,18
18,87,-81
18,88,-75
18,89,0
18,90,18
18,91,-15
18,92,66
18,93,-30
18,94,-44
18,95,-60
18,96,-85
18,97,-78
18,98,30
18,99,-96
18,100,42
18,101,53
18,102,-87
18,103,-59
18,104,13
18,105,60
18,106,53
18,107,94
18,108,47
18,109,46
18,110,-62
18,111,-52
18,112,-32
18,113,47
18,114,8
18,115,0
18,116,48
18,117,15
18,118,-20
18,119,-92
18,120,91
18,121,-48
18,122,-1
18,123,8
18,124,72
18,125,-6
18,126,52
18,127,-77
18,128,12
18,129,69
18,130,-75
18,131,-68
18,132,65
18,133,-48
18,134,-77
18,135,-34
18,136,-13
18,137,57
18,138,99
18,139,-96
18,140,78
18,141,-48
18,142,74
18,143,21
18,144,-27
18,145,97
18,146,11
18,147,33
18,148,-56
18,149,63
18,150,-86
18,151,-20
18,152,72
18,153,-94
18,154,47
18,155,-16
18,156,-28
18,157,-27
18,158,-34
18,159,-73
18,160,-56
18,161,-65
18,162,98
18,163,-73
18,164,-63
18,165,32
18,166,-16
18,167,87
18,168,10
18,169,96
18,170,1
18,171,-48
18,172,6
18,173,61
18,174,-18
18,175,-44
18,176,54
18,177,-72
18,178,84
18,179,-67
18,180,53
18,181,32
18,182,89
18,183,-45
18,184,-45
18,185,-31
18,186,2
18,187,-85
18,188,-26
18,189,57
18,190,-9
18,191,-19
18,192,-18
18,193,-83
18,194,-2
18,195,49
18,196,-47
18,197,75
18,198,-67
18,199,48
18,200,-54
18,201,70
18,202,-62
18,203,-61
18,204,6
18,205,1
18,206,84
18,207,38
18,208,11
18,209,72
18,210,-75
18,211,-37
18,212,59
18,213,89
18,214,89
18,215,-75
18,216,56
18,217,-61
18,218,-50
18,219,-9
18,220,91
18,221,-26
18,222,-39
18,223,51
18,224,11
18,225,80
18,226,-31
18,227,5
18,228,-66
18,229,83
18,230,-62
18,231,52
18,232,99
18,233,93
18,234,27
18,235,93
18,236,-8
18,237,-83
18,238,-42
18,239,18
18,240,15
18,241,-6
18,242,-60
18,243,69
18,244,19
18,245,95
18,246,5
18,247,-26
18,248,4
18,249,-88
18,250,-50
18,251,-76
18,252,-70
18,253,29
18,254,29
18,255,-23
18,256,32
18,257,23
18,258,-26
18,259,7
18,260,59
18,261,29
18,262,-69
18,263,-14
18,264,21
18,265,-16
18,266,92
18,267,-57
18,268,-47
18,269,-2
18,270,-61
18,271,-27
18,272,62
18,273,49
18,274,16
18,275,-76
18,276,-79
18,277,48
18,278,-28
18,279,-17
18,280,-32
18,281,-39
18,282,37
18,283,-73
18,284,-37
18,285,81
18,286,-24
18,287,-93
18,288,-61
18,289,-56
18,290,-18
18,291,86
18,292,50
18,293,-21
18,294,-99
18,295,-14
18,296,38
18,297,-40
18,298,-95
18,299,57
19,0,96
19,1,17
19,2,-32
19,3,11
19,4,75
19,5,12
19,6,-30
19,7,-88
19,8,-19
19,9,-91
19,10,-13
19,11,6
19,12,-44
19,13,95
19,14,34
19,15,15
19,16,-29
19,17,10
19,18,-62
19,19,-50
19,20,-6
19,21,44
19,22,46
19,23,-53
19,24,35
19,25,10
19,26,-19
19,27,-74
19,28,16
19,29,-68
19,30,6
19,31,-96
19,32,-6
19,33,-9
19,34,97
19,35,52
19,36,-48
19,37,58
19,38,66
19,39,-96
19,40,73
19,41,29
19,42,2
19,43,91
19,44,-30
19,45,51
19,46,-57
19,47,-50
19,48,-76
19,49,-82
19,50,-95
19,51,-84
19,52,41
19,53,98
19,54,-81
19,55,-20
19,56,-26
19,57,99
19,58,62
19,59,47
19,60,61
19,61,79
19,62,44
19,63,-3
19,64,-9
19,65,-14
19,66,24
19,67,-31
19,68,-96
19,69,-6
19,70,-30
19,71,35
19,72,-39
19,73,90
19,74,32
19,75,-3
19,76,-49
19,77,-23
19,78,57
19,79,-39
19,80,-27
19,81,-5
19,82,-87
19,83,-27
19,84,20
19,85,82
19,86,38
19,87,-74
19,88,-98
19,89,73
19,90,-89
19,91,16
19,92,-88
19,93,-64
19,94,32
19,95,83
19,96,90
19,97,-77
19,98,74
19,99,59
19,100,64
19,101,-95
19,102,84
19,103,43
19,104,98
19,105,68
19,106,26
19,107,19
19,108,-29
19,109,31
19,110,-69
19,111,87
19,112,-50
19,113,-76
19,114,35
19,115,-25
19,116,-81
19,117,7
19,118,-65
19,119,-29
19,120,4
19,121,83
19,122,49
19,123,64
19,124,84
19,125,-42
19,126,-82
19,127,-32
19,128,53
19,129,-1
19,130,-44
19,131,92
19,132,-92
19,133,-68
19,134,58
19,135,93
19,136,-39
19,137,-48
19,138,-21
19,139,42
19,140,42
19,141,-70
19,142,73
19,143,-9
19,144,31
19,145,54
19,146,-84
19,147,-77
19,148,20
19,149,-99
19,150,3
19,151,16
19,152,-83
19,153,94
19,154,-53
19,155,12
19,156,94
19,157,-37
19,158,-99
19,159,12
19,160,-80
19,161,64
19,162,98
19,163,-14
19,164,31
19,165,-55
19,166,29
19,167,27
19,168,5
19,169,-100
19,170,18
19,171,-15
19,172,74
19,173,24
19,174,-2
19,175,-59
19,176,-88
19,177,-81
19,178,-23
19,179,97
19,180,69
19,181,-38
19,182,-17
19,183,57
19,184,-19
19,185,-100
19,186,-37
19,187,41
19,188,53
19,189,89
19,190,38
19,191,64
19,192,-73
19,193,30
19,194,76
19,195,-28
19,196,59
19,197,44
19,198,61
19,199,74
19,200,58
19,201,-2
19,202,-92
19,203,93
19,204,53
19,205,12
19,206,-6
19,207,-85
19,208,-75
19,209,4
19,210,82
19,211,-46
19,212,57
19,213,-75
19,214,74
19,215,1
19,216,26
19,217,17
19,218,-51
19,219,-43
19,220,36
19,221,-58
19,222,-28
19,223,-2
19,224,-90
19,225,-35
19,226,-7
19,227,0
19,228,-59
19,229,-50
19,230,76
19,231,-48
19,232,88
19,233,-11
19,234,21
19,235,-44
19,236,69
19,237,-78
19,238,-68
19,239,22
19,240,-62
19,241,85
19,242,-63
19,243,45
19,244,-7
19,245,77
19,246,67
19,247,-26
19,248,97
19,249,5
19,250,19
19,251,-27
19,252,94
19,253,85
19,254,73
19,255,3
19,256,-55
19,257,-2
19,258,93
19,259,-84
19,260,-33
19,261,68
19,262,22
19,263,-42
19,264,-2
19,265,-90
19,266,-48
19,267,27
19,268,62
19,269,33
19,270,-98
19,271,68
19,272,14
19,273,-90
19,274,-17
19,275,-52
19,276,-31
19,277,88
19,278,40
19,279,-100
19,280,52
19,281,-19
19,282,-53
19,283,20
19,284,47
19,285,-6
19,286,-8
19,287,87
19,288,-31
19,289,-98
19,290,1
19,291,-75
19,292,33
19,293,89
19,294,-20
19,295,-69
19,296,-49
19,297,30
19,298,79
19,299,23
20,0,-99
20,1,-91
20,2,79
20,3,-51
20,4,38
20,5,-64
20,6,35
20,7,-33
20,8,-67
20,9,-39
20,10,32
20,11,46
20,12,11
20,13,-94
20,14,24
20,15,-86
20,16,-43
20,17,77
20,18,-85
20,19,-69
20,20,65
20,21,59
20,22,-29
20,23,84
20,24,-64
20,25,86
20,26,59
20,27,22
20,28,83
20,29,-7
20,30,-98
20,31,15
20,32,-51
20,33,-11
20,34,13
20,35,24
20,36,59
20,37,5
20,38,32
20,39,98
20,40,-23
20,41,-24
20,42,-21
20,43,-21
20,44,89
20,45,-13
20,46,-11
20,47,-20
20,48,-77
20,49,-26
20,50,-72
20,51,31
20,52,-29
20,53,24
20,54,99
20,55,-72
20,56,71
20,57,74
20,58,82
20,59,-12
20,60,24
20,61,26
20,62,-27
20,63,-15
20,64,-33
20,65,-72
20,66,73
20,67,-40
20,68,65
20,69,87
20,70,-1
20,71,-57
20,72,53
20,73,-50
20,74,-79
20,75,84
20,76,7
20,77,-95
20,78,-67
20,79,-52
20,80,19
20,81,-87
20,82,23
20,83,6
20,84,-15
20,85,-52
20,86,82
20,87,62
20,88,18
20,89,94
20,90,-54
20,91,-71
20,92,69
20,93,-50
20,94,-61
20,95,-85
20,96,-20
20,97,89
20,98,62
20,99,-58
20,100,87
20,101,-35
20,102,-24
20,103,-28
20,104,-35
20,105,40
20,106,-67
20,107,-21
20,108,-79
20,109,-6
20,110,-20
20,111,-41
20,112,84
20,113,-89
20,114,80
20,115,6
20,116,-49
20,117,2
20,118,-47
20,119,-3
20,120,78
20,121,57
20,122,-70
20,123,-32
20,124,-12
20,125,-25
20,126,-37
20,127,-53
20,128,26
20,129,56
20,130,49
20,131,20
20,132,-82
20,133,35
20,134,71
20,135,-41
20,136,23
20,137,-61
20,138,89
20,139,23
20,140,54
20,141,-3
20,142,7
20,143,-53
20,144,-56
20,145,76
20,146,29
20,147,-33
20,148,4
20,149,70
20,150,-85
20,151,62
20,152,-26
20,153,-18
20,154,-20
20,155,10
20,156,-18
20,157,38
20,158,-18
20,159,83
20,160,77
20,161,39
20,162,-68
20,163,-59
20,164,-4
20,165,44
20,166,49
20,167,-3
20,168,-53
20,169,59
20,170,-96
20,171,-22
20,172,75
20,173,96
20,174,-29
20,175,26
20,176,6
20,177,7
20,178,86
20,179,-36
20,180,-89
20,181,-84
20,182,21
20,183,8
20,184,-100
20,185,-86
20,186,93
20,187,49
20,188,54
20,189,-19
20,190,3
20,191,-50
20,192,-18
20,193,76
20,194,-30
20,195,27
20,196,-16
20,197,-54
20,198,-70
20,199,-9
20,200,82
20,201,-90
20,202,-2
20,203,73
20,204,46
20,205,90
20,206,54
20,207,12
20,208,-26
20,209,71
20,210,53
20,211,-86
20,212,-90
20,213,-81
20,214,-24
20,215,57
20,216,-21
20,217,91
20,218,7
20,219,-96
20,220,45
20,221,-15
20,222,-38
20,223,-21
20,224,-4
20,225,-43
20,226,-79
20,227,85
20,228,-60
20,229,-27
20,230,-43
20,231,-96
20,232,-22
20,233,53
20,234,79
20,235,-50
20,236,99
20,237,-28
20,238,48
20,239,82
20,240,18
20,241,-99
20,242,-31
20,243,-64
20,244,20
20,245,-30
20,246,45
20,247,2
20,248,-34
20,249,-18
20,250,-52
20,251,18
20,252,36
20,253,50
20,254,-87
20,255,-71
20,256,-97
20,257,24
20,258,26
20,259,-82
20,260,84
20,261,-20
20,262,43
20,263,9
20,264,0
20,265,31
20,266,45
20,267,-84
20,268,25
20,269,-69
20,270,97
20,271,-48
20,272,-96
20,273,67
20,274,96
20,275,-25
20,276,-21
20,277,-45
20,278,42
20,279,-93
20,280,34
20,281,-74
20,282,-80
20,283,-13
20,284,-19
20,285,12
20,286,90
20,287,83
20,288,-31
20,289,-17
20,290,-58
20,291,2
20,292,-93
20,293,33
20,294,97
20,295,98
20,296,-90
20,297,75
20,298,-75
20,299,-77
21,0,99
21,1,-40
21,2,59
21,3,90
21,4,36
21,5,87
21,6,50
21,7,96
21,8,72
21,9,13
21,10,-77
21,11,93
21,12,-98
21,13,11
21,14,88
21,15,5
21,16,40
21,17,-86
21,18,80
21,19,-30
21,20,-58
21,21,-86
21,22,-90
21,23,-6
21,24,-34
21,25,-90
21,26,30
21,27,-86
21,28,-66
21,29,-71
21,30,-36
21,31,-46
21,32,85
21,33,51
21,34,-48
21,35,-90
21,36,35
21,37,-60
21,38,36
21,39,-5
21,40,-62
21,41,-52
21,42,80
21,43,14
21,44,88
21,45,-22
21,46,-98
21,47,39
21,48,-97
21,49,64
21,50,58
21,51,0
21,52,22
21,53,34
21,54,19
21,55,69
21,56,-88
21,57,-95
21,58,49
21,59,87
21,60,-5
21,61,-42
21,62,-67
21,63,-75
21,64,-50
21,65,-20
21,66,77
21,67,-27
21,68,70
21,69,63
21,70,53
21,71,40
21,72,-87
21,73,-90
21,74,88
21,75,-83
21,76,50
21,77,-94
21,78,-35
21,79,52
21,80,-13
21,81,6
21,82,78
21,83,44
21,84,24
21,85,-50
21,86,22
21,87,51
21,88,50
21,89,-2
21,90,-79
21,91,26
21,92,-79
21,93,37
21,94,6
21,95,-53
21,96,-39
21,97,13
21,98,-32
21,99,37
21,100,62
21,101,-80
21,102,-90
21,103,24
21,104,15
21,105,-98
21,106,8
21,107,-51
21,108,2
21,109,-10
21,110,-14
21,111,17
21,112,77
21,113,-58
21,114,-92
21,115,31
21,116,10
21,117,-92
21,118,-23
21,119,-55
21,120,2
21,121,54
21,122,-46
21,123,22
21,124,-99
21,125,35
21,126,97
21,127,77
21,128,2
21,129,-24
21,130,47
21,131,54
21,132,71
21,133,-90
21,134,-18
21,135,-35
21,136,28
21,137,98
21,138,-56
21,139,50
21,140,1
21,141,48
21,142,17
21,143,20
21,144,58
21,145,-77
21,146,21
21,147,13
21,148,-77
21,149,47
21,150,-68
21,151,42
21,152,-59
21,153,51
21,154,93
21,155,73
21,156,34
21,157,7
21,158,16
21,159,-20
21,160,-93
21,161,-100
21,162,-3
21,163,-100
21,164,13
21,165,-17
21,166,-13
21,167,45
21,168,31
21,169,26
21,170,10
21,171,19
21,172,-19
21,173,-54
21,174,8
21,175,93
21,176,25
21,177,-6
21,178,-84
21,179,-51
21,180,89
21,181,-74
21,182,-71
21,183,-89
21,184,80
21,185,23
21,186,75
21,187,-88
21,188,7
21,189,85
21,190,33
21,191,-40
21,192,-36
21,193,-79
21,194,12
21,195,87
21,196,86
21,197,92
21,198,-92
21,199,-60
21,200,12
21,201,77
21,202,-24
21,203,-27
21,204,7
21,205,12
21,206,35
21,207,-60
21,208,-13
21,209,-41
21,210,16
21,211,60
21,212,2
21,213,-17
21,214,7
21,215,35
21,216,-55
21,217,-44
21,218,-42
21,219,-89
21,220,76
21,221,-38
21,222,17
21,223,74
21,224,-89
21,225,46
21,226,-51
21,227,49
21,228,-69
21,229,-72
21,230,-6
21,231,-8
21,232,-94
21,233,-39
21,234,38
21,235,-31
21,236,-28
21,237,-53
21,238,-52
21,239,-86
21,240,73
21,241,70
21,242,-95
21,243,-22
21,244,-3
21,245,72
21,246,22
21,247,56
21,248,61
21,249,97
21,250,-58
21,251,15
21,252,-60
21,253,59
21,254,-69
21,255,-89
21,256,73
21,257,-76
21,258,59
21,259,-85
21,260,-85
21,261,86
21,262,43
21,263,65
21,264,-66
21,265,48
21,266,-40
21,267,20
21,268,59
21,269,60
21,270,76
21,271,62
21,272,-46
21,273,9
21,274,-78
21,275,69
21,276,79
21,277,38
21,278,17
21,279,29
21,280,-27
21,281,12
21,282,-72
21,283,93
21,284,24
21,285,92
21,286,67
21,287,86
21,288,24
21,289,64
21,290,-96
21,291,20
21,292,99
21,293,7
21,294,-99
21,295,59
21,296,-58
21,297,91
21,298,-95
21,299,76
22,0,-78
22,1,-92
22,2,28
22,3,-78
22,4,81
22,5,62
22,6,54
22,7,74
22,8,-98
22,9,1
22,10,41
22,11,-76
22,12,-52
22,13,50
22,14,-3
22,15,-50
22,16,89
22,17,-94
22,18,-14
22,19,80
22,20,87
22,21,60
22,22,-9
22,23,47
22,24,-64
22,25,-99
22,26,-6
22,27,62
22,28,-13
22,29,81
22,30,-52
22,31,-97
22,32,96
22,33,44
22,34,-27
22,35,-50
22,36,46
22,37,-12
22,38,90
22,39,-44
22,40,40
22,41,-92
22,42,32
22,43,-59
22,44,-84
22,45,30
22,46,-25
22,47,-55
22,48,-47
22,49,7
22,50,47
22,51,-79
22,52,-59
22,53,-22
22,54,67
22,55,-46
22,56,-94
22,57,96
22,58,92
22,59,87
22,60,-27
22,61,3
22,62,-36
22,63,-2
22,64,-87
22,65,24
22,66,-67
22,67,74
22,68,43
22,69,9
22,70,20
22,71,-26
22,72,-79
22,73,-75
22,74,35
22,75,9
22,76,35
22,77,-94
22,78,88
22,79,2
22,80,67
22,81,29
22,82,56
22,83,52
22,84,-18
22,85,64
22,86,11
22,87,43
22,88,-33
22,89,53
22,90,28
22,91,20
22,92,55
22,93,-76
22,94,60
22,95,-31
22,96,-15
22,97,51
22,98,-32
22,99,88
22,100,10
22,101,-54
22,102,53
22,103,-8
22,104,80
22,105,-71
22,106,12
22,107,62
22,108,47
22,109,-68
22,110,-31
22,111,-35
22,112,48
22,113,79
22,114,-18
22,115,-2
22,116,42
22,117,75
22,118,-69
22,119,-12
22,120,62
22,121,-21
22,122,-53
22,123,21
22,124,38
22,125,-82
22,126,-49
22,127,11
22,128,39
22,129,53
22,130,-52
22,131,83
22,132,-61
22,133,33
22,134,-42
22,135,27
22,136,-98
22,137,44
22,138,-91
22,139,39
22,140,-54
22,141,-33
22,142,45
22,143,61
22,144,59
22,145,-15
22,146,74
22,147,52
22,148,9
22,149,-68
22,150,-87
22,151,-43
22,152,25
22,153,61
22,154,75
22,155,-97
22,156,-77
22,157,4
22,158,85
22,159,12
22,160,-13
22,161,-16
22,162,78
22,163,63
22,164,-5
22,165,-45
22,166,-58
22,167,-83
22,168,-21
22,169,-21
22,170,61
22,171,9
22,172,-56
22,173,78
22,174,1
22,175,72
22,176,-27
22,177,23
22,178,-61
22,179,76
22,180,-65
22,181,-79
22,182,-75
22,183,82
22,184,-28
22,185,-76
22,186,-12
22,187,-92
22,188,46
22,189,-21
22,190,-91
22,191,-41
22,192,23
22,193,-31
22,194,-44
22,195,6
22,196,28
22,197,19
22,198,26
22,199,-34
22,200,13
22,201,-65
22,202,-49
22,203,-5
22,204,51
22,205,22
22,206,-22
22,207,8
22,208,9
22,209,70
22,210,62
22,211,-38
22,212,86
22,213,-40
22,214,45
22,215,-94
22,216,27
22,217,-32
22,218,-72
22,219,-9
22,220,-83
22,221,69
22,222,-34
22,223,-15
22,224,-83
22,225,26
22,226,17
22,227,24
22,228,-60
22,229,-94
22,230,-38
22,231,-21
22,232,22
22,233,0
22,234,-47
22,235,22
22,236,52
22,237,-97
22,238,-60
22,239,-67
22,240,-92
22,241,-86
22,242,-38
22,243,-75
22,244,-79
22,245,72
22,246,-77
22,247,98
22,248,-14
22,249,77
22,250,78
22,251,-18
22,252,-25
22,253,-49
22,254,-85
22,255,84
22,256,-76
22,257,15
22,258,97
22,259,-30
22,260,74
22,261,-100
22,262,76
22,263,-7
22,264,5
22,265,58
22,266,-95
22,267,-7
22,268,18
22,269,-41
22,270,-79
22,271,47
22,272,-39
22,273,15
22,274,-100
22,275,8
22,276,3
22,277,-29
22,278,-16
22,279,79
22,280,-86
22,281,-27
22,282,-18
22,283,65
22,284,-20
22,285,-52
22,286,39
22,287,-37
22,288,-62
22,289,94
22,290,11
22,291,63
22,292,66
22,293,10
22,294,56
22,295,-26
22,296,-71
22,297,-5
22,298,53
22,299,-69
23,0,18
23,1,-73
23,2,68
23,3,-46
23,4,-48
23,5,-49
23,6,41
23,7,-68
23,8,-69
23,9,-3
23,10,10
23,11,65
23,12,60
23,13,-93
23,14,-91
23,15,-10
23,16,24
23,17,-79
23,18,83
23,19,-84
23,20,-3
23,21,1
23,22,-38
23,23,-79
23,24,-62
23,25,-42
23,26,-58
23,27,-39
23,28,-11
23,29,3
23,30,-17
23,31,7
23,32,-81
23,33,11
23,34,-82
23,35,81
23,36,-9
23,37,30
23,38,-23
23,39,-53
23,40,23
23,41,27
23,42,-19
23,43,38
23,44,14
23,45,9
23,46,14
23,47,-22
23,48,-12
23,49,91
23,50,-6
23,51,14
23,52,80
23,53,-98
23,54,88
23,55,70
23,56,34
23,57,74
23,58,37
23,59,56
23,60,28
23,61,58
23,62,-74
23,63,-43
23,64,-6
23,65,-41
23,66,45
23,67,42
23,68,91
23,69,16
23,70,20
23,71,-69
23,72,44
23,73,-50
23,74,-83
23,75,25
23,76,-53
23,77,-51
23,78,-44
23,79,92
23,80,7
23,81,-22
23,82,-55
23,83,85
23,84,9
23,85,-31
23,86,-95
23,87,-99
23,88,-31
23,89,-76
23,90,41
23,91,-57
23,92,70
23,93,18
23,94,76
23,95,-83
23,96,-62
23,97,61
23,98,85
23,99,-15
23,100,-32
23,101,-10
23,102,-77
23,103,81
23,104,-4
23,105,-46
23,106,-64
23,107,84
23,108,17
23,109,10
23,110,91
23,111,64
23,112,65
23,113,10
23,114,72
23,115,-21
23,116,28
23,117,63
23,118,-73
23,119,36
23,120,-21
23,121,-65
23,122,-49
23,123,41
23,124,-15
23,125,36
23,126,-4
23,127,40
23,128,60
23,129,-37
23,130,52
23,131,97
23,132,93
23,133,64
23,134,-30
23,135,-44
23,136,-79
23,137,20
23,138,-32
23,139,88
23,140,-8
23,141,92
23,142,20
23,143,6
23,144,32
23,145,-18
23,146,13
23,147,94
23,148,99
23,149,34
23,150,0
23,151,-78
23,152,0
23,153,51
23,154,-5
23,155,-39
23,156,92
23,157,79
23,158,73
23,159,-68
23,160,-21
23,161,32
23,162,12
23,163,24
23,164,-76
23,165,-52
23,166,71
23,167,-75
23,168,65
23,169,-53
23,170,-49
23,171,-37
23,172,-56
23,173,82
23,174,-53
23,175,-89
23,176,-84
23,177,-19
23,178,-5
23,179,-10
23,180,97
23,181,-9
23,182,4
23,183,-6
23,184,49
23,185,-42
23,186,55
23,187,12
23,188,-92
23,189,-29
23,190,-3
23,191,-25
23,192,9
23,193,-6
23,194,-1
23,195,81
23,196,-94
23,197,-93
23,198,-14
23,199,81
23,200,54
23,201,26
23,202,40
23,203,79
23,204,-60
23,205,30
23,206,-81
23,207,38
23,208,-44
23,209,-3
23,210,-57
23,211,11
23,212,-35
23,213,34
23,214,5
23,215,86
23,216,4
23,217,-74
23,218,-20
23,219,-10
23,220,40
23,221,-67
23,222,-11
23,223,-38
23,224,-75
23,225,-76
23,226,12
23,227,-100
23,228,47
23,229,-86
23,230,48
23,231,-9
23,232,13
23,233,-2
23,234,40
23,235,-17
23,236,31
23,237,7
23,238,26
23,239,21
23,240,-41
23,241,-6
23,242,68
23,243,31
23,244,90
23,245,76
23,246,-82
23,247,40
23,248,-21
23,249,-81
23,250,-29
23,251,-90
23,252,48
23,253,-73
23,254,66
23,255,94
23,256,57
23,257,35
23,258,59
23,259,-26
23,260,90
23,261,86
23,262,61
23,263,-81
23,264,19
23,265,63
23,266,-66
23,267,33
23,268,31
23,269,-57
23,270,-55
23,271,58
23,272,29
23,273,97
23,274,66
23,275,26
23,276,54
23,277,58
23,278,65
23,279,-52
23,280,-75
23,281,34
23,282,-27
23,283,-89
23,284,14
23,285,-28
23,286,-18
23,287,-83
23,288,-21
23,289,96
23,290,-26
23,291,73
23,292,-59
23,293,-59
23,294,72
23,295,-56
23,296,-4
23,297,95
23,298,-43
23,299,44
24,0,-16
24,1,54
24,2,94
24,3,63
24,4,20
24,5,-61
24,6,46
24,7,-8
24,8,88
24,9,59
24,10,-78
24,11,-24
24,12,-15
24,13,50
24,14,60
24,15,36
24,16,53
24,17,-82
24,18,55
24,19,10
24,20,-84
24,21,-21
24,22,-29
24,23,95
24,24,-62
24,25,-51
24,26,34
24,27,-23
24,28,-24
24,29,-7
24,30,26
24,31,27
24,32,43
24,33,54
24,34,-6
24,35,-93
24,36,-28
24,37,99
24,38,87
24,39,-18
24,40,-73
24,41,99
24,42,-17
24,43,-45
24,44,-15
24,45,-21
24,46,14
24,47,80
24,48,71
24,49,-7
24,50,-45
24,51,-91
24,52,-18
24,53,78
24,54,38
24,55,21
24,56,76
24,57,8
24,58,-23
24,59,95
24,60,-39
24,61,-19
24,62,44
24,63,-68
24,64,-1
24,65,98
24,66,-71
24,67,-56
24,68,-93
24,69,24
24,70,-41
24,71,-14
24,72,-48
24,73,-21
24,74,-30
24,75,-58
24,76,12
24,77,41
24,78,-62
24,79,-21
24,80,57
24,81,15
24,82,72
24,83,73
24,84,-98
24,85,-43
24,86,-79
24,87,88
24,88,-39
24,89,-54
24,90,-8
24,91,-63
24,92,-70
24,93,10
24,94,-46
24,95,-21
24,96,-99
24,97,-12
24,98,-7
24,99,-62
24,100,16
24,101,-89
24,102,62
24,103,-96
24,104,23
24,105,-95
24,106,64
24,107,-62
24,108,38
24,109,-54
24,110,-92
24,111,-9
24,112,-70
24,113,-10
24,114,74
24,115,-25
24,116,-9
24,117,24
24,118,73
24,119,47
24,120,48
24,121,-81
24,122,-84
24,123,-55
24,124,-85
24,125,-56
24,126,-56
24,127,-8
24,128,84
24,129,-15
24,130,-64
24,131,-33
24,132,-4
24,133,-37
24,134,-58
24,135,-76
24,136,-53
24,137,-13
24,138,79
24,139,-21
24,140,-64
24,141,-66
24,142,27
24,143,72
24,144,-37
24,145,79
24,146,38
24,147,-16
24,148,97
24,149,43
24,150,2
24,151,-67
24,152,-72
24,153,-37
24,154,61
24,155,-4
24,156,95
24,157,92
24,158,72
24,159,-13
24,160,-41
24,161,50
24,162,32
24,163,-4
24,164,-79
24,165,17
24,166,90
24,167,49
24,168,-1
24,169,71
24,170,72
24,171,-49
24,172,-12
24,173,-86
24,174,25
24,175,-97
24,176,52
24,177,70
24,178,-23
24,179,-19
24,180,-26
24,181,-70
24,182,-32
24,183,-8
24,184,92
24,185,-17
24,186,30
24,187,-41
24,188,-9
24,189,21
24,190,40
24,191,80
24,192,23
24,193,84
24,194,5
24,195,-100
24,196,48
24,197,-11
24,198,21
24,199,83
24,200,-45
24,201,16
24,202,48
24,203,-32
24,204,88
24,205,54
24,206,19
24,207,96
24,208,66
24,209,-30
24,210,-64
24,211,-30
24,212,63
24,213,83
24,214,-82
24,215,51
24,216,47
24,217,-10
24,218,33
24,219,-29
24,220,-44
24,221,-15
24,222,-26
24,223,-15
24,224,-3
24,225,-68
24,226,-18
24,227,6
24,228,41
24,229,29
24,230,-29
24,231,-66
24,232,-8
24,233,-95
24,234,-79
24,235,55
24,236,4
24,237,48
24,238,56
24,239,-92
24,240,58
24,241,-1
24,242,77
24,243,26
24,244,-28
24,245,47
24,246,-57
24,247,-96
24,248,13
24,249,89
24,250,-78
24,251,-59
24,252,-34
24,253,13
24,254,1
24,255,38
24,256,40
24,257,-26
24,258,-94
24,259,-67
24,260,-56
24,261,69
24,262,81
24,263,-78
24,264,-96
24,265,-38
24,266,98
24,267,23
24,268,-3
24,269,-49
24,270,-28
24,271,-89
24,272,-88
24,273,92
24,274,-24
24,275,-97
24,276,64
24,277,55
24,278,78
24,279,95
24,280,87
24,281,7
24,282,-12
24,283,-14
24,284,51
24,285,16
24,286,74
24,287,-55
24,288,17
24,289,14
24,290,-90
24,291,-36
24,292,-36
24,293,98
24,294,-85
24,295,14
24,296,-48
24,297,-38
24,298,43
24,299,13
25,0,46
25,1,-96
25,2,-82
25,3,63
25,4,62
25,5,56
25,6,-60
25,7,96
25,8,-23
25,9,70
25,10,31
25,11,-83
25,12,-77
25,13,17
25,14,82
25,15,96
25,16,35
25,17,41
25,18,16
25,19,17
25,20,74
25,21,7
25,22,-12
25,23,-92
25,24,-36
25,25,-39
25,26,-50
25,27,-74
25,28,25
25,29,-56
25,30,79
25,31,-100
25,32,-85
25,33,-6
25,34,-63
25,35,-89
25,36,87
25,37,85
25,38,60
25,39,89
25,40,18
25,41,87
25,42,32
25,43,-26
25,44,-49
25,45,38
25,46,-61
25,47,26
25,48,-24
25,49,47
25,50,-11
25,51,-51
25,52,-4
25,53,-43
25,54,22
25,55,-72
25,56,62
25,57,96
25,58,0
25,59,-96
25,60,-15
25,61,-96
25,62,-32
25,63,43
25,64,17
25,65,-40
25,66,-49
25,67,39
25,68,-12
25,69,78
25,70,72
25,71,17
25,72,-94
25,73,-60
25,74,53
25,75,80
25,76,2
25,77,77
25,78,-33
25,79,13
25,80,-47
25,81,-7
25,82,24
25,83,59
25,84,-50
25,85,17
25,86,-7
25,87,37
25,88,89
25,89,-10
25,90,93
25,91,45
25,92,-1
25,93,-25
25,94,65
25,95,-44
25,96,-99
25,97,-50
25,98,68
25,99,-94
25,100,-18
25,101,25
25,102,-85
25,103,68
25,104,-88
25,105,66
25,106,41
25,107,25
25,108,-25
25,109,-79
25,110,-94
25,111,96
25,112,18
25,113,90
25,114,-35
25,115,-26
25,116,-50
25,117,-13
25,118,47
25,119,-58
25,120,-66
25,121,-97
25,122,-60
25,123,-73
25,124,-82
25,125,-64
25,126,56
25,127,66
25,128,-7
25,129,97
25,130,49
25,131,8
25,132,49
25,133,47
25,134,43
25,135,-37
25,136,-64
25,137,46
25,138,-81
25,139,88
25,140,-90
25,141,-64
25,142,-27
25,143,-97
25,144,-8
25,145,97
25,146,-99
25,147,95
25,148,-11
25,149,-78
25,150,-22
25,151,19
25,152,-84
25,153,63
25,154,28
25,155,47
25,156,-55
25,157,-57
25,158,-38
25,159,80
25,160,-2
25,161,50
25,162,66
25,163,38
25,164,-21
25,165,-100
25,166,25
25,167,-48
25,168,-85
25,169,28
25,170,-84
25,171,84
25,172,36
25,173,-14
25,174,-86
25,175,-46
25,176,-30
25,177,91
25,178,-83
25,179,-50
25,180,-34
25,181,-79
25,182,-39
25,183,-31
25,184,-48
25,185,3
25,186,-99
25,187,-51
25,188,-59
25,189,29
25,190,-76
25,191,37
25,192,37
25,193,-64
25,194,85
25,195,88
25,196,-55
25,197,59
25,198,-84
25,199,-72
25,200,59
25,201,-79
25,202,-63
25,203,62
25,204,89
25,205,-58
25,206,-65
25,207,-24
25,208,48
25,209,52
25,210,41
25,211,-58
25,212,-44
25,213,19
25,214,-74
25,215,65
25,216,47
25,217,-17
25,218,-2
25,219,-3
25,220,14
25,221,7
25,222,-81
25,223,-98
25,224,-9
25,225,-35
25,226,-4
25,227,33
25,228,48
25,229,-88
25,230,-4
25,231,84
25,232,29
25,233,-53
25,234,-39
25,235,-11
25,236,63
25,237,94
25,238,52
25,239,-25
25,240,-44
25,241,32
25,242,79
25,243,-22
25,244,-37
25,245,-2
25,246,-69
25,247,18
25,248,-9
25,249,17
25,250,86
25,251,30
25,252,1
25,253,64
25,254,34
25,255,-83
25,256,85
25,257,42
25,258,24
25,259,54
25,260,68
25,261,-5
25,262,56
25,263,3
25,264,-34
25,265,-83
25,266,85
25,267,-55
25,268,34
25,269,-99
25,270,99
25,271,-93
25,272,-100
25,273,3
25,274,-9
25,275,31
25,276,56
25,277,-54
25,278,33
25,279,99
25,280,32
25,281,-67
25,282,-43
25,283,-30
25,284,-83
25,285,38
25,286,-44
25,287,28
25,288,-25
25,289,70
25,290,34
25,291,33
25,292,-16
25,293,14
25,294,72
25,295,-50
25,296,-59
25,297,91
25,298,-37
25,299,65
26,0,46
26,1,58
26,2,3
26,3,-75
26,4,-91
26,5,-84
26,6,-39
26,7,-3
26,8,-41
26,9,-36
26,10,71
26,11,97
26,12,68
26,13,31
26,14,17
26,15,91
26,16,98
26,17,-31
26,18,29
26,19,36
26,20,-30
26,21,-66
26,22,83
26,23,-36
26,24,-46
26,25,-71
26,26,-44
26,27,-7
26,28,35
26,29,1
26,30,-38
26,31,7
26,32,10
26,33,93
26,34,29
26,35,24
26,36,96
26,37,-64
26,38,-63
26,39,-83
26,40,-53
26,41,-35
26,42,66
26,43,33
26,44,93
26,45,-95
26,46,34
26,47,-80
26,48,73
26,49,-27
26,50,53
26,51,-79
26,52,60
26,53,74
26,54,8
26,55,72
26,56,73
26,57,-37
26,58,-25
26,59,39
26,60,-1
26,61,-28
26,62,-58
26,63,-88
26,64,37
26,65,27
26,66,-21
26,67,-1
26,68,10
26,69,50
26,70,-27
26,71,-17
26,72,17
26,73,-61
26,74,-51
26,75,60
26,76,39
26,77,61
26,78,-23
26,79,-46
26,80,8
26,81,-56
26,82,40
26,83,-69
26,84,-79
26,85,-21
26,86,62
26,87,-17
26,88,-4
26,89,99
26,90,-98
26,91,-97
26,92,-18
26,93,-41
26,94,17
26,95,-100
26,96,58
26,97,93
26,98,68
26,99,-2
26,100,-85
26,101,33
26,102,89
26,103,39
26,104,83
26,105,-47
26,106,82
26,107,7
26,108,1
26,109,-35
26,110,89
26,111,48
26,112,22
26,113,-72
26,114,91
26,115,80
26,116,-37
26,117,-80
26,118,93
26,119,-30
26,120,-97
26,121,-61
26,122,22
26,123,76
26,124,73
26,125,60
26,126,-19
26,127,42
26,128,55
26,129,42
26,130,-67
26,131,4
26,132,79
26,133,38
26,134,-84
26,135,47
26,136,98
26,137,-88
26,138,48
26,139,-45
26,140,-11
26,141,-29
26,142,97
26,143,-18
26,144,-46
26,145,89
26,146,-23
26,147,-16
26,148,-94
26,149,26
26,150,97
26,151,67
26,152,-15
26,153,-33
26,154,-33
26,155,-64
26,156,-48
26,157,9
26,158,-98
26,159,40
26,160,20
26,161,62
26,162,-72
26,163,73
26,164,1
26,165,-99
26,166,-18
26,167,-78
26,168,7
26,169,34
26,170,-21
26,171,-82
26,172,64
26,173,-20
26,174,-89
26,175,-27
26,176,-45
26,177,25
26,178,81
26,179,-56
26,180,63
26,181,72
26,182,52
26,183,-55
26,184,-52
26,185,-27
26,186,-18
26,187,-10
26,188,94
26,189,53
26,190,47
26,191,-5
26,192,56
26,193,-65
26,194,-36
26,195,-81
26,196,-27
26,197,-43
26,198,-89
26,199,-15
26,200,-5
26,201,9
26,202,90
26,203,-6
26,204,-75
26,205,61
26,206,58
26,207,-27
26,208,-29
26,209,-77
26,210,6
26,211,-100
26,212,54
26,213,-64
26,214,-34
26,215,46
26,216,-8
26,217,85
26,218,-27
26,219,-34
26,220,-80
26,221,-27
26,222,5
26,223,-2
26,224,-46
26,225,-2
26,226,20
26,227,61
26,228,39
26,229,74
26,230,-9
26,231,18
26,232,-100
26,233,-75
26,234,14
26,235,-59
26,236,-7
26,237,13
26,238,22
26,239,-22
26,240,43
26,241,94
26,242,-56
26,243,81
26,244,-57
26,245,23
26,246,-80
26,247,-95
26,248,2
26,249,36
26,250,-10
26,251,22
26,252,25
26,253,-52
26,254,94
26,255,-29
26,256,-24
26,257,51
26,258,0
26,259,61
26,260,-29
26,261,-29
26,262,95
26,263,-93
26,264,-77
26,265,-87
26,266,53
26,267,11
26,268,28
26,269,-36
26,270,-66
26,271,-40
26,272,-30
26,273,18
26,274,78
26,275,-40
26,276,-96
26,277,-20
26,278,91
26,279,65
26,280,-80
26,281,45
26,282,35
26,283,41
26,284,-35
26,285,51
26,286,-36
26,287,-48
26,288,12
26,289,20
26,290,28
26,291,-66
26,292,12
26,293,-12
26,294,-11
26,295,79
26,296,91
26,297,-20
26,298,-95
26,299,96
27,0,-100
27,1,1
27,2,-82
27,3,-91
27,4,3
27,5,25
27,6,-72
27,7,38
27,8,-81
27,9,-73
27,10,-15
27,11,51
27,12,-10
27,13,-73
27,14,-68
27,15,-60
27,16,-32
27,17,-81
27,18,-85
27,19,13
27,20,11
27,21,-77
27,22,-71
27,23,8
27,24,38
27,25,-2
27,26,38
27,27,-36
27,28,-85
27,29,96
27,30,95
27,31,5
27,32,7
27,33,-98
27,34,34
27,35,81
27,36,71
27,37,12
27,38,-67
27,39,-73
27,40,64
27,41,59
27,42,-26
27,43,45
27,44,-8
27,45,-34
27,46,59
27,47,62
27,48,-12
27,49,-8
27,50,-83
27,51,-63
27,52,-55
27,53,-42
27,54,56
27,55,92
27,56,39
27,57,37
27,58,14
27,59,70
27,60,-40
27,61,-47
27,62,51
27,63,-23
27,64,77
27,65,-99
27,66,80
27,67,-39
27,68,11
27,69,96
27,70,-96
27,71,39
27,72,-7
27,73,80
27,74,54
27,75,31
27,76,-40
27,77,-10
27,78,-58
27,79,71
27,80,87
27,81,-78
27,82,-89
27,83,42
27,84,-67
27,85,44
27,86,94
27,87,6
27,88,-87
27,89,4
27,90,-21
27,91,-23
27,92,-98
27,93,8
27,94,80
27,95,-28
27,96,-45
27,97,30
27,98,15
27,99,-29
27,100,36
27,101,57
27,102,73
27,103,73
27,104,31
27,105,-11
27,106,95
27,107,25
27,108,-9
27,109,-92
27,110,-9
27,111,49
27,112,-94
27,113,-61
27,114,30
27,115,7
27,116,-58
27,117,-83
27,118,11
27,119,69
27,120,88
27,121,-62
27,122,-2
27,123,-71
27,124,67
27,125,-81
27,126,-27
27,127,74
27,128,49
27,129,44
27,130,-29
27,131,3
27,132,-54
27,133,-34
27,134,76
27,135,-87
27,136,-42
27,137,-85
27,138,47
27,139,37
27,140,-18
27,141,89
27,142,-36
27,143,-8
27,144,-22
27,145,-45
27,146,-57
27,147,3
27,148,5
27,149,33
27,150,-44
27,151,-11
27,152,96
27,153,46
27,154,43
27,155,-92
27,156,54
27,157,61
27,158,-61
27,159,53
27,160,-2
27,161,80
27,162,-50
27,163,89
27,164,99
27,165,-54
27,166,66
27,167,-45
27,168,-28
27,169,-36
27,170,53
27,171,30
27,172,-70
27,173,52
27,174,12
27,175,-37
27,176,91
27,177,31
27,178,-40
27,179,20
27,180,-2
27,181,4
27,182,-24
27,183,-15
27,184,-20
27,185,54
27,186,74
27,187,-98
27,188,-29
27,189,94
27,190,18
27,191,-8
27,192,60
27,193,-68
27,194,-43
27,195,68
27,196,-31
27,197,-100
27,198,-31
27,199,-35
27,200,4
27,201,79
27,202,-59
27,203,33
27,204,24
27,205,1
27,206,-70
27,207,-63
27,208,76
27,209,-60
27,210,82
27,211,-94
27,212,62
27,213,23
27,214,-85
27,215,-82
27,216,48
27,217,65
27,218,75
27,219,-42
27,220,-17
27,221,-9
27,222,-9
27,223,30
27,224,12
27,225,61
27,226,-31
27,227,-15
27,228,-93
27,229,31
27,230,-97
27,231,-13
27,232,66
27,233,-39
27,234,87
27,235,46
27,236,-10
27,237,-48
27,238,-91
27,239,-38
27,240,-82
27,241,30
27,242,66
27,243,-70
27,244,73
27,245,-48
27,246,-99
27,247,-17
27,248,14
27,249,81
27,250,-1
27,251,33
27,252,-75
27,253,93
27,254,-100
27,255,20
27,256,-70
27,257,-56
27,258,22
27,259,-41
27,260,94
27,261,92
27,262,-4
27,263,-58
27,264,-85
27,265,-16
27,266,71
27,267,60
27,268,-7
27,269,21
27,270,47
27,271,15
27,272,30
27,273,-83
27,274,36
27,275,87
27,276,63
27,277,8
27,278,-71
27,279,51
27,280,63
27,281,19
27,282,-55
27,283,70
27,284,4
27,285,-86
27,286,-73
27,287,-1
27,288,-44
27,289,34
27,290,85
27,291,35
27,292,94
27,293,-86
27,294,12
27,295,-8
27,296,-52
27,297,-77
27,298,88
27,299,94
28,0,-56
28,1,89
28,2,24
28,3,99
28,4,88
28,5,-68
28,6,-7
28,7,13
28,8,54
28,9,71
28,10,-64
28,11,-11
28,12,-96
28,13,84
28,14,37
28,15,-80
28,16,-55
28,17,24
28,18,-60
28,19,-5
28,20,-84
28,21,-25
28,22,92
28,23,-67
28,24,-28
28,25,1
28,26,-14
28,27,28
28,28,-66
28,29,-93
28,30,71
28,31,-97
28,32,65
28,33,-62
28,34,-40
28,35,27
28,36,79
28,37,87
28,38,49
28,39,75
28,40,17
28,41,-43
28,42,19
28,43,-72
28,44,44
28,45,38
28,46,43
28,47,-62
28,48,12
28,49,-89
28,50,10
28,51,-86
28,52,79
28,53,-71
28,54,28
28,55,-53
28,56,-36
28,57,7
28,58,-67
28,59,-56
28,60,55
28,61,68
28,62,-35
28,63,95
28,64,-81
28,65,9
28,66,-68
28,67,-39
28,68,-54
28,69,-36
28,70,37
28,71,38
28,72,-19
28,73,-74
28,74,6
28,75,45
28,76,37
28,77,-19
28,78,-69
28,79,93
28,80,-33
28,81,-80
28,82,31
28,83,21
28,84,-86
28,85,-6
28,86,-11
28,87,-35
28,88,73
28,89,-16
28,90,11
28,91,-48
28,92,-71
28,93,-94
28,94,63
28,95,1
28,96,-1
28,97,9
28,98,77
28,99,73
28,100,-44
28,101,41
28,102,-38
28,103,-16
28,104,-3
28,105,15
28,106,46
28,107,31
28,108,29
28,109,-22
28,110,-71
28,111,-30
28,112,-82
28,113,-34
28,114,-9
28,115,70
28,116,54
28,117,84
28,118,-53
28,119,10
28,120,-6
28,121,-79
28,122,34
28,123,56
28,124,-80
28,125,68
28,126,82
28,127,-91
28,128,-39
28,129,99
28,130,85
28,131,-6
28,132,15
28,133,77
28,134,2
28,135,97
28,136,83
28,137,14
28,138,-49
28,139,74
28,140,52
28,141,29
28,142,-53
28,143,77
28,144,-31
28,145,93
28,146,-28
28,147,90
28,148,-88
28,149,-95
28,150,5
28,151,97
28,152,-64
28,153,85
28,154,-21
28,155,95
28,156,-28
28,157,-82
28,158,40
28,159,96
28,160,44
28,161,-52
28,162,94
28,163,35
28,164,64
28,165,-49
28,166,28
28,167,75
28,168,67
28,169,-35
28,170,-100
28,171,87
28,172,-80
28,173,-80
28,174,-13
28,175,90
28,176,-80
28,177,68
28,178,-23
28,179,-24
28,180,-47
28,181,66
28,182,11
28,183,-30
28,184,27
28,185,46
28,186,21
28,187,-23
28,188,16
28,189,-88
28,190,-35
28,191,-2
28,192,26
28,193,-45
28,194,-55
28,195,-17
28,196,-43
28,197,82
28,198,-58
28,199,61
28,200,42
28,201,25
28,202,64
28,203,-49
28,204,-90
28,205,-31
28,206,23
28,207,-95
28,208,-2
28,209,-68
28,210,-73
28,211,75
28,212,-4
28,213,71
28,214,18
28,215,35
28,216,-72
28,217,51
28,218,-21
28,219,43
28,220,29
28,221,46
28,222,-40
28,223,-26
28,224,41
28,225,-5
28,226,-63
28,227,-4
28,228,3
28,229,-13
28,230,58
28,231,-56
28,232,18
28,233,96
28,234,64
28,235,54
28,236,-85
28,237,-51
28,238,41
28,239,-49
28,240,32
28,241,0
28,242,-85
28,243,88
28,244,88
28,245,-81
28,246,-35
28,247,-88
28,248,-17
28,249,-66
28,250,-33
28,251,-67
28,252,-17
28,253,37
28,254,-36
28,255,57
28,256,-41
28,257,-98
28,258,-86
28,259,69
28,260,51
28,261,54
28,262,26
28,263,-54
28,264,-100
28,265,84
28,266,-87
28,267,-72
28,268,-16
28,269,-41
28,270,-44
28,271,-10
28,272,49
28,273,-82
28,274,-82
28,275,34
28,276,88
28,277,17
28,278,-51
28,279,-29
28,280,18
28,281,13
28,282,-100
28,283,8
28,284,34
28,285,-34
28,286,46
28,287,77
28,288,28
28,289,79
28,290,-14
28,291,-74
28,292,95
28,293,90
28,294,-76
28,295,4
28,296,90
28,297,0
28,298,-32
28,299,-49
29,0,-17
29,1,-19
29,2,-93
29,3,7
29,4,-62
29,5,74
29,6,-89
29,7,-3
29,8,58
29,9,-89
29,10,-60
29,11,-75
29,12,-50
29,13,-8
29,14,39
29,15,-48
29,16,-49
29,17,-76
29,18,-56
29,19,-48
29,20,-84
29,21,48
29,22,-83
29,23,67
29,24,-72
29,25,-38
29,26,28
29,27,63
29,28,49
29,29,19
29,30,-78
29,31,37
29,32,22
29,33,-93
29,34,22
29,35,-88
29,36,50
29,37,-82
29,38,7
29,39,78
29,40,-77
29,41,-79
29,42,18
29,43,-4
29,44,1
29,45,-43
29,46,-9
29,47,38
29,48,43
29,49,-74
29,50,99
29,51,14
29,52,85
29,53,-66
29,54,-13
29,55,-31
29,56,-10
29,57,-53
29,58,-44
29,59,-8
29,60,-16
29,61,-85
29,62,-49
29,63,99
29,64,-45
29,65,26
29,66,78
29,67,-19
29,68,-35
29,69,-47
29,70,46
29,71,-35
29,72,-9
29,73,-75
29,74,68
29,75,64
29,76,-29
29,77,79
29,78,30
29,79,-19
29,80,32
29,81,30
29,82,98
29,83,72
29,84,-62
29,85,-82
29,86,-91
29,87,5
29,88,59
29,89,62
29,90,28
29,91,-58
29,92,-32
29,93,-38
29,94,-89
29,95,-17
29,96,-98
29,97,-45
29,98,-21
29,99,-81
29,100,-92
29,101,-67
29,102,29
29,103,16
29,104,-88
29,105,66
29,106,-85
29,107,-48
29,108,63
29,109,-86
29,110,-60
29,111,-23
29,112,93
29,113,20
29,114,2
29,115,-36
29,116,9
29,117,77
29,118,-6
29,119,96
29,120,17
29,121,-72
29,122,85
29,123,-25
29,124,-14
29,125,41
29,126,23
29,127,33
29,128,96
29,129,-41
29,130,31
29,131,-58
29,132,98
29,133,93
29,134,-54
29,135,41
29,136,55
29,137,-92
29,138,-72
29,139,62
29,140,45
29,141,-90
29,142,89
29,143,76
29,144,-52
29,145,79
29,146,34
29,147,-70
29,148,-3
29,149,80
29,150,41
29,151,53
29,152,-78
29,153,49
29,154,-75
29,155,9
29,156,-43
29,157,30
29,158,89
29,159,-91
29,160,62
29,161,-88
29,162,80
29,163,-93
29,164,-96
29,165,-29
29,166,49
29,167,11
29,168,-67
29,169,32
29,170,52
29,171,-6
29,172,5
29,173,75
29,174,82
29,175,37
29,176,-95
29,177,-18
29,178,59
29,179,-33
29,180,-72
29,181,57
29,182,54
29,183,14
29,184,58
29,185,-43
29,186,38
29,187,62
29,188,14
29,189,72
29,190,62
29,191,66
29,192,18
29,193,-27
29,194,-7
29,195,-27
29,196,-5
29,197,-54
29,198,89
29,199,-49
29,200,-13
29,201,97
29,202,53
29,203,59
29,204,-24
29,205,-54
29,206,48
29,207,72
29,208,87
29,209,66
29,210,87
29,211,30
29,212,-7
29,213,87
29,214,-39
29,215,56
29,216,66
29,217,28
29,218,-8
29,219,-76
29,220,47
29,221,99
29,222,29
29,223,41
29,224,-33
29,225,-7
29,226,-3
29,227,-44
29,228,97
29,229,17
29,230,-25
29,231,-11
29,232,53
29,233,-53
29,234,-91
29,235,11
29,236,56
29,237,-55
29,238,58
29,239,-84
29,240,-94
29,241,-72
29,242,52
29,243,-75
29,244,-90
29,245,-98
29,246,45
29,247,-30
29,248,-74
29,249,63
29,250,34
29,251,-12
29,252,-61
29,253,-14
29,254,8
29,255,-67
29,256,18
29,257,-79
29,258,90
29,259,-7
29,260,-26
29,261,19
29,262,68
29,263,-5
29,264,-87
29,265,-53
29,266,38
29,267,45
29,268,-20
29,269,95
29,270,6
29,271,55
29,272,-25
29,273,-93
29,274,-51
29,275,-6
29,276,-56
29,277,5
29,278,-2
29,279,9
29,280,97
29,281,45
29,282,-43
29,283,-75
29,284,-22
29,285,3
29,286,32
29,287,64
29,288,-68
29,289,-69
29,290,-99
29,291,8
29,292,58
29,293,80
29,294,-17
29,295,-68
29,296,85
29,297,-57
29,298,-42
29,299,-52
30,0,-8
30,1,-92
30,2,48
30,3,-56
30,4,80
30,5,26
30,6,93
30,7,-18
30,8,-58
30,9,10
30,10,64
30,11,-98
30,12,49
30,13,46
30,14,-44
30,15,53
30,16,-69
30,17,-85
30,18,-82
30,19,-48
30,20,-66
30,21,-60
30,22,62
30,23,-7
30,24,-94
30,25,48
30,26,-95
30,27,46
30,28,-17
30,29,-26
30,30,6
30,31,-20
30,32,88
30,33,82
30,34,-90
30,35,24
30,36,-26
30,37,-15
30,38,-1
30,39,-43
30,40,-75
30,41,55
30,42,-100
30,43,-76
30,44,0
30,45,91
30,46,44
30,47,90
30,48,90
30,49,87
30,50,-16
30,51,56
30,52,-22
30,53,10
30,54,-16
30,55,94
30,56,-17
30,57,-2
30,58,13
30,59,-59
30,60,-1
30,61,14
30,62,-11
30,63,-57
30,64,-50
30,65,28
30,66,-26
30,67,-45
30,68,18
30,69,-60
30,70,97
30,71,-22
30,72,-45
30,73,40
30,74,47
30,75,71
30,76,-1
30,77,-23
30,78,87
30,79,-84
30,80,10
30,81,0
30,82,28
30,83,34
30,84,15
30,85,88
30,86,-52
30,87,-93
30,88,92
30,89,37
30,90,-93
30,91,-34
30,92,38
30,93,21
30,94,-48
30,95,-37
30,96,58
30,97,-2
30,98,-75
30,99,6
30,100,71
30,101,-29
30,102,71
30,103,-7
30,104,62
30,105,-7
30,106,-32
30,107,81
30,108,-69
30,109,49
30,110,-73
30,111,-88
30,112,-38
30,113,24
30,114,-46
30,115,-58
30,116,-48
30,117,-40
30,118,-33
30,119,-44
30,120,-12
30,121,96
30,122,-95
30,123,-73
30,124,-28
30,125,2
30,126,-51
30,127,-95
30,128,-27
30,129,-49
30,130,63
30,131,-75
30,132,94
30,133,-100
30,134,-47
30,135,48
30,136,11
30,137,-74
30,138,-11
30,139,-89
30,140,-60
30,141,12
30,142,83
30,143,64
30,144,75
30,145,39
30,146,65
30,147,13
30,148,61
30,149,30
30,150,44
30,151,-36
30,152,-55
30,153,89
30,154,56
30,155,-69
30,156,-86
30,157,-68
30,158,74
30,159,19
30,160,-48
30,161,-22
30,162,-61
30,163,-12
30,164,98
30,165,72
30,166,94
30,167,-33
30,168,83
30,169,-6
30,170,-2
30,171,-95
30,172,-34
30,173,-16
30,174,67
30,175,-83
30,176,49
30,177,-40
30,178,83
30,179,99
30,180,-38
30,181,3
30,182,66
30,183,-92
30,184,-31
30,185,74
30,186,85
30,187,84
30,188,-8
30,189,13
30,190,23
30,191,58
30,192,-47
30,193,66
30,194,92
30,195,88
30,196,63
30,197,-95
30,198,42
30,199,48
30,200,-31
30,201,-99
30,202,50
30,203,67
30,204,8
30,205,57
30,206,13
30,207,53
30,208,87
30,209,-58
30,210,-13
30,211,64
30,212,-13
30,213,-82
30,214,22
30,215,-100
30,216,-96
30,217,80
30,218,8
30,219,-73
30,220,-38
30,221,66
30,222,-81
30,223,4
30,224,40
30,225,-75
30,226,42
30,227,-54
30,228,45
30,229,23
30,230,54
30,231,-11
30,232,-70
30,233,-35
30,234,8
30,235,-53
30,236,-18
30,237,-6
30,238,-48
30,239,82
30,240,-54
30,241,-40
30,242,-83
30,243,-7
30,244,-85
30,245,-23
30,246,-51
30,247,87
30,248,-17
30,249,-31
30,250,92
30,251,-42
30,252,-31
30,253,-83
30,254,-95
30,255,65
30,256,-50
30,257,18
30,258,-35
30,259,-7
30,260,-91
30,261,-53
30,262,-33
30,263,-39
30,264,87
30,265,-60
30,266,-93
30,267,-96
30,268,-68
30,269,-32
30,270,74
30,271,-84
30,272,-32
30,273,-49
30,274,6
30,275,-28
30,276,-70
30,277,99
30,278,87
30,279,30
30,280,6
30,281,-22
30,282,13
30,283,-83
30,284,-52
30,285,-57
30,286,41
30,287,77
30,288,-29
30,289,45
30,290,-14
30,291,21
30,292,94
30,293,88
30,294,-80
30,295,67
30,296,-51
30,297,-52
30,298,-64
30,299,-11
31,0,-93
31,1,-42
31,2,-27
31,3,18
31,4,-61
31,5,-87
31,6,15
31,7,27
31,8,85
31,9,75
31,10,-80
31,11,68
31,12,10
31,13,32
31,14,-82
31,15,-78
31,16,-11
31,17,49
31,18,36
31,19,-92
31,20,5
31,21,59
31,22,-30
31,23,79
31,24,86
31,25,-66
31,26,-71
31,27,-76
31,28,76
31,29,-27
31,30,-23
31,31,-68
31,32,98
31,33,55
31,34,-92
31,35,12
31,36,-39
31,37,92
31,38,83
31,39,75
31,40,-47
31,41,-5
31,42,23
31,43,69
31,44,-12
31,45,-12
31,46,-89
31,47,-78
31,48,-8
31,49,-21
31,50,-21
31,51,7
31,52,24
31,53,14
31,54,-76
31,55,-19
31,56,-79
31,57,36
31,58,-28
31,59,-64
31,60,-33
31,61,-54
31,62,-12
31,63,56
31,64,43
31,65,49
31,66,-66
31,67,39
31,68,-76
31,69,35
31,70,-83
31,71,-91
31,72,-35
31,73,25
31,74,16
31,75,24
31,76,75
31,77,-15
31,78,-90
31,79,89
31,80,-53
31,81,0
31,82,-82
31,83,-33
31,84,-5
31,85,85
31,86,40
31,87,-79
31,88,53
31,89,-5
31,90,-83
31,91,-72
31,92,38
31,93,72
31,94,9
31,95,60
31,96,58
31,97,45
31,98,-23
31,99,90
31,100,57
31,101,39
31,102,71
31,103,-72
31,104,19
31,105,-32
31,106,82
31,107,-99
31,108,-93
31,109,45
31,110,-46
31,111,77
31,112,9
31,113,-16
31,114,-88
31,115,92
31,116,-35
31,117,92
31,118,-37
31,119,67
31,120,80
31,121,-8
31,122,14
31,123,22
31,124,60
31,125,-97
31,126,-78
31,127,74
31,128,-4
31,129,86
31,130,30
31,131,-58
31,132,-16
31,133,53
31,134,-89
31,135,-35
31,136,89
31,137,61
31,138,9
31,139,82
31,140,-98
31,141,-70
31,142,-88
31,143,28
31,144,-57
31,145,-67
31,146,-9
31,147,13
31,148,-1
31,149,55
31,150,-86
31,151,85
31,152,43
31,153,-28
31,154,99
31,155,90
31,156,-26
31,157,-14
31,158,45
31,159,26
31,160,-78
31,161,6
31,162,-70
31,163,-31
31,164,-5
31,165,-51
31,166,95
31,167,35
31,168,-8
31,169,1
31,170,70
31,171,27
31,172,-1
31,173,5
31,174,50
31,175,66
31,176,15
31,177,66
31,178,-53
31,179,-35
31,180,-60
31,181,-24
31,182,91
31,183,-79
31,184,-25
31,185,49
31,186,96
31,187,-66
31,188,4
31,189,12
31,190,-75
31,191,28
31,192,60
31,193,60
31,194,47
31,195,60
31,196,66
31,197,40
31,198,94
31,199,20
31,200,-96
31,201,-83
31,202,-48
31,203,24
31,204,-44
31,205,40
31,206,-3
31,207,-78
31,208,61
31,209,87
31,210,44
31,211,-92
31,212,29
31,213,79
31,214,68
31,215,-90
31,216,40
31,217,-34
31,218,-95
31,219,96
31,220,7
31,221,-4
31,222,-44
31,223,-21
31,224,69
31,225,-7
31,226,-22
31,227,34
31,228,-72
31,229,-56
31,230,43
31,231,3
31,232,83
31,233,37
31,234,-50
31,235,85
31,236,-67
31,237,68
31,238,-35
31,239,-21
31,240,-60
31,241,11
31,242,41
31,243,-1
31,244,32
31,245,9
31,246,-89
31,247,78
31,248,42
31,249,-27
31,250,74
31,251,49
31,252,67
31,253,41
31,254,84
31,255,-8
31,256,-28
31,257,35
31,258,-54
31,259,46
31,260,92
31,261,-10
31,262,11
31,263,-50
31,264,-36
31,265,84
31,266,-22
31,267,75
31,268,-31
31,269,-58
31,270,-77
31,271,35
31,272,-54
31,273,-8
31,274,-79
31,275,9
31,276,-55
31,277,-10
31,278,17
31,279,73
31,280,64
31,281,-51
31,282,-49
31,283,-84
31,284,95
31,285,-54
31,286,-11
31,287,-27
31,288,-17
31,289,71
31,290,71
31,291,74
31,292,17
31,293,-55
31,294,2
31,295,-51
31,296,-15
31,297,-42
31,298,26
31,299,88
32,0,-59
32,1,78
32,2,38
32,3,65
32,4,-58
32,5,28
32,6,-7
32,7,-61
32,8,-45
32,9,-23
32,10,32
32,11,-9
32,12,-35
32,13,-98
32,14,-48
32,15,-76
32,16,8
32,17,22
32,18,72
32,19,-40
32,20,-13
32,21,24
32,22,-90
32,23,52
32,24,-38
32,25,90
32,26,-59
32,27,-1
32,28,29
32,29,-17
32,30,26
32,31,63
32,32,-14
32,33,-32
32,34,-40
32,35,43
32,36,-76
32,37,-75
32,38,-45
32,39,-76
32,40,93
32,41,53
32,42,20
32,43,-82
32,44,31
32,45,67
32,46,-11
32,47,3
32,48,87
32,49,23
32,50,-65
32,51,18
32,52,87
32,53,-43
32,54,44
32,55,26
32,56,84
32,57,56
32,58,-76
32,59,-7
32,60,47
32,61,-25
32,62,-26
32,63,74
32,64,-15
32,65,-25
32,66,-39
32,67,-18
32,68,-73
32,69,27
32,70,-1
32,71,-58
32,72,79
32,73,-90
32,74,-40
32,75,56
32,76,-50
32,77,-11
32,78,95
32,79,-41
32,80,86
32,81,60
32,82,-18
32,83,42
32,84,-56
32,85,24
32,86,-6
32,87,58
32,88,-72
32,89,72
32,90,57
32,91,-74
32,92,92
32,93,48
32,94,35
32,95,-79
32,96,-18
32,97,1
32,98,22
32,99,55
32,100,-96
32,101,-71
32,102,60
32,103,7
32,104,-77
32,105,71
32,106,-61
32,107,-65
32,108,93
32,109,2
32,110,-60
32,111,14
32,112,5
32,113,18
32,114,-68
32,115,-88
32,116,-39
32,117,-60
32,118,89
32,119,-4
32,120,-32
32,121,-25
32,122,-1
32,123,73
32,124,-8
32,125,-90
32,126,-66
32,127,32
32,128,61
32,129,78
32,130,-35
32,131,39
32,132,-27
32,133,89
32,134,-22
32,135,86
32,136,-60
32,137,66
32,138,-21
32,139,-30
32,140,0
32,141,54
32,142,56
32,143,67
32,144,-42
32,145,-75
32,146,-86
32,147,12
32,148,65
32,149,-15
32,150,-24
32,151,70
32,152,25
32,153,76
32,154,-22
32,155,-5
32,156,-44
32,157,-35
32,158,74
32,159,-65
32,160,14
32,161,-14
32,162,25
32,163,1
32,164,-4
32,165,-77
32,166,-17
32,167,-8
32,168,85
32,169,-95
32,170,-16
32,171,19
32,172,-39
32,173,26
32,174,-22
32,175,21
32,176,-10
32,177,51
32,178,15
32,179,-36
32,180,58
32,181,-73
32,182,8
32,183,90
32,184,20
32,185,18
32,186,9
32,187,86
32,188,-23
32,189,9
32,190,-61
32,191,27
32,192,-18
32,193,42
32,194,76
32,195,66
32,196,24
32,197,7
32,198,-14
32,199,-16
32,200,60
32,201,-25
32,202,57
32,203,23
32,204,52
32,205,-39
32,206,-48
32,207,-84
32,208,40
32,209,66
32,210,73
32,211,-22
32,212,-57
32,213,-53
32,214,-91
32,215,-28
32,216,-47
32,217,42
32,218,77
32,219,-64
32,220,45
32,221,-22
32,222,71
32,223,92
32,224,-31
32,225,-10
32,226,-32
32,227,-91
32,228,-34
32,229,47
32,230,0
32,231,54
32,232,-9
32,233,-9
32,234,64
32,235,-89
32,236,-98
32,237,33
32,238,43
32,239,-8
32,240,54
32,241,-75
32,242,7
32,243,38
32,244,-22
32,245,-85
32,246,-44
32,247,68
32,248,34
32,249,-1
32,250,96
32,251,59
32,252,6
32,253,19
32,254,4
32,255,-18
32,256,-89
32,257,33
32,258,3
32,259,19
32,260,32
32,261,14
32,262,-57
32,263,-64
32,264,87
32,265,80
32,266,-69
32,267,29
32,268,-86
32,269,-34
32,270,-78
32,271,89
32,272,-85
32,273,-64
32,274,-34
32,275,-33
32,276,91
32,277,92
32,278,-14
32,279,22
32,280,-98
32,281,83
32,282,65
32,283,-58
32,284,3
32,285,-65
32,286,21
32,287,77
32,288,35
32,289,-67
32,290,-20
32,291,-6
32,292,-96
32,293,8
32,294,72
32,295,-50
32,296,44
32,297,73
32,298,15
32,299,79
33,0,-30
33,1,-50
33,2,99
33,3,-84
33,4,-80
33,5,68
33,6,-4
33,7,-19
33,8,-29
33,9,-20
33,10,-57
33,11,30
33,12,71
33,13,-30
33,14,-10
33,15,72
33,16,39
33,17,59
33,18,-51
33,19,14
33,20,-36
33,21,3
33,22,53
33,23,-27
33,24,98
33,25,48
33,26,-91
33,27,95
33,28,48
33,29,-1
33,30,-56
33,31,20
33,32,53
33,33,89
33,34,-85
33,35,45
33,36,-76
33,37,-41
33,38,-13
33,39,-73
33,40,90
33,41,17
33,42,-57
33,43,34
33,44,9
33,45,42
33,46,86
33,47,78
33,48,-98
33,49,16
33,50,-69
33,51,63
33,52,24
33,53,63
33,54,80
33,55,-12
33,56,-68
33,57,72
33,58,43
33,59,-60
33,60,35
33,61,67
33,62,-45
33,63,-96
33,64,46
33,65,-67
33,66,-47
33,67,38
33,68,-3
33,69,-75
33,70,-41
33,71,90
33,72,65
33,73,-33
33,74,12
33,75,3
33,76,10
33,77,48
33,78,42
33,79,74
33,80,81
33,81,30
33,82,-48
33,83,-100
33,84,-24
33,85,-46
33,86,-53
33,87,81
33,88,84
33,89,-57
33,90,75
33,91,-36
33,92,58
33,93,-62
33,94,-75
33,95,-23
33,96,69
33,97,55
33,98,45
33,99,-48
33,100,51
33,101,-98
33,102,-25
33,103,9
33,104,-50
33,105,-22
33,106,-57
33,107,39
33,108,-53
33,109,1
33,110,33
33,111,-99
33,112,78
33,113,3
33,114,45
33,115,94
33,116,71
33,117,-65
33,118,-40
33,119,38
33,120,-19
33,121,60
33,122,46
33,123,-69
33,124,-94
33,125,42
33,126,-79
33,127,3
33,128,77
33,129,62
33,130,12
33,131,51
33,132,-64
33,133,-1
33,134,-87
33,135,54
33,136,-56
33,137,-98
33,138,-38
33,139,91
33,140,7
33,141,62
33,142,-61
33,143,92
33,144,21
33,145,-47
33,146,-99
33,147,81
33,148,72
33,149,51
33,150,-71
33,151,31
33,152,5
33,153,-4
33,154,45
33,155,-92
33,156,-57
33,157,-1
33,158,92
33,159,53
33,160,45
33,161,33
33,162,-32
33,163,-29
33,164,-29
33,165,-25
33,166,-13
33,167,88
33,168,28
33,169,91
33,170,-100
33,171,92
33,172,-11
33,173,-36
33,174,32
33,175,73
33,176,57
33,177,-32
33,178,-70
33,179,-11
33,180,31
33,181,85
33,182,-25
33,183,20
33,184,44
33,185,-19
33,186,50
33,187,-2
33,188,98
33,189,20
33,190,-76
33,191,-79
33,192,-75
33,193,34
33,194,41
33,195,-65
33,196,96
33,197,-80
33,198,-1
33,199,-62
33,200,12
33,201,16
33,202,-8
33,203,-85
33,204,16
33,205,-64
33,206,77
33,207,78
33,208,-71
33,209,23
33,210,44
33,211,34
33,212,70
33,213,-26
33,214,-43
33,215,-43
33,216,3
33,217,-26
33,218,-78
33,219,28
33,220,-36
33,221,57
33,222,-61
33,223,87
33,224,13
33,225,-56
33,226,-54
33,227,40
33,228,73
33,229,36
33,230,86
33,231,-93
33,232,-64
33,233,-14
33,234,97
33,235,-38
33,236,-27
33,237,58
33,238,-43
33,239,-10
33,240,-22
33,241,-41
33,242,79
33,243,-45
33,244,-52
33,245,-39
33,246,21
33,247,-58
33,248,-68
33,249,-96
33,250,-65
33,251,-8
33,252,50
33,253,-71
33,254,89
33,255,85
33,256,49
33,257,11
33,258,3
33,259,10
33,260,-98
33,261,-5
33,262,-18
33,263,-70
33,264,-19
33,265,-91
33,266,-5
33,267,99
33,268,-11
33,269,-15
33,270,55
33,271,72
33,272,-41
33,273,-11
33,274,-93
33,275,-28
33,276,-95
33,277,28
33,278,-74
33,279,-49
33,280,-18
33,281,19
33,282,30
33,283,34
33,284,-47
33,285,-60
33,286,-79
33,287,-35
33,288,90
33,289,-84
33,290,37
33,291,-29
33,292,84
33,293,-20
33,294,85
33,295,-5
33,296,-61
33,297,67
33,298,-24
33,299,84
34,0,97
34,1,0
34,2,-24
34,3,76
34,4,-7
34,5,-57
34,6,79
34,7,-89
34,8,94
34,9,-24
34,10,57
34,11,43
34,12,21
34,13,84
34,14,39
34,15,74
34,16,-80
34,17,41
34,18,-31
34,19,47
34,20,-40
34,21,-90
34,22,-4
34,23,-46
34,24,71
34,25,-46
34,26,-25
34,27,-63
34,28,-49
34,29,22
34,30,21
34,31,25
34,32,21
34,33,12
34,34,68
34,35,35
34,36,-32
34,37,-75
34,38,-78
34,39,-11
34,40,-11
34,41,-11
34,42,-28
34,43,-24
34,44,4
34,45,-97
34,46,28
34,47,9
34,48,11
34,49,60
34,50,19
34,51,19
34,52,4
34,53,-40
34,54,43
34,55,81
34,56,-59
34,57,94
34,58,50
34,59,-87
34,60,-84
34,61,-63
34,62,-9
34,63,52
34,64,-94
34,65,55
34,66,-17
34,67,69
34,68,-38
34,69,36
34,70,49
34,71,-47
34,72,97
34,73,86
34,74,41
34,75,-9
34,76,-3
34,77,91
34,78,29
34,79,-88
34,80,92
34,81,50
34,82,-20
34,83,-27
34,84,-84
34,85,4
34,86,88
34,87,-70
34,88,-2
34,89,36
34,90,83
34,91,-63
34,92,2
34,93,-87
34,94,72
34,95,95
34,96,11
34,97,-98
34,98,68
34,99,38
34,100,-93
34,101,61
34,102,-35
34,103,-91
34,104,69
34,105,75
34,106,66
34,107,-97
34,108,-34
34,109,70
34,110,94
34,111,31
34,112,73
34,113,90
34,114,28
34,115,38
34,116,-82
34,117,11
34,118,-98
34,119,-96
34,120,-71
34,121,-8
34,122,90
34,123,-52
34,124,72
34,125,-47
34,126,76
34,127,-71
34,128,-79
34,129,47
34,130,-84
34,131,68
34,132,-89
34,133,63
34,134,26
34,135,13
34,136,85
34,137,5
34,138,-84
34,139,-22
34,140,1
34,141,-15
34,142,2
34,143,0
34,144,46
34,145,-98
34,146,-16
34,147,-25
34,148,84
34,149,-99
34,150,40
34,151,-15
34,152,-90
34,153,94
34,154,-26
34,155,96
34,156,-45
34,157,-86
34,158,-78
34,159,66
34,160,-50
34,161,-55
34,162,55
34,163,-2
34,164,-48
34,165,-62
34,166,-73
34,167,-33
34,168,-24
34,169,95
34,170,44
34,171,34
34,172,-91
34,173,-43
34,174,-43
34,175,93
34,176,-22
34,177,25
34,178,-39
34,179,96
34,180,99
34,181,31
34,182,-57
34,183,-11
34,184,68
34,185,48
34,186,47
34,187,-89
34,188,-50
34,189,1
34,190,-50
34,191,-31
34,192,-21
34,193,75
34,194,91
34,195,15
34,196,11
34,197,99
34,198,-1
34,199,39
34,200,3
34,201,-67
34,202,28
34,203,21
34,204,-64
34,205,-52
34,206,50
34,207,-13
34,208,-2
34,209,-98
34,210,-81
34,211,1
34,212,-86
34,213,-56
34,214,-32
34,215,-41
34,216,-41
34,217,-8
34,218,19
34,219,-74
34,220,48
34,221,43
34,222,-39
34,223,-99
34,224,44
34,225,10
34,226,-93
34,227,-93
34,228,73
34,229,-26
34,230,-2
34,231,5
34,232,25
34,233,96
34,234,-38
34,235,68
34,236,65
34,237,-22
34,238,-72
34,239,-96
34,240,-91
34,241,9
34,242,-45
34,243,12
34,244,-22
34,245,-76
34,246,25
34,247,-57
34,248,-53
34,249,68
34,250,42
34,251,-38
34,252,84
34,253,33
34,254,-42
34,255,-49
34,256,-44
34,257,-64
34,258,-20
34,259,48
34,260,55
34,261,36
34,262,-11
34,263,-68
34,264,-65
34,265,-25
34,266,-90
34,267,-2
34,268,46
34,269,23
34,270,17
34,271,-43
34,272,-25
34,273,-25
34,274,23
34,275,-85
34,276,54
34,277,-71
34,278,1
34,279,-84
34,280,-75
34,281,49
34,282,-92
34,283,64
34,284,-66
34,285,76
34,286,12
34,287,-53
34,288,-86
34,289,96
34,290,73
34,291,-2
34,292,79
34,293,92
34,294,3
34,295,-71
34,296,65
34,297,13
34,298,-73
34,299,94
35,0,36
35,1,50
35,2,82
35,3,22
35,4,31
35,5,51
35,6,-7
35,7,72
35,8,-36
35,9,56
35,10,-12
35,11,7
35,12,19
35,13,-37
35,14,6
35,15,-86
35,16,-46
35,17,-41
35,18,-49
35,19,-32
35,20,-51
35,21,82
35,22,51
35,23,-19
35,24,-31
35,25,9
35,26,-19
35,27,8
35,28,-81
35,29,2
35,30,-4
35,31,56
35,32,-77
35,33,-5
35,34,47
35,35,-94
35,36,-84
35,37,90
35,38,55
35,39,72
35,40,31
35,41,64
35,42,-48
35,43,-53
35,44,6
35,45,-36
35,46,-16
35,47,77
35,48,-40
35,49,-67
35,50,82
35,51,-65
35,52,-8
35,53,-18
35,54,24
35,55,-8
35,56,-27
35,57,-72
35,58,73
35,59,27
35,60,-44
35,61,-48
35,62,-62
35,63,-48
35,64,31
35,65,81
35,66,-28
35,67,-31
35,68,39
35,69,-18
35,70,86
35,71,65
35,72,-7
35,73,-25
35,74,-12
35,75,-21
35,76,-36
35,77,26
35,78,-83
35,79,15
35,80,-44
35,81,-41
35,82,-46
35,83,-100
35,84,-85
35,85,-94
35,86,26
35,87,17
35,88,-85
35,89,38
35,90,47
35,91,57
35,92,66
35,93,-38
35,94,13
35,95,-39
35,96,68
35,97,69
35,98,-3
35,99,-46
35,100,-8
35,101,-94
35,102,-98
35,103,-95
35,104,-53
35,105,-50
35,106,-88
35,107,48
35,108,-10
35,109,85
35,110,-25
35,111,80
35,112,-23
35,113,1
35,114,-76
35,115,14
35,116,-19
35,117,-49
35,118,-76
35,119,-95
35,120,82
35,121,-35
35,122,-50
35,123,-75
35,124,-44
35,125,63
35,126,-24
35,127,-77
35,128,-46
35,129,96
35,130,-14
35,131,48
35,132,49
35,133,66
35,134,11
35,135,87
35,136,3
35,137,81
35,138,-5
35,139,-5
35,140,-38
35,141,16
35,142,29
35,143,64
35,144,8
35,145,-76
35,146,-46
35,147,51
35,148,-58
35,149,-44
35,150,-34
35,151,-85
35,152,87
35,153,-42
35,154,41
35,155,26
35,156,1
35,157,-2
35,158,54
35,159,-95
35,160,97
35,161,-68
35,162,-99
35,163,-75
35,164,72
35,165,-74
35,166,4
35,167,-27
35,168,8
35,169,-6
35,170,-70
35,171,35
35,172,-15
35,173,-63
35,174,5
35,175,38
35,176,-90
35,177,3
35,178,26
35,179,23
35,180,41
35,181,-89
35,182,96
35,183,-54
35,184,-59
35,185,-63
35,186,8
35,187,-38
35,188,59
35,189,-44
35,190,-95
35,191,-67
35,192,10
35,193,34
35,194,21
35,195,78
35,196,94
35,197,25
35,198,12
35,199,-35
35,200,90
35,201,-35
35,202,40
35,203,-29
35,204,43
35,205,7
35,206,-98
35,207,46
35,208,-74
35,209,68
35,210,-37
35,211,-62
35,212,18
35,213,99
35,214,56
35,215,89
35,216,48
35,217,-88
35,218,-90
35,219,-35
35,220,-87
35,221,21
35,222,-61
35,223,86
35,224,24
35,225,33
35,226,48
35,227,-89
35,228,97
35,229,-69
35,230,54
35,231,-7
35,232,-6
35,233,40
35,234,-73
35,235,-71
35,236,-68
35,237,25
35,238,34
35,239,92
35,240,-76
35,241,-42
35,242,25
35,243,-57
35,244,61
35,245,23
35,246,-92
35,247,27
35,248,-16
35,249,2
35,250,-15
35,251,72
35,252,23
35,253,11
35,254,40
35,255,29
35,256,-2
35,257,-36
35,258,29
35,259,44
35,260,90
35,261,67
35,262,89
35,263,-53
35,264,88
35,265,11
35,266,51
35,267,57
35,268,-9
35,269,28
35,270,41
35,271,-7
35,272,80
35,273,-68
35,274,77
35,275,-47
35,276,-29
35,277,-40
35,278,-100
35,279,-53
35,280,-97
35,281,7
35,282,99
35,283,16
35,284,15
35,285,39
35,286,38
35,287,35
35,288,-57
35,289,-6
35,290,-4
35,291,4
35,292,-31
35,293,-30
35,294,-80
35,295,26
35,296,58
35,297,-45
35,298,41
35,299,-1
36,0,-40
36,1,-8
36,2,-50
36,3,46
36,4,18
36,5,-84
36,6,30
36,7,-1
36,8,-32
36,9,-25
36,10,-65
36,11,70
36,12,81
36,13,58
36,14,-29
36,15,26
36,16,-48
36,17,-97
36,18,53
36,19,-56
36,20,-13
36,21,33
36,22,34
36,23,6
36,24,35
36,25,65
36,26,98
36,27,-52
36,28,-71
36,29,25
36,30,-69
36,31,-78
36,32,57
36,33,17
36,34,-76
36,35,-56
36,36,54
36,37,55
36,38,-38
36,39,-34
36,40,97
36,41,71
36,42,-77
36,43,-91
36,44,80
36,45,9
36,46,-100
36,47,-73
36,48,-2
36,49,56
36,50,-71
36,51,51
36,52,-88
36,53,20
36,54,41
36,55,14
36,56,21
36,57,-20
36,58,-3
36,59,85
36,60,-82
36,61,-60
36,62,4
36,63,69
36,64,-28
36,65,-2
36,66,90
36,67,62
36,68,65
36,69,0
36,70,75
36,71,64
36,72,-28
36,73,20
36,74,-27
36,75,85
36,76,-3
36,77,-99
36,78,70
36,79,-25
36,80,17
36,81,-53
36,82,-35
36,83,-45
36,84,99
36,85,-19
36,86,26
36,87,-83
36,88,23
36,89,2
36,90,2
36,91,38
36,92,-95
36,93,-79
36,94,58
36,95,-64
36,96,41
36,97,11
36,98,-61
36,99,77
36,100,-90
36,101,-13
36,102,78
36,103,53
36,104,46
36,105,0
36,106,-45
36,107,-76
36,108,63
36,109,17
36,110,-69
36,111,-80
36,112,11
36,113,58
36,114,36
36,115,24
36,116,-58
36,117,-51
36,118,-84
36,119,44
36,120,92
36,121,29
36,122,79
36,123,3
36,124,-74
36,125,96
36,126,60
36,127,-59
36,128,-43
36,129,60
36,130,-19
36,131,44
36,132,-27
36,133,-27
36,134,67
36,135,39
36,136,88
36,137,48
36,138,-17
36,139,72
36,140,-23
36,141,-72
36,142,72
36,143,40
36,144,-14
36,145,-41
36,146,6
36,147,62
36,148,-100
36,149,-43
36,150,-97
36,151,-81
36,152,86
36,153,67
36,154,-74
36,155,-59
36,156,75
36,157,89
36,158,-6
36,159,0
36,160,-10
36,161,79
36,162,67
36,163,-55
36,164,45
36,165,-1
36,166,9
36,167,59
36,168,56
36,169,-31
36,170,-6
36,171,-50
36,172,-56
36,173,-68
36,174,-72
36,175,41
36,176,21
36,177,56
36,178,-49
36,179,-81
36,180,87
36,181,42
36,182,-91
36,183,-86
36,184,85
36,185,58
36,186,29
36,187,-31
36,188,-66
36,189,-74
36,190,-74
36,191,-5
36,192,-84
36,193,-38
36,194,-52
36,195,78
36,196,-37
36,197,95
36,198,-10
36,199,-92
36,200,83
36,201,35
36,202,50
36,203,-53
36,204,66
36,205,70
36,206,98
36,207,72
36,208,87
36,209,40
36,210,-97
36,211,97
36,212,33
36,213,-11
36,214,38
36,215,-9
36,216,43
36,217,-79
36,218,86
36,219,82
36,220,-68
36,221,-1
36,222,-7
36,223,-41
36,224,-89
36,225,-92
36,226,-49
36,227,72
36,228,-96
36,229,-87
36,230,98
36,231,38
36,232,-51
36,233,-46
36,234,13
36,235,-7
36,236,-45
36,237,-62
36,238,-76
36,239,25
36,240,55
36,241,88
36,242,-100
36,243,-20
36,244,53
36,245,-36
36,246,-6
36,247,-8
36,248,7
36,249,12
36,250,24
36,251,79
36,252,-76
36,253,54
36,254,54
36,255,-98
36,256,33
36,257,96
36,258,-91
36,259,61
36,260,1
36,261,-63
36,262,42
36,263,43
36,264,-50
36,265,-65
36,266,-75
36,267,46
36,268,-90
36,269,-66
36,270,54
36,271,-55
36,272,76
36,273,-24
36,274,52
36,275,-84
36,276,17
36,277,75
36,278,-78
36,279,16
36,280,-33
36,281,-52
36,282,32
36,283,3
36,284,-40
36,285,-83
36,286,-73
36,287,32
36,288,77
36,289,-91
36,290,64
36,291,-6
36,292,-18
36,293,37
36,294,-56
36,295,88
36,296,1
36,297,-28
36,298,69
36,299,25
37,0,19
37,1,95
37,2,-1
37,3,69
37,4,-9
37,5,62
37,6,-2
37,7,-15
37,8,-74
37,9,-50
37,10,48
37,11,-51
37,12,-5
37,13,84
37,14,-49
37,15,-23
37,16,-8
37,17,3
37,18,-20
37,19,-33
37,20,-1
37,21,26
37,22,-74
37,23,-50
37,24,-73
37,25,7
37,26,-13
37,27,-42
37,28,-75
37,29,-67
37,30,89
37,31,-60
37,32,-21
37,33,73
37,34,-28
37,35,63
37,36,81
37,37,-31
37,38,-6
37,39,-58
37,40,-59
37,41,-60
37,42,-33
37,43,97
37,44,81
37,45,21
37,46,43
37,47,22
37,48,1
37,49,45
37,50,-51
37,51,31
37,52,28
37,53,90
37,54,31
37,55,68
37,56,-88
37,57,90
37,58,82
37,59,54
37,60,55
37,61,77
37,62,96
37,63,40
37,64,32
37,65,68
37,66,53
37,67,38
37,68,54
37,69,90
37,70,-58
37,71,73
37,72,-69
37,73,-59
37,74,-31
37,75,-27
37,76,-59
37,77,76
37,78,-57
37,79,20
37,80,-87
37,81,-48
37,82,32
37,83,2
37,84,-15
37,85,69
37,86,-90
37,87,73
37,88,-69
37,89,60
37,90,8
37,91,-35
37,92,82
37,93,-23
37,94,-19
37,95,47
37,96,50
37,97,26
37,98,14
37,99,-48
37,100,-42
37,101,9
37,102,66
37,103,-43
37,104,-49
37,105,96
37,106,-12
37,107,-56
37,108,-2
37,109,-47
37,110,-68
37,111,12
37,112,69
37,113,11
37,114,3
37,115,-30
37,116,26
37,117,25
37,118,-32
37,119,96
37,120,0
37,121,58
37,122,68
37,123,27
37,124,96
37,125,-33
37,126,68
37,127,67
37,128,4
37,129,-10
37,130,-26
37,131,52
37,132,93
37,133,-14
37,134,92
37,135,69
37,136,94
37,137,-56
37,138,58
37,139,-13
37,140,-43
37,141,67
37,142,-18
37,143,-49
37,144,92
37,145,-74
37,146,0
37,147,22
37,148,55
37,149,63
37,150,-23
37,151,-1
37,152,-75
37,153,64
37,154,-87
37,155,11
37,156,-46
37,157,-67
37,158,-43
37,159,-97
37,160,-1
37,161,-32
37,162,56
37,163,12
37,164,-87
37,165,38
37,166,-48
37,167,43
37,168,-28
37,169,93
37,170,18
37,171,31
37,172,-78
37,173,28
37,174,84
37,175,87
37,176,-33
37,177,32
37,178,-10
37,179,-90
37,180,31
37,181,32
37,182,-34
37,183,-68
37,184,60
37,185,22
37,186,93
37,187,54
37,188,-89
37,189,19
37,190,-80
37,191,-86
37,192,-53
37,193,50
37,194,-5
37,195,50
37,196,-80
37,197,-42
37,198,71
37,199,-57
37,200,81
37,201,34
37,202,-32
37,203,3
37,204,60
37,205,45
37,206,45
37,207,-15
37,208,37
37,209,87
37,210,-51
37,211,-24
37,212,-7
37,213,81
37,214,-79
37,215,62
37,216,75
37,217,-6
37,218,-55
37,219,96
37,220,13
37,221,-69
37,222,99
37,223,-49
37,224,74
37,225,-58
37,226,-42
37,227,91
37,228,91
37,229,-68
37,230,38
37,231,-78
37,232,-36
37,233,59
37,234,15
37,235,24
37,236,54
37,237,-1
37,238,40
37,239,3
37,240,-63
37,241,-8
37,242,-40
37,243,-46
37,244,79
37,245,-69
37,246,27
37,247,-11
37,248,39
37,249,94
37,250,22
37,251,73
37,252,87
37,253,68
37,254,90
37,255,-12
37,256,65
37,257,85
37,258,62
37,259,-40
37,260,-81
37,261,65
37,262,55
37,263,10
37,264,-44
37,265,6
37,266,87
37,267,80
37,268,-91
37,269,-20
37,270,-32
37,271,28
37,272,-65
37,273,-5
37,274,38
37,275,66
37,276,-4
37,277,28
37,278,-18
37,279,18
37,280,80
37,281,-13
37,282,25
37,283,30
37,284,22
37,285,18
37,286,61
37,287,91
37,288,26
37,289,82
37,290,78
37,291,50
37,292,50
37,293,-21
37,294,-57
37,295,-85
37,296,-8
37,297,60
37,298,-6
37,299,65
38,0,-65
38,1,28
38,2,-7
38,3,-11
38,4,59
38,5,68
38,6,-82
38,7,33
38,8,69
38,9,-88
38,10,70
38,11,65
38,12,66
38,13,92
38,14,-68
38,15,21
38,16,-87
38,17,3
38,18,98
38,19,-99
38,20,52
38,21,-13
38,22,-55
38,23,99
38,24,46
38,25,-75
38,26,87
38,27,-47
38,28,68
38,29,64
38,30,78
38,31,-99
38,32,-96
38,33,69
38,34,65
38,35,-88
38,36,-69
38,37,0
38,38,12
38,39,-86
38,40,93
38,41,38
38,42,-83
38,43,-5
38,44,86
38,45,-79
38,46,-78
38,47,92
38,48,-73
38,49,64
38,50,79
38,51,65
38,52,45
38,53,-94
38,54,72
38,55,-49
38,56,-12
38,57,6
38,58,-44
38,59,-8
38,60,-84
38,61,-36
38,62,-51
38,63,52
38,64,46
38,65,-5
38,66,-16
38,67,2
38,68,23
38,69,73
38,70,-70
38,71,23
38,72,-93
38,73,41
38,74,9
38,75,-19
38,76,-23
38,77,-22
38,78,-84
38,79,98
38,80,-12
38,81,-29
38,82,13
38,83,-42
38,84,56
38,85,-64
38,86,59
38,87,46
38,88,90
38,89,26
38,90,97
38,91,-44
38,92,77
38,93,-85
38,94,-7
38,95,-41
38,96,42
38,97,59
38,98,-89
38,99,28
38,100,60
38,101,-85
38,102,-56
38,103,48
38,104,-92
38,105,-97
38,106,-94
38,107,-89
38,108,-69
38,109,4
38,110,-42
38,111,-67
38,112,-68
38,113,7
38,114,-86
38,115,-15
38,116,-10
38,117,19
38,118,90
38,119,-33
38,120,-23
38,121,32
38,122,22
38,123,-84
38,124,-75
38,125,-60
38,126,-18
38,127,91
38,128,-35
38,129,20
38,130,40
38,131,60
38,132,34
38,133,-14
38,134,57
38,135,45
38,136,-49
38,137,-14
38,138,-100
38,139,20
38,140,-30
38,141,-69
38,142,38
38,143,-78
38,144,45
38,145,-82
38,146,-27
38,147,-32
38,148,1
38,149,-84
38,150,90
38,151,89
38,152,8
38,153,43
38,154,64
38,155,-68
38,156,22
38,157,36
38,158,-51
38,159,-20
38,160,-17
38,161,-48
38,162,56
38,163,-94
38,164,71
38,165,-85
38,166,-44
38,167,13
38,168,41
38,169,-76
38,170,14
38,171,10
38,172,-61
38,173,-82
38,174,2
38,175,26
38,176,-27
38,177,-76
38,178,-26
38,179,7
38,180,-55
38,181,24
38,182,32
38,183,-40
38,184,27
38,185,-39
38,186,-73
38,187,18
38,188,-23
38,189,95
38,190,58
38,191,70
38,192,-84
38,193,63
38,194,-35
38,195,-8
38,196,-6
38,197,3
38,198,63
38,199,83
38,200,45
38,201,63
38,202,-74
38,203,1
38,204,68
38,205,-39
38,206,75
38,207,2
38,208,-4
38,209,-51
38,210,-7
38,211,4
38,212,-94
38,213,-31
38,214,-95
38,215,-8
38,216,-14
38,217,68
38,218,26
38,219,-42
38,220,-19
38,221,58
38,222,-17
38,223,34
38,224,-10
38,225,-80
38,226,-35
38,227,-100
38,228,-1
38,229,-7
38,230,-94
38,231,6
38,232,-10
38,233,78
38,234,68
38,235,14
38,236,-81
38,237,89
38,238,76
38,239,25
38,240,99
38,241,71
38,242,90
38,243,-8
38,244,-8
38,245,14
38,246,1
38,247,-25
38,248,26
38,249,-78
38,250,68
38,251,-97
38,252,65
38,253,18
38,254,-57
38,255,-83
38,256,-53
38,257,-85
38,258,36
38,259,19
38,260,-80
38,261,3
38,262,70
38,263,-71
38,264,97
38,265,-94
38,266,74
38,267,-99
38,268,-100
38,269,99
38,270,31
38,271,-34
38,272,-19
38,273,35
38,274,-96
38,275,53
38,276,47
38,277,-94
38,278,76
38,279,-57
38,280,10
38,281,-36
38,282,-6
38,283,79
38,284,51
38,285,-91
38,286,-8
38,287,-51
38,288,-73
38,289,50
38,290,-61
38,291,62
38,292,-58
38,293,-36
38,294,25
38,295,-51
38,296,-30
38,297,51
38,298,-7
38,299,-93
39,0,30
39,1,86
39,2,-4
39,3,-34
39,4,46
39,5,-45
39,6,61
39,7,-48
39,8,-57
39,9,-94
39,10,25
39,11,86
39,12,87
39,13,-45
39,14,44
39,15,-39
39,16,26
39,17,74
39,18,25
39,19,23
39,20,-97
39,21,98
39,22,89
39,23,4
39,24,-52
39,25,99
39,26,-71
39,27,70
39,28,-89
39,29,60
39,30,50
39,31,84
39,32,-17
39,33,-12
39,34,7
39,35,8
39,36,-94
39,37,76
39,38,-17
39,39,84
39,40,19
39,41,-94
39,42,-29
39,43,46
39,44,-99
39,45,-19
39,46,49
39,47,-89
39,48,-71
39,49,35
39,50,-42
39,51,-53
39,52,71
39,53,2
39,54,-97
39,55,-14
39,56,-29
39,57,-1
39,58,-17
39,59,21
39,60,72
39,61,49
39,62,-44
39,63,-45
39,64,59
39,65,-56
39,66,-70
39,67,-30
39,68,46
39,69,24
39,70,-56
39,71,65
39,72,73
39,73,30
39,74,-80
39,75,-68
39,76,-18
39,77,8
39,78,-50
39,79,31
39,80,-15
39,81,67
39,82,7
39,83,81
39,84,-73
39,85,3
39,86,37
39,87,-38
39,88,-30
39,89,-98
39,90,98
39,91,70
39,92,11
39,93,-71
39,94,85
39,95,-19
39,96,32
39,97,-61
39,98,72
39,99,-39
39,100,48
39,101,66
39,102,94
39,103,-32
39,104,82
39,105,19
39,106,-7
39,107,-54
39,108,-94
39,109,-44
39,110,87
39,111,14
39,112,20
39,113,-71
39,114,-11
39,115,94
39,116,15
39,117,-84
39,118,-74
39,119,27
39,120,-15
39,121,85
39,122,-18
39,123,-41
39,124,-37
39,125,17
39,126,21
39,127,5
39,128,-8
39,129,5
39,130,41
39,131,89
39,132,-70
39,133,-59
39,134,-43
39,135,91
39,136,54
39,137,-31
39,138,-5
39,139,-29
39,140,-99
39,141,-57
39,142,-69
39,143,-22
39,144,78
39,145,2
39,146,-93
39,147,-47
39,148,8
39,149,-61
39,150,-1
39,151,-67
39,152,23
39,153,-89
39,154,14
39,155,-61
39,156,-90
39,157,60
39,158,62
39,159,-98
39,160,64
39,161,50
39,162,-36
39,163,16
39,164,-100
39,165,31
39,166,-38
39,167,78
39,168,-29
39,169,-80
39,170,52
39,171,-58
39,172,34
39,173,87
39,174,-78
39,175,74
39,176,-9
39,177,10
39,178,64
39,179,-56
39,180,6
39,181,-11
39,182,-21
39,183,75
39,184,-85
39,185,-13
39,186,-53
39,187,78
39,188,-70
39,189,81
39,190,31
39,191,-81
39,192,98
39,193,65
39,194,14
39,195,76
39,196,18
39,197,24
39,198,92
39,199,86
39,200,-39
39,201,-10
39,202,-58
39,203,42
39,204,43
39,205,-7
39,206,-99
39,207,47
39,208,59
39,209,-21
39,210,4
39,211,-26
39,212,15
39,213,77
39,214,-67
39,215,-100
39,216,1
39,217,-26
39,218,-10
39,219,-10
39,220,45
39,221,20
39,222,37
39,223,-30
39,224,37
39,225,67
39,226,-69
39,227,37
39,228,-39
39,229,-38
39,230,44
39,231,-17
39,232,39
39,233,61
39,234,-15
39,235,-13
39,236,-72
39,237,80
39,238,-71
39,239,67
39,240,15
39,241,16
39,242,-87
39,243,99
39,244,40
39,245,-8
39,246,46
39,247,95
39,248,56
39,249,-28
39,250,-64
39,251,-97
39,252,82
39,253,-9
39,254,-8
39,255,-93
39,256,-30
39,257,86
39,258,-98
39,259,-39
39,260,53
39,261,-59
39,262,88
39,263,64
39,264,-17
39,265,11
39,266,71
39,267,-23
39,268,46
39,269,95
39,270,57
39,271,65
39,272,78
39,273,-30
39,274,3
39,275,-62
39,276,81
39,277,-28
39,278,-80
39,279,-83
39,280,37
39,281,-60
39,282,40
39,283,85
39,284,40
39,285,-34
39,286,-43
39,287,19
39,288,-55
39,289,83
39,290,94
39,291,71
39,292,47
39,293,59
39,294,27
39,295,-24
39,296,14
39,297,-53
39,298,54
39,299,-55
40,0,93
40,1,22
40,2,-86
40,3,36
40,4,-21
40,5,-69
40,6,-33
40,7,35
40,8,59
40,9,-87
40,10,-52
40,11,98
40,12,-31
40,13,-86
40,14,-40
40,15,74
40,16,35
40,17,74
40,18,68
40,19,-43
40,20,-97
40,21,-12
40,22,93
40,23,36
40,24,0
40,25,-39
40,26,23
40,27,69
40,28,-69
40,29,58
40,30,-6
40,31,-39
40,32,-1
40,33,-42
40,34,-64
40,35,-92
40,36,60
40,37,-33
40,38,9
40,39,86
40,40,95
40,41,41
40,42,16
40,43,-65
40,44,59
40,45,-89
40,46,-39
40,47,80
40,48,45
40,49,-38
40,50,99
40,51,10
40,52,43
40,53,14
40,54,-16
40,55,-92
40,56,83
40,57,-17
40,58,88
40,59,53
40,60,-91
40,61,72
40,62,-36
40,63,91
40,64,46
40,65,34
40,66,88
40,67,27
40,68,24
40,69,10
40,70,-66
40,71,-29
40,72,51
40,73,-5
40,74,-81
40,75,18
40,76,-22
40,77,-79
40,78,42
40,79,-46
40,80,22
40,81,-68
40,82,-7
40,83,85
40,84,44
40,85,21
40,86,58
40,87,38
40,88,39
40,89,54
40,90,24
40,91,12
40,92,-4
40,93,64
40,94,-45
40,95,-38
40,96,-16
40,97,-12
40,98,-88
40,99,56
40,100,-11
40,101,-58
40,102,-61
40,103,-22
40,104,66
40,105,72
40,106,-85
40,107,56
40,108,-25
40,109,-47
40,110,42
40,111,87
40,112,64
40,113,-65
40,114,-35
40,115,-96
40,116,99
40,117,59
40,118,92
40,119,-23
40,120,-5
40,121,-13
40,122,-21
40,123,29
40,124,-100
40,125,71
40,126,-21
40,127,-93
40,128,-11
40,129,62
40,130,-59
40,131,-80
40,132,32
40,133,62
40,134,-52
40,135,45
40,136,-30
40,137,-40
40,138,32
40,139,-53
40,140,-42
40,141,26
40,142,15
40,143,-74
40,144,-45
40,145,55
40,146,-55
40,147,-84
40,148,-55
40,149,-69
40,150,-76
40,151,61
40,152,28
40,153,-4
40,154,-64
40,155,88
40,156,-83
40,157,86
40,158,-6
40,159,-61
40,160,7
40,161,76
40,162,-2
40,163,90
40,164,21
40,165,47
40,166,-34
40,167,37
40,168,34
40,169,-72
40,170,-100
40,171,-23
40,172,79
40,173,-6
40,174,-39
40,175,-52
40,176,-85
40,177,-30
40,178,30
40,179,58
40,180,34
40,181,-80
40,182,43
40,183,-73
40,184,-99
40,185,-5
40,186,39
40,187,-35
40,188,-18
40,189,-85
40,190,9
40,191,42
40,192,-52
40,193,97
40,194,-98
40,195,-11
40,196,89
40,197,14
40,198,31
40,199,18
40,200,33
40,201,37
40,202,19
40,203,6
40,204,-59
40,205,36
40,206,-14
40,207,-87
40,208,-78
40,209,-35
40,210,-49
40,211,-54
40,212,-23
40,213,96
40,214,98
40,215,-22
40,216,-45
40,217,45
40,218,-76
40,219,-12
40,220,-43
40,221,-80
40,222,98
40,223,-19
40,224,64
40,225,36
40,226,14
40,227,-64
40,228,-20
40,229,1
40,230,-57
40,231,22
40,232,-93
40,233,5
40,234,-19
40,235,-17
40,236,-64
40,237,34
40,238,-24
40,239,98
40,240,54
40,241,72
40,242,-11
40,243,46
40,244,13
40,245,-17
40,246,12
40,247,19
40,248,-68
40,249,70
40,250,64
40,251,52
40,252,43
40,253,38
40,254,-75
40,255,41
40,256,79
40,257,-15
40,258,41
40,259,-100
40,260,29
40,261,-96
40,262,-45
40,263,-23
40,264,-66
40,265,-80
40,266,83
40,267,4
40,268,-58
40,269,-50
40,270,87
40,271,98
40,272,76
40,273,75
40,274,-19
40,275,90
40,276,-65
40,277,32
40,278,-97
40,279,4
40,280,-24
40,281,-97
40,282,44
40,283,-18
40,284,61
40,285,-15
40,286,-62
40,287,15
40,288,-55
40,289,19
40,290,-70
40,291,-39
40,292,-60
40,293,-12
40,294,35
40,295,74
40,296,-76
40,297,-25
40,298,81
40,299,-7
41,0,70
41,1,99
41,2,67
41,3,-89
41,4,-90
41,5,69
41,6,-46
41,7,9
41,8,69
41,9,-59
41,10,67
41,11,48
41,12,-24
41,13,-87
41,14,-1
41,15,-78
41,16,-7
41,17,-12
41,18,69
41,19,35
41,20,-60
41,21,-22
41,22,-100
41,23,-8
41,24,-43
41,25,-57
41,26,-89
41,27,16
41,28,-50
41,29,-40
41,30,-13
41,31,23
41,32,-41
41,33,16
41,34,60
41,35,41
41,36,81
41,37,-100
41,38,29
41,39,9
41,40,44
41,41,-100
41,42,-78
41,43,75
41,44,-57
41,45,69
41,46,-27
41,47,-12
41,48,28
41,49,-77
41,50,70
41,51,22
41,52,-1
41,53,-37
41,54,48
41,55,-45
41,56,96
41,57,-20
41,58,71
41,59,42
41,60,-24
41,61,-64
41,62,-8
41,63,68
41,64,-49
41,65,-43
41,66,-31
41,67,-3
41,68,-82
41,69,55
41,70,90
41,71,-31
41,72,-20
41,73,-53
41,74,-85
41,75,-46
41,76,-4
41,77,-79
41,78,-11
41,79,40
41,80,7
41,81,10
41,82,-14
41,83,96
41,84,-68
41,85,-85
41,86,-30
41,87,-36
41,88,24
41,89,-47
41,90,-26
41,91,-76
41,92,-36
41,93,-77
41,94,69
41,95,-61
41,96,-12
41,97,69
41,98,5
41,99,4
41,100,90
41,101,-81
41,102,73
41,103,-88
41,104,17
41,105,-65
41,106,-64
41,107,-51
41,108,76
41,109,43
41,110,-47
41,111,-84
41,112,-57
41,113,89
41,114,29
41,115,30
41,116,-99
41,117,-21
41,118,99
41,119,-24
41,120,86
41,121,-32
41,122,-95
41,123,-21
41,124,60
41,125,72
41,126,-30
41,127,4
41,128,-25
41,129,93
41,130,9
41,131,66
41,132,-54
41,133,-24
41,134,1
41,135,-61
41,136,33
41,137,49
41,138,29
41,139,-14
41,140,-31
41,141,-80
41,142,90
41,143,51
41,144,52
41,145,35
41,146,30
41,147,28
41,148,64
41,149,82
41,150,81
41,151,-4
41,152,-80
41,153,85
41,154,80
41,155,-19
41,156,82
41,157,-61
41,158,74
41,159,5
41,160,31
41,161,59
41,162,-84
41,163,-15
41,164,-96
41,165,90
41,166,33
41,167,94
41,168,-87
41,169,-9
41,170,88
41,171,32
41,172,-5
41,173,-37
41,174,73
41,175,-71
41,176,43
41,177,96
41,178,-96
41,179,-72
41,180,19
41,181,-100
41,182,-36
41,183,-54
41,184,98
41,185,-92
41,186,-49
41,187,-62
41,188,-50
41,189,-48
41,190,67
41,191,30
41,192,49
41,193,3
41,194,-25
41,195,-95
41,196,-94
41,197,-63
41,198,-50
41,199,9
41,200,69
41,201,-29
41,202,49
41,203,-41
41,204,39
41,205,5
41,206,-39
41,207,-83
41,208,54
41,209,-68
41,210,-14
41,211,76
41,212,-50
41,213,-45
41,214,93
41,215,-12
41,216,34
41,217,11
41,218,-2
41,219,-81
41,220,-40
41,221,-33
41,222,-11
41,223,-32
41,224,-99
41,225,-86
41,226,-18
41,227,-82
41,228,80
41,229,7
41,230,58
41,231,-36
41,232,-56
41,233,-39
41,234,-62
41,235,-5
41,236,6
41,237,-30
41,238,-75
41,239,41
41,240,21
41,241,80
41,242,-100
41,243,54
41,244,22
41,245,-65
41,246,-98
41,247,-24
41,248,-20
41,249,36
41,250,13
41,251,-48
41,252,39
41,253,-61
41,254,-7
41,255,71
41,256,-12
41,257,51
41,258,-55
41,259,-40
41,260,-95
41,261,-37
41,262,33
41,263,80
41,264,-55
41,265,95
41,266,-24
41,267,-2
41,268,6
41,269,71
41,270,63
41,271,95
41,272,-78
41,273,-51
41,274,74
41,275,44
41,276,-20
41,277,-51
41,278,-86
41,279,-12
41,280,54
41,281,57
41,282,91
41,283,27
41,284,21
41,285,26
41,286,59
41,287,-28
41,288,29
41,289,93
41,290,89
41,291,-63
41,292,66
41,293,-42
41,294,56
41,295,-74
41,296,-84
41,297,87
41,298,91
41,299,34
42,0,-82
42,1,29
42,2,-18
42,3,-27
42,4,43
42,5,28
42,6,-19
42,7,26
42,8,16
42,9,48
42,10,25
42,11,12
42,12,-43
42,13,-10
42,14,43
42,15,11
42,16,78
42,17,45
42,18,-46
42,19,6
42,20,-21
42,21,-52
42,22,88
42,23,2
42,24,-1
42,25,-62
42,26,-78
42,27,-9
42,28,-61
42,29,70
42,30,20
42,31,-5
42,32,6
42,33,-87
42,34,45
42,35,44
42,36,12
42,37,42
42,38,-22
42,39,61
42,40,-84
42,41,68
42,42,7
42,43,-50
42,44,-86
42,45,-42
42,46,-80
42,47,-17
42,48,-31
42,49,-82
42,50,46
42,51,-39
42,52,15
42,53,-74
42,54,10
42,55,-89
42,56,-18
42,57,-16
42,58,59
42,59,-24
42,60,83
42,61,41
42,62,-19
42,63,73
42,64,-61
42,65,33
42,66,36
42,67,-48
42,68,-83
42,69,99
42,70,66
42,71,37
42,72,-97
42,73,95
42,74,-74
42,75,-59
42,76,-62
42,77,13
42,78,-12
42,79,-87
42,80,66
42,81,-17
42,82,49
42,83,-98
42,84,86
42,85,-11
42,86,21
42,87,89
42,88,39
42,89,68
42,90,7
42,91,33
42,92,75
42,93,-2
42,94,-85
42,95,-53
42,96,-21
42,97,94
42,98,66
42,99,-86
42,100,23
42,101,12
42,102,-6
42,103,78
42,104,80
42,105,26
42,106,85
42,107,-88
42,108,-61
42,109,-60
42,110,-85
42,111,-36
42,112,-1
42,113,53
42,114,-23
42,115,-58
42,116,41
42,117,-74
42,118,45
42,119,44
42,120,-49
42,121,-100
42,122,66
42,123,73
42,124,-19
42,125,31
42,126,-11
42,127,-85
42,128,-66
42,129,6
42,130,96
42,131,-63
42,132,-77
42,133,-79
42,134,-57
42,135,87
42,136,-1
42,137,-37
42,138,35
42,139,-6
42,140,-17
42,141,83
42,142,26
42,143,1
42,144,46
42,145,-94
42,146,-22
42,147,-10
42,148,53
42,149,-31
42,150,82
42,151,-77
42,152,-36
42,153,-16
42,154,21
42,155,-32
42,156,84
42,157,-100
42,158,-89
42,159,-41
42,160,51
42,161,-65
42,162,20
42,163,-84
42,164,45
42,165,-68
42,166,-42
42,167,67
42,168,-50
42,169,-99
42,170,85
42,171,30
42,172,-42
42,173,84
42,174,2
42,175,-61
42,176,62
42,177,94
42,178,78
42,179,52
42,180,-95
42,181,-33
42,182,-100
42,183,90
42,184,27
42,185,-58
42,186,-80
42,187,-34
42,188,-72
42,189,9
42,190,-88
42,191,-88
42,192,25
42,193,-41
42,194,28
42,195,-9
42,196,-12
42,197,17
42,198,28
42,199,-64
42,200,-33
42,201,-65
42,202,74
42,203,-48
42,204,-47
42,205,87
42,206,-18
42,207,57
42,208,-71
42,209,-89
42,210,-48
42,211,77
42,212,-56
42,213,52
42,214,65
42,215,82
42,216,14
42,217,-82
42,218,-70
42,219,28
42,220,-47
42,221,74
42,222,-54
42,223,49
42,224,73
42,225,-25
42,226,-61
42,227,42
42,228,65
42,229,-72
42,230,10
42,231,90
42,232,22
42,233,-91
42,234,-20
42,235,14
42,236,22
42,237,34
42,238,41
42,239,-64
42,240,99
42,241,-84
42,242,27
42,243,-4
42,244,-15
42,245,-77
42,246,72
42,247,4
42,248,93
42,249,-17
42,250,20
42,251,-40
42,252,9
42,253,-64
42,254,75
42,255,63
42,256,12
42,257,-3
42,258,13
42,259,-45
42,260,92
42,261,-38
42,262,-83
42,263,22
42,264,98
42,265,79
42,266,74
42,267,84
42,268,24
42,269,76
42,270,77
42,271,-16
42,272,19
42,273,12
42,274,-56
42,275,-56
42,276,30
42,277,-32
42,278,-75
42,279,49
42,280,62
42,281,-56
42,282,92
42,283,62
42,284,-86
42,285,-9
42,286,-61
42,287,81
42,288,50
42,289,92
42,290,22
42,291,-38
42,292,57
42,293,64
42,294,-35
42,295,-57
42,296,58
42,297,-47
42,298,39
42,299,91
43,0,85
43,1,-55
43,2,96
43,3,21
43,4,-23
43,5,-83
43,6,60
43,7,-81
43,8,20
43,9,18
43,10,-19
43,11,-79
43,12,-79
43,13,34
43,14,-89
43,15,68
43,16,34
43,17,78
43,18,61
43,19,13
43,20,18
43,21,63
43,22,-93
43,23,-20
43,24,-60
43,25,27
43,26,-3
43,27,25
43,28,44
43,29,-38
43,30,-87
43,31,-100
43,32,-41
43,33,52
43,34,-44
43,35,2
43,36,-59
43,37,-17
43,38,48
43,39,-73
43,40,-35
43,41,56
43,42,-2
43,43,52
43,44,90
43,45,-45
43,46,-83
43,47,94
43,48,-41
43,49,-46
43,50,20
43,51,-65
43,52,-58
43,53,-37
43,54,-83
43,55,23
43,56,50
43,57,-16
43,58,45
43,59,-58
43,60,-21
43,61,87
43,62,-49
43,63,91
43,64,36
43,65,-73
43,66,6
43,67,28
43,68,-96
43,69,-41
43,70,-22
43,71,5
43,72,-89
43,73,15
43,74,-49
43,75,16
43,76,26
43,77,-72
43,78,-1
43,79,73
43,80,-54
43,81,-86
43,82,83
43,83,69
43,84,84
43,85,24
43,86,89
43,87,28
43,88,-22
43,89,-56
43,90,-40
43,91,-71
43,92,-50
43,93,-42
43,94,-20
43,95,8
43,96,-1
43,97,21
43,98,27
43,99,40
43,100,89
43,101,6
43,102,-11
43,103,-74
43,104,61
43,105,10
43,106,23
43,107,-72
43,108,-28
43,109,-40
43,110,43
43,111,-9
43,112,-51
43,113,1
43,114,-84
43,115,59
43,116,-11
43,117,-54
43,118,-50
43,119,-68
43,120,23
43,121,-71
43,122,-13
43,123,-11
43,124,-97
43,125,78
43,126,82
43,127,45
43,128,79
43,129,6
43,130,22
43,131,-53
43,132,-31
43,133,69
43,134,9
43,135,-44
43,136,-26
43,137,91
43,138,73
43,139,-53
43,140,33
43,141,-56
43,142,-29
43,143,65
43,144,97
43,145,-98
43,146,-97
43,147,-88
43,148,-75
43,149,31
43,150,97
43,151,-80
43,152,21
43,153,63
43,154,62
43,155,-83
43,156,-100
43,157,-67
43,158,-54
43,159,43
43,160,13
43,161,61
43,162,33
43,163,3
43,164,88
43,165,-18
43,166,0
43,167,78
43,168,-41
43,169,-5
43,170,18
43,171,94
43,172,-15
43,173,98
43,174,-83
43,175,-99
43,176,79
43,177,31
43,178,83
43,179,66
43,180,83
43,181,89
43,182,-60
43,183,-51
43,184,11
43,185,-15
43,186,-37
43,187,-74
43,188,-81
43,189,19
43,190,-31
43,191,-48
43,192,0
43,193,-25
43,194,68
43,195,-90
43,196,89
43,197,-71
43,198,16
43,199,35
43,200,-93
43,201,-8
43,202,88
43,203,-61
43,204,36
43,205,-24
43,206,-35
43,207,49
43,208,-25
43,209,-9
43,210,-81
43,211,-71
43,212,47
43,213,-45
43,214,93
43,215,87
43,216,-33
43,217,59
43,218,52
43,219,-92
43,220,67
43,221,54
43,222,27
43,223,-17
43,224,-30
43,225,-33
43,226,8
43,227,39
43,228,6
43,229,-98
43,230,-36
43,231,92
43,232,-50
43,233,74
43,234,49
43,235,93
43,236,15
43,237,94
43,238,70
43,239,-92
43,240,-14
43,241,-80
43,242,78
43,243,-36
43,244,31
43,245,58
43,246,-26
43,247,-80
43,248,63
43,249,-60
43,250,-32
43,251,27
43,252,77
43,253,-20
43,254,-25
43,255,95
43,256,-41
43,257,28
43,258,-8
43,259,-86
43,260,31
43,261,29
43,262,-85
43,263,-83
43,264,40
43,265,48
43,266,81
43,267,70
43,268,48
43,269,-2
43,270,62
43,271,-85
43,272,26
43,273,58
43,274,-3
43,275,-1
43,276,2
43,277,60
43,278,70
43,279,40
43,280,43
43,281,47
43,282,-92
43,283,-66
43,284,-1
43,285,-15
43,286,-11
43,287,43
43,288,-23
43,289,-62
43,290,-36
43,291,98
43,292,-2
43,293,90
43,294,-46
43,295,-59
43,296,-11
43,297,38
43,298,-8
43,299,-40
44,0,-63
44,1,-1
44,2,-64
44,3,4
44,4,2
44,5,9
44,6,-63
44,7,69
44,8,-4
44,9,-89
44,10,0
44,11,28
44,12,-22
44,13,-63
44,14,-12
44,15,60
44,16,21
44,17,18
44,18,91
44,19,-62
44,20,96
44,21,-44
44,22,86
44,23,-98
44,24,-34
44,25,-80
44,26,-29
44,27,-58
44,28,-85
44,29,66
44,30,63
44,31,-71
44,32,-78
44,33,-13
44,34,30
44,35,50
44,36,-31
44,37,-95
44,38,-88
44,39,32
44,40,-77
44,41,-86
44,42,80
44,43,-25
44,44,20
44,45,2
44,46,-39
44,47,-61
44,48,28
44,49,-5
44,50,-37
44,51,-15
44,52,35
44,53,-50
44,54,72
44,55,33
44,56,-5
44,57,1
44,58,-30
44,59,0
44,60,-35
44,61,25
44,62,-33
44,63,81
44,64,2
44,65,79
44,66,0
44,67,-19
44,68,-46
44,69,-94
44,70,31
44,71,84
44,72,-86
44,73,-72
44,74,-32
44,75,-32
44,76,-66
44,77,-37
44,78,25
44,79,-68
44,80,-80
44,81,-34
44,82,-37
44,83,1
44,84,88
44,85,74
44,86,-96
44,87,-72
44,88,34
44,89,38
44,90,29
44,91,17
44,92,99
44,93,60
44,94,79
44,95,36
44,96,9
44,97,-16
44,98,27
44,99,-48
44,100,97
44,101,47
44,102,-47
44,103,-12
44,104,12
44,105,-61
44,106,17
44,107,68
44,108,35
44,109,-75
44,110,-58
44,111,-76
44,112,-21
44,113,-98
44,114,-54
44,115,37
44,116,10
44,117,-59
44,118,-56
44,119,33
44,120,-60
44,121,79
44,122,44
44,123,-48
44,124,-60
44,125,-42
44,126,-65
44,127,-92
44,128,73
44,129,18
44,130,-92
44,131,-33
44,132,93
44,133,30
44,134,-87
44,135,85
44,136,98
44,137,47
44,138,74
44,139,94
44,140,-46
44,141,91
44,142,5
44,143,56
44,144,5
44,145,-2
44,146,78
44,147,-95
44,148,88
44,149,-92
44,150,89
44,151,-21
44,152,-12
44,153,-90
44,154,8
44,155,14
44,156,53
44,157,-98
44,158,59
44,159,-47
44,160,19
44,161,-42
44,162,-36
44,163,-24
44,164,-88
44,165,76
44,166,-11
44,167,21
44,168,37
44,169,-98
44,170,-88
44,171,-31
44,172,-2
44,173,90
44,174,11
44,175,49
44,176,47
44,177,-88
44,178,92
44,179,-24
44,180,-34
44,181,92
44,182,83
44,183,27
44,184,-77
44,185,5
44,186,68
44,187,-53
44,188,47
44,189,-59
44,190,-33
44,191,44
44,192,19
44,193,94
44,194,99
44,195,-63
44,196,8
44,197,80
44,198,-84
44,199,81
44,200,-60
44,201,94
44,202,-85
44,203,14
44,204,73
44,205,91
44,206,42
44,207,-68
44,208,-18
44,209,-22
44,210,-57
44,211,72
44,212,-5
44,213,13
44,214,-59
44,215,81
44,216,4
44,217,11
44,218,58
44,219,-87
44,220,-100
44,221,-40
44,222,-91
44,223,76
44,224,-51
44,225,42
44,226,-70
44,227,-54
44,228,-52
44,229,45
44,230,-25
44,231,81
44,232,-78
44,233,-12
44,234,67
44,235,-65
44,236,50
44,237,-20
44,238,-88
44,239,-11
44,240,-72
44,241,21
44,242,68
44,243,20
44,244,-53
44,245,-93
44,246,5
44,247,76
44,248,-100
44,249,-86
44,250,-39
44,251,3
44,252,-75
44,253,-10
44,254,-32
44,255,94
44,256,9
44,257,-22
44,258,-30
44,259,-12
44,260,-61
44,261,89
44,262,-85
44,263,-87
44,264,-2
44,265,26
44,266,-2
44,267,-96
44,268,-25
44,269,55
44,270,56
44,271,-17
44,272,-13
44,273,8
44,274,-50
44,275,15
44,276,-85
44,277,27
44,278,62
44,279,23
44,280,79
44,281,29
44,282,79
44,283,-77
44,284,-96
44,285,-34
44,286,-3
44,287,54
44,288,78
44,289,-4
44,290,78
44,291,-64
44,292,-35
44,293,99
44,294,-61
44,295,-85
44,296,51
44,297,-60
44,298,-50
44,299,50
45,0,29
45,1,-74
45,2,-51
45,3,72
45,4,0
45,5,-46
45,6,67
45,7,29
45,8,48
45,9,-35
45,10,8
45,11,87
45,12,-27
45,13,50
45,14,-48
45,15,72
45,16,90
45,17,11
45,18,58
45,19,73
45,20,4
45,21,2
45,22,-64
45,23,-5
45,24,6
45,25,-48
45,26,-74
45,27,6
45,28,-17
45,29,-77
45,30,-95
45,31,-2
45,32,47
45,33,82
45,34,-98
45,35,-80
45,36,23
45,37,-79
45,38,-46
45,39,28
45,40,-25
45,41,-70
45,42,-6
45,43,59
45,44,-34
45,45,21
45,46,95
45,47,0
45,48,-33
45,49,77
45,50,87
45,51,31
45,52,31
45,53,83
45,54,-13
45,55,41
45,56,58
45,57,-66
45,58,-21
45,59,-83
45,60,-47
45,61,2
45,62,-1
45,63,-36
45,64,-43
45,65,78
45,66,-65
45,67,94
45,68,-25
45,69,40
45,70,13
45,71,-21
45,72,40
45,73,-61
45,74,-92
45,75,2
45,76,-41
45,77,19
45,78,-86
45,79,-84
45,80,90
45,81,-85
45,82,99
45,83,95
45,84,-61
45,85,-5
45,86,75
45,87,-58
45,88,96
45,89,90
45,90,-54
45,91,49
45,92,-67
45,93,-44
45,94,-20
45,95,-53
45,96,-91
45,97,65
45,98,55
45,99,33
45,100,-17
45,101,-42
45,102,-72
45,103,93
45,104,89
45,105,-53
45,106,57
45,107,77
45,108,-80
45,109,3
45,110,88
45,111,79
45,112,-68
45,113,-89
45,114,67
45,115,94
45,116,-69
45,117,46
45,118,52
45,119,-83
45,120,-25
45,121,86
45,122,7
45,123,66
45,124,-5
45,125,96
45,126,-50
45,127,17
45,128,99
45,129,-69
45,130,59
45,131,23
45,132,-66
45,133,-57
45,134,-50
45,135,42
45,136,-70
45,137,-27
45,138,44
45,139,-16
45,140,21
45,141,-42
45,142,86
45,143,64
45,144,61
45,145,-99
45,146,-69
45,147,-60
45,148,-53
45,149,-20
45,150,99
45,151,-43
45,152,-30
45,153,-80
45,154,19
45,155,17
45,156,14
45,157,-33
45,158,40
45,159,-96
45,160,-39
45,161,-78
45,162,10
45,163,27
45,164,-3
45,165,98
45,166,59
45,167,-58
45,168,-55
45,169,50
45,170,-90
45,171,-51
45,172,-16
45,173,-85
45,174,82
45,175,-44
45,176,-25
45,177,91
45,178,0
45,179,29
45,180,-19
45,181,88
45,182,87
45,183,71
45,184,54
45,185,-54
45,186,43
45,187,-87
45,188,-61
45,189,9
45,190,-32
45,191,48
45,192,60
45,193,-22
45,194,-56
45,195,-90
45,196,22
45,197,30
45,198,93
45,199,98
45,200,-15
45,201,46
45,202,-47
45,203,31
45,204,31
45,205,-6
45,206,97
45,207,56
45,208,-1
45,209,97
45,210,22
45,211,-27
45,212,-70
45,213,-51
45,214,7
45,215,21
45,216,45
45,217,-24
45,218,-70
45,219,-30
45,220,-51
45,221,83
45,222,74
45,223,-40
45,224,-3
45,225,64
45,226,-12
45,227,-84
45,228,59
45,229,50
45,230,-95
45,231,40
45,232,-26
45,233,-20
45,234,2
45,235,-94
45,236,99
45,237,-12
45,238,-71
45,239,-62
45,240,-54
45,241,-29
45,242,26
45,243,65
45,244,14
45,245,-21
45,246,35
45,247,17
45,248,63
45,249,27
45,250,40
45,251,-6
45,252,9
45,253,-80
45,254,-66
45,255,59
45,256,16
45,257,76
45,258,-100
45,259,24
45,260,-100
45,261,54
45,262,98
45,263,96
45,264,40
45,265,23
45,266,-93
45,267,16
45,268,-66
45,269,64
45,270,-31
45,271,-5
45,272,-58
45,273,15
45,274,69
45,275,13
45,276,-93
45,277,-58
45,278,-60
45,279,70
45,280,-21
45,281,23
45,282,-83
45,283,-23
45,284,-3
45,285,57
45,286,89
45,287,-21
45,288,-86
45,289,-36
45,290,41
45,291,-100
45,292,-22
45,293,-43
45,294,-77
45,295,-11
45,296,-18
45,297,-82
45,298,4
45,299,-57
46,0,-59
46,1,-27
46,2,-36
46,3,-74
46,4,11
46,5,-79
46,6,15
46,7,51
46,8,21
46,9,80
46,10,75
46,11,47
46,12,-97
46,13,-98
46,14,79
46,15,-67
46,16,28
46,17,74
46,18,-81
46,19,-97
46,20,-66
46,21,-87
46,22,-13
46,23,99
46,24,-59
46,25,80
46,26,-86
46,27,10
46,28,12
46,29,3
46,30,3
46,31,-25
46,32,28
46,33,16
46,34,-86
46,35,46
46,36,-13
46,37,42
46,38,-84
46,39,55
46,40,-65
46,41,27
46,42,-95
46,43,-77
46,44,36
46,45,-48
46,46,-35
46,47,74
46,48,-76
46,49,32
46,50,-59
46,51,40
46,52,23
46,53,82
46,54,-22
46,55,69
46,56,-20
46,57,69
46,58,92
46,59,7
46,60,-65
46,61,-41
46,62,-98
46,63,-8
46,64,20
46,65,-14
46,66,5
46,67,-68
46,68,-2
46,69,-6
46,70,87
46,71,38
46,72,77
46,73,-52
46,74,55
46,75,78
46,76,14
46,77,-96
46,78,7
46,79,60
46,80,72
46,81,90
46,82,-66
46,83,77
46,84,-61
46,85,13
46,86,-16
46,87,7
46,88,-86
46,89,-88
46,90,-12
46,91,19
46,92,-11
46,93,-85
46,94,-12
46,95,-91
46,96,11
46,97,-91
46,98,-70
46,99,2
46,100,-63
46,101,-35
46,102,-17
46,103,-60
46,104,-45
46,105,-45
46,106,62
46,107,-25
46,108,65
46,109,-84
46,110,47
46,111,-44
46,112,-94
46,113,91
46,114,98
46,115,-92
46,116,25
46,117,-72
46,118,-95
46,119,-75
46,120,80
46,121,-29
46,122,-32
46,123,-75
46,124,99
46,125,-50
46,126,-6
46,127,-54
46,128,97
46,129,-53
46,130,86
46,131,55
46,132,-63
46,133,83
46,134,23
46,135,85
46,136,-59
46,137,-24
46,138,-77
46,139,39
46,140,-27
46,141,-57
46,142,-80
46,143,89
46,144,-80
46,145,-90
46,146,41
46,147,60
46,148,-73
46,149,71
46,150,77
46,151,-92
46,152,17
46,153,-92
46,154,-19
46,155,73
46,156,-9
46,157,50
46,158,19
46,159,-11
46,160,-96
46,161,41
46,162,-59
46,163,-80
46,164,-58
46,165,9
46,166,64
46,167,83
46,168,97
46,169,10
46,170,61
46,171,-27
46,172,59
46,173,64
46,174,63
46,175,-44
46,176,-5
46,177,-65
46,178,60
46,179,67
46,180,22
46,181,9
46,182,-14
46,183,44
46,184,93
46,185,53
46,186,83
46,187,47
46,188,34
46,189,92
46,190,-15
46,191,43
46,192,-19
46,193,1
46,194,3
46,195,45
46,196,97
46,197,-34
46,198,-44
46,199,-79
46,200,11
46,201,-22
46,202,-55
46,203,9
46,204,5
46,205,34
46,206,-27
46,207,87
46,208,88
46,209,56
46,210,-6
46,211,42
46,212,46
46,213,29
46,214,-41
46,215,-49
46,216,15
46,217,40
46,218,-13
46,219,12
46,220,-48
46,221,40
46,222,77
46,223,8
46,224,-93
46,225,-63
46,226,-29
46,227,98
46,228,25
46,229,2
46,230,-16
46,231,-24
46,232,-15
46,233,98
46,234,-47
46,235,-88
46,236,44
46,237,-30
46,238,-46
46,239,-60
46,240,68
46,241,-13
46,242,16
46,243,-33
46,244,-68
46,245,73
46,246,-89
46,247,-21
46,248,23
46,249,-82
46,250,-6
46,251,71
46,252,59
46,253,47
46,254,53
46,255,12
46,256,-57
46,257,-95
46,258,-90
46,259,-53
46,260,-74
46,261,-61
46,262,-80
46,263,-33
46,264,34
46,265,37
46,266,38
46,267,-95
46,268,11
46,269,60
46,270,64
46,271,-42
46,272,-43
46,273,20
46,274,-86
46,275,22
46,276,-26
46,277,-29
46,278,-18
46,279,-58
46,280,96
46,281,19
46,282,-6
46,283,-60
46,284,32
46,285,-41
46,286,16
46,287,-26
46,288,-17
46,289,78
46,290,45
46,291,56
46,292,-8
46,293,-34
46,294,78
46,295,-69
46,296,-94
46,297,16
46,298,71
46,299,-2
47,0,-40
47,1,15
47,2,82
47,3,-12
47,4,-10
47,5,-58
47,6,-94
47,7,39
47,8,-43
47,9,62
47,10,-34
47,11,-90
47,12,-100
47,13,-56
47,14,56
47,15,-43
47,16,55
47,17,36
47,18,-61
47,19,80
47,20,91
47,21,47
47,22,-100
47,23,95
47,24,-75
47,25,-12
47,26,-80
47,27,-31
47,28,20
47,29,80
47,30,55
47,31,98
47,32,35
47,33,12
47,34,9
47,35,-31
47,36,16
47,37,-64
47,38,-28
47,39,93
47,40,89
47,41,-21
47,42,-8
47,43,15
47,44,-95
47,45,36
47,46,72
47,47,-45
47,48,-87
47,49,63
47,50,-19
47,51,-65
47,52,13
47,53,-60
47,54,-7
47,55,0
47,56,-2
47,57,36
47,58,34
47,59,-26
47,60,-14
47,61,89
47,62,80
47,63,88
47,64,2
47,65,74
47,66,66
47,67,-11
47,68,-100
47,69,-28
47,70,-61
47,71,-46
47,72,-23
47,73,48
47,74,-2
47,75,42
47,76,48
47,77,30
47,78,82
47,79,-82
47,80,-24
47,81,-23
47,82,95
47,83,-20
47,84,89
47,85,69
47,86,-56
47,87,27
47,88,27
47,89,-90
47,90,-28
47,91,84
47,92,-5
47,93,-22
47,94,92
47,95,-53
47,96,-70
47,97,-46
47,98,-32
47,99,-61
47,100,61
47,101,-71
47,102,-71
47,103,-97
47,104,47
47,105,-89
47,106,-92
47,107,33
47,108,29
47,109,11
47,110,27
47,111,61
47,112,79
47,113,-64
47,114,99
47,115,-28
47,116,-23
47,117,-4
47,118,-87
47,119,35
47,120,89
47,121,88
47,122,1
47,123,-25
47,124,-27
47,125,-29
47,126,6
47,127,47
47,128,-85
47,129,-5
47,130,-61
47,131,30
47,132,-2
47,133,-24
47,134,12
47,135,-46
47,136,-99
47,137,-95
47,138,-90
47,139,-58
47,140,22
47,141,58
47,142,17
47,143,11
47,144,-72
47,145,67
47,146,78
47,147,10
47,148,-52
47,149,61
47,150,-91
47,151,-40
47,152,69
47,153,-9
47,154,12
47,155,98
47,156,-2
47,157,94
47,158,-97
47,159,47
47,160,-84
47,161,40
47,162,9
47,163,-30
47,164,-89
47,165,25
47,166,78
47,167,-31
47,168,-29
47,169,87
47,170,90
47,171,48
47,172,39
47,173,-71
47,174,28
47,175,47
47,176,27
47,177,-31
47,178,-13
47,179,32
47,180,-53
47,181,23
47,182,76
47,183,59
47,184,-59
47,185,86
47,186,39
47,187,98
47,188,91
47,189,-29
47,190,-87
47,191,-96
47,192,-20
47,193,-74
47,194,86
47,195,-75
47,196,-72
47,197,-86
47,198,53
47,199,-68
47,200,16
47,201,-8
47,202,49
47,203,-90
47,204,98
47,205,94
47,206,49
47,207,-20
47,208,-46
47,209,-42
47,210,46
47,211,-48
47,212,-95
47,213,33
47,214,-37
47,215,-78
47,216,96
47,217,-45
47,218,-57
47,219,32
47,220,-50
47,221,46
47,222,-32
47,223,-5
47,224,-32
47,225,66
47,226,-26
47,227,-63
47,228,57
47,229,-42
47,230,44
47,231,-2
47,232,48
47,233,98
47,234,-86
47,235,-25
47,236,62
47,237,-10
47,238,-21
47,239,-61
47,240,-28
47,241,-94
47,242,-59
47,243,72
47,244,69
47,245,-14
47,246,32
47,247,61
47,248,1
47,249,-48
47,250,83
47,251,32
47,252,62
47,253,-74
47,254,-34
47,255,29
47,256,-56
47,257,6
47,258,-2
47,259,-59
47,260,3
47,261,-79
47,262,87
47,263,-42
47,264,58
47,265,29
47,266,-99
47,267,35
47,268,35
47,269,-69
47,270,40
47,271,-96
47,272,64
47,273,1
47,274,-64
47,275,84
47,276,-41
47,277,-64
47,278,-91
47,279,59
47,280,19
47,281,-37
47,282,47
47,283,3
47,284,-84
47,285,-67
47,286,47
47,287,-24
47,288,-10
47,289,83
47,290,19
47,291,-19
47,292,82
47,293,76
47,294,28
47,295,-72
47,296,26
47,297,24
47,298,46
47,299,80
48,0,37
48,1,-58
48,2,51
48,3,-18
48,4,83
48,5,68
48,6,69
48,7,4
48,8,-70
48,9,-15
48,10,41
48,11,-4
48,12,84
48,13,52
48,14,-32
48,15,98
48,16,76
48,17,76
48,18,-59
48,19,-79
48,20,7
48,21,76
48,22,34
48,23,78
48,24,-25
48,25,4
48,26,-43
48,27,68
48,28,-14
48,29,37
48,30,22
48,31,-7
48,32,-83
48,33,90
48,34,-42
48,35,-29
48,36,-1
48,37,9
48,38,20
48,39,12
48,40,-55
48,41,-93
48,42,-64
48,43,-25
48,44,-31
48,45,-96
48,46,-6
48,47,81
48,48,-12
48,49,50
48,50,-38
48,51,72
48,52,-36
48,53,-78
48,54,-87
48,55,61
48,56,-74
48,57,67
48,58,80
48,59,7
48,60,48
48,61,-69
48,62,-57
48,63,89
48,64,-47
48,65,71
48,66,-21
48,67,8
48,68,76
48,69,40
48,70,95
48,71,-12
48,72,-33
48,73,20
48,74,28
48,75,81
48,76,94
48,77,-68
48,78,-80
48,79,-4
48,80,58
48,81,-50
48,82,41
48,83,93
48,84,-29
48,85,-79
48,86,47
48,87,-23
48,88,10
48,89,-77
48,90,90
48,91,-15
48,92,-95
48,93,40
48,94,-76
48,95,-95
48,96,-36
48,97,-20
48,98,-53
48,99,87
48,100,-61
48,101,-74
48,102,10
48,103,46
48,104,-37
48,105,-39
48,106,43
48,107,22
48,108,79
48,109,81
48,110,57
48,111,50
48,112,30
48,113,21
48,114,18
48,115,66
48,116,70
48,117,13
48,118,86
48,119,32
48,120,-23
48,121,14
48,122,18
48,123,99
48,124,60
48,125,63
48,126,-80
48,127,67
48,128,15
48,129,-26
48,130,-59
48,131,-13
48,132,-38
48,133,-31
48,134,91
48,135,53
48,136,-62
48,137,17
48,138,-29
48,139,-61
48,140,-62
48,141,-16
48,142,-83
48,143,-95
48,144,-30
48,145,48
48,146,33
48,147,67
48,148,97
48,149,68
48,150,-79
48,151,1
48,152,34
48,153,-10
48,154,78
48,155,22
48,156,20
48,157,-11
48,158,-95
48,159,87
48,160,-31
48,161,50
48,162,-98
48,163,-12
48,164,8
48,165,5
48,166,43
48,167,91
48,168,59
48,169,-69
48,170,10
48,171,-22
48,172,54
48,173,-42
48,174,55
48,175,-5
48,176,44
48,177,66
48,178,-54
48,179,72
48,180,-41
48,181,53
48,182,-10
48,183,-96
48,184,27
48,185,-8
48,186,87
48,187,48
48,188,2
48,189,-73
48,190,-63
48,191,95
48,192,-17
48,193,-98
48,194,-12
48,195,27
48,196,78
48,197,53
48,198,53
48,199,95
48,200,-23
48,201,-29
48,202,60
48,203,31
48,204,-84
48,205,48
48,206,-46
48,207,-52
48,208,28
48,209,84
48,210,-8
48,211,-71
48,212,36
48,213,98
48,214,-13
48,215,-19
48,216,-50
48,217,55
48,218,-47
48,219,-10
48,220,95
48,221,-14
48,222,-9
48,223,11
48,224,11
48,225,-65
48,226,10
48,227,-54
48,228,31
48,229,57
48,230,-90
48,231,-3
48,232,-75
48,233,-49
48,234,-100
48,235,-58
48,236,90
48,237,11
48,238,-38
48,239,9
48,240,-29
48,241,-74
48,242,66
48,243,60
48,244,63
48,245,-73
48,246,-38
48,247,-11
48,248,54
48,249,-21
48,250,-100
48,251,-84
48,252,22
48,253,10
48,254,25
48,255,-35
48,256,-73
48,257,-53
48,258,24
48,259,-26
48,260,-9
48,261,-21
48,262,42
48,263,-58
48,264,73
48,265,10
48,266,87
48,267,62
48,268,-86
48,269,10
48,270,-55
48,271,-5
48,272,22
48,273,75
48,274,-66
48,275,9
48,276,79
48,277,-73
48,278,90
48,279,49
48,280,-62
48,281,43
48,282,-30
48,283,89
48,284,52
48,285,23
48,286,54
48,287,-6
48,288,-50
48,289,6
48,290,-80
48,291,30
48,292,-30
48,293,-32
48,294,44
48,295,82
48,296,78
48,297,92
48,298,3
48,299,-45
49,0,-87
49,1,9
49,2,80
49,3,27
49,4,69
49,5,-11
49,6,-71
49,7,-42
49,8,-11
49,9,-45
49,10,10
49,11,54
49,12,-83
49,13,-60
49,14,23
49,15,-68
49,16,31
49,17,-23
49,18,9
49,19,-87
49,20,97
49,21,-75
49,22,-98
49,23,-23
49,24,26
49,25,38
49,26,38
49,27,-10
49,28,82
49,29,27
49,30,16
49,31,16
49,32,-93
49,33,-22
49,34,-13
49,35,23
49,36,71
49,37,-2
49,38,29
49,39,-88
49,40,-77
49,41,87
49,42,-16
49,43,-28
49,44,-46
49,45,-63
49,46,-90
49,47,91
49,48,-87
49,49,21
49,50,60
49,51,53
49,52,-95
49,53,-12
49,54,-68
49,55,-7
49,56,64
49,57,-64
49,58,59
49,59,71
49,60,-92
49,61,-9
49,62,94
49,63,39
49,64,29
49,65,39
49,66,24
49,67,44
49,68,-56
49,69,-33
49,70,-90
49,71,-49
49,72,-64
49,73,19
49,74,10
49,75,-98
49,76,-50
49,77,1
49,78,49
49,79,-49
49,80,-95
49,81,6
49,82,47
49,83,-54
49,84,7
49,85,-12
49,86,46
49,87,-79
49,88,38
49,89,-56
49,90,2
49,91,90
49,92,-96
49,93,25
49,94,-70
49,95,15
49,96,6
49,97,-89
49,98,-67
49,99,-54
49,100,77
49,101,-10
49,102,73
49,103,-2
49,104,-86
49,105,66
49,106,-19
49,107,-59
49,108,-94
49,109,-11
49,110,66
49,111,80
49,112,39
49,113,-36
49,114,-89
49,115,-97
49,116,19
49,117,90
49,118,46
49,119,-66
49,120,-36
49,121,64
49,122,39
49,123,28
49,124,17
49,125,71
49,126,-46
49,127,-48
49,128,43
49,129,74
49,130,19
49,131,-24
49,132,86
49,133,44
49,134,23
49,135,48
49,136,-8
49,137,-12
49,138,-53
49,139,24
49,140,29
49,141,-30
49,142,16
49,143,87
49,144,17
49,145,-82
49,146,-85
49,147,0
49,148,-29
49,149,-5
49,150,59
49,151,0
49,152,-89
49,153,-21
49,154,-85
49,155,-38
49,156,43
49,157,-100
49,158,93
49,159,-80
49,160,80
49,161,-13
49,162,-22
49,163,42
49,164,43
49,165,-53
49,166,64
49,167,12
49,168,18
49,169,-54
49,170,-94
49,171,-9
49,172,-30
49,173,64
49,174,-5
49,175,60
49,176,-66
49,177,2
49,178,-77
49,179,46
49,180,-16
49,181,23
49,182,-26
49,183,53
49,184,67
49,185,63
49,186,-92
49,187,36
49,188,58
49,189,-43
49,190,-2
49,191,30
49,192,99
49,193,-79
49,194,-43
49,195,31
49,196,98
49,197,-64
49,198,-42
49,199,64
49,200,-22
49,201,50
49,202,78
49,203,-13
49,204,-10
49,205,65
49,206,-81
49,207,26
49,208,44
49,209,-20
49,210,37
49,211,10
49,212,53
49,213,-73
49,214,-85
49,215,-24
49,216,-88
49,217,84
49,218,-32
49,219,1
49,220,-32
49,221,50
49,222,15
49,223,7
49,224,0
49,225,56
49,226,-19
49,227,94
49,228,14
49,229,12
49,230,0
49,231,-24
49,232,46
49,233,-84
49,234,-79
49,235,-89
49,236,-27
49,237,4
49,238,95
49,239,-73
49,240,57
49,241,61
49,242,22
49,243,-96
49,244,98
49,245,93
49,246,-79
49,247,63
49,248,-57
49,249,-11
49,250,47
49,251,34
49,252,4
49,253,-37
49,254,-95
49,255,29
49,256,-1
49,257,-86
49,258,93
49,259,18
49,260,66
49,261,62
49,262,23
49,263,-9
49,264,-64
49,265,-28
49,266,30
49,267,16
49,268,28
49,269,2
49,270,49
49,271,-63
49,272,29
49,273,79
49,274,-56
49,275,-28
49,276,-6
49,277,1
49,278,-40
49,279,-34
49,280,-57
49,281,59
49,282,-35
49,283,-46
49,284,-91
49,285,14
49,286,41
49,287,-16
49,288,99
49,289,-6
49,290,-45
49,291,-14
49,292,84
49,293,-31
49,294,16
49,295,-41
49,296,59
49,297,-39
49,298,65
49,299,91
50,0,-60
50,1,-10
50,2,-64
50,3,-42
50,4,-11
50,5,-35
50,6,-32
50,7,-16
50,8,87
50,9,32
50,10,75
50,11,-94
50,12,64
50,13,-30
50,14,-87
50,15,-75
50,16,-21
50,17,49
50,18,94
50,19,-66
50,20,87
50,21,3
50,22,-24
50,23,85
50,24,77
50,25,-26
50,26,-93
50,27,15
50,28,-46
50,29,92
50,30,82
50,31,-3
50,32,-78
50,33,73
50,34,47
50,35,47
50,36,-83
50,37,85
50,38,-13
50,39,54
50,40,86
50,41,-12
50,42,49
50,43,-8
50,44,-75
50,45,36
50,46,-32
50,47,27
50,48,-49
50,49,-96
50,50,-5
50,51,-48
50,52,53
50,53,-4
50,54,-21
50,55,66
50,56,-8
50,57,86
50,58,-52
50,59,-75
50,60,79
50,61,11
50,62,96
50,63,89
50,64,17
50,65,11
50,66,82
50,67,-5
50,68,-49
50,69,83
50,70,-63
50,71,48
50,72,64
50,73,-34
50,74,-95
50,75,79
50,76,-42
50,77,-2
50,78,62
50,79,-75
50,80,56
50,81,-43
50,82,38
50,83,-52
50,84,29
50,85,55
50,86,-50
50,87,96
50,88,46
50,89,-85
50,90,-50
50,91,-74
50,92,45
50,93,77
50,94,-89
50,95,89
50,96,-49
50,97,-63
50,98,95
50,99,68
50,100,17
50,101,-30
50,102,-11
50,103,8
50,104,-65
50,105,-91
50,106,-90
50,107,-45
50,108,-92
50,109,82
50,110,-59
50,111,28
50,112,53
50,113,-64
50,114,11
50,115,-54
50,116,6
50,117,22
50,118,11
50,119,21
50,120,-43
50,121,-29
50,122,-61
50,123,1
50,124,21
50,125,-16
50,126,-47
50,127,-37
50,128,-70
50,129,-40
50,130,67
50,131,21
50,132,37
50,133,27
50,134,20
50,135,34
50,136,52
50,137,-8
50,138,81
50,139,-37
50,140,42
50,141,-44
50,142,54
50,143,-35
50,144,93
50,145,-80
50,146,90
50,147,-22
50,148,77
50,149,-4
50,150,-32
50,151,6
50,152,32
50,153,6
50,154,-86
50,155,-92
50,156,70
50,157,33
50,158,-69
50,159,-48
50,160,-97
50,161,-79
50,162,-20
50,163,-76
50,164,-5
50,165,73
50,166,10
50,167,-68
50,168,62
50,169,-38
50,170,-92
50,171,-90
50,172,-84
50,173,76
50,174,-94
50,175,23
50,176,-54
50,177,74
50,178,-15
50,179,-56
50,180,-58
50,181,-43
50,182,-83
50,183,-18
50,184,-13
50,185,-50
50,186,-91
50,187,-24
50,188,29
50,189,-34
50,190,57
50,191,25
50,192,-65
50,193,70
50,194,44
50,195,20
50,196,37
50,197,13
50,198,-2
50,199,49
50,200,93
50,201,-18
50,202,-96
50,203,37
50,204,-35
50,205,0
50,206,-13
50,207,-45
50,208,-49
50,209,33
50,210,58
50,211,-44
50,212,28
50,213,-89
50,214,-96
50,215,-3
50,216,-91
50,217,-44
50,218,-58
50,219,-91
50,220,13
50,221,-33
50,222,98
50,223,-8
50,224,-87
50,225,46
50,226,57
50,227,-34
50,228,-93
50,229,-8
50,230,-68
50,231,76
50,232,-84
50,233,52
50,234,-95
50,235,-38
50,236,-68
50,237,-17
50,238,40
50,239,49
50,240,-42
50,241,66
50,242,-64
50,243,22
50,244,-37
50,245,-12
50,246,94
50,247,-29
50,248,23
50,249,73
50,250,-67
50,251,-99
50,252,91
50,253,68
50,254,-80
50,255,-86
50,256,-36
50,257,69
50,258,25
50,259,31
50,260,67
50,261,-53
50,262,-98
50,263,64
50,264,40
50,265,40
50,266,64
50,267,-42
50,268,-90
50,269,-23
50,270,-85
50,271,91
50,272,28
50,273,-95
50,274,69
50,275,8
50,276,94
50,277,51
50,278,55
50,279,86
50,280,59
50,281,41
50,282,-59
50,283,8
50,284,-92
50,285,-24
50,286,79
50,287,-11
50,288,12
50,289,-44
50,290,-62
50,291,90
50,292,-24
50,293,37
50,294,-47
50,295,-82
50,296,-32
50,297,34
50,298,25
50,299,59
51,0,71
51,1,-49
51,2,61
51,3,-42
51,4,-97
51,5,88
51,6,94
51,7,57
51,8,-80
51,9,-81
51,10,36
51,11,79
51,12,-74
51,13,54
51,14,-13
51,15,-52
51,16,89
51,17,-3
51,18,-81
51,19,-39
51,20,10
51,21,-80
51,22,13
51,23,39
51,24,15
51,25,9
51,26,71
51,27,-14
51,28,-37
51,29,26
51,30,-67
51,31,-21
51,32,80
51,33,39
51,34,99
51,35,-79
51,36,-100
51,37,-53
51,38,-58
51,39,-20
51,40,-30
51,41,40
51,42,-81
51,43,95
51,44,-7
51,45,-38
51,46,-64
51,47,73
51,48,47
51,49,57
51,50,14
51,51,-65
51,52,87
51,53,75
51,54,-34
51,55,89
51,56,68
51,57,62
51,58,95
51,59,71
51,60,-12
51,61,90
51,62,-7
51,63,-62
51,64,-99
51,65,8
51,66,-52
51,67,-100
51,68,89
51,69,-44
51,70,91
51,71,68
51,72,41
51,73,-2
51,74,-91
51,75,8
51,76,-34
51,77,-38
51,78,-17
51,79,67
51,80,-98
51,81,96
51,82,48
51,83,26
51,84,-80
51,85,-9
51,86,23
51,87,55
51,88,-81
51,89,32
51,90,79
51,91,48
51,92,86
51,93,72
51,94,7
51,95,-94
51,96,-20
51,97,68
51,98,91
51,99,-57
51,100,55
51,101,72
51,102,12
51,103,-96
51,104,-92
51,105,57
51,106,3
51,107,-82
51,108,38
51,109,25
51,110,-27
51,111,70
51,112,92
51,113,39
51,114,5
51,115,-50
51,116,-58
51,117,-18
51,118,92
51,119,24
51,120,-28
51,121,-22
51,122,-46
51,123,99
51,124,13
51,125,95
51,126,76
51,127,-12
51,128,-92
51,129,87
51,130,30
51,131,43
51,132,-82
51,133,63
51,134,86
51,135,-2
51,136,49
51,137,29
51,138,-20
51,139,-57
51,140,41
51,141,-50
51,142,5
51,143,-98
51,144,-47
51,145,46
51,146,89
51,147,-51
51,148,90
51,149,52
51,150,97
51,151,-3
51,152,5
51,153,47
51,154,-79
51,155,65
51,156,21
51,157,1
51,158,-62
51,159,64
51,160,-100
51,161,-32
51,162,-84
51,163,97
51,164,-51
51,165,-20
51,166,36
51,167,61
51,168,-62
51,169,-67
51,170,-22
51,171,-69
51,172,-34
51,173,-55
51,174,35
51,175,-62
51,176,-89
51,177,-11
51,178,4
51,179,-70
51,180,87
51,181,-81
51,182,-84
51,183,-23
51,184,45
51,185,89
51,186,-30
51,187,-91
51,188,-59
51,189,71
51,190,-10
51,191,-43
51,192,87
51,193,51
51,194,78
51,195,-48
51,196,59
51,197,-11
51,198,-25
51,199,-23
51,200,-60
51,201,-48
51,202,-49
51,203,12
51,204,53
51,205,-85
51,206,-36
51,207,49
51,208,-33
51,209,-23
51,210,-30
51,211,-3
51,212,85
51,213,-5
51,214,-40
51,215,-62
51,216,-95
51,217,36
51,218,87
51,219,-44
51,220,95
51,221,27
51,222,-16
51,223,-51
51,224,-47
51,225,-42
51,226,-29
51,227,89
51,228,61
51,229,-87
51,230,-34
51,231,99
51,232,23
51,233,4
51,234,-45
51,235,-35
51,236,36
51,237,69
51,238,-63
51,239,-83
51,240,-24
51,241,72
51,242,-47
51,243,90
51,244,33
51,245,47
51,246,-89
51,247,-66
51,248,91
51,249,69
51,250,95
51,251,-13
51,252,-60
51,253,48
51,254,21
51,255,79
51,256,58
51,257,-34
51,258,49
51,259,16
51,260,-65
51,261,-59
51,262,59
51,263,92
51,264,-62
51,265,-14
51,266,56
51,267,60
51,268,-98
51,269,-23
51,270,39
51,271,-99
51,272,-58
51,273,89
51,274,-87
51,275,-94
51,276,41
51,277,-53
51,278,-54
51,279,-5
51,280,15
51,281,2
51,282,-49
51,283,-47
51,284,68
51,285,-9
51,286,-48
51,287,21
51,288,6
51,289,28
51,290,-93
51,291,36
51,292,-36
51,293,-61
51,294,84
51,295,-3
51,296,-42
51,297,-68
51,298,37
51,299,14
52,0,27
52,1,34
52,2,60
52,3,96
52,4,-54
52,5,57
52,6,-97
52,7,-96
52,8,-23
52,9,84
52,10,82
52,11,-81
52,12,-85
52,13,-21
52,14,-98
52,15,90
52,16,-28
52,17,-88
52,18,-26
52,19,-10
52,20,38
52,21,63
52,22,-25
52,23,92
52,24,85
52,25,25
52,26,23
52,27,96
52,28,26
52,29,-82
52,30,26
52,31,-3
52,32,-24
52,33,4
52,34,37
52,35,70
52,36,-42
52,37,99
52,38,-87
52,39,21
52,40,-15
52,41,-14
52,42,-43
52,43,65
52,44,70
52,45,31
52,46,52
52,47,54
52,48,-81
52,49,-53
52,50,-71
52,51,86
52,52,-90
52,53,32
52,54,64
52,55,34
52,56,48
52,57,28
52,58,3
52,59,-71
52,60,7
52,61,-32
52,62,-60
52,63,-60
52,64,-91
52,65,-26
52,66,-15
52,67,-16
52,68,-97
52,69,-90
52,70,60
52,71,-95
52,72,-50
52,73,90
52,74,82
52,75,-64
52,76,19
52,77,8
52,78,-75
52,79,-95
52,80,-60
52,81,-99
52,82,-2
52,83,66
52,84,-54
52,85,93
52,86,-86
52,87,5
52,88,-99
52,89,-82
52,90,37
52,91,81
52,92,87
52,93,13
52,94,-79
52,95,76
52,96,39
52,97,-95
52,98,83
52,99,80
52,100,-3
52,101,-81
52,102,60
52,103,-81
52,104,-87
52,105,-92
52,106,74
52,107,64
52,108,-11
52,109,-87
52,110,-34
52,111,52
52,112,-67
52,113,46
52,114,40
52,115,25
52,116,78
52,117,20
52,118,-9
52,119,-44
52,120,99
52,121,-17
52,122,-43
52,123,-65
52,124,90
52,125,13
52,126,80
52,127,12
52,128,-39
52,129,15
52,130,13
52,131,-22
52,132,2
52,133,41
52,134,-92
52,135,74
52,136,-4
52,137,-74
52,138,20
52,139,87
52,140,-83
52,141,-9
52,142,49
52,143,-64
52,144,-35
52,145,41
52,146,68
52,147,-72
52,148,-46
52,149,32
52,150,18
52,151,81
52,152,64
52,153,-55
52,154,-85
52,155,-50
52,156,-93
52,157,83
52,158,-82
52,159,-17
52,160,-56
52,161,63
52,162,-4
52,163,-8
52,164,9
52,165,49
52,166,61
52,167,51
52,168,-43
52,169,30
52,170,-18
52,171,-77
52,172,-54
52,173,-33
52,174,72
52,175,-96
52,176,80
52,177,48
52,178,-37
52,179,22
52,180,-66
52,181,-80
52,182,-87
52,183,13
52,184,-59
52,185,51
52,186,41
52,187,-92
52,188,-57
52,189,-87
52,190,-1
52,191,94
52,192,17
52,193,63
52,194,-79
52,195,58
52,196,32
52,197,95
52,198,-71
52,199,-34
52,200,-12
52,201,97
52,202,72
52,203,62
52,204,17
52,205,-6
52,206,-39
52,207,-93
52,208,-84
52,209,-66
52,210,-21
52,211,-20
52,212,10
52,213,-60
52,214,-65
52,215,56
52,216,5
52,217,-21
52,218,-92
52,219,96
52,220,-92
52,221,-76
52,222,-90
52,223,-13
52,224,-28
52,225,10
52,226,-88
52,227,-51
52,228,-15
52,229,-14
52,230,60
52,231,-60
52,232,-38
52,233,23
52,234,91
52,235,35
52,236,22
52,237,-47
52,238,-68
52,239,38
52,240,-43
52,241,75
52,242,-1
52,243,-83
52,244,-7
52,245,-59
52,246,-42
52,247,61
52,248,-17
52,249,17
52,250,95
52,251,-29
52,252,-88
52,253,9
52,254,28
52,255,11
52,256,-24
52,257,16
52,258,77
52,259,18
52,260,-29
52,261,27
52,262,-49
52,263,22
52,264,-89
52,265,70
52,266,82
52,267,-46
52,268,-13
52,269,95
52,270,-54
52,271,88
52,272,-35
52,273,32
52,274,-20
52,275,-90
52,276,75
52,277,-65
52,278,-39
52,279,80
52,280,70
52,281,10
52,282,-38
52,283,41
52,284,70
52,285,82
52,286,20
52,287,25
52,288,41
52,289,-92
52,290,31
52,291,-98
52,292,23
52,293,9
52,294,29
52,295,16
52,296,60
52,297,-17
52,298,-87
52,299,-62
53,0,69
53,1,22
53,2,72
53,3,-24
53,4,-77
53,5,20
53,6,-26
53,7,-5
53,8,-56
53,9,32
53,10,-55
53,11,46
53,12,-87
53,13,16
53,14,-6
53,15,-45
53,16,82
53,17,19
53,18,51
53,19,14
53,20,58
53,21,-87
53,22,-13
53,23,-89
53,24,27
53,25,84
53,26,5
53,27,-5
53,28,42
53,29,-9
53,30,24
53,31,-88
53,32,72
53,33,35
53,34,-9
53,35,-58
53,36,35
53,37,-6
53,38,44
53,39,-59
53,40,-100
53,41,-36
53,42,-43
53,43,-27
53,44,31
53,45,22
53,46,-58
53,47,21
53,48,30
53,49,-38
53,50,-91
53,51,-48
53,52,-4
53,53,-41
53,54,-14
53,55,-40
53,56,-11
53,57,49
53,58,44
53,59,21
53,60,40
53,61,-59
53,62,-65
53,63,-82
53,64,18
53,65,-42
53,66,-25
53,67,50
53,68,-50
53,69,83
53,70,35
53,71,-41
53,72,67
53,73,31
53,74,-65
53,75,43
53,76,77
53,77,-2
53,78,-12
53,79,79
53,80,-62
53,81,-59
53,82,9
53,83,-44
53,84,78
53,85,-15
53,86,46
53,87,-90
53,88,-17
53,89,-71
53,90,82
53,91,-49
53,92,10
53,93,35
53,94,-5
53,95,-55
53,96,-34
53,97,73
53,98,-10
53,99,64
53,100,-21
53,101,-33
53,102,-2
53,103,37
53,104,-31
53,105,-3
53,106,55
53,107,57
53,108,58
53,109,-80
53,110,56
53,111,-33
53,112,11
53,113,-5
53,114,-99
53,115,14
53,116,26
53,117,93
53,118,-69
53,119,-95
53,120,50
53,121,-24
53,122,-98
53,123,64
53,124,-93
53,125,-87
53,126,63
53,127,-20
53,128,-60
53,129,-96
53,130,-37
53,131,-80
53,132,-27
53,133,3
53,134,64
53,135,64
53,136,-55
53,137,-21
53,138,91
53,139,74
53,140,-88
53,141,-1
53,142,-78
53,143,-98
53,144,-93
53,145,-37
53,146,72
53,147,-61
53,148,-97
53,149,57
53,150,-20
53,151,11
53,152,-12
53,153,54
53,154,-28
53,155,-6
53,156,-74
53,157,-86
53,158,-77
53,159,-92
53,160,-75
53,161,40
53,162,-46
53,163,-72
53,164,-52
53,165,73
53,166,-83
53,167,61
53,168,-32
53,169,36
53,170,54
53,171,40
53,172,75
53,173,36
53,174,-57
53,175,70
53,176,83
53,177,-89
53,178,37
53,179,23
53,180,-82
53,181,75
53,182,-100
53,183,-57
53,184,95
53,185,-47
53,186,-50
53,187,-77
53,188,-52
53,189,-8
53,190,50
53,191,-9
53,192,-28
53,193,-58
53,194,-47
53,195,25
53,196,79
53,197,36
53,198,92
53,199,49
53,200,-50
53,201,-1
53,202,15
53,203,-87
53,204,84
53,205,-51
53,206,14
53,207,34
53,208,-27
53,209,-40
53,210,-35
53,211,-57
53,212,-55
53,213,23
53,214,4
53,215,54
53,216,-73
53,217,66
53,218,-51
53,219,-82
53,220,53
53,221,48
53,222,54
53,223,72
53,224,-3
53,225,20
53,226,13
53,227,53
53,228,-21
53,229,55
53,230,-58
53,231,-35
53,232,-70
53,233,17
53,234,-75
53,235,19
53,236,-25
53,237,-68
53,238,2
53,239,-48
53,240,93
53,241,12
53,242,56
53,243,-70
53,244,-42
53,245,26
53,246,-85
53,247,-5
53,248,-99
53,249,79
53,250,-63
53,251,-33
53,252,87
53,253,-82
53,254,-88
53,255,-11
53,256,-13
53,257,55
53,258,-75
53,259,-94
53,260,-8
53,261,-44
53,262,38
53,263,59
53,264,-6
53,265,23
53,266,92
53,267,37
53,268,-92
53,269,-38
53,270,-62
53,271,87
53,272,20
53,273,-50
53,274,-57
53,275,-12
53,276,25
53,277,-53
53,278,57
53,279,59
53,280,76
53,281,-49
53,282,24
53,283,12
53,284,-94
53,285,-19
53,286,-53
53,287,-40
53,288,79
53,289,-18
53,290,81
53,291,75
53,292,-82
53,293,87
53,294,-84
53,295,91
53,296,45
53,297,75
53,298,97
53,299,39
54,0,80
54,1,8
54,2,92
54,3,79
54,4,25
54,5,-31
54,6,76
54,7,51
54,8,-65
54,9,-3
54,10,-85
54,11,96
54,12,-36
54,13,-29
54,14,0
54,15,-94
54,16,-68
54,17,-13
54,18,48
54,19,46
54,20,15
54,21,-92
54,22,71
54,23,19
54,24,-11
54,25,73
54,26,-87
54,27,69
54,28,31
54,29,-96
54,30,88
54,31,-51
54,32,77
54,33,56
54,34,50
54,35,60
54,36,69
54,37,32
54,38,-94
54,39,39
54,40,-77
54,41,5
54,42,-71
54,43,-13
54,44,72
54,45,-57
54,46,69
54,47,-65
54,48,-21
54,49,29
54,50,-79
54,51,-12
54,52,37
54,53,-41
54,54,-15
54,55,29
54,56,28
54,57,-80
54,58,-7
54,59,65
54,60,19
54,61,-85
54,62,-30
54,63,-64
54,64,-82
54,65,53
54,66,80
54,67,-37
54,68,38
54,69,1
54,70,59
54,71,-62
54,72,58
54,73,18
54,74,40
54,75,-52
54,76,-84
54,77,5
54,78,28
54,79,72
54,80,73
54,81,81
54,82,97
54,83,-14
54,84,-13
54,85,-54
54,86,-22
54,87,5
54,88,56
54,89,47
54,90,-80
54,91,-67
54,92,57
54,93,89
54,94,11
54,95,77
54,96,83
54,97,57
54,98,-89
54,99,6
54,100,92
54,101,40
54,102,59
54,103,-42
54,104,71
54,105,8
54,106,-28
54,107,99
54,108,85
54,109,54
54,110,-87
54,111,69
54,112,38
54,113,-68
54,114,78
54,115,74
54,116,-89
54,117,-46
54,118,5
54,119,81
54,120,-10
54,121,-10
54,122,10
54,123,-75
54,124,72
54,125,79
54,126,12
54,127,-77
54,128,-46
54,129,58
54,130,-83
54,131,87
54,132,-17
54,133,-46
54,134,62
54,135,-6
54,136,85
54,137,22
54,138,-81
54,139,82
54,140,-54
54,141,66
54,142,19
54,143,37
54,144,51
54,145,-11
54,146,-29
54,147,46
54,148,-57
54,149,-28
54,150,29
54,151,-61
54,152,-6
54,153,-12
54,154,16
54,155,-14
54,156,-51
54,157,97
54,158,-100
54,159,-72
54,160,33
54,161,85
54,162,-39
54,163,-68
54,164,21
54,165,96
54,166,4
54,167,-33
54,168,97
54,169,-9
54,170,33
54,171,-73
54,172,-84
54,173,6
54,174,-39
54,175,-64
54,176,-30
54,177,-45
54,178,91
54,179,52
54,180,-14
54,181,-99
54,182,91
54,183,-34
54,184,-37
54,185,88
54,186,-46
54,187,69
54,188,56
54,189,1
54,190,37
54,191,23
54,192,20
54,193,-63
54,194,44
54,195,-70
54,196,47
54,197,10
54,198,53
54,199,71
54,200,81
54,201,3
54,202,8
54,203,35
54,204,33
54,205,-59
54,206,-5
54,207,-29
54,208,36
54,209,-31
54,210,-92
54,211,61
54,212,-36
54,213,96
54,214,-71
54,215,24
54,216,-13
54,217,39
54,218,-91
54,219,91
54,220,-4
54,221,-97
54,222,-77
54,223,67
54,224,-99
54,225,-59
54,226,33
54,227,-62
54,228,63
54,229,-30
54,230,16
54,231,-64
54,232,-94
54,233,65
54,234,-95
54,235,-44
54,236,-67
54,237,83
54,238,-91
54,239,44
54,240,-84
54,241,-13
54,242,44
54,243,-72
54,244,36
54,245,-50
54,246,25
54,247,-69
54,248,39
54,249,29
54,250,60
54,251,66
54,252,29
54,253,12
54,254,-92
54,255,-55
54,256,8
54,257,-24
54,258,-21
54,259,-42
54,260,56
54,261,95
54,262,8
54,263,-11
54,264,-28
54,265,-54
54,266,-30
54,267,92
54,268,-72
54,269,90
54,270,60
54,271,45
54,272,-36
54,273,-20
54,274,-21
54,275,-78
54,276,-54
54,277,69
54,278,-19
54,279,-78
54,280,-45
54,281,51
54,282,-33
54,283,53
54,284,-39
54,285,-2
54,286,76
54,287,-21
54,288,22
54,289,-73
54,290,9
54,291,96
54,292,-96
54,293,-10
54,294,25
54,295,32
54,296,82
54,297,89
54,298,71
54,299,-92
55,0,45
55,1,80
55,2,57
55,3,69
55,4,-37
55,5,-33
55,6,67
55,7,-78
55,8,-9
55,9,-90
55,10,93
55,11,-1
55,12,57
55,13,48
55,14,-45
55,15,13
55,16,23
55,17,43
55,18,-69
55,19,-19
55,20,69
55,21,-42
55,22,93
55,23,-99
55,24,-33
55,25,21
55,26,62
55,27,1
55,28,65
55,29,-80
55,30,-27
55,31,6
55,32,-89
55,33,2
55,34,33
55,35,50
55,36,-43
55,37,77
55,38,-44
55,39,17
55,40,-9
55,41,-98
55,42,-76
55,43,3
55,44,-63
55,45,-19
55,46,-78
55,47,32
55,48,21
55,49,-15
55,50,45
55,51,-65
55,52,-96
55,53,-6
55,54,67
55,55,-27
55,56,-55
55,57,65
55,58,-81
55,59,93
55,60,-15
55,61,-8
55,62,-33
55,63,-14
55,64,-12
55,65,54
55,66,52
55,67,95
55,68,-72
55,69,96
55,70,20
55,71,60
55,72,-80
55,73,97
55,74,-27
55,75,-30
55,76,64
55,77,-24
55,78,58
55,79,6
55,80,47
55,81,85
55,82,-28
55,83,-55
55,84,-31
55,85,16
55,86,49
55,87,9
55,88,-18
55,89,23
55,90,-82
55,91,-57
55,92,28
55,93,-23
55,94,-11
55,95,-58
55,96,1
55,97,-52
55,98,51
55,99,10
55,100,-16
55,101,-5
55,102,75
55,103,58
55,104,31
55,105,7
55,106,-9
55,107,-31
55,108,-39
55,109,40
55,110,-58
55,111,-10
55,112,60
55,113,-42
55,114,93
55,115,99
55,116,19
55,117,24
55,118,73
55,119,62
55,120,-50
55,121,87
55,122,-88
55,123,-57
55,124,-47
55,125,3
55,126,69
55,127,-57
55,128,21
55,129,-13
55,130,39
55,131,-66
55,132,-16
55,133,45
55,134,22
55,135,-80
55,136,-68
55,137,-37
55,138,-68
55,139,-58
55,140,-70
55,141,3
55,142,32
55,143,-55
55,144,89
55,145,-17
55,146,-91
55,147,-89
55,148,82
55,149,-74
55,150,10
55,151,-42
55,152,52
55,153,-94
55,154,66
55,155,90
55,156,88
55,157,25
55,158,74
55,159,59
55,160,-11
55,161,13
55,162,76
55,163,98
55,164,13
55,165,-37
55,166,-34
55,167,63
55,168,-78
55,169,-22
55,170,-44
55,171,22
55,172,-59
55,173,74
55,174,84
55,175,39
55,176,-55
55,177,-42
55,178,-13
55,179,-58
55,180,3
55,181,-57
55,182,98
55,183,-30
55,184,39
55,185,-35
55,186,12
55,187,-16
55,188,30
55,189,19
55,190,68
55,191,-56
55,192,31
55,193,6
55,194,42
55,195,64
55,196,-9
55,197,-62
55,198,-8
55,199,58
55,200,-57
55,201,53
55,202,0
55,203,51
55,204,53
55,205,1
55,206,-90
55,207,43
55,208,-29
55,209,55
55,210,99
55,211,25
55,212,67
55,213,-5
55,214,69
55,215,-55
55,216,-32
55,217,46
55,218,61
55,219,36
55,220,-82
55,221,-3
55,222,-2
55,223,-26
55,224,18
55,225,34
55,226,1
55,227,24
55,228,-17
55,229,-70
55,230,51
55,231,-2
55,232,93
55,233,-51
55,234,91
55,235,44
55,236,49
55,237,63
55,238,47
55,239,-73
55,240,-33
55,241,38
55,242,-39
55,243,81
55,244,99
55,245,55
55,246,-21
55,247,-36
55,248,70
55,249,96
55,250,-46
55,251,73
55,252,74
55,253,-71
55,254,-29
55,255,24
55,256,-45
55,257,-63
55,258,31
55,259,51
55,260,-36
55,261,-19
55,262,-19
55,263,-89
55,264,-68
55,265,10
55,266,-95
55,267,2
55,268,83
55,269,59
55,270,-27
55,271,-64
55,272,-84
55,273,-89
55,274,90
55,275,-20
55,276,-100
55,277,15
55,278,-50
55,279,39
55,280,-78
55,281,-38
55,282,-78
55,283,38
55,284,-1
55,285,-6
55,286,9
55,287,-6
55,288,54
55,289,52
55,290,65
55,291,-91
55,292,98
55,293,51
55,294,57
55,295,42
55,296,-96
55,297,70
55,298,85
55,299,39
56,0,78
56,1,30
56,2,-8
56,3,-39
56,4,62
56,5,-62
56,6,-9
56,7,-100
56,8,-66
56,9,99
56,10,11
56,11,98
56,12,-16
56,13,41
56,14,80
56,15,87
56,16,-49
56,17,82
56,18,-39
56,19,-44
56,20,-62
56,21,-2
56,22,-89
56,23,-30
56,24,82
56,25,92
56,26,12
56,27,86
56,28,-13
56,29,-67
56,30,-64
56,31,92
56,32,39
56,33,84
56,34,-8
56,35,-11
56,36,-33
56,37,63
56,38,-82
56,39,-73
56,40,-42
56,41,-87
56,42,12
56,43,98
56,44,-56
56,45,-60
56,46,-4
56,47,-8
56,48,-83
56,49,87
56,50,75
56,51,-78
56,52,24
56,53,9
56,54,71
56,55,-8
56,56,31
56,57,33
56,58,90
56,59,-44
56,60,-97
56,61,41
56,62,-60
56,63,47
56,64,-63
56,65,-99
56,66,17
56,67,16
56,68,15
56,69,61
56,70,-9
56,71,-43
56,72,87
56,73,89
56,74,-2
56,75,37
56,76,16
56,77,-41
56,78,95
56,79,-47
56,80,-42
56,81,86
56,82,13
56,83,41
56,84,80
56,85,-52
56,86,3
56,87,23
56,88,49
56,89,75
56,90,-51
56,91,-3
56,92,22
56,93,1
56,94,53
56,95,-88
56,96,-71
56,97,-3
56,98,-15
56,99,76
56,100,-77
56,101,2
56,102,78
56,103,19
56,104,41
56,105,-84
56,106,16
56,107,50
56,108,87
56,109,54
56,110,1
56,111,-4
56,112,-40
56,113,47
56,114,43
56,115,-82
56,116,99
56,117,-41
56,118,-65
56,119,63
56,120,-37
56,121,18
56,122,-56
56,123,85
56,124,-36
56,125,86
56,126,-70
56,127,74
56,128,49
56,129,-36
56,130,-79
56,131,68
56,132,-45
56,133,-42
56,134,-42
56,135,-3
56,136,61
56,137,66
56,138,5
56,139,11
56,140,-41
56,141,-84
56,142,-54
56,143,90
56,144,81
56,145,-63
56,146,34
56,147,25
56,148,61
56,149,-77
56,150,-73
56,151,73
56,152,-80
56,153,-53
56,154,34
56,155,-75
56,156,-93
56,157,14
56,158,9
56,159,0
56,160,-89
56,161,41
56,162,35
56,163,-58
56,164,-51
56,165,84
56,166,74
56,167,-93
56,168,-10
56,169,-29
56,170,53
56,171,60
56,172,-43
56,173,77
56,174,-18
56,175,78
56,176,0
56,177,45
56,178,58
56,179,-59
56,180,-60
56,181,-20
56,182,11
56,183,-64
56,184,-62
56,185,93
56,186,-16
56,187,3
56,188,-99
56,189,-27
56,190,-40
56,191,-56
56,192,94
56,193,94
56,194,18
56,195,60
56,196,-35
56,197,65
56,198,-58
56,199,89
56,200,-25
56,201,-57
56,202,54
56,203,50
56,204,-65
56,205,-71
56,206,41
56,207,12
56,208,91
56,209,44
56,210,-67
56,211,-32
56,212,-82
56,213,-62
56,214,62
56,215,-25
56,216,-32
56,217,-41
56,218,-64
56,219,37
56,220,-67
56,221,68
56,222,29
56,223,-28
56,224,-93
56,225,-79
56,226,-44
56,227,41
56,228,68
56,229,57
56,230,-31
56,231,-34
56,232,32
56,233,87
56,234,-98
56,235,82
56,236,80
56,237,82
56,238,-37
56,239,-48
56,240,-65
56,241,89
56,242,-6
56,243,-67
56,244,-89
56,245,64
56,246,-74
56,247,-88
56,248,-67
56,249,98
56,250,76
56,251,-6
56,252,76
56,253,-69
56,254,71
56,255,-37
56,256,-95
56,257,10
56,258,5
56,259,-36
56,260,0
56,261,-45
56,262,73
56,263,-94
56,264,69
56,265,78
56,266,-27
56,267,79
56,268,28
56,269,82
56,270,-19
56,271,86
56,272,64
56,273,56
56,274,-95
56,275,14
56,276,-26
56,277,2
56,278,-30
56,279,-62
56,280,30
56,281,17
56,282,-6
56,283,-84
56,284,64
56,285,-78
56,286,-38
56,287,6
56,288,92
56,289,46
56,290,26
56,291,98
56,292,15
56,293,-99
56,294,-80
56,295,40
56,296,-5
56,297,-5
56,298,82
56,299,-100
57,0,29
57,1,7
57,2,-50
57,3,66
57,4,24
57,5,-45
57,6,2
57,7,25
57,8,-7
57,9,-11
57,10,54
57,11,7
57,12,17
57,13,21
57,14,16
57,15,-34
57,16,-93
57,17,-17
57,18,94
57,19,-4
57,20,-91
57,21,36
57,22,-14
57,23,1
57,24,72
57,25,-42
57,26,-22
57,27,-80
57,28,25
57,29,-95
57,30,-35
57,31,-37
57,32,96
57,33,2
57,34,86
57,35,3
57,36,12
57,37,-66
57,38,-79
57,39,80
57,40,85
57,41,-86
57,42,-63
57,43,-98
57,44,-68
57,45,-56
57,46,-73
57,47,99
57,48,-93
57,49,69
57,50,-17
57,51,22
57,52,-75
57,53,-25
57,54,11
57,55,-60
57,56,86
57,57,79
57,58,10
57,59,24
57,60,-13
57,61,30
57,62,-99
57,63,-75
57,64,-2
57,65,19
57,66,23
57,67,73
57,68,-71
57,69,-89
57,70,-54
57,71,83
57,72,68
57,73,81
57,74,62
57,75,37
57,76,29
57,77,91
57,78,-11
57,79,93
57,80,-31
57,81,-36
57,82,-23
57,83,71
57,84,88
57,85,-45
57,86,-37
57,87,-60
57,88,89
57,89,38
57,90,53
57,91,-6
57,92,96
57,93,-6
57,94,99
57,95,-74
57,96,-72
57,97,-7
57,98,-85
57,99,32
57,100,0
57,101,-10
57,102,5
57,103,65
57,104,-46
57,105,-93
57,106,-68
57,107,-35
57,108,42
57,109,95
57,110,99
57,111,-4
57,112,-95
57,113,-65
57,114,-9
57,115,-26
57,116,-54
57,117,-81
57,118,66
57,119,-34
57,120,-34
57,121,62
57,122,-87
57,123,-59
57,124,13
57,125,5
57,126,-74
57,127,-90
57,128,27
57,129,-29
57,130,-42
57,131,76
57,132,-62
57,133,-61
57,134,-56
57,135,-93
57,136,27
57,137,46
57,138,-61
57,139,81
57,140,-46
57,141,-91
57,142,70
57,143,-52
57,144,77
57,145,-60
57,146,-78
57,147,18
57,148,89
57,149,33
57,150,23
57,151,96
57,152,37
57,153,-58
57,154,-11
57,155,-11
57,156,-100
57,157,-8
57,158,-21
57,159,-3
57,160,-35
57,161,52
57,162,-99
57,163,32
57,164,-46
57,165,70
57,166,-58
57,167,85
57,168,86
57,169,-9
57,170,21
57,171,-91
57,172,53
57,173,-31
57,174,-72
57,175,-74
57,176,-73
57,177,85
57,178,-75
57,179,-27
57,180,-98
57,181,-65
57,182,-37
57,183,-14
57,184,-46
57,185,58
57,186,-96
57,187,35
57,188,-25
57,189,86
57,190,-59
57,191,98
57,192,66
57,193,73
57,194,-60
57,195,-36
57,196,-86
57,197,23
57,198,-84
57,199,-56
57,200,50
57,201,-86
57,202,-54
57,203,81
57,204,-13
57,205,87
57,206,8
57,207,66
57,208,34
57,209,-45
57,210,68
57,211,-24
57,212,-65
57,213,78
57,214,-94
57,215,57
57,216,-6
57,217,77
57,218,-42
57,219,-65
57,220,-62
57,221,-68
57,222,-85
57,223,55
57,224,-81
57,225,-71
57,226,84
57,227,-8
57,228,-49
57,229,28
57,230,4
57,231,-81
57,232,66
57,233,-21
57,234,17
57,235,39
57,236,-34
57,237,-75
57,238,-93
57,239,10
57,240,-24
57,241,-31
57,242,-10
57,243,-87
57,244,-25
57,245,25
57,246,52
57,247,20
57,248,-27
57,249,-31
57,250,-79
57,251,-93
57,252,-65
57,253,-91
57,254,11
57,255,-62
57,256,-88
57,257,13
57,258,58
57,259,-33
57,260,-71
57,261,-26
57,262,71
57,263,19
57,264,-24
57,265,-20
57,266,94
57,267,-23
57,268,61
57,269,-89
57,270,-74
57,271,-6
57,272,98
57,273,-30
57,274,-4
57,275,-27
57,276,-54
57,277,-65
57,278,-41
57,279,73
57,280,45
57,281,22
57,282,40
57,283,-29
57,284,45
57,285,-45
57,286,-99
57,287,-69
57,288,6
57,289,-96
57,290,-36
57,291,35
57,292,-92
57,293,-40
57,294,-80
57,295,-94
57,296,23
57,297,-2
57,298,36
57,299,-78
58,0,13
58,1,-5
58,2,-67
58,3,24
58,4,4
58,5,39
58,6,-92
58,7,-56
58,8,-45
58,9,53
58,10,73
58,11,-23
58,12,-37
58,13,-39
58,14,52
58,15,-80
58,16,45
58,17,-47
58,18,-44
58,19,83
58,20,43
58,21,17
58,22,84
58,23,55
58,24,-55
58,25,-71
58,26,23
58,27,22
58,28,-18
58,29,-21
58,30,2
58,31,-51
58,32,-76
58,33,9
58,34,31
58,35,-96
58,36,44
58,37,21
58,38,-37
58,39,-10
58,40,57
58,41,-64
58,42,26
58,43,-53
58,44,23
58,45,76
58,46,-2
58,47,81
58,48,3
58,49,-55
58,50,-13
58,51,81
58,52,-3
58,53,-40
58,54,77
58,55,-76
58,56,-74
58,57,99
58,58,50
58,59,-59
58,60,-60
58,61,67
58,62,-86
58,63,88
58,64,-22
58,65,34
58,66,-99
58,67,67
58,68,-21
58,69,-50
58,70,-2
58,71,-43
58,72,42
58,73,-41
58,74,15
58,75,-39
58,76,-34
58,77,-72
58,78,14
58,79,23
58,80,-98
58,81,54
58,82,73
58,83,60
58,84,-64
58,85,-79
58,86,-46
58,87,-69
58,88,6
58,89,-56
58,90,-7
58,91,28
58,92,22
58,93,80
58,94,76
58,95,28
58,96,-37
58,97,22
58,98,-80
58,99,25
58,100,-6
58,101,-96
58,102,-43
58,103,-17
58,104,97
58,105,56
58,106,-75
58,107,29
58,108,10
58,109,31
58,110,-29
58,111,42
58,112,-26
58,113,71
58,114,54
58,115,40
58,116,84
58,117,79
58,118,-96
58,119,-12
58,120,-88
58,121,-35
58,122,5
58,123,14
58,124,38
58,125,13
58,126,91
58,127,64
58,128,64
58,129,39
58,130,-6
58,131,-40
58,132,41
58,133,40
58,134,-56
58,135,74
58,136,-51
58,137,-71
58,138,47
58,139,-58
58,140,-85
58,141,82
58,142,6
58,143,5
58,144,-59
58,145,60
58,146,-2
58,147,76
58,148,75
58,149,94
58,150,-50
58,151,51
58,152,-17
58,153,84
58,154,-18
58,155,-52
58,156,37
58,157,17
58,158,33
58,159,21
58,160,5
58,161,-17
58,162,65
58,163,50
58,164,-11
58,165,-76
58,166,-47
58,167,50
58,168,81
58,169,29
58,170,21
58,171,-38
58,172,-67
58,173,75
58,174,-51
58,175,-59
58,176,19
58,177,59
58,178,87
58,179,56
58,180,-52
58,181,63
58,182,-19
58,183,1
58,184,-72
58,185,81
58,186,-72
58,187,22
58,188,19
58,189,44
58,190,21
58,191,-81
58,192,-12
58,193,18
58,194,-48
58,195,36
58,196,8
58,197,-53
58,198,10
58,199,-8
58,200,81
58,201,-71
58,202,75
58,203,-70
58,204,69
58,205,-17
58,206,86
58,207,54
58,208,-83
58,209,15
58,210,-85
58,211,-98
58,212,61
58,213,-53
58,214,-98
58,215,-5
58,216,-55
58,217,-23
58,218,-81
58,219,-37
58,220,-8
58,221,-72
58,222,-24
58,223,91
58,224,77
58,225,79
58,226,-68
58,227,29
58,228,38
58,229,-77
58,230,-45
58,231,-76
58,232,15
58,233,12
58,234,-18
58,235,87
58,236,-20
58,237,-34
58,238,10
58,239,78
58,240,49
58,241,-66
58,242,-84
58,243,-80
58,244,-97
58,245,18
58,246,-54
58,247,17
58,248,-3
58,249,-61
58,250,31
58,251,-81
58,252,71
58,253,35
58,254,-7
58,255,54
58,256,-44
58,257,77
58,258,-11
58,259,-35
58,260,-90
58,261,-32
58,262,-7
58,263,-85
58,264,93
58,265,-10
58,266,-47
58,267,-25
58,268,40
58,269,2
58,270,92
58,271,92
58,272,34
58,273,26
58,274,-96
58,275,37
58,276,18
58,277,-69
58,278,4
58,279,-63
58,280,-73
58,281,-24
58,282,-50
58,283,-86
58,284,25
58,285,-68
58,286,-56
58,287,-47
58,288,-51
58,289,-54
58,290,43
58,291,-69
58,292,77
58,293,94
58,294,57
58,295,-77
58,296,93
58,297,-4
58,298,66
58,299,-35
59,0,85
59,1,83
59,2,-87
59,3,-2
59,4,7
59,5,52
59,6,18
59,7,-29
59,8,-55
59,9,13
59,10,23
59,11,-61
59,12,53
59,13,-73
59,14,-94
59,15,-78
59,16,-30
59,17,6
59,18,-97
59,19,56
59,20,91
59,21,-18
59,22,32
59,23,-91
59,24,-97
59,25,55
59,26,91
59,27,53
59,28,51
59,29,-83
59,30,-62
59,31,50
59,32,13
59,33,-12
59,34,-92
59,35,-51
59,36,-39
59,37,-8
59,38,-6
59,39,-20
59,40,22
59,41,45
59,42,-40
59,43,-54
59,44,-5
59,45,26
59,46,-36
59,47,-18
59,48,23
59,49,40
59,50,-36
59,51,-33
59,52,28
59,53,13
59,54,-70
59,55,38
59,56,-15
59,57,93
59,58,16
59,59,58
59,60,82
59,61,-5
59,62,77
59,63,-67
59,64,-38
59,65,94
59,66,45
59,67,-100
59,68,78
59,69,-17
59,70,-8
59,71,72
59,72,91
59,73,74
59,74,-40
59,75,-36
59,76,58
59,77,74
59,78,33
59,79,-88
59,80,5
59,81,2
59,82,-64
59,83,40
59,84,-93
59,85,36
59,86,-8
59,87,-49
59,88,-20
59,89,-4
59,90,-76
59,91,87
59,92,-100
59,93,-98
59,94,37
59,95,89
59,96,89
59,97,-30
59,98,-31
59,99,-53
59,100,48
59,101,-12
59,102,43
59,103,85
59,104,45
59,105,-85
59,106,-62
59,107,19
59,108,4
59,109,69
59,110,-34
59,111,46
59,112,-93
59,113,84
59,114,-12
59,115,-50
59,116,-11
59,117,17
59,118,6
59,119,-44
59,120,91
59,121,53
59,122,80
59,123,55
59,124,39
59,125,96
59,126,88
59,127,-48
59,128,40
59,129,38
59,130,-61
59,131,29
59,132,-2
59,133,-100
59,134,50
59,135,-69
59,136,-21
59,137,53
59,138,-9
59,139,94
59,140,-58
59,141,-4
59,142,-93
59,143,-59
59,144,-99
59,145,78
59,146,96
59,147,12
59,148,98
59,149,37
59,150,-73
59,151,-16
59,152,96
59,153,74
59,154,-2
59,155,79
59,156,24
59,157,-2
59,158,2
59,159,97
59,160,62
59,161,-76
59,162,49
59,163,-10
59,164,-8
59,165,-6
59,166,44
59,167,-27
59,168,47
59,169,-56
59,170,-46
59,171,19
59,172,28
59,173,78
59,174,-79
59,175,-45
59,176,18
59,177,-81
59,178,26
59,179,6
59,180,-79
59,181,9
59,182,23
59,183,27
59,184,7
59,185,-30
59,186,-36
59,187,-71
59,188,40
59,189,-33
59,190,7
59,191,-62
59,192,-71
59,193,-17
59,194,6
59,195,51
59,196,73
59,197,-65
59,198,-13
59,199,20
59,200,-47
59,201,47
59,202,-33
59,203,-58
59,204,-19
59,205,58
59,206,-77
59,207,95
59,208,93
59,209,57
59,210,30
59,211,64
59,212,-97
59,213,-48
59,214,72
59,215,86
59,216,7
59,217,9
59,218,-83
59,219,-18
59,220,-25
59,221,-84
59,222,-15
59,223,-99
59,224,33
59,225,22
59,226,-19
59,227,26
59,228,80
59,229,-21
59,230,96
59,231,-59
59,232,10
59,233,64
59,234,3
59,235,-71
59,236,-52
59,237,-57
59,238,26
59,239,-57
59,240,62
59,241,88
59,242,-94
59,243,-29
59,244,-41
59,245,-100
59,246,3
59,247,77
59,248,96
59,249,66
59,250,25
59,251,64
59,252,65
59,253,-87
59,254,-81
59,255,20
59,256,9
59,257,-2
59,258,15
59,259,50
59,260,-67
59,261,-74
59,262,-70
59,263,8
59,264,-86
59,265,-86
59,266,-33
59,267,-87
59,268,-61
59,269,31
59,270,-72
59,271,-7
59,272,-57
59,273,-78
59,274,-56
59,275,-57
59,276,-69
59,277,-2
59,278,-71
59,279,97
59,280,-60
59,281,79
59,282,-100
59,283,75
59,284,-57
59,285,2
59,286,-5
59,287,21
59,288,91
59,289,56
59,290,34
59,291,16
59,292,5
59,293,-32
59,294,24
59,295,2
59,296,1
59,297,88
59,298,18
59,299,23
60,0,62
60,1,-94
60,2,99
60,3,42
60,4,56
60,5,-98
60,6,17
60,7,-1
60,8,67
60,9,-32
60,10,23
60,11,-41
60,12,-61
60,13,-24
60,14,-85
60,15,85
60,16,-24
60,17,0
60,18,-17
60,19,36
60,20,54
60,21,46
60,22,-28
60,23,46
60,24,59
60,25,63
60,26,-52
60,27,-19
60,28,-8
60,29,-3
60,30,-50
60,31,-31
60,32,87
60,33,-16
60,34,23
60,35,-1
60,36,7
60,37,54
60,38,19
60,39,-89
60,40,58
60,41,98
60,42,-14
60,43,81
60,44,-20
60,45,-27
60,46,-41
60,47,-53
60,48,-97
60,49,38
60,50,-81
60,51,20
60,52,91
60,53,-13
60,54,-47
60,55,48
60,56,27
60,57,-88
60,58,27
60,59,64
60,60,-4
60,61,29
60,62,-41
60,63,-42
60,64,62
60,65,-45
60,66,76
60,67,7
60,68,-89
60,69,61
60,70,63
60,71,3
60,72,50
60,73,-53
60,74,19
60,75,9
60,76,-39
60,77,-95
60,78,40
60,79,90
60,80,-17
60,81,28
60,82,60
60,83,75
60,84,90
60,85,-69
60,86,-22
60,87,-61
60,88,35
60,89,-76
60,90,-17
60,91,31
60,92,-67
60,93,90
60,94,14
60,95,91
60,96,-79
60,97,-69
60,98,-80
60,99,43
60,100,34
60,101,62
60,102,-49
60,103,16
60,104,-29
60,105,-81
60,106,-90
60,107,8
60,108,63
60,109,-24
60,110,-62
60,111,7
60,112,24
60,113,-50
60,114,-75
60,115,36
60,116,37
60,117,-65
60,118,45
60,119,-99
60,120,-62
60,121,-72
60,122,-90
60,123,-70
60,124,73
60,125,60
60,126,-85
60,127,-37
60,128,53
60,129,60
60,130,99
60,131,21
60,132,-79
60,133,-42
60,134,5
60,135,-82
60,136,-50
60,137,-52
60,138,88
60,139,-56
60,140,-12
60,141,-56
60,142,72
60,143,-33
60,144,-27
60,145,98
60,146,34
60,147,30
60,148,32
60,149,31
60,150,-18
60,151,-52
60,152,-78
60,153,-41
60,154,-98
60,155,96
60,156,68
60,157,-55
60,158,-73
60,159,-33
60,160,69
60,161,-55
60,162,41
60,163,82
60,164,67
60,165,32
60,166,89
60,167,-13
60,168,46
60,169,-37
60,170,-26
60,171,-59
60,172,71
60,173,-27
60,174,-82
60,175,-21
60,176,34
60,177,-24
60,178,59
60,179,-87
60,180,-68
60,181,51
60,182,-17
60,183,-15
60,184,-25
60,185,-65
60,186,-76
60,187,-31
60,188,6
60,189,-32
60,190,88
60,191,24
60,192,59
60,193,37
60,194,-78
60,195,65
60,196,92
60,197,-65
60,198,55
60,199,96
60,200,10
60,201,-23
60,202,-50
60,203,-80
60,204,53
60,205,69
60,206,60
60,207,96
60,208,89
60,209,-92
60,210,-38
60,211,-46
60,212,-38
60,213,-72
60,214,59
60,215,-81
60,216,-63
60,217,-88
60,218,-100
60,219,-50
60,220,26
60,221,89
60,222,84
60,223,-10
60,224,-54
60,225,-36
60,226,21
60,227,20
60,228,83
60,229,-82
60,230,-68
60,231,59
60,232,-73
60,233,-13
60,234,-86
60,235,-69
60,236,-65
60,237,-31
60,238,-38
60,239,-52
60,240,-6
60,241,58
60,242,-24
60,243,53
60,244,35
60,245,-24
60,246,-12
60,247,-8
60,248,-6
60,249,-47
60,250,-4
60,251,-61
60,252,-24
60,253,77
60,254,-46
60,255,-44
60,256,-96
60,257,-5
60,258,-59
60,259,69
60,260,52
60,261,-34
60,262,-72
60,263,-83
60,264,49
60,265,-95
60,266,-61
60,267,-95
60,268,21
60,269,-62
60,270,-82
60,271,-8
60,272,10
60,273,-78
60,274,-97
60,275,86
60,276,19
60,277,-18
60,278,30
60,279,-100
60,280,42
60,281,78
60,282,36
60,283,95
60,284,-3
60,285,59
60,286,77
60,287,-1
60,288,-12
60,289,80
60,290,52
60,291,-75
60,292,33
60,293,7
60,294,-64
60,295,79
60,296,31
60,297,48
60,298,-86
60,299,18
61,0,-32
61,1,-59
61,2,-42
61,3,76
61,4,5
61,5,-97
61,6,67
61,7,73
61,8,-77
61,9,-1
61,10,-8
61,11,14
61,12,-8
61,13,67
61,14,84
61,15,-12
61,16,61
61,17,-64
61,18,97
61,19,70
61,20,-66
61,21,-71
61,22,-100
61,23,16
61,24,7
61,25,-26
61,26,76
61,27,52
61,28,64
61,29,13
61,30,19
61,31,77
61,32,-96
61,33,25
61,34,-39
61,35,-80
61,36,-16
61,37,-22
61,38,-94
61,39,-48
61,40,75
61,41,38
61,42,-63
61,43,-25
61,44,-47
61,45,-10
61,46,20
61,47,-33
61,48,-73
61,49,-64
61,50,16
61,51,94
61,52,-28
61,53,-76
61,54,-54
61,55,-78
61,56,-24
61,57,29
61,58,22
61,59,-36
61,60,46
61,61,-91
61,62,68
61,63,-36
61,64,-2
61,65,46
61,66,-74
61,67,10
61,68,-61
61,69,3
61,70,6
61,71,-99
61,72,2
61,73,38
61,74,29
61,75,54
61,76,2
61,77,20
61,78,-61
61,79,-48
61,80,-21
61,81,35
61,82,-59
61,83,70
61,84,52
61,85,-8
61,86,-16
61,87,45
61,88,-47
61,89,-67
61,90,18
61,91,-98
61,92,23
61,93,44
61,94,-59
61,95,-67
61,96,-83
61,97,-41
61,98,20
61,99,54
61,100,19
61,101,20
61,102,-87
61,103,-88
61,104,-15
61,105,-94
61,106,31
61,107,60
61,108,88
61,109,32
61,110,-97
61,111,7
61,112,92
61,113,-26
61,114,27
61,115,43
61,116,5
61,117,-84
61,118,17
61,119,-12
61,120,-56
61,121,-58
61,122,-17
61,123,-15
61,124,89
61,125,71
61,126,9
61,127,-22
61,128,82
61,129,3
61,130,-62
61,131,73
61,132,-64
61,133,45
61,134,31
61,135,92
61,136,-13
61,137,98
61,138,-90
61,139,-21
61,140,-63
61,141,70
61,142,12
61,143,34
61,144,-73
61,145,-84
61,146,-25
61,147,-66
61,148,-71
61,149,-83
61,150,3
61,151,-89
61,152,-5
61,153,-59
61,154,-10
61,155,6
61,156,83
61,157,-5
61,158,88
61,159,27
61,160,-92
61,161,-50
61,162,19
61,163,48
61,164,64
61,165,70
61,166,6
61,167,26
61,168,-86
61,169,43
61,170,37
61,171,-71
61,172,86
61,173,66
61,174,47
61,175,4
61,176,64
61,177,89
61,178,-15
61,179,-82
61,180,-50
61,181,-34
61,182,17
61,183,95
61,184,13
61,185,-72
61,186,-68
61,187,55
61,188,-14
61,189,18
61,190,40
61,191,33
61,192,1
61,193,-82
61,194,-6
61,195,62
61,196,26
61,197,-89
61,198,-11
61,199,62
61,200,0
61,201,46
61,202,11
61,203,-61
61,204,1
61,205,-94
61,206,31
61,207,-48
61,208,4
61,209,-64
61,210,40
61,211,58
61,212,70
61,213,54
61,214,-78
61,215,-38
61,216,-7
61,217,99
61,218,-4
61,219,66
61,220,41
61,221,-95
61,222,19
61,223,2
61,224,11
61,225,22
61,226,1
61,227,27
61,228,0
61,229,-43
61,230,-18
61,231,-13
61,232,2
61,233,-24
61,234,-60
61,235,-3
61,236,-30
61,237,-13
61,238,-45
61,239,92
61,240,66
61,241,-58
61,242,19
61,243,77
61,244,-42
61,245,81
61,246,-16
61,247,45
61,248,-56
61,249,-61
61,250,-84
61,251,-1
61,252,-98
61,253,-18
61,254,-95
61,255,-12
61,256,-94
61,257,76
61,258,-84
61,259,-38
61,260,-16
61,261,-73
61,262,71
61,263,32
61,264,-7
61,265,28
61,266,28
61,267,4
61,268,-30
61,269,53
61,270,15
61,271,70
61,272,-4
61,273,-15
61,274,81
61,275,-8
61,276,27
61,277,-36
61,278,-70
61,279,-98
61,280,-36
61,281,39
61,282,-66
61,283,12
61,284,-6
61,285,-11
61,286,57
61,287,-36
61,288,40
61,289,-60
61,290,3
61,291,76
61,292,-26
61,293,63
61,294,45
61,295,-1
61,296,-82
61,297,95
61,298,95
61,299,41
62,0,-18
62,1,-20
62,2,86
62,3,-40
62,4,69
62,5,-1
62,6,9
62,7,-83
62,8,35
62,9,2
62,10,44
62,11,-11
62,12,23
62,13,-18
62,14,-34
62,15,-65
62,16,6
62,17,-34
62,18,-29
62,19,-91
62,20,3
62,21,3
62,22,-28
62,23,73
62,24,-96
62,25,66
62,26,-96
62,27,28
62,28,-1
62,29,89
62,30,-30
62,31,5
62,32,-82
62,33,-27
62,34,-20
62,35,40
62,36,23
62,37,61
62,38,-77
62,39,-90
62,40,-15
62,41,-10
62,42,-59
62,43,19
62,44,-83
62,45,-32
62,46,-30
62,47,-18
62,48,48
62,49,-7
62,50,25
62,51,72
62,52,10
62,53,-43
62,54,-2
62,55,-67
62,56,2
62,57,-81
62,58,-63
62,59,-32
62,60,-62
62,61,-53
62,62,84
62,63,69
62,64,-45
62,65,55
62,66,76
62,67,-79
62,68,89
62,69,84
62,70,-7
62,71,-5
62,72,-60
62,73,47
62,74,27
62,75,-59
62,76,29
62,77,66
62,78,-7
62,79,36
62,80,-47
62,81,-86
62,82,-38
62,83,13
62,84,-4
62,85,29
62,86,96
62,87,75
62,88,-91
62,89,50
62,90,-39
62,91,-33
62,92,36
62,93,-32
62,94,-7
62,95,57
62,96,-17
62,97,69
62,98,72
62,99,36
62,100,-96
62,101,-14
62,102,57
62,103,-76
62,104,3
62,105,-81
62,106,-16
62,107,52
62,108,-67
62,109,10
62,110,42
62,111,-77
62,112,58
62,113,-41
62,114,5
62,115,-25
62,116,-89
62,117,67
62,118,74
62,119,-53
62,120,-5
62,121,66
62,122,-67
62,123,-46
62,124,78
62,125,-63
62,126,-32
62,127,-92
62,128,39
62,129,-72
62,130,72
62,131,26
62,132,15
62,133,-61
62,134,29
62,135,-90
62,136,-71
62,137,0
62,138,-74
62,139,58
62,140,-29
62,141,-69
62,142,-50
62,143,-42
62,144,58
62,145,7
62,146,76
62,147,-76
62,148,35
62,149,86
62,150,20
62,151,13
62,152,14
62,153,-99
62,154,82
62,155,99
62,156,51
62,157,9
62,158,-85
62,159,-73
62,160,-55
62,161,97
62,162,10
62,163,-47
62,164,13
62,165,55
62,166,40
62,167,-31
62,168,-77
62,169,-71
62,170,82
62,171,89
62,172,45
62,173,-71
62,174,85
62,175,54
62,176,23
62,177,37
62,178,-69
62,179,-83
62,180,-65
62,181,78
62,182,-93
62,183,96
62,184,-66
62,185,95
62,186,69
62,187,57
62,188,-85
62,189,42
62,190,1
62,191,-27
62,192,-69
62,193,99
62,194,84
62,195,36
62,196,-51
62,197,17
62,198,24
62,199,15
62,200,-38
62,201,-14
62,202,-16
62,203,38
62,204,-22
62,205,-12
62,206,-34
62,207,-16
62,208,33
62,209,-97
62,210,74
62,211,-24
62,212,-67
62,213,18
62,214,33
62,215,-43
62,216,-60
62,217,54
62,218,22
62,219,-15
62,220,-7
62,221,-20
62,222,-84
62,223,27
62,224,33
62,225,-18
62,226,37
62,227,50
62,228,-53
62,229,-52
62,230,72
62,231,78
62,232,27
62,233,-10
62,234,41
62,235,-49
62,236,9
62,237,-40
62,238,-9
62,239,45
62,240,-90
62,241,-9
62,242,44
62,243,62
62,244,32
62,245,37
62,246,-83
62,247,-58
62,248,22
62,249,-35
62,250,-5
62,251,-81
62,252,-39
62,253,-40
62,254,63
62,255,-96
62,256,76
62,257,91
62,258,-68
62,259,26
62,260,60
62,261,-65
62,262,58
62,263,50
62,264,45
62,265,-22
62,266,-18
62,267,-13
62,268,-2
62,269,4
62,270,26
62,271,-59
62,272,27
62,273,20
62,274,-65
62,275,67
62,276,-70
62,277,1
62,278,16
62,279,47
62,280,54
62,281,82
62,282,-78
62,283,-83
62,284,-25
62,285,67
62,286,58
62,287,88
62,288,-100
62,289,-53
62,290,27
62,291,-59
62,292,-75
62,293,-57
62,294,27
62,295,-88
62,296,70
62,297,-78
62,298,-100
62,299,61
63,0,89
63,1,-29
63,2,50
63,3,25
63,4,17
63,5,-30
63,6,-64
63,7,64
63,8,-34
63,9,-43
63,10,-88
63,11,-38
63,12,-35
63,13,72
63,14,-88
63,15,16
63,16,-83
63,17,-67
63,18,90
63,19,-54
63,20,-60
63,21,54
63,22,38
63,23,-58
63,24,-53
63,25,-5
63,26,57
63,27,-36
63,28,27
63,29,-57
63,30,61
63,31,-97
63,32,-1
63,33,-91
63,34,-77
63,35,-86
63,36,-59
63,37,62
63,38,68
63,39,-14
63,40,22
63,41,-3
63,42,3
63,43,70
63,44,52
63,45,35
63,46,31
63,47,-93
63,48,22
63,49,22
63,50,93
63,51,87
63,52,11
63,53,86
63,54,-19
63,55,-26
63,56,-66
63,57,31
63,58,-11
63,59,-19
63,60,-32
63,61,70
63,62,50
63,63,2
63,64,-75
63,65,-70
63,66,-12
63,67,-43
63,68,-42
63,69,9
63,70,-38
63,71,86
63,72,12
63,73,-37
63,74,59
63,75,-46
63,76,-40
63,77,-84
63,78,-75
63,79,7
63,80,48
63,81,31
63,82,1
63,83,78
63,84,24
63,85,-63
63,86,57
63,87,60
63,88,-78
63,89,-95
63,90,-63
63,91,66
63,92,95
63,93,-92
63,94,-92
63,95,42
63,96,90
63,97,-37
63,98,74
63,99,-3
63,100,-10
63,101,-18
63,102,94
63,103,22
63,104,-75
63,105,28
63,106,-2
63,107,97
63,108,60
63,109,-60
63,110,25
63,111,-73
63,112,-48
63,113,3
63,114,79
63,115,-16
63,116,39
63,117,-100
63,118,-11
63,119,-78
63,120,44
63,121,-78
63,122,-12
63,123,67
63,124,60
63,125,-48
63,126,-50
63,127,85
63,128,79
63,129,8
63,130,22
63,131,64
63,132,8
63,133,25
63,134,84
63,135,-16
63,136,-80
63,137,-35
63,138,-11
63,139,-50
63,140,68
63,141,-43
63,142,37
63,143,-70
63,144,-76
63,145,-77
63,146,-31
63,147,-49
63,148,46
63,149,-67
63,150,-97
63,151,-38
63,152,14
63,153,3
63,154,36
63,155,92
63,156,-47
63,157,-53
63,158,80
63,159,-33
63,160,-7
63,161,12
63,162,-25
63,163,75
63,164,38
63,165,24
63,166,-86
63,167,-74
63,168,90
63,169,52
63,170,94
63,171,-36
63,172,-49
63,173,-93
63,174,7
63,175,-49
63,176,-77
63,177,-40
63,178,-43
63,179,90
63,180,46
63,181,-99
63,182,8
63,183,-100
63,184,-28
63,185,17
63,186,78
63,187,83
63,188,-30
63,189,64
63,190,72
63,191,93
63,192,-14
63,193,-8
63,194,-84
63,195,-89
63,196,16
63,197,17
63,198,75
63,199,-10
63,200,-36
63,201,-50
63,202,-43
63,203,-55
63,204,-1
63,205,57
63,206,-15
63,207,-34
63,208,-21
63,209,-47
63,210,-29
63,211,65
63,212,-43
63,213,56
63,214,53
63,215,-63
63,216,-45
63,217,-12
63,218,87
63,219,-68
63,220,-43
63,221,25
63,222,-56
63,223,-83
63,224,-44
63,225,-85
63,226,-40
63,227,-51
63,228,57
63,229,-33
63,230,-91
63,231,64
63,232,21
63,233,68
63,234,22
63,235,-31
63,236,-58
63,237,34
63,238,56
63,239,-12
63,240,-94
63,241,23
63,242,-17
63,243,25
63,244,97
63,245,83
63,246,-60
63,247,-83
63,248,-36
63,249,67
63,250,-63
63,251,45
63,252,-23
63,253,-67
63,254,25
63,255,-98
63,256,94
63,257,-70
63,258,22
63,259,-33
63,260,-82
63,261,-56
63,262,-15
63,263,69
63,264,-50
63,265,-10
63,266,-83
63,267,7
63,268,-64
63,269,8
63,270,-77
63,271,88
63,272,88
63,273,-82
63,274,-15
63,275,-44
63,276,92
63,277,-8
63,278,13
63,279,95
63,280,49
63,281,-17
63,282,28
63,283,-78
63,284,67
63,285,36
63,286,25
63,287,98
63,288,90
63,289,7
63,290,-32
63,291,-77
63,292,68
63,293,65
63,294,75
63,295,-23
63,296,12
63,297,-9
63,298,-30
63,299,45
64,0,18
64,1,16
64,2,0
64,3,-16
64,4,33
64,5,-79
64,6,11
64,7,-94
64,8,11
64,9,-68
64,10,3
64,11,-68
64,12,-8
64,13,-100
64,14,52
64,15,69
64,16,34
64,17,-8
64,18,-5
64,19,57
64,20,-30
64,21,55
64,22,34
64,23,14
64,24,-33
64,25,-44
64,26,46
64,27,42
64,28,-7
64,29,45
64,30,-86
64,31,26
64,32,-92
64,33,-49
64,34,71
64,35,62
64,36,70
64,37,27
64,38,49
64,39,-98
64,40,-92
64,41,-25
64,42,4
64,43,-30
64,44,-22
64,45,-92
64,46,74
64,47,-72
64,48,-37
64,49,-64
64,50,50
64,51,55
64,52,-47
64,53,-58
64,54,19
64,55,57
64,56,-71
64,57,42
64,58,-10
64,59,-70
64,60,56
64,61,82
64,62,25
64,63,-84
64,64,32
64,65,20
64,66,-100
64,67,24
64,68,38
64,69,-51
64,70,59
64,71,96
64,72,17
64,73,-45
64,74,-32
64,75,54
64,76,88
64,77,-75
64,78,-40
64,79,-30
64,80,0
64,81,69
64,82,-13
64,83,9
64,84,44
64,85,-52
64,86,-7
64,87,42
64,88,92
64,89,28
64,90,98
64,91,-55
64,92,-6
64,93,-32
64,94,99
64,95,37
64,96,-81
64,97,76
64,98,-52
64,99,5
64,100,98
64,101,60
64,102,-66
64,103,31
64,104,-50
64,105,-39
64,106,89
64,107,-66
64,108,-78
64,109,97
64,110,-62
64,111,-73
64,112,-76
64,113,-25
64,114,-91
64,115,-45
64,116,-81
64,117,32
64,118,-81
64,119,39
64,120,-5
64,121,-25
64,122,36
64,123,-53
64,124,-42
64,125,-13
64,126,-14
64,127,-57
64,128,-19
64,129,75
64,130,-78
64,131,29
64,132,-37
64,133,-55
64,134,-58
64,135,-11
64,136,51
64,137,-65
64,138,-95
64,139,-43
64,140,-36
64,141,54
64,142,-16
64,143,-22
64,144,-62
64,145,78
64,146,82
64,147,17
64,148,66
64,149,-80
64,150,31
64,151,-10
64,152,-28
64,153,-44
64,154,3
64,155,-19
64,156,63
64,157,-22
64,158,11
64,159,-67
64,160,-20
64,161,88
64,162,31
64,163,-6
64,164,51
64,165,-39
64,166,-85
64,167,21
64,168,96
64,169,16
64,170,28
64,171,0
64,172,-82
64,173,1
64,174,40
64,175,64
64,176,77
64,177,76
64,178,-49
64,179,53
64,180,-10
64,181,77
64,182,-100
64,183,61
64,184,-5
64,185,63
64,186,30
64,187,49
64,188,22
64,189,-70
64,190,-34
64,191,-15
64,192,-75
64,193,-95
64,194,17
64,195,94
64,196,-72
64,197,74
64,198,-81
64,199,-10
64,200,83
64,201,-51
64,202,-26
64,203,-55
64,204,55
64,205,29
64,206,-77
64,207,53
64,208,-100
64,209,11
64,210,-32
64,211,-28
64,212,-55
64,213,91
64,214,63
64,215,-18
64,216,-54
64,217,-92
64,218,91
64,219,30
64,220,-71
64,221,-34
64,222,-14
64,223,-56
64,224,-12
64,225,61
64,226,-24
64,227,-27
64,228,54
64,229,-86
64,230,-91
64,231,18
64,232,10
64,233,-11
64,234,-7
64,235,61
64,236,-86
64,237,92
64,238,-14
64,239,4
64,240,53
64,241,36
64,242,-17
64,243,59
64,244,-65
64,245,61
64,246,71
64,247,-15
64,248,49
64,249,-14
64,250,82
64,251,-21
64,252,75
64,253,-9
64,254,-59
64,255,45
64,256,-26
64,257,89
64,258,-51
64,259,-23
64,260,14
64,261,31
64,262,8
64,263,1
64,264,-70
64,265,52
64,266,47
64,267,0
64,268,68
64,269,72
64,270,24
64,271,-74
64,272,-28
64,273,13
64,274,50
64,275,-75
64,276,-65
64,277,30
64,278,62
64,279,-80
64,280,42
64,281,44
64,282,-46
64,283,-82
64,284,-78
64,285,60
64,286,-89
64,287,98
64,288,87
64,289,30
64,290,-65
64,291,-71
64,292,58
64,293,-64
64,294,94
64,295,-41
64,296,44
64,297,-91
64,298,-9
64,299,-72
65,0,-6
65,1,44
65,2,-77
65,3,-14
65,4,-18
65,5,-10
65,6,-49
65,7,-96
65,8,-3
65,9,-54
65,10,50
65,11,52
65,12,-83
65,13,-68
65,14,-76
65,15,5
65,16,43
65,17,-73
65,18,-17
65,19,3
65,20,-58
65,21,88
65,22,-10
65,23,-70
65,24,-14
65,25,27
65,26,-48
65,27,2
65,28,-92
65,29,-47
65,30,98
65,31,-84
65,32,46
65,33,96
65,34,-63
65,35,-18
65,36,-87
65,37,-99
65,38,-31
65,39,48
65,40,-53
65,41,-24
65,42,-18
65,43,61
65,44,-25
65,45,-93
65,46,-80
65,47,46
65,48,-17
65,49,-92
65,50,-34
65,51,-100
65,52,78
65,53,-9
65,54,-56
65,55,15
65,56,-81
65,57,59
65,58,21
65,59,-54
65,60,-76
65,61,-9
65,62,-87
65,63,25
65,64,-33
65,65,53
65,66,2
65,67,81
65,68,-4
65,69,37
65,70,19
65,71,-73
65,72,99
65,73,46
65,74,68
65,75,-69
65,76,-30
65,77,75
65,78,51
65,79,-92
65,80,19
65,81,-51
65,82,-85
65,83,41
65,84,93
65,85,-11
65,86,94
65,87,81
65,88,59
65,89,-86
65,90,-17
65,91,7
65,92,41
65,93,11
65,94,0
65,95,25
65,96,78
65,97,50
65,98,51
65,99,-63
65,100,-32
65,101,-72
65,102,-82
65,103,-53
65,104,8
65,105,-87
65,106,14
65,107,-30
65,108,-65
65,109,14
65,110,99
65,111,2
65,112,-43
65,113,-45
65,114,1
65,115,78
65,116,-90
65,117,-66
65,118,-63
65,119,81
65,120,65
65,121,-23
65,122,65
65,123,3
65,124,-93
65,125,37
65,126,34
65,127,-89
65,128,-86
65,129,80
65,130,-30
65,131,30
65,132,21
65,133,-32
65,134,53
65,135,-15
65,136,-50
65,137,-8
65,138,-94
65,139,-18
65,140,-62
65,141,-48
65,142,27
65,143,-69
65,144,-100
65,145,-21
65,146,-2
65,147,-3
65,148,-96
65,149,47
65,150,-56
65,151,-48
65,152,67
65,153,1
65,154,5
65,155,-59
65,156,32
65,157,-13
65,158,-58
65,159,-91
65,160,-17
65,161,-88
65,162,-93
65,163,-29
65,164,16
65,165,-79
65,166,51
65,167,72
65,168,93
65,169,-54
65,170,67
65,171,77
65,172,2
65,173,-64
65,174,69
65,175,25
65,176,-90
65,177,-59
65,178,-41
65,179,-82
65,180,84
65,181,47
65,182,-23
65,183,15
65,184,-51
65,185,-90
65,186,-60
65,187,5
65,188,0
65,189,-61
65,190,-39
65,191,84
65,192,-96
65,193,-62
65,194,62
65,195,71
65,196,55
65,197,-94
65,198,-22
65,199,22
65,200,-74
65,201,-90
65,202,4
65,203,-36
65,204,71
65,205,-82
65,206,3
65,207,90
65,208,9
65,209,-66
65,210,-84
65,211,41
65,212,7
65,213,-56
65,214,43
65,215,56
65,216,-11
65,217,-21
65,218,-24
65,219,-61
65,220,-66
65,221,-46
65,222,-23
65,223,2
65,224,50
65,225,51
65,226,81
65,227,25
65,228,46
65,229,-16
65,230,85
65,231,34
65,232,-51
65,233,34
65,234,-22
65,235,-65
65,236,79
65,237,30
65,238,-25
65,239,75
65,240,10
65,241,57
65,242,3
65,243,-36
65,244,-47
65,245,-11
65,246,34
65,247,51
65,248,-29
65,249,16
65,250,-88
65,251,-18
65,252,-16
65,253,54
65,254,-91
65,255,6
65,256,-30
65,257,37
65,258,86
65,259,-1
65,260,-81
65,261,-37
65,262,0
65,263,-17
65,264,89
65,265,-28
65,266,23
65,267,92
65,268,-28
65,269,-5
65,270,-93
65,271,11
65,272,-21
65,273,16
65,274,-80
65,275,44
65,276,24
65,277,7
65,278,-64
65,279,-76
65,280,-58
65,281,-3
65,282,-61
65,283,30
65,284,-2
65,285,48
65,286,17
65,287,-29
65,288,29
65,289,-49
65,290,61
65,291,93
65,292,74
65,293,85
65,294,-11
65,295,-57
65,296,19
65,297,-77
65,298,66
65,299,68
66,0,54
66,1,-7
66,2,88
66,3,-37
66,4,21
66,5,73
66,6,-73
66,7,66
66,8,-82
66,9,-72
66,10,88
66,11,21
66,12,-18
66,13,-27
66,14,-46
66,15,-63
66,16,72
66,17,-96
66,18,-35
66,19,-2
66,20,-74
66,21,-67
66,22,-21
66,23,-53
66,24,9
66,25,-57
66,26,26
66,27,-48
66,28,15
66,29,30
66,30,77
66,31,7
66,32,-97
66,33,-27
66,34,62
66,35,-96
66,36,-78
66,37,50
66,38,56
66,39,-27
66,40,-91
66,41,16
66,42,-17
66,43,-71
66,44,76
66,45,15
66,46,-82
66,47,69
66,48,37
66,49,6
66,50,-73
66,51,-1
66,52,-29
66,53,40
66,54,-20
66,55,60
66,56,-7
66,57,-12
66,58,22
66,59,19
66,60,8
66,61,-61
66,62,-87
66,63,31
66,64,88
66,65,6
66,66,13
66,67,81
66,68,45
66,69,12
66,70,46
66,71,6
66,72,21
66,73,32
66,74,-74
66,75,21
66,76,72
66,77,4
66,78,42
66,79,-15
66,80,-93
66,81,87
66,82,-91
66,83,-13
66,84,88
66,85,19
66,86,-65
66,87,-50
66,88,58
66,89,9
66,90,-81
66,91,-94
66,92,-34
66,93,-56
66,94,-61
66,95,-98
66,96,-2
66,97,1
66,98,-15
66,99,91
66,100,-82
66,101,88
66,102,12
66,103,34
66,104,-59
66,105,18
66,106,-60
66,107,-32
66,108,-53
66,109,-69
66,110,97
66,111,9
66,112,2
66,113,-24
66,114,86
66,115,98
66,116,52
66,117,-71
66,118,-49
66,119,76
66,120,23
66,121,38
66,122,70
66,123,-92
66,124,65
66,125,0
66,126,66
66,127,-97
66,128,66
66,129,-34
66,130,53
66,131,-47
66,132,-41
66,133,-47
66,134,90
66,135,96
66,136,-98
66,137,28
66,138,21
66,139,-29
66,140,-80
66,141,72
66,142,-51
66,143,-100
66,144,-61
66,145,-52
66,146,26
66,147,-47
66,148,1
66,149,-57
66,150,54
66,151,72
66,152,83
66,153,-1
66,154,84
66,155,13
66,156,-6
66,157,68
66,158,2
66,159,37
66,160,-67
66,161,-29
66,162,-29
66,163,-75
66,164,-70
66,165,-23
66,166,-27
66,167,56
66,168,-78
66,169,14
66,170,66
66,171,-74
66,172,-25
66,173,19
66,174,-63
66,175,-28
66,176,-71
66,177,-24
66,178,73
66,179,-9
66,180,-79
66,181,35
66,182,-91
66,183,-71
66,184,82
66,185,89
66,186,70
66,187,-63
66,188,-64
66,189,99
66,190,-39
66,191,83
66,192,-86
66,193,80
66,194,-62
66,195,-43
66,196,79
66,197,-67
66,198,84
66,199,-92
66,200,35
66,201,17
66,202,81
66,203,-99
66,204,18
66,205,58
66,206,-78
66,207,-21
66,208,68
66,209,-32
66,210,81
66,211,-63
66,212,-7
66,213,-87
66,214,-79
66,215,79
66,216,49
66,217,37
66,218,-77
66,219,75
66,220,73
66,221,35
66,222,79
66,223,42
66,224,63
66,225,40
66,226,8
66,227,31
66,228,-31
66,229,-27
66,230,76
66,231,-31
66,232,89
66,233,43
66,234,67
66,235,-89
66,236,-94
66,237,23
66,238,14
66,239,51
66,240,6
66,241,-46
66,242,-37
66,243,12
66,244,64
66,245,79
66,246,-86
66,247,-60
66,248,-50
66,249,94
66,250,23
66,251,-47
66,252,-93
66,253,10
66,254,18
66,255,-16
66,256,85
66,257,37
66,258,-68
66,259,-8
66,260,25
66,261,89
66,262,39
66,263,69
66,264,-68
66,265,-66
66,266,7
66,267,42
66,268,18
66,269,9
66,270,31
66,271,8
66,272,-84
66,273,-11
66,274,-87
66,275,-17
66,276,-19
66,277,-98
66,278,51
66,279,-33
66,280,-15
66,281,47
66,282,95
66,283,-49
66,284,-1
66,285,-4
66,286,0
66,287,-16
66,288,-89
66,289,-36
66,290,-46
66,291,5
66,292,86
66,293,-48
66,294,-82
66,295,12
66,296,96
66,297,14
66,298,32
66,299,47
67,0,-31
67,1,89
67,2,79
67,3,-84
67,4,-41
67,5,-74
67,6,-52
67,7,19
67,8,75
67,9,-78
67,10,-79
67,11,49
67,12,-57
67,13,89
67,14,-49
67,15,-8
67,16,9
67,17,5
67,18,62
67,19,-69
67,20,1
67,21,-60
67,22,-75
67,23,35
67,24,76
67,25,-86
67,26,25
67,27,42
67,28,80
67,29,-77
67,30,32
67,31,42
67,32,-42
67,33,-33
67,34,71
67,35,59
67,36,-77
67,37,-54
67,38,-87
67,39,44
67,40,-71
67,41,-74
67,42,99
67,43,-52
67,44,-97
67,45,78
67,46,6
67,47,29
67,48,94
67,49,-67
67,50,57
67,51,54
67,52,60
67,53,37
67,54,78
67,55,97
67,56,59
67,57,74
67,58,39
67,59,33
67,60,-73
67,61,50
67,62,-82
67,63,49
67,64,-80
67,65,-19
67,66,87
67,67,-34
67,68,30
67,69,-25
67,70,-87
67,71,-37
67,72,-82
67,73,79
67,74,1
67,75,60
67,76,54
67,77,89
67,78,-66
67,79,94
67,80,-92
67,81,5
67,82,-15
67,83,8
67,84,-60
67,85,-30
67,86,-58
67,87,-17
67,88,-37
67,89,-68
67,90,-56
67,91,5
67,92,32
67,93,39
67,94,-73
67,95,88
67,96,-83
67,97,-89
67,98,95
67,99,57
67,100,45
67,101,-53
67,102,77
67,103,96
67,104,32
67,105,-35
67,106,64
67,107,-60
67,108,66
67,109,22
67,110,-76
67,111,-67
67,112,84
67,113,-66
67,114,-75
67,115,42
67,116,66
67,117,-14
67,118,-63
67,119,95
67,120,-3
67,121,31
67,122,-61
67,123,27
67,124,-79
67,125,-72
67,126,-37
67,127,-17
67,128,8
67,129,51
67,130,-41
67,131,42
67,132,-66
67,133,20
67,134,97
67,135,-70
67,136,62
67,137,52
67,138,-47
67,139,-48
67,140,43
67,141,70
67,142,-3
67,143,90
67,144,3
67,145,-8
67,146,-4
67,147,-79
67,148,78
67,149,96
67,150,-28
67,151,-63
67,152,-60
67,153,90
67,154,-59
67,155,31
67,156,93
67,157,93
67,158,-5
67,159,-80
67,160,-16
67,161,57
67,162,-23
67,163,58
67,164,-10
67,165,65
67,166,29
67,167,41
67,168,37
67,169,-90
67,170,41
67,171,-36
67,172,32
67,173,3
67,174,-2
67,175,69
67,176,-67
67,177,-22
67,178,-56
67,179,-48
67,180,24
67,181,-10
67,182,97
67,183,1
67,184,99
67,185,-45
67,186,-50
67,187,84
67,188,8
67,189,5
67,190,3
67,191,-88
67,192,64
67,193,47
67,194,79
67,195,-10
67,196,40
67,197,93
67,198,50
67,199,1
67,200,-58
67,201,98
67,202,79
67,203,31
67,204,-66
67,205,-31
67,206,-16
67,207,39
67,208,-42
67,209,2
67,210,-19
67,211,1
67,212,66
67,213,-10
67,214,56
67,215,26
67,216,91
67,217,-27
67,218,57
67,219,5
67,220,64
67,221,92
67,222,-17
67,223,27
67,224,81
67,225,-14
67,226,86
67,227,21
67,228,-74
67,229,-49
67,230,-88
67,231,-100
67,232,-68
67,233,37
67,234,-23
67,235,93
67,236,-55
67,237,81
67,238,98
67,239,50
67,240,-13
67,241,68
67,242,-85
67,243,-36
67,244,-99
67,245,-78
67,246,38
67,247,-27
67,248,-53
67,249,26
67,250,62
67,251,-57
67,252,78
67,253,-97
67,254,2
67,255,85
67,256,-88
67,257,-33
67,258,86
67,259,-27
67,260,3
67,261,-30
67,262,-22
67,263,-5
67,264,-54
67,265,92
67,266,76
67,267,87
67,268,-65
67,269,-99
67,270,-7
67,271,-93
67,272,-88
67,273,-38
67,274,-21
67,275,-67
67,276,-31
67,277,8
67,278,15
67,279,-16
67,280,-5
67,281,-29
67,282,-47
67,283,-67
67,284,-83
67,285,30
67,286,-38
67,287,78
67,288,-85
67,289,-80
67,290,-3
67,291,-56
67,292,-57
67,293,-35
67,294,4
67,295,-89
67,296,74
67,297,-98
67,298,-34
67,299,-71
68,0,11
68,1,10
68,2,-27
68,3,-31
68,4,-40
68,5,-8
68,6,81
68,7,-3
68,8,-98
68,9,-52
68,10,-92
68,11,86
68,12,52
68,13,89
68,14,-70
68,15,90
68,16,74
68,17,92
68,18,-60
68,19,64
68,20,-35
68,21,91
68,22,-91
68,23,91
68,24,-51
68,25,5
68,26,-70
68,27,-77
68,28,35
68,29,77
68,30,-85
68,31,63
68,32,14
68,33,-27
68,34,44
68,35,74
68,36,91
68,37,-68
68,38,2
68,39,-17
68,40,-36
68,41,97
68,42,0
68,43,-8
68,44,68
68,45,-73
68,46,1
68,47,-47
68,48,71
68,49,28
68,50,-47
68,51,-64
68,52,-55
68,53,97
68,54,47
68,55,95
68,56,85
68,57,-87
68,58,43
68,59,-3
68,60,42
68,61,4
68,62,-15
68,63,-25
68,64,91
68,65,-41
68,66,-97
68,67,53
68,68,-62
68,69,-47
68,70,85
68,71,73
68,72,-64
68,73,-88
68,74,22
68,75,29
68,76,11
68,77,30
68,78,4
68,79,62
68,80,21
68,81,-41
68,82,-86
68,83,-48
68,84,-92
68,85,-35
68,86,-78
68,87,-3
68,88,46
68,89,62
68,90,0
68,91,-12
68,92,45
68,93,83
68,94,69
68,95,68
68,96,-82
68,97,63
68,98,87
68,99,-37
68,100,-85
68,101,9
68,102,56
68,103,8
68,104,-20
68,105,-46
68,106,-86
68,107,72
68,108,39
68,109,85
68,110,99
68,111,52
68,112,-58
68,113,-82
68,114,28
68,115,3
68,116,-30
68,117,92
68,118,58
68,119,-86
68,120,99
68,121,83
68,122,51
68,123,27
68,124,-31
68,125,-56
68,126,-66
68,127,43
68,128,7
68,129,-75
68,130,-53
68,131,-24
68,132,-57
68,133,-25
68,134,61
68,135,-10
68,136,78
68,137,80
68,138,10
68,139,26
68,140,-51
68,141,-12
68,142,-99
68,143,93
68,144,-55
68,145,-90
68,146,-54
68,147,-100
68,148,-88
68,149,94
68,150,1
68,151,-86
68,152,-49
68,153,-54
68,154,-87
68,155,-79
68,156,41
68,157,-58
68,158,-43
68,159,-58
68,160,-63
68,161,53
68,162,20
68,163,-90
68,164,46
68,165,-34
68,166,83
68,167,72
68,168,-2
68,169,75
68,170,-34
68,171,-16
68,172,-76
68,173,54
68,174,95
68,175,-79
68,176,-25
68,177,-75
68,178,97
68,179,-98
68,180,-31
68,181,12
68,182,63
68,183,37
68,184,12
68,185,-97
68,186,56
68,187,-41
68,188,-54
68,189,-83
68,190,59
68,191,29
68,192,48
68,193,-60
68,194,-5
68,195,3
68,196,53
68,197,3
68,198,23
68,199,-98
68,200,99
68,201,45
68,202,66
68,203,43
68,204,7
68,205,1
68,206,-84
68,207,-70
68,208,-92
68,209,43
68,210,35
68,211,-18
68,212,-11
68,213,-55
68,214,-53
68,215,70
68,216,56
68,217,-76
68,218,44
68,219,67
68,220,-81
68,221,-73
68,222,-28
68,223,48
68,224,72
68,225,30
68,226,-80
68,227,-58
68,228,43
68,229,19
68,230,93
68,231,51
68,232,-14
68,233,53
68,234,23
68,235,88
68,236,62
68,237,-94
68,238,98
68,239,-86
68,240,31
68,241,-49
68,242,90
68,243,-57
68,244,-14
68,245,58
68,246,71
68,247,9
68,248,-48
68,249,37
68,250,40
68,251,-50
68,252,-64
68,253,-35
68,254,-14
68,255,-52
68,256,-17
68,257,64
68,258,-76
68,259,-17
68,260,-38
68,261,-72
68,262,50
68,263,26
68,264,-44
68,265,60
68,266,50
68,267,94
68,268,97
68,269,73
68,270,-98
68,271,9
68,272,94
68,273,14
68,274,77
68,275,80
68,276,-28
68,277,21
68,278,77
68,279,-24
68,280,-92
68,281,-38
68,282,-48
68,283,-43
68,284,70
68,285,58
68,286,52
68,287,68
68,288,90
68,289,41
68,290,75
68,291,16
68,292,55
68,293,-68
68,294,-9
68,295,-25
68,296,82
68,297,96
68,298,-57
68,299,84
69,0,23
69,1,28
69,2,78
69,3,32
69,4,-78
69,5,99
69,6,-29
69,7,62
69,8,14
69,9,-38
69,10,-28
69,11,-86
69,12,-9
69,13,-71
69,14,-25
69,15,-70
69,16,1
69,17,-62
69,18,-98
69,19,-27
69,20,24
69,21,45
69,22,-94
69,23,-54
69,24,-46
69,25,3
69,26,67
69,27,25
69,28,-50
69,29,74
69,30,-16
69,31,35
69,32,37
69,33,-62
69,34,-72
69,35,-3
69,36,10
69,37,-58
69,38,-62
69,39,-15
69,40,-38
69,41,-62
69,42,59
69,43,3
69,44,13
69,45,-98
69,46,-54
69,47,29
69,48,-94
69,49,-97
69,50,-24
69,51,26
69,52,5
69,53,34
69,54,58
69,55,94
69,56,81
69,57,-30
69,58,99
69,59,-69
69,60,-10
69,61,23
69,62,-60
69,63,-23
69,64,-24
69,65,-89
69,66,-89
69,67,-6
69,68,-7
69,69,-48
69,70,-65
69,71,-10
69,72,-10
69,73,99
69,74,35
69,75,54
69,76,85
69,77,-18
69,78,-70
69,79,-2
69,80,-64
69,81,90
69,82,77
69,83,68
69,84,96
69,85,88
69,86,-82
69,87,-57
69,88,-42
69,89,69
69,90,-21
69,91,57
69,92,75
69,93,85
69,94,-30
69,95,12
69,96,25
69,97,-98
69,98,-4
69,99,-19
69,100,-6
69,101,-4
69,102,-95
69,103,38
69,104,78
69,105,33
69,106,52
69,107,61
69,108,74
69,109,44
69,110,50
69,111,-21
69,112,-72
69,113,-92
69,114,28
69,115,98
69,116,14
69,117,84
69,118,57
69,119,37
69,120,-80
69,121,-3
69,122,57
69,123,-64
69,124,-20
69,125,-10
69,126,-72
69,127,-3
69,128,0
69,129,24
69,130,-86
69,131,-28
69,132,86
69,133,-19
69,134,34
69,135,47
69,136,-94
69,137,42
69,138,-3
69,139,45
69,140,-73
69,141,35
69,142,34
69,143,25
69,144,-42
69,145,-62
69,146,0
69,147,92
69,148,28
69,149,-6
69,150,-29
69,151,53
69,152,-84
69,153,33
69,154,-97
69,155,-47
69,156,4
69,157,-38
69,158,12
69,159,-35
69,160,51
69,161,20
69,162,63
69,163,46
69,164,60
69,165,-98
69,166,-20
69,167,-46
69,168,-97
69,169,-16
69,170,-42
69,171,75
69,172,38
69,173,43
69,174,-61
69,175,-4
69,176,13
69,177,-92
69,178,-53
69,179,52
69,180,25
69,181,-53
69,182,61
69,183,-47
69,184,-61
69,185,64
69,186,-5
69,187,-45
69,188,12
69,189,10
69,190,-81
69,191,-21
69,192,-66
69,193,7
69,194,-43
69,195,75
69,196,-58
69,197,75
69,198,24
69,199,-49
69,200,5
69,201,-67
69,202,-24
69,203,96
69,204,92
69,205,69
69,206,-3
69,207,-89
69,208,74
69,209,71
69,210,-19
69,211,-52
69,212,94
69,213,-36
69,214,82
69,215,44
69,216,-12
69,217,-49
69,218,-90
69,219,-43
69,220,95
69,221,46
69,222,8
69,223,94
69,224,12
69,225,5
69,226,-72
69,227,-9
69,228,11
69,229,19
69,230,16
69,231,-21
69,232,-40
69,233,73
69,234,27
69,235,-25
69,236,25
69,237,-94
69,238,-65
69,239,39
69,240,69
69,241,87
69,242,-42
69,243,-12
69,244,68
69,245,55
69,246,74
69,247,9
69,248,8
69,249,79
69,250,-32
69,251,-45
69,252,18
69,253,0
69,254,-43
69,255,67
69,256,26
69,257,-26
69,258,-24
69,259,-85
69,260,64
69,261,-27
69,262,-82
69,263,34
69,264,73
69,265,-96
69,266,-81
69,267,-73
69,268,-30
69,269,80
69,270,-94
69,271,-42
69,272,53
69,273,-33
69,274,68
69,275,-80
69,276,7
69,277,62
69,278,4
69,279,42
69,280,-51
69,281,-75
69,282,43
69,283,-7
69,284,-24
69,285,-83
69,286,36
69,287,-69
69,288,53
69,289,97
69,290,29
69,291,-46
69,292,21
69,293,-89
69,294,-33
69,295,55
69,296,1
69,297,33
69,298,48
69,299,85
70,0,-80
70,1,-100
70,2,-21
70,3,-27
70,4,-19
70,5,70
70,6,-97
70,7,-56
70,8,-15
70,9,7
70,10,-55
70,11,-58
70,12,17
70,13,22
70,14,79
70,15,-68
70,16,64
70,17,-24
70,18,83
70,19,68
70,20,38
70,21,-48
70,22,-37
70,23,-81
70,24,-14
70,25,67
70,26,-66
70,27,77
70,28,36
70,29,65
70,30,15
70,31,33
70,32,15
70,33,-44
70,34,-100
70,35,-63
70,36,-12
70,37,6
70,38,65
70,39,44
70,40,-70
70,41,-17
70,42,-77
70,43,-69
70,44,44
70,45,-66
70,46,-14
70,47,-29
70,48,-35
70,49,1
70,50,31
70,51,95
70,52,26
70,53,-2
70,54,-45
70,55,63
70,56,-90
70,57,-1
70,58,73
70,59,-70
70,60,-49
70,61,98
70,62,21
70,63,-74
70,64,-80
70,65,-43
70,66,-98
70,67,-67
70,68,-75
70,69,43
70,70,59
70,71,57
70,72,35
70,73,16
70,74,42
70,75,-1
70,76,49
70,77,14
70,78,-40
70,79,-12
70,80,70
70,81,-98
70,82,37
70,83,-71
70,84,79
70,85,49
70,86,6
70,87,28
70,88,24
70,89,-35
70,90,-77
70,91,94
70,92,99
70,93,6
70,94,-55
70,95,-65
70,96,-26
70,97,-73
70,98,90
70,99,-59
70,100,11
70,101,-74
70,102,-45
70,103,44
70,104,79
70,105,86
70,106,-3
70,107,18
70,108,93
70,109,-81
70,110,-4
70,111,35
70,112,-35
70,113,47
70,114,-46
70,115,-87
70,116,87
70,117,-32
70,118,-28
70,119,31
70,120,-9
70,121,-99
70,122,22
70,123,35
70,124,-72
70,125,81
70,126,30
70,127,74
70,128,-41
70,129,-56
70,130,-18
70,131,-76
70,132,14
70,133,-49
70,134,2
70,135,-65
70,136,27
70,137,-58
70,138,-21
70,139,14
70,140,84
70,141,82
70,142,-50
70,143,66
70,144,-57
70,145,3
70,146,94
70,147,84
70,148,91
70,149,-94
70,150,97
70,151,95
70,152,-80
70,153,-1
70,154,-82
70,155,-10
70,156,11
70,157,-97
70,158,-23
70,159,-82
70,160,33
70,161,19
70,162,10
70,163,-87
70,164,-25
70,165,9
70,166,12
70,167,-36
70,168,-8
70,169,5
70,170,-33
70,171,50
70,172,-98
70,173,-32
70,174,41
70,175,70
70,176,15
70,177,-11
70,178,97
70,179,-61
70,180,56
70,181,83
70,182,-63
70,183,35
70,184,-14
70,185,23
70,186,30
70,187,36
70,188,25
70,189,84
70,190,-96
70,191,-25
70,192,-55
70,193,-98
70,194,-53
70,195,70
70,196,-49
70,197,-23
70,198,-45
70,199,-100
70,200,47
70,201,-10
70,202,93
70,203,-12
70,204,-81
70,205,82
70,206,75
70,207,-32
70,208,-41
70,209,93
70,210,-19
70,211,-37
70,212,53
70,213,37
70,214,-85
70,215,-57
70,216,-56
70,217,-34
70,218,78
70,219,22
70,220,84
70,221,9
70,222,-59
70,223,-47
70,224,-17
70,225,-9
70,226,-1
70,227,-18
70,228,8
70,229,35
70,230,12
70,231,-13
70,232,42
70,233,-94
70,234,-12
70,235,-1
70,236,-14
70,237,60
70,238,-50
70,239,46
70,240,-44
70,241,6
70,242,24
70,243,-72
70,244,-29
70,245,-85
70,246,-14
70,247,-25
70,248,-85
70,249,69
70,250,77
70,251,-38
70,252,2
70,253,-62
70,254,75
70,255,-32
70,256,67
70,257,29
70,258,57
70,259,72
70,260,-84
70,261,-19
70,262,-88
70,263,74
70,264,-24
70,265,38
70,266,-24
70,267,-27
70,268,-13
70,269,-64
70,270,-23
70,271,-33
70,272,82
70,273,-37
70,274,-18
70,275,81
70,276,-65
70,277,-51
70,278,6
70,279,39
70,280,95
70,281,-35
70,282,19
70,283,-43
70,284,-93
70,285,79
70,286,-2
70,287,-38
70,288,-61
70,289,-92
70,290,-100
70,291,76
70,292,-7
70,293,77
70,294,-41
70,295,8
70,296,-93
70,297,73
70,298,36
70,299,-55
71,0,24
71,1,-89
71,2,32
71,3,69
71,4,39
71,5,-15
71,6,-83
71,7,-21
71,8,99
71,9,18
71,10,95
71,11,21
71,12,-75
71,13,-26
71,14,-32
71,15,60
71,16,-4
71,17,-80
71,18,-52
71,19,-12
71,20,39
71,21,-66
71,22,-71
71,23,1
71,24,63
71,25,-92
71,26,27
71,27,-31
71,28,-83
71,29,-20
71,30,19
71,31,84
71,32,32
71,33,-23
71,34,-60
71,35,28
71,36,33
71,37,56
71,38,-31
71,39,42
71,40,86
71,41,73
71,42,3
71,43,43
71,44,-6
71,45,59
71,46,23
71,47,-48
71,48,-75
71,49,32
71,50,-2
71,51,82
71,52,-28
71,53,-31
71,54,-66
71,55,26
71,56,-99
71,57,63
71,58,-73
71,59,-71
71,60,39
71,61,92
71,62,95
71,63,17
71,64,-86
71,65,89
71,66,5
71,67,-8
71,68,92
71,69,95
71,70,68
71,71,-89
71,72,-96
71,73,-30
71,74,41
71,75,-59
71,76,-5
71,77,7
71,78,-27
71,79,9
71,80,-94
71,81,-53
71,82,89
71,83,3
71,84,47
71,85,-54
71,86,69
71,87,47
71,88,-30
71,89,11
71,90,96
71,91,-16
71,92,-34
71,93,-53
71,94,61
71,95,-86
71,96,-12
71,97,-63
71,98,91
71,99,-40
71,100,53
71,101,-54
71,102,-66
71,103,-31
71,104,71
71,105,62
71,106,-17
71,107,22
71,108,-88
71,109,-44
71,110,89
71,111,96
71,112,-32
71,113,78
71,114,23
71,115,2
71,116,87
71,117,44
71,118,84
71,119,-75
71,120,70
71,121,53
71,122,-60
71,123,-39
71,124,-90
71,125,-81
71,126,79
71,127,67
71,128,55
71,129,-4
71,130,-86
71,131,81
71,132,-57
71,133,42
71,134,74
71,135,-78
71,136,-35
71,137,28
71,138,-55
71,139,51
71,140,-41
71,141,-41
71,142,-27
71,143,-63
71,144,84
71,145,-99
71,146,-62
71,147,-33
71,148,-66
71,149,35
71,150,71
71,151,34
71,152,92
71,153,-80
71,154,-23
71,155,-90
71,156,-81
71,157,-85
71,158,-49
71,159,-31
71,160,88
71,161,40
71,162,-35
71,163,66
71,164,-57
71,165,64
71,166,18
71,167,-28
71,168,-55
71,169,1
71,170,13
71,171,-51
71,172,54
71,173,-78
71,174,78
71,175,-62
71,176,76
71,177,24
71,178,-11
71,179,43
71,180,34
71,181,26
71,182,-49
71,183,1
71,184,-53
71,185,-55
71,186,-25
71,187,-32
71,188,26
71,189,14
71,190,25
71,191,93
71,192,-46
71,193,29
71,194,-93
71,195,35
71,196,-3
71,197,-7
71,198,-50
71,199,35
71,200,84
71,201,-42
71,202,98
71,203,-38
71,204,-83
71,205,-68
71,206,33
71,207,46
71,208,-42
71,209,-81
71,210,65
71,211,61
71,212,52
71,213,53
71,214,-18
71,215,-92
71,216,-45
71,217,-70
71,218,63
71,219,8
71,220,-1
71,221,-43
71,222,-82
71,223,34
71,224,-97
71,225,-75
71,226,-65
71,227,-56
71,228,20
71,229,56
71,230,7
71,231,-62
71,232,67
71,233,-67
71,234,24
71,235,-3
71,236,-14
71,237,54
71,238,-40
71,239,26
71,240,73
71,241,99
71,242,38
71,243,10
71,244,43
71,245,12
71,246,15
71,247,-84
71,248,10
71,249,75
71,250,79
71,251,1
71,252,-55
71,253,27
71,254,-47
71,255,73
71,256,40
71,257,46
71,258,-94
71,259,82
71,260,-8
71,261,-70
71,262,-77
71,263,-37
71,264,-43
71,265,87
71,266,23
71,267,-36
71,268,-24
71,269,-67
71,270,11
71,271,-49
71,272,-80
71,273,-62
71,274,-83
71,275,-89
71,276,10
71,277,60
71,278,-65
71,279,22
71,280,-28
71,281,99
71,282,-34
71,283,49
71,284,92
71,285,-7
71,286,95
71,287,46
71,288,41
71,289,-78
71,290,-21
71,291,-30
71,292,-46
71,293,40
71,294,-13
71,295,71
71,296,-83
71,297,-23
71,298,-21
71,299,-21
72,0,21
72,1,-54
72,2,-10
72,3,-9
72,4,-95
72,5,55
72,6,89
72,7,-44
72,8,12
72,9,61
72,10,-93
72,11,58
72,12,83
72,13,-64
72,14,34
72,15,34
72,16,63
72,17,16
72,18,-20
72,19,87
72,20,53
72,21,-68
72,22,-4
72,23,-65
72,24,82
72,25,-88
72,26,-28
72,27,2
72,28,54
72,29,65
72,30,-98
72,31,37
72,32,29
72,33,50
72,34,-47
72,35,29
72,36,-16
72,37,52
72,38,0
72,39,-21
72,40,-49
72,41,-92
72,42,-85
72,43,70
72,44,-93
72,45,75
72,46,59
72,47,1
72,48,-84
72,49,75
72,50,-17
72,51,-32
72,52,-55
72,53,46
72,54,1
72,55,-29
72,56,-53
72,57,42
72,58,-39
72,59,3
72,60,30
72,61,-46
72,62,-100
72,63,-49
72,64,-33
72,65,-72
72,66,67
72,67,40
72,68,60
72,69,79
72,70,31
72,71,9
72,72,64
72,73,-67
72,74,43
72,75,-91
72,76,10
72,77,0
72,78,-38
72,79,72
72,80,-15
72,81,-9
72,82,6
72,83,-9
72,84,93
72,85,-10
72,86,-37
72,87,-49
72,88,67
72,89,-9
72,90,88
72,91,70
72,92,-57
72,93,56
72,94,-99
72,95,-58
72,96,-69
72,97,82
72,98,-11
72,99,-99
72,100,-21
72,101,73
72,102,90
72,103,97
72,104,-75
72,105,56
72,106,-46
72,107,-95
72,108,68
72,109,97
72,110,58
72,111,99
72,112,-10
72,113,-75
72,114,82
72,115,-79
72,116,-71
72,117,75
72,118,72
72,119,-40
72,120,31
72,121,51
72,122,92
72,123,54
72,124,53
72,125,-67
72,126,-54
72,127,-79
72,128,-55
72,129,59
72,130,-73
72,131,-63
72,132,-39
72,133,68
72,134,42
72,135,30
72,136,-38
72,137,62
72,138,51
72,139,-41
72,140,-43
72,141,47
72,142,19
72,143,-5
72,144,57
72,145,-23
72,146,-5
72,147,-93
72,148,93
72,149,-96
72,150,-19
72,151,-29
72,152,-29
72,153,47
72,154,82
72,155,-9
72,156,-51
72,157,-79
72,158,-86
72,159,61
72,160,-17
72,161,29
72,162,99
72,163,42
72,164,41
72,165,-12
72,166,-49
72,167,30
72,168,-54
72,169,-28
72,170,-92
72,171,-77
72,172,2
72,173,-19
72,174,-95
72,175,32
72,176,95
72,177,-17
72,178,-19
72,179,-46
72,180,6
72,181,-9
72,182,32
72,183,-26
72,184,-89
72,185,22
72,186,-93
72,187,-59
72,188,60
72,189,-85
72,190,-65
72,191,34
72,192,14
72,193,-45
72,194,83
72,195,-76
72,196,68
72,197,-16
72,198,-77
72,199,-15
72,200,-3
72,201,-41
72,202,-10
72,203,-74
72,204,2
72,205,-96
72,206,86
72,207,83
72,208,-97
72,209,26
72,210,59
72,211,-29
72,212,-77
72,213,21
72,214,-53
72,215,-5
72,216,28
72,217,-83
72,218,81
72,219,96
72,220,-79
72,221,18
72,222,-26
72,223,69
72,224,10
72,225,89
72,226,68
72,227,33
72,228,-78
72,229,-9
72,230,0
72,231,-83
72,232,-86
72,233,14
72,234,-88
72,235,78
72,236,-79
72,237,-31
72,238,28
72,239,-77
72,240,45
72,241,-20
72,242,-77
72,243,84
72,244,-8
72,245,-32
72,246,92
72,247,-71
72,248,28
72,249,-94
72,250,-68
72,251,31
72,252,50
72,253,-2
72,254,16
72,255,84
72,256,3
72,257,-45
72,258,-68
72,259,-19
72,260,46
72,261,-57
72,262,43
72,263,-2
72,264,-96
72,265,-75
72,266,-23
72,267,-36
72,268,-59
72,269,39
72,270,78
72,271,-3
72,272,40
72,273,1
72,274,62
72,275,-12
72,276,85
72,277,88
72,278,77
72,279,80
72,280,91
72,281,42
72,282,-12
72,283,-68
72,284,31
72,285,79
72,286,45
72,287,84
72,288,-49
72,289,-35
72,290,-27
72,291,93
72,292,-37
72,293,43
72,294,-84
72,295,-39
72,296,49
72,297,-69
72,298,60
72,299,-84
73,0,-88
73,1,-77
73,2,23
73,3,22
73,4,-23
73,5,-76
73,6,79
73,7,99
73,8,63
73,9,-88
73,10,-90
73,11,62
73,12,69
73,13,-65
73,14,79
73,15,50
73,16,-40
73,17,-100
73,18,-93
73,19,-24
73,20,85
73,21,-24
73,22,-98
73,23,-95
73,24,-24
73,25,-93
73,26,-91
73,27,-56
73,28,46
73,29,68
73,30,-79
73,31,46
73,32,12
73,33,60
73,34,20
73,35,-80
73,36,-89
73,37,-44
73,38,-42
73,39,-68
73,40,16
73,41,-63
73,42,54
73,43,5
73,44,-82
73,45,-91
73,46,-16
73,47,39
73,48,-81
73,49,89
73,50,56
73,51,-59
73,52,-44
73,53,-57
73,54,25
73,55,96
73,56,34
73,57,-24
73,58,-37
73,59,1
73,60,-69
73,61,-89
73,62,-70
73,63,48
73,64,-42
73,65,-3
73,66,84
73,67,40
73,68,21
73,69,-40
73,70,64
73,71,-23
73,72,97
73,73,-47
73,74,-83
73,75,-75
73,76,57
73,77,67
73,78,78
73,79,23
73,80,-24
73,81,-57
73,82,-21
73,83,13
73,84,-4
73,85,-37
73,86,-6
73,87,-48
73,88,37
73,89,-14
73,90,-58
73,91,-80
73,92,-18
73,93,-89
73,94,-85
73,95,26
73,96,53
73,97,-35
73,98,71
73,99,50
73,100,-36
73,101,-48
73,102,-67
73,103,73
73,104,-51
73,105,48
73,106,88
73,107,-73
73,108,-61
73,109,-31
73,110,97
73,111,72
73,112,-67
73,113,-88
73,114,35
73,115,16
73,116,3
73,117,19
73,118,98
73,119,-47
73,120,36
73,121,-56
73,122,-62
73,123,-7
73,124,-20
73,125,-8
73,126,-29
73,127,57
73,128,-43
73,129,36
73,130,85
73,131,73
73,132,19
73,133,75
73,134,-47
73,135,50
73,136,0
73,137,65
73,138,66
73,139,-70
73,140,72
73,141,11
73,142,-46
73,143,-30
73,144,60
73,145,-7
73,146,-17
73,147,1
73,148,-79
73,149,-81
73,150,20
73,151,39
73,152,29
73,153,-7
73,154,-55
73,155,51
73,156,-25
73,157,74
73,158,42
73,159,-78
73,160,-43
73,161,97
73,162,55
73,163,36
73,164,-18
73,165,-57
73,166,-26
73,167,66
73,168,-1
73,169,90
73,170,16
73,171,-53
73,172,0
73,173,-33
73,174,52
73,175,76
73,176,-76
73,177,96
73,178,-28
73,179,-15
73,180,38
73,181,52
73,182,43
73,183,25
73,184,-17
73,185,-81
73,186,67
73,187,35
73,188,81
73,189,-3
73,190,60
73,191,1
73,192,38
73,193,-97
73,194,-13
73,195,15
73,196,-96
73,197,82
73,198,24
73,199,92
73,200,-84
73,201,1
73,202,-80
73,203,-25
73,204,-72
73,205,15
73,206,-86
73,207,81
73,208,77
73,209,-19
73,210,-89
73,211,44
73,212,10
73,213,87
73,214,-100
73,215,-6
73,216,-32
73,217,60
73,218,-44
73,219,-70
73,220,11
73,221,-27
73,222,75
73,223,36
73,224,81
73,225,4
73,226,-31
73,227,9
73,228,-2
73,229,54
73,230,-65
73,231,-57
73,232,-50
73,233,4
73,234,23
73,235,83
73,236,49
73,237,19
73,238,-33
73,239,65
73,240,92
73,241,88
73,242,28
73,243,-79
73,244,43
73,245,97
73,246,9
73,247,58
73,248,11
73,249,-73
73,250,8
73,251,-59
73,252,6
73,253,-62
73,254,28
73,255,50
73,256,58
73,257,-100
73,258,42
73,259,13
73,260,-15
73,261,14
73,262,-27
73,263,-81
73,264,6
73,265,60
73,266,-95
73,267,-3
73,268,71
73,269,30
73,270,-40
73,271,-13
73,272,-67
73,273,39
73,274,87
73,275,-23
73,276,22
73,277,-65
73,278,47
73,279,70
73,280,75
73,281,-100
73,282,-98
73,283,44
73,284,-98
73,285,-16
73,286,43
73,287,54
73,288,46
73,289,67
73,290,70
73,291,54
73,292,-84
73,293,71
73,294,48
73,295,-59
73,296,55
73,297,56
73,298,95
73,299,-19
74,0,-60
74,1,76
74,2,78
74,3,-94
74,4,-60
74,5,-89
74,6,-84
74,7,-54
74,8,86
74,9,81
74,10,-1
74,11,-66
74,12,-55
74,13,-17
74,14,-58
74,15,-12
74,16,-18
74,17,-49
74,18,88
74,19,-48
74,20,-46
74,21,-34
74,22,61
74,23,-44
74,24,-61
74,25,18
74,26,60
74,27,34
74,28,-25
74,29,24
74,30,-28
74,31,-74
74,32,32
74,33,-51
74,34,-85
74,35,58
74,36,-86
74,37,-56
74,38,23
74,39,98
74,40,9
74,41,-76
74,42,-38
74,43,55
74,44,98
74,45,98
74,46,55
74,47,-54
74,48,-73
74,49,3
74,50,25
74,51,22
74,52,30
74,53,38
74,54,-72
74,55,-44
74,56,-89
74,57,34
74,58,-64
74,59,96
74,60,-89
74,61,-42
74,62,-38
74,63,33
74,64,-12
74,65,50
74,66,90
74,67,19
74,68,76
74,69,83
74,70,-15
74,71,55
74,72,-31
74,73,-19
74,74,-22
74,75,57
74,76,0
74,77,39
74,78,77
74,79,-4
74,80,-18
74,81,18
74,82,-29
74,83,-18
74,84,-6
74,85,21
74,86,-19
74,87,-27
74,88,-38
74,89,-98
74,90,1
74,91,92
74,92,-21
74,93,-22
74,94,33
74,95,-73
74,96,72
74,97,-35
74,98,-34
74,99,-93
74,100,-86
74,101,-78
74,102,-45
74,103,31
74,104,-6
74,105,-7
74,106,-47
74,107,61
74,108,39
74,109,-34
74,110,-30
74,111,93
74,112,-73
74,113,64
74,114,-73
74,115,-8
74,116,-49
74,117,-24
74,118,-76
74,119,-98
74,120,-11
74,121,96
74,122,37
74,123,-69
74,124,38
74,125,45
74,126,-35
74,127,-63
74,128,-35
74,129,80
74,130,9
74,131,31
74,132,52
74,133,-70
74,134,51
74,135,-40
74,136,30
74,137,-14
74,138,-35
74,139,-66
74,140,-57
74,141,-23
74,142,91
74,143,53
74,144,-56
74,145,-80
74,146,-19
74,147,-33
74,148,58
74,149,-2
74,150,-5
74,151,95
74,152,19
74,153,-21
74,154,-3
74,155,-24
74,156,-26
74,157,32
74,158,-23
74,159,-33
74,160,-60
74,161,-37
74,162,-78
74,163,19
74,164,89
74,165,-74
74,166,-56
74,167,29
74,168,-46
74,169,-16
74,170,38
74,171,71
74,172,-19
74,173,18
74,174,-100
74,175,-79
74,176,-50
74,177,28
74,178,-1
74,179,75
74,180,99
74,181,73
74,182,96
74,183,83
74,184,92
74,185,37
74,186,87
74,187,-15
74,188,58
74,189,-65
74,190,85
74,191,-23
74,192,-97
74,193,83
74,194,-21
74,195,95
74,196,-93
74,197,-37
74,198,-81
74,199,59
74,200,-4
74,201,-32
74,202,-2
74,203,-25
74,204,97
74,205,-92
74,206,31
74,207,-32
74,208,-66
74,209,-98
74,210,13
74,211,-19
74,212,78
74,213,-27
74,214,-57
74,215,-31
74,216,-63
74,217,92
74,218,69
74,219,-20
74,220,4
74,221,77
74,222,34
74,223,-32
74,224,-20
74,225,80
74,226,-10
74,227,29
74,228,-45
74,229,-83
74,230,-74
74,231,80
74,232,-42
74,233,4
74,234,-73
74,235,44
74,236,-59
74,237,27
74,238,84
74,239,-65
74,240,89
74,241,18
74,242,52
74,243,27
74,244,40
74,245,89
74,246,12
74,247,-97
74,248,-21
74,249,-96
74,250,14
74,251,47
74,252,-66
74,253,-52
74,254,-42
74,255,29
74,256,-42
74,257,-31
74,258,-12
74,259,26
74,260,16
74,261,-4
74,262,25
74,263,73
74,264,-100
74,265,-65
74,266,-54
74,267,80
74,268,-87
74,269,93
74,270,-39
74,271,42
74,272,56
74,273,86
74,274,61
74,275,-16
74,276,-76
74,277,-58
74,278,-49
74,279,-97
74,280,92
74,281,-41
74,282,39
74,283,66
74,284,26
74,285,28
74,286,22
74,287,41
74,288,72
74,289,-33
74,290,-67
74,291,22
74,292,-10
74,293,-89
74,294,14
74,295,87
74,296,-39
74,297,-60
74,298,70
74,299,25
75,0,85
75,1,52
75,2,75
75,3,-3
75,4,84
75,5,82
75,6,33
75,7,85
75,8,20
75,9,6
75,10,-58
75,11,-63
75,12,76
75,13,25
75,14,72
75,15,77
75,16,-85
75,17,11
75,18,-97
75,19,-12
75,20,-26
75,21,-52
75,22,-83
75,23,57
75,24,18
75,25,28
75,26,96
75,27,63
75,28,50
75,29,78
75,30,-42
75,31,-35
75,32,-67
75,33,63
75,34,-31
75,35,65
75,36,-50
75,37,-80
75,38,13
75,39,73
75,40,8
75,41,92
75,42,67
75,43,-39
75,44,-80
75,45,33
75,46,-57
75,47,5
75,48,-72
75,49,72
75,50,-98
75,51,80
75,52,35
75,53,-86
75,54,-98
75,55,-97
75,56,-25
75,57,44
75,58,-99
75,59,47
75,60,-81
75,61,-7
75,62,-82
75,63,31
75,64,-1
75,65,39
75,66,78
75,67,-84
75,68,89
75,69,-26
75,70,2
75,71,94
75,72,-64
75,73,9
75,74,45
75,75,-54
75,76,67
75,77,-59
75,78,-30
75,79,0
75,80,-10
75,81,-23
75,82,-76
75,83,24
75,84,-89
75,85,-81
75,86,-12
75,87,-50
75,88,93
75,89,-38
75,90,47
75,91,-70
75,92,27
75,93,-42
75,94,80
75,95,13
75,96,70
75,97,-13
75,98,55
75,99,-3
75,100,73
75,101,-60
75,102,97
75,103,61
75,104,36
75,105,80
75,106,41
75,107,24
75,108,-87
75,109,-18
75,110,34
75,111,-51
75,112,-28
75,113,79
75,114,70
75,115,57
75,116,-94
75,117,-73
75,118,60
75,119,-73
75,120,-53
75,121,-75
75,122,95
75,123,22
75,124,74
75,125,37
75,126,-76
75,127,88
75,128,-41
75,129,-4
75,130,-41
75,131,72
75,132,12
75,133,-48
75,134,-92
75,135,-51
75,136,-59
75,137,-54
75,138,92
75,139,82
75,140,-83
75,141,34
75,142,-14
75,143,60
75,144,-96
75,145,63
75,146,-94
75,147,58
75,148,31
75,149,68
75,150,-29
75,151,-8
75,152,-59
75,153,-83
75,154,-29
75,155,-27
75,156,-25
75,157,-36
75,158,-58
75,159,-34
75,160,36
75,161,97
75,162,11
75,163,53
75,164,-100
75,165,-61
75,166,-70
75,167,-62
75,168,-38
75,169,-46
75,170,-43
75,171,-82
75,172,8
75,173,7
75,174,43
75,175,-16
75,176,46
75,177,68
75,178,14
75,179,4
75,180,6
75,181,-99
75,182,80
75,183,-63
75,184,66
75,185,53
75,186,21
75,187,67
75,188,-52
75,189,-53
75,190,1
75,191,16
75,192,-29
75,193,94
75,194,75
75,195,-100
75,196,-23
75,197,81
75,198,-82
75,199,75
75,200,-48
75,201,10
75,202,-90
75,203,-70
75,204,41
75,205,-4
75,206,-91
75,207,71
75,208,-99
75,209,-16
75,210,-21
75,211,40
75,212,27
75,213,23
75,214,70
75,215,73
75,216,-9
75,217,25
75,218,52
75,219,46
75,220,36
75,221,-23
75,222,72
75,223,88
75,224,-36
75,225,31
75,226,60
75,227,-40
75,228,-90
75,229,55
75,230,-35
75,231,-48
75,232,-100
75,233,-49
75,234,20
75,235,-31
75,236,37
75,237,1
75,238,24
75,239,-87
75,240,-2
75,241,-83
75,242,-45
75,243,-29
75,244,-64
75,245,44
75,246,-79
75,247,46
75,248,-47
75,249,-6
75,250,-42
75,251,-91
75,252,30
75,253,-76
75,254,21
75,255,-64
75,256,-79
75,257,9
75,258,-84
75,259,66
75,260,-66
75,261,-35
75,262,-34
75,263,83
75,264,72
75,265,62
75,266,-99
75,267,29
75,268,-61
75,269,-41
75,270,6
75,271,49
75,272,-10
75,273,-83
75,274,61
75,275,5
75,276,93
75,277,-66
75,278,80
75,279,-81
75,280,-43
75,281,-70
75,282,-76
75,283,69
75,284,-17
75,285,52
75,286,41
75,287,77
75,288,-38
75,289,-51
75,290,79
75,291,-76
75,292,-58
75,293,46
75,294,87
75,295,-88
75,296,89
75,297,68
75,298,85
75,299,99
76,0,89
76,1,-62
76,2,76
76,3,34
76,4,14
76,5,-62
76,6,33
76,7,82
76,8,-44
76,9,0
76,10,55
76,11,48
76,12,3
76,13,-2
76,14,51
76,15,54
76,16,-5
76,17,-21
76,18,-2
76,19,78
76,20,18
76,21,-87
76,22,88
76,23,-7
76,24,2
76,25,-54
76,26,77
76,27,-56
76,28,-99
76,29,69
76,30,95
76,31,-57
76,32,-61
76,33,16
76,34,12
76,35,-74
76,36,39
76,37,-21
76,38,-53
76,39,-41
76,40,45
76,41,49
76,42,-5
76,43,-33
76,44,54
76,45,67
76,46,60
76,47,-57
76,48,53
76,49,-75
76,50,95
76,51,-99
76,52,-51
76,53,-28
76,54,-31
76,55,0
76,56,-90
76,57,35
76,58,66
76,59,-91
76,60,-43
76,61,-100
76,62,-51
76,63,-63
76,64,-75
76,65,-95
76,66,-61
76,67,-74
76,68,36
76,69,63
76,70,52
76,71,-71
76,72,-22
76,73,-95
76,74,34
76,75,2
76,76,-84
76,77,56
76,78,-39
76,79,-54
76,80,-30
76,81,78
76,82,26
76,83,96
76,84,-17
76,85,7
76,86,-69
76,87,43
76,88,4
76,89,-31
76,90,6
76,91,32
76,92,18
76,93,-9
76,94,-19
76,95,34
76,96,61
76,97,-24
76,98,35
76,99,-14
76,100,-92
76,101,7
76,102,-4
76,103,-64
76,104,75
76,105,79
76,106,-81
76,107,-96
76,108,11
76,109,-44
76,110,50
76,111,52
76,112,86
76,113,70
76,114,-90
76,115,32
76,116,42
76,117,-52
76,118,87
76,119,45
76,120,-44
76,121,87
76,122,-44
76,123,-63
76,124,-93
76,125,56
76,126,-35
76,127,26
76,128,69
76,129,-32
76,130,36
76,131,-88
76,132,1
76,133,99
76,134,-51
76,135,-75
76,136,63
76,137,92
76,138,-80
76,139,18
76,140,70
76,141,76
76,142,-82
76,143,-55
76,144,-93
76,145,61
76,146,-31
76,147,-7
76,148,-50
76,149,34
76,150,74
76,151,-2
76,152,90
76,153,-51
76,154,24
76,155,-6
76,156,14
76,157,-48
76,158,81
76,159,-50
76,160,41
76,161,-49
76,162,24
76,163,30
76,164,-91
76,165,-48
76,166,12
76,167,-4
76,168,30
76,169,47
76,170,-26
76,171,63
76,172,-33
76,173,72
76,174,39
76,175,-11
76,176,57
76,177,55
76,178,-23
76,179,-47
76,180,99
76,181,-97
76,182,-15
76,183,-18
76,184,65
76,185,90
76,186,47
76,187,73
76,188,65
76,189,81
76,190,-57
76,191,-25
76,192,-79
76,193,-73
76,194,-14
76,195,-40
76,196,-73
76,197,62
76,198,2
76,199,39
76,200,38
76,201,-30
76,202,-59
76,203,-77
76,204,76
76,205,82
76,206,44
76,207,89
76,208,-62
76,209,49
76,210,16
76,211,-18
76,212,51
76,213,97
76,214,74
76,215,-12
76,216,-13
76,217,-44
76,218,30
76,219,-50
76,220,81
76,221,-36
76,222,-96
76,223,2
76,224,-98
76,225,-64
76,226,-99
76,227,6
76,228,72
76,229,89
76,230,-50
76,231,-16
76,232,-1
76,233,-94
76,234,-97
76,235,43
76,236,40
76,237,-79
76,238,37
76,239,-23
76,240,-45
76,241,-68
76,242,92
76,243,-92
76,244,18
76,245,81
76,246,43
76,247,-61
76,248,57
76,249,82
76,250,82
76,251,18
76,252,36
76,253,83
76,254,48
76,255,-75
76,256,70
76,257,27
76,258,2
76,259,-78
76,260,38
76,261,56
76,262,-35
76,263,-34
76,264,36
76,265,1
76,266,-8
76,267,-41
76,268,6
76,269,73
76,270,-52
76,271,-35
76,272,68
76,273,53
76,274,-82
76,275,-37
76,276,99
76,277,-83
76,278,-16
76,279,-42
76,280,92
76,281,-4
76,282,9
76,283,72
76,284,58
76,285,82
76,286,31
76,287,-25
76,288,-62
76,289,10
76,290,23
76,291,-42
76,292,64
76,293,-63
76,294,85
76,295,-70
76,296,-98
76,297,15
76,298,18
76,299,-58
77,0,-6
77,1,99
77,2,88
77,3,12
77,4,53
77,5,78
77,6,60
77,7,-79
77,8,10
77,9,-67
77,10,3
77,11,75
77,12,46
77,13,77
77,14,-1
77,15,60
77,16,-21
77,17,-99
77,18,-10
77,19,-56
77,20,77
77,21,-87
77,22,76
77,23,-25
77,24,-59
77,25,-22
77,26,66
77,27,-20
77,28,31
77,29,50
77,30,59
77,31,-73
77,32,-53
77,33,24
77,34,16
77,35,94
77,36,22
77,37,-97
77,38,0
77,39,-50
77,40,-17
77,41,62
77,42,-66
77,43,-30
77,44,45
77,45,50
77,46,47
77,47,-64
77,48,13
77,49,-66
77,50,40
77,51,-49
77,52,81
77,53,87
77,54,-5
77,55,56
77,56,44
77,57,-90
77,58,-56
77,59,-1
77,60,81
77,61,-86
77,62,-82
77,63,17
77,64,8
77,65,56
77,66,-51
77,67,42
77,68,45
77,69,-34
77,70,-7
77,71,79
77,72,9
77,73,59
77,74,21
77,75,49
77,76,-73
77,77,74
77,78,39
77,79,14
77,80,65
77,81,-75
77,82,74
77,83,26
77,84,-53
77,85,-7
77,86,10
77,87,62
77,88,-61
77,89,28
77,90,96
77,91,80
77,92,1
77,93,3
77,94,-73
77,95,-71
77,96,27
77,97,-52
77,98,72
77,99,43
77,100,22
77,101,-60
77,102,-77
77,103,10
77,104,92
77,105,57
77,106,87
77,107,48
77,108,14
77,109,-36
77,110,16
77,111,-50
77,112,27
77,113,-70
77,114,-40
77,115,48
77,116,-15
77,117,65
77,118,83
77,119,65
77,120,-92
77,121,64
77,122,-77
77,123,-63
77,124,89
77,125,-56
77,126,-9
77,127,48
77,128,-15
77,129,-18
77,130,22
77,131,-74
77,132,-100
77,133,-71
77,134,-27
77,135,-67
77,136,-26
77,137,29
77,138,19
77,139,40
77,140,-5
77,141,-45
77,142,18
77,143,-1
77,144,-98
77,145,71
77,146,-51
77,147,22
77,148,58
77,149,74
77,150,-89
77,151,16
77,152,36
77,153,-61
77,154,46
77,155,16
77,156,-52
77,157,90
77,158,68
77,159,56
77,160,-28
77,161,-16
77,162,-79
77,163,7
77,164,-53
77,165,-36
77,166,-81
77,167,-38
77,168,-70
77,169,-37
77,170,-80
77,171,-66
77,172,-95
77,173,65
77,174,84
77,175,16
77,176,43
77,177,-29
77,178,39
77,179,43
77,180,-7
77,181,-35
77,182,-53
77,183,75
77,184,39
77,185,0
77,186,11
77,187,95
77,188,38
77,189,-99
77,190,20
77,191,-9
77,192,94
77,193,85
77,194,82
77,195,97
77,196,68
77,197,-65
77,198,90
77,199,-69
77,200,-25
77,201,-65
77,202,-98
77,203,-68
77,204,32
77,205,24
77,206,78
77,207,67
77,208,93
77,209,36
77,210,95
77,211,-58
77,212,72
77,213,8
77,214,88
77,215,-64
77,216,-40
77,217,-18
77,218,20
77,219,17
77,220,-10
77,221,63
77,222,24
77,223,35
77,224,-53
77,225,41
77,226,0
77,227,-25
77,228,-48
77,229,-52
77,230,14
77,231,59
77,232,96
77,233,70
77,234,63
77,235,33
77,236,-77
77,237,33
77,238,-83
77,239,16
77,240,-74
77,241,-61
77,242,-74
77,243,23
77,244,62
77,245,23
77,246,27
77,247,77
77,248,-90
77,249,5
77,250,-79
77,251,7
77,252,4
77,253,27
77,254,-16
77,255,-65
77,256,-96
77,257,74
77,258,97
77,259,-13
77,260,-59
77,261,-36
77,262,14
77,263,-68
77,264,-19
77,265,74
77,266,39
77,267,48
77,268,16
77,269,41
77,270,42
77,271,-40
77,272,-50
77,273,-15
77,274,-47
77,275,9
77,276,94
77,277,-2
77,278,36
77,279,-43
77,280,97
77,281,7
77,282,-18
77,283,75
77,284,39
77,285,-16
77,286,95
77,287,-94
77,288,-49
77,289,-62
77,290,-3
77,291,-82
77,292,-37
77,293,-85
77,294,-53
77,295,-28
77,296,-48
77,297,37
77,298,-31
77,299,96
78,0,-41
78,1,39
78,2,91
78,3,51
78,4,59
78,5,-34
78,6,-96
78,7,53
78,8,24
78,9,-90
78,10,-64
78,11,-41
78,12,82
78,13,-3
78,14,-4
78,15,11
78,16,70
78,17,-9
78,18,90
78,19,-47
78,20,49
78,21,98
78,22,-77
78,23,-27
78,24,61
78,25,-50
78,26,-55
78,27,-47
78,28,92
78,29,66
78,30,-99
78,31,98
78,32,-62
78,33,0
78,34,67
78,35,2
78,36,43
78,37,-70
78,38,-3
78,39,28
78,40,26
78,41,-76
78,42,-21
78,43,-54
78,44,-51
78,45,-55
78,46,54
78,47,-85
78,48,46
78,49,-78
78,50,39
78,51,-33
78,52,1
78,53,-73
78,54,-18
78,55,-80
78,56,13
78,57,-68
78,58,-60
78,59,-72
78,60,-12
78,61,-42
78,62,-80
78,63,-3
78,64,37
78,65,-13
78,66,33
78,67,-54
78,68,16
78,69,54
78,70,-44
78,71,54
78,72,28
78,73,-1
78,74,-18
78,75,-29
78,76,-28
78,77,-83
78,78,27
78,79,23
78,80,-18
78,81,-90
78,82,97
78,83,55
78,84,-50
78,85,-95
78,86,-60
78,87,-82
78,88,14
78,89,-89
78,90,86
78,91,57
78,92,-37
78,93,73
78,94,-12
78,95,-13
78,96,-40
78,97,-58
78,98,37
78,99,88
78,100,-26
78,101,39
78,102,-46
78,103,80
78,104,90
78,105,-18
78,106,77
78,107,-70
78,108,-86
78,109,-33
78,110,-33
78,111,-5
78,112,2
78,113,-88
78,114,-87
78,115,-80
78,116,-76
78,117,-74
78,118,67
78,119,87
78,120,92
78,121,-34
78,122,78
78,123,60
78,124,-71
78,125,-76
78,126,-34
78,127,-5
78,128,47
78,129,-51
78,130,55
78,131,-97
78,132,35
78,133,-9
78,134,-45
78,135,-51
78,136,75
78,137,19
78,138,-3
78,139,-14
78,140,-47
78,141,62
78,142,-9
78,143,-58
78,144,19
78,145,-27
78,146,71
78,147,91
78,148,-64
78,149,80
78,150,-86
78,151,-88
78,152,-33
78,153,-39
78,154,-19
78,155,5
78,156,13
78,157,32
78,158,43
78,159,-56
78,160,-85
78,161,65
78,162,75
78,163,19
78,164,20
78,165,92
78,166,72
78,167,90
78,168,20
78,169,52
78,170,76
78,171,6
78,172,86
78,173,63
78,174,23
78,175,1
78,176,40
78,177,-89
78,178,51
78,179,-33
78,180,-48
78,181,53
78,182,52
78,183,37
78,184,-52
78,185,24
78,186,67
78,187,33
78,188,-30
78,189,62
78,190,-75
78,191,13
78,192,-50
78,193,-27
78,194,-28
78,195,18
78,196,77
78,197,21
78,198,55
78,199,25
78,200,70
78,201,40
78,202,79
78,203,-93
78,204,-32
78,205,40
78,206,-32
78,207,-15
78,208,-4
78,209,-55
78,210,-37
78,211,35
78,212,85
78,213,-57
78,214,84
78,215,-68
78,216,61
78,217,-57
78,218,-64
78,219,27
78,220,21
78,221,-91
78,222,-69
78,223,54
78,224,2
78,225,2
78,226,-44
78,227,-98
78,228,45
78,229,49
78,230,-33
78,231,98
78,232,92
78,233,34
78,234,-100
78,235,-24
78,236,13
78,237,83
78,238,-58
78,239,66
78,240,-83
78,241,17
78,242,-98
78,243,-67
78,244,96
78,245,59
78,246,-47
78,247,70
78,248,72
78,249,-27
78,250,9
78,251,84
78,252,55
78,253,25
78,254,-80
78,255,-30
78,256,-23
78,257,-2
78,258,-46
78,259,96
78,260,96
78,261,-89
78,262,45
78,263,-79
78,264,-11
78,265,-26
78,266,-98
78,267,-51
78,268,77
78,269,6
78,270,-76
78,271,-20
78,272,13
78,273,-3
78,274,62
78,275,67
78,276,11
78,277,74
78,278,38
78,279,42
78,280,-92
78,281,-32
78,282,-71
78,283,-86
78,284,82
78,285,-64
78,286,71
78,287,-94
78,288,-83
78,289,17
78,290,-27
78,291,-29
78,292,-44
78,293,56
78,294,-61
78,295,-72
78,296,87
78,297,-21
78,298,10
78,299,25
79,0,-25
79,1,84
79,2,43
79,3,-21
79,4,61
79,5,-46
79,6,-9
79,7,6
79,8,42
79,9,86
79,10,97
79,11,-19
79,12,61
79,13,-55
79,14,99
79,15,-58
79,16,66
79,17,-61
79,18,62
79,19,71
79,20,-30
79,21,-11
79,22,-4
79,23,32
79,24,-74
79,25,83
79,26,39
79,27,28
79,28,69
79,29,33
79,30,-38
79,31,-30
79,32,-1
79,33,72
79,34,45
79,35,-52
79,36,77
79,37,46
79,38,-81
79,39,50
79,40,91
79,41,90
79,42,75
79,43,21
79,44,-93
79,45,-99
79,46,-57
79,47,29
79,48,-90
79,49,25
79,50,-27
79,51,-92
79,52,46
79,53,-37
79,54,-65
79,55,31
79,56,-44
79,57,-23
79,58,33
79,59,65
79,60,4
79,61,51
79,62,28
79,63,95
79,64,-26
79,65,-84
79,66,-34
79,67,71
79,68,-14
79,69,-99
79,70,-36
79,71,37
79,72,89
79,73,7
79,74,25
79,75,-84
79,76,-34
79,77,-95
79,78,-9
79,79,-14
79,80,93
79,81,-41
79,82,80
79,83,-25
79,84,3
79,85,-15
79,86,-48
79,87,-5
79,88,82
79,89,91
79,90,-83
79,91,52
79,92,-40
79,93,53
79,94,65
79,95,71
79,96,72
79,97,-99
79,98,54
79,99,19
79,100,18
79,101,-28
79,102,-78
79,103,1
79,104,95
79,105,27
79,106,-44
79,107,84
79,108,86
79,109,-8
79,110,-79
79,111,41
79,112,-3
79,113,26
79,114,70
79,115,-47
79,116,26
79,117,-89
79,118,17
79,119,-4
79,120,-31
79,121,17
79,122,72
79,123,-3
79,124,91
79,125,82
79,126,-3
79,127,11
79,128,26
79,129,59
79,130,-62
79,131,-31
79,132,-32
79,133,5
79,134,24
79,135,86
79,136,77
79,137,-25
79,138,3
79,139,96
79,140,-37
79,141,75
79,142,-66
79,143,-38
79,144,99
79,145,83
79,146,0
79,147,72
79,148,-44
79,149,24
79,150,96
79,151,-17
79,152,40
79,153,7
79,154,89
79,155,99
79,156,39
79,157,59
79,158,-70
79,159,97
79,160,36
79,161,-5
79,162,-21
79,163,35
79,164,-59
79,165,41
79,166,-63
79,167,-66
79,168,62
79,169,-28
79,170,70
79,171,-50
79,172,-46
79,173,53
79,174,3
79,175,-62
79,176,36
79,177,-34
79,178,33
79,179,-3
79,180,-90
79,181,66
79,182,-70
79,183,-28
79,184,39
79,185,72
79,186,-74
79,187,-56
79,188,78
79,189,28
79,190,46
79,191,-72
79,192,29
79,193,-75
79,194,-40
79,195,39
79,196,87
79,197,5
79,198,29
79,199,37
79,200,94
79,201,-59
79,202,22
79,203,31
79,204,85
79,205,83
79,206,13
79,207,50
79,208,-16
79,209,49
79,210,-51
79,211,-14
79,212,61
79,213,-13
79,214,-33
79,215,7
79,216,-19
79,217,87
79,218,-16
79,219,-71
79,220,63
79,221,-92
79,222,98
79,223,72
79,224,-26
79,225,96
79,226,-79
79,227,72
79,228,10
79,229,-50
79,230,76
79,231,71
79,232,16
79,233,-54
79,234,3
79,235,-23
79,236,-40
79,237,21
79,238,-8
79,239,83
79,240,40
79,241,33
79,242,-65
79,243,-23
79,244,-62
79,245,61
79,246,34
79,247,18
79,248,96
79,249,39
79,250,-32
79,251,37
79,252,-10
79,253,31
79,254,-47
79,255,-69
79,256,-60
79,257,-27
79,258,-98
79,259,-46
79,260,20
79,261,-91
79,262,-53
79,263,54
79,264,-43
79,265,-15
79,266,65
79,267,41
79,268,15
79,269,-60
79,270,1
79,271,13
79,272,26
79,273,-32
79,274,98
79,275,-31
79,276,6
79,277,-68
79,278,-13
79,279,2
79,280,73
79,281,62
79,282,81
79,283,37
79,284,-83
79,285,82
79,286,-50
79,287,60
79,288,45
79,289,60
79,290,28
79,291,64
79,292,-58
79,293,79
79,294,-37
79,295,25
79,296,36
79,297,-42
79,298,-61
79,299,-72
80,0,56
80,1,-16
80,2,81
80,3,-77
80,4,-8
80,5,-51
80,6,87
80,7,-92
80,8,42
80,9,7
80,10,-16
80,11,-13
80,12,39
80,13,-35
80,14,12
80,15,-64
80,16,81
80,17,30
80,18,-1
80,19,84
80,20,-75
80,21,-27
80,22,6
80,23,-5
80,24,-37
80,25,-60
80,26,-63
80,27,23
80,28,69
80,29,61
80,30,94
80,31,66
80,32,63
80,33,-54
80,34,-9
80,35,15
80,36,78
80,37,88
80,38,-66
80,39,69
80,40,-74
80,41,35
80,42,14
80,43,22
80,44,76
80,45,-17
80,46,-30
80,47,79
80,48,-96
80,49,96
80,50,-46
80,51,13
80,52,-91
80,53,-46
80,54,82
80,55,61
80,56,-46
80,57,-26
80,58,-15
80,59,-21
80,60,4
80,61,-40
80,62,52
80,63,24
80,64,-7
80,65,-38
80,66,-41
80,67,92
80,68,93
80,69,31
80,70,-5
80,71,-97
80,72,71
80,73,-73
80,74,78
80,75,-45
80,76,37
80,77,-96
80,78,-54
80,79,-87
80,80,-69
80,81,25
80,82,45
80,83,-26
80,84,-42
80,85,92
80,86,61
80,87,44
80,88,-18
80,89,5
80,90,36
80,91,-18
80,92,-70
80,93,4
80,94,-34
80,95,-39
80,96,-67
80,97,-55
80,98,52
80,99,69
80,100,-30
80,101,-69
80,102,74
80,103,-59
80,104,-15
80,105,77
80,106,-21
80,107,27
80,108,-86
80,109,30
80,110,49
80,111,-85
80,112,13
80,113,13
80,114,14
80,115,-48
80,116,65
80,117,-98
80,118,18
80,119,61
80,120,-30
80,121,-62
80,122,30
80,123,27
80,124,-16
80,125,-84
80,126,88
80,127,92
80,128,87
80,129,-57
80,130,18
80,131,-41
80,132,-17
80,133,30
80,134,71
80,135,87
80,136,51
80,137,66
80,138,-17
80,139,94
80,140,51
80,141,64
80,142,-100
80,143,-26
80,144,18
80,145,94
80,146,-53
80,147,46
80,148,-86
80,149,6
80,150,-73
80,151,88
80,152,-26
80,153,-11
80,154,-100
80,155,16
80,156,64
80,157,6
80,158,-33
80,159,-42
80,160,-8
80,161,82
80,162,80
80,163,-72
80,164,71
80,165,56
80,166,-73
80,167,-37
80,168,-68
80,169,-44
80,170,14
80,171,-71
80,172,75
80,173,-46
80,174,98
80,175,-56
80,176,98
80,177,12
80,178,78
80,179,-36
80,180,16
80,181,-86
80,182,-18
80,183,-40
80,184,-99
80,185,3
80,186,-47
80,187,81
80,188,22
80,189,-51
80,190,-33
80,191,26
80,192,29
80,193,-16
80,194,90
80,195,-64
80,196,-47
80,197,-60
80,198,60
80,199,93
80,200,-49
80,201,28
80,202,90
80,203,-1
80,204,78
80,205,-95
80,206,-58
80,207,49
80,208,52
80,209,-61
80,210,98
80,211,-30
80,212,64
80,213,-81
80,214,-6
80,215,73
80,216,-82
80,217,-11
80,218,15
80,219,77
80,220,-46
80,221,10
80,222,2
80,223,-87
80,224,24
80,225,-62
80,226,79
80,227,-58
80,228,73
80,229,70
80,230,-11
80,231,-36
80,232,79
80,233,97
80,234,31
80,235,-32
80,236,19
80,237,-4
80,238,65
80,239,-71
80,240,28
80,241,-94
80,242,62
80,243,-31
80,244,84
80,245,36
80,246,43
80,247,9
80,248,-60
80,249,96
80,250,-38
80,251,70
80,252,-85
80,253,-15
80,254,78
80,255,23
80,256,80
80,257,-74
80,258,65
80,259,-24
80,260,-12
80,261,-33
80,262,-80
80,263,32
80,264,11
80,265,82
80,266,-17
80,267,-59
80,268,29
80,269,61
80,270,-69
80,271,40
80,272,-97
80,273,-15
80,274,-17
80,275,-65
80,276,-5
80,277,88
80,278,-56
80,279,45
80,280,82
80,281,-55
80,282,-15
80,283,-72
80,284,-79
80,285,-95
80,286,43
80,287,4
80,288,-58
80,289,7
80,290,72
80,291,56
80,292,-69
80,293,-86
80,294,53
80,295,77
80,296,75
80,297,45
80,298,-1
80,299,-65
81,0,5
81,1,-78
81,2,86
81,3,52
81,4,-99
81,5,76
81,6,44
81,7,-33
81,8,13
81,9,37
81,10,-47
81,11,-63
81,12,10
81,13,45
81,14,43
81,15,44
81,16,44
81,17,93
81,18,-46
81,19,-47
81,20,57
81,21,-83
81,22,17
81,23,-9
81,24,-22
81,25,94
81,26,-67
81,27,-17
81,28,-46
81,29,-24
81,30,89
81,31,-50
81,32,-45
81,33,-13
81,34,52
81,35,70
81,36,6
81,37,72
81,38,-32
81,39,-91
81,40,-67
81,41,-38
81,42,89
81,43,88
81,44,-61
81,45,9
81,46,32
81,47,12
81,48,28
81,49,79
81,50,1
81,51,26
81,52,6
81,53,-69
81,54,83
81,55,79
81,56,21
81,57,-60
81,58,38
81,59,76
81,60,-51
81,61,43
81,62,34
81,63,-72
81,64,80
81,65,57
81,66,99
81,67,41
81,68,-42
81,69,-60
81,70,13
81,71,22
81,72,91
81,73,-40
81,74,96
81,75,-36
81,76,97
81,77,74
81,78,-96
81,79,-61
81,80,33
81,81,-57
81,82,13
81,83,-11
81,84,-3
81,85,-98
81,86,22
81,87,-29
81,88,33
81,89,-85
81,90,-77
81,91,84
81,92,45
81,93,-71
81,94,34
81,95,90
81,96,51
81,97,81
81,98,34
81,99,6
81,100,-68
81,101,-98
81,102,-50
81,103,-57
81,104,0
81,105,-32
81,106,20
81,107,85
81,108,-46
81,109,-82
81,110,-12
81,111,20
81,112,69
81,113,-30
81,114,-50
81,115,15
81,116,93
81,117,-42
81,118,-85
81,119,70
81,120,50
81,121,-55
81,122,61
81,123,-35
81,124,-82
81,125,81
81,126,55
81,127,66
81,128,-84
81,129,40
81,130,-24
81,131,-35
81,132,11
81,133,35
81,134,-22
81,135,-75
81,136,-83
81,137,-84
81,138,58
81,139,-4
81,140,92
81,141,-84
81,142,-52
81,143,39
81,144,35
81,145,-83
81,146,65
81,147,0
81,148,76
81,149,-82
81,150,84
81,151,19
81,152,-24
81,153,8
81,154,-20
81,155,-58
81,156,86
81,157,71
81,158,-85
81,159,11
81,160,-84
81,161,45
81,162,-32
81,163,-72
81,164,-48
81,165,52
81,166,-31
81,167,50
81,168,84
81,169,-35
81,170,36
81,171,13
81,172,74
81,173,8
81,174,94
81,175,33
81,176,98
81,177,-45
81,178,-43
81,179,90
81,180,-57
81,181,-58
81,182,8
81,183,-14
81,184,-34
81,185,-22
81,186,64
81,187,-43
81,188,-45
81,189,-82
81,190,70
81,191,-53
81,192,-84
81,193,14
81,194,-67
81,195,79
81,196,96
81,197,87
81,198,17
81,199,-9
81,200,-86
81,201,65
81,202,25
81,203,-79
81,204,12
81,205,-75
81,206,64
81,207,-78
81,208,25
81,209,-61
81,210,62
81,211,-6
81,212,9
81,213,-7
81,214,10
81,215,97
81,216,50
81,217,48
81,218,-32
81,219,79
81,220,37
81,221,8
81,222,-87
81,223,49
81,224,56
81,225,-7
81,226,-89
81,227,3
81,228,-54
81,229,26
81,230,73
81,231,-92
81,232,32
81,233,91
81,234,-11
81,235,-20
81,236,-44
81,237,93
81,238,-17
81,239,-16
81,240,-19
81,241,-94
81,242,-76
81,243,81
81,244,-8
81,245,-67
81,246,-98
81,247,89
81,248,-100
81,249,22
81,250,-96
81,251,20
81,252,0
81,253,67
81,254,12
81,255,-72
81,256,-18
81,257,-39
81,258,65
81,259,-23
81,260,67
81,261,67
81,262,7
81,263,-38
81,264,37
81,265,-26
81,266,-55
81,267,45
81,268,71
81,269,26
81,270,-41
81,271,57
81,272,-98
81,273,7
81,274,75
81,275,41
81,276,-58
81,277,-10
81,278,-54
81,279,8
81,280,-63
81,281,62
81,282,33
81,283,-98
81,284,-22
81,285,-24
81,286,-85
81,287,-78
81,288,80
81,289,-4
81,290,-45
81,291,39
81,292,27
81,293,-54
81,294,-97
81,295,24
81,296,-45
81,297,0
81,298,-80
81,299,-69
82,0,72
82,1,-89
82,2,0
82,3,-99
82,4,-79
82,5,-79
82,6,90
82,7,-47
82,8,-93
82,9,90
82,10,-50
82,11,-75
82,12,65
82,13,22
82,14,89
82,15,80
82,16,11
82,17,-10
82,18,63
82,19,26
82,20,73
82,21,1
82,22,99
82,23,-22
82,24,17
82,25,-84
82,26,-37
82,27,-97
82,28,89
82,29,48
82,30,-15
82,31,-62
82,32,-41
82,33,52
82,34,-71
82,35,9
82,36,-68
82,37,51
82,38,74
82,39,11
82,40,18
82,41,-91
82,42,-53
82,43,30
82,44,37
82,45,-60
82,46,-61
82,47,-60
82,48,-54
82,49,-94
82,50,-85
82,51,45
82,52,-3
82,53,-66
82,54,-6
82,55,99
82,56,-50
82,57,-60
82,58,17
82,59,-36
82,60,-11
82,61,-19
82,62,-56
82,63,-38
82,64,-72
82,65,63
82,66,-97
82,67,-84
82,68,65
82,69,-96
82,70,-3
82,71,11
82,72,-50
82,73,98
82,74,-61
82,75,44
82,76,98
82,77,66
82,78,-16
82,79,50
82,80,-53
82,81,86
82,82,-86
82,83,-42
82,84,7
82,85,-38
82,86,40
82,87,-41
82,88,-88
82,89,-50
82,90,51
82,91,-60
82,92,34
82,93,-69
82,94,15
82,95,63
82,96,-39
82,97,94
82,98,42
82,99,-68
82,100,-43
82,101,-58
82,102,31
82,103,-74
82,104,72
82,105,70
82,106,-30
82,107,-25
82,108,36
82,109,-26
82,110,13
82,111,-64
82,112,24
82,113,-38
82,114,-59
82,115,22
82,116,14
82,117,92
82,118,-51
82,119,30
82,120,-60
82,121,-77
82,122,-14
82,123,98
82,124,0
82,125,-42
82,126,-7
82,127,-2
82,128,52
82,129,94
82,130,-40
82,131,-33
82,132,79
82,133,-61
82,134,26
82,135,37
82,136,51
82,137,-6
82,138,-83
82,139,-5
82,140,82
82,141,-15
82,142,85
82,143,18
82,144,-9
82,145,57
82,146,-37
82,147,-35
82,148,-98
82,149,-90
82,150,-74
82,151,-60
82,152,-79
82,153,16
82,154,-18
82,155,1
82,156,86
82,157,80
82,158,51
82,159,94
82,160,-70
82,161,84
82,162,78
82,163,14
82,164,33
82,165,-25
82,166,78
82,167,-10
82,168,-43
82,169,56
82,170,57
82,171,35
82,172,-1
82,173,72
82,174,97
82,175,50
82,176,-79
82,177,74
82,178,80
82,179,-8
82,180,-32
82,181,21
82,182,68
82,183,25
82,184,9
82,185,23
82,186,65
82,187,34
82,188,95
82,189,-36
82,190,17
82,191,-7
82,192,5
82,193,51
82,194,-89
82,195,4
82,196,47
82,197,82
82,198,37
82,199,-98
82,200,64
82,201,61
82,202,5
82,203,88
82,204,-21
82,205,48
82,206,-6
82,207,95
82,208,-50
82,209,53
82,210,-2
82,211,-11
82,212,28
82,213,51
82,214,92
82,215,-92
82,216,-10
82,217,-46
82,218,-46
82,219,54
82,220,73
82,221,58
82,222,74
82,223,-43
82,224,81
82,225,54
82,226,-37
82,227,-81
82,228,17
82,229,-10
82,230,37
82,231,-84
82,232,-71
82,233,-10
82,234,55
82,235,-62
82,236,40
82,237,-81
82,238,-61
82,239,-90
82,240,70
82,241,8
82,242,-12
82,243,35
82,244,47
82,245,-80
82,246,95
82,247,-78
82,248,96
82,249,52
82,250,-24
82,251,76
82,252,85
82,253,-22
82,254,94
82,255,-49
82,256,64
82,257,85
82,258,-11
82,259,-100
82,260,53
82,261,-71
82,262,10
82,263,30
82,264,94
82,265,32
82,266,-69
82,267,-67
82,268,-84
82,269,62
82,270,-44
82,271,8
82,272,88
82,273,-1
82,274,-22
82,275,24
82,276,-28
82,277,-88
82,278,36
82,279,-34
82,280,-36
82,281,-68
82,282,-18
82,283,-8
82,284,-96
82,285,-66
82,286,-40
82,287,29
82,288,87
82,289,99
82,290,-6
82,291,-73
82,292,21
82,293,-12
82,294,88
82,295,-28
82,296,43
82,297,67
82,298,9
82,299,-92
83,0,-88
83,1,-56
83,2,-95
83,3,-75
83,4,-60
83,5,-91
83,6,-31
83,7,91
83,8,-21
83,9,53
83,10,-16
83,11,29
83,12,23
83,13,56
83,14,-74
83,15,7
83,16,11
83,17,20
83,18,-87
83,19,80
83,20,44
83,21,-63
83,22,-83
83,23,-20
83,24,-39
83,25,57
83,26,17
83,27,24
83,28,-76
83,29,-10
83,30,-74
83,31,-65
83,32,78
83,33,42
83,34,-55
83,35,90
83,36,-71
83,37,-83
83,38,21
83,39,32
83,40,93
83,41,23
83,42,98
83,43,-18
83,44,-37
83,45,-8
83,46,36
83,47,27
83,48,81
83,49,63
83,50,97
83,51,15
83,52,45
83,53,24
83,54,24
83,55,76
83,56,43
83,57,-80
83,58,-43
83,59,77
83,60,-38
83,61,-98
83,62,-19
83,63,-19
83,64,44
83,65,-2
83,66,-11
83,67,97
83,68,-15
83,69,20
83,70,-18
83,71,-56
83,72,-10
83,73,20
83,74,-32
83,75,-15
83,76,1
83,77,76
83,78,90
83,79,83
83,80,19
83,81,-93
83,82,-88
83,83,77
83,84,6
83,85,15
83,86,65
83,87,-62
83,88,64
83,89,-40
83,90,-47
83,91,-21
83,92,55
83,93,6
83,94,-53
83,95,25
83,96,62
83,97,26
83,98,45
83,99,-45
83,100,68
83,101,-47
83,102,29
83,103,48
83,104,-42
83,105,80
83,106,-70
83,107,57
83,108,-97
83,109,72
83,110,-88
83,111,-25
83,112,67
83,113,74
83,114,-25
83,115,-38
83,116,-72
83,117,28
83,118,39
83,119,54
83,120,5
83,121,-50
83,122,25
83,123,-90
83,124,-19
83,125,87
83,126,-40
83,127,-41
83,128,-46
83,129,67
83,130,68
83,131,58
83,132,47
83,133,-92
83,134,41
83,135,89
83,136,19
83,137,10
83,138,-55
83,139,-61
83,140,-24
83,141,85
83,142,66
83,143,48
83,144,-91
83,145,57
83,146,45
83,147,-85
83,148,-61
83,149,-80
83,150,-7
83,151,12
83,152,58
83,153,-8
83,154,85
83,155,-2
83,156,-30
83,157,55
83,158,-36
83,159,11
83,160,-16
83,161,54
83,162,85
83,163,23
83,164,10
83,165,-79
83,166,69
83,167,-17
83,168,9
83,169,40
83,170,64
83,171,-88
83,172,-29
83,173,56
83,174,60
83,175,18
83,176,-46
83,177,-70
83,178,0
83,179,90
83,180,70
83,181,53
83,182,-96
83,183,-24
83,184,-65
83,185,-55
83,186,-69
83,187,-35
83,188,-95
83,189,-81
83,190,59
83,191,26
83,192,4
83,193,-66
83,194,6
83,195,62
83,196,-79
83,197,-83
83,198,78
83,199,51
83,200,64
83,201,-40
83,202,-5
83,203,-1
83,204,-51
83,205,-99
83,206,-11
83,207,98
83,208,-48
83,209,-18
83,210,-100
83,211,-49
83,212,18
83,213,70
83,214,90
83,215,-16
83,216,-95
83,217,-4
83,218,76
83,219,32
83,220,59
83,221,54
83,222,44
83,223,-72
83,224,2
83,225,-78
83,226,58
83,227,98
83,228,69
83,229,-41
83,230,-59
83,231,-71
83,232,82
83,233,-91
83,234,72
83,235,-88
83,236,48
83,237,72
83,238,-11
83,239,-19
83,240,-13
83,241,-100
83,242,-71
83,243,-59
83,244,-12
83,245,-58
83,246,40
83,247,-78
83,248,21
83,249,-99
83,250,-24
83,251,-100
83,252,34
83,253,-84
83,254,40
83,255,-4
83,256,-91
83,257,30
83,258,-13
83,259,-84
83,260,-2
83,261,-34
83,262,-70
83,263,-10
83,264,46
83,265,-21
83,266,-12
83,267,56
83,268,65
83,269,42
83,270,62
83,271,-36
83,272,61
83,273,-30
83,274,28
83,275,74
83,276,57
83,277,2
83,278,61
83,279,72
83,280,45
83,281,-75
83,282,47
83,283,-75
83,284,62
83,285,66
83,286,-99
83,287,-87
83,288,44
83,289,-85
83,290,-41
83,291,55
83,292,-33
83,293,95
83,294,81
83,295,79
83,296,87
83,297,-34
83,298,-80
83,299,0
84,0,20
84,1,8
84,2,-7
84,3,14
84,4,41
84,5,-28
84,6,28
84,7,71
84,8,44
84,9,64
84,10,-10
84,11,-32
84,12,-13
84,13,72
84,14,66
84,15,35
84,16,-89
84,17,43
84,18,71
84,19,17
84,20,-8
84,21,-3
84,22,0
84,23,-15
84,24,-44
84,25,1
84,26,87
84,27,85
84,28,-68
84,29,-63
84,30,53
84,31,96
84,32,-40
84,33,18
84,34,46
84,35,-29
84,36,-69
84,37,-89
84,38,27
84,39,54
84,40,-51
84,41,-81
84,42,5
84,43,-45
84,44,6
84,45,15
84,46,83
84,47,88
84,48,-29
84,49,34
84,50,-83
84,51,-66
84,52,89
84,53,69
84,54,-19
84,55,-42
84,56,69
84,57,-94
84,58,-4
84,59,93
84,60,-71
84,61,13
84,62,-31
84,63,36
84,64,5
84,65,-33
84,66,-66
84,67,59
84,68,60
84,69,-82
84,70,17
84,71,-63
84,72,-80
84,73,-47
84,74,40
84,75,-47
84,76,-33
84,77,89
84,78,-98
84,79,-81
84,80,5
84,81,61
84,82,94
84,83,-9
84,84,-9
84,85,-64
84,86,-100
84,87,59
84,88,80
84,89,-53
84,90,10
84,91,-24
84,92,98
84,93,-91
84,94,-68
84,95,21
84,96,58
84,97,30
84,98,21
84,99,-85
84,100,78
84,101,86
84,102,41
84,103,-2
84,104,98
84,105,52
84,106,65
84,107,-46
84,108,47
84,109,99
84,110,-54
84,111,37
84,112,-73
84,113,42
84,114,24
84,115,-98
84,116,44
84,117,74
84,118,82
84,119,-82
84,120,-94
84,121,-2
84,122,-61
84,123,-53
84,124,-99
84,125,39
84,126,19
84,127,42
84,128,-79
84,129,-51
84,130,-61
84,131,-95
84,132,-43
84,133,42
84,134,32
84,135,-37
84,136,-31
84,137,12
84,138,75
84,139,29
84,140,-67
84,141,-60
84,142,37
84,143,76
84,144,-11
84,145,75
84,146,69
84,147,-69
84,148,28
84,149,-74
84,150,-19
84,151,22
84,152,77
84,153,89
84,154,-77
84,155,67
84,156,-1
84,157,91
84,158,5
84,159,-87
84,160,29
84,161,-7
84,162,-98
84,163,13
84,164,-33
84,165,-40
84,166,30
84,167,-43
84,168,-1
84,169,79
84,170,-41
84,171,-81
84,172,89
84,173,-15
84,174,-96
84,175,56
84,176,-18
84,177,51
84,178,-6
84,179,-76
84,180,-40
84,181,79
84,182,-1
84,183,76
84,184,66
84,185,-90
84,186,-46
84,187,19
84,188,-97
84,189,89
84,190,77
84,191,85
84,192,-78
84,193,-14
84,194,54
84,195,-86
84,196,-23
84,197,-99
84,198,-28
84,199,87
84,200,98
84,201,94
84,202,71
84,203,75
84,204,-34
84,205,63
84,206,-6
84,207,5
84,208,-86
84,209,9
84,210,61
84,211,62
84,212,-65
84,213,-35
84,214,90
84,215,23
84,216,-14
84,217,-20
84,218,-77
84,219,-39
84,220,-5
84,221,87
84,222,74
84,223,28
84,224,51
84,225,94
84,226,40
84,227,-77
84,228,-67
84,229,9
84,230,76
84,231,-23
84,232,52
84,233,-54
84,234,-54
84,235,-2
84,236,-52
84,237,-3
84,238,-55
84,239,-73
84,240,-62
84,241,47
84,242,-100
84,243,68
84,244,-82
84,245,31
84,246,43
84,247,-48
84,248,-2
84,249,91
84,250,50
84,251,87
84,252,-50
84,253,8
84,254,-32
84,255,90
84,256,-65
84,257,-90
84,258,81
84,259,-26
84,260,43
84,261,-77
84,262,57
84,263,78
84,264,-67
84,265,-74
84,266,-100
84,267,34
84,268,-71
84,269,65
84,270,11
84,271,-76
84,272,79
84,273,-65
84,274,27
84,275,64
84,276,-76
84,277,-13
84,278,73
84,279,88
84,280,36
84,281,-82
84,282,19
84,283,15
84,284,-62
84,285,-66
84,286,-52
84,287,68
84,288,19
84,289,61
84,290,-40
84,291,88
84,292,-34
84,293,-7
84,294,70
84,295,-13
84,296,94
84,297,65
84,298,-91
84,299,-40
85,0,32
85,1,-67
85,2,5
85,3,75
85,4,57
85,5,-13
85,6,-83
85,7,-59
85,8,64
85,9,67
85,10,99
85,11,-97
85,12,-61
85,13,0
85,14,49
85,15,89
85,16,42
85,17,55
85,18,-37
85,19,-3
85,20,-95
85,21,-39
85,22,38
85,23,-31
85,24,-48
85,25,87
85,26,37
85,27,-23
85,28,51
85,29,-49
85,30,-91
85,31,-49
85,32,1
85,33,27
85,34,78
85,35,60
85,36,63
85,37,-41
85,38,34
85,39,-27
85,40,6
85,41,-61
85,42,-89
85,43,-34
85,44,-3
85,45,-89
85,46,-41
85,47,-41
85,48,10
85,49,-89
85,50,-53
85,51,-49
85,52,45
85,53,-60
85,54,-78
85,55,-24
85,56,17
85,57,23
85,58,28
85,59,-47
85,60,-6
85,61,8
85,62,-37
85,63,82
85,64,85
85,65,59
85,66,-17
85,67,87
85,68,-11
85,69,86
85,70,-93
85,71,79
85,72,87
85,73,-22
85,74,-13
85,75,-79
85,76,5
85,77,61
85,78,-10
85,79,-52
85,80,-92
85,81,63
85,82,36
85,83,14
85,84,-6
85,85,14
85,86,99
85,87,-53
85,88,71
85,89,-72
85,90,-85
85,91,17
85,92,-41
85,93,52
85,94,37
85,95,-55
85,96,61
85,97,-62
85,98,-59
85,99,-74
85,100,-72
85,101,-11
85,102,-12
85,103,-52
85,104,-1
85,105,53
85,106,-57
85,107,86
85,108,-51
85,109,-24
85,110,93
85,111,74
85,112,54
85,113,-67
85,114,2
85,115,21
85,116,-15
85,117,57
85,118,33
85,119,-50
85,120,74
85,121,-87
85,122,1
85,123,-56
85,124,55
85,125,26
85,126,-7
85,127,68
85,128,17
85,129,69
85,130,-23
85,131,-96
85,132,-45
85,133,21
85,134,-14
85,135,95
85,136,-38
85,137,4
85,138,4
85,139,58
85,140,-58
85,141,-57
85,142,76
85,143,-54
85,144,10
85,145,79
85,146,-24
85,147,-53
85,148,-24
85,149,-63
85,150,-93
85,151,96
85,152,-49
85,153,-48
85,154,-31
85,155,-8
85,156,46
85,157,39
85,158,-92
85,159,-84
85,160,-38
85,161,65
85,162,27
85,163,70
85,164,-45
85,165,41
85,166,-79
85,167,-43
85,168,-41
85,169,-19
85,170,-86
85,171,-72
85,172,81
85,173,58
85,174,-74
85,175,-30
85,176,-9
85,177,58
85,178,-65
85,179,57
85,180,-10
85,181,44
85,182,-8
85,183,72
85,184,-36
85,185,34
85,186,-8
85,187,-95
85,188,-71
85,189,79
85,190,95
85,191,-28
85,192,-79
85,193,25
85,194,-84
85,195,40
85,196,69
85,197,0
85,198,93
85,199,39
85,200,-93
85,201,1
85,202,42
85,203,66
85,204,83
85,205,-49
85,206,61
85,207,-9
85,208,92
85,209,-88
85,210,80
85,211,-77
85,212,-78
85,213,7
85,214,54
85,215,64
85,216,-92
85,217,2
85,218,-54
85,219,-74
85,220,48
85,221,-1
85,222,63
85,223,-92
85,224,-62
85,225,-52
85,226,72
85,227,38
85,228,-91
85,229,-14
85,230,52
85,231,-28
85,232,43
85,233,-51
85,234,88
85,235,45
85,236,77
85,237,-26
85,238,-56
85,239,-82
85,240,65
85,241,-50
85,242,-36
85,243,-100
85,244,-60
85,245,46
85,246,61
85,247,38
85,248,11
85,249,-80
85,250,69
85,251,23
85,252,92
85,253,83
85,254,98
85,255,-15
85,256,37
85,257,43
85,258,-78
85,259,-25
85,260,68
85,261,45
85,262,20
85,263,9
85,264,-100
85,265,-51
85,266,-66
85,267,50
85,268,55
85,269,12
85,270,72
85,271,19
85,272,-61
85,273,72
85,274,-40
85,275,-33
85,276,-12
85,277,-42
85,278,-11
85,279,-61
85,280,-76
85,281,-43
85,282,47
85,283,7
85,284,-11
85,285,32
85,286,-85
85,287,-1
85,288,48
85,289,-48
85,290,93
85,291,54
85,292,-59
85,293,73
85,294,-55
85,295,93
85,296,-43
85,297,-69
85,298,47
85,299,-37
86,0,-45
86,1,49
86,2,-51
86,3,14
86,4,51
86,5,9
86,6,60
86,7,-62
86,8,-70
86,9,-87
86,10,-59
86,11,-34
86,12,69
86,13,7
86,14,-37
86,15,-47
86,16,-93
86,17,-53
86,18,42
86,19,-28
86,20,-60
86,21,-20
86,22,10
86,23,19
86,24,14
86,25,18
86,26,93
86,27,75
86,28,-71
86,29,-3
86,30,87
86,31,-73
86,32,-70
86,33,-82
86,34,-41
86,35,32
86,36,-49
86,37,-53
86,38,-97
86,39,90
86,40,41
86,41,50
86,42,-14
86,43,-78
86,44,43
86,45,-92
86,46,-93
86,47,54
86,48,4
86,49,-33
86,50,-89
86,51,-76
86,52,18
86,53,-9
86,54,79
86,55,-8
86,56,19
86,57,-11
86,58,-34
86,59,92
86,60,-40
86,61,-29
86,62,-82
86,63,-5
86,64,-11
86,65,-16
86,66,97
86,67,-23
86,68,-48
86,69,9
86,70,15
86,71,97
86,72,-47
86,73,67
86,74,-22
86,75,-56
86,76,59
86,77,-8
86,78,-28
86,79,-11
86,80,-95
86,81,87
86,82,56
86,83,-46
86,84,10
86,85,84
86,86,12
86,87,-46
86,88,-68
86,89,15
86,90,-46
86,91,-73
86,92,-100
86,93,40
86,94,-6
86,95,22
86,96,52
86,97,-8
86,98,89
86,99,-97
86,100,83
86,101,-44
86,102,-15
86,103,69
86,104,98
86,105,53
86,106,-90
86,107,-77
86,108,31
86,109,-75
86,110,-46
86,111,-72
86,112,4
86,113,49
86,114,-3
86,115,51
86,116,-5
86,117,74
86,118,-36
86,119,89
86,120,26
86,121,-62
86,122,23
86,123,15
86,124,27
86,125,-34
86,126,51
86,127,-10
86,128,33
86,129,-52
86,130,69
86,131,-8
86,132,41
86,133,32
86,134,89
86,135,-27
86,136,-45
86,137,72
86,138,82
86,139,32
86,140,1
86,141,53
86,142,-63
86,143,17
86,144,86
86,145,23
86,146,85
86,147,-1
86,148,-62
86,149,18
86,150,69
86,151,43
86,152,53
86,153,34
86,154,11
86,155,72
86,156,76
86,157,-93
86,158,-24
86,159,-95
86,160,-42
86,161,38
86,162,13
86,163,-29
86,164,-38
86,165,-94
86,166,81
86,167,-100
86,168,-7
86,169,88
86,170,13
86,171,39
86,172,-98
86,173,39
86,174,30
86,175,-57
86,176,24
86,177,-37
86,178,-75
86,179,70
86,180,13
86,181,65
86,182,78
86,183,-82
86,184,47
86,185,-52
86,186,-81
86,187,59
86,188,-94
86,189,-64
86,190,6
86,191,74
86,192,-83
86,193,69
86,194,-40
86,195,7
86,196,-55
86,197,-49
86,198,-39
86,199,-79
86,200,55
86,201,89
86,202,14
86,203,29
86,204,51
86,205,67
86,206,64
86,207,64
86,208,63
86,209,3
86,210,47
86,211,-47
86,212,8
86,213,2
86,214,-64
86,215,-18
86,216,-70
86,217,75
86,218,-24
86,219,-86
86,220,57
86,221,-52
86,222,75
86,223,-96
86,224,-44
86,225,-73
86,226,14
86,227,33
86,228,15
86,229,53
86,230,-12
86,231,-89
86,232,57
86,233,-33
86,234,-45
86,235,10
86,236,63
86,237,93
86,238,66
86,239,86
86,240,-100
86,241,90
86,242,92
86,243,-45
86,244,-5
86,245,-39
86,246,-5
86,247,-32
86,248,5
86,249,-97
86,250,-70
86,251,-34
86,252,93
86,253,-34
86,254,7
86,255,92
86,256,-78
86,257,8
86,258,-100
86,259,46
86,260,90
86,261,-28
86,262,45
86,263,23
86,264,-17
86,265,76
86,266,73
86,267,-1
86,268,-50
86,269,-32
86,270,-77
86,271,-18
86,272,5
86,273,25
86,274,-59
86,275,52
86,276,81
86,277,-45
86,278,43
86,279,61
86,280,-61
86,281,-34
86,282,28
86,283,13
86,284,-70
86,285,0
86,286,-63
86,287,55
86,288,23
86,289,-25
86,290,-72
86,291,7
86,292,-12
86,293,-56
86,294,2
86,295,-11
86,296,-72
86,297,44
86,298,15
86,299,-82
87,0,-88
87,1,54
87,2,-18
87,3,-21
87,4,-29
87,5,-48
87,6,82
87,7,-4
87,8,44
87,9,-22
87,10,57
87,11,30
87,12,-84
87,13,-87
87,14,-86
87,15,11
87,16,-12
87,17,92
87,18,-11
87,19,2
87,20,-7
87,21,61
87,22,38
87,23,38
87,24,-54
87,25,-83
87,26,-51
87,27,1
87,28,-33
87,29,-62
87,30,-83
87,31,28
87,32,73
87,33,28
87,34,98
87,35,-44
87,36,51
87,37,-46
87,38,34
87,39,39
87,40,-92
87,41,77
87,42,-90
87,43,-28
87,44,89
87,45,64
87,46,-29
87,47,-39
87,48,36
87,49,38
87,50,-58
87,51,40
87,52,-94
87,53,-65
87,54,-41
87,55,-44
87,56,21
87,57,-82
87,58,75
87,59,-8
87,60,-10
87,61,14
87,62,-88
87,63,-79
87,64,-29
87,65,83
87,66,-11
87,67,81
87,68,63
87,69,-58
87,70,-83
87,71,67
87,72,-93
87,73,93
87,74,-64
87,75,-48
87,76,88
87,77,-5
87,78,15
87,79,68
87,80,-75
87,81,78
87,82,28
87,83,-92
87,84,24
87,85,-72
87,86,-45
87,87,60
87,88,14
87,89,37
87,90,-42
87,91,-31
87,92,15
87,93,64
87,94,41
87,95,85
87,96,-42
87,97,60
87,98,-22
87,99,94
87,100,-29
87,101,-40
87,102,12
87,103,28
87,104,47
87,105,46
87,106,-64
87,107,89
87,108,30
87,109,59
87,110,72
87,111,89
87,112,82
87,113,-42
87,114,40
87,115,36
87,116,4
87,117,-88
87,118,39
87,119,-49
87,120,55
87,121,-96
87,122,69
87,123,-15
87,124,14
87,125,53
87,126,60
87,127,-84
87,128,-81
87,129,-3
87,130,30
87,131,-33
87,132,-32
87,133,-85
87,134,-97
87,135,-3
87,136,61
87,137,-66
87,138,-62
87,139,77
87,140,26
87,141,-56
87,142,-10
87,143,-20
87,144,-11
87,145,-89
87,146,-9
87,147,20
87,148,60
87,149,-81
87,150,45
87,151,-97
87,152,-92
87,153,-61
87,154,-97
87,155,-95
87,156,39
87,157,28
87,158,-16
87,159,1
87,160,-72
87,161,-47
87,162,-98
87,163,49
87,164,87
87,165,89
87,166,-55
87,167,-45
87,168,-82
87,169,57
87,170,57
87,171,-27
87,172,92
87,173,-30
87,174,55
87,175,-20
87,176,60
87,177,-65
87,178,88
87,179,-2
87,180,94
87,181,69
87,182,-28
87,183,-72
87,184,25
87,185,6
87,186,44
87,187,22
87,188,65
87,189,67
87,190,-84
87,191,7
87,192,-27
87,193,56
87,194,50
87,195,17
87,196,-25
87,197,19
87,198,-21
87,199,48
87,200,-100
87,201,0
87,202,-34
87,203,27
87,204,-45
87,205,22
87,206,21
87,207,-89
87,208,88
87,209,-82
87,210,92
87,211,-23
87,212,86
87,213,44
87,214,-97
87,215,1
87,216,48
87,217,-36
87,218,30
87,219,-43
87,220,39
87,221,-33
87,222,-37
87,223,99
87,224,17
87,225,80
87,226,-48
87,227,0
87,228,-100
87,229,1
87,230,57
87,231,69
87,232,-50
87,233,45
87,234,-33
87,235,71
87,236,97
87,237,35
87,238,-76
87,239,-75
87,240,14
87,241,-41
87,242,-90
87,243,-21
87,244,18
87,245,-84
87,246,-41
87,247,-16
87,248,-7
87,249,-85
87,250,-3
87,251,-68
87,252,-55
87,253,-64
87,254,30
87,255,56
87,256,-16
87,257,-80
87,258,-25
87,259,68
87,260,-90
87,261,56
87,262,44
87,263,67
87,264,-18
87,265,-10
87,266,25
87,267,-31
87,268,48
87,269,31
87,270,-46
87,271,10
87,272,-16
87,273,-38
87,274,-54
87,275,-33
87,276,-96
87,277,-57
87,278,83
87,279,-45
87,280,75
87,281,86
87,282,-48
87,283,4
87,284,-35
87,285,18
87,286,-97
87,287,-19
87,288,23
87,289,47
87,290,-48
87,291,-95
87,292,-9
87,293,67
87,294,-29
87,295,55
87,296,32
87,297,-96
87,298,76
87,299,-46
88,0,-86
88,1,-30
88,2,39
88,3,35
88,4,76
88,5,3
88,6,-78
88,7,-92
88,8,80
88,9,-14
88,10,86
88,11,-83
88,12,20
88,13,82
88,14,-20
88,15,88
88,16,13
88,17,-60
88,18,-25
88,19,-81
88,20,88
88,21,98
88,22,46
88,23,16
88,24,19
88,25,-13
88,26,-12
88,27,53
88,28,51
88,29,-98
88,30,23
88,31,27
88,32,-4
88,33,-88
88,34,60
88,35,63
88,36,62
88,37,-50
88,38,-100
88,39,37
88,40,-95
88,41,-70
88,42,22
88,43,-82
88,44,-51
88,45,-54
88,46,17
88,47,-30
88,48,-60
88,49,21
88,50,10
88,51,30
88,52,6
88,53,93
88,54,-2
88,55,23
88,56,91
88,57,-12
88,58,-35
88,59,41
88,60,97
88,61,-74
88,62,78
88,63,52
88,64,85
88,65,79
88,66,-40
88,67,89
88,68,-63
88,69,92
88,70,-88
88,71,41
88,72,73
88,73,32
88,74,-76
88,75,-70
88,76,-74
88,77,84
88,78,57
88,79,78
88,80,50
88,81,33
88,82,54
88,83,-85
88,84,2
88,85,9
88,86,-32
88,87,50
88,88,22
88,89,90
88,90,-57
88,91,-9
88,92,6
88,93,81
88,94,-51
88,95,-100
88,96,-29
88,97,-68
88,98,-75
88,99,-48
88,100,-8
88,101,93
88,102,-21
88,103,60
88,104,-87
88,105,49
88,106,-81
88,107,25
88,108,-55
88,109,4
88,110,-91
88,111,-2
88,112,-18
88,113,98
88,114,61
88,115,30
88,116,-13
88,117,23
88,118,64
88,119,-77
88,120,40
88,121,-63
88,122,42
88,123,-58
88,124,27
88,125,-72
88,126,16
88,127,81
88,128,-39
88,129,92
88,130,-17
88,131,-6
88,132,-33
88,133,38
88,134,35
88,135,54
88,136,-96
88,137,-29
88,138,63
88,139,94
88,140,-21
88,141,-83
88,142,-5
88,143,63
88,144,77
88,145,74
88,146,-72
88,147,12
88,148,-15
88,149,74
88,150,26
88,151,-22
88,152,14
88,153,-29
88,154,-91
88,155,3
88,156,97
88,157,-8
88,158,-69
88,159,-2
88,160,56
88,161,77
88,162,-23
88,163,45
88,164,-56
88,165,51
88,166,-31
88,167,-42
88,168,-67
88,169,-56
88,170,63
88,171,-66
88,172,-67
88,173,95
88,174,1
88,175,-6
88,176,53
88,177,-76
88,178,0
88,179,-32
88,180,94
88,181,56
88,182,-21
88,183,-47
88,184,-85
88,185,-20
88,186,96
88,187,-88
88,188,-34
88,189,-97
88,190,57
88,191,-41
88,192,-57
88,193,63
88,194,-94
88,195,24
88,196,49
88,197,31
88,198,20
88,199,-15
88,200,70
88,201,-83
88,202,-79
88,203,-53
88,204,54
88,205,-22
88,206,57
88,207,3
88,208,-70
88,209,24
88,210,34
88,211,41
88,212,-72
88,213,59
88,214,51
88,215,-40
88,216,-29
88,217,61
88,218,-20
88,219,-70
88,220,-69
88,221,-52
88,222,2
88,223,16
88,224,-43
88,225,57
88,226,63
88,227,5
88,228,-26
88,229,-9
88,230,18
88,231,86
88,232,41
88,233,84
88,234,50
88,235,85
88,236,3
88,237,-42
88,238,-27
88,239,64
88,240,-49
88,241,77
88,242,21
88,243,30
88,244,-74
88,245,-6
88,246,-90
88,247,40
88,248,-4
88,249,6
88,250,91
88,251,79
88,252,-13
88,253,-96
88,254,-20
88,255,-11
88,256,-79
88,257,6
88,258,78
88,259,18
88,260,37
88,261,-10
88,262,11
88,263,-71
88,264,12
88,265,-74
88,266,90
88,267,-95
88,268,20
88,269,71
88,270,51
88,271,-19
88,272,74
88,273,-44
88,274,-83
88,275,-64
88,276,91
88,277,-81
88,278,-50
88,279,-60
88,280,30
88,281,16
88,282,-79
88,283,6
88,284,55
88,285,-10
88,286,5
88,287,83
88,288,-55
88,289,18
88,290,-42
88,291,81
88,292,63
88,293,72
88,294,17
88,295,-55
88,296,-15
88,297,7
88,298,-21
88,299,28
89,0,-5
89,1,53
89,2,-53
89,3,66
89,4,-78
89,5,1
89,6,-90
89,7,66
89,8,-43
89,9,3
89,10,53
89,11,87
89,12,-91
89,13,99
89,14,-61
89,15,-93
89,16,-62
89,17,57
89,18,62
89,19,13
89,20,-10
89,21,91
89,22,44
89,23,-78
89,24,95
89,25,-88
89,26,-83
89,27,-84
89,28,-19
89,29,-38
89,30,-22
89,31,-28
89,32,34
89,33,41
89,34,72
89,35,-27
89,36,26
89,37,33
89,38,54
89,39,62
89,40,19
89,41,-52
89,42,83
89,43,52
89,44,-62
89,45,73
89,46,-84
89,47,34
89,48,22
89,49,-100
89,50,86
89,51,-44
89,52,39
89,53,97
89,54,39
89,55,-90
89,56,8
89,57,-36
89,58,-53
89,59,25
89,60,-5
89,61,54
89,62,70
89,63,-85
89,64,51
89,65,-53
89,66,-27
89,67,-63
89,68,-37
89,69,40
89,70,36
89,71,-72
89,72,-62
89,73,36
89,74,93
89,75,1
89,76,-70
89,77,-6
89,78,21
89,79,99
89,80,-13
89,81,73
89,82,-33
89,83,-40
89,84,46
89,85,92
89,86,-85
89,87,16
89,88,-42
89,89,-69
89,90,-95
89,91,-57
89,92,72
89,93,19
89,94,14
89,95,89
89,96,-86
89,97,23
89,98,-54
89,99,-81
89,100,-61
89,101,-73
89,102,-70
89,103,75
89,104,48
89,105,-47
89,106,72
89,107,23
89,108,82
89,109,-74
89,110,54
89,111,43
89,112,20
89,113,92
89,114,-13
89,115,-66
89,116,86
89,117,-94
89,118,77
89,119,4
89,120,73
89,121,4
89,122,43
89,123,47
89,124,-1
89,125,37
89,126,72
89,127,-33
89,128,-52
89,129,46
89,130,-69
89,131,-73
89,132,66
89,133,-23
89,134,71
89,135,-73
89,136,23
89,137,-22
89,138,76
89,139,-89
89,140,-53
89,141,-34
89,142,17
89,143,24
89,144,-11
89,145,94
89,146,16
89,147,46
89,148,-16
89,149,61
89,150,-82
89,151,-1
89,152,54
89,153,93
89,154,11
89,155,19
89,156,99
89,157,43
89,158,-74
89,159,78
89,160,-11
89,161,70
89,162,82
89,163,55
89,164,-68
89,165,5
89,166,66
89,167,42
89,168,-53
89,169,-54
89,170,84
89,171,-21
89,172,88
89,173,-6
89,174,82
89,175,67
89,176,-6
89,177,0
89,178,67
89,179,43
89,180,-7
89,181,-31
89,182,62
89,183,11
89,184,-55
89,185,-36
89,186,58
89,187,24
89,188,-36
89,189,-42
89,190,-45
89,191,85
89,192,72
89,193,46
89,194,-82
89,195,-50
89,196,0
89,197,-98
89,198,13
89,199,8
89,200,-52
89,201,-62
89,202,14
89,203,53
89,204,56
89,205,-79
89,206,-41
89,207,59
89,208,87
89,209,-84
89,210,13
89,211,-13
89,212,35
89,213,-28
89,214,93
89,215,36
89,216,13
89,217,-59
89,218,80
89,219,-95
89,220,-34
89,221,28
89,222,-68
89,223,53
89,224,-27
89,225,-8
89,226,51
89,227,-77
89,228,79
89,229,26
89,230,-3
89,231,-73
89,232,-72
89,233,34
89,234,60
89,235,27
89,236,91
89,237,-38
89,238,-73
89,239,-100
89,240,-63
89,241,74
89,242,-42
89,243,-30
89,244,63
89,245,76
89,246,96
89,247,-48
89,248,-64
89,249,-45
89,250,59
89,251,91
89,252,-79
89,253,1
89,254,54
89,255,-61
89,256,80
89,257,-60
89,258,78
89,259,66
89,260,84
89,261,93
89,262,63
89,263,-19
89,264,-81
89,265,-74
89,266,-64
89,267,28
89,268,43
89,269,80
89,270,70
89,271,93
89,272,3
89,273,9
89,274,-42
89,275,-94
89,276,-18
89,277,0
89,278,-25
89,279,60
89,280,6
89,281,34
89,282,-38
89,283,86
89,284,-22
89,285,-94
89,286,-78
89,287,-71
89,288,-72
89,289,-25
89,290,-23
89,291,-44
89,292,-51
89,293,73
89,294,32
89,295,-76
89,296,34
89,297,62
89,298,-24
89,299,12
90,0,14
90,1,52
90,2,-48
90,3,69
90,4,15
90,5,72
90,6,-5
90,7,85
90,8,70
90,9,-78
90,10,75
90,11,-81
90,12,10
90,13,97
90,14,15
90,15,-96
90,16,32
90,17,2
90,18,-21
90,19,93
90,20,-46
90,21,-12
90,22,-94
90,23,-34
90,24,-1
90,25,-92
90,26,18
90,27,-74
90,28,-25
90,29,80
90,30,-66
90,31,94
90,32,45
90,33,-7
90,34,6
90,35,-39
90,36,-69
90,37,50
90,38,-10
90,39,42
90,40,-5
90,41,-76
90,42,-6
90,43,18
90,44,90
90,45,71
90,46,22
90,47,4
90,48,-4
90,49,32
90,50,74
90,51,83
90,52,-52
90,53,-60
90,54,30
90,55,31
90,56,93
90,57,51
90,58,44
90,59,9
90,60,53
90,61,76
90,62,73
90,63,-33
90,64,-92
90,65,67
90,66,97
90,67,28
90,68,-44
90,69,-61
90,70,-79
90,71,25
90,72,63
90,73,-99
90,74,-92
90,75,93
90,76,78
90,77,-12
90,78,16
90,79,-80
90,80,41
90,81,-14
90,82,6
90,83,79
90,84,20
90,85,63
90,86,76
90,87,78
90,88,-75
90,89,-84
90,90,-71
90,91,-5
90,92,-76
90,93,72
90,94,-23
90,95,62
90,96,99
90,97,47
90,98,-63
90,99,-17
90,100,-74
90,101,-90
90,102,-70
90,103,79
90,104,68
90,105,-19
90,106,-84
90,107,22
90,108,-27
90,109,74
90,110,80
90,111,-99
90,112,-23
90,113,-32
90,114,-37
90,115,27
90,116,-77
90,117,-83
90,118,88
90,119,85
90,120,86
90,121,-34
90,122,95
90,123,4
90,124,-57
90,125,1
90,126,-89
90,127,-67
90,128,-15
90,129,48
90,130,91
90,131,-37
90,132,-51
90,133,-6
90,134,-22
90,135,39
90,136,32
90,137,28
90,138,-72
90,139,9
90,140,-60
90,141,-4
90,142,-97
90,143,27
90,144,-91
90,145,2
90,146,-57
90,147,5
90,148,-18
90,149,-39
90,150,-89
90,151,32
90,152,-74
90,153,80
90,154,-30
90,155,54
90,156,49
90,157,82
90,158,-44
90,159,-54
90,160,18
90,161,17
90,162,6
90,163,38
90,164,-11
90,165,90
90,166,-18
90,167,-37
90,168,26
90,169,26
90,170,-6
90,171,-77
90,172,71
90,173,-63
90,174,24
90,175,31
90,176,72
90,177,-67
90,178,88
90,179,99
90,180,48
90,181,94
90,182,-23
90,183,14
90,184,-80
90,185,84
90,186,65
90,187,-11
90,188,11
90,189,61
90,190,-49
90,191,-48
90,192,99
90,193,-84
90,194,-54
90,195,-80
90,196,59
90,197,19
90,198,17
90,199,-43
90,200,-86
90,201,-73
90,202,75
90,203,-98
90,204,55
90,205,75
90,206,81
90,207,-75
90,208,-23
90,209,74
90,210,-39
90,211,-72
90,212,-85
90,213,26
90,214,-34
90,215,-41
90,216,-49
90,217,83
90,218,96
90,219,41
90,220,37
90,221,26
90,222,-52
90,223,56
90,224,32
90,225,-70
90,226,58
90,227,-26
90,228,-90
90,229,-70
90,230,22
90,231,-6
90,232,-71
90,233,67
90,234,70
90,235,99
90,236,-91
90,237,20
90,238,-85
90,239,97
90,240,-13
90,241,2
90,242,-60
90,243,-91
90,244,-74
90,245,77
90,246,87
90,247,-74
90,248,-81
90,249,59
90,250,-69
90,251,85
90,252,59
90,253,-94
90,254,-23
90,255,-65
90,256,17
90,257,-13
90,258,-80
90,259,-57
90,260,-52
90,261,-10
90,262,-30
90,263,-44
90,264,-61
90,265,-52
90,266,68
90,267,-89
90,268,-1
90,269,70
90,270,4
90,271,-40
90,272,-8
90,273,-69
90,274,-70
90,275,-99
90,276,-45
90,277,25
90,278,-66
90,279,-99
90,280,-72
90,281,-90
90,282,89
90,283,58
90,284,-40
90,285,29
90,286,-1
90,287,99
90,288,-13
90,289,57
90,290,-93
90,291,16
90,292,82
90,293,18
90,294,51
90,295,-24
90,296,-99
90,297,38
90,298,-31
90,299,-100
91,0,0
91,1,21
91,2,-50
91,3,28
91,4,-17
91,5,13
91,6,-60
91,7,73
91,8,-22
91,9,-62
91,10,-24
91,11,95
91,12,62
91,13,-66
91,14,48
91,15,77
91,16,38
91,17,-81
91,18,-95
91,19,29
91,20,-76
91,21,57
91,22,26
91,23,-2
91,24,-51
91,25,66
91,26,97
91,27,85
91,28,-83
91,29,15
91,30,-55
91,31,91
91,32,83
91,33,-5
91,34,-48
91,35,-47
91,36,67
91,37,-42
91,38,73
91,39,63
91,40,-76
91,41,89
91,42,-59
91,43,40
91,44,-11
91,45,3
91,46,50
91,47,14
91,48,29
91,49,-58
91,50,-75
91,51,-26
91,52,-51
91,53,-8
91,54,-7
91,55,-35
91,56,63
91,57,16
91,58,-49
91,59,14
91,60,54
91,61,96
91,62,-83
91,63,37
91,64,-85
91,65,-69
91,66,76
91,67,-49
91,68,76
91,69,-25
91,70,45
91,71,71
91,72,-41
91,73,-88
91,74,-83
91,75,-16
91,76,43
91,77,46
91,78,36
91,79,-85
91,80,-62
91,81,-39
91,82,79
91,83,45
91,84,42
91,85,-98
91,86,83
91,87,-97
91,88,-1
91,89,29
91,90,26
91,91,-63
91,92,76
91,93,27
91,94,49
91,95,-89
91,96,-31
91,97,15
91,98,72
91,99,76
91,100,0
91,101,82
91,102,13
91,103,83
91,104,6
91,105,54
91,106,33
91,107,-74
91,108,48
91,109,94
91,110,-35
91,111,47
91,112,81
91,113,-83
91,114,3
91,115,67
91,116,-89
91,117,85
91,118,-8
91,119,-76
91,120,54
91,121,5
91,122,-68
91,123,4
91,124,-93
91,125,96
91,126,-72
91,127,75
91,128,65
91,129,14
91,130,71
91,131,-77
91,132,88
91,133,-46
91,134,-99
91,135,93
91,136,-51
91,137,14
91,138,30
91,139,-59
91,140,29
91,141,-85
91,142,69
91,143,-2
91,144,-17
91,145,34
91,146,-67
91,147,4
91,148,32
91,149,-63
91,150,58
91,151,0
91,152,81
91,153,-98
91,154,72
91,155,62
91,156,-45
91,157,-25
91,158,50
91,159,62
91,160,-59
91,161,53
91,162,-29
91,163,15
91,164,48
91,165,-11
91,166,96
91,167,32
91,168,32
91,169,-60
91,170,83
91,171,-25
91,172,98
91,173,-34
91,174,-76
91,175,4
91,176,74
91,177,-97
91,178,57
91,179,-75
91,180,-28
91,181,35
91,182,36
91,183,73
91,184,76
91,185,66
91,186,77
91,187,-6
91,188,-96
91,189,82
91,190,-49
91,191,-75
91,192,66
91,193,-39
91,194,-66
91,195,-22
91,196,90
91,197,19
91,198,14
91,199,55
91,200,-43
91,201,-94
91,202,-58
91,203,72
91,204,98
91,205,-83
91,206,1
91,207,2
91,208,57
91,209,-20
91,210,31
91,211,-39
91,212,48
91,213,-36
91,214,7
91,215,49
91,216,-15
91,217,-97
91,218,-42
91,219,9
91,220,-72
91,221,-11
91,222,12
91,223,-48
91,224,33
91,225,78
91,226,32
91,227,96
91,228,-84
91,229,12
91,230,86
91,231,13
91,232,22
91,233,92
91,234,-95
91,235,-99
91,236,-9
91,237,65
91,238,-72
91,239,88
91,240,-61
91,241,43
91,242,-20
91,243,-35
91,244,97
91,245,-31
91,246,-98
91,247,-41
91,248,24
91,249,-11
91,250,-27
91,251,65
91,252,56
91,253,55
91,254,-65
91,255,31
91,256,-33
91,257,10
91,258,4
91,259,-62
91,260,85
91,261,-8
91,262,-19
91,263,14
91,264,97
91,265,-41
91,266,61
91,267,31
91,268,44
91,269,59
91,270,98
91,271,-55
91,272,14
91,273,70
91,274,42
91,275,-37
91,276,-10
91,277,-16
91,278,-90
91,279,-67
91,280,2
91,281,27
91,282,-33
91,283,-73
91,284,-99
91,285,-69
91,286,-90
91,287,27
91,288,51
91,289,81
91,290,81
91,291,99
91,292,-87
91,293,-69
91,294,33
91,295,-69
91,296,-76
91,297,-93
91,298,-44
91,299,43
92,0,-58
92,1,1
92,2,33
92,3,-37
92,4,-100
92,5,80
92,6,1
92,7,-56
92,8,-79
92,9,88
92,10,-75
92,11,-82
92,12,30
92,13,-23
92,14,90
92,15,-70
92,16,32
92,17,-23
92,18,99
92,19,-21
92,20,95
92,21,91
92,22,-16
92,23,-42
92,24,57
92,25,34
92,26,91
92,27,-41
92,28,61
92,29,15
92,30,59
92,31,50
92,32,-31
92,33,28
92,34,-54
92,35,62
92,36,-12
92,37,-3
92,38,0
92,39,-11
92,40,21
92,41,44
92,42,-56
92,43,64
92,44,44
92,45,-67
92,46,17
92,47,29
92,48,80
92,49,-53
92,50,-7
92,51,-10
92,52,2
92,53,74
92,54,-73
92,55,6
92,56,1
92,57,-79
92,58,27
92,59,32
92,60,22
92,61,9
92,62,14
92,63,-11
92,64,74
92,65,82
92,66,-74
92,67,30
92,68,59
92,69,-39
92,70,23
92,71,-8
92,72,-38
92,73,-91
92,74,-97
92,75,-34
92,76,67
92,77,68
92,78,-1
92,79,78
92,80,-59
92,81,-2
92,82,-18
92,83,-73
92,84,-77
92,85,18
92,86,-24
92,87,29
92,88,-79
92,89,-11
92,90,-45
92,91,85
92,92,-82
92,93,19
92,94,-26
92,95,-40
92,96,81
92,97,43
92,98,12
92,99,65
92,100,-20
92,101,-67
92,102,-78
92,103,47
92,104,-9
92,105,80
92,106,66
92,107,53
92,108,-88
92,109,41
92,110,88
92,111,67
92,112,-62
92,113,86
92,114,46
92,115,60
92,116,94
92,117,-37
92,118,95
92,119,98
92,120,61
92,121,-73
92,122,54
92,123,-68
92,124,48
92,125,-94
92,126,94
92,127,-23
92,128,-4
92,129,-6
92,130,-55
92,131,-7
92,132,68
92,133,90
92,134,-91
92,135,-28
92,136,66
92,137,-75
92,138,-17
92,139,97
92,140,2
92,141,42
92,142,-9
92,143,-20
92,144,13
92,145,-51
92,146,-25
92,147,-4
92,148,7
92,149,59
92,150,-55
92,151,57
92,152,-92
92,153,53
92,154,-74
92,155,87
92,156,31
92,157,-21
92,158,97
92,159,-45
92,160,-84
92,161,60
92,162,-22
92,163,97
92,164,-8
92,165,52
92,166,27
92,167,52
92,168,-26
92,169,-84
92,170,-30
92,171,-5
92,172,6
92,173,70
92,174,78
92,175,98
92,176,-53
92,177,-33
92,178,29
92,179,-80
92,180,-40
92,181,40
92,182,88
92,183,-74
92,184,63
92,185,-57
92,186,-32
92,187,-87
92,188,38
92,189,69
92,190,89
92,191,14
92,192,-43
92,193,19
92,194,-99
92,195,81
92,196,8
92,197,-81
92,198,-20
92,199,33
92,200,-88
92,201,-75
92,202,82
92,203,-42
92,204,72
92,205,-59
92,206,18
92,207,-75
92,208,-10
92,209,24
92,210,61
92,211,-82
92,212,-67
92,213,68
92,214,31
92,215,-32
92,216,68
92,217,17
92,218,96
92,219,-4
92,220,76
92,221,-29
92,222,-41
92,223,13
92,224,18
92,225,-1
92,226,95
92,227,-7
92,228,5
92,229,41
92,230,-56
92,231,-19
92,232,-30
92,233,14
92,234,-81
92,235,32
92,236,-7
92,237,42
92,238,-37
92,239,-66
92,240,55
92,241,-52
92,242,94
92,243,24
92,244,34
92,245,-81
92,246,-75
92,247,-4
92,248,-50
92,249,66
92,250,28
92,251,-37
92,252,-36
92,253,75
92,254,60
92,255,3
92,256,-49
92,257,-64
92,258,-3
92,259,-47
92,260,-98
92,261,-93
92,262,-62
92,263,94
92,264,11
92,265,43
92,266,14
92,267,-73
92,268,68
92,269,-52
92,270,99
92,271,-86
92,272,84
92,273,56
92,274,-99
92,275,-55
92,276,-42
92,277,-3
92,278,39
92,279,97
92,280,93
92,281,8
92,282,67
92,283,89
92,284,21
92,285,26
92,286,-19
92,287,-14
92,288,23
92,289,-50
92,290,-62
92,291,55
92,292,41
92,293,-69
92,294,89
92,295,-43
92,296,-89
92,297,41
92,298,-50
92,299,-22
93,0,1
93,1,8
93,2,31
93,3,22
93,4,-50
93,5,-47
93,6,62
93,7,12
93,8,-75
93,9,30
93,10,-19
93,11,-52
93,12,31
93,13,53
93,14,-4
93,15,97
93,16,36
93,17,-61
93,18,-47
93,19,-49
93,20,95
93,21,37
93,22,-11
93,23,-94
93,24,-51
93,25,-4
93,26,-55
93,27,-59
93,28,-59
93,29,34
93,30,43
93,31,1
93,32,-5
93,33,-76
93,34,-27
93,35,-11
93,36,99
93,37,70
93,38,68
93,39,74
93,40,-74
93,41,-64
93,42,-52
93,43,76
93,44,-92
93,45,-7
93,46,91
93,47,-91
93,48,23
93,49,-62
93,50,-49
93,51,51
93,52,5
93,53,-18
93,54,77
93,55,-55
93,56,9
93,57,78
93,58,-15
93,59,34
93,60,-1
93,61,-32
93,62,-77
93,63,57
93,64,-22
93,65,-87
93,66,66
93,67,-8
93,68,-87
93,69,-75
93,70,48
93,71,82
93,72,65
93,73,56
93,74,80
93,75,23
93,76,40
93,77,-43
93,78,35
93,79,91
93,80,64
93,81,-2
93,82,-46
93,83,26
93,84,-17
93,85,27
93,86,-74
93,87,20
93,88,95
93,89,-87
93,90,-6
93,91,-8
93,92,-19
93,93,-20
93,94,76
93,95,61
93,96,-87
93,97,-46
93,98,58
93,99,48
93,100,-45
93,101,-64
93,102,-40
93,103,-10
93,104,47
93,105,-94
93,106,-48
93,107,20
93,108,-81
93,109,-64
93,110,95
93,111,-9
93,112,21
93,113,-1
93,114,31
93,115,14
93,116,-6
93,117,-63
93,118,71
93,119,23
93,120,-24
93,121,28
93,122,18
93,123,-67
93,124,50
93,125,62
93,126,-40
93,127,83
93,128,59
93,129,-8
93,130,23
93,131,-18
93,132,-59
93,133,-52
93,134,-28
93,135,89
93,136,85
93,137,-99
93,138,59
93,139,-26
93,140,-65
93,141,88
93,142,31
93,143,-64
93,144,1
93,145,-35
93,146,14
93,147,96
93,148,-72
93,149,-3
93,150,12
93,151,-71
93,152,55
93,153,81
93,154,-54
93,155,-84
93,156,-58
93,157,83
93,158,80
93,159,-4
93,160,59
93,161,66
93,162,90
93,163,-58
93,164,73
93,165,29
93,166,29
93,167,-34
93,168,87
93,169,30
93,170,68
93,171,18
93,172,-93
93,173,-16
93,174,22
93,175,67
93,176,-97
93,177,74
93,178,-30
93,179,-11
93,180,-41
93,181,-13
93,182,-74
93,183,-87
93,184,-2
93,185,-36
93,186,88
93,187,19
93,188,-65
93,189,-97
93,190,-12
93,191,-90
93,192,9
93,193,-67
93,194,97
93,195,65
93,196,-45
93,197,57
93,198,87
93,199,-79
93,200,20
93,201,-72
93,202,-62
93,203,64
93,204,16
93,205,-79
93,206,-5
93,207,-98
93,208,-86
93,209,-3
93,210,-43
93,211,-62
93,212,35
93,213,-66
93,214,-38
93,215,89
93,216,69
93,217,30
93,218,-94
93,219,66
93,220,76
93,221,23
93,222,-43
93,223,20
93,224,38
93,225,-96
93,226,-90
93,227,15
93,228,-79
93,229,70
93,230,-64
93,231,-98
93,232,79
93,233,7
93,234,39
93,235,98
93,236,99
93,237,81
93,238,98
93,239,36
93,240,27
93,241,-74
93,242,-61
93,243,-38
93,244,21
93,245,6
93,246,-28
93,247,-69
93,248,38
93,249,21
93,250,-17
93,251,65
93,252,12
93,253,13
93,254,-20
93,255,-39
93,256,-11
93,257,-36
93,258,67
93,259,-20
93,260,-78
93,261,-84
93,262,43
93,263,38
93,264,86
93,265,-61
93,266,-30
93,267,-92
93,268,-35
93,269,76
93,270,72
93,271,-70
93,272,15
93,273,-35
93,274,-12
93,275,-56
93,276,5
93,277,-11
93,278,58
93,279,-82
93,280,92
93,281,-18
93,282,18
93,283,-54
93,284,-3
93,285,-25
93,286,-74
93,287,-100
93,288,-83
93,289,-100
93,290,-41
93,291,80
93,292,58
93,293,35
93,294,-89
93,295,-83
93,296,36
93,297,-45
93,298,-83
93,299,-48
94,0,-36
94,1,1
94,2,-87
94,3,-2
94,4,13
94,5,72
94,6,-59
94,7,94
94,8,-58
94,9,59
94,10,-2
94,11,-20
94,12,34
94,13,-97
94,14,-74
94,15,30
94,16,31
94,17,73
94,18,-56
94,19,-26
94,20,-25
94,21,-11
94,22,71
94,23,19
94,24,-66
94,25,-59
94,26,-5
94,27,-64
94,28,-17
94,29,52
94,30,-19
94,31,83
94,32,17
94,33,27
94,34,-84
94,35,30
94,36,-14
94,37,35
94,38,26
94,39,57
94,40,56
94,41,-11
94,42,-38
94,43,-55
94,44,87
94,45,-93
94,46,34
94,47,39
94,48,41
94,49,-75
94,50,-58
94,51,-56
94,52,76
94,53,-2
94,54,-59
94,55,88
94,56,-57
94,57,81
94,58,89
94,59,19
94,60,30
94,61,19
94,62,-66
94,63,-46
94,64,-89
94,65,-53
94,66,-7
94,67,24
94,68,83
94,69,-10
94,70,-89
94,71,-78
94,72,-47
94,73,7
94,74,52
94,75,34
94,76,-20
94,77,-68
94,78,-75
94,79,80
94,80,-21
94,81,61
94,82,68
94,83,-29
94,84,-29
94,85,13
94,86,-50
94,87,78
94,88,62
94,89,47
94,90,-27
94,91,85
94,92,40
94,93,-46
94,94,-66
94,95,45
94,96,-66
94,97,84
94,98,23
94,99,-67
94,100,53
94,101,48
94,102,-40
94,103,7
94,104,37
94,105,-52
94,106,-61
94,107,90
94,108,4
94,109,16
94,110,-42
94,111,98
94,112,8
94,113,-28
94,114,-3
94,115,-48
94,116,-26
94,117,30
94,118,1
94,119,73
94,120,44
94,121,57
94,122,-84
94,123,-19
94,124,15
94,125,40
94,126,-73
94,127,75
94,128,-59
94,129,-62
94,130,-11
94,131,10
94,132,32
94,133,80
94,134,-7
94,135,96
94,136,32
94,137,47
94,138,-97
94,139,27
94,140,-38
94,141,-10
94,142,49
94,143,-39
94,144,-83
94,145,-48
94,146,-73
94,147,51
94,148,-38
94,149,59
94,150,-54
94,151,60
94,152,-27
94,153,94
94,154,36
94,155,66
94,156,60
94,157,26
94,158,-44
94,159,81
94,160,23
94,161,69
94,162,-98
94,163,-60
94,164,-8
94,165,-69
94,166,-47
94,167,-34
94,168,-80
94,169,-57
94,170,50
94,171,-47
94,172,-65
94,173,37
94,174,2
94,175,-52
94,176,24
94,177,-74
94,178,-77
94,179,-50
94,180,11
94,181,86
94,182,1
94,183,-38
94,184,24
94,185,-30
94,186,27
94,187,19
94,188,-16
94,189,85
94,190,48
94,191,-92
94,192,-53
94,193,86
94,194,-47
94,195,-98
94,196,-53
94,197,3
94,198,31
94,199,-59
94,200,18
94,201,-42
94,202,70
94,203,-99
94,204,80
94,205,-22
94,206,59
94,207,88
94,208,18
94,209,-65
94,210,88
94,211,-44
94,212,15
94,213,97
94,214,66
94,215,45
94,216,91
94,217,66
94,218,86
94,219,41
94,220,40
94,221,-87
94,222,9
94,223,-58
94,224,40
94,225,-91
94,226,76
94,227,-91
94,228,82
94,229,49
94,230,-27
94,231,73
94,232,-68
94,233,48
94,234,-60
94,235,-55
94,236,64
94,237,-27
94,238,92
94,239,19
94,240,-74
94,241,41
94,242,57
94,243,-48
94,244,-17
94,245,81
94,246,99
94,247,80
94,248,-39
94,249,11
94,250,-83
94,251,51
94,252,62
94,253,16
94,254,-42
94,255,37
94,256,29
94,257,-6
94,258,-86
94,259,-47
94,260,54
94,261,85
94,262,-8
94,263,-52
94,264,-43
94,265,-86
94,266,50
94,267,5
94,268,77
94,269,45
94,270,44
94,271,-84
94,272,88
94,273,-57
94,274,38
94,275,-67
94,276,-72
94,277,70
94,278,43
94,279,20
94,280,32
94,281,-36
94,282,53
94,283,-47
94,284,-39
94,285,69
94,286,94
94,287,-60
94,288,41
94,289,60
94,290,-2
94,291,-20
94,292,93
94,293,46
94,294,8
94,295,7
94,296,97
94,297,-57
94,298,-35
94,299,41
95,0,16
95,1,-99
95,2,-38
95,3,93
95,4,51
95,5,11
95,6,50
95,7,21
95,8,-79
95,9,-20
95,10,2
95,11,-10
95,12,76
95,13,-41
95,14,27
95,15,41
95,16,-88
95,17,-1
95,18,-90
95,19,80
95,20,-55
95,21,-49
95,22,52
95,23,-82
95,24,29
95,25,-44
95,26,-36
95,27,-27
95,28,96
95,29,36
95,30,69
95,31,-17
95,32,40
95,33,-68
95,34,-49
95,35,-25
95,36,-73
95,37,-88
95,38,70
95,39,72
95,40,-46
95,41,49
95,42,75
95,43,-79
95,44,-35
95,45,12
95,46,-50
95,47,-34
95,48,-15
95,49,-63
95,50,52
95,51,-91
95,52,60
95,53,33
95,54,3
95,55,15
95,56,86
95,57,82
95,58,75
95,59,74
95,60,13
95,61,96
95,62,-34
95,63,-67
95,64,42
95,65,-26
95,66,-70
95,67,-86
95,68,-14
95,69,-55
95,70,46
95,71,96
95,72,-59
95,73,-25
95,74,72
95,75,56
95,76,-30
95,77,-86
95,78,-19
95,79,-12
95,80,5
95,81,80
95,82,-29
95,83,-40
95,84,-59
95,85,42
95,86,-53
95,87,60
95,88,-80
95,89,-26
95,90,-45
95,91,-43
95,92,53
95,93,61
95,94,-22
95,95,65
95,96,-18
95,97,93
95,98,-18
95,99,61
95,100,-9
95,101,-57
95,102,76
95,103,26
95,104,-52
95,105,45
95,106,61
95,107,-47
95,108,20
95,109,85
95,110,-92
95,111,55
95,112,-58
95,113,-19
95,114,84
95,115,95
95,116,-4
95,117,-53
95,118,-52
95,119,70
95,120,14
95,121,-5
95,122,-41
95,123,69
95,124,82
95,125,54
95,126,57
95,127,-19
95,128,85
95,129,86
95,130,-41
95,131,-14
95,132,-57
95,133,-30
95,134,-91
95,135,-25
95,136,-31
95,137,31
95,138,30
95,139,-85
95,140,48
95,141,83
95,142,48
95,143,23
95,144,18
95,145,-53
95,146,-28
95,147,-7
95,148,-19
95,149,7
95,150,-20
95,151,40
95,152,74
95,153,84
95,154,-59
95,155,-74
95,156,29
95,157,4
95,158,25
95,159,43
95,160,-56
95,161,-68
95,162,9
95,163,-48
95,164,-11
95,165,45
95,166,24
95,167,-33
95,168,-49
95,169,-45
95,170,-29
95,171,-76
95,172,43
95,173,-44
95,174,30
95,175,-44
95,176,-26
95,177,-42
95,178,-23
95,179,-56
95,180,4
95,181,-55
95,182,-48
95,183,92
95,184,-52
95,185,56
95,186,-21
95,187,28
95,188,-66
95,189,77
95,190,-87
95,191,-57
95,192,-61
95,193,-4
95,194,8
95,195,-13
95,196,19
95,197,-37
95,198,-31
95,199,98
95,200,39
95,201,-22
95,202,75
95,203,-64
95,204,34
95,205,-65
95,206,78
95,207,-43
95,208,28
95,209,45
95,210,69
95,211,80
95,212,-78
95,213,60
95,214,55
95,215,-46
95,216,64
95,217,75
95,218,-60
95,219,87
95,220,-48
95,221,82
95,222,-6
95,223,-25
95,224,-43
95,225,47
95,226,5
95,227,-52
95,228,-47
95,229,-60
95,230,48
95,231,26
95,232,-7
95,233,-43
95,234,2
95,235,-64
95,236,-71
95,237,28
95,238,-72
95,239,-86
95,240,-32
95,241,75
95,242,90
95,243,-72
95,244,29
95,245,-95
95,246,60
95,247,10
95,248,-41
95,249,45
95,250,62
95,251,-12
95,252,-38
95,253,91
95,254,45
95,255,-2
95,256,-82
95,257,-98
95,258,-13
95,259,7
95,260,74
95,261,-75
95,262,77
95,263,4
95,264,1
95,265,-63
95,266,75
95,267,25
95,268,-12
95,269,76
95,270,-46
95,271,52
95,272,66
95,273,32
95,274,4
95,275,-62
95,276,-48
95,277,-7
95,278,31
95,279,-96
95,280,-56
95,281,88
95,282,64
95,283,13
95,284,-70
95,285,64
95,286,5
95,287,-67
95,288,32
95,289,-24
95,290,-82
95,291,-75
95,292,97
95,293,-17
95,294,45
95,295,-87
95,296,99
95,297,6
95,298,-35
95,299,-19
96,0,7
96,1,-20
96,2,-5
96,3,24
96,4,46
96,5,28
96,6,-24
96,7,12
96,8,-79
96,9,-52
96,10,-4
96,11,39
96,12,-66
96,13,32
96,14,99
96,15,-81
96,16,40
96,17,41
96,18,-95
96,19,-80
96,20,-60
96,21,3
96,22,-18
96,23,77
96,24,-94
96,25,32
96,26,63
96,27,-35
96,28,76
96,29,25
96,30,62
96,31,77
96,32,-68
96,33,64
96,34,-10
96,35,99
96,36,38
96,37,-51
96,38,-36
96,39,-15
96,40,-87
96,41,-59
96,42,15
96,43,15
96,44,-71
96,45,9
96,46,50
96,47,1
96,48,-45
96,49,-96
96,50,-2
96,51,-98
96,52,-65
96,53,-47
96,54,78
96,55,99
96,56,84
96,57,85
96,58,-98
96,59,24
96,60,37
96,61,-14
96,62,91
96,63,86
96,64,57
96,65,-6
96,66,-50
96,67,81
96,68,67
96,69,-10
96,70,13
96,71,-10
96,72,-81
96,73,-19
96,74,-10
96,75,12
96,76,-27
96,77,-36
96,78,9
96,79,-24
96,80,60
96,81,-14
96,82,-46
96,83,-67
96,84,57
96,85,-41
96,86,57
96,87,97
96,88,25
96,89,45
96,90,-10
96,91,26
96,92,46
96,93,-66
96,94,28
96,95,-86
96,96,-53
96,97,93
96,98,-87
96,99,-39
96,100,-82
96,101,19
96,102,-80
96,103,73
96,104,-42
96,105,-13
96,106,-76
96,107,27
96,108,-5
96,109,93
96,110,-18
96,111,38
96,112,53
96,113,-24
96,114,54
96,115,-74
96,116,3
96,117,83
96,118,86
96,119,99
96,120,13
96,121,94
96,122,93
96,123,67
96,124,-56
96,125,14
96,126,-79
96,127,-65
96,128,-35
96,129,2
96,130,-35
96,131,94
96,132,-14
96,133,24
96,134,7
96,135,-69
96,136,48
96,137,-22
96,138,82
96,139,63
96,140,-39
96,141,-67
96,142,5
96,143,-13
96,144,61
96,145,97
96,146,29
96,147,94
96,148,-100
96,149,75
96,150,50
96,151,-39
96,152,38
96,153,13
96,154,14
96,155,-60
96,156,-29
96,157,-70
96,158,99
96,159,79
96,160,-52
96,161,-72
96,162,10
96,163,-40
96,164,-43
96,165,-5
96,166,46
96,167,6
96,168,6
96,169,-75
96,170,15
96,171,-30
96,172,-37
96,173,48
96,174,-38
96,175,19
96,176,-100
96,177,97
96,178,61
96,179,67
96,180,5
96,181,-26
96,182,99
96,183,-73
96,184,83
96,185,86
96,186,37
96,187,37
96,188,2
96,189,90
96,190,-42
96,191,-83
96,192,41
96,193,-22
96,194,53
96,195,-88
96,196,-19
96,197,-65
96,198,-96
96,199,-87
96,200,-22
96,201,2
96,202,19
96,203,60
96,204,94
96,205,25
96,206,-62
96,207,-29
96,208,4
96,209,-17
96,210,97
96,211,-80
96,212,-27
96,213,-53
96,214,33
96,215,2
96,216,-98
96,217,17
96,218,20
96,219,-27
96,220,61
96,221,-72
96,222,73
96,223,29
96,224,75
96,225,-15
96,226,-9
96,227,17
96,228,-83
96,229,87
96,230,-76
96,231,6
96,232,77
96,233,64
96,234,30
96,235,-51
96,236,-27
96,237,-26
96,238,40
96,239,22
96,240,-99
96,241,-79
96,242,-82
96,243,-38
96,244,-92
96,245,-61
96,246,62
96,247,-61
96,248,62
96,249,-68
96,250,-100
96,251,-56
96,252,37
96,253,39
96,254,-14
96,255,-95
96,256,-80
96,257,-25
96,258,-79
96,259,-81
96,260,50
96,261,-63
96,262,31
96,263,6
96,264,71
96,265,-11
96,266,15
96,267,-85
96,268,-7
96,269,-72
96,270,78
96,271,-73
96,272,-90
96,273,61
96,274,-79
96,275,60
96,276,-94
96,277,45
96,278,42
96,279,91
96,280,-86
96,281,-44
96,282,58
96,283,-23
96,284,-84
96,285,72
96,286,66
96,287,-73
96,288,43
96,289,51
96,290,-83
96,291,-10
96,292,-28
96,293,59
96,294,98
96,295,77
96,296,70
96,297,61
96,298,49
96,299,53
97,0,-99
97,1,61
97,2,88
97,3,37
97,4,-44
97,5,22
97,6,59
97,7,13
97,8,82
97,9,69
97,10,90
97,11,-23
97,12,-60
97,13,-65
97,14,98
97,15,24
97,16,-79
97,17,53
97,18,-2
97,19,-20
97,20,-96
97,21,-81
97,22,-24
97,23,16
97,24,81
97,25,94
97,26,-52
97,27,-76
97,28,-14
97,29,68
97,30,5
97,31,81
97,32,73
97,33,41
97,34,-23
97,35,12
97,36,95
97,37,-62
97,38,61
97,39,-74
97,40,-61
97,41,-28
97,42,34
97,43,-4
97,44,-8
97,45,64
97,46,-41
97,47,45
97,48,-51
97,49,-64
97,50,24
97,51,33
97,52,-50
97,53,15
97,54,10
97,55,-61
97,56,-2
97,57,-69
97,58,-54
97,59,-67
97,60,71
97,61,97
97,62,-39
97,63,79
97,64,-64
97,65,51
97,66,-97
97,67,-53
97,68,14
97,69,-78
97,70,3
97,71,8
97,72,-62
97,73,-62
97,74,-50
97,75,-75
97,76,89
97,77,-58
97,78,7
97,79,-89
97,80,-18
97,81,-90
97,82,-29
97,83,93
97,84,-62
97,85,-67
97,86,11
97,87,78
97,88,41
97,89,-64
97,90,-44
97,91,-15
97,92,-82
97,93,-1
97,94,-82
97,95,78
97,96,84
97,97,-66
97,98,0
97,99,81
97,100,-15
97,101,-36
97,102,-43
97,103,86
97,104,52
97,105,28
97,106,-49
97,107,7
97,108,-100
97,109,-31
97,110,5
97,111,-86
97,112,-55
97,113,76
97,114,-70
97,115,-52
97,116,79
97,117,71
97,118,-31
97,119,-94
97,120,-94
97,121,-36
97,122,89
97,123,-21
97,124,-13
97,125,-57
97,126,-23
97,127,18
97,128,-65
97,129,76
97,130,-66
97,131,22
97,132,34
97,133,93
97,134,13
97,135,-51
97,136,-8
97,137,23
97,138,-91
97,139,27
97,140,48
97,141,48
97,142,-15
97,143,2
97,144,-21
97,145,-42
97,146,2
97,147,94
97,148,-56
97,149,-79
97,150,-22
97,151,-28
97,152,88
97,153,31
97,154,57
97,155,-74
97,156,-50
97,157,-71
97,158,-79
97,159,-60
97,160,48
97,161,-82
97,162,82
97,163,65
97,164,-47
97,165,-33
97,166,-63
97,167,-94
97,168,-17
97,169,-45
97,170,-28
97,171,76
97,172,-68
97,173,3
97,174,8
97,175,-36
97,176,-33
97,177,81
97,178,-83
97,179,-50
97,180,-34
97,181,77
97,182,-61
97,183,-95
97,184,-25
97,185,75
97,186,-65
97,187,-40
97,188,-99
97,189,-4
97,190,51
97,191,-25
97,192,-63
97,193,59
97,194,76
97,195,-60
97,196,-88
97,197,77
97,198,64
97,199,77
97,200,-78
97,201,17
97,202,-49
97,203,72
97,204,-69
97,205,-8
97,206,-84
97,207,-20
97,208,-57
97,209,71
97,210,-36
97,211,78
97,212,98
97,213,-59
97,214,5
97,215,3
97,216,94
97,217,22
97,218,14
97,219,-53
97,220,-77
97,221,31
97,222,-22
97,223,94
97,224,-7
97,225,25
97,226,67
97,227,-38
97,228,-96
97,229,72
97,230,85
97,231,60
97,232,-19
97,233,70
97,234,95
97,235,45
97,236,75
97,237,-68
97,238,-69
97,239,1
97,240,94
97,241,-95
97,242,24
97,243,54
97,244,62
97,245,-100
97,246,23
97,247,-98
97,248,-46
97,249,42
97,250,59
97,251,-31
97,252,47
97,253,13
97,254,61
97,255,14
97,256,63
97,257,-95
97,258,-34
97,259,-11
97,260,81
97,261,54
97,262,-12
97,263,-8
97,264,70
97,265,-99
97,266,-20
97,267,62
97,268,99
97,269,60
97,270,85
97,271,-16
97,272,-85
97,273,-44
97,274,54
97,275,17
97,276,15
97,277,39
97,278,-4
97,279,22
97,280,31
97,281,-10
97,282,52
97,283,8
97,284,25
97,285,79
97,286,83
97,287,-60
97,288,-53
97,289,-76
97,290,-37
97,291,90
97,292,20
97,293,34
97,294,-40
97,295,-55
97,296,13
97,297,-52
97,298,31
97,299,33
98,0,-71
98,1,12
98,2,-92
98,3,-40
98,4,97
98,5,72
98,6,-58
98,7,-45
98,8,67
98,9,83
98,10,-44
98,11,98
98,12,87
98,13,68
98,14,25
98,15,-69
98,16,-78
98,17,-32
98,18,-43
98,19,-95
98,20,92
98,21,88
98,22,-13
98,23,33
98,24,-25
98,25,-38
98,26,-77
98,27,-81
98,28,-32
98,29,-66
98,30,67
98,31,-68
98,32,10
98,33,-79
98,34,96
98,35,-17
98,36,-62
98,37,-1
98,38,86
98,39,-93
98,40,78
98,41,-63
98,42,70
98,43,28
98,44,58
98,45,32
98,46,36
98,47,53
98,48,-64
98,49,62
98,50,-2
98,51,-46
98,52,98
98,53,-58
98,54,67
98,55,-15
98,56,-3
98,57,92
98,58,87
98,59,4
98,60,-14
98,61,-64
98,62,91
98,63,-76
98,64,72
98,65,-83
98,66,-79
98,67,3
98,68,-98
98,69,-91
98,70,-5
98,71,-80
98,72,53
98,73,15
98,74,50
98,75,-73
98,76,-36
98,77,-52
98,78,44
98,79,71
98,80,18
98,81,-90
98,82,66
98,83,41
98,84,0
98,85,-12
98,86,-97
98,87,28
98,88,44
98,89,-23
98,90,-83
98,91,-61
98,92,0
98,93,64
98,94,29
98,95,-30
98,96,-88
98,97,69
98,98,-32
98,99,67
98,100,88
98,101,-41
98,102,-43
98,103,62
98,104,-94
98,105,32
98,106,24
98,107,98
98,108,27
98,109,41
98,110,93
98,111,-68
98,112,87
98,113,-59
98,114,24
98,115,16
98,116,49
98,117,37
98,118,22
98,119,73
98,120,-85
98,121,-23
98,122,-3
98,123,-63
98,124,-72
98,125,16
98,126,-23
98,127,-4
98,128,-96
98,129,-62
98,130,35
98,131,-65
98,132,84
98,133,8
98,134,41
98,135,68
98,136,-23
98,137,26
98,138,-59
98,139,57
98,140,-58
98,141,-61
98,142,-37
98,143,46
98,144,87
98,145,-4
98,146,87
98,147,-66
98,148,-99
98,149,55
98,150,-20
98,151,90
98,152,75
98,153,10
98,154,-78
98,155,-80
98,156,-23
98,157,-80
98,158,15
98,159,61
98,160,93
98,161,-88
98,162,14
98,163,-60
98,164,-87
98,165,-38
98,166,-69
98,167,22
98,168,-35
98,169,-35
98,170,79
98,171,-78
98,172,-96
98,173,64
98,174,-25
98,175,43
98,176,-12
98,177,75
98,178,3
98,179,-48
98,180,29
98,181,9
98,182,-54
98,183,-77
98,184,60
98,185,-16
98,186,79
98,187,30
98,188,86
98,189,-78
98,190,-100
98,191,41
98,192,-32
98,193,30
98,194,-23
98,195,35
98,196,-10
98,197,72
98,198,-58
98,199,-78
98,200,-24
98,201,-2
98,202,-91
98,203,-95
98,204,2
98,205,28
98,206,-28
98,207,91
98,208,34
98,209,62
98,210,-33
98,211,34
98,212,51
98,213,-16
98,214,-15
98,215,29
98,216,26
98,217,-67
98,218,-34
98,219,73
98,220,-8
98,221,28
98,222,21
98,223,61
98,224,-76
98,225,76
98,226,-70
98,227,22
98,228,-67
98,229,-56
98,230,41
98,231,12
98,232,-39
98,233,79
98,234,22
98,235,-58
98,236,-96
98,237,-19
98,238,-40
98,239,16
98,240,38
98,241,-30
98,242,-92
98,243,50
98,244,9
98,245,5
98,246,-79
98,247,13
98,248,27
98,249,86
98,250,-27
98,251,-81
98,252,-4
98,253,-19
98,254,-10
98,255,79
98,256,-58
98,257,9
98,258,3
98,259,-1
98,260,-85
98,261,45
98,262,-100
98,263,-94
98,264,-57
98,265,-99
98,266,-96
98,267,24
98,268,-54
98,269,-17
98,270,10
98,271,11
98,272,-32
98,273,-13
98,274,49
98,275,18
98,276,43
98,277,-1
98,278,-69
98,279,28
98,280,-97
98,281,36
98,282,28
98,283,-20
98,284,-18
98,285,-59
98,286,-65
98,287,-86
98,288,33
98,289,-58
98,290,-50
98,291,-75
98,292,68
98,293,58
98,294,-51
98,295,-96
98,296,-99
98,297,-32
98,298,-12
98,299,-78
99,0,-16
99,1,8
99,2,-16
99,3,-4
99,4,-40
99,5,-95
99,6,-58
99,7,17
99,8,-87
99,9,-24
99,10,-50
99,11,-36
99,12,12
99,13,-37
99,14,-87
99,15,36
99,16,79
99,17,-87
99,18,-84
99,19,30
99,20,-23
99,21,-37
99,22,-48
99,23,15
99,24,-75
99,25,-12
99,26,46
99,27,74
99,28,-33
99,29,-2
99,30,11
99,31,-31
99,32,-43
99,33,56
99,34,32
99,35,-79
99,36,51
99,37,5
99,38,-92
99,39,-30
99,40,4
99,41,-2
99,42,58
99,43,5
99,44,63
99,45,83
99,46,2
99,47,-34
99,48,-1
99,49,76
99,50,-57
99,51,15
99,52,-52
99,53,-60
99,54,7
99,55,95
99,56,-19
99,57,99
99,58,-75
99,59,-2
99,60,29
99,61,11
99,62,-31
99,63,-91
99,64,83
99,65,-17
99,66,48
99,67,-34
99,68,67
99,69,56
99,70,-73
99,71,-21
99,72,78
99,73,-34
99,74,34
99,75,-36
99,76,-65
99,77,58
99,78,-65
99,79,-52
99,80,-75
99,81,58
99,82,-15
99,83,54
99,84,-93
99,85,-92
99,86,53
99,87,55
99,88,84
99,89,20
99,90,-48
99,91,2
99,92,76
99,93,-22
99,94,23
99,95,-28
99,96,-28
99,97,26
99,98,-42
99,99,-44
99,100,73
99,101,80
99,102,91
99,103,-41
99,104,88
99,105,32
99,106,-68
99,107,-30
99,108,-2
99,109,-36
99,110,82
99,111,49
99,112,27
99,113,-1
99,114,85
99,115,-7
99,116,82
99,117,-68
99,118,72
99,119,-30
99,120,1
99,121,77
99,122,-69
99,123,-69
99,124,54
99,125,38
99,126,29
99,127,-86
99,128,-21
99,129,-46
99,130,-9
99,131,67
99,132,14
99,133,75
99,134,-81
99,135,79
99,136,34
99,137,71
99,138,42
99,139,-69
99,140,91
99,141,-24
99,142,77
99,143,14
99,144,-84
99,145,21
99,146,10
99,147,83
99,148,-49
99,149,-14
99,150,57
99,151,-70
99,152,-27
99,153,49
99,154,-2
99,155,-54
99,156,63
99,157,-11
99,158,52
99,159,-90
99,160,63
99,161,-85
99,162,5
99,163,-40
99,164,90
99,165,-56
99,166,-53
99,167,15
99,168,13
99,169,-31
99,170,-2
99,171,87
99,172,-89
99,173,13
99,174,-11
99,175,15
99,176,25
99,177,-79
99,178,-97
99,179,-3
99,180,8
99,181,18
99,182,92
99,183,45
99,184,21
99,185,-42
99,186,27
99,187,-1
99,188,-51
99,189,-48
99,190,-38
99,191,47
99,192,-91
99,193,-48
99,194,-88
99,195,11
99,196,22
99,197,-33
99,198,-82
99,199,51
99,200,-41
99,201,18
99,202,-84
99,203,72
99,204,6
99,205,-70
99,206,35
99,207,48
99,208,93
99,209,36
99,210,-22
99,211,-52
99,212,-99
99,213,83
99,214,65
99,215,73
99,216,-76
99,217,20
99,218,-72
99,219,-54
99,220,78
99,221,-63
99,222,-80
99,223,10
99,224,-4
99,225,93
99,226,22
99,227,6
99,228,36
99,229,-7
99,230,-92
99,231,-28
99,232,-81
99,233,62
99,234,-96
99,235,-23
99,236,5
99,237,19
99,238,65
99,239,-19
99,240,-79
99,241,34
99,242,73
99,243,51
99,244,1
99,245,-9
99,246,-89
99,247,71
99,248,98
99,249,-44
99,250,-20
99,251,-82
99,252,44
99,253,-79
99,254,58
99,255,10
99,256,61
99,257,1
99,258,95
99,259,17
99,260,-23
99,261,-46
99,262,8
99,263,-22
99,264,27
99,265,-64
99,266,17
99,267,-67
99,268,-93
99,269,-60
99,270,-4
99,271,44
99,272,9
99,273,99
99,274,13
99,275,8
99,276,-51
99,277,-3
99,278,-2
99,279,-65
99,280,-36
99,281,99
99,282,-43
99,283,-58
99,284,-68
99,285,74
99,286,6
99,287,-16
99,288,23
99,289,-84
99,290,57
99,291,6
99,292,-48
99,293,-17
99,294,86
99,295,57
99,296,-71
99,297,-54
99,298,-76
99,299,23
100,0,3
100,1,54
100,2,-91
100,3,-44
100,4,-1
100,5,-49
100,6,56
100,7,-25
100,8,22
100,9,-88
100,10,-35
100,11,-99
100,12,22
100,13,61
100,14,9
100,15,-96
100,16,58
100,17,0
100,18,71
100,19,92
100,20,-26
100,21,-18
100,22,-78
100,23,81
100,24,-18
100,25,-85
100,26,-82
100,27,-28
100,28,14
100,29,18
100,30,-49
100,31,-50
100,32,-20
100,33,40
100,34,65
100,35,-97
100,36,70
100,37,-18
100,38,-50
100,39,-54
100,40,-57
100,41,-82
100,42,5
100,43,-55
100,44,-90
100,45,-25
100,46,-93
100,47,-75
100,48,-44
100,49,56
100,50,60
100,51,53
100,52,5
100,53,-88
100,54,-100
100,55,87
100,56,-69
100,57,-28
100,58,-32
100,59,53
100,60,51
100,61,-13
100,62,-82
100,63,70
100,64,95
100,65,-57
100,66,-59
100,67,88
100,68,43
100,69,76
100,70,92
100,71,54
100,72,8
100,73,90
100,74,97
100,75,-37
100,76,-29
100,77,-84
100,78,54
100,79,-93
100,80,50
100,81,-31
100,82,-69
100,83,-71
100,84,-33
100,85,16
100,86,-43
100,87,61
100,88,77
100,89,-97
100,90,-26
100,91,79
100,92,98
100,93,-53
100,94,-59
100,95,-8
100,96,-43
100,97,-12
100,98,-46
100,99,-45
100,100,57
100,101,-63
100,102,-34
100,103,-36
100,104,47
100,105,-1
100,106,74
100,107,37
100,108,-27
100,109,24
100,110,28
100,111,32
100,112,62
100,113,-9
100,114,25
100,115,-81
100,116,-6
100,117,-1
100,118,-19
100,119,82
100,120,-75
100,121,54
100,122,20
100,123,-64
100,124,80
100,125,-26
100,126,-6
100,127,-36
100,128,-22
100,129,-24
100,130,60
100,131,94
100,132,-52
100,133,-27
100,134,-45
100,135,13
100,136,40
100,137,17
100,138,83
100,139,-54
100,140,-67
100,141,89
100,142,19
100,143,-15
100,144,25
100,145,8
100,146,-26
100,147,-22
100,148,69
100,149,-95
100,150,-39
100,151,-13
100,152,-88
100,153,12
100,154,-14
100,155,36
100,156,93
100,157,-28
100,158,-81
100,159,52
100,160,49
100,161,82
100,162,-46
100,163,-69
100,164,99
100,165,-99
100,166,30
100,167,-57
100,168,-51
100,169,-34
100,170,70
100,171,-35
100,172,-83
100,173,97
100,174,77
100,175,-96
100,176,74
100,177,45
100,178,-17
100,179,15
100,180,32
100,181,-99
100,182,42
100,183,48
100,184,-35
100,185,-82
100,186,26
100,187,56
100,188,-50
100,189,45
100,190,-74
100,191,19
100,192,21
100,193,-45
100,194,-21
100,195,-19
100,196,-72
100,197,-99
100,198,13
100,199,37
100,200,-94
100,201,25
100,202,5
100,203,-2
100,204,-36
100,205,-53
100,206,58
100,207,85
100,208,-75
100,209,68
100,210,-53
100,211,19
100,212,-59
100,213,-94
100,214,-60
100,215,-76
100,216,-71
100,217,15
100,218,58
100,219,39
100,220,-22
100,221,-23
100,222,-63
100,223,13
100,224,54
100,225,-12
100,226,76
100,227,24
100,228,-32
100,229,22
100,230,59
100,231,-75
100,232,12
100,233,-89
100,234,28
100,235,-21
100,236,-3
100,237,-100
100,238,-15
100,239,-96
100,240,-96
100,241,84
100,242,-79
100,243,-32
100,244,98
100,245,22
100,246,84
100,247,-11
100,248,-50
100,249,78
100,250,97
100,251,-64
100,252,45
100,253,68
100,254,-76
100,255,43
100,256,98
100,257,-49
100,258,-61
100,259,-27
100,260,-20
100,261,-79
100,262,-15
100,263,13
100,264,-44
100,265,14
100,266,-14
100,267,85
100,268,-27
100,269,-37
100,270,-86
100,271,-51
100,272,-96
100,273,75
100,274,42
100,275,20
100,276,-22
100,277,61
100,278,81
100,279,-70
100,280,5
100,281,-36
100,282,-52
100,283,-87
100,284,94
100,285,31
100,286,-79
100,287,79
100,288,57
100,289,-97
100,290,-62
100,291,3
100,292,2
100,293,25
100,294,35
100,295,-35
100,296,34
100,297,-98
100,298,-60
100,299,-98
101,0,-4
101,1,94
101,2,-72
101,3,92
101,4,-42
101,5,-72
101,6,41
101,7,-51
101,8,-31
101,9,-100
101,10,93
101,11,21
101,12,-63
101,13,-62
101,14,-42
101,15,41
101,16,-98
101,17,-12
101,18,41
101,19,-64
101,20,-10
101,21,11
101,22,11
101,23,64
101,24,36
101,25,2
101,26,34
101,27,-88
101,28,18
101,29,-52
101,30,-88
101,31,47
101,32,-19
101,33,-87
101,34,46
101,35,-88
101,36,5
101,37,42
101,38,-66
101,39,51
101,40,28
101,41,-98
101,42,-64
101,43,69
101,44,66
101,45,-7
101,46,26
101,47,-47
101,48,25
101,49,-12
101,50,50
101,51,-4
101,52,-91
101,53,-68
101,54,29
101,55,76
101,56,-89
101,57,45
101,58,63
101,59,-14
101,60,-14
101,61,-93
101,62,-52
101,63,-6
101,64,-11
101,65,-1
101,66,46
101,67,1
101,68,-83
101,69,41
101,70,-11
101,71,31
101,72,-65
101,73,-22
101,74,-1
101,75,-61
101,76,-60
101,77,27
101,78,-38
101,79,10
101,80,-100
101,81,-67
101,82,76
101,83,-54
101,84,-58
101,85,18
101,86,99
101,87,22
101,88,-43
101,89,23
101,90,45
101,91,78
101,92,-86
101,93,81
101,94,4
101,95,67
101,96,-24
101,97,95
101,98,30
101,99,-78
101,100,-3
101,101,79
101,102,-52
101,103,-74
101,104,19
101,105,98
101,106,-39
101,107,-9
101,108,24
101,109,-11
101,110,20
101,111,-73
101,112,-66
101,113,-81
101,114,-98
101,115,-9
101,116,77
101,117,-62
101,118,-100
101,119,67
101,120,36
101,121,-51
101,122,89
101,123,-23
101,124,85
101,125,-55
101,126,-18
101,127,-68
101,128,-31
101,129,-50
101,130,41
101,131,-26
101,132,14
101,133,45
101,134,4
101,135,53
101,136,-88
101,137,64
101,138,74
101,139,-85
101,140,47
101,141,-54
101,142,-41
101,143,-24
101,144,-92
101,145,25
101,146,-17
101,147,97
101,148,-25
101,149,80
101,150,-2
101,151,85
101,152,-96
101,153,78
101,154,-39
101,155,-24
101,156,-50
101,157,-38
101,158,-7
101,159,75
101,160,-8
101,161,61
101,162,-5
101,163,-20
101,164,-12
101,165,-40
101,166,-32
101,167,37
101,168,-36
101,169,37
101,170,56
101,171,99
101,172,-71
101,173,5
101,174,53
101,175,-61
101,176,25
101,177,-22
101,178,-91
101,179,-69
101,180,2
101,181,-87
101,182,35
101,183,48
101,184,-4
101,185,98
101,186,-28
101,187,17
101,188,48
101,189,-92
101,190,-3
101,191,25
101,192,-8
101,193,81
101,194,39
101,195,40
101,196,72
101,197,-92
101,198,95
101,199,90
101,200,75
101,201,85
101,202,13
101,203,-21
101,204,-15
101,205,4
101,206,-89
101,207,98
101,208,69
101,209,-29
101,210,-74
101,211,17
101,212,-10
101,213,-53
101,214,61
101,215,-2
101,216,26
101,217,45
101,218,-5
101,219,-36
101,220,-89
101,221,-4
101,222,-88
101,223,-62
101,224,8
101,225,56
101,226,-20
101,227,23
101,228,71
101,229,-90
101,230,-80
101,231,-68
101,232,-47
101,233,26
101,234,-6
101,235,65
101,236,-11
101,237,84
101,238,-88
101,239,-99
101,240,99
101,241,-88
101,242,-22
101,243,57
101,244,62
101,245,12
101,246,93
101,247,1
101,248,-10
101,249,17
101,250,14
101,251,9
101,252,30
101,253,47
101,254,-39
101,255,-1
101,256,84
101,257,20
101,258,55
101,259,-27
101,260,96
101,261,-99
101,262,14
101,263,1
101,264,-56
101,265,37
101,266,63
101,267,-37
101,268,-84
101,269,-93
101,270,-30
101,271,62
101,272,-70
101,273,-39
101,274,-75
101,275,65
101,276,-70
101,277,-86
101,278,63
101,279,50
101,280,54
101,281,-34
101,282,14
101,283,-98
101,284,-33
101,285,58
101,286,-97
101,287,5
101,288,62
101,289,62
101,290,10
101,291,22
101,292,73
101,293,-95
101,294,-19
101,295,-42
101,296,-85
101,297,64
101,298,-16
101,299,12
102,0,71
102,1,-4
102,2,66
102,3,-8
102,4,62
102,5,42
102,6,-17
102,7,-86
102,8,46
102,9,99
102,10,-94
102,11,68
102,12,-97
102,13,-13
102,14,-3
102,15,-41
102,16,94
102,17,-19
102,18,66
102,19,-44
102,20,50
102,21,12
102,22,-92
102,23,94
102,24,86
102,25,46
102,26,-54
102,27,-71
102,28,-87
102,29,-88
102,30,-88
102,31,-35
102,32,53
102,33,-11
102,34,-41
102,35,-98
102,36,-89
102,37,61
102,38,44
102,39,-77
102,40,-72
102,41,-17
102,42,-25
102,43,-23
102,44,30
102,45,-71
102,46,-96
102,47,-35
102,48,54
102,49,39
102,50,-98
102,51,-72
102,52,-36
102,53,81
102,54,-98
102,55,-67
102,56,-22
102,57,-92
102,58,87
102,59,73
102,60,81
102,61,57
102,62,-49
102,63,-30
102,64,-29
102,65,47
102,66,-96
102,67,78
102,68,-75
102,69,-69
102,70,1
102,71,93
102,72,22
102,73,89
102,74,-91
102,75,40
102,76,56
102,77,-5
102,78,13
102,79,10
102,80,-40
102,81,-35
102,82,-36
102,83,-82
102,84,-29
102,85,86
102,86,-45
102,87,-34
102,88,-16
102,89,-17
102,90,-38
102,91,92
102,92,45
102,93,-35
102,94,1
102,95,-87
102,96,2
102,97,77
102,98,47
102,99,-94
102,100,-87
102,101,-21
102,102,3
102,103,-88
102,104,-43
102,105,-93
102,106,2
102,107,-90
102,108,-6
102,109,12
102,110,-48
102,111,65
102,112,40
102,113,98
102,114,-51
102,115,33
102,116,-92
102,117,-62
102,118,-99
102,119,64
102,120,82
102,121,49
102,122,-21
102,123,-11
102,124,-61
102,125,91
102,126,-68
102,127,90
102,128,52
102,129,-98
102,130,-33
102,131,-44
102,132,44
102,133,-58
102,134,-80
102,135,-86
102,136,-42
102,137,4
102,138,-89
102,139,43
102,140,6
102,141,-73
102,142,88
102,143,63
102,144,-33
102,145,57
102,146,-44
102,147,4
102,148,60
102,149,-95
102,150,-38
102,151,51
102,152,-62
102,153,8
102,154,-17
102,155,-59
102,156,-32
102,157,-91
102,158,47
102,159,-15
102,160,-66
102,161,44
102,162,10
102,163,57
102,164,56
102,165,32
102,166,26
102,167,-2
102,168,-98
102,169,68
102,170,66
102,171,92
102,172,26
102,173,-41
102,174,89
102,175,72
102,176,97
102,177,-18
102,178,-56
102,179,76
102,180,26
102,181,-4
102,182,71
102,183,87
102,184,77
102,185,-86
102,186,-75
102,187,-28
102,188,25
102,189,98
102,190,-76
102,191,87
102,192,77
102,193,-15
102,194,64
102,195,91
102,196,94
102,197,-57
102,198,-11
102,199,44
102,200,56
102,201,11
102,202,81
102,203,56
102,204,44
102,205,3
102,206,-59
102,207,-91
102,208,-78
102,209,79
102,210,18
102,211,-30
102,212,22
102,213,-95
102,214,72
102,215,15
102,216,-36
102,217,-85
102,218,-48
102,219,16
102,220,-93
102,221,-15
102,222,15
102,223,-32
102,224,46
102,225,98
102,226,54
102,227,16
102,228,-72
102,229,-84
102,230,-22
102,231,1
102,232,-53
102,233,-53
102,234,-18
102,235,-38
102,236,-35
102,237,-39
102,238,57
102,239,-6
102,240,86
102,241,-31
102,242,71
102,243,75
102,244,89
102,245,-28
102,246,17
102,247,-92
102,248,9
102,249,-40
102,250,-44
102,251,-28
102,252,30
102,253,53
102,254,85
102,255,-63
102,256,-94
102,257,62
102,258,-65
102,259,-75
102,260,-16
102,261,-90
102,262,16
102,263,0
102,264,-13
102,265,98
102,266,58
102,267,97
102,268,0
102,269,84
102,270,77
102,271,-27
102,272,-42
102,273,44
102,274,-97
102,275,20
102,276,12
102,277,0
102,278,-23
102,279,-93
102,280,0
102,281,11
102,282,77
102,283,-51
102,284,-10
102,285,31
102,286,4
102,287,-83
102,288,-84
102,289,-54
102,290,45
102,291,91
102,292,-71
102,293,90
102,294,-72
102,295,-65
102,296,51
102,297,-13
102,298,-44
102,299,47
103,0,-85
103,1,-45
103,2,46
103,3,47
103,4,-86
103,5,44
103,6,48
103,7,14
103,8,-94
103,9,-32
103,10,-45
103,11,92
103,12,-8
103,13,-19
103,14,81
103,15,94
103,16,-12
103,17,99
103,18,14
103,19,49
103,20,83
103,21,3
103,22,-60
103,23,61
103,24,78
103,25,-27
103,26,83
103,27,-61
103,28,66
103,29,9
103,30,42
103,31,70
103,32,0
103,33,54
103,34,94
103,35,1
103,36,1
103,37,-43
103,38,57
103,39,-73
103,40,-99
103,41,-21
103,42,84
103,43,96
103,44,14
103,45,48
103,46,-56
103,47,-55
103,48,72
103,49,-52
103,50,-56
103,51,-3
103,52,52
103,53,-20
103,54,84
103,55,-63
103,56,-79
103,57,-49
103,58,-77
103,59,-93
103,60,-65
103,61,-27
103,62,-69
103,63,41
103,64,-98
103,65,-7
103,66,-67
103,67,-38
103,68,19
103,69,-97
103,70,3
103,71,-96
103,72,-73
103,73,-67
103,74,88
103,75,28
103,76,14
103,77,53
103,78,-39
103,79,-21
103,80,-36
103,81,93
103,82,-76
103,83,93
103,84,-70
103,85,-39
103,86,-19
103,87,-43
103,88,-1
103,89,81
103,90,85
103,91,-26
103,92,85
103,93,81
103,94,41
103,95,-83
103,96,-31
103,97,-57
103,98,24
103,99,-52
103,100,-29
103,101,36
103,102,25
103,103,17
103,104,-49
103,105,8
103,106,28
103,107,51
103,108,28
103,109,96
103,110,28
103,111,11
103,112,-60
103,113,65
103,114,22
103,115,-56
103,116,0
103,117,14
103,118,93
103,119,-53
103,120,-47
103,121,-65
103,122,24
103,123,51
103,124,-58
103,125,96
103,126,70
103,127,-39
103,128,29
103,129,26
103,130,-20
103,131,-2
103,132,-71
103,133,31
103,134,17
103,135,32
103,136,-63
103,137,-68
103,138,43
103,139,56
103,140,-76
103,141,97
103,142,1
103,143,-90
103,144,-73
103,145,51
103,146,15
103,147,58
103,148,93
103,149,-29
103,150,9
103,151,18
103,152,-33
103,153,-41
103,154,-47
103,155,-74
103,156,-38
103,157,-58
103,158,-40
103,159,-35
103,160,-91
103,161,-42
103,162,-68
103,163,18
103,164,-19
103,165,53
103,166,87
103,167,97
103,168,-80
103,169,-36
103,170,-26
103,171,-18
103,172,-84
103,173,69
103,174,3
103,175,-5
103,176,40
103,177,-95
103,178,79
103,179,52
103,180,-18
103,181,73
103,182,23
103,183,87
103,184,58
103,185,-80
103,186,16
103,187,-7
103,188,7
103,189,83
103,190,74
103,191,-37
103,192,19
103,193,-61
103,194,36
103,195,48
103,196,4
103,197,46
103,198,-60
103,199,55
103,200,-89
103,201,45
103,202,92
103,203,-22
103,204,-54
103,205,74
103,206,-2
103,207,1
103,208,57
103,209,-70
103,210,1
103,211,-77
103,212,-86
103,213,-23
103,214,-82
103,215,-72
103,216,40
103,217,95
103,218,67
103,219,-51
103,220,-53
103,221,14
103,222,79
103,223,-30
103,224,-70
103,225,58
103,226,67
103,227,-44
103,228,-21
103,229,46
103,230,-94
103,231,43
103,232,-46
103,233,83
103,234,42
103,235,1
103,236,73
103,237,-10
103,238,-24
103,239,-40
103,240,45
103,241,-55
103,242,4
103,243,44
103,244,47
103,245,-95
103,246,17
103,247,66
103,248,1
103,249,-89
103,250,-17
103,251,-55
103,252,-26
103,253,-76
103,254,2
103,255,98
103,256,-33
103,257,-53
103,258,-89
103,259,-38
103,260,-91
103,261,44
103,262,67
103,263,-10
103,264,-21
103,265,-93
103,266,29
103,267,52
103,268,57
103,269,3
103,270,-66
103,271,-13
103,272,-57
103,273,19
103,274,34
103,275,27
103,276,-23
103,277,-59
103,278,-11
103,279,-38
103,280,-79
103,281,66
103,282,97
103,283,-59
103,284,87
103,285,-79
103,286,-6
103,287,70
103,288,78
103,289,2
103,290,94
103,291,3
103,292,-42
103,293,14
103,294,23
103,295,-7
103,296,-81
103,297,-45
103,298,-56
103,299,-80
104,0,-10
104,1,23
104,2,-26
104,3,-48
104,4,54
104,5,-68
104,6,-68
104,7,-12
104,8,66
104,9,-36
104,10,44
104,11,32
104,12,-36
104,13,85
104,14,-15
104,15,59
104,16,25
104,17,57
104,18,-15
104,19,65
104,20,-79
104,21,-6
104,22,-47
104,23,-10
104,24,-58
104,25,-7
104,26,5
104,27,31
104,28,-82
104,29,2
104,30,-41
104,31,-46
104,32,-43
104,33,-48
104,34,-38
104,35,-84
104,36,-51
104,37,-5
104,38,82
104,39,84
104,40,-56
104,41,89
104,42,-70
104,43,36
104,44,-60
104,45,-28
104,46,-22
104,47,49
104,48,43
104,49,-58
104,50,7
104,51,-36
104,52,-100
104,53,32
104,54,0
104,55,-12
104,56,-16
104,57,-14
104,58,34
104,59,-33
104,60,-62
104,61,15
104,62,74
104,63,-12
104,64,69
104,65,28
104,66,64
104,67,-27
104,68,55
104,69,39
104,70,-55
104,71,-47
104,72,99
104,73,55
104,74,-64
104,75,-39
104,76,-87
104,77,-36
104,78,96
104,79,-41
104,80,-23
104,81,29
104,82,-46
104,83,95
104,84,-70
104,85,48
104,86,-49
104,87,-6
104,88,60
104,89,-15
104,90,41
104,91,22
104,92,-1
104,93,13
104,94,67
104,95,48
104,96,-45
104,97,-23
104,98,-73
104,99,66
104,100,-56
104,101,-82
104,102,66
104,103,63
104,104,89
104,105,-21
104,106,-44
104,107,44
104,108,55
104,109,90
104,110,2
104,111,19
104,112,-26
104,113,33
104,114,-73
104,115,13
104,116,63
104,117,-13
104,118,-26
104,119,34
104,120,31
104,121,-37
104,122,10
104,123,-71
104,124,71
104,125,-5
104,126,52
104,127,12
104,128,88
104,129,-25
104,130,44
104,131,-68
104,132,2
104,133,18
104,134,72
104,135,45
104,136,18
104,137,67
104,138,-74
104,139,-4
104,140,-46
104,141,-60
104,142,-74
104,143,-35
104,144,-14
104,145,58
104,146,69
104,147,70
104,148,67
104,149,-45
104,150,77
104,151,47
104,152,76
104,153,-37
104,154,72
104,155,-17
104,156,51
104,157,73
104,158,46
104,159,20
104,160,0
104,161,-84
104,162,36
104,163,-36
104,164,-2
104,165,-57
104,166,-26
104,167,-11
104,168,-30
104,169,-68
104,170,48
104,171,97
104,172,-48
104,173,-69
104,174,49
104,175,94
104,176,27
104,177,81
104,178,81
104,179,44
104,180,4
104,181,29
104,182,-50
104,183,67
104,184,61
104,185,-18
104,186,-3
104,187,78
104,188,33
104,189,99
104,190,12
104,191,-94
104,192,-35
104,193,-25
104,194,-8
104,195,-81
104,196,-62
104,197,98
104,198,95
104,199,73
104,200,-62
104,201,-38
104,202,71
104,203,-68
104,204,93
104,205,10
104,206,7
104,207,30
104,208,-25
104,209,66
104,210,51
104,211,-3
104,212,-66
104,213,63
104,214,-43
104,215,95
104,216,-96
104,217,16
104,218,63
104,219,-28
104,220,-83
104,221,58
104,222,-46
104,223,-17
104,224,-79
104,225,96
104,226,-73
104,227,-56
104,228,-17
104,229,67
104,230,55
104,231,-9
104,232,91
104,233,77
104,234,-26
104,235,-3
104,236,-34
104,237,-92
104,238,24
104,239,-25
104,240,-26
104,241,-25
104,242,-30
104,243,24
104,244,88
104,245,88
104,246,66
104,247,-63
104,248,-7
104,249,95
104,250,85
104,251,-35
104,252,-89
104,253,-56
104,254,59
104,255,15
104,256,-19
104,257,36
104,258,1
104,259,-93
104,260,86
104,261,44
104,262,-79
104,263,42
104,264,-53
104,265,51
104,266,-31
104,267,33
104,268,65
104,269,-76
104,270,-46
104,271,47
104,272,88
104,273,-91
104,274,-77
104,275,28
104,276,59
104,277,-77
104,278,-38
104,279,63
104,280,48
104,281,-33
104,282,-55
104,283,-48
104,284,82
104,285,56
104,286,-77
104,287,49
104,288,-90
104,289,33
104,290,53
104,291,86
104,292,-24
104,293,31
104,294,92
104,295,8
104,296,-44
104,297,86
104,298,-1
104,299,38
105,0,-88
105,1,96
105,2,69
105,3,-57
105,4,-29
105,5,98
105,6,33
105,7,-76
105,8,-29
105,9,43
105,10,-77
105,11,88
105,12,-28
105,13,-54
105,14,26
105,15,73
105,16,4
105,17,-26
105,18,85
105,19,-85
105,20,12
105,21,-51
105,22,-75
105,23,97
105,24,-31
105,25,98
105,26,-68
105,27,-39
105,28,-53
105,29,-33
105,30,-58
105,31,88
105,32,78
105,33,83
105,34,11
105,35,10
105,36,23
105,37,2
105,38,91
105,39,-99
105,40,32
105,41,69
105,42,-45
105,43,28
105,44,-92
105,45,-14
105,46,1
105,47,86
105,48,-56
105,49,69
105,50,-92
105,51,-88
105,52,35
105,53,-59
105,54,69
105,55,79
105,56,-58
105,57,52
105,58,64
105,59,94
105,60,23
105,61,-37
105,62,-88
105,63,6
105,64,-79
105,65,-12
105,66,-95
105,67,5
105,68,58
105,69,-80
105,70,67
105,71,-20
105,72,-86
105,73,-33
105,74,29
105,75,-88
105,76,-52
105,77,-12
105,78,-89
105,79,52
105,80,91
105,81,17
105,82,55
105,83,0
105,84,31
105,85,91
105,86,-61
105,87,-77
105,88,-50
105,89,76
105,90,-18
105,91,-93
105,92,-91
105,93,2
105,94,67
105,95,-73
105,96,-30
105,97,35
105,98,82
105,99,-90
105,100,-36
105,101,-25
105,102,59
105,103,-90
105,104,-100
105,105,-7
105,106,-62
105,107,80
105,108,89
105,109,-78
105,110,79
105,111,-12
105,112,66
105,113,-99
105,114,77
105,115,30
105,116,67
105,117,30
105,118,-33
105,119,29
105,120,-35
105,121,-12
105,122,35
105,123,39
105,124,-51
105,125,86
105,126,84
105,127,-54
105,128,-43
105,129,-91
105,130,6
105,131,-41
105,132,40
105,133,-64
105,134,-42
105,135,4
105,136,60
105,137,74
105,138,10
105,139,-4
105,140,-36
105,141,50
105,142,70
105,143,-36
105,144,-77
105,145,-96
105,146,62
105,147,59
105,148,-79
105,149,-2
105,150,54
105,151,-89
105,152,-66
105,153,55
105,154,33
105,155,26
105,156,-44
105,157,66
105,158,62
105,159,-71
105,160,-8
105,161,-95
105,162,-59
105,163,5
105,164,-15
105,165,-30
105,166,-63
105,167,78
105,168,29
105,169,86
105,170,-41
105,171,13
105,172,-96
105,173,50
105,174,41
105,175,-7
105,176,-17
105,177,27
105,178,27
105,179,83
105,180,17
105,181,-82
105,182,-96
105,183,50
105,184,-3
105,185,-15
105,186,94
105,187,7
105,188,-56
105,189,43
105,190,0
105,191,17
105,192,4
105,193,-20
105,194,40
105,195,72
105,196,-1
105,197,93
105,198,22
105,199,32
105,200,70
105,201,-81
105,202,-12
105,203,13
105,204,-65
105,205,-87
105,206,38
105,207,20
105,208,-65
105,209,31
105,210,79
105,211,-31
105,212,-99
105,213,27
105,214,-93
105,215,96
105,216,48
105,217,65
105,218,35
105,219,12
105,220,99
105,221,-28
105,222,-33
105,223,-68
105,224,-52
105,225,-54
105,226,78
105,227,42
105,228,-32
105,229,11
105,230,-78
105,231,-90
105,232,93
105,233,63
105,234,-28
105,235,-95
105,236,53
105,237,-31
105,238,-22
105,239,44
105,240,-34
105,241,31
105,242,7
105,243,57
105,244,-63
105,245,44
105,246,6
105,247,20
105,248,-3
105,249,20
105,250,-89
105,251,-85
105,252,40
105,253,69
105,254,-57
105,255,-34
105,256,54
105,257,-31
105,258,-71
105,259,-43
105,260,27
105,261,44
105,262,9
105,263,-86
105,264,-98
105,265,99
105,266,-36
105,267,-50
105,268,35
105,269,-95
105,270,52
105,271,-91
105,272,25
105,273,-41
105,274,40
105,275,45
105,276,83
105,277,2
105,278,38
105,279,65
105,280,-26
105,281,93
105,282,38
105,283,87
105,284,-30
105,285,9
105,286,51
105,287,-87
105,288,0
105,289,-57
105,290,28
105,291,-10
105,292,82
105,293,-2
105,294,51
105,295,-67
105,296,1
105,297,-89
105,298,-46
105,299,-21
106,0,42
106,1,-19
106,2,-36
106,3,-76
106,4,-28
106,5,89
106,6,-42
106,7,53
106,8,-31
106,9,-65
106,10,63
106,11,54
106,12,-46
106,13,62
106,14,-50
106,15,1
106,16,-71
106,17,21
106,18,82
106,19,35
106,20,-54
106,21,-52
106,22,-12
106,23,40
106,24,-65
106,25,-63
106,26,-10
106,27,80
106,28,42
106,29,-86
106,30,67
106,31,-50
106,32,-64
106,33,45
106,34,-95
106,35,-30
106,36,99
106,37,-99
106,38,-22
106,39,3
106,40,-8
106,41,-32
106,42,83
106,43,-41
106,44,5
106,45,-21
106,46,-48
106,47,84
106,48,-82
106,49,72
106,50,-33
106,51,-26
106,52,-1
106,53,-37
106,54,92
106,55,48
106,56,28
106,57,-80
106,58,-85
106,59,-95
106,60,49
106,61,-45
106,62,18
106,63,41
106,64,8
106,65,42
106,66,16
106,67,-53
106,68,-33
106,69,-34
106,70,94
106,71,-65
106,72,-20
106,73,33
106,74,-51
106,75,-99
106,76,39
106,77,22
106,78,-91
106,79,35
106,80,-32
106,81,-21
106,82,-9
106,83,42
106,84,-78
106,85,-31
106,86,16
106,87,71
106,88,-40
106,89,-71
106,90,-47
106,91,-17
106,92,12
106,93,42
106,94,31
106,95,51
106,96,-58
106,97,-27
106,98,69
106,99,38
106,100,19
106,101,88
106,102,38
106,103,-78
106,104,-31
106,105,-10
106,106,84
106,107,-9
106,108,31
106,109,26
106,110,-89
106,111,75
106,112,40
106,113,-61
106,114,33
106,115,-75
106,116,58
106,117,70
106,118,12
106,119,59
106,120,1
106,121,-91
106,122,54
106,123,-4
106,124,-73
106,125,-79
106,126,21
106,127,4
106,128,-47
106,129,85
106,130,96
106,131,-28
106,132,-27
106,133,79
106,134,26
106,135,-100
106,136,18
106,137,-84
106,138,-68
106,139,79
106,140,88
106,141,-83
106,142,94
106,143,-43
106,144,-91
106,145,45
106,146,71
106,147,32
106,148,1
106,149,-89
106,150,93
106,151,91
106,152,-19
106,153,40
106,154,-26
106,155,97
106,156,84
106,157,-77
106,158,75
106,159,22
106,160,94
106,161,-15
106,162,50
106,163,47
106,164,-5
106,165,40
106,166,-14
106,167,-30
106,168,38
106,169,-60
106,170,-78
106,171,29
106,172,63
106,173,0
106,174,51
106,175,71
106,176,-66
106,177,-9
106,178,70
106,179,91
106,180,-37
106,181,-85
106,182,-50
106,183,-18
106,184,17
106,185,-50
106,186,-76
106,187,9
106,188,-19
106,189,76
106,190,-51
106,191,27
106,192,-88
106,193,-29
106,194,-71
106,195,73
106,196,72
106,197,-34
106,198,-56
106,199,-17
106,200,99
106,201,5
106,202,-72
106,203,64
106,204,-55
106,205,9
106,206,74
106,207,28
106,208,69
106,209,28
106,210,39
106,211,-25
106,212,-42
106,213,67
106,214,54
106,215,-47
106,216,-33
106,217,77
106,218,11
106,219,-95
106,220,-78
106,221,49
106,222,-53
106,223,-21
106,224,8
106,225,-71
106,226,61
106,227,-20
106,228,25
106,229,-72
106,230,-69
106,231,47
106,232,-14
106,233,81
106,234,56
106,235,77
106,236,-57
106,237,-44
106,238,40
106,239,-13
106,240,-57
106,241,12
106,242,98
106,243,69
106,244,3
106,245,-57
106,246,24
106,247,75
106,248,-51
106,249,27
106,250,-60
106,251,-95
106,252,-67
106,253,26
106,254,48
106,255,-72
106,256,-88
106,257,4
106,258,-84
106,259,-83
106,260,-77
106,261,-30
106,262,-22
106,263,23
106,264,-58
106,265,-34
106,266,53
106,267,-49
106,268,49
106,269,-33
106,270,82
106,271,-26
106,272,65
106,273,46
106,274,14
106,275,-45
106,276,96
106,277,95
106,278,76
106,279,80
106,280,80
106,281,1
106,282,56
106,283,10
106,284,61
106,285,-76
106,286,-72
106,287,35
106,288,9
106,289,63
106,290,-93
106,291,10
106,292,-45
106,293,-27
106,294,-75
106,295,-22
106,296,89
106,297,-97
106,298,0
106,299,-74
107,0,-48
107,1,27
107,2,-83
107,3,-10
107,4,11
107,5,-65
107,6,32
107,7,77
107,8,-46
107,9,-90
107,10,37
107,11,12
107,12,73
107,13,-24
107,14,-31
107,15,61
107,16,-95
107,17,-18
107,18,84
107,19,22
107,20,97
107,21,-15
107,22,-37
107,23,33
107,24,11
107,25,-16
107,26,31
107,27,42
107,28,5
107,29,34
107,30,12
107,31,92
107,32,-81
107,33,-67
107,34,-27
107,35,-88
107,36,68
107,37,92
107,38,57
107,39,-41
107,40,45
107,41,-38
107,42,69
107,43,-54
107,44,11
107,45,-73
107,46,87
107,47,-61
107,48,-68
107,49,-36
107,50,-25
107,51,29
107,52,-89
107,53,33
107,54,54
107,55,-13
107,56,-4
107,57,12
107,58,-30
107,59,-4
107,60,45
107,61,26
107,62,-42
107,63,19
107,64,19
107,65,-82
107,66,33
107,67,-51
107,68,-63
107,69,84
107,70,35
107,71,46
107,72,-47
107,73,19
107,74,-63
107,75,59
107,76,95
107,77,-75
107,78,-39
107,79,50
107,80,22
107,81,45
107,82,-41
107,83,-52
107,84,-32
107,85,-53
107,86,34
107,87,40
107,88,-12
107,89,8
107,90,-94
107,91,-72
107,92,-65
107,93,11
107,94,86
107,95,22
107,96,-85
107,97,-20
107,98,-92
107,99,-20
107,100,54
107,101,41
107,102,-36
107,103,-52
107,104,-71
107,105,35
107,106,-41
107,107,98
107,108,92
107,109,-3
107,110,44
107,111,46
107,112,79
107,113,-9
107,114,-59
107,115,23
107,116,32
107,117,-33
107,118,-13
107,119,14
107,120,-38
107,121,-9
107,122,2
107,123,-40
107,124,95
107,125,99
107,126,10
107,127,-32
107,128,38
107,129,-93
107,130,11
107,131,-21
107,132,-85
107,133,-20
107,134,-10
107,135,-63
107,136,43
107,137,39
107,138,-66
107,139,61
107,140,27
107,141,46
107,142,-5
107,143,56
107,144,-42
107,145,-1
107,146,40
107,147,96
107,148,-54
107,149,-79
107,150,-48
107,151,-59
107,152,98
107,153,-6
107,154,71
107,155,-79
107,156,14
107,157,28
107,158,10
107,159,-60
107,160,-24
107,161,-11
107,162,39
107,163,81
107,164,56
107,165,83
107,166,-44
107,167,55
107,168,95
107,169,82
107,170,-55
107,171,-73
107,172,81
107,173,58
107,174,85
107,175,70
107,176,18
107,177,51
107,178,9
107,179,67
107,180,-40
107,181,-58
107,182,51
107,183,-86
107,184,69
107,185,-9
107,186,89
107,187,12
107,188,-18
107,189,-93
107,190,-70
107,191,-28
107,192,39
107,193,65
107,194,-12
107,195,-36
107,196,-75
107,197,87
107,198,-29
107,199,-23
107,200,-41
107,201,-87
107,202,-49
107,203,73
107,204,-9
107,205,-21
107,206,78
107,207,-42
107,208,2
107,209,10
107,210,82
107,211,-6
107,212,51
107,213,17
107,214,-19
107,215,76
107,216,-35
107,217,21
107,218,45
107,219,46
107,220,31
107,221,69
107,222,40
107,223,-36
107,224,-65
107,225,51
107,226,-69
107,227,35
107,228,70
107,229,-94
107,230,3
107,231,-7
107,232,-26
107,233,10
107,234,-57
107,235,-20
107,236,-3
107,237,81
107,238,22
107,239,38
107,240,43
107,241,-43
107,242,-31
107,243,73
107,244,-23
107,245,65
107,246,54
107,247,12
107,248,37
107,249,-31
107,250,95
107,251,-68
107,252,-24
107,253,42
107,254,45
107,255,-58
107,256,16
107,257,-6
107,258,83
107,259,-14
107,260,-35
107,261,75
107,262,-18
107,263,66
107,264,-92
107,265,18
107,266,-99
107,267,89
107,268,-63
107,269,-10
107,270,29
107,271,-98
107,272,-7
107,273,73
107,274,-43
107,275,44
107,276,-5
107,277,-24
107,278,15
107,279,61
107,280,50
107,281,-24
107,282,-48
107,283,88
107,284,-16
107,285,10
107,286,78
107,287,46
107,288,17
107,289,34
107,290,-75
107,291,10
107,292,87
107,293,-45
107,294,38
107,295,24
107,296,-25
107,297,-43
107,298,67
107,299,63
108,0,-17
108,1,97
108,2,-15
108,3,1
108,4,-90
108,5,-12
108,6,-47
108,7,-82
108,8,80
108,9,35
108,10,64
108,11,-6
108,12,-16
108,13,52
108,14,34
108,15,-15
108,16,6
108,17,26
108,18,-30
108,19,-23
108,20,35
108,21,-7
108,22,82
108,23,-17
108,24,83
108,25,5
108,26,75
108,27,-50
108,28,-81
108,29,-36
108,30,90
108,31,-94
108,32,-37
108,33,-53
108,34,26
108,35,-29
108,36,27
108,37,-23
108,38,-46
108,39,-29
108,40,-28
108,41,66
108,42,-44
108,43,-12
108,44,63
108,45,-16
108,46,9
108,47,-74
108,48,-5
108,49,-70
108,50,-45
108,51,90
108,52,-62
108,53,80
108,54,-53
108,55,-64
108,56,-88
108,57,77
108,58,-54
108,59,-79
108,60,90
108,61,-98
108,62,-28
108,63,-23
108,64,-32
108,65,-71
108,66,-8
108,67,5
108,68,76
108,69,6
108,70,17
108,71,2
108,72,-71
108,73,80
108,74,-45
108,75,-40
108,76,-11
108,77,-3
108,78,92
108,79,67
108,80,-96
108,81,-75
108,82,-85
108,83,31
108,84,-15
108,85,77
108,86,-77
108,87,10
108,88,-19
108,89,-67
108,90,-61
108,91,-14
108,92,-23
108,93,4
108,94,-14
108,95,-98
108,96,70
108,97,67
108,98,-21
108,99,91
108,100,91
108,101,-78
108,102,-96
108,103,47
108,104,53
108,105,-49
108,106,0
108,107,-3
108,108,-24
108,109,53
108,110,-7
108,111,-84
108,112,24
108,113,87
108,114,-19
108,115,-56
108,116,-4
108,117,0
108,118,-51
108,119,-64
108,120,24
108,121,-65
108,122,-64
108,123,35
108,124,27
108,125,90
108,126,5
108,127,91
108,128,22
108,129,22
108,130,-25
108,131,9
108,132,-41
108,133,43
108,134,-23
108,135,43
108,136,80
108,137,89
108,138,-52
108,139,-71
108,140,31
108,141,96
108,142,-64
108,143,83
108,144,11
108,145,13
108,146,-58
108,147,14
108,148,-56
108,149,67
108,150,-69
108,151,11
108,152,79
108,153,-2
108,154,-69
108,155,-95
108,156,-61
108,157,-91
108,158,77
108,159,87
108,160,-1
108,161,-16
108,162,11
108,163,9
108,164,10
108,165,-43
108,166,30
108,167,83
108,168,-93
108,169,-7
108,170,80
108,171,15
108,172,-16
108,173,45
108,174,-50
108,175,93
108,176,81
108,177,-61
108,178,-86
108,179,-41
108,180,9
108,181,-45
108,182,-44
108,183,29
108,184,-92
108,185,67
108,186,10
108,187,-49
108,188,-69
108,189,-41
108,190,-38
108,191,38
108,192,-8
108,193,28
108,194,-47
108,195,-41
108,196,37
108,197,23
108,198,80
108,199,-46
108,200,90
108,201,53
108,202,27
108,203,-83
108,204,10
108,205,-94
108,206,34
108,207,22
108,208,70
108,209,46
108,210,-9
108,211,-14
108,212,-85
108,213,73
108,214,95
108,215,-54
108,216,70
108,217,-10
108,218,81
108,219,-72
108,220,-33
108,221,-33
108,222,11
108,223,-30
108,224,-84
108,225,33
108,226,4
108,227,28
108,228,80
108,229,-64
108,230,58
108,231,-9
108,232,-69
108,233,38
108,234,-99
108,235,72
108,236,85
108,237,-43
108,238,-6
108,239,92
108,240,-100
108,241,-73
108,242,-42
108,243,-73
108,244,-83
108,245,51
108,246,-40
108,247,-31
108,248,-41
108,249,-57
108,250,-23
108,251,-29
108,252,-89
108,253,64
108,254,-31
108,255,-21
108,256,-38
108,257,61
108,258,17
108,259,46
108,260,12
108,261,35
108,262,13
108,263,-60
108,264,-17
108,265,76
108,266,-50
108,267,21
108,268,-83
108,269,-26
108,270,-62
108,271,-9
108,272,-37
108,273,22
108,274,-75
108,275,-70
108,276,-89
108,277,37
108,278,-16
108,279,60
108,280,-99
108,281,-49
108,282,-1
108,283,-24
108,284,-89
108,285,27
108,286,-99
108,287,52
108,288,-57
108,289,40
108,290,17
108,291,56
108,292,-24
108,293,91
108,294,83
108,295,-46
108,296,-10
108,297,-87
108,298,61
108,299,39
109,0,-98
109,1,54
109,2,70
109,3,-10
109,4,81
109,5,77
109,6,4
109,7,-69
109,8,53
109,9,44
109,10,98
109,11,-9
109,12,31
109,13,72
109,14,99
109,15,-83
109,16,80
109,17,16
109,18,72
109,19,38
109,20,3
109,21,42
109,22,-57
109,23,50
109,24,11
109,25,-44
109,26,-91
109,27,34
109,28,84
109,29,32
109,30,-27
109,31,2
109,32,-66
109,33,-20
109,34,77
109,35,37
109,36,6
109,37,56
109,38,59
109,39,-48
109,40,-26
109,41,57
109,42,39
109,43,74
109,44,-33
109,45,-16
109,46,-47
109,47,32
109,48,-29
109,49,-23
109,50,28
109,51,-76
109,52,52
109,53,77
109,54,-8
109,55,-72
109,56,-73
109,57,77
109,58,-85
109,59,-74
109,60,25
109,61,-75
109,62,22
109,63,32
109,64,-24
109,65,39
109,66,30
109,67,-64
109,68,11
109,69,67
109,70,-22
109,71,-40
109,72,-78
109,73,-3
109,74,-69
109,75,3
109,76,-97
109,77,-42
109,78,91
109,79,-61
109,80,-77
109,81,18
109,82,-50
109,83,55
109,84,43
109,85,44
109,86,-3
109,87,38
109,88,22
109,89,78
109,90,-44
109,91,31
109,92,-43
109,93,62
109,94,-51
109,95,-66
109,96,43
109,97,-40
109,98,-84
109,99,90
109,100,65
109,101,-87
109,102,21
109,103,7
109,104,97
109,105,-37
109,106,-8
109,107,-58
109,108,-62
109,109,-52
109,110,-86
109,111,51
109,112,-11
109,113,-15
109,114,84
109,115,16
109,116,-91
109,117,-47
109,118,-79
109,119,-33
109,120,6
109,121,-92
109,122,-99
109,123,17
109,124,-52
109,125,-4
109,126,-23
109,127,-32
109,128,83
109,129,-28
109,130,89
109,131,-20
109,132,38
109,133,-15
109,134,-46
109,135,-57
109,136,-31
109,137,-66
109,138,33
109,139,-41
109,140,88
109,141,0
109,142,-37
109,143,-50
109,144,30
109,145,-58
109,146,-83
109,147,91
109,148,21
109,149,2
109,150,55
109,151,-65
109,152,-86
109,153,80
109,154,97
109,155,59
109,156,87
109,157,83
109,158,-46
109,159,-16
109,160,-59
109,161,-40
109,162,-10
109,163,-77
109,164,75
109,165,-21
109,166,89
109,167,69
109,168,14
109,169,56
109,170,8
109,171,91
109,172,1
109,173,81
109,174,42
109,175,58
109,176,36
109,177,44
109,178,89
109,179,-35
109,180,-46
109,181,4
109,182,-35
109,183,-76
109,184,-6
109,185,10
109,186,10
109,187,6
109,188,43
109,189,33
109,190,-92
109,191,77
109,192,-48
109,193,96
109,194,-63
109,195,2
109,196,81
109,197,-51
109,198,-15
109,199,-73
109,200,29
109,201,0
109,202,94
109,203,-97
109,204,50
109,205,50
109,206,-45
109,207,-33
109,208,10
109,209,41
109,210,-98
109,211,61
109,212,31
109,213,-41
109,214,-96
109,215,99
109,216,-72
109,217,-3
109,218,40
109,219,-92
109,220,18
109,221,-24
109,222,62
109,223,-4
109,224,30
109,225,-97
109,226,24
109,227,24
109,228,0
109,229,-35
109,230,46
109,231,78
109,232,17
109,233,-63
109,234,10
109,235,-84
109,236,45
109,237,-1
109,238,83
109,239,9
109,240,-96
109,241,-73
109,242,-76
109,243,38
109,244,-77
109,245,-79
109,246,-71
109,247,24
109,248,-38
109,249,-17
109,250,48
109,251,-20
109,252,98
109,253,12
109,254,41
109,255,-29
109,256,11
109,257,43
109,258,-23
109,259,22
109,260,-68
109,261,60
109,262,-47
109,263,-77
109,264,94
109,265,74
109,266,28
109,267,2
109,268,-48
109,269,-61
109,270,-42
109,271,58
109,272,45
109,273,61
109,274,84
109,275,-69
109,276,-80
109,277,-51
109,278,54
109,279,23
109,280,89
109,281,-2
109,282,-30
109,283,-2
109,284,53
109,285,-77
109,286,-56
109,287,8
109,288,22
109,289,-48
109,290,90
109,291,20
109,292,-4
109,293,88
109,294,-96
109,295,-26
109,296,-10
109,297,14
109,298,-26
109,299,-14
110,0,34
110,1,-50
110,2,-46
110,3,63
110,4,-90
110,5,75
110,6,38
110,7,-54
110,8,-66
110,9,-9
110,10,-44
110,11,-19
110,12,-75
110,13,-37
110,14,-51
110,15,-88
110,16,75
110,17,3
110,18,86
110,19,-74
110,20,-51
110,21,-62
110,22,-29
110,23,-83
110,24,-87
110,25,-75
110,26,80
110,27,72
110,28,1
110,29,62
110,30,75
110,31,-19
110,32,56
110,33,31
110,34,-14
110,35,54
110,36,44
110,37,24
110,38,-63
110,39,90
110,40,42
110,41,-67
110,42,70
110,43,-38
110,44,-95
110,45,-16
110,46,24
110,47,23
110,48,22
110,49,-65
110,50,56
110,51,-69
110,52,87
110,53,35
110,54,-41
110,55,67
110,56,-91
110,57,-23
110,58,36
110,59,-39
110,60,7
110,61,58
110,62,77
110,63,26
110,64,-42
110,65,5
110,66,94
110,67,-74
110,68,30
110,69,34
110,70,62
110,71,92
110,72,-31
110,73,99
110,74,53
110,75,29
110,76,-23
110,77,-80
110,78,-46
110,79,-59
110,80,90
110,81,27
110,82,-47
110,83,-83
110,84,78
110,85,7
110,86,-26
110,87,-31
110,88,-86
110,89,-13
110,90,90
110,91,-69
110,92,93
110,93,46
110,94,76
110,95,91
110,96,41
110,97,19
110,98,-17
110,99,21
110,100,93
110,101,45
110,102,60
110,103,-28
110,104,84
110,105,18
110,106,-77
110,107,-24
110,108,-58
110,109,64
110,110,33
110,111,-42
110,112,-98
110,113,55
110,114,-20
110,115,-90
110,116,2
110,117,-1
110,118,-58
110,119,69
110,120,78
110,121,-2
110,122,-29
110,123,-58
110,124,86
110,125,-95
110,126,67
110,127,51
110,128,-3
110,129,-69
110,130,-28
110,131,-14
110,132,24
110,133,-37
110,134,-71
110,135,-42
110,136,-97
110,137,-98
110,138,96
110,139,9
110,140,-62
110,141,67
110,142,-45
110,143,31
110,144,-71
110,145,-84
110,146,25
110,147,82
110,148,32
110,149,-83
110,150,-13
110,151,-50
110,152,-73
110,153,-83
110,154,-51
110,155,63
110,156,-18
110,157,54
110,158,-58
110,159,-96
110,160,20
110,161,87
110,162,-61
110,163,-81
110,164,57
110,165,-53
110,166,93
110,167,-52
110,168,-47
110,169,4
110,170,95
110,171,51
110,172,47
110,173,-16
110,174,54
110,175,31
110,176,2
110,177,-36
110,178,-64
110,179,-1
110,180,-64
110,181,-84
110,182,-56
110,183,-48
110,184,57
110,185,63
110,186,-78
110,187,-30
110,188,13
110,189,80
110,190,-54
110,191,-14
110,192,60
110,193,49
110,194,16
110,195,-42
110,196,-33
110,197,-47
110,198,-10
110,199,-35
110,200,90
110,201,19
110,202,-64
110,203,-29
110,204,-58
110,205,-94
110,206,-92
110,207,23
110,208,-62
110,209,80
110,210,86
110,211,82
110,212,75
110,213,-95
110,214,90
110,215,97
110,216,-26
110,217,5
110,218,-87
110,219,7
110,220,33
110,221,-41
110,222,-12
110,223,66
110,224,99
110,225,94
110,226,-40
110,227,70
110,228,10
110,229,-26
110,230,28
110,231,83
110,232,92
110,233,-73
110,234,88
110,235,20
110,236,80
110,237,-50
110,238,84
110,239,23
110,240,40
110,241,42
110,242,97
110,243,46
110,244,26
110,245,96
110,246,-74
110,247,-10
110,248,82
110,249,-2
110,250,-37
110,251,-50
110,252,8
110,253,74
110,254,-70
110,255,53
110,256,88
110,257,-68
110,258,13
110,259,-83
110,260,-79
110,261,14
110,262,1
110,263,85
110,264,-81
110,265,95
110,266,-95
110,267,-86
110,268,-56
110,269,9
110,270,17
110,271,-76
110,272,-41
110,273,39
110,274,71
110,275,-49
110,276,79
110,277,-93
110,278,5
110,279,78
110,280,-71
110,281,37
110,282,70
110,283,-65
110,284,66
110,285,-68
110,286,-98
110,287,8
110,288,-6
110,289,-23
110,290,31
110,291,30
110,292,22
110,293,75
110,294,-87
110,295,42
110,296,-1
110,297,26
110,298,58
110,299,4
111,0,22
111,1,83
111,2,-94
111,3,41
111,4,99
111,5,-93
111,6,97
111,7,-40
111,8,14
111,9,31
111,10,-84
111,11,90
111,12,-59
111,13,-58
111,14,-82
111,15,81
111,16,77
111,17,-93
111,18,52
111,19,29
111,20,-60
111,21,-41
111,22,-87
111,23,37
111,24,-27
111,25,85
111,26,-98
111,27,33
111,28,34
111,29,38
111,30,-68
111,31,-36
111,32,-28
111,33,31
111,34,-64
111,35,55
111,36,-26
111,37,-90
111,38,36
111,39,26
111,40,80
111,41,4
111,42,53
111,43,96
111,44,-87
111,45,67
111,46,-21
111,47,-2
111,48,97
111,49,-64
111,50,3
111,51,66
111,52,18
111,53,80
111,54,69
111,55,58
111,56,43
111,57,-66
111,58,63
111,59,53
111,60,37
111,61,-93
111,62,48
111,63,-34
111,64,39
111,65,20
111,66,1
111,67,-78
111,68,-100
111,69,88
111,70,73
111,71,32
111,72,12
111,73,-65
111,74,-5
111,75,-68
111,76,42
111,77,-74
111,78,-93
111,79,-75
111,80,-74
111,81,-27
111,82,49
111,83,13
111,84,-13
111,85,-99
111,86,26
111,87,-26
111,88,98
111,89,-39
111,90,74
111,91,-56
111,92,-99
111,93,-3
111,94,-52
111,95,75
111,96,59
111,97,2
111,98,-80
111,99,-77
111,100,-23
111,101,-68
111,102,-57
111,103,88
111,104,6
111,105,-80
111,106,-58
111,107,66
111,108,-18
111,109,12
111,110,90
111,111,31
111,112,-85
111,113,-14
111,114,-43
111,115,-44
111,116,83
111,117,-73
111,118,-99
111,119,-56
111,120,-68
111,121,3
111,122,-98
111,123,34
111,124,2
111,125,-46
111,126,-90
111,127,-88
111,128,-18
111,129,16
111,130,-1
111,131,-20
111,132,88
111,133,-37
111,134,-98
111,135,19
111,136,-90
111,137,17
111,138,-99
111,139,43
111,140,-44
111,141,28
111,142,7
111,143,-90
111,144,81
111,145,-38
111,146,14
111,147,-61
111,148,87
111,149,-43
111,150,-58
111,151,-14
111,152,39
111,153,50
111,154,39
111,155,35
111,156,37
111,157,-10
111,158,7
111,159,63
111,160,10
111,161,-60
111,162,-57
111,163,-52
111,164,-27
111,165,-30
111,166,-98
111,167,-33
111,168,-38
111,169,-30
111,170,15
111,171,98
111,172,-91
111,173,70
111,174,-21
111,175,-75
111,176,92
111,177,9
111,178,-13
111,179,-56
111,180,-22
111,181,93
111,182,-99
111,183,17
111,184,1
111,185,-44
111,186,60
111,187,31
111,188,-28
111,189,-22
111,190,-9
111,191,-18
111,192,-48
111,193,-72
111,194,51
111,195,-13
111,196,-43
111,197,76
111,198,74
111,199,12
111,200,-6
111,201,73
111,202,-95
111,203,-78
111,204,-67
111,205,57
111,206,-21
111,207,-92
111,208,29
111,209,87
111,210,-31
111,211,-64
111,212,-73
111,213,66
111,214,-82
111,215,15
111,216,-39
111,217,-61
111,218,-37
111,219,27
111,220,53
111,221,18
111,222,36
111,223,-38
111,224,-99
111,225,-75
111,226,-38
111,227,0
111,228,-79
111,229,12
111,230,72
111,231,7
111,232,59
111,233,-99
111,234,-10
111,235,49
111,236,15
111,237,-22
111,238,12
111,239,-100
111,240,-79
111,241,64
111,242,49
111,243,-71
111,244,47
111,245,77
111,246,-70
111,247,-65
111,248,-62
111,249,-90
111,250,74
111,251,86
111,252,-71
111,253,34
111,254,-59
111,255,64
111,256,88
111,257,-30
111,258,57
111,259,96
111,260,-26
111,261,-2
111,262,54
111,263,-63
111,264,74
111,265,98
111,266,-59
111,267,-63
111,268,-34
111,269,87
111,270,-88
111,271,-29
111,272,-35
111,273,-67
111,274,91
111,275,-36
111,276,-29
111,277,-1
111,278,-75
111,279,61
111,280,-36
111,281,-9
111,282,-26
111,283,60
111,284,30
111,285,-89
111,286,-92
111,287,22
111,288,2
111,289,-72
111,290,-45
111,291,-82
111,292,26
111,293,59
111,294,39
111,295,-16
111,296,10
111,297,33
111,298,31
111,299,22
112,0,-3
112,1,2
112,2,-58
112,3,-95
112,4,-10
112,5,56
112,6,58
112,7,-85
112,8,-84
112,9,-23
112,10,34
112,11,7
112,12,33
112,13,-92
112,14,-79
112,15,-29
112,16,42
112,17,-68
112,18,77
112,19,-41
112,20,-17
112,21,-10
112,22,62
112,23,-100
112,24,-8
112,25,80
112,26,27
112,27,-73
112,28,94
112,29,65
112,30,83
112,31,74
112,32,58
112,33,-31
112,34,-87
112,35,93
112,36,-24
112,37,-9
112,38,90
112,39,-16
112,40,-25
112,41,-7
112,42,-75
112,43,-11
112,44,-74
112,45,-43
112,46,91
112,47,-48
112,48,-11
112,49,4
112,50,-72
112,51,12
112,52,19
112,53,25
112,54,48
112,55,-95
112,56,-38
112,57,39
112,58,94
112,59,3
112,60,79
112,61,-70
112,62,79
112,63,25
112,64,-39
112,65,50
112,66,-6
112,67,39
112,68,-59
112,69,3
112,70,18
112,71,-43
112,72,46
112,73,-45
112,74,-54
112,75,87
112,76,28
112,77,-7
112,78,45
112,79,13
112,80,-30
112,81,-19
112,82,-18
112,83,70
112,84,27
112,85,28
112,86,-98
112,87,-18
112,88,88
112,89,45
112,90,53
112,91,21
112,92,-6
112,93,-9
112,94,3
112,95,16
112,96,-41
112,97,-78
112,98,72
112,99,92
112,100,18
112,101,-56
112,102,14
112,103,39
112,104,-81
112,105,-44
112,106,-57
112,107,-16
112,108,30
112,109,29
112,110,-53
112,111,-84
112,112,-28
112,113,-55
112,114,-84
112,115,-73
112,116,-91
112,117,-39
112,118,14
112,119,-69
112,120,72
112,121,30
112,122,75
112,123,-7
112,124,-29
112,125,-10
112,126,-81
112,127,-69
112,128,-90
112,129,21
112,130,-51
112,131,53
112,132,44
112,133,-31
112,134,-73
112,135,98
112,136,-52
112,137,-62
112,138,-71
112,139,-94
112,140,93
112,141,36
112,142,95
112,143,75
112,144,72
112,145,90
112,146,-4
112,147,43
112,148,-50
112,149,66
112,150,61
112,151,-53
112,152,-69
112,153,37
112,154,-20
112,155,-38
112,156,8
112,157,44
112,158,-5
112,159,81
112,160,30
112,161,-67
112,162,-32
112,163,22
112,164,-29
112,165,-58
112,166,86
112,167,98
112,168,94
112,169,10
112,170,-30
112,171,-63
112,172,-15
112,173,-2
112,174,-17
112,175,67
112,176,55
112,177,-3
112,178,-9
112,179,62
112,180,95
112,181,-97
112,182,-21
112,183,-60
112,184,62
112,185,-70
112,186,65
112,187,-46
112,188,47
112,189,86
112,190,-88
112,191,-8
112,192,62
112,193,76
112,194,-12
112,195,-50
112,196,-69
112,197,-76
112,198,-51
112,199,4
112,200,-3
112,201,26
112,202,28
112,203,-16
112,204,82
112,205,60
112,206,27
112,207,-74
112,208,53
112,209,-21
112,210,36
112,211,-45
112,212,86
112,213,-30
112,214,-98
112,215,-3
112,216,-26
112,217,-28
112,218,87
112,219,-20
112,220,-50
112,221,-62
112,222,-7
112,223,-16
112,224,4
112,225,15
112,226,67
112,227,53
112,228,-69
112,229,-84
112,230,12
112,231,-13
112,232,86
112,233,64
112,234,-17
112,235,58
112,236,67
112,237,-3
112,238,-48
112,239,11
112,240,-16
112,241,57
112,242,68
112,243,61
112,244,-8
112,245,76
112,246,10
112,247,-3
112,248,-38
112,249,-19
112,250,37
112,251,-3
112,252,-28
112,253,80
112,254,-61
112,255,-10
112,256,61
112,257,57
112,258,-30
112,259,24
112,260,27
112,261,-37
112,262,-35
112,263,35
112,264,-70
112,265,57
112,266,-46
112,267,49
112,268,-87
112,269,-72
112,270,81
112,271,85
112,272,32
112,273,89
112,274,-30
112,275,-90
112,276,-29
112,277,-38
112,278,-11
112,279,11
112,280,18
112,281,-86
112,282,28
112,283,-74
112,284,-50
112,285,77
112,286,-71
112,287,-49
112,288,-32
112,289,-82
112,290,-86
112,291,7
112,292,15
112,293,19
112,294,36
112,295,13
112,296,-24
112,297,13
112,298,84
112,299,-7
113,0,-38
113,1,-84
113,2,-26
113,3,28
113,4,-97
113,5,79
113,6,-14
113,7,-59
113,8,-62
113,9,1
113,10,73
113,11,56
113,12,-36
113,13,-49
113,14,-94
113,15,33
113,16,15
113,17,84
113,18,66
113,19,84
113,20,71
113,21,-77
113,22,6
113,23,89
113,24,58
113,25,-82
113,26,-2
113,27,42
113,28,64
113,29,68
113,30,-58
113,31,3
113,32,78
113,33,55
113,34,25
113,35,-8
113,36,-90
113,37,-55
113,38,-36
113,39,-33
113,40,-100
113,41,-86
113,42,7
113,43,-52
113,44,18
113,45,-8
113,46,-6
113,47,10
113,48,81
113,49,-97
113,50,-37
113,51,-57
113,52,-92
113,53,48
113,54,-4
113,55,66
113,56,10
113,57,69
113,58,-88
113,59,11
113,60,-74
113,61,-97
113,62,38
113,63,27
113,64,-94
113,65,8
113,66,-88
113,67,-52
113,68,48
113,69,-37
113,70,82
113,71,-47
113,72,18
113,73,-57
113,74,-62
113,75,80
113,76,-100
113,77,-11
113,78,-96
113,79,75
113,80,3
113,81,51
113,82,89
113,83,66
113,84,9
113,85,-41
113,86,17
113,87,84
113,88,-71
113,89,-46
113,90,0
113,91,81
113,92,27
113,93,68
113,94,51
113,95,57
113,96,71
113,97,-56
113,98,18
113,99,-79
113,100,70
113,101,-33
113,102,-16
113,103,51
113,104,-81
113,105,-93
113,106,-34
113,107,33
113,108,-25
113,109,-94
113,110,-89
113,111,3
113,112,-57
113,113,93
113,114,-12
113,115,79
113,116,37
113,117,88
113,118,48
113,119,86
113,120,-77
113,121,5
113,122,28
113,123,18
113,124,-71
113,125,-41
113,126,-21
113,127,-95
113,128,66
113,129,-97
113,130,-40
113,131,83
113,132,46
113,133,-88
113,134,-53
113,135,0
113,136,-92
113,137,25
113,138,72
113,139,94
113,140,41
113,141,46
113,142,-60
113,143,-1
113,144,-76
113,145,92
113,146,-73
113,147,-27
113,148,83
113,149,-27
113,150,31
113,151,-28
113,152,96
113,153,-13
113,154,-35
113,155,-60
113,156,-3
113,157,-22
113,158,13
113,159,8
113,160,7
113,161,-47
113,162,-37
113,163,-58
113,164,32
113,165,-67
113,166,-34
113,167,-87
113,168,68
113,169,74
113,170,-83
113,171,-58
113,172,-15
113,173,-87
113,174,-47
113,175,21
113,176,77
113,177,-71
113,178,90
113,179,-15
113,180,-75
113,181,24
113,182,91
113,183,10
113,184,-97
113,185,-1
113,186,-34
113,187,-57
113,188,-91
113,189,-41
113,190,95
113,191,-47
113,192,-5
113,193,47
113,194,-62
113,195,26
113,196,-26
113,197,-61
113,198,-69
113,199,-47
113,200,23
113,201,91
113,202,-60
113,203,-5
113,204,-87
113,205,51
113,206,-20
113,207,-52
113,208,-75
113,209,-21
113,210,-41
113,211,42
113,212,-34
113,213,66
113,214,26
113,215,58
113,216,-87
113,217,-28
113,218,93
113,219,-76
113,220,-93
113,221,-60
113,222,31
113,223,-33
113,224,-11
113,225,-57
113,226,-80
113,227,-90
113,228,18
113,229,-68
113,230,66
113,231,-54
113,232,-8
113,233,25
113,234,36
113,235,-82
113,236,22
113,237,47
113,238,2
113,239,28
113,240,99
113,241,10
113,242,-79
113,243,85
113,244,54
113,245,-54
113,246,81
113,247,-84
113,248,74
113,249,34
113,250,47
113,251,17
113,252,-37
113,253,-52
113,254,-78
113,255,-90
113,256,-20
113,257,74
113,258,32
113,259,-65
113,260,47
113,261,-24
113,262,-52
113,263,9
113,264,-49
113,265,-30
113,266,-26
113,267,80
113,268,-75
113,269,40
113,270,44
113,271,-80
113,272,-6
113,273,-50
113,274,-41
113,275,73
113,276,-83
113,277,-97
113,278,-90
113,279,18
113,280,-24
113,281,-32
113,282,12
113,283,-14
113,284,-62
113,285,3
113,286,42
113,287,29
113,288,-82
113,289,-41
113,290,78
113,291,73
113,292,-30
113,293,16
113,294,38
113,295,96
113,296,15
113,297,-65
113,298,39
113,299,-50
114,0,-46
114,1,98
114,2,-33
114,3,6
114,4,-9
114,5,25
114,6,-96
114,7,19
114,8,-64
114,9,-63
114,10,42
114,11,10
114,12,63
114,13,69
114,14,61
114,15,22
114,16,-17
114,17,58
114,18,74
114,19,69
114,20,-45
114,21,-87
114,22,-67
114,23,75
114,24,-49
114,25,-28
114,26,6
114,27,43
114,28,-15
114,29,-48
114,30,46
114,31,96
114,32,-19
114,33,-65
114,34,62
114,35,75
114,36,-14
114,37,-13
114,38,-61
114,39,75
114,40,45
114,41,59
114,42,-58
114,43,19
114,44,-14
114,45,-63
114,46,11
114,47,-96
114,48,-73
114,49,16
114,50,-23
114,51,54
114,52,30
114,53,82
114,54,68
114,55,-11
114,56,18
114,57,47
114,58,85
114,59,88
114,60,-36
114,61,73
114,62,-18
114,63,37
114,64,52
114,65,-76
114,66,-97
114,67,86
114,68,72
114,69,-92
114,70,-8
114,71,-85
114,72,48
114,73,61
114,74,32
114,75,-32
114,76,-4
114,77,21
114,78,-96
114,79,-5
114,80,77
114,81,4
114,82,-28
114,83,-63
114,84,-89
114,85,10
114,86,-62
114,87,77
114,88,-39
114,89,-23
114,90,-68
114,91,40
114,92,-11
114,93,-36
114,94,30
114,95,23
114,96,69
114,97,78
114,98,69
114,99,-13
114,100,-97
114,101,72
114,102,-13
114,103,-23
114,104,-40
114,105,29
114,106,49
114,107,45
114,108,-26
114,109,-61
114,110,-66
114,111,-21
114,112,73
114,113,-43
114,114,-18
114,115,83
114,116,-55
114,117,48
114,118,36
114,119,-85
114,120,-56
114,121,-32
114,122,-64
114,123,-70
114,124,30
114,125,-51
114,126,-56
114,127,65
114,128,59
114,129,-47
114,130,22
114,131,12
114,132,97
114,133,67
114,134,-32
114,135,-98
114,136,-28
114,137,-4
114,138,10
114,139,-73
114,140,-18
114,141,37
114,142,-72
114,143,-35
114,144,46
114,145,-29
114,146,72
114,147,-71
114,148,-41
114,149,31
114,150,19
114,151,-56
114,152,51
114,153,67
114,154,-32
114,155,41
114,156,23
114,157,-62
114,158,-3
114,159,-40
114,160,46
114,161,50
114,162,96
114,163,93
114,164,65
114,165,90
114,166,-21
114,167,10
114,168,87
114,169,99
114,170,54
114,171,-95
114,172,-93
114,173,65
114,174,-9
114,175,-37
114,176,27
114,177,-59
114,178,47
114,179,-80
114,180,-50
114,181,93
114,182,-9
114,183,-86
114,184,-38
114,185,17
114,186,44
114,187,-68
114,188,-87
114,189,-27
114,190,-83
114,191,-69
114,192,33
114,193,64
114,194,-85
114,195,-91
114,196,-41
114,197,76
114,198,1
114,199,74
114,200,22
114,201,-99
114,202,-27
114,203,80
114,204,-12
114,205,-25
114,206,-96
114,207,-72
114,208,-23
114,209,45
114,210,30
114,211,-94
114,212,89
114,213,-37
114,214,98
114,215,-6
114,216,-31
114,217,-52
114,218,-17
114,219,-26
114,220,-75
114,221,-91
114,222,-42
114,223,0
114,224,-97
114,225,-90
114,226,13
114,227,-6
114,228,-53
114,229,21
114,230,-31
114,231,83
114,232,23
114,233,-68
114,234,47
114,235,51
114,236,-35
114,237,11
114,238,-95
114,239,-9
114,240,99
114,241,46
114,242,24
114,243,83
114,244,-2
114,245,2
114,246,20
114,247,-89
114,248,-46
114,249,36
114,250,-93
114,251,40
114,252,-55
114,253,76
114,254,33
114,255,-28
114,256,-52
114,257,-74
114,258,-37
114,259,-71
114,260,60
114,261,81
114,262,9
114,263,66
114,264,-83
114,265,10
114,266,-53
114,267,28
114,268,6
114,269,37
114,270,6
114,271,-6
114,272,-21
114,273,-29
114,274,5
114,275,95
114,276,-53
114,277,74
114,278,-25
114,279,58
114,280,-42
114,281,-94
114,282,92
114,283,-62
114,284,-67
114,285,4
114,286,13
114,287,68
114,288,-34
114,289,73
114,290,-14
114,291,19
114,292,-10
114,293,-16
114,294,11
114,295,67
114,296,-12
114,297,-74
114,298,77
114,299,62
115,0,-67
115,1,-13
115,2,88
115,3,28
115,4,14
115,5,-100
115,6,45
115,7,-74
115,8,-44
115,9,15
115,10,-54
115,11,-13
115,12,55
115,13,84
115,14,76
115,15,-34
115,16,-58
115,17,-98
115,18,86
115,19,-42
115,20,-70
115,21,-68
115,22,-69
115,23,-58
115,24,-2
115,25,39
115,26,33
115,27,20
115,28,-78
115,29,94
115,30,37
115,31,-33
115,32,56
115,33,97
115,34,-27
115,35,58
115,36,97
115,37,5
115,38,63
115,39,-65
115,40,-27
115,41,80
115,42,85
115,43,-96
115,44,-50
115,45,22
115,46,17
115,47,-19
115,48,51
115,49,11
115,50,-69
115,51,50
115,52,-37
115,53,-62
115,54,86
115,55,-65
115,56,-95
115,57,1
115,58,-96
115,59,59
115,60,82
115,61,65
115,62,48
115,63,-11
115,64,97
115,65,44
115,66,47
115,67,91
115,68,73
115,69,-61
115,70,-3
115,71,53
115,72,-48
115,73,-71
115,74,41
115,75,58
115,76,-7
115,77,78
115,78,-97
115,79,83
115,80,23
115,81,33
115,82,4
115,83,-69
115,84,-67
115,85,32
115,86,-84
115,87,36
115,88,86
115,89,-39
115,90,55
115,91,-55
115,92,-64
115,93,-82
115,94,20
115,95,-17
115,96,87
115,97,69
115,98,41
115,99,77
115,100,-33
115,101,25
115,102,-84
115,103,24
115,104,49
115,105,13
115,106,96
115,107,88
115,108,-78
115,109,-39
115,110,-37
115,111,-20
115,112,-15
115,113,7
115,114,15
115,115,-32
115,116,27
115,117,45
115,118,10
115,119,-91
115,120,48
115,121,74
115,122,41
115,123,-23
115,124,41
115,125,82
115,126,-27
115,127,0
115,128,61
115,129,-60
115,130,-11
115,131,90
115,132,-84
115,133,6
115,134,-80
115,135,-11
115,136,-97
115,137,-42
115,138,32
115,139,-91
115,140,38
115,141,26
115,142,32
115,143,-34
115,144,-19
115,145,26
115,146,41
115,147,-26
115,148,-66
115,149,-70
115,150,-52
115,151,-99
115,152,11
115,153,8
115,154,12
115,155,21
115,156,-93
115,157,56
115,158,31
115,159,-87
115,160,44
115,161,-47
115,162,-47
115,163,-59
115,164,31
115,165,-84
115,166,-9
115,167,-38
115,168,-100
115,169,82
115,170,-96
115,171,-97
115,172,7
115,173,80
115,174,98
115,175,50
115,176,75
115,177,-6
115,178,-15
115,179,-16
115,180,86
115,181,-28
115,182,94
115,183,-66
115,184,-46
115,185,-39
115,186,87
115,187,-68
115,188,-35
115,189,9
115,190,-86
115,191,23
115,192,54
115,193,29
115,194,90
115,195,66
115,196,-33
115,197,-98
115,198,14
115,199,-90
115,200,-35
115,201,-57
115,202,37
115,203,-89
115,204,87
115,205,-9
115,206,80
115,207,58
115,208,64
115,209,-39
115,210,39
115,211,-65
115,212,-34
115,213,-61
115,214,-88
115,215,35
115,216,68
115,217,92
115,218,73
115,219,82
115,220,-42
115,221,71
115,222,15
115,223,-5
115,224,75
115,225,13
115,226,-17
115,227,-8
115,228,51
115,229,-56
115,230,-9
115,231,88
115,232,53
115,233,29
115,234,26
115,235,-87
115,236,59
115,237,-71
115,238,32
115,239,-5
115,240,-100
115,241,97
115,242,-69
115,243,92
115,244,-90
115,245,95
115,246,49
115,247,-42
115,248,21
115,249,-75
115,250,34
115,251,-13
115,252,-25
115,253,87
115,254,57
115,255,84
115,256,8
115,257,-25
115,258,39
115,259,-30
115,260,-80
115,261,63
115,262,67
115,263,-27
115,264,-45
115,265,57
115,266,98
115,267,-88
115,268,-43
115,269,-51
115,270,-39
115,271,59
115,272,-11
115,273,82
115,274,-45
115,275,-93
115,276,-59
115,277,-19
115,278,-67
115,279,11
115,280,64
115,281,65
115,282,-78
115,283,-9
115,284,-48
115,285,94
115,286,-30
115,287,-86
115,288,-18
115,289,52
115,290,96
115,291,-59
115,292,84
115,293,-39
115,294,-18
115,295,63
115,296,-86
115,297,-24
115,298,92
115,299,-48
116,0,51
116,1,25
116,2,97
116,3,11
116,4,12
116,5,-90
116,6,64
116,7,42
116,8,31
116,9,-80
116,10,-49
116,11,-63
116,12,84
116,13,-34
116,14,-58
116,15,21
116,16,76
116,17,83
116,18,-5
116,19,32
116,20,52
116,21,-2
116,22,16
116,23,92
116,24,-48
116,25,-45
116,26,20
116,27,-13
116,28,-40
116,29,-92
116,30,65
116,31,-55
116,32,8
116,33,1
116,34,26
116,35,-29
116,36,18
116,37,35
116,38,-74
116,39,80
116,40,95
116,41,96
116,42,37
116,43,50
116,44,-54
116,45,0
116,46,85
116,47,-56
116,48,-33
116,49,83
116,50,-19
116,51,-48
116,52,77
116,53,-64
116,54,77
116,55,70
116,56,35
116,57,-67
116,58,-39
116,59,27
116,60,53
116,61,-51
116,62,36
116,63,57
116,64,-53
116,65,64
116,66,-81
116,67,-3
116,68,-27
116,69,4
116,70,51
116,71,64
116,72,-11
116,73,46
116,74,48
116,75,76
116,76,20
116,77,75
116,78,47
116,79,-5
116,80,91
116,81,7
116,82,96
116,83,59
116,84,34
116,85,82
116,86,-9
116,87,-75
116,88,-94
116,89,65
116,90,4
116,91,44
116,92,-6
116,93,-56
116,94,-34
116,95,-53
116,96,11
116,97,73
116,98,75
116,99,-21
116,100,17
116,101,89
116,102,-81
116,103,-16
116,104,48
116,105,40
116,106,-18
116,107,15
116,108,7
116,109,-71
116,110,17
116,111,88
116,112,-45
116,113,-57
116,114,-37
116,115,-17
116,116,36
116,117,-50
116,118,16
116,119,-13
116,120,-7
116,121,21
116,122,-70
116,123,65
116,124,-26
116,125,10
116,126,34
116,127,-13
116,128,63
116,129,16
116,130,-23
116,131,-12
116,132,-71
116,133,7
116,134,36
116,135,83
116,136,38
116,137,82
116,138,21
116,139,-26
116,140,96
116,141,93
116,142,-2
116,143,51
116,144,25
116,145,-98
116,146,81
116,147,-74
116,148,62
116,149,88
116,150,-2
116,151,71
116,152,-23
116,153,-52
116,154,-61
116,155,-86
116,156,-2
116,157,-37
116,158,-34
116,159,-81
116,160,50
116,161,-74
116,162,-30
116,163,3
116,164,13
116,165,4
116,166,-58
116,167,-81
116,168,50
116,169,42
116,170,42
116,171,75
116,172,34
116,173,23
116,174,45
116,175,41
116,176,-7
116,177,-38
116,178,18
116,179,75
116,180,-4
116,181,33
116,182,62
116,183,33
116,184,-94
116,185,-68
116,186,58
116,187,50
116,188,79
116,189,-85
116,190,-68
116,191,-70
116,192,9
116,193,-99
116,194,-47
116,195,18
116,196,-19
116,197,85
116,198,-37
116,199,-7
116,200,-43
116,201,84
116,202,-91
116,203,-21
116,204,-88
116,205,-11
116,206,49
116,207,-90
116,208,95
116,209,89
116,210,-8
116,211,62
116,212,69
116,213,0
116,214,-1
116,215,74
116,216,-52
116,217,68
116,218,28
116,219,-93
116,220,85
116,221,59
116,222,77
116,223,-19
116,224,-45
116,225,-22
116,226,10
116,227,-51
116,228,23
116,229,31
116,230,52
116,231,-84
116,232,-24
116,233,56
116,234,-74
116,235,53
116,236,-47
116,237,-81
116,238,78
116,239,-39
116,240,17
116,241,97
116,242,8
116,243,54
116,244,89
116,245,-100
116,246,16
116,247,-41
116,248,-98
116,249,-46
116,250,34
116,251,-87
116,252,29
116,253,56
116,254,-45
116,255,-27
116,256,6
116,257,-2
116,258,-44
116,259,-4
116,260,-21
116,261,-28
116,262,-100
116,263,19
116,264,-97
116,265,-98
116,266,-24
116,267,-68
116,268,-73
116,269,-27
116,270,84
116,271,81
116,272,-98
116,273,-9
116,274,-58
116,275,21
116,276,13
116,277,45
116,278,-61
116,279,74
116,280,64
116,281,19
116,282,48
116,283,88
116,284,-14
116,285,-37
116,286,-82
116,287,-58
116,288,-49
116,289,-25
116,290,16
116,291,90
116,292,98
116,293,-90
116,294,-61
116,295,82
116,296,-5
116,297,60
116,298,-94
116,299,48
117,0,-97
117,1,-44
117,2,-28
117,3,-63
117,4,32
117,5,26
117,6,44
117,7,43
117,8,96
117,9,-83
117,10,-68
117,11,49
117,12,-93
117,13,-35
117,14,22
117,15,82
117,16,70
117,17,-39
117,18,29
117,19,31
117,20,-98
117,21,-54
117,22,24
117,23,-84
117,24,72
117,25,15
117,26,-78
117,27,2
117,28,-67
117,29,-27
117,30,96
117,31,60
117,32,-33
117,33,-27
117,34,16
117,35,29
117,36,-66
117,37,-6
117,38,81
117,39,53
117,40,-31
117,41,56
117,42,-42
117,43,-44
117,44,78
117,45,-78
117,46,43
117,47,-3
117,48,61
117,49,-9
117,50,50
117,51,81
117,52,92
117,53,-24
117,54,74
117,55,78
117,56,18
117,57,-19
117,58,-35
117,59,-91
117,60,-77
117,61,71
117,62,-53
117,63,-19
117,64,-33
117,65,60
117,66,-69
117,67,88
117,68,80
117,69,5
117,70,43
117,71,-99
117,72,-18
117,73,-39
117,74,-10
117,75,5
117,76,41
117,77,-51
117,78,20
117,79,28
117,80,59
117,81,-5
117,82,-48
117,83,45
117,84,35
117,85,40
117,86,-76
117,87,-7
117,88,-77
117,89,-99
117,90,-39
117,91,8
117,92,-67
117,93,54
117,94,-72
117,95,41
117,96,-70
117,97,19
117,98,-12
117,99,76
117,100,-98
117,101,9
117,102,-39
117,103,-15
117,104,40
117,105,-13
117,106,71
117,107,67
117,108,70
117,109,-81
117,110,-76
117,111,-1
117,112,-83
117,113,55
117,114,28
117,115,22
117,116,-84
117,117,-53
117,118,-54
117,119,-47
117,120,51
117,121,73
117,122,31
117,123,-30
117,124,-43
117,125,-94
117,126,-5
117,127,-89
117,128,-13
117,129,12
117,130,69
117,131,-83
117,132,-72
117,133,-87
117,134,17
117,135,-92
117,136,35
117,137,30
117,138,-10
117,139,-56
117,140,-1
117,141,72
117,142,37
117,143,30
117,144,15
117,145,-77
117,146,-61
117,147,0
117,148,-46
117,149,27
117,150,26
117,151,-59
117,152,-16
117,153,-35
117,154,-5
117,155,32
117,156,19
117,157,8
117,158,81
117,159,75
117,160,-25
117,161,99
117,162,-60
117,163,22
117,164,-11
117,165,-93
117,166,12
117,167,55
117,168,-40
117,169,39
117,170,51
117,171,28
117,172,20
117,173,90
117,174,-100
117,175,70
117,176,-28
117,177,60
117,178,84
117,179,7
117,180,-80
117,181,-35
117,182,-82
117,183,-45
117,184,-45
117,185,-45
117,186,-67
117,187,-39
117,188,-4
117,189,-16
117,190,-73
117,191,-40
117,192,60
117,193,-5
117,194,6
117,195,-28
117,196,47
117,197,67
117,198,-32
117,199,-46
117,200,89
117,201,-54
117,202,-89
117,203,-84
117,204,29
117,205,-90
117,206,-22
117,207,-51
117,208,-77
117,209,84
117,210,-64
117,211,22
117,212,62
117,213,-15
117,214,-11
117,215,48
117,216,-5
117,217,-7
117,218,69
117,219,40
117,220,-93
117,221,74
117,222,67
117,223,-4
117,224,-7
117,225,90
117,226,4
117,227,-65
117,228,97
117,229,65
117,230,-25
117,231,-6
117,232,-50
117,233,58
117,234,-94
117,235,-18
117,236,47
117,237,36
117,238,48
117,239,-94
117,240,-8
117,241,56
117,242,70
117,243,-69
117,244,61
117,245,68
117,246,13
117,247,-32
117,248,16
117,249,-80
117,250,31
117,251,-22
117,252,-99
117,253,-68
117,254,-54
117,255,4
117,256,-100
117,257,-27
117,258,-11
117,259,-74
117,260,74
117,261,-100
117,262,-95
117,263,11
117,264,-5
117,265,43
117,266,3
117,267,-16
117,268,-20
117,269,27
117,270,93
117,271,-61
117,272,-46
117,273,9
117,274,53
117,275,-43
117,276,-46
117,277,0
117,278,-27
117,279,9
117,280,78
117,281,-79
117,282,-88
117,283,-26
117,284,-24
117,285,-87
117,286,3
117,287,-68
117,288,-42
117,289,74
117,290,-7
117,291,54
117,292,-96
117,293,14
117,294,-37
117,295,80
117,296,29
117,297,51
117,298,86
117,299,15
118,0,-2
118,1,-65
118,2,-46
118,3,0
118,4,-94
118,5,-78
118,6,-31
118,7,-30
118,8,-25
118,9,73
118,10,89
118,11,-17
118,12,19
118,13,17
118,14,-46
118,15,58
118,16,57
118,17,-87
118,18,97
118,19,50
118,20,19
118,21,-82
118,22,-17
118,23,-26
118,24,63
118,25,-66
118,26,45
118,27,99
118,28,-36
118,29,83
118,30,56
118,31,-41
118,32,37
118,33,7
118,34,49
118,35,-45
118,36,23
118,37,-59
118,38,8
118,39,-2
118,40,-81
118,41,47
118,42,62
118,43,-86
118,44,94
118,45,18
118,46,37
118,47,17
118,48,-91
118,49,-62
118,50,40
118,51,-16
118,52,27
118,53,-39
118,54,-1
118,55,-80
118,56,78
118,57,97
118,58,-25
118,59,-91
118,60,58
118,61,90
118,62,-29
118,63,-6
118,64,6
118,65,24
118,66,-59
118,67,53
118,68,66
118,69,10
118,70,16
118,71,-15
118,72,46
118,73,4
118,74,-24
118,75,-68
118,76,-17
118,77,-81
118,78,-12
118,79,-13
118,80,-98
118,81,29
118,82,-10
118,83,-16
118,84,38
118,85,-18
118,86,-50
118,87,-66
118,88,27
118,89,49
118,90,20
118,91,10
118,92,3
118,93,47
118,94,71
118,95,-58
118,96,-45
118,97,30
118,98,82
118,99,-64
118,100,9
118,101,-70
118,102,-71
118,103,-91
118,104,6
118,105,72
118,106,61
118,107,36
118,108,-76
118,109,-53
118,110,70
118,111,2
118,112,-66
118,113,50
118,114,-66
118,115,22
118,116,42
118,117,-93
118,118,-24
118,119,20
118,120,66
118,121,77
118,122,-77
118,123,-96
118,124,-57
118,125,97
118,126,98
118,127,24
118,128,26
118,129,60
118,130,-95
118,131,95
118,132,11
118,133,-84
118,134,4
118,135,50
118,136,-78
118,137,73
118,138,1
118,139,95
118,140,-96
118,141,87
118,142,55
118,143,-27
118,144,-33
118,145,14
118,146,-55
118,147,-3
118,148,69
118,149,-50
118,150,55
118,151,-70
118,152,89
118,153,-100
118,154,-37
118,155,-43
118,156,-51
118,157,-8
118,158,-29
118,159,76
118,160,-64
118,161,-80
118,162,-9
118,163,-7
118,164,-46
118,165,-8
118,166,40
118,167,65
118,168,-73
118,169,-84
118,170,-48
118,171,-99
118,172,96
118,173,-18
118,174,67
118,175,56
118,176,-79
118,177,43
118,178,62
118,179,-5
118,180,83
118,181,64
118,182,-83
118,183,82
118,184,-14
118,185,6
118,186,-79
118,187,53
118,188,-69
118,189,-58
118,190,-5
118,191,-93
118,192,-23
118,193,81
118,194,42
118,195,-8
118,196,89
118,197,25
118,198,50
118,199,-32
118,200,-77
118,201,-21
118,202,-59
118,203,24
118,204,28
118,205,-57
118,206,27
118,207,86
118,208,24
118,209,33
118,210,63
118,211,-92
118,212,-3
118,213,20
118,214,-15
118,215,0
118,216,12
118,217,18
118,218,-63
118,219,68
118,220,34
118,221,-69
118,222,93
118,223,-70
118,224,-86
118,225,89
118,226,-41
118,227,69
118,228,23
118,229,19
118,230,35
118,231,38
118,232,96
118,233,-18
118,234,-82
118,235,25
118,236,56
118,237,-82
118,238,-55
118,239,8
118,240,63
118,241,72
118,242,79
118,243,72
118,244,-55
118,245,-23
118,246,-8
118,247,37
118,248,89
118,249,-40
118,250,-13
118,251,-69
118,252,-29
118,253,56
118,254,1
118,255,-84
118,256,59
118,257,-55
118,258,46
118,259,-84
118,260,-48
118,261,54
118,262,36
118,263,-72
118,264,-16
118,265,29
118,266,-42
118,267,-77
118,268,-66
118,269,60
118,270,36
118,271,-94
118,272,3
118,273,62
118,274,-32
118,275,-75
118,276,-48
118,277,-74
118,278,5
118,279,83
118,280,-51
118,281,-53
118,282,-8
118,283,-74
118,284,-33
118,285,10
118,286,-35
118,287,-61
118,288,-33
118,289,84
118,290,-96
118,291,14
118,292,8
118,293,-76
118,294,-35
118,295,44
118,296,-41
118,297,-97
118,298,-82
118,299,75
119,0,17
119,1,20
119,2,-18
119,3,34
119,4,1
119,5,45
119,6,12
119,7,-53
119,8,-13
119,9,-67
119,10,-8
119,11,-21
119,12,25
119,13,-84
119,14,-23
119,15,99
119,16,7
119,17,72
119,18,-93
119,19,92
119,20,80
119,21,30
119,22,-49
119,23,16
119,24,-18
119,25,30
119,26,-72
119,27,-93
119,28,22
119,29,56
119,30,-55
119,31,94
119,32,13
119,33,-95
119,34,68
119,35,-47
119,36,99
119,37,-24
119,38,-13
119,39,61
119,40,1
119,41,79
119,42,94
119,43,70
119,44,82
119,45,70
119,46,23
119,47,-76
119,48,-8
119,49,-57
119,50,-55
119,51,40
119,52,0
119,53,45
119,54,-6
119,55,2
119,56,-65
119,57,47
119,58,-60
119,59,-89
119,60,78
119,61,11
119,62,-58
119,63,-53
119,64,81
119,65,-93
119,66,74
119,67,50
119,68,2
119,69,-79
119,70,-94
119,71,-16
119,72,-96
119,73,87
119,74,3
119,75,-29
119,76,54
119,77,19
119,78,-87
119,79,10
119,80,-33
119,81,23
119,82,-88
119,83,83
119,84,-30
119,85,64
119,86,0
119,87,-67
119,88,4
119,89,-83
119,90,8
119,91,-68
119,92,23
119,93,-97
119,94,-73
119,95,15
119,96,19
119,97,30
119,98,47
119,99,-54
119,100,-20
119,101,-80
119,102,-89
119,103,94
119,104,93
119,105,79
119,106,-39
119,107,-58
119,108,-52
119,109,-91
119,110,-72
119,111,-26
119,112,-91
119,113,-73
119,114,52
119,115,-56
119,116,-14
119,117,-83
119,118,-62
119,119,-22
119,120,89
119,121,-79
119,122,-20
119,123,-55
119,124,-6
119,125,-25
119,126,-29
119,127,25
119,128,51
119,129,-59
119,130,24
119,131,7
119,132,96
119,133,-93
119,134,-86
119,135,35
119,136,68
119,137,-73
119,138,65
119,139,-32
119,140,-53
119,141,1
119,142,-13
119,143,-54
119,144,54
119,145,40
119,146,-11
119,147,78
119,148,-25
119,149,17
119,150,92
119,151,-6
119,152,-5
119,153,-70
119,154,-38
119,155,-2
119,156,-66
119,157,27
119,158,16
119,159,68
119,160,-15
119,161,28
119,162,13
119,163,74
119,164,-91
119,165,37
119,166,33
119,167,40
119,168,53
119,169,-84
119,170,-24
119,171,-75
119,172,-39
119,173,27
119,174,-25
119,175,56
119,176,20
119,177,7
119,178,54
119,179,43
119,180,-98
119,181,-39
119,182,71
119,183,-54
119,184,70
119,185,-93
119,186,37
119,187,-58
119,188,-5
119,189,-100
119,190,-2
119,191,-16
119,192,62
119,193,34
119,194,40
119,195,-81
119,196,-10
119,197,25
119,198,-8
119,199,54
119,200,-8
119,201,-54
119,202,78
119,203,1
119,204,34
119,205,17
119,206,22
119,207,0
119,208,-52
119,209,31
119,210,-99
119,211,57
119,212,-65
119,213,-41
119,214,-27
119,215,93
119,216,7
119,217,-34
119,218,-60
119,219,36
119,220,-71
119,221,97
119,222,6
119,223,-76
119,224,28
119,225,65
119,226,-86
119,227,-30
119,228,-15
119,229,96
119,230,-27
119,231,-53
119,232,18
119,233,87
119,234,93
119,235,-20
119,236,-71
119,237,40
119,238,-91
119,239,-1
119,240,78
119,241,-80
119,242,-64
119,243,-41
119,244,18
119,245,30
119,246,12
119,247,-37
119,248,32
119,249,42
119,250,60
119,251,74
119,252,-42
119,253,-72
119,254,78
119,255,-57
119,256,-19
119,257,-73
119,258,-98
119,259,48
119,260,-33
119,261,-76
119,262,-90
119,263,47
119,264,-83
119,265,-28
119,266,-68
119,267,79
119,268,-69
119,269,65
119,270,71
119,271,-41
119,272,57
119,273,33
119,274,6
119,275,73
119,276,-55
119,277,-3
119,278,25
119,279,68
119,280,-95
119,281,21
119,282,72
119,283,-96
119,284,13
119,285,74
119,286,68
119,287,15
119,288,97
119,289,23
119,290,-21
119,291,-18
119,292,-94
119,293,76
119,294,-28
119,295,-64
119,296,10
119,297,-19
119,298,29
119,299,78
120,0,29
120,1,52
120,2,28
120,3,-64
120,4,-42
120,5,6
120,6,-27
120,7,-14
120,8,-12
120,9,-51
120,10,99
120,11,39
120,12,-92
120,13,-92
120,14,-27
120,15,55
120,16,-32
120,17,38
120,18,69
120,19,79
120,20,60
120,21,25
120,22,64
120,23,-80
120,24,50
120,25,-55
120,26,99
120,27,-29
120,28,-18
120,29,96
120,30,58
120,31,57
120,32,-81
120,33,-25
120,34,16
120,35,82
120,36,-32
120,37,51
120,38,-5
120,39,-64
120,40,-76
120,41,-22
120,42,57
120,43,-24
120,44,-75
120,45,-50
120,46,-29
120,47,77
120,48,-5
120,49,83
120,50,-35
120,51,-60
120,52,-68
120,53,-82
120,54,4
120,55,-17
120,56,-40
120,57,-18
120,58,52
120,59,61
120,60,-27
120,61,34
120,62,-30
120,63,-79
120,64,-49
120,65,-46
120,66,-81
120,67,-100
120,68,17
120,69,-88
120,70,92
120,71,75
120,72,-95
120,73,59
120,74,-41
120,75,68
120,76,50
120,77,77
120,78,-24
120,79,57
120,80,35
120,81,-8
120,82,-69
120,83,9
120,84,-6
120,85,5
120,86,23
120,87,-67
120,88,-34
120,89,24
120,90,-69
120,91,47
120,92,26
120,93,-98
120,94,70
120,95,44
120,96,-9
120,97,71
120,98,-58
120,99,-62
120,100,13
120,101,71
120,102,33
120,103,83
120,104,8
120,105,4
120,106,-60
120,107,10
120,108,17
120,109,61
120,110,10
120,111,-9
120,112,9
120,113,46
120,114,-43
120,115,-98
120,116,23
120,117,55
120,118,51
120,119,12
120,120,-17
120,121,73
120,122,-57
120,123,30
120,124,-90
120,125,40
120,126,75
120,127,-64
120,128,-8
120,129,-2
120,130,-99
120,131,-40
120,132,41
120,133,55
120,134,51
120,135,90
120,136,-97
120,137,40
120,138,-64
120,139,-5
120,140,38
120,141,83
120,142,84
120,143,-21
120,144,-31
120,145,72
120,146,-54
120,147,25
120,148,-11
120,149,-33
120,150,-9
120,151,-7
120,152,-95
120,153,48
120,154,-40
120,155,-93
120,156,14
120,157,23
120,158,3
120,159,-43
120,160,-61
120,161,47
120,162,-76
120,163,21
120,164,-90
120,165,57
120,166,-22
120,167,66
120,168,0
120,169,79
120,170,-20
120,171,77
120,172,-3
120,173,37
120,174,-5
120,175,-76
120,176,-7
120,177,50
120,178,-15
120,179,54
120,180,4
120,181,-28
120,182,-94
120,183,67
120,184,44
120,185,30
120,186,-22
120,187,-90
120,188,20
120,189,35
120,190,-15
120,191,40
120,192,-83
120,193,-22
120,194,-30
120,195,13
120,196,31
120,197,-60
120,198,53
120,199,-20
120,200,29
120,201,72
120,202,-96
120,203,38
120,204,-38
120,205,-78
120,206,83
120,207,-15
120,208,87
120,209,-32
120,210,-25
120,211,-46
120,212,-68
120,213,-6
120,214,-58
120,215,-71
120,216,-46
120,217,67
120,218,45
120,219,-67
120,220,40
120,221,22
120,222,-41
120,223,-8
120,224,-91
120,225,-22
120,226,98
120,227,77
120,228,-5
120,229,-42
120,230,23
120,231,36
120,232,58
120,233,17
120,234,-2
120,235,90
120,236,3
120,237,-28
120,238,-95
120,239,-3
120,240,53
120,241,49
120,242,-87
120,243,61
120,244,-18
120,245,-43
120,246,23
120,247,94
120,248,34
120,249,-86
120,250,51
120,251,9
120,252,-38
120,253,29
120,254,98
120,255,-97
120,256,23
120,257,-74
120,258,29
120,259,-51
120,260,-88
120,261,93
120,262,-91
120,263,45
120,264,-46
120,265,49
120,266,87
120,267,54
120,268,99
120,269,13
120,270,-77
120,271,-94
120,272,-44
120,273,53
120,274,-70
120,275,37
120,276,27
120,277,-72
120,278,-49
120,279,87
120,280,88
120,281,-68
120,282,-77
120,283,93
120,284,-93
120,285,-52
120,286,6
120,287,-24
120,288,89
120,289,-40
120,290,-26
120,291,20
120,292,75
120,293,-98
120,294,62
120,295,57
120,296,22
120,297,4
120,298,-12
120,299,22
121,0,-99
121,1,92
121,2,-29
121,3,-22
121,4,70
121,5,67
121,6,89
121,7,22
121,8,88
121,9,58
121,10,29
121,11,22
121,12,68
121,13,2
121,14,75
121,15,75
121,16,-38
121,17,-45
121,18,86
121,19,-13
121,20,-38
121,21,-29
121,22,12
121,23,68
121,24,-73
121,25,-77
121,26,-78
121,27,2
121,28,-33
121,29,34
121,30,-63
121,31,32
121,32,10
121,33,71
121,34,36
121,35,48
121,36,1
121,37,-34
121,38,3
121,39,-33
121,40,-14
121,41,50
121,42,94
121,43,56
121,44,-59
121,45,-5
121,46,-43
121,47,8
121,48,85
121,49,-89
121,50,69
121,51,-40
121,52,-97
121,53,30
121,54,47
121,55,78
121,56,40
121,57,-50
121,58,-35
121,59,58
121,60,-44
121,61,-61
121,62,-70
121,63,90
121,64,67
121,65,17
121,66,17
121,67,-17
121,68,-10
121,69,-41
121,70,-48
121,71,-5
121,72,88
121,73,-48
121,74,80
121,75,15
121,76,67
121,77,75
121,78,-60
121,79,78
121,80,-46
121,81,1
121,82,45
121,83,60
121,84,12
121,85,-38
121,86,-43
121,87,1
121,88,-12
121,89,-4
121,90,-63
121,91,-6
121,92,-62
121,93,-7
121,94,-25
121,95,-57
121,96,-40
121,97,-59
121,98,-66
121,99,-80
121,100,83
121,101,21
121,102,26
121,103,13
121,104,-44
121,105,-61
121,106,91
121,107,98
121,108,42
121,109,-79
121,110,-92
121,111,61
121,112,-6
121,113,8
121,114,93
121,115,-93
121,116,25
121,117,27
121,118,88
121,119,87
121,120,63
121,121,-91
121,122,14
121,123,23
121,124,-59
121,125,-25
121,126,89
121,127,-41
121,128,94
121,129,8
121,130,56
121,131,-2
121,132,-3
121,133,-87
121,134,29
121,135,-80
121,136,75
121,137,-72
121,138,65
121,139,57
121,140,-55
121,141,15
121,142,82
121,143,-17
121,144,32
121,145,17
121,146,-22
121,147,25
121,148,50
121,149,-34
121,150,-7
121,151,7
121,152,-70
121,153,46
121,154,-14
121,155,-82
121,156,8
121,157,-31
121,158,6
121,159,53
121,160,6
121,161,2
121,162,-54
121,163,17
121,164,5
121,165,82
121,166,19
121,167,25
121,168,29
121,169,82
121,170,43
121,171,-3
121,172,68
121,173,-22
121,174,-54
121,175,-61
121,176,-14
121,177,34
121,178,4
121,179,-69
121,180,81
121,181,31
121,182,75
121,183,-5
121,184,60
121,185,-95
121,186,-18
121,187,98
121,188,-4
121,189,-30
121,190,77
121,191,27
121,192,-8
121,193,-70
121,194,-18
121,195,59
121,196,-1
121,197,-23
121,198,53
121,199,-81
121,200,-82
121,201,86
121,202,74
121,203,-96
121,204,57
121,205,60
121,206,13
121,207,-41
121,208,67
121,209,14
121,210,57
121,211,51
121,212,-20
121,213,-64
121,214,11
121,215,40
121,216,-44
121,217,-91
121,218,-42
121,219,81
121,220,-73
121,221,-16
121,222,-27
121,223,-66
121,224,-40
121,225,75
121,226,64
121,227,-25
121,228,-25
121,229,-23
121,230,-50
121,231,-56
121,232,-46
121,233,-50
121,234,86
121,235,34
121,236,6
121,237,-79
121,238,16
121,239,68
121,240,89
121,241,-58
121,242,-64
121,243,-85
121,244,85
121,245,-67
121,246,-23
121,247,36
121,248,-44
121,249,-15
121,250,99
121,251,83
121,252,-53
121,253,-55
121,254,-26
121,255,26
121,256,-2
121,257,65
121,258,77
121,259,-50
121,260,7
121,261,-41
121,262,68
121,263,18
121,264,10
121,265,-1
121,266,63
121,267,-92
121,268,-35
121,269,-73
121,270,63
121,271,-19
121,272,25
121,273,-82
121,274,-33
121,275,-37
121,276,51
121,277,35
121,278,59
121,279,9
121,280,-70
121,281,-90
121,282,-85
121,283,-37
121,284,61
121,285,96
121,286,-21
121,287,-79
121,288,7
121,289,2
121,290,57
121,291,-75
121,292,-95
121,293,16
121,294,90
121,295,-19
121,296,87
121,297,-2
121,298,79
121,299,-91
122,0,-91
122,1,87
122,2,74
122,3,-7
122,4,-15
122,5,80
122,6,-94
122,7,-80
122,8,37
122,9,49
122,10,98
122,11,-24
122,12,52
122,13,49
122,14,85
122,15,89
122,16,-78
122,17,-89
122,18,55
122,19,71
122,20,91
122,21,39
122,22,-9
122,23,24
122,24,57
122,25,64
122,26,-49
122,27,-55
122,28,46
122,29,16
122,30,18
122,31,46
122,32,22
122,33,-66
122,34,80
122,35,-1
122,36,-81
122,37,-25
122,38,76
122,39,-68
122,40,-16
122,41,71
122,42,96
122,43,26
122,44,-93
122,45,-18
122,46,-5
122,47,88
122,48,91
122,49,-49
122,50,21
122,51,-63
122,52,-15
122,53,-62
122,54,29
122,55,-87
122,56,-69
122,57,93
122,58,7
122,59,-30
122,60,31
122,61,20
122,62,-36
122,63,-72
122,64,-79
122,65,-3
122,66,74
122,67,-5
122,68,-33
122,69,83
122,70,-56
122,71,-51
122,72,78
122,73,-95
122,74,72
122,75,-28
122,76,42
122,77,82
122,78,46
122,79,-27
122,80,-81
122,81,-49
122,82,-84
122,83,71
122,84,-47
122,85,99
122,86,63
122,87,-14
122,88,-100
122,89,15
122,90,93
122,91,66
122,92,-93
122,93,-71
122,94,48
122,95,29
122,96,24
122,97,-32
122,98,77
122,99,65
122,100,88
122,101,4
122,102,57
122,103,2
122,104,-86
122,105,19
122,106,-98
122,107,-91
122,108,-39
122,109,-91
122,110,2
122,111,-51
122,112,-23
122,113,-35
122,114,24
122,115,47
122,116,-68
122,117,-75
122,118,75
122,119,4
122,120,-21
122,121,46
122,122,19
122,123,79
122,124,58
122,125,-11
122,126,22
122,127,22
122,128,81
122,129,-67
122,130,-67
122,131,-87
122,132,-57
122,133,35
122,134,6
122,135,-9
122,136,-98
122,137,-55
122,138,84
122,139,-5
122,140,77
122,141,-58
122,142,-41
122,143,-28
122,144,86
122,145,-10
122,146,-65
122,147,-40
122,148,38
122,149,-74
122,150,-100
122,151,94
122,152,-93
122,153,-42
122,154,60
122,155,1
122,156,74
122,157,24
122,158,-5
122,159,-60
122,160,-51
122,161,-95
122,162,-91
122,163,45
122,164,47
122,165,-22
122,166,-47
122,167,-9
122,168,-57
122,169,-98
122,170,-39
122,171,-72
122,172,-23
122,173,-42
122,174,4
122,175,11
122,176,-47
122,177,15
122,178,-51
122,179,88
122,180,-73
122,181,-85
122,182,35
122,183,-31
122,184,67
122,185,11
122,186,-50
122,187,46
122,188,-89
122,189,71
122,190,-47
122,191,53
122,192,-89
122,193,31
122,194,-98
122,195,52
122,196,-40
122,197,-38
122,198,88
122,199,-70
122,200,57
122,201,-10
122,202,24
122,203,26
122,204,50
122,205,13
122,206,83
122,207,-78
122,208,-90
122,209,56
122,210,-95
122,211,73
122,212,46
122,213,-21
122,214,33
122,215,-73
122,216,3
122,217,7
122,218,-53
122,219,0
122,220,45
122,221,99
122,222,-5
122,223,30
122,224,33
122,225,-93
122,226,-27
122,227,59
122,228,57
122,229,86
122,230,53
122,231,-20
122,232,-8
122,233,46
122,234,-73
122,235,78
122,236,1
122,237,4
122,238,-21
122,239,57
122,240,-40
122,241,-45
122,242,83
122,243,-51
122,244,-52
122,245,-96
122,246,-85
122,247,63
122,248,-41
122,249,95
122,250,39
122,251,20
122,252,-85
122,253,-78
122,254,99
122,255,73
122,256,65
122,257,2
122,258,-75
122,259,55
122,260,-66
122,261,72
122,262,-17
122,263,-64
122,264,70
122,265,89
122,266,85
122,267,-83
122,268,-38
122,269,-73
122,270,-96
122,271,-35
122,272,-38
122,273,-93
122,274,17
122,275,-46
122,276,-98
122,277,5
122,278,59
122,279,-29
122,280,-59
122,281,-16
122,282,29
122,283,-35
122,284,91
122,285,-87
122,286,-5
122,287,-33
122,288,-74
122,289,18
122,290,23
122,291,20
122,292,-89
122,293,92
122,294,13
122,295,-61
122,296,97
122,297,-94
122,298,67
122,299,46
123,0,-44
123,1,-17
123,2,-21
123,3,-99
123,4,-6
123,5,-42
123,6,67
123,7,-17
123,8,38
123,9,6
123,10,97
123,11,94
123,12,83
123,13,27
123,14,31
123,15,-24
123,16,88
123,17,33
123,18,76
123,19,-85
123,20,75
123,21,-79
123,22,-86
123,23,-87
123,24,-37
123,25,61
123,26,-68
123,27,-39
123,28,-9
123,29,44
123,30,88
123,31,-74
123,32,-91
123,33,-36
123,34,88
123,35,-78
123,36,72
123,37,75
123,38,72
123,39,1
123,40,-94
123,41,64
123,42,90
123,43,-12
123,44,86
123,45,-15
123,46,52
123,47,-71
123,48,-99
123,49,50
123,50,97
123,51,53
123,52,-24
123,53,51
123,54,-62
123,55,-38
123,56,38
123,57,58
123,58,-43
123,59,-45
123,60,-82
123,61,-77
123,62,-1
123,63,-23
123,64,-11
123,65,-40
123,66,9
123,67,-46
123,68,14
123,69,-68
123,70,-13
123,71,-69
123,72,-50
123,73,12
123,74,-30
123,75,-43
123,76,62
123,77,-18
123,78,-27
123,79,64
123,80,-15
123,81,53
123,82,21
123,83,-42
123,84,-24
123,85,46
123,86,94
123,87,-55
123,88,60
123,89,76
123,90,-21
123,91,2
123,92,-60
123,93,-63
123,94,-58
123,95,-99
123,96,-31
123,97,91
123,98,-2
123,99,36
123,100,63
123,101,-65
123,102,58
123,103,75
123,104,14
123,105,48
123,106,-88
123,107,-97
123,108,-88
123,109,-50
123,110,10
123,111,51
123,112,38
123,113,-84
123,114,19
123,115,74
123,116,-21
123,117,-44
123,118,-24
123,119,36
123,120,-28
123,121,82
123,122,38
123,123,63
123,124,-65
123,125,-15
123,126,72
123,127,24
123,128,79
123,129,-36
123,130,-83
123,131,-1
123,132,33
123,133,78
123,134,-27
123,135,-73
123,136,-18
123,137,-64
123,138,8
123,139,-29
123,140,59
123,141,64
123,142,-59
123,143,-26
123,144,-37
123,145,-80
123,146,-56
123,147,-100
123,148,11
123,149,-87
123,150,-61
123,151,80
123,152,-99
123,153,-50
123,154,30
123,155,-82
123,156,-51
123,157,-12
123,158,20
123,159,73
123,160,-13
123,161,-45
123,162,9
123,163,-90
123,164,94
123,165,-54
123,166,-35
123,167,25
123,168,-60
123,169,88
123,170,-34
123,171,6
123,172,-35
123,173,30
123,174,-31
123,175,-51
123,176,94
123,177,-89
123,178,-84
123,179,94
123,180,19
123,181,88
123,182,-34
123,183,-17
123,184,12
123,185,57
123,186,31
123,187,-27
123,188,-6
123,189,-41
123,190,19
123,191,17
123,192,45
123,193,-93
123,194,-67
123,195,-99
123,196,48
123,197,91
123,198,-76
123,199,23
123,200,-34
123,201,16
123,202,-38
123,203,10
123,204,25
123,205,-32
123,206,-79
123,207,-63
123,208,69
123,209,80
123,210,-61
123,211,-66
123,212,28
123,213,23
123,214,65
123,215,-62
123,216,67
123,217,-2
123,218,12
123,219,34
123,220,-79
123,221,-95
123,222,-18
123,223,-54
123,224,-34
123,225,80
123,226,-26
123,227,20
123,228,-98
123,229,-60
123,230,56
123,231,53
123,232,36
123,233,18
123,234,55
123,235,53
123,236,29
123,237,-46
123,238,-40
123,239,-100
123,240,90
123,241,-99
123,242,-2
123,243,-3
123,244,98
123,245,-60
123,246,-2
123,247,93
123,248,56
123,249,-41
123,250,44
123,251,78
123,252,-13
123,253,4
123,254,21
123,255,71
123,256,-53
123,257,-23
123,258,-74
123,259,25
123,260,-26
123,261,-96
123,262,-42
123,263,6
123,264,-19
123,265,-9
123,266,18
123,267,-84
123,268,47
123,269,-94
123,270,79
123,271,23
123,272,62
123,273,-1
123,274,70
123,275,-12
123,276,29
123,277,32
123,278,-46
123,279,-97
123,280,-68
123,281,-93
123,282,17
123,283,-44
123,284,-29
123,285,77
123,286,-73
123,287,40
123,288,1
123,289,66
123,290,-31
123,291,-35
123,292,-44
123,293,-73
123,294,-70
123,295,74
123,296,-35
123,297,-62
123,298,81
123,299,-1
124,0,-57
124,1,-48
124,2,-99
124,3,-58
124,4,76
124,5,40
124,6,13
124,7,37
124,8,82
124,9,-53
124,10,85
124,11,3
124,12,31
124,13,4
124,14,7
124,15,-46
124,16,89
124,17,86
124,18,-61
124,19,-70
124,20,31
124,21,85
124,22,63
124,23,95
124,24,-86
124,25,-78
124,26,-23
124,27,41
124,28,-70
124,29,41
124,30,86
124,31,-83
124,32,-47
124,33,-15
124,34,-38
124,35,-69
124,36,-14
124,37,53
124,38,-25
124,39,49
124,40,99
124,41,-95
124,42,-51
124,43,-31
124,44,60
124,45,33
124,46,-68
124,47,-40
124,48,-51
124,49,65
124,50,-98
124,51,69
124,52,-58
124,53,90
124,54,-22
124,55,74
124,56,90
124,57,65
124,58,24
124,59,-71
124,60,77
124,61,65
124,62,57
124,63,1
124,64,-51
124,65,78
124,66,93
124,67,-15
124,68,-50
124,69,9
124,70,28
124,71,2
124,72,-39
124,73,-95
124,74,-1
124,75,75
124,76,12
124,77,-94
124,78,58
124,79,49
124,80,94
124,81,-32
124,82,43
124,83,51
124,84,-12
124,85,97
124,86,-69
124,87,61
124,88,49
124,89,-11
124,90,78
124,91,-78
124,92,23
124,93,28
124,94,-90
124,95,-25
124,96,-50
124,97,-76
124,98,-54
124,99,-89
124,100,-38
124,101,-89
124,102,97
124,103,-18
124,104,49
124,105,94
124,106,98
124,107,-63
124,108,8
124,109,66
124,110,6
124,111,-19
124,112,-33
124,113,6
124,114,-47
124,115,-75
124,116,-90
124,117,-58
124,118,-10
124,119,-16
124,120,-49
124,121,-81
124,122,-58
124,123,-95
124,124,-56
124,125,-7
124,126,-84
124,127,-60
124,128,-59
124,129,-38
124,130,47
124,131,-65
124,132,26
124,133,-61
124,134,-17
124,135,21
124,136,60
124,137,30
124,138,46
124,139,-72
124,140,-73
124,141,-58
124,142,31
124,143,-41
124,144,-87
124,145,69
124,146,40
124,147,45
124,148,-24
124,149,-24
124,150,-31
124,151,77
124,152,-100
124,153,90
124,154,-73
124,155,-52
124,156,-47
124,157,-58
124,158,-35
124,159,-16
124,160,99
124,161,29
124,162,-77
124,163,56
124,164,5
124,165,17
124,166,27
124,167,-69
124,168,81
124,169,-26
124,170,-51
124,171,60
124,172,-7
124,173,5
124,174,-67
124,175,-21
124,176,-88
124,177,-39
124,178,73
124,179,-41
124,180,75
124,181,-41
124,182,-68
124,183,61
124,184,50
124,185,-99
124,186,98
124,187,-57
124,188,42
124,189,10
124,190,45
124,191,59
124,192,25
124,193,52
124,194,-9
124,195,86
124,196,79
124,197,-5
124,198,-91
124,199,82
124,200,38
124,201,-4
124,202,50
124,203,13
124,204,-27
124,205,-6
124,206,3
124,207,-68
124,208,84
124,209,2
124,210,-37
124,211,28
124,212,47
124,213,80
124,214,88
124,215,91
124,216,28
124,217,14
124,218,-44
124,219,10
124,220,87
124,221,-64
124,222,-85
124,223,-99
124,224,-5
124,225,-20
124,226,71
124,227,-13
124,228,-8
124,229,67
124,230,23
124,231,-43
124,232,-85
124,233,-2
124,234,46
124,235,56
124,236,93
124,237,-84
124,238,-98
124,239,-89
124,240,-52
124,241,46
124,242,-27
124,243,-95
124,244,35
124,245,81
124,246,66
124,247,-79
124,248,33
124,249,-33
124,250,-12
124,251,-40
124,252,-92
124,253,-50
124,254,-85
124,255,-60
124,256,99
124,257,-65
124,258,75
124,259,2
124,260,72
124,261,-67
124,262,60
124,263,-42
124,264,-85
124,265,18
124,266,92
124,267,16
124,268,12
124,269,69
124,270,-1
124,271,69
124,272,-22
124,273,21
124,274,39
124,275,-14
124,276,94
124,277,51
124,278,89
124,279,-95
124,280,87
124,281,60
124,282,-73
124,283,3
124,284,58
124,285,55
124,286,-67
124,287,65
124,288,-41
124,289,0
124,290,71
124,291,-16
124,292,-28
124,293,-61
124,294,52
124,295,13
124,296,12
124,297,46
124,298,71
124,299,-35
125,0,89
125,1,38
125,2,72
125,3,-16
125,4,-39
125,5,-96
125,6,-74
125,7,74
125,8,-97
125,9,77
125,10,-52
125,11,13
125,12,-17
125,13,-3
125,14,38
125,15,-43
125,16,66
125,17,96
125,18,-25
125,19,40
125,20,47
125,21,-67
125,22,-47
125,23,14
125,24,-83
125,25,-65
125,26,87
125,27,-52
125,28,-90
125,29,3
125,30,-16
125,31,-56
125,32,-50
125,33,51
125,34,8
125,35,57
125,36,-72
125,37,34
125,38,62
125,39,-20
125,40,48
125,41,-11
125,42,11
125,43,3
125,44,52
125,45,87
125,46,56
125,47,-12
125,48,77
125,49,-69
125,50,-53
125,51,-91
125,52,90
125,53,-32
125,54,54
125,55,38
125,56,-79
125,57,49
125,58,21
125,59,-68
125,60,27
125,61,-33
125,62,-89
125,63,62
125,64,42
125,65,36
125,66,73
125,67,-96
125,68,-28
125,69,-37
125,70,-30
125,71,18
125,72,-21
125,73,-41
125,74,-41
125,75,96
125,76,48
125,77,-52
125,78,46
125,79,-84
125,80,-80
125,81,-93
125,82,89
125,83,36
125,84,-53
125,85,26
125,86,76
125,87,39
125,88,85
125,89,42
125,90,-84
125,91,-8
125,92,51
125,93,80
125,94,52
125,95,-98
125,96,-67
125,97,-97
125,98,48
125,99,-36
125,100,40
125,101,-70
125,102,-20
125,103,66
125,104,-45
125,105,-58
125,106,-4
125,107,51
125,108,66
125,109,-48
125,110,-13
125,111,94
125,112,-47
125,113,36
125,114,3
125,115,75
125,116,59
125,117,49
125,118,-41
125,119,-4
125,120,-43
125,121,84
125,122,79
125,123,-33
125,124,43
125,125,64
125,126,-31
125,127,11
125,128,24
125,129,-27
125,130,-48
125,131,30
125,132,86
125,133,47
125,134,99
125,135,37
125,136,1
125,137,-40
125,138,-21
125,139,38
125,140,87
125,141,-73
125,142,66
125,143,17
125,144,-94
125,145,88
125,146,72
125,147,-100
125,148,-38
125,149,58
125,150,42
125,151,46
125,152,66
125,153,77
125,154,-44
125,155,23
125,156,10
125,157,-86
125,158,-46
125,159,2
125,160,51
125,161,79
125,162,-97
125,163,-4
125,164,-21
125,165,-12
125,166,-69
125,167,21
125,168,-39
125,169,15
125,170,3
125,171,-25
125,172,-25
125,173,-3
125,174,56
125,175,-33
125,176,84
125,177,-12
125,178,-10
125,179,-86
125,180,-28
125,181,-83
125,182,-13
125,183,72
125,184,-87
125,185,-85
125,186,46
125,187,69
125,188,39
125,189,56
125,190,6
125,191,65
125,192,-68
125,193,87
125,194,50
125,195,-38
125,196,79
125,197,-3
125,198,67
125,199,40
125,200,10
125,201,39
125,202,20
125,203,-51
125,204,-52
125,205,75
125,206,68
125,207,-46
125,208,82
125,209,46
125,210,95
125,211,-29
125,212,-4
125,213,44
125,214,34
125,215,77
125,216,-8
125,217,18
125,218,54
125,219,33
125,220,-83
125,221,88
125,222,44
125,223,93
125,224,68
125,225,25
125,226,50
125,227,-62
125,228,72
125,229,82
125,230,24
125,231,7
125,232,-9
125,233,41
125,234,44
125,235,30
125,236,-53
125,237,87
125,238,94
125,239,-43
125,240,16
125,241,23
125,242,-19
125,243,-95
125,244,-36
125,245,51
125,246,81
125,247,80
125,248,33
125,249,-15
125,250,39
125,251,57
125,252,1
125,253,33
125,254,46
125,255,-11
125,256,82
125,257,-45
125,258,29
125,259,-63
125,260,34
125,261,44
125,262,-47
125,263,33
125,264,88
125,265,3
125,266,18
125,267,-89
125,268,-24
125,269,55
125,270,-20
125,271,6
125,272,-60
125,273,-78
125,274,-91
125,275,-19
125,276,91
125,277,22
125,278,41
125,279,33
125,280,-30
125,281,96
125,282,-4
125,283,-2
125,284,-83
125,285,-30
125,286,53
125,287,25
125,288,-27
125,289,55
125,290,51
125,291,-18
125,292,25
125,293,-65
125,294,27
125,295,-98
125,296,63
125,297,47
125,298,35
125,299,-12
126,0,-89
126,1,67
126,2,51
126,3,40
126,4,57
126,5,3
126,6,-40
126,7,-86
126,8,35
126,9,81
126,10,99
126,11,13
126,12,-56
126,13,9
126,14,-33
126,15,-94
126,16,94
126,17,35
126,18,-66
126,19,38
126,20,-68
126,21,-94
126,22,-91
126,23,-3
126,24,-17
126,25,-62
126,26,5
126,27,10
126,28,22
126,29,-5
126,30,-92
126,31,-72
126,32,-9
126,33,75
126,34,-28
126,35,-69
126,36,6
126,37,-84
126,38,92
126,39,28
126,40,7
126,41,37
126,42,-27
126,43,32
126,44,-93
126,45,-61
126,46,-96
126,47,71
126,48,-96
126,49,61
126,50,-73
126,51,92
126,52,32
126,53,96
126,54,-13
126,55,-39
126,56,39
126,57,34
126,58,-36
126,59,-76
126,60,6
126,61,-19
126,62,57
126,63,14
126,64,81
126,65,60
126,66,34
126,67,-29
126,68,-50
126,69,-8
126,70,33
126,71,90
126,72,-42
126,73,34
126,74,94
126,75,-26
126,76,-66
126,77,-69
126,78,-12
126,79,97
126,80,57
126,81,70
126,82,-39
126,83,-89
126,84,24
126,85,-15
126,86,-61
126,87,78
126,88,-51
126,89,41
126,90,-56
126,91,-88
126,92,45
126,93,17
126,94,-3
126,95,-28
126,96,5
126,97,32
126,98,-75
126,99,-26
126,100,73
126,101,62
126,102,-58
126,103,-78
126,104,84
126,105,30
126,106,15
126,107,79
126,108,-44
126,109,-60
126,110,27
126,111,53
126,112,-30
126,113,-16
126,114,-76
126,115,-79
126,116,-87
126,117,-10
126,118,-22
126,119,65
126,120,-19
126,121,33
126,122,56
126,123,14
126,124,59
126,125,25
126,126,-42
126,127,19
126,128,3
126,129,-84
126,130,56
126,131,-3
126,132,96
126,133,5
126,134,98
126,135,85
126,136,73
126,137,-92
126,138,28
126,139,-28
126,140,28
126,141,13
126,142,-84
126,143,-63
126,144,-48
126,145,64
126,146,38
126,147,-66
126,148,69
126,149,87
126,150,54
126,151,-72
126,152,-100
126,153,-82
126,154,-25
126,155,-88
126,156,-94
126,157,44
126,158,46
126,159,-46
126,160,-24
126,161,-58
126,162,1
126,163,48
126,164,64
126,165,-34
126,166,-37
126,167,-82
126,168,27
126,169,-37
126,170,-65
126,171,-67
126,172,49
126,173,8
126,174,16
126,175,20
126,176,-37
126,177,-87
126,178,-70
126,179,40
126,180,-19
126,181,19
126,182,16
126,183,-60
126,184,80
126,185,67
126,186,88
126,187,-80
126,188,-29
126,189,-88
126,190,7
126,191,-72
126,192,-58
126,193,-5
126,194,-88
126,195,88
126,196,-99
126,197,24
126,198,63
126,199,-38
126,200,28
126,201,-39
126,202,-14
126,203,-63
126,204,-36
126,205,79
126,206,-32
126,207,-48
126,208,-39
126,209,39
126,210,87
126,211,21
126,212,80
126,213,80
126,214,-60
126,215,-9
126,216,-26
126,217,-48
126,218,53
126,219,75
126,220,-65
126,221,95
126,222,74
126,223,38
126,224,64
126,225,-12
126,226,77
126,227,-68
126,228,18
126,229,18
126,230,92
126,231,-83
126,232,-60
126,233,-29
126,234,-99
126,235,-62
126,236,74
126,237,-23
126,238,-27
126,239,-54
126,240,60
126,241,-21
126,242,33
126,243,-45
126,244,-76
126,245,-70
126,246,94
126,247,-27
126,248,-91
126,249,-67
126,250,-19
126,251,-20
126,252,-33
126,253,-5
126,254,-16
126,255,-42
126,256,61
126,257,-4
126,258,-32
126,259,97
126,260,-1
126,261,-77
126,262,11
126,263,90
126,264,-44
126,265,82
126,266,66
126,267,69
126,268,-94
126,269,-93
126,270,20
126,271,30
126,272,63
126,273,-97
126,274,-12
126,275,6
126,276,-74
126,277,59
126,278,30
126,279,-14
126,280,-24
126,281,-55
126,282,-56
126,283,-23
126,284,82
126,285,83
126,286,11
126,287,9
126,288,61
126,289,-51
126,290,-72
126,291,-30
126,292,-53
126,293,-67
126,294,55
126,295,-54
126,296,99
126,297,-99
126,298,-40
126,299,-51
127,0,41
127,1,-72
127,2,-7
127,3,56
127,4,-70
127,5,89
127,6,-27
127,7,19
127,8,44
127,9,72
127,10,-36
127,11,-77
127,12,-37
127,13,49
127,14,67
127,15,-98
127,16,45
127,17,-29
127,18,21
127,19,-86
127,20,2
127,21,-33
127,22,73
127,23,36
127,24,-31
127,25,38
127,26,-37
127,27,-52
127,28,-15
127,29,-2
127,30,47
127,31,97
127,32,-80
127,33,59
127,34,71
127,35,-55
127,36,-60
127,37,13
127,38,61
127,39,72
127,40,80
127,41,23
127,42,30
127,43,-6
127,44,1
127,45,-45
127,46,19
127,47,-42
127,48,16
127,49,-49
127,50,16
127,51,12
127,52,40
127,53,-10
127,54,-13
127,55,14
127,56,-79
127,57,-2
127,58,-67
127,59,-48
127,60,-43
127,61,-84
127,62,-75
127,63,52
127,64,-90
127,65,-32
127,66,88
127,67,69
127,68,4
127,69,77
127,70,95
127,71,-30
127,72,58
127,73,-87
127,74,41
127,75,-34
127,76,-25
127,77,-13
127,78,-37
127,79,-70
127,80,25
127,81,92
127,82,-59
127,83,-43
127,84,-3
127,85,-87
127,86,-89
127,87,47
127,88,24
127,89,-3
127,90,15
127,91,70
127,92,96
127,93,-13
127,94,4
127,95,78
127,96,-52
127,97,32
127,98,34
127,99,92
127,100,38
127,101,70
127,102,-34
127,103,-48
127,104,-13
127,105,-99
127,106,0
127,107,-35
127,108,-14
127,109,43
127,110,-71
127,111,-23
127,112,-89
127,113,-16
127,114,20
127,115,13
127,116,44
127,117,95
127,118,83
127,119,-83
127,120,-19
127,121,2
127,122,-39
127,123,-31
127,124,-65
127,125,-47
127,126,65
127,127,91
127,128,5
127,129,-15
127,130,49
127,131,-25
127,132,-40
127,133,34
127,134,-70
127,135,-30
127,136,43
127,137,-96
127,138,62
127,139,24
127,140,-95
127,141,53
127,142,-27
127,143,57
127,144,-98
127,145,90
127,146,-61
127,147,-58
127,148,86
127,149,-21
127,150,20
127,151,-13
127,152,11
127,153,-40
127,154,-62
127,155,-49
127,156,30
127,157,-31
127,158,-54
127,159,-21
127,160,-2
127,161,11
127,162,-31
127,163,-4
127,164,28
127,165,41
127,166,-94
127,167,-64
127,168,-61
127,169,-77
127,170,-1
127,171,-4
127,172,57
127,173,77
127,174,2
127,175,44
127,176,12
127,177,34
127,178,38
127,179,52
127,180,-66
127,181,15
127,182,97
127,183,64
127,184,-30
127,185,45
127,186,82
127,187,7
127,188,76
127,189,78
127,190,-72
127,191,39
127,192,-6
127,193,-88
127,194,19
127,195,28
127,196,-19
127,197,-25
127,198,63
127,199,-20
127,200,-86
127,201,14
127,202,12
127,203,30
127,204,-89
127,205,7
127,206,-16
127,207,-20
127,208,-33
127,209,-56
127,210,-52
127,211,33
127,212,15
127,213,-85
127,214,52
127,215,39
127,216,68
127,217,59
127,218,-30
127,219,96
127,220,-20
127,221,-51
127,222,-61
127,223,-86
127,224,-27
127,225,69
127,226,-40
127,227,-75
127,228,-86
127,229,-21
127,230,-63
127,231,80
127,232,95
127,233,16
127,234,88
127,235,36
127,236,50
127,237,75
127,238,-97
127,239,81
127,240,-7
127,241,-86
127,242,-10
127,243,-84
127,244,-71
127,245,59
127,246,42
127,247,-57
127,248,-65
127,249,-55
127,250,44
127,251,-78
127,252,-17
127,253,-25
127,254,20
127,255,-38
127,256,-61
127,257,30
127,258,56
127,259,-8
127,260,-16
127,261,-60
127,262,-66
127,263,-55
127,264,20
127,265,66
127,266,-29
127,267,72
127,268,4
127,269,18
127,270,-6
127,271,64
127,272,-42
127,273,-100
127,274,20
127,275,88
127,276,-14
127,277,-83
127,278,68
127,279,79
127,280,-21
127,281,66
127,282,53
127,283,25
127,284,-94
127,285,22
127,286,-56
127,287,-57
127,288,48
127,289,-44
127,290,-87
127,291,6
127,292,-7
127,293,68
127,294,66
127,295,-42
127,296,67
127,297,-18
127,298,-84
127,299,-30
128,0,14
128,1,-26
128,2,81
128,3,34
128,4,-46
128,5,-27
128,6,16
128,7,25
128,8,-67
128,9,35
128,10,65
128,11,18
128,12,-71
128,13,-2
128,14,-33
128,15,99
128,16,-5
128,17,-81
128,18,40
128,19,96
128,20,61
128,21,41
128,22,8
128,23,24
128,24,-32
128,25,-70
128,26,57
128,27,-26
128,28,-52
128,29,-44
128,30,40
128,31,62
128,32,96
128,33,45
128,34,58
128,35,94
128,36,19
128,37,-98
128,38,-28
128,39,-92
128,40,-48
128,41,93
128,42,-73
128,43,-35
128,44,-50
128,45,56
128,46,26
128,47,4
128,48,30
128,49,91
128,50,57
128,51,-71
128,52,43
128,53,-79
128,54,-89
128,55,-24
128,56,44
128,57,1
128,58,-35
128,59,21
128,60,-97
128,61,11
128,62,0
128,63,-78
128,64,75
128,65,-10
128,66,54
128,67,-58
128,68,-10
128,69,93
128,70,-10
128,71,37
128,72,9
128,73,-51
128,74,67
128,75,42
128,76,8
128,77,-34
128,78,-39
128,79,-64
128,80,20
128,81,50
128,82,-96
128,83,28
128,84,26
128,85,55
128,86,-55
128,87,8
128,88,59
128,89,99
128,90,32
128,91,51
128,92,-100
128,93,-11
128,94,29
128,95,-39
128,96,-9
128,97,-48
128,98,-57
128,99,11
128,100,-93
128,101,-99
128,102,61
128,103,44
128,104,56
128,105,77
128,106,-3
128,107,85
128,108,70
128,109,-36
128,110,-77
128,111,97
128,112,-69
128,113,-23
128,114,-10
128,115,40
128,116,-9
128,117,-82
128,118,-76
128,119,13
128,120,82
128,121,56
128,122,-95
128,123,64
128,124,-11
128,125,-65
128,126,-59
128,127,-100
128,128,54
128,129,-57
128,130,-69
128,131,-88
128,132,-55
128,133,-53
128,134,65
128,135,-33
128,136,25
128,137,-92
128,138,-16
128,139,88
128,140,-41
128,141,-79
128,142,-83
128,143,17
128,144,-26
128,145,71
128,146,81
128,147,-79
128,148,-8
128,149,-75
128,150,66
128,151,-24
128,152,-95
128,153,77
128,154,-50
128,155,40
128,156,-29
128,157,-2
128,158,64
128,159,-74
128,160,20
128,161,-39
128,162,-45
128,163,6
128,164,-95
128,165,82
128,166,82
128,167,90
128,168,85
128,169,-76
128,170,-50
128,171,51
128,172,53
128,173,93
128,174,10
128,175,25
128,176,84
128,177,-13
128,178,-22
128,179,-46
128,180,-10
128,181,61
128,182,50
128,183,-88
128,184,64
128,185,91
128,186,-40
128,187,-37
128,188,99
128,189,0
128,190,-49
128,191,-90
128,192,34
128,193,-39
128,194,-70
128,195,37
128,196,17
128,197,-91
128,198,-5
128,199,-53
128,200,-60
128,201,-40
128,202,-21
128,203,-16
128,204,86
128,205,4
128,206,-71
128,207,22
128,208,29
128,209,39
128,210,18
128,211,47
128,212,78
128,213,-49
128,214,-5
128,215,36
128,216,20
128,217,-20
128,218,-67
128,219,3
128,220,-84
128,221,32
128,222,-28
128,223,-30
128,224,-51
128,225,-10
128,226,14
128,227,29
128,228,59
128,229,5
128,230,61
128,231,-44
128,232,65
128,233,-4
128,234,35
128,235,-16
128,236,-71
128,237,-39
128,238,-54
128,239,65
128,240,-29
128,241,63
128,242,-24
128,243,45
128,244,-6
128,245,-78
128,246,-83
128,247,-93
128,248,42
128,249,-83
128,250,34
128,251,-92
128,252,35
128,253,17
128,254,-91
128,255,1
128,256,-39
128,257,-97
128,258,71
128,259,86
128,260,18
128,261,61
128,262,-38
128,263,63
128,264,-37
128,265,-92
128,266,-24
128,267,-7
128,268,-57
128,269,59
128,270,-29
128,271,-84
128,272,-14
128,273,62
128,274,-80
128,275,56
128,276,-83
128,277,15
128,278,66
128,279,95
128,280,-31
128,281,96
128,282,47
128,283,-54
128,284,76
128,285,-85
128,286,21
128,287,51
128,288,-69
128,289,-58
128,290,-26
128,291,54
128,292,-9
128,293,33
128,294,-39
128,295,65
128,296,-59
128,297,-2
128,298,95
128,299,74
129,0,48
129,1,9
129,2,-51
129,3,23
129,4,71
129,5,53
129,6,46
129,7,-39
129,8,70
129,9,-60
129,10,-71
129,11,19
129,12,-10
129,13,21
129,14,-67
129,15,14
129,16,-18
129,17,-100
129,18,-3
129,19,-74
129,20,-12
129,21,-2
129,22,-23
129,23,-49
129,24,9
129,25,-99
129,26,8
129,27,-10
129,28,20
129,29,-73
129,30,-97
129,31,-33
129,32,-21
129,33,-60
129,34,5
129,35,18
129,36,-33
129,37,45
129,38,27
129,39,-38
129,40,50
129,41,34
129,42,-58
129,43,-13
129,44,-9
129,45,39
129,46,9
129,47,-49
129,48,36
129,49,55
129,50,-1
129,51,-97
129,52,70
129,53,-81
129,54,-66
129,55,-41
129,56,21
129,57,-55
129,58,-97
129,59,46
129,60,1
129,61,-86
129,62,-60
129,63,58
129,64,-38
129,65,53
129,66,71
129,67,50
129,68,-28
129,69,-29
129,70,-86
129,71,92
129,72,-39
129,73,2
129,74,-76
129,75,48
129,76,-86
129,77,84
129,78,-5
129,79,-56
129,80,68
129,81,29
129,82,-36
129,83,4
129,84,-3
129,85,-69
129,86,9
129,87,13
129,88,98
129,89,-65
129,90,26
129,91,29
129,92,-4
129,93,41
129,94,27
129,95,60
129,96,-88
129,97,-44
129,98,21
129,99,-67
129,100,93
129,101,-29
129,102,46
129,103,-36
129,104,71
129,105,-59
129,106,-81
129,107,-95
129,108,45
129,109,-15
129,110,-54
129,111,-19
129,112,-74
129,113,-61
129,114,-55
129,115,-97
129,116,31
129,117,-20
129,118,-31
129,119,-40
129,120,-57
129,121,87
129,122,-33
129,123,-12
129,124,-87
129,125,-48
129,126,-47
129,127,93
129,128,21
129,129,-65
129,130,87
129,131,63
129,132,25
129,133,15
129,134,79
129,135,2
129,136,75
129,137,-68
129,138,52
129,139,97
129,140,-54
129,141,-19
129,142,-23
129,143,8
129,144,43
129,145,76
129,146,32
129,147,-83
129,148,38
129,149,-46
129,150,-38
129,151,11
129,152,92
129,153,-57
129,154,-86
129,155,-35
129,156,66
129,157,75
129,158,9
129,159,-20
129,160,43
129,161,51
129,162,59
129,163,-17
129,164,-19
129,165,-100
129,166,92
129,167,25
129,168,-97
129,169,-7
129,170,-67
129,171,84
129,172,88
129,173,79
129,174,-77
129,175,-83
129,176,66
129,177,79
129,178,68
129,179,-34
129,180,23
129,181,-23
129,182,-35
129,183,19
129,184,10
129,185,-2
129,186,54
129,187,26
129,188,35
129,189,98
129,190,-20
129,191,58
129,192,-99
129,193,-58
129,194,-64
129,195,-89
129,196,-91
129,197,-3
129,198,43
129,199,-8
129,200,-95
129,201,24
129,202,29
129,203,-38
129,204,14
129,205,-60
129,206,92
129,207,-6
129,208,39
129,209,-22
129,210,-49
129,211,71
129,212,58
129,213,-50
129,214,91
129,215,18
129,216,-50
129,217,59
129,218,86
129,219,63
129,220,-71
129,221,96
129,222,-42
129,223,-99
129,224,50
129,225,-60
129,226,72
129,227,-3
129,228,-65
129,229,2
129,230,-70
129,231,33
129,232,-52
129,233,-90
129,234,-88
129,235,28
129,236,-80
129,237,-7
129,238,21
129,239,15
129,240,87
129,241,73
129,242,-67
129,243,24
129,244,86
129,245,62
129,246,-21
129,247,-68
129,248,-70
129,249,-81
129,250,7
129,251,51
129,252,-14
129,253,-81
129,254,84
129,255,79
129,256,12
129,257,-1
129,258,57
129,259,91
129,260,5
129,261,-11
129,262,64
129,263,-85
129,264,-46
129,265,70
129,266,-52
129,267,33
129,268,-72
129,269,-75
129,270,-74
129,271,0
129,272,-14
129,273,48
129,274,-72
129,275,47
129,276,-70
129,277,-23
129,278,-78
129,279,97
129,280,9
129,281,71
129,282,-43
129,283,-62
129,284,-75
129,285,-16
129,286,68
129,287,57
129,288,96
129,289,-39
129,290,-20
129,291,-21
129,292,-93
129,293,60
129,294,14
129,295,40
129,296,-1
129,297,53
129,298,81
129,299,-83
130,0,1
130,1,-28
130,2,34
130,3,-9
130,4,-29
130,5,-82
130,6,-1
130,7,-69
130,8,54
130,9,-93
130,10,65
130,11,46
130,12,-71
130,13,-90
130,14,-54
130,15,6
130,16,-97
130,17,84
130,18,0
130,19,-57
130,20,-56
130,21,-95
130,22,62
130,23,-17
130,24,-2
130,25,-51
130,26,-84
130,27,3
130,28,-68
130,29,73
130,30,26
130,31,55
130,32,-31
130,33,-64
130,34,59
130,35,42
130,36,-86
130,37,-99
130,38,-4
130,39,-65
130,40,14
130,41,-26
130,42,-50
130,43,-36
130,44,-33
130,45,11
130,46,7
130,47,75
130,48,17
130,49,33
130,50,-6
130,51,-24
130,52,-35
130,53,50
130,54,30
130,55,-34
130,56,13
130,57,93
130,58,-69
130,59,55
130,60,36
130,61,98
130,62,46
130,63,-99
130,64,-58
130,65,46
130,66,58
130,67,9
130,68,53
130,69,75
130,70,-88
130,71,-66
130,72,-80
130,73,68
130,74,43
130,75,75
130,76,-32
130,77,-93
130,78,9
130,79,-19
130,80,-40
130,81,-52
130,82,12
130,83,-11
130,84,-62
130,85,-24
130,86,-14
130,87,57
130,88,-61
130,89,-31
130,90,16
130,91,-24
130,92,-70
130,93,-56
130,94,-71
130,95,69
130,96,30
130,97,82
130,98,-22
130,99,-70
130,100,-32
130,101,-83
130,102,-76
130,103,20
130,104,-84
130,105,63
130,106,17
130,107,66
130,108,28
130,109,-55
130,110,-67
130,111,50
130,112,-91
130,113,-23
130,114,-53
130,115,-30
130,116,-25
130,117,-18
130,118,-89
130,119,-90
130,120,-60
130,121,-56
130,122,80
130,123,-66
130,124,-81
130,125,76
130,126,-88
130,127,58
130,128,60
130,129,40
130,130,-5
130,131,64
130,132,40
130,133,59
130,134,-90
130,135,-64
130,136,22
130,137,20
130,138,-90
130,139,74
130,140,-65
130,141,58
130,142,50
130,143,-53
130,144,12
130,145,-63
130,146,-23
130,147,29
130,148,77
130,149,69
130,150,-74
130,151,68
130,152,-2
130,153,-38
130,154,6
130,155,40
130,156,-75
130,157,-11
130,158,26
130,159,-10
130,160,12
130,161,78
130,162,57
130,163,48
130,164,-91
130,165,-79
130,166,2
130,167,5
130,168,-19
130,169,-2
130,170,59
130,171,-69
130,172,-67
130,173,70
130,174,32
130,175,61
130,176,-5
130,177,-27
130,178,-65
130,179,-96
130,180,-51
130,181,-69
130,182,-8
130,183,68
130,184,27
130,185,21
130,186,-21
130,187,-14
130,188,99
130,189,-42
130,190,39
130,191,58
130,192,18
130,193,-91
130,194,97
130,195,-53
130,196,-75
130,197,56
130,198,18
130,199,-3
130,200,-49
130,201,88
130,202,58
130,203,-37
130,204,44
130,205,-80
130,206,-55
130,207,-66
130,208,-86
130,209,-24
130,210,-10
130,211,-17
130,212,51
130,213,91
130,214,61
130,215,-54
130,216,-79
130,217,-14
130,218,18
130,219,98
130,220,-9
130,221,16
130,222,-65
130,223,63
130,224,82
130,225,9
130,226,-12
130,227,-64
130,228,21
130,229,-65
130,230,-14
130,231,81
130,232,-24
130,233,73
130,234,-6
130,235,43
130,236,5
130,237,-5
130,238,54
130,239,22
130,240,-24
130,241,55
130,242,-79
130,243,85
130,244,-65
130,245,26
130,246,2
130,247,-25
130,248,-14
130,249,41
130,250,-77
130,251,-91
130,252,51
130,253,23
130,254,12
130,255,-35
130,256,-5
130,257,75
130,258,17
130,259,72
130,260,40
130,261,90
130,262,88
130,263,37
130,264,-62
130,265,58
130,266,-67
130,267,70
130,268,87
130,269,-28
130,270,1
130,271,91
130,272,88
130,273,-86
130,274,-50
130,275,54
130,276,-98
130,277,40
130,278,80
130,279,52
130,280,9
130,281,0
130,282,91
130,283,-81
130,284,-23
130,285,-81
130,286,63
130,287,-7
130,288,-75
130,289,-15
130,290,-48
130,291,-69
130,292,-59
130,293,42
130,294,30
130,295,55
130,296,20
130,297,55
130,298,-58
130,299,51
131,0,-38
131,1,32
131,2,-95
131,3,65
131,4,59
131,5,-67
131,6,18
131,7,-96
131,8,-42
131,9,-76
131,10,-89
131,11,-11
131,12,72
131,13,-15
131,14,56
131,15,90
131,16,53
131,17,89
131,18,75
131,19,72
131,20,59
131,21,-15
131,22,-5
131,23,-91
131,24,-26
131,25,-66
131,26,-85
131,27,69
131,28,-12
131,29,-73
131,30,17
131,31,15
131,32,-97
131,33,94
131,34,-33
131,35,84
131,36,85
131,37,54
131,38,-63
131,39,20
131,40,-66
131,41,72
131,42,-97
131,43,-81
131,44,-76
131,45,11
131,46,10
131,47,44
131,48,-2
131,49,-93
131,50,65
131,51,77
131,52,-89
131,53,-77
131,54,-29
131,55,68
131,56,-78
131,57,-40
131,58,-69
131,59,-82
131,60,35
131,61,20
131,62,44
131,63,-96
131,64,-73
131,65,-52
131,66,-67
131,67,-26
131,68,16
131,69,-70
131,70,-7
131,71,30
131,72,42
131,73,-93
131,74,97
131,75,59
131,76,-100
131,77,-48
131,78,-46
131,79,19
131,80,38
131,81,-84
131,82,-77
131,83,81
131,84,80
131,85,10
131,86,-23
131,87,35
131,88,-72
131,89,-45
131,90,-6
131,91,-73
131,92,-94
131,93,22
131,94,96
131,95,-40
131,96,-2
131,97,37
131,98,-84
131,99,50
131,100,-26
131,101,-64
131,102,-43
131,103,41
131,104,16
131,105,6
131,106,83
131,107,-56
131,108,54
131,109,26
131,110,-69
131,111,52
131,112,-27
131,113,33
131,114,-65
131,115,-59
131,116,-38
131,117,48
131,118,-39
131,119,-51
131,120,-59
131,121,71
131,122,49
131,123,18
131,124,-19
131,125,20
131,126,-51
131,127,-78
131,128,51
131,129,37
131,130,-99
131,131,-12
131,132,45
131,133,-19
131,134,96
131,135,-17
131,136,-34
131,137,21
131,138,-22
131,139,-63
131,140,-42
131,141,-69
131,142,-48
131,143,36
131,144,-54
131,145,22
131,146,90
131,147,-54
131,148,-46
131,149,42
131,150,-14
131,151,83
131,152,34
131,153,-100
131,154,-88
131,155,-97
131,156,68
131,157,69
131,158,-27
131,159,46
131,160,95
131,161,48
131,162,63
131,163,-30
131,164,65
131,165,51
131,166,12
131,167,55
131,168,45
131,169,-73
131,170,-87
131,171,-87
131,172,15
131,173,36
131,174,0
131,175,88
131,176,84
131,177,-58
131,178,-34
131,179,-32
131,180,15
131,181,32
131,182,-59
131,183,-1
131,184,56
131,185,47
131,186,-81
131,187,-89
131,188,52
131,189,-71
131,190,24
131,191,-77
131,192,-17
131,193,-43
131,194,-81
131,195,60
131,196,-55
131,197,33
131,198,-14
131,199,-70
131,200,95
131,201,15
131,202,49
131,203,33
131,204,-65
131,205,50
131,206,78
131,207,1
131,208,41
131,209,-85
131,210,-74
131,211,85
131,212,-73
131,213,-16
131,214,-100
131,215,-76
131,216,81
131,217,64
131,218,41
131,219,-21
131,220,-89
131,221,55
131,222,-63
131,223,64
131,224,-77
131,225,-15
131,226,-39
131,227,-9
131,228,-77
131,229,-26
131,230,12
131,231,-31
131,232,-36
131,233,-78
131,234,-8
131,235,-36
131,236,-65
131,237,3
131,238,57
131,239,-28
131,240,-63
131,241,49
131,242,54
131,243,37
131,244,75
131,245,78
131,246,22
131,247,5
131,248,95
131,249,15
131,250,32
131,251,46
131,252,-14
131,253,-50
131,254,2
131,255,-56
131,256,-65
131,257,-36
131,258,-90
131,259,57
131,260,-1
131,261,93
131,262,60
131,263,58
131,264,83
131,265,-51
131,266,41
131,267,40
131,268,-35
131,269,-65
131,270,-65
131,271,-72
131,272,-62
131,273,-48
131,274,14
131,275,13
131,276,-42
131,277,-28
131,278,64
131,279,-10
131,280,-49
131,281,-17
131,282,39
131,283,41
131,284,-62
131,285,-38
131,286,-51
131,287,27
131,288,11
131,289,52
131,290,88
131,291,-15
131,292,-32
131,293,-49
131,294,59
131,295,91
131,296,-48
131,297,5
131,298,-100
131,299,-61
132,0,-37
132,1,-64
132,2,-31
132,3,62
132,4,-67
132,5,-71
132,6,-55
132,7,-21
132,8,-46
132,9,55
132,10,99
132,11,43
132,12,-82
132,13,-98
132,14,-78
132,15,21
132,16,-47
132,17,47
132,18,1
132,19,-66
132,20,32
132,21,-14
132,22,68
132,23,-91
132,24,-67
132,25,52
132,26,-55
132,27,-44
132,28,32
132,29,22
132,30,64
132,31,-10
132,32,85
132,33,-44
132,34,-87
132,35,-30
132,36,23
132,37,87
132,38,30
132,39,1
132,40,77
132,41,-60
132,42,-21
132,43,96
132,44,18
132,45,74
132,46,64
132,47,21
132,48,19
132,49,90
132,50,40
132,51,-65
132,52,-10
132,53,43
132,54,-1
132,55,-55
132,56,-12
132,57,-54
132,58,-98
132,59,-73
132,60,21
132,61,38
132,62,-21
132,63,-20
132,64,94
132,65,42
132,66,17
132,67,-96
132,68,-39
132,69,-11
132,70,25
132,71,77
132,72,-58
132,73,18
132,74,-80
132,75,53
132,76,67
132,77,59
132,78,47
132,79,82
132,80,-70
132,81,27
132,82,44
132,83,6
132,84,52
132,85,55
132,86,33
132,87,67
132,88,53
132,89,-3
132,90,35
132,91,-100
132,92,77
132,93,-66
132,94,-75
132,95,86
132,96,87
132,97,86
132,98,49
132,99,-93
132,100,-11
132,101,-47
132,102,-24
132,103,33
132,104,98
132,105,-15
132,106,92
132,107,-3
132,108,-41
132,109,92
132,110,-12
132,111,2
132,112,-88
132,113,4
132,114,8
132,115,41
132,116,49
132,117,52
132,118,53
132,119,68
132,120,-56
132,121,18
132,122,34
132,123,-66
132,124,55
132,125,37
132,126,-44
132,127,-30
132,128,-98
132,129,45
132,130,61
132,131,26
132,132,2
132,133,25
132,134,47
132,135,20
132,136,69
132,137,58
132,138,-11
132,139,-95
132,140,82
132,141,11
132,142,-94
132,143,-46
132,144,17
132,145,54
132,146,21
132,147,-43
132,148,99
132,149,-48
132,150,34
132,151,-66
132,152,-52
132,153,83
132,154,-16
132,155,-36
132,156,-52
132,157,-27
132,158,-27
132,159,40
132,160,-8
132,161,57
132,162,68
132,163,36
132,164,2
132,165,-91
132,166,-40
132,167,-63
132,168,-46
132,169,54
132,170,17
132,171,-9
132,172,-75
132,173,25
132,174,-29
132,175,-38
132,176,72
132,177,73
132,178,29
132,179,-53
132,180,21
132,181,-42
132,182,-74
132,183,-99
132,184,-14
132,185,-59
132,186,74
132,187,-14
132,188,69
132,189,-57
132,190,-92
132,191,-75
132,192,97
132,193,24
132,194,47
132,195,11
132,196,5
132,197,2
132,198,90
132,199,-31
132,200,-49
132,201,2
132,202,4
132,203,83
132,204,-46
132,205,-33
132,206,40
132,207,65
132,208,-32
132,209,-98
132,210,-70
132,211,-19
132,212,-36
132,213,58
132,214,-63
132,215,7
132,216,-83
132,217,19
132,218,45
132,219,-6
132,220,31
132,221,49
132,222,-89
132,223,47
132,224,-5
132,225,84
132,226,11
132,227,-17
132,228,-18
132,229,15
132,230,-27
132,231,4
132,232,-60
132,233,-49
132,234,6
132,235,26
132,236,1
132,237,22
132,238,51
132,239,1
132,240,-57
132,241,-88
132,242,-55
132,243,-75
132,244,84
132,245,-77
132,246,8
132,247,-87
132,248,88
132,249,61
132,250,-37
132,251,70
132,252,-48
132,253,59
132,254,57
132,255,54
132,256,43
132,257,-97
132,258,75
132,259,-65
132,260,34
132,261,25
132,262,26
132,263,-61
132,264,-7
132,265,42
132,266,-50
132,267,39
132,268,76
132,269,-93
132,270,30
132,271,-44
132,272,16
132,273,79
132,274,-17
132,275,62
132,276,-5
132,277,-40
132,278,-39
132,279,-16
132,280,-22
132,281,-31
132,282,-9
132,283,-86
132,284,-39
132,285,74
132,286,-63
132,287,93
132,288,95
132,289,38
132,290,-83
132,291,-29
132,292,-15
132,293,81
132,294,13
132,295,57
132,296,-65
132,297,-83
132,298,54
132,299,33
133,0,-47
133,1,71
133,2,-37
133,3,-21
133,4,55
133,5,-10
133,6,-83
133,7,68
133,8,90
133,9,-37
133,10,99
133,11,-8
133,12,-62
133,13,-51
133,14,93
133,15,-32
133,16,-53
133,17,-23
133,18,45
133,19,-11
133,20,57
133,21,15
133,22,30
133,23,-18
133,24,-5
133,25,-1
133,26,-66
133,27,-6
133,28,-92
133,29,-27
133,30,94
133,31,-65
133,32,47
133,33,-80
133,34,-72
133,35,53
133,36,89
133,37,-11
133,38,-55
133,39,-57
133,40,-60
133,41,-45
133,42,-28
133,43,-26
133,44,16
133,45,-97
133,46,21
133,47,66
133,48,48
133,49,-76
133,50,-75
133,51,61
133,52,88
133,53,-95
133,54,11
133,55,10
133,56,46
133,57,3
133,58,-56
133,59,-9
133,60,-47
133,61,-88
133,62,79
133,63,90
133,64,87
133,65,-27
133,66,13
133,67,-81
133,68,-85
133,69,73
133,70,-70
133,71,-57
133,72,99
133,73,45
133,74,1
133,75,14
133,76,-93
133,77,44
133,78,-100
133,79,88
133,80,38
133,81,-5
133,82,-88
133,83,-58
133,84,-75
133,85,-48
133,86,96
133,87,99
133,88,49
133,89,-36
133,90,-18
133,91,-83
133,92,2
133,93,81
133,94,39
133,95,89
133,96,-58
133,97,-30
133,98,-9
133,99,29
133,100,-62
133,101,-12
133,102,80
133,103,16
133,104,4
133,105,63
133,106,15
133,107,-68
133,108,-1
133,109,-38
133,110,88
133,111,-2
133,112,-41
133,113,59
133,114,28
133,115,32
133,116,-2
133,117,-89
133,118,1
133,119,-62
133,120,-84
133,121,-62
133,122,1
133,123,-96
133,124,95
133,125,-67
133,126,-23
133,127,-57
133,128,-13
133,129,92
133,130,69
133,131,63
133,132,-1
133,133,79
133,134,-100
133,135,35
133,136,72
133,137,-100
133,138,-57
133,139,-29
133,140,-88
133,141,13
133,142,-11
133,143,47
133,144,92
133,145,-2
133,146,-88
133,147,17
133,148,49
133,149,3
133,150,-52
133,151,86
133,152,-92
133,153,10
133,154,56
133,155,-56
133,156,69
133,157,-79
133,158,-76
133,159,90
133,160,-71
133,161,-9
133,162,-24
133,163,5
133,164,-72
133,165,30
133,166,-25
133,167,-11
133,168,-25
133,169,-44
133,170,-21
133,171,58
133,172,-90
133,173,46
133,174,45
133,175,95
133,176,-79
133,177,-29
133,178,-96
133,179,-4
133,180,-84
133,181,-46
133,182,68
133,183,21
133,184,82
133,185,-23
133,186,20
133,187,18
133,188,71
133,189,93
133,190,83
133,191,55
133,192,-85
133,193,29
133,194,-28
133,195,-7
133,196,-45
133,197,80
133,198,8
133,199,-32
133,200,21
133,201,24
133,202,-75
133,203,92
133,204,23
133,205,-80
133,206,8
133,207,-28
133,208,-6
133,209,53
133,210,-16
133,211,-77
133,212,-33
133,213,60
133,214,-55
133,215,-36
133,216,-16
133,217,-46
133,218,-69
133,219,-56
133,220,25
133,221,-41
133,222,61
133,223,-77
133,224,-37
133,225,74
133,226,-29
133,227,-31
133,228,-8
133,229,-39
133,230,-13
133,231,14
133,232,17
133,233,43
133,234,-72
133,235,65
133,236,-43
133,237,68
133,238,-16
133,239,-13
133,240,-2
133,241,-28
133,242,68
133,243,-47
133,244,73
133,245,-27
133,246,90
133,247,84
133,248,77
133,249,52
133,250,85
133,251,34
133,252,45
133,253,-82
133,254,-75
133,255,-82
133,256,-79
133,257,72
133,258,50
133,259,17
133,260,10
133,261,80
133,262,30
133,263,-74
133,264,63
133,265,53
133,266,-2
133,267,80
133,268,7
133,269,-33
133,270,-38
133,271,72
133,272,52
133,273,11
133,274,-88
133,275,-59
133,276,-61
133,277,-70
133,278,-2
133,279,7
133,280,51
133,281,49
133,282,-57
133,283,97
133,284,70
133,285,-17
133,286,8
133,287,-71
133,288,0
133,289,-40
133,290,10
133,291,-50
133,292,-59
133,293,-82
133,294,-82
133,295,97
133,296,-65
133,297,90
133,298,-93
133,299,48
134,0,81
134,1,33
134,2,-96
134,3,87
134,4,-46
134,5,17
134,6,46
134,7,-42
134,8,47
134,9,-22
134,10,46
134,11,-66
134,12,-10
134,13,-62
134,14,-100
134,15,-70
134,16,-31
134,17,-56
134,18,18
134,19,-76
134,20,-71
134,21,-2
134,22,60
134,23,-17
134,24,87
134,25,-70
134,26,73
134,27,31
134,28,-61
134,29,79
134,30,-31
134,31,-84
134,32,-21
134,33,-31
134,34,81
134,35,41
134,36,-61
134,37,50
134,38,29
134,39,38
134,40,62
134,41,53
134,42,-73
134,43,92
134,44,-94
134,45,21
134,46,27
134,47,-51
134,48,-58
134,49,-80
134,50,-45
134,51,79
134,52,-64
134,53,70
134,54,57
134,55,35
134,56,-57
134,57,-17
134,58,-33
134,59,-13
134,60,58
134,61,-57
134,62,-38
134,63,-60
134,64,39
134,65,54
134,66,-20
134,67,7
134,68,53
134,69,79
134,70,-55
134,71,-51
134,72,9
134,73,29
134,74,4
134,75,24
134,76,26
134,77,5
134,78,10
134,79,-87
134,80,41
134,81,-20
134,82,-52
134,83,82
134,84,99
134,85,-16
134,86,-59
134,87,53
134,88,-25
134,89,-90
134,90,93
134,91,-13
134,92,-63
134,93,-55
134,94,-1
134,95,17
134,96,28
134,97,-13
134,98,14
134,99,-8
134,100,-1
134,101,-71
134,102,-80
134,103,-1
134,104,87
134,105,-37
134,106,30
134,107,10
134,108,93
134,109,-37
134,110,11
134,111,-70
134,112,88
134,113,-25
134,114,-42
134,115,85
134,116,1
134,117,59
134,118,-90
134,119,34
134,120,95
134,121,-70
134,122,30
134,123,-75
134,124,-79
134,125,-10
134,126,44
134,127,50
134,128,-70
134,129,99
134,130,10
134,131,91
134,132,43
134,133,60
134,134,-46
134,135,45
134,136,-99
134,137,42
134,138,-22
134,139,-46
134,140,-90
134,141,-13
134,142,59
134,143,47
134,144,-49
134,145,30
134,146,-27
134,147,63
134,148,97
134,149,-36
134,150,-27
134,151,-43
134,152,18
134,153,63
134,154,31
134,155,9
134,156,-45
134,157,49
134,158,31
134,159,-29
134,160,70
134,161,-14
134,162,-43
134,163,-82
134,164,46
134,165,-57
134,166,-20
134,167,59
134,168,-75
134,169,-91
134,170,4
134,171,79
134,172,-23
134,173,15
134,174,-95
134,175,-16
134,176,44
134,177,-90
134,178,-4
134,179,-88
134,180,90
134,181,22
134,182,21
134,183,-85
134,184,-36
134,185,-22
134,186,30
134,187,51
134,188,37
134,189,55
134,190,40
134,191,-75
134,192,55
134,193,-88
134,194,-29
134,195,63
134,196,15
134,197,-12
134,198,87
134,199,-26
134,200,79
134,201,-12
134,202,5
134,203,52
134,204,-78
134,205,-97
134,206,-100
134,207,-71
134,208,-86
134,209,62
134,210,-44
134,211,75
134,212,98
134,213,26
134,214,-69
134,215,23
134,216,2
134,217,-10
134,218,19
134,219,4
134,220,92
134,221,3
134,222,-75
134,223,78
134,224,-96
134,225,-98
134,226,84
134,227,-24
134,228,78
134,229,-43
134,230,51
134,231,-15
134,232,63
134,233,17
134,234,-70
134,235,-83
134,236,62
134,237,73
134,238,31
134,239,-66
134,240,-67
134,241,-1
134,242,82
134,243,32
134,244,9
134,245,15
134,246,93
134,247,0
134,248,-48
134,249,-91
134,250,20
134,251,8
134,252,22
134,253,-44
134,254,-39
134,255,7
134,256,-66
134,257,-2
134,258,-13
134,259,91
134,260,66
134,261,56
134,262,87
134,263,94
134,264,27
134,265,46
134,266,-57
134,267,21
134,268,56
134,269,83
134,270,76
134,271,-16
134,272,70
134,273,-68
134,274,22
134,275,-70
134,276,-44
134,277,63
134,278,-64
134,279,34
134,280,78
134,281,-1
134,282,74
134,283,-72
134,284,51
134,285,-10
134,286,-71
134,287,-98
134,288,-31
134,289,43
134,290,-50
134,291,-68
134,292,-98
134,293,23
134,294,-23
134,295,94
134,296,-68
134,297,-15
134,298,-75
134,299,-28
135,0,44
135,1,-46
135,2,-35
135,3,56
135,4,11
135,5,93
135,6,85
135,7,58
135,8,31
135,9,-72
135,10,60
135,11,-47
135,12,-69
135,13,45
135,14,53
135,15,80
135,16,-3
135,17,-23
135,18,-39
135,19,-40
135,20,80
135,21,-47
135,22,16
135,23,50
135,24,-97
135,25,71
135,26,-97
135,27,-99
135,28,-53
135,29,-8
135,30,-81
135,31,71
135,32,-19
135,33,23
135,34,-42
135,35,25
135,36,96
135,37,62
135,38,-97
135,39,-66
135,40,26
135,41,-30
135,42,-45
135,43,33
135,44,-91
135,45,46
135,46,53
135,47,16
135,48,-36
135,49,75
135,50,-28
135,51,88
135,52,-15
135,53,-30
135,54,-23
135,55,85
135,56,-11
135,57,-32
135,58,-67
135,59,-100
135,60,-17
135,61,88
135,62,-92
135,63,43
135,64,-92
135,65,27
135,66,-59
135,67,-26
135,68,-91
135,69,43
135,70,31
135,71,25
135,72,-37
135,73,55
135,74,31
135,75,7
135,76,99
135,77,68
135,78,-57
135,79,-67
135,80,5
135,81,0
135,82,-27
135,83,21
135,84,-50
135,85,69
135,86,47
135,87,61
135,88,88
135,89,78
135,90,98
135,91,77
135,92,-38
135,93,-18
135,94,52
135,95,68
135,96,-26
135,97,18
135,98,38
135,99,68
135,100,-17
135,101,28
135,102,33
135,103,68
135,104,-22
135,105,-93
135,106,-68
135,107,89
135,108,-97
135,109,66
135,110,-78
135,111,-27
135,112,-24
135,113,-40
135,114,2
135,115,37
135,116,-85
135,117,62
135,118,-19
135,119,-32
135,120,-30
135,121,-80
135,122,-18
135,123,56
135,124,-11
135,125,60
135,126,95
135,127,55
135,128,-13
135,129,82
135,130,25
135,131,6
135,132,-72
135,133,-33
135,134,-67
135,135,13
135,136,-51
135,137,-18
135,138,10
135,139,-14
135,140,-27
135,141,-99
135,142,-82
135,143,-72
135,144,-56
135,145,92
135,146,21
135,147,-2
135,148,66
135,149,94
135,150,-92
135,151,-25
135,152,-61
135,153,-70
135,154,-17
135,155,88
135,156,67
135,157,81
135,158,-3
135,159,76
135,160,69
135,161,-20
135,162,10
135,163,16
135,164,40
135,165,-97
135,166,43
135,167,77
135,168,64
135,169,69
135,170,83
135,171,92
135,172,3
135,173,43
135,174,93
135,175,46
135,176,-68
135,177,-42
135,178,-16
135,179,-40
135,180,-28
135,181,56
135,182,12
135,183,81
135,184,-85
135,185,-18
135,186,-46
135,187,73
135,188,-23
135,189,-77
135,190,-12
135,191,57
135,192,32
135,193,-54
135,194,68
135,195,-40
135,196,67
135,197,-60
135,198,30
135,199,-86
135,200,-51
135,201,17
135,202,-40
135,203,-34
135,204,-73
135,205,59
135,206,60
135,207,-96
135,208,-23
135,209,54
135,210,64
135,211,-57
135,212,51
135,213,-27
135,214,-2
135,215,-69
135,216,54
135,217,28
135,218,-43
135,219,-84
135,220,-46
135,221,-70
135,222,-61
135,223,28
135,224,-49
135,225,-64
135,226,63
135,227,-18
135,228,5
135,229,86
135,230,48
135,231,-23
135,232,8
135,233,-24
135,234,-15
135,235,-87
135,236,18
135,237,60
135,238,-25
135,239,-75
135,240,85
135,241,52
135,242,-68
135,243,-9
135,244,-28
135,245,8
135,246,15
135,247,25
135,248,91
135,249,85
135,250,-29
135,251,-32
135,252,52
135,253,29
135,254,67
135,255,-2
135,256,52
135,257,-50
135,258,18
135,259,45
135,260,95
135,261,-47
135,262,-10
135,263,-28
135,264,42
135,265,27
135,266,13
135,267,-100
135,268,-96
135,269,60
135,270,87
135,271,97
135,272,57
135,273,-21
135,274,85
135,275,-94
135,276,31
135,277,-91
135,278,-20
135,279,-93
135,280,-9
135,281,-74
135,282,92
135,283,99
135,284,16
135,285,27
135,286,11
135,287,-13
135,288,1
135,289,26
135,290,68
135,291,31
135,292,-15
135,293,9
135,294,-13
135,295,42
135,296,18
135,297,-23
135,298,-47
135,299,-22
136,0,44
136,1,-16
136,2,-56
136,3,-71
136,4,69
136,5,-35
136,6,-81
136,7,-17
136,8,-49
136,9,41
136,10,-95
136,11,61
136,12,-60
136,13,-99
136,14,-79
136,15,58
136,16,-38
136,17,13
136,18,94
136,19,19
136,20,-54
136,21,90
136,22,69
136,23,34
136,24,8
136,25,-53
136,26,-53
136,27,59
136,28,-67
136,29,0
136,30,68
136,31,89
136,32,-76
136,33,69
136,34,51
136,35,34
136,36,24
136,37,-34
136,38,-68
136,39,75
136,40,24
136,41,24
136,42,-68
136,43,24
136,44,88
136,45,94
136,46,14
136,47,67
136,48,-23
136,49,56
136,50,32
136,51,-39
136,52,-94
136,53,-68
136,54,-72
136,55,99
136,56,-2
136,57,-89
136,58,-18
136,59,55
136,60,-56
136,61,80
136,62,16
136,63,38
136,64,1
136,65,-67
136,66,-58
136,67,25
136,68,68
136,69,-7
136,70,-94
136,71,42
136,72,26
136,73,69
136,74,62
136,75,84
136,76,90
136,77,50
136,78,97
136,79,-30
136,80,-93
136,81,8
136,82,-75
136,83,-78
136,84,-94
136,85,-84
136,86,-55
136,87,62
136,88,-91
136,89,17
136,90,11
136,91,31
136,92,6
136,93,66
136,94,61
136,95,45
136,96,-66
136,97,-18
136,98,-87
136,99,12
136,100,-77
136,101,-41
136,102,18
136,103,-20
136,104,3
136,105,-10
136,106,-72
136,107,-44
136,108,-6
136,109,-61
136,110,56
136,111,14
136,112,19
136,113,49
136,114,-69
136,115,-77
136,116,-28
136,117,37
136,118,-46
136,119,46
136,120,64
136,121,-17
136,122,83
136,123,-67
136,124,20
136,125,81
136,126,93
136,127,39
136,128,-61
136,129,55
136,130,-29
136,131,16
136,132,-59
136,133,65
136,134,37
136,135,-29
136,136,77
136,137,82
136,138,-64
136,139,-67
136,140,93
136,141,-10
136,142,-56
136,143,-66
136,144,45
136,145,98
136,146,76
136,147,-90
136,148,-71
136,149,-38
136,150,-85
136,151,-68
136,152,61
136,153,55
136,154,96
136,155,45
136,156,-81
136,157,-95
136,158,-64
136,159,-69
136,160,82
136,161,-4
136,162,-19
136,163,-28
136,164,32
136,165,12
136,166,66
136,167,-46
136,168,-35
136,169,62
136,170,-7
136,171,6
136,172,79
136,173,-72
136,174,-72
136,175,3
136,176,-71
136,177,46
136,178,-30
136,179,-72
136,180,-14
136,181,34
136,182,-38
136,183,48
136,184,-94
136,185,98
136,186,-7
136,187,-27
136,188,-17
136,189,94
136,190,-17
136,191,54
136,192,-52
136,193,1
136,194,-58
136,195,-91
136,196,50
136,197,63
136,198,-85
136,199,-26
136,200,-79
136,201,-91
136,202,94
136,203,-79
136,204,12
136,205,-59
136,206,-59
136,207,-70
136,208,71
136,209,57
136,210,-30
136,211,-57
136,212,70
136,213,74
136,214,-93
136,215,-99
136,216,73
136,217,-45
136,218,11
136,219,-71
136,220,-94
136,221,-84
136,222,97
136,223,-32
136,224,-90
136,225,-52
136,226,-28
136,227,-43
136,228,80
136,229,-1
136,230,-14
136,231,18
136,232,53
136,233,1
136,234,78
136,235,9
136,236,30
136,237,22
136,238,-8
136,239,19
136,240,-3
136,241,-83
136,242,28
136,243,-9
136,244,51
136,245,70
136,246,-73
136,247,0
136,248,5
136,249,24
136,250,75
136,251,36
136,252,80
136,253,41
136,254,-11
136,255,99
136,256,-6
136,257,-18
136,258,-72
136,259,-48
136,260,95
136,261,98
136,262,42
136,263,-1
136,264,-27
136,265,38
136,266,56
136,267,-11
136,268,-17
136,269,-78
136,270,-36
136,271,-29
136,272,54
136,273,-59
136,274,97
136,275,-89
136,276,-40
136,277,-23
136,278,-78
136,279,-44
136,280,-89
136,281,94
136,282,75
136,283,63
136,284,14
136,285,45
136,286,-14
136,287,16
136,288,42
136,289,5
136,290,-68
136,291,92
136,292,94
136,293,50
136,294,-3
136,295,-72
136,296,-24
136,297,21
136,298,-13
136,299,58
137,0,-92
137,1,-29
137,2,72
137,3,33
137,4,34
137,5,5
137,6,-27
137,7,76
137,8,23
137,9,-41
137,10,-6
137,11,-55
137,12,36
137,13,74
137,14,-46
137,15,72
137,16,59
137,17,76
137,18,-16
137,19,-4
137,20,-12
137,21,-45
137,22,-95
137,23,-37
137,24,85
137,25,96
137,26,-43
137,27,-30
137,28,-11
137,29,29
137,30,-78
137,31,34
137,32,38
137,33,13
137,34,-83
137,35,11
137,36,-57
137,37,-65
137,38,-71
137,39,31
137,40,-42
137,41,-5
137,42,77
137,43,76
137,44,59
137,45,69
137,46,62
137,47,-15
137,48,4
137,49,-25
137,50,15
137,51,40
137,52,-77
137,53,75
137,54,-31
137,55,-74
137,56,-51
137,57,-44
137,58,-25
137,59,-58
137,60,3
137,61,-8
137,62,54
137,63,96
137,64,-77
137,65,-13
137,66,43
137,67,-67
137,68,19
137,69,12
137,70,10
137,71,-47
137,72,-67
137,73,34
137,74,28
137,75,-97
137,76,-42
137,77,-22
137,78,43
137,79,13
137,80,-31
137,81,0
137,82,5
137,83,50
137,84,54
137,85,14
137,86,46
137,87,-86
137,88,62
137,89,22
137,90,-73
137,91,33
137,92,-80
137,93,98
137,94,-7
137,95,34
137,96,70
137,97,62
137,98,-39
137,99,24
137,100,16
137,101,-34
137,102,60
137,103,-29
137,104,22
137,105,55
137,106,-67
137,107,29
137,108,56
137,109,-81
137,110,88
137,111,-14
137,112,-23
137,113,80
137,114,-87
137,115,39
137,116,44
137,117,68
137,118,-41
137,119,4
137,120,79
137,121,5
137,122,16
137,123,-99
137,124,46
137,125,-67
137,126,72
137,127,-99
137,128,-38
137,129,78
137,130,-38
137,131,-46
137,132,-19
137,133,36
137,134,-12
137,135,0
137,136,-69
137,137,-26
137,138,76
137,139,-3
137,140,-59
137,141,-46
137,142,43
137,143,31
137,144,-31
137,145,80
137,146,-77
137,147,-79
137,148,-9
137,149,60
137,150,-45
137,151,-41
137,152,44
137,153,73
137,154,1
137,155,55
137,156,69
137,157,-8
137,158,-71
137,159,-97
137,160,95
137,161,-97
137,162,53
137,163,-74
137,164,-100
137,165,60
137,166,22
137,167,85
137,168,2
137,169,88
137,170,44
137,171,-86
137,172,-61
137,173,-58
137,174,-65
137,175,21
137,176,-23
137,177,-5
137,178,-71
137,179,-100
137,180,-48
137,181,93
137,182,66
137,183,-98
137,184,2
137,185,42
137,186,-88
137,187,50
137,188,-3
137,189,-74
137,190,-41
137,191,37
137,192,-2
137,193,-48
137,194,98
137,195,41
137,196,-71
137,197,2
137,198,-1
137,199,98
137,200,-81
137,201,88
137,202,-10
137,203,11
137,204,-97
137,205,-60
137,206,-86
137,207,-46
137,208,-42
137,209,-48
137,210,79
137,211,-1
137,212,-30
137,213,-26
137,214,94
137,215,-5
137,216,-49
137,217,-100
137,218,-92
137,219,-84
137,220,43
137,221,97
137,222,29
137,223,45
137,224,70
137,225,64
137,226,-75
137,227,-93
137,228,24
137,229,-63
137,230,-12
137,231,-88
137,232,4
137,233,45
137,234,-51
137,235,-95
137,236,70
137,237,-14
137,238,-44
137,239,13
137,240,97
137,241,38
137,242,-39
137,243,-99
137,244,-92
137,245,33
137,246,72
137,247,-42
137,248,-16
137,249,-10
137,250,68
137,251,-58
137,252,66
137,253,95
137,254,94
137,255,95
137,256,-17
137,257,-98
137,258,50
137,259,68
137,260,8
137,261,-34
137,262,-23
137,263,71
137,264,67
137,265,50
137,266,3
137,267,78
137,268,-73
137,269,-97
137,270,-34
137,271,14
137,272,96
137,273,-87
137,274,70
137,275,-7
137,276,97
137,277,-97
137,278,-72
137,279,19
137,280,-20
137,281,95
137,282,-55
137,283,-11
137,284,31
137,285,-88
137,286,-61
137,287,-96
137,288,22
137,289,-22
137,290,26
137,291,-46
137,292,-89
137,293,34
137,294,-11
137,295,-52
137,296,41
137,297,-49
137,298,26
137,299,80
138,0,-25
138,1,-97
138,2,-65
138,3,-45
138,4,51
138,5,-73
138,6,-30
138,7,-27
138,8,68
138,9,79
138,10,-94
138,11,-47
138,12,62
138,13,89
138,14,71
138,15,-43
138,16,-84
138,17,-19
138,18,-64
138,19,-8
138,20,-66
138,21,-94
138,22,49
138,23,7
138,24,-97
138,25,-68
138,26,27
138,27,-52
138,28,-49
138,29,-59
138,30,19
138,31,16
138,32,85
138,33,27
138,34,14
138,35,-47
138,36,45
138,37,-18
138,38,10
138,39,90
138,40,49
138,41,-14
138,42,-95
138,43,-87
138,44,-41
138,45,-29
138,46,22
138,47,47
138,48,-19
138,49,-90
138,50,-8
138,51,-91
138,52,18
138,53,-67
138,54,72
138,55,18
138,56,85
138,57,-23
138,58,-43
138,59,17
138,60,28
138,61,-96
138,62,10
138,63,-42
138,64,-91
138,65,-1
138,66,95
138,67,-4
138,68,-43
138,69,-90
138,70,-27
138,71,-27
138,72,68
138,73,6
138,74,59
138,75,-65
138,76,-42
138,77,-12
138,78,66
138,79,79
138,80,14
138,81,82
138,82,-54
138,83,-64
138,84,8
138,85,49
138,86,53
138,87,-34
138,88,31
138,89,35
138,90,-25
138,91,-83
138,92,-3
138,93,-100
138,94,21
138,95,95
138,96,44
138,97,-76
138,98,-87
138,99,39
138,100,53
138,101,34
138,102,-58
138,103,40
138,104,29
138,105,-82
138,106,35
138,107,25
138,108,-66
138,109,10
138,110,42
138,111,-16
138,112,93
138,113,73
138,114,-59
138,115,18
138,116,28
138,117,-33
138,118,-14
138,119,-20
138,120,-29
138,121,7
138,122,26
138,123,-12
138,124,-27
138,125,74
138,126,91
138,127,34
138,128,34
138,129,-8
138,130,-7
138,131,-66
138,132,-4
138,133,-48
138,134,-55
138,135,11
138,136,85
138,137,-86
138,138,-14
138,139,-7
138,140,-93
138,141,-68
138,142,45
138,143,56
138,144,-31
138,145,25
138,146,69
138,147,53
138,148,-51
138,149,-52
138,150,-53
138,151,86
138,152,78
138,153,43
138,154,-83
138,155,-41
138,156,-64
138,157,-91
138,158,59
138,159,40
138,160,-55
138,161,72
138,162,42
138,163,-8
138,164,-3
138,165,-87
138,166,29
138,167,4
138,168,80
138,169,-75
138,170,60
138,171,16
138,172,62
138,173,-74
138,174,86
138,175,24
138,176,-63
138,177,-25
138,178,83
138,179,-1
138,180,-39
138,181,18
138,182,-86
138,183,-9
138,184,48
138,185,-33
138,186,-67
138,187,30
138,188,-51
138,189,33
138,190,-88
138,191,85
138,192,-62
138,193,58
138,194,-62
138,195,17
138,196,-36
138,197,6
138,198,49
138,199,-38
138,200,76
138,201,-45
138,202,-9
138,203,91
138,204,-4
138,205,2
138,206,-77
138,207,10
138,208,-7
138,209,89
138,210,89
138,211,-38
138,212,-99
138,213,-82
138,214,54
138,215,15
138,216,-91
138,217,63
138,218,13
138,219,63
138,220,20
138,221,38
138,222,83
138,223,31
138,224,29
138,225,-31
138,226,-44
138,227,37
138,228,-99
138,229,-97
138,230,-34
138,231,91
138,232,27
138,233,-95
138,234,-3
138,235,-42
138,236,-98
138,237,27
138,238,-68
138,239,95
138,240,9
138,241,8
138,242,-3
138,243,-25
138,244,52
138,245,54
138,246,15
138,247,71
138,248,13
138,249,-32
138,250,-63
138,251,50
138,252,-71
138,253,94
138,254,-74
138,255,-48
138,256,34
138,257,-33
138,258,-28
138,259,-40
138,260,-39
138,261,-23
138,262,-8
138,263,45
138,264,39
138,265,97
138,266,59
138,267,-64
138,268,73
138,269,39
138,270,1
138,271,15
138,272,-38
138,273,18
138,274,68
138,275,-61
138,276,-46
138,277,5
138,278,-35
138,279,37
138,280,-84
138,281,47
138,282,-88
138,283,92
138,284,-19
138,285,-100
138,286,-100
138,287,44
138,288,22
138,289,21
138,290,60
138,291,31
138,292,-88
138,293,20
138,294,-28
138,295,68
138,296,26
138,297,-44
138,298,-18
138,299,52
139,0,-20
139,1,-53
139,2,2
139,3,24
139,4,-11
139,5,-66
139,6,49
139,7,4
139,8,-37
139,9,64
139,10,16
139,11,7
139,12,-5
139,13,-18
139,14,78
139,15,2
139,16,-13
139,17,-39
139,18,29
139,19,64
139,20,47
139,21,-58
139,22,-18
139,23,-94
139,24,-20
139,25,-16
139,26,-43
139,27,32
139,28,-90
139,29,-10
139,30,88
139,31,86
139,32,56
139,33,-69
139,34,30
139,35,29
139,36,-5
139,37,74
139,38,11
139,39,27
139,40,23
139,41,28
139,42,5
139,43,38
139,44,-37
139,45,-3
139,46,-94
139,47,-86
139,48,-5
139,49,46
139,50,-17
139,51,71
139,52,-81
139,53,74
139,54,-11
139,55,-72
139,56,-41
139,57,52
139,58,39
139,59,-29
139,60,-3
139,61,-1
139,62,23
139,63,12
139,64,-61
139,65,86
139,66,34
139,67,51
139,68,-56
139,69,63
139,70,-57
139,71,-60
139,72,-57
139,73,-46
139,74,81
139,75,58
139,76,48
139,77,-3
139,78,-53
139,79,17
139,80,29
139,81,96
139,82,7
139,83,-33
139,84,32
139,85,22
139,86,92
139,87,-77
139,88,-46
139,89,41
139,90,95
139,91,-42
139,92,80
139,93,-6
139,94,15
139,95,-24
139,96,-83
139,97,-49
139,98,5
139,99,28
139,100,-60
139,101,-59
139,102,21
139,103,2
139,104,55
139,105,82
139,106,28
139,107,17
139,108,-2
139,109,56
139,110,68
139,111,-97
139,112,64
139,113,2
139,114,21
139,115,-5
139,116,-6
139,117,76
139,118,-1
139,119,-14
139,120,12
139,121,96
139,122,-5
139,123,50
139,124,70
139,125,-76
139,126,-7
139,127,-67
139,128,-99
139,129,52
139,130,20
139,131,16
139,132,30
139,133,15
139,134,80
139,135,-16
139,136,23
139,137,71
139,138,21
139,139,-92
139,140,62
139,141,-76
139,142,-51
139,143,48
139,144,52
139,145,-80
139,146,99
139,147,85
139,148,-52
139,149,-94
139,150,-32
139,151,-33
139,152,16
139,153,-29
139,154,48
139,155,-83
139,156,4
139,157,-65
139,158,-91
139,159,35
139,160,16
139,161,63
139,162,-50
139,163,64
139,164,84
139,165,39
139,166,39
139,167,-88
139,168,97
139,169,52
139,170,7
139,171,-39
139,172,11
139,173,-68
139,174,7
139,175,-99
139,176,51
139,177,-23
139,178,64
139,179,66
139,180,43
139,181,71
139,182,56
139,183,-40
139,184,-54
139,185,-1
139,186,-31
139,187,33
139,188,53
139,189,-42
139,190,92
139,191,77
139,192,-35
139,193,-6
139,194,-91
139,195,69
139,196,23
139,197,48
139,198,90
139,199,0
139,200,-28
139,201,-88
139,202,-8
139,203,86
139,204,-46
139,205,-25
139,206,39
139,207,75
139,208,61
139,209,30
139,210,22
139,211,30
139,212,10
139,213,55
139,214,98
139,215,-100
139,216,-69
139,217,-57
139,218,-22
139,219,49
139,220,-87
139,221,-10
139,222,34
139,223,60
139,224,10
139,225,25
139,226,-45
139,227,79
139,228,-66
139,229,9
139,230,-47
139,231,87
139,232,-80
139,233,-98
139,234,74
139,235,26
139,236,-80
139,237,-69
139,238,99
139,239,33
139,240,27
139,241,-75
139,242,-56
139,243,28
139,244,69
139,245,20
139,246,15
139,247,-10
139,248,13
139,249,-28
139,250,-44
139,251,-85
139,252,-62
139,253,54
139,254,68
139,255,34
139,256,-40
139,257,8
139,258,-96
139,259,-28
139,260,-58
139,261,-18
139,262,-55
139,263,37
139,264,-37
139,265,24
139,266,26
139,267,-57
139,268,-16
139,269,-3
139,270,-32
139,271,-24
139,272,96
139,273,20
139,274,-58
139,275,31
139,276,-77
139,277,29
139,278,2
139,279,12
139,280,24
139,281,-25
139,282,2
139,283,-84
139,284,98
139,285,56
139,286,-94
139,287,38
139,288,-34
139,289,-79
139,290,-26
139,291,-97
139,292,35
139,293,54
139,294,-45
139,295,-19
139,296,71
139,297,44
139,298,-8
139,299,-74
140,0,50
140,1,26
140,2,98
140,3,-32
140,4,73
140,5,53
140,6,-28
140,7,-64
140,8,-22
140,9,-77
140,10,-63
140,11,-92
140,12,-84
140,13,-14
140,14,69
140,15,-85
140,16,62
140,17,-49
140,18,86
140,19,56
140,20,84
140,21,-47
140,22,26
140,23,12
140,24,-1
140,25,41
140,26,-98
140,27,30
140,28,-5
140,29,-30
140,30,89
140,31,-17
140,32,-31
140,33,-45
140,34,23
140,35,-67
140,36,-79
140,37,76
140,38,23
140,39,43
140,40,-55
140,41,73
140,42,-22
140,43,93
140,44,51
140,45,58
140,46,-94
140,47,-3
140,48,26
140,49,-76
140,50,96
140,51,-30
140,52,-19
140,53,91
140,54,87
140,55,76
140,56,-32
140,57,-68
140,58,36
140,59,60
140,60,-63
140,61,-58
140,62,-22
140,63,75
140,64,-21
140,65,82
140,66,76
140,67,-22
140,68,55
140,69,80
140,70,87
140,71,-72
140,72,53
140,73,1
140,74,88
140,75,42
140,76,-59
140,77,-10
140,78,-60
140,79,21
140,80,-5
140,81,29
140,82,43
140,83,3
140,84,-71
140,85,22
140,86,72
140,87,7
140,88,-46
140,89,-99
140,90,90
140,91,48
140,92,-7
140,93,62
140,94,13
140,95,28
140,96,-24
140,97,-46
140,98,7
140,99,32
140,100,-74
140,101,71
140,102,44
140,103,12
140,104,70
140,105,-18
140,106,91
140,107,-48
140,108,70
140,109,-69
140,110,12
140,111,24
140,112,-89
140,113,49
140,114,20
140,115,1
140,116,4
140,117,93
140,118,28
140,119,88
140,120,83
140,121,-46
140,122,61
140,123,-68
140,124,62
140,125,-77
140,126,16
140,127,77
140,128,-89
140,129,-68
140,130,-36
140,131,29
140,132,53
140,133,-4
140,134,-83
140,135,-81
140,136,87
140,137,-8
140,138,-29
140,139,-2
140,140,98
140,141,39
140,142,72
140,143,30
140,144,1
140,145,69
140,146,13
140,147,90
140,148,66
140,149,54
140,150,-54
140,151,75
140,152,12
140,153,52
140,154,-60
140,155,-84
140,156,-79
140,157,53
140,158,-2
140,159,72
140,160,25
140,161,-39
140,162,-54
140,163,-6
140,164,11
140,165,-61
140,166,-77
140,167,-21
140,168,-88
140,169,48
140,170,2
140,171,-16
140,172,48
140,173,-38
140,174,20
140,175,-45
140,176,50
140,177,-39
140,178,94
140,179,12
140,180,7
140,181,36
140,182,-84
140,183,-76
140,184,91
140,185,-67
140,186,-23
140,187,-31
140,188,57
140,189,-18
140,190,45
140,191,62
140,192,21
140,193,-42
140,194,20
140,195,-83
140,196,4
140,197,34
140,198,-47
140,199,-67
140,200,-40
140,201,-31
140,202,94
140,203,51
140,204,69
140,205,96
140,206,32
140,207,-28
140,208,-91
140,209,71
140,210,21
140,211,-2
140,212,-42
140,213,-23
140,214,42
140,215,81
140,216,36
140,217,-67
140,218,-71
140,219,-95
140,220,38
140,221,-35
140,222,46
140,223,56
140,224,89
140,225,82
140,226,32
140,227,4
140,228,89
140,229,-32
140,230,-57
140,231,22
140,232,-42
140,233,70
140,234,-86
140,235,36
140,236,-34
140,237,68
140,238,-9
140,239,25
140,240,75
140,241,65
140,242,98
140,243,2
140,244,70
140,245,98
140,246,-75
140,247,-57
140,248,44
140,249,54
140,250,21
140,251,2
140,252,-92
140,253,-66
140,254,-17
140,255,85
140,256,5
140,257,-97
140,258,88
140,259,-53
140,260,-78
140,261,41
140,262,23
140,263,-97
140,264,-45
140,265,-30
140,266,-95
140,267,-19
140,268,96
140,269,-1
140,270,34
140,271,4
140,272,43
140,273,-76
140,274,37
140,275,57
140,276,-38
140,277,-42
140,278,-61
140,279,24
140,280,-7
140,281,20
140,282,74
140,283,52
140,284,-70
140,285,-86
140,286,58
140,287,-3
140,288,0
140,289,22
140,290,-13
140,291,66
140,292,55
140,293,-97
140,294,-65
140,295,-77
140,296,-43
140,297,4
140,298,0
140,299,-32
141,0,-57
141,1,-42
141,2,47
141,3,-47
141,4,-74
141,5,-13
141,6,1
141,7,-8
141,8,-26
141,9,13
141,10,-3
141,11,16
141,12,-53
141,13,-44
141,14,49
141,15,41
141,16,-89
141,17,-2
141,18,38
141,19,-50
141,20,78
141,21,49
141,22,22
141,23,-79
141,24,20
141,25,72
141,26,72
141,27,-19
141,28,63
141,29,-30
141,30,17
141,31,76
141,32,24
141,33,94
141,34,-48
141,35,-95
141,36,-67
141,37,35
141,38,-29
141,39,66
141,40,82
141,41,-23
141,42,-51
141,43,-22
141,44,-57
141,45,70
141,46,43
141,47,43
141,48,68
141,49,6
141,50,-43
141,51,79
141,52,32
141,53,71
141,54,6
141,55,-8
141,56,-55
141,57,45
141,58,44
141,59,51
141,60,22
141,61,2
141,62,2
141,63,-83
141,64,84
141,65,-96
141,66,71
141,67,40
141,68,14
141,69,-24
141,70,-68
141,71,-29
141,72,-42
141,73,58
141,74,-48
141,75,-52
141,76,76
141,77,-64
141,78,-46
141,79,-87
141,80,29
141,81,-75
141,82,-78
141,83,40
141,84,98
141,85,80
141,86,50
141,87,-41
141,88,90
141,89,-59
141,90,-50
141,91,10
141,92,-58
141,93,-60
141,94,48
141,95,-41
141,96,-98
141,97,-50
141,98,-61
141,99,26
141,100,57
141,101,64
141,102,59
141,103,25
141,104,-66
141,105,-82
141,106,40
141,107,68
141,108,-51
141,109,34
141,110,-69
141,111,8
141,112,-54
141,113,-66
141,114,46
141,115,3
141,116,-50
141,117,77
141,118,48
141,119,-56
141,120,-95
141,121,-52
141,122,-17
141,123,24
141,124,82
141,125,-27
141,126,-15
141,127,-35
141,128,-16
141,129,8
141,130,-48
141,131,47
141,132,61
141,133,-31
141,134,58
141,135,-18
141,136,20
141,137,85
141,138,78
141,139,5
141,140,-38
141,141,80
141,142,29
141,143,-97
141,144,23
141,145,-9
141,146,-94
141,147,-92
141,148,40
141,149,37
141,150,-59
141,151,88
141,152,-5
141,153,36
141,154,-51
141,155,-65
141,156,-41
141,157,38
141,158,15
141,159,-25
141,160,-24
141,161,97
141,162,-35
141,163,-30
141,164,91
141,165,41
141,166,64
141,167,54
141,168,-86
141,169,-23
141,170,81
141,171,-2
141,172,12
141,173,-95
141,174,71
141,175,-46
141,176,-16
141,177,71
141,178,-74
141,179,-9
141,180,64
141,181,34
141,182,-60
141,183,13
141,184,95
141,185,-79
141,186,10
141,187,32
141,188,-56
141,189,-93
141,190,94
141,191,-59
141,192,-68
141,193,-47
141,194,58
141,195,98
141,196,6
141,197,-67
141,198,73
141,199,-15
141,200,24
141,201,95
141,202,-79
141,203,5
141,204,-35
141,205,54
141,206,-26
141,207,39
141,208,-82
141,209,-81
141,210,62
141,211,-49
141,212,94
141,213,-1
141,214,6
141,215,-28
141,216,14
141,217,-39
141,218,-38
141,219,-35
141,220,43
141,221,-46
141,222,45
141,223,-53
141,224,84
141,225,53
141,226,55
141,227,41
141,228,-19
141,229,-20
141,230,19
141,231,-54
141,232,14
141,233,68
141,234,-58
141,235,-65
141,236,-49
141,237,-30
141,238,-8
141,239,27
141,240,-23
141,241,-91
141,242,22
141,243,-83
141,244,-61
141,245,80
141,246,-24
141,247,-17
141,248,-54
141,249,-67
141,250,13
141,251,74
141,252,-58
141,253,-95
141,254,-4
141,255,-93
141,256,13
141,257,-74
141,258,30
141,259,24
141,260,63
141,261,-20
141,262,-39
141,263,95
141,264,-7
141,265,2
141,266,-52
141,267,-61
141,268,33
141,269,-57
141,270,-27
141,271,-84
141,272,-81
141,273,-38
141,274,57
141,275,-20
141,276,-83
141,277,-90
141,278,42
141,279,46
141,280,-23
141,281,-52
141,282,64
141,283,63
141,284,-45
141,285,-50
141,286,6
141,287,6
141,288,-33
141,289,-88
141,290,73
141,291,88
141,292,57
141,293,-7
141,294,57
141,295,98
141,296,47
141,297,8
141,298,-13
141,299,78
142,0,-50
142,1,-19
142,2,-53
142,3,66
142,4,-95
142,5,16
142,6,-18
142,7,-23
142,8,54
142,9,48
142,10,31
142,11,46
142,12,-32
142,13,-50
142,14,-50
142,15,-76
142,16,22
142,17,54
142,18,-52
142,19,-50
142,20,57
142,21,-45
142,22,-34
142,23,57
142,24,1
142,25,34
142,26,69
142,27,24
142,28,-2
142,29,-41
142,30,22
142,31,-80
142,32,-31
142,33,54
142,34,-89
142,35,30
142,36,94
142,37,88
142,38,24
142,39,45
142,40,-32
142,41,-74
142,42,62
142,43,-27
142,44,63
142,45,90
142,46,-87
142,47,44
142,48,-64
142,49,-94
142,50,-72
142,51,-32
142,52,-99
142,53,56
142,54,37
142,55,-85
142,56,-34
142,57,82
142,58,-21
142,59,-54
142,60,-72
142,61,-24
142,62,75
142,63,-11
142,64,-72
142,65,92
142,66,-59
142,67,-1
142,68,92
142,69,-63
142,70,51
142,71,-11
142,72,-59
142,73,-10
142,74,-59
142,75,-40
142,76,-10
142,77,13
142,78,88
142,79,96
142,80,42
142,81,-7
142,82,-80
142,83,23
142,84,-78
142,85,-6
142,86,32
142,87,20
142,88,-88
142,89,21
142,90,-85
142,91,90
142,92,-17
142,93,61
142,94,90
142,95,-60
142,96,-37
142,97,47
142,98,93
142,99,-51
142,100,74
142,101,6
142,102,5
142,103,-18
142,104,5
142,105,-32
142,106,54
142,107,-100
142,108,-57
142,109,-94
142,110,-98
142,111,-83
142,112,-17
142,113,2
142,114,84
142,115,57
142,116,-58
142,117,-78
142,118,-82
142,119,-18
142,120,91
142,121,0
142,122,-20
142,123,49
142,124,17
142,125,56
142,126,69
142,127,-32
142,128,-58
142,129,-91
142,130,11
142,131,80
142,132,22
142,133,-12
142,134,17
142,135,-51
142,136,-89
142,137,35
142,138,87
142,139,-42
142,140,56
142,141,17
142,142,55
142,143,11
142,144,22
142,145,51
142,146,-37
142,147,91
142,148,91
142,149,-92
142,150,-14
142,151,60
142,152,-71
142,153,-12
142,154,-26
142,155,-89
142,156,-26
142,157,96
142,158,18
142,159,-16
142,160,36
142,161,-63
142,162,62
142,163,-45
142,164,-46
142,165,35
142,166,4
142,167,66
142,168,39
142,169,-95
142,170,97
142,171,-58
142,172,5
142,173,70
142,174,-77
142,175,39
142,176,-15
142,177,25
142,178,-35
142,179,76
142,180,40
142,181,39
142,182,50
142,183,-75
142,184,62
142,185,58
142,186,-70
142,187,67
142,188,33
142,189,80
142,190,-79
142,191,81
142,192,58
142,193,79
142,194,98
142,195,82
142,196,-26
142,197,-41
142,198,-62
142,199,71
142,200,37
142,201,91
142,202,10
142,203,-39
142,204,-89
142,205,-15
142,206,-96
142,207,68
142,208,-35
142,209,2
142,210,92
142,211,77
142,212,-5
142,213,30
142,214,-33
142,215,76
142,216,-54
142,217,-42
142,218,-45
142,219,-83
142,220,-43
142,221,79
142,222,9
142,223,-38
142,224,59
142,225,-69
142,226,7
142,227,27
142,228,-15
142,229,32
142,230,74
142,231,67
142,232,65
142,233,74
142,234,-1
142,235,-36
142,236,49
142,237,8
142,238,-44
142,239,-79
142,240,86
142,241,33
142,242,-95
142,243,60
142,244,-5
142,245,65
142,246,88
142,247,11
142,248,-46
142,249,45
142,250,-38
142,251,-97
142,252,48
142,253,75
142,254,86
142,255,-16
142,256,1
142,257,-8
142,258,-27
142,259,-20
142,260,21
142,261,17
142,262,29
142,263,62
142,264,11
142,265,70
142,266,51
142,267,-28
142,268,-58
142,269,36
142,270,-29
142,271,1
142,272,-88
142,273,39
142,274,18
142,275,4
142,276,20
142,277,86
142,278,30
142,279,4
142,280,38
142,281,-99
142,282,-91
142,283,-94
142,284,-14
142,285,-52
142,286,75
142,287,48
142,288,-52
142,289,83
142,290,82
142,291,-47
142,292,-73
142,293,-73
142,294,-38
142,295,-63
142,296,-64
142,297,98
142,298,48
142,299,-92
143,0,33
143,1,-58
143,2,62
143,3,-34
143,4,-50
143,5,15
143,6,-100
143,7,-92
143,8,19
143,9,-70
143,10,54
143,11,62
143,12,50
143,13,-82
143,14,-40
143,15,-36
143,16,88
143,17,29
143,18,47
143,19,91
143,20,90
143,21,50
143,22,-81
143,23,23
143,24,-16
143,25,-91
143,26,80
143,27,82
143,28,-54
143,29,-52
143,30,11
143,31,6
143,32,-44
143,33,63
143,34,72
143,35,-26
143,36,-5
143,37,81
143,38,-21
143,39,-18
143,40,48
143,41,-38
143,42,97
143,43,42
143,44,-75
143,45,-85
143,46,39
143,47,-43
143,48,41
143,49,-42
143,50,-76
143,51,-83
143,52,-19
143,53,-58
143,54,-9
143,55,-33
143,56,-9
143,57,-8
143,58,37
143,59,70
143,60,-26
143,61,51
143,62,68
143,63,-98
143,64,-88
143,65,-98
143,66,-65
143,67,80
143,68,85
143,69,-13
143,70,-50
143,71,-97
143,72,94
143,73,-61
143,74,9
143,75,-23
143,76,82
143,77,91
143,78,7
143,79,-12
143,80,-47
143,81,-62
143,82,-13
143,83,-78
143,84,55
143,85,86
143,86,-85
143,87,40
143,88,-16
143,89,-73
143,90,-50
143,91,-90
143,92,-4
143,93,56
143,94,46
143,95,-60
143,96,-53
143,97,50
143,98,-51
143,99,56
143,100,-3
143,101,-40
143,102,-45
143,103,83
143,104,-33
143,105,76
143,106,-11
143,107,22
143,108,-19
143,109,98
143,110,76
143,111,20
143,112,56
143,113,-56
143,114,-62
143,115,65
143,116,40
143,117,-49
143,118,-58
143,119,27
143,120,67
143,121,-68
143,122,33
143,123,-26
143,124,-79
143,125,-21
143,126,27
143,127,9
143,128,42
143,129,-98
143,130,45
143,131,60
143,132,5
143,133,13
143,134,67
143,135,-68
143,136,-82
143,137,80
143,138,78
143,139,-74
143,140,-56
143,141,-58
143,142,66
143,143,-40
143,144,94
143,145,-70
143,146,58
143,147,-46
143,148,48
143,149,21
143,150,84
143,151,-99
143,152,76
143,153,-10
143,154,48
143,155,23
143,156,-78
143,157,-43
143,158,-24
143,159,-44
143,160,-51
143,161,21
143,162,-29
143,163,-54
143,164,10
143,165,32
143,166,21
143,167,1
143,168,-74
143,169,28
143,170,-51
143,171,-20
143,172,88
143,173,-34
143,174,-93
143,175,-26
143,176,-85
143,177,-79
143,178,41
143,179,23
143,180,25
143,181,20
143,182,23
143,183,-37
143,184,19
143,185,-73
143,186,40
143,187,-30
143,188,79
143,189,11
143,190,72
143,191,12
143,192,90
143,193,56
143,194,-26
143,195,-32
143,196,-96
143,197,-26
143,198,88
143,199,0
143,200,71
143,201,2
143,202,-2
143,203,-51
143,204,10
143,205,31
143,206,25
143,207,92
143,208,-29
143,209,-13
143,210,-86
143,211,2
143,212,-94
143,213,-43
143,214,-41
143,215,3
143,216,-22
143,217,-78
143,218,64
143,219,-32
143,220,70
143,221,75
143,222,-34
143,223,77
143,224,23
143,225,-7
143,226,54
143,227,-36
143,228,-97
143,229,-89
143,230,-32
143,231,-78
143,232,64
143,233,-98
143,234,-28
143,235,61
143,236,47
143,237,75
143,238,71
143,239,-69
143,240,24
143,241,-96
143,242,-13
143,243,54
143,244,33
143,245,-4
143,246,-83
143,247,67
143,248,-69
143,249,-90
143,250,-9
143,251,-89
143,252,35
143,253,-25
143,254,11
143,255,-56
143,256,58
143,257,25
143,258,-93
143,259,88
143,260,76
143,261,34
143,262,-94
143,263,20
143,264,24
143,265,-29
143,266,36
143,267,90
143,268,96
143,269,-64
143,270,89
143,271,-39
143,272,-94
143,273,-29
143,274,45
143,275,-95
143,276,-70
143,277,-59
143,278,89
143,279,-54
143,280,76
143,281,-68
143,282,91
143,283,-85
143,284,-35
143,285,-70
143,286,-39
143,287,31
143,288,-21
143,289,-11
143,290,4
143,291,17
143,292,92
143,293,-28
143,294,-49
143,295,19
143,296,10
143,297,-99
143,298,-84
143,299,-3
144,0,-75
144,1,26
144,2,88
144,3,-58
144,4,-21
144,5,-33
144,6,45
144,7,-30
144,8,-95
144,9,-54
144,10,15
144,11,-58
144,12,-66
144,13,40
144,14,44
144,15,-7
144,16,-84
144,17,-91
144,18,-33
144,19,-57
144,20,-25
144,21,-64
144,22,-86
144,23,0
144,24,14
144,25,-54
144,26,75
144,27,39
144,28,-91
144,29,-7
144,30,54
144,31,56
144,32,-44
144,33,78
144,34,96
144,35,15
144,36,92
144,37,-42
144,38,16
144,39,-88
144,40,-92
144,41,57
144,42,-17
144,43,57
144,44,-60
144,45,-68
144,46,-68
144,47,-19
144,48,38
144,49,-77
144,50,94
144,51,86
144,52,-68
144,53,17
144,54,-78
144,55,25
144,56,87
144,57,-89
144,58,10
144,59,12
144,60,-51
144,61,58
144,62,-64
144,63,7
144,64,-69
144,65,-10
144,66,-45
144,67,92
144,68,-18
144,69,-59
144,70,53
144,71,-57
144,72,-14
144,73,-6
144,74,71
144,75,85
144,76,-97
144,77,-79
144,78,-56
144,79,-100
144,80,-16
144,81,-7
144,82,65
144,83,-81
144,84,-71
144,85,-97
144,86,20
144,87,-26
144,88,-99
144,89,-62
144,90,-52
144,91,3
144,92,46
144,93,-99
144,94,97
144,95,58
144,96,-82
144,97,-89
144,98,37
144,99,8
144,100,-13
144,101,27
144,102,19
144,103,-92
144,104,94
144,105,48
144,106,-20
144,107,13
144,108,54
144,109,-99
144,110,-4
144,111,4
144,112,0
144,113,-24
144,114,-56
144,115,-9
144,116,33
144,117,24
144,118,66
144,119,4
144,120,-16
144,121,14
144,122,-60
144,123,-17
144,124,59
144,125,9
144,126,-81
144,127,63
144,128,-11
144,129,70
144,130,63
144,131,8
144,132,13
144,133,-22
144,134,-16
144,135,-8
144,136,-80
144,137,-63
144,138,-18
144,139,-42
144,140,-16
144,141,24
144,142,86
144,143,-53
144,144,73
144,145,-91
144,146,88
144,147,-22
144,148,-98
144,149,-49
144,150,-57
144,151,-59
144,152,75
144,153,32
144,154,80
144,155,88
144,156,-12
144,157,48
144,158,31
144,159,78
144,160,80
144,161,-26
144,162,77
144,163,33
144,164,-88
144,165,48
144,166,57
144,167,4
144,168,-79
144,169,13
144,170,40
144,171,-53
144,172,54
144,173,37
144,174,-59
144,175,90
144,176,-40
144,177,-15
144,178,59
144,179,30
144,180,-64
144,181,45
144,182,64
144,183,34
144,184,-75
144,185,90
144,186,76
144,187,82
144,188,61
144,189,82
144,190,-87
144,191,-42
144,192,-31
144,193,-17
144,194,12
144,195,-67
144,196,78
144,197,26
144,198,-34
144,199,82
144,200,89
144,201,71
144,202,-24
144,203,-32
144,204,-79
144,205,-25
144,206,-57
144,207,-76
144,208,5
144,209,98
144,210,-38
144,211,85
144,212,63
144,213,15
144,214,62
144,215,-62
144,216,83
144,217,13
144,218,69
144,219,-28
144,220,-22
144,221,81
144,222,9
144,223,2
144,224,22
144,225,-23
144,226,-38
144,227,76
144,228,-25
144,229,-27
144,230,27
144,231,55
144,232,-88
144,233,41
144,234,-56
144,235,-71
144,236,25
144,237,10
144,238,-22
144,239,-28
144,240,-61
144,241,92
144,242,35
144,243,2
144,244,35
144,245,-90
144,246,72
144,247,-45
144,248,95
144,249,-83
144,250,45
144,251,91
144,252,-37
144,253,83
144,254,-83
144,255,-7
144,256,32
144,257,-19
144,258,-33
144,259,-56
144,260,71
144,261,52
144,262,-55
144,263,75
144,264,53
144,265,90
144,266,84
144,267,7
144,268,-2
144,269,21
144,270,67
144,271,-96
144,272,-16
144,273,34
144,274,-43
144,275,22
144,276,-36
144,277,20
144,278,-2
144,279,-59
144,280,48
144,281,52
144,282,-49
144,283,96
144,284,44
144,285,54
144,286,-59
144,287,-60
144,288,-92
144,289,61
144,290,9
144,291,-5
144,292,53
144,293,-66
144,294,20
144,295,-2
144,296,-65
144,297,66
144,298,-85
144,299,-11
145,0,-11
145,1,61
145,2,-38
145,3,14
145,4,96
145,5,84
145,6,25
145,7,-8
145,8,53
145,9,-24
145,10,15
145,11,-21
145,12,51
145,13,-79
145,14,-31
145,15,31
145,16,10
145,17,80
145,18,53
145,19,-68
145,20,-94
145,21,-44
145,22,-55
145,23,71
145,24,69
145,25,63
145,26,43
145,27,83
145,28,-95
145,29,67
145,30,84
145,31,-97
145,32,-54
145,33,62
145,34,-87
145,35,-35
145,36,-22
145,37,5
145,38,75
145,39,-10
145,40,-22
145,41,-96
145,42,26
145,43,-99
145,44,-78
145,45,8
145,46,48
145,47,33
145,48,21
145,49,-8
145,50,33
145,51,-74
145,52,36
145,53,-2
145,54,94
145,55,39
145,56,24
145,57,-28
145,58,67
145,59,52
145,60,-62
145,61,-84
145,62,85
145,63,73
145,64,14
145,65,-35
145,66,93
145,67,24
145,68,-80
145,69,15
145,70,70
145,71,36
145,72,-86
145,73,-81
145,74,-69
145,75,-39
145,76,-79
145,77,-44
145,78,21
145,79,62
145,80,-48
145,81,91
145,82,-57
145,83,-27
145,84,-60
145,85,-49
145,86,-35
145,87,77
145,88,3
145,89,92
145,90,51
145,91,-77
145,92,97
145,93,-53
145,94,-2
145,95,84
145,96,-18
145,97,94
145,98,-90
145,99,92
145,100,-29
145,101,98
145,102,95
145,103,-20
145,104,4
145,105,9
145,106,-54
145,107,23
145,108,-27
145,109,40
145,110,-11
145,111,-92
145,112,38
145,113,-69
145,114,-62
145,115,-52
145,116,-88
145,117,-14
145,118,56
145,119,-28
145,120,-86
145,121,28
145,122,-7
145,123,-2
145,124,-60
145,125,57
145,126,99
145,127,-10
145,128,-61
145,129,93
145,130,49
145,131,26
145,132,11
145,133,-60
145,134,-80
145,135,76
145,136,7
145,137,97
145,138,-68
145,139,-11
145,140,23
145,141,4
145,142,-4
145,143,-83
145,144,-55
145,145,31
145,146,-93
145,147,-40
145,148,-58
145,149,-15
145,150,31
145,151,-45
145,152,1
145,153,8
145,154,12
145,155,91
145,156,-92
145,157,29
145,158,-32
145,159,-30
145,160,83
145,161,33
145,162,52
145,163,55
145,164,85
145,165,52
145,166,70
145,167,66
145,168,97
145,169,-15
145,170,2
145,171,72
145,172,-55
145,173,75
145,174,29
145,175,-27
145,176,-24
145,177,10
145,178,-22
145,179,0
145,180,-94
145,181,92
145,182,-63
145,183,58
145,184,-74
145,185,-80
145,186,-92
145,187,6
145,188,75
145,189,51
145,190,18
145,191,-72
145,192,-98
145,193,-77
145,194,48
145,195,90
145,196,-90
145,197,54
145,198,43
145,199,-68
145,200,25
145,201,59
145,202,-99
145,203,50
145,204,-53
145,205,3
145,206,70
145,207,-23
145,208,-85
145,209,51
145,210,11
145,211,-24
145,212,-46
145,213,87
145,214,75
145,215,70
145,216,-48
145,217,12
145,218,-65
145,219,-11
145,220,-91
145,221,44
145,222,11
145,223,-64
145,224,98
145,225,3
145,226,95
145,227,-47
145,228,44
145,229,-5
145,230,5
145,231,86
145,232,-10
145,233,-46
145,234,-58
145,235,10
145,236,-64
145,237,-36
145,238,-57
145,239,94
145,240,89
145,241,91
145,242,-63
145,243,45
145,244,-47
145,245,-75
145,246,33
145,247,-89
145,248,95
145,249,-49
145,250,65
145,251,-49
145,252,-77
145,253,-82
145,254,-100
145,255,-37
145,256,14
145,257,78
145,258,70
145,259,-83
145,260,23
145,261,15
145,262,76
145,263,51
145,264,97
145,265,75
145,266,25
145,267,-2
145,268,-16
145,269,-5
145,270,25
145,271,48
145,272,-63
145,273,66
145,274,44
145,275,-41
145,276,-43
145,277,-46
145,278,44
145,279,-47
145,280,-92
145,281,11
145,282,-32
145,283,-51
145,284,40
145,285,42
145,286,59
145,287,-45
145,288,-60
145,289,18
145,290,70
145,291,54
145,292,16
145,293,13
145,294,45
145,295,56
145,296,-18
145,297,-57
145,298,-39
145,299,59
146,0,6
146,1,-33
146,2,69
146,3,4
146,4,-74
146,5,-24
146,6,52
146,7,44
146,8,72
146,9,40
146,10,-9
146,11,44
146,12,13
146,13,91
146,14,67
146,15,-20
146,16,-33
146,17,18
146,18,10
146,19,-9
146,20,41
146,21,-66
146,22,30
146,23,-25
146,24,-70
146,25,84
146,26,-38
146,27,-39
146,28,45
146,29,1
146,30,89
146,31,2
146,32,66
146,33,40
146,34,23
146,35,46
146,36,-63
146,37,-11
146,38,-100
146,39,-28
146,40,45
146,41,-47
146,42,85
146,43,71
146,44,66
146,45,-53
146,46,-4
146,47,58
146,48,90
146,49,-27
146,50,45
146,51,-54
146,52,24
146,53,52
146,54,81
146,55,5
146,56,73
146,57,29
146,58,30
146,59,20
146,60,73
146,61,61
146,62,34
146,63,-80
146,64,40
146,65,-90
146,66,80
146,67,17
146,68,-63
146,69,15
146,70,65
146,71,37
146,72,54
146,73,95
146,74,-55
146,75,-81
146,76,-36
146,77,29
146,78,-82
146,79,8
146,80,-11
146,81,59
146,82,-79
146,83,19
146,84,-65
146,85,9
146,86,-83
146,87,-48
146,88,-99
146,89,-38
146,90,-91
146,91,24
146,92,17
146,93,63
146,94,11
146,95,72
146,96,93
146,97,-12
146,98,-36
146,99,-70
146,100,-39
146,101,39
146,102,69
146,103,2
146,104,-17
146,105,21
146,106,84
146,107,15
146,108,5
146,109,-94
146,110,5
146,111,-1
146,112,-41
146,113,84
146,114,-27
146,115,-62
146,116,43
146,117,99
146,118,-2
146,119,74
146,120,-72
146,121,-16
146,122,89
146,123,80
146,124,-12
146,125,76
146,126,74
146,127,-83
146,128,-22
146,129,-68
146,130,-68
146,131,80
146,132,-68
146,133,-96
146,134,-2
146,135,-32
146,136,-34
146,137,67
146,138,22
146,139,-94
146,140,-42
146,141,-34
146,142,-20
146,143,22
146,144,-24
146,145,-44
146,146,-83
146,147,-69
146,148,-38
146,149,44
146,150,-61
146,151,71
146,152,22
146,153,46
146,154,-48
146,155,-97
146,156,-50
146,157,-16
146,158,-73
146,159,-57
146,160,14
146,161,60
146,162,67
146,163,-83
146,164,27
146,165,76
146,166,59
146,167,-7
146,168,24
146,169,-1
146,170,20
146,171,-86
146,172,63
146,173,-29
146,174,17
146,175,95
146,176,3
146,177,-20
146,178,-92
146,179,-63
146,180,51
146,181,18
146,182,39
146,183,-2
146,184,-31
146,185,-39
146,186,42
146,187,-20
146,188,53
146,189,-89
146,190,-26
146,191,23
146,192,-73
146,193,74
146,194,17
146,195,-89
146,196,80
146,197,-50
146,198,-63
146,199,49
146,200,25
146,201,95
146,202,-1
146,203,31
146,204,2
146,205,-45
146,206,11
146,207,-88
146,208,-26
146,209,73
146,210,96
146,211,12
146,212,-63
146,213,9
146,214,-73
146,215,74
146,216,65
146,217,-9
146,218,-82
146,219,90
146,220,54
146,221,10
146,222,-70
146,223,-79
146,224,48
146,225,-42
146,226,91
146,227,-97
146,228,-70
146,229,61
146,230,-98
146,231,-6
146,232,60
146,233,6
146,234,-11
146,235,-27
146,236,-23
146,237,29
146,238,85
146,239,49
146,240,-53
146,241,56
146,242,28
146,243,-70
146,244,64
146,245,82
146,246,38
146,247,-50
146,248,-61
146,249,-53
146,250,-47
146,251,98
146,252,74
146,253,-64
146,254,-71
146,255,-63
146,256,16
146,257,-2
146,258,-39
146,259,49
146,260,-59
146,261,-96
146,262,3
146,263,19
146,264,10
146,265,61
146,266,-79
146,267,-79
146,268,24
146,269,-96
146,270,-25
146,271,29
146,272,-63
146,273,90
146,274,35
146,275,-60
146,276,39
146,277,-35
146,278,-88
146,279,50
146,280,48
146,281,-13
146,282,-39
146,283,-72
146,284,68
146,285,90
146,286,-67
146,287,-49
146,288,-77
146,289,-22
146,290,82
146,291,80
146,292,47
146,293,-58
146,294,-51
146,295,-100
146,296,-38
146,297,77
146,298,-40
146,299,10
147,0,11
147,1,2
147,2,-5
147,3,-42
147,4,-66
147,5,-5
147,6,-13
147,7,56
147,8,-24
147,9,73
147,10,94
147,11,88
147,12,68
147,13,-9
147,14,-57
147,15,-73
147,16,30
147,17,75
147,18,9
147,19,-63
147,20,-92
147,21,-54
147,22,-77
147,23,81
147,24,40
147,25,-88
147,26,5
147,27,4
147,28,-71
147,29,-2
147,30,-51
147,31,23
147,32,-63
147,33,-5
147,34,-77
147,35,-50
147,36,-14
147,37,-16
147,38,-71
147,39,23
147,40,-2
147,41,-33
147,42,-63
147,43,28
147,44,46
147,45,15
147,46,5
147,47,50
147,48,-65
147,49,97
147,50,-26
147,51,4
147,52,79
147,53,32
147,54,30
147,55,80
147,56,72
147,57,-25
147,58,-51
147,59,-72
147,60,33
147,61,-90
147,62,54
147,63,78
147,64,-55
147,65,30
147,66,-19
147,67,25
147,68,63
147,69,-4
147,70,22
147,71,-9
147,72,47
147,73,22
147,74,-2
147,75,25
147,76,-51
147,77,-24
147,78,83
147,79,30
147,80,87
147,81,-79
147,82,-43
147,83,35
147,84,72
147,85,99
147,86,66
147,87,98
147,88,3
147,89,49
147,90,-99
147,91,78
147,92,-77
147,93,-41
147,94,-29
147,95,12
147,96,12
147,97,-76
147,98,54
147,99,-2
147,100,51
147,101,-58
147,102,88
147,103,-36
147,104,82
147,105,-59
147,106,65
147,107,21
147,108,60
147,109,60
147,110,98
147,111,-38
147,112,-47
147,113,-87
147,114,-28
147,115,-25
147,116,-44
147,117,83
147,118,8
147,119,-49
147,120,53
147,121,-59
147,122,-31
147,123,34
147,124,58
147,125,-36
147,126,-56
147,127,9
147,128,-56
147,129,-85
147,130,43
147,131,-86
147,132,-56
147,133,26
147,134,13
147,135,-83
147,136,-96
147,137,12
147,138,44
147,139,23
147,140,-19
147,141,82
147,142,76
147,143,55
147,144,-97
147,145,47
147,146,4
147,147,-46
147,148,-88
147,149,11
147,150,25
147,151,33
147,152,-46
147,153,-93
147,154,94
147,155,-16
147,156,40
147,157,-82
147,158,9
147,159,-83
147,160,39
147,161,61
147,162,32
147,163,45
147,164,-58
147,165,-10
147,166,40
147,167,-40
147,168,88
147,169,-31
147,170,62
147,171,-98
147,172,-75
147,173,-98
147,174,-72
147,175,62
147,176,-52
147,177,-7
147,178,-18
147,179,92
147,180,12
147,181,55
147,182,-87
147,183,55
147,184,18
147,185,21
147,186,55
147,187,-75
147,188,75
147,189,-33
147,190,26
147,191,-50
147,192,-100
147,193,-87
147,194,-62
147,195,43
147,196,-90
147,197,3
147,198,-93
147,199,77
147,200,-64
147,201,-11
147,202,-29
147,203,-17
147,204,-61
147,205,-32
147,206,19
147,207,71
147,208,-40
147,209,16
147,210,-63
147,211,-81
147,212,-48
147,213,6
147,214,-88
147,215,26
147,216,-100
147,217,54
147,218,-86
147,219,-15
147,220,-57
147,221,-16
147,222,-8
147,223,0
147,224,40
147,225,-27
147,226,-51
147,227,-88
147,228,-75
147,229,-1
147,230,80
147,231,27
147,232,-66
147,233,-36
147,234,-89
147,235,74
147,236,-6
147,237,38
147,238,-50
147,239,42
147,240,49
147,241,-34
147,242,4
147,243,-12
147,244,-54
147,245,20
147,246,43
147,247,-35
147,248,81
147,249,98
147,250,85
147,251,52
147,252,28
147,253,28
147,254,68
147,255,98
147,256,37
147,257,-99
147,258,53
147,259,0
147,260,-68
147,261,39
147,262,80
147,263,-16
147,264,-71
147,265,60
147,266,-98
147,267,-19
147,268,-89
147,269,-57
147,270,40
147,271,16
147,272,74
147,273,33
147,274,-33
147,275,60
147,276,-46
147,277,78
147,278,-79
147,279,-46
147,280,90
147,281,-21
147,282,70
147,283,44
147,284,-45
147,285,-88
147,286,-7
147,287,-36
147,288,29
147,289,57
147,290,9
147,291,-65
147,292,32
147,293,75
147,294,92
147,295,75
147,296,92
147,297,89
147,298,-69
147,299,-34
148,0,78
148,1,-62
148,2,67
148,3,-76
148,4,-69
148,5,21
148,6,2
148,7,-76
148,8,14
148,9,87
148,10,-25
148,11,-88
148,12,10
148,13,-63
148,14,80
148,15,-36
148,16,-86
148,17,2
148,18,-96
148,19,-8
148,20,46
148,21,57
148,22,3
148,23,23
148,24,29
148,25,35
148,26,90
148,27,38
148,28,-65
148,29,-11
148,30,-3
148,31,54
148,32,15
148,33,66
148,34,-88
148,35,-33
148,36,61
148,37,56
148,38,-52
148,39,-7
148,40,23
148,41,-26
148,42,57
148,43,27
148,44,-52
148,45,89
148,46,7
148,47,-72
148,48,-77
148,49,-99
148,50,96
148,51,13
148,52,-25
148,53,-73
148,54,-88
148,55,-87
148,56,78
148,57,-51
148,58,53
148,59,66
148,60,71
148,61,50
148,62,-59
148,63,36
148,64,-100
148,65,-7
148,66,15
148,67,51
148,68,9
148,69,-21
148,70,82
148,71,56
148,72,0
148,73,-85
148,74,-43
148,75,-12
148,76,73
148,77,-85
148,78,17
148,79,46
148,80,37
148,81,6
148,82,-87
148,83,42
148,84,-69
148,85,-11
148,86,49
148,87,-89
148,88,42
148,89,-74
148,90,0
148,91,31
148,92,61
148,93,-63
148,94,30
148,95,-60
148,96,4
148,97,-7
148,98,27
148,99,14
148,100,-71
148,101,-15
148,102,-66
148,103,-21
148,104,82
148,105,-68
148,106,-82
148,107,48
148,108,-72
148,109,-84
148,110,-58
148,111,-49
148,112,-90
148,113,-3
148,114,38
148,115,-41
148,116,82
148,117,85
148,118,45
148,119,29
148,120,19
148,121,79
148,122,80
148,123,33
148,124,-65
148,125,1
148,126,-37
148,127,-41
148,128,-7
148,129,-92
148,130,-60
148,131,19
148,132,69
148,133,-48
148,134,-15
148,135,0
148,136,56
148,137,29
148,138,-40
148,139,-64
148,140,75
148,141,5
148,142,92
148,143,98
148,144,-77
148,145,-94
148,146,17
148,147,-16
148,148,46
148,149,12
148,150,89
148,151,-28
148,152,71
148,153,70
148,154,-12
148,155,-49
148,156,76
148,157,46
148,158,4
148,159,-87
148,160,-65
148,161,-99
148,162,-8
148,163,12
148,164,57
148,165,49
148,166,0
148,167,43
148,168,-91
148,169,-75
148,170,-17
148,171,-81
148,172,-60
148,173,-91
148,174,92
148,175,33
148,176,-80
148,177,-37
148,178,-31
148,179,-88
148,180,92
148,181,50
148,182,55
148,183,-79
148,184,-15
148,185,-75
148,186,-83
148,187,-68
148,188,-93
148,189,-42
148,190,96
148,191,29
148,192,-10
148,193,-59
148,194,-1
148,195,98
148,196,-46
148,197,-99
148,198,61
148,199,39
148,200,35
148,201,63
148,202,10
148,203,74
148,204,-57
148,205,4
148,206,86
148,207,-38
148,208,86
148,209,92
148,210,-27
148,211,-63
148,212,-91
148,213,-75
148,214,85
148,215,-69
148,216,87
148,217,-90
148,218,79
148,219,-61
148,220,67
148,221,47
148,222,-62
148,223,-93
148,224,70
148,225,-41
148,226,82
148,227,52
148,228,94
148,229,48
148,230,91
148,231,-18
148,232,-1
148,233,-92
148,234,5
148,235,-81
148,236,27
148,237,4
148,238,82
148,239,-42
148,240,-57
148,241,39
148,242,75
148,243,45
148,244,-58
148,245,21
148,246,-74
148,247,-35
148,248,-69
148,249,-54
148,250,-84
148,251,-59
148,252,49
148,253,-78
148,254,-15
148,255,-93
148,256,75
148,257,26
148,258,-29
148,259,-24
148,260,-91
148,261,-76
148,262,91
148,263,-55
148,264,50
148,265,44
148,266,57
148,267,32
148,268,14
148,269,90
148,270,13
148,271,32
148,272,26
148,273,-18
148,274,38
148,275,-96
148,276,-5
148,277,16
148,278,74
148,279,-25
148,280,78
148,281,51
148,282,75
148,283,62
148,284,-36
148,285,-27
148,286,58
148,287,86
148,288,-45
148,289,-64
148,290,78
148,291,44
148,292,-86
148,293,-25
148,294,54
148,295,31
148,296,-14
148,297,35
148,298,0
148,299,51
149,0,-87
149,1,21
149,2,3
149,3,-33
149,4,-26
149,5,-70
149,6,-76
149,7,-18
149,8,87
149,9,-92
149,10,85
149,11,-17
149,12,-7
149,13,-8
149,14,81
149,15,-81
149,16,32
149,17,23
149,18,-36
149,19,-13
149,20,47
149,21,-7
149,22,-31
149,23,67
149,24,-57
149,25,-67
149,26,21
149,27,-43
149,28,-63
149,29,-96
149,30,-89
149,31,36
149,32,79
149,33,-44
149,34,61
149,35,13
149,36,-10
149,37,0
149,38,-62
149,39,77
149,40,29
149,41,-83
149,42,36
149,43,23
149,44,35
149,45,-15
149,46,93
149,47,59
149,48,60
149,49,71
149,50,-6
149,51,12
149,52,36
149,53,-22
149,54,67
149,55,-54
149,56,47
149,57,12
149,58,43
149,59,-62
149,60,-68
149,61,10
149,62,-26
149,63,-21
149,64,57
149,65,72
149,66,39
149,67,-46
149,68,32
149,69,13
149,70,8
149,71,9
149,72,88
149,73,-14
149,74,75
149,75,10
149,76,63
149,77,-90
149,78,-26
149,79,-97
149,80,80
149,81,90
149,82,-86
149,83,77
149,84,95
149,85,-5
149,86,-11
149,87,-8
149,88,86
149,89,-65
149,90,-88
149,91,51
149,92,65
149,93,-69
149,94,75
149,95,47
149,96,-28
149,97,-80
149,98,-98
149,99,99
149,100,-11
149,101,-94
149,102,83
149,103,7
149,104,-77
149,105,98
149,106,-98
149,107,63
149,108,-89
149,109,-46
149,110,-21
149,111,3
149,112,39
149,113,49
149,114,-89
149,115,-78
149,116,94
149,117,-79
149,118,13
149,119,65
149,120,99
149,121,23
149,122,-30
149,123,-77
149,124,-11
149,125,-99
149,126,-53
149,127,-93
149,128,29
149,129,-49
149,130,-24
149,131,57
149,132,45
149,133,6
149,134,-11
149,135,57
149,136,97
149,137,94
149,138,55
149,139,-56
149,140,44
149,141,21
149,142,-8
149,143,56
149,144,-23
149,145,-3
149,146,15
149,147,5
149,148,-8
149,149,-95
149,150,-65
149,151,76
149,152,-47
149,153,74
149,154,-83
149,155,18
149,156,67
149,157,-26
149,158,85
149,159,82
149,160,20
149,161,-38
149,162,-63
149,163,-6
149,164,50
149,165,36
149,166,3
149,167,24
149,168,1
149,169,-37
149,170,33
149,171,87
149,172,-30
149,173,-47
149,174,43
149,175,-39
149,176,33
149,177,-48
149,178,94
149,179,-93
149,180,64
149,181,37
149,182,25
149,183,76
149,184,87
149,185,76
149,186,33
149,187,-20
149,188,-90
149,189,96
149,190,87
149,191,64
149,192,-19
149,193,-86
149,194,51
149,195,11
149,196,-65
149,197,-53
149,198,-3
149,199,-35
149,200,83
149,201,-19
149,202,-32
149,203,85
149,204,2
149,205,74
149,206,94
149,207,25
149,208,49
149,209,70
149,210,6
149,211,-63
149,212,15
149,213,64
149,214,62
149,215,-33
149,216,51
149,217,6
149,218,78
149,219,16
149,220,-36
149,221,94
149,222,18
149,223,-78
149,224,-89
149,225,-8
149,226,-24
149,227,18
149,228,86
149,229,56
149,230,-62
149,231,58
149,232,-7
149,233,-42
149,234,-9
149,235,42
149,236,28
149,237,-99
149,238,37
149,239,-37
149,240,-60
149,241,-76
149,242,-51
149,243,99
149,244,59
149,245,-18
149,246,-56
149,247,-77
149,248,-90
149,249,-81
149,250,22
149,251,82
149,252,8
149,253,66
149,254,35
149,255,-28
149,256,36
149,257,89
149,258,97
149,259,-73
149,260,2
149,261,58
149,262,-13
149,263,-11
149,264,75
149,265,-67
149,266,-78
149,267,-17
149,268,-24
149,269,58
149,270,-99
149,271,-49
149,272,85
149,273,-49
149,274,-78
149,275,79
149,276,-29
149,277,-73
149,278,-6
149,279,78
149,280,70
149,281,85
149,282,21
149,283,-99
149,284,41
149,285,-20
149,286,89
149,287,20
149,288,-1
149,289,-33
149,290,-45
149,291,-29
149,292,-40
149,293,88
149,294,-23
149,295,-48
149,296,-80
149,297,51
149,298,-39
149,299,73
150,0,-17
150,1,-65
150,2,-20
150,3,90
150,4,11
150,5,51
150,6,41
150,7,16
150,8,-20
150,9,96
150,10,-80
150,11,8
150,12,23
150,13,58
150,14,34
150,15,-76
150,16,-21
150,17,-65
150,18,-66
150,19,74
150,20,8
150,21,-99
150,22,-94
150,23,-25
150,24,-41
150,25,-99
150,26,-78
150,27,19
150,28,-78
150,29,-78
150,30,86
150,31,6
150,32,43
150,33,3
150,34,25
150,35,-4
150,36,-45
150,37,56
150,38,-78
150,39,8
150,40,79
150,41,60
150,42,-30
150,43,62
150,44,-61
150,45,57
150,46,-84
150,47,-10
150,48,40
150,49,-74
150,50,-44
150,51,-49
150,52,-86
150,53,18
150,54,72
150,55,2
150,56,-10
150,57,58
150,58,-84
150,59,-89
150,60,-41
150,61,79
150,62,-72
150,63,-100
150,64,-86
150,65,-32
150,66,15
150,67,65
150,68,58
150,69,74
150,70,-26
150,71,-13
150,72,-42
150,73,-99
150,74,-85
150,75,50
150,76,67
150,77,-28
150,78,82
150,79,99
150,80,-44
150,81,0
150,82,62
150,83,-57
150,84,73
150,85,18
150,86,22
150,87,-58
150,88,-73
150,89,-90
150,90,-30
150,91,30
150,92,-95
150,93,45
150,94,-56
150,95,-2
150,96,67
150,97,28
150,98,-57
150,99,-20
150,100,62
150,101,44
150,102,-58
150,103,60
150,104,-2
150,105,1
150,106,-85
150,107,48
150,108,4
150,109,19
150,110,-72
150,111,16
150,112,-90
150,113,88
150,114,53
150,115,-59
150,116,43
150,117,96
150,118,-27
150,119,76
150,120,42
150,121,-49
150,122,-58
150,123,-80
150,124,83
150,125,77
150,126,-9
150,127,-15
150,128,17
150,129,99
150,130,98
150,131,94
150,132,-46
150,133,63
150,134,89
150,135,50
150,136,67
150,137,41
150,138,69
150,139,71
150,140,-93
150,141,93
150,142,44
150,143,5
150,144,25
150,145,-11
150,146,-33
150,147,17
150,148,32
150,149,-20
150,150,-64
150,151,-56
150,152,1
150,153,18
150,154,83
150,155,78
150,156,-80
150,157,47
150,158,3
150,159,-37
150,160,33
150,161,-57
150,162,25
150,163,22
150,164,19
150,165,-21
150,166,0
150,167,56
150,168,89
150,169,-98
150,170,-51
150,171,62
150,172,-25
150,173,11
150,174,31
150,175,-30
150,176,64
150,177,-59
150,178,99
150,179,5
150,180,49
150,181,19
150,182,94
150,183,-46
150,184,-51
150,185,10
150,186,-35
150,187,74
150,188,-66
150,189,62
150,190,-20
150,191,-95
150,192,-34
150,193,57
150,194,4
150,195,-80
150,196,0
150,197,93
150,198,58
150,199,-38
150,200,-70
150,201,29
150,202,8
150,203,83
150,204,-86
150,205,-92
150,206,15
150,207,-62
150,208,96
150,209,-71
150,210,90
150,211,76
150,212,84
150,213,62
150,214,91
150,215,-62
150,216,-60
150,217,52
150,218,-36
150,219,-78
150,220,-77
150,221,38
150,222,-52
150,223,-30
150,224,-41
150,225,1
150,226,67
150,227,89
150,228,-100
150,229,-62
150,230,-75
150,231,3
150,232,-93
150,233,-62
150,234,-39
150,235,-73
150,236,-29
150,237,45
150,238,28
150,239,-88
150,240,32
150,241,90
150,242,93
150,243,-1
150,244,-92
150,245,19
150,246,-13
150,247,-91
150,248,-91
150,249,95
150,250,64
150,251,-2
150,252,64
150,253,-95
150,254,-37
150,255,42
150,256,-48
150,257,34
150,258,-6
150,259,62
150,260,-73
150,261,51
150,262,74
150,263,-63
150,264,-84
150,265,-78
150,266,-100
150,267,93
150,268,-51
150,269,48
150,270,95
150,271,70
150,272,84
150,273,36
150,274,23
150,275,88
150,276,10
150,277,-55
150,278,-11
150,279,-45
150,280,14
150,281,33
150,282,35
150,283,-55
150,284,-37
150,285,72
150,286,-13
150,287,72
150,288,58
150,289,-23
150,290,86
150,291,1
150,292,-12
150,293,35
150,294,32
150,295,45
150,296,-48
150,297,-29
150,298,19
150,299,-93
151,0,-37
151,1,98
151,2,-72
151,3,-85
151,4,74
151,5,13
151,6,-22
151,7,92
151,8,-8
151,9,53
151,10,58
151,11,99
151,12,96
151,13,47
151,14,-34
151,15,97
151,16,-65
151,17,40
151,18,13
151,19,6
151,20,35
151,21,-85
151,22,30
151,23,71
151,24,59
151,25,81
151,26,23
151,27,97
151,28,-96
151,29,-7
151,30,85
151,31,-18
151,32,-8
151,33,-80
151,34,25
151,35,-38
151,36,76
151,37,41
151,38,3
151,39,-55
151,40,53
151,41,-85
151,42,58
151,43,-13
151,44,55
151,45,-44
151,46,-49
151,47,71
151,48,38
151,49,92
151,50,29
151,51,72
151,52,-74
151,53,-57
151,54,81
151,55,55
151,56,76
151,57,33
151,58,-48
151,59,53
151,60,50
151,61,-26
151,62,-14
151,63,85
151,64,-86
151,65,-10
151,66,26
151,67,-20
151,68,-66
151,69,14
151,70,-20
151,71,-56
151,72,-70
151,73,38
151,74,-97
151,75,-87
151,76,14
151,77,-15
151,78,37
151,79,88
151,80,-18
151,81,-81
151,82,7
151,83,-53
151,84,-68
151,85,84
151,86,79
151,87,88
151,88,-44
151,89,5
151,90,-98
151,91,86
151,92,40
151,93,-39
151,94,18
151,95,-19
151,96,96
151,97,37
151,98,-2
151,99,-58
151,100,-98
151,101,-22
151,102,14
151,103,-13
151,104,-76
151,105,-71
151,106,-96
151,107,30
151,108,-47
151,109,-36
151,110,48
151,111,27
151,112,-87
151,113,91
151,114,78
151,115,-41
151,116,40
151,117,3
151,118,-63
151,119,9
151,120,80
151,121,75
151,122,25
151,123,76
151,124,-30
151,125,23
151,126,-79
151,127,21
151,128,-66
151,129,-68
151,130,-81
151,131,-13
151,132,-15
151,133,-25
151,134,-44
151,135,-72
151,136,-42
151,137,42
151,138,93
151,139,-96
151,140,-67
151,141,-36
151,142,-11
151,143,97
151,144,1
151,145,36
151,146,-12
151,147,-53
151,148,91
151,149,64
151,150,-80
151,151,77
151,152,67
151,153,-93
151,154,55
151,155,92
151,156,-99
151,157,56
151,158,80
151,159,-1
151,160,-13
151,161,36
151,162,-47
151,163,1
151,164,-47
151,165,22
151,166,54
151,167,-9
151,168,-5
151,169,55
151,170,-63
151,171,-27
151,172,-64
151,173,-66
151,174,75
151,175,20
151,176,-20
151,177,67
151,178,-91
151,179,38
151,180,70
151,181,97
151,182,-39
151,183,89
151,184,50
151,185,81
151,186,-4
151,187,-80
151,188,75
151,189,16
151,190,-52
151,191,34
151,192,-30
151,193,93
151,194,-83
151,195,75
151,196,68
151,197,-65
151,198,86
151,199,-79
151,200,-72
151,201,62
151,202,91
151,203,-53
151,204,-7
151,205,-41
151,206,-78
151,207,-2
151,208,50
151,209,18
151,210,-43
151,211,-92
151,212,91
151,213,-75
151,214,70
151,215,44
151,216,-56
151,217,-20
151,218,29
151,219,31
151,220,6
151,221,-85
151,222,8
151,223,52
151,224,55
151,225,0
151,226,-80
151,227,6
151,228,70
151,229,9
151,230,-5
151,231,-85
151,232,59
151,233,-30
151,234,52
151,235,-73
151,236,-14
151,237,61
151,238,-3
151,239,-65
151,240,6
151,241,20
151,242,-89
151,243,58
151,244,-38
151,245,93
151,246,-10
151,247,-47
151,248,12
151,249,-84
151,250,-30
151,251,33
151,252,56
151,253,-43
151,254,64
151,255,-7
151,256,12
151,257,57
151,258,79
151,259,81
151,260,-37
151,261,-41
151,262,-34
151,263,97
151,264,82
151,265,-1
151,266,-41
151,267,-35
151,268,-49
151,269,-80
151,270,1
151,271,85
151,272,74
151,273,-94
151,274,48
151,275,-50
151,276,11
151,277,29
151,278,-73
151,279,12
151,280,-2
151,281,-62
151,282,-48
151,283,83
151,284,58
151,285,52
151,286,55
151,287,-90
151,288,-31
151,289,-99
151,290,77
151,291,59
151,292,-51
151,293,41
151,294,-13
151,295,-19
151,296,47
151,297,50
151,298,30
151,299,-38
152,0,97
152,1,-15
152,2,44
152,3,-36
152,4,53
152,5,51
152,6,-47
152,7,-19
152,8,48
152,9,-24
152,10,-79
152,11,-31
152,12,22
152,13,47
152,14,-23
152,15,-36
152,16,-68
152,17,19
152,18,4
152,19,-63
152,20,-9
152,21,99
152,22,-27
152,23,-59
152,24,73
152,25,-64
152,26,90
152,27,61
152,28,-47
152,29,-85
152,30,-83
152,31,70
152,32,-81
152,33,82
152,34,58
152,35,20
152,36,-47
152,37,-90
152,38,43
152,39,-36
152,40,46
152,41,-9
152,42,19
152,43,-6
152,44,96
152,45,-84
152,46,84
152,47,39
152,48,-18
152,49,-84
152,50,-71
152,51,-91
152,52,9
152,53,-84
152,54,80
152,55,-15
152,56,75
152,57,-19
152,58,-23
152,59,-48
152,60,-67
152,61,-26
152,62,-99
152,63,29
152,64,-4
152,65,34
152,66,-55
152,67,-71
152,68,-36
152,69,-74
152,70,-17
152,71,98
152,72,94
152,73,-45
152,74,-42
152,75,16
152,76,96
152,77,-44
152,78,-53
152,79,87
152,80,-90
152,81,32
152,82,90
152,83,-90
152,84,89
152,85,-42
152,86,83
152,87,18
152,88,-30
152,89,30
152,90,-96
152,91,10
152,92,-32
152,93,-71
152,94,3
152,95,1
152,96,66
152,97,-23
152,98,-37
152,99,57
152,100,34
152,101,0
152,102,73
152,103,45
152,104,61
152,105,96
152,106,-91
152,107,-29
152,108,3
152,109,99
152,110,-28
152,111,84
152,112,-11
152,113,-75
152,114,-7
152,115,22
152,116,-99
152,117,38
152,118,-66
152,119,91
152,120,81
152,121,-25
152,122,-57
152,123,-64
152,124,58
152,125,-52
152,126,30
152,127,51
152,128,-94
152,129,-99
152,130,-86
152,131,-17
152,132,-6
152,133,5
152,134,5
152,135,23
152,136,88
152,137,0
152,138,64
152,139,88
152,140,78
152,141,-5
152,142,-17
152,143,14
152,144,-22
152,145,-80
152,146,35
152,147,-14
152,148,93
152,149,-43
152,150,63
152,151,47
152,152,93
152,153,-10
152,154,-74
152,155,16
152,156,4
152,157,72
152,158,-65
152,159,-3
152,160,51
152,161,39
152,162,30
152,163,-74
152,164,-16
152,165,-37
152,166,-35
152,167,46
152,168,-94
152,169,31
152,170,-60
152,171,11
152,172,-99
152,173,99
152,174,7
152,175,-5
152,176,21
152,177,44
152,178,54
152,179,-46
152,180,-52
152,181,-42
152,182,89
152,183,-15
152,184,68
152,185,-58
152,186,-49
152,187,-27
152,188,-81
152,189,62
152,190,-47
152,191,23
152,192,87
152,193,-20
152,194,-1
152,195,-31
152,196,14
152,197,-19
152,198,-84
152,199,53
152,200,1
152,201,92
152,202,-86
152,203,41
152,204,-12
152,205,77
152,206,69
152,207,65
152,208,-5
152,209,18
152,210,70
152,211,66
152,212,-13
152,213,-58
152,214,-93
152,215,-17
152,216,-11
152,217,-50
152,218,-49
152,219,69
152,220,-76
152,221,30
152,222,-69
152,223,31
152,224,-67
152,225,-18
152,226,1
152,227,-96
152,228,-11
152,229,77
152,230,-55
152,231,-13
152,232,-78
152,233,-45
152,234,-81
152,235,-94
152,236,-17
152,237,0
152,238,9
152,239,67
152,240,-50
152,241,-82
152,242,67
152,243,59
152,244,-47
152,245,-49
152,246,85
152,247,-51
152,248,50
152,249,-1
152,250,75
152,251,-83
152,252,-35
152,253,-50
152,254,65
152,255,75
152,256,-75
152,257,-74
152,258,30
152,259,-64
152,260,87
152,261,30
152,262,-75
152,263,-78
152,264,-56
152,265,63
152,266,-66
152,267,-82
152,268,-84
152,269,-49
152,270,-26
152,271,75
152,272,34
152,273,31
152,274,71
152,275,-77
152,276,9
152,277,-90
152,278,27
152,279,27
152,280,57
152,281,-16
152,282,42
152,283,87
152,284,63
152,285,-26
152,286,-3
152,287,-44
152,288,-98
152,289,43
152,290,6
152,291,76
152,292,17
152,293,-92
152,294,45
152,295,69
152,296,1
152,297,32
152,298,17
152,299,-3
153,0,56
153,1,-58
153,2,-94
153,3,-58
153,4,-94
153,5,91
153,6,8
153,7,-31
153,8,-68
153,9,-29
153,10,89
153,11,35
153,12,-14
153,13,-15
153,14,86
153,15,94
153,16,99
153,17,15
153,18,-91
153,19,-17
153,20,-43
153,21,-24
153,22,5
153,23,13
153,24,-71
153,25,28
153,26,-47
153,27,0
153,28,42
153,29,-48
153,30,-61
153,31,-33
153,32,92
153,33,11
153,34,83
153,35,-47
153,36,67
153,37,-17
153,38,-83
153,39,-96
153,40,21
153,41,93
153,42,-3
153,43,-20
153,44,27
153,45,87
153,46,-21
153,47,32
153,48,-10
153,49,44
153,50,51
153,51,-34
153,52,-64
153,53,-48
153,54,-80
153,55,63
153,56,-23
153,57,-16
153,58,80
153,59,-66
153,60,-75
153,61,45
153,62,44
153,63,57
153,64,-83
153,65,98
153,66,-62
153,67,13
153,68,-18
153,69,44
153,70,-8
153,71,-91
153,72,-83
153,73,-64
153,74,-53
153,75,46
153,76,-65
153,77,43
153,78,43
153,79,27
153,80,-40
153,81,99
153,82,-23
153,83,-86
153,84,89
153,85,-39
153,86,-77
153,87,84
153,88,-16
153,89,-19
153,90,-27
153,91,53
153,92,0
153,93,-65
153,94,-40
153,95,-47
153,96,-70
153,97,-24
153,98,18
153,99,19
153,100,-30
153,101,96
153,102,25
153,103,-49
153,104,34
153,105,70
153,106,79
153,107,89
153,108,-28
153,109,-65
153,110,-93
153,111,72
153,112,3
153,113,-80
153,114,43
153,115,-74
153,116,99
153,117,13
153,118,-65
153,119,35
153,120,25
153,121,-75
153,122,-87
153,123,19
153,124,77
153,125,99
153,126,-50
153,127,68
153,128,-63
153,129,-56
153,130,-54
153,131,22
153,132,-60
153,133,-12
153,134,-60
153,135,72
153,136,81
153,137,-76
153,138,15
153,139,4
153,140,-58
153,141,67
153,142,-6
153,143,-62
153,144,-11
153,145,97
153,146,46
153,147,47
153,148,-87
153,149,-90
153,150,-72
153,151,0
153,152,-83
153,153,79
153,154,-25
153,155,6
153,156,35
153,157,-24
153,158,12
153,159,-90
153,160,43
153,161,99
153,162,25
153,163,-59
153,164,1
153,165,-47
153,166,-45
153,167,50
153,168,-82
153,169,82
153,170,92
153,171,-80
153,172,99
153,173,52
153,174,19
153,175,-36
153,176,-10
153,177,-84
153,178,21
153,179,99
153,180,3
153,181,98
153,182,-24
153,183,95
153,184,-44
153,185,60
153,186,-43
153,187,-92
153,188,94
153,189,-92
153,190,-8
153,191,-1
153,192,-48
153,193,66
153,194,26
153,195,81
153,196,-2
153,197,29
153,198,-32
153,199,41
153,200,91
153,201,-83
153,202,-56
153,203,-36
153,204,70
153,205,-29
153,206,94
153,207,-89
153,208,79
153,209,99
153,210,-60
153,211,-64
153,212,7
153,213,-69
153,214,-28
153,215,-33
153,216,21
153,217,-40
153,218,-50
153,219,-69
153,220,-1
153,221,-17
153,222,72
153,223,48
153,224,-51
153,225,-25
153,226,32
153,227,-98
153,228,86
153,229,-40
153,230,-37
153,231,93
153,232,66
153,233,-75
153,234,-37
153,235,94
153,236,-16
153,237,73
153,238,-2
153,239,26
153,240,-100
153,241,-50
153,242,-1
153,243,4
153,244,91
153,245,5
153,246,44
153,247,-52
153,248,-85
153,249,99
153,250,39
153,251,-91
153,252,23
153,253,89
153,254,98
153,255,-90
153,256,34
153,257,-6
153,258,38
153,259,70
153,260,-58
153,261,-81
153,262,74
153,263,93
153,264,-93
153,265,99
153,266,52
153,267,-95
153,268,-83
153,269,-16
153,270,68
153,271,-58
153,272,-4
153,273,40
153,274,26
153,275,33
153,276,65
153,277,66
153,278,22
153,279,96
153,280,79
153,281,-24
153,282,-16
153,283,-53
153,284,-47
153,285,-95
153,286,-19
153,287,-16
153,288,-12
153,289,-75
153,290,-66
153,291,-7
153,292,81
153,293,73
153,294,-48
153,295,51
153,296,47
153,297,-12
153,298,22
153,299,-60
154,0,74
154,1,61
154,2,77
154,3,61
154,4,-43
154,5,66
154,6,4
154,7,17
154,8,-76
154,9,20
154,10,97
154,11,50
154,12,26
154,13,24
154,14,27
154,15,-60
154,16,-47
154,17,42
154,18,-47
154,19,-6
154,20,18
154,21,74
154,22,-91
154,23,46
154,24,-48
154,25,61
154,26,16
154,27,58
154,28,-66
154,29,-76
154,30,52
154,31,21
154,32,-17
154,33,-95
154,34,-13
154,35,-62
154,36,66
154,37,69
154,38,-85
154,39,55
154,40,-14
154,41,-28
154,42,-16
154,43,68
154,44,-55
154,45,-8
154,46,-53
154,47,-5
154,48,-72
154,49,-14
154,50,75
154,51,-8
154,52,-32
154,53,90
154,54,-89
154,55,-84
154,56,45
154,57,-97
154,58,75
154,59,-10
154,60,-63
154,61,-6
154,62,-30
154,63,95
154,64,97
154,65,62
154,66,-98
154,67,-64
154,68,-48
154,69,-54
154,70,-60
154,71,80
154,72,89
154,73,75
154,74,-95
154,75,72
154,76,16
154,77,75
154,78,-98
154,79,-67
154,80,-46
154,81,19
154,82,-77
154,83,-3
154,84,-32
154,85,-48
154,86,17
154,87,-77
154,88,38
154,89,-26
154,90,74
154,91,87
154,92,61
154,93,-50
154,94,-72
154,95,1
154,96,-97
154,97,59
154,98,-92
154,99,53
154,100,98
154,101,82
154,102,43
154,103,14
154,104,-62
154,105,99
154,106,-65
154,107,84
154,108,3
154,109,-98
154,110,35
154,111,-16
154,112,-26
154,113,35
154,114,-51
154,115,72
154,116,77
154,117,-91
154,118,-55
154,119,-18
154,120,-79
154,121,82
154,122,1
154,123,47
154,124,11
154,125,-100
154,126,4
154,127,-95
154,128,49
154,129,-55
154,130,-35
154,131,87
154,132,-82
154,133,-25
154,134,50
154,135,26
154,136,99
154,137,62
154,138,60
154,139,89
154,140,39
154,141,86
154,142,-69
154,143,-23
154,144,63
154,145,-51
154,146,-58
154,147,3
154,148,75
154,149,-65
154,150,76
154,151,-12
154,152,71
154,153,-40
154,154,32
154,155,-79
154,156,65
154,157,-17
154,158,-94
154,159,-100
154,160,82
154,161,45
154,162,-27
154,163,-77
154,164,39
154,165,-76
154,166,-97
154,167,54
154,168,-32
154,169,62
154,170,-73
154,171,33
154,172,14
154,173,99
154,174,-57
154,175,-27
154,176,28
154,177,-62
154,178,80
154,179,-54
154,180,29
154,181,93
154,182,-17
154,183,80
154,184,-93
154,185,72
154,186,83
154,187,-95
154,188,55
154,189,-27
154,190,15
154,191,70
154,192,-61
154,193,-51
154,194,-88
154,195,-89
154,196,-70
154,197,-49
154,198,-24
154,199,74
154,200,-75
154,201,3
154,202,20
154,203,15
154,204,64
154,205,-52
154,206,-82
154,207,16
154,208,-94
154,209,-33
154,210,-10
154,211,13
154,212,5
154,213,50
154,214,96
154,215,-21
154,216,-32
154,217,-98
154,218,85
154,219,79
154,220,93
154,221,-4
154,222,-20
154,223,-14
154,224,-46
154,225,56
154,226,-53
154,227,15
154,228,-15
154,229,-46
154,230,54
154,231,71
154,232,73
154,233,25
154,234,55
154,235,15
154,236,64
154,237,63
154,238,3
154,239,31
154,240,98
154,241,-29
154,242,-25
154,243,-39
154,244,-91
154,245,-58
154,246,91
154,247,64
154,248,-87
154,249,8
154,250,-19
154,251,88
154,252,31
154,253,-54
154,254,22
154,255,-78
154,256,-11
154,257,-33
154,258,26
154,259,71
154,260,-30
154,261,-71
154,262,-40
154,263,13
154,264,32
154,265,99
154,266,21
154,267,-81
154,268,-86
154,269,-79
154,270,-28
154,271,11
154,272,-51
154,273,21
154,274,-63
154,275,34
154,276,31
154,277,-13
154,278,93
154,279,59
154,280,-22
154,281,-40
154,282,66
154,283,-29
154,284,64
154,285,-27
154,286,-54
154,287,-2
154,288,73
154,289,-63
154,290,81
154,291,-23
154,292,58
154,293,9
154,294,59
154,295,67
154,296,0
154,297,30
154,298,-2
154,299,-38
155,0,45
155,1,55
155,2,43
155,3,-100
155,4,59
155,5,37
155,6,92
155,7,67
155,8,-77
155,9,-48
155,10,-62
155,11,-42
155,12,-62
155,13,64
155,14,20
155,15,85
155,16,-70
155,17,-27
155,18,-94
155,19,-47
155,20,-30
155,21,-21
155,22,65
155,23,84
155,24,19
155,25,-70
155,26,25
155,27,39
155,28,-4
155,29,87
155,30,-69
155,31,75
155,32,-89
155,33,74
155,34,16
155,35,-52
155,36,20
155,37,93
155,38,71
155,39,94
155,40,-29
155,41,-79
155,42,-18
155,43,95
155,44,-90
155,45,25
155,46,-89
155,47,42
155,48,-74
155,49,-17
155,50,-94
155,51,81
155,52,10
155,53,22
155,54,-79
155,55,-86
155,56,-52
155,57,71
155,58,-99
155,59,-57
155,60,79
155,61,20
155,62,51
155,63,82
155,64,-85
155,65,-45
155,66,-75
155,67,-69
155,68,50
155,69,-31
155,70,53
155,71,45
155,72,33
155,73,90
155,74,-70
155,75,45
155,76,4
155,77,-24
155,78,-79
155,79,71
155,80,-91
155,81,-8
155,82,-31
155,83,-9
155,84,2
155,85,-92
155,86,-11
155,87,-88
155,88,-52
155,89,-17
155,90,14
155,91,85
155,92,21
155,93,-99
155,94,-45
155,95,53
155,96,-68
155,97,-91
155,98,9
155,99,-72
155,100,90
155,101,-43
155,102,-83
155,103,62
155,104,-29
155,105,19
155,106,-89
155,107,-53
155,108,95
155,109,-22
155,110,60
155,111,86
155,112,80
155,113,9
155,114,-49
155,115,-94
155,116,24
155,117,27
155,118,-69
155,119,-27
155,120,41
155,121,-37
155,122,53
155,123,46
155,124,0
155,125,88
155,126,30
155,127,40
155,128,64
155,129,-79
155,130,55
155,131,73
155,132,-84
155,133,-24
155,134,83
155,135,32
155,136,-7
155,137,-87
155,138,-46
155,139,-20
155,140,56
155,141,-34
155,142,25
155,143,59
155,144,-71
155,145,-41
155,146,-4
155,147,-89
155,148,10
155,149,-41
155,150,84
155,151,-3
155,152,-97
155,153,-73
155,154,-65
155,155,-60
155,156,20
155,157,7
155,158,-48
155,159,-53
155,160,85
155,161,68
155,162,-26
155,163,55
155,164,-3
155,165,-39
155,166,-42
155,167,2
155,168,84
155,169,-64
155,170,-11
155,171,-37
155,172,48
155,173,-22
155,174,-63
155,175,-89
155,176,-87
155,177,65
155,178,40
155,179,51
155,180,12
155,181,51
155,182,88
155,183,15
155,184,25
155,185,2
155,186,-74
155,187,-68
155,188,86
155,189,-28
155,190,67
155,191,-81
155,192,89
155,193,-94
155,194,81
155,195,51
155,196,-4
155,197,80
155,198,-1
155,199,-40
155,200,22
155,201,67
155,202,55
155,203,63
155,204,43
155,205,-37
155,206,37
155,207,-6
155,208,-88
155,209,3
155,210,58
155,211,74
155,212,1
155,213,-4
155,214,66
155,215,44
155,216,-96
155,217,-64
155,218,88
155,219,85
155,220,-97
155,221,-61
155,222,87
155,223,-84
155,224,10
155,225,-92
155,226,88
155,227,93
155,228,-55
155,229,53
155,230,63
155,231,27
155,232,-15
155,233,-8
155,234,15
155,235,29
155,236,65
155,237,-40
155,238,99
155,239,-6
155,240,6
155,241,46
155,242,53
155,243,36
155,244,-37
155,245,-29
155,246,73
155,247,-75
155,248,-97
155,249,-32
155,250,12
155,251,71
155,252,-70
155,253,-72
155,254,44
155,255,43
155,256,-14
155,257,33
155,258,89
155,259,-78
155,260,-30
155,261,2
155,262,-28
155,263,0
155,264,28
155,265,67
155,266,-92
155,267,79
155,268,-4
155,269,-13
155,270,33
155,271,3
155,272,-24
155,273,41
155,274,-38
155,275,-61
155,276,-32
155,277,58
155,278,1
155,279,99
155,280,51
155,281,-90
155,282,-47
155,283,-6
155,284,-31
155,285,45
155,286,-77
155,287,22
155,288,65
155,289,-74
155,290,-60
155,291,42
155,292,28
155,293,-62
155,294,17
155,295,-4
155,296,-79
155,297,61
155,298,-76
155,299,-58
156,0,10
156,1,84
156,2,52
156,3,-82
156,4,9
156,5,-44
156,6,15
156,7,-88
156,8,5
156,9,84
156,10,-31
156,11,63
156,12,-17
156,13,87
156,14,51
156,15,61
156,16,48
156,17,95
156,18,5
156,19,24
156,20,42
156,21,-41
156,22,-64
156,23,-31
156,24,52
156,25,-63
156,26,43
156,27,74
156,28,23
156,29,11
156,30,55
156,31,44
156,32,20
156,33,-49
156,34,29
156,35,26
156,36,-81
156,37,-58
156,38,-5
156,39,-65
156,40,36
156,41,97
156,42,-56
156,43,-86
156,44,94
156,45,37
156,46,-41
156,47,-52
156,48,46
156,49,-34
156,50,87
156,51,-37
156,52,-13
156,53,15
156,54,-24
156,55,-49
156,56,22
156,57,51
156,58,-50
156,59,3
156,60,-30
156,61,33
156,62,-85
156,63,71
156,64,86
156,65,-64
156,66,-98
156,67,63
156,68,-20
156,69,-53
156,70,-2
156,71,-87
156,72,-90
156,73,22
156,74,-43
156,75,76
156,76,78
156,77,-10
156,78,-99
156,79,-94
156,80,-2
156,81,-27
156,82,-49
156,83,17
156,84,-31
156,85,-31
156,86,-63
156,87,46
156,88,48
156,89,63
156,90,-24
156,91,33
156,92,25
156,93,-87
156,94,43
156,95,50
156,96,33
156,97,23
156,98,-20
156,99,-23
156,100,-11
156,101,21
156,102,-95
156,103,78
156,104,-75
156,105,69
156,106,96
156,107,84
156,108,-91
156,109,-23
156,110,-70
156,111,36
156,112,-95
156,113,-14
156,114,10
156,115,-17
156,116,90
156,117,5
156,118,-12
156,119,93
156,120,-40
156,121,52
156,122,2
156,123,88
156,124,19
156,125,45
156,126,12
156,127,57
156,128,26
156,129,46
156,130,1
156,131,-66
156,132,-66
156,133,-28
156,134,-75
156,135,7
156,136,69
156,137,-98
156,138,88
156,139,10
156,140,84
156,141,-21
156,142,-89
156,143,-49
156,144,74
156,145,-2
156,146,-47
156,147,65
156,148,44
156,149,24
156,150,99
156,151,-59
156,152,45
156,153,-49
156,154,-29
156,155,53
156,156,69
156,157,-70
156,158,37
156,159,20
156,160,-72
156,161,1
156,162,31
156,163,-34
156,164,82
156,165,16
156,166,96
156,167,24
156,168,25
156,169,60
156,170,-94
156,171,0
156,172,-64
156,173,-46
156,174,-31
156,175,-13
156,176,70
156,177,-36
156,178,2
156,179,3
156,180,87
156,181,54
156,182,87
156,183,29
156,184,4
156,185,42
156,186,26
156,187,7
156,188,-80
156,189,46
156,190,-13
156,191,72
156,192,32
156,193,33
156,194,54
156,195,-66
156,196,14
156,197,98
156,198,63
156,199,-63
156,200,-6
156,201,46
156,202,-23
156,203,-3
156,204,75
156,205,-63
156,206,-92
156,207,-5
156,208,93
156,209,-36
156,210,51
156,211,55
156,212,-17
156,213,84
156,214,9
156,215,45
156,216,-68
156,217,96
156,218,-15
156,219,-49
156,220,-37
156,221,-9
156,222,-29
156,223,-97
156,224,-87
156,225,-42
156,226,82
156,227,-13
156,228,-44
156,229,-71
156,230,-94
156,231,25
156,232,65
156,233,-33
156,234,58
156,235,94
156,236,-57
156,237,-83
156,238,61
156,239,3
156,240,71
156,241,42
156,242,-41
156,243,73
156,244,-45
156,245,-9
156,246,-90
156,247,92
156,248,-13
156,249,-77
156,250,-51
156,251,8
156,252,9
156,253,58
156,254,-25
156,255,-14
156,256,45
156,257,-11
156,258,72
156,259,70
156,260,-93
156,261,-72
156,262,-66
156,263,-80
156,264,-24
156,265,80
156,266,88
156,267,-23
156,268,56
156,269,-79
156,270,4
156,271,-98
156,272,99
156,273,-10
156,274,-77
156,275,70
156,276,55
156,277,-22
156,278,-82
156,279,-40
156,280,-10
156,281,-2
156,282,-49
156,283,60
156,284,-22
156,285,54
156,286,97
156,287,-56
156,288,46
156,289,-55
156,290,41
156,291,77
156,292,-69
156,293,-1
156,294,21
156,295,15
156,296,22
156,297,-97
156,298,-13
156,299,-55
157,0,75
157,1,-60
157,2,-21
157,3,73
157,4,66
157,5,-75
157,6,47
157,7,16
157,8,9
157,9,-21
157,10,90
157,11,-95
157,12,-66
157,13,59
157,14,22
157,15,-82
157,16,94
157,17,68
157,18,-79
157,19,96
157,20,-50
157,21,22
157,22,-47
157,23,-50
157,24,78
157,25,36
157,26,-13
157,27,-87
157,28,34
157,29,10
157,30,42
157,31,-79
157,32,-83
157,33,-90
157,34,12
157,35,0
157,36,-51
157,37,88
157,38,35
157,39,-51
157,40,30
157,41,2
157,42,-83
157,43,39
157,44,-30
157,45,32
157,46,60
157,47,89
157,48,29
157,49,-100
157,50,12
157,51,3
157,52,26
157,53,36
157,54,51
157,55,36
157,56,19
157,57,42
157,58,-80
157,59,-30
157,60,71
157,61,84
157,62,-51
157,63,42
157,64,98
157,65,15
157,66,-78
157,67,78
157,68,-67
157,69,-68
157,70,98
157,71,-88
157,72,-47
157,73,73
157,74,41
157,75,76
157,76,-4
157,77,82
157,78,-76
157,79,-76
157,80,-97
157,81,46
157,82,17
157,83,57
157,84,-71
157,85,62
157,86,-41
157,87,92
157,88,-4
157,89,31
157,90,76
157,91,-71
157,92,34
157,93,-86
157,94,78
157,95,50
157,96,-12
157,97,-4
157,98,-2
157,99,-40
157,100,-29
157,101,60
157,102,75
157,103,-94
157,104,28
157,105,27
157,106,0
157,107,14
157,108,-82
157,109,-91
157,110,-30
157,111,-20
157,112,16
157,113,87
157,114,-74
157,115,79
157,116,-46
157,117,-94
157,118,-77
157,119,-43
157,120,71
157,121,16
157,122,-55
157,123,-17
157,124,3
157,125,82
157,126,15
157,127,2
157,128,-10
157,129,-11
157,130,98
157,131,-11
157,132,-50
157,133,-11
157,134,82
157,135,-46
157,136,18
157,137,-99
157,138,-37
157,139,54
157,140,27
157,141,-21
157,142,66
157,143,84
157,144,-58
157,145,-46
157,146,18
157,147,60
157,148,-65
157,149,66
157,150,-13
157,151,-87
157,152,85
157,153,51
157,154,31
157,155,79
157,156,1
157,157,-9
157,158,-65
157,159,-85
157,160,80
157,161,-41
157,162,6
157,163,-1
157,164,22
157,165,81
157,166,-52
157,167,-41
157,168,-77
157,169,12
157,170,89
157,171,-38
157,172,33
157,173,-98
157,174,91
157,175,-51
157,176,44
157,177,84
157,178,39
157,179,-44
157,180,51
157,181,20
157,182,-29
157,183,-17
157,184,-92
157,185,42
157,186,-6
157,187,66
157,188,-83
157,189,96
157,190,16
157,191,-17
157,192,49
157,193,75
157,194,62
157,195,-6
157,196,39
157,197,9
157,198,-57
157,199,-23
157,200,39
157,201,63
157,202,40
157,203,-72
157,204,-44
157,205,88
157,206,53
157,207,89
157,208,-44
157,209,-44
157,210,-38
157,211,16
157,212,-48
157,213,-72
157,214,43
157,215,-96
157,216,-77
157,217,-56
157,218,29
157,219,-91
157,220,-97
157,221,91
157,222,-55
157,223,38
157,224,-35
157,225,78
157,226,52
157,227,32
157,228,-49
157,229,-83
157,230,-39
157,231,2
157,232,25
157,233,-7
157,234,-30
157,235,30
157,236,-7
157,237,-59
157,238,14
157,239,83
157,240,17
157,241,-74
157,242,53
157,243,77
157,244,20
157,245,9
157,246,-73
157,247,14
157,248,98
157,249,52
157,250,92
157,251,-73
157,252,65
157,253,35
157,254,43
157,255,97
157,256,-53
157,257,-71
157,258,-48
157,259,-74
157,260,-93
157,261,58
157,262,23
157,263,75
157,264,-62
157,265,2
157,266,19
157,267,-11
157,268,-30
157,269,-7
157,270,91
157,271,51
157,272,-98
157,273,-59
157,274,-76
157,275,79
157,276,-18
157,277,-55
157,278,-26
157,279,13
157,280,-51
157,281,5
157,282,79
157,283,76
157,284,-9
157,285,-85
157,286,-40
157,287,74
157,288,-68
157,289,-65
157,290,-80
157,291,97
157,292,96
157,293,83
157,294,24
157,295,-34
157,296,-35
157,297,53
157,298,-36
157,299,-51
158,0,-15
158,1,-39
158,2,29
158,3,82
158,4,-10
158,5,-74
158,6,54
158,7,91
158,8,75
158,9,59
158,10,-42
158,11,71
158,12,-100
158,13,15
158,14,74
158,15,-12
158,16,63
158,17,77
158,18,0
158,19,64
158,20,45
158,21,-25
158,22,-53
158,23,-33
158,24,95
158,25,-48
158,26,71
158,27,-2
158,28,-13
158,29,-61
158,30,86
158,31,17
158,32,-8
158,33,-14
158,34,67
158,35,95
158,36,-64
158,37,86
158,38,20
158,39,37
158,40,8
158,41,-64
158,42,-35
158,43,-99
158,44,-47
158,45,58
158,46,-39
158,47,85
158,48,73
158,49,-85
158,50,91
158,51,-79
158,52,-94
158,53,85
158,54,-35
158,55,59
158,56,-92
158,57,63
158,58,84
158,59,-15
158,60,97
158,61,-59
158,62,72
158,63,-7
158,64,-16
158,65,-18
158,66,16
158,67,-28
158,68,89
158,69,-13
158,70,-16
158,71,-6
158,72,-54
158,73,-33
158,74,23
158,75,-37
158,76,-50
158,77,-78
158,78,72
158,79,4
158,80,67
158,81,81
158,82,-3
158,83,90
158,84,-58
158,85,-37
158,86,81
158,87,3
158,88,3
158,89,19
158,90,-24
158,91,63
158,92,48
158,93,-87
158,94,-96
158,95,-91
158,96,-39
158,97,13
158,98,40
158,99,-92
158,100,67
158,101,-14
158,102,-46
158,103,-96
158,104,58
158,105,97
158,106,6
158,107,51
158,108,-23
158,109,-41
158,110,-18
158,111,58
158,112,76
158,113,-93
158,114,-9
158,115,50
158,116,42
158,117,55
158,118,-7
158,119,-1
158,120,93
158,121,-73
158,122,-81
158,123,21
158,124,-55
158,125,-44
158,126,21
158,127,-34
158,128,29
158,129,93
158,130,91
158,131,-21
158,132,46
158,133,-40
158,134,-32
158,135,-65
158,136,-52
158,137,-17
158,138,-6
158,139,-42
158,140,-65
158,141,-59
158,142,-58
158,143,-98
158,144,43
158,145,63
158,146,44
158,147,17
158,148,52
158,149,-31
158,150,19
158,151,-89
158,152,64
158,153,36
158,154,96
158,155,-52
158,156,0
158,157,79
158,158,22
158,159,-47
158,160,15
158,161,4
158,162,23
158,163,-60
158,164,11
158,165,-10
158,166,-15
158,167,3
158,168,-68
158,169,-100
158,170,-21
158,171,97
158,172,66
158,173,77
158,174,-43
158,175,-13
158,176,-66
158,177,97
158,178,69
158,179,89
158,180,57
158,181,47
158,182,-39
158,183,-100
158,184,-21
158,185,-94
158,186,22
158,187,1
158,188,-95
158,189,-65
158,190,-60
158,191,-89
158,192,-74
158,193,27
158,194,-14
158,195,89
158,196,49
158,197,48
158,198,47
158,199,87
158,200,21
158,201,-52
158,202,78
158,203,-42
158,204,3
158,205,-72
158,206,34
158,207,-66
158,208,-31
158,209,38
158,210,57
158,211,48
158,212,-87
158,213,18
158,214,37
158,215,-34
158,216,63
158,217,49
158,218,40
158,219,-93
158,220,21
158,221,51
158,222,-80
158,223,66
158,224,-28
158,225,96
158,226,-84
158,227,-49
158,228,-13
158,229,99
158,230,5
158,231,20
158,232,-33
158,233,39
158,234,65
158,235,13
158,236,60
158,237,0
158,238,-62
158,239,53
158,240,-27
158,241,-4
158,242,73
158,243,62
158,244,22
158,245,-88
158,246,81
158,247,-80
158,248,-38
158,249,96
158,250,55
158,251,-65
158,252,93
158,253,-65
158,254,59
158,255,12
158,256,-44
158,257,-99
158,258,-32
158,259,-39
158,260,-7
158,261,-91
158,262,-74
158,263,-9
158,264,-10
158,265,85
158,266,-97
158,267,60
158,268,73
158,269,60
158,270,16
158,271,92
158,272,24
158,273,-5
158,274,-27
158,275,-98
158,276,76
158,277,73
158,278,52
158,279,0
158,280,-81
158,281,61
158,282,-95
158,283,-74
158,284,18
158,285,68
158,286,-27
158,287,57
158,288,63
158,289,-22
158,290,59
158,291,99
158,292,-19
158,293,66
158,294,-20
158,295,-29
158,296,2
158,297,-62
158,298,-11
158,299,64
159,0,-13
159,1,-35
159,2,-96
159,3,-10
159,4,50
159,5,-85
159,6,68
159,7,30
159,8,13
159,9,-50
159,10,-96
159,11,59
159,12,29
159,13,17
159,14,97
159,15,-26
159,16,-27
159,17,33
159,18,65
159,19,29
159,20,-44
159,21,-43
159,22,-77
159,23,-73
159,24,43
159,25,-87
159,26,24
159,27,21
159,28,-66
159,29,65
159,30,83
159,31,14
159,32,-42
159,33,-20
159,34,-90
159,35,-88
159,36,-40
159,37,17
159,38,-48
159,39,20
159,40,-96
159,41,82
159,42,-51
159,43,94
159,44,34
159,45,58
159,46,-13
159,47,26
159,48,-90
159,49,7
159,50,98
159,51,67
159,52,83
159,53,24
159,54,-90
159,55,-89
159,56,49
159,57,68
159,58,-76
159,59,-72
159,60,-53
159,61,71
159,62,-44
159,63,33
159,64,29
159,65,30
159,66,42
159,67,-63
159,68,-94
159,69,-58
159,70,67
159,71,-47
159,72,28
159,73,-36
159,74,83
159,75,-28
159,76,1
159,77,-49
159,78,-21
159,79,-38
159,80,-14
159,81,-97
159,82,-95
159,83,-100
159,84,78
159,85,19
159,86,45
159,87,75
159,88,-34
159,89,83
159,90,33
159,91,-95
159,92,-91
159,93,-61
159,94,76
159,95,-35
159,96,-44
159,97,89
159,98,-82
159,99,63
159,100,-69
159,101,-69
159,102,23
159,103,92
159,104,-3
159,105,7
159,106,-98
159,107,33
159,108,-5
159,109,85
159,110,49
159,111,31
159,112,99
159,113,36
159,114,-72
159,115,-5
159,116,19
159,117,67
159,118,99
159,119,3
159,120,98
159,121,40
159,122,-11
159,123,63
159,124,-10
159,125,32
159,126,84
159,127,45
159,128,-90
159,129,-75
159,130,21
159,131,66
159,132,-23
159,133,99
159,134,4
159,135,-21
159,136,-33
159,137,81
159,138,-12
159,139,50
159,140,88
159,141,-71
159,142,-36
159,143,-65
159,144,-7
159,145,57
159,146,45
159,147,50
159,148,35
159,149,-10
159,150,-73
159,151,14
159,152,-65
159,153,-45
159,154,51
159,155,-58
159,156,-26
159,157,23
159,158,-23
159,159,14
159,160,8
159,161,27
159,162,-44
159,163,-90
159,164,90
159,165,-36
159,166,-49
159,167,-10
159,168,72
159,169,16
159,170,-37
159,171,-48
159,172,68
159,173,41
159,174,-71
159,175,85
159,176,-51
159,177,45
159,178,41
159,179,21
159,180,97
159,181,60
159,182,-21
159,183,57
159,184,50
159,185,-48
159,186,25
159,187,75
159,188,28
159,189,-76
159,190,2
159,191,-53
159,192,-55
159,193,-74
159,194,41
159,195,67
159,196,-38
159,197,68
159,198,24
159,199,-8
159,200,46
159,201,38
159,202,-98
159,203,13
159,204,52
159,205,16
159,206,26
159,207,42
159,208,-68
159,209,-18
159,210,19
159,211,91
159,212,57
159,213,81
159,214,-36
159,215,3
159,216,-4
159,217,-61
159,218,47
159,219,-79
159,220,58
159,221,-26
159,222,52
159,223,15
159,224,15
159,225,56
159,226,-7
159,227,12
159,228,-38
159,229,-68
159,230,-85
159,231,-74
159,232,55
159,233,15
159,234,44
159,235,-60
159,236,73
159,237,-23
159,238,77
159,239,-98
159,240,10
159,241,37
159,242,71
159,243,26
159,244,56
159,245,-14
159,246,-94
159,247,-52
159,248,-45
159,249,-90
159,250,14
159,251,-54
159,252,63
159,253,30
159,254,36
159,255,70
159,256,78
159,257,-16
159,258,4
159,259,-25
159,260,98
159,261,40
159,262,-3
159,263,68
159,264,91
159,265,63
159,266,25
159,267,-14
159,268,-53
159,269,-98
159,270,-15
159,271,34
159,272,84
159,273,20
159,274,59
159,275,98
159,276,-7
159,277,-49
159,278,-34
159,279,0
159,280,85
159,281,67
159,282,90
159,283,-35
159,284,23
159,285,74
159,286,-87
159,287,-95
159,288,36
159,289,-69
159,290,-20
159,291,6
159,292,-97
159,293,7
159,294,-63
159,295,20
159,296,-9
159,297,-54
159,298,-23
159,299,-64
160,0,-85
160,1,44
160,2,17
160,3,-62
160,4,-72
160,5,-22
160,6,16
160,7,14
160,8,62
160,9,96
160,10,68
160,11,-23
160,12,60
160,13,42
160,14,9
160,15,-46
160,16,34
160,17,34
160,18,-36
160,19,19
160,20,-12
160,21,-88
160,22,30
160,23,-16
160,24,31
160,25,-91
160,26,-76
160,27,20
160,28,-1
160,29,-89
160,30,-54
160,31,94
160,32,-55
160,33,7
160,34,4
160,35,-63
160,36,-16
160,37,-37
160,38,-25
160,39,-96
160,40,53
160,41,95
160,42,-16
160,43,42
160,44,8
160,45,44
160,46,2
160,47,46
160,48,-3
160,49,-1
160,50,59
160,51,-88
160,52,43
160,53,6
160,54,50
160,55,-19
160,56,92
160,57,73
160,58,1
160,59,31
160,60,-41
160,61,-49
160,62,-23
160,63,28
160,64,5
160,65,-79
160,66,-56
160,67,-100
160,68,80
160,69,-89
160,70,-68
160,71,-70
160,72,47
160,73,-55
160,74,74
160,75,77
160,76,17
160,77,-26
160,78,31
160,79,39
160,80,-64
160,81,66
160,82,0
160,83,57
160,84,62
160,85,97
160,86,-48
160,87,-19
160,88,-3
160,89,-83
160,90,76
160,91,-18
160,92,-15
160,93,23
160,94,14
160,95,11
160,96,17
160,97,82
160,98,-89
160,99,20
160,100,-78
160,101,-16
160,102,67
160,103,-26
160,104,-78
160,105,-8
160,106,44
160,107,-30
160,108,46
160,109,-30
160,110,-65
160,111,78
160,112,33
160,113,21
160,114,-12
160,115,-75
160,116,-55
160,117,-41
160,118,-61
160,119,39
160,120,91
160,121,85
160,122,12
160,123,34
160,124,-13
160,125,-81
160,126,43
160,127,63
160,128,94
160,129,67
160,130,7
160,131,-4
160,132,-34
160,133,59
160,134,-73
160,135,4
160,136,-97
160,137,-23
160,138,-76
160,139,-14
160,140,-34
160,141,26
160,142,36
160,143,94
160,144,27
160,145,65
160,146,57
160,147,1
160,148,-49
160,149,-48
160,150,84
160,151,85
160,152,42
160,153,-86
160,154,12
160,155,-66
160,156,82
160,157,28
160,158,-7
160,159,-28
160,160,-54
160,161,45
160,162,70
160,163,-19
160,164,54
160,165,-60
160,166,70
160,167,-40
160,168,18
160,169,92
160,170,14
160,171,-50
160,172,46
160,173,-56
160,174,85
160,175,-64
160,176,-26
160,177,-66
160,178,20
160,179,-53
160,180,-77
160,181,24
160,182,50
160,183,-91
160,184,-62
160,185,82
160,186,99
160,187,8
160,188,62
160,189,-76
160,190,-73
160,191,-29
160,192,37
160,193,43
160,194,-91
160,195,64
160,196,-35
160,197,-84
160,198,-77
160,199,25
160,200,26
160,201,-96
160,202,49
160,203,90
160,204,-32
160,205,38
160,206,-98
160,207,94
160,208,93
160,209,-68
160,210,99
160,211,-92
160,212,-3
160,213,-53
160,214,31
160,215,-32
160,216,-81
160,217,53
160,218,-2
160,219,35
160,220,-64
160,221,18
160,222,48
160,223,85
160,224,64
160,225,-65
160,226,-34
160,227,53
160,228,21
160,229,64
160,230,22
160,231,46
160,232,-89
160,233,-67
160,234,-32
160,235,-78
160,236,99
160,237,-49
160,238,-24
160,239,90
160,240,-60
160,241,-50
160,242,-58
160,243,-47
160,244,64
160,245,-99
160,246,41
160,247,19
160,248,-94
160,249,19
160,250,34
160,251,46
160,252,-66
160,253,24
160,254,60
160,255,-13
160,256,36
160,257,-27
160,258,-9
160,259,73
160,260,-19
160,261,68
160,262,99
160,263,-66
160,264,-75
160,265,-38
160,266,-12
160,267,3
160,268,49
160,269,-39
160,270,-30
160,271,-35
160,272,66
160,273,-70
160,274,-40
160,275,-58
160,276,-17
160,277,95
160,278,-13
160,279,15
160,280,34
160,281,-96
160,282,-62
160,283,28
160,284,-71
160,285,-77
160,286,-12
160,287,-90
160,288,-77
160,289,-97
160,290,24
160,291,60
160,292,50
160,293,-53
160,294,-5
160,295,-14
160,296,-31
160,297,21
160,298,-75
160,299,72
161,0,-72
161,1,58
161,2,39
161,3,99
161,4,-84
161,5,-65
161,6,55
161,7,44
161,8,-64
161,9,-33
161,10,98
161,11,67
161,12,-84
161,13,-2
161,14,25
161,15,-46
161,16,-42
161,17,-50
161,18,48
161,19,-86
161,20,40
161,21,-55
161,22,-1
161,23,-61
161,24,-69
161,25,50
161,26,84
161,27,63
161,28,10
161,29,71
161,30,-8
161,31,47
161,32,17
161,33,95
161,34,89
161,35,50
161,36,-41
161,37,77
161,38,9
161,39,-68
161,40,-86
161,41,-57
161,42,97
161,43,-74
161,44,77
161,45,51
161,46,-11
161,47,24
161,48,-6
161,49,-54
161,50,34
161,51,41
161,52,-83
161,53,-18
161,54,86
161,55,-47
161,56,45
161,57,83
161,58,-36
161,59,-22
161,60,10
161,61,-96
161,62,-6
161,63,9
161,64,-97
161,65,-91
161,66,1
161,67,-14
161,68,89
161,69,4
161,70,19
161,71,39
161,72,-49
161,73,60
161,74,86
161,75,10
161,76,23
161,77,-37
161,78,92
161,79,70
161,80,77
161,81,53
161,82,-70
161,83,-92
161,84,-15
161,85,-31
161,86,56
161,87,88
161,88,-8
161,89,-94
161,90,76
161,91,-83
161,92,-58
161,93,45
161,94,85
161,95,63
161,96,86
161,97,54
161,98,71
161,99,88
161,100,-32
161,101,-3
161,102,-37
161,103,-52
161,104,-99
161,105,46
161,106,-11
161,107,36
161,108,40
161,109,90
161,110,-32
161,111,-55
161,112,64
161,113,-53
161,114,-31
161,115,-43
161,116,33
161,117,16
161,118,11
161,119,59
161,120,-56
161,121,-37
161,122,-13
161,123,20
161,124,68
161,125,-31
161,126,-13
161,127,65
161,128,-94
161,129,19
161,130,-41
161,131,-17
161,132,51
161,133,-66
161,134,0
161,135,64
161,136,-43
161,137,77
161,138,30
161,139,-68
161,140,5
161,141,-32
161,142,-56
161,143,22
161,144,4
161,145,78
161,146,-33
161,147,62
161,148,19
161,149,98
161,150,11
161,151,64
161,152,-3
161,153,22
161,154,-91
161,155,-47
161,156,26
161,157,-92
161,158,-59
161,159,-92
161,160,56
161,161,46
161,162,-23
161,163,40
161,164,-89
161,165,86
161,166,37
161,167,-89
161,168,29
161,169,-33
161,170,35
161,171,-68
161,172,-82
161,173,-67
161,174,-5
161,175,-50
161,176,4
161,177,87
161,178,-57
161,179,26
161,180,-76
161,181,-32
161,182,-99
161,183,81
161,184,9
161,185,44
161,186,83
161,187,11
161,188,-67
161,189,-44
161,190,36
161,191,80
161,192,25
161,193,-74
161,194,30
161,195,55
161,196,-8
161,197,27
161,198,61
161,199,-5
161,200,40
161,201,73
161,202,-33
161,203,-66
161,204,59
161,205,-78
161,206,-37
161,207,-92
161,208,98
161,209,45
161,210,27
161,211,63
161,212,-48
161,213,72
161,214,-96
161,215,58
161,216,71
161,217,35
161,218,33
161,219,-12
161,220,-64
161,221,38
161,222,-65
161,223,29
161,224,77
161,225,-45
161,226,-21
161,227,30
161,228,-66
161,229,9
161,230,30
161,231,60
161,232,-4
161,233,-9
161,234,34
161,235,-95
161,236,92
161,237,1
161,238,6
161,239,89
161,240,66
161,241,42
161,242,55
161,243,-14
161,244,76
161,245,63
161,246,14
161,247,2
161,248,72
161,249,53
161,250,-75
161,251,42
161,252,-87
161,253,-34
161,254,-74
161,255,42
161,256,95
161,257,-5
161,258,-45
161,259,24
161,260,74
161,261,-67
161,262,66
161,263,-82
161,264,-21
161,265,59
161,266,75
161,267,90
161,268,36
161,269,93
161,270,-75
161,271,-99
161,272,36
161,273,65
161,274,-66
161,275,-52
161,276,-44
161,277,52
161,278,33
161,279,-18
161,280,-2
161,281,88
161,282,-4
161,283,84
161,284,77
161,285,28
161,286,30
161,287,-44
161,288,-70
161,289,-35
161,290,20
161,291,-34
161,292,-67
161,293,-53
161,294,90
161,295,0
161,296,-55
161,297,86
161,298,73
161,299,99
162,0,-93
162,1,-7
162,2,-89
162,3,-17
162,4,-93
162,5,-51
162,6,46
162,7,-55
162,8,-30
162,9,-88
162,10,-27
162,11,49
162,12,-96
162,13,23
162,14,17
162,15,21
162,16,-19
162,17,-85
162,18,25
162,19,-34
162,20,-61
162,21,15
162,22,-31
162,23,25
162,24,-32
162,25,-22
162,26,-44
162,27,93
162,28,68
162,29,98
162,30,82
162,31,-7
162,32,-31
162,33,-82
162,34,-48
162,35,-62
162,36,44
162,37,-14
162,38,-49
162,39,-29
162,40,72
162,41,-36
162,42,64
162,43,-39
162,44,-78
162,45,-68
162,46,-16
162,47,4
162,48,28
162,49,78
162,50,34
162,51,-72
162,52,9
162,53,-9
162,54,0
162,55,-71
162,56,32
162,57,38
162,58,46
162,59,-87
162,60,54
162,61,45
162,62,0
162,63,35
162,64,-51
162,65,-33
162,66,-57
162,67,-57
162,68,-9
162,69,73
162,70,71
162,71,-98
162,72,94
162,73,-74
162,74,-75
162,75,-64
162,76,55
162,77,54
162,78,-29
162,79,-38
162,80,-98
162,81,-43
162,82,-93
162,83,95
162,84,10
162,85,-52
162,86,-32
162,87,-63
162,88,9
162,89,41
162,90,-69
162,91,-10
162,92,11
162,93,94
162,94,-88
162,95,9
162,96,-1
162,97,33
162,98,-15
162,99,27
162,100,-17
162,101,-52
162,102,-72
162,103,-65
162,104,88
162,105,59
162,106,-26
162,107,23
162,108,-6
162,109,-33
162,110,-27
162,111,-34
162,112,-89
162,113,63
162,114,67
162,115,-65
162,116,-95
162,117,-47
162,118,-12
162,119,-64
162,120,-10
162,121,18
162,122,76
162,123,83
162,124,-3
162,125,21
162,126,55
162,127,-87
162,128,-93
162,129,-33
162,130,-30
162,131,-28
162,132,-47
162,133,-3
162,134,9
162,135,-34
162,136,-54
162,137,51
162,138,30
162,139,22
162,140,60
162,141,31
162,142,-37
162,143,-8
162,144,-83
162,145,49
162,146,-24
162,147,-24
162,148,-91
162,149,69
162,150,-71
162,151,-85
162,152,89
162,153,26
162,154,-72
162,155,-19
162,156,-64
162,157,45
162,158,40
162,159,12
162,160,-84
162,161,96
162,162,-50
162,163,-2
162,164,66
162,165,39
162,166,93
162,167,-95
162,168,84
162,169,-47
162,170,19
162,171,-10
162,172,84
162,173,-96
162,174,-59
162,175,54
162,176,64
162,177,-2
162,178,-68
162,179,89
162,180,94
162,181,-61
162,182,-34
162,183,-13
162,184,-33
162,185,24
162,186,-5
162,187,53
162,188,5
162,189,-42
162,190,60
162,191,-12
162,192,49
162,193,-22
162,194,62
162,195,70
162,196,-85
162,197,-66
162,198,79
162,199,-78
162,200,-51
162,201,-9
162,202,-46
162,203,-64
162,204,64
162,205,-59
162,206,-88
162,207,-39
162,208,-31
162,209,-18
162,210,-49
162,211,13
162,212,-56
162,213,77
162,214,-62
162,215,84
162,216,36
162,217,22
162,218,46
162,219,78
162,220,-7
162,221,-75
162,222,-47
162,223,92
162,224,7
162,225,-24
162,226,34
162,227,63
162,228,-96
162,229,-100
162,230,44
162,231,-71
162,232,5
162,233,-82
162,234,-70
162,235,39
162,236,-56
162,237,64
162,238,-48
162,239,47
162,240,26
162,241,6
162,242,8
162,243,-42
162,244,-25
162,245,57
162,246,25
162,247,-59
162,248,-96
162,249,-61
162,250,-48
162,251,79
162,252,43
162,253,39
162,254,-5
162,255,13
162,256,50
162,257,72
162,258,-26
162,259,6
162,260,74
162,261,-53
162,262,-46
162,263,69
162,264,-28
162,265,60
162,266,-23
162,267,66
162,268,45
162,269,-56
162,270,62
162,271,4
162,272,33
162,273,54
162,274,35
162,275,-20
162,276,-5
162,277,58
162,278,-94
162,279,19
162,280,24
162,281,-7
162,282,60
162,283,65
162,284,-45
162,285,-84
162,286,-17
162,287,8
162,288,4
162,289,-22
162,290,-59
162,291,34
162,292,-41
162,293,57
162,294,-22
162,295,53
162,296,-65
162,297,22
162,298,27
162,299,86
163,0,19
163,1,-71
163,2,79
163,3,23
163,4,-89
163,5,48
163,6,-46
163,7,72
163,8,-33
163,9,-27
163,10,-100
163,11,-35
163,12,48
163,13,17
163,14,42
163,15,-22
163,16,-28
163,17,16
163,18,-25
163,19,98
163,20,-17
163,21,84
163,22,36
163,23,10
163,24,-94
163,25,75
163,26,9
163,27,-64
163,28,-92
163,29,-50
163,30,44
163,31,28
163,32,-85
163,33,36
163,34,16
163,35,-15
163,36,-3
163,37,-47
163,38,59
163,39,82
163,40,9
163,41,47
163,42,77
163,43,99
163,44,79
163,45,55
163,46,2
163,47,-27
163,48,-21
163,49,74
163,50,38
163,51,54
163,52,77
163,53,40
163,54,78
163,55,-93
163,56,81
163,57,-67
163,58,13
163,59,-27
163,60,57
163,61,47
163,62,90
163,63,57
163,64,-57
163,65,-74
163,66,-52
163,67,50
163,68,-45
163,69,7
163,70,-52
163,71,86
163,72,-82
163,73,20
163,74,89
163,75,62
163,76,27
163,77,7
163,78,-14
163,79,58
163,80,49
163,81,55
163,82,-97
163,83,-12
163,84,48
163,85,12
163,86,-71
163,87,39
163,88,-39
163,89,-79
163,90,17
163,91,-58
163,92,53
163,93,-24
163,94,78
163,95,-24
163,96,-38
163,97,-10
163,98,-27
163,99,21
163,100,-96
163,101,-100
163,102,68
163,103,43
163,104,63
163,105,-29
163,106,-55
163,107,57
163,108,-11
163,109,-3
163,110,74
163,111,43
163,112,-9
163,113,96
163,114,-67
163,115,37
163,116,-35
163,117,-5
163,118,83
163,119,-2
163,120,-34
163,121,94
163,122,-65
163,123,-67
163,124,-7
163,125,53
163,126,-93
163,127,-3
163,128,37
163,129,85
163,130,19
163,131,-87
163,132,-23
163,133,65
163,134,-57
163,135,89
163,136,14
163,137,12
163,138,-94
163,139,47
163,140,-29
163,141,-57
163,142,46
163,143,-87
163,144,-23
163,145,-36
163,146,-18
163,147,61
163,148,9
163,149,-89
163,150,-86
163,151,4
163,152,-92
163,153,-57
163,154,57
163,155,-9
163,156,7
163,157,28
163,158,-50
163,159,-65
163,160,74
163,161,40
163,162,-17
163,163,31
163,164,31
163,165,-33
163,166,-74
163,167,-36
163,168,25
163,169,73
163,170,29
163,171,-73
163,172,34
163,173,-95
163,174,20
163,175,-76
163,176,-54
163,177,26
163,178,-93
163,179,89
163,180,-78
163,181,-56
163,182,67
163,183,-96
163,184,37
163,185,-78
163,186,-66
163,187,33
163,188,-65
163,189,79
163,190,-35
163,191,21
163,192,16
163,193,25
163,194,90
163,195,-26
163,196,-28
163,197,23
163,198,83
163,199,-94
163,200,88
163,201,78
163,202,7
163,203,-67
163,204,-62
163,205,-23
163,206,-65
163,207,77
163,208,-76
163,209,8
163,210,29
163,211,78
163,212,48
163,213,46
163,214,83
163,215,-11
163,216,97
163,217,54
163,218,12
163,219,-56
163,220,3
163,221,-90
163,222,75
163,223,-10
163,224,88
163,225,-77
163,226,-31
163,227,-76
163,228,-89
163,229,13
163,230,-92
163,231,-18
163,232,-72
163,233,-76
163,234,36
163,235,25
163,236,98
163,237,-39
163,238,35
163,239,62
163,240,30
163,241,-77
163,242,49
163,243,-32
163,244,26
163,245,22
163,246,-89
163,247,19
163,248,-39
163,249,-21
163,250,51
163,251,77
163,252,-71
163,253,-21
163,254,97
163,255,14
163,256,-32
163,257,78
163,258,-2
163,259,-42
163,260,83
163,261,-75
163,262,-73
163,263,89
163,264,-68
163,265,54
163,266,28
163,267,97
163,268,-18
163,269,-59
163,270,25
163,271,83
163,272,-16
163,273,-81
163,274,-41
163,275,80
163,276,84
163,277,41
163,278,89
163,279,-6
163,280,79
163,281,83
163,282,-41
163,283,-72
163,284,61
163,285,-2
163,286,5
163,287,-38
163,288,-64
163,289,80
163,290,-6
163,291,81
163,292,1
163,293,-11
163,294,81
163,295,84
163,296,15
163,297,1
163,298,66
163,299,-93
164,0,19
164,1,-47
164,2,-14
164,3,47
164,4,82
164,5,20
164,6,-30
164,7,-90
164,8,-74
164,9,79
164,10,25
164,11,10
164,12,-83
164,13,-72
164,14,64
164,15,3
164,16,97
164,17,-30
164,18,-36
164,19,-92
164,20,-38
164,21,56
164,22,43
164,23,-78
164,24,-14
164,25,1
164,26,-3
164,27,30
164,28,-58
164,29,-93
164,30,53
164,31,-7
164,32,78
164,33,-34
164,34,30
164,35,6
164,36,-33
164,37,-34
164,38,-72
164,39,-19
164,40,55
164,41,65
164,42,34
164,43,-33
164,44,35
164,45,-26
164,46,-83
164,47,72
164,48,37
164,49,14
164,50,-38
164,51,12
164,52,12
164,53,-73
164,54,-56
164,55,78
164,56,24
164,57,-79
164,58,48
164,59,45
164,60,84
164,61,91
164,62,-25
164,63,-33
164,64,13
164,65,-61
164,66,-16
164,67,37
164,68,20
164,69,-17
164,70,-96
164,71,81
164,72,22
164,73,-75
164,74,99
164,75,63
164,76,-83
164,77,86
164,78,-32
164,79,-93
164,80,43
164,81,-94
164,82,52
164,83,78
164,84,-33
164,85,-87
164,86,59
164,87,-32
164,88,-12
164,89,-4
164,90,63
164,91,15
164,92,-18
164,93,67
164,94,-95
164,95,17
164,96,47
164,97,37
164,98,-45
164,99,33
164,100,-6
164,101,60
164,102,-91
164,103,-28
164,104,-24
164,105,28
164,106,39
164,107,37
164,108,10
164,109,-14
164,110,-93
164,111,88
164,112,-34
164,113,54
164,114,86
164,115,8
164,116,22
164,117,38
164,118,75
164,119,37
164,120,-44
164,121,75
164,122,68
164,123,-43
164,124,-34
164,125,-93
164,126,60
164,127,28
164,128,-30
164,129,-75
164,130,54
164,131,19
164,132,-11
164,133,68
164,134,2
164,135,-98
164,136,77
164,137,-42
164,138,-44
164,139,-61
164,140,70
164,141,74
164,142,72
164,143,77
164,144,-89
164,145,19
164,146,32
164,147,-85
164,148,12
164,149,-31
164,150,-67
164,151,-93
164,152,75
164,153,88
164,154,53
164,155,-70
164,156,-18
164,157,-27
164,158,17
164,159,16
164,160,-30
164,161,-83
164,162,31
164,163,44
164,164,-44
164,165,-62
164,166,-2
164,167,37
164,168,55
164,169,-75
164,170,17
164,171,78
164,172,-41
164,173,48
164,174,-32
164,175,19
164,176,0
164,177,-69
164,178,-68
164,179,13
164,180,69
164,181,-54
164,182,-30
164,183,-54
164,184,42
164,185,-83
164,186,-92
164,187,-21
164,188,86
164,189,87
164,190,4
164,191,-100
164,192,56
164,193,15
164,194,-42
164,195,-11
164,196,-16
164,197,-9
164,198,28
164,199,-37
164,200,-9
164,201,-67
164,202,-92
164,203,34
164,204,59
164,205,-27
164,206,63
164,207,-61
164,208,11
164,209,-46
164,210,9
164,211,28
164,212,67
164,213,53
164,214,-74
164,215,55
164,216,83
164,217,-100
164,218,-6
164,219,25
164,220,42
164,221,-84
164,222,55
164,223,-45
164,224,66
164,225,-78
164,226,52
164,227,75
164,228,51
164,229,-28
164,230,-37
164,231,-26
164,232,-52
164,233,-57
164,234,-50
164,235,-60
164,236,83
164,237,-30
164,238,85
164,239,80
164,240,5
164,241,-18
164,242,56
164,243,60
164,244,56
164,245,-100
164,246,88
164,247,-60
164,248,74
164,249,-1
164,250,-89
164,251,7
164,252,-56
164,253,58
164,254,-37
164,255,-56
164,256,-71
164,257,88
164,258,51
164,259,-41
164,260,80
164,261,-60
164,262,69
164,263,-60
164,264,-36
164,265,-95
164,266,17
164,267,-74
164,268,-39
164,269,-43
164,270,-84
164,271,-24
164,272,58
164,273,-83
164,274,-56
164,275,-97
164,276,25
164,277,-99
164,278,-57
164,279,-90
164,280,36
164,281,33
164,282,-58
164,283,82
164,284,94
164,285,-11
164,286,-47
164,287,95
164,288,-84
164,289,77
164,290,-4
164,291,73
164,292,39
164,293,5
164,294,-61
164,295,68
164,296,47
164,297,-19
164,298,65
164,299,-17
165,0,-59
165,1,20
165,2,52
165,3,-21
165,4,-51
165,5,-36
165,6,-36
165,7,33
165,8,60
165,9,92
165,10,32
165,11,91
165,12,-57
165,13,91
165,14,36
165,15,-47
165,16,-65
165,17,25
165,18,-5
165,19,87
165,20,-93
165,21,31
165,22,16
165,23,17
165,24,41
165,25,71
165,26,-47
165,27,-91
165,28,-10
165,29,-93
165,30,5
165,31,34
165,32,59
165,33,-31
165,34,-39
165,35,-10
165,36,25
165,37,79
165,38,88
165,39,-34
165,40,-55
165,41,-83
165,42,-42
165,43,22
165,44,43
165,45,-8
165,46,-64
165,47,-42
165,48,59
165,49,79
165,50,-90
165,51,-58
165,52,62
165,53,-46
165,54,1
165,55,70
165,56,-100
165,57,-99
165,58,85
165,59,-52
165,60,-98
165,61,-53
165,62,-26
165,63,-94
165,64,-32
165,65,89
165,66,-100
165,67,-97
165,68,1
165,69,77
165,70,-97
165,71,-41
165,72,-40
165,73,-80
165,74,35
165,75,68
165,76,-85
165,77,-69
165,78,-71
165,79,-39
165,80,-77
165,81,33
165,82,-68
165,83,23
165,84,-96
165,85,-71
165,86,13
165,87,33
165,88,-99
165,89,3
165,90,70
165,91,-50
165,92,-31
165,93,53
165,94,44
165,95,65
165,96,55
165,97,-85
165,98,-26
165,99,29
165,100,87
165,101,-91
165,102,-39
165,103,16
165,104,-28
165,105,90
165,106,-16
165,107,-56
165,108,32
165,109,2
165,110,84
165,111,75
165,112,33
165,113,-57
165,114,53
165,115,26
165,116,44
165,117,41
165,118,-24
165,119,-30
165,120,-59
165,121,11
165,122,-26
165,123,-86
165,124,89
165,125,-96
165,126,-4
165,127,-38
165,128,-35
165,129,-40
165,130,-58
165,131,60
165,132,-62
165,133,-4
165,134,-9
165,135,24
165,136,-20
165,137,-99
165,138,-51
165,139,-74
165,140,-32
165,141,-68
165,142,-44
165,143,65
165,144,16
165,145,-70
165,146,-25
165,147,99
165,148,-96
165,149,-94
165,150,94
165,151,-56
165,152,-50
165,153,-5
165,154,9
165,155,-15
165,156,-37
165,157,98
165,158,32
165,159,78
165,160,-36
165,161,61
165,162,-35
165,163,-24
165,164,58
165,165,15
165,166,-65
165,167,-36
165,168,-74
165,169,-37
165,170,85
165,171,57
165,172,-64
165,173,-81
165,174,72
165,175,-94
165,176,46
165,177,82
165,178,-81
165,179,-3
165,180,37
165,181,-91
165,182,-78
165,183,-54
165,184,12
165,185,-7
165,186,-82
165,187,-31
165,188,-20
165,189,-5
165,190,-99
165,191,-98
165,192,-81
165,193,81
165,194,-28
165,195,-53
165,196,96
165,197,30
165,198,22
165,199,-45
165,200,39
165,201,20
165,202,-69
165,203,46
165,204,80
165,205,-45
165,206,-68
165,207,38
165,208,-43
165,209,43
165,210,42
165,211,57
165,212,9
165,213,-98
165,214,86
165,215,63
165,216,40
165,217,64
165,218,52
165,219,-83
165,220,-49
165,221,-47
165,222,-62
165,223,-50
165,224,-79
165,225,-59
165,226,89
165,227,-25
165,228,-13
165,229,-82
165,230,-90
165,231,-75
165,232,64
165,233,-94
165,234,15
165,235,-59
165,236,-68
165,237,47
165,238,33
165,239,-63
165,240,13
165,241,-81
165,242,52
165,243,19
165,244,-1
165,245,-65
165,246,76
165,247,-20
165,248,41
165,249,-76
165,250,96
165,251,23
165,252,77
165,253,31
165,254,64
165,255,-59
165,256,-36
165,257,95
165,258,55
165,259,-35
165,260,22
165,261,-48
165,262,77
165,263,14
165,264,-8
165,265,11
165,266,-11
165,267,-35
165,268,-18
165,269,-46
165,270,50
165,271,-66
165,272,-31
165,273,89
165,274,27
165,275,36
165,276,40
165,277,-93
165,278,-18
165,279,72
165,280,-5
165,281,-70
165,282,-70
165,283,12
165,284,42
165,285,-3
165,286,54
165,287,4
165,288,85
165,289,-41
165,290,-37
165,291,80
165,292,-79
165,293,-33
165,294,-94
165,295,-8
165,296,46
165,297,-53
165,298,79
165,299,81
166,0,-32
166,1,41
166,2,42
166,3,-14
166,4,88
166,5,16
166,6,-78
166,7,-32
166,8,65
166,9,38
166,10,-61
166,11,-80
166,12,79
166,13,49
166,14,-84
166,15,-39
166,16,-86
166,17,-40
166,18,90
166,19,-63
166,20,31
166,21,-66
166,22,36
166,23,13
166,24,-59
166,25,90
166,26,-82
166,27,-60
166,28,-89
166,29,5
166,30,57
166,31,-67
166,32,-92
166,33,-17
166,34,36
166,35,84
166,36,-58
166,37,-70
166,38,-84
166,39,-6
166,40,48
166,41,-24
166,42,89
166,43,-36
166,44,-28
166,45,69
166,46,-43
166,47,-23
166,48,-27
166,49,31
166,50,-11
166,51,64
166,52,-79
166,53,39
166,54,-47
166,55,-29
166,56,60
166,57,73
166,58,-60
166,59,-48
166,60,0
166,61,-34
166,62,21
166,63,19
166,64,28
166,65,-75
166,66,42
166,67,22
166,68,29
166,69,97
166,70,-4
166,71,83
166,72,-33
166,73,-82
166,74,98
166,75,-7
166,76,-24
166,77,-23
166,78,-40
166,79,-36
166,80,-79
166,81,55
166,82,3
166,83,86
166,84,33
166,85,60
166,86,60
166,87,-42
166,88,-27
166,89,42
166,90,10
166,91,19
166,92,50
166,93,-25
166,94,-25
166,95,45
166,96,-46
166,97,42
166,98,49
166,99,9
166,100,51
166,101,74
166,102,26
166,103,82
166,104,-69
166,105,-40
166,106,35
166,107,68
166,108,39
166,109,-20
166,110,64
166,111,-75
166,112,-35
166,113,-15
166,114,50
166,115,64
166,116,57
166,117,83
166,118,-25
166,119,87
166,120,78
166,121,64
166,122,5
166,123,46
166,124,25
166,125,55
166,126,-15
166,127,50
166,128,-62
166,129,8
166,130,-85
166,131,-57
166,132,9
166,133,-28
166,134,52
166,135,0
166,136,-62
166,137,-67
166,138,85
166,139,41
166,140,-85
166,141,25
166,142,-70
166,143,10
166,144,-79
166,145,-34
166,146,96
166,147,58
166,148,91
166,149,-65
166,150,44
166,151,3
166,152,24
166,153,-5
166,154,-51
166,155,79
166,156,81
166,157,-67
166,158,70
166,159,-71
166,160,-76
166,161,-31
166,162,41
166,163,-93
166,164,87
166,165,-8
166,166,-93
166,167,-91
166,168,-23
166,169,24
166,170,-61
166,171,-93
166,172,11
166,173,63
166,174,-57
166,175,-35
166,176,61
166,177,-40
166,178,38
166,179,72
166,180,-53
166,181,37
166,182,-67
166,183,79
166,184,-86
166,185,58
166,186,30
166,187,61
166,188,-48
166,189,-59
166,190,41
166,191,-48
166,192,41
166,193,85
166,194,7
166,195,-60
166,196,-11
166,197,-41
166,198,-41
166,199,-35
166,200,18
166,201,25
166,202,0
166,203,30
166,204,-56
166,205,-86
166,206,90
166,207,-7
166,208,-78
166,209,-76
166,210,-17
166,211,73
166,212,-3
166,213,-52
166,214,52
166,215,51
166,216,-38
166,217,9
166,218,0
166,219,-95
166,220,-56
166,221,79
166,222,-94
166,223,-33
166,224,-11
166,225,-25
166,226,-1
166,227,17
166,228,-3
166,229,26
166,230,-75
166,231,30
166,232,68
166,233,95
166,234,-51
166,235,-76
166,236,-7
166,237,96
166,238,-51
166,239,59
166,240,79
166,241,-59
166,242,-36
166,243,72
166,244,-49
166,245,-36
166,246,31
166,247,45
166,248,46
166,249,-40
166,250,-57
166,251,24
166,252,32
166,253,-80
166,254,-36
166,255,-47
166,256,-65
166,257,59
166,258,98
166,259,-37
166,260,-11
166,261,88
166,262,50
166,263,-83
166,264,-19
166,265,99
166,266,-6
166,267,8
166,268,-19
166,269,-4
166,270,-82
166,271,-34
166,272,-43
166,273,45
166,274,-93
166,275,87
166,276,95
166,277,48
166,278,-88
166,279,-42
166,280,77
166,281,29
166,282,39
166,283,10
166,284,-92
166,285,83
166,286,-23
166,287,45
166,288,-100
166,289,-20
166,290,52
166,291,-79
166,292,63
166,293,29
166,294,-16
166,295,39
166,296,59
166,297,51
166,298,-24
166,299,-83
167,0,-11
167,1,-16
167,2,83
167,3,53
167,4,95
167,5,26
167,6,-91
167,7,-1
167,8,-41
167,9,-93
167,10,87
167,11,-11
167,12,-38
167,13,38
167,14,82
167,15,31
167,16,81
167,17,-89
167,18,-36
167,19,-27
167,20,-85
167,21,-66
167,22,-76
167,23,80
167,24,-14
167,25,46
167,26,64
167,27,40
167,28,-90
167,29,-43
167,30,-71
167,31,-72
167,32,-18
167,33,8
167,34,-25
167,35,42
167,36,53
167,37,20
167,38,-42
167,39,81
167,40,-7
167,41,-1
167,42,59
167,43,82
167,44,-45
167,45,-40
167,46,-98
167,47,74
167,48,9
167,49,-27
167,50,-63
167,51,53
167,52,-72
167,53,-80
167,54,68
167,55,78
167,56,-38
167,57,39
167,58,42
167,59,44
167,60,-91
167,61,-78
167,62,-30
167,63,-14
167,64,-92
167,65,61
167,66,-91
167,67,26
167,68,-85
167,69,82
167,70,30
167,71,41
167,72,68
167,73,85
167,74,-82
167,75,86
167,76,-52
167,77,-91
167,78,38
167,79,-29
167,80,-23
167,81,81
167,82,-67
167,83,27
167,84,3
167,85,76
167,86,-22
167,87,-80
167,88,52
167,89,4
167,90,-40
167,91,85
167,92,49
167,93,90
167,94,-63
167,95,77
167,96,34
167,97,-3
167,98,2
167,99,-38
167,100,26
167,101,-70
167,102,13
167,103,-57
167,104,39
167,105,-73
167,106,51
167,107,-63
167,108,-50
167,109,84
167,110,-20
167,111,-71
167,112,37
167,113,-76
167,114,32
167,115,54
167,116,-11
167,117,-30
167,118,-77
167,119,-52
167,120,37
167,121,-75
167,122,67
167,123,83
167,124,97
167,125,38
167,126,97
167,127,50
167,128,49
167,129,-86
167,130,47
167,131,85
167,132,-84
167,133,-96
167,134,14
167,135,47
167,136,29
167,137,70
167,138,-10
167,139,-67
167,140,-26
167,141,-33
167,142,-11
167,143,2
167,144,28
167,145,48
167,146,-15
167,147,-85
167,148,-56
167,149,29
167,150,-96
167,151,44
167,152,-99
167,153,14
167,154,56
167,155,-78
167,156,-7
167,157,-100
167,158,71
167,159,3
167,160,-76
167,161,-15
167,162,26
167,163,51
167,164,52
167,165,-49
167,166,31
167,167,-12
167,168,-82
167,169,2
167,170,-69
167,171,1
167,172,78
167,173,-42
167,174,29
167,175,-99
167,176,11
167,177,8
167,178,-52
167,179,-81
167,180,95
167,181,-5
167,182,-30
167,183,-90
167,184,-81
167,185,84
167,186,-48
167,187,-73
167,188,-45
167,189,73
167,190,38
167,191,88
167,192,-93
167,193,-34
167,194,-33
167,195,-42
167,196,-84
167,197,-64
167,198,67
167,199,25
167,200,60
167,201,-21
167,202,-12
167,203,-41
167,204,-67
167,205,-90
167,206,-97
167,207,92
167,208,35
167,209,-83
167,210,-75
167,211,56
167,212,-38
167,213,89
167,214,-79
167,215,66
167,216,-88
167,217,91
167,218,57
167,219,-44
167,220,49
167,221,16
167,222,3
167,223,93
167,224,92
167,225,-52
167,226,97
167,227,46
167,228,-19
167,229,47
167,230,83
167,231,28
167,232,30
167,233,-51
167,234,9
167,235,69
167,236,75
167,237,85
167,238,8
167,239,84
167,240,64
167,241,-51
167,242,-18
167,243,-36
167,244,-67
167,245,-86
167,246,93
167,247,84
167,248,-58
167,249,25
167,250,-98
167,251,44
167,252,72
167,253,-49
167,254,20
167,255,-68
167,256,-49
167,257,-81
167,258,-72
167,259,-75
167,260,-42
167,261,52
167,262,37
167,263,34
167,264,-65
167,265,71
167,266,40
167,267,-10
167,268,58
167,269,21
167,270,-58
167,271,-77
167,272,94
167,273,-32
167,274,-38
167,275,-92
167,276,-81
167,277,82
167,278,-11
167,279,73
167,280,59
167,281,-46
167,282,-30
167,283,57
167,284,-1
167,285,-93
167,286,37
167,287,30
167,288,64
167,289,-41
167,290,72
167,291,-44
167,292,68
167,293,90
167,294,44
167,295,64
167,296,18
167,297,-20
167,298,1
167,299,-94
168,0,73
168,1,94
168,2,28
168,3,-34
168,4,-21
168,5,-2
168,6,-38
168,7,-29
168,8,-52
168,9,54
168,10,6
168,11,-60
168,12,7
168,13,-13
168,14,-31
168,15,87
168,16,-5
168,17,64
168,18,-73
168,19,-98
168,20,-67
168,21,-70
168,22,71
168,23,76
168,24,28
168,25,-60
168,26,10
168,27,24
168,28,1
168,29,-4
168,30,37
168,31,4
168,32,54
168,33,88
168,34,10
168,35,12
168,36,93
168,37,-48
168,38,0
168,39,-18
168,40,-89
168,41,-89
168,42,38
168,43,-75
168,44,-61
168,45,24
168,46,54
168,47,33
168,48,10
168,49,-51
168,50,-26
168,51,62
168,52,-60
168,53,20
168,54,63
168,55,68
168,56,-81
168,57,-88
168,58,-67
168,59,79
168,60,-53
168,61,-14
168,62,41
168,63,-61
168,64,96
168,65,1
168,66,50
168,67,4
168,68,-12
168,69,-66
168,70,86
168,71,-30
168,72,-46
168,73,-29
168,74,-79
168,75,-51
168,76,86
168,77,-72
168,78,-21
168,79,55
168,80,-99
168,81,51
168,82,-68
168,83,31
168,84,-95
168,85,72
168,86,-48
168,87,-36
168,88,85
168,89,72
168,90,-63
168,91,23
168,92,-14
168,93,30
168,94,75
168,95,88
168,96,46
168,97,-31
168,98,65
168,99,36
168,100,10
168,101,-61
168,102,78
168,103,-23
168,104,-85
168,105,-49
168,106,-23
168,107,-61
168,108,-22
168,109,-10
168,110,-82
168,111,-12
168,112,36
168,113,2
168,114,37
168,115,-25
168,116,88
168,117,-7
168,118,28
168,119,71
168,120,62
168,121,-45
168,122,-92
168,123,-24
168,124,61
168,125,87
168,126,-21
168,127,25
168,128,-44
168,129,76
168,130,-61
168,131,32
168,132,-54
168,133,52
168,134,56
168,135,-6
168,136,-8
168,137,-40
168,138,84
168,139,98
168,140,-45
168,141,62
168,142,-68
168,143,59
168,144,-73
168,145,-89
168,146,-95
168,147,-10
168,148,-15
168,149,42
168,150,-93
168,151,-21
168,152,82
168,153,-4
168,154,24
168,155,-78
168,156,-83
168,157,76
168,158,-3
168,159,-10
168,160,-33
168,161,69
168,162,4
168,163,-21
168,164,16
168,165,-74
168,166,-53
168,167,-93
168,168,-38
168,169,-68
168,170,-24
168,171,64
168,172,99
168,173,-37
168,174,76
168,175,-23
168,176,-86
168,177,-94
168,178,62
168,179,-40
168,180,1
168,181,-80
168,182,59
168,183,-94
168,184,15
168,185,76
168,186,10
168,187,-80
168,188,30
168,189,56
168,190,70
168,191,61
168,192,-67
168,193,83
168,194,-96
168,195,67
168,196,32
168,197,1
168,198,-22
168,199,-92
168,200,13
168,201,43
168,202,83
168,203,36
168,204,-47
168,205,99
168,206,-39
168,207,-76
168,208,51
168,209,-55
168,210,-79
168,211,-73
168,212,99
168,213,32
168,214,17
168,215,-5
168,216,-8
168,217,23
168,218,-50
168,219,-69
168,220,-6
168,221,-52
168,222,23
168,223,32
168,224,-51
168,225,-26
168,226,41
168,227,-81
168,228,26
168,229,-55
168,230,-1
168,231,-34
168,232,19
168,233,10
168,234,-12
168,235,81
168,236,95
168,237,97
168,238,54
168,239,-37
168,240,-52
168,241,66
168,242,-4
168,243,22
168,244,-57
168,245,-57
168,246,69
168,247,22
168,248,-21
168,249,-22
168,250,-1
168,251,-93
168,252,-21
168,253,91
168,254,-23
168,255,93
168,256,97
168,257,15
168,258,-72
168,259,6
168,260,-13
168,261,31
168,262,24
168,263,-13
168,264,63
168,265,-12
168,266,13
168,267,-28
168,268,35
168,269,77
168,270,-94
168,271,-36
168,272,-13
168,273,81
168,274,20
168,275,-31
168,276,-34
168,277,-27
168,278,32
168,279,42
168,280,15
168,281,-52
168,282,5
168,283,-78
168,284,-58
168,285,-16
168,286,75
168,287,-81
168,288,38
168,289,7
168,290,-88
168,291,37
168,292,7
168,293,96
168,294,-39
168,295,-12
168,296,-4
168,297,4
168,298,41
168,299,70
169,0,-47
169,1,-30
169,2,1
169,3,-12
169,4,6
169,5,7
169,6,-74
169,7,98
169,8,54
169,9,-41
169,10,48
169,11,96
169,12,88
169,13,39
169,14,24
169,15,21
169,16,-31
169,17,21
169,18,15
169,19,98
169,20,-46
169,21,57
169,22,13
169,23,-22
169,24,-86
169,25,48
169,26,93
169,27,-28
169,28,57
169,29,5
169,30,-57
169,31,41
169,32,-81
169,33,-55
169,34,8
169,35,-46
169,36,-45
169,37,-25
169,38,-14
169,39,-32
169,40,-56
169,41,-10
169,42,29
169,43,98
169,44,-7
169,45,-16
169,46,40
169,47,53
169,48,62
169,49,-99
169,50,-23
169,51,37
169,52,-33
169,53,-95
169,54,52
169,55,69
169,56,90
169,57,52
169,58,61
169,59,26
169,60,-97
169,61,67
169,62,-42
169,63,-18
169,64,-65
169,65,2
169,66,99
169,67,56
169,68,-30
169,69,-1
169,70,-82
169,71,-50
169,72,72
169,73,-51
169,74,-69
169,75,-42
169,76,49
169,77,12
169,78,-100
169,79,-46
169,80,91
169,81,23
169,82,64
169,83,-86
169,84,91
169,85,10
169,86,-25
169,87,-78
169,88,46
169,89,-20
169,90,79
169,91,11
169,92,43
169,93,50
169,94,22
169,95,-42
169,96,-100
169,97,-27
169,98,2
169,99,63
169,100,-34
169,101,-81
169,102,-65
169,103,76
169,104,22
169,105,49
169,106,28
169,107,-46
169,108,-13
169,109,50
169,110,49
169,111,18
169,112,-22
169,113,10
169,114,-34
169,115,-84
169,116,50
169,117,44
169,118,-85
169,119,-75
169,120,-67
169,121,-70
169,122,18
169,123,-19
169,124,-31
169,125,-47
169,126,-96
169,127,66
169,128,24
169,129,-56
169,130,57
169,131,-52
169,132,-28
169,133,66
169,134,57
169,135,-47
169,136,-5
169,137,-35
169,138,-34
169,139,-47
169,140,59
169,141,5
169,142,-69
169,143,-73
169,144,-47
169,145,12
169,146,36
169,147,23
169,148,-89
169,149,-15
169,150,46
169,151,28
169,152,-69
169,153,44
169,154,-92
169,155,97
169,156,-63
169,157,-96
169,158,47
169,159,13
169,160,-56
169,161,-97
169,162,-53
169,163,-76
169,164,-91
169,165,18
169,166,-52
169,167,-56
169,168,-89
169,169,-52
169,170,-57
169,171,-17
169,172,-53
169,173,-4
169,174,-63
169,175,-95
169,176,53
169,177,-71
169,178,-51
169,179,99
169,180,30
169,181,-37
169,182,-31
169,183,9
169,184,-97
169,185,-96
169,186,-98
169,187,79
169,188,-62
169,189,-57
169,190,-84
169,191,74
169,192,-8
169,193,4
169,194,46
169,195,-59
169,196,18
169,197,-14
169,198,47
169,199,25
169,200,40
169,201,-74
169,202,-41
169,203,-26
169,204,-92
169,205,-99
169,206,-30
169,207,-27
169,208,15
169,209,-99
169,210,94
169,211,24
169,212,-97
169,213,95
169,214,32
169,215,0
169,216,34
169,217,90
169,218,92
169,219,-59
169,220,-83
169,221,36
169,222,23
169,223,32
169,224,52
169,225,80
169,226,40
169,227,-39
169,228,-24
169,229,-8
169,230,-80
169,231,50
169,232,11
169,233,-82
169,234,5
169,235,68
169,236,15
169,237,22
169,238,-25
169,239,-99
169,240,-86
169,241,21
169,242,-63
169,243,-62
169,244,-17
169,245,-62
169,246,32
169,247,10
169,248,-28
169,249,94
169,250,59
169,251,5
169,252,88
169,253,97
169,254,-46
169,255,-78
169,256,-100
169,257,-47
169,258,82
169,259,99
169,260,-84
169,261,55
169,262,43
169,263,63
169,264,83
169,265,81
169,266,33
169,267,34
169,268,19
169,269,85
169,270,-96
169,271,-33
169,272,-20
169,273,70
169,274,-72
169,275,45
169,276,73
169,277,71
169,278,-82
169,279,-4
169,280,20
169,281,-5
169,282,-54
169,283,-95
169,284,72
169,285,44
169,286,-85
169,287,12
169,288,-90
169,289,-99
169,290,-7
169,291,-4
169,292,-15
169,293,64
169,294,0
169,295,3
169,296,-8
169,297,89
169,298,76
169,299,-17
170,0,-49
170,1,-14
170,2,80
170,3,67
170,4,28
170,5,-56
170,6,98
170,7,-14
170,8,-42
170,9,80
170,10,76
170,11,23
170,12,57
170,13,65
170,14,-85
170,15,19
170,16,-82
170,17,85
170,18,58
170,19,-52
170,20,-1
170,21,46
170,22,-79
170,23,91
170,24,-36
170,25,-60
170,26,-68
170,27,-3
170,28,84
170,29,-37
170,30,52
170,31,3
170,32,-79
170,33,-48
170,34,-80
170,35,91
170,36,-58
170,37,-2
170,38,-14
170,39,-59
170,40,50
170,41,10
170,42,-4
170,43,-61
170,44,-72
170,45,-11
170,46,47
170,47,4
170,48,80
170,49,-94
170,50,-65
170,51,10
170,52,2
170,53,-7
170,54,-6
170,55,96
170,56,-22
170,57,-49
170,58,4
170,59,3
170,60,20
170,61,9
170,62,-16
170,63,40
170,64,-67
170,65,71
170,66,-12
170,67,-16
170,68,-42
170,69,46
170,70,-27
170,71,-61
170,72,-3
170,73,-39
170,74,-59
170,75,64
170,76,-4
170,77,-7
170,78,-58
170,79,37
170,80,62
170,81,-4
170,82,-84
170,83,-24
170,84,0
170,85,-39
170,86,34
170,87,-39
170,88,-66
170,89,-39
170,90,-95
170,91,-11
170,92,-29
170,93,96
170,94,-1
170,95,52
170,96,68
170,97,-29
170,98,78
170,99,-40
170,100,57
170,101,-5
170,102,-58
170,103,-57
170,104,85
170,105,84
170,106,24
170,107,94
170,108,-61
170,109,-45
170,110,34
170,111,47
170,112,-12
170,113,-48
170,114,52
170,115,78
170,116,-36
170,117,21
170,118,90
170,119,-36
170,120,72
170,121,-9
170,122,-8
170,123,46
170,124,99
170,125,86
170,126,43
170,127,-11
170,128,64
170,129,-98
170,130,66
170,131,-47
170,132,-6
170,133,-61
170,134,-49
170,135,53
170,136,-2
170,137,-23
170,138,-80
170,139,-14
170,140,-49
170,141,14
170,142,11
170,143,-21
170,144,-35
170,145,-84
170,146,-86
170,147,-57
170,148,-47
170,149,15
170,150,64
170,151,-59
170,152,71
170,153,12
170,154,75
170,155,-84
170,156,69
170,157,43
170,158,28
170,159,23
170,160,-14
170,161,-5
170,162,65
170,163,12
170,164,-17
170,165,79
170,166,-98
170,167,51
170,168,51
170,169,-21
170,170,82
170,171,-98
170,172,47
170,173,-10
170,174,15
170,175,71
170,176,-52
170,177,95
170,178,-36
170,179,71
170,180,67
170,181,-70
170,182,26
170,183,78
170,184,74
170,185,-12
170,186,-83
170,187,-80
170,188,86
170,189,53
170,190,-45
170,191,-24
170,192,77
170,193,-88
170,194,-63
170,195,-63
170,196,-58
170,197,-12
170,198,72
170,199,-50
170,200,23
170,201,86
170,202,-16
170,203,43
170,204,92
170,205,-74
170,206,-69
170,207,88
170,208,-98
170,209,-80
170,210,44
170,211,60
170,212,15
170,213,-43
170,214,24
170,215,-37
170,216,-40
170,217,-96
170,218,-93
170,219,69
170,220,-5
170,221,35
170,222,10
170,223,88
170,224,54
170,225,22
170,226,66
170,227,-29
170,228,-90
170,229,-18
170,230,-54
170,231,-42
170,232,-19
170,233,-2
170,234,72
170,235,-26
170,236,-2
170,237,-11
170,238,59
170,239,55
170,240,32
170,241,60
170,242,-40
170,243,-29
170,244,-74
170,245,83
170,246,56
170,247,-69
170,248,46
170,249,53
170,250,-11
170,251,-64
170,252,-79
170,253,-15
170,254,-13
170,255,-49
170,256,-50
170,257,-83
170,258,16
170,259,-19
170,260,-72
170,261,-54
170,262,-4
170,263,16
170,264,62
170,265,-47
170,266,-25
170,267,-69
170,268,92
170,269,-75
170,270,94
170,271,43
170,272,46
170,273,98
170,274,-71
170,275,27
170,276,7
170,277,-30
170,278,92
170,279,36
170,280,74
170,281,-98
170,282,-24
170,283,-81
170,284,17
170,285,-25
170,286,-64
170,287,20
170,288,55
170,289,-12
170,290,99
170,291,68
170,292,-97
170,293,55
170,294,-58
170,295,-76
170,296,-5
170,297,-38
170,298,-89
170,299,-88
171,0,20
171,1,22
171,2,10
171,3,-43
171,4,-5
171,5,-77
171,6,63
171,7,-65
171,8,13
171,9,83
171,10,-34
171,11,92
171,12,99
171,13,96
171,14,61
171,15,6
171,16,62
171,17,93
171,18,63
171,19,-32
171,20,65
171,21,1
171,22,-82
171,23,-63
171,24,-39
171,25,-67
171,26,-5
171,27,22
171,28,-44
171,29,48
171,30,-35
171,31,7
171,32,17
171,33,39
171,34,60
171,35,79
171,36,-91
171,37,-13
171,38,20
171,39,55
171,40,10
171,41,12
171,42,-46
171,43,-6
171,44,-44
171,45,26
171,46,-77
171,47,-89
171,48,42
171,49,68
171,50,98
171,51,22
171,52,-69
171,53,-56
171,54,30
171,55,-9
171,56,14
171,57,-57
171,58,-78
171,59,44
171,60,-31
171,61,54
171,62,-48
171,63,65
171,64,40
171,65,-72
171,66,50
171,67,-75
171,68,22
171,69,-85
171,70,-50
171,71,90
171,72,-60
171,73,76
171,74,28
171,75,-92
171,76,7
171,77,-60
171,78,-56
171,79,-39
171,80,95
171,81,75
171,82,-8
171,83,-2
171,84,30
171,85,40
171,86,18
171,87,27
171,88,61
171,89,78
171,90,-97
171,91,-22
171,92,-37
171,93,63
171,94,38
171,95,26
171,96,-8
171,97,38
171,98,-71
171,99,13
171,100,90
171,101,-24
171,102,-55
171,103,-74
171,104,43
171,105,-15
171,106,15
171,107,-31
171,108,58
171,109,51
171,110,6
171,111,73
171,112,-54
171,113,-90
171,114,91
171,115,29
171,116,70
171,117,50
171,118,-62
171,119,4
171,120,-14
171,121,56
171,122,5
171,123,26
171,124,-36
171,125,66
171,126,34
171,127,64
171,128,46
171,129,-50
171,130,90
171,131,-99
171,132,9
171,133,29
171,134,2
171,135,61
171,136,-71
171,137,-73
171,138,-14
171,139,-35
171,140,-9
171,141,27
171,142,92
171,143,-91
171,144,34
171,145,20
171,146,-1
171,147,-77
171,148,51
171,149,-49
171,150,83
171,151,-21
171,152,5
171,153,-80
171,154,74
171,155,82
171,156,-21
171,157,66
171,158,-74
171,159,70
171,160,90
171,161,76
171,162,-29
171,163,-71
171,164,-80
171,165,25
171,166,-72
171,167,-2
171,168,97
171,169,96
171,170,-44
171,171,-68
171,172,-15
171,173,33
171,174,61
171,175,-73
171,176,89
171,177,-64
171,178,51
171,179,-8
171,180,-60
171,181,-100
171,182,90
171,183,66
171,184,-74
171,185,84
171,186,22
171,187,-86
171,188,72
171,189,-65
171,190,39
171,191,-25
171,192,60
171,193,25
171,194,-16
171,195,93
171,196,78
171,197,1
171,198,36
171,199,71
171,200,77
171,201,-81
171,202,76
171,203,-52
171,204,-72
171,205,81
171,206,77
171,207,-46
171,208,-14
171,209,-76
171,210,17
171,211,-5
171,212,57
171,213,-73
171,214,-5
171,215,45
171,216,-3
171,217,-1
171,218,-59
171,219,53
171,220,-35
171,221,90
171,222,78
171,223,98
171,224,46
171,225,-90
171,226,-93
171,227,74
171,228,-76
171,229,-78
171,230,-81
171,231,32
171,232,1
171,233,40
171,234,-14
171,235,27
171,236,-1
171,237,60
171,238,-48
171,239,-37
171,240,-85
171,241,-95
171,242,-81
171,243,-50
171,244,22
171,245,93
171,246,3
171,247,48
171,248,-14
171,249,49
171,250,65
171,251,-12
171,252,-26
171,253,71
171,254,-74
171,255,-36
171,256,43
171,257,98
171,258,53
171,259,-41
171,260,99
171,261,72
171,262,58
171,263,46
171,264,-23
171,265,-25
171,266,2
171,267,51
171,268,11
171,269,76
171,270,-90
171,271,68
171,272,-96
171,273,83
171,274,31
171,275,-74
171,276,-55
171,277,-81
171,278,-46
171,279,18
171,280,55
171,281,-69
171,282,15
171,283,-40
171,284,96
171,285,29
171,286,-39
171,287,93
171,288,-29
171,289,5
171,290,57
171,291,40
171,292,-49
171,293,-20
171,294,19
171,295,-41
171,296,-84
171,297,-36
171,298,-50
171,299,-44
172,0,10
172,1,7
172,2,24
172,3,-63
172,4,-81
172,5,97
172,6,-98
172,7,17
172,8,-93
172,9,34
172,10,-30
172,11,-33
172,12,59
172,13,14
172,14,-41
172,15,30
172,16,35
172,17,-19
172,18,-98
172,19,-89
172,20,-43
172,21,11
172,22,55
172,23,13
172,24,-20
172,25,-45
172,26,-71
172,27,-57
172,28,30
172,29,51
172,30,-23
172,31,89
172,32,77
172,33,41
172,34,-49
172,35,87
172,36,-10
172,37,46
172,38,82
172,39,-23
172,40,-21
172,41,-73
172,42,96
172,43,5
172,44,-53
172,45,-32
172,46,88
172,47,16
172,48,-68
172,49,22
172,50,42
172,51,85
172,52,64
172,53,-35
172,54,-80
172,55,-15
172,56,-14
172,57,-85
172,58,-31
172,59,-26
172,60,81
172,61,68
172,62,-36
172,63,-43
172,64,-38
172,65,-8
172,66,65
172,67,-71
172,68,-73
172,69,-78
172,70,-46
172,71,26
172,72,-25
172,73,32
172,74,30
172,75,5
172,76,-17
172,77,-41
172,78,-34
172,79,79
172,80,-1
172,81,-18
172,82,-34
172,83,-23
172,84,-2
172,85,58
172,86,66
172,87,30
172,88,-41
172,89,40
172,90,-88
172,91,66
172,92,-23
172,93,97
172,94,-15
172,95,78
172,96,62
172,97,-65
172,98,18
172,99,15
172,100,62
172,101,13
172,102,-43
172,103,-23
172,104,55
172,105,72
172,106,82
172,107,55
172,108,-83
172,109,66
172,110,-13
172,111,17
172,112,87
172,113,-91
172,114,-75
172,115,35
172,116,24
172,117,-27
172,118,88
172,119,-79
172,120,60
172,121,-71
172,122,77
172,123,58
172,124,-34
172,125,-57
172,126,-40
172,127,17
172,128,-6
172,129,-60
172,130,-9
172,131,76
172,132,60
172,133,-18
172,134,-96
172,135,96
172,136,-85
172,137,-27
172,138,-75
172,139,-73
172,140,-22
172,141,-4
172,142,84
172,143,57
172,144,-31
172,145,-43
172,146,-93
172,147,38
172,148,-39
172,149,-90
172,150,-15
172,151,89
172,152,70
172,153,-57
172,154,-92
172,155,-82
172,156,-72
172,157,8
172,158,33
172,159,20
172,160,89
172,161,-23
172,162,-40
172,163,15
172,164,89
172,165,-46
172,166,-64
172,167,16
172,168,-58
172,169,52
172,170,-93
172,171,-67
172,172,61
172,173,-39
172,174,-27
172,175,47
172,176,77
172,177,24
172,178,-45
172,179,48
172,180,-1
172,181,51
172,182,-28
172,183,92
172,184,70
172,185,28
172,186,92
172,187,-13
172,188,-80
172,189,25
172,190,-100
172,191,-13
172,192,14
172,193,34
172,194,13
172,195,-96
172,196,-61
172,197,-16
172,198,68
172,199,34
172,200,-36
172,201,-49
172,202,-68
172,203,-34
172,204,18
172,205,-36
172,206,57
172,207,34
172,208,-30
172,209,70
172,210,38
172,211,-68
172,212,92
172,213,-64
172,214,-63
172,215,51
172,216,46
172,217,-62
172,218,-21
172,219,23
172,220,38
172,221,46
172,222,33
172,223,28
172,224,22
172,225,-35
172,226,42
172,227,-26
172,228,91
172,229,-93
172,230,-79
172,231,47
172,232,19
172,233,37
172,234,-85
172,235,-50
172,236,-58
172,237,-82
172,238,-52
172,239,-40
172,240,-91
172,241,-2
172,242,95
172,243,71
172,244,-82
172,245,-12
172,246,78
172,247,-15
172,248,13
172,249,-37
172,250,-99
172,251,-41
172,252,-20
172,253,81
172,254,23
172,255,32
172,256,92
172,257,-96
172,258,-26
172,259,41
172,260,87
172,261,89
172,262,-91
172,263,99
172,264,36
172,265,26
172,266,-85
172,267,-90
172,268,-4
172,269,24
172,270,41
172,271,88
172,272,-23
172,273,-26
172,274,53
172,275,-62
172,276,1
172,277,-65
172,278,67
172,279,42
172,280,88
172,281,-50
172,282,15
172,283,17
172,284,-25
172,285,64
172,286,-67
172,287,78
172,288,-29
172,289,97
172,290,75
172,291,90
172,292,24
172,293,-14
172,294,-15
172,295,-58
172,296,-76
172,297,5
172,298,63
172,299,-66
173,0,-56
173,1,-77
173,2,30
173,3,93
173,4,-8
173,5,-83
173,6,-72
173,7,-88
173,8,-32
173,9,-5
173,10,96
173,11,48
173,12,-13
173,13,-64
173,14,-21
173,15,62
173,16,80
173,17,-61
173,18,-57
173,19,69
173,20,-34
173,21,10
173,22,-73
173,23,-92
173,24,-76
173,25,-76
173,26,-32
173,27,62
173,28,29
173,29,-69
173,30,-76
173,31,-18
173,32,-33
173,33,-45
173,34,-38
173,35,63
173,36,77
173,37,-80
173,38,81
173,39,80
173,40,27
173,41,-28
173,42,-33
173,43,75
173,44,19
173,45,83
173,46,5
173,47,-98
173,48,16
173,49,48
173,50,-43
173,51,-92
173,52,-54
173,53,10
173,54,46
173,55,46
173,56,94
173,57,97
173,58,-57
173,59,-17
173,60,-54
173,61,49
173,62,-67
173,63,58
173,64,13
173,65,-42
173,66,11
173,67,-45
173,68,3
173,69,-21
173,70,13
173,71,-64
173,72,35
173,73,-49
173,74,43
173,75,-100
173,76,-91
173,77,-75
173,78,67
173,79,-10
173,80,-71
173,81,33
173,82,-8
173,83,68
173,84,-87
173,85,93
173,86,57
173,87,-9
173,88,58
173,89,13
173,90,-10
173,91,63
173,92,52
173,93,83
173,94,76
173,95,71
173,96,-54
173,97,-6
173,98,48
173,99,81
173,100,68
173,101,36
173,102,-8
173,103,56
173,104,0
173,105,27
173,106,-9
173,107,-48
173,108,41
173,109,-58
173,110,-42
173,111,17
173,112,-100
173,113,1
173,114,-56
173,115,-93
173,116,17
173,117,-42
173,118,10
173,119,-47
173,120,88
173,121,9
173,122,-43
173,123,11
173,124,-23
173,125,-18
173,126,-62
173,127,42
173,128,40
173,129,69
173,130,47
173,131,-39
173,132,-47
173,133,8
173,134,87
173,135,-30
173,136,-39
173,137,-76
173,138,44
173,139,-57
173,140,-37
173,141,62
173,142,56
173,143,12
173,144,65
173,145,85
173,146,-61
173,147,23
173,148,-13
173,149,-76
173,150,-19
173,151,64
173,152,27
173,153,-96
173,154,-70
173,155,88
173,156,-40
173,157,-67
173,158,21
173,159,-34
173,160,-92
173,161,-25
173,162,24
173,163,89
173,164,-40
173,165,-52
173,166,-96
173,167,-51
173,168,-55
173,169,-40
173,170,66
173,171,84
173,172,34
173,173,86
173,174,-16
173,175,30
173,176,-47
173,177,93
173,178,-21
173,179,-5
173,180,44
173,181,62
173,182,-51
173,183,19
173,184,-14
173,185,-34
173,186,0
173,187,-57
173,188,89
173,189,-19
173,190,91
173,191,-79
173,192,95
173,193,20
173,194,1
173,195,0
173,196,32
173,197,-25
173,198,-15
173,199,7
173,200,48
173,201,19
173,202,-5
173,203,-8
173,204,-10
173,205,21
173,206,96
173,207,9
173,208,44
173,209,-40
173,210,-10
173,211,-81
173,212,-14
173,213,30
173,214,-20
173,215,-2
173,216,-11
173,217,78
173,218,-4
173,219,-76
173,220,-90
173,221,-33
173,222,-4
173,223,-27
173,224,19
173,225,31
173,226,39
173,227,71
173,228,-98
173,229,39
173,230,-89
173,231,29
173,232,-20
173,233,95
173,234,20
173,235,40
173,236,79
173,237,-96
173,238,20
173,239,-52
173,240,-83
173,241,73
173,242,-60
173,243,24
173,244,85
173,245,34
173,246,39
173,247,71
173,248,68
173,249,-4
173,250,-99
173,251,19
173,252,19
173,253,-53
173,254,-87
173,255,42
173,256,-28
173,257,-76
173,258,70
173,259,70
173,260,17
173,261,9
173,262,-57
173,263,-54
173,264,-74
173,265,38
173,266,39
173,267,96
173,268,-52
173,269,91
173,270,-95
173,271,-92
173,272,14
173,273,0
173,274,-39
173,275,-55
173,276,40
173,277,87
173,278,87
173,279,-98
173,280,-54
173,281,-58
173,282,63
173,283,-23
173,284,38
173,285,-52
173,286,-42
173,287,-89
173,288,64
173,289,93
173,290,-66
173,291,-54
173,292,-51
173,293,6
173,294,-70
173,295,40
173,296,60
173,297,84
173,298,-74
173,299,24
174,0,-21
174,1,48
174,2,30
174,3,78
174,4,-25
174,5,-25
174,6,-41
174,7,-78
174,8,58
174,9,-17
174,10,-41
174,11,-78
174,12,-37
174,13,3
174,14,-12
174,15,-38
174,16,38
174,17,76
174,18,7
174,19,-94
174,20,-63
174,21,-91
174,22,78
174,23,63
174,24,43
174,25,60
174,26,62
174,27,-23
174,28,-14
174,29,-59
174,30,-60
174,31,-59
174,32,86
174,33,17
174,34,-95
174,35,9
174,36,98
174,37,74
174,38,22
174,39,-19
174,40,-2
174,41,-44
174,42,96
174,43,5
174,44,-71
174,45,-38
174,46,-56
174,47,80
174,48,-8
174,49,48
174,50,72
174,51,53
174,52,-29
174,53,49
174,54,-51
174,55,-45
174,56,-78
174,57,71
174,58,-72
174,59,-82
174,60,-89
174,61,-80
174,62,61
174,63,54
174,64,96
174,65,-67
174,66,73
174,67,13
174,68,38
174,69,88
174,70,-70
174,71,63
174,72,6
174,73,-50
174,74,17
174,75,-75
174,76,-93
174,77,-89
174,78,1
174,79,97
174,80,-79
174,81,-68
174,82,-59
174,83,-21
174,84,11
174,85,47
174,86,15
174,87,58
174,88,39
174,89,82
174,90,-39
174,91,-33
174,92,93
174,93,-22
174,94,24
174,95,-30
174,96,9
174,97,78
174,98,58
174,99,81
174,100,-94
174,101,19
174,102,28
174,103,-78
174,104,-6
174,105,-48
174,106,-2
174,107,43
174,108,8
174,109,-52
174,110,-23
174,111,86
174,112,32
174,113,-65
174,114,-25
174,115,-45
174,116,52
174,117,86
174,118,50
174,119,-66
174,120,-13
174,121,-6
174,122,5
174,123,-34
174,124,-33
174,125,-16
174,126,-25
174,127,9
174,128,-60
174,129,46
174,130,-72
174,131,-66
174,132,-61
174,133,-3
174,134,7
174,135,55
174,136,11
174,137,-19
174,138,88
174,139,57
174,140,61
174,141,42
174,142,-12
174,143,-66
174,144,84
174,145,38
174,146,37
174,147,2
174,148,-98
174,149,-68
174,150,27
174,151,10
174,152,-99
174,153,64
174,154,-81
174,155,20
174,156,75
174,157,77
174,158,-77
174,159,61
174,160,-96
174,161,-63
174,162,-38
174,163,59
174,164,-96
174,165,19
174,166,-65
174,167,59
174,168,-91
174,169,-80
174,170,-56
174,171,-46
174,172,-80
174,173,-2
174,174,-99
174,175,-76
174,176,-79
174,177,-40
174,178,-96
174,179,-43
174,180,-36
174,181,-53
174,182,69
174,183,-93
174,184,84
174,185,-42
174,186,-43
174,187,-51
174,188,-68
174,189,72
174,190,93
174,191,2
174,192,21
174,193,72
174,194,41
174,195,-57
174,196,-7
174,197,-66
174,198,-87
174,199,57
174,200,-94
174,201,-41
174,202,-34
174,203,44
174,204,-48
174,205,-57
174,206,75
174,207,-68
174,208,4
174,209,-37
174,210,-75
174,211,-36
174,212,99
174,213,98
174,214,49
174,215,94
174,216,54
174,217,46
174,218,95
174,219,-64
174,220,-77
174,221,-23
174,222,-23
174,223,-30
174,224,-66
174,225,-59
174,226,-9
174,227,-83
174,228,-47
174,229,26
174,230,-84
174,231,99
174,232,-45
174,233,50
174,234,-49
174,235,-71
174,236,36
174,237,94
174,238,-8
174,239,57
174,240,77
174,241,-37
174,242,16
174,243,10
174,244,-70
174,245,-30
174,246,51
174,247,-38
174,248,-59
174,249,-45
174,250,3
174,251,68
174,252,-93
174,253,-68
174,254,82
174,255,-80
174,256,-1
174,257,27
174,258,-71
174,259,3
174,260,58
174,261,68
174,262,-14
174,263,14
174,264,77
174,265,28
174,266,79
174,267,18
174,268,69
174,269,-36
174,270,1
174,271,-18
174,272,-75
174,273,-70
174,274,70
174,275,-88
174,276,28
174,277,-33
174,278,-88
174,279,10
174,280,-70
174,281,-5
174,282,-50
174,283,-29
174,284,26
174,285,-23
174,286,44
174,287,56
174,288,55
174,289,-23
174,290,12
174,291,67
174,292,38
174,293,91
174,294,-35
174,295,-71
174,296,-46
174,297,-1
174,298,-82
174,299,-3
175,0,-20
175,1,-90
175,2,-64
175,3,65
175,4,-2
175,5,-35
175,6,-47
175,7,1
175,8,34
175,9,-89
175,10,-45
175,11,-93
175,12,31
175,13,56
175,14,10
175,15,-34
175,16,-90
175,17,6
175,18,-68
175,19,-9
175,20,63
175,21,-74
175,22,-66
175,23,-24
175,24,92
175,25,63
175,26,-79
175,27,58
175,28,-98
175,29,-22
175,30,-53
175,31,17
175,32,-49
175,33,-66
175,34,26
175,35,53
175,36,-95
175,37,-17
175,38,-46
175,39,56
175,40,-4
175,41,80
175,42,20
175,43,-5
175,44,-82
175,45,-8
175,46,39
175,47,48
175,48,-78
175,49,-65
175,50,-33
175,51,-84
175,52,-53
175,53,-15
175,54,49
175,55,41
175,56,36
175,57,11
175,58,-73
175,59,95
175,60,-19
175,61,54
175,62,74
175,63,29
175,64,-71
175,65,40
175,66,49
175,67,-39
175,68,51
175,69,36
175,70,-6
175,71,37
175,72,91
175,73,53
175,74,17
175,75,-52
175,76,-97
175,77,-90
175,78,49
175,79,-23
175,80,-63
175,81,-41
175,82,46
175,83,-97
175,84,80
175,85,97
175,86,-20
175,87,6
175,88,63
175,89,34
175,90,32
175,91,59
175,92,-59
175,93,-87
175,94,-89
175,95,-43
175,96,-45
175,97,53
175,98,14
175,99,35
175,100,-94
175,101,32
175,102,-71
175,103,-26
175,104,-69
175,105,-12
175,106,-44
175,107,-73
175,108,-5
175,109,-95
175,110,25
175,111,48
175,112,-48
175,113,33
175,114,-97
175,115,-81
175,116,33
175,117,-76
175,118,13
175,119,10
175,120,71
175,121,84
175,122,-83
175,123,10
175,124,24
175,125,90
175,126,74
175,127,-8
175,128,-36
175,129,59
175,130,-52
175,131,99
175,132,64
175,133,0
175,134,-51
175,135,48
175,136,46
175,137,10
175,138,50
175,139,-11
175,140,57
175,141,-59
175,142,-62
175,143,66
175,144,70
175,145,-49
175,146,-67
175,147,17
175,148,91
175,149,5
175,150,87
175,151,53
175,152,-67
175,153,-15
175,154,-52
175,155,-70
175,156,90
175,157,-1
175,158,15
175,159,33
175,160,-48
175,161,-91
175,162,79
175,163,86
175,164,61
175,165,41
175,166,-5
175,167,-82
175,168,73
175,169,-5
175,170,67
175,171,-52
175,172,62
175,173,-86
175,174,-61
175,175,-76
175,176,87
175,177,17
175,178,-27
175,179,36
175,180,-99
175,181,97
175,182,78
175,183,83
175,184,-72
175,185,37
175,186,24
175,187,-42
175,188,5
175,189,-41
175,190,-96
175,191,33
175,192,34
175,193,-31
175,194,-19
175,195,94
175,196,37
175,197,-60
175,198,52
175,199,-74
175,200,34
175,201,-35
175,202,63
175,203,-86
175,204,95
175,205,43
175,206,45
175,207,-96
175,208,90
175,209,34
175,210,-2
175,211,-57
175,212,69
175,213,-1
175,214,55
175,215,74
175,216,-93
175,217,5
175,218,44
175,219,59
175,220,-2
175,221,-82
175,222,39
175,223,-71
175,224,-9
175,225,82
175,226,-91
175,227,-93
175,228,-81
175,229,45
175,230,-20
175,231,-12
175,232,85
175,233,93
175,234,48
175,235,76
175,236,0
175,237,-16
175,238,23
175,239,94
175,240,-70
175,241,-92
175,242,38
175,243,67
175,244,-24
175,245,81
175,246,-13
175,247,69
175,248,16
175,249,96
175,250,81
175,251,-83
175,252,4
175,253,-68
175,254,29
175,255,-5
175,256,-40
175,257,-55
175,258,-85
175,259,-56
175,260,-22
175,261,24
175,262,19
175,263,-36
175,264,93
175,265,31
175,266,53
175,267,45
175,268,-33
175,269,23
175,270,37
175,271,-63
175,272,-43
175,273,-99
175,274,6
175,275,78
175,276,-7
175,277,-66
175,278,53
175,279,79
175,280,-26
175,281,15
175,282,53
175,283,45
175,284,67
175,285,-14
175,286,-9
175,287,64
175,288,-40
175,289,88
175,290,-82
175,291,-24
175,292,-91
175,293,-69
175,294,85
175,295,-24
175,296,93
175,297,-7
175,298,53
175,299,58
176,0,-60
176,1,-100
176,2,1
176,3,-78
176,4,-33
176,5,-31
176,6,27
176,7,47
176,8,99
176,9,-85
176,10,-21
176,11,75
176,12,-31
176,13,-98
176,14,22
176,15,75
176,16,6
176,17,55
176,18,18
176,19,-73
176,20,88
176,21,29
176,22,49
176,23,55
176,24,20
176,25,-33
176,26,-58
176,27,99
176,28,-54
176,29,-42
176,30,-38
176,31,5
176,32,18
176,33,-56
176,34,-95
176,35,-37
176,36,-100
176,37,84
176,38,-49
176,39,53
176,40,-86
176,41,-65
176,42,14
176,43,-55
176,44,-61
176,45,-38
176,46,-86
176,47,21
176,48,-88
176,49,25
176,50,52
176,51,-100
176,52,-68
176,53,3
176,54,-87
176,55,-61
176,56,92
176,57,-95
176,58,18
176,59,88
176,60,92
176,61,-52
176,62,61
176,63,-69
176,64,-48
176,65,0
176,66,50
176,67,15
176,68,-2
176,69,-3
176,70,-62
176,71,73
176,72,-19
176,73,-50
176,74,-66
176,75,-24
176,76,-54
176,77,-25
176,78,28
176,79,-78
176,80,-16
176,81,99
176,82,-99
176,83,-69
176,84,-45
176,85,65
176,86,7
176,87,-26
176,88,-15
176,89,38
176,90,88
176,91,-46
176,92,-51
176,93,46
176,94,20
176,95,97
176,96,7
176,97,-80
176,98,-56
176,99,12
176,100,28
176,101,-43
176,102,48
176,103,93
176,104,-45
176,105,-23
176,106,36
176,107,-49
176,108,33
176,109,-75
176,110,18
176,111,27
176,112,-11
176,113,39
176,114,70
176,115,99
176,116,-1
176,117,88
176,118,-31
176,119,-64
176,120,83
176,121,-94
176,122,55
176,123,-83
176,124,-24
176,125,-92
176,126,98
176,127,-15
176,128,-27
176,129,-89
176,130,43
176,131,-72
176,132,-64
176,133,23
176,134,-81
176,135,40
176,136,18
176,137,1
176,138,49
176,139,86
176,140,46
176,141,58
176,142,-1
176,143,-12
176,144,-36
176,145,-85
176,146,6
176,147,-15
176,148,-4
176,149,88
176,150,-68
176,151,-67
176,152,49
176,153,-99
176,154,50
176,155,-20
176,156,93
176,157,-52
176,158,9
176,159,-48
176,160,26
176,161,21
176,162,56
176,163,86
176,164,-58
176,165,-63
176,166,26
176,167,-21
176,168,4
176,169,74
176,170,-22
176,171,6
176,172,-21
176,173,-50
176,174,-33
176,175,14
176,176,45
176,177,-30
176,178,-39
176,179,49
176,180,10
176,181,53
176,182,71
176,183,-71
176,184,13
176,185,-75
176,186,-6
176,187,-4
176,188,-97
176,189,97
176,190,-44
176,191,-32
176,192,-20
176,193,47
176,194,-30
176,195,-74
176,196,43
176,197,95
176,198,3
176,199,-67
176,200,90
176,201,29
176,202,8
176,203,47
176,204,88
176,205,-29
176,206,-63
176,207,2
176,208,98
176,209,90
176,210,-38
176,211,83
176,212,-47
176,213,62
176,214,17
176,215,88
176,216,94
176,217,94
176,218,-24
176,219,-53
176,220,-24
176,221,2
176,222,-15
176,223,-29
176,224,4
176,225,72
176,226,43
176,227,-46
176,228,59
176,229,18
176,230,54
176,231,50
176,232,90
176,233,-11
176,234,23
176,235,40
176,236,-19
176,237,-3
176,238,-98
176,239,-84
176,240,84
176,241,72
176,242,86
176,243,98
176,244,-57
176,245,98
176,246,-87
176,247,-25
176,248,66
176,249,-13
176,250,91
176,251,34
176,252,-15
176,253,54
176,254,-4
176,255,53
176,256,64
176,257,1
176,258,28
176,259,26
176,260,49
176,261,-72
176,262,-67
176,263,25
176,264,-76
176,265,-38
176,266,92
176,267,-18
176,268,-99
176,269,89
176,270,-38
176,271,-70
176,272,98
176,273,-11
176,274,71
176,275,-13
176,276,26
176,277,30
176,278,-21
176,279,-17
176,280,64
176,281,-57
176,282,51
176,283,-58
176,284,-58
176,285,-10
176,286,-97
176,287,19
176,288,93
176,289,-85
176,290,54
176,291,-31
176,292,-47
176,293,-54
176,294,-76
176,295,62
176,296,-14
176,297,86
176,298,20
176,299,-66
177,0,49
177,1,65
177,2,55
177,3,-97
177,4,-81
177,5,-24
177,6,44
177,7,-24
177,8,-61
177,9,23
177,10,79
177,11,-3
177,12,35
177,13,57
177,14,-56
177,15,66
177,16,34
177,17,7
177,18,-7
177,19,50
177,20,-44
177,21,-97
177,22,87
177,23,86
177,24,-83
177,25,-69
177,26,4
177,27,70
177,28,-60
177,29,98
177,30,-95
177,31,55
177,32,66
177,33,-90
177,34,-29
177,35,55
177,36,-12
177,37,-90
177,38,80
177,39,3
177,40,91
177,41,74
177,42,-49
177,43,74
177,44,-7
177,45,-61
177,46,-16
177,47,56
177,48,78
177,49,-25
177,50,66
177,51,24
177,52,-46
177,53,-41
177,54,39
177,55,-68
177,56,-17
177,57,61
177,58,-73
177,59,44
177,60,-15
177,61,-26
177,62,-100
177,63,87
177,64,66
177,65,27
177,66,69
177,67,-30
177,68,86
177,69,19
177,70,66
177,71,-36
177,72,-90
177,73,-77
177,74,24
177,75,66
177,76,-93
177,77,-34
177,78,-50
177,79,37
177,80,-42
177,81,-38
177,82,-64
177,83,-94
177,84,47
177,85,-33
177,86,66
177,87,-1
177,88,-67
177,89,-31
177,90,44
177,91,-69
177,92,-83
177,93,-81
177,94,-88
177,95,-54
177,96,-1
177,97,-99
177,98,69
177,99,31
177,100,34
177,101,48
177,102,-55
177,103,0
177,104,-22
177,105,56
177,106,7
177,107,98
177,108,-63
177,109,-2
177,110,-26
177,111,-95
177,112,76
177,113,87
177,114,79
177,115,99
177,116,58
177,117,26
177,118,42
177,119,-78
177,120,27
177,121,-20
177,122,64
177,123,-52
177,124,3
177,125,-1
177,126,26
177,127,18
177,128,11
177,129,40
177,130,-57
177,131,-35
177,132,71
177,133,-53
177,134,-81
177,135,34
177,136,-49
177,137,85
177,138,50
177,139,59
177,140,-77
177,141,7
177,142,4
177,143,98
177,144,53
177,145,11
177,146,-76
177,147,42
177,148,-62
177,149,-39
177,150,55
177,151,-26
177,152,2
177,153,-29
177,154,-59
177,155,-71
177,156,-66
177,157,-20
177,158,-20
177,159,-57
177,160,-74
177,161,91
177,162,-87
177,163,-100
177,164,-24
177,165,82
177,166,-62
177,167,69
177,168,-53
177,169,-95
177,170,-60
177,171,-56
177,172,32
177,173,68
177,174,-80
177,175,-77
177,176,-1
177,177,55
177,178,69
177,179,-35
177,180,-78
177,181,-27
177,182,-14
177,183,78
177,184,-86
177,185,51
177,186,-29
177,187,-9
177,188,56
177,189,-58
177,190,-91
177,191,64
177,192,-68
177,193,91
177,194,70
177,195,27
177,196,-22
177,197,57
177,198,15
177,199,-95
177,200,-13
177,201,-43
177,202,-85
177,203,39
177,204,48
177,205,21
177,206,92
177,207,-30
177,208,39
177,209,-66
177,210,-16
177,211,71
177,212,-91
177,213,50
177,214,78
177,215,8
177,216,-16
177,217,55
177,218,-48
177,219,-5
177,220,37
177,221,-25
177,222,68
177,223,-22
177,224,-71
177,225,50
177,226,-85
177,227,-75
177,228,-22
177,229,84
177,230,-96
177,231,38
177,232,-58
177,233,-61
177,234,53
177,235,-29
177,236,-81
177,237,-86
177,238,-50
177,239,83
177,240,-33
177,241,93
177,242,56
177,243,58
177,244,21
177,245,-6
177,246,50
177,247,-68
177,248,10
177,249,15
177,250,-79
177,251,-20
177,252,-82
177,253,-76
177,254,-97
177,255,53
177,256,1
177,257,-85
177,258,-9
177,259,8
177,260,88
177,261,-80
177,262,-44
177,263,47
177,264,-87
177,265,96
177,266,-27
177,267,24
177,268,-16
177,269,-13
177,270,70
177,271,46
177,272,-63
177,273,40
177,274,-13
177,275,6
177,276,-62
177,277,-63
177,278,-81
177,279,-47
177,280,-89
177,281,-89
177,282,-76
177,283,-17
177,284,45
177,285,-29
177,286,-57
177,287,-18
177,288,-96
177,289,-1
177,290,-76
177,291,65
177,292,-38
177,293,-6
177,294,7
177,295,-87
177,296,-32
177,297,21
177,298,-61
177,299,-44
178,0,-57
178,1,-37
178,2,-95
178,3,-18
178,4,-34
178,5,-27
178,6,-26
178,7,-92
178,8,4
178,9,-29
178,10,34
178,11,-58
178,12,-5
178,13,-34
178,14,9
178,15,-72
178,16,-62
178,17,26
178,18,60
178,19,-76
178,20,88
178,21,-10
178,22,-44
178,23,81
178,24,-29
178,25,5
178,26,-100
178,27,55
178,28,-63
178,29,-5
178,30,-88
178,31,-42
178,32,34
178,33,-42
178,34,-91
178,35,-10
178,36,81
178,37,68
178,38,82
178,39,34
178,40,-83
178,41,82
178,42,77
178,43,-68
178,44,-71
178,45,82
178,46,15
178,47,-3
178,48,87
178,49,-47
178,50,-69
178,51,23
178,52,4
178,53,57
178,54,84
178,55,-9
178,56,-3
178,57,-4
178,58,26
178,59,-40
178,60,76
178,61,62
178,62,90
178,63,-61
178,64,35
178,65,-7
178,66,-30
178,67,-94
178,68,16
178,69,22
178,70,-48
178,71,67
178,72,90
178,73,58
178,74,-69
178,75,47
178,76,-71
178,77,46
178,78,55
178,79,58
178,80,89
178,81,44
178,82,-77
178,83,-53
178,84,9
178,85,57
178,86,23
178,87,59
178,88,-54
178,89,-94
178,90,2
178,91,41
178,92,-57
178,93,98
178,94,86
178,95,-80
178,96,-21
178,97,3
178,98,-63
178,99,-30
178,100,-29
178,101,-99
178,102,-80
178,103,-35
178,104,-43
178,105,-73
178,106,56
178,107,-36
178,108,-64
178,109,24
178,110,-20
178,111,69
178,112,84
178,113,65
178,114,-93
178,115,-14
178,116,96
178,117,-49
178,118,52
178,119,-9
178,120,-12
178,121,58
178,122,-15
178,123,18
178,124,-45
178,125,68
178,126,49
178,127,77
178,128,13
178,129,41
178,130,-67
178,131,-38
178,132,56
178,133,10
178,134,-49
178,135,59
178,136,39
178,137,-58
178,138,-47
178,139,20
178,140,45
178,141,2
178,142,26
178,143,-70
178,144,83
178,145,-30
178,146,-53
178,147,-2
178,148,1
178,149,-52
178,150,95
178,151,-24
178,152,50
178,153,46
178,154,-30
178,155,-60
178,156,71
178,157,59
178,158,20
178,159,-47
178,160,7
178,161,81
178,162,-66
178,163,66
178,164,-72
178,165,38
178,166,93
178,167,59
178,168,27
178,169,-63
178,170,80
178,171,-29
178,172,-95
178,173,-18
178,174,-87
178,175,-61
178,176,-55
178,177,-40
178,178,70
178,179,42
178,180,98
178,181,-94
178,182,73
178,183,-21
178,184,91
178,185,-20
178,186,34
178,187,-58
178,188,-31
178,189,37
178,190,-12
178,191,9
178,192,52
178,193,87
178,194,-25
178,195,-83
178,196,-61
178,197,78
178,198,52
178,199,-74
178,200,-76
178,201,-38
178,202,-50
178,203,-16
178,204,39
178,205,81
178,206,67
178,207,-96
178,208,2
178,209,41
178,210,-13
178,211,4
178,212,-55
178,213,40
178,214,-98
178,215,-80
178,216,8
178,217,-44
178,218,85
178,219,-13
178,220,38
178,221,-71
178,222,67
178,223,85
178,224,-62
178,225,84
178,226,36
178,227,-26
178,228,-58
178,229,-94
178,230,-39
178,231,-93
178,232,-41
178,233,82
178,234,93
178,235,89
178,236,-35
178,237,-42
178,238,-58
178,239,-25
178,240,31
178,241,-14
178,242,-100
178,243,-85
178,244,-20
178,245,46
178,246,-17
178,247,-46
178,248,68
178,249,-17
178,250,63
178,251,52
178,252,-6
178,253,97
178,254,-58
178,255,-1
178,256,-28
178,257,47
178,258,-19
178,259,-35
178,260,-88
178,261,-50
178,262,-100
178,263,-33
178,264,91
178,265,-100
178,266,50
178,267,-29
178,268,36
178,269,-100
178,270,-30
178,271,-98
178,272,55
178,273,30
178,274,-59
178,275,-77
178,276,-49
178,277,72
178,278,21
178,279,33
178,280,75
178,281,-87
178,282,-34
178,283,-98
178,284,-13
178,285,-6
178,286,69
178,287,97
178,288,-71
178,289,-57
178,290,-59
178,291,-93
178,292,-72
178,293,80
178,294,-8
178,295,16
178,296,-25
178,297,79
178,298,-44
178,299,-15
179,0,83
179,1,93
179,2,0
179,3,-17
179,4,-83
179,5,18
179,6,-58
179,7,78
179,8,-75
179,9,-70
179,10,13
179,11,49
179,12,27
179,13,74
179,14,-70
179,15,37
179,16,-25
179,17,34
179,18,56
179,19,-2
179,20,94
179,21,-75
179,22,-8
179,23,-73
179,24,76
179,25,37
179,26,-97
179,27,16
179,28,-30
179,29,-29
179,30,-20
179,31,-30
179,32,90
179,33,-43
179,34,-47
179,35,90
179,36,30
179,37,-27
179,38,-62
179,39,-86
179,40,60
179,41,-29
179,42,12
179,43,-63
179,44,-63
179,45,-78
179,46,25
179,47,68
179,48,-37
179,49,65
179,50,-41
179,51,-60
179,52,15
179,53,-6
179,54,87
179,55,64
179,56,-40
179,57,32
179,58,-7
179,59,53
179,60,36
179,61,-61
179,62,39
179,63,-18
179,64,-61
179,65,70
179,66,-14
179,67,65
179,68,12
179,69,-88
179,70,18
179,71,-82
179,72,74
179,73,67
179,74,-30
179,75,82
179,76,-21
179,77,95
179,78,-79
179,79,-81
179,80,78
179,81,-91
179,82,71
179,83,33
179,84,76
179,85,-29
179,86,-13
179,87,61
179,88,-41
179,89,3
179,90,67
179,91,46
179,92,-48
179,93,-14
179,94,-89
179,95,19
179,96,-99
179,97,50
179,98,-63
179,99,-71
179,100,-12
179,101,-25
179,102,-21
179,103,-11
179,104,80
179,105,-33
179,106,-68
179,107,-72
179,108,-90
179,109,-34
179,110,-9
179,111,-100
179,112,-88
179,113,-31
179,114,54
179,115,-7
179,116,33
179,117,60
179,118,8
179,119,-90
179,120,28
179,121,-32
179,122,-6
179,123,-81
179,124,14
179,125,-51
179,126,57
179,127,-84
179,128,46
179,129,-13
179,130,-37
179,131,46
179,132,-89
179,133,59
179,134,3
179,135,32
179,136,-19
179,137,13
179,138,79
179,139,-74
179,140,-72
179,141,49
179,142,-67
179,143,-40
179,144,23
179,145,35
179,146,-55
179,147,-95
179,148,-78
179,149,42
179,150,72
179,151,-31
179,152,41
179,153,29
179,154,-37
179,155,95
179,156,34
179,157,77
179,158,-83
179,159,-59
179,160,81
179,161,-92
179,162,-59
179,163,-68
179,164,-23
179,165,68
179,166,31
179,167,-9
179,168,35
179,169,29
179,170,47
179,171,-36
179,172,-64
179,173,-13
179,174,-85
179,175,-1
179,176,81
179,177,18
179,178,27
179,179,-20
179,180,-30
179,181,76
179,182,-33
179,183,-10
179,184,98
179,185,46
179,186,-75
179,187,-100
179,188,74
179,189,32
179,190,26
179,191,64
179,192,79
179,193,53
179,194,82
179,195,47
179,196,71
179,197,77
179,198,-35
179,199,40
179,200,-92
179,201,-47
179,202,36
179,203,-21
179,204,90
179,205,64
179,206,-40
179,207,-29
179,208,2
179,209,84
179,210,93
179,211,33
179,212,-59
179,213,34
179,214,98
179,215,-28
179,216,-82
179,217,-28
179,218,51
179,219,61
179,220,-60
179,221,-78
179,222,15
179,223,26
179,224,-54
179,225,-48
179,226,99
179,227,-7
179,228,97
179,229,-80
179,230,-44
179,231,-95
179,232,95
179,233,73
179,234,-10
179,235,-12
179,236,-11
179,237,-5
179,238,81
179,239,-8
179,240,-64
179,241,57
179,242,-84
179,243,52
179,244,-38
179,245,80
179,246,21
179,247,-99
179,248,47
179,249,-1
179,250,44
179,251,43
179,252,-10
179,253,-36
179,254,61
179,255,-32
179,256,-72
179,257,39
179,258,-33
179,259,44
179,260,7
179,261,37
179,262,85
179,263,44
179,264,79
179,265,-64
179,266,-53
179,267,53
179,268,-52
179,269,93
179,270,5
179,271,45
179,272,23
179,273,-29
179,274,54
179,275,-94
179,276,5
179,277,65
179,278,-69
179,279,65
179,280,-66
179,281,-35
179,282,96
179,283,-84
179,284,-37
179,285,58
179,286,29
179,287,-58
179,288,-60
179,289,46
179,290,-92
179,291,-40
179,292,59
179,293,23
179,294,-83
179,295,-16
179,296,-9
179,297,-21
179,298,-75
179,299,-41
180,0,7
180,1,8
180,2,-79
180,3,40
180,4,43
180,5,-30
180,6,33
180,7,63
180,8,38
180,9,37
180,10,-3
180,11,91
180,12,-96
180,13,-62
180,14,-92
180,15,-37
180,16,18
180,17,-75
180,18,-65
180,19,29
180,20,-14
180,21,-95
180,22,16
180,23,26
180,24,-71
180,25,-68
180,26,1
180,27,2
180,28,82
180,29,24
180,30,-95
180,31,-83
180,32,32
180,33,-52
180,34,24
180,35,-50
180,36,-73
180,37,-2
180,38,35
180,39,-2
180,40,-99
180,41,-7
180,42,-69
180,43,58
180,44,50
180,45,87
180,46,92
180,47,18
180,48,-91
180,49,68
180,50,43
180,51,-36
180,52,5
180,53,-97
180,54,70
180,55,90
180,56,-5
180,57,-82
180,58,35
180,59,-38
180,60,32
180,61,-42
180,62,-25
180,63,5
180,64,-29
180,65,33
180,66,0
180,67,-71
180,68,-15
180,69,32
180,70,-16
180,71,-62
180,72,78
180,73,-29
180,74,-29
180,75,-18
180,76,-86
180,77,23
180,78,-83
180,79,62
180,80,9
180,81,-61
180,82,41
180,83,90
180,84,-100
180,85,92
180,86,-81
180,87,7
180,88,72
180,89,79
180,90,-78
180,91,97
180,92,43
180,93,40
180,94,97
180,95,50
180,96,-45
180,97,-15
180,98,73
180,99,-86
180,100,-99
180,101,64
180,102,-54
180,103,-29
180,104,7
180,105,8
180,106,-1
180,107,-26
180,108,-19
180,109,7
180,110,-86
180,111,-40
180,112,-37
180,113,-52
180,114,7
180,115,-29
180,116,76
180,117,35
180,118,33
180,119,5
180,120,-32
180,121,-34
180,122,50
180,123,30
180,124,40
180,125,-30
180,126,-56
180,127,-61
180,128,65
180,129,43
180,130,64
180,131,16
180,132,97
180,133,-49
180,134,87
180,135,-54
180,136,46
180,137,49
180,138,-2
180,139,77
180,140,87
180,141,28
180,142,30
180,143,99
180,144,-37
180,145,-58
180,146,99
180,147,-54
180,148,-77
180,149,5
180,150,-97
180,151,86
180,152,-36
180,153,53
180,154,14
180,155,13
180,156,88
180,157,-41
180,158,78
180,159,64
180,160,9
180,161,80
180,162,40
180,163,26
180,164,6
180,165,6
180,166,93
180,167,27
180,168,-67
180,169,5
180,170,-24
180,171,6
180,172,40
180,173,40
180,174,-4
180,175,-76
180,176,-58
180,177,60
180,178,-74
180,179,-76
180,180,36
180,181,-84
180,182,92
180,183,-13
180,184,-46
180,185,2
180,186,-22
180,187,-77
180,188,63
180,189,6
180,190,65
180,191,32
180,192,91
180,193,69
180,194,24
180,195,12
180,196,70
180,197,13
180,198,-98
180,199,-42
180,200,-19
180,201,-56
180,202,94
180,203,-78
180,204,-89
180,205,-86
180,206,28
180,207,-75
180,208,32
180,209,68
180,210,-3
180,211,90
180,212,-39
180,213,25
180,214,-60
180,215,55
180,216,20
180,217,46
180,218,75
180,219,-67
180,220,-7
180,221,73
180,222,37
180,223,-69
180,224,-40
180,225,34
180,226,-57
180,227,46
180,228,-14
180,229,84
180,230,65
180,231,73
180,232,50
180,233,-26
180,234,-41
180,235,51
180,236,37
180,237,22
180,238,-74
180,239,-7
180,240,-47
180,241,-38
180,242,69
180,243,71
180,244,-28
180,245,46
180,246,-100
180,247,87
180,248,90
180,249,63
180,250,-28
180,251,76
180,252,-82
180,253,-91
180,254,64
180,255,-16
180,256,53
180,257,35
180,258,-75
180,259,-38
180,260,-37
180,261,14
180,262,31
180,263,4
180,264,-46
180,265,-73
180,266,50
180,267,17
180,268,64
180,269,-47
180,270,-27
180,271,76
180,272,-15
180,273,-2
180,274,63
180,275,-17
180,276,-27
180,277,88
180,278,-28
180,279,-82
180,280,-54
180,281,16
180,282,-31
180,283,-35
180,284,97
180,285,-87
180,286,56
180,287,-35
180,288,-69
180,289,44
180,290,56
180,291,86
180,292,-93
180,293,-42
180,294,-21
180,295,-65
180,296,42
180,297,-12
180,298,-27
180,299,-73
181,0,99
181,1,-42
181,2,-35
181,3,86
181,4,31
181,5,31
181,6,-45
181,7,-21
181,8,0
181,9,10
181,10,69
181,11,68
181,12,90
181,13,87
181,14,83
181,15,-95
181,16,40
181,17,-65
181,18,76
181,19,98
181,20,35
181,21,53
181,22,-36
181,23,-80
181,24,27
181,25,-51
181,26,61
181,27,54
181,28,-29
181,29,-60
181,30,-89
181,31,-96
181,32,77
181,33,17
181,34,-93
181,35,18
181,36,-60
181,37,-30
181,38,70
181,39,15
181,40,65
181,41,72
181,42,73
181,43,29
181,44,-16
181,45,39
181,46,-56
181,47,-45
181,48,88
181,49,-39
181,50,-68
181,51,29
181,52,-64
181,53,-34
181,54,-23
181,55,-65
181,56,-11
181,57,-25
181,58,-98
181,59,-40
181,60,-90
181,61,6
181,62,-62
181,63,-49
181,64,59
181,65,-58
181,66,37
181,67,17
181,68,-59
181,69,-86
181,70,52
181,71,-47
181,72,95
181,73,40
181,74,8
181,75,11
181,76,97
181,77,-33
181,78,-9
181,79,72
181,80,73
181,81,-39
181,82,13
181,83,15
181,84,-48
181,85,-38
181,86,-3
181,87,-80
181,88,18
181,89,83
181,90,-28
181,91,60
181,92,-96
181,93,60
181,94,8
181,95,98
181,96,-1
181,97,-16
181,98,-64
181,99,47
181,100,-99
181,101,-72
181,102,33
181,103,-35
181,104,-62
181,105,-37
181,106,-83
181,107,55
181,108,-66
181,109,60
181,110,-66
181,111,-46
181,112,-10
181,113,42
181,114,18
181,115,45
181,116,-98
181,117,-95
181,118,91
181,119,-27
181,120,-68
181,121,-33
181,122,-13
181,123,-25
181,124,-77
181,125,42
181,126,-11
181,127,-45
181,128,-93
181,129,4
181,130,-95
181,131,-16
181,132,34
181,133,-39
181,134,-55
181,135,-82
181,136,42
181,137,22
181,138,-89
181,139,-26
181,140,35
181,141,-65
181,142,60
181,143,58
181,144,-25
181,145,36
181,146,51
181,147,23
181,148,64
181,149,9
181,150,64
181,151,7
181,152,35
181,153,-11
181,154,92
181,155,61
181,156,-17
181,157,-52
181,158,-39
181,159,-57
181,160,-10
181,161,-26
181,162,42
181,163,-31
181,164,84
181,165,32
181,166,10
181,167,-15
181,168,98
181,169,-64
181,170,-16
181,171,-29
181,172,95
181,173,-72
181,174,-92
181,175,39
181,176,-9
181,177,76
181,178,-60
181,179,-85
181,180,11
181,181,11
181,182,-46
181,183,37
181,184,-1
181,185,37
181,186,-2
181,187,-41
181,188,68
181,189,95
181,190,-27
181,191,-90
181,192,-48
181,193,-7
181,194,-42
181,195,24
181,196,-64
181,197,-39
181,198,-33
181,199,39
181,200,51
181,201,-18
181,202,-31
181,203,54
181,204,27
181,205,75
181,206,-48
181,207,72
181,208,29
181,209,97
181,210,46
181,211,-54
181,212,-56
181,213,-66
181,214,90
181,215,87
181,216,53
181,217,-4
181,218,58
181,219,92
181,220,-72
181,221,-13
181,222,-38
181,223,-29
181,224,-68
181,225,-25
181,226,-32
181,227,-30
181,228,39
181,229,-58
181,230,21
181,231,94
181,232,-90
181,233,38
181,234,98
181,235,-15
181,236,84
181,237,55
181,238,-4
181,239,12
181,240,70
181,241,55
181,242,34
181,243,42
181,244,74
181,245,52
181,246,37
181,247,47
181,248,-62
181,249,17
181,250,-42
181,251,35
181,252,-50
181,253,36
181,254,52
181,255,-11
181,256,32
181,257,76
181,258,-78
181,259,73
181,260,-90
181,261,83
181,262,24
181,263,46
181,264,-21
181,265,-93
181,266,-30
181,267,-43
181,268,45
181,269,92
181,270,-2
181,271,32
181,272,-8
181,273,-11
181,274,-73
181,275,-94
181,276,-1
181,277,-76
181,278,-51
181,279,3
181,280,-85
181,281,13
181,282,-92
181,283,-21
181,284,6
181,285,43
181,286,95
181,287,99
181,288,-93
181,289,33
181,290,66
181,291,64
181,292,-88
181,293,12
181,294,30
181,295,49
181,296,68
181,297,-39
181,298,32
181,299,59
182,0,67
182,1,-66
182,2,-44
182,3,-15
182,4,-50
182,5,41
182,6,2
182,7,1
182,8,-97
182,9,15
182,10,-88
182,11,-68
182,12,-51
182,13,4
182,14,8
182,15,4
182,16,57
182,17,-97
182,18,85
182,19,84
182,20,91
182,21,71
182,22,-27
182,23,-11
182,24,-64
182,25,-40
182,26,59
182,27,-61
182,28,-27
182,29,-49
182,30,16
182,31,-10
182,32,97
182,33,-41
182,34,3
182,35,-64
182,36,6
182,37,83
182,38,-56
182,39,-25
182,40,-5
182,41,57
182,42,-18
182,43,-68
182,44,43
182,45,-82
182,46,36
182,47,54
182,48,-68
182,49,-85
182,50,44
182,51,99
182,52,29
182,53,-82
182,54,-17
182,55,-8
182,56,13
182,57,48
182,58,54
182,59,-61
182,60,2
182,61,58
182,62,-46
182,63,74
182,64,38
182,65,23
182,66,78
182,67,72
182,68,97
182,69,-53
182,70,28
182,71,-94
182,72,-62
182,73,84
182,74,-99
182,75,30
182,76,-39
182,77,68
182,78,25
182,79,-80
182,80,-84
182,81,-94
182,82,24
182,83,-88
182,84,-4
182,85,27
182,86,-67
182,87,71
182,88,-48
182,89,-82
182,90,-58
182,91,13
182,92,-77
182,93,49
182,94,67
182,95,19
182,96,20
182,97,64
182,98,-46
182,99,58
182,100,-41
182,101,23
182,102,92
182,103,-19
182,104,43
182,105,-48
182,106,-92
182,107,-42
182,108,0
182,109,-62
182,110,46
182,111,-64
182,112,49
182,113,-95
182,114,20
182,115,-92
182,116,-7
182,117,7
182,118,46
182,119,90
182,120,-44
182,121,-38
182,122,76
182,123,-76
182,124,6
182,125,-47
182,126,66
182,127,0
182,128,-54
182,129,-65
182,130,29
182,131,86
182,132,55
182,133,-47
182,134,-48
182,135,92
182,136,52
182,137,-3
182,138,21
182,139,46
182,140,26
182,141,-60
182,142,-96
182,143,90
182,144,57
182,145,-97
182,146,-85
182,147,59
182,148,7
182,149,96
182,150,78
182,151,-84
182,152,91
182,153,-17
182,154,-72
182,155,-61
182,156,-63
182,157,-49
182,158,50
182,159,23
182,160,75
182,161,24
182,162,-25
182,163,80
182,164,-51
182,165,-72
182,166,-85
182,167,-79
182,168,-58
182,169,-2
182,170,10
182,171,96
182,172,-77
182,173,-81
182,174,-81
182,175,-61
182,176,-74
182,177,-60
182,178,-92
182,179,52
182,180,80
182,181,-25
182,182,-99
182,183,-75
182,184,3
182,185,-83
182,186,-73
182,187,41
182,188,92
182,189,58
182,190,21
182,191,-41
182,192,-51
182,193,95
182,194,-28
182,195,14
182,196,67
182,197,-69
182,198,-23
182,199,-51
182,200,-14
182,201,-44
182,202,-55
182,203,-11
182,204,1
182,205,-40
182,206,-32
182,207,-48
182,208,-84
182,209,-16
182,210,-6
182,211,77
182,212,-94
182,213,-22
182,214,-28
182,215,-43
182,216,-9
182,217,-54
182,218,21
182,219,-25
182,220,-100
182,221,76
182,222,-13
182,223,-63
182,224,-9
182,225,-54
182,226,10
182,227,-96
182,228,82
182,229,-83
182,230,-2
182,231,-48
182,232,-62
182,233,-59
182,234,79
182,235,29
182,236,-24
182,237,-30
182,238,82
182,239,-30
182,240,70
182,241,63
182,242,-57
182,243,92
182,244,-82
182,245,38
182,246,-28
182,247,29
182,248,99
182,249,-91
182,250,-100
182,251,96
182,252,-51
182,253,-58
182,254,42
182,255,-54
182,256,87
182,257,84
182,258,-96
182,259,95
182,260,11
182,261,72
182,262,-94
182,263,-69
182,264,53
182,265,29
182,266,94
182,267,-56
182,268,-13
182,269,63
182,270,38
182,271,65
182,272,-1
182,273,35
182,274,12
182,275,60
182,276,62
182,277,-4
182,278,70
182,279,57
182,280,-23
182,281,-65
182,282,88
182,283,-45
182,284,19
182,285,79
182,286,12
182,287,75
182,288,-60
182,289,6
182,290,-20
182,291,-10
182,292,3
182,293,85
182,294,-58
182,295,13
182,296,78
182,297,-45
182,298,56
182,299,71
183,0,-77
183,1,33
183,2,-46
183,3,-77
183,4,-64
183,5,42
183,6,89
183,7,-41
183,8,55
183,9,-83
183,10,27
183,11,67
183,12,34
183,13,53
183,14,70
183,15,-18
183,16,4
183,17,39
183,18,-33
183,19,68
183,20,-65
183,21,63
183,22,-46
183,23,-37
183,24,22
183,25,46
183,26,61
183,27,48
183,28,91
183,29,-98
183,30,30
183,31,-42
183,32,29
183,33,9
183,34,-89
183,35,-53
183,36,1
183,37,37
183,38,-28
183,39,-40
183,40,70
183,41,76
183,42,-32
183,43,-26
183,44,52
183,45,92
183,46,77
183,47,-38
183,48,-62
183,49,-19
183,50,-46
183,51,-73
183,52,37
183,53,-16
183,54,41
183,55,-60
183,56,-92
183,57,6
183,58,-34
183,59,82
183,60,16
183,61,-40
183,62,-37
183,63,-38
183,64,16
183,65,-55
183,66,65
183,67,-97
183,68,-18
183,69,55
183,70,5
183,71,-51
183,72,19
183,73,-80
183,74,-75
183,75,-67
183,76,76
183,77,21
183,78,-14
183,79,31
183,80,-9
183,81,18
183,82,18
183,83,-54
183,84,-18
183,85,36
183,86,46
183,87,-25
183,88,26
183,89,-92
183,90,-48
183,91,-62
183,92,-10
183,93,64
183,94,5
183,95,10
183,96,27
183,97,-55
183,98,-15
183,99,5
183,100,-46
183,101,36
183,102,-34
183,103,-35
183,104,74
183,105,-82
183,106,79
183,107,-84
183,108,26
183,109,-85
183,110,37
183,111,-36
183,112,34
183,113,87
183,114,-24
183,115,9
183,116,15
183,117,-77
183,118,72
183,119,98
183,120,-3
183,121,63
183,122,-48
183,123,34
183,124,95
183,125,53
183,126,77
183,127,86
183,128,-95
183,129,-58
183,130,-26
183,131,-15
183,132,68
183,133,-87
183,134,11
183,135,24
183,136,-47
183,137,-39
183,138,47
183,139,86
183,140,-95
183,141,34
183,142,5
183,143,-13
183,144,-77
183,145,55
183,146,24
183,147,89
183,148,-98
183,149,32
183,150,-23
183,151,14
183,152,-90
183,153,-94
183,154,98
183,155,-90
183,156,-37
183,157,-11
183,158,-21
183,159,-74
183,160,-69
183,161,12
183,162,36
183,163,44
183,164,-26
183,165,77
183,166,64
183,167,-92
183,168,93
183,169,-70
183,170,15
183,171,63
183,172,-44
183,173,-12
183,174,66
183,175,-45
183,176,-48
183,177,41
183,178,68
183,179,-3
183,180,45
183,181,-46
183,182,36
183,183,-22
183,184,97
183,185,38
183,186,-35
183,187,-27
183,188,-98
183,189,-86
183,190,-14
183,191,-38
183,192,-61
183,193,55
183,194,71
183,195,-60
183,196,65
183,197,-47
183,198,88
183,199,37
183,200,-2
183,201,1
183,202,18
183,203,23
183,204,31
183,205,38
183,206,85
183,207,-1
183,208,75
183,209,-19
183,210,48
183,211,-64
183,212,-51
183,213,-57
183,214,22
183,215,-24
183,216,71
183,217,87
183,218,70
183,219,53
183,220,-82
183,221,37
183,222,1
183,223,79
183,224,84
183,225,34
183,226,72
183,227,-14
183,228,-5
183,229,31
183,230,-25
183,231,54
183,232,-80
183,233,63
183,234,-39
183,235,67
183,236,13
183,237,76
183,238,-67
183,239,78
183,240,65
183,241,88
183,242,19
183,243,-12
183,244,-50
183,245,26
183,246,66
183,247,35
183,248,-89
183,249,18
183,250,87
183,251,-47
183,252,5
183,253,-70
183,254,18
183,255,-68
183,256,-83
183,257,-82
183,258,47
183,259,79
183,260,95
183,261,22
183,262,-99
183,263,98
183,264,-88
183,265,45
183,266,-37
183,267,-86
183,268,54
183,269,6
183,270,35
183,271,40
183,272,-39
183,273,-88
183,274,-66
183,275,54
183,276,48
183,277,-6
183,278,14
183,279,4
183,280,-17
183,281,-29
183,282,1
183,283,43
183,284,-8
183,285,-96
183,286,59
183,287,-77
183,288,-55
183,289,-76
183,290,-51
183,291,36
183,292,55
183,293,93
183,294,90
183,295,-45
183,296,-55
183,297,-16
183,298,28
183,299,71
184,0,89
184,1,-49
184,2,7
184,3,-31
184,4,-57
184,5,18
184,6,-100
184,7,-97
184,8,-10
184,9,-41
184,10,-47
184,11,25
184,12,-95
184,13,33
184,14,28
184,15,-60
184,16,-76
184,17,-71
184,18,13
184,19,-24
184,20,-80
184,21,33
184,22,66
184,23,-53
184,24,-75
184,25,79
184,26,91
184,27,-82
184,28,-44
184,29,-4
184,30,97
184,31,84
184,32,4
184,33,0
184,34,-26
184,35,-53
184,36,3
184,37,-57
184,38,-96
184,39,15
184,40,61
184,41,-61
184,42,82
184,43,96
184,44,-29
184,45,56
184,46,15
184,47,81
184,48,62
184,49,-34
184,50,-59
184,51,-99
184,52,61
184,53,-96
184,54,-38
184,55,40
184,56,64
184,57,94
184,58,97
184,59,-45
184,60,63
184,61,-33
184,62,-97
184,63,-46
184,64,-75
184,65,72
184,66,48
184,67,52
184,68,91
184,69,-19
184,70,69
184,71,-38
184,72,-67
184,73,57
184,74,-66
184,75,-52
184,76,22
184,77,82
184,78,93
184,79,6
184,80,41
184,81,-88
184,82,55
184,83,-13
184,84,18
184,85,-58
184,86,37
184,87,19
184,88,99
184,89,14
184,90,-5
184,91,-32
184,92,-25
184,93,47
184,94,91
184,95,-83
184,96,68
184,97,57
184,98,78
184,99,-93
184,100,-53
184,101,-87
184,102,78
184,103,95
184,104,95
184,105,91
184,106,76
184,107,59
184,108,-84
184,109,-87
184,110,75
184,111,0
184,112,-24
184,113,86
184,114,-44
184,115,12
184,116,-48
184,117,-16
184,118,-88
184,119,89
184,120,-84
184,121,-44
184,122,-64
184,123,-27
184,124,54
184,125,-13
184,126,-41
184,127,-39
184,128,-9
184,129,53
184,130,-17
184,131,-8
184,132,-41
184,133,46
184,134,84
184,135,11
184,136,0
184,137,-34
184,138,57
184,139,57
184,140,49
184,141,44
184,142,24
184,143,-89
184,144,99
184,145,-10
184,146,34
184,147,41
184,148,45
184,149,4
184,150,-52
184,151,66
184,152,60
184,153,88
184,154,78
184,155,-47
184,156,2
184,157,-9
184,158,-28
184,159,34
184,160,68
184,161,65
184,162,58
184,163,-99
184,164,96
184,165,-77
184,166,16
184,167,-87
184,168,36
184,169,-60
184,170,-3
184,171,-67
184,172,-71
184,173,-72
184,174,-43
184,175,28
184,176,-68
184,177,-99
184,178,-60
184,179,-52
184,180,0
184,181,-75
184,182,3
184,183,56
184,184,30
184,185,-14
184,186,-7
184,187,-58
184,188,84
184,189,94
184,190,37
184,191,-79
184,192,-44
184,193,73
184,194,10
184,195,-8
184,196,21
184,197,33
184,198,-56
184,199,-50
184,200,83
184,201,-85
184,202,-4
184,203,-25
184,204,32
184,205,58
184,206,16
184,207,-27
184,208,75
184,209,30
184,210,-46
184,211,33
184,212,-26
184,213,-97
184,214,28
184,215,2
184,216,-59
184,217,88
184,218,14
184,219,-48
184,220,5
184,221,57
184,222,-46
184,223,-99
184,224,-88
184,225,63
184,226,-31
184,227,44
184,228,-11
184,229,-7
184,230,-14
184,231,0
184,232,-65
184,233,43
184,234,9
184,235,65
184,236,34
184,237,-91
184,238,16
184,239,-66
184,240,19
184,241,-2
184,242,-58
184,243,93
184,244,33
184,245,25
184,246,-78
184,247,-84
184,248,-47
184,249,93
184,250,-71
184,251,54
184,252,-49
184,253,33
184,254,-60
184,255,40
184,256,-83
184,257,-81
184,258,-4
184,259,51
184,260,82
184,261,83
184,262,4
184,263,-76
184,264,71
184,265,63
184,266,-54
184,267,-4
184,268,-16
184,269,2
184,270,24
184,271,-57
184,272,60
184,273,77
184,274,-1
184,275,54
184,276,48
184,277,-69
184,278,-49
184,279,90
184,280,92
184,281,-57
184,282,94
184,283,10
184,284,-12
184,285,-63
184,286,38
184,287,-99
184,288,-28
184,289,62
184,290,-19
184,291,28
184,292,61
184,293,-72
184,294,10
184,295,-51
184,296,29
184,297,49
184,298,38
184,299,23
185,0,47
185,1,-57
185,2,28
185,3,69
185,4,-12
185,5,36
185,6,90
185,7,68
185,8,7
185,9,-38
185,10,-90
185,11,18
185,12,92
185,13,-6
185,14,-97
185,15,-85
185,16,-58
185,17,-100
185,18,-48
185,19,98
185,20,2
185,21,-97
185,22,41
185,23,98
185,24,72
185,25,16
185,26,-69
185,27,80
185,28,95
185,29,-99
185,30,-5
185,31,-49
185,32,21
185,33,89
185,34,-52
185,35,0
185,36,57
185,37,75
185,38,49
185,39,-65
185,40,65
185,41,83
185,42,-59
185,43,-33
185,44,-80
185,45,-24
185,46,-90
185,47,69
185,48,-27
185,49,-55
185,50,29
185,51,77
185,52,-37
185,53,24
185,54,-6
185,55,-7
185,56,89
185,57,26
185,58,-100
185,59,68
185,60,-41
185,61,-25
185,62,15
185,63,-62
185,64,-84
185,65,75
185,66,-62
185,67,76
185,68,-47
185,69,49
185,70,56
185,71,14
185,72,-86
185,73,23
185,74,-28
185,75,8
185,76,57
185,77,15
185,78,-49
185,79,-53
185,80,24
185,81,25
185,82,29
185,83,19
185,84,-87
185,85,4
185,86,87
185,87,-4
185,88,24
185,89,63
185,90,97
185,91,65
185,92,95
185,93,66
185,94,-56
185,95,-7
185,96,17
185,97,-53
185,98,71
185,99,72
185,100,74
185,101,1
185,102,78
185,103,-77
185,104,-23
185,105,97
185,106,21
185,107,11
185,108,6
185,109,38
185,110,70
185,111,-63
185,112,6
185,113,-39
185,114,93
185,115,52
185,116,-15
185,117,2
185,118,63
185,119,-27
185,120,-75
185,121,99
185,122,13
185,123,67
185,124,7
185,125,12
185,126,-11
185,127,56
185,128,-45
185,129,91
185,130,26
185,131,-36
185,132,76
185,133,-99
185,134,32
185,135,41
185,136,-13
185,137,-90
185,138,81
185,139,15
185,140,-47
185,141,97
185,142,24
185,143,43
185,144,72
185,145,84
185,146,-49
185,147,52
185,148,42
185,149,71
185,150,-19
185,151,-7
185,152,35
185,153,-46
185,154,-6
185,155,10
185,156,14
185,157,-37
185,158,57
185,159,-23
185,160,19
185,161,10
185,162,-14
185,163,-28
185,164,56
185,165,-58
185,166,32
185,167,-100
185,168,98
185,169,-99
185,170,-62
185,171,-60
185,172,89
185,173,90
185,174,97
185,175,23
185,176,56
185,177,25
185,178,-100
185,179,-12
185,180,-18
185,181,53
185,182,-14
185,183,30
185,184,-61
185,185,-21
185,186,-38
185,187,74
185,188,99
185,189,-98
185,190,26
185,191,53
185,192,57
185,193,50
185,194,92
185,195,-26
185,196,56
185,197,-27
185,198,-12
185,199,-78
185,200,91
185,201,-94
185,202,-9
185,203,-75
185,204,-59
185,205,13
185,206,17
185,207,-13
185,208,-10
185,209,-67
185,210,-81
185,211,-24
185,212,-91
185,213,-19
185,214,40
185,215,17
185,216,71
185,217,-5
185,218,89
185,219,45
185,220,-100
185,221,77
185,222,50
185,223,-79
185,224,-1
185,225,-94
185,226,59
185,227,-36
185,228,85
185,229,-65
185,230,40
185,231,-92
185,232,-28
185,233,81
185,234,29
185,235,-91
185,236,-89
185,237,-73
185,238,11
185,239,-26
185,240,91
185,241,14
185,242,-92
185,243,-94
185,244,-93
185,245,57
185,246,62
185,247,-89
185,248,-39
185,249,-100
185,250,75
185,251,-36
185,252,49
185,253,-57
185,254,-32
185,255,68
185,256,-72
185,257,-79
185,258,-93
185,259,5
185,260,-33
185,261,12
185,262,24
185,263,-14
185,264,-85
185,265,7
185,266,-94
185,267,-66
185,268,81
185,269,-2
185,270,-85
185,271,1
185,272,15
185,273,-32
185,274,-62
185,275,26
185,276,80
185,277,71
185,278,-82
185,279,-71
185,280,-59
185,281,-45
185,282,-49
185,283,33
185,284,-97
185,285,-58
185,286,81
185,287,-80
185,288,23
185,289,13
185,290,-3
185,291,32
185,292,-91
185,293,5
185,294,86
185,295,83
185,296,96
185,297,92
185,298,-75
185,299,14
186,0,-77
186,1,-82
186,2,65
186,3,-56
186,4,26
186,5,-86
186,6,29
186,7,57
186,8,3
186,9,-60
186,10,-57
186,11,97
186,12,53
186,13,74
186,14,-96
186,15,-90
186,16,61
186,17,17
186,18,57
186,19,25
186,20,-10
186,21,20
186,22,75
186,23,-42
186,24,-79
186,25,-34
186,26,-97
186,27,35
186,28,-20
186,29,62
186,30,23
186,31,-65
186,32,-18
186,33,9
186,34,-19
186,35,70
186,36,-46
186,37,97
186,38,-66
186,39,-83
186,40,8
186,41,-10
186,42,85
186,43,85
186,44,-19
186,45,48
186,46,78
186,47,-77
186,48,-44
186,49,86
186,50,-58
186,51,-96
186,52,43
186,53,71
186,54,45
186,55,40
186,56,7
186,57,1
186,58,-50
186,59,-89
186,60,41
186,61,-35
186,62,1
186,63,67
186,64,-2
186,65,-56
186,66,-14
186,67,-2
186,68,3
186,69,-5
186,70,27
186,71,-70
186,72,-2
186,73,24
186,74,-53
186,75,-23
186,76,9
186,77,-57
186,78,92
186,79,-48
186,80,-58
186,81,-42
186,82,-95
186,83,-94
186,84,-56
186,85,-47
186,86,4
186,87,-22
186,88,-80
186,89,-14
186,90,-25
186,91,89
186,92,65
186,93,-67
186,94,-39
186,95,95
186,96,90
186,97,38
186,98,43
186,99,69
186,100,26
186,101,-23
186,102,-77
186,103,99
186,104,47
186,105,-85
186,106,-35
186,107,-62
186,108,-2
186,109,-75
186,110,-30
186,111,15
186,112,94
186,113,-7
186,114,10
186,115,53
186,116,95
186,117,35
186,118,41
186,119,-57
186,120,33
186,121,-98
186,122,-78
186,123,-17
186,124,84
186,125,-9
186,126,65
186,127,99
186,128,-9
186,129,-93
186,130,66
186,131,2
186,132,-35
186,133,72
186,134,-33
186,135,76
186,136,-72
186,137,58
186,138,-9
186,139,49
186,140,72
186,141,-43
186,142,-26
186,143,26
186,144,62
186,145,76
186,146,5
186,147,-89
186,148,-92
186,149,82
186,150,-53
186,151,47
186,152,-14
186,153,13
186,154,97
186,155,-18
186,156,-61
186,157,-48
186,158,38
186,159,82
186,160,98
186,161,95
186,162,99
186,163,-95
186,164,-39
186,165,21
186,166,59
186,167,-53
186,168,-47
186,169,7
186,170,-92
186,171,-67
186,172,-100
186,173,53
186,174,-76
186,175,-1
186,176,51
186,177,27
186,178,-38
186,179,69
186,180,-51
186,181,-57
186,182,-12
186,183,57
186,184,18
186,185,-41
186,186,40
186,187,-34
186,188,8
186,189,58
186,190,-91
186,191,-97
186,192,-86
186,193,82
186,194,91
186,195,65
186,196,36
186,197,-13
186,198,68
186,199,-100
186,200,65
186,201,40
186,202,-39
186,203,88
186,204,36
186,205,-62
186,206,8
186,207,-52
186,208,-89
186,209,68
186,210,98
186,211,-15
186,212,-79
186,213,44
186,214,-84
186,215,-17
186,216,-22
186,217,-23
186,218,71
186,219,-18
186,220,-59
186,221,-36
186,222,-43
186,223,-70
186,224,12
186,225,63
186,226,-11
186,227,78
186,228,-64
186,229,59
186,230,-1
186,231,10
186,232,34
186,233,-45
186,234,3
186,235,-79
186,236,53
186,237,-86
186,238,-9
186,239,-4
186,240,44
186,241,26
186,242,-50
186,243,70
186,244,11
186,245,-82
186,246,-6
186,247,20
186,248,59
186,249,-21
186,250,14
186,251,-81
186,252,19
186,253,-58
186,254,48
186,255,62
186,256,-73
186,257,82
186,258,-27
186,259,95
186,260,-87
186,261,-10
186,262,-98
186,263,80
186,264,91
186,265,18
186,266,-47
186,267,56
186,268,47
186,269,-51
186,270,-15
186,271,-61
186,272,-16
186,273,5
186,274,-3
186,275,-83
186,276,34
186,277,89
186,278,-30
186,279,-82
186,280,-71
186,281,95
186,282,6
186,283,34
186,284,-96
186,285,-22
186,286,32
186,287,-11
186,288,15
186,289,-54
186,290,13
186,291,86
186,292,22
186,293,-94
186,294,66
186,295,27
186,296,-16
186,297,44
186,298,-13
186,299,42
187,0,50
187,1,-92
187,2,-23
187,3,-81
187,4,21
187,5,40
187,6,-72
187,7,-48
187,8,83
187,9,86
187,10,64
187,11,-10
187,12,-40
187,13,20
187,14,-9
187,15,32
187,16,91
187,17,99
187,18,59
187,19,82
187,20,5
187,21,57
187,22,-75
187,23,38
187,24,-42
187,25,68
187,26,-38
187,27,95
187,28,55
187,29,71
187,30,-23
187,31,86
187,32,-41
187,33,81
187,34,-56
187,35,-75
187,36,-88
187,37,35
187,38,61
187,39,80
187,40,3
187,41,83
187,42,74
187,43,-41
187,44,-51
187,45,35
187,46,-56
187,47,3
187,48,-86
187,49,49
187,50,-79
187,51,95
187,52,-10
187,53,-69
187,54,30
187,55,8
187,56,-75
187,57,11
187,58,-71
187,59,23
187,60,-91
187,61,2
187,62,78
187,63,-84
187,64,-72
187,65,-41
187,66,-40
187,67,73
187,68,56
187,69,19
187,70,0
187,71,-2
187,72,-25
187,73,-2
187,74,78
187,75,-53
187,76,-6
187,77,66
187,78,92
187,79,52
187,80,53
187,81,-100
187,82,-45
187,83,41
187,84,31
187,85,50
187,86,-67
187,87,-58
187,88,39
187,89,48
187,90,-67
187,91,-56
187,92,-42
187,93,32
187,94,-54
187,95,49
187,96,49
187,97,-79
187,98,-78
187,99,41
187,100,-20
187,101,15
187,102,34
187,103,-33
187,104,26
187,105,-85
187,106,89
187,107,-31
187,108,97
187,109,71
187,110,-90
187,111,46
187,112,-37
187,113,33
187,114,-14
187,115,56
187,116,41
187,117,73
187,118,-34
187,119,-34
187,120,-2
187,121,-93
187,122,-100
187,123,-77
187,124,-37
187,125,67
187,126,18
187,127,49
187,128,-37
187,129,46
187,130,-19
187,131,-51
187,132,41
187,133,-88
187,134,-35
187,135,-44
187,136,-67
187,137,1
187,138,-76
187,139,-50
187,140,-22
187,141,66
187,142,33
187,143,-77
187,144,-75
187,145,-66
187,146,-93
187,147,-62
187,148,-27
187,149,70
187,150,-98
187,151,53
187,152,12
187,153,-58
187,154,5
187,155,-65
187,156,-56
187,157,33
187,158,-99
187,159,23
187,160,-63
187,161,-19
187,162,-13
187,163,-73
187,164,-97
187,165,-9
187,166,-68
187,167,-83
187,168,14
187,169,67
187,170,73
187,171,10
187,172,-66
187,173,-28
187,174,73
187,175,17
187,176,-23
187,177,-42
187,178,-70
187,179,-76
187,180,-59
187,181,82
187,182,-65
187,183,-47
187,184,-68
187,185,-14
187,186,-2
187,187,-72
187,188,88
187,189,-98
187,190,13
187,191,-20
187,192,22
187,193,48
187,194,91
187,195,-80
187,196,-9
187,197,99
187,198,-59
187,199,-14
187,200,65
187,201,-72
187,202,-72
187,203,42
187,204,71
187,205,-36
187,206,-43
187,207,-81
187,208,73
187,209,6
187,210,-61
187,211,4
187,212,-91
187,213,75
187,214,-98
187,215,10
187,216,90
187,217,82
187,218,85
187,219,5
187,220,-69
187,221,-51
187,222,31
187,223,22
187,224,30
187,225,-81
187,226,-94
187,227,42
187,228,-83
187,229,-4
187,230,-32
187,231,-79
187,232,-38
187,233,12
187,234,3
187,235,86
187,236,99
187,237,-22
187,238,8
187,239,-74
187,240,68
187,241,-12
187,242,92
187,243,-87
187,244,43
187,245,35
187,246,94
187,247,-78
187,248,-97
187,249,-68
187,250,-15
187,251,-1
187,252,5
187,253,-27
187,254,-31
187,255,-49
187,256,-11
187,257,64
187,258,-37
187,259,33
187,260,-64
187,261,-15
187,262,24
187,263,88
187,264,-58
187,265,98
187,266,-39
187,267,-51
187,268,16
187,269,95
187,270,-56
187,271,-92
187,272,15
187,273,26
187,274,48
187,275,-70
187,276,-60
187,277,81
187,278,-82
187,279,21
187,280,-88
187,281,-53
187,282,-2
187,283,64
187,284,-37
187,285,29
187,286,-18
187,287,-81
187,288,-34
187,289,87
187,290,-98
187,291,59
187,292,68
187,293,95
187,294,-62
187,295,-15
187,296,69
187,297,43
187,298,0
187,299,65
188,0,-9
188,1,-51
188,2,75
188,3,31
188,4,-30
188,5,12
188,6,-42
188,7,16
188,8,-87
188,9,-22
188,10,92
188,11,-60
188,12,-50
188,13,-68
188,14,-18
188,15,-12
188,16,47
188,17,42
188,18,-74
188,19,-58
188,20,-52
188,21,14
188,22,-88
188,23,-5
188,24,29
188,25,52
188,26,21
188,27,9
188,28,-6
188,29,66
188,30,64
188,31,37
188,32,-78
188,33,14
188,34,81
188,35,-90
188,36,-45
188,37,97
188,38,88
188,39,76
188,40,65
188,41,72
188,42,-44
188,43,56
188,44,-73
188,45,91
188,46,95
188,47,-64
188,48,73
188,49,17
188,50,-52
188,51,-74
188,52,-34
188,53,-39
188,54,-1
188,55,10
188,56,27
188,57,31
188,58,23
188,59,9
188,60,-45
188,61,-37
188,62,62
188,63,-86
188,64,61
188,65,-46
188,66,73
188,67,-48
188,68,-6
188,69,-18
188,70,-40
188,71,47
188,72,-26
188,73,38
188,74,17
188,75,50
188,76,50
188,77,2
188,78,-64
188,79,89
188,80,88
188,81,-60
188,82,93
188,83,-75
188,84,68
188,85,-66
188,86,-86
188,87,32
188,88,-1
188,89,-36
188,90,9
188,91,59
188,92,73
188,93,-48
188,94,-70
188,95,3
188,96,23
188,97,60
188,98,74
188,99,-30
188,100,-32
188,101,-42
188,102,-96
188,103,85
188,104,78
188,105,-53
188,106,11
188,107,22
188,108,18
188,109,1
188,110,63
188,111,-7
188,112,-97
188,113,-32
188,114,-93
188,115,48
188,116,17
188,117,98
188,118,98
188,119,91
188,120,44
188,121,-72
188,122,23
188,123,-2
188,124,-19
188,125,75
188,126,62
188,127,-51
188,128,-16
188,129,-82
188,130,2
188,131,84
188,132,41
188,133,26
188,134,-53
188,135,-33
188,136,-37
188,137,-77
188,138,76
188,139,-89
188,140,59
188,141,44
188,142,-98
188,143,33
188,144,92
188,145,31
188,146,89
188,147,-91
188,148,76
188,149,-40
188,150,8
188,151,29
188,152,70
188,153,97
188,154,-42
188,155,99
188,156,4
188,157,-95
188,158,-58
188,159,34
188,160,-66
188,161,-26
188,162,7
188,163,14
188,164,-85
188,165,72
188,166,81
188,167,-26
188,168,3
188,169,-47
188,170,22
188,171,-50
188,172,-36
188,173,-72
188,174,93
188,175,-95
188,176,16
188,177,57
188,178,85
188,179,-39
188,180,-94
188,181,19
188,182,-38
188,183,43
188,184,98
188,185,67
188,186,-67
188,187,24
188,188,-87
188,189,-88
188,190,-68
188,191,58
188,192,40
188,193,-66
188,194,-7
188,195,14
188,196,49
188,197,92
188,198,-85
188,199,3
188,200,31
188,201,-75
188,202,-21
188,203,70
188,204,-28
188,205,51
188,206,-17
188,207,18
188,208,-90
188,209,46
188,210,-55
188,211,-8
188,212,32
188,213,33
188,214,51
188,215,23
188,216,-39
188,217,-72
188,218,-15
188,219,-73
188,220,42
188,221,97
188,222,45
188,223,62
188,224,28
188,225,85
188,226,-48
188,227,5
188,228,54
188,229,64
188,230,34
188,231,-43
188,232,19
188,233,-48
188,234,64
188,235,-10
188,236,-37
188,237,-62
188,238,91
188,239,49
188,240,-86
188,241,92
188,242,9
188,243,28
188,244,94
188,245,-70
188,246,99
188,247,85
188,248,-49
188,249,-27
188,250,48
188,251,-36
188,252,34
188,253,-91
188,254,11
188,255,-35
188,256,-44
188,257,38
188,258,95
188,259,45
188,260,-76
188,261,-41
188,262,73
188,263,-31
188,264,8
188,265,-82
188,266,-64
188,267,35
188,268,0
188,269,53
188,270,-90
188,271,65
188,272,96
188,273,-2
188,274,-71
188,275,4
188,276,-62
188,277,33
188,278,24
188,279,-80
188,280,-18
188,281,-1
188,282,47
188,283,31
188,284,-57
188,285,-99
188,286,33
188,287,-45
188,288,67
188,289,35
188,290,31
188,291,-72
188,292,79
188,293,-70
188,294,-68
188,295,62
188,296,-70
188,297,-100
188,298,95
188,299,-28
189,0,-1
189,1,-18
189,2,-34
189,3,-2
189,4,-7
189,5,3
189,6,38
189,7,2
189,8,-57
189,9,76
189,10,75
189,11,-41
189,12,-9
189,13,92
189,14,67
189,15,-97
189,16,69
189,17,42
189,18,-61
189,19,51
189,20,56
189,21,-83
189,22,36
189,23,1
189,24,89
189,25,52
189,26,65
189,27,-63
189,28,9
189,29,-26
189,30,18
189,31,59
189,32,15
189,33,50
189,34,-60
189,35,17
189,36,27
189,37,-16
189,38,-86
189,39,49
189,40,13
189,41,39
189,42,-96
189,43,83
189,44,-67
189,45,35
189,46,18
189,47,83
189,48,-39
189,49,69
189,50,69
189,51,-13
189,52,65
189,53,-12
189,54,-74
189,55,-96
189,56,94
189,57,-54
189,58,53
189,59,49
189,60,68
189,61,-9
189,62,64
189,63,-6
189,64,34
189,65,-11
189,66,-35
189,67,22
189,68,68
189,69,-65
189,70,-41
189,71,-71
189,72,-60
189,73,-44
189,74,-5
189,75,-69
189,76,-28
189,77,74
189,78,-9
189,79,55
189,80,10
189,81,-50
189,82,-26
189,83,-90
189,84,89
189,85,44
189,86,-66
189,87,88
189,88,80
189,89,21
189,90,84
189,91,18
189,92,96
189,93,14
189,94,70
189,95,-4
189,96,-9
189,97,59
189,98,-61
189,99,-25
189,100,74
189,101,57
189,102,31
189,103,22
189,104,43
189,105,70
189,106,-74
189,107,92
189,108,79
189,109,26
189,110,86
189,111,-31
189,112,31
189,113,-3
189,114,-27
189,115,89
189,116,-23
189,117,-61
189,118,-43
189,119,15
189,120,-5
189,121,15
189,122,-100
189,123,-77
189,124,-41
189,125,33
189,126,-94
189,127,14
189,128,-21
189,129,49
189,130,46
189,131,2
189,132,50
189,133,-93
189,134,-42
189,135,-98
189,136,7
189,137,-72
189,138,55
189,139,-12
189,140,99
189,141,-66
189,142,-34
189,143,72
189,144,86
189,145,-55
189,146,72
189,147,91
189,148,-34
189,149,-87
189,150,-98
189,151,79
189,152,-8
189,153,-94
189,154,-98
189,155,-44
189,156,62
189,157,42
189,158,-91
189,159,70
189,160,69
189,161,56
189,162,72
189,163,-70
189,164,-21
189,165,-13
189,166,-36
189,167,-79
189,168,-71
189,169,29
189,170,74
189,171,-9
189,172,-42
189,173,-36
189,174,86
189,175,65
189,176,-46
189,177,-88
189,178,-2
189,179,-75
189,180,-78
189,181,32
189,182,-46
189,183,66
189,184,-42
189,185,46
189,186,-12
189,187,-32
189,188,87
189,189,99
189,190,-64
189,191,68
189,192,-35
189,193,-74
189,194,-23
189,195,-74
189,196,76
189,197,-87
189,198,81
189,199,25
189,200,96
189,201,38
189,202,75
189,203,29
189,204,-69
189,205,22
189,206,73
189,207,24
189,208,73
189,209,-34
189,210,-75
189,211,34
189,212,27
189,213,-90
189,214,52
189,215,-18
189,216,-18
189,217,-39
189,218,59
189,219,24
189,220,-28
189,221,-18
189,222,-30
189,223,-56
189,224,36
189,225,-65
189,226,-1
189,227,22
189,228,-45
189,229,43
189,230,-84
189,231,32
189,232,-86
189,233,18
189,234,-78
189,235,-4
189,236,-7
189,237,-82
189,238,28
189,239,-88
189,240,82
189,241,32
189,242,96
189,243,78
189,244,-23
189,245,-87
189,246,-19
189,247,6
189,248,-89
189,249,-59
189,250,-25
189,251,-1
189,252,-56
189,253,10
189,254,-92
189,255,9
189,256,-35
189,257,45
189,258,-39
189,259,34
189,260,59
189,261,-62
189,262,25
189,263,9
189,264,65
189,265,74
189,266,-100
189,267,5
189,268,63
189,269,52
189,270,31
189,271,-75
189,272,-75
189,273,-58
189,274,79
189,275,-4
189,276,-20
189,277,50
189,278,81
189,279,94
189,280,72
189,281,52
189,282,-65
189,283,-29
189,284,-5
189,285,47
189,286,-18
189,287,-3
189,288,75
189,289,59
189,290,-90
189,291,-12
189,292,-100
189,293,-48
189,294,-21
189,295,72
189,296,65
189,297,-44
189,298,-39
189,299,19
190,0,10
190,1,54
190,2,-57
190,3,74
190,4,-48
190,5,0
190,6,-64
190,7,-74
190,8,9
190,9,61
190,10,61
190,11,39
190,12,-7
190,13,-2
190,14,30
190,15,-93
190,16,5
190,17,-84
190,18,36
190,19,-91
190,20,-8
190,21,-59
190,22,-78
190,23,56
190,24,87
190,25,-38
190,26,-12
190,27,63
190,28,-49
190,29,66
190,30,13
190,31,13
190,32,64
190,33,-82
190,34,22
190,35,56
190,36,-64
190,37,75
190,38,-29
190,39,-26
190,40,53
190,41,-52
190,42,64
190,43,-11
190,44,38
190,45,58
190,46,83
190,47,43
190,48,-29
190,49,50
190,50,-49
190,51,90
190,52,-31
190,53,64
190,54,-62
190,55,-14
190,56,4
190,57,22
190,58,-95
190,59,-17
190,60,89
190,61,13
190,62,-95
190,63,-66
190,64,-29
190,65,48
190,66,-51
190,67,-71
190,68,92
190,69,-96
190,70,62
190,71,-100
190,72,-40
190,73,-43
190,74,-72
190,75,-34
190,76,-42
190,77,-79
190,78,84
190,79,-31
190,80,-94
190,81,-54
190,82,-86
190,83,82
190,84,20
190,85,-73
190,86,55
190,87,-60
190,88,50
190,89,14
190,90,97
190,91,-95
190,92,-24
190,93,75
190,94,50
190,95,62
190,96,82
190,97,78
190,98,85
190,99,-9
190,100,-36
190,101,3
190,102,-61
190,103,55
190,104,-68
190,105,70
190,106,-54
190,107,31
190,108,97
190,109,13
190,110,-5
190,111,1
190,112,11
190,113,55
190,114,-69
190,115,-74
190,116,-86
190,117,60
190,118,52
190,119,94
190,120,54
190,121,-81
190,122,13
190,123,46
190,124,48
190,125,51
190,126,94
190,127,98
190,128,-70
190,129,-34
190,130,68
190,131,6
190,132,-22
190,133,44
190,134,-82
190,135,30
190,136,-42
190,137,-82
190,138,47
190,139,-6
190,140,-44
190,141,-50
190,142,-60
190,143,50
190,144,87
190,145,-4
190,146,46
190,147,42
190,148,-81
190,149,7
190,150,18
190,151,-11
190,152,58
190,153,-98
190,154,45
190,155,22
190,156,26
190,157,26
190,158,13
190,159,-56
190,160,-99
190,161,63
190,162,-77
190,163,-4
190,164,-6
190,165,-79
190,166,42
190,167,63
190,168,-12
190,169,63
190,170,76
190,171,52
190,172,-67
190,173,76
190,174,83
190,175,-58
190,176,-80
190,177,28
190,178,2
190,179,-40
190,180,-53
190,181,84
190,182,5
190,183,55
190,184,99
190,185,42
190,186,62
190,187,-18
190,188,-95
190,189,8
190,190,-81
190,191,-94
190,192,-69
190,193,-4
190,194,81
190,195,-98
190,196,-18
190,197,1
190,198,-24
190,199,-55
190,200,19
190,201,-30
190,202,-70
190,203,12
190,204,6
190,205,-96
190,206,53
190,207,11
190,208,65
190,209,3
190,210,60
190,211,-56
190,212,-10
190,213,-2
190,214,-67
190,215,13
190,216,62
190,217,63
190,218,47
190,219,-27
190,220,-32
190,221,-13
190,222,65
190,223,-28
190,224,85
190,225,44
190,226,53
190,227,68
190,228,79
190,229,60
190,230,-48
190,231,55
190,232,2
190,233,-9
190,234,-50
190,235,-39
190,236,98
190,237,-64
190,238,18
190,239,38
190,240,-25
190,241,-4
190,242,-83
190,243,24
190,244,46
190,245,23
190,246,48
190,247,63
190,248,29
190,249,64
190,250,-89
190,251,-60
190,252,-87
190,253,38
190,254,53
190,255,61
190,256,47
190,257,93
190,258,-50
190,259,91
190,260,-67
190,261,56
190,262,10
190,263,-52
190,264,23
190,265,-4
190,266,54
190,267,13
190,268,93
190,269,38
190,270,27
190,271,-15
190,272,58
190,273,-78
190,274,-99
190,275,-98
190,276,93
190,277,-50
190,278,12
190,279,3
190,280,-72
190,281,-72
190,282,45
190,283,-12
190,284,-81
190,285,65
190,286,17
190,287,-1
190,288,86
190,289,-32
190,290,-40
190,291,57
190,292,-84
190,293,-30
190,294,60
190,295,49
190,296,-5
190,297,-83
190,298,27
190,299,-33
191,0,95
191,1,-83
191,2,24
191,3,-82
191,4,59
191,5,-3
191,6,-36
191,7,-94
191,8,95
191,9,-65
191,10,47
191,11,53
191,12,43
191,13,73
191,14,-54
191,15,-33
191,16,58
191,17,1
191,18,-72
191,19,23
191,20,-31
191,21,-78
191,22,-4
191,23,98
191,24,-52
191,25,-27
191,26,-92
191,27,49
191,28,63
191,29,88
191,30,-8
191,31,79
191,32,9
191,33,-80
191,34,21
191,35,-71
191,36,85
191,37,-57
191,38,74
191,39,27
191,40,-8
191,41,94
191,42,-69
191,43,-90
191,44,-35
191,45,85
191,46,0
191,47,67
191,48,-85
191,49,56
191,50,-86
191,51,74
191,52,-15
191,53,59
191,54,37
191,55,53
191,56,-100
191,57,13
191,58,52
191,59,-42
191,60,24
191,61,-47
191,62,-8
191,63,77
191,64,-30
191,65,12
191,66,22
191,67,3
191,68,62
191,69,-62
191,70,9
191,71,30
191,72,7
191,73,58
191,74,9
191,75,-18
191,76,-73
191,77,16
191,78,-14
191,79,-45
191,80,-7
191,81,-38
191,82,-5
191,83,-21
191,84,-24
191,85,52
191,86,-2
191,87,-88
191,88,73
191,89,-15
191,90,46
191,91,47
191,92,-80
191,93,-67
191,94,-91
191,95,-66
191,96,60
191,97,-10
191,98,71
191,99,-54
191,100,-12
191,101,83
191,102,86
191,103,46
191,104,-34
191,105,-77
191,106,-32
191,107,18
191,108,-50
191,109,18
191,110,9
191,111,39
191,112,-1
191,113,86
191,114,36
191,115,7
191,116,51
191,117,-43
191,118,58
191,119,90
191,120,-85
191,121,-28
191,122,-15
191,123,-65
191,124,-5
191,125,78
191,126,26
191,127,-76
191,128,58
191,129,-87
191,130,-1
191,131,-67
191,132,-22
191,133,23
191,134,77
191,135,12
191,136,28
191,137,-91
191,138,-81
191,139,-61
191,140,13
191,141,-83
191,142,50
191,143,56
191,144,-70
191,145,86
191,146,94
191,147,-71
191,148,-63
191,149,67
191,150,-97
191,151,88
191,152,96
191,153,88
191,154,1
191,155,-1
191,156,-84
191,157,-50
191,158,-100
191,159,63
191,160,-17
191,161,13
191,162,95
191,163,-31
191,164,54
191,165,-60
191,166,27
191,167,10
191,168,16
191,169,-12
191,170,8
191,171,-13
191,172,-29
191,173,-64
191,174,43
191,175,49
191,176,97
191,177,33
191,178,-53
191,179,-74
191,180,30
191,181,-79
191,182,-18
191,183,-44
191,184,-2
191,185,-46
191,186,-12
191,187,44
191,188,36
191,189,25
191,190,-81
191,191,-76
191,192,-84
191,193,-97
191,194,-17
191,195,-91
191,196,7
191,197,-92
191,198,-66
191,199,18
191,200,89
191,201,-64
191,202,-44
191,203,95
191,204,-30
191,205,-13
191,206,-3
191,207,-2
191,208,54
191,209,38
191,210,-1
191,211,-64
191,212,-100
191,213,-26
191,214,62
191,215,20
191,216,-12
191,217,-14
191,218,88
191,219,-24
191,220,29
191,221,-9
191,222,71
191,223,42
191,224,-59
191,225,-75
191,226,-39
191,227,8
191,228,-62
191,229,59
191,230,79
191,231,-6
191,232,-57
191,233,60
191,234,32
191,235,-49
191,236,-78
191,237,52
191,238,94
191,239,-30
191,240,-97
191,241,77
191,242,-87
191,243,-39
191,244,-29
191,245,-20
191,246,52
191,247,54
191,248,-75
191,249,-23
191,250,-50
191,251,55
191,252,-1
191,253,-58
191,254,5
191,255,-2
191,256,-83
191,257,-42
191,258,-53
191,259,35
191,260,0
191,261,-46
191,262,-63
191,263,77
191,264,31
191,265,41
191,266,93
191,267,-34
191,268,-47
191,269,-70
191,270,80
191,271,-85
191,272,39
191,273,-83
191,274,67
191,275,32
191,276,-60
191,277,-57
191,278,-44
191,279,-62
191,280,-99
191,281,27
191,282,72
191,283,5
191,284,-60
191,285,-42
191,286,93
191,287,-46
191,288,-26
191,289,26
191,290,16
191,291,-59
191,292,-94
191,293,58
191,294,-11
191,295,-19
191,296,-93
191,297,-56
191,298,-10
191,299,-4
192,0,-48
192,1,83
192,2,84
192,3,2
192,4,21
192,5,83
192,6,-20
192,7,18
192,8,39
192,9,40
192,10,12
192,11,-30
192,12,59
192,13,-48
192,14,-45
192,15,15
192,16,-59
192,17,-16
192,18,25
192,19,-6
192,20,17
192,21,-8
192,22,2
192,23,-37
192,24,98
192,25,87
192,26,35
192,27,25
192,28,44
192,29,96
192,30,53
192,31,-46
192,32,-85
192,33,79
192,34,-61
192,35,-65
192,36,-81
192,37,-72
192,38,-35
192,39,61
192,40,47
192,41,-7
192,42,-85
192,43,-2
192,44,43
192,45,8
192,46,62
192,47,-67
192,48,54
192,49,-79
192,50,16
192,51,97
192,52,45
192,53,77
192,54,-55
192,55,-99
192,56,-2
192,57,94
192,58,-3
192,59,-97
192,60,-66
192,61,-40
192,62,-22
192,63,-24
192,64,33
192,65,-89
192,66,-52
192,67,-43
192,68,20
192,69,-94
192,70,26
192,71,-11
192,72,-50
192,73,-41
192,74,36
192,75,-65
192,76,96
192,77,-42
192,78,82
192,79,95
192,80,60
192,81,-59
192,82,-39
192,83,-12
192,84,31
192,85,-97
192,86,0
192,87,-61
192,88,99
192,89,-17
192,90,56
192,91,-48
192,92,91
192,93,-16
192,94,29
192,95,26
192,96,-83
192,97,-37
192,98,-70
192,99,10
192,100,-18
192,101,-19
192,102,-17
192,103,-15
192,104,-36
192,105,64
192,106,1
192,107,73
192,108,53
192,109,85
192,110,-18
192,111,-29
192,112,-34
192,113,38
192,114,-63
192,115,-41
192,116,-60
192,117,-69
192,118,-23
192,119,94
192,120,98
192,121,-43
192,122,-76
192,123,-24
192,124,86
192,125,-36
192,126,-84
192,127,-96
192,128,64
192,129,89
192,130,72
192,131,-7
192,132,90
192,133,-82
192,134,78
192,135,-22
192,136,48
192,137,16
192,138,-59
192,139,29
192,140,-90
192,141,-95
192,142,-27
192,143,36
192,144,13
192,145,-47
192,146,94
192,147,94
192,148,-16
192,149,-79
192,150,0
192,151,51
192,152,-58
192,153,35
192,154,79
192,155,-78
192,156,67
192,157,54
192,158,-17
192,159,-68
192,160,49
192,161,-87
192,162,46
192,163,-43
192,164,66
192,165,9
192,166,-28
192,167,-38
192,168,-26
192,169,38
192,170,-47
192,171,64
192,172,-9
192,173,30
192,174,-79
192,175,-43
192,176,21
192,177,-45
192,178,-81
192,179,96
192,180,41
192,181,-64
192,182,7
192,183,17
192,184,6
192,185,-42
192,186,-49
192,187,59
192,188,79
192,189,26
192,190,-11
192,191,-78
192,192,9
192,193,-41
192,194,67
192,195,90
192,196,-42
192,197,39
192,198,63
192,199,9
192,200,-74
192,201,-43
192,202,-85
192,203,25
192,204,-93
192,205,-84
192,206,36
192,207,50
192,208,-1
192,209,-7
192,210,-70
192,211,63
192,212,-70
192,213,90
192,214,37
192,215,66
192,216,-59
192,217,49
192,218,71
192,219,-55
192,220,-80
192,221,-96
192,222,98
192,223,-66
192,224,-90
192,225,84
192,226,-2
192,227,-59
192,228,-33
192,229,44
192,230,52
192,231,-83
192,232,-87
192,233,-31
192,234,61
192,235,-37
192,236,35
192,237,6
192,238,-26
192,239,-10
192,240,56
192,241,-95
192,242,62
192,243,98
192,244,-54
192,245,61
192,246,-12
192,247,-82
192,248,96
192,249,43
192,250,4
192,251,23
192,252,-9
192,253,-5
192,254,47
192,255,-20
192,256,-62
192,257,82
192,258,95
192,259,32
192,260,5
192,261,73
192,262,61
192,263,-29
192,264,45
192,265,-41
192,266,-31
192,267,14
192,268,-2
192,269,26
192,270,91
192,271,-83
192,272,51
192,273,17
192,274,47
192,275,7
192,276,30
192,277,18
192,278,-46
192,279,58
192,280,38
192,281,-54
192,282,42
192,283,-92
192,284,-79
192,285,-51
192,286,-70
192,287,31
192,288,27
192,289,-83
192,290,-18
192,291,-3
192,292,39
192,293,-24
192,294,-5
192,295,-64
192,296,-6
192,297,-96
192,298,97
192,299,7
193,0,-79
193,1,54
193,2,-37
193,3,-12
193,4,29
193,5,4
193,6,-38
193,7,86
193,8,-25
193,9,20
193,10,27
193,11,-57
193,12,30
193,13,-9
193,14,51
193,15,52
193,16,87
193,17,-54
193,18,88
193,19,94
193,20,-70
193,21,76
193,22,59
193,23,32
193,24,-65
193,25,-56
193,26,50
193,27,58
193,28,99
193,29,-99
193,30,-25
193,31,-13
193,32,68
193,33,-93
193,34,96
193,35,-22
193,36,-84
193,37,14
193,38,-70
193,39,43
193,40,92
193,41,58
193,42,51
193,43,84
193,44,-98
193,45,72
193,46,17
193,47,39
193,48,96
193,49,89
193,50,-41
193,51,13
193,52,25
193,53,-98
193,54,-65
193,55,-64
193,56,-94
193,57,32
193,58,-18
193,59,-81
193,60,42
193,61,34
193,62,50
193,63,64
193,64,-99
193,65,16
193,66,-22
193,67,-58
193,68,-74
193,69,-3
193,70,57
193,71,-59
193,72,5
193,73,41
193,74,-48
193,75,-95
193,76,8
193,77,13
193,78,-54
193,79,47
193,80,38
193,81,-82
193,82,-3
193,83,34
193,84,32
193,85,-48
193,86,-19
193,87,-11
193,88,74
193,89,-32
193,90,-72
193,91,63
193,92,-30
193,93,-28
193,94,97
193,95,41
193,96,-30
193,97,62
193,98,-73
193,99,-66
193,100,-57
193,101,-34
193,102,-34
193,103,-16
193,104,-90
193,105,82
193,106,-31
193,107,-47
193,108,-1
193,109,-80
193,110,73
193,111,35
193,112,-66
193,113,19
193,114,-12
193,115,-73
193,116,-70
193,117,41
193,118,66
193,119,93
193,120,6
193,121,-76
193,122,58
193,123,-69
193,124,28
193,125,-79
193,126,37
193,127,50
193,128,-31
193,129,-72
193,130,81
193,131,-68
193,132,82
193,133,-47
193,134,-18
193,135,-51
193,136,84
193,137,27
193,138,16
193,139,-28
193,140,69
193,141,-94
193,142,-41
193,143,43
193,144,4
193,145,54
193,146,59
193,147,-49
193,148,-20
193,149,-8
193,150,-19
193,151,87
193,152,-9
193,153,-3
193,154,67
193,155,-28
193,156,-74
193,157,-95
193,158,27
193,159,-60
193,160,61
193,161,-18
193,162,-18
193,163,-9
193,164,41
193,165,-81
193,166,-92
193,167,39
193,168,-92
193,169,47
193,170,-59
193,171,-50
193,172,25
193,173,-43
193,174,-24
193,175,85
193,176,-64
193,177,73
193,178,7
193,179,47
193,180,31
193,181,-86
193,182,-29
193,183,-38
193,184,-90
193,185,28
193,186,-81
193,187,-76
193,188,-9
193,189,32
193,190,79
193,191,-74
193,192,-44
193,193,98
193,194,96
193,195,-84
193,196,-41
193,197,58
193,198,57
193,199,-50
193,200,55
193,201,-82
193,202,28
193,203,50
193,204,-3
193,205,89
193,206,74
193,207,-82
193,208,-22
193,209,77
193,210,-71
193,211,-81
193,212,71
193,213,-25
193,214,-67
193,215,10
193,216,96
193,217,14
193,218,8
193,219,97
193,220,77
193,221,-55
193,222,-9
193,223,31
193,224,-40
193,225,-62
193,226,29
193,227,47
193,228,-59
193,229,-62
193,230,81
193,231,71
193,232,55
193,233,94
193,234,76
193,235,-89
193,236,-78
193,237,71
193,238,88
193,239,89
193,240,52
193,241,54
193,242,83
193,243,94
193,244,-36
193,245,-30
193,246,-30
193,247,-51
193,248,-88
193,249,41
193,250,-19
193,251,-38
193,252,-1
193,253,-34
193,254,-8
193,255,43
193,256,12
193,257,88
193,258,30
193,259,-71
193,260,-71
193,261,23
193,262,35
193,263,-18
193,264,-46
193,265,-91
193,266,-10
193,267,-24
193,268,-77
193,269,39
193,270,97
193,271,-95
193,272,-90
193,273,-86
193,274,-61
193,275,75
193,276,-41
193,277,61
193,278,-94
193,279,-8
193,280,17
193,281,55
193,282,28
193,283,15
193,284,26
193,285,-56
193,286,0
193,287,30
193,288,-27
193,289,-93
193,290,9
193,291,-17
193,292,-11
193,293,-80
193,294,52
193,295,-14
193,296,-90
193,297,63
193,298,15
193,299,-46
194,0,25
194,1,20
194,2,-50
194,3,-5
194,4,-58
194,5,-23
194,6,60
194,7,2
194,8,-67
194,9,42
194,10,-95
194,11,19
194,12,-87
194,13,-4
194,14,56
194,15,68
194,16,-73
194,17,-69
194,18,-89
194,19,-72
194,20,-64
194,21,-2
194,22,-87
194,23,-20
194,24,-75
194,25,4
194,26,0
194,27,58
194,28,-50
194,29,96
194,30,-39
194,31,77
194,32,66
194,33,69
194,34,-66
194,35,77
194,36,58
194,37,92
194,38,71
194,39,-42
194,40,67
194,41,49
194,42,91
194,43,79
194,44,63
194,45,39
194,46,-47
194,47,-49
194,48,16
194,49,-74
194,50,-12
194,51,70
194,52,14
194,53,-76
194,54,-14
194,55,-18
194,56,27
194,57,-48
194,58,-82
194,59,-96
194,60,91
194,61,83
194,62,8
194,63,9
194,64,35
194,65,-10
194,66,13
194,67,22
194,68,-49
194,69,70
194,70,-28
194,71,80
194,72,-24
194,73,4
194,74,-31
194,75,-20
194,76,-11
194,77,-40
194,78,-43
194,79,-26
194,80,-7
194,81,62
194,82,76
194,83,-58
194,84,20
194,85,-18
194,86,96
194,87,-62
194,88,-88
194,89,46
194,90,6
194,91,10
194,92,-65
194,93,85
194,94,10
194,95,83
194,96,5
194,97,-17
194,98,-53
194,99,85
194,100,-13
194,101,-1
194,102,-98
194,103,-4
194,104,-76
194,105,29
194,106,57
194,107,-2
194,108,-66
194,109,15
194,110,-73
194,111,-100
194,112,-75
194,113,64
194,114,52
194,115,71
194,116,-69
194,117,3
194,118,-18
194,119,-12
194,120,-27
194,121,44
194,122,2
194,123,-98
194,124,-51
194,125,58
194,126,-94
194,127,-7
194,128,-24
194,129,25
194,130,-65
194,131,-6
194,132,40
194,133,-55
194,134,11
194,135,9
194,136,-8
194,137,-43
194,138,-97
194,139,-49
194,140,1
194,141,-91
194,142,-35
194,143,-48
194,144,38
194,145,-86
194,146,-54
194,147,18
194,148,-7
194,149,54
194,150,49
194,151,79
194,152,72
194,153,21
194,154,90
194,155,-73
194,156,13
194,157,55
194,158,13
194,159,83
194,160,-79
194,161,-83
194,162,54
194,163,69
194,164,73
194,165,29
194,166,-46
194,167,21
194,168,-76
194,169,37
194,170,-12
194,171,93
194,172,19
194,173,-33
194,174,-11
194,175,-77
194,176,-88
194,177,-36
194,178,-61
194,179,99
194,180,-20
194,181,17
194,182,-62
194,183,81
194,184,-20
194,185,-65
194,186,15
194,187,73
194,188,-66
194,189,76
194,190,-43
194,191,57
194,192,37
194,193,49
194,194,-90
194,195,-89
194,196,68
194,197,-29
194,198,21
194,199,8
194,200,70
194,201,58
194,202,22
194,203,-39
194,204,-11
194,205,-86
194,206,95
194,207,80
194,208,0
194,209,72
194,210,-95
194,211,-7
194,212,-58
194,213,-84
194,214,79
194,215,1
194,216,-61
194,217,44
194,218,72
194,219,-18
194,220,-96
194,221,47
194,222,-78
194,223,21
194,224,3
194,225,-11
194,226,40
194,227,19
194,228,43
194,229,-13
194,230,-7
194,231,-15
194,232,-96
194,233,-76
194,234,84
194,235,45
194,236,49
194,237,17
194,238,81
194,239,-93
194,240,-78
194,241,-77
194,242,7
194,243,-50
194,244,-7
194,245,17
194,246,0
194,247,-93
194,248,-44
194,249,55
194,250,72
194,251,97
194,252,-57
194,253,90
194,254,-99
194,255,-41
194,256,10
194,257,-25
194,258,10
194,259,87
194,260,-9
194,261,35
194,262,-51
194,263,35
194,264,-11
194,265,-27
194,266,-75
194,267,-18
194,268,-55
194,269,-98
194,270,72
194,271,34
194,272,-48
194,273,-40
194,274,-9
194,275,-18
194,276,-5
194,277,45
194,278,13
194,279,3
194,280,41
194,281,-81
194,282,55
194,283,81
194,284,-11
194,285,80
194,286,-19
194,287,-3
194,288,-25
194,289,-44
194,290,-9
194,291,2
194,292,-74
194,293,12
194,294,-81
194,295,14
194,296,86
194,297,87
194,298,-46
194,299,91
195,0,54
195,1,79
195,2,-82
195,3,63
195,4,-70
195,5,-4
195,6,62
195,7,0
195,8,-93
195,9,-60
195,10,79
195,11,-94
195,12,-58
195,13,-4
195,14,37
195,15,49
195,16,-85
195,17,-49
195,18,-63
195,19,84
195,20,-43
195,21,90
195,22,-1
195,23,60
195,24,-76
195,25,46
195,26,-28
195,27,13
195,28,-56
195,29,-82
195,30,86
195,31,37
195,32,-34
195,33,-96
195,34,-7
195,35,55
195,36,12
195,37,-37
195,38,-5
195,39,-92
195,40,-28
195,41,25
195,42,-51
195,43,-22
195,44,-35
195,45,98
195,46,-76
195,47,-68
195,48,-72
195,49,-10
195,50,-84
195,51,28
195,52,-67
195,53,-15
195,54,22
195,55,-10
195,56,78
195,57,79
195,58,-21
195,59,-98
195,60,-26
195,61,53
195,62,-11
195,63,-57
195,64,-30
195,65,73
195,66,-59
195,67,-66
195,68,71
195,69,-54
195,70,-27
195,71,-12
195,72,-78
195,73,73
195,74,-60
195,75,-80
195,76,70
195,77,30
195,78,46
195,79,-9
195,80,-43
195,81,89
195,82,-97
195,83,-62
195,84,-70
195,85,-8
195,86,47
195,87,-71
195,88,87
195,89,-73
195,90,16
195,91,70
195,92,61
195,93,4
195,94,14
195,95,-97
195,96,-70
195,97,57
195,98,-68
195,99,21
195,100,36
195,101,0
195,102,-23
195,103,-54
195,104,-72
195,105,-15
195,106,-42
195,107,-19
195,108,-49
195,109,92
195,110,-79
195,111,-99
195,112,-77
195,113,58
195,114,-27
195,115,47
195,116,-93
195,117,25
195,118,0
195,119,36
195,120,-45
195,121,-9
195,122,-61
195,123,50
195,124,-11
195,125,-22
195,126,56
195,127,93
195,128,88
195,129,86
195,130,42
195,131,61
195,132,44
195,133,-3
195,134,80
195,135,18
195,136,62
195,137,5
195,138,35
195,139,-10
195,140,25
195,141,-48
195,142,-45
195,143,47
195,144,92
195,145,87
195,146,-68
195,147,95
195,148,73
195,149,-1
195,150,0
195,151,-21
195,152,-94
195,153,-86
195,154,-70
195,155,-45
195,156,30
195,157,-2
195,158,13
195,159,-56
195,160,47
195,161,-1
195,162,75
195,163,-1
195,164,34
195,165,17
195,166,41
195,167,58
195,168,97
195,169,65
195,170,-54
195,171,-46
195,172,-49
195,173,4
195,174,-83
195,175,92
195,176,99
195,177,-24
195,178,-98
195,179,-23
195,180,-60
195,181,-90
195,182,54
195,183,10
195,184,-39
195,185,-26
195,186,52
195,187,-16
195,188,-8
195,189,-58
195,190,28
195,191,-72
195,192,95
195,193,32
195,194,70
195,195,-58
195,196,95
195,197,-24
195,198,-7
195,199,-94
195,200,57
195,201,-45
195,202,71
195,203,80
195,204,-35
195,205,-39
195,206,20
195,207,47
195,208,50
195,209,-21
195,210,98
195,211,-50
195,212,-81
195,213,-59
195,214,19
195,215,95
195,216,50
195,217,-19
195,218,77
195,219,-18
195,220,54
195,221,-16
195,222,-33
195,223,-79
195,224,-57
195,225,37
195,226,18
195,227,97
195,228,35
195,229,-84
195,230,14
195,231,18
195,232,4
195,233,-2
195,234,31
195,235,-89
195,236,41
195,237,11
195,238,99
195,239,32
195,240,5
195,241,79
195,242,-41
195,243,55
195,244,-14
195,245,6
195,246,-11
195,247,94
195,248,51
195,249,66
195,250,9
195,251,-99
195,252,-100
195,253,-23
195,254,85
195,255,-35
195,256,-56
195,257,77
195,258,96
195,259,35
195,260,-48
195,261,-52
195,262,7
195,263,87
195,264,-22
195,265,12
195,266,-65
195,267,38
195,268,-90
195,269,-18
195,270,59
195,271,-15
195,272,-75
195,273,58
195,274,-35
195,275,-84
195,276,7
195,277,61
195,278,84
195,279,-3
195,280,9
195,281,30
195,282,84
195,283,-45
195,284,62
195,285,56
195,286,-38
195,287,-74
195,288,79
195,289,0
195,290,-91
195,291,-9
195,292,63
195,293,71
195,294,-43
195,295,-18
195,296,-52
195,297,-54
195,298,-66
195,299,74
196,0,-26
196,1,-86
196,2,-88
196,3,-33
196,4,-1
196,5,57
196,6,42
196,7,-97
196,8,48
196,9,-89
196,10,87
196,11,-73
196,12,-85
196,13,76
196,14,15
196,15,-19
196,16,2
196,17,-52
196,18,42
196,19,-37
196,20,-81
196,21,76
196,22,43
196,23,-66
196,24,-60
196,25,1
196,26,54
196,27,55
196,28,52
196,29,92
196,30,89
196,31,-55
196,32,30
196,33,-48
196,34,-53
196,35,28
196,36,76
196,37,7
196,38,90
196,39,-34
196,40,-90
196,41,63
196,42,16
196,43,62
196,44,14
196,45,36
196,46,91
196,47,13
196,48,-98
196,49,8
196,50,16
196,51,-45
196,52,-34
196,53,-44
196,54,14
196,55,62
196,56,-42
196,57,-81
196,58,-15
196,59,-79
196,60,7
196,61,-33
196,62,20
196,63,65
196,64,52
196,65,-62
196,66,-63
196,67,31
196,68,48
196,69,63
196,70,64
196,71,-49
196,72,30
196,73,-60
196,74,89
196,75,-25
196,76,85
196,77,-14
196,78,29
196,79,55
196,80,-59
196,81,85
196,82,2
196,83,-40
196,84,-79
196,85,-50
196,86,50
196,87,-4
196,88,-65
196,89,14
196,90,-90
196,91,41
196,92,21
196,93,67
196,94,67
196,95,49
196,96,69
196,97,-41
196,98,53
196,99,81
196,100,-58
196,101,77
196,102,-75
196,103,-97
196,104,-42
196,105,9
196,106,64
196,107,-12
196,108,9
196,109,51
196,110,-21
196,111,-1
196,112,-6
196,113,-56
196,114,84
196,115,-31
196,116,45
196,117,80
196,118,-84
196,119,49
196,120,-57
196,121,-78
196,122,-50
196,123,40
196,124,-25
196,125,-68
196,126,30
196,127,46
196,128,51
196,129,61
196,130,-46
196,131,-100
196,132,33
196,133,-77
196,134,-70
196,135,-90
196,136,87
196,137,-100
196,138,12
196,139,-21
196,140,16
196,141,-26
196,142,60
196,143,-74
196,144,-24
196,145,12
196,146,-36
196,147,-41
196,148,-97
196,149,-67
196,150,26
196,151,57
196,152,2
196,153,39
196,154,31
196,155,-89
196,156,-67
196,157,-2
196,158,-46
196,159,9
196,160,42
196,161,-66
196,162,67
196,163,25
196,164,-56
196,165,-13
196,166,59
196,167,4
196,168,-86
196,169,18
196,170,74
196,171,-85
196,172,19
196,173,6
196,174,23
196,175,-58
196,176,-97
196,177,-82
196,178,-94
196,179,-75
196,180,37
196,181,95
196,182,31
196,183,-42
196,184,20
196,185,36
196,186,13
196,187,48
196,188,-89
196,189,-38
196,190,70
196,191,-5
196,192,49
196,193,51
196,194,-21
196,195,30
196,196,-65
196,197,60
196,198,-83
196,199,-65
196,200,-14
196,201,-55
196,202,-39
196,203,89
196,204,78
196,205,21
196,206,-93
196,207,-71
196,208,35
196,209,57
196,210,73
196,211,-64
196,212,-94
196,213,-5
196,214,-33
196,215,44
196,216,20
196,217,60
196,218,-13
196,219,32
196,220,3
196,221,56
196,222,-29
196,223,-97
196,224,-4
196,225,2
196,226,-66
196,227,33
196,228,-2
196,229,9
196,230,-62
196,231,67
196,232,49
196,233,69
196,234,-57
196,235,-50
196,236,45
196,237,-50
196,238,-28
196,239,-36
196,240,96
196,241,-58
196,242,81
196,243,-43
196,244,-38
196,245,43
196,246,-18
196,247,-61
196,248,-46
196,249,-88
196,250,-6
196,251,31
196,252,26
196,253,-91
196,254,79
196,255,-85
196,256,6
196,257,14
196,258,-99
196,259,17
196,260,63
196,261,27
196,262,-54
196,263,-44
196,264,73
196,265,-31
196,266,-45
196,267,-14
196,268,18
196,269,-26
196,270,-21
196,271,-72
196,272,-76
196,273,-35
196,274,-33
196,275,-14
196,276,64
196,277,83
196,278,-55
196,279,96
196,280,-62
196,281,-84
196,282,8
196,283,85
196,284,-14
196,285,8
196,286,43
196,287,-2
196,288,-99
196,289,36
196,290,-46
196,291,44
196,292,-66
196,293,19
196,294,-6
196,295,46
196,296,19
196,297,-32
196,298,-24
196,299,44
197,0,86
197,1,35
197,2,22
197,3,75
197,4,-98
197,5,33
197,6,17
197,7,18
197,8,-69
197,9,53
197,10,-22
197,11,-52
197,12,-60
197,13,21
197,14,-40
197,15,-1
197,16,-98
197,17,-81
197,18,-82
197,19,1
197,20,80
197,21,-61
197,22,-85
197,23,-90
197,24,-98
197,25,80
197,26,47
197,27,86
197,28,-99
197,29,-100
197,30,-23
197,31,-21
197,32,91
197,33,-74
197,34,-61
197,35,-12
197,36,75
197,37,-47
197,38,93
197,39,-6
197,40,-62
197,41,-9
197,42,-80
197,43,-77
197,44,39
197,45,5
197,46,45
197,47,-61
197,48,37
197,49,95
197,50,-45
197,51,-36
197,52,-78
197,53,51
197,54,-52
197,55,19
197,56,-62
197,57,-44
197,58,-51
197,59,38
197,60,42
197,61,-36
197,62,-34
197,63,-4
197,64,57
197,65,-30
197,66,83
197,67,42
197,68,-6
197,69,-72
197,70,47
197,71,-100
197,72,-42
197,73,-59
197,74,20
197,75,-52
197,76,20
197,77,-24
197,78,4
197,79,-65
197,80,-43
197,81,-11
197,82,-40
197,83,78
197,84,21
197,85,79
197,86,-81
197,87,-88
197,88,40
197,89,71
197,90,47
197,91,11
197,92,60
197,93,93
197,94,-88
197,95,-90
197,96,30
197,97,63
197,98,-60
197,99,52
197,100,8
197,101,2
197,102,32
197,103,76
197,104,-8
197,105,-46
197,106,44
197,107,44
197,108,-67
197,109,-100
197,110,83
197,111,81
197,112,1
197,113,6
197,114,31
197,115,-58
197,116,-31
197,117,99
197,118,-46
197,119,79
197,120,-40
197,121,49
197,122,3
197,123,-33
197,124,12
197,125,-39
197,126,-20
197,127,18
197,128,85
197,129,-96
197,130,84
197,131,-44
197,132,57
197,133,-61
197,134,-87
197,135,26
197,136,-32
197,137,-13
197,138,20
197,139,-32
197,140,52
197,141,-79
197,142,33
197,143,-70
197,144,79
197,145,79
197,146,42
197,147,-93
197,148,54
197,149,60
197,150,97
197,151,-34
197,152,52
197,153,16
197,154,-85
197,155,57
197,156,-23
197,157,17
197,158,-13
197,159,32
197,160,48
197,161,98
197,162,-5
197,163,51
197,164,67
197,165,69
197,166,-4
197,167,90
197,168,-44
197,169,-46
197,170,64
197,171,-45
197,172,84
197,173,-3
197,174,33
197,175,54
197,176,-23
197,177,-92
197,178,50
197,179,-32
197,180,-43
197,181,70
197,182,83
197,183,-57
197,184,-73
197,185,52
197,186,-78
197,187,-80
197,188,36
197,189,28
197,190,-73
197,191,-34
197,192,1
197,193,-26
197,194,82
197,195,-37
197,196,-81
197,197,-36
197,198,18
197,199,-82
197,200,82
197,201,-12
197,202,-2
197,203,48
197,204,69
197,205,41
197,206,-34
197,207,-41
197,208,-41
197,209,-53
197,210,-39
197,211,83
197,212,-63
197,213,7
197,214,-13
197,215,-13
197,216,-78
197,217,-96
197,218,11
197,219,-6
197,220,42
197,221,22
197,222,-24
197,223,96
197,224,45
197,225,31
197,226,67
197,227,-50
197,228,1
197,229,91
197,230,81
197,231,-12
197,232,-71
197,233,-100
197,234,66
197,235,60
197,236,56
197,237,17
197,238,-41
197,239,-72
197,240,-5
197,241,-22
197,242,-25
197,243,6
197,244,-78
197,245,39
197,246,-5
197,247,44
197,248,11
197,249,-73
197,250,-3
197,251,-9
197,252,67
197,253,72
197,254,-20
197,255,-81
197,256,54
197,257,-25
197,258,56
197,259,87
197,260,40
197,261,10
197,262,-54
197,263,-16
197,264,-25
197,265,64
197,266,-5
197,267,-76
197,268,2
197,269,28
197,270,-63
197,271,-89
197,272,4
197,273,-69
197,274,-18
197,275,54
197,276,31
197,277,61
197,278,66
197,279,-82
197,280,-57
197,281,-43
197,282,15
197,283,26
197,284,-65
197,285,-81
197,286,7
197,287,79
197,288,86
197,289,72
197,290,-90
197,291,40
197,292,-67
197,293,-70
197,294,16
197,295,25
197,296,84
197,297,-27
197,298,-69
197,299,-32
198,0,62
198,1,-60
198,2,-76
198,3,-39
198,4,30
198,5,19
198,6,-35
198,7,43
198,8,-53
198,9,-93
198,10,11
198,11,99
198,12,-77
198,13,-1
198,14,-66
198,15,45
198,16,73
198,17,57
198,18,56
198,19,91
198,20,-74
198,21,25
198,22,-34
198,23,-69
198,24,-72
198,25,54
198,26,-11
198,27,88
198,28,2
198,29,30
198,30,21
198,31,-23
198,32,-63
198,33,-43
198,34,-25
198,35,27
198,36,96
198,37,21
198,38,75
198,39,-25
198,40,22
198,41,-20
198,42,31
198,43,43
198,44,59
198,45,-43
198,46,10
198,47,-46
198,48,93
198,49,27
198,50,52
198,51,27
198,52,92
198,53,93
198,54,-93
198,55,-3
198,56,-35
198,57,-63
198,58,-53
198,59,-19
198,60,-37
198,61,-42
198,62,-65
198,63,-96
198,64,-18
198,65,65
198,66,60
198,67,-91
198,68,-61
198,69,-38
198,70,-53
198,71,-35
198,72,-59
198,73,-32
198,74,-56
198,75,9
198,76,96
198,77,-46
198,78,-41
198,79,30
198,80,43
198,81,97
198,82,74
198,83,-76
198,84,27
198,85,-2
198,86,-76
198,87,34
198,88,-98
198,89,-76
198,90,-53
198,91,6
198,92,29
198,93,20
198,94,95
198,95,13
198,96,54
198,97,9
198,98,-85
198,99,-14
198,100,-31
198,101,13
198,102,25
198,103,79
198,104,-56
198,105,50
198,106,-29
198,107,22
198,108,45
198,109,21
198,110,-87
198,111,47
198,112,-61
198,113,29
198,114,-79
198,115,-37
198,116,32
198,117,16
198,118,-54
198,119,-13
198,120,-40
198,121,-48
198,122,18
198,123,76
198,124,-96
198,125,84
198,126,-60
198,127,-38
198,128,-75
198,129,-29
198,130,12
198,131,91
198,132,76
198,133,24
198,134,61
198,135,-98
198,136,33
198,137,-75
198,138,3
198,139,64
198,140,-76
198,141,-75
198,142,-67
198,143,-85
198,144,-7
198,145,59
198,146,-52
198,147,-33
198,148,-75
198,149,-25
198,150,-29
198,151,-24
198,152,11
198,153,-2
198,154,-81
198,155,-56
198,156,12
198,157,-7
198,158,53
198,159,17
198,160,67
198,161,73
198,162,70
198,163,-81
198,164,-55
198,165,-34
198,166,96
198,167,28
198,168,-79
198,169,-9
198,170,21
198,171,-82
198,172,-17
198,173,-62
198,174,-73
198,175,-97
198,176,86
198,177,1
198,178,54
198,179,-88
198,180,15
198,181,-94
198,182,18
198,183,-15
198,184,-96
198,185,1
198,186,5
198,187,-82
198,188,-56
198,189,54
198,190,-6
198,191,7
198,192,-7
198,193,68
198,194,-7
198,195,91
198,196,-6
198,197,99
198,198,53
198,199,-17
198,200,-30
198,201,-63
198,202,5
198,203,74
198,204,34
198,205,-2
198,206,18
198,207,52
198,208,-60
198,209,20
198,210,-1
198,211,12
198,212,39
198,213,50
198,214,23
198,215,15
198,216,-27
198,217,94
198,218,10
198,219,74
198,220,4
198,221,23
198,222,82
198,223,41
198,224,-35
198,225,-28
198,226,16
198,227,-82
198,228,57
198,229,20
198,230,58
198,231,66
198,232,-70
198,233,-29
198,234,32
198,235,-20
198,236,-4
198,237,85
198,238,-19
198,239,50
198,240,-2
198,241,50
198,242,96
198,243,-15
198,244,8
198,245,-23
198,246,-85
198,247,89
198,248,10
198,249,-29
198,250,-49
198,251,77
198,252,-43
198,253,7
198,254,77
198,255,-23
198,256,7
198,257,-54
198,258,-56
198,259,-89
198,260,66
198,261,5
198,262,-22
198,263,-43
198,264,51
198,265,-49
198,266,77
198,267,-22
198,268,85
198,269,39
198,270,31
198,271,86
198,272,-38
198,273,-80
198,274,62
198,275,51
198,276,43
198,277,28
198,278,80
198,279,-74
198,280,85
198,281,-47
198,282,8
198,283,-63
198,284,-78
198,285,6
198,286,16
198,287,55
198,288,74
198,289,60
198,290,0
198,291,11
198,292,-54
198,293,31
198,294,-100
198,295,40
198,296,22
198,297,13
198,298,-5
198,299,37
199,0,-65
199,1,3
199,2,78
199,3,60
199,4,20
199,5,-89
199,6,80
199,7,-22
199,8,-51
199,9,84
199,10,86
199,11,-45
199,12,-1
199,13,-53
199,14,52
199,15,97
199,16,26
199,17,75
199,18,-25
199,19,44
199,20,16
199,21,-13
199,22,-77
199,23,61
199,24,52
199,25,-77
199,26,8
199,27,27
199,28,41
199,29,91
199,30,1
199,31,6
199,32,1
199,33,52
199,34,-84
199,35,-46
199,36,34
199,37,52
199,38,80
199,39,17
199,40,-78
199,41,70
199,42,-79
199,43,-24
199,44,80
199,45,47
199,46,-38
199,47,-14
199,48,88
199,49,61
199,50,86
199,51,48
199,52,-85
199,53,36
199,54,-49
199,55,28
199,56,-54
199,57,63
199,58,-98
199,59,-32
199,60,-58
199,61,-25
199,62,-54
199,63,70
199,64,-25
199,65,-21
199,66,-85
199,67,82
199,68,12
199,69,-45
199,70,75
199,71,70
199,72,-78
199,73,-28
199,74,-18
199,75,41
199,76,-63
199,77,-9
199,78,-20
199,79,93
199,80,-56
199,81,13
199,82,56
199,83,40
199,84,85
199,85,38
199,86,5
199,87,39
199,88,26
199,89,-93
199,90,-31
199,91,-41
199,92,-89
199,93,89
199,94,60
199,95,-97
199,96,27
199,97,-69
199,98,-56
199,99,16
199,100,60
199,101,-24
199,102,-5
199,103,-60
199,104,-65
199,105,-26
199,106,26
199,107,-12
199,108,74
199,109,-14
199,110,29
199,111,85
199,112,-81
199,113,-60
199,114,-17
199,115,64
199,116,-85
199,117,14
199,118,-99
199,119,64
199,120,72
199,121,83
199,122,23
199,123,7
199,124,21
199,125,-95
199,126,-37
199,127,18
199,128,-45
199,129,-33
199,130,69
199,131,-34
199,132,61
199,133,-14
199,134,-1
199,135,-11
199,136,3
199,137,98
199,138,-84
199,139,-32
199,140,-88
199,141,-81
199,142,-13
199,143,-2
199,144,50
199,145,-79
199,146,-23
199,147,59
199,148,-38
199,149,-28
199,150,93
199,151,-47
199,152,95
199,153,-38
199,154,16
199,155,19
199,156,41
199,157,15
199,158,-52
199,159,-38
199,160,-33
199,161,28
199,162,-49
199,163,-12
199,164,77
199,165,-12
199,166,-71
199,167,42
199,168,-15
199,169,92
199,170,-1
199,171,-93
199,172,-57
199,173,65
199,174,-52
199,175,73
199,176,22
199,177,-69
199,178,72
199,179,-65
199,180,-13
199,181,-17
199,182,88
199,183,89
199,184,82
199,185,-34
199,186,-42
199,187,40
199,188,7
199,189,-32
199,190,85
199,191,88
199,192,-78
199,193,-26
199,194,4
199,195,48
199,196,49
199,197,91
199,198,13
199,199,8
199,200,-4
199,201,35
199,202,22
199,203,95
199,204,58
199,205,-55
199,206,-23
199,207,66
199,208,-45
199,209,-46
199,210,68
199,211,56
199,212,15
199,213,39
199,214,-56
199,215,30
199,216,-18
199,217,38
199,218,-41
199,219,95
199,220,6
199,221,-72
199,222,47
199,223,12
199,224,-47
199,225,10
199,226,7
199,227,-34
199,228,58
199,229,32
199,230,36
199,231,30
199,232,-66
199,233,-27
199,234,6
199,235,63
199,236,-96
199,237,88
199,238,-39
199,239,83
199,240,-100
199,241,-46
199,242,14
199,243,42
199,244,4
199,245,79
199,246,73
199,247,91
199,248,52
199,249,-4
199,250,-52
199,251,4
199,252,73
199,253,95
199,254,26
199,255,-78
199,256,96
199,257,-94
199,258,70
199,259,69
199,260,50
199,261,50
199,262,37
199,263,7
199,264,3
199,265,-97
199,266,84
199,267,-49
199,268,-22
199,269,-78
199,270,84
199,271,-28
199,272,-44
199,273,-10
199,274,76
199,275,24
199,276,10
199,277,61
199,278,-67
199,279,0
199,280,-71
199,281,-8
199,282,-29
199,283,-19
199,284,-3
199,285,66
199,286,37
199,287,-45
199,288,-19
199,289,-71
199,290,80
199,291,-71
199,292,20
199,293,66
199,294,-82
199,295,-88
199,296,23
199,297,-87
199,298,15
199,299,-59
200,0,41
200,1,-65
200,2,-3
200,3,-92
200,4,-77
200,5,-89
200,6,-72
200,7,19
200,8,64
200,9,89
200,10,-41
200,11,82
200,12,-64
200,13,-84
200,14,-77
200,15,-76
200,16,-62
200,17,83
200,18,52
200,19,78
200,20,69
200,21,72
200,22,44
200,23,91
200,24,-45
200,25,56
200,26,45
200,27,58
200,28,68
200,29,-81
200,30,-92
200,31,-15
200,32,-93
200,33,60
200,34,80
200,35,28
200,36,-53
200,37,44
200,38,77
200,39,27
200,40,45
200,41,15
200,42,-26
200,43,-49
200,44,82
200,45,76
200,46,97
200,47,20
200,48,32
200,49,-52
200,50,-24
200,51,27
200,52,65
200,53,-98
200,54,36
200,55,43
200,56,-41
200,57,-51
200,58,62
200,59,41
200,60,44
200,61,10
200,62,42
200,63,-54
200,64,-23
200,65,6
200,66,62
200,67,52
200,68,-47
200,69,35
200,70,-77
200,71,-74
200,72,-12
200,73,-42
200,74,44
200,75,-62
200,76,50
200,77,68
200,78,-91
200,79,-48
200,80,76
200,81,49
200,82,-34
200,83,33
200,84,-71
200,85,23
200,86,88
200,87,-39
200,88,-91
200,89,51
200,90,25
200,91,44
200,92,11
200,93,33
200,94,59
200,95,-5
200,96,5
200,97,95
200,98,29
200,99,-36
200,100,-28
200,101,-72
200,102,39
200,103,22
200,104,9
200,105,94
200,106,41
200,107,96
200,108,-52
200,109,55
200,110,-57
200,111,-66
200,112,28
200,113,2
200,114,-87
200,115,60
200,116,6
200,117,-82
200,118,48
200,119,-81
200,120,-48
200,121,-38
200,122,-100
200,123,65
200,124,-14
200,125,69
200,126,71
200,127,-41
200,128,-4
200,129,-2
200,130,18
200,131,44
200,132,-23
200,133,-34
200,134,32
200,135,16
200,136,-71
200,137,-74
200,138,-90
200,139,-65
200,140,-57
200,141,69
200,142,54
200,143,93
200,144,-16
200,145,-69
200,146,-28
200,147,13
200,148,64
200,149,-87
200,150,-97
200,151,30
200,152,71
200,153,74
200,154,6
200,155,94
200,156,-34
200,157,-91
200,158,2
200,159,-95
200,160,89
200,161,-57
200,162,-79
200,163,-62
200,164,-84
200,165,52
200,166,-59
200,167,82
200,168,-89
200,169,64
200,170,-24
200,171,97
200,172,27
200,173,-98
200,174,83
200,175,90
200,176,-75
200,177,62
200,178,-5
200,179,16
200,180,46
200,181,-84
200,182,-23
200,183,-53
200,184,86
200,185,9
200,186,-92
200,187,-67
200,188,-82
200,189,-67
200,190,23
200,191,37
200,192,6
200,193,57
200,194,0
200,195,47
200,196,-32
200,197,-64
200,198,50
200,199,39
200,200,-94
200,201,68
200,202,-27
200,203,-94
200,204,8
200,205,83
200,206,-48
200,207,-84
200,208,-94
200,209,11
200,210,-57
200,211,-50
200,212,-96
200,213,73
200,214,32
200,215,60
200,216,14
200,217,34
200,218,75
200,219,49
200,220,-47
200,221,-95
200,222,-71
200,223,0
200,224,69
200,225,-33
200,226,49
200,227,-81
200,228,-2
200,229,31
200,230,-32
200,231,-51
200,232,36
200,233,-22
200,234,7
200,235,-69
200,236,-21
200,237,3
200,238,-81
200,239,-19
200,240,91
200,241,67
200,242,28
200,243,39
200,244,39
200,245,87
200,246,37
200,247,84
200,248,22
200,249,24
200,250,83
200,251,32
200,252,-3
200,253,-11
200,254,-23
200,255,-21
200,256,6
200,257,-27
200,258,19
200,259,23
200,260,-21
200,261,-54
200,262,-66
200,263,-46
200,264,-55
200,265,-68
200,266,70
200,267,80
200,268,38
200,269,69
200,270,-81
200,271,24
200,272,43
200,273,-13
200,274,32
200,275,-46
200,276,47
200,277,53
200,278,-88
200,279,-36
200,280,-69
200,281,-13
200,282,86
200,283,-70
200,284,-20
200,285,9
200,286,31
200,287,47
200,288,-41
200,289,-44
200,290,45
200,291,73
200,292,34
200,293,-49
200,294,-44
200,295,56
200,296,29
200,297,39
200,298,-71
200,299,-29
201,0,-93
201,1,12
201,2,39
201,3,94
201,4,-65
201,5,-22
201,6,-96
201,7,-85
201,8,22
201,9,30
201,10,91
201,11,78
201,12,38
201,13,-61
201,14,57
201,15,20
201,16,-53
201,17,-26
201,18,-58
201,19,-85
201,20,-46
201,21,82
201,22,-33
201,23,-34
201,24,90
201,25,-80
201,26,37
201,27,53
201,28,-69
201,29,-7
201,30,66
201,31,-24
201,32,-38
201,33,-29
201,34,-54
201,35,76
201,36,61
201,37,-6
201,38,72
201,39,-15
201,40,33
201,41,47
201,42,1
201,43,-73
201,44,90
201,45,-98
201,46,-51
201,47,-53
201,48,29
201,49,48
201,50,50
201,51,-16
201,52,-23
201,53,-1
201,54,-5
201,55,-50
201,56,7
201,57,20
201,58,-44
201,59,-39
201,60,96
201,61,-18
201,62,-50
201,63,11
201,64,86
201,65,58
201,66,-20
201,67,-58
201,68,25
201,69,-50
201,70,-7
201,71,47
201,72,-37
201,73,93
201,74,-44
201,75,33
201,76,-50
201,77,31
201,78,-59
201,79,-39
201,80,12
201,81,54
201,82,-43
201,83,-80
201,84,-12
201,85,-5
201,86,-7
201,87,88
201,88,-92
201,89,10
201,90,-65
201,91,96
201,92,-95
201,93,-58
201,94,-60
201,95,-97
201,96,95
201,97,-91
201,98,76
201,99,36
201,100,-33
201,101,91
201,102,77
201,103,-99
201,104,-35
201,105,-26
201,106,-24
201,107,-23
201,108,66
201,109,90
201,110,36
201,111,77
201,112,75
201,113,48
201,114,24
201,115,35
201,116,-17
201,117,-17
201,118,47
201,119,-6
201,120,38
201,121,13
201,122,83
201,123,-21
201,124,-80
201,125,-83
201,126,80
201,127,65
201,128,-19
201,129,96
201,130,95
201,131,-84
201,132,71
201,133,87
201,134,84
201,135,24
201,136,43
201,137,-37
201,138,41
201,139,-90
201,140,31
201,141,69
201,142,-92
201,143,9
201,144,16
201,145,-25
201,146,-91
201,147,74
201,148,23
201,149,-83
201,150,77
201,151,-19
201,152,-78
201,153,42
201,154,-91
201,155,64
201,156,-10
201,157,82
201,158,-17
201,159,-66
201,160,-55
201,161,88
201,162,96
201,163,-82
201,164,-97
201,165,-99
201,166,96
201,167,-44
201,168,-21
201,169,-40
201,170,-65
201,171,40
201,172,-96
201,173,-7
201,174,-52
201,175,77
201,176,-91
201,177,-84
201,178,-4
201,179,-35
201,180,35
201,181,-44
201,182,-31
201,183,-45
201,184,-93
201,185,95
201,186,77
201,187,99
201,188,79
201,189,-82
201,190,54
201,191,-12
201,192,-71
201,193,20
201,194,-28
201,195,52
201,196,-24
201,197,-66
201,198,80
201,199,9
201,200,24
201,201,-43
201,202,42
201,203,3
201,204,-65
201,205,-30
201,206,-36
201,207,3
201,208,68
201,209,62
201,210,-77
201,211,-29
201,212,-29
201,213,-82
201,214,20
201,215,-34
201,216,-8
201,217,-8
201,218,-75
201,219,33
201,220,75
201,221,43
201,222,14
201,223,66
201,224,7
201,225,-14
201,226,-13
201,227,93
201,228,34
201,229,-64
201,230,-52
201,231,-52
201,232,62
201,233,-30
201,234,59
201,235,58
201,236,80
201,237,73
201,238,47
201,239,-91
201,240,41
201,241,-60
201,242,70
201,243,99
201,244,-58
201,245,-3
201,246,55
201,247,-34
201,248,-73
201,249,35
201,250,25
201,251,-13
201,252,80
201,253,88
201,254,-68
201,255,57
201,256,18
201,257,-85
201,258,-27
201,259,84
201,260,-83
201,261,-41
201,262,-64
201,263,79
201,264,-48
201,265,19
201,266,-32
201,267,59
201,268,-49
201,269,-43
201,270,-31
201,271,34
201,272,33
201,273,-23
201,274,-30
201,275,26
201,276,10
201,277,77
201,278,60
201,279,68
201,280,-82
201,281,-71
201,282,47
201,283,79
201,284,74
201,285,93
201,286,36
201,287,24
201,288,36
201,289,-45
201,290,3
201,291,7
201,292,-3
201,293,-27
201,294,59
201,295,-58
201,296,-41
201,297,-92
201,298,-71
201,299,-67
202,0,-27
202,1,-24
202,2,10
202,3,36
202,4,-47
202,5,33
202,6,-52
202,7,-34
202,8,14
202,9,-20
202,10,73
202,11,11
202,12,70
202,13,4
202,14,91
202,15,92
202,16,0
202,17,41
202,18,38
202,19,28
202,20,-83
202,21,-90
202,22,-86
202,23,-19
202,24,8
202,25,29
202,26,1
202,27,-96
202,28,-35
202,29,61
202,30,9
202,31,-74
202,32,-7
202,33,-62
202,34,61
202,35,84
202,36,-30
202,37,-56
202,38,75
202,39,-98
202,40,42
202,41,84
202,42,46
202,43,94
202,44,-59
202,45,-61
202,46,-26
202,47,56
202,48,-77
202,49,69
202,50,-41
202,51,64
202,52,-84
202,53,96
202,54,-63
202,55,-16
202,56,-67
202,57,-30
202,58,-45
202,59,-26
202,60,0
202,61,29
202,62,-98
202,63,-91
202,64,54
202,65,64
202,66,-66
202,67,36
202,68,-72
202,69,-3
202,70,41
202,71,-40
202,72,-49
202,73,-27
202,74,64
202,75,-9
202,76,73
202,77,-3
202,78,45
202,79,-31
202,80,-23
202,81,64
202,82,-44
202,83,-75
202,84,-55
202,85,-12
202,86,-56
202,87,-66
202,88,31
202,89,21
202,90,4
202,91,-24
202,92,-92
202,93,7
202,94,4
202,95,-80
202,96,72
202,97,-90
202,98,-15
202,99,35
202,100,66
202,101,-46
202,102,-91
202,103,3
202,104,-65
202,105,-65
202,106,-40
202,107,-61
202,108,76
202,109,-11
202,110,71
202,111,-40
202,112,31
202,113,-34
202,114,55
202,115,-12
202,116,83
202,117,-3
202,118,3
202,119,40
202,120,29
202,121,-57
202,122,-75
202,123,16
202,124,45
202,125,-15
202,126,61
202,127,50
202,128,-65
202,129,-5
202,130,78
202,131,-38
202,132,-30
202,133,81
202,134,82
202,135,35
202,136,-98
202,137,-47
202,138,91
202,139,-23
202,140,50
202,141,51
202,142,-81
202,143,21
202,144,96
202,145,-39
202,146,10
202,147,-39
202,148,-22
202,149,22
202,150,38
202,151,-60
202,152,13
202,153,19
202,154,76
202,155,38
202,156,-31
202,157,46
202,158,-93
202,159,-99
202,160,-6
202,161,-84
202,162,54
202,163,-78
202,164,88
202,165,-11
202,166,11
202,167,-36
202,168,32
202,169,31
202,170,37
202,171,61
202,172,-53
202,173,-44
202,174,98
202,175,-92
202,176,98
202,177,-91
202,178,-96
202,179,66
202,180,55
202,181,67
202,182,0
202,183,42
202,184,32
202,185,-9
202,186,49
202,187,31
202,188,-13
202,189,-49
202,190,79
202,191,83
202,192,48
202,193,41
202,194,43
202,195,-8
202,196,-79
202,197,39
202,198,32
202,199,-36
202,200,32
202,201,36
202,202,-83
202,203,17
202,204,-33
202,205,25
202,206,-80
202,207,-23
202,208,56
202,209,-82
202,210,83
202,211,47
202,212,-28
202,213,11
202,214,-13
202,215,89
202,216,64
202,217,-15
202,218,-48
202,219,-35
202,220,-35
202,221,-43
202,222,-2
202,223,-82
202,224,-74
202,225,76
202,226,-34
202,227,-36
202,228,-10
202,229,-70
202,230,-40
202,231,-11
202,232,79
202,233,77
202,234,30
202,235,68
202,236,-62
202,237,78
202,238,37
202,239,75
202,240,-27
202,241,59
202,242,62
202,243,27
202,244,33
202,245,-79
202,246,-11
202,247,63
202,248,-59
202,249,38
202,250,-9
202,251,29
202,252,-88
202,253,-26
202,254,-35
202,255,-52
202,256,-30
202,257,-13
202,258,99
202,259,55
202,260,-100
202,261,17
202,262,40
202,263,-71
202,264,-82
202,265,6
202,266,46
202,267,12
202,268,-33
202,269,17
202,270,-17
202,271,-97
202,272,-90
202,273,-48
202,274,53
202,275,-7
202,276,91
202,277,-63
202,278,35
202,279,-95
202,280,32
202,281,58
202,282,-16
202,283,-26
202,284,-25
202,285,-87
202,286,-35
202,287,48
202,288,65
202,289,2
202,290,-14
202,291,-22
202,292,19
202,293,-78
202,294,4
202,295,-24
202,296,5
202,297,85
202,298,-46
202,299,-82
203,0,55
203,1,-79
203,2,1
203,3,-8
203,4,40
203,5,-2
203,6,-86
203,7,-81
203,8,-79
203,9,84
203,10,48
203,11,-26
203,12,-48
203,13,85
203,14,-99
203,15,-6
203,16,67
203,17,88
203,18,0
203,19,35
203,20,91
203,21,-7
203,22,-82
203,23,-23
203,24,98
203,25,-94
203,26,96
203,27,47
203,28,66
203,29,-16
203,30,-98
203,31,26
203,32,68
203,33,12
203,34,-28
203,35,-71
203,36,39
203,37,-31
203,38,82
203,39,-16
203,40,45
203,41,-16
203,42,64
203,43,-86
203,44,80
203,45,-41
203,46,-53
203,47,-85
203,48,-31
203,49,-58
203,50,-76
203,51,-81
203,52,67
203,53,77
203,54,-91
203,55,5
203,56,41
203,57,-13
203,58,75
203,59,-19
203,60,-79
203,61,-71
203,62,-21
203,63,82
203,64,-25
203,65,-20
203,66,-27
203,67,62
203,68,-16
203,69,5
203,70,-73
203,71,85
203,72,63
203,73,-7
203,74,8
203,75,66
203,76,-38
203,77,-18
203,78,-28
203,79,90
203,80,2
203,81,59
203,82,-58
203,83,-93
203,84,-29
203,85,-94
203,86,6
203,87,-85
203,88,-87
203,89,6
203,90,85
203,91,-74
203,92,63
203,93,-76
203,94,86
203,95,42
203,96,-70
203,97,-95
203,98,65
203,99,-87
203,100,20
203,101,92
203,102,-59
203,103,-89
203,104,92
203,105,-88
203,106,42
203,107,4
203,108,51
203,109,77
203,110,79
203,111,-97
203,112,-49
203,113,-57
203,114,-93
203,115,-65
203,116,99
203,117,58
203,118,-48
203,119,-5
203,120,-94
203,121,22
203,122,43
203,123,-6
203,124,40
203,125,87
203,126,70
203,127,-31
203,128,-36
203,129,-53
203,130,-10
203,131,22
203,132,83
203,133,45
203,134,51
203,135,31
203,136,-77
203,137,14
203,138,96
203,139,11
203,140,9
203,141,40
203,142,-36
203,143,-59
203,144,-7
203,145,-42
203,146,-52
203,147,-8
203,148,-83
203,149,3
203,150,-41
203,151,-22
203,152,55
203,153,-80
203,154,18
203,155,65
203,156,96
203,157,-22
203,158,-66
203,159,-46
203,160,-53
203,161,-28
203,162,-43
203,163,76
203,164,27
203,165,-30
203,166,21
203,167,-27
203,168,-47
203,169,-47
203,170,-10
203,171,66
203,172,26
203,173,-76
203,174,25
203,175,52
203,176,-30
203,177,88
203,178,68
203,179,88
203,180,90
203,181,31
203,182,-86
203,183,-5
203,184,-48
203,185,54
203,186,47
203,187,66
203,188,-34
203,189,52
203,190,71
203,191,73
203,192,-70
203,193,89
203,194,49
203,195,-49
203,196,33
203,197,26
203,198,-60
203,199,-40
203,200,-72
203,201,30
203,202,63
203,203,49
203,204,48
203,205,-98
203,206,8
203,207,32
203,208,-39
203,209,-21
203,210,12
203,211,-40
203,212,-59
203,213,-26
203,214,91
203,215,49
203,216,-42
203,217,76
203,218,-33
203,219,72
203,220,-88
203,221,99
203,222,22
203,223,62
203,224,-45
203,225,75
203,226,-96
203,227,96
203,228,-1
203,229,59
203,230,17
203,231,-59
203,232,-44
203,233,-85
203,234,-88
203,235,-88
203,236,-1
203,237,38
203,238,-26
203,239,5
203,240,62
203,241,-39
203,242,33
203,243,-48
203,244,-84
203,245,5
203,246,9
203,247,-50
203,248,-9
203,249,10
203,250,-8
203,251,42
203,252,-10
203,253,-50
203,254,12
203,255,-6
203,256,-33
203,257,-13
203,258,-93
203,259,66
203,260,-37
203,261,-72
203,262,-56
203,263,64
203,264,-7
203,265,91
203,266,36
203,267,37
203,268,93
203,269,56
203,270,94
203,271,48
203,272,49
203,273,-97
203,274,-17
203,275,62
203,276,-42
203,277,-53
203,278,-96
203,279,36
203,280,-69
203,281,-85
203,282,-89
203,283,-84
203,284,46
203,285,-13
203,286,92
203,287,-25
203,288,-27
203,289,-100
203,290,-73
203,291,-23
203,292,-92
203,293,-78
203,294,-36
203,295,28
203,296,12
203,297,54
203,298,63
203,299,7
204,0,-57
204,1,83
204,2,53
204,3,0
204,4,61
204,5,88
204,6,-57
204,7,41
204,8,83
204,9,-93
204,10,89
204,11,-13
204,12,81
204,13,98
204,14,-20
204,15,80
204,16,45
204,17,38
204,18,-66
204,19,85
204,20,-41
204,21,-44
204,22,-14
204,23,-58
204,24,35
204,25,42
204,26,61
204,27,-36
204,28,0
204,29,65
204,30,72
204,31,-68
204,32,34
204,33,-29
204,34,-86
204,35,-6
204,36,29
204,37,49
204,38,-91
204,39,15
204,40,45
204,41,-19
204,42,10
204,43,84
204,44,-41
204,45,-9
204,46,-96
204,47,-16
204,48,61
204,49,55
204,50,-29
204,51,-9
204,52,57
204,53,19
204,54,-49
204,55,-20
204,56,-85
204,57,-61
204,58,-8
204,59,-98
204,60,50
204,61,-54
204,62,54
204,63,36
204,64,82
204,65,9
204,66,61
204,67,-57
204,68,-90
204,69,54
204,70,-12
204,71,0
204,72,-9
204,73,18
204,74,-10
204,75,36
204,76,78
204,77,44
204,78,-39
204,79,24
204,80,48
204,81,47
204,82,21
204,83,-86
204,84,80
204,85,-5
204,86,-95
204,87,-18
204,88,-36
204,89,0
204,90,90
204,91,18
204,92,-66
204,93,45
204,94,-75
204,95,39
204,96,90
204,97,81
204,98,36
204,99,-2
204,100,22
204,101,-35
204,102,-46
204,103,-97
204,104,2
204,105,-48
204,106,80
204,107,-97
204,108,-67
204,109,8
204,110,-44
204,111,33
204,112,-10
204,113,68
204,114,39
204,115,-82
204,116,-35
204,117,48
204,118,-8
204,119,-35
204,120,-86
204,121,-50
204,122,48
204,123,-49
204,124,39
204,125,54
204,126,33
204,127,-61
204,128,60
204,129,-100
204,130,12
204,131,52
204,132,-26
204,133,-46
204,134,-8
204,135,-51
204,136,-18
204,137,92
204,138,-72
204,139,38
204,140,-81
204,141,-25
204,142,-50
204,143,72
204,144,-67
204,145,-12
204,146,-26
204,147,-5
204,148,49
204,149,-92
204,150,-87
204,151,82
204,152,5
204,153,68
204,154,-98
204,155,-97
204,156,-40
204,157,-17
204,158,-7
204,159,6
204,160,46
204,161,-66
204,162,-70
204,163,50
204,164,-69
204,165,-20
204,166,13
204,167,-77
204,168,59
204,169,-4
204,170,-88
204,171,37
204,172,-18
204,173,44
204,174,-57
204,175,21
204,176,8
204,177,-45
204,178,72
204,179,90
204,180,84
204,181,60
204,182,88
204,183,-74
204,184,-11
204,185,-89
204,186,-52
204,187,-41
204,188,-90
204,189,-61
204,190,-72
204,191,83
204,192,-76
204,193,80
204,194,-79
204,195,-53
204,196,-39
204,197,-55
204,198,94
204,199,48
204,200,-50
204,201,77
204,202,-37
204,203,9
204,204,29
204,205,-85
204,206,-56
204,207,-41
204,208,-61
204,209,-66
204,210,-82
204,211,-59
204,212,79
204,213,54
204,214,-69
204,215,-73
204,216,-68
204,217,-19
204,218,-73
204,219,46
204,220,-24
204,221,25
204,222,17
204,223,-72
204,224,-93
204,225,46
204,226,86
204,227,77
204,228,53
204,229,-23
204,230,88
204,231,-63
204,232,-34
204,233,-6
204,234,52
204,235,25
204,236,49
204,237,73
204,238,-59
204,239,-18
204,240,69
204,241,-47
204,242,-98
204,243,-32
204,244,85
204,245,-15
204,246,-3
204,247,9
204,248,-40
204,249,-4
204,250,-51
204,251,-16
204,252,-30
204,253,41
204,254,-4
204,255,8
204,256,20
204,257,-18
204,258,-83
204,259,-91
204,260,10
204,261,-32
204,262,-77
204,263,19
204,264,-78
204,265,79
204,266,-91
204,267,95
204,268,87
204,269,92
204,270,20
204,271,-11
204,272,-55
204,273,50
204,274,-76
204,275,61
204,276,71
204,277,18
204,278,-83
204,279,-57
204,280,48
204,281,64
204,282,-42
204,283,-91
204,284,-87
204,285,57
204,286,-52
204,287,-78
204,288,-49
204,289,35
204,290,-46
204,291,90
204,292,85
204,293,-69
204,294,93
204,295,-80
204,296,40
204,297,-92
204,298,92
204,299,42
205,0,-35
205,1,-44
205,2,55
205,3,-56
205,4,79
205,5,91
205,6,-50
205,7,20
205,8,-80
205,9,-58
205,10,-69
205,11,85
205,12,-65
205,13,89
205,14,-58
205,15,-78
205,16,25
205,17,-42
205,18,71
205,19,81
205,20,-48
205,21,-95
205,22,-16
205,23,-90
205,24,28
205,25,-48
205,26,99
205,27,11
205,28,86
205,29,55
205,30,7
205,31,-2
205,32,15
205,33,67
205,34,-50
205,35,98
205,36,-74
205,37,-92
205,38,66
205,39,-21
205,40,-3
205,41,22
205,42,10
205,43,-23
205,44,39
205,45,13
205,46,-12
205,47,60
205,48,9
205,49,-8
205,50,-86
205,51,-56
205,52,-34
205,53,31
205,54,73
205,55,11
205,56,99
205,57,23
205,58,57
205,59,45
205,60,-77
205,61,-95
205,62,20
205,63,-74
205,64,2
205,65,-65
205,66,58
205,67,-95
205,68,-96
205,69,18
205,70,31
205,71,-8
205,72,-86
205,73,65
205,74,-5
205,75,-81
205,76,75
205,77,10
205,78,10
205,79,-38
205,80,55
205,81,24
205,82,-90
205,83,57
205,84,-81
205,85,98
205,86,-53
205,87,19
205,88,-38
205,89,64
205,90,-93
205,91,-34
205,92,-23
205,93,-40
205,94,61
205,95,19
205,96,17
205,97,-36
205,98,-76
205,99,16
205,100,73
205,101,-32
205,102,67
205,103,41
205,104,-20
205,105,-31
205,106,28
205,107,23
205,108,-47
205,109,82
205,110,12
205,111,-69
205,112,39
205,113,-76
205,114,-22
205,115,90
205,116,69
205,117,47
205,118,-54
205,119,-41
205,120,-45
205,121,-93
205,122,20
205,123,49
205,124,6
205,125,48
205,126,19
205,127,-46
205,128,47
205,129,-69
205,130,66
205,131,-56
205,132,67
205,133,-64
205,134,-82
205,135,2
205,136,51
205,137,84
205,138,-59
205,139,-47
205,140,-41
205,141,-75
205,142,78
205,143,30
205,144,-75
205,145,-39
205,146,-44
205,147,14
205,148,75
205,149,82
205,150,89
205,151,32
205,152,-75
205,153,-17
205,154,-7
205,155,37
205,156,19
205,157,-69
205,158,-22
205,159,-82
205,160,-24
205,161,38
205,162,26
205,163,25
205,164,-15
205,165,-75
205,166,-96
205,167,-34
205,168,-7
205,169,32
205,170,-39
205,171,36
205,172,-10
205,173,-72
205,174,-58
205,175,42
205,176,-48
205,177,-21
205,178,52
205,179,24
205,180,-29
205,181,10
205,182,46
205,183,-72
205,184,61
205,185,76
205,186,82
205,187,-94
205,188,91
205,189,62
205,190,13
205,191,5
205,192,-81
205,193,54
205,194,6
205,195,16
205,196,-57
205,197,-71
205,198,28
205,199,-10
205,200,69
205,201,-73
205,202,-74
205,203,63
205,204,66
205,205,-55
205,206,-88
205,207,87
205,208,88
205,209,60
205,210,9
205,211,-16
205,212,13
205,213,42
205,214,55
205,215,-96
205,216,-86
205,217,21
205,218,-71
205,219,-26
205,220,-51
205,221,-84
205,222,15
205,223,56
205,224,90
205,225,-44
205,226,29
205,227,38
205,228,-26
205,229,-54
205,230,-53
205,231,-90
205,232,-33
205,233,-77
205,234,90
205,235,-47
205,236,-99
205,237,7
205,238,-67
205,239,-58
205,240,80
205,241,27
205,242,-46
205,243,88
205,244,75
205,245,34
205,246,34
205,247,70
205,248,-62
205,249,27
205,250,25
205,251,-79
205,252,-57
205,253,40
205,254,98
205,255,37
205,256,79
205,257,-43
205,258,21
205,259,25
205,260,-21
205,261,-54
205,262,4
205,263,-70
205,264,-69
205,265,-54
205,266,17
205,267,0
205,268,-92
205,269,-55
205,270,81
205,271,-41
205,272,-86
205,273,56
205,274,65
205,275,-58
205,276,-51
205,277,-74
205,278,88
205,279,-2
205,280,63
205,281,50
205,282,88
205,283,19
205,284,86
205,285,-14
205,286,-48
205,287,-97
205,288,-50
205,289,37
205,290,1
205,291,67
205,292,-39
205,293,13
205,294,67
205,295,35
205,296,61
205,297,-72
205,298,-68
205,299,79
206,0,-66
206,1,-11
206,2,-46
206,3,33
206,4,41
206,5,42
206,6,7
206,7,-48
206,8,-53
206,9,19
206,10,88
206,11,-90
206,12,33
206,13,38
206,14,-69
206,15,-22
206,16,34
206,17,-14
206,18,-55
206,19,-1
206,20,6
206,21,9
206,22,80
206,23,46
206,24,-38
206,25,84
206,26,-5
206,27,63
206,28,98
206,29,-79
206,30,-78
206,31,-89
206,32,-63
206,33,-75
206,34,-88
206,35,-98
206,36,49
206,37,96
206,38,22
206,39,-61
206,40,-78
206,41,-7
206,42,-62
206,43,-18
206,44,31
206,45,-17
206,46,20
206,47,85
206,48,-31
206,49,-95
206,50,60
206,51,4
206,52,-27
206,53,-80
206,54,-39
206,55,80
206,56,3
206,57,25
206,58,58
206,59,-86
206,60,-6
206,61,62
206,62,89
206,63,-76
206,64,-68
206,65,-99
206,66,-69
206,67,76
206,68,-33
206,69,-25
206,70,97
206,71,96
206,72,-57
206,73,-100
206,74,-62
206,75,13
206,76,-33
206,77,-52
206,78,-45
206,79,-50
206,80,46
206,81,-46
206,82,95
206,83,36
206,84,-66
206,85,99
206,86,-47
206,87,-58
206,88,-99
206,89,-3
206,90,-84
206,91,6
206,92,-82
206,93,-69
206,94,23
206,95,-76
206,96,-58
206,97,-95
206,98,-53
206,99,-86
206,100,70
206,101,-34
206,102,-43
206,103,-56
206,104,36
206,105,43
206,106,20
206,107,-21
206,108,-19
206,109,-5
206,110,-28
206,111,40
206,112,7
206,113,84
206,114,-4
206,115,48
206,116,-46
206,117,-80
206,118,69
206,119,90
206,120,91
206,121,-9
206,122,48
206,123,-32
206,124,-87
206,125,4
206,126,-68
206,127,54
206,128,-66
206,129,43
206,130,75
206,131,42
206,132,58
206,133,-54
206,134,88
206,135,22
206,136,55
206,137,32
206,138,9
206,139,-100
206,140,44
206,141,-53
206,142,65
206,143,-32
206,144,-60
206,145,-2
206,146,-95
206,147,-23
206,148,80
206,149,52
206,150,-29
206,151,20
206,152,-91
206,153,-69
206,154,80
206,155,90
206,156,-99
206,157,5
206,158,29
206,159,20
206,160,7
206,161,-40
206,162,10
206,163,-70
206,164,73
206,165,21
206,166,-19
206,167,-88
206,168,41
206,169,-46
206,170,91
206,171,80
206,172,-27
206,173,15
206,174,-54
206,175,-10
206,176,71
206,177,-92
206,178,54
206,179,12
206,180,1
206,181,45
206,182,-19
206,183,93
206,184,-35
206,185,-9
206,186,43
206,187,33
206,188,-2
206,189,33
206,190,-44
206,191,75
206,192,-28
206,193,37
206,194,30
206,195,-87
206,196,20
206,197,40
206,198,81
206,199,-73
206,200,56
206,201,25
206,202,22
206,203,-71
206,204,35
206,205,-16
206,206,22
206,207,-39
206,208,49
206,209,-13
206,210,-93
206,211,-40
206,212,72
206,213,15
206,214,-16
206,215,52
206,216,-19
206,217,-53
206,218,70
206,219,-10
206,220,-82
206,221,-29
206,222,-44
206,223,88
206,224,-24
206,225,90
206,226,69
206,227,-83
206,228,-90
206,229,8
206,230,-17
206,231,33
206,232,28
206,233,46
206,234,44
206,235,47
206,236,-6
206,237,-88
206,238,-99
206,239,-82
206,240,73
206,241,48
206,242,-15
206,243,-36
206,244,-3
206,245,8
206,246,51
206,247,55
206,248,64
206,249,43
206,250,28
206,251,-63
206,252,-8
206,253,24
206,254,33
206,255,6
206,256,28
206,257,0
206,258,97
206,259,15
206,260,96
206,261,-86
206,262,0
206,263,10
206,264,-10
206,265,10
206,266,-61
206,267,69
206,268,3
206,269,-68
206,270,-79
206,271,-54
206,272,3
206,273,-85
206,274,50
206,275,-16
206,276,38
206,277,1
206,278,11
206,279,34
206,280,84
206,281,12
206,282,-63
206,283,-35
206,284,-56
206,285,-53
206,286,-66
206,287,47
206,288,27
206,289,-38
206,290,54
206,291,-69
206,292,-88
206,293,-67
206,294,-62
206,295,8
206,296,92
206,297,48
206,298,14
206,299,34
207,0,50
207,1,-9
207,2,9
207,3,79
207,4,-11
207,5,53
207,6,80
207,7,-88
207,8,-56
207,9,26
207,10,94
207,11,-72
207,12,-42
207,13,-96
207,14,61
207,15,-2
207,16,99
207,17,-82
207,18,-63
207,19,-95
207,20,-61
207,21,-49
207,22,-29
207,23,-60
207,24,84
207,25,-97
207,26,55
207,27,93
207,28,-85
207,29,46
207,30,7
207,31,-35
207,32,-100
207,33,-84
207,34,67
207,35,62
207,36,-31
207,37,-97
207,38,-82
207,39,95
207,40,-75
207,41,-6
207,42,-13
207,43,-85
207,44,-48
207,45,19
207,46,76
207,47,91
207,48,-88
207,49,51
207,50,-49
207,51,17
207,52,-29
207,53,-97
207,54,-82
207,55,40
207,56,83
207,57,-79
207,58,-18
207,59,-99
207,60,-46
207,61,78
207,62,16
207,63,-74
207,64,-5
207,65,38
207,66,-5
207,67,-12
207,68,-96
207,69,-30
207,70,-78
207,71,-58
207,72,-78
207,73,-90
207,74,-25
207,75,71
207,76,9
207,77,59
207,78,-27
207,79,7
207,80,-39
207,81,89
207,82,-38
207,83,-21
207,84,92
207,85,-51
207,86,-96
207,87,-46
207,88,-52
207,89,-6
207,90,81
207,91,82
207,92,-62
207,93,-47
207,94,28
207,95,-78
207,96,31
207,97,-86
207,98,-11
207,99,13
207,100,-86
207,101,-28
207,102,-17
207,103,-46
207,104,19
207,105,99
207,106,88
207,107,88
207,108,30
207,109,60
207,110,-82
207,111,-76
207,112,25
207,113,23
207,114,20
207,115,28
207,116,85
207,117,-5
207,118,-90
207,119,-8
207,120,-99
207,121,-22
207,122,-82
207,123,74
207,124,-84
207,125,26
207,126,-58
207,127,-81
207,128,89
207,129,23
207,130,99
207,131,89
207,132,83
207,133,35
207,134,33
207,135,21
207,136,-100
207,137,-80
207,138,-40
207,139,-3
207,140,18
207,141,14
207,142,-35
207,143,-20
207,144,86
207,145,45
207,146,-2
207,147,-96
207,148,-12
207,149,60
207,150,51
207,151,-65
207,152,43
207,153,43
207,154,-37
207,155,-42
207,156,56
207,157,30
207,158,5
207,159,44
207,160,18
207,161,42
207,162,6
207,163,99
207,164,-32
207,165,-64
207,166,-33
207,167,12
207,168,-79
207,169,-66
207,170,88
207,171,-72
207,172,66
207,173,-7
207,174,-52
207,175,97
207,176,43
207,177,87
207,178,-56
207,179,55
207,180,-59
207,181,-92
207,182,32
207,183,77
207,184,43
207,185,-40
207,186,37
207,187,74
207,188,68
207,189,-81
207,190,0
207,191,-38
207,192,-97
207,193,-51
207,194,19
207,195,-57
207,196,27
207,197,-81
207,198,-10
207,199,-29
207,200,58
207,201,56
207,202,44
207,203,94
207,204,3
207,205,-68
207,206,-66
207,207,13
207,208,11
207,209,-63
207,210,10
207,211,54
207,212,36
207,213,63
207,214,-48
207,215,14
207,216,-66
207,217,-61
207,218,8
207,219,88
207,220,-58
207,221,80
207,222,-86
207,223,-96
207,224,74
207,225,29
207,226,48
207,227,38
207,228,75
207,229,11
207,230,-68
207,231,70
207,232,-9
207,233,-82
207,234,-32
207,235,-55
207,236,-51
207,237,71
207,238,-78
207,239,-73
207,240,37
207,241,25
207,242,-35
207,243,-87
207,244,40
207,245,-64
207,246,49
207,247,41
207,248,-76
207,249,78
207,250,20
207,251,-70
207,252,43
207,253,-2
207,254,55
207,255,-64
207,256,-24
207,257,-19
207,258,-88
207,259,9
207,260,-2
207,261,-74
207,262,-2
207,263,37
207,264,17
207,265,28
207,266,43
207,267,-45
207,268,33
207,269,-67
207,270,53
207,271,45
207,272,67
207,273,72
207,274,-38
207,275,-48
207,276,-83
207,277,63
207,278,-56
207,279,-48
207,280,76
207,281,-56
207,282,68
207,283,17
207,284,43
207,285,-63
207,286,13
207,287,27
207,288,34
207,289,-81
207,290,-10
207,291,78
207,292,98
207,293,51
207,294,-67
207,295,39
207,296,-52
207,297,42
207,298,-12
207,299,-4
208,0,81
208,1,-19
208,2,-59
208,3,28
208,4,-35
208,5,-76
208,6,-12
208,7,89
208,8,20
208,9,46
208,10,-94
208,11,-43
208,12,-92
208,13,84
208,14,-39
208,15,98
208,16,-82
208,17,-1
208,18,80
208,19,83
208,20,-51
208,21,-33
208,22,-96
208,23,70
208,24,4
208,25,-97
208,26,-25
208,27,38
208,28,8
208,29,62
208,30,-70
208,31,-98
208,32,-19
208,33,17
208,34,85
208,35,-49
208,36,36
208,37,-77
208,38,16
208,39,-56
208,40,-87
208,41,-65
208,42,-15
208,43,31
208,44,-19
208,45,8
208,46,40
208,47,50
208,48,-4
208,49,91
208,50,53
208,51,33
208,52,-25
208,53,62
208,54,-40
208,55,-91
208,56,93
208,57,17
208,58,-71
208,59,-69
208,60,74
208,61,70
208,62,-77
208,63,-76
208,64,-98
208,65,87
208,66,-47
208,67,-78
208,68,83
208,69,9
208,70,36
208,71,15
208,72,-47
208,73,70
208,74,-82
208,75,-38
208,76,-43
208,77,80
208,78,-95
208,79,-50
208,80,77
208,81,72
208,82,-72
208,83,-89
208,84,-34
208,85,98
208,86,-94
208,87,18
208,88,70
208,89,58
208,90,49
208,91,-53
208,92,-33
208,93,65
208,94,29
208,95,-58
208,96,-98
208,97,1
208,98,-59
208,99,-14
208,100,-43
208,101,-39
208,102,67
208,103,31
208,104,77
208,105,19
208,106,-65
208,107,30
208,108,89
208,109,-55
208,110,-43
208,111,-30
208,112,79
208,113,-88
208,114,89
208,115,86
208,116,10
208,117,24
208,118,-78
208,119,-70
208,120,-16
208,121,66
208,122,17
208,123,-14
208,124,92
208,125,76
208,126,44
208,127,-5
208,128,-75
208,129,-92
208,130,91
208,131,-5
208,132,56
208,133,53
208,134,-33
208,135,19
208,136,-49
208,137,-35
208,138,6
208,139,54
208,140,14
208,141,-42
208,142,4
208,143,35
208,144,24
208,145,-36
208,146,-6
208,147,11
208,148,66
208,149,-92
208,150,-74
208,151,-57
208,152,18
208,153,-66
208,154,-72
208,155,71
208,156,-26
208,157,58
208,158,41
208,159,-98
208,160,-91
208,161,-72
208,162,78
208,163,-66
208,164,78
208,165,86
208,166,-97
208,167,24
208,168,65
208,169,-6
208,170,-9
208,171,91
208,172,91
208,173,40
208,174,-84
208,175,38
208,176,-17
208,177,50
208,178,33
208,179,4
208,180,-12
208,181,11
208,182,-77
208,183,-47
208,184,50
208,185,85
208,186,-60
208,187,22
208,188,84
208,189,99
208,190,-40
208,191,-40
208,192,0
208,193,71
208,194,-59
208,195,55
208,196,81
208,197,-99
208,198,-18
208,199,-85
208,200,29
208,201,-86
208,202,47
208,203,40
208,204,8
208,205,-21
208,206,69
208,207,-93
208,208,-100
208,209,-30
208,210,-55
208,211,-78
208,212,60
208,213,20
208,214,9
208,215,2
208,216,53
208,217,-78
208,218,79
208,219,-83
208,220,46
208,221,-98
208,222,-27
208,223,-11
208,224,-95
208,225,69
208,226,19
208,227,23
208,228,61
208,229,-45
208,230,-75
208,231,-34
208,232,35
208,233,88
208,234,-46
208,235,-74
208,236,25
208,237,39
208,238,-16
208,239,62
208,240,57
208,241,48
208,242,35
208,243,-79
208,244,-9
208,245,55
208,246,60
208,247,42
208,248,-64
208,249,70
208,250,84
208,251,-7
208,252,-5
208,253,-80
208,254,47
208,255,89
208,256,11
208,257,26
208,258,-62
208,259,49
208,260,61
208,261,-4
208,262,58
208,263,-37
208,264,-54
208,265,12
208,266,-72
208,267,7
208,268,43
208,269,-96
208,270,-21
208,271,-39
208,272,80
208,273,-78
208,274,44
208,275,-35
208,276,49
208,277,-14
208,278,56
208,279,72
208,280,-15
208,281,-7
208,282,-35
208,283,-25
208,284,-23
208,285,36
208,286,21
208,287,-43
208,288,-22
208,289,30
208,290,68
208,291,-40
208,292,13
208,293,-77
208,294,85
208,295,-54
208,296,79
208,297,-72
208,298,-25
208,299,6
209,0,28
209,1,-13
209,2,-96
209,3,27
209,4,48
209,5,-41
209,6,51
209,7,-51
209,8,-43
209,9,-58
209,10,11
209,11,-72
209,12,-84
209,13,-69
209,14,4
209,15,37
209,16,-53
209,17,21
209,18,-84
209,19,71
209,20,-10
209,21,18
209,22,-64
209,23,9
209,24,19
209,25,-95
209,26,-19
209,27,-3
209,28,51
209,29,41
209,30,-83
209,31,11
209,32,-92
209,33,-81
209,34,58
209,35,34
209,36,50
209,37,55
209,38,68
209,39,-2
209,40,-26
209,41,-53
209,42,-29
209,43,42
209,44,-80
209,45,-81
209,46,80
209,47,-70
209,48,97
209,49,99
209,50,78
209,51,-56
209,52,-100
209,53,-43
209,54,39
209,55,-90
209,56,16
209,57,56
209,58,72
209,59,-19
209,60,69
209,61,-24
209,62,26
209,63,10
209,64,-84
209,65,6
209,66,-64
209,67,35
209,68,-51
209,69,-96
209,70,-73
209,71,41
209,72,-10
209,73,-31
209,74,98
209,75,-37
209,76,-92
209,77,-59
209,78,66
209,79,-99
209,80,-69
209,81,89
209,82,29
209,83,20
209,84,-84
209,85,77
209,86,-34
209,87,-48
209,88,13
209,89,50
209,90,80
209,91,19
209,92,-78
209,93,32
209,94,-64
209,95,59
209,96,81
209,97,75
209,98,-10
209,99,84
209,100,-56
209,101,-33
209,102,50
209,103,56
209,104,-87
209,105,-61
209,106,70
209,107,62
209,108,25
209,109,15
209,110,96
209,111,54
209,112,82
209,113,-50
209,114,13
209,115,-42
209,116,90
209,117,-71
209,118,6
209,119,41
209,120,88
209,121,67
209,122,51
209,123,26
209,124,-29
209,125,-68
209,126,-10
209,127,-96
209,128,91
209,129,19
209,130,82
209,131,14
209,132,16
209,133,-78
209,134,-32
209,135,49
209,136,-30
209,137,13
209,138,68
209,139,-49
209,140,-78
209,141,93
209,142,55
209,143,-72
209,144,17
209,145,-68
209,146,85
209,147,-66
209,148,88
209,149,-79
209,150,51
209,151,62
209,152,-35
209,153,92
209,154,-49
209,155,46
209,156,-33
209,157,-24
209,158,13
209,159,-62
209,160,31
209,161,-68
209,162,36
209,163,62
209,164,58
209,165,-56
209,166,-88
209,167,58
209,168,51
209,169,72
209,170,-84
209,171,-53
209,172,77
209,173,-47
209,174,47
209,175,-77
209,176,42
209,177,13
209,178,-7
209,179,12
209,180,76
209,181,75
209,182,-38
209,183,-15
209,184,-27
209,185,0
209,186,36
209,187,-85
209,188,22
209,189,-18
209,190,-60
209,191,19
209,192,-39
209,193,23
209,194,43
209,195,47
209,196,-71
209,197,94
209,198,17
209,199,-18
209,200,17
209,201,-14
209,202,-48
209,203,-60
209,204,0
209,205,-77
209,206,-94
209,207,98
209,208,-8
209,209,-78
209,210,14
209,211,98
209,212,37
209,213,-40
209,214,-96
209,215,9
209,216,97
209,217,63
209,218,-20
209,219,-57
209,220,-10
209,221,77
209,222,-86
209,223,-76
209,224,-26
209,225,-44
209,226,76
209,227,-31
209,228,-1
209,229,91
209,230,-40
209,231,28
209,232,-74
209,233,-54
209,234,21
209,235,56
209,236,-51
209,237,-48
209,238,-3
209,239,-95
209,240,-23
209,241,78
209,242,56
209,243,10
209,244,-79
209,245,-50
209,246,-68
209,247,79
209,248,-23
209,249,10
209,250,44
209,251,-100
209,252,-26
209,253,-31
209,254,-58
209,255,91
209,256,-96
209,257,24
209,258,79
209,259,13
209,260,11
209,261,5
209,262,44
209,263,77
209,264,10
209,265,-35
209,266,12
209,267,65
209,268,-13
209,269,-62
209,270,-50
209,271,-70
209,272,-24
209,273,88
209,274,27
209,275,40
209,276,-65
209,277,-72
209,278,98
209,279,-15
209,280,9
209,281,39
209,282,-22
209,283,-8
209,284,76
209,285,30
209,286,-87
209,287,1
209,288,-41
209,289,28
209,290,92
209,291,70
209,292,-4
209,293,-21
209,294,-68
209,295,73
209,296,30
209,297,-66
209,298,65
209,299,50
210,0,0
210,1,-77
210,2,-54
210,3,-15
210,4,-40
210,5,-82
210,6,-11
210,7,-52
210,8,93
210,9,-37
210,10,34
210,11,-8
210,12,25
210,13,-42
210,14,-90
210,15,-72
210,16,86
210,17,-48
210,18,1
210,19,-95
210,20,-12
210,21,-2
210,22,9
210,23,14
210,24,97
210,25,-32
210,26,69
210,27,67
210,28,-98
210,29,-97
210,30,8
210,31,85
210,32,-45
210,33,42
210,34,-81
210,35,-46
210,36,-64
210,37,-69
210,38,97
210,39,-61
210,40,35
210,41,-79
210,42,44
210,43,86
210,44,6
210,45,-15
210,46,-59
210,47,85
210,48,75
210,49,-84
210,50,47
210,51,-11
210,52,7
210,53,-82
210,54,56
210,55,23
210,56,3
210,57,79
210,58,31
210,59,-41
210,60,40
210,61,79
210,62,25
210,63,77
210,64,-3
210,65,-42
210,66,19
210,67,74
210,68,27
210,69,37
210,70,71
210,71,47
210,72,9
210,73,47
210,74,-12
210,75,-59
210,76,-74
210,77,-56
210,78,72
210,79,-23
210,80,-17
210,81,-14
210,82,-57
210,83,-8
210,84,-2
210,85,-62
210,86,66
210,87,61
210,88,77
210,89,10
210,90,-6
210,91,21
210,92,11
210,93,-74
210,94,3
210,95,-98
210,96,-3
210,97,-84
210,98,-89
210,99,48
210,100,-79
210,101,90
210,102,-60
210,103,96
210,104,-62
210,105,66
210,106,55
210,107,-91
210,108,82
210,109,20
210,110,19
210,111,89
210,112,20
210,113,-17
210,114,81
210,115,3
210,116,96
210,117,50
210,118,72
210,119,56
210,120,7
210,121,-66
210,122,-42
210,123,98
210,124,-88
210,125,-36
210,126,-97
210,127,79
210,128,-12
210,129,15
210,130,27
210,131,-19
210,132,-68
210,133,13
210,134,52
210,135,-57
210,136,39
210,137,-68
210,138,62
210,139,-2
210,140,-74
210,141,-10
210,142,-50
210,143,21
210,144,94
210,145,45
210,146,-63
210,147,-1
210,148,22
210,149,-29
210,150,44
210,151,48
210,152,77
210,153,-90
210,154,-10
210,155,-84
210,156,-86
210,157,93
210,158,-67
210,159,-67
210,160,75
210,161,67
210,162,25
210,163,0
210,164,31
210,165,-8
210,166,55
210,167,-64
210,168,-27
210,169,96
210,170,26
210,171,-78
210,172,-100
210,173,-37
210,174,-54
210,175,74
210,176,19
210,177,29
210,178,-77
210,179,63
210,180,14
210,181,-12
210,182,-6
210,183,51
210,184,-58
210,185,79
210,186,50
210,187,80
210,188,48
210,189,74
210,190,47
210,191,7
210,192,70
210,193,-85
210,194,23
210,195,-21
210,196,44
210,197,-94
210,198,-70
210,199,74
210,200,-91
210,201,-66
210,202,-53
210,203,-94
210,204,26
210,205,-58
210,206,-29
210,207,1
210,208,-41
210,209,91
210,210,-66
210,211,38
210,212,-43
210,213,-25
210,214,-57
210,215,20
210,216,64
210,217,-66
210,218,49
210,219,-9
210,220,-91
210,221,66
210,222,-1
210,223,15
210,224,48
210,225,86
210,226,-34
210,227,-41
210,228,19
210,229,88
210,230,83
210,231,-7
210,232,6
210,233,63
210,234,-30
210,235,-27
210,236,89
210,237,-2
210,238,-5
210,239,-59
210,240,-34
210,241,-70
210,242,-97
210,243,50
210,244,-74
210,245,59
210,246,-11
210,247,68
210,248,-7
210,249,-60
210,250,-38
210,251,9
210,252,61
210,253,-49
210,254,-98
210,255,-36
210,256,-38
210,257,-78
210,258,-84
210,259,-73
210,260,47
210,261,21
210,262,48
210,263,-63
210,264,49
210,265,-49
210,266,-71
210,267,72
210,268,-48
210,269,66
210,270,-72
210,271,-21
210,272,83
210,273,-32
210,274,-89
210,275,93
210,276,-2
210,277,-64
210,278,20
210,279,-4
210,280,-54
210,281,-14
210,282,53
210,283,4
210,284,-86
210,285,81
210,286,0
210,287,66
210,288,8
210,289,-66
210,290,-71
210,291,-92
210,292,67
210,293,-58
210,294,50
210,295,29
210,296,88
210,297,99
210,298,-49
210,299,43
211,0,16
211,1,-72
211,2,-42
211,3,7
211,4,50
211,5,68
211,6,-27
211,7,-43
211,8,92
211,9,-100
211,10,-46
211,11,-19
211,12,42
211,13,-63
211,14,97
211,15,65
211,16,-31
211,17,-79
211,18,60
211,19,-54
211,20,29
211,21,86
211,22,39
211,23,79
211,24,-7
211,25,-1
211,26,75
211,27,-78
211,28,-100
211,29,91
211,30,17
211,31,-17
211,32,-51
211,33,48
211,34,16
211,35,-17
211,36,-49
211,37,98
211,38,51
211,39,-64
211,40,66
211,41,58
211,42,10
211,43,16
211,44,7
211,45,34
211,46,-27
211,47,73
211,48,-36
211,49,-30
211,50,-90
211,51,70
211,52,1
211,53,82
211,54,-40
211,55,44
211,56,-47
211,57,-12
211,58,70
211,59,-18
211,60,-67
211,61,71
211,62,45
211,63,85
211,64,-49
211,65,11
211,66,32
211,67,88
211,68,47
211,69,-65
211,70,-93
211,71,74
211,72,45
211,73,-96
211,74,-56
211,75,-86
211,76,-41
211,77,87
211,78,47
211,79,-42
211,80,28
211,81,5
211,82,-98
211,83,67
211,84,13
211,85,-43
211,86,97
211,87,-54
211,88,36
211,89,50
211,90,-87
211,91,-20
211,92,84
211,93,-91
211,94,37
211,95,-9
211,96,79
211,97,71
211,98,81
211,99,-36
211,100,-26
211,101,-49
211,102,-12
211,103,-11
211,104,-10
211,105,24
211,106,-75
211,107,24
211,108,-73
211,109,-69
211,110,49
211,111,-57
211,112,41
211,113,-76
211,114,-58
211,115,56
211,116,-76
211,117,9
211,118,-86
211,119,22
211,120,13
211,121,91
211,122,-36
211,123,-70
211,124,46
211,125,-32
211,126,71
211,127,-80
211,128,-61
211,129,58
211,130,-42
211,131,-6
211,132,-62
211,133,23
211,134,26
211,135,-74
211,136,-2
211,137,97
211,138,-81
211,139,-54
211,140,-81
211,141,28
211,142,-72
211,143,-98
211,144,-92
211,145,74
211,146,-21
211,147,-42
211,148,-59
211,149,-54
211,150,-96
211,151,-30
211,152,32
211,153,25
211,154,-42
211,155,-48
211,156,-40
211,157,-23
211,158,44
211,159,21
211,160,-56
211,161,56
211,162,12
211,163,-17
211,164,16
211,165,-4
211,166,-93
211,167,16
211,168,-85
211,169,-86
211,170,8
211,171,10
211,172,-72
211,173,-5
211,174,-52
211,175,68
211,176,-95
211,177,-87
211,178,-17
211,179,-87
211,180,-15
211,181,42
211,182,95
211,183,-86
211,184,-45
211,185,22
211,186,49
211,187,-31
211,188,-65
211,189,40
211,190,-35
211,191,-90
211,192,-9
211,193,76
211,194,-87
211,195,46
211,196,68
211,197,-32
211,198,16
211,199,-62
211,200,11
211,201,42
211,202,27
211,203,69
211,204,85
211,205,51
211,206,-56
211,207,-67
211,208,77
211,209,-44
211,210,-65
211,211,86
211,212,97
211,213,38
211,214,95
211,215,83
211,216,-44
211,217,-8
211,218,4
211,219,82
211,220,35
211,221,12
211,222,-45
211,223,57
211,224,24
211,225,-96
211,226,-92
211,227,44
211,228,-100
211,229,77
211,230,96
211,231,-19
211,232,27
211,233,97
211,234,-70
211,235,65
211,236,44
211,237,-52
211,238,-21
211,239,93
211,240,73
211,241,36
211,242,-59
211,243,-88
211,244,20
211,245,-67
211,246,-78
211,247,-18
211,248,54
211,249,86
211,250,89
211,251,-60
211,252,-2
211,253,-86
211,254,-72
211,255,-49
211,256,-11
211,257,27
211,258,76
211,259,-59
211,260,-7
211,261,55
211,262,-6
211,263,73
211,264,57
211,265,-4
211,266,31
211,267,9
211,268,62
211,269,28
211,270,-55
211,271,34
211,272,0
211,273,-98
211,274,31
211,275,-49
211,276,-64
211,277,-94
211,278,22
211,279,-62
211,280,66
211,281,0
211,282,-41
211,283,-23
211,284,-69
211,285,-80
211,286,-49
211,287,19
211,288,-46
211,289,-1
211,290,42
211,291,-48
211,292,-42
211,293,-98
211,294,-100
211,295,88
211,296,-49
211,297,-62
211,298,85
211,299,31
212,0,-84
212,1,-67
212,2,-77
212,3,49
212,4,34
212,5,-20
212,6,91
212,7,-80
212,8,-30
212,9,37
212,10,-62
212,11,-70
212,12,50
212,13,-5
212,14,-3
212,15,12
212,16,-45
212,17,-21
212,18,47
212,19,-58
212,20,-23
212,21,-92
212,22,16
212,23,97
212,24,-19
212,25,-56
212,26,12
212,27,-91
212,28,67
212,29,-28
212,30,68
212,31,-16
212,32,8
212,33,7
212,34,71
212,35,76
212,36,-64
212,37,95
212,38,10
212,39,-21
212,40,-75
212,41,86
212,42,-66
212,43,-15
212,44,84
212,45,-95
212,46,65
212,47,-6
212,48,-33
212,49,65
212,50,51
212,51,41
212,52,82
212,53,-57
212,54,-15
212,55,-90
212,56,63
212,57,-16
212,58,-68
212,59,19
212,60,-13
212,61,-61
212,62,-14
212,63,-20
212,64,19
212,65,3
212,66,-58
212,67,-69
212,68,-42
212,69,35
212,70,74
212,71,96
212,72,79
212,73,32
212,74,55
212,75,62
212,76,26
212,77,99
212,78,95
212,79,56
212,80,-55
212,81,45
212,82,-72
212,83,-94
212,84,-29
212,85,4
212,86,-53
212,87,-37
212,88,-96
212,89,-21
212,90,-49
212,91,71
212,92,-45
212,93,14
212,94,-20
212,95,-45
212,96,-20
212,97,32
212,98,-63
212,99,-19
212,100,-50
212,101,-88
212,102,9
212,103,-16
212,104,-56
212,105,-11
212,106,37
212,107,61
212,108,71
212,109,50
212,110,-33
212,111,-72
212,112,32
212,113,-9
212,114,14
212,115,-16
212,116,37
212,117,40
212,118,-77
212,119,9
212,120,63
212,121,-63
212,122,-26
212,123,-33
212,124,-14
212,125,-48
212,126,81
212,127,-34
212,128,-3
212,129,-76
212,130,98
212,131,44
212,132,0
212,133,-87
212,134,62
212,135,-36
212,136,84
212,137,1
212,138,-3
212,139,-81
212,140,55
212,141,-38
212,142,44
212,143,-26
212,144,50
212,145,86
212,146,-82
212,147,-6
212,148,30
212,149,-77
212,150,88
212,151,60
212,152,38
212,153,46
212,154,71
212,155,-63
212,156,-61
212,157,0
212,158,45
212,159,57
212,160,-35
212,161,-75
212,162,64
212,163,-81
212,164,-61
212,165,-30
212,166,-92
212,167,35
212,168,73
212,169,-82
212,170,-26
212,171,-49
212,172,-9
212,173,-87
212,174,85
212,175,34
212,176,32
212,177,-55
212,178,45
212,179,-57
212,180,31
212,181,-78
212,182,-49
212,183,74
212,184,-42
212,185,15
212,186,-48
212,187,-81
212,188,22
212,189,-28
212,190,10
212,191,-19
212,192,-24
212,193,-26
212,194,2
212,195,62
212,196,93
212,197,-14
212,198,40
212,199,66
212,200,-83
212,201,-3
212,202,95
212,203,-86
212,204,74
212,205,45
212,206,-17
212,207,33
212,208,72
212,209,25
212,210,-99
212,211,-31
212,212,66
212,213,-62
212,214,-2
212,215,-45
212,216,-46
212,217,15
212,218,27
212,219,19
212,220,-80
212,221,-88
212,222,51
212,223,-51
212,224,61
212,225,-53
212,226,10
212,227,-75
212,228,7
212,229,-41
212,230,12
212,231,19
212,232,56
212,233,8
212,234,58
212,235,-27
212,236,-12
212,237,95
212,238,41
212,239,-93
212,240,-97
212,241,32
212,242,-20
212,243,67
212,244,-16
212,245,37
212,246,1
212,247,-40
212,248,-75
212,249,38
212,250,46
212,251,42
212,252,-53
212,253,-42
212,254,22
212,255,-62
212,256,94
212,257,-67
212,258,-86
212,259,-93
212,260,-91
212,261,-64
212,262,98
212,263,-72
212,264,-27
212,265,-9
212,266,67
212,267,5
212,268,64
212,269,39
212,270,14
212,271,-99
212,272,44
212,273,29
212,274,91
212,275,-87
212,276,-44
212,277,-66
212,278,-97
212,279,69
212,280,-20
212,281,-86
212,282,-90
212,283,43
212,284,-34
212,285,42
212,286,98
212,287,29
212,288,-13
212,289,-3
212,290,74
212,291,87
212,292,-46
212,293,-73
212,294,-28
212,295,-52
212,296,40
212,297,-2
212,298,98
212,299,-5
213,0,86
213,1,58
213,2,-100
213,3,-5
213,4,63
213,5,-79
213,6,-23
213,7,-90
213,8,64
213,9,78
213,10,11
213,11,-32
213,12,-39
213,13,-9
213,14,20
213,15,-54
213,16,-64
213,17,35
213,18,25
213,19,49
213,20,40
213,21,62
213,22,51
213,23,-79
213,24,-38
213,25,29
213,26,-3
213,27,44
213,28,-82
213,29,77
213,30,-17
213,31,-21
213,32,70
213,33,22
213,34,35
213,35,57
213,36,31
213,37,68
213,38,-1
213,39,6
213,40,-42
213,41,6
213,42,58
213,43,-55
213,44,31
213,45,52
213,46,94
213,47,-4
213,48,-79
213,49,-96
213,50,-85
213,51,35
213,52,-59
213,53,34
213,54,-36
213,55,-59
213,56,69
213,57,83
213,58,-87
213,59,67
213,60,84
213,61,-81
213,62,88
213,63,4
213,64,19
213,65,-88
213,66,-57
213,67,98
213,68,66
213,69,-94
213,70,-59
213,71,-27
213,72,-44
213,73,-3
213,74,6
213,75,-24
213,76,-61
213,77,-89
213,78,17
213,79,54
213,80,-41
213,81,82
213,82,-15
213,83,53
213,84,-78
213,85,-25
213,86,-2
213,87,-20
213,88,42
213,89,36
213,90,-100
213,91,59
213,92,-32
213,93,42
213,94,37
213,95,-37
213,96,41
213,97,55
213,98,-2
213,99,-7
213,100,58
213,101,-97
213,102,79
213,103,-68
213,104,14
213,105,-75
213,106,16
213,107,-29
213,108,82
213,109,1
213,110,51
213,111,82
213,112,38
213,113,-43
213,114,-53
213,115,46
213,116,-16
213,117,-13
213,118,13
213,119,46
213,120,-44
213,121,66
213,122,80
213,123,24
213,124,79
213,125,46
213,126,-61
213,127,-33
213,128,61
213,129,54
213,130,97
213,131,-21
213,132,90
213,133,50
213,134,-50
213,135,94
213,136,28
213,137,-88
213,138,96
213,139,-48
213,140,-82
213,141,-57
213,142,94
213,143,55
213,144,6
213,145,-85
213,146,-68
213,147,77
213,148,38
213,149,-83
213,150,10
213,151,4
213,152,-97
213,153,-93
213,154,-65
213,155,88
213,156,1
213,157,-87
213,158,-34
213,159,-98
213,160,-65
213,161,-78
213,162,-24
213,163,97
213,164,-47
213,165,-98
213,166,22
213,167,29
213,168,70
213,169,52
213,170,93
213,171,38
213,172,30
213,173,-54
213,174,45
213,175,58
213,176,33
213,177,-67
213,178,-12
213,179,-33
213,180,-62
213,181,-42
213,182,73
213,183,36
213,184,-21
213,185,-2
213,186,1
213,187,15
213,188,70
213,189,36
213,190,-86
213,191,-17
213,192,73
213,193,81
213,194,-23
213,195,-33
213,196,-7
213,197,20
213,198,-79
213,199,-68
213,200,71
213,201,91
213,202,-45
213,203,67
213,204,-65
213,205,71
213,206,18
213,207,54
213,208,15
213,209,-90
213,210,-63
213,211,-23
213,212,-78
213,213,-37
213,214,-92
213,215,-42
213,216,98
213,217,-20
213,218,44
213,219,-55
213,220,28
213,221,97
213,222,-48
213,223,83
213,224,-95
213,225,-94
213,226,-19
213,227,-50
213,228,-80
213,229,-67
213,230,69
213,231,55
213,232,-33
213,233,68
213,234,-25
213,235,-36
213,236,-69
213,237,40
213,238,-82
213,239,30
213,240,29
213,241,26
213,242,5
213,243,69
213,244,-65
213,245,13
213,246,-30
213,247,15
213,248,91
213,249,-2
213,250,64
213,251,20
213,252,-81
213,253,41
213,254,53
213,255,64
213,256,75
213,257,9
213,258,-54
213,259,-18
213,260,-67
213,261,-66
213,262,21
213,263,73
213,264,17
213,265,33
213,266,-15
213,267,95
213,268,39
213,269,-40
213,270,-56
213,271,-95
213,272,-61
213,273,84
213,274,-66
213,275,-11
213,276,62
213,277,-47
213,278,43
213,279,13
213,280,87
213,281,92
213,282,65
213,283,-7
213,284,51
213,285,69
213,286,99
213,287,-25
213,288,59
213,289,-1
213,290,82
213,291,-27
213,292,19
213,293,-36
213,294,-46
213,295,95
213,296,60
213,297,46
213,298,-78
213,299,19
214,0,40
214,1,22
214,2,-8
214,3,-56
214,4,-71
214,5,-35
214,6,80
214,7,51
214,8,6
214,9,-62
214,10,-22
214,11,-69
214,12,-14
214,13,-80
214,14,-3
214,15,-81
214,16,-37
214,17,38
214,18,79
214,19,79
214,20,-54
214,21,84
214,22,34
214,23,68
214,24,-44
214,25,-36
214,26,-21
214,27,5
214,28,-83
214,29,-37
214,30,-36
214,31,21
214,32,-77
214,33,-25
214,34,57
214,35,72
214,36,80
214,37,98
214,38,-60
214,39,-23
214,40,15
214,41,35
214,42,23
214,43,50
214,44,48
214,45,10
214,46,-2
214,47,59
214,48,-45
214,49,-51
214,50,-80
214,51,-10
214,52,82
214,53,14
214,54,27
214,55,9
214,56,12
214,57,38
214,58,-96
214,59,-75
214,60,21
214,61,81
214,62,36
214,63,85
214,64,-27
214,65,-33
214,66,-47
214,67,56
214,68,39
214,69,86
214,70,-67
214,71,-16
214,72,82
214,73,-10
214,74,-36
214,75,-52
214,76,-60
214,77,83
214,78,-85
214,79,82
214,80,-37
214,81,-26
214,82,-2
214,83,35
214,84,-97
214,85,-11
214,86,39
214,87,-84
214,88,15
214,89,-79
214,90,97
214,91,6
214,92,-82
214,93,-14
214,94,-75
214,95,79
214,96,86
214,97,-12
214,98,29
214,99,40
214,100,65
214,101,-33
214,102,-27
214,103,-50
214,104,-87
214,105,5
214,106,-35
214,107,58
214,108,71
214,109,-51
214,110,35
214,111,39
214,112,-27
214,113,-31
214,114,37
214,115,-60
214,116,91
214,117,89
214,118,-53
214,119,41
214,120,-28
214,121,79
214,122,63
214,123,21
214,124,42
214,125,79
214,126,-35
214,127,-38
214,128,-48
214,129,47
214,130,-90
214,131,57
214,132,-66
214,133,43
214,134,52
214,135,-22
214,136,-98
214,137,47
214,138,85
214,139,41
214,140,87
214,141,-22
214,142,-91
214,143,37
214,144,-93
214,145,-46
214,146,-28
214,147,57
214,148,-76
214,149,19
214,150,31
214,151,-19
214,152,-65
214,153,-13
214,154,-38
214,155,-81
214,156,10
214,157,-56
214,158,7
214,159,-8
214,160,-99
214,161,54
214,162,-76
214,163,5
214,164,-79
214,165,-20
214,166,32
214,167,7
214,168,-26
214,169,47
214,170,-6
214,171,-81
214,172,-67
214,173,63
214,174,94
214,175,77
214,176,-19
214,177,63
214,178,19
214,179,-28
214,180,42
214,181,-8
214,182,63
214,183,-48
214,184,-8
214,185,-44
214,186,-84
214,187,40
214,188,2
214,189,-9
214,190,-69
214,191,-46
214,192,-49
214,193,70
214,194,-60
214,195,-84
214,196,-56
214,197,-83
214,198,-64
214,199,-66
214,200,-29
214,201,24
214,202,-47
214,203,85
214,204,57
214,205,-51
214,206,49
214,207,20
214,208,-96
214,209,50
214,210,0
214,211,-26
214,212,-40
214,213,-47
214,214,25
214,215,13
214,216,-13
214,217,89
214,218,-16
214,219,91
214,220,12
214,221,-14
214,222,-60
214,223,-85
214,224,-20
214,225,-28
214,226,44
214,227,63
214,228,-74
214,229,33
214,230,48
214,231,46
214,232,-27
214,233,49
214,234,90
214,235,42
214,236,40
214,237,88
214,238,-16
214,239,89
214,240,27
214,241,42
214,242,51
214,243,-84
214,244,13
214,245,50
214,246,-76
214,247,-100
214,248,6
214,249,-87
214,250,78
214,251,-81
214,252,54
214,253,53
214,254,69
214,255,-100
214,256,90
214,257,-96
214,258,-53
214,259,-13
214,260,29
214,261,78
214,262,66
214,263,-48
214,264,80
214,265,-84
214,266,-78
214,267,96
214,268,18
214,269,76
214,270,-7
214,271,-59
214,272,77
214,273,-47
214,274,-76
214,275,-20
214,276,-57
214,277,-12
214,278,28
214,279,-88
214,280,-96
214,281,-5
214,282,-52
214,283,97
214,284,7
214,285,26
214,286,22
214,287,-17
214,288,-93
214,289,29
214,290,20
214,291,-37
214,292,-32
214,293,-32
214,294,39
214,295,13
214,296,66
214,297,-34
214,298,-26
214,299,-24
215,0,73
215,1,-83
215,2,87
215,3,-51
215,4,43
215,5,-48
215,6,-80
215,7,-28
215,8,-72
215,9,61
215,10,-89
215,11,71
215,12,-41
215,13,-46
215,14,98
215,15,74
215,16,-90
215,17,80
215,18,14
215,19,-39
215,20,40
215,21,-27
215,22,12
215,23,62
215,24,96
215,25,55
215,26,93
215,27,-57
215,28,-26
215,29,-38
215,30,-68
215,31,59
215,32,-41
215,33,95
215,34,-43
215,35,-28
215,36,44
215,37,-89
215,38,49
215,39,80
215,40,12
215,41,-39
215,42,-38
215,43,31
215,44,43
215,45,-47
215,46,-75
215,47,20
215,48,-45
215,49,41
215,50,47
215,51,70
215,52,80
215,53,-37
215,54,2
215,55,12
215,56,63
215,57,-7
215,58,-67
215,59,17
215,60,-79
215,61,-88
215,62,-6
215,63,94
215,64,13
215,65,67
215,66,87
215,67,-57
215,68,32
215,69,12
215,70,-76
215,71,-38
215,72,49
215,73,25
215,74,-2
215,75,-7
215,76,-75
215,77,43
215,78,96
215,79,63
215,80,39
215,81,-48
215,82,47
215,83,66
215,84,2
215,85,-80
215,86,-4
215,87,85
215,88,-1
215,89,41
215,90,-67
215,91,12
215,92,41
215,93,-46
215,94,-82
215,95,-65
215,96,61
215,97,-40
215,98,8
215,99,29
215,100,-33
215,101,-67
215,102,-78
215,103,-95
215,104,57
215,105,49
215,106,9
215,107,-23
215,108,-38
215,109,72
215,110,-62
215,111,-24
215,112,46
215,113,99
215,114,-58
215,115,5
215,116,-55
215,117,-8
215,118,-23
215,119,-64
215,120,88
215,121,-45
215,122,48
215,123,92
215,124,-52
215,125,68
215,126,-42
215,127,40
215,128,42
215,129,33
215,130,67
215,131,-99
215,132,96
215,133,-44
215,134,-64
215,135,55
215,136,-72
215,137,34
215,138,-17
215,139,-98
215,140,16
215,141,-79
215,142,11
215,143,51
215,144,58
215,145,32
215,146,70
215,147,97
215,148,-40
215,149,-17
215,150,38
215,151,-56
215,152,13
215,153,20
215,154,-33
215,155,21
215,156,-4
215,157,-81
215,158,78
215,159,66
215,160,69
215,161,1
215,162,-94
215,163,39
215,164,67
215,165,26
215,166,-33
215,167,-48
215,168,74
215,169,-33
215,170,-3
215,171,-11
215,172,94
215,173,-37
215,174,-9
215,175,-36
215,176,-68
215,177,90
215,178,-77
215,179,-94
215,180,90
215,181,-27
215,182,33
215,183,40
215,184,72
215,185,55
215,186,-84
215,187,65
215,188,85
215,189,-18
215,190,-38
215,191,39
215,192,-41
215,193,-52
215,194,1
215,195,35
215,196,-15
215,197,29
215,198,78
215,199,-59
215,200,-25
215,201,-22
215,202,62
215,203,-76
215,204,-15
215,205,55
215,206,29
215,207,45
215,208,-91
215,209,51
215,210,-25
215,211,-80
215,212,-68
215,213,-62
215,214,23
215,215,23
215,216,39
215,217,-51
215,218,39
215,219,93
215,220,-28
215,221,96
215,222,-24
215,223,-35
215,224,-81
215,225,-3
215,226,82
215,227,50
215,228,-17
215,229,86
215,230,98
215,231,-24
215,232,1
215,233,15
215,234,51
215,235,-52
215,236,-62
215,237,98
215,238,63
215,239,-35
215,240,-5
215,241,70
215,242,12
215,243,14
215,244,40
215,245,37
215,246,-73
215,247,-77
215,248,24
215,249,76
215,250,-90
215,251,20
215,252,10
215,253,17
215,254,81
215,255,87
215,256,33
215,257,-69
215,258,-12
215,259,31
215,260,-67
215,261,58
215,262,-12
215,263,88
215,264,-62
215,265,-16
215,266,97
215,267,91
215,268,-79
215,269,22
215,270,-13
215,271,-56
215,272,27
215,273,16
215,274,30
215,275,-27
215,276,-1
215,277,-5
215,278,4
215,279,-62
215,280,51
215,281,-90
215,282,21
215,283,35
215,284,7
215,285,-45
215,286,90
215,287,27
215,288,83
215,289,48
215,290,-87
215,291,22
215,292,53
215,293,77
215,294,35
215,295,81
215,296,67
215,297,-79
215,298,61
215,299,-12
216,0,-15
216,1,52
216,2,-86
216,3,-80
216,4,-82
216,5,91
216,6,89
216,7,-100
216,8,52
216,9,-83
216,10,-35
216,11,68
216,12,63
216,13,53
216,14,-89
216,15,58
216,16,-45
216,17,-84
216,18,65
216,19,89
216,20,-58
216,21,-93
216,22,93
216,23,17
216,24,91
216,25,-32
216,26,-27
216,27,-39
216,28,72
216,29,83
216,30,-50
216,31,-86
216,32,35
216,33,-82
216,34,-72
216,35,87
216,36,-68
216,37,77
216,38,-5
216,39,72
216,40,68
216,41,29
216,42,14
216,43,-57
216,44,-85
216,45,-53
216,46,-92
216,47,-56
216,48,-38
216,49,-49
216,50,-48
216,51,-23
216,52,27
216,53,9
216,54,7
216,55,40
216,56,-9
216,57,-100
216,58,-89
216,59,-58
216,60,67
216,61,-49
216,62,66
216,63,86
216,64,-78
216,65,-26
216,66,62
216,67,-80
216,68,-2
216,69,-32
216,70,90
216,71,-18
216,72,-99
216,73,90
216,74,7
216,75,-44
216,76,3
216,77,27
216,78,-56
216,79,57
216,80,-51
216,81,-45
216,82,-5
216,83,-14
216,84,-4
216,85,-82
216,86,-18
216,87,27
216,88,-63
216,89,-98
216,90,70
216,91,43
216,92,47
216,93,-39
216,94,-96
216,95,-71
216,96,-17
216,97,-34
216,98,74
216,99,-5
216,100,-16
216,101,-56
216,102,76
216,103,-95
216,104,77
216,105,52
216,106,-38
216,107,16
216,108,19
216,109,-70
216,110,15
216,111,28
216,112,-94
216,113,59
216,114,-99
216,115,98
216,116,-28
216,117,89
216,118,-40
216,119,-43
216,120,-24
216,121,-97
216,122,-48
216,123,-13
216,124,-6
216,125,-12
216,126,79
216,127,92
216,128,-12
216,129,-67
216,130,78
216,131,-29
216,132,-59
216,133,-15
216,134,81
216,135,-30
216,136,70
216,137,-57
216,138,-78
216,139,-58
216,140,20
216,141,-25
216,142,-20
216,143,-75
216,144,69
216,145,-50
216,146,89
216,147,-64
216,148,76
216,149,35
216,150,-11
216,151,-12
216,152,-43
216,153,96
216,154,86
216,155,71
216,156,55
216,157,84
216,158,86
216,159,-18
216,160,79
216,161,20
216,162,-31
216,163,94
216,164,57
216,165,13
216,166,-21
216,167,82
216,168,-25
216,169,-85
216,170,-23
216,171,56
216,172,99
216,173,47
216,174,34
216,175,71
216,176,62
216,177,-43
216,178,93
216,179,46
216,180,-6
216,181,-26
216,182,57
216,183,51
216,184,-34
216,185,41
216,186,46
216,187,-8
216,188,94
216,189,-73
216,190,-58
216,191,-97
216,192,69
216,193,-78
216,194,-48
216,195,-22
216,196,-53
216,197,98
216,198,-17
216,199,80
216,200,87
216,201,-16
216,202,75
216,203,-64
216,204,21
216,205,65
216,206,21
216,207,86
216,208,71
216,209,-27
216,210,-37
216,211,-81
216,212,11
216,213,67
216,214,2
216,215,39
216,216,-23
216,217,15
216,218,-85
216,219,66
216,220,49
216,221,-38
216,222,39
216,223,-64
216,224,-25
216,225,-5
216,226,-13
216,227,-82
216,228,-58
216,229,-66
216,230,-69
216,231,37
216,232,14
216,233,57
216,234,-77
216,235,-14
216,236,70
216,237,-60
216,238,65
216,239,15
216,240,21
216,241,-91
216,242,-45
216,243,-47
216,244,-1
216,245,94
216,246,33
216,247,65
216,248,57
216,249,79
216,250,-25
216,251,22
216,252,-39
216,253,53
216,254,19
216,255,-72
216,256,2
216,257,-41
216,258,82
216,259,-82
216,260,-15
216,261,56
216,262,11
216,263,-32
216,264,-63
216,265,16
216,266,-88
216,267,75
216,268,-41
216,269,78
216,270,14
216,271,49
216,272,86
216,273,-33
216,274,71
216,275,-18
216,276,44
216,277,41
216,278,-58
216,279,-44
216,280,-94
216,281,94
216,282,-66
216,283,63
216,284,-85
216,285,78
216,286,47
216,287,-50
216,288,67
216,289,-30
216,290,90
216,291,-85
216,292,77
216,293,-27
216,294,-84
216,295,35
216,296,-66
216,297,-33
216,298,12
216,299,15
217,0,-56
217,1,-97
217,2,-74
217,3,-17
217,4,11
217,5,90
217,6,-99
217,7,-66
217,8,-87
217,9,-18
217,10,-68
217,11,-24
217,12,62
217,13,69
217,14,60
217,15,25
217,16,20
217,17,69
217,18,44
217,19,95
217,20,28
217,21,49
217,22,-19
217,23,19
217,24,81
217,25,64
217,26,-49
217,27,80
217,28,-21
217,29,43
217,30,4
217,31,-16
217,32,36
217,33,81
217,34,2
217,35,51
217,36,-83
217,37,-72
217,38,16
217,39,-49
217,40,-17
217,41,-46
217,42,-10
217,43,83
217,44,-32
217,45,38
217,46,57
217,47,-20
217,48,-15
217,49,36
217,50,-32
217,51,-1
217,52,44
217,53,-26
217,54,97
217,55,-55
217,56,25
217,57,-51
217,58,-79
217,59,93
217,60,10
217,61,-28
217,62,8
217,63,-81
217,64,21
217,65,-4
217,66,27
217,67,73
217,68,97
217,69,83
217,70,29
217,71,-94
217,72,-39
217,73,82
217,74,-91
217,75,-5
217,76,-95
217,77,38
217,78,-7
217,79,-48
217,80,-23
217,81,-26
217,82,36
217,83,5
217,84,67
217,85,22
217,86,90
217,87,11
217,88,82
217,89,-77
217,90,97
217,91,-24
217,92,-92
217,93,-39
217,94,-34
217,95,-93
217,96,2
217,97,-32
217,98,-79
217,99,12
217,100,-34
217,101,63
217,102,32
217,103,-82
217,104,-73
217,105,61
217,106,-18
217,107,29
217,108,-100
217,109,88
217,110,92
217,111,19
217,112,47
217,113,19
217,114,40
217,115,6
217,116,9
217,117,40
217,118,-73
217,119,35
217,120,-93
217,121,61
217,122,-55
217,123,24
217,124,86
217,125,-87
217,126,-62
217,127,-22
217,128,6
217,129,-51
217,130,-98
217,131,-100
217,132,10
217,133,14
217,134,-24
217,135,2
217,136,-81
217,137,-41
217,138,5
217,139,-23
217,140,20
217,141,79
217,142,90
217,143,21
217,144,-30
217,145,22
217,146,23
217,147,20
217,148,27
217,149,5
217,150,94
217,151,77
217,152,41
217,153,84
217,154,-11
217,155,9
217,156,-50
217,157,11
217,158,56
217,159,28
217,160,-20
217,161,-72
217,162,81
217,163,-99
217,164,94
217,165,49
217,166,-71
217,167,59
217,168,77
217,169,35
217,170,-65
217,171,-64
217,172,76
217,173,20
217,174,-58
217,175,58
217,176,65
217,177,10
217,178,-32
217,179,-85
217,180,-58
217,181,24
217,182,-66
217,183,-46
217,184,-38
217,185,29
217,186,79
217,187,21
217,188,-33
217,189,38
217,190,71
217,191,62
217,192,75
217,193,56
217,194,83
217,195,-98
217,196,75
217,197,-60
217,198,-82
217,199,1
217,200,99
217,201,-17
217,202,37
217,203,59
217,204,-5
217,205,-16
217,206,77
217,207,91
217,208,53
217,209,78
217,210,46
217,211,76
217,212,-76
217,213,18
217,214,62
217,215,-81
217,216,-24
217,217,88
217,218,71
217,219,-47
217,220,82
217,221,50
217,222,-67
217,223,60
217,224,-18
217,225,46
217,226,-78
217,227,-53
217,228,16
217,229,-69
217,230,-6
217,231,76
217,232,-93
217,233,-26
217,234,-30
217,235,-3
217,236,3
217,237,13
217,238,-20
217,239,-40
217,240,9
217,241,-64
217,242,-45
217,243,42
217,244,83
217,245,51
217,246,34
217,247,-62
217,248,-65
217,249,-30
217,250,-67
217,251,54
217,252,9
217,253,94
217,254,-52
217,255,10
217,256,70
217,257,-76
217,258,98
217,259,-21
217,260,-25
217,261,-26
217,262,83
217,263,89
217,264,36
217,265,-35
217,266,-93
217,267,62
217,268,5
217,269,-75
217,270,-69
217,271,-49
217,272,73
217,273,-53
217,274,-54
217,275,-75
217,276,-41
217,277,93
217,278,-85
217,279,-28
217,280,-72
217,281,-64
217,282,19
217,283,-65
217,284,23
217,285,-33
217,286,42
217,287,-17
217,288,-90
217,289,-84
217,290,-44
217,291,16
217,292,5
217,293,32
217,294,97
217,295,-8
217,296,2
217,297,76
217,298,96
217,299,-6
218,0,46
218,1,82
218,2,41
218,3,33
218,4,-28
218,5,-12
218,6,-42
218,7,14
218,8,96
218,9,89
218,10,34
218,11,8
218,12,-70
218,13,73
218,14,10
218,15,65
218,16,71
218,17,56
218,18,58
218,19,37
218,20,-100
218,21,-13
218,22,-10
218,23,61
218,24,32
218,25,-31
218,26,56
218,27,-93
218,28,75
218,29,-56
218,30,41
218,31,-27
218,32,-4
218,33,-54
218,34,-13
218,35,-56
218,36,32
218,37,26
218,38,3
218,39,67
218,40,-93
218,41,4
218,42,-29
218,43,61
218,44,10
218,45,-7
218,46,31
218,47,51
218,48,-8
218,49,-22
218,50,-91
218,51,20
218,52,-48
218,53,41
218,54,95
218,55,42
218,56,-21
218,57,91
218,58,-84
218,59,73
218,60,-100
218,61,-13
218,62,13
218,63,58
218,64,73
218,65,-68
218,66,-12
218,67,-62
218,68,63
218,69,-71
218,70,-84
218,71,-86
218,72,81
218,73,-69
218,74,21
218,75,41
218,76,-6
218,77,36
218,78,-82
218,79,-84
218,80,3
218,81,88
218,82,-38
218,83,52
218,84,51
218,85,-79
218,86,48
218,87,-92
218,88,16
218,89,78
218,90,-80
218,91,3
218,92,52
218,93,46
218,94,-76
218,95,48
218,96,71
218,97,10
218,98,-19
218,99,90
218,100,46
218,101,95
218,102,12
218,103,-66
218,104,41
218,105,-65
218,106,-26
218,107,50
218,108,49
218,109,-73
218,110,38
218,111,-81
218,112,-68
218,113,-60
218,114,-85
218,115,99
218,116,9
218,117,-20
218,118,54
218,119,0
218,120,99
218,121,-9
218,122,18
218,123,-76
218,124,5
218,125,-8
218,126,-63
218,127,56
218,128,99
218,129,73
218,130,55
218,131,-62
218,132,2
218,133,-8
218,134,-16
218,135,39
218,136,2
218,137,-43
218,138,99
218,139,-20
218,140,-81
218,141,2
218,142,8
218,143,91
218,144,81
218,145,46
218,146,-50
218,147,99
218,148,11
218,149,-6
218,150,3
218,151,-91
218,152,61
218,153,-5
218,154,7
218,155,93
218,156,39
218,157,-82
218,158,-74
218,159,98
218,160,51
218,161,63
218,162,52
218,163,-91
218,164,37
218,165,-61
218,166,58
218,167,84
218,168,87
218,169,33
218,170,92
218,171,-64
218,172,-6
218,173,-48
218,174,-30
218,175,-18
218,176,83
218,177,40
218,178,-61
218,179,58
218,180,-83
218,181,47
218,182,-28
218,183,-73
218,184,78
218,185,22
218,186,2
218,187,-17
218,188,96
218,189,33
218,190,70
218,191,-93
218,192,97
218,193,71
218,194,-33
218,195,93
218,196,26
218,197,-45
218,198,-59
218,199,55
218,200,-77
218,201,47
218,202,39
218,203,80
218,204,-82
218,205,26
218,206,99
218,207,95
218,208,-74
218,209,-71
218,210,-81
218,211,56
218,212,-75
218,213,96
218,214,-34
218,215,-40
218,216,-6
218,217,55
218,218,28
218,219,-58
218,220,11
218,221,-35
218,222,28
218,223,35
218,224,80
218,225,50
218,226,-75
218,227,-88
218,228,-25
218,229,-46
218,230,81
218,231,91
218,232,95
218,233,44
218,234,-58
218,235,-40
218,236,-88
218,237,-21
218,238,-100
218,239,-59
218,240,-61
218,241,-14
218,242,-34
218,243,98
218,244,-71
218,245,71
218,246,-32
218,247,-98
218,248,44
218,249,-7
218,250,74
218,251,37
218,252,-34
218,253,90
218,254,-82
218,255,84
218,256,-15
218,257,7
218,258,-18
218,259,40
218,260,-54
218,261,-45
218,262,-77
218,263,69
218,264,30
218,265,-49
218,266,77
218,267,27
218,268,-18
218,269,62
218,270,43
218,271,8
218,272,61
218,273,77
218,274,51
218,275,89
218,276,-45
218,277,33
218,278,-79
218,279,55
218,280,-40
218,281,58
218,282,48
218,283,66
218,284,-19
218,285,-81
218,286,71
218,287,-75
218,288,-19
218,289,-91
218,290,-35
218,291,-97
218,292,46
218,293,-44
218,294,47
218,295,54
218,296,32
218,297,32
218,298,45
218,299,9
219,0,95
219,1,13
219,2,18
219,3,-78
219,4,5
219,5,-47
219,6,-80
219,7,-30
219,8,91
219,9,-25
219,10,37
219,11,60
219,12,-72
219,13,53
219,14,60
219,15,-72
219,16,12
219,17,-46
219,18,-21
219,19,88
219,20,74
219,21,-13
219,22,-83
219,23,72
219,24,-14
219,25,66
219,26,-98
219,27,-48
219,28,48
219,29,57
219,30,-82
219,31,78
219,32,-27
219,33,-95
219,34,18
219,35,17
219,36,-14
219,37,-24
219,38,0
219,39,38
219,40,2
219,41,90
219,42,6
219,43,97
219,44,-3
219,45,35
219,46,97
219,47,-95
219,48,-36
219,49,-80
219,50,23
219,51,-52
219,52,39
219,53,-76
219,54,28
219,55,-5
219,56,-10
219,57,-66
219,58,-94
219,59,-62
219,60,34
219,61,21
219,62,7
219,63,-29
219,64,-3
219,65,77
219,66,14
219,67,2
219,68,3
219,69,68
219,70,98
219,71,-87
219,72,-63
219,73,-62
219,74,44
219,75,-25
219,76,-66
219,77,-17
219,78,69
219,79,-80
219,80,-2
219,81,14
219,82,-9
219,83,87
219,84,-15
219,85,-28
219,86,37
219,87,99
219,88,-44
219,89,-56
219,90,-65
219,91,-79
219,92,70
219,93,-13
219,94,94
219,95,80
219,96,78
219,97,44
219,98,70
219,99,-54
219,100,-11
219,101,54
219,102,-85
219,103,51
219,104,46
219,105,-95
219,106,-51
219,107,30
219,108,-20
219,109,-58
219,110,-48
219,111,-50
219,112,-19
219,113,-42
219,114,55
219,115,25
219,116,49
219,117,-49
219,118,-86
219,119,87
219,120,81
219,121,24
219,122,47
219,123,-92
219,124,-93
219,125,-40
219,126,50
219,127,-42
219,128,-38
219,129,83
219,130,32
219,131,36
219,132,50
219,133,-98
219,134,-2
219,135,-91
219,136,-8
219,137,76
219,138,-94
219,139,13
219,140,65
219,141,-97
219,142,32
219,143,-22
219,144,31
219,145,-28
219,146,54
219,147,6
219,148,-74
219,149,98
219,150,-47
219,151,76
219,152,-92
219,153,-91
219,154,24
219,155,68
219,156,-73
219,157,-47
219,158,-12
219,159,-27
219,160,71
219,161,-39
219,162,-41
219,163,-89
219,164,-76
219,165,92
219,166,66
219,167,-5
219,168,53
219,169,24
219,170,57
219,171,-2
219,172,55
219,173,42
219,174,-10
219,175,17
219,176,-93
219,177,-91
219,178,58
219,179,-9
219,180,40
219,181,-80
219,182,43
219,183,-33
219,184,48
219,185,-95
219,186,22
219,187,56
219,188,-35
219,189,-41
219,190,55
219,191,47
219,192,95
219,193,-40
219,194,41
219,195,51
219,196,-88
219,197,21
219,198,82
219,199,8
219,200,-93
219,201,47
219,202,-44
219,203,56
219,204,-91
219,205,-93
219,206,48
219,207,5
219,208,15
219,209,77
219,210,-59
219,211,49
219,212,-77
219,213,-68
219,214,-36
219,215,-35
219,216,-32
219,217,76
219,218,49
219,219,77
219,220,42
219,221,30
219,222,-47
219,223,-48
219,224,69
219,225,-58
219,226,-73
219,227,-81
219,228,-88
219,229,-75
219,230,32
219,231,-59
219,232,-66
219,233,-38
219,234,96
219,235,81
219,236,23
219,237,79
219,238,75
219,239,-88
219,240,-54
219,241,27
219,242,81
219,243,-86
219,244,87
219,245,5
219,246,-59
219,247,-43
219,248,89
219,249,-5
219,250,44
219,251,-72
219,252,19
219,253,-73
219,254,66
219,255,12
219,256,58
219,257,-72
219,258,69
219,259,-2
219,260,-3
219,261,-62
219,262,-56
219,263,-10
219,264,-4
219,265,68
219,266,6
219,267,-22
219,268,-44
219,269,-18
219,270,-3
219,271,-89
219,272,-54
219,273,14
219,274,50
219,275,-76
219,276,76
219,277,-81
219,278,-17
219,279,84
219,280,-77
219,281,76
219,282,-49
219,283,31
219,284,44
219,285,56
219,286,27
219,287,-31
219,288,-7
219,289,16
219,290,65
219,291,-92
219,292,79
219,293,-17
219,294,15
219,295,-29
219,296,-68
219,297,84
219,298,-23
219,299,89
220,0,-94
220,1,-86
220,2,-79
220,3,29
220,4,97
220,5,88
220,6,22
220,7,-38
220,8,32
220,9,56
220,10,-31
220,11,-100
220,12,46
220,13,13
220,14,-78
220,15,-30
220,16,-17
220,17,-79
220,18,-6
220,19,43
220,20,-100
220,21,89
220,22,89
220,23,-66
220,24,55
220,25,-98
220,26,-51
220,27,-24
220,28,44
220,29,-70
220,30,-36
220,31,31
220,32,93
220,33,-96
220,34,-54
220,35,47
220,36,-39
220,37,58
220,38,68
220,39,92
220,40,-35
220,41,37
220,42,97
220,43,-19
220,44,-49
220,45,34
220,46,25
220,47,-46
220,48,-65
220,49,28
220,50,-34
220,51,-51
220,52,-18
220,53,-42
220,54,-50
220,55,35
220,56,67
220,57,-25
220,58,-15
220,59,72
220,60,-7
220,61,-86
220,62,36
220,63,-33
220,64,81
220,65,17
220,66,-17
220,67,-91
220,68,66
220,69,-28
220,70,-50
220,71,-82
220,72,87
220,73,-71
220,74,-84
220,75,48
220,76,82
220,77,-37
220,78,84
220,79,-29
220,80,45
220,81,57
220,82,-45
220,83,-12
220,84,-67
220,85,35
220,86,46
220,87,-29
220,88,36
220,89,99
220,90,92
220,91,98
220,92,-87
220,93,31
220,94,-10
220,95,-56
220,96,33
220,97,98
220,98,-57
220,99,4
220,100,12
220,101,-49
220,102,37
220,103,3
220,104,21
220,105,-61
220,106,71
220,107,58
220,108,19
220,109,42
220,110,85
220,111,-6
220,112,-9
220,113,-14
220,114,-91
220,115,37
220,116,97
220,117,-88
220,118,-67
220,119,32
220,120,17
220,121,91
220,122,-14
220,123,47
220,124,26
220,125,-48
220,126,84
220,127,-45
220,128,88
220,129,-26
220,130,27
220,131,82
220,132,-71
220,133,0
220,134,-70
220,135,4
220,136,-53
220,137,48
220,138,60
220,139,75
220,140,-7
220,141,59
220,142,-44
220,143,22
220,144,-36
220,145,-39
220,146,86
220,147,-63
220,148,-66
220,149,-1
220,150,53
220,151,0
220,152,27
220,153,71
220,154,-17
220,155,92
220,156,21
220,157,-79
220,158,81
220,159,99
220,160,-93
220,161,84
220,162,83
220,163,65
220,164,-22
220,165,-79
220,166,54
220,167,0
220,168,67
220,169,-43
220,170,19
220,171,77
220,172,97
220,173,-19
220,174,81
220,175,-33
220,176,42
220,177,56
220,178,-45
220,179,-29
220,180,-4
220,181,3
220,182,9
220,183,82
220,184,42
220,185,-13
220,186,-53
220,187,-15
220,188,14
220,189,-52
220,190,78
220,191,-22
220,192,18
220,193,3
220,194,-49
220,195,-71
220,196,-44
220,197,42
220,198,18
220,199,85
220,200,38
220,201,48
220,202,-100
220,203,-43
220,204,-12
220,205,-33
220,206,-64
220,207,-59
220,208,17
220,209,-20
220,210,-24
220,211,57
220,212,-25
220,213,9
220,214,33
220,215,93
220,216,-13
220,217,-90
220,218,-61
220,219,-19
220,220,77
220,221,25
220,222,77
220,223,57
220,224,-34
220,225,58
220,226,-10
220,227,-23
220,228,36
220,229,7
220,230,66
220,231,-38
220,232,98
220,233,20
220,234,24
220,235,99
220,236,-43
220,237,58
220,238,-71
220,239,-28
220,240,14
220,241,-9
220,242,-19
220,243,21
220,244,-44
220,245,48
220,246,-70
220,247,-94
220,248,61
220,249,27
220,250,5
220,251,-4
220,252,74
220,253,51
220,254,10
220,255,-51
220,256,-4
220,257,-46
220,258,82
220,259,-95
220,260,-22
220,261,-98
220,262,57
220,263,51
220,264,46
220,265,20
220,266,-64
220,267,52
220,268,49
220,269,-71
220,270,-40
220,271,-64
220,272,-51
220,273,54
220,274,52
220,275,-35
220,276,23
220,277,-72
220,278,18
220,279,14
220,280,-20
220,281,-36
220,282,17
220,283,56
220,284,-14
220,285,23
220,286,39
220,287,6
220,288,44
220,289,-58
220,290,-95
220,291,-31
220,292,85
220,293,-43
220,294,23
220,295,-81
220,296,-99
220,297,-14
220,298,15
220,299,8
221,0,71
221,1,-89
221,2,-96
221,3,-28
221,4,-8
221,5,-18
221,6,-97
221,7,49
221,8,6
221,9,-81
221,10,67
221,11,12
221,12,-98
221,13,92
221,14,-7
221,15,-97
221,16,-42
221,17,-51
221,18,13
221,19,-73
221,20,29
221,21,-75
221,22,49
221,23,-39
221,24,-66
221,25,-1
221,26,93
221,27,-100
221,28,-31
221,29,-91
221,30,8
221,31,74
221,32,76
221,33,-46
221,34,43
221,35,2
221,36,38
221,37,1
221,38,-67
221,39,58
221,40,8
221,41,98
221,42,17
221,43,99
221,44,-55
221,45,-62
221,46,1
221,47,-95
221,48,-1
221,49,7
221,50,55
221,51,35
221,52,28
221,53,34
221,54,-42
221,55,52
221,56,-79
221,57,17
221,58,-96
221,59,78
221,60,-28
221,61,42
221,62,-31
221,63,-81
221,64,-64
221,65,-58
221,66,-37
221,67,-50
221,68,89
221,69,38
221,70,-53
221,71,-98
221,72,87
221,73,58
221,74,-83
221,75,-33
221,76,95
221,77,22
221,78,-21
221,79,-27
221,80,-86
221,81,15
221,82,-84
221,83,47
221,84,22
221,85,-97
221,86,61
221,87,-73
221,88,59
221,89,50
221,90,-37
221,91,-56
221,92,78
221,93,10
221,94,-82
221,95,-67
221,96,-13
221,97,-91
221,98,-48
221,99,-1
221,100,-77
221,101,29
221,102,59
221,103,14
221,104,33
221,105,87
221,106,-96
221,107,71
221,108,-49
221,109,-98
221,110,-29
221,111,36
221,112,35
221,113,10
221,114,75
221,115,66
221,116,79
221,117,90
221,118,-28
221,119,-1
221,120,-67
221,121,89
221,122,86
221,123,-26
221,124,74
221,125,52
221,126,93
221,127,45
221,128,79
221,129,-47
221,130,-70
221,131,27
221,132,-83
221,133,-56
221,134,95
221,135,80
221,136,17
221,137,-44
221,138,24
221,139,16
221,140,51
221,141,-38
221,142,-40
221,143,39
221,144,74
221,145,-35
221,146,-24
221,147,-55
221,148,-21
221,149,-59
221,150,-71
221,151,79
221,152,-63
221,153,-21
221,154,95
221,155,-73
221,156,88
221,157,-94
221,158,-51
221,159,-78
221,160,-34
221,161,92
221,162,-70
221,163,-65
221,164,59
221,165,49
221,166,-66
221,167,-28
221,168,39
221,169,-83
221,170,97
221,171,19
221,172,72
221,173,96
221,174,-100
221,175,25
221,176,-59
221,177,48
221,178,-76
221,179,43
221,180,-21
221,181,37
221,182,28
221,183,3
221,184,-68
221,185,-49
221,186,-38
221,187,93
221,188,44
221,189,58
221,190,45
221,191,11
221,192,65
221,193,-50
221,194,91
221,195,-9
221,196,38
221,197,-64
221,198,98
221,199,-63
221,200,-19
221,201,35
221,202,-86
221,203,-65
221,204,-20
221,205,-11
221,206,-64
221,207,98
221,208,-79
221,209,99
221,210,-8
221,211,-41
221,212,-18
221,213,14
221,214,72
221,215,39
221,216,45
221,217,29
221,218,15
221,219,77
221,220,-1
221,221,25
221,222,89
221,223,21
221,224,71
221,225,40
221,226,-41
221,227,33
221,228,-9
221,229,-78
221,230,-44
221,231,-11
221,232,-26
221,233,-76
221,234,-31
221,235,-60
221,236,-4
221,237,13
221,238,99
221,239,-100
221,240,-5
221,241,-71
221,242,-81
221,243,19
221,244,-5
221,245,-4
221,246,29
221,247,72
221,248,74
221,249,21
221,250,50
221,251,-93
221,252,27
221,253,19
221,254,-13
221,255,32
221,256,19
221,257,54
221,258,-64
221,259,-8
221,260,79
221,261,-72
221,262,5
221,263,93
221,264,-18
221,265,93
221,266,18
221,267,-44
221,268,87
221,269,-93
221,270,22
221,271,73
221,272,-87
221,273,-54
221,274,67
221,275,-2
221,276,-51
221,277,-2
221,278,-90
221,279,-87
221,280,0
221,281,98
221,282,50
221,283,-57
221,284,49
221,285,2
221,286,77
221,287,71
221,288,60
221,289,92
221,290,8
221,291,13
221,292,98
221,293,-29
221,294,-68
221,295,18
221,296,-37
221,297,75
221,298,-81
221,299,86
222,0,-53
222,1,38
222,2,18
222,3,21
222,4,83
222,5,66
222,6,12
222,7,-6
222,8,75
222,9,-64
222,10,6
222,11,51
222,12,59
222,13,15
222,14,-94
222,15,30
222,16,72
222,17,-15
222,18,-15
222,19,-28
222,20,11
222,21,-83
222,22,23
222,23,53
222,24,-65
222,25,25
222,26,65
222,27,12
222,28,60
222,29,-5
222,30,-64
222,31,-4
222,32,-56
222,33,29
222,34,-42
222,35,-89
222,36,84
222,37,28
222,38,-97
222,39,-75
222,40,34
222,41,-13
222,42,23
222,43,-18
222,44,-23
222,45,69
222,46,-87
222,47,19
222,48,-58
222,49,47
222,50,40
222,51,9
222,52,-15
222,53,53
222,54,-44
222,55,2
222,56,-51
222,57,84
222,58,-38
222,59,-74
222,60,84
222,61,-14
222,62,53
222,63,-70
222,64,45
222,65,39
222,66,-24
222,67,-35
222,68,27
222,69,-1
222,70,-34
222,71,17
222,72,60
222,73,-4
222,74,33
222,75,56
222,76,25
222,77,29
222,78,90
222,79,-19
222,80,68
222,81,-7
222,82,87
222,83,18
222,84,-16
222,85,-28
222,86,-78
222,87,-94
222,88,6
222,89,93
222,90,-80
222,91,63
222,92,-82
222,93,62
222,94,3
222,95,-85
222,96,11
222,97,41
222,98,-40
222,99,58
222,100,-38
222,101,-70
222,102,-49
222,103,75
222,104,26
222,105,57
222,106,8
222,107,61
222,108,13
222,109,-86
222,110,-84
222,111,-6
222,112,29
222,113,78
222,114,-48
222,115,-24
222,116,-42
222,117,-34
222,118,-33
222,119,20
222,120,45
222,121,15
222,122,-100
222,123,15
222,124,-27
222,125,-35
222,126,87
222,127,-42
222,128,89
222,129,19
222,130,54
222,131,91
222,132,-38
222,133,75
222,134,-65
222,135,-76
222,136,-5
222,137,97
222,138,-73
222,139,-82
222,140,-42
222,141,39
222,142,-93
222,143,89
222,144,-52
222,145,-23
222,146,96
222,147,95
222,148,99
222,149,32
222,150,-90
222,151,88
222,152,57
222,153,-92
222,154,-58
222,155,71
222,156,17
222,157,-59
222,158,50
222,159,-54
222,160,-50
222,161,-19
222,162,8
222,163,52
222,164,60
222,165,59
222,166,46
222,167,47
222,168,-94
222,169,69
222,170,-65
222,171,-60
222,172,-30
222,173,-59
222,174,51
222,175,68
222,176,-11
222,177,38
222,178,78
222,179,34
222,180,62
222,181,-45
222,182,79
222,183,-88
222,184,16
222,185,-88
222,186,70
222,187,57
222,188,48
222,189,-13
222,190,-67
222,191,73
222,192,-95
222,193,-98
222,194,-14
222,195,-3
222,196,19
222,197,75
222,198,56
222,199,-54
222,200,-20
222,201,-27
222,202,-84
222,203,-22
222,204,-99
222,205,94
222,206,-30
222,207,60
222,208,-90
222,209,-2
222,210,93
222,211,2
222,212,-83
222,213,54
222,214,-92
222,215,-69
222,216,-8
222,217,93
222,218,73
222,219,84
222,220,57
222,221,-8
222,222,-40
222,223,-66
222,224,63
222,225,-100
222,226,73
222,227,-1
222,228,37
222,229,12
222,230,3
222,231,-38
222,232,-66
222,233,-82
222,234,-35
222,235,-96
222,236,67
222,237,7
222,238,-88
222,239,-70
222,240,95
222,241,60
222,242,-94
222,243,-43
222,244,74
222,245,-87
222,246,-48
222,247,42
222,248,-2
222,249,-18
222,250,-6
222,251,-13
222,252,79
222,253,-14
222,254,-2
222,255,-99
222,256,-1
222,257,-23
222,258,78
222,259,24
222,260,-29
222,261,96
222,262,44
222,263,-87
222,264,-65
222,265,-42
222,266,-16
222,267,64
222,268,65
222,269,-72
222,270,-4
222,271,53
222,272,-19
222,273,-83
222,274,97
222,275,68
222,276,-3
222,277,-19
222,278,77
222,279,83
222,280,-41
222,281,5
222,282,82
222,283,48
222,284,62
222,285,-82
222,286,13
222,287,-24
222,288,-34
222,289,-67
222,290,62
222,291,-59
222,292,85
222,293,22
222,294,-3
222,295,-36
222,296,99
222,297,52
222,298,-74
222,299,61
223,0,40
223,1,18
223,2,58
223,3,-70
223,4,86
223,5,75
223,6,-80
223,7,-24
223,8,81
223,9,-50
223,10,99
223,11,28
223,12,-26
223,13,-64
223,14,43
223,15,6
223,16,-88
223,17,72
223,18,-26
223,19,-8
223,20,12
223,21,95
223,22,-83
223,23,8
223,24,-100
223,25,57
223,26,16
223,27,-48
223,28,-100
223,29,-39
223,30,17
223,31,90
223,32,82
223,33,66
223,34,36
223,35,-1
223,36,1
223,37,97
223,38,70
223,39,-77
223,40,5
223,41,75
223,42,-100
223,43,13
223,44,76
223,45,81
223,46,79
223,47,8
223,48,26
223,49,70
223,50,-76
223,51,41
223,52,71
223,53,-92
223,54,63
223,55,-58
223,56,8
223,57,27
223,58,76
223,59,68
223,60,60
223,61,7
223,62,-29
223,63,24
223,64,-35
223,65,-6
223,66,12
223,67,-95
223,68,-57
223,69,-100
223,70,91
223,71,-28
223,72,15
223,73,-18
223,74,84
223,75,3
223,76,-32
223,77,-95
223,78,55
223,79,-62
223,80,-49
223,81,-11
223,82,73
223,83,16
223,84,-47
223,85,24
223,86,-38
223,87,49
223,88,26
223,89,-58
223,90,9
223,91,41
223,92,-52
223,93,-4
223,94,8
223,95,49
223,96,4
223,97,86
223,98,-30
223,99,33
223,100,-72
223,101,-8
223,102,16
223,103,28
223,104,-84
223,105,22
223,106,-16
223,107,73
223,108,-59
223,109,-64
223,110,57
223,111,-91
223,112,-65
223,113,51
223,114,-4
223,115,8
223,116,-67
223,117,90
223,118,74
223,119,-95
223,120,44
223,121,56
223,122,90
223,123,-62
223,124,85
223,125,-51
223,126,16
223,127,22
223,128,-63
223,129,89
223,130,-62
223,131,33
223,132,-37
223,133,-39
223,134,-82
223,135,90
223,136,19
223,137,68
223,138,-55
223,139,70
223,140,33
223,141,-31
223,142,22
223,143,12
223,144,5
223,145,82
223,146,97
223,147,-50
223,148,-93
223,149,56
223,150,99
223,151,41
223,152,-82
223,153,-39
223,154,-10
223,155,19
223,156,81
223,157,37
223,158,61
223,159,70
223,160,-64
223,161,28
223,162,8
223,163,-58
223,164,-44
223,165,91
223,166,-7
223,167,0
223,168,-67
223,169,-23
223,170,-81
223,171,17
223,172,76
223,173,0
223,174,53
223,175,-38
223,176,-31
223,177,-75
223,178,-5
223,179,35
223,180,-29
223,181,59
223,182,-62
223,183,-25
223,184,-92
223,185,88
223,186,-90
223,187,-50
223,188,45
223,189,-26
223,190,68
223,191,-17
223,192,-41
223,193,1
223,194,78
223,195,50
223,196,-37
223,197,-43
223,198,60
223,199,-71
223,200,-51
223,201,60
223,202,15
223,203,-29
223,204,4
223,205,96
223,206,-71
223,207,77
223,208,-3
223,209,-75
223,210,-16
223,211,-33
223,212,65
223,213,4
223,214,56
223,215,70
223,216,-40
223,217,74
223,218,-40
223,219,55
223,220,24
223,221,-47
223,222,-65
223,223,-40
223,224,-83
223,225,18
223,226,-100
223,227,-29
223,228,-67
223,229,-74
223,230,69
223,231,93
223,232,91
223,233,-46
223,234,25
223,235,9
223,236,-60
223,237,-54
223,238,-29
223,239,-82
223,240,23
223,241,81
223,242,73
223,243,-62
223,244,95
223,245,50
223,246,-11
223,247,-60
223,248,-40
223,249,-92
223,250,38
223,251,-70
223,252,97
223,253,86
223,254,-44
223,255,3
223,256,-79
223,257,-61
223,258,-30
223,259,11
223,260,62
223,261,-49
223,262,18
223,263,-25
223,264,52
223,265,-38
223,266,-93
223,267,72
223,268,-56
223,269,-37
223,270,-45
223,271,-3
223,272,-34
223,273,-94
223,274,-75
223,275,-3
223,276,39
223,277,92
223,278,50
223,279,8
223,280,-54
223,281,-77
223,282,-72
223,283,94
223,284,-21
223,285,14
223,286,-64
223,287,-32
223,288,-57
223,289,58
223,290,62
223,291,-68
223,292,20
223,293,-11
223,294,73
223,295,35
223,296,45
223,297,-100
223,298,-91
223,299,-91
224,0,46
224,1,86
224,2,-93
224,3,-92
224,4,-16
224,5,-57
224,6,86
224,7,-69
224,8,13
224,9,-60
224,10,99
224,11,63
224,12,-18
224,13,-43
224,14,-93
224,15,-55
224,16,64
224,17,-62
224,18,1
224,19,17
224,20,-41
224,21,-74
224,22,58
224,23,9
224,24,-26
224,25,-53
224,26,-50
224,27,-50
224,28,76
224,29,70
224,30,-16
224,31,60
224,32,-43
224,33,15
224,34,-35
224,35,56
224,36,47
224,37,-17
224,38,30
224,39,41
224,40,-10
224,41,-59
224,42,55
224,43,16
224,44,78
224,45,-8
224,46,-77
224,47,61
224,48,36
224,49,-43
224,50,31
224,51,-7
224,52,35
224,53,-100
224,54,52
224,55,85
224,56,-56
224,57,-21
224,58,-12
224,59,5
224,60,-2
224,61,73
224,62,49
224,63,80
224,64,51
224,65,-99
224,66,-87
224,67,49
224,68,-87
224,69,75
224,70,29
224,71,-5
224,72,13
224,73,18
224,74,-23
224,75,-28
224,76,-24
224,77,-19
224,78,50
224,79,61
224,80,-77
224,81,76
224,82,8
224,83,87
224,84,-4
224,85,15
224,86,-58
224,87,14
224,88,24
224,89,-93
224,90,-10
224,91,-29
224,92,-34
224,93,-9
224,94,-61
224,95,-31
224,96,96
224,97,5
224,98,3
224,99,-23
224,100,-40
224,101,-15
224,102,41
224,103,7
224,104,-81
224,105,79
224,106,85
224,107,14
224,108,33
224,109,-35
224,110,35
224,111,50
224,112,28
224,113,-36
224,114,4
224,115,19
224,116,5
224,117,-19
224,118,-94
224,119,-28
224,120,-77
224,121,-85
224,122,84
224,123,-76
224,124,-63
224,125,-20
224,126,-83
224,127,-72
224,128,56
224,129,-56
224,130,58
224,131,61
224,132,45
224,133,84
224,134,17
224,135,31
224,136,16
224,137,50
224,138,-42
224,139,83
224,140,59
224,141,-53
224,142,-95
224,143,-57
224,144,-97
224,145,-2
224,146,10
224,147,71
224,148,55
224,149,97
224,150,36
224,151,64
224,152,-37
224,153,-78
224,154,44
224,155,-33
224,156,-96
224,157,8
224,158,78
224,159,86
224,160,-69
224,161,23
224,162,-65
224,163,69
224,164,-19
224,165,-88
224,166,12
224,167,-85
224,168,-92
224,169,-82
224,170,-89
224,171,10
224,172,-67
224,173,-50
224,174,75
224,175,-39
224,176,93
224,177,48
224,178,82
224,179,-60
224,180,-86
224,181,-71
224,182,-10
224,183,51
224,184,-82
224,185,-6
224,186,93
224,187,20
224,188,4
224,189,99
224,190,-73
224,191,-7
224,192,70
224,193,-8
224,194,-22
224,195,-93
224,196,-80
224,197,36
224,198,50
224,199,61
224,200,97
224,201,86
224,202,45
224,203,-9
224,204,-20
224,205,-59
224,206,69
224,207,-82
224,208,-94
224,209,95
224,210,-43
224,211,-64
224,212,-52
224,213,60
224,214,-2
224,215,29
224,216,2
224,217,70
224,218,-98
224,219,-79
224,220,38
224,221,-37
224,222,-84
224,223,66
224,224,-1
224,225,-17
224,226,8
224,227,-65
224,228,23
224,229,82
224,230,-22
224,231,53
224,232,-69
224,233,41
224,234,-76
224,235,66
224,236,-5
224,237,-45
224,238,-58
224,239,76
224,240,-13
224,241,79
224,242,91
224,243,33
224,244,60
224,245,-73
224,246,25
224,247,-45
224,248,53
224,249,98
224,250,0
224,251,-42
224,252,14
224,253,-37
224,254,-90
224,255,-78
224,256,-22
224,257,-11
224,258,-96
224,259,-6
224,260,76
224,261,-17
224,262,22
224,263,-2
224,264,61
224,265,-72
224,266,54
224,267,94
224,268,90
224,269,-25
224,270,-62
224,271,21
224,272,-2
224,273,51
224,274,78
224,275,26
224,276,-95
224,277,37
224,278,-14
224,279,-3
224,280,-15
224,281,41
224,282,-20
224,283,15
224,284,-78
224,285,-88
224,286,-58
224,287,84
224,288,-96
224,289,-62
224,290,-79
224,291,-60
224,292,47
224,293,-51
224,294,94
224,295,-75
224,296,91
224,297,-3
224,298,-93
224,299,77
225,0,-73
225,1,98
225,2,86
225,3,37
225,4,-59
225,5,-80
225,6,49
225,7,38
225,8,71
225,9,-91
225,10,87
225,11,-2
225,12,96
225,13,25
225,14,-59
225,15,78
225,16,3
225,17,17
225,18,-48
225,19,35
225,20,58
225,21,-17
225,22,35
225,23,-56
225,24,74
225,25,-47
225,26,-86
225,27,69
225,28,64
225,29,57
225,30,8
225,31,12
225,32,18
225,33,42
225,34,71
225,35,-46
225,36,-76
225,37,24
225,38,4
225,39,-88
225,40,-71
225,41,-31
225,42,-72
225,43,8
225,44,-5
225,45,68
225,46,72
225,47,73
225,48,9
225,49,80
225,50,74
225,51,26
225,52,-51
225,53,44
225,54,90
225,55,-22
225,56,-56
225,57,92
225,58,-39
225,59,-19
225,60,-57
225,61,38
225,62,-4
225,63,49
225,64,-89
225,65,37
225,66,50
225,67,3
225,68,11
225,69,-3
225,70,-91
225,71,35
225,72,37
225,73,-71
225,74,14
225,75,57
225,76,-93
225,77,76
225,78,-21
225,79,-9
225,80,68
225,81,24
225,82,-53
225,83,72
225,84,28
225,85,-91
225,86,74
225,87,47
225,88,14
225,89,-9
225,90,53
225,91,9
225,92,25
225,93,70
225,94,-27
225,95,-48
225,96,-89
225,97,-9
225,98,-23
225,99,37
225,100,-12
225,101,54
225,102,38
225,103,-44
225,104,-81
225,105,-91
225,106,2
225,107,-11
225,108,68
225,109,-66
225,110,-98
225,111,69
225,112,-3
225,113,-73
225,114,-74
225,115,-80
225,116,64
225,117,-30
225,118,49
225,119,7
225,120,-76
225,121,-9
225,122,77
225,123,50
225,124,78
225,125,-55
225,126,10
225,127,77
225,128,-52
225,129,34
225,130,-95
225,131,-49
225,132,-69
225,133,37
225,134,56
225,135,-51
225,136,-86
225,137,88
225,138,-41
225,139,-90
225,140,-62
225,141,-30
225,142,-9
225,143,87
225,144,53
225,145,60
225,146,33
225,147,63
225,148,74
225,149,63
225,150,-17
225,151,-31
225,152,38
225,153,53
225,154,-6
225,155,30
225,156,-3
225,157,-23
225,158,-19
225,159,35
225,160,-31
225,161,12
225,162,-84
225,163,-8
225,164,73
225,165,-53
225,166,12
225,167,-80
225,168,-17
225,169,25
225,170,3
225,171,-5
225,172,6
225,173,-51
225,174,-54
225,175,-77
225,176,-87
225,177,-93
225,178,-81
225,179,7
225,180,40
225,181,49
225,182,29
225,183,-53
225,184,98
225,185,-35
225,186,95
225,187,-58
225,188,-73
225,189,40
225,190,84
225,191,-13
225,192,-5
225,193,64
225,194,-22
225,195,74
225,196,-7
225,197,51
225,198,-40
225,199,37
225,200,-52
225,201,-13
225,202,14
225,203,-49
225,204,-93
225,205,-99
225,206,-18
225,207,36
225,208,72
225,209,1
225,210,69
225,211,42
225,212,71
225,213,-78
225,214,-31
225,215,8
225,216,-12
225,217,11
225,218,19
225,219,34
225,220,-86
225,221,-97
225,222,-31
225,223,98
225,224,63
225,225,8
225,226,33
225,227,32
225,228,65
225,229,64
225,230,-13
225,231,55
225,232,-86
225,233,48
225,234,-91
225,235,97
225,236,-42
225,237,53
225,238,93
225,239,17
225,240,-36
225,241,-66
225,242,55
225,243,19
225,244,-72
225,245,47
225,246,-29
225,247,24
225,248,83
225,249,31
225,250,-82
225,251,-92
225,252,-40
225,253,33
225,254,27
225,255,-12
225,256,-58
225,257,43
225,258,28
225,259,-46
225,260,-33
225,261,-46
225,262,82
225,263,-47
225,264,96
225,265,94
225,266,40
225,267,84
225,268,46
225,269,-33
225,270,-5
225,271,59
225,272,-28
225,273,39
225,274,-6
225,275,86
225,276,-86
225,277,37
225,278,-4
225,279,68
225,280,-30
225,281,11
225,282,-5
225,283,-14
225,284,47
225,285,19
225,286,-86
225,287,22
225,288,74
225,289,-95
225,290,-58
225,291,28
225,292,60
225,293,-6
225,294,70
225,295,-78
225,296,-70
225,297,71
225,298,-90
225,299,79
226,0,37
226,1,-78
226,2,42
226,3,-94
226,4,54
226,5,-48
226,6,-78
226,7,-33
226,8,25
226,9,42
226,10,-95
226,11,-80
226,12,-78
226,13,82
226,14,98
226,15,17
226,16,22
226,17,-86
226,18,84
226,19,-41
226,20,-48
226,21,-34
226,22,-91
226,23,-38
226,24,5
226,25,-78
226,26,89
226,27,-93
226,28,-10
226,29,-85
226,30,-11
226,31,93
226,32,-22
226,33,95
226,34,36
226,35,-100
226,36,-41
226,37,-93
226,38,43
226,39,-72
226,40,-15
226,41,-16
226,42,63
226,43,-56
226,44,-99
226,45,-92
226,46,79
226,47,-95
226,48,24
226,49,89
226,50,88
226,51,-21
226,52,14
226,53,-61
226,54,45
226,55,40
226,56,66
226,57,8
226,58,28
226,59,-10
226,60,89
226,61,72
226,62,-55
226,63,36
226,64,29
226,65,44
226,66,92
226,67,-31
226,68,38
226,69,-30
226,70,-78
226,71,1
226,72,-78
226,73,4
226,74,-4
226,75,-94
226,76,45
226,77,17
226,78,25
226,79,-33
226,80,-25
226,81,-97
226,82,-87
226,83,-31
226,84,37
226,85,43
226,86,23
226,87,-1
226,88,67
226,89,-23
226,90,-78
226,91,16
226,92,47
226,93,7
226,94,17
226,95,-69
226,96,-58
226,97,-64
226,98,61
226,99,26
226,100,27
226,101,-58
226,102,48
226,103,-98
226,104,63
226,105,-91
226,106,49
226,107,34
226,108,33
226,109,42
226,110,2
226,111,-82
226,112,86
226,113,-59
226,114,90
226,115,-23
226,116,65
226,117,99
226,118,-9
226,119,-53
226,120,67
226,121,41
226,122,-97
226,123,-71
226,124,-13
226,125,8
226,126,56
226,127,-10
226,128,-27
226,129,-76
226,130,-53
226,131,-83
226,132,-63
226,133,73
226,134,-83
226,135,-74
226,136,88
226,137,-17
226,138,17
226,139,-64
226,140,-39
226,141,-3
226,142,48
226,143,-41
226,144,-30
226,145,-25
226,146,-8
226,147,6
226,148,-26
226,149,14
226,150,-84
226,151,-1
226,152,63
226,153,27
226,154,-95
226,155,97
226,156,25
226,157,-40
226,158,-100
226,159,97
226,160,-14
226,161,28
226,162,73
226,163,11
226,164,80
226,165,-25
226,166,98
226,167,-78
226,168,-84
226,169,-50
226,170,-37
226,171,-64
226,172,-83
226,173,24
226,174,15
226,175,-93
226,176,-69
226,177,-66
226,178,-62
226,179,-52
226,180,96
226,181,66
226,182,-67
226,183,-24
226,184,78
226,185,-81
226,186,84
226,187,-33
226,188,-45
226,189,27
226,190,88
226,191,-14
226,192,-47
226,193,-46
226,194,42
226,195,-55
226,196,97
226,197,29
226,198,-94
226,199,71
226,200,80
226,201,15
226,202,66
226,203,-69
226,204,88
226,205,69
226,206,-45
226,207,14
226,208,9
226,209,-80
226,210,74
226,211,-51
226,212,-3
226,213,-26
226,214,54
226,215,-19
226,216,-27
226,217,64
226,218,43
226,219,28
226,220,47
226,221,-9
226,222,80
226,223,46
226,224,-25
226,225,6
226,226,-97
226,227,4
226,228,-44
226,229,42
226,230,-35
226,231,-74
226,232,-29
226,233,17
226,234,63
226,235,40
226,236,-61
226,237,-45
226,238,-37
226,239,-17
226,240,69
226,241,-77
226,242,-98
226,243,-27
226,244,61
226,245,-29
226,246,41
226,247,-100
226,248,-30
226,249,7
226,250,79
226,251,-37
226,252,92
226,253,27
226,254,41
226,255,62
226,256,57
226,257,41
226,258,-6
226,259,45
226,260,-75
226,261,-99
226,262,40
226,263,95
226,264,69
226,265,72
226,266,75
226,267,88
226,268,-60
226,269,-60
226,270,70
226,271,-76
226,272,7
226,273,-16
226,274,24
226,275,-7
226,276,33
226,277,84
226,278,80
226,279,43
226,280,52
226,281,63
226,282,86
226,283,32
226,284,-60
226,285,-87
226,286,-46
226,287,-29
226,288,-13
226,289,-1
226,290,-35
226,291,16
226,292,-75
226,293,-29
226,294,-59
226,295,-36
226,296,-33
226,297,-50
226,298,97
226,299,-34
227,0,-6
227,1,40
227,2,61
227,3,-8
227,4,-56
227,5,-55
227,6,-16
227,7,19
227,8,-95
227,9,66
227,10,91
227,11,-34
227,12,-26
227,13,-68
227,14,-98
227,15,43
227,16,-48
227,17,68
227,18,22
227,19,-28
227,20,-72
227,21,75
227,22,27
227,23,19
227,24,37
227,25,-48
227,26,91
227,27,-60
227,28,28
227,29,-25
227,30,-58
227,31,99
227,32,71
227,33,47
227,34,51
227,35,-66
227,36,-10
227,37,91
227,38,-79
227,39,53
227,40,-46
227,41,-62
227,42,90
227,43,-24
227,44,-40
227,45,78
227,46,-44
227,47,94
227,48,26
227,49,67
227,50,85
227,51,83
227,52,68
227,53,14
227,54,98
227,55,99
227,56,-6
227,57,-42
227,58,-92
227,59,-10
227,60,28
227,61,32
227,62,71
227,63,45
227,64,-65
227,65,-52
227,66,0
227,67,-23
227,68,1
227,69,-90
227,70,-49
227,71,-6
227,72,-72
227,73,-21
227,74,-55
227,75,48
227,76,-16
227,77,-90
227,78,-80
227,79,47
227,80,36
227,81,70
227,82,56
227,83,-81
227,84,-22
227,85,-59
227,86,-21
227,87,14
227,88,-29
227,89,-75
227,90,-93
227,91,-92
227,92,-2
227,93,19
227,94,-33
227,95,77
227,96,-92
227,97,-37
227,98,85
227,99,-21
227,100,-13
227,101,-72
227,102,-10
227,103,-9
227,104,-82
227,105,-24
227,106,23
227,107,-63
227,108,20
227,109,73
227,110,-29
227,111,13
227,112,-63
227,113,83
227,114,37
227,115,-31
227,116,44
227,117,22
227,118,4
227,119,17
227,120,-62
227,121,46
227,122,-42
227,123,-50
227,124,-89
227,125,-13
227,126,97
227,127,-74
227,128,-65
227,129,-55
227,130,-32
227,131,-100
227,132,-62
227,133,-60
227,134,85
227,135,29
227,136,-34
227,137,-28
227,138,41
227,139,30
227,140,-8
227,141,-10
227,142,71
227,143,-5
227,144,-72
227,145,-77
227,146,45
227,147,-46
227,148,2
227,149,-25
227,150,-97
227,151,1
227,152,-22
227,153,57
227,154,-65
227,155,82
227,156,28
227,157,61
227,158,-30
227,159,73
227,160,85
227,161,-78
227,162,50
227,163,-24
227,164,-77
227,165,-64
227,166,0
227,167,5
227,168,61
227,169,-7
227,170,41
227,171,-67
227,172,-67
227,173,-83
227,174,-62
227,175,80
227,176,19
227,177,85
227,178,-97
227,179,84
227,180,69
227,181,-12
227,182,24
227,183,66
227,184,-14
227,185,84
227,186,4
227,187,-44
227,188,76
227,189,0
227,190,-7
227,191,-23
227,192,62
227,193,-32
227,194,66
227,195,-54
227,196,14
227,197,56
227,198,-82
227,199,-2
227,200,-53
227,201,59
227,202,-24
227,203,-100
227,204,-32
227,205,-9
227,206,-28
227,207,-74
227,208,-3
227,209,-63
227,210,21
227,211,90
227,212,57
227,213,-87
227,214,-71
227,215,-100
227,216,-13
227,217,98
227,218,95
227,219,2
227,220,60
227,221,-68
227,222,78
227,223,78
227,224,-59
227,225,-98
227,226,-90
227,227,-32
227,228,-89
227,229,77
227,230,47
227,231,-65
227,232,-80
227,233,55
227,234,-10
227,235,49
227,236,-19
227,237,-78
227,238,96
227,239,58
227,240,56
227,241,60
227,242,84
227,243,27
227,244,-48
227,245,94
227,246,84
227,247,66
227,248,-41
227,249,-11
227,250,4
227,251,5
227,252,-74
227,253,-1
227,254,-25
227,255,99
227,256,-8
227,257,82
227,258,-86
227,259,-26
227,260,51
227,261,-77
227,262,30
227,263,95
227,264,-30
227,265,50
227,266,-97
227,267,-70
227,268,1
227,269,-16
227,270,96
227,271,-18
227,272,-98
227,273,-88
227,274,58
227,275,-9
227,276,-64
227,277,-14
227,278,-77
227,279,40
227,280,40
227,281,-25
227,282,-67
227,283,-59
227,284,58
227,285,-21
227,286,54
227,287,89
227,288,-12
227,289,9
227,290,57
227,291,35
227,292,-98
227,293,38
227,294,14
227,295,13
227,296,4
227,297,33
227,298,97
227,299,62
228,0,-24
228,1,73
228,2,-18
228,3,-25
228,4,-72
228,5,49
228,6,-16
228,7,8
228,8,-49
228,9,-26
228,10,96
228,11,18
228,12,25
228,13,-60
228,14,62
228,15,-39
228,16,-76
228,17,70
228,18,47
228,19,29
228,20,76
228,21,-22
228,22,38
228,23,46
228,24,77
228,25,59
228,26,36
228,27,81
228,28,77
228,29,78
228,30,-25
228,31,58
228,32,26
228,33,74
228,34,71
228,35,37
228,36,16
228,37,84
228,38,89
228,39,78
228,40,51
228,41,33
228,42,15
228,43,7
228,44,-86
228,45,38
228,46,75
228,47,54
228,48,2
228,49,-29
228,50,-53
228,51,-23
228,52,-48
228,53,-11
228,54,-14
228,55,-35
228,56,-96
228,57,61
228,58,-38
228,59,-27
228,60,-2
228,61,77
228,62,-98
228,63,56
228,64,42
228,65,19
228,66,-95
228,67,-47
228,68,93
228,69,48
228,70,22
228,71,54
228,72,47
228,73,-88
228,74,-80
228,75,-75
228,76,-5
228,77,59
228,78,54
228,79,13
228,80,-15
228,81,-51
228,82,17
228,83,-67
228,84,-90
228,85,0
228,86,41
228,87,92
228,88,-16
228,89,53
228,90,-100
228,91,90
228,92,77
228,93,-67
228,94,22
228,95,59
228,96,73
228,97,-81
228,98,-70
228,99,-34
228,100,-70
228,101,-53
228,102,-60
228,103,94
228,104,79
228,105,-4
228,106,7
228,107,-91
228,108,-84
228,109,24
228,110,-95
228,111,-40
228,112,95
228,113,20
228,114,-22
228,115,-93
228,116,59
228,117,-66
228,118,53
228,119,36
228,120,-14
228,121,47
228,122,80
228,123,16
228,124,42
228,125,31
228,126,89
228,127,76
228,128,51
228,129,-5
228,130,-35
228,131,-77
228,132,-49
228,133,78
228,134,-13
228,135,-94
228,136,38
228,137,81
228,138,-33
228,139,-69
228,140,-81
228,141,-20
228,142,7
228,143,-90
228,144,49
228,145,52
228,146,61
228,147,69
228,148,-83
228,149,44
228,150,-77
228,151,57
228,152,-54
228,153,81
228,154,-36
228,155,-29
228,156,93
228,157,-38
228,158,2
228,159,2
228,160,-43
228,161,-63
228,162,47
228,163,-52
228,164,-65
228,165,-55
228,166,23
228,167,87
228,168,91
228,169,-97
228,170,33
228,171,38
228,172,-74
228,173,65
228,174,10
228,175,-39
228,176,6
228,177,66
228,178,-25
228,179,69
228,180,8
228,181,-49
228,182,-20
228,183,-69
228,184,-71
228,185,60
228,186,-50
228,187,-98
228,188,61
228,189,-3
228,190,12
228,191,-52
228,192,84
228,193,77
228,194,-84
228,195,30
228,196,86
228,197,-9
228,198,90
228,199,-58
228,200,32
228,201,-38
228,202,-98
228,203,-57
228,204,-66
228,205,-88
228,206,-38
228,207,-47
228,208,98
228,209,-10
228,210,-95
228,211,-42
228,212,-82
228,213,-3
228,214,-51
228,215,-76
228,216,14
228,217,-75
228,218,-60
228,219,-83
228,220,85
228,221,-16
228,222,37
228,223,61
228,224,34
228,225,35
228,226,67
228,227,87
228,228,5
228,229,11
228,230,13
228,231,-14
228,232,38
228,233,-65
228,234,91
228,235,11
228,236,61
228,237,-97
228,238,-76
228,239,11
228,240,-14
228,241,59
228,242,28
228,243,-39
228,244,-61
228,245,-62
228,246,-73
228,247,-80
228,248,-59
228,249,75
228,250,45
228,251,64
228,252,-93
228,253,56
228,254,-41
228,255,54
228,256,53
228,257,81
228,258,76
228,259,-28
228,260,-16
228,261,76
228,262,1
228,263,-85
228,264,-16
228,265,87
228,266,-10
228,267,59
228,268,-83
228,269,60
228,270,67
228,271,41
228,272,44
228,273,57
228,274,-84
228,275,97
228,276,74
228,277,76
228,278,97
228,279,-93
228,280,83
228,281,84
228,282,10
228,283,-75
228,284,-68
228,285,53
228,286,-62
228,287,50
228,288,50
228,289,30
228,290,-56
228,291,-48
228,292,86
228,293,-45
228,294,51
228,295,56
228,296,21
228,297,-3
228,298,73
228,299,-87
229,0,35
229,1,-63
229,2,-21
229,3,22
229,4,63
229,5,-41
229,6,-53
229,7,-8
229,8,41
229,9,-71
229,10,-27
229,11,3
229,12,-100
229,13,11
229,14,87
229,15,87
229,16,47
229,17,48
229,18,-10
229,19,-55
229,20,-60
229,21,17
229,22,60
229,23,70
229,24,-62
229,25,78
229,26,96
229,27,-18
229,28,-59
229,29,-41
229,30,-100
229,31,-81
229,32,77
229,33,60
229,34,88
229,35,76
229,36,28
229,37,36
229,38,-51
229,39,28
229,40,28
229,41,5
229,42,92
229,43,-51
229,44,74
229,45,-83
229,46,62
229,47,-93
229,48,-81
229,49,-90
229,50,-96
229,51,-60
229,52,-3
229,53,-32
229,54,-39
229,55,-95
229,56,46
229,57,-69
229,58,-7
229,59,-23
229,60,-19
229,61,-49
229,62,50
229,63,-25
229,64,92
229,65,-13
229,66,74
229,67,-48
229,68,60
229,69,83
229,70,96
229,71,32
229,72,65
229,73,-73
229,74,-34
229,75,73
229,76,-82
229,77,89
229,78,10
229,79,92
229,80,26
229,81,-74
229,82,20
229,83,-26
229,84,38
229,85,82
229,86,7
229,87,23
229,88,-78
229,89,-63
229,90,76
229,91,20
229,92,-25
229,93,78
229,94,88
229,95,-22
229,96,64
229,97,96
229,98,97
229,99,-95
229,100,-60
229,101,-67
229,102,-96
229,103,-49
229,104,-64
229,105,-55
229,106,90
229,107,-56
229,108,-12
229,109,51
229,110,-31
229,111,-94
229,112,-77
229,113,41
229,114,-51
229,115,-4
229,116,-19
229,117,-42
229,118,-84
229,119,51
229,120,68
229,121,26
229,122,-2
229,123,-14
229,124,-80
229,125,-43
229,126,-25
229,127,10
229,128,54
229,129,86
229,130,52
229,131,44
229,132,70
229,133,36
229,134,-86
229,135,-69
229,136,21
229,137,-77
229,138,-85
229,139,-96
229,140,-70
229,141,-39
229,142,57
229,143,-72
229,144,7
229,145,83
229,146,-26
229,147,-61
229,148,56
229,149,-100
229,150,16
229,151,-5
229,152,-72
229,153,93
229,154,7
229,155,49
229,156,39
229,157,-73
229,158,-55
229,159,74
229,160,56
229,161,51
229,162,19
229,163,21
229,164,-19
229,165,25
229,166,-57
229,167,32
229,168,95
229,169,-67
229,170,-12
229,171,59
229,172,47
229,173,0
229,174,50
229,175,98
229,176,-18
229,177,25
229,178,-55
229,179,83
229,180,84
229,181,16
229,182,34
229,183,-61
229,184,-18
229,185,-38
229,186,75
229,187,-32
229,188,82
229,189,39
229,190,92
229,191,7
229,192,-69
229,193,-14
229,194,6
229,195,42
229,196,-80
229,197,-69
229,198,-16
229,199,26
229,200,20
229,201,20
229,202,-56
229,203,-10
229,204,-65
229,205,31
229,206,-6
229,207,58
229,208,-91
229,209,-46
229,210,42
229,211,-7
229,212,44
229,213,-81
229,214,-1
229,215,25
229,216,-93
229,217,-67
229,218,92
229,219,73
229,220,-15
229,221,-73
229,222,-38
229,223,44
229,224,-54
229,225,18
229,226,93
229,227,-21
229,228,-85
229,229,-61
229,230,-5
229,231,-64
229,232,-78
229,233,-50
229,234,56
229,235,59
229,236,-38
229,237,-18
229,238,9
229,239,53
229,240,62
229,241,-11
229,242,27
229,243,49
229,244,86
229,245,-74
229,246,-80
229,247,-46
229,248,61
229,249,76
229,250,42
229,251,-60
229,252,59
229,253,53
229,254,59
229,255,-84
229,256,22
229,257,63
229,258,16
229,259,-92
229,260,42
229,261,-30
229,262,-84
229,263,11
229,264,50
229,265,-57
229,266,-62
229,267,-53
229,268,-62
229,269,45
229,270,-82
229,271,-7
229,272,-52
229,273,-85
229,274,79
229,275,-96
229,276,49
229,277,20
229,278,75
229,279,-80
229,280,89
229,281,-95
229,282,44
229,283,-40
229,284,-74
229,285,37
229,286,78
229,287,-54
229,288,-55
229,289,-56
229,290,1
229,291,30
229,292,-90
229,293,48
229,294,0
229,295,-36
229,296,-99
229,297,-69
229,298,2
229,299,-96
230,0,94
230,1,17
230,2,-29
230,3,17
230,4,-48
230,5,-97
230,6,43
230,7,10
230,8,16
230,9,-47
230,10,-47
230,11,-40
230,12,-23
230,13,-64
230,14,76
230,15,8
230,16,4
230,17,-30
230,18,-93
230,19,2
230,20,70
230,21,-21
230,22,-63
230,23,-99
230,24,82
230,25,-50
230,26,4
230,27,-80
230,28,29
230,29,92
230,30,-12
230,31,-15
230,32,-99
230,33,-37
230,34,-81
230,35,-87
230,36,-50
230,37,-81
230,38,-23
230,39,65
230,40,-64
230,41,83
230,42,-67
230,43,93
230,44,52
230,45,-22
230,46,-93
230,47,-33
230,48,-91
230,49,98
230,50,79
230,51,-22
230,52,39
230,53,-99
230,54,13
230,55,-46
230,56,50
230,57,-25
230,58,95
230,59,-92
230,60,29
230,61,71
230,62,-67
230,63,-9
230,64,7
230,65,16
230,66,54
230,67,61
230,68,-47
230,69,-47
230,70,-29
230,71,31
230,72,24
230,73,20
230,74,-59
230,75,15
230,76,-27
230,77,84
230,78,82
230,79,39
230,80,-45
230,81,1
230,82,36
230,83,49
230,84,50
230,85,90
230,86,-85
230,87,-60
230,88,13
230,89,-100
230,90,-100
230,91,-88
230,92,-58
230,93,-43
230,94,77
230,95,11
230,96,41
230,97,-47
230,98,-12
230,99,-19
230,100,-81
230,101,60
230,102,-91
230,103,-13
230,104,-81
230,105,50
230,106,-97
230,107,16
230,108,-70
230,109,-4
230,110,-62
230,111,49
230,112,-40
230,113,-77
230,114,12
230,115,-26
230,116,87
230,117,65
230,118,54
230,119,-32
230,120,29
230,121,-34
230,122,87
230,123,70
230,124,64
230,125,23
230,126,12
230,127,-80
230,128,10
230,129,97
230,130,62
230,131,-96
230,132,-67
230,133,-66
230,134,-19
230,135,-16
230,136,33
230,137,-11
230,138,-8
230,139,-10
230,140,66
230,141,26
230,142,-38
230,143,-27
230,144,73
230,145,12
230,146,-70
230,147,83
230,148,75
230,149,-54
230,150,-37
230,151,43
230,152,54
230,153,-18
230,154,96
230,155,27
230,156,10
230,157,-64
230,158,34
230,159,-55
230,160,25
230,161,-77
230,162,42
230,163,-77
230,164,-24
230,165,72
230,166,0
230,167,79
230,168,56
230,169,3
230,170,-12
230,171,-98
230,172,-32
230,173,-63
230,174,-2
230,175,-77
230,176,-80
230,177,-84
230,178,-80
230,179,38
230,180,58
230,181,67
230,182,38
230,183,-61
230,184,10
230,185,-9
230,186,83
230,187,-78
230,188,86
230,189,59
230,190,-54
230,191,17
230,192,-88
230,193,-61
230,194,-66
230,195,-70
230,196,-22
230,197,45
230,198,8
230,199,-45
230,200,53
230,201,29
230,202,-58
230,203,21
230,204,-61
230,205,21
230,206,-12
230,207,-94
230,208,-25
230,209,64
230,210,-22
230,211,-25
230,212,-12
230,213,-45
230,214,83
230,215,-33
230,216,67
230,217,33
230,218,75
230,219,72
230,220,-20
230,221,91
230,222,20
230,223,-75
230,224,-58
230,225,81
230,226,94
230,227,-80
230,228,-94
230,229,4
230,230,27
230,231,56
230,232,-19
230,233,-100
230,234,15
230,235,15
230,236,45
230,237,54
230,238,-70
230,239,91
230,240,97
230,241,13
230,242,26
230,243,56
230,244,58
230,245,71
230,246,32
230,247,31
230,248,67
230,249,-68
230,250,-85
230,251,58
230,252,50
230,253,-70
230,254,14
230,255,-61
230,256,14
230,257,-61
230,258,27
230,259,-4
230,260,44
230,261,-50
230,262,80
230,263,-92
230,264,47
230,265,-24
230,266,9
230,267,72
230,268,-79
230,269,-98
230,270,-91
230,271,7
230,272,58
230,273,-49
230,274,63
230,275,-49
230,276,-49
230,277,-14
230,278,42
230,279,54
230,280,17
230,281,-40
230,282,-84
230,283,5
230,284,-92
230,285,62
230,286,32
230,287,-20
230,288,-86
230,289,-92
230,290,-96
230,291,36
230,292,81
230,293,-42
230,294,-23
230,295,92
230,296,-38
230,297,36
230,298,-47
230,299,-27
231,0,-2
231,1,37
231,2,-80
231,3,-49
231,4,-36
231,5,24
231,6,-87
231,7,5
231,8,-81
231,9,-41
231,10,-98
231,11,43
231,12,80
231,13,20
231,14,23
231,15,-64
231,16,51
231,17,66
231,18,-71
231,19,-26
231,20,-87
231,21,-1
231,22,-89
231,23,-70
231,24,-42
231,25,40
231,26,59
231,27,20
231,28,88
231,29,24
231,30,61
231,31,9
231,32,-98
231,33,55
231,34,38
231,35,-14
231,36,-32
231,37,43
231,38,-29
231,39,21
231,40,12
231,41,-64
231,42,38
231,43,89
231,44,76
231,45,-19
231,46,17
231,47,-95
231,48,39
231,49,-95
231,50,-52
231,51,-26
231,52,94
231,53,-87
231,54,-4
231,55,-46
231,56,93
231,57,94
231,58,60
231,59,8
231,60,81
231,61,87
231,62,8
231,63,-20
231,64,85
231,65,93
231,66,-58
231,67,39
231,68,47
231,69,-18
231,70,-1
231,71,57
231,72,-10
231,73,-34
231,74,75
231,75,-15
231,76,-21
231,77,99
231,78,-60
231,79,-4
231,80,83
231,81,78
231,82,-42
231,83,-12
231,84,97
231,85,88
231,86,-28
231,87,-90
231,88,39
231,89,-2
231,90,-86
231,91,-11
231,92,68
231,93,85
231,94,32
231,95,22
231,96,51
231,97,-33
231,98,-17
231,99,-72
231,100,-60
231,101,-15
231,102,3
231,103,54
231,104,-25
231,105,-21
231,106,-93
231,107,22
231,108,87
231,109,59
231,110,72
231,111,-12
231,112,-24
231,113,-84
231,114,63
231,115,40
231,116,-61
231,117,-52
231,118,-94
231,119,61
231,120,-3
231,121,79
231,122,40
231,123,96
231,124,-30
231,125,-84
231,126,-1
231,127,-5
231,128,-22
231,129,48
231,130,34
231,131,-54
231,132,-36
231,133,-38
231,134,21
231,135,-22
231,136,58
231,137,15
231,138,-92
231,139,34
231,140,25
231,141,93
231,142,-4
231,143,66
231,144,-92
231,145,-97
231,146,71
231,147,29
231,148,99
231,149,-53
231,150,67
231,151,92
231,152,91
231,153,-95
231,154,45
231,155,83
231,156,20
231,157,-65
231,158,47
231,159,26
231,160,11
231,161,96
231,162,-11
231,163,-92
231,164,76
231,165,-77
231,166,0
231,167,-89
231,168,77
231,169,-76
231,170,32
231,171,-79
231,172,17
231,173,-65
231,174,-16
231,175,-31
231,176,-54
231,177,35
231,178,-21
231,179,54
231,180,-58
231,181,12
231,182,-43
231,183,-75
231,184,14
231,185,14
231,186,-14
231,187,5
231,188,52
231,189,41
231,190,-24
231,191,-85
231,192,32
231,193,-11
231,194,-69
231,195,-82
231,196,27
231,197,-16
231,198,85
231,199,28
231,200,-45
231,201,-46
231,202,-15
231,203,18
231,204,19
231,205,-76
231,206,-47
231,207,30
231,208,-49
231,209,-83
231,210,-46
231,211,97
231,212,30
231,213,77
231,214,-6
231,215,57
231,216,17
231,217,33
231,218,-9
231,219,31
231,220,27
231,221,-53
231,222,30
231,223,3
231,224,60
231,225,-66
231,226,10
231,227,-33
231,228,74
231,229,-32
231,230,-33
231,231,-8
231,232,-94
231,233,-43
231,234,25
231,235,43
231,236,-50
231,237,8
231,238,-100
231,239,-40
231,240,99
231,241,-59
231,242,-80
231,243,69
231,244,70
231,245,-2
231,246,38
231,247,94
231,248,49
231,249,-10
231,250,4
231,251,-54
231,252,62
231,253,16
231,254,10
231,255,-97
231,256,37
231,257,22
231,258,-18
231,259,-86
231,260,-22
231,261,-68
231,262,73
231,263,-54
231,264,16
231,265,7
231,266,68
231,267,-6
231,268,-15
231,269,-90
231,270,-45
231,271,-72
231,272,-88
231,273,-55
231,274,99
231,275,-69
231,276,48
231,277,-13
231,278,55
231,279,22
231,280,-24
231,281,-25
231,282,-9
231,283,-31
231,284,66
231,285,-44
231,286,25
231,287,-81
231,288,6
231,289,-5
231,290,57
231,291,18
231,292,55
231,293,54
231,294,-62
231,295,55
231,296,14
231,297,31
231,298,28
231,299,-84
232,0,66
232,1,70
232,2,-81
232,3,56
232,4,18
232,5,-5
232,6,64
232,7,-11
232,8,50
232,9,-83
232,10,14
232,11,-26
232,12,25
232,13,84
232,14,-29
232,15,63
232,16,-5
232,17,48
232,18,30
232,19,-18
232,20,65
232,21,-62
232,22,78
232,23,-41
232,24,-13
232,25,-23
232,26,-70
232,27,62
232,28,-28
232,29,35
232,30,-93
232,31,38
232,32,-5
232,33,3
232,34,94
232,35,-40
232,36,3
232,37,-71
232,38,70
232,39,91
232,40,-35
232,41,11
232,42,33
232,43,3
232,44,-42
232,45,13
232,46,-61
232,47,64
232,48,8
232,49,97
232,50,-43
232,51,-67
232,52,82
232,53,-6
232,54,-42
232,55,-36
232,56,46
232,57,-78
232,58,33
232,59,-40
232,60,-34
232,61,65
232,62,96
232,63,32
232,64,83
232,65,8
232,66,-35
232,67,87
232,68,-70
232,69,77
232,70,-42
232,71,25
232,72,-25
232,73,-16
232,74,38
232,75,-44
232,76,-88
232,77,-8
232,78,-46
232,79,-70
232,80,19
232,81,58
232,82,-66
232,83,52
232,84,11
232,85,-100
232,86,84
232,87,-98
232,88,84
232,89,-88
232,90,8
232,91,38
232,92,-61
232,93,-97
232,94,-12
232,95,-86
232,96,49
232,97,92
232,98,97
232,99,-5
232,100,94
232,101,-80
232,102,29
232,103,60
232,104,50
232,105,78
232,106,35
232,107,97
232,108,-57
232,109,-40
232,110,-28
232,111,92
232,112,-99
232,113,82
232,114,-17
232,115,26
232,116,-6
232,117,-75
232,118,-32
232,119,-19
232,120,-84
232,121,9
232,122,13
232,123,19
232,124,-37
232,125,-95
232,126,21
232,127,-32
232,128,-4
232,129,-6
232,130,-89
232,131,-47
232,132,-32
232,133,45
232,134,23
232,135,67
232,136,64
232,137,-33
232,138,-46
232,139,47
232,140,11
232,141,-11
232,142,-58
232,143,4
232,144,57
232,145,-80
232,146,17
232,147,74
232,148,-62
232,149,-32
232,150,-88
232,151,-77
232,152,30
232,153,28
232,154,-45
232,155,-15
232,156,-32
232,157,22
232,158,-14
232,159,89
232,160,-59
232,161,-4
232,162,20
232,163,-21
232,164,-13
232,165,-79
232,166,66
232,167,-2
232,168,-77
232,169,58
232,170,78
232,171,-12
232,172,-50
232,173,91
232,174,-38
232,175,72
232,176,12
232,177,72
232,178,55
232,179,21
232,180,20
232,181,-62
232,182,-98
232,183,-84
232,184,-95
232,185,39
232,186,-70
232,187,9
232,188,54
232,189,-94
232,190,-45
232,191,71
232,192,-69
232,193,-2
232,194,-95
232,195,-68
232,196,96
232,197,48
232,198,-16
232,199,-56
232,200,-61
232,201,55
232,202,-73
232,203,-64
232,204,62
232,205,52
232,206,-49
232,207,34
232,208,-19
232,209,-68
232,210,7
232,211,-58
232,212,54
232,213,7
232,214,25
232,215,-41
232,216,91
232,217,52
232,218,-33
232,219,31
232,220,-59
232,221,-37
232,222,63
232,223,16
232,224,25
232,225,-51
232,226,29
232,227,37
232,228,-15
232,229,-69
232,230,-93
232,231,-60
232,232,-36
232,233,75
232,234,75
232,235,-74
232,236,-44
232,237,-54
232,238,-26
232,239,93
232,240,22
232,241,-96
232,242,47
232,243,26
232,244,81
232,245,-53
232,246,33
232,247,-64
232,248,-50
232,249,47
232,250,62
232,251,3
232,252,14
232,253,-47
232,254,50
232,255,-5
232,256,36
232,257,-57
232,258,-62
232,259,48
232,260,24
232,261,-15
232,262,-100
232,263,24
232,264,27
232,265,13
232,266,-76
232,267,-73
232,268,85
232,269,35
232,270,-11
232,271,-31
232,272,65
232,273,-10
232,274,-70
232,275,-6
232,276,-40
232,277,-89
232,278,60
232,279,14
232,280,-2
232,281,57
232,282,95
232,283,-15
232,284,-43
232,285,74
232,286,0
232,287,83
232,288,74
232,289,32
232,290,67
232,291,21
232,292,-83
232,293,69
232,294,22
232,295,8
232,296,23
232,297,26
232,298,63
232,299,61
233,0,-65
233,1,68
233,2,70
233,3,-74
233,4,-64
233,5,84
233,6,-47
233,7,32
233,8,-84
233,9,-3
233,10,-33
233,11,82
233,12,-2
233,13,-49
233,14,96
233,15,38
233,16,-7
233,17,-98
233,18,38
233,19,75
233,20,-73
233,21,-79
233,22,27
233,23,-2
233,24,-33
233,25,-95
233,26,15
233,27,-67
233,28,-90
233,29,24
233,30,29
233,31,4
233,32,-10
233,33,27
233,34,96
233,35,-67
233,36,53
233,37,98
233,38,33
233,39,96
233,40,57
233,41,-78
233,42,-51
233,43,-30
233,44,46
233,45,54
233,46,45
233,47,-14
233,48,69
233,49,-31
233,50,-28
233,51,23
233,52,-39
233,53,-13
233,54,35
233,55,93
233,56,-77
233,57,9
233,58,-25
233,59,-19
233,60,-92
233,61,47
233,62,65
233,63,39
233,64,-35
233,65,-49
233,66,-11
233,67,15
233,68,-95
233,69,-21
233,70,-8
233,71,-36
233,72,-19
233,73,-16
233,74,-23
233,75,7
233,76,-7
233,77,98
233,78,82
233,79,50
233,80,-20
233,81,-92
233,82,-53
233,83,39
233,84,48
233,85,-41
233,86,72
233,87,38
233,88,62
233,89,64
233,90,89
233,91,-65
233,92,-77
233,93,-75
233,94,28
233,95,47
233,96,-19
233,97,-38
233,98,49
233,99,-30
233,100,40
233,101,7
233,102,59
233,103,14
233,104,-25
233,105,33
233,106,43
233,107,67
233,108,-79
233,109,97
233,110,-35
233,111,10
233,112,-98
233,113,-99
233,114,63
233,115,25
233,116,-21
233,117,74
233,118,-96
233,119,48
233,120,-58
233,121,-83
233,122,93
233,123,30
233,124,8
233,125,-16
233,126,-90
233,127,40
233,128,25
233,129,22
233,130,29
233,131,-2
233,132,46
233,133,-88
233,134,-5
233,135,26
233,136,-44
233,137,70
233,138,56
233,139,-69
233,140,15
233,141,-86
233,142,30
233,143,-73
233,144,-61
233,145,12
233,146,-94
233,147,-47
233,148,-75
233,149,86
233,150,-4
233,151,27
233,152,-40
233,153,39
233,154,-51
233,155,-15
233,156,-12
233,157,62
233,158,-62
233,159,94
233,160,-65
233,161,-68
233,162,-74
233,163,7
233,164,-45
233,165,78
233,166,58
233,167,-42
233,168,3
233,169,30
233,170,-17
233,171,98
233,172,-93
233,173,-45
233,174,-19
233,175,-48
233,176,49
233,177,38
233,178,-28
233,179,-74
233,180,-27
233,181,80
233,182,-70
233,183,-40
233,184,69
233,185,51
233,186,21
233,187,44
233,188,-70
233,189,98
233,190,46
233,191,-8
233,192,51
233,193,86
233,194,38
233,195,-15
233,196,28
233,197,82
233,198,23
233,199,72
233,200,-18
233,201,30
233,202,-74
233,203,44
233,204,5
233,205,-87
233,206,33
233,207,-45
233,208,-89
233,209,45
233,210,-77
233,211,-55
233,212,-33
233,213,-58
233,214,9
233,215,7
233,216,33
233,217,-24
233,218,0
233,219,-82
233,220,22
233,221,62
233,222,-27
233,223,31
233,224,88
233,225,4
233,226,93
233,227,-23
233,228,98
233,229,-6
233,230,-55
233,231,-93
233,232,89
233,233,-15
233,234,-45
233,235,51
233,236,-41
233,237,-78
233,238,-12
233,239,34
233,240,81
233,241,46
233,242,17
233,243,-33
233,244,33
233,245,-31
233,246,19
233,247,50
233,248,68
233,249,98
233,250,-85
233,251,26
233,252,34
233,253,-89
233,254,-62
233,255,-2
233,256,44
233,257,25
233,258,-75
233,259,50
233,260,67
233,261,33
233,262,-4
233,263,-57
233,264,19
233,265,-4
233,266,72
233,267,28
233,268,-56
233,269,-55
233,270,98
233,271,49
233,272,21
233,273,99
233,274,-2
233,275,-54
233,276,-38
233,277,-69
233,278,8
233,279,58
233,280,48
233,281,80
233,282,-10
233,283,30
233,284,25
233,285,79
233,286,95
233,287,-66
233,288,-95
233,289,-74
233,290,-38
233,291,-77
233,292,-20
233,293,-3
233,294,-67
233,295,-18
233,296,86
233,297,-82
233,298,76
233,299,-68
234,0,-16
234,1,46
234,2,-36
234,3,31
234,4,79
234,5,-94
234,6,15
234,7,8
234,8,-24
234,9,58
234,10,56
234,11,-83
234,12,-56
234,13,79
234,14,99
234,15,62
234,16,-7
234,17,-74
234,18,19
234,19,55
234,20,-28
234,21,-78
234,22,96
234,23,90
234,24,-27
234,25,6
234,26,39
234,27,-38
234,28,-78
234,29,-57
234,30,7
234,31,-47
234,32,11
234,33,15
234,34,-27
234,35,-83
234,36,13
234,37,81
234,38,66
234,39,45
234,40,-91
234,41,-84
234,42,-20
234,43,33
234,44,-38
234,45,39
234,46,53
234,47,37
234,48,-56
234,49,79
234,50,84
234,51,53
234,52,60
234,53,-63
234,54,-71
234,55,-12
234,56,-11
234,57,13
234,58,23
234,59,-64
234,60,10
234,61,-89
234,62,-36
234,63,49
234,64,89
234,65,-90
234,66,97
234,67,57
234,68,67
234,69,-43
234,70,-68
234,71,96
234,72,82
234,73,64
234,74,-4
234,75,7
234,76,-62
234,77,-24
234,78,-29
234,79,0
234,80,-6
234,81,85
234,82,-95
234,83,-6
234,84,-33
234,85,-54
234,86,16
234,87,-86
234,88,-49
234,89,-67
234,90,4
234,91,42
234,92,53
234,93,25
234,94,76
234,95,18
234,96,49
234,97,8
234,98,-54
234,99,17
234,100,-70
234,101,-25
234,102,-69
234,103,-24
234,104,-38
234,105,-25
234,106,-17
234,107,76
234,108,69
234,109,56
234,110,-72
234,111,-44
234,112,-3
234,113,65
234,114,71
234,115,93
234,116,-56
234,117,-99
234,118,-54
234,119,4
234,120,38
234,121,36
234,122,51
234,123,96
234,124,-81
234,125,16
234,126,-39
234,127,15
234,128,-3
234,129,-46
234,130,65
234,131,-74
234,132,-54
234,133,64
234,134,-66
234,135,82
234,136,11
234,137,83
234,138,11
234,139,96
234,140,-95
234,141,95
234,142,47
234,143,38
234,144,19
234,145,23
234,146,-7
234,147,62
234,148,44
234,149,35
234,150,-84
234,151,-43
234,152,33
234,153,38
234,154,71
234,155,0
234,156,-64
234,157,78
234,158,-76
234,159,-77
234,160,-86
234,161,-99
234,162,57
234,163,3
234,164,36
234,165,87
234,166,-34
234,167,-44
234,168,-67
234,169,93
234,170,36
234,171,81
234,172,-35
234,173,24
234,174,97
234,175,3
234,176,13
234,177,38
234,178,78
234,179,-99
234,180,49
234,181,59
234,182,93
234,183,-16
234,184,74
234,185,35
234,186,26
234,187,28
234,188,-1
234,189,-16
234,190,-60
234,191,-84
234,192,23
234,193,29
234,194,-34
234,195,-49
234,196,-98
234,197,53
234,198,53
234,199,49
234,200,-40
234,201,79
234,202,97
234,203,-38
234,204,53
234,205,41
234,206,-54
234,207,55
234,208,-5
234,209,71
234,210,51
234,211,3
234,212,43
234,213,39
234,214,44
234,215,-76
234,216,-27
234,217,-100
234,218,33
234,219,63
234,220,50
234,221,-57
234,222,77
234,223,27
234,224,62
234,225,-94
234,226,45
234,227,-60
234,228,57
234,229,-94
234,230,-65
234,231,51
234,232,32
234,233,47
234,234,89
234,235,-41
234,236,28
234,237,-24
234,238,49
234,239,-45
234,240,-7
234,241,83
234,242,26
234,243,57
234,244,69
234,245,-32
234,246,5
234,247,65
234,248,-97
234,249,-8
234,250,-56
234,251,-51
234,252,8
234,253,-92
234,254,42
234,255,-19
234,256,28
234,257,96
234,258,-76
234,259,88
234,260,-94
234,261,-16
234,262,-47
234,263,-6
234,264,8
234,265,15
234,266,-8
234,267,-100
234,268,-66
234,269,34
234,270,41
234,271,0
234,272,-94
234,273,-60
234,274,36
234,275,-15
234,276,-49
234,277,38
234,278,19
234,279,-10
234,280,83
234,281,-66
234,282,37
234,283,47
234,284,96
234,285,84
234,286,12
234,287,70
234,288,-51
234,289,71
234,290,-26
234,291,33
234,292,4
234,293,85
234,294,47
234,295,86
234,296,-6
234,297,39
234,298,78
234,299,93
235,0,-48
235,1,2
235,2,-64
235,3,10
235,4,22
235,5,38
235,6,-73
235,7,75
235,8,-19
235,9,28
235,10,37
235,11,23
235,12,58
235,13,-28
235,14,-58
235,15,68
235,16,98
235,17,-49
235,18,-80
235,19,-36
235,20,13
235,21,-28
235,22,-36
235,23,89
235,24,36
235,25,82
235,26,99
235,27,-93
235,28,98
235,29,-27
235,30,93
235,31,-78
235,32,-23
235,33,86
235,34,-38
235,35,-1
235,36,-67
235,37,-58
235,38,68
235,39,3
235,40,73
235,41,1
235,42,-81
235,43,11
235,44,29
235,45,-4
235,46,6
235,47,89
235,48,-42
235,49,20
235,50,15
235,51,96
235,52,-96
235,53,-66
235,54,-81
235,55,88
235,56,67
235,57,-44
235,58,-92
235,59,-32
235,60,80
235,61,7
235,62,2
235,63,-73
235,64,29
235,65,-83
235,66,73
235,67,-25
235,68,80
235,69,93
235,70,7
235,71,50
235,72,-74
235,73,9
235,74,42
235,75,-91
235,76,-21
235,77,33
235,78,27
235,79,6
235,80,-76
235,81,47
235,82,-73
235,83,-80
235,84,-39
235,85,91
235,86,34
235,87,54
235,88,93
235,89,67
235,90,10
235,91,81
235,92,-27
235,93,58
235,94,19
235,95,-33
235,96,46
235,97,28
235,98,17
235,99,-93
235,100,-69
235,101,-86
235,102,50
235,103,87
235,104,-16
235,105,19
235,106,-30
235,107,-30
235,108,-82
235,109,-100
235,110,-58
235,111,-67
235,112,-36
235,113,39
235,114,-74
235,115,88
235,116,87
235,117,-60
235,118,9
235,119,-22
235,120,8
235,121,63
235,122,38
235,123,40
235,124,59
235,125,-82
235,126,-44
235,127,-54
235,128,99
235,129,-92
235,130,-63
235,131,97
235,132,96
235,133,45
235,134,-61
235,135,57
235,136,97
235,137,-12
235,138,57
235,139,99
235,140,60
235,141,-74
235,142,-52
235,143,-13
235,144,-85
235,145,39
235,146,34
235,147,43
235,148,-8
235,149,-52
235,150,-41
235,151,-3
235,152,-11
235,153,55
235,154,47
235,155,79
235,156,69
235,157,41
235,158,-94
235,159,93
235,160,-87
235,161,31
235,162,64
235,163,-87
235,164,37
235,165,85
235,166,-75
235,167,-2
235,168,-55
235,169,-80
235,170,53
235,171,-24
235,172,73
235,173,88
235,174,-60
235,175,-11
235,176,-71
235,177,-98
235,178,96
235,179,-71
235,180,-10
235,181,33
235,182,41
235,183,32
235,184,-56
235,185,-67
235,186,6
235,187,-49
235,188,-26
235,189,73
235,190,14
235,191,-8
235,192,-6
235,193,-47
235,194,11
235,195,-59
235,196,0
235,197,-41
235,198,-59
235,199,37
235,200,-76
235,201,-37
235,202,68
235,203,89
235,204,-25
235,205,-23
235,206,-61
235,207,-1
235,208,62
235,209,-31
235,210,-64
235,211,11
235,212,66
235,213,95
235,214,45
235,215,-78
235,216,1
235,217,-86
235,218,-59
235,219,68
235,220,-37
235,221,53
235,222,-82
235,223,-3
235,224,-89
235,225,97
235,226,69
235,227,22
235,228,70
235,229,37
235,230,-58
235,231,74
235,232,-61
235,233,-21
235,234,-99
235,235,47
235,236,-50
235,237,-62
235,238,24
235,239,-32
235,240,94
235,241,-44
235,242,45
235,243,37
235,244,-31
235,245,-86
235,246,-60
235,247,-95
235,248,6
235,249,-84
235,250,-59
235,251,97
235,252,59
235,253,-59
235,254,34
235,255,-23
235,256,-75
235,257,90
235,258,52
235,259,-56
235,260,93
235,261,-52
235,262,-3
235,263,-41
235,264,-68
235,265,34
235,266,-66
235,267,41
235,268,43
235,269,-35
235,270,97
235,271,32
235,272,-33
235,273,-34
235,274,7
235,275,83
235,276,-45
235,277,36
235,278,-32
235,279,86
235,280,-4
235,281,66
235,282,9
235,283,27
235,284,-36
235,285,-23
235,286,3
235,287,-88
235,288,23
235,289,-1
235,290,-62
235,291,66
235,292,4
235,293,88
235,294,-8
235,295,15
235,296,-72
235,297,64
235,298,-8
235,299,54
236,0,36
236,1,-60
236,2,-35
236,3,34
236,4,-94
236,5,-16
236,6,21
236,7,6
236,8,20
236,9,3
236,10,35
236,11,-27
236,12,94
236,13,41
236,14,82
236,15,96
236,16,-69
236,17,78
236,18,-99
236,19,-61
236,20,-25
236,21,-93
236,22,80
236,23,68
236,24,19
236,25,-39
236,26,-56
236,27,-90
236,28,89
236,29,-98
236,30,97
236,31,-24
236,32,46
236,33,-61
236,34,63
236,35,13
236,36,29
236,37,-87
236,38,-34
236,39,-97
236,40,-83
236,41,97
236,42,-19
236,43,-62
236,44,74
236,45,-6
236,46,-44
236,47,2
236,48,11
236,49,-88
236,50,74
236,51,12
236,52,-13
236,53,-67
236,54,-62
236,55,-74
236,56,-81
236,57,58
236,58,21
236,59,89
236,60,-32
236,61,-91
236,62,-62
236,63,82
236,64,23
236,65,-100
236,66,35
236,67,16
236,68,82
236,69,-39
236,70,-90
236,71,-37
236,72,46
236,73,-7
236,74,56
236,75,-57
236,76,96
236,77,38
236,78,34
236,79,98
236,80,-32
236,81,-4
236,82,-48
236,83,40
236,84,36
236,85,98
236,86,43
236,87,-80
236,88,72
236,89,91
236,90,-4
236,91,-93
236,92,-49
236,93,-12
236,94,-2
236,95,86
236,96,-14
236,97,-38
236,98,40
236,99,52
236,100,-53
236,101,-21
236,102,-13
236,103,-24
236,104,-79
236,105,-31
236,106,52
236,107,99
236,108,54
236,109,45
236,110,-76
236,111,23
236,112,95
236,113,-74
236,114,-8
236,115,-84
236,116,-43
236,117,95
236,118,-34
236,119,-40
236,120,10
236,121,-57
236,122,-57
236,123,41
236,124,-43
236,125,-15
236,126,-25
236,127,-47
236,128,-41
236,129,-19
236,130,83
236,131,-40
236,132,56
236,133,99
236,134,-59
236,135,-36
236,136,-69
236,137,23
236,138,-75
236,139,-76
236,140,-49
236,141,97
236,142,-71
236,143,-3
236,144,7
236,145,76
236,146,8
236,147,-64
236,148,-16
236,149,-94
236,150,44
236,151,69
236,152,72
236,153,13
236,154,-2
236,155,-79
236,156,-86
236,157,-94
236,158,57
236,159,-63
236,160,82
236,161,41
236,162,-91
236,163,-61
236,164,3
236,165,58
236,166,-10
236,167,-62
236,168,-24
236,169,-54
236,170,-16
236,171,77
236,172,-63
236,173,62
236,174,54
236,175,-4
236,176,-30
236,177,23
236,178,-36
236,179,1
236,180,12
236,181,-34
236,182,62
236,183,-81
236,184,25
236,185,58
236,186,75
236,187,55
236,188,-91
236,189,67
236,190,13
236,191,15
236,192,58
236,193,-81
236,194,-36
236,195,76
236,196,46
236,197,-6
236,198,57
236,199,-20
236,200,36
236,201,47
236,202,-37
236,203,67
236,204,-62
236,205,-93
236,206,83
236,207,-97
236,208,-6
236,209,78
236,210,98
236,211,-39
236,212,-88
236,213,14
236,214,85
236,215,-49
236,216,-59
236,217,84
236,218,58
236,219,-18
236,220,-12
236,221,-7
236,222,45
236,223,22
236,224,-61
236,225,-36
236,226,57
236,227,88
236,228,68
236,229,-69
236,230,-28
236,231,73
236,232,-81
236,233,-71
236,234,-4
236,235,91
236,236,-11
236,237,7
236,238,-83
236,239,-70
236,240,-74
236,241,42
236,242,31
236,243,-9
236,244,-45
236,245,51
236,246,-23
236,247,54
236,248,56
236,249,-14
236,250,-84
236,251,-38
236,252,-84
236,253,-37
236,254,-21
236,255,-96
236,256,1
236,257,-71
236,258,-69
236,259,-9
236,260,36
236,261,-94
236,262,38
236,263,97
236,264,-47
236,265,-66
236,266,48
236,267,-47
236,268,-73
236,269,96
236,270,18
236,271,89
236,272,-22
236,273,-51
236,274,83
236,275,-98
236,276,2
236,277,5
236,278,-46
236,279,-73
236,280,44
236,281,14
236,282,45
236,283,-17
236,284,17
236,285,-94
236,286,-82
236,287,-37
236,288,72
236,289,-56
236,290,-69
236,291,-31
236,292,-6
236,293,33
236,294,-71
236,295,-54
236,296,-10
236,297,41
236,298,-34
236,299,4
237,0,-45
237,1,-9
237,2,96
237,3,2
237,4,17
237,5,23
237,6,-79
237,7,86
237,8,9
237,9,-47
237,10,37
237,11,50
237,12,-71
237,13,96
237,14,-49
237,15,48
237,16,48
237,17,61
237,18,-23
237,19,-59
237,20,-30
237,21,-2
237,22,-59
237,23,66
237,24,80
237,25,97
237,26,80
237,27,46
237,28,64
237,29,-50
237,30,90
237,31,8
237,32,-79
237,33,97
237,34,22
237,35,19
237,36,70
237,37,-7
237,38,-1
237,39,32
237,40,35
237,41,-71
237,42,72
237,43,-42
237,44,17
237,45,68
237,46,-16
237,47,95
237,48,-95
237,49,65
237,50,-35
237,51,-92
237,52,84
237,53,18
237,54,-14
237,55,-89
237,56,2
237,57,-93
237,58,20
237,59,0
237,60,-19
237,61,-90
237,62,-24
237,63,-18
237,64,-56
237,65,-1
237,66,5
237,67,-24
237,68,-21
237,69,-2
237,70,14
237,71,36
237,72,90
237,73,48
237,74,28
237,75,-72
237,76,53
237,77,9
237,78,46
237,79,88
237,80,96
237,81,-77
237,82,-56
237,83,-95
237,84,-22
237,85,-45
237,86,-92
237,87,48
237,88,-86
237,89,50
237,90,-6
237,91,-97
237,92,61
237,93,95
237,94,36
237,95,41
237,96,74
237,97,14
237,98,54
237,99,68
237,100,-62
237,101,16
237,102,1
237,103,4
237,104,92
237,105,89
237,106,-16
237,107,-75
237,108,-68
237,109,65
237,110,-41
237,111,17
237,112,-52
237,113,-9
237,114,67
237,115,7
237,116,-78
237,117,91
237,118,-53
237,119,-52
237,120,-68
237,121,1
237,122,24
237,123,-53
237,124,15
237,125,16
237,126,4
237,127,-34
237,128,-13
237,129,73
237,130,22
237,131,-20
237,132,-78
237,133,-69
237,134,-71
237,135,-1
237,136,-58
237,137,-8
237,138,-36
237,139,-29
237,140,52
237,141,45
237,142,-7
237,143,-50
237,144,-11
237,145,96
237,146,-7
237,147,19
237,148,-83
237,149,93
237,150,-91
237,151,40
237,152,11
237,153,-3
237,154,20
237,155,64
237,156,85
237,157,90
237,158,35
237,159,-26
237,160,-7
237,161,-99
237,162,-6
237,163,59
237,164,-29
237,165,-38
237,166,-8
237,167,-18
237,168,-50
237,169,-42
237,170,25
237,171,78
237,172,29
237,173,60
237,174,81
237,175,86
237,176,-24
237,177,-66
237,178,18
237,179,31
237,180,74
237,181,-49
237,182,38
237,183,95
237,184,35
237,185,47
237,186,-77
237,187,-53
237,188,61
237,189,60
237,190,-14
237,191,-61
237,192,91
237,193,20
237,194,-44
237,195,46
237,196,-27
237,197,80
237,198,-56
237,199,27
237,200,-61
237,201,71
237,202,94
237,203,75
237,204,19
237,205,56
237,206,-95
237,207,79
237,208,-2
237,209,-26
237,210,-41
237,211,-53
237,212,66
237,213,70
237,214,-3
237,215,-19
237,216,-32
237,217,-95
237,218,-47
237,219,13
237,220,5
237,221,-100
237,222,-84
237,223,-66
237,224,44
237,225,27
237,226,55
237,227,95
237,228,6
237,229,29
237,230,-94
237,231,-45
237,232,-17
237,233,19
237,234,86
237,235,-38
237,236,-92
237,237,55
237,238,22
237,239,4
237,240,99
237,241,-29
237,242,78
237,243,-58
237,244,-100
237,245,-88
237,246,79
237,247,-68
237,248,49
237,249,18
237,250,-77
237,251,22
237,252,-29
237,253,67
237,254,92
237,255,-26
237,256,35
237,257,-90
237,258,27
237,259,12
237,260,95
237,261,53
237,262,9
237,263,5
237,264,52
237,265,-73
237,266,-3
237,267,-16
237,268,92
237,269,75
237,270,-46
237,271,94
237,272,-52
237,273,-8
237,274,-5
237,275,9
237,276,-57
237,277,65
237,278,84
237,279,-99
237,280,38
237,281,61
237,282,-18
237,283,-99
237,284,-63
237,285,49
237,286,56
237,287,99
237,288,71
237,289,-45
237,290,-96
237,291,-48
237,292,-73
237,293,16
237,294,-37
237,295,96
237,296,86
237,297,12
237,298,75
237,299,-8
238,0,11
238,1,-66
238,2,81
238,3,39
238,4,-69
238,5,60
238,6,-13
238,7,42
238,8,1
238,9,-31
238,10,-59
238,11,74
238,12,-20
238,13,-33
238,14,20
238,15,95
238,16,9
238,17,-3
238,18,99
238,19,-79
238,20,-69
238,21,-71
238,22,83
238,23,-44
238,24,49
238,25,-99
238,26,-17
238,27,46
238,28,62
238,29,30
238,30,-54
238,31,39
238,32,-68
238,33,-30
238,34,34
238,35,-48
238,36,44
238,37,25
238,38,80
238,39,-5
238,40,-86
238,41,68
238,42,59
238,43,-70
238,44,28
238,45,49
238,46,76
238,47,50
238,48,30
238,49,65
238,50,73
238,51,-10
238,52,-28
238,53,-68
238,54,-60
238,55,1
238,56,98
238,57,-24
238,58,-75
238,59,-13
238,60,98
238,61,-61
238,62,7
238,63,52
238,64,80
238,65,75
238,66,76
238,67,-54
238,68,57
238,69,97
238,70,-28
238,71,73
238,72,19
238,73,-85
238,74,-59
238,75,-100
238,76,35
238,77,-97
238,78,91
238,79,88
238,80,-22
238,81,-63
238,82,21
238,83,-31
238,84,-26
238,85,-89
238,86,-9
238,87,-33
238,88,-6
238,89,78
238,90,56
238,91,20
238,92,50
238,93,47
238,94,-1
238,95,13
238,96,-45
238,97,-1
238,98,43
238,99,21
238,100,-89
238,101,-4
238,102,-86
238,103,-79
238,104,32
238,105,-23
238,106,75
238,107,77
238,108,41
238,109,61
238,110,-32
238,111,-44
238,112,16
238,113,20
238,114,59
238,115,-68
238,116,-82
238,117,-37
238,118,-1
238,119,-9
238,120,15
238,121,40
238,122,-67
238,123,-65
238,124,4
238,125,86
238,126,57
238,127,92
238,128,-88
238,129,58
238,130,62
238,131,-13
238,132,-87
238,133,-100
238,134,62
238,135,-14
238,136,-93
238,137,87
238,138,28
238,139,-3
238,140,13
238,141,-29
238,142,76
238,143,-16
238,144,23
238,145,-90
238,146,47
238,147,57
238,148,-59
238,149,-58
238,150,-71
238,151,-48
238,152,52
238,153,21
238,154,91
238,155,14
238,156,37
238,157,56
238,158,33
238,159,-79
238,160,23
238,161,28
238,162,4
238,163,-25
238,164,99
238,165,-27
238,166,-71
238,167,19
238,168,80
238,169,76
238,170,-18
238,171,89
238,172,49
238,173,26
238,174,-64
238,175,-49
238,176,-72
238,177,89
238,178,-11
238,179,10
238,180,10
238,181,90
238,182,61
238,183,8
238,184,-8
238,185,-53
238,186,-98
238,187,-16
238,188,-28
238,189,-64
238,190,-35
238,191,-3
238,192,-6
238,193,-20
238,194,51
238,195,90
238,196,-57
238,197,7
238,198,-43
238,199,-58
238,200,-39
238,201,-33
238,202,-27
238,203,76
238,204,95
238,205,-8
238,206,24
238,207,92
238,208,88
238,209,99
238,210,-83
238,211,-83
238,212,-51
238,213,-11
238,214,77
238,215,-8
238,216,-97
238,217,82
238,218,-26
238,219,6
238,220,16
238,221,-87
238,222,-40
238,223,43
238,224,57
238,225,-3
238,226,-79
238,227,80
238,228,-83
238,229,-2
238,230,-99
238,231,13
238,232,91
238,233,-12
238,234,70
238,235,-44
238,236,-50
238,237,49
238,238,78
238,239,32
238,240,94
238,241,59
238,242,-21
238,243,55
238,244,15
238,245,-42
238,246,16
238,247,96
238,248,45
238,249,1
238,250,-14
238,251,-93
238,252,-53
238,253,-25
238,254,-17
238,255,-13
238,256,92
238,257,-82
238,258,7
238,259,-3
238,260,-40
238,261,-97
238,262,39
238,263,-4
238,264,-76
238,265,-21
238,266,14
238,267,99
238,268,-3
238,269,30
238,270,71
238,271,-43
238,272,20
238,273,29
238,274,-44
238,275,47
238,276,69
238,277,68
238,278,34
238,279,-60
238,280,18
238,281,37
238,282,-74
238,283,-50
238,284,5
238,285,-90
238,286,83
238,287,-53
238,288,-56
238,289,65
238,290,-26
238,291,-23
238,292,-86
238,293,-92
238,294,-30
238,295,-54
238,296,57
238,297,-38
238,298,49
238,299,0
239,0,-22
239,1,97
239,2,67
239,3,-63
239,4,40
239,5,-8
239,6,-15
239,7,-46
239,8,-21
239,9,-76
239,10,-16
239,11,76
239,12,-41
239,13,28
239,14,70
239,15,49
239,16,55
239,17,-43
239,18,79
239,19,24
239,20,-65
239,21,-59
239,22,42
239,23,30
239,24,-53
239,25,-3
239,26,7
239,27,-13
239,28,42
239,29,82
239,30,-35
239,31,-61
239,32,-18
239,33,78
239,34,-85
239,35,-71
239,36,-100
239,37,-35
239,38,31
239,39,39
239,40,-3
239,41,14
239,42,-15
239,43,27
239,44,39
239,45,-78
239,46,-49
239,47,-11
239,48,17
239,49,-88
239,50,-6
239,51,60
239,52,98
239,53,-87
239,54,-68
239,55,-75
239,56,65
239,57,85
239,58,73
239,59,-11
239,60,47
239,61,46
239,62,46
239,63,87
239,64,-75
239,65,-62
239,66,-94
239,67,-60
239,68,48
239,69,-95
239,70,-87
239,71,77
239,72,-2
239,73,76
239,74,-84
239,75,-81
239,76,47
239,77,5
239,78,0
239,79,68
239,80,-2
239,81,59
239,82,-28
239,83,28
239,84,31
239,85,32
239,86,-74
239,87,-18
239,88,-12
239,89,-20
239,90,46
239,91,-20
239,92,58
239,93,7
239,94,58
239,95,72
239,96,-5
239,97,-83
239,98,85
239,99,99
239,100,-6
239,101,-22
239,102,98
239,103,-86
239,104,36
239,105,-34
239,106,-91
239,107,-1
239,108,-41
239,109,-26
239,110,30
239,111,44
239,112,-29
239,113,-7
239,114,60
239,115,63
239,116,-91
239,117,-39
239,118,23
239,119,-85
239,120,-87
239,121,32
239,122,-43
239,123,-37
239,124,-28
239,125,53
239,126,73
239,127,-51
239,128,-83
239,129,43
239,130,77
239,131,-79
239,132,43
239,133,18
239,134,-87
239,135,-92
239,136,-28
239,137,67
239,138,29
239,139,98
239,140,-20
239,141,29
239,142,73
239,143,38
239,144,69
239,145,63
239,146,-38
239,147,-32
239,148,13
239,149,-43
239,150,37
239,151,-94
239,152,26
239,153,-60
239,154,73
239,155,53
239,156,67
239,157,67
239,158,-28
239,159,51
239,160,-7
239,161,2
239,162,73
239,163,-44
239,164,-38
239,165,16
239,166,-98
239,167,-46
239,168,-29
239,169,-49
239,170,-99
239,171,78
239,172,49
239,173,28
239,174,-41
239,175,-37
239,176,67
239,177,-82
239,178,-23
239,179,58
239,180,59
239,181,-22
239,182,88
239,183,-95
239,184,-22
239,185,-5
239,186,-60
239,187,30
239,188,20
239,189,-93
239,190,-35
239,191,-65
239,192,-10
239,193,24
239,194,18
239,195,-81
239,196,-47
239,197,-66
239,198,80
239,199,89
239,200,-17
239,201,89
239,202,66
239,203,33
239,204,78
239,205,31
239,206,-61
239,207,39
239,208,-1
239,209,-81
239,210,-59
239,211,55
239,212,55
239,213,-73
239,214,-21
239,215,-51
239,216,12
239,217,-33
239,218,-50
239,219,-33
239,220,95
239,221,12
239,222,-83
239,223,-40
239,224,65
239,225,10
239,226,-74
239,227,53
239,228,24
239,229,-32
239,230,-57
239,231,4
239,232,-95
239,233,30
239,234,-75
239,235,14
239,236,-90
239,237,-16
239,238,-8
239,239,13
239,240,-99
239,241,73
239,242,-73
239,243,67
239,244,30
239,245,-5
239,246,5
239,247,-78
239,248,76
239,249,-78
239,250,-2
239,251,83
239,252,-95
239,253,-37
239,254,-76
239,255,-45
239,256,-94
239,257,47
239,258,-89
239,259,-60
239,260,-66
239,261,-25
239,262,-56
239,263,-48
239,264,-51
239,265,-64
239,266,-79
239,267,48
239,268,-7
239,269,-1
239,270,-52
239,271,-98
239,272,-37
239,273,-28
239,274,5
239,275,24
239,276,16
239,277,11
239,278,99
239,279,67
239,280,-2
239,281,44
239,282,-89
239,283,10
239,284,-77
239,285,17
239,286,-97
239,287,-23
239,288,85
239,289,-62
239,290,-11
239,291,98
239,292,-95
239,293,-70
239,294,-37
239,295,13
239,296,-8
239,297,30
239,298,18
239,299,59
240,0,-97
240,1,-63
240,2,-67
240,3,47
240,4,87
240,5,-18
240,6,85
240,7,-25
240,8,-86
240,9,-35
240,10,-36
240,11,55
240,12,-67
240,13,-63
240,14,49
240,15,6
240,16,57
240,17,69
240,18,31
240,19,-99
240,20,-49
240,21,-26
240,22,93
240,23,29
240,24,-63
240,25,47
240,26,69
240,27,48
240,28,8
240,29,50
240,30,16
240,31,77
240,32,-81
240,33,59
240,34,82
240,35,53
240,36,-91
240,37,-93
240,38,-3
240,39,-19
240,40,-69
240,41,70
240,42,90
240,43,31
240,44,41
240,45,83
240,46,-26
240,47,61
240,48,24
240,49,6
240,50,93
240,51,94
240,52,14
240,53,64
240,54,-15
240,55,63
240,56,-39
240,57,33
240,58,88
240,59,-80
240,60,80
240,61,35
240,62,70
240,63,-1
240,64,-24
240,65,-33
240,66,7
240,67,58
240,68,22
240,69,98
240,70,-35
240,71,50
240,72,75
240,73,34
240,74,32
240,75,55
240,76,-88
240,77,-54
240,78,99
240,79,96
240,80,70
240,81,-54
240,82,-93
240,83,23
240,84,28
240,85,-6
240,86,-26
240,87,-32
240,88,1
240,89,-98
240,90,-52
240,91,58
240,92,-70
240,93,99
240,94,-54
240,95,-77
240,96,17
240,97,44
240,98,66
240,99,67
240,100,-78
240,101,32
240,102,13
240,103,22
240,104,59
240,105,-94
240,106,62
240,107,93
240,108,19
240,109,-21
240,110,85
240,111,-27
240,112,-90
240,113,-36
240,114,64
240,115,-10
240,116,36
240,117,-83
240,118,75
240,119,-88
240,120,-33
240,121,-82
240,122,75
240,123,22
240,124,36
240,125,-70
240,126,48
240,127,94
240,128,-25
240,129,-20
240,130,-53
240,131,-4
240,132,40
240,133,-18
240,134,-48
240,135,-66
240,136,33
240,137,27
240,138,-72
240,139,62
240,140,1
240,141,-29
240,142,24
240,143,63
240,144,-24
240,145,-23
240,146,3
240,147,-88
240,148,65
240,149,15
240,150,89
240,151,64
240,152,63
240,153,-83
240,154,56
240,155,75
240,156,36
240,157,97
240,158,-60
240,159,-29
240,160,-54
240,161,-62
240,162,91
240,163,2
240,164,-45
240,165,28
240,166,28
240,167,1
240,168,52
240,169,-10
240,170,69
240,171,21
240,172,22
240,173,53
240,174,73
240,175,77
240,176,21
240,177,55
240,178,-19
240,179,24
240,180,90
240,181,-88
240,182,42
240,183,-93
240,184,83
240,185,2
240,186,-25
240,187,67
240,188,80
240,189,-74
240,190,-68
240,191,-63
240,192,-63
240,193,-16
240,194,24
240,195,23
240,196,95
240,197,70
240,198,89
240,199,-49
240,200,-69
240,201,32
240,202,-95
240,203,82
240,204,-51
240,205,-43
240,206,-48
240,207,79
240,208,-19
240,209,-58
240,210,8
240,211,63
240,212,-52
240,213,-67
240,214,-40
240,215,96
240,216,-35
240,217,83
240,218,-2
240,219,-57
240,220,19
240,221,-32
240,222,15
240,223,-21
240,224,-38
240,225,-95
240,226,2
240,227,69
240,228,85
240,229,-12
240,230,-8
240,231,-86
240,232,-83
240,233,40
240,234,63
240,235,-26
240,236,90
240,237,-53
240,238,76
240,239,-95
240,240,-53
240,241,-46
240,242,30
240,243,0
240,244,-78
240,245,24
240,246,-12
240,247,53
240,248,47
240,249,78
240,250,19
240,251,-49
240,252,-2
240,253,78
240,254,84
240,255,97
240,256,35
240,257,-38
240,258,-47
240,259,-19
240,260,96
240,261,15
240,262,-6
240,263,-9
240,264,-91
240,265,-22
240,266,-38
240,267,-53
240,268,60
240,269,77
240,270,-97
240,271,-89
240,272,-52
240,273,11
240,274,-45
240,275,-19
240,276,99
240,277,37
240,278,-76
240,279,-82
240,280,42
240,281,-89
240,282,50
240,283,36
240,284,31
240,285,-78
240,286,-39
240,287,-32
240,288,44
240,289,-33
240,290,-48
240,291,22
240,292,84
240,293,-44
240,294,72
240,295,-19
240,296,80
240,297,49
240,298,5
240,299,-54
241,0,-79
241,1,96
241,2,-79
241,3,21
241,4,-83
241,5,-9
241,6,38
241,7,26
241,8,-9
241,9,-31
241,10,24
241,11,7
241,12,-29
241,13,-30
241,14,93
241,15,-46
241,16,66
241,17,-28
241,18,-60
241,19,80
241,20,-66
241,21,99
241,22,60
241,23,-70
241,24,5
241,25,4
241,26,-23
241,27,-71
241,28,71
241,29,68
241,30,84
241,31,-6
241,32,18
241,33,39
241,34,-44
241,35,-87
241,36,95
241,37,52
241,38,-21
241,39,-22
241,40,56
241,41,32
241,42,-38
241,43,-60
241,44,-40
241,45,-5
241,46,-77
241,47,-9
241,48,76
241,49,93
241,50,-44
241,51,30
241,52,47
241,53,42
241,54,-28
241,55,-84
241,56,-61
241,57,68
241,58,-36
241,59,84
241,60,70
241,61,-56
241,62,43
241,63,-49
241,64,13
241,65,66
241,66,-16
241,67,77
241,68,-21
241,69,-82
241,70,11
241,71,94
241,72,38
241,73,65
241,74,17
241,75,25
241,76,-82
241,77,-61
241,78,27
241,79,3
241,80,-79
241,81,97
241,82,-29
241,83,-3
241,84,8
241,85,62
241,86,-53
241,87,80
241,88,-72
241,89,37
241,90,38
241,91,56
241,92,35
241,93,-13
241,94,78
241,95,36
241,96,22
241,97,-62
241,98,-64
241,99,30
241,100,-100
241,101,26
241,102,-84
241,103,92
241,104,-51
241,105,-28
241,106,-7
241,107,7
241,108,54
241,109,25
241,110,65
241,111,96
241,112,91
241,113,-54
241,114,7
241,115,-60
241,116,86
241,117,40
241,118,-58
241,119,-34
241,120,-2
241,121,90
241,122,-15
241,123,-37
241,124,-34
241,125,-84
241,126,7
241,127,16
241,128,-83
241,129,19
241,130,-64
241,131,-57
241,132,88
241,133,-87
241,134,80
241,135,79
241,136,91
241,137,-38
241,138,15
241,139,48
241,140,78
241,141,-54
241,142,65
241,143,-74
241,144,15
241,145,-8
241,146,2
241,147,-63
241,148,30
241,149,-98
241,150,46
241,151,-49
241,152,-89
241,153,-94
241,154,36
241,155,-86
241,156,-22
241,157,-2
241,158,-97
241,159,46
241,160,-70
241,161,-94
241,162,-31
241,163,53
241,164,-60
241,165,-62
241,166,-84
241,167,-30
241,168,87
241,169,78
241,170,-37
241,171,57
241,172,-25
241,173,-78
241,174,7
241,175,26
241,176,1
241,177,27
241,178,-30
241,179,31
241,180,55
241,181,58
241,182,16
241,183,79
241,184,76
241,185,-29
241,186,44
241,187,-95
241,188,-92
241,189,63
241,190,60
241,191,-51
241,192,87
241,193,-28
241,194,81
241,195,20
241,196,75
241,197,14
241,198,-75
241,199,-56
241,200,-80
241,201,11
241,202,18
241,203,96
241,204,-37
241,205,-15
241,206,65
241,207,55
241,208,48
241,209,71
241,210,-60
241,211,80
241,212,-38
241,213,33
241,214,98
241,215,80
241,216,-34
241,217,79
241,218,-45
241,219,82
241,220,87
241,221,-24
241,222,1
241,223,30
241,224,9
241,225,-61
241,226,39
241,227,-50
241,228,81
241,229,-71
241,230,-55
241,231,24
241,232,40
241,233,-79
241,234,5
241,235,73
241,236,-93
241,237,20
241,238,49
241,239,36
241,240,-2
241,241,29
241,242,-43
241,243,48
241,244,-12
241,245,87
241,246,-2
241,247,84
241,248,-58
241,249,79
241,250,29
241,251,-77
241,252,28
241,253,21
241,254,54
241,255,-44
241,256,0
241,257,32
241,258,18
241,259,87
241,260,-18
241,261,81
241,262,99
241,263,80
241,264,76
241,265,-86
241,266,-69
241,267,27
241,268,-23
241,269,-88
241,270,-51
241,271,-16
241,272,-9
241,273,27
241,274,47
241,275,-88
241,276,8
241,277,-77
241,278,39
241,279,45
241,280,96
241,281,-24
241,282,-74
241,283,-19
241,284,-56
241,285,89
241,286,98
241,287,39
241,288,-57
241,289,98
241,290,-74
241,291,-54
241,292,-28
241,293,16
241,294,-24
241,295,-87
241,296,41
241,297,57
241,298,-66
241,299,-89
242,0,69
242,1,-8
242,2,62
242,3,-96
242,4,30
242,5,-84
242,6,-39
242,7,2
242,8,77
242,9,-54
242,10,-18
242,11,-26
242,12,-50
242,13,-18
242,14,-83
242,15,61
242,16,73
242,17,78
242,18,-3
242,19,22
242,20,37
242,21,23
242,22,-37
242,23,36
242,24,-76
242,25,-90
242,26,36
242,27,-46
242,28,-7
242,29,-84
242,30,95
242,31,1
242,32,51
242,33,-94
242,34,37
242,35,-46
242,36,17
242,37,94
242,38,18
242,39,-13
242,40,-14
242,41,-51
242,42,8
242,43,-15
242,44,-6
242,45,84
242,46,-82
242,47,64
242,48,-28
242,49,-10
242,50,-34
242,51,87
242,52,-71
242,53,-25
242,54,-44
242,55,-97
242,56,-17
242,57,17
242,58,57
242,59,-91
242,60,-2
242,61,-86
242,62,96
242,63,-77
242,64,-89
242,65,40
242,66,-90
242,67,-55
242,68,-75
242,69,5
242,70,36
242,71,12
242,72,51
242,73,72
242,74,-64
242,75,10
242,76,13
242,77,-91
242,78,94
242,79,-41
242,80,-36
242,81,3
242,82,78
242,83,67
242,84,81
242,85,-73
242,86,-71
242,87,2
242,88,-26
242,89,42
242,90,-61
242,91,-37
242,92,-51
242,93,77
242,94,-97
242,95,-6
242,96,-59
242,97,-16
242,98,-38
242,99,49
242,100,67
242,101,37
242,102,68
242,103,44
242,104,45
242,105,2
242,106,-20
242,107,36
242,108,-75
242,109,97
242,110,-64
242,111,7
242,112,34
242,113,72
242,114,-7
242,115,5
242,116,70
242,117,-96
242,118,18
242,119,39
242,120,22
242,121,24
242,122,81
242,123,-73
242,124,16
242,125,11
242,126,25
242,127,66
242,128,82
242,129,55
242,130,-52
242,131,64
242,132,49
242,133,5
242,134,-34
242,135,-31
242,136,-38
242,137,-87
242,138,11
242,139,-23
242,140,59
242,141,-48
242,142,-17
242,143,-47
242,144,-3
242,145,-94
242,146,-31
242,147,-98
242,148,1
242,149,37
242,150,-96
242,151,-100
242,152,33
242,153,-6
242,154,-6
242,155,38
242,156,-47
242,157,59
242,158,-94
242,159,75
242,160,62
242,161,85
242,162,75
242,163,-2
242,164,-69
242,165,-86
242,166,-44
242,167,-16
242,168,-46
242,169,35
242,170,-55
242,171,-49
242,172,-56
242,173,16
242,174,16
242,175,35
242,176,-51
242,177,-39
242,178,-94
242,179,-38
242,180,15
242,181,21
242,182,51
242,183,10
242,184,-85
242,185,56
242,186,-53
242,187,-38
242,188,64
242,189,-40
242,190,-61
242,191,-36
242,192,-80
242,193,-2
242,194,-36
242,195,-8
242,196,24
242,197,3
242,198,44
242,199,93
242,200,26
242,201,-98
242,202,-63
242,203,96
242,204,-6
242,205,55
242,206,97
242,207,0
242,208,-13
242,209,-49
242,210,-75
242,211,69
242,212,-42
242,213,-58
242,214,-91
242,215,-36
242,216,-46
242,217,27
242,218,-19
242,219,-97
242,220,-84
242,221,53
242,222,-88
242,223,83
242,224,-25
242,225,28
242,226,20
242,227,-73
242,228,-90
242,229,62
242,230,13
242,231,-54
242,232,65
242,233,-100
242,234,-15
242,235,-2
242,236,7
242,237,90
242,238,57
242,239,-20
242,240,-75
242,241,74
242,242,-63
242,243,98
242,244,-24
242,245,-11
242,246,8
242,247,41
242,248,27
242,249,-54
242,250,-41
242,251,-84
242,252,91
242,253,-39
242,254,65
242,255,17
242,256,27
242,257,54
242,258,-84
242,259,40
242,260,-38
242,261,43
242,262,-68
242,263,-58
242,264,-80
242,265,-50
242,266,79
242,267,-95
242,268,22
242,269,68
242,270,-53
242,271,-21
242,272,-71
242,273,-13
242,274,18
242,275,21
242,276,-30
242,277,29
242,278,-12
242,279,-57
242,280,61
242,281,-47
242,282,97
242,283,-15
242,284,21
242,285,-20
242,286,-31
242,287,-82
242,288,-90
242,289,83
242,290,86
242,291,-14
242,292,-59
242,293,-10
242,294,75
242,295,-80
242,296,-69
242,297,32
242,298,36
242,299,-7
243,0,83
243,1,61
243,2,67
243,3,-19
243,4,-19
243,5,63
243,6,-64
243,7,-16
243,8,-90
243,9,30
243,10,-72
243,11,-22
243,12,-77
243,13,9
243,14,-79
243,15,-44
243,16,-38
243,17,-7
243,18,-40
243,19,-21
243,20,-10
243,21,-53
243,22,-44
243,23,-41
243,24,64
243,25,79
243,26,46
243,27,-32
243,28,-26
243,29,60
243,30,-40
243,31,70
243,32,-50
243,33,-86
243,34,20
243,35,-100
243,36,-84
243,37,94
243,38,-21
243,39,-22
243,40,18
243,41,-99
243,42,-16
243,43,46
243,44,63
243,45,-51
243,46,-52
243,47,23
243,48,96
243,49,84
243,50,6
243,51,87
243,52,87
243,53,9
243,54,18
243,55,-45
243,56,-86
243,57,5
243,58,-94
243,59,-59
243,60,-93
243,61,26
243,62,46
243,63,78
243,64,-99
243,65,-90
243,66,16
243,67,17
243,68,22
243,69,38
243,70,9
243,71,-27
243,72,65
243,73,73
243,74,-64
243,75,87
243,76,-19
243,77,51
243,78,-65
243,79,55
243,80,-74
243,81,78
243,82,-92
243,83,51
243,84,-100
243,85,-39
243,86,29
243,87,11
243,88,-8
243,89,26
243,90,-7
243,91,78
243,92,64
243,93,28
243,94,83
243,95,92
243,96,-39
243,97,-20
243,98,-35
243,99,-70
243,100,12
243,101,-48
243,102,-52
243,103,16
243,104,-41
243,105,0
243,106,-23
243,107,-46
243,108,73
243,109,-8
243,110,-18
243,111,-46
243,112,-20
243,113,-66
243,114,18
243,115,44
243,116,0
243,117,-18
243,118,27
243,119,-26
243,120,24
243,121,86
243,122,3
243,123,-63
243,124,-9
243,125,-32
243,126,35
243,127,-25
243,128,55
243,129,36
243,130,46
243,131,78
243,132,20
243,133,-40
243,134,-23
243,135,20
243,136,95
243,137,9
243,138,-41
243,139,71
243,140,-5
243,141,-8
243,142,-30
243,143,-98
243,144,19
243,145,26
243,146,-98
243,147,25
243,148,-68
243,149,64
243,150,15
243,151,-84
243,152,86
243,153,-33
243,154,55
243,155,5
243,156,57
243,157,36
243,158,15
243,159,46
243,160,-81
243,161,-74
243,162,65
243,163,37
243,164,79
243,165,58
243,166,53
243,167,-37
243,168,-38
243,169,81
243,170,12
243,171,-65
243,172,-28
243,173,12
243,174,24
243,175,18
243,176,24
243,177,-22
243,178,-32
243,179,75
243,180,9
243,181,-59
243,182,-41
243,183,-37
243,184,-38
243,185,-32
243,186,17
243,187,-20
243,188,-73
243,189,-14
243,190,49
243,191,-46
243,192,79
243,193,-96
243,194,-45
243,195,-88
243,196,7
243,197,-98
243,198,13
243,199,-40
243,200,-8
243,201,-87
243,202,3
243,203,-94
243,204,-97
243,205,-82
243,206,40
243,207,-85
243,208,-18
243,209,-58
243,210,-24
243,211,-60
243,212,-80
243,213,53
243,214,-17
243,215,55
243,216,-2
243,217,-59
243,218,5
243,219,61
243,220,-37
243,221,-51
243,222,52
243,223,-38
243,224,-85
243,225,-29
243,226,71
243,227,62
243,228,-14
243,229,-43
243,230,-3
243,231,82
243,232,-74
243,233,39
243,234,-17
243,235,65
243,236,34
243,237,56
243,238,-83
243,239,49
243,240,-3
243,241,-45
243,242,18
243,243,90
243,244,-24
243,245,80
243,246,3
243,247,97
243,248,94
243,249,-16
243,250,93
243,251,68
243,252,-89
243,253,-12
243,254,96
243,255,24
243,256,39
243,257,57
243,258,94
243,259,55
243,260,-78
243,261,50
243,262,-4
243,263,7
243,264,-41
243,265,-83
243,266,83
243,267,-36
243,268,-51
243,269,-58
243,270,-19
243,271,-74
243,272,-54
243,273,9
243,274,-18
243,275,-89
243,276,-72
243,277,-77
243,278,-78
243,279,95
243,280,-95
243,281,-63
243,282,-21
243,283,17
243,284,-16
243,285,90
243,286,15
243,287,-48
243,288,-34
243,289,40
243,290,96
243,291,-71
243,292,30
243,293,31
243,294,-69
243,295,-37
243,296,10
243,297,-77
243,298,45
243,299,-44
244,0,-72
244,1,-75
244,2,36
244,3,-57
244,4,18
244,5,-21
244,6,40
244,7,-40
244,8,-69
244,9,65
244,10,-80
244,11,53
244,12,-97
244,13,16
244,14,46
244,15,46
244,16,45
244,17,-33
244,18,-30
244,19,52
244,20,-51
244,21,81
244,22,31
244,23,-2
244,24,-23
244,25,-68
244,26,88
244,27,69
244,28,-76
244,29,-26
244,30,87
244,31,52
244,32,-75
244,33,59
244,34,49
244,35,-73
244,36,-91
244,37,2
244,38,25
244,39,-82
244,40,-39
244,41,43
244,42,-16
244,43,-51
244,44,-70
244,45,7
244,46,-44
244,47,-80
244,48,-86
244,49,26
244,50,-33
244,51,47
244,52,60
244,53,38
244,54,-97
244,55,41
244,56,59
244,57,-53
244,58,77
244,59,-31
244,60,-92
244,61,94
244,62,-91
244,63,75
244,64,-30
244,65,-6
244,66,6
244,67,-40
244,68,8
244,69,27
244,70,-63
244,71,-84
244,72,66
244,73,36
244,74,88
244,75,7
244,76,64
244,77,82
244,78,14
244,79,-7
244,80,-56
244,81,33
244,82,14
244,83,-85
244,84,26
244,85,23
244,86,92
244,87,-35
244,88,-69
244,89,-39
244,90,40
244,91,-28
244,92,-11
244,93,-44
244,94,2
244,95,23
244,96,3
244,97,99
244,98,-7
244,99,-4
244,100,-95
244,101,-75
244,102,45
244,103,99
244,104,-59
244,105,1
244,106,23
244,107,-58
244,108,-47
244,109,60
244,110,-71
244,111,34
244,112,12
244,113,15
244,114,-3
244,115,-100
244,116,-2
244,117,-23
244,118,25
244,119,47
244,120,-48
244,121,-9
244,122,58
244,123,42
244,124,-67
244,125,37
244,126,-28
244,127,93
244,128,-68
244,129,-32
244,130,31
244,131,-81
244,132,-62
244,133,97
244,134,-74
244,135,-38
244,136,-99
244,137,56
244,138,5
244,139,32
244,140,-60
244,141,89
244,142,36
244,143,-51
244,144,65
244,145,-75
244,146,-19
244,147,60
244,148,-16
244,149,93
244,150,27
244,151,23
244,152,7
244,153,47
244,154,-79
244,155,15
244,156,-7
244,157,-23
244,158,82
244,159,-34
244,160,96
244,161,68
244,162,-7
244,163,64
244,164,21
244,165,43
244,166,35
244,167,67
244,168,-33
244,169,-3
244,170,-39
244,171,-9
244,172,-48
244,173,22
244,174,-92
244,175,-49
244,176,-43
244,177,35
244,178,35
244,179,99
244,180,-72
244,181,-81
244,182,42
244,183,-17
244,184,-80
244,185,72
244,186,74
244,187,74
244,188,-75
244,189,85
244,190,-80
244,191,45
244,192,-54
244,193,-18
244,194,-90
244,195,-82
244,196,1
244,197,32
244,198,-21
244,199,65
244,200,-31
244,201,-34
244,202,-7
244,203,-40
244,204,17
244,205,-9
244,206,-8
244,207,-44
244,208,-55
244,209,2
244,210,-29
244,211,25
244,212,81
244,213,-46
244,214,29
244,215,-72
244,216,8
244,217,50
244,218,-52
244,219,92
244,220,-57
244,221,60
244,222,24
244,223,35
244,224,92
244,225,-15
244,226,97
244,227,56
244,228,-36
244,229,58
244,230,83
244,231,-61
244,232,-72
244,233,99
244,234,-36
244,235,82
244,236,11
244,237,-61
244,238,-55
244,239,26
244,240,-94
244,241,40
244,242,-90
244,243,39
244,244,-36
244,245,17
244,246,22
244,247,-32
244,248,38
244,249,62
244,250,-60
244,251,-27
244,252,-43
244,253,-87
244,254,-71
244,255,14
244,256,9
244,257,94
244,258,-41
244,259,20
244,260,4
244,261,83
244,262,64
244,263,-94
244,264,-47
244,265,42
244,266,91
244,267,-45
244,268,4
244,269,25
244,270,-35
244,271,-31
244,272,-83
244,273,9
244,274,-59
244,275,81
244,276,-62
244,277,-97
244,278,-98
244,279,-37
244,280,-83
244,281,16
244,282,89
244,283,3
244,284,80
244,285,-86
244,286,-27
244,287,89
244,288,-5
244,289,47
244,290,41
244,291,-7
244,292,9
244,293,20
244,294,49
244,295,-79
244,296,34
244,297,-89
244,298,-82
244,299,92
245,0,14
245,1,-63
245,2,55
245,3,-80
245,4,20
245,5,66
245,6,52
245,7,33
245,8,64
245,9,62
245,10,34
245,11,67
245,12,68
245,13,41
245,14,-72
245,15,22
245,16,42
245,17,-69
245,18,-47
245,19,-50
245,20,-94
245,21,-31
245,22,-99
245,23,-91
245,24,12
245,25,-52
245,26,38
245,27,84
245,28,76
245,29,76
245,30,0
245,31,91
245,32,27
245,33,79
245,34,20
245,35,-33
245,36,-17
245,37,90
245,38,-17
245,39,-71
245,40,-37
245,41,36
245,42,-93
245,43,-94
245,44,-33
245,45,16
245,46,-23
245,47,-70
245,48,0
245,49,14
245,50,-55
245,51,81
245,52,57
245,53,-73
245,54,85
245,55,-30
245,56,-17
245,57,-68
245,58,-95
245,59,6
245,60,0
245,61,-28
245,62,-72
245,63,44
245,64,91
245,65,69
245,66,-95
245,67,-28
245,68,-58
245,69,64
245,70,-2
245,71,-95
245,72,51
245,73,76
245,74,-6
245,75,-26
245,76,31
245,77,15
245,78,23
245,79,-78
245,80,43
245,81,-4
245,82,72
245,83,-11
245,84,60
245,85,-73
245,86,-62
245,87,-74
245,88,7
245,89,14
245,90,30
245,91,35
245,92,-27
245,93,15
245,94,-74
245,95,20
245,96,-53
245,97,-26
245,98,-35
245,99,19
245,100,-59
245,101,-65
245,102,69
245,103,-2
245,104,-38
245,105,25
245,106,36
245,107,-80
245,108,-90
245,109,88
245,110,74
245,111,95
245,112,55
245,113,-46
245,114,-41
245,115,32
245,116,92
245,117,0
245,118,51
245,119,64
245,120,-30
245,121,-7
245,122,22
245,123,-38
245,124,94
245,125,48
245,126,-97
245,127,27
245,128,15
245,129,47
245,130,61
245,131,-56
245,132,-83
245,133,74
245,134,-74
245,135,-39
245,136,98
245,137,-13
245,138,92
245,139,-10
245,140,-23
245,141,42
245,142,-81
245,143,-78
245,144,93
245,145,-27
245,146,-21
245,147,20
245,148,-79
245,149,54
245,150,-42
245,151,-16
245,152,80
245,153,-51
245,154,55
245,155,51
245,156,-40
245,157,21
245,158,87
245,159,-5
245,160,-51
245,161,46
245,162,54
245,163,-33
245,164,-14
245,165,-26
245,166,-100
245,167,12
245,168,-34
245,169,-53
245,170,53
245,171,-78
245,172,-21
245,173,-23
245,174,37
245,175,-29
245,176,-27
245,177,-17
245,178,-44
245,179,9
245,180,-52
245,181,53
245,182,-39
245,183,-86
245,184,59
245,185,46
245,186,-47
245,187,40
245,188,-25
245,189,47
245,190,-6
245,191,-83
245,192,79
245,193,13
245,194,23
245,195,26
245,196,17
245,197,14
245,198,83
245,199,59
245,200,-12
245,201,-25
245,202,15
245,203,45
245,204,-52
245,205,-75
245,206,64
245,207,-3
245,208,28
245,209,4
245,210,-17
245,211,22
245,212,36
245,213,86
245,214,87
245,215,-76
245,216,-99
245,217,34
245,218,-21
245,219,-42
245,220,23
245,221,-85
245,222,-80
245,223,-28
245,224,-84
245,225,76
245,226,20
245,227,60
245,228,-3
245,229,-66
245,230,-63
245,231,-86
245,232,66
245,233,72
245,234,44
245,235,33
245,236,74
245,237,-1
245,238,36
245,239,-23
245,240,-100
245,241,-76
245,242,95
245,243,20
245,244,66
245,245,-49
245,246,41
245,247,-54
245,248,91
245,249,-6
245,250,-79
245,251,24
245,252,-34
245,253,17
245,254,-41
245,255,-29
245,256,-70
245,257,-79
245,258,80
245,259,-31
245,260,-18
245,261,-61
245,262,-30
245,263,-13
245,264,-29
245,265,-82
245,266,-35
245,267,-22
245,268,57
245,269,-84
245,270,-2
245,271,-77
245,272,8
245,273,-59
245,274,-96
245,275,42
245,276,2
245,277,-14
245,278,80
245,279,-78
245,280,7
245,281,22
245,282,-4
245,283,-73
245,284,62
245,285,-9
245,286,-21
245,287,-65
245,288,-14
245,289,-15
245,290,-45
245,291,-30
245,292,-60
245,293,-55
245,294,-96
245,295,19
245,296,-67
245,297,60
245,298,63
245,299,40
246,0,91
246,1,61
246,2,-97
246,3,-9
246,4,-21
246,5,-10
246,6,66
246,7,20
246,8,48
246,9,-96
246,10,-38
246,11,-8
246,12,-48
246,13,25
246,14,-75
246,15,52
246,16,-44
246,17,-25
246,18,47
246,19,-10
246,20,25
246,21,5
246,22,44
246,23,-82
246,24,-19
246,25,-78
246,26,-92
246,27,-2
246,28,-99
246,29,60
246,30,-4
246,31,-56
246,32,40
246,33,-96
246,34,94
246,35,90
246,36,93
246,37,35
246,38,-38
246,39,-79
246,40,-28
246,41,-71
246,42,31
246,43,11
246,44,58
246,45,-74
246,46,-36
246,47,-3
246,48,80
246,49,60
246,50,-82
246,51,-30
246,52,-23
246,53,1
246,54,-8
246,55,95
246,56,-76
246,57,-72
246,58,-41
246,59,22
246,60,4
246,61,54
246,62,69
246,63,-67
246,64,-50
246,65,24
246,66,23
246,67,55
246,68,54
246,69,9
246,70,-39
246,71,-64
246,72,-42
246,73,86
246,74,69
246,75,33
246,76,-61
246,77,29
246,78,-79
246,79,47
246,80,27
246,81,-10
246,82,40
246,83,-87
246,84,10
246,85,-8
246,86,-58
246,87,73
246,88,53
246,89,10
246,90,-51
246,91,-79
246,92,-32
246,93,-76
246,94,-18
246,95,19
246,96,-13
246,97,-56
246,98,37
246,99,90
246,100,40
246,101,-62
246,102,74
246,103,-19
246,104,21
246,105,5
246,106,-1
246,107,-19
246,108,-54
246,109,7
246,110,50
246,111,67
246,112,-72
246,113,-54
246,114,-92
246,115,56
246,116,-50
246,117,-94
246,118,59
246,119,-15
246,120,4
246,121,17
246,122,-61
246,123,-87
246,124,47
246,125,-20
246,126,-13
246,127,-67
246,128,37
246,129,14
246,130,4
246,131,45
246,132,-12
246,133,-3
246,134,-56
246,135,-60
246,136,-94
246,137,18
246,138,-48
246,139,23
246,140,37
246,141,-72
246,142,88
246,143,15
246,144,32
246,145,17
246,146,52
246,147,-80
246,148,-95
246,149,-36
246,150,-34
246,151,-87
246,152,-89
246,153,37
246,154,-76
246,155,-97
246,156,-83
246,157,-94
246,158,32
246,159,-20
246,160,47
246,161,-4
246,162,47
246,163,11
246,164,-65
246,165,-80
246,166,-80
246,167,74
246,168,-4
246,169,-46
246,170,-93
246,171,-1
246,172,-84
246,173,-69
246,174,-5
246,175,49
246,176,14
246,177,61
246,178,-87
246,179,82
246,180,92
246,181,-10
246,182,0
246,183,-81
246,184,31
246,185,29
246,186,10
246,187,62
246,188,16
246,189,5
246,190,-44
246,191,77
246,192,-15
246,193,39
246,194,10
246,195,96
246,196,-12
246,197,82
246,198,-58
246,199,47
246,200,-60
246,201,-70
246,202,1
246,203,49
246,204,-13
246,205,74
246,206,-79
246,207,-90
246,208,88
246,209,85
246,210,-14
246,211,-17
246,212,42
246,213,-40
246,214,-10
246,215,83
246,216,65
246,217,23
246,218,-94
246,219,64
246,220,-42
246,221,-73
246,222,83
246,223,29
246,224,27
246,225,50
246,226,-88
246,227,21
246,228,-88
246,229,-64
246,230,-26
246,231,51
246,232,-40
246,233,65
246,234,79
246,235,-39
246,236,-86
246,237,-25
246,238,3
246,239,-20
246,240,-58
246,241,-92
246,242,1
246,243,8
246,244,-15
246,245,-30
246,246,-80
246,247,31
246,248,13
246,249,37
246,250,7
246,251,37
246,252,-57
246,253,-35
246,254,42
246,255,-18
246,256,-85
246,257,-64
246,258,48
246,259,11
246,260,-99
246,261,-81
246,262,-81
246,263,-45
246,264,32
246,265,-65
246,266,99
246,267,7
246,268,63
246,269,-44
246,270,-43
246,271,62
246,272,-24
246,273,-87
246,274,-38
246,275,48
246,276,68
246,277,-73
246,278,66
246,279,-54
246,280,69
246,281,-71
246,282,-40
246,283,-70
246,284,-21
246,285,-98
246,286,-77
246,287,26
246,288,-71
246,289,-51
246,290,-77
246,291,-26
246,292,-36
246,293,3
246,294,-100
246,295,62
246,296,95
246,297,-97
246,298,87
246,299,-66
247,0,33
247,1,21
247,2,-67
247,3,5
247,4,-72
247,5,71
247,6,89
247,7,88
247,8,-96
247,9,51
247,10,-18
247,11,-36
247,12,-2
247,13,-59
247,14,-39
247,15,-33
247,16,-7
247,17,-100
247,18,21
247,19,85
247,20,18
247,21,58
247,22,73
247,23,10
247,24,-19
247,25,-29
247,26,-57
247,27,-31
247,28,87
247,29,51
247,30,-37
247,31,-20
247,32,-76
247,33,-58
247,34,71
247,35,-34
247,36,46
247,37,14
247,38,31
247,39,-91
247,40,27
247,41,82
247,42,72
247,43,60
247,44,68
247,45,81
247,46,-57
247,47,-13
247,48,-14
247,49,85
247,50,77
247,51,38
247,52,-24
247,53,32
247,54,20
247,55,42
247,56,-40
247,57,-55
247,58,65
247,59,-17
247,60,27
247,61,43
247,62,-91
247,63,-82
247,64,-7
247,65,-77
247,66,50
247,67,-15
247,68,55
247,69,8
247,70,53
247,71,-47
247,72,-20
247,73,-52
247,74,-31
247,75,42
247,76,40
247,77,-16
247,78,29
247,79,-50
247,80,-54
247,81,-99
247,82,-29
247,83,21
247,84,91
247,85,-9
247,86,-75
247,87,-83
247,88,69
247,89,-56
247,90,71
247,91,-31
247,92,-1
247,93,-35
247,94,18
247,95,66
247,96,6
247,97,-40
247,98,-19
247,99,66
247,100,-16
247,101,-97
247,102,-62
247,103,-67
247,104,40
247,105,-25
247,106,81
247,107,-2
247,108,-64
247,109,-6
247,110,-36
247,111,-59
247,112,-24
247,113,-79
247,114,87
247,115,-27
247,116,29
247,117,-97
247,118,63
247,119,-78
247,120,75
247,121,6
247,122,-36
247,123,1
247,124,18
247,125,20
247,126,78
247,127,60
247,128,-55
247,129,33
247,130,67
247,131,99
247,132,47
247,133,-42
247,134,-13
247,135,-67
247,136,-54
247,137,-4
247,138,9
247,139,-54
247,140,29
247,141,2
247,142,81
247,143,75
247,144,53
247,145,-86
247,146,65
247,147,47
247,148,97
247,149,40
247,150,-70
247,151,-50
247,152,-12
247,153,23
247,154,-35
247,155,83
247,156,78
247,157,1
247,158,64
247,159,3
247,160,2
247,161,67
247,162,-96
247,163,-31
247,164,14
247,165,-86
247,166,58
247,167,-83
247,168,89
247,169,81
247,170,-40
247,171,-8
247,172,15
247,173,93
247,174,17
247,175,14
247,176,-56
247,177,43
247,178,82
247,179,-36
247,180,27
247,181,-45
247,182,63
247,183,-83
247,184,-17
247,185,-42
247,186,21
247,187,-99
247,188,-21
247,189,92
247,190,-54
247,191,-7
247,192,-55
247,193,-27
247,194,-64
247,195,-75
247,196,-88
247,197,66
247,198,-29
247,199,-42
247,200,-74
247,201,7
247,202,28
247,203,1
247,204,58
247,205,-66
247,206,-61
247,207,-24
247,208,-87
247,209,-94
247,210,-96
247,211,59
247,212,-27
247,213,17
247,214,-63
247,215,60
247,216,-34
247,217,-74
247,218,-74
247,219,71
247,220,93
247,221,27
247,222,32
247,223,-31
247,224,85
247,225,-31
247,226,40
247,227,12
247,228,-53
247,229,-96
247,230,-86
247,231,-55
247,232,19
247,233,46
247,234,41
247,235,-73
247,236,77
247,237,-93
247,238,94
247,239,-2
247,240,-69
247,241,-42
247,242,96
247,243,-47
247,244,-70
247,245,14
247,246,-58
247,247,84
247,248,-20
247,249,2
247,250,-20
247,251,-8
247,252,-16
247,253,31
247,254,4
247,255,34
247,256,-34
247,257,32
247,258,48
247,259,77
247,260,35
247,261,4
247,262,-60
247,263,-21
247,264,89
247,265,-36
247,266,-5
247,267,-18
247,268,-96
247,269,72
247,270,-79
247,271,-79
247,272,-96
247,273,91
247,274,-100
247,275,96
247,276,45
247,277,-56
247,278,-20
247,279,27
247,280,32
247,281,82
247,282,-1
247,283,67
247,284,69
247,285,83
247,286,-47
247,287,-59
247,288,91
247,289,34
247,290,-62
247,291,71
247,292,89
247,293,11
247,294,0
247,295,-19
247,296,-24
247,297,-95
247,298,72
247,299,-21
248,0,-65
248,1,-23
248,2,68
248,3,68
248,4,60
248,5,4
248,6,-25
248,7,92
248,8,-64
248,9,-91
248,10,79
248,11,-30
248,12,-1
248,13,93
248,14,45
248,15,-62
248,16,-99
248,17,-96
248,18,-28
248,19,92
248,20,-36
248,21,34
248,22,72
248,23,52
248,24,-13
248,25,-35
248,26,-75
248,27,-99
248,28,-14
248,29,24
248,30,-88
248,31,-17
248,32,-81
248,33,-1
248,34,67
248,35,93
248,36,34
248,37,16
248,38,-77
248,39,56
248,40,76
248,41,-38
248,42,-85
248,43,70
248,44,9
248,45,69
248,46,91
248,47,-57
248,48,-44
248,49,-60
248,50,-3
248,51,27
248,52,-83
248,53,16
248,54,-49
248,55,-96
248,56,-43
248,57,90
248,58,-95
248,59,-19
248,60,92
248,61,-62
248,62,-32
248,63,-3
248,64,-30
248,65,37
248,66,-57
248,67,15
248,68,-61
248,69,48
248,70,50
248,71,-6
248,72,86
248,73,58
248,74,46
248,75,-11
248,76,66
248,77,45
248,78,63
248,79,-16
248,80,71
248,81,-74
248,82,36
248,83,78
248,84,92
248,85,6
248,86,18
248,87,77
248,88,-94
248,89,-14
248,90,-99
248,91,60
248,92,29
248,93,-63
248,94,-68
248,95,2
248,96,-50
248,97,9
248,98,-29
248,99,-56
248,100,-10
248,101,-46
248,102,-46
248,103,28
248,104,-70
248,105,75
248,106,-43
248,107,23
248,108,46
248,109,1
248,110,-77
248,111,-50
248,112,11
248,113,29
248,114,-99
248,115,-80
248,116,-52
248,117,78
248,118,92
248,119,-100
248,120,14
248,121,-30
248,122,42
248,123,0
248,124,57
248,125,5
248,126,-67
248,127,-37
248,128,-38
248,129,-94
248,130,-95
248,131,50
248,132,2
248,133,89
248,134,78
248,135,-70
248,136,-46
248,137,-15
248,138,34
248,139,-8
248,140,34
248,141,51
248,142,-90
248,143,62
248,144,-40
248,145,-65
248,146,63
248,147,-2
248,148,68
248,149,96
248,150,86
248,151,52
248,152,-37
248,153,-17
248,154,-6
248,155,92
248,156,-7
248,157,-76
248,158,-12
248,159,21
248,160,-52
248,161,-77
248,162,17
248,163,-79
248,164,-2
248,165,97
248,166,96
248,167,48
248,168,37
248,169,5
248,170,-23
248,171,-24
248,172,16
248,173,-1
248,174,93
248,175,-74
248,176,74
248,177,87
248,178,87
248,179,-39
248,180,-9
248,181,55
248,182,-96
248,183,-53
248,184,-36
248,185,-13
248,186,-80
248,187,-60
248,188,12
248,189,73
248,190,88
248,191,-79
248,192,-54
248,193,-55
248,194,-7
248,195,-23
248,196,-75
248,197,-89
248,198,-57
248,199,49
248,200,-63
248,201,84
248,202,61
248,203,37
248,204,-80
248,205,-13
248,206,-38
248,207,41
248,208,56
248,209,10
248,210,-58
248,211,-41
248,212,71
248,213,94
248,214,26
248,215,-20
248,216,78
248,217,81
248,218,59
248,219,-24
248,220,-3
248,221,-81
248,222,-3
248,223,-85
248,224,21
248,225,23
248,226,-54
248,227,16
248,228,-18
248,229,-90
248,230,34
248,231,2
248,232,-46
248,233,-47
248,234,-44
248,235,-80
248,236,-2
248,237,-40
248,238,-15
248,239,14
248,240,-79
248,241,-98
248,242,71
248,243,-94
248,244,-28
248,245,-63
248,246,-55
248,247,-30
248,248,54
248,249,-86
248,250,-49
248,251,15
248,252,-24
248,253,-26
248,254,32
248,255,86
248,256,-26
248,257,86
248,258,-98
248,259,-71
248,260,56
248,261,-18
248,262,28
248,263,-31
248,264,6
248,265,-75
248,266,78
248,267,-48
248,268,-23
248,269,27
248,270,-99
248,271,-87
248,272,70
248,273,5
248,274,-34
248,275,24
248,276,-7
248,277,76
248,278,-32
248,279,64
248,280,-68
248,281,-27
248,282,68
248,283,-19
248,284,48
248,285,33
248,286,92
248,287,-6
248,288,-37
248,289,74
248,290,39
248,291,67
248,292,-86
248,293,-51
248,294,-13
248,295,30
248,296,-74
248,297,67
248,298,98
248,299,-3
249,0,-20
249,1,-88
249,2,13
249,3,18
249,4,41
249,5,26
249,6,88
249,7,53
249,8,-10
249,9,4
249,10,-75
249,11,71
249,12,-98
249,13,42
249,14,-93
249,15,35
249,16,66
249,17,-49
249,18,80
249,19,-53
249,20,63
249,21,63
249,22,-67
249,23,-31
249,24,-37
249,25,-9
249,26,20
249,27,-39
249,28,-17
249,29,-13
249,30,-88
249,31,96
249,32,-34
249,33,76
249,34,-46
249,35,-29
249,36,-90
249,37,71
249,38,28
249,39,57
249,40,88
249,41,-51
249,42,3
249,43,-94
249,44,31
249,45,-26
249,46,57
249,47,-65
249,48,-72
249,49,55
249,50,-83
249,51,40
249,52,-84
249,53,39
249,54,96
249,55,53
249,56,71
249,57,94
249,58,-31
249,59,41
249,60,-56
249,61,21
249,62,79
249,63,7
249,64,-11
249,65,77
249,66,-96
249,67,66
249,68,-94
249,69,-67
249,70,-18
249,71,-24
249,72,-1
249,73,68
249,74,-10
249,75,-24
249,76,78
249,77,-55
249,78,-53
249,79,38
249,80,73
249,81,86
249,82,77
249,83,35
249,84,6
249,85,-2
249,86,69
249,87,75
249,88,49
249,89,64
249,90,-73
249,91,45
249,92,91
249,93,24
249,94,-11
249,95,-33
249,96,80
249,97,28
249,98,-4
249,99,-95
249,100,-22
249,101,10
249,102,-57
249,103,-7
249,104,-8
249,105,52
249,106,22
249,107,-37
249,108,-21
249,109,-79
249,110,92
249,111,-84
249,112,40
249,113,20
249,114,44
249,115,-72
249,116,-90
249,117,31
249,118,38
249,119,38
249,120,-35
249,121,49
249,122,-94
249,123,78
249,124,6
249,125,-82
249,126,1
249,127,18
249,128,48
249,129,15
249,130,-34
249,131,61
249,132,97
249,133,-74
249,134,-32
249,135,-34
249,136,-76
249,137,-1
249,138,-95
249,139,84
249,140,-75
249,141,-92
249,142,88
249,143,-35
249,144,-85
249,145,1
249,146,9
249,147,-28
249,148,82
249,149,-62
249,150,76
249,151,48
249,152,68
249,153,-6
249,154,-51
249,155,-80
249,156,-96
249,157,-65
249,158,24
249,159,-13
249,160,92
249,161,-11
249,162,53
249,163,8
249,164,-27
249,165,-1
249,166,99
249,167,97
249,168,-4
249,169,-82
249,170,-8
249,171,-64
249,172,94
249,173,-43
249,174,-37
249,175,84
249,176,-60
249,177,-57
249,178,51
249,179,36
249,180,-94
249,181,-86
249,182,-37
249,183,-87
249,184,85
249,185,-7
249,186,-52
249,187,-72
249,188,74
249,189,8
249,190,45
249,191,-82
249,192,-40
249,193,36
249,194,83
249,195,34
249,196,-74
249,197,-70
249,198,73
249,199,-71
249,200,3
249,201,-67
249,202,1
249,203,76
249,204,-71
249,205,-91
249,206,-20
249,207,21
249,208,-21
249,209,-21
249,210,51
249,211,20
249,212,-69
249,213,35
249,214,87
249,215,-28
249,216,-34
249,217,91
249,218,-53
249,219,69
249,220,-64
249,221,37
249,222,-22
249,223,50
249,224,-24
249,225,76
249,226,-72
249,227,-6
249,228,23
249,229,16
249,230,99
249,231,40
249,232,40
249,233,-9
249,234,-76
249,235,67
249,236,56
249,237,-75
249,238,63
249,239,20
249,240,-33
249,241,48
249,242,-23
249,243,29
249,244,-14
249,245,-16
249,246,-7
249,247,47
249,248,-5
249,249,50
249,250,84
249,251,78
249,252,-69
249,253,25
249,254,-41
249,255,23
249,256,-86
249,257,51
249,258,4
249,259,4
249,260,-50
249,261,58
249,262,-37
249,263,96
249,264,64
249,265,50
249,266,17
249,267,-100
249,268,4
249,269,55
249,270,26
249,271,33
249,272,76
249,273,-9
249,274,10
249,275,33
249,276,74
249,277,67
249,278,3
249,279,16
249,280,52
249,281,89
249,282,50
249,283,-53
249,284,-42
249,285,-60
249,286,21
249,287,75
249,288,-29
249,289,-26
249,290,10
249,291,-6
249,292,-94
249,293,-30
249,294,83
249,295,-61
249,296,17
249,297,91
249,298,-52
249,299,55
250,0,-62
250,1,54
250,2,4
250,3,92
250,4,86
250,5,52
250,6,49
250,7,-33
250,8,28
250,9,-3
250,10,31
250,11,-73
250,12,4
250,13,58
250,14,-8
250,15,65
250,16,80
250,17,70
250,18,45
250,19,-33
250,20,-20
250,21,12
250,22,6
250,23,18
250,24,-8
250,25,-39
250,26,2
250,27,-1
250,28,34
250,29,50
250,30,-34
250,31,-3
250,32,30
250,33,17
250,34,-37
250,35,-74
250,36,-34
250,37,35
250,38,62
250,39,-34
250,40,-96
250,41,-90
250,42,44
250,43,-90
250,44,-83
250,45,-72
250,46,40
250,47,-10
250,48,36
250,49,-73
250,50,-17
250,51,71
250,52,-1
250,53,30
250,54,-32
250,55,73
250,56,53
250,57,94
250,58,-13
250,59,27
250,60,28
250,61,-46
250,62,-75
250,63,22
250,64,-85
250,65,12
250,66,6
250,67,31
250,68,-62
250,69,66
250,70,-96
250,71,-4
250,72,-70
250,73,25
250,74,-7
250,75,-43
250,76,-66
250,77,-65
250,78,-46
250,79,20
250,80,-7
250,81,-32
250,82,82
250,83,-33
250,84,41
250,85,76
250,86,-43
250,87,34
250,88,59
250,89,-25
250,90,49
250,91,24
250,92,-26
250,93,36
250,94,4
250,95,17
250,96,7
250,97,-94
250,98,-70
250,99,-32
250,100,33
250,101,-1
250,102,7
250,103,24
250,104,-1
250,105,92
250,106,8
250,107,-64
250,108,90
250,109,-52
250,110,-53
250,111,-75
250,112,-90
250,113,-62
250,114,85
250,115,63
250,116,42
250,117,83
250,118,82
250,119,-51
250,120,-38
250,121,58
250,122,72
250,123,-53
250,124,41
250,125,-96
250,126,-1
250,127,17
250,128,63
250,129,-36
250,130,-9
250,131,94
250,132,98
250,133,-27
250,134,-42
250,135,41
250,136,33
250,137,-98
250,138,-99
250,139,-17
250,140,50
250,141,42
250,142,8
250,143,99
250,144,6
250,145,25
250,146,52
250,147,-92
250,148,26
250,149,39
250,150,-96
250,151,-47
250,152,69
250,153,76
250,154,-61
250,155,-20
250,156,-95
250,157,36
250,158,-73
250,159,92
250,160,-47
250,161,-14
250,162,-81
250,163,66
250,164,40
250,165,-14
250,166,-80
250,167,-74
250,168,41
250,169,47
250,170,56
250,171,74
250,172,-36
250,173,53
250,174,-62
250,175,-46
250,176,60
250,177,-14
250,178,59
250,179,62
250,180,50
250,181,-45
250,182,34
250,183,-42
250,184,-100
250,185,6
250,186,-26
250,187,28
250,188,41
250,189,-68
250,190,-48
250,191,-11
250,192,-97
250,193,78
250,194,-19
250,195,-89
250,196,96
250,197,91
250,198,64
250,199,1
250,200,-61
250,201,22
250,202,39
250,203,-17
250,204,3
250,205,96
250,206,36
250,207,-73
250,208,91
250,209,-24
250,210,5
250,211,66
250,212,-80
250,213,-51
250,214,-37
250,215,-2
250,216,23
250,217,-54
250,218,-21
250,219,35
250,220,88
250,221,28
250,222,-74
250,223,-43
250,224,-23
250,225,30
250,226,-68
250,227,51
250,228,14
250,229,-64
250,230,59
250,231,-77
250,232,-21
250,233,-76
250,234,53
250,235,-60
250,236,-19
250,237,-27
250,238,-68
250,239,78
250,240,-91
250,241,-10
250,242,31
250,243,-41
250,244,14
250,245,-47
250,246,-33
250,247,-86
250,248,-22
250,249,90
250,250,93
250,251,67
250,252,-86
250,253,28
250,254,77
250,255,-51
250,256,11
250,257,-56
250,258,89
250,259,54
250,260,-89
250,261,-57
250,262,99
250,263,-62
250,264,-3
250,265,12
250,266,-83
250,267,90
250,268,-68
250,269,44
250,270,34
250,271,-69
250,272,-65
250,273,84
250,274,35
250,275,-11
250,276,77
250,277,-20
250,278,22
250,279,-38
250,280,-99
250,281,-71
250,282,-35
250,283,-78
250,284,-98
250,285,74
250,286,62
250,287,25
250,288,89
250,289,52
250,290,29
250,291,-43
250,292,80
250,293,78
250,294,31
250,295,38
250,296,-3
250,297,25
250,298,94
250,299,-1
251,0,-2
251,1,18
251,2,14
251,3,98
251,4,9
251,5,-48
251,6,-77
251,7,-13
251,8,85
251,9,-98
251,10,-13
251,11,37
251,12,60
251,13,77
251,14,-35
251,15,30
251,16,-41
251,17,-20
251,18,10
251,19,42
251,20,3
251,21,-48
251,22,-42
251,23,-72
251,24,59
251,25,-77
251,26,92
251,27,-42
251,28,-5
251,29,8
251,30,-37
251,31,56
251,32,86
251,33,-5
251,34,-70
251,35,-49
251,36,59
251,37,61
251,38,-74
251,39,-58
251,40,-85
251,41,-22
251,42,-49
251,43,11
251,44,12
251,45,-10
251,46,-50
251,47,47
251,48,84
251,49,62
251,50,56
251,51,-50
251,52,-55
251,53,-93
251,54,97
251,55,-28
251,56,-99
251,57,98
251,58,-91
251,59,-12
251,60,32
251,61,50
251,62,29
251,63,65
251,64,-44
251,65,44
251,66,22
251,67,-44
251,68,11
251,69,-52
251,70,0
251,71,41
251,72,94
251,73,42
251,74,97
251,75,97
251,76,-46
251,77,-16
251,78,22
251,79,35
251,80,-5
251,81,-23
251,82,-87
251,83,26
251,84,41
251,85,12
251,86,11
251,87,-57
251,88,-66
251,89,-50
251,90,18
251,91,-77
251,92,18
251,93,53
251,94,-51
251,95,-64
251,96,59
251,97,-93
251,98,-91
251,99,26
251,100,-11
251,101,2
251,102,89
251,103,4
251,104,-97
251,105,56
251,106,-80
251,107,11
251,108,-8
251,109,70
251,110,63
251,111,-97
251,112,-55
251,113,62
251,114,59
251,115,75
251,116,42
251,117,-2
251,118,14
251,119,22
251,120,-54
251,121,23
251,122,-57
251,123,-67
251,124,59
251,125,-89
251,126,-75
251,127,3
251,128,38
251,129,-93
251,130,-20
251,131,45
251,132,91
251,133,10
251,134,-51
251,135,-43
251,136,-15
251,137,-92
251,138,75
251,139,-51
251,140,-66
251,141,-56
251,142,-42
251,143,-9
251,144,11
251,145,63
251,146,9
251,147,50
251,148,-49
251,149,11
251,150,-19
251,151,-1
251,152,-2
251,153,28
251,154,74
251,155,-65
251,156,15
251,157,-93
251,158,-29
251,159,14
251,160,43
251,161,94
251,162,29
251,163,50
251,164,90
251,165,15
251,166,-61
251,167,95
251,168,96
251,169,25
251,170,50
251,171,-62
251,172,24
251,173,67
251,174,-32
251,175,-15
251,176,17
251,177,-70
251,178,28
251,179,99
251,180,18
251,181,56
251,182,-58
251,183,-19
251,184,51
251,185,-19
251,186,84
251,187,43
251,188,-98
251,189,94
251,190,-74
251,191,7
251,192,-65
251,193,14
251,194,-59
251,195,-73
251,196,68
251,197,-64
251,198,95
251,199,-52
251,200,77
251,201,19
251,202,90
251,203,47
251,204,0
251,205,66
251,206,-65
251,207,-28
251,208,63
251,209,5
251,210,-20
251,211,99
251,212,99
251,213,-35
251,214,-78
251,215,56
251,216,-27
251,217,27
251,218,83
251,219,-57
251,220,64
251,221,27
251,222,52
251,223,53
251,224,-70
251,225,-5
251,226,26
251,227,-40
251,228,-76
251,229,19
251,230,-66
251,231,-2
251,232,-22
251,233,-65
251,234,2
251,235,28
251,236,92
251,237,2
251,238,42
251,239,9
251,240,67
251,241,-72
251,242,-12
251,243,79
251,244,44
251,245,13
251,246,-13
251,247,-78
251,248,22
251,249,50
251,250,-25
251,251,21
251,252,-55
251,253,30
251,254,52
251,255,66
251,256,34
251,257,-66
251,258,12
251,259,52
251,260,-34
251,261,40
251,262,60
251,263,77
251,264,-30
251,265,-86
251,266,11
251,267,13
251,268,74
251,269,-4
251,270,87
251,271,88
251,272,33
251,273,79
251,274,-60
251,275,-60
251,276,-8
251,277,77
251,278,-98
251,279,84
251,280,83
251,281,2
251,282,-82
251,283,-85
251,284,-42
251,285,-73
251,286,85
251,287,18
251,288,-33
251,289,-67
251,290,-85
251,291,1
251,292,-72
251,293,-17
251,294,52
251,295,78
251,296,-83
251,297,19
251,298,68
251,299,-80
252,0,-99
252,1,-91
252,2,50
252,3,39
252,4,31
252,5,14
252,6,44
252,7,75
252,8,-94
252,9,28
252,10,-13
252,11,-54
252,12,-65
252,13,-52
252,14,-26
252,15,-6
252,16,-9
252,17,57
252,18,65
252,19,24
252,20,-56
252,21,46
252,22,60
252,23,91
252,24,70
252,25,19
252,26,14
252,27,-69
252,28,97
252,29,95
252,30,-93
252,31,98
252,32,-87
252,33,-76
252,34,7
252,35,71
252,36,96
252,37,-42
252,38,32
252,39,-28
252,40,-94
252,41,45
252,42,-4
252,43,-66
252,44,89
252,45,-84
252,46,79
252,47,-2
252,48,-54
252,49,-21
252,50,77
252,51,-85
252,52,34
252,53,11
252,54,-83
252,55,75
252,56,80
252,57,-28
252,58,90
252,59,59
252,60,-70
252,61,53
252,62,35
252,63,-30
252,64,16
252,65,21
252,66,-56
252,67,89
252,68,59
252,69,-36
252,70,44
252,71,79
252,72,-17
252,73,85
252,74,67
252,75,-77
252,76,-56
252,77,-97
252,78,50
252,79,94
252,80,-71
252,81,59
252,82,-100
252,83,0
252,84,34
252,85,54
252,86,24
252,87,0
252,88,-35
252,89,-18
252,90,-71
252,91,-92
252,92,50
252,93,30
252,94,44
252,95,97
252,96,-9
252,97,-53
252,98,97
252,99,-23
252,100,81
252,101,-33
252,102,-11
252,103,10
252,104,-8
252,105,-53
252,106,35
252,107,-3
252,108,78
252,109,-41
252,110,-36
252,111,31
252,112,-87
252,113,-69
252,114,-39
252,115,5
252,116,28
252,117,76
252,118,-23
252,119,63
252,120,-98
252,121,-81
252,122,31
252,123,-82
252,124,-4
252,125,-52
252,126,80
252,127,-52
252,128,-89
252,129,43
252,130,40
252,131,67
252,132,-79
252,133,-86
252,134,-78
252,135,21
252,136,-14
252,137,-5
252,138,35
252,139,72
252,140,10
252,141,75
252,142,57
252,143,68
252,144,42
252,145,-5
252,146,-11
252,147,-9
252,148,99
252,149,15
252,150,-87
252,151,82
252,152,93
252,153,-83
252,154,-27
252,155,98
252,156,88
252,157,-59
252,158,-34
252,159,95
252,160,-8
252,161,76
252,162,81
252,163,51
252,164,-24
252,165,-7
252,166,-100
252,167,-70
252,168,-25
252,169,-92
252,170,-100
252,171,91
252,172,-91
252,173,-82
252,174,-58
252,175,-67
252,176,77
252,177,-99
252,178,-30
252,179,38
252,180,-26
252,181,88
252,182,-84
252,183,10
252,184,-29
252,185,-32
252,186,45
252,187,21
252,188,24
252,189,17
252,190,31
252,191,-54
252,192,-1
252,193,75
252,194,9
252,195,-56
252,196,38
252,197,-68
252,198,-100
252,199,-68
252,200,-2
252,201,63
252,202,4
252,203,-4
252,204,26
252,205,-19
252,206,63
252,207,80
252,208,18
252,209,-47
252,210,-62
252,211,-33
252,212,51
252,213,-54
252,214,-75
252,215,-30
252,216,18
252,217,-47
252,218,-3
252,219,-68
252,220,25
252,221,-46
252,222,-99
252,223,41
252,224,-59
252,225,-12
252,226,-99
252,227,-44
252,228,96
252,229,-70
252,230,-6
252,231,77
252,232,83
252,233,-72
252,234,-11
252,235,-25
252,236,29
252,237,91
252,238,19
252,239,97
252,240,19
252,241,28
252,242,-71
252,243,56
252,244,51
252,245,99
252,246,40
252,247,-44
252,248,73
252,249,-77
252,250,-46
252,251,-83
252,252,10
252,253,33
252,254,44
252,255,31
252,256,15
252,257,-61
252,258,24
252,259,10
252,260,21
252,261,97
252,262,-2
252,263,-79
252,264,-16
252,265,-84
252,266,54
252,267,57
252,268,-90
252,269,72
252,270,-30
252,271,-100
252,272,-24
252,273,35
252,274,73
252,275,43
252,276,90
252,277,20
252,278,40
252,279,-78
252,280,-95
252,281,59
252,282,62
252,283,18
252,284,-85
252,285,-68
252,286,-92
252,287,-12
252,288,52
252,289,-23
252,290,50
252,291,81
252,292,58
252,293,-99
252,294,57
252,295,-7
252,296,35
252,297,38
252,298,-24
252,299,-6
253,0,-10
253,1,26
253,2,33
253,3,11
253,4,-74
253,5,-97
253,6,-76
253,7,64
253,8,-20
253,9,-86
253,10,90
253,11,75
253,12,-47
253,13,21
253,14,-93
253,15,-38
253,16,-56
253,17,57
253,18,-41
253,19,-56
253,20,85
253,21,-85
253,22,-14
253,23,39
253,24,52
253,25,67
253,26,-54
253,27,-68
253,28,-64
253,29,-27
253,30,-56
253,31,57
253,32,-14
253,33,-3
253,34,55
253,35,61
253,36,-36
253,37,86
253,38,28
253,39,-10
253,40,-83
253,41,27
253,42,-5
253,43,67
253,44,-70
253,45,-85
253,46,26
253,47,-97
253,48,97
253,49,35
253,50,67
253,51,66
253,52,88
253,53,-64
253,54,41
253,55,10
253,56,-59
253,57,7
253,58,-87
253,59,-17
253,60,38
253,61,48
253,62,70
253,63,-86
253,64,86
253,65,46
253,66,-72
253,67,68
253,68,-39
253,69,3
253,70,-58
253,71,48
253,72,29
253,73,9
253,74,38
253,75,30
253,76,-4
253,77,26
253,78,89
253,79,-48
253,80,-26
253,81,15
253,82,21
253,83,-74
253,84,-76
253,85,-22
253,86,63
253,87,63
253,88,-24
253,89,59
253,90,-55
253,91,-72
253,92,-58
253,93,-16
253,94,-54
253,95,85
253,96,-39
253,97,2
253,98,87
253,99,-78
253,100,54
253,101,-9
253,102,-68
253,103,38
253,104,-21
253,105,70
253,106,-21
253,107,93
253,108,7
253,109,-1
253,110,19
253,111,9
253,112,-63
253,113,-83
253,114,-18
253,115,-36
253,116,70
253,117,-97
253,118,64
253,119,-22
253,120,-31
253,121,-59
253,122,-86
253,123,-92
253,124,-91
253,125,-5
253,126,57
253,127,31
253,128,4
253,129,-87
253,130,48
253,131,59
253,132,-44
253,133,-11
253,134,85
253,135,32
253,136,-67
253,137,-9
253,138,14
253,139,-13
253,140,-37
253,141,-51
253,142,-52
253,143,12
253,144,-57
253,145,-4
253,146,3
253,147,-45
253,148,-100
253,149,11
253,150,-25
253,151,-12
253,152,-37
253,153,-21
253,154,-61
253,155,-79
253,156,-42
253,157,-27
253,158,99
253,159,-90
253,160,-97
253,161,82
253,162,5
253,163,34
253,164,-81
253,165,77
253,166,-69
253,167,-40
253,168,-71
253,169,-31
253,170,42
253,171,92
253,172,-26
253,173,65
253,174,89
253,175,-18
253,176,-70
253,177,53
253,178,15
253,179,-62
253,180,-65
253,181,-6
253,182,-66
253,183,57
253,184,4
253,185,91
253,186,-7
253,187,-3
253,188,-52
253,189,25
253,190,-26
253,191,28
253,192,-59
253,193,69
253,194,-71
253,195,-26
253,196,82
253,197,38
253,198,-97
253,199,28
253,200,87
253,201,43
253,202,-45
253,203,71
253,204,61
253,205,-39
253,206,-55
253,207,-10
253,208,5
253,209,75
253,210,23
253,211,48
253,212,-27
253,213,-94
253,214,96
253,215,-32
253,216,-9
253,217,-61
253,218,-51
253,219,80
253,220,-23
253,221,-16
253,222,-49
253,223,71
253,224,-27
253,225,-69
253,226,-52
253,227,-47
253,228,-71
253,229,23
253,230,3
253,231,54
253,232,-76
253,233,-15
253,234,79
253,235,6
253,236,18
253,237,72
253,238,-21
253,239,-91
253,240,-62
253,241,93
253,242,-97
253,243,21
253,244,89
253,245,20
253,246,-90
253,247,-18
253,248,-89
253,249,69
253,250,85
253,251,26
253,252,32
253,253,-26
253,254,32
253,255,33
253,256,59
253,257,-73
253,258,-11
253,259,-91
253,260,-51
253,261,-76
253,262,-91
253,263,85
253,264,87
253,265,6
253,266,-29
253,267,-9
253,268,-96
253,269,92
253,270,-77
253,271,39
253,272,-15
253,273,-28
253,274,-89
253,275,79
253,276,-34
253,277,-27
253,278,8
253,279,91
253,280,-91
253,281,22
253,282,-59
253,283,49
253,284,-49
253,285,50
253,286,-37
253,287,-78
253,288,29
253,289,-67
253,290,12
253,291,17
253,292,44
253,293,-56
253,294,63
253,295,23
253,296,87
253,297,-22
253,298,27
253,299,-80
254,0,38
254,1,19
254,2,4
254,3,-67
254,4,-2
254,5,-4
254,6,4
254,7,-66
254,8,79
254,9,-17
254,10,96
254,11,-81
254,12,47
254,13,-52
254,14,57
254,15,84
254,16,-43
254,17,48
254,18,43
254,19,-73
254,20,-91
254,21,36
254,22,-98
254,23,-99
254,24,69
254,25,-56
254,26,-23
254,27,96
254,28,-7
254,29,-94
254,30,38
254,31,14
254,32,15
254,33,-91
254,34,-95
254,35,30
254,36,-10
254,37,84
254,38,88
254,39,20
254,40,-88
254,41,-10
254,42,-19
254,43,-57
254,44,13
254,45,-28
254,46,55
254,47,-37
254,48,86
254,49,-63
254,50,70
254,51,-3
254,52,-46
254,53,94
254,54,89
254,55,-38
254,56,15
254,57,48
254,58,89
254,59,29
254,60,-4
254,61,15
254,62,25
254,63,61
254,64,96
254,65,-93
254,66,76
254,67,-86
254,68,-64
254,69,36
254,70,97
254,71,-52
254,72,66
254,73,-96
254,74,-35
254,75,88
254,76,80
254,77,-81
254,78,56
254,79,-47
254,80,-73
254,81,-56
254,82,7
254,83,74
254,84,-5
254,85,64
254,86,-38
254,87,-37
254,88,56
254,89,-31
254,90,-84
254,91,43
254,92,50
254,93,23
254,94,16
254,95,29
254,96,-80
254,97,-16
254,98,-93
254,99,-43
254,100,41
254,101,58
254,102,14
254,103,-75
254,104,34
254,105,69
254,106,49
254,107,79
254,108,-9
254,109,45
254,110,75
254,111,33
254,112,-64
254,113,32
254,114,-13
254,115,-74
254,116,-71
254,117,80
254,118,-79
254,119,43
254,120,56
254,121,49
254,122,17
254,123,-90
254,124,-14
254,125,-14
254,126,-91
254,127,22
254,128,-82
254,129,72
254,130,-76
254,131,33
254,132,77
254,133,-21
254,134,-34
254,135,-45
254,136,10
254,137,66
254,138,2
254,139,-61
254,140,95
254,141,-8
254,142,46
254,143,-90
254,144,-89
254,145,50
254,146,20
254,147,3
254,148,22
254,149,78
254,150,-20
254,151,-12
254,152,-77
254,153,-67
254,154,1
254,155,63
254,156,21
254,157,-84
254,158,-72
254,159,-79
254,160,43
254,161,70
254,162,43
254,163,39
254,164,-84
254,165,-88
254,166,-6
254,167,-72
254,168,59
254,169,-9
254,170,76
254,171,20
254,172,8
254,173,49
254,174,-4
254,175,37
254,176,-50
254,177,-63
254,178,30
254,179,-49
254,180,-89
254,181,-62
254,182,-72
254,183,-1
254,184,24
254,185,-48
254,186,48
254,187,-30
254,188,81
254,189,-77
254,190,18
254,191,28
254,192,-95
254,193,-7
254,194,-40
254,195,-66
254,196,-36
254,197,-39
254,198,47
254,199,88
254,200,-32
254,201,-24
254,202,18
254,203,31
254,204,97
254,205,-64
254,206,65
254,207,19
254,208,30
254,209,68
254,210,32
254,211,-17
254,212,-94
254,213,18
254,214,47
254,215,-98
254,216,-10
254,217,-13
254,218,18
254,219,34
254,220,85
254,221,-52
254,222,21
254,223,59
254,224,98
254,225,87
254,226,-60
254,227,-5
254,228,-47
254,229,74
254,230,98
254,231,68
254,232,0
254,233,-45
254,234,91
254,235,97
254,236,-25
254,237,-72
254,238,78
254,239,-22
254,240,7
254,241,-34
254,242,12
254,243,98
254,244,16
254,245,-30
254,246,90
254,247,97
254,248,-71
254,249,28
254,250,-47
254,251,73
254,252,54
254,253,17
254,254,55
254,255,-1
254,256,-23
254,257,-95
254,258,64
254,259,-50
254,260,16
254,261,-26
254,262,-88
254,263,-55
254,264,-83
254,265,-66
254,266,-17
254,267,-69
254,268,-10
254,269,64
254,270,-57
254,271,-37
254,272,-78
254,273,-17
254,274,96
254,275,-98
254,276,-73
254,277,-95
254,278,-25
254,279,33
254,280,39
254,281,-74
254,282,2
254,283,-28
254,284,-10
254,285,70
254,286,31
254,287,-62
254,288,46
254,289,-44
254,290,10
254,291,-27
254,292,-47
254,293,-50
254,294,-13
254,295,-10
254,296,-6
254,297,-43
254,298,22
254,299,38
255,0,90
255,1,42
255,2,-23
255,3,95
255,4,54
255,5,43
255,6,-87
255,7,32
255,8,0
255,9,-77
255,10,91
255,11,97
255,12,64
255,13,79
255,14,21
255,15,30
255,16,8
255,17,-54
255,18,99
255,19,72
255,20,53
255,21,-90
255,22,-43
255,23,13
255,24,-63
255,25,67
255,26,82
255,27,-82
255,28,66
255,29,-89
255,30,9
255,31,63
255,32,22
255,33,-20
255,34,-64
255,35,-85
255,36,-8
255,37,55
255,38,-80
255,39,-82
255,40,-8
255,41,-79
255,42,-93
255,43,-84
255,44,-52
255,45,-6
255,46,94
255,47,62
255,48,-57
255,49,96
255,50,59
255,51,99
255,52,5
255,53,38
255,54,88
255,55,-22
255,56,-36
255,57,-43
255,58,17
255,59,37
255,60,26
255,61,-28
255,62,28
255,63,95
255,64,17
255,65,-37
255,66,-23
255,67,-23
255,68,85
255,69,-17
255,70,-72
255,71,-75
255,72,40
255,73,39
255,74,43
255,75,-31
255,76,-92
255,77,-31
255,78,20
255,79,65
255,80,79
255,81,68
255,82,-97
255,83,-95
255,84,34
255,85,63
255,86,-67
255,87,-73
255,88,-44
255,89,-12
255,90,29
255,91,-20
255,92,5
255,93,6
255,94,45
255,95,22
255,96,31
255,97,-55
255,98,50
255,99,24
255,100,-1
255,101,-56
255,102,-27
255,103,-16
255,104,85
255,105,5
255,106,-50
255,107,-66
255,108,39
255,109,-66
255,110,-43
255,111,-39
255,112,43
255,113,81
255,114,-71
255,115,98
255,116,-68
255,117,-41
255,118,59
255,119,-75
255,120,-21
255,121,-57
255,122,7
255,123,31
255,124,1
255,125,-96
255,126,96
255,127,36
255,128,28
255,129,-19
255,130,56
255,131,-10
255,132,22
255,133,62
255,134,-20
255,135,18
255,136,-78
255,137,47
255,138,7
255,139,3
255,140,93
255,141,-59
255,142,-86
255,143,-10
255,144,-59
255,145,-13
255,146,15
255,147,10
255,148,69
255,149,96
255,150,99
255,151,20
255,152,38
255,153,-90
255,154,-59
255,155,58
255,156,-30
255,157,-35
255,158,82
255,159,83
255,160,-3
255,161,-38
255,162,-5
255,163,-57
255,164,42
255,165,42
255,166,30
255,167,-19
255,168,34
255,169,28
255,170,-42
255,171,2
255,172,-73
255,173,-73
255,174,-7
255,175,-20
255,176,-98
255,177,-80
255,178,99
255,179,97
255,180,-68
255,181,18
255,182,70
255,183,29
255,184,-4
255,185,-97
255,186,-62
255,187,-18
255,188,-89
255,189,98
255,190,30
255,191,-90
255,192,12
255,193,-60
255,194,-62
255,195,-8
255,196,76
255,197,-65
255,198,-12
255,199,14
255,200,17
255,201,-68
255,202,-39
255,203,-83
255,204,0
255,205,-41
255,206,41
255,207,-24
255,208,-49
255,209,25
255,210,81
255,211,-47
255,212,-35
255,213,28
255,214,-49
255,215,-21
255,216,-68
255,217,-9
255,218,-6
255,219,-95
255,220,98
255,221,39
255,222,98
255,223,52
255,224,-68
255,225,65
255,226,81
255,227,-81
255,228,36
255,229,64
255,230,-59
255,231,53
255,232,-60
255,233,78
255,234,56
255,235,61
255,236,18
255,237,-85
255,238,-5
255,239,-90
255,240,8
255,241,63
255,242,89
255,243,32
255,244,-50
255,245,-45
255,246,48
255,247,-75
255,248,79
255,249,-65
255,250,-48
255,251,-91
255,252,23
255,253,61
255,254,14
255,255,-37
255,256,92
255,257,-100
255,258,-76
255,259,5
255,260,-56
255,261,-83
255,262,-74
255,263,32
255,264,-87
255,265,-50
255,266,52
255,267,-99
255,268,70
255,269,-20
255,270,-92
255,271,-89
255,272,-28
255,273,15
255,274,27
255,275,79
255,276,-44
255,277,18
255,278,88
255,279,63
255,280,8
255,281,-64
255,282,-86
255,283,0
255,284,2
255,285,-94
255,286,-6
255,287,65
255,288,34
255,289,54
255,290,25
255,291,-52
255,292,-90
255,293,65
255,294,2
255,295,-14
255,296,30
255,297,68
255,298,32
255,299,20
256,0,-4
256,1,-83
256,2,7
256,3,70
256,4,-98
256,5,-43
256,6,-71
256,7,-44
256,8,-70
256,9,91
256,10,2
256,11,30
256,12,64
256,13,-24
256,14,-64
256,15,-20
256,16,-43
256,17,96
256,18,48
256,19,27
256,20,62
256,21,-1
256,22,66
256,23,26
256,24,68
256,25,-32
256,26,17
256,27,-99
256,28,-40
256,29,-28
256,30,7
256,31,-73
256,32,29
256,33,-37
256,34,13
256,35,88
256,36,-22
256,37,56
256,38,-35
256,39,-55
256,40,16
256,41,17
256,42,64
256,43,99
256,44,-81
256,45,-61
256,46,72
256,47,43
256,48,85
256,49,61
256,50,-99
256,51,26
256,52,7
256,53,-87
256,54,-31
256,55,-83
256,56,23
256,57,77
256,58,48
256,59,-100
256,60,28
256,61,52
256,62,18
256,63,-40
256,64,-11
256,65,28
256,66,21
256,67,84
256,68,-11
256,69,76
256,70,33
256,71,77
256,72,-43
256,73,-50
256,74,-68
256,75,35
256,76,46
256,77,53
256,78,69
256,79,-67
256,80,40
256,81,-6
256,82,-83
256,83,-96
256,84,40
256,85,-54
256,86,6
256,87,31
256,88,-59
256,89,54
256,90,-4
256,91,-66
256,92,-24
256,93,52
256,94,27
256,95,92
256,96,-59
256,97,-55
256,98,-23
256,99,2
256,100,-39
256,101,-57
256,102,72
256,103,15
256,104,-53
256,105,-60
256,106,62
256,107,-43
256,108,-19
256,109,-64
256,110,-60
256,111,9
256,112,-80
256,113,-85
256,114,47
256,115,14
256,116,43
256,117,-41
256,118,-68
256,119,-15
256,120,-82
256,121,-27
256,122,-62
256,123,0
256,124,59
256,125,7
256,126,-22
256,127,-23
256,128,47
256,129,18
256,130,-56
256,131,-94
256,132,2
256,133,85
256,134,51
256,135,38
256,136,2
256,137,-16
256,138,32
256,139,-74
256,140,58
256,141,91
256,142,57
256,143,23
256,144,-43
256,145,44
256,146,-77
256,147,48
256,148,75
256,149,89
256,150,58
256,151,66
256,152,-22
256,153,-90
256,154,-97
256,155,-52
256,156,-61
256,157,-47
256,158,-35
256,159,52
256,160,-18
256,161,55
256,162,-49
256,163,-24
256,164,-1
256,165,54
256,166,53
256,167,-21
256,168,68
256,169,81
256,170,-42
256,171,22
256,172,84
256,173,11
256,174,14
256,175,-34
256,176,85
256,177,-54
256,178,-30
256,179,-23
256,180,89
256,181,-2
256,182,34
256,183,-68
256,184,-80
256,185,-3
256,186,-73
256,187,-17
256,188,36
256,189,92
256,190,-14
256,191,-77
256,192,-60
256,193,-69
256,194,86
256,195,-49
256,196,-100
256,197,-41
256,198,83
256,199,59
256,200,-37
256,201,-42
256,202,-96
256,203,54
256,204,-67
256,205,64
256,206,-45
256,207,21
256,208,-49
256,209,-8
256,210,15
256,211,53
256,212,-78
256,213,-62
256,214,21
256,215,78
256,216,-69
256,217,53
256,218,10
256,219,90
256,220,-30
256,221,-60
256,222,-85
256,223,8
256,224,89
256,225,69
256,226,3
256,227,-97
256,228,-14
256,229,50
256,230,-61
256,231,-28
256,232,-87
256,233,-57
256,234,-81
256,235,-91
256,236,28
256,237,-12
256,238,-17
256,239,51
256,240,-87
256,241,75
256,242,42
256,243,6
256,244,-98
256,245,82
256,246,26
256,247,97
256,248,-29
256,249,78
256,250,29
256,251,9
256,252,21
256,253,-87
256,254,-72
256,255,-78
256,256,-33
256,257,-72
256,258,-22
256,259,30
256,260,-10
256,261,-27
256,262,34
256,263,-75
256,264,23
256,265,-28
256,266,-49
256,267,44
256,268,58
256,269,-75
256,270,-97
256,271,-20
256,272,12
256,273,76
256,274,-36
256,275,-23
256,276,31
256,277,14
256,278,94
256,279,4
256,280,-44
256,281,-59
256,282,10
256,283,64
256,284,-53
256,285,-53
256,286,-60
256,287,57
256,288,11
256,289,-17
256,290,71
256,291,-56
256,292,-38
256,293,-59
256,294,82
256,295,-42
256,296,44
256,297,30
256,298,-96
256,299,-93
257,0,-18
257,1,-36
257,2,57
257,3,52
257,4,7
257,5,-4
257,6,48
257,7,96
257,8,-2
257,9,57
257,10,69
257,11,7
257,12,-36
257,13,77
257,14,9
257,15,-24
257,16,48
257,17,12
257,18,-49
257,19,-6
257,20,-67
257,21,31
257,22,-61
257,23,28
257,24,96
257,25,76
257,26,-35
257,27,91
257,28,-60
257,29,90
257,30,-10
257,31,-91
257,32,82
257,33,-25
257,34,-70
257,35,44
257,36,-28
257,37,2
257,38,63
257,39,87
257,40,-42
257,41,33
257,42,-70
257,43,49
257,44,57
257,45,-92
257,46,82
257,47,-17
257,48,71
257,49,4
257,50,4
257,51,83
257,52,-57
257,53,6
257,54,-84
257,55,72
257,56,32
257,57,-31
257,58,82
257,59,-68
257,60,30
257,61,46
257,62,50
257,63,-98
257,64,91
257,65,-92
257,66,-15
257,67,-78
257,68,74
257,69,-90
257,70,29
257,71,-38
257,72,28
257,73,67
257,74,-26
257,75,-44
257,76,-77
257,77,55
257,78,2
257,79,11
257,80,48
257,81,49
257,82,57
257,83,29
257,84,-50
257,85,98
257,86,-44
257,87,50
257,88,-17
257,89,-55
257,90,70
257,91,37
257,92,-13
257,93,45
257,94,-27
257,95,-81
257,96,64
257,97,19
257,98,52
257,99,-79
257,100,28
257,101,52
257,102,-80
257,103,30
257,104,91
257,105,-32
257,106,-38
257,107,-35
257,108,2
257,109,56
257,110,30
257,111,-8
257,112,85
257,113,49
257,114,93
257,115,-43
257,116,92
257,117,-75
257,118,-6
257,119,51
257,120,-4
257,121,44
257,122,-91
257,123,-41
257,124,-54
257,125,-65
257,126,11
257,127,3
257,128,37
257,129,91
257,130,-24
257,131,7
257,132,40
257,133,-59
257,134,55
257,135,-29
257,136,-36
257,137,-63
257,138,-15
257,139,8
257,140,-14
257,141,-80
257,142,-99
257,143,15
257,144,37
257,145,-41
257,146,1
257,147,12
257,148,-31
257,149,-4
257,150,-3
257,151,-3
257,152,43
257,153,-69
257,154,-49
257,155,-14
257,156,-88
257,157,67
257,158,-47
257,159,66
257,160,88
257,161,-8
257,162,3
257,163,34
257,164,-35
257,165,87
257,166,91
257,167,-82
257,168,-12
257,169,-32
257,170,-97
257,171,-83
257,172,15
257,173,25
257,174,37
257,175,66
257,176,40
257,177,33
257,178,-2
257,179,-23
257,180,-95
257,181,-53
257,182,-50
257,183,25
257,184,-13
257,185,28
257,186,-35
257,187,-49
257,188,5
257,189,-84
257,190,-44
257,191,-76
257,192,-56
257,193,4
257,194,62
257,195,-48
257,196,-3
257,197,6
257,198,8
257,199,99
257,200,56
257,201,-6
257,202,24
257,203,45
257,204,-21
257,205,91
257,206,48
257,207,-51
257,208,85
257,209,-67
257,210,8
257,211,77
257,212,-71
257,213,91
257,214,15
257,215,12
257,216,-32
257,217,76
257,218,7
257,219,-80
257,220,-56
257,221,-67
257,222,-56
257,223,-100
257,224,55
257,225,-78
257,226,56
257,227,38
257,228,-67
257,229,-30
257,230,-29
257,231,94
257,232,-58
257,233,-97
257,234,-66
257,235,8
257,236,-52
257,237,-71
257,238,-34
257,239,57
257,240,92
257,241,-10
257,242,-91
257,243,6
257,244,-30
257,245,-65
257,246,5
257,247,51
257,248,72
257,249,1
257,250,-24
257,251,-37
257,252,-97
257,253,42
257,254,17
257,255,-35
257,256,-12
257,257,8
257,258,-52
257,259,-33
257,260,26
257,261,-9
257,262,-56
257,263,-86
257,264,22
257,265,-31
257,266,-62
257,267,-49
257,268,42
257,269,4
257,270,33
257,271,-72
257,272,-40
257,273,-73
257,274,53
257,275,-46
257,276,0
257,277,51
257,278,-25
257,279,-8
257,280,56
257,281,72
257,282,-45
257,283,77
257,284,-88
257,285,56
257,286,-40
257,287,-36
257,288,-24
257,289,-21
257,290,-92
257,291,32
257,292,57
257,293,-88
257,294,-28
257,295,-29
257,296,32
257,297,24
257,298,-89
257,299,-93
258,0,18
258,1,10
258,2,-87
258,3,83
258,4,-32
258,5,-78
258,6,-65
258,7,37
258,8,-40
258,9,-53
258,10,-71
258,11,26
258,12,17
258,13,-50
258,14,-100
258,15,18
258,16,26
258,17,-22
258,18,92
258,19,60
258,20,62
258,21,1
258,22,36
258,23,-8
258,24,-97
258,25,-16
258,26,-26
258,27,68
258,28,43
258,29,-14
258,30,18
258,31,98
258,32,-96
258,33,31
258,34,76
258,35,48
258,36,-2
258,37,-79
258,38,12
258,39,-64
258,40,-62
258,41,66
258,42,6
258,43,75
258,44,90
258,45,18
258,46,93
258,47,90
258,48,-8
258,49,-26
258,50,65
258,51,42
258,52,31
258,53,-81
258,54,-99
258,55,-64
258,56,-25
258,57,-8
258,58,31
258,59,99
258,60,72
258,61,86
258,62,-98
258,63,61
258,64,-13
258,65,76
258,66,51
258,67,-67
258,68,-75
258,69,31
258,70,-30
258,71,53
258,72,87
258,73,80
258,74,-38
258,75,-7
258,76,-20
258,77,-11
258,78,-93
258,79,90
258,80,50
258,81,-91
258,82,8
258,83,76
258,84,66
258,85,-59
258,86,-70
258,87,90
258,88,63
258,89,-85
258,90,-26
258,91,-52
258,92,37
258,93,84
258,94,-67
258,95,-90
258,96,-19
258,97,-54
258,98,67
258,99,91
258,100,1
258,101,-61
258,102,4
258,103,-82
258,104,18
258,105,-89
258,106,-33
258,107,-82
258,108,-73
258,109,-45
258,110,32
258,111,94
258,112,90
258,113,89
258,114,-39
258,115,77
258,116,-78
258,117,-81
258,118,97
258,119,-85
258,120,7
258,121,-42
258,122,-60
258,123,86
258,124,77
258,125,89
258,126,-46
258,127,18
258,128,84
258,129,59
258,130,-83
258,131,51
258,132,35
258,133,16
258,134,44
258,135,27
258,136,-48
258,137,-1
258,138,-22
258,139,-12
258,140,34
258,141,-78
258,142,-56
258,143,14
258,144,-33
258,145,-48
258,146,-20
258,147,-85
258,148,4
258,149,-2
258,150,-52
258,151,-80
258,152,25
258,153,-10
258,154,57
258,155,-89
258,156,58
258,157,-84
258,158,59
258,159,9
258,160,-80
258,161,-4
258,162,-73
258,163,-58
258,164,52
258,165,-82
258,166,-85
258,167,-64
258,168,-77
258,169,26
258,170,4
258,171,-86
258,172,-30
258,173,25
258,174,45
258,175,-88
258,176,-45
258,177,-50
258,178,-80
258,179,89
258,180,21
258,181,-31
258,182,-60
258,183,-20
258,184,89
258,185,-60
258,186,74
258,187,10
258,188,-69
258,189,43
258,190,-5
258,191,-2
258,192,12
258,193,-86
258,194,43
258,195,47
258,196,-56
258,197,13
258,198,-100
258,199,68
258,200,-10
258,201,92
258,202,-3
258,203,58
258,204,-29
258,205,15
258,206,46
258,207,83
258,208,64
258,209,83
258,210,-62
258,211,-40
258,212,71
258,213,94
258,214,28
258,215,-98
258,216,-19
258,217,32
258,218,-95
258,219,42
258,220,61
258,221,-60
258,222,69
258,223,61
258,224,47
258,225,-65
258,226,63
258,227,7
258,228,32
258,229,-37
258,230,-72
258,231,86
258,232,53
258,233,27
258,234,18
258,235,97
258,236,72
258,237,79
258,238,-23
258,239,59
258,240,-62
258,241,-77
258,242,-91
258,243,15
258,244,63
258,245,76
258,246,-55
258,247,-60
258,248,-74
258,249,-48
258,250,-69
258,251,-12
258,252,60
258,253,77
258,254,42
258,255,24
258,256,-30
258,257,6
258,258,13
258,259,88
258,260,45
258,261,-94
258,262,-23
258,263,34
258,264,-44
258,265,-4
258,266,47
258,267,-48
258,268,-93
258,269,-38
258,270,21
258,271,-44
258,272,-30
258,273,95
258,274,-13
258,275,1
258,276,-95
258,277,75
258,278,-7
258,279,74
258,280,97
258,281,-33
258,282,68
258,283,49
258,284,-87
258,285,35
258,286,-19
258,287,6
258,288,-96
258,289,-19
258,290,22
258,291,-38
258,292,-78
258,293,-7
258,294,-18
258,295,-55
258,296,-38
258,297,-21
258,298,2
258,299,82
259,0,14
259,1,-59
259,2,20
259,3,9
259,4,52
259,5,-20
259,6,42
259,7,-71
259,8,-7
259,9,-17
259,10,-95
259,11,28
259,12,96
259,13,99
259,14,39
259,15,0
259,16,-32
259,17,-71
259,18,14
259,19,-19
259,20,-4
259,21,26
259,22,99
259,23,-52
259,24,-42
259,25,17
259,26,55
259,27,5
259,28,97
259,29,73
259,30,86
259,31,-2
259,32,49
259,33,-18
259,34,46
259,35,-73
259,36,94
259,37,-43
259,38,-59
259,39,39
259,40,89
259,41,71
259,42,88
259,43,97
259,44,35
259,45,-28
259,46,62
259,47,82
259,48,-28
259,49,-39
259,50,-3
259,51,18
259,52,50
259,53,5
259,54,-63
259,55,-48
259,56,-43
259,57,94
259,58,-31
259,59,-32
259,60,78
259,61,-65
259,62,-71
259,63,-53
259,64,65
259,65,34
259,66,-51
259,67,-82
259,68,48
259,69,86
259,70,80
259,71,51
259,72,-31
259,73,69
259,74,73
259,75,17
259,76,71
259,77,65
259,78,67
259,79,-70
259,80,-62
259,81,-35
259,82,31
259,83,56
259,84,-17
259,85,21
259,86,73
259,87,15
259,88,-21
259,89,48
259,90,-49
259,91,-44
259,92,-74
259,93,-80
259,94,-60
259,95,-31
259,96,-67
259,97,-72
259,98,15
259,99,6
259,100,-31
259,101,-18
259,102,-32
259,103,87
259,104,-56
259,105,-74
259,106,-42
259,107,-27
259,108,-21
259,109,58
259,110,-96
259,111,65
259,112,-93
259,113,-66
259,114,38
259,115,97
259,116,24
259,117,-80
259,118,-12
259,119,-13
259,120,-78
259,121,89
259,122,-86
259,123,22
259,124,-95
259,125,-72
259,126,-58
259,127,-24
259,128,61
259,129,33
259,130,17
259,131,72
259,132,-89
259,133,-36
259,134,-10
259,135,-90
259,136,64
259,137,-92
259,138,-92
259,139,-31
259,140,-36
259,141,-29
259,142,-26
259,143,-26
259,144,-76
259,145,-43
259,146,45
259,147,94
259,148,50
259,149,-10
259,150,66
259,151,85
259,152,-19
259,153,17
259,154,-92
259,155,54
259,156,63
259,157,1
259,158,-83
259,159,91
259,160,67
259,161,-36
259,162,-83
259,163,75
259,164,65
259,165,11
259,166,44
259,167,49
259,168,-34
259,169,51
259,170,-53
259,171,-17
259,172,76
259,173,-14
259,174,5
259,175,59
259,176,88
259,177,-15
259,178,57
259,179,-89
259,180,-51
259,181,78
259,182,-47
259,183,-54
259,184,43
259,185,11
259,186,-25
259,187,-27
259,188,-60
259,189,-41
259,190,39
259,191,-91
259,192,19
259,193,-85
259,194,-77
259,195,-95
259,196,-74
259,197,35
259,198,-9
259,199,42
259,200,10
259,201,46
259,202,-64
259,203,-97
259,204,-33
259,205,-73
259,206,-4
259,207,82
259,208,95
259,209,8
259,210,-68
259,211,-32
259,212,-7
259,213,32
259,214,-50
259,215,27
259,216,-47
259,217,51
259,218,-77
259,219,-14
259,220,95
259,221,66
259,222,93
259,223,37
259,224,-29
259,225,1
259,226,-68
259,227,61
259,228,-81
259,229,97
259,230,-67
259,231,-30
259,232,-81
259,233,61
259,234,58
259,235,-76
259,236,-98
259,237,94
259,238,-38
259,239,68
259,240,-10
259,241,-21
259,242,-67
259,243,93
259,244,74
259,245,-51
259,246,-51
259,247,-24
259,248,-11
259,249,-84
259,250,-8
259,251,59
259,252,24
259,253,13
259,254,-56
259,255,58
259,256,30
259,257,-97
259,258,-37
259,259,-6
259,260,-46
259,261,17
259,262,90
259,263,-68
259,264,50
259,265,8
259,266,-20
259,267,-25
259,268,41
259,269,28
259,270,60
259,271,-26
259,272,-83
259,273,-70
259,274,25
259,275,-89
259,276,13
259,277,-85
259,278,93
259,279,13
259,280,64
259,281,82
259,282,-32
259,283,54
259,284,78
259,285,-74
259,286,-95
259,287,73
259,288,42
259,289,-55
259,290,71
259,291,-42
259,292,-89
259,293,27
259,294,36
259,295,-41
259,296,-6
259,297,-57
259,298,22
259,299,-2
260,0,-65
260,1,-33
260,2,-50
260,3,43
260,4,-66
260,5,-4
260,6,52
260,7,-48
260,8,-72
260,9,21
260,10,11
260,11,79
260,12,66
260,13,36
260,14,47
260,15,34
260,16,55
260,17,-14
260,18,69
260,19,5
260,20,10
260,21,-31
260,22,-24
260,23,75
260,24,-58
260,25,-76
260,26,91
260,27,38
260,28,44
260,29,45
260,30,4
260,31,-30
260,32,-27
260,33,-89
260,34,74
260,35,-6
260,36,-56
260,37,-56
260,38,27
260,39,-42
260,40,-1
260,41,68
260,42,-72
260,43,62
260,44,-4
260,45,-90
260,46,-37
260,47,-29
260,48,-61
260,49,-27
260,50,91
260,51,-95
260,52,-86
260,53,60
260,54,-38
260,55,-23
260,56,-97
260,57,78
260,58,-80
260,59,51
260,60,49
260,61,48
260,62,-52
260,63,-5
260,64,-58
260,65,63
260,66,-56
260,67,-84
260,68,29
260,69,9
260,70,77
260,71,62
260,72,93
260,73,20
260,74,78
260,75,-15
260,76,97
260,77,93
260,78,-77
260,79,-51
260,80,-59
260,81,-61
260,82,-92
260,83,-50
260,84,-48
260,85,-88
260,86,-75
260,87,16
260,88,-44
260,89,-87
260,90,46
260,91,83
260,92,-30
260,93,-12
260,94,-74
260,95,40
260,96,-2
260,97,43
260,98,31
260,99,-74
260,100,-19
260,101,21
260,102,-12
260,103,-35
260,104,97
260,105,-84
260,106,-62
260,107,42
260,108,83
260,109,78
260,110,97
260,111,94
260,112,83
260,113,-59
260,114,43
260,115,-52
260,116,30
260,117,-40
260,118,51
260,119,38
260,120,96
260,121,76
260,122,-90
260,123,-94
260,124,-12
260,125,-68
260,126,74
260,127,88
260,128,-5
260,129,-8
260,130,0
260,131,-16
260,132,11
260,133,-60
260,134,23
260,135,-27
260,136,90
260,137,-5
260,138,23
260,139,-83
260,140,30
260,141,-38
260,142,65
260,143,-2
260,144,0
260,145,-88
260,146,-94
260,147,83
260,148,-85
260,149,-14
260,150,-82
260,151,20
260,152,-26
260,153,-12
260,154,-29
260,155,45
260,156,-9
260,157,77
260,158,25
260,159,-75
260,160,49
260,161,14
260,162,6
260,163,76
260,164,-59
260,165,-99
260,166,-67
260,167,21
260,168,-13
260,169,-49
260,170,60
260,171,-87
260,172,13
260,173,29
260,174,26
260,175,76
260,176,10
260,177,55
260,178,65
260,179,99
260,180,88
260,181,-80
260,182,68
260,183,-15
260,184,-18
260,185,-87
260,186,46
260,187,-78
260,188,4
260,189,86
260,190,11
260,191,-16
260,192,65
260,193,48
260,194,35
260,195,-29
260,196,-98
260,197,70
260,198,-72
260,199,81
260,200,-15
260,201,7
260,202,-37
260,203,-55
260,204,-63
260,205,-48
260,206,78
260,207,-29
260,208,33
260,209,-16
260,210,28
260,211,-67
260,212,32
260,213,28
260,214,35
260,215,-74
260,216,55
260,217,59
260,218,-64
260,219,-86
260,220,-55
260,221,-4
260,222,-69
260,223,22
260,224,-36
260,225,71
260,226,-92
260,227,-63
260,228,28
260,229,18
260,230,-4
260,231,41
260,232,-47
260,233,-84
260,234,-40
260,235,7
260,236,-1
260,237,94
260,238,-73
260,239,29
260,240,76
260,241,-33
260,242,5
260,243,-75
260,244,55
260,245,0
260,246,79
260,247,69
260,248,14
260,249,-89
260,250,-22
260,251,77
260,252,-23
260,253,20
260,254,3
260,255,53
260,256,96
260,257,26
260,258,-94
260,259,52
260,260,27
260,261,-46
260,262,37
260,263,-37
260,264,-68
260,265,24
260,266,12
260,267,22
260,268,-9
260,269,-35
260,270,19
260,271,4
260,272,-52
260,273,97
260,274,34
260,275,-89
260,276,83
260,277,87
260,278,57
260,279,0
260,280,39
260,281,11
260,282,-40
260,283,43
260,284,-2
260,285,17
260,286,-9
260,287,65
260,288,-42
260,289,22
260,290,-44
260,291,80
260,292,77
260,293,67
260,294,-43
260,295,97
260,296,35
260,297,-6
260,298,-32
260,299,40
261,0,-31
261,1,65
261,2,7
261,3,55
261,4,75
261,5,91
261,6,-73
261,7,-88
261,8,75
261,9,-76
261,10,-94
261,11,-90
261,12,88
261,13,-61
261,14,85
261,15,66
261,16,-32
261,17,-72
261,18,88
261,19,-23
261,20,63
261,21,21
261,22,91
261,23,83
261,24,27
261,25,25
261,26,92
261,27,-42
261,28,-9
261,29,-97
261,30,-100
261,31,43
261,32,-23
261,33,27
261,34,21
261,35,-69
261,36,5
261,37,57
261,38,-93
261,39,26
261,40,-72
261,41,45
261,42,-88
261,43,-2
261,44,-74
261,45,-62
261,46,-96
261,47,-97
261,48,-82
261,49,-34
261,50,42
261,51,11
261,52,61
261,53,-62
261,54,-56
261,55,-63
261,56,29
261,57,-31
261,58,42
261,59,-75
261,60,-18
261,61,68
261,62,-80
261,63,-3
261,64,-41
261,65,-51
261,66,82
261,67,89
261,68,3
261,69,44
261,70,-55
261,71,12
261,72,25
261,73,-11
261,74,17
261,75,91
261,76,-88
261,77,53
261,78,-84
261,79,39
261,80,0
261,81,-1
261,82,-100
261,83,50
261,84,-91
261,85,-67
261,86,50
261,87,-47
261,88,87
261,89,-20
261,90,37
261,91,-81
261,92,28
261,93,9
261,94,-55
261,95,22
261,96,98
261,97,95
261,98,-65
261,99,-70
261,100,80
261,101,54
261,102,45
261,103,-62
261,104,3
261,105,-19
261,106,-77
261,107,24
261,108,74
261,109,71
261,110,72
261,111,-41
261,112,80
261,113,53
261,114,55
261,115,6
261,116,6
261,117,78
261,118,-10
261,119,2
261,120,-1
261,121,-6
261,122,87
261,123,55
261,124,91
261,125,85
261,126,-72
261,127,-28
261,128,83
261,129,-40
261,130,68
261,131,73
261,132,-26
261,133,-95
261,134,-82
261,135,37
261,136,-95
261,137,-95
261,138,5
261,139,-59
261,140,68
261,141,-33
261,142,-1
261,143,94
261,144,-67
261,145,34
261,146,0
261,147,-46
261,148,-59
261,149,57
261,150,-62
261,151,77
261,152,-64
261,153,-32
261,154,-11
261,155,-12
261,156,95
261,157,-7
261,158,3
261,159,74
261,160,-89
261,161,21
261,162,-2
261,163,-68
261,164,25
261,165,72
261,166,-74
261,167,-5
261,168,52
261,169,36
261,170,-43
261,171,-83
261,172,-82
261,173,-57
261,174,56
261,175,-17
261,176,-54
261,177,-97
261,178,67
261,179,46
261,180,-8
261,181,-87
261,182,34
261,183,-66
261,184,52
261,185,5
261,186,-39
261,187,79
261,188,-64
261,189,-51
261,190,61
261,191,12
261,192,-80
261,193,-82
261,194,95
261,195,58
261,196,72
261,197,-98
261,198,-55
261,199,58
261,200,-46
261,201,-17
261,202,1
261,203,-31
261,204,-52
261,205,84
261,206,-37
261,207,-19
261,208,-88
261,209,54
261,210,-53
261,211,-26
261,212,-47
261,213,64
261,214,-96
261,215,50
261,216,-21
261,217,65
261,218,-54
261,219,-58
261,220,43
261,221,-90
261,222,70
261,223,-77
261,224,91
261,225,-90
261,226,-4
261,227,28
261,228,-54
261,229,-87
261,230,-86
261,231,38
261,232,-28
261,233,-24
261,234,62
261,235,82
261,236,55
261,237,27
261,238,-38
261,239,95
261,240,25
261,241,-12
261,242,18
261,243,-56
261,244,-22
261,245,50
261,246,-97
261,247,68
261,248,39
261,249,-61
261,250,21
261,251,60
261,252,67
261,253,-1
261,254,-97
261,255,-8
261,256,-76
261,257,-27
261,258,99
261,259,-90
261,260,-13
261,261,32
261,262,-39
261,263,25
261,264,-86
261,265,-51
261,266,26
261,267,-15
261,268,95
261,269,-94
261,270,-98
261,271,-16
261,272,54
261,273,7
261,274,83
261,275,-14
261,276,-12
261,277,-7
261,278,49
261,279,77
261,280,55
261,281,85
261,282,58
261,283,32
261,284,91
261,285,7
261,286,85
261,287,48
261,288,-92
261,289,92
261,290,86
261,291,60
261,292,69
261,293,-23
261,294,33
261,295,-22
261,296,45
261,297,70
261,298,38
261,299,29
262,0,-78
262,1,70
262,2,76
262,3,-9
262,4,-25
262,5,10
262,6,-61
262,7,49
262,8,3
262,9,-56
262,10,-100
262,11,-12
262,12,14
262,13,34
262,14,-37
262,15,65
262,16,34
262,17,78
262,18,-9
262,19,-97
262,20,15
262,21,1
262,22,-39
262,23,93
262,24,23
262,25,61
262,26,99
262,27,-21
262,28,25
262,29,91
262,30,-27
262,31,91
262,32,-66
262,33,48
262,34,33
262,35,-19
262,36,27
262,37,17
262,38,25
262,39,87
262,40,78
262,41,-76
262,42,11
262,43,79
262,44,25
262,45,49
262,46,69
262,47,30
262,48,-97
262,49,87
262,50,-20
262,51,29
262,52,35
262,53,46
262,54,-46
262,55,98
262,56,-83
262,57,-59
262,58,-29
262,59,-27
262,60,89
262,61,-82
262,62,99
262,63,58
262,64,43
262,65,-71
262,66,-21
262,67,78
262,68,25
262,69,8
262,70,-87
262,71,53
262,72,-17
262,73,25
262,74,-44
262,75,73
262,76,-80
262,77,-91
262,78,64
262,79,-18
262,80,-75
262,81,-80
262,82,-65
262,83,16
262,84,-72
262,85,-21
262,86,-58
262,87,-29
262,88,-52
262,89,9
262,90,-96
262,91,-32
262,92,96
262,93,-21
262,94,60
262,95,-88
262,96,51
262,97,-98
262,98,18
262,99,74
262,100,-81
262,101,58
262,102,-65
262,103,-69
262,104,26
262,105,-11
262,106,-94
262,107,-80
262,108,8
262,109,-31
262,110,-66
262,111,17
262,112,93
262,113,93
262,114,79
262,115,41
262,116,-67
262,117,-82
262,118,50
262,119,-43
262,120,71
262,121,12
262,122,-74
262,123,60
262,124,-77
262,125,-66
262,126,39
262,127,-15
262,128,-82
262,129,23
262,130,40
262,131,93
262,132,-38
262,133,69
262,134,-74
262,135,31
262,136,-3
262,137,77
262,138,-9
262,139,70
262,140,70
262,141,-46
262,142,-82
262,143,39
262,144,-14
262,145,15
262,146,27
262,147,15
262,148,-84
262,149,95
262,150,68
262,151,-31
262,152,-55
262,153,-51
262,154,-38
262,155,-82
262,156,43
262,157,-18
262,158,-11
262,159,26
262,160,-88
262,161,-49
262,162,-55
262,163,75
262,164,-72
262,165,46
262,166,-62
262,167,-9
262,168,86
262,169,-13
262,170,22
262,171,91
262,172,-1
262,173,33
262,174,-50
262,175,-87
262,176,75
262,177,36
262,178,-34
262,179,14
262,180,-90
262,181,-64
262,182,-72
262,183,43
262,184,-17
262,185,95
262,186,33
262,187,-77
262,188,72
262,189,45
262,190,25
262,191,-18
262,192,50
262,193,-74
262,194,-76
262,195,84
262,196,58
262,197,-7
262,198,38
262,199,-75
262,200,-47
262,201,8
262,202,-89
262,203,-73
262,204,-47
262,205,-23
262,206,-26
262,207,-9
262,208,-6
262,209,34
262,210,29
262,211,-67
262,212,-64
262,213,2
262,214,-91
262,215,-25
262,216,-82
262,217,85
262,218,-93
262,219,-46
262,220,-56
262,221,-98
262,222,21
262,223,70
262,224,-36
262,225,-67
262,226,82
262,227,-45
262,228,57
262,229,59
262,230,53
262,231,66
262,232,-24
262,233,27
262,234,47
262,235,7
262,236,20
262,237,-51
262,238,-90
262,239,-86
262,240,-65
262,241,-44
262,242,-64
262,243,14
262,244,-12
262,245,91
262,246,40
262,247,28
262,248,20
262,249,-18
262,250,-76
262,251,-9
262,252,-1
262,253,28
262,254,-53
262,255,63
262,256,59
262,257,75
262,258,15
262,259,-91
262,260,35
262,261,-96
262,262,38
262,263,-61
262,264,-94
262,265,-3
262,266,46
262,267,-97
262,268,-2
262,269,-82
262,270,26
262,271,-45
262,272,-19
262,273,62
262,274,4
262,275,-98
262,276,-20
262,277,53
262,278,-70
262,279,25
262,280,-18
262,281,-76
262,282,-60
262,283,9
262,284,88
262,285,-24
262,286,16
262,287,36
262,288,-27
262,289,13
262,290,92
262,291,-3
262,292,68
262,293,90
262,294,-44
262,295,-24
262,296,8
262,297,37
262,298,-69
262,299,82
263,0,69
263,1,49
263,2,55
263,3,-85
263,4,83
263,5,57
263,6,-22
263,7,-99
263,8,74
263,9,47
263,10,-18
263,11,-2
263,12,5
263,13,-41
263,14,28
263,15,44
263,16,32
263,17,-39
263,18,-25
263,19,-100
263,20,-71
263,21,-76
263,22,8
263,23,74
263,24,86
263,25,-66
263,26,-99
263,27,53
263,28,-81
263,29,61
263,30,95
263,31,13
263,32,66
263,33,-32
263,34,58
263,35,-85
263,36,51
263,37,-88
263,38,-10
263,39,-98
263,40,33
263,41,-77
263,42,-19
263,43,-8
263,44,-82
263,45,40
263,46,71
263,47,17
263,48,79
263,49,26
263,50,-25
263,51,80
263,52,49
263,53,45
263,54,-40
263,55,-81
263,56,78
263,57,-31
263,58,-81
263,59,22
263,60,-2
263,61,-5
263,62,50
263,63,61
263,64,87
263,65,-76
263,66,-49
263,67,26
263,68,53
263,69,-13
263,70,-37
263,71,64
263,72,-66
263,73,22
263,74,-86
263,75,49
263,76,68
263,77,-12
263,78,53
263,79,-10
263,80,-16
263,81,80
263,82,82
263,83,90
263,84,95
263,85,-37
263,86,65
263,87,-84
263,88,32
263,89,-77
263,90,-47
263,91,87
263,92,58
263,93,-27
263,94,-95
263,95,-65
263,96,-8
263,97,-10
263,98,89
263,99,-99
263,100,99
263,101,-33
263,102,25
263,103,-26
263,104,-42
263,105,-36
263,106,68
263,107,4
263,108,-74
263,109,73
263,110,-11
263,111,51
263,112,90
263,113,-13
263,114,-6
263,115,-19
263,116,42
263,117,77
263,118,59
263,119,-80
263,120,-15
263,121,75
263,122,6
263,123,-9
263,124,74
263,125,17
263,126,-8
263,127,-99
263,128,28
263,129,12
263,130,-50
263,131,58
263,132,37
263,133,-85
263,134,-97
263,135,32
263,136,88
263,137,-20
263,138,65
263,139,-58
263,140,20
263,141,-23
263,142,25
263,143,52
263,144,-91
263,145,-58
263,146,83
263,147,-97
263,148,-82
263,149,-84
263,150,-38
263,151,-13
263,152,89
263,153,8
263,154,-86
263,155,-77
263,156,26
263,157,-74
263,158,-68
263,159,-100
263,160,76
263,161,-22
263,162,39
263,163,-3
263,164,51
263,165,-26
263,166,22
263,167,45
263,168,6
263,169,-94
263,170,-49
263,171,-98
263,172,38
263,173,85
263,174,-49
263,175,-22
263,176,69
263,177,57
263,178,-84
263,179,-7
263,180,61
263,181,45
263,182,-10
263,183,33
263,184,99
263,185,45
263,186,23
263,187,57
263,188,-96
263,189,-60
263,190,87
263,191,18
263,192,-95
263,193,-6
263,194,46
263,195,45
263,196,10
263,197,39
263,198,-5
263,199,-93
263,200,76
263,201,37
263,202,74
263,203,61
263,204,-5
263,205,-72
263,206,-39
263,207,89
263,208,-84
263,209,59
263,210,-87
263,211,-63
263,212,46
263,213,-52
263,214,-60
263,215,10
263,216,-41
263,217,82
263,218,-78
263,219,77
263,220,75
263,221,-66
263,222,-65
263,223,-80
263,224,-86
263,225,-56
263,226,-19
263,227,-83
263,228,50
263,229,-1
263,230,80
263,231,-3
263,232,84
263,233,-35
263,234,-49
263,235,-29
263,236,-40
263,237,-96
263,238,-71
263,239,85
263,240,-74
263,241,-81
263,242,-3
263,243,31
263,244,7
263,245,93
263,246,-67
263,247,70
263,248,-10
263,249,10
263,250,44
263,251,71
263,252,-94
263,253,-90
263,254,-15
263,255,11
263,256,20
263,257,81
263,258,57
263,259,-80
263,260,34
263,261,0
263,262,17
263,263,89
263,264,-2
263,265,80
263,266,21
263,267,-44
263,268,84
263,269,-100
263,270,-2
263,271,33
263,272,28
263,273,-8
263,274,50
263,275,94
263,276,47
263,277,-14
263,278,54
263,279,81
263,280,-85
263,281,25
263,282,-16
263,283,20
263,284,39
263,285,-42
263,286,40
263,287,99
263,288,43
263,289,-64
263,290,25
263,291,13
263,292,-99
263,293,10
263,294,95
263,295,44
263,296,56
263,297,99
263,298,83
263,299,22
264,0,57
264,1,57
264,2,49
264,3,-13
264,4,72
264,5,-51
264,6,38
264,7,-5
264,8,18
264,9,-81
264,10,91
264,11,-26
264,12,-42
264,13,88
264,14,-4
264,15,-1
264,16,-78
264,17,61
264,18,12
264,19,-60
264,20,35
264,21,49
264,22,7
264,23,-14
264,24,-35
264,25,95
264,26,-33
264,27,55
264,28,24
264,29,-5
264,30,-67
264,31,-99
264,32,65
264,33,-33
264,34,98
264,35,47
264,36,-86
264,37,-33
264,38,80
264,39,-53
264,40,23
264,41,-33
264,42,-27
264,43,-76
264,44,-97
264,45,-74
264,46,4
264,47,-15
264,48,-37
264,49,-89
264,50,-42
264,51,61
264,52,-41
264,53,55
264,54,90
264,55,-4
264,56,-30
264,57,77
264,58,-4
264,59,-68
264,60,21
264,61,-16
264,62,-86
264,63,10
264,64,84
264,65,21
264,66,-88
264,67,51
264,68,-74
264,69,25
264,70,8
264,71,-65
264,72,-9
264,73,-8
264,74,-81
264,75,41
264,76,3
264,77,-88
264,78,-33
264,79,15
264,80,-35
264,81,-20
264,82,-24
264,83,-96
264,84,66
264,85,1
264,86,-6
264,87,87
264,88,-4
264,89,-93
264,90,24
264,91,20
264,92,-36
264,93,12
264,94,19
264,95,55
264,96,-25
264,97,-72
264,98,-45
264,99,-85
264,100,-5
264,101,46
264,102,80
264,103,9
264,104,24
264,105,96
264,106,-84
264,107,-80
264,108,86
264,109,30
264,110,-17
264,111,57
264,112,-14
264,113,98
264,114,92
264,115,-70
264,116,44
264,117,62
264,118,86
264,119,30
264,120,-40
264,121,88
264,122,77
264,123,-41
264,124,70
264,125,1
264,126,75
264,127,-50
264,128,-22
264,129,-25
264,130,-74
264,131,-48
264,132,92
264,133,50
264,134,-47
264,135,-72
264,136,-57
264,137,38
264,138,-99
264,139,-47
264,140,-68
264,141,77
264,142,62
264,143,37
264,144,-13
264,145,-64
264,146,-97
264,147,71
264,148,56
264,149,21
264,150,24
264,151,8
264,152,-86
264,153,-93
264,154,64
264,155,-12
264,156,67
264,157,-36
264,158,-58
264,159,75
264,160,55
264,161,-87
264,162,3
264,163,-23
264,164,56
264,165,-85
264,166,-80
264,167,66
264,168,88
264,169,-79
264,170,-94
264,171,40
264,172,88
264,173,11
264,174,-65
264,175,40
264,176,19
264,177,-68
264,178,-3
264,179,26
264,180,-11
264,181,83
264,182,8
264,183,18
264,184,-72
264,185,19
264,186,42
264,187,57
264,188,62
264,189,3
264,190,-42
264,191,61
264,192,-2
264,193,53
264,194,46
264,195,93
264,196,-49
264,197,72
264,198,-85
264,199,75
264,200,-76
264,201,-77
264,202,93
264,203,-76
264,204,58
264,205,-54
264,206,21
264,207,2
264,208,75
264,209,34
264,210,20
264,211,97
264,212,-38
264,213,95
264,214,-52
264,215,-37
264,216,-3
264,217,96
264,218,-6
264,219,31
264,220,14
264,221,-12
264,222,-73
264,223,50
264,224,44
264,225,41
264,226,-99
264,227,56
264,228,39
264,229,-21
264,230,-32
264,231,-13
264,232,-90
264,233,7
264,234,63
264,235,31
264,236,-50
264,237,-47
264,238,-85
264,239,41
264,240,-72
264,241,-3
264,242,-56
264,243,-10
264,244,98
264,245,95
264,246,-9
264,247,-47
264,248,-82
264,249,-94
264,250,8
264,251,-14
264,252,-51
264,253,-56
264,254,-7
264,255,69
264,256,-39
264,257,77
264,258,94
264,259,57
264,260,-50
264,261,-54
264,262,71
264,263,-16
264,264,28
264,265,87
264,266,28
264,267,63
264,268,0
264,269,-13
264,270,60
264,271,89
264,272,-43
264,273,-96
264,274,49
264,275,-27
264,276,14
264,277,6
264,278,90
264,279,-16
264,280,-27
264,281,-50
264,282,90
264,283,-28
264,284,-41
264,285,-59
264,286,37
264,287,-81
264,288,56
264,289,91
264,290,59
264,291,-39
264,292,-50
264,293,-6
264,294,85
264,295,-59
264,296,98
264,297,-4
264,298,83
264,299,48
265,0,76
265,1,-1
265,2,-36
265,3,51
265,4,-63
265,5,75
265,6,-97
265,7,-19
265,8,50
265,9,36
265,10,7
265,11,98
265,12,-50
265,13,72
265,14,15
265,15,-44
265,16,-75
265,17,49
265,18,-63
265,19,-65
265,20,18
265,21,38
265,22,-34
265,23,12
265,24,11
265,25,-38
265,26,-55
265,27,64
265,28,-29
265,29,-93
265,30,77
265,31,80
265,32,-22
265,33,12
265,34,18
265,35,70
265,36,-80
265,37,-50
265,38,-7
265,39,-84
265,40,30
265,41,-8
265,42,53
265,43,88
265,44,-17
265,45,86
265,46,-60
265,47,-52
265,48,-5
265,49,-59
265,50,-62
265,51,90
265,52,95
265,53,-14
265,54,-53
265,55,26
265,56,-86
265,57,8
265,58,72
265,59,-20
265,60,-87
265,61,-78
265,62,-94
265,63,-3
265,64,-62
265,65,28
265,66,-42
265,67,-95
265,68,90
265,69,-28
265,70,94
265,71,62
265,72,2
265,73,5
265,74,-90
265,75,-27
265,76,15
265,77,-4
265,78,0
265,79,75
265,80,-37
265,81,8
265,82,-91
265,83,-63
265,84,10
265,85,-5
265,86,40
265,87,81
265,88,-88
265,89,-20
265,90,62
265,91,96
265,92,-38
265,93,39
265,94,-23
265,95,-55
265,96,-57
265,97,81
265,98,8
265,99,40
265,100,48
265,101,-88
265,102,-61
265,103,6
265,104,-88
265,105,65
265,106,27
265,107,23
265,108,32
265,109,-83
265,110,-22
265,111,-66
265,112,-87
265,113,67
265,114,-89
265,115,68
265,116,-11
265,117,-82
265,118,63
265,119,69
265,120,88
265,121,-22
265,122,-44
265,123,65
265,124,67
265,125,73
265,126,-19
265,127,38
265,128,2
265,129,-48
265,130,-28
265,131,90
265,132,-76
265,133,7
265,134,3
265,135,83
265,136,60
265,137,1
265,138,37
265,139,99
265,140,-91
265,141,58
265,142,-36
265,143,-22
265,144,76
265,145,71
265,146,-25
265,147,48
265,148,-39
265,149,-7
265,150,-83
265,151,31
265,152,-98
265,153,-95
265,154,-80
265,155,-40
265,156,-80
265,157,-23
265,158,-78
265,159,-10
265,160,2
265,161,-87
265,162,-36
265,163,-54
265,164,87
265,165,-61
265,166,-41
265,167,22
265,168,-22
265,169,-11
265,170,61
265,171,-71
265,172,34
265,173,-80
265,174,-42
265,175,-62
265,176,91
265,177,95
265,178,-51
265,179,-85
265,180,-20
265,181,-26
265,182,19
265,183,10
265,184,-49
265,185,-35
265,186,-91
265,187,-15
265,188,-86
265,189,-78
265,190,-26
265,191,-79
265,192,-54
265,193,-35
265,194,7
265,195,37
265,196,89
265,197,81
265,198,49
265,199,-91
265,200,-47
265,201,-31
265,202,94
265,203,-78
265,204,41
265,205,47
265,206,72
265,207,88
265,208,-46
265,209,-39
265,210,2
265,211,48
265,212,-54
265,213,10
265,214,-19
265,215,99
265,216,22
265,217,91
265,218,33
265,219,-100
265,220,16
265,221,80
265,222,76
265,223,-55
265,224,45
265,225,-79
265,226,-12
265,227,54
265,228,83
265,229,76
265,230,17
265,231,83
265,232,-18
265,233,-10
265,234,-22
265,235,-79
265,236,76
265,237,-29
265,238,-85
265,239,-95
265,240,70
265,241,-16
265,242,92
265,243,-8
265,244,17
265,245,33
265,246,-52
265,247,32
265,248,-21
265,249,-32
265,250,-69
265,251,86
265,252,-54
265,253,-60
265,254,58
265,255,84
265,256,-70
265,257,29
265,258,-92
265,259,-50
265,260,-53
265,261,86
265,262,-68
265,263,-7
265,264,-77
265,265,46
265,266,-47
265,267,70
265,268,-31
265,269,25
265,270,-51
265,271,-77
265,272,-70
265,273,-67
265,274,93
265,275,-38
265,276,-84
265,277,0
265,278,2
265,279,46
265,280,-56
265,281,-31
265,282,-11
265,283,-21
265,284,17
265,285,37
265,286,12
265,287,63
265,288,66
265,289,-14
265,290,-37
265,291,41
265,292,89
265,293,-56
265,294,-81
265,295,-77
265,296,3
265,297,47
265,298,-19
265,299,-30
266,0,41
266,1,-82
266,2,-15
266,3,-73
266,4,25
266,5,36
266,6,-42
266,7,-64
266,8,-85
266,9,63
266,10,17
266,11,-48
266,12,19
266,13,-77
266,14,12
266,15,60
266,16,-39
266,17,-32
266,18,51
266,19,-21
266,20,-6
266,21,-34
266,22,5
266,23,-78
266,24,-8
266,25,-30
266,26,63
266,27,-86
266,28,21
266,29,64
266,30,66
266,31,24
266,32,-56
266,33,-65
266,34,-48
266,35,-59
266,36,-58
266,37,-49
266,38,92
266,39,80
266,40,97
266,41,99
266,42,-17
266,43,-85
266,44,68
266,45,-10
266,46,93
266,47,-55
266,48,-91
266,49,-59
266,50,-75
266,51,-83
266,52,-1
266,53,-66
266,54,-58
266,55,37
266,56,3
266,57,-34
266,58,-52
266,59,52
266,60,12
266,61,-71
266,62,-33
266,63,58
266,64,-83
266,65,60
266,66,-32
266,67,98
266,68,-35
266,69,86
266,70,-20
266,71,74
266,72,-73
266,73,24
266,74,9
266,75,89
266,76,36
266,77,-2
266,78,-34
266,79,85
266,80,-67
266,81,66
266,82,43
266,83,70
266,84,94
266,85,43
266,86,5
266,87,-75
266,88,-67
266,89,8
266,90,6
266,91,74
266,92,-41
266,93,-74
266,94,52
266,95,14
266,96,88
266,97,-72
266,98,41
266,99,-67
266,100,-15
266,101,-89
266,102,-53
266,103,-88
266,104,-67
266,105,-71
266,106,12
266,107,64
266,108,59
266,109,5
266,110,-70
266,111,19
266,112,-51
266,113,-54
266,114,72
266,115,-94
266,116,8
266,117,-93
266,118,-35
266,119,-10
266,120,94
266,121,17
266,122,43
266,123,-60
266,124,-92
266,125,43
266,126,13
266,127,44
266,128,55
266,129,91
266,130,13
266,131,93
266,132,-3
266,133,10
266,134,-98
266,135,-89
266,136,-47
266,137,-37
266,138,69
266,139,71
266,140,12
266,141,85
266,142,97
266,143,-99
266,144,-56
266,145,89
266,146,61
266,147,23
266,148,-8
266,149,-88
266,150,-25
266,151,-98
266,152,51
266,153,-44
266,154,-60
266,155,0
266,156,-100
266,157,-14
266,158,-92
266,159,-89
266,160,-73
266,161,87
266,162,10
266,163,-51
266,164,-95
266,165,-96
266,166,-70
266,167,-12
266,168,17
266,169,-63
266,170,33
266,171,-82
266,172,-69
266,173,90
266,174,68
266,175,-35
266,176,10
266,177,-79
266,178,25
266,179,-46
266,180,2
266,181,56
266,182,-84
266,183,-31
266,184,63
266,185,-24
266,186,46
266,187,-78
266,188,-20
266,189,42
266,190,-27
266,191,98
266,192,-89
266,193,-5
266,194,-4
266,195,-93
266,196,-56
266,197,-47
266,198,-58
266,199,39
266,200,15
266,201,-47
266,202,35
266,203,11
266,204,39
266,205,70
266,206,33
266,207,54
266,208,32
266,209,-38
266,210,-57
266,211,78
266,212,66
266,213,14
266,214,-37
266,215,51
266,216,-5
266,217,-99
266,218,-29
266,219,57
266,220,-14
266,221,-40
266,222,45
266,223,-77
266,224,-91
266,225,-88
266,226,-91
266,227,-12
266,228,26
266,229,76
266,230,-64
266,231,-23
266,232,-20
266,233,-32
266,234,4
266,235,-27
266,236,-31
266,237,-17
266,238,-39
266,239,-55
266,240,13
266,241,-21
266,242,71
266,243,80
266,244,-24
266,245,-74
266,246,75
266,247,89
266,248,-23
266,249,15
266,250,-7
266,251,0
266,252,-31
266,253,14
266,254,67
266,255,-55
266,256,7
266,257,-83
266,258,89
266,259,79
266,260,-1
266,261,-74
266,262,-56
266,263,66
266,264,-64
266,265,-25
266,266,-20
266,267,-64
266,268,86
266,269,-8
266,270,-97
266,271,-94
266,272,-41
266,273,23
266,274,-53
266,275,50
266,276,51
266,277,-79
266,278,22
266,279,-48
266,280,-52
266,281,53
266,282,-74
266,283,-78
266,284,4
266,285,57
266,286,-19
266,287,95
266,288,-17
266,289,-47
266,290,-8
266,291,-86
266,292,-79
266,293,49
266,294,13
266,295,-50
266,296,73
266,297,28
266,298,-31
266,299,-3
267,0,-85
267,1,72
267,2,48
267,3,61
267,4,-35
267,5,57
267,6,59
267,7,-26
267,8,-46
267,9,49
267,10,44
267,11,57
267,12,-39
267,13,78
267,14,35
267,15,-59
267,16,66
267,17,71
267,18,36
267,19,-84
267,20,-60
267,21,-86
267,22,18
267,23,9
267,24,16
267,25,61
267,26,79
267,27,58
267,28,9
267,29,-76
267,30,-93
267,31,-21
267,32,23
267,33,73
267,34,16
267,35,-81
267,36,-84
267,37,9
267,38,-55
267,39,-87
267,40,88
267,41,31
267,42,-60
267,43,22
267,44,-7
267,45,-72
267,46,-11
267,47,-54
267,48,-57
267,49,72
267,50,-20
267,51,82
267,52,86
267,53,24
267,54,-43
267,55,-25
267,56,-52
267,57,-10
267,58,-58
267,59,77
267,60,-56
267,61,-67
267,62,10
267,63,47
267,64,9
267,65,-82
267,66,-4
267,67,12
267,68,25
267,69,91
267,70,92
267,71,-81
267,72,-61
267,73,82
267,74,-4
267,75,-34
267,76,-26
267,77,66
267,78,-81
267,79,-14
267,80,41
267,81,-57
267,82,11
267,83,93
267,84,68
267,85,67
267,86,44
267,87,48
267,88,-22
267,89,29
267,90,48
267,91,-7
267,92,-12
267,93,-60
267,94,-99
267,95,-51
267,96,-48
267,97,13
267,98,-14
267,99,22
267,100,-74
267,101,89
267,102,55
267,103,-83
267,104,-43
267,105,-92
267,106,68
267,107,57
267,108,67
267,109,-71
267,110,97
267,111,-13
267,112,99
267,113,88
267,114,-54
267,115,90
267,116,14
267,117,45
267,118,-50
267,119,14
267,120,-26
267,121,98
267,122,-89
267,123,38
267,124,47
267,125,-36
267,126,21
267,127,-56
267,128,2
267,129,95
267,130,90
267,131,-96
267,132,30
267,133,-28
267,134,83
267,135,17
267,136,59
267,137,66
267,138,-83
267,139,82
267,140,-30
267,141,88
267,142,70
267,143,76
267,144,65
267,145,66
267,146,-100
267,147,86
267,148,93
267,149,-78
267,150,52
267,151,-73
267,152,84
267,153,57
267,154,-45
267,155,37
267,156,55
267,157,79
267,158,-77
267,159,-15
267,160,73
267,161,51
267,162,23
267,163,-49
267,164,-72
267,165,44
267,166,83
267,167,1
267,168,91
267,169,-77
267,170,-23
267,171,37
267,172,48
267,173,43
267,174,56
267,175,16
267,176,-66
267,177,-77
267,178,-6
267,179,-90
267,180,31
267,181,-22
267,182,55
267,183,56
267,184,98
267,185,63
267,186,-28
267,187,-24
267,188,57
267,189,-46
267,190,89
267,191,-30
267,192,-20
267,193,-78
267,194,-73
267,195,-28
267,196,-62
267,197,-11
267,198,92
267,199,-23
267,200,-19
267,201,-64
267,202,51
267,203,-85
267,204,-25
267,205,-7
267,206,11
267,207,68
267,208,33
267,209,34
267,210,-38
267,211,-64
267,212,95
267,213,26
267,214,3
267,215,-62
267,216,-59
267,217,64
267,218,-29
267,219,-67
267,220,-97
267,221,63
267,222,-22
267,223,-43
267,224,36
267,225,-31
267,226,-30
267,227,70
267,228,32
267,229,-68
267,230,-3
267,231,75
267,232,-88
267,233,-54
267,234,91
267,235,70
267,236,-22
267,237,88
267,238,-49
267,239,-77
267,240,32
267,241,15
267,242,-70
267,243,81
267,244,98
267,245,98
267,246,38
267,247,-67
267,248,38
267,249,-12
267,250,91
267,251,-23
267,252,-6
267,253,96
267,254,-29
267,255,-60
267,256,33
267,257,-58
267,258,-26
267,259,57
267,260,-3
267,261,4
267,262,-60
267,263,-44
267,264,-96
267,265,30
267,266,-14
267,267,72
267,268,94
267,269,83
267,270,59
267,271,64
267,272,53
267,273,-16
267,274,18
267,275,91
267,276,97
267,277,0
267,278,-37
267,279,-96
267,280,-7
267,281,-76
267,282,-12
267,283,45
267,284,38
267,285,93
267,286,70
267,287,-54
267,288,19
267,289,-93
267,290,-25
267,291,63
267,292,43
267,293,-53
267,294,-63
267,295,60
267,296,-10
267,297,58
267,298,-22
267,299,-98
268,0,56
268,1,-78
268,2,26
268,3,6
268,4,-39
268,5,82
268,6,-84
268,7,91
268,8,-87
268,9,79
268,10,66
268,11,31
268,12,-15
268,13,23
268,14,94
268,15,62
268,16,53
268,17,-10
268,18,29
268,19,89
268,20,1
268,21,98
268,22,22
268,23,86
268,24,58
268,25,60
268,26,48
268,27,-42
268,28,-53
268,29,-81
268,30,15
268,31,-55
268,32,-61
268,33,64
268,34,78
268,35,-9
268,36,80
268,37,90
268,38,61
268,39,66
268,40,34
268,41,-53
268,42,-15
268,43,21
268,44,38
268,45,-9
268,46,65
268,47,13
268,48,69
268,49,33
268,50,-96
268,51,-96
268,52,41
268,53,-48
268,54,-38
268,55,-42
268,56,-10
268,57,-25
268,58,-50
268,59,83
268,60,-26
268,61,19
268,62,-21
268,63,-3
268,64,67
268,65,-61
268,66,24
268,67,-82
268,68,58
268,69,62
268,70,93
268,71,18
268,72,81
268,73,-4
268,74,-65
268,75,-34
268,76,-95
268,77,58
268,78,9
268,79,15
268,80,-81
268,81,77
268,82,-4
268,83,75
268,84,-22
268,85,-27
268,86,36
268,87,0
268,88,91
268,89,-6
268,90,-89
268,91,61
268,92,66
268,93,-99
268,94,-59
268,95,-58
268,96,86
268,97,-30
268,98,-34
268,99,46
268,100,-92
268,101,24
268,102,-39
268,103,-15
268,104,-77
268,105,81
268,106,67
268,107,-100
268,108,-87
268,109,-41
268,110,-19
268,111,-60
268,112,36
268,113,57
268,114,96
268,115,0
268,116,47
268,117,-3
268,118,53
268,119,-57
268,120,11
268,121,7
268,122,-72
268,123,-3
268,124,27
268,125,55
268,126,-83
268,127,70
268,128,40
268,129,-51
268,130,12
268,131,11
268,132,-70
268,133,-84
268,134,5
268,135,12
268,136,-81
268,137,28
268,138,-39
268,139,34
268,140,68
268,141,-20
268,142,-50
268,143,14
268,144,28
268,145,-6
268,146,-93
268,147,6
268,148,4
268,149,-52
268,150,79
268,151,-1
268,152,-91
268,153,-51
268,154,-8
268,155,21
268,156,43
268,157,-53
268,158,-83
268,159,61
268,160,-81
268,161,60
268,162,98
268,163,-94
268,164,75
268,165,-97
268,166,-78
268,167,-84
268,168,-57
268,169,-49
268,170,-61
268,171,-92
268,172,24
268,173,73
268,174,-60
268,175,13
268,176,-84
268,177,10
268,178,54
268,179,-9
268,180,-29
268,181,-13
268,182,-31
268,183,13
268,184,-5
268,185,-45
268,186,8
268,187,-47
268,188,19
268,189,95
268,190,-84
268,191,-81
268,192,80
268,193,-9
268,194,95
268,195,83
268,196,9
268,197,-32
268,198,32
268,199,-92
268,200,79
268,201,-32
268,202,61
268,203,9
268,204,20
268,205,-22
268,206,58
268,207,80
268,208,-37
268,209,-18
268,210,-56
268,211,-95
268,212,6
268,213,-70
268,214,-38
268,215,-100
268,216,-32
268,217,-51
268,218,44
268,219,-45
268,220,-10
268,221,-52
268,222,-78
268,223,18
268,224,-64
268,225,24
268,226,-68
268,227,-58
268,228,3
268,229,-79
268,230,-85
268,231,-97
268,232,-65
268,233,-7
268,234,-97
268,235,-22
268,236,-85
268,237,-41
268,238,-8
268,239,23
268,240,-5
268,241,44
268,242,79
268,243,45
268,244,95
268,245,15
268,246,28
268,247,25
268,248,81
268,249,-51
268,250,-66
268,251,88
268,252,-53
268,253,-38
268,254,-79
268,255,-8
268,256,-8
268,257,-28
268,258,54
268,259,90
268,260,-97
268,261,-26
268,262,99
268,263,-43
268,264,95
268,265,-29
268,266,14
268,267,-29
268,268,40
268,269,-2
268,270,85
268,271,10
268,272,-56
268,273,-81
268,274,-75
268,275,75
268,276,-10
268,277,30
268,278,98
268,279,-36
268,280,16
268,281,84
268,282,7
268,283,65
268,284,5
268,285,-36
268,286,37
268,287,-3
268,288,-62
268,289,-6
268,290,0
268,291,-28
268,292,64
268,293,-70
268,294,-60
268,295,80
268,296,47
268,297,-11
268,298,-6
268,299,-44
269,0,68
269,1,47
269,2,-75
269,3,26
269,4,-26
269,5,-37
269,6,91
269,7,-95
269,8,-65
269,9,-75
269,10,82
269,11,10
269,12,-98
269,13,-88
269,14,18
269,15,-40
269,16,-60
269,17,65
269,18,-15
269,19,65
269,20,51
269,21,14
269,22,13
269,23,19
269,24,52
269,25,-27
269,26,43
269,27,-14
269,28,-78
269,29,74
269,30,22
269,31,-58
269,32,40
269,33,-74
269,34,-52
269,35,-52
269,36,89
269,37,-32
269,38,48
269,39,48
269,40,-13
269,41,-95
269,42,9
269,43,-6
269,44,56
269,45,-18
269,46,27
269,47,-81
269,48,29
269,49,-42
269,50,-93
269,51,-15
269,52,18
269,53,-60
269,54,4
269,55,-93
269,56,57
269,57,78
269,58,98
269,59,53
269,60,-78
269,61,-46
269,62,85
269,63,16
269,64,27
269,65,11
269,66,-72
269,67,-34
269,68,-18
269,69,-71
269,70,79
269,71,60
269,72,25
269,73,77
269,74,-96
269,75,59
269,76,-87
269,77,91
269,78,83
269,79,70
269,80,83
269,81,-18
269,82,-47
269,83,-27
269,84,-49
269,85,-25
269,86,22
269,87,-56
269,88,17
269,89,8
269,90,-15
269,91,-64
269,92,41
269,93,99
269,94,-64
269,95,66
269,96,86
269,97,87
269,98,34
269,99,-22
269,100,70
269,101,39
269,102,-86
269,103,75
269,104,-66
269,105,-86
269,106,56
269,107,-59
269,108,71
269,109,-85
269,110,99
269,111,44
269,112,-29
269,113,52
269,114,-40
269,115,-94
269,116,48
269,117,-35
269,118,-37
269,119,50
269,120,-85
269,121,-32
269,122,7
269,123,78
269,124,25
269,125,93
269,126,-91
269,127,3
269,128,-4
269,129,69
269,130,-12
269,131,96
269,132,-91
269,133,29
269,134,-12
269,135,38
269,136,20
269,137,33
269,138,-60
269,139,-92
269,140,80
269,141,12
269,142,17
269,143,14
269,144,-46
269,145,72
269,146,4
269,147,-5
269,148,-67
269,149,-32
269,150,32
269,151,-73
269,152,-55
269,153,54
269,154,72
269,155,-52
269,156,-46
269,157,-85
269,158,95
269,159,-43
269,160,-37
269,161,-56
269,162,-7
269,163,-37
269,164,36
269,165,15
269,166,-52
269,167,-82
269,168,75
269,169,-18
269,170,-10
269,171,-73
269,172,86
269,173,-92
269,174,25
269,175,-74
269,176,31
269,177,-13
269,178,46
269,179,-74
269,180,-95
269,181,-49
269,182,-4
269,183,25
269,184,69
269,185,89
269,186,25
269,187,25
269,188,81
269,189,57
269,190,-3
269,191,28
269,192,-42
269,193,7
269,194,-32
269,195,36
269,196,-98
269,197,26
269,198,56
269,199,-80
269,200,-78
269,201,-78
269,202,-98
269,203,-94
269,204,-3
269,205,-93
269,206,89
269,207,96
269,208,-38
269,209,-66
269,210,-91
269,211,-26
269,212,27
269,213,-42
269,214,98
269,215,88
269,216,-81
269,217,40
269,218,30
269,219,-6
269,220,-47
269,221,56
269,222,70
269,223,15
269,224,59
269,225,-13
269,226,13
269,227,-92
269,228,-21
269,229,82
269,230,-96
269,231,-66
269,232,76
269,233,93
269,234,-47
269,235,72
269,236,-32
269,237,-1
269,238,23
269,239,-83
269,240,54
269,241,-26
269,242,-82
269,243,-80
269,244,-72
269,245,-63
269,246,86
269,247,21
269,248,-77
269,249,92
269,250,23
269,251,-89
269,252,-40
269,253,-37
269,254,73
269,255,2
269,256,-56
269,257,-98
269,258,37
269,259,5
269,260,92
269,261,44
269,262,79
269,263,63
269,264,11
269,265,99
269,266,83
269,267,-15
269,268,73
269,269,-66
269,270,-87
269,271,35
269,272,-11
269,273,51
269,274,-22
269,275,30
269,276,-13
269,277,-50
269,278,-100
269,279,-87
269,280,-19
269,281,-73
269,282,-51
269,283,-74
269,284,-39
269,285,98
269,286,87
269,287,35
269,288,-50
269,289,2
269,290,54
269,291,-19
269,292,14
269,293,-6
269,294,-99
269,295,65
269,296,40
269,297,-90
269,298,93
269,299,90
270,0,-27
270,1,99
270,2,-83
270,3,57
270,4,88
270,5,28
270,6,17
270,7,-92
270,8,42
270,9,-35
270,10,-13
270,11,-43
270,12,-98
270,13,54
270,14,-79
270,15,46
270,16,21
270,17,-20
270,18,-58
270,19,0
270,20,-94
270,21,-90
270,22,-12
270,23,-63
270,24,-6
270,25,-67
270,26,94
270,27,44
270,28,-58
270,29,-30
270,30,-47
270,31,32
270,32,76
270,33,60
270,34,89
270,35,-63
270,36,97
270,37,82
270,38,-34
270,39,-81
270,40,-25
270,41,98
270,42,34
270,43,17
270,44,-66
270,45,-41
270,46,-26
270,47,41
270,48,68
270,49,-47
270,50,-68
270,51,-54
270,52,-21
270,53,-4
270,54,-12
270,55,26
270,56,94
270,57,7
270,58,57
270,59,-77
270,60,-34
270,61,24
270,62,15
270,63,-12
270,64,79
270,65,-8
270,66,4
270,67,11
270,68,-47
270,69,-82
270,70,64
270,71,-92
270,72,54
270,73,-7
270,74,-24
270,75,73
270,76,8
270,77,-43
270,78,-93
270,79,29
270,80,80
270,81,86
270,82,37
270,83,-4
270,84,38
270,85,86
270,86,27
270,87,-49
270,88,17
270,89,77
270,90,35
270,91,91
270,92,87
270,93,66
270,94,-45
270,95,-69
270,96,39
270,97,48
270,98,6
270,99,-26
270,100,-97
270,101,-36
270,102,58
270,103,2
270,104,53
270,105,-85
270,106,-1
270,107,3
270,108,60
270,109,98
270,110,52
270,111,44
270,112,96
270,113,68
270,114,19
270,115,-86
270,116,33
270,117,72
270,118,-33
270,119,47
270,120,-30
270,121,73
270,122,-14
270,123,33
270,124,64
270,125,-1
270,126,72
270,127,-77
270,128,-47
270,129,5
270,130,52
270,131,73
270,132,21
270,133,-53
270,134,-31
270,135,-84
270,136,17
270,137,17
270,138,65
270,139,-41
270,140,55
270,141,-21
270,142,-16
270,143,-61
270,144,-59
270,145,-31
270,146,-13
270,147,40
270,148,88
270,149,-89
270,150,26
270,151,5
270,152,-98
270,153,77
270,154,6
270,155,-98
270,156,74
270,157,-51
270,158,56
270,159,14
270,160,-83
270,161,-48
270,162,45
270,163,90
270,164,-78
270,165,49
270,166,80
270,167,73
270,168,41
270,169,-69
270,170,68
270,171,-46
270,172,40
270,173,-26
270,174,-54
270,175,-18
270,176,-32
270,177,-8
270,178,59
270,179,92
270,180,-12
270,181,53
270,182,-74
270,183,55
270,184,58
270,185,98
270,186,9
270,187,-49
270,188,-2
270,189,20
270,190,55
270,191,30
270,192,42
270,193,-67
270,194,-51
270,195,-37
270,196,78
270,197,-8
270,198,-25
270,199,9
270,200,82
270,201,-60
270,202,91
270,203,95
270,204,33
270,205,52
270,206,86
270,207,-56
270,208,-40
270,209,-80
270,210,-93
270,211,89
270,212,27
270,213,-88
270,214,-4
270,215,75
270,216,12
270,217,71
270,218,41
270,219,98
270,220,-42
270,221,97
270,222,28
270,223,-99
270,224,-52
270,225,-26
270,226,7
270,227,54
270,228,-82
270,229,15
270,230,-84
270,231,-80
270,232,83
270,233,-100
270,234,-26
270,235,-13
270,236,42
270,237,33
270,238,41
270,239,50
270,240,-54
270,241,20
270,242,-70
270,243,79
270,244,85
270,245,-51
270,246,64
270,247,12
270,248,-25
270,249,90
270,250,-49
270,251,73
270,252,-34
270,253,-34
270,254,-60
270,255,-60
270,256,34
270,257,82
270,258,1
270,259,85
270,260,-69
270,261,70
270,262,-98
270,263,75
270,264,69
270,265,39
270,266,34
270,267,-8
270,268,43
270,269,27
270,270,-12
270,271,9
270,272,67
270,273,-16
270,274,0
270,275,17
270,276,64
270,277,25
270,278,-95
270,279,78
270,280,55
270,281,43
270,282,37
270,283,95
270,284,-14
270,285,-60
270,286,-93
270,287,19
270,288,-49
270,289,38
270,290,-44
270,291,58
270,292,-88
270,293,-53
270,294,56
270,295,46
270,296,-2
270,297,38
270,298,83
270,299,-20
271,0,-51
271,1,-60
271,2,-41
271,3,86
271,4,2
271,5,-15
271,6,-47
271,7,60
271,8,78
271,9,93
271,10,6
271,11,91
271,12,80
271,13,-48
271,14,-83
271,15,-92
271,16,57
271,17,90
271,18,-85
271,19,4
271,20,-100
271,21,-100
271,22,5
271,23,41
271,24,-59
271,25,-2
271,26,-49
271,27,27
271,28,45
271,29,-11
271,30,-39
271,31,-29
271,32,-87
271,33,92
271,34,-57
271,35,49
271,36,-33
271,37,89
271,38,-17
271,39,74
271,40,-57
271,41,-70
271,42,54
271,43,43
271,44,40
271,45,-19
271,46,-96
271,47,-72
271,48,-3
271,49,75
271,50,84
271,51,11
271,52,24
271,53,18
271,54,22
271,55,71
271,56,-67
271,57,-34
271,58,44
271,59,71
271,60,44
271,61,27
271,62,6
271,63,81
271,64,31
271,65,6
271,66,-14
271,67,-17
271,68,-55
271,69,40
271,70,-10
271,71,0
271,72,19
271,73,-32
271,74,43
271,75,59
271,76,-60
271,77,-16
271,78,-80
271,79,-9
271,80,48
271,81,-29
271,82,-8
271,83,35
271,84,-30
271,85,-16
271,86,35
271,87,13
271,88,-62
271,89,43
271,90,65
271,91,-71
271,92,-1
271,93,88
271,94,34
271,95,81
271,96,-15
271,97,-77
271,98,-58
271,99,-44
271,100,-54
271,101,83
271,102,-73
271,103,-69
271,104,-38
271,105,-33
271,106,-53
271,107,73
271,108,6
271,109,-13
271,110,-66
271,111,27
271,112,-8
271,113,-86
271,114,38
271,115,31
271,116,22
271,117,93
271,118,-19
271,119,-66
271,120,-29
271,121,76
271,122,-17
271,123,-28
271,124,-2
271,125,-49
271,126,29
271,127,63
271,128,-10
271,129,67
271,130,-57
271,131,-13
271,132,-11
271,133,-92
271,134,32
271,135,-83
271,136,-34
271,137,-23
271,138,93
271,139,92
271,140,-91
271,141,74
271,142,16
271,143,-71
271,144,26
271,145,-38
271,146,-28
271,147,-74
271,148,-6
271,149,43
271,150,-41
271,151,-87
271,152,15
271,153,-32
271,154,98
271,155,55
271,156,2
271,157,18
271,158,46
271,159,76
271,160,91
271,161,11
271,162,8
271,163,7
271,164,-19
271,165,84
271,166,-87
271,167,-79
271,168,60
271,169,-43
271,170,54
271,171,9
271,172,66
271,173,-62
271,174,59
271,175,-16
271,176,-54
271,177,74
271,178,-34
271,179,-38
271,180,-71
271,181,66
271,182,-15
271,183,-71
271,184,-69
271,185,-51
271,186,36
271,187,10
271,188,51
271,189,10
271,190,-3
271,191,-52
271,192,35
271,193,4
271,194,-44
271,195,-78
271,196,-95
271,197,-21
271,198,73
271,199,-65
271,200,-86
271,201,73
271,202,6
271,203,49
271,204,-29
271,205,56
271,206,31
271,207,70
271,208,-47
271,209,99
271,210,88
271,211,-95
271,212,-32
271,213,-32
271,214,-61
271,215,-69
271,216,81
271,217,-49
271,218,95
271,219,8
271,220,35
271,221,-80
271,222,35
271,223,54
271,224,-29
271,225,67
271,226,92
271,227,-63
271,228,57
271,229,38
271,230,-3
271,231,22
271,232,-22
271,233,-27
271,234,25
271,235,-84
271,236,-74
271,237,43
271,238,-45
271,239,-11
271,240,-84
271,241,98
271,242,32
271,243,-58
271,244,-2
271,245,-43
271,246,67
271,247,16
271,248,72
271,249,5
271,250,19
271,251,93
271,252,8
271,253,70
271,254,82
271,255,25
271,256,-46
271,257,-30
271,258,-61
271,259,-71
271,260,37
271,261,0
271,262,-95
271,263,-25
271,264,69
271,265,-79
271,266,-74
271,267,31
271,268,-40
271,269,95
271,270,-91
271,271,-57
271,272,65
271,273,88
271,274,65
271,275,-83
271,276,20
271,277,41
271,278,-95
271,279,19
271,280,-13
271,281,-35
271,282,-1
271,283,63
271,284,49
271,285,-70
271,286,52
271,287,88
271,288,24
271,289,-3
271,290,32
271,291,85
271,292,81
271,293,-76
271,294,-51
271,295,35
271,296,98
271,297,70
271,298,57
271,299,-62
272,0,71
272,1,15
272,2,-15
272,3,19
272,4,72
272,5,76
272,6,-68
272,7,-63
272,8,-23
272,9,24
272,10,-73
272,11,35
272,12,19
272,13,71
272,14,-1
272,15,66
272,16,-53
272,17,42
272,18,85
272,19,-4
272,20,7
272,21,-82
272,22,-23
272,23,-99
272,24,-23
272,25,-35
272,26,74
272,27,73
272,28,-71
272,29,-5
272,30,-47
272,31,-44
272,32,-43
272,33,63
272,34,65
272,35,91
272,36,31
272,37,28
272,38,2
272,39,36
272,40,14
272,41,-78
272,42,77
272,43,-39
272,44,-96
272,45,-100
272,46,-43
272,47,61
272,48,-64
272,49,3
272,50,14
272,51,84
272,52,90
272,53,-50
272,54,-93
272,55,-49
272,56,-28
272,57,64
272,58,-81
272,59,-55
272,60,-37
272,61,67
272,62,-87
272,63,-44
272,64,42
272,65,31
272,66,-62
272,67,-40
272,68,55
272,69,67
272,70,-54
272,71,64
272,72,-8
272,73,-57
272,74,-87
272,75,-35
272,76,-58
272,77,-47
272,78,17
272,79,61
272,80,42
272,81,-86
272,82,-56
272,83,30
272,84,66
272,85,74
272,86,-21
272,87,1
272,88,23
272,89,32
272,90,49
272,91,-72
272,92,-62
272,93,-15
272,94,65
272,95,-69
272,96,-15
272,97,35
272,98,-55
272,99,-31
272,100,-53
272,101,59
272,102,-53
272,103,76
272,104,30
272,105,-32
272,106,75
272,107,-44
272,108,21
272,109,1
272,110,7
272,111,-88
272,112,-34
272,113,34
272,114,25
272,115,21
272,116,-70
272,117,38
272,118,15
272,119,5
272,120,54
272,121,-3
272,122,-9
272,123,-85
272,124,86
272,125,-7
272,126,-15
272,127,71
272,128,-39
272,129,-56
272,130,-73
272,131,-88
272,132,64
272,133,-26
272,134,47
272,135,-63
272,136,29
272,137,18
272,138,-40
272,139,-64
272,140,5
272,141,68
272,142,98
272,143,-83
272,144,72
272,145,13
272,146,-62
272,147,59
272,148,24
272,149,-6
272,150,-75
272,151,63
272,152,-58
272,153,-34
272,154,20
272,155,-49
272,156,-71
272,157,-9
272,158,54
272,159,-75
272,160,54
272,161,40
272,162,-98
272,163,-95
272,164,-90
272,165,32
272,166,48
272,167,-55
272,168,28
272,169,-11
272,170,60
272,171,82
272,172,80
272,173,-95
272,174,54
272,175,96
272,176,17
272,177,-87
272,178,-92
272,179,72
272,180,-16
272,181,-91
272,182,60
272,183,-76
272,184,69
272,185,97
272,186,2
272,187,-42
272,188,-44
272,189,-61
272,190,24
272,191,-33
272,192,23
272,193,-59
272,194,-75
272,195,76
272,196,-92
272,197,-96
272,198,34
272,199,48
272,200,7
272,201,88
272,202,32
272,203,-71
272,204,75
272,205,-84
272,206,84
272,207,16
272,208,-68
272,209,-83
272,210,-2
272,211,93
272,212,31
272,213,24
272,214,23
272,215,62
272,216,90
272,217,7
272,218,-63
272,219,26
272,220,62
272,221,73
272,222,-81
272,223,72
272,224,76
272,225,-6
272,226,38
272,227,-92
272,228,-30
272,229,37
272,230,-84
272,231,-53
272,232,14
272,233,-92
272,234,91
272,235,-64
272,236,4
272,237,-66
272,238,-77
272,239,46
272,240,81
272,241,-94
272,242,91
272,243,-50
272,244,-34
272,245,27
272,246,-76
272,247,-36
272,248,-33
272,249,-5
272,250,49
272,251,-57
272,252,87
272,253,66
272,254,-42
272,255,70
272,256,-59
272,257,2
272,258,-89
272,259,-2
272,260,-85
272,261,-22
272,262,71
272,263,-54
272,264,13
272,265,1
272,266,-91
272,267,-99
272,268,77
272,269,-23
272,270,-14
272,271,9
272,272,-68
272,273,-3
272,274,61
272,275,-51
272,276,94
272,277,95
272,278,-74
272,279,-45
272,280,-57
272,281,96
272,282,81
272,283,75
272,284,-74
272,285,-78
272,286,27
272,287,15
272,288,15
272,289,19
272,290,65
272,291,69
272,292,62
272,293,4
272,294,-65
272,295,-73
272,296,35
272,297,22
272,298,67
272,299,-89
273,0,-36
273,1,90
273,2,79
273,3,56
273,4,57
273,5,10
273,6,-20
273,7,-36
273,8,87
273,9,17
273,10,-92
273,11,-39
273,12,3
273,13,-84
273,14,-44
273,15,-92
273,16,68
273,17,24
273,18,-21
273,19,64
273,20,60
273,21,71
273,22,91
273,23,-92
273,24,81
273,25,-84
273,26,-57
273,27,17
273,28,-65
273,29,-99
273,30,-16
273,31,31
273,32,97
273,33,10
273,34,-29
273,35,4
273,36,86
273,37,17
273,38,-89
273,39,-93
273,40,-18
273,41,58
273,42,-23
273,43,56
273,44,46
273,45,-36
273,46,-25
273,47,-65
273,48,72
273,49,-99
273,50,-18
273,51,-93
273,52,-41
273,53,-27
273,54,68
273,55,30
273,56,-47
273,57,-57
273,58,82
273,59,40
273,60,-55
273,61,58
273,62,42
273,63,2
273,64,-35
273,65,36
273,66,-75
273,67,-63
273,68,77
273,69,88
273,70,52
273,71,-96
273,72,84
273,73,-45
273,74,13
273,75,-45
273,76,-45
273,77,27
273,78,4
273,79,-29
273,80,-30
273,81,46
273,82,-55
273,83,16
273,84,-83
273,85,29
273,86,66
273,87,-73
273,88,30
273,89,89
273,90,52
273,91,-20
273,92,-87
273,93,41
273,94,46
273,95,-94
273,96,72
273,97,-60
273,98,26
273,99,-82
273,100,-66
273,101,52
273,102,-24
273,103,0
273,104,67
273,105,13
273,106,19
273,107,67
273,108,42
273,109,-10
273,110,96
273,111,-16
273,112,62
273,113,75
273,114,86
273,115,-71
273,116,-41
273,117,-88
273,118,87
273,119,27
273,120,1
273,121,-14
273,122,-74
273,123,36
273,124,-47
273,125,-40
273,126,-24
273,127,-19
273,128,-75
273,129,12
273,130,-87
273,131,14
273,132,-23
273,133,-88
273,134,-60
273,135,-42
273,136,65
273,137,-8
273,138,30
273,139,-67
273,140,16
273,141,22
273,142,17
273,143,16
273,144,-44
273,145,-19
273,146,51
273,147,-58
273,148,70
273,149,78
273,150,-71
273,151,-60
273,152,-11
273,153,-72
273,154,44
273,155,55
273,156,-88
273,157,-88
273,158,58
273,159,52
273,160,74
273,161,80
273,162,53
273,163,79
273,164,63
273,165,-14
273,166,-38
273,167,74
273,168,-57
273,169,48
273,170,-17
273,171,2
273,172,97
273,173,-77
273,174,60
273,175,79
273,176,-34
273,177,-76
273,178,-32
273,179,-97
273,180,44
273,181,-22
273,182,59
273,183,-33
273,184,0
273,185,54
273,186,72
273,187,91
273,188,70
273,189,49
273,190,14
273,191,72
273,192,36
273,193,-91
273,194,98
273,195,-78
273,196,87
273,197,51
273,198,79
273,199,22
273,200,-60
273,201,13
273,202,55
273,203,54
273,204,-14
273,205,2
273,206,-48
273,207,27
273,208,-95
273,209,-11
273,210,-84
273,211,-74
273,212,49
273,213,82
273,214,76
273,215,92
273,216,62
273,217,58
273,218,-95
273,219,35
273,220,80
273,221,83
273,222,-31
273,223,-67
273,224,92
273,225,31
273,226,-27
273,227,-45
273,228,31
273,229,-22
273,230,-50
273,231,-63
273,232,58
273,233,42
273,234,89
273,235,-73
273,236,-28
273,237,-35
273,238,-100
273,239,42
273,240,91
273,241,-34
273,242,-80
273,243,67
273,244,87
273,245,29
273,246,15
273,247,-63
273,248,-2
273,249,-87
273,250,-44
273,251,25
273,252,10
273,253,82
273,254,40
273,255,65
273,256,99
273,257,-80
273,258,-15
273,259,73
273,260,-43
273,261,-4
273,262,42
273,263,-3
273,264,-16
273,265,-48
273,266,78
273,267,39
273,268,-21
273,269,-42
273,270,3
273,271,-54
273,272,-34
273,273,23
273,274,-87
273,275,-47
273,276,87
273,277,-3
273,278,-59
273,279,-99
273,280,-43
273,281,73
273,282,-95
273,283,-18
273,284,-88
273,285,40
273,286,-24
273,287,33
273,288,-95
273,289,59
273,290,67
273,291,22
273,292,39
273,293,8
273,294,-55
273,295,69
273,296,-10
273,297,-87
273,298,-28
273,299,-4
274,0,-63
274,1,-7
274,2,98
274,3,-43
274,4,63
274,5,-17
274,6,73
274,7,7
274,8,-73
274,9,-35
274,10,94
274,11,-75
274,12,52
274,13,14
274,14,-7
274,15,95
274,16,-21
274,17,-59
274,18,90
274,19,-29
274,20,-1
274,21,94
274,22,-1
274,23,-48
274,24,-46
274,25,-79
274,26,6
274,27,56
274,28,-6
274,29,-81
274,30,58
274,31,-31
274,32,-65
274,33,20
274,34,-13
274,35,-63
274,36,-93
274,37,17
274,38,-66
274,39,-72
274,40,79
274,41,-56
274,42,-35
274,43,-9
274,44,12
274,45,-1
274,46,55
274,47,-82
274,48,-12
274,49,29
274,50,-40
274,51,87
274,52,26
274,53,-6
274,54,72
274,55,-16
274,56,10
274,57,84
274,58,-80
274,59,2
274,60,57
274,61,-41
274,62,89
274,63,-78
274,64,-6
274,65,96
274,66,-50
274,67,-10
274,68,81
274,69,31
274,70,31
274,71,54
274,72,96
274,73,44
274,74,26
274,75,-77
274,76,51
274,77,-11
274,78,0
274,79,-86
274,80,-6
274,81,-70
274,82,8
274,83,-92
274,84,-15
274,85,-97
274,86,-53
274,87,30
274,88,85
274,89,82
274,90,33
274,91,-91
274,92,-84
274,93,25
274,94,-93
274,95,-53
274,96,-96
274,97,31
274,98,-24
274,99,-27
274,100,-55
274,101,2
274,102,33
274,103,-16
274,104,21
274,105,-84
274,106,-1
274,107,8
274,108,-64
274,109,-99
274,110,65
274,111,46
274,112,46
274,113,4
274,114,37
274,115,-35
274,116,57
274,117,10
274,118,-19
274,119,-96
274,120,83
274,121,-85
274,122,-78
274,123,-70
274,124,-77
274,125,70
274,126,75
274,127,-65
274,128,37
274,129,78
274,130,93
274,131,-9
274,132,-61
274,133,95
274,134,78
274,135,8
274,136,96
274,137,45
274,138,94
274,139,-10
274,140,-79
274,141,40
274,142,-66
274,143,51
274,144,-15
274,145,62
274,146,-39
274,147,0
274,148,25
274,149,42
274,150,95
274,151,-40
274,152,-40
274,153,24
274,154,0
274,155,-69
274,156,52
274,157,51
274,158,39
274,159,-1
274,160,15
274,161,68
274,162,-16
274,163,-30
274,164,84
274,165,-28
274,166,-8
274,167,-3
274,168,-27
274,169,-17
274,170,-10
274,171,-26
274,172,-2
274,173,17
274,174,54
274,175,26
274,176,16
274,177,-19
274,178,51
274,179,88
274,180,53
274,181,-40
274,182,28
274,183,74
274,184,38
274,185,-18
274,186,-67
274,187,16
274,188,-38
274,189,-5
274,190,-50
274,191,17
274,192,93
274,193,-11
274,194,-10
274,195,80
274,196,51
274,197,-98
274,198,81
274,199,-7
274,200,-76
274,201,12
274,202,73
274,203,-86
274,204,-19
274,205,-9
274,206,90
274,207,11
274,208,-64
274,209,-52
274,210,84
274,211,-58
274,212,-87
274,213,-47
274,214,78
274,215,-74
274,216,60
274,217,90
274,218,35
274,219,48
274,220,-53
274,221,72
274,222,-33
274,223,-60
274,224,-69
274,225,46
274,226,30
274,227,-92
274,228,-25
274,229,10
274,230,-93
274,231,-6
274,232,27
274,233,-28
274,234,-70
274,235,40
274,236,30
274,237,-34
274,238,-56
274,239,35
274,240,-19
274,241,24
274,242,41
274,243,-32
274,244,-35
274,245,54
274,246,20
274,247,13
274,248,-5
274,249,-30
274,250,-42
274,251,-2
274,252,29
274,253,5
274,254,51
274,255,-66
274,256,80
274,257,-92
274,258,-77
274,259,92
274,260,-96
274,261,70
274,262,9
274,263,51
274,264,57
274,265,78
274,266,-56
274,267,-98
274,268,77
274,269,76
274,270,70
274,271,-80
274,272,98
274,273,37
274,274,-38
274,275,67
274,276,-3
274,277,77
274,278,-73
274,279,42
274,280,30
274,281,31
274,282,5
274,283,27
274,284,28
274,285,91
274,286,55
274,287,-12
274,288,16
274,289,55
274,290,61
274,291,-25
274,292,-70
274,293,29
274,294,-5
274,295,68
274,296,81
274,297,49
274,298,-75
274,299,94
275,0,64
275,1,-64
275,2,-93
275,3,97
275,4,-33
275,5,78
275,6,11
275,7,95
275,8,84
275,9,-74
275,10,98
275,11,85
275,12,-45
275,13,-4
275,14,92
275,15,72
275,16,64
275,17,-65
275,18,25
275,19,81
275,20,76
275,21,98
275,22,-52
275,23,32
275,24,2
275,25,-37
275,26,-55
275,27,-14
275,28,-14
275,29,-15
275,30,-16
275,31,73
275,32,-83
275,33,-6
275,34,55
275,35,8
275,36,40
275,37,59
275,38,6
275,39,-92
275,40,-72
275,41,-95
275,42,9
275,43,-1
275,44,-60
275,45,-14
275,46,-83
275,47,66
275,48,10
275,49,-79
275,50,49
275,51,-23
275,52,54
275,53,25
275,54,-67
275,55,-19
275,56,-70
275,57,62
275,58,-95
275,59,48
275,60,-65
275,61,-68
275,62,7
275,63,70
275,64,-46
275,65,-4
275,66,-93
275,67,21
275,68,27
275,69,-73
275,70,82
275,71,65
275,72,95
275,73,-64
275,74,-13
275,75,-26
275,76,-21
275,77,-48
275,78,43
275,79,-31
275,80,47
275,81,-1
275,82,-22
275,83,-36
275,84,-90
275,85,24
275,86,15
275,87,13
275,88,6
275,89,-43
275,90,46
275,91,78
275,92,-29
275,93,-13
275,94,38
275,95,84
275,96,20
275,97,63
275,98,-50
275,99,-10
275,100,51
275,101,-35
275,102,44
275,103,84
275,104,67
275,105,-88
275,106,-6
275,107,84
275,108,26
275,109,-74
275,110,85
275,111,40
275,112,2
275,113,56
275,114,98
275,115,62
275,116,-80
275,117,82
275,118,-94
275,119,28
275,120,90
275,121,-27
275,122,74
275,123,96
275,124,13
275,125,-88
275,126,-79
275,127,58
275,128,-77
275,129,7
275,130,-31
275,131,-16
275,132,-57
275,133,40
275,134,-77
275,135,-51
275,136,84
275,137,75
275,138,70
275,139,58
275,140,84
275,141,88
275,142,-95
275,143,96
275,144,-97
275,145,58
275,146,66
275,147,97
275,148,53
275,149,-4
275,150,-1
275,151,-89
275,152,3
275,153,23
275,154,-34
275,155,97
275,156,-58
275,157,-53
275,158,-48
275,159,2
275,160,-76
275,161,62
275,162,-75
275,163,-50
275,164,40
275,165,-29
275,166,61
275,167,41
275,168,-70
275,169,-29
275,170,85
275,171,-96
275,172,-8
275,173,54
275,174,-54
275,175,-64
275,176,-35
275,177,-90
275,178,20
275,179,-46
275,180,98
275,181,-41
275,182,23
275,183,-77
275,184,-81
275,185,21
275,186,95
275,187,-29
275,188,83
275,189,-47
275,190,-80
275,191,30
275,192,-44
275,193,93
275,194,-42
275,195,-94
275,196,-60
275,197,-62
275,198,12
275,199,-11
275,200,-13
275,201,83
275,202,79
275,203,-82
275,204,-20
275,205,-65
275,206,-32
275,207,-25
275,208,23
275,209,31
275,210,12
275,211,65
275,212,94
275,213,60
275,214,-41
275,215,-2
275,216,-8
275,217,36
275,218,-66
275,219,56
275,220,-61
275,221,-93
275,222,97
275,223,-40
275,224,-36
275,225,92
275,226,-42
275,227,-54
275,228,79
275,229,48
275,230,-59
275,231,-91
275,232,52
275,233,-40
275,234,-21
275,235,-84
275,236,-12
275,237,67
275,238,16
275,239,-49
275,240,-59
275,241,-13
275,242,84
275,243,51
275,244,91
275,245,31
275,246,12
275,247,82
275,248,15
275,249,-86
275,250,-80
275,251,-30
275,252,9
275,253,-16
275,254,-9
275,255,10
275,256,12
275,257,24
275,258,58
275,259,-64
275,260,-13
275,261,34
275,262,97
275,263,-31
275,264,18
275,265,49
275,266,26
275,267,-65
275,268,82
275,269,-82
275,270,71
275,271,-85
275,272,95
275,273,-10
275,274,-61
275,275,-95
275,276,29
275,277,78
275,278,50
275,279,-10
275,280,-11
275,281,50
275,282,19
275,283,6
275,284,13
275,285,81
275,286,-82
275,287,87
275,288,-56
275,289,76
275,290,-81
275,291,-18
275,292,31
275,293,-69
275,294,11
275,295,-24
275,296,-1
275,297,29
275,298,-13
275,299,38
276,0,61
276,1,3
276,2,33
276,3,59
276,4,-12
276,5,-53
276,6,82
276,7,97
276,8,91
276,9,-32
276,10,23
276,11,-45
276,12,12
276,13,8
276,14,-13
276,15,-13
276,16,-21
276,17,10
276,18,51
276,19,-76
276,20,64
276,21,50
276,22,4
276,23,91
276,24,-29
276,25,-3
276,26,13
276,27,88
276,28,-76
276,29,88
276,30,82
276,31,90
276,32,73
276,33,-91
276,34,-98
276,35,21
276,36,-62
276,37,92
276,38,-69
276,39,88
276,40,11
276,41,70
276,42,48
276,43,82
276,44,-11
276,45,-79
276,46,-53
276,47,42
276,48,19
276,49,69
276,50,-17
276,51,23
276,52,39
276,53,85
276,54,55
276,55,-64
276,56,49
276,57,24
276,58,-59
276,59,69
276,60,-71
276,61,99
276,62,-56
276,63,-4
276,64,-81
276,65,3
276,66,-83
276,67,35
276,68,-12
276,69,-78
276,70,93
276,71,-48
276,72,-47
276,73,-33
276,74,94
276,75,-6
276,76,21
276,77,-76
276,78,68
276,79,-61
276,80,-4
276,81,81
276,82,26
276,83,-100
276,84,-83
276,85,79
276,86,0
276,87,-12
276,88,45
276,89,-70
276,90,99
276,91,-9
276,92,-57
276,93,4
276,94,-53
276,95,34
276,96,10
276,97,-36
276,98,21
276,99,-53
276,100,-63
276,101,95
276,102,-79
276,103,13
276,104,-12
276,105,60
276,106,86
276,107,87
276,108,4
276,109,23
276,110,93
276,111,-48
276,112,6
276,113,-100
276,114,-70
276,115,99
276,116,-89
276,117,-4
276,118,40
276,119,87
276,120,66
276,121,-79
276,122,-27
276,123,-23
276,124,-28
276,125,-32
276,126,2
276,127,-100
276,128,44
276,129,-2
276,130,-52
276,131,37
276,132,45
276,133,-17
276,134,-87
276,135,-19
276,136,83
276,137,-16
276,138,-77
276,139,-47
276,140,21
276,141,-90
276,142,-69
276,143,92
276,144,42
276,145,74
276,146,28
276,147,-89
276,148,31
276,149,-93
276,150,-92
276,151,59
276,152,-14
276,153,2
276,154,-77
276,155,13
276,156,-23
276,157,-65
276,158,-81
276,159,28
276,160,5
276,161,-56
276,162,-65
276,163,33
276,164,28
276,165,-34
276,166,49
276,167,-69
276,168,76
276,169,-91
276,170,74
276,171,59
276,172,-39
276,173,55
276,174,-97
276,175,75
276,176,-18
276,177,-3
276,178,-100
276,179,8
276,180,-18
276,181,22
276,182,67
276,183,62
276,184,-85
276,185,16
276,186,-73
276,187,99
276,188,2
276,189,93
276,190,-26
276,191,77
276,192,70
276,193,-23
276,194,-46
276,195,65
276,196,0
276,197,29
276,198,-72
276,199,14
276,200,-9
276,201,-77
276,202,64
276,203,40
276,204,-29
276,205,85
276,206,71
276,207,-40
276,208,-11
276,209,56
276,210,-34
276,211,-25
276,212,96
276,213,56
276,214,83
276,215,-44
276,216,-33
276,217,-54
276,218,61
276,219,74
276,220,-60
276,221,-42
276,222,-83
276,223,-84
276,224,-77
276,225,-54
276,226,-18
276,227,28
276,228,-38
276,229,-54
276,230,-62
276,231,99
276,232,73
276,233,-73
276,234,88
276,235,4
276,236,76
276,237,95
276,238,88
276,239,-60
276,240,-86
276,241,99
276,242,-10
276,243,28
276,244,-98
276,245,-63
276,246,21
276,247,21
276,248,78
276,249,50
276,250,-24
276,251,-21
276,252,42
276,253,92
276,254,-54
276,255,-26
276,256,-19
276,257,-27
276,258,66
276,259,35
276,260,54
276,261,86
276,262,71
276,263,35
276,264,76
276,265,-63
276,266,-90
276,267,49
276,268,-27
276,269,-12
276,270,27
276,271,-87
276,272,98
276,273,86
276,274,97
276,275,97
276,276,88
276,277,54
276,278,34
276,279,-32
276,280,27
276,281,-82
276,282,-76
276,283,-73
276,284,67
276,285,81
276,286,2
276,287,-72
276,288,17
276,289,43
276,290,-24
276,291,-31
276,292,-85
276,293,-67
276,294,70
276,295,-61
276,296,45
276,297,-74
276,298,-38
276,299,-55
277,0,70
277,1,-54
277,2,-36
277,3,29
277,4,39
277,5,19
277,6,-52
277,7,-11
277,8,-4
277,9,-28
277,10,-64
277,11,53
277,12,-85
277,13,27
277,14,86
277,15,22
277,16,-93
277,17,75
277,18,78
277,19,-86
277,20,6
277,21,77
277,22,63
277,23,-51
277,24,-86
277,25,67
277,26,58
277,27,-49
277,28,97
277,29,-98
277,30,7
277,31,-30
277,32,-1
277,33,84
277,34,55
277,35,61
277,36,61
277,37,-12
277,38,61
277,39,89
277,40,-7
277,41,-8
277,42,-10
277,43,12
277,44,59
277,45,-28
277,46,-46
277,47,62
277,48,54
277,49,41
277,50,62
277,51,-60
277,52,-44
277,53,33
277,54,-67
277,55,24
277,56,99
277,57,84
277,58,-97
277,59,-19
277,60,-1
277,61,-14
277,62,62
277,63,-59
277,64,-38
277,65,1
277,66,-55
277,67,50
277,68,-11
277,69,-65
277,70,80
277,71,-33
277,72,-10
277,73,-22
277,74,64
277,75,-58
277,76,-66
277,77,-99
277,78,-42
277,79,90
277,80,-28
277,81,49
277,82,-42
277,83,98
277,84,39
277,85,-2
277,86,-90
277,87,29
277,88,42
277,89,67
277,90,71
277,91,-80
277,92,-25
277,93,59
277,94,73
277,95,7
277,96,-78
277,97,53
277,98,98
277,99,55
277,100,3
277,101,-80
277,102,-35
277,103,63
277,104,-36
277,105,68
277,106,62
277,107,50
277,108,17
277,109,60
277,110,33
277,111,85
277,112,-54
277,113,-31
277,114,79
277,115,0
277,116,-54
277,117,-27
277,118,-35
277,119,75
277,120,-96
277,121,36
277,122,2
277,123,49
277,124,21
277,125,-100
277,126,-50
277,127,-80
277,128,41
277,129,4
277,130,-54
277,131,41
277,132,95
277,133,39
277,134,-98
277,135,49
277,136,40
277,137,-46
277,138,-86
277,139,14
277,140,-67
277,141,-76
277,142,-59
277,143,-100
277,144,-54
277,145,-39
277,146,33
277,147,98
277,148,-34
277,149,74
277,150,-13
277,151,57
277,152,-71
277,153,90
277,154,86
277,155,-82
277,156,19
277,157,-18
277,158,53
277,159,-42
277,160,-21
277,161,50
277,162,-90
277,163,-18
277,164,-89
277,165,71
277,166,-26
277,167,-30
277,168,22
277,169,-41
277,170,-36
277,171,50
277,172,-55
277,173,37
277,174,-65
277,175,93
277,176,-83
277,177,-96
277,178,-1
277,179,-41
277,180,5
277,181,57
277,182,34
277,183,91
277,184,91
277,185,-55
277,186,11
277,187,62
277,188,72
277,189,-17
277,190,54
277,191,-47
277,192,25
277,193,-60
277,194,66
277,195,-19
277,196,-16
277,197,61
277,198,-90
277,199,-57
277,200,-56
277,201,21
277,202,10
277,203,-92
277,204,39
277,205,81
277,206,38
277,207,-76
277,208,39
277,209,-89
277,210,13
277,211,56
277,212,-7
277,213,88
277,214,71
277,215,74
277,216,-2
277,217,69
277,218,71
277,219,13
277,220,-46
277,221,42
277,222,-15
277,223,18
277,224,-26
277,225,3
277,226,19
277,227,-25
277,228,-49
277,229,-96
277,230,-80
277,231,28
277,232,-99
277,233,96
277,234,-14
277,235,88
277,236,-76
277,237,-7
277,238,-59
277,239,95
277,240,-8
277,241,-27
277,242,-73
277,243,-43
277,244,-71
277,245,-30
277,246,-29
277,247,25
277,248,-68
277,249,-95
277,250,-66
277,251,-32
277,252,83
277,253,61
277,254,6
277,255,-62
277,256,8
277,257,79
277,258,59
277,259,-56
277,260,-13
277,261,9
277,262,-40
277,263,92
277,264,40
277,265,-23
277,266,75
277,267,52
277,268,90
277,269,36
277,270,-63
277,271,-60
277,272,-53
277,273,67
277,274,22
277,275,24
277,276,68
277,277,-94
277,278,-85
277,279,-26
277,280,54
277,281,67
277,282,16
277,283,-21
277,284,11
277,285,57
277,286,52
277,287,89
277,288,42
277,289,-39
277,290,55
277,291,-6
277,292,-25
277,293,-46
277,294,-56
277,295,73
277,296,-7
277,297,34
277,298,-63
277,299,23
278,0,-76
278,1,-16
278,2,60
278,3,1
278,4,-84
278,5,93
278,6,47
278,7,-6
278,8,55
278,9,-96
278,10,-41
278,11,1
278,12,-88
278,13,59
278,14,27
278,15,-45
278,16,62
278,17,3
278,18,60
278,19,58
278,20,-25
278,21,61
278,22,-28
278,23,1
278,24,-6
278,25,-36
278,26,-51
278,27,51
278,28,37
278,29,79
278,30,38
278,31,-27
278,32,-67
278,33,76
278,34,42
278,35,63
278,36,58
278,37,-36
278,38,-96
278,39,21
278,40,-43
278,41,9
278,42,99
278,43,-21
278,44,-61
278,45,-58
278,46,-68
278,47,-6
278,48,75
278,49,-50
278,50,60
278,51,26
278,52,-94
278,53,-72
278,54,64
278,55,9
278,56,34
278,57,19
278,58,16
278,59,-38
278,60,67
278,61,42
278,62,-60
278,63,-33
278,64,2
278,65,18
278,66,-2
278,67,-54
278,68,-29
278,69,27
278,70,57
278,71,-37
278,72,49
278,73,-24
278,74,-69
278,75,-32
278,76,52
278,77,-21
278,78,17
278,79,-52
278,80,-41
278,81,24
278,82,-17
278,83,-84
278,84,19
278,85,-81
278,86,-94
278,87,3
278,88,-4
278,89,-57
278,90,48
278,91,4
278,92,21
278,93,-64
278,94,-21
278,95,-17
278,96,-80
278,97,76
278,98,-44
278,99,-23
278,100,62
278,101,-38
278,102,-30
278,103,6
278,104,2
278,105,96
278,106,-26
278,107,35
278,108,-60
278,109,-28
278,110,-93
278,111,-43
278,112,62
278,113,-1
278,114,71
278,115,-12
278,116,-54
278,117,91
278,118,-12
278,119,85
278,120,-25
278,121,76
278,122,67
278,123,84
278,124,-90
278,125,12
278,126,64
278,127,-63
278,128,-12
278,129,-83
278,130,-3
278,131,50
278,132,93
278,133,-27
278,134,-33
278,135,-80
278,136,26
278,137,29
278,138,73
278,139,28
278,140,28
278,141,36
278,142,-85
278,143,-20
278,144,-13
278,145,-43
278,146,-74
278,147,-31
278,148,-94
278,149,-80
278,150,-75
278,151,38
278,152,61
278,153,-69
278,154,64
278,155,-38
278,156,-8
278,157,52
278,158,63
278,159,-51
278,160,-85
278,161,-73
278,162,47
278,163,-83
278,164,93
278,165,56
278,166,32
278,167,-2
278,168,-75
278,169,-87
278,170,18
278,171,-68
278,172,34
278,173,77
278,174,-61
278,175,71
278,176,23
278,177,-71
278,178,-21
278,179,-65
278,180,-62
278,181,-23
278,182,-23
278,183,54
278,184,-69
278,185,80
278,186,-67
278,187,76
278,188,-19
278,189,-9
278,190,-63
278,191,12
278,192,-62
278,193,-78
278,194,92
278,195,-58
278,196,9
278,197,68
278,198,51
278,199,-100
278,200,-24
278,201,-86
278,202,1
278,203,-86
278,204,-99
278,205,-20
278,206,-37
278,207,-18
278,208,-21
278,209,-33
278,210,-46
278,211,-5
278,212,94
278,213,83
278,214,91
278,215,70
278,216,64
278,217,-86
278,218,32
278,219,48
278,220,44
278,221,48
278,222,99
278,223,50
278,224,-13
278,225,16
278,226,26
278,227,-51
278,228,84
278,229,-93
278,230,-80
278,231,-21
278,232,83
278,233,-84
278,234,2
278,235,-75
278,236,96
278,237,3
278,238,-2
278,239,-68
278,240,-74
278,241,-30
278,242,-3
278,243,-79
278,244,-94
278,245,-17
278,246,-11
278,247,9
278,248,46
278,249,-100
278,250,-99
278,251,52
278,252,68
278,253,18
278,254,-10
278,255,83
278,256,54
278,257,-14
278,258,-12
278,259,-20
278,260,-33
278,261,-81
278,262,87
278,263,-69
278,264,14
278,265,23
278,266,-50
278,267,10
278,268,-76
278,269,10
278,270,45
278,271,4
278,272,-36
278,273,-5
278,274,21
278,275,62
278,276,-67
278,277,-92
278,278,-38
278,279,11
278,280,71
278,281,-22
278,282,-68
278,283,-44
278,284,95
278,285,47
278,286,-24
278,287,12
278,288,15
278,289,57
278,290,20
278,291,80
278,292,51
278,293,-72
278,294,-74
278,295,86
278,296,51
278,297,-76
278,298,26
278,299,-100
279,0,40
279,1,80
279,2,65
279,3,-85
279,4,39
279,5,-64
279,6,29
279,7,-10
279,8,68
279,9,12
279,10,-61
279,11,-93
279,12,-91
279,13,-19
279,14,-86
279,15,-30
279,16,-55
279,17,30
279,18,-91
279,19,59
279,20,-7
279,21,-91
279,22,-52
279,23,-96
279,24,11
279,25,-80
279,26,51
279,27,-84
279,28,95
279,29,-47
279,30,-49
279,31,18
279,32,-92
279,33,-89
279,34,82
279,35,26
279,36,-13
279,37,31
279,38,52
279,39,5
279,40,-69
279,41,54
279,42,60
279,43,11
279,44,26
279,45,29
279,46,13
279,47,-74
279,48,2
279,49,-47
279,50,14
279,51,-50
279,52,62
279,53,-90
279,54,28
279,55,-71
279,56,-1
279,57,-19
279,58,5
279,59,-4
279,60,-52
279,61,64
279,62,92
279,63,-72
279,64,-59
279,65,-29
279,66,-77
279,67,-73
279,68,-2
279,69,-58
279,70,-10
279,71,67
279,72,-95
279,73,20
279,74,48
279,75,94
279,76,-3
279,77,90
279,78,-54
279,79,-97
279,80,88
279,81,30
279,82,96
279,83,-83
279,84,45
279,85,-60
279,86,42
279,87,93
279,88,60
279,89,-18
279,90,62
279,91,-31
279,92,-31
279,93,88
279,94,-45
279,95,26
279,96,81
279,97,-24
279,98,-11
279,99,-97
279,100,-81
279,101,80
279,102,-27
279,103,43
279,104,-11
279,105,56
279,106,92
279,107,-53
279,108,-15
279,109,-7
279,110,-41
279,111,-73
279,112,18
279,113,21
279,114,-44
279,115,-54
279,116,-34
279,117,50
279,118,92
279,119,-5
279,120,-2
279,121,4
279,122,-68
279,123,51
279,124,88
279,125,-84
279,126,-87
279,127,-85
279,128,-43
279,129,-39
279,130,-47
279,131,-28
279,132,89
279,133,49
279,134,-11
279,135,15
279,136,-69
279,137,-83
279,138,-29
279,139,61
279,140,88
279,141,13
279,142,-93
279,143,-89
279,144,-3
279,145,-51
279,146,87
279,147,-55
279,148,78
279,149,25
279,150,-47
279,151,45
279,152,-35
279,153,83
279,154,-25
279,155,88
279,156,-3
279,157,-75
279,158,-68
279,159,2
279,160,-92
279,161,-77
279,162,33
279,163,69
279,164,-16
279,165,6
279,166,95
279,167,72
279,168,59
279,169,-23
279,170,-82
279,171,-25
279,172,-71
279,173,-72
279,174,-73
279,175,9
279,176,35
279,177,7
279,178,-26
279,179,-4
279,180,-88
279,181,-54
279,182,11
279,183,-53
279,184,10
279,185,40
279,186,-90
279,187,34
279,188,-17
279,189,80
279,190,-89
279,191,63
279,192,41
279,193,14
279,194,57
279,195,70
279,196,85
279,197,58
279,198,25
279,199,-88
279,200,-83
279,201,-61
279,202,41
279,203,95
279,204,4
279,205,10
279,206,61
279,207,-69
279,208,36
279,209,-50
279,210,49
279,211,65
279,212,99
279,213,-97
279,214,91
279,215,-47
279,216,54
279,217,23
279,218,50
279,219,-48
279,220,-13
279,221,-11
279,222,-85
279,223,-50
279,224,24
279,225,-1
279,226,-65
279,227,-56
279,228,7
279,229,29
279,230,46
279,231,84
279,232,97
279,233,-26
279,234,32
279,235,-31
279,236,43
279,237,53
279,238,-40
279,239,-84
279,240,-53
279,241,25
279,242,-25
279,243,-8
279,244,-86
279,245,-28
279,246,23
279,247,3
279,248,-29
279,249,-33
279,250,-67
279,251,1
279,252,38
279,253,-49
279,254,42
279,255,44
279,256,15
279,257,-85
279,258,93
279,259,-7
279,260,32
279,261,57
279,262,59
279,263,53
279,264,61
279,265,90
279,266,45
279,267,-16
279,268,-82
279,269,64
279,270,-72
279,271,-59
279,272,15
279,273,-39
279,274,59
279,275,-38
279,276,89
279,277,15
279,278,-38
279,279,-11
279,280,72
279,281,8
279,282,-15
279,283,-46
279,284,51
279,285,-7
279,286,69
279,287,-54
279,288,-13
279,289,-95
279,290,-95
279,291,81
279,292,92
279,293,-89
279,294,16
279,295,-14
279,296,27
279,297,-3
279,298,38
279,299,35
280,0,-86
280,1,-20
280,2,-22
280,3,-47
280,4,23
280,5,-17
280,6,60
280,7,96
280,8,43
280,9,-9
280,10,38
280,11,-52
280,12,81
280,13,50
280,14,62
280,15,20
280,16,30
280,17,3
280,18,1
280,19,32
280,20,-75
280,21,-4
280,22,76
280,23,69
280,24,-21
280,25,-49
280,26,37
280,27,34
280,28,80
280,29,80
280,30,57
280,31,91
280,32,-61
280,33,11
280,34,-88
280,35,-68
280,36,27
280,37,56
280,38,24
280,39,9
280,40,-100
280,41,-62
280,42,-13
280,43,93
280,44,61
280,45,-78
280,46,-71
280,47,-9
280,48,-99
280,49,0
280,50,-61
280,51,-9
280,52,-65
280,53,21
280,54,-51
280,55,-99
280,56,71
280,57,-13
280,58,-17
280,59,9
280,60,-62
280,61,18
280,62,-90
280,63,-96
280,64,34
280,65,15
280,66,43
280,67,-34
280,68,-90
280,69,33
280,70,-2
280,71,-92
280,72,-81
280,73,-35
280,74,5
280,75,-21
280,76,-42
280,77,70
280,78,-51
280,79,-3
280,80,79
280,81,55
280,82,-66
280,83,-91
280,84,90
280,85,-36
280,86,-74
280,87,12
280,88,-25
280,89,56
280,90,-45
280,91,60
280,92,83
280,93,-3
280,94,10
280,95,48
280,96,24
280,97,7
280,98,56
280,99,-44
280,100,75
280,101,-14
280,102,45
280,103,35
280,104,48
280,105,-4
280,106,-10
280,107,36
280,108,-9
280,109,56
280,110,-5
280,111,89
280,112,-96
280,113,-53
280,114,-82
280,115,-2
280,116,44
280,117,69
280,118,-81
280,119,-53
280,120,22
280,121,17
280,122,10
280,123,18
280,124,70
280,125,85
280,126,12
280,127,-70
280,128,-24
280,129,86
280,130,-99
280,131,-38
280,132,17
280,133,89
280,134,-46
280,135,-80
280,136,51
280,137,18
280,138,-27
280,139,72
280,140,51
280,141,60
280,142,81
280,143,-54
280,144,-81
280,145,-91
280,146,-12
280,147,41
280,148,-30
280,149,-16
280,150,16
280,151,-25
280,152,-18
280,153,37
280,154,-63
280,155,73
280,156,19
280,157,-42
280,158,70
280,159,-89
280,160,-89
280,161,-26
280,162,-10
280,163,-2
280,164,-99
280,165,-42
280,166,-65
280,167,-64
280,168,-82
280,169,90
280,170,56
280,171,-69
280,172,17
280,173,-96
280,174,-78
280,175,83
280,176,49
280,177,40
280,178,74
280,179,88
280,180,-19
280,181,72
280,182,85
280,183,74
280,184,-61
280,185,48
280,186,31
280,187,-40
280,188,-96
280,189,-43
280,190,35
280,191,68
280,192,-75
280,193,-13
280,194,-60
280,195,12
280,196,-90
280,197,85
280,198,-41
280,199,-29
280,200,-17
280,201,37
280,202,14
280,203,71
280,204,-86
280,205,-34
280,206,-4
280,207,-84
280,208,84
280,209,36
280,210,50
280,211,82
280,212,8
280,213,-33
280,214,31
280,215,37
280,216,-60
280,217,-24
280,218,61
280,219,32
280,220,51
280,221,47
280,222,7
280,223,54
280,224,-2
280,225,-88
280,226,-15
280,227,88
280,228,-91
280,229,75
280,230,68
280,231,-46
280,232,-7
280,233,-19
280,234,-83
280,235,-35
280,236,51
280,237,-21
280,238,71
280,239,-60
280,240,-71
280,241,-41
280,242,-33
280,243,55
280,244,-100
280,245,-6
280,246,-15
280,247,-31
280,248,-65
280,249,-31
280,250,62
280,251,13
280,252,-62
280,253,-67
280,254,-96
280,255,-72
280,256,-61
280,257,-50
280,258,97
280,259,-96
280,260,-95
280,261,-75
280,262,-6
280,263,-37
280,264,48
280,265,-48
280,266,75
280,267,6
280,268,1
280,269,20
280,270,83
280,271,78
280,272,-2
280,273,91
280,274,-59
280,275,-27
280,276,-22
280,277,-44
280,278,-95
280,279,97
280,280,56
280,281,26
280,282,-58
280,283,-51
280,284,-51
280,285,-93
280,286,32
280,287,-39
280,288,-95
280,289,-3
280,290,-31
280,291,-53
280,292,81
280,293,-84
280,294,14
280,295,62
280,296,-23
280,297,-78
280,298,-36
280,299,92
281,0,40
281,1,-76
281,2,-67
281,3,-94
281,4,-50
281,5,43
281,6,45
281,7,40
281,8,-41
281,9,44
281,10,77
281,11,61
281,12,46
281,13,-75
281,14,-56
281,15,-88
281,16,22
281,17,-52
281,18,-42
281,19,-95
281,20,72
281,21,90
281,22,35
281,23,-27
281,24,-31
281,25,45
281,26,82
281,27,13
281,28,-37
281,29,12
281,30,-72
281,31,-19
281,32,-46
281,33,-41
281,34,43
281,35,-55
281,36,78
281,37,-77
281,38,29
281,39,-26
281,40,-50
281,41,-97
281,42,-15
281,43,-54
281,44,92
281,45,-34
281,46,0
281,47,-57
281,48,50
281,49,86
281,50,-64
281,51,82
281,52,-20
281,53,78
281,54,83
281,55,-66
281,56,74
281,57,54
281,58,-37
281,59,-72
281,60,-44
281,61,93
281,62,42
281,63,-10
281,64,-65
281,65,60
281,66,77
281,67,-30
281,68,5
281,69,99
281,70,-46
281,71,-98
281,72,-96
281,73,2
281,74,-83
281,75,51
281,76,94
281,77,9
281,78,40
281,79,-85
281,80,-76
281,81,-83
281,82,73
281,83,-79
281,84,-19
281,85,27
281,86,69
281,87,-57
281,88,22
281,89,-20
281,90,62
281,91,-98
281,92,60
281,93,48
281,94,50
281,95,42
281,96,-16
281,97,-21
281,98,81
281,99,30
281,100,-89
281,101,24
281,102,37
281,103,-12
281,104,-36
281,105,-53
281,106,-44
281,107,-79
281,108,-86
281,109,28
281,110,-43
281,111,-66
281,112,-9
281,113,-11
281,114,-86
281,115,-31
281,116,40
281,117,25
281,118,-18
281,119,-33
281,120,-48
281,121,-3
281,122,2
281,123,-67
281,124,47
281,125,67
281,126,38
281,127,16
281,128,57
281,129,-51
281,130,-58
281,131,-37
281,132,-84
281,133,7
281,134,-33
281,135,-10
281,136,-74
281,137,70
281,138,33
281,139,-44
281,140,-82
281,141,40
281,142,6
281,143,1
281,144,56
281,145,-43
281,146,68
281,147,-48
281,148,50
281,149,95
281,150,-92
281,151,-50
281,152,83
281,153,92
281,154,-81
281,155,-25
281,156,29
281,157,24
281,158,-30
281,159,36
281,160,-77
281,161,37
281,162,14
281,163,58
281,164,-1
281,165,-40
281,166,-44
281,167,-25
281,168,10
281,169,-59
281,170,92
281,171,-3
281,172,53
281,173,8
281,174,-7
281,175,-91
281,176,-53
281,177,95
281,178,-58
281,179,5
281,180,90
281,181,92
281,182,-99
281,183,87
281,184,13
281,185,-64
281,186,-37
281,187,-13
281,188,-86
281,189,74
281,190,-95
281,191,-23
281,192,-91
281,193,-17
281,194,19
281,195,64
281,196,-66
281,197,89
281,198,65
281,199,58
281,200,-13
281,201,82
281,202,87
281,203,74
281,204,84
281,205,84
281,206,-11
281,207,-61
281,208,56
281,209,13
281,210,10
281,211,47
281,212,-64
281,213,-67
281,214,-70
281,215,-56
281,216,60
281,217,-71
281,218,53
281,219,-90
281,220,-71
281,221,26
281,222,-66
281,223,-24
281,224,70
281,225,9
281,226,82
281,227,96
281,228,83
281,229,-64
281,230,92
281,231,19
281,232,-51
281,233,-41
281,234,28
281,235,-95
281,236,-29
281,237,13
281,238,19
281,239,-50
281,240,-67
281,241,-80
281,242,-16
281,243,59
281,244,72
281,245,-91
281,246,-80
281,247,-23
281,248,-95
281,249,-55
281,250,-99
281,251,44
281,252,-13
281,253,-69
281,254,-63
281,255,-21
281,256,-6
281,257,4
281,258,0
281,259,85
281,260,94
281,261,25
281,262,-14
281,263,-53
281,264,53
281,265,5
281,266,44
281,267,57
281,268,-8
281,269,66
281,270,42
281,271,-24
281,272,35
281,273,-46
281,274,4
281,275,-27
281,276,-75
281,277,-23
281,278,82
281,279,41
281,280,88
281,281,77
281,282,44
281,283,-85
281,284,92
281,285,-20
281,286,-39
281,287,-96
281,288,-53
281,289,36
281,290,92
281,291,-82
281,292,-77
281,293,18
281,294,-72
281,295,-31
281,296,20
281,297,32
281,298,68
281,299,-77
282,0,29
282,1,25
282,2,7
282,3,-80
282,4,-45
282,5,87
282,6,-95
282,7,-76
282,8,-21
282,9,-30
282,10,-46
282,11,-10
282,12,-64
282,13,35
282,14,22
282,15,-23
282,16,-48
282,17,19
282,18,-67
282,19,46
282,20,-63
282,21,-72
282,22,-42
282,23,55
282,24,21
282,25,-67
282,26,-77
282,27,54
282,28,85
282,29,-24
282,30,-66
282,31,-33
282,32,74
282,33,73
282,34,85
282,35,93
282,36,48
282,37,74
282,38,-59
282,39,10
282,40,-47
282,41,67
282,42,35
282,43,32
282,44,39
282,45,35
282,46,-30
282,47,-100
282,48,19
282,49,-40
282,50,79
282,51,10
282,52,70
282,53,-51
282,54,55
282,55,-22
282,56,23
282,57,-9
282,58,23
282,59,-64
282,60,19
282,61,2
282,62,81
282,63,-96
282,64,90
282,65,-62
282,66,29
282,67,-70
282,68,44
282,69,-26
282,70,-95
282,71,46
282,72,-65
282,73,-30
282,74,92
282,75,-40
282,76,-1
282,77,60
282,78,55
282,79,-16
282,80,97
282,81,77
282,82,-30
282,83,60
282,84,-73
282,85,-31
282,86,-95
282,87,49
282,88,-5
282,89,-57
282,90,59
282,91,-54
282,92,-8
282,93,-7
282,94,49
282,95,-49
282,96,-4
282,97,15
282,98,29
282,99,91
282,100,-5
282,101,-86
282,102,20
282,103,-90
282,104,16
282,105,-14
282,106,-34
282,107,52
282,108,-9
282,109,-2
282,110,81
282,111,74
282,112,-8
282,113,-3
282,114,-28
282,115,-10
282,116,-53
282,117,-23
282,118,1
282,119,-66
282,120,42
282,121,-94
282,122,-78
282,123,76
282,124,-6
282,125,57
282,126,98
282,127,16
282,128,63
282,129,83
282,130,-65
282,131,56
282,132,4
282,133,73
282,134,74
282,135,-91
282,136,79
282,137,33
282,138,95
282,139,-32
282,140,80
282,141,99
282,142,50
282,143,80
282,144,31
282,145,-79
282,146,3
282,147,-12
282,148,97
282,149,-39
282,150,49
282,151,28
282,152,55
282,153,-84
282,154,37
282,155,0
282,156,98
282,157,-56
282,158,-87
282,159,-41
282,160,5
282,161,-19
282,162,-24
282,163,-74
282,164,-51
282,165,-14
282,166,-74
282,167,-76
282,168,69
282,169,-38
282,170,14
282,171,-26
282,172,-33
282,173,-2
282,174,88
282,175,-70
282,176,-17
282,177,-62
282,178,-17
282,179,-67
282,180,-78
282,181,-84
282,182,43
282,183,-70
282,184,-45
282,185,-47
282,186,-81
282,187,23
282,188,80
282,189,7
282,190,-89
282,191,16
282,192,75
282,193,-92
282,194,-32
282,195,32
282,196,-65
282,197,4
282,198,-73
282,199,33
282,200,-80
282,201,27
282,202,43
282,203,-14
282,204,32
282,205,-21
282,206,-72
282,207,-58
282,208,-5
282,209,-68
282,210,6
282,211,92
282,212,87
282,213,-60
282,214,-9
282,215,-80
282,216,-74
282,217,88
282,218,-6
282,219,-77
282,220,-61
282,221,-61
282,222,42
282,223,56
282,224,71
282,225,-58
282,226,-25
282,227,-44
282,228,-78
282,229,-42
282,230,-96
282,231,-29
282,232,-63
282,233,25
282,234,20
282,235,12
282,236,-24
282,237,85
282,238,10
282,239,5
282,240,49
282,241,-34
282,242,99
282,243,-44
282,244,-81
282,245,56
282,246,87
282,247,-75
282,248,91
282,249,11
282,250,26
282,251,-84
282,252,-81
282,253,-11
282,254,96
282,255,-65
282,256,-4
282,257,26
282,258,88
282,259,-8
282,260,-41
282,261,66
282,262,-100
282,263,-71
282,264,-31
282,265,36
282,266,-7
282,267,97
282,268,-3
282,269,82
282,270,-6
282,271,20
282,272,-39
282,273,-94
282,274,9
282,275,-99
282,276,-32
282,277,-96
282,278,-97
282,279,-11
282,280,79
282,281,-4
282,282,54
282,283,47
282,284,-63
282,285,-29
282,286,71
282,287,67
282,288,-13
282,289,58
282,290,40
282,291,16
282,292,39
282,293,3
282,294,-24
282,295,72
282,296,-12
282,297,63
282,298,-40
282,299,-2
283,0,67
283,1,88
283,2,77
283,3,-13
283,4,62
283,5,5
283,6,56
283,7,13
283,8,-92
283,9,-64
283,10,-12
283,11,-11
283,12,40
283,13,-1
283,14,20
283,15,25
283,16,49
283,17,89
283,18,-72
283,19,-51
283,20,37
283,21,-22
283,22,86
283,23,58
283,24,82
283,25,-74
283,26,36
283,27,-21
283,28,-20
283,29,75
283,30,40
283,31,99
283,32,38
283,33,45
283,34,-64
283,35,96
283,36,-50
283,37,-4
283,38,52
283,39,18
283,40,-58
283,41,14
283,42,-95
283,43,25
283,44,22
283,45,-50
283,46,-68
283,47,47
283,48,73
283,49,-28
283,50,45
283,51,20
283,52,64
283,53,-2
283,54,-99
283,55,-52
283,56,7
283,57,-74
283,58,84
283,59,-59
283,60,38
283,61,19
283,62,-93
283,63,22
283,64,-91
283,65,-83
283,66,77
283,67,96
283,68,56
283,69,39
283,70,-27
283,71,-13
283,72,-37
283,73,49
283,74,-49
283,75,-21
283,76,-87
283,77,8
283,78,-65
283,79,-68
283,80,-25
283,81,35
283,82,24
283,83,-47
283,84,-17
283,85,50
283,86,-8
283,87,94
283,88,-71
283,89,32
283,90,-82
283,91,-53
283,92,-17
283,93,77
283,94,-84
283,95,-33
283,96,-79
283,97,1
283,98,36
283,99,10
283,100,-56
283,101,12
283,102,47
283,103,62
283,104,-56
283,105,44
283,106,65
283,107,9
283,108,10
283,109,-81
283,110,-91
283,111,-97
283,112,67
283,113,23
283,114,-3
283,115,-1
283,116,-6
283,117,90
283,118,-13
283,119,82
283,120,80
283,121,-55
283,122,-25
283,123,52
283,124,-2
283,125,-20
283,126,5
283,127,2
283,128,13
283,129,-54
283,130,-35
283,131,-82
283,132,66
283,133,69
283,134,-85
283,135,-58
283,136,47
283,137,-95
283,138,-97
283,139,-48
283,140,68
283,141,-55
283,142,70
283,143,-34
283,144,-68
283,145,94
283,146,78
283,147,-70
283,148,-82
283,149,60
283,150,58
283,151,-88
283,152,-64
283,153,87
283,154,53
283,155,-17
283,156,44
283,157,71
283,158,-100
283,159,46
283,160,-30
283,161,-84
283,162,76
283,163,-95
283,164,-52
283,165,72
283,166,96
283,167,-34
283,168,32
283,169,80
283,170,-93
283,171,-77
283,172,-14
283,173,92
283,174,25
283,175,41
283,176,-85
283,177,24
283,178,-11
283,179,20
283,180,-72
283,181,-82
283,182,-35
283,183,82
283,184,-35
283,185,-54
283,186,23
283,187,17
283,188,-1
283,189,-24
283,190,-57
283,191,-45
283,192,-41
283,193,-23
283,194,91
283,195,30
283,196,92
283,197,12
283,198,-85
283,199,-4
283,200,76
283,201,46
283,202,1
283,203,-52
283,204,-83
283,205,39
283,206,51
283,207,-20
283,208,62
283,209,3
283,210,-8
283,211,81
283,212,-71
283,213,46
283,214,-38
283,215,51
283,216,-98
283,217,63
283,218,-74
283,219,-95
283,220,-93
283,221,32
283,222,24
283,223,-21
283,224,20
283,225,24
283,226,54
283,227,-9
283,228,-45
283,229,83
283,230,90
283,231,-60
283,232,-77
283,233,63
283,234,-27
283,235,-69
283,236,-38
283,237,97
283,238,-69
283,239,-17
283,240,-28
283,241,64
283,242,-65
283,243,24
283,244,-52
283,245,0
283,246,85
283,247,-95
283,248,3
283,249,54
283,250,43
283,251,-13
283,252,-98
283,253,-65
283,254,-84
283,255,55
283,256,-93
283,257,-93
283,258,-96
283,259,24
283,260,-1
283,261,34
283,262,44
283,263,65
283,264,44
283,265,-13
283,266,-42
283,267,-49
283,268,11
283,269,-12
283,270,34
283,271,-55
283,272,77
283,273,-30
283,274,-74
283,275,66
283,276,93
283,277,-70
283,278,23
283,279,52
283,280,-19
283,281,77
283,282,-19
283,283,-63
283,284,-40
283,285,-95
283,286,-64
283,287,41
283,288,65
283,289,-35
283,290,-63
283,291,59
283,292,-96
283,293,70
283,294,88
283,295,14
283,296,38
283,297,-32
283,298,3
283,299,-90
284,0,70
284,1,64
284,2,0
284,3,19
284,4,72
284,5,10
284,6,18
284,7,40
284,8,21
284,9,84
284,10,46
284,11,61
284,12,0
284,13,-35
284,14,-49
284,15,63
284,16,12
284,17,93
284,18,66
284,19,54
284,20,-86
284,21,48
284,22,-95
284,23,13
284,24,-64
284,25,20
284,26,94
284,27,44
284,28,52
284,29,14
284,30,-5
284,31,46
284,32,65
284,33,-37
284,34,41
284,35,-52
284,36,-43
284,37,62
284,38,34
284,39,16
284,40,-98
284,41,-55
284,42,16
284,43,-24
284,44,-41
284,45,6
284,46,21
284,47,90
284,48,74
284,49,-86
284,50,-54
284,51,-65
284,52,-20
284,53,-65
284,54,-85
284,55,31
284,56,62
284,57,6
284,58,5
284,59,-37
284,60,53
284,61,-74
284,62,77
284,63,-60
284,64,-41
284,65,-56
284,66,-42
284,67,-22
284,68,-9
284,69,81
284,70,4
284,71,-55
284,72,53
284,73,57
284,74,88
284,75,-46
284,76,-32
284,77,90
284,78,6
284,79,39
284,80,-70
284,81,11
284,82,60
284,83,-34
284,84,-55
284,85,96
284,86,-88
284,87,-33
284,88,77
284,89,-3
284,90,-51
284,91,18
284,92,76
284,93,74
284,94,-99
284,95,-83
284,96,-45
284,97,18
284,98,17
284,99,46
284,100,61
284,101,-82
284,102,-54
284,103,20
284,104,-73
284,105,-19
284,106,22
284,107,82
284,108,50
284,109,-80
284,110,14
284,111,-38
284,112,-52
284,113,-15
284,114,-2
284,115,40
284,116,-68
284,117,14
284,118,24
284,119,-25
284,120,12
284,121,-26
284,122,73
284,123,-80
284,124,-56
284,125,-95
284,126,44
284,127,14
284,128,0
284,129,-6
284,130,0
284,131,9
284,132,78
284,133,51
284,134,-100
284,135,-42
284,136,-2
284,137,84
284,138,-6
284,139,-46
284,140,26
284,141,61
284,142,-30
284,143,-30
284,144,6
284,145,-76
284,146,0
284,147,-35
284,148,68
284,149,-36
284,150,-92
284,151,32
284,152,26
284,153,54
284,154,3
284,155,-48
284,156,33
284,157,-15
284,158,14
284,159,35
284,160,34
284,161,-66
284,162,-9
284,163,56
284,164,4
284,165,-54
284,166,-61
284,167,60
284,168,49
284,169,-15
284,170,-31
284,171,-18
284,172,-93
284,173,98
284,174,92
284,175,95
284,176,-42
284,177,36
284,178,42
284,179,-25
284,180,-46
284,181,-83
284,182,-17
284,183,-85
284,184,0
284,185,47
284,186,-46
284,187,-11
284,188,59
284,189,-75
284,190,92
284,191,27
284,192,-75
284,193,48
284,194,-52
284,195,-94
284,196,68
284,197,-31
284,198,23
284,199,55
284,200,78
284,201,-18
284,202,-70
284,203,-10
284,204,-83
284,205,-46
284,206,-86
284,207,-94
284,208,66
284,209,12
284,210,-77
284,211,31
284,212,47
284,213,-97
284,214,-71
284,215,43
284,216,-26
284,217,-21
284,218,90
284,219,40
284,220,73
284,221,-61
284,222,76
284,223,91
284,224,-59
284,225,91
284,226,-87
284,227,54
284,228,3
284,229,34
284,230,2
284,231,-44
284,232,83
284,233,24
284,234,47
284,235,24
284,236,-80
284,237,-77
284,238,39
284,239,-4
284,240,27
284,241,42
284,242,92
284,243,-57
284,244,-92
284,245,-82
284,246,50
284,247,85
284,248,-10
284,249,-41
284,250,81
284,251,-45
284,252,17
284,253,24
284,254,36
284,255,14
284,256,-98
284,257,-74
284,258,13
284,259,81
284,260,-54
284,261,41
284,262,96
284,263,39
284,264,-3
284,265,26
284,266,84
284,267,26
284,268,-19
284,269,-59
284,270,20
284,271,41
284,272,8
284,273,45
284,274,-53
284,275,-88
284,276,30
284,277,26
284,278,-86
284,279,8
284,280,-24
284,281,12
284,282,81
284,283,-90
284,284,-80
284,285,58
284,286,-68
284,287,42
284,288,32
284,289,-67
284,290,-63
284,291,-52
284,292,-39
284,293,-44
284,294,93
284,295,-19
284,296,-57
284,297,-23
284,298,18
284,299,-41
285,0,-57
285,1,-62
285,2,-63
285,3,-58
285,4,46
285,5,-95
285,6,19
285,7,-64
285,8,-86
285,9,47
285,10,-72
285,11,64
285,12,33
285,13,20
285,14,62
285,15,-88
285,16,-41
285,17,23
285,18,-42
285,19,-49
285,20,-68
285,21,-48
285,22,-47
285,23,-45
285,24,77
285,25,-91
285,26,-32
285,27,-34
285,28,96
285,29,-37
285,30,-83
285,31,12
285,32,11
285,33,90
285,34,99
285,35,-16
285,36,71
285,37,5
285,38,10
285,39,89
285,40,-87
285,41,75
285,42,-18
285,43,3
285,44,32
285,45,-77
285,46,69
285,47,-24
285,48,-53
285,49,-83
285,50,20
285,51,-100
285,52,21
285,53,52
285,54,-16
285,55,91
285,56,11
285,57,92
285,58,50
285,59,-79
285,60,-31
285,61,-61
285,62,20
285,63,0
285,64,50
285,65,90
285,66,-34
285,67,-89
285,68,-96
285,69,-41
285,70,-63
285,71,-14
285,72,78
285,73,48
285,74,-34
285,75,-38
285,76,-17
285,77,-69
285,78,63
285,79,-41
285,80,28
285,81,91
285,82,-77
285,83,91
285,84,64
285,85,-25
285,86,37
285,87,-73
285,88,71
285,89,47
285,90,-21
285,91,97
285,92,-100
285,93,1
285,94,74
285,95,98
285,96,46
285,97,-30
285,98,81
285,99,13
285,100,72
285,101,74
285,102,47
285,103,-26
285,104,-79
285,105,17
285,106,11
285,107,-57
285,108,-6
285,109,-66
285,110,-15
285,111,-50
285,112,-32
285,113,-41
285,114,64
285,115,-2
285,116,85
285,117,-96
285,118,-65
285,119,21
285,120,-7
285,121,30
285,122,-14
285,123,-36
285,124,49
285,125,81
285,126,-52
285,127,-66
285,128,7
285,129,80
285,130,36
285,131,-7
285,132,-46
285,133,60
285,134,82
285,135,58
285,136,33
285,137,68
285,138,12
285,139,-22
285,140,9
285,141,-41
285,142,54
285,143,20
285,144,84
285,145,54
285,146,89
285,147,-15
285,148,-19
285,149,-84
285,150,-41
285,151,-19
285,152,12
285,153,-55
285,154,-66
285,155,28
285,156,39
285,157,90
285,158,-62
285,159,-7
285,160,93
285,161,-6
285,162,50
285,163,59
285,164,-40
285,165,-25
285,166,-12
285,167,-84
285,168,-76
285,169,48
285,170,35
285,171,-56
285,172,-97
285,173,22
285,174,87
285,175,71
285,176,-45
285,177,-48
285,178,-48
285,179,81
285,180,15
285,181,-69
285,182,-96
285,183,-68
285,184,-14
285,185,45
285,186,-76
285,187,39
285,188,-9
285,189,12
285,190,42
285,191,70
285,192,-60
285,193,67
285,194,-46
285,195,-50
285,196,48
285,197,-42
285,198,-66
285,199,40
285,200,74
285,201,-56
285,202,-38
285,203,-78
285,204,-80
285,205,27
285,206,92
285,207,-2
285,208,93
285,209,14
285,210,-31
285,211,-28
285,212,-48
285,213,78
285,214,-66
285,215,28
285,216,25
285,217,-85
285,218,-65
285,219,-78
285,220,55
285,221,-20
285,222,-14
285,223,-63
285,224,-10
285,225,-86
285,226,-49
285,227,-25
285,228,81
285,229,12
285,230,84
285,231,-22
285,232,-3
285,233,-15
285,234,44
285,235,99
285,236,56
285,237,97
285,238,-32
285,239,6
285,240,73
285,241,-84
285,242,89
285,243,82
285,244,-93
285,245,26
285,246,-20
285,247,-63
285,248,13
285,249,29
285,250,27
285,251,-18
285,252,37
285,253,60
285,254,-21
285,255,72
285,256,-27
285,257,-30
285,258,67
285,259,42
285,260,22
285,261,-17
285,262,-74
285,263,-46
285,264,-47
285,265,2
285,266,71
285,267,-12
285,268,-68
285,269,-98
285,270,81
285,271,-100
285,272,-92
285,273,-64
285,274,-74
285,275,74
285,276,55
285,277,-75
285,278,73
285,279,-32
285,280,99
285,281,47
285,282,30
285,283,2
285,284,-99
285,285,62
285,286,57
285,287,32
285,288,-54
285,289,51
285,290,45
285,291,17
285,292,-47
285,293,76
285,294,-47
285,295,0
285,296,-97
285,297,-72
285,298,35
285,299,-86
286,0,-53
286,1,-14
286,2,-6
286,3,-12
286,4,12
286,5,15
286,6,28
286,7,26
286,8,70
286,9,-86
286,10,-77
286,11,5
286,12,-94
286,13,-11
286,14,-88
286,15,79
286,16,-4
286,17,75
286,18,92
286,19,-25
286,20,95
286,21,-14
286,22,58
286,23,64
286,24,53
286,25,60
286,26,-65
286,27,82
286,28,-3
286,29,-81
286,30,-32
286,31,-56
286,32,-47
286,33,94
286,34,-61
286,35,98
286,36,66
286,37,-89
286,38,50
286,39,40
286,40,-22
286,41,18
286,42,-70
286,43,8
286,44,2
286,45,-10
286,46,64
286,47,-81
286,48,54
286,49,-79
286,50,87
286,51,-48
286,52,-60
286,53,-2
286,54,-25
286,55,-25
286,56,22
286,57,88
286,58,-56
286,59,90
286,60,-59
286,61,68
286,62,77
286,63,47
286,64,92
286,65,-54
286,66,-1
286,67,-88
286,68,-8
286,69,-19
286,70,97
286,71,71
286,72,-19
286,73,43
286,74,88
286,75,-91
286,76,38
286,77,-84
286,78,19
286,79,-10
286,80,-100
286,81,-52
286,82,-48
286,83,87
286,84,-85
286,85,-77
286,86,68
286,87,-62
286,88,19
286,89,-76
286,90,79
286,91,5
286,92,59
286,93,45
286,94,63
286,95,-93
286,96,-82
286,97,40
286,98,9
286,99,3
286,100,-89
286,101,2
286,102,-77
286,103,-70
286,104,21
286,105,-48
286,106,18
286,107,71
286,108,9
286,109,-43
286,110,56
286,111,-85
286,112,-19
286,113,71
286,114,86
286,115,11
286,116,-5
286,117,-59
286,118,2
286,119,97
286,120,-70
286,121,-10
286,122,-7
286,123,-8
286,124,-75
286,125,-70
286,126,18
286,127,69
286,128,5
286,129,-91
286,130,-66
286,131,33
286,132,-25
286,133,-85
286,134,-65
286,135,-73
286,136,-100
286,137,3
286,138,-2
286,139,-17
286,140,-91
286,141,62
286,142,-32
286,143,-29
286,144,61
286,145,5
286,146,13
286,147,-36
286,148,-21
286,149,-75
286,150,-44
286,151,-69
286,152,90
286,153,-87
286,154,-72
286,155,7
286,156,86
286,157,29
286,158,-44
286,159,21
286,160,-85
286,161,19
286,162,-77
286,163,-31
286,164,30
286,165,24
286,166,41
286,167,-67
286,168,96
286,169,-35
286,170,-54
286,171,-52
286,172,67
286,173,70
286,174,77
286,175,34
286,176,36
286,177,-38
286,178,16
286,179,-83
286,180,16
286,181,35
286,182,76
286,183,24
286,184,75
286,185,-55
286,186,57
286,187,-92
286,188,-71
286,189,46
286,190,-67
286,191,-4
286,192,33
286,193,20
286,194,-11
286,195,48
286,196,66
286,197,-78
286,198,-98
286,199,90
286,200,-35
286,201,51
286,202,64
286,203,31
286,204,45
286,205,16
286,206,-93
286,207,-52
286,208,-21
286,209,32
286,210,-96
286,211,92
286,212,-44
286,213,27
286,214,-83
286,215,-92
286,216,14
286,217,97
286,218,78
286,219,43
286,220,-77
286,221,-18
286,222,-98
286,223,-46
286,224,-22
286,225,-20
286,226,74
286,227,89
286,228,85
286,229,-29
286,230,2
286,231,-62
286,232,-46
286,233,88
286,234,64
286,235,93
286,236,33
286,237,15
286,238,-31
286,239,-85
286,240,63
286,241,86
286,242,35
286,243,38
286,244,13
286,245,-90
286,246,-95
286,247,52
286,248,80
286,249,-5
286,250,5
286,251,-76
286,252,65
286,253,-60
286,254,65
286,255,-66
286,256,51
286,257,-35
286,258,54
286,259,82
286,260,-79
286,261,54
286,262,7
286,263,-32
286,264,-85
286,265,-8
286,266,-92
286,267,21
286,268,-82
286,269,95
286,270,45
286,271,-24
286,272,-48
286,273,-73
286,274,33
286,275,-44
286,276,-21
286,277,11
286,278,-13
286,279,74
286,280,85
286,281,-42
286,282,-20
286,283,11
286,284,51
286,285,14
286,286,-74
286,287,13
286,288,48
286,289,70
286,290,-22
286,291,50
286,292,5
286,293,-36
286,294,98
286,295,-42
286,296,-26
286,297,-34
286,298,-70
286,299,-9
287,0,84
287,1,27
287,2,-21
287,3,71
287,4,-20
287,5,20
287,6,79
287,7,-19
287,8,36
287,9,66
287,10,51
287,11,85
287,12,15
287,13,-81
287,14,55
287,15,-12
287,16,-77
287,17,71
287,18,-93
287,19,88
287,20,49
287,21,50
287,22,48
287,23,74
287,24,-38
287,25,79
287,26,88
287,27,-73
287,28,73
287,29,-87
287,30,84
287,31,81
287,32,0
287,33,-39
287,34,65
287,35,-73
287,36,-13
287,37,-38
287,38,79
287,39,96
287,40,61
287,41,-41
287,42,67
287,43,-21
287,44,-1
287,45,70
287,46,-44
287,47,65
287,48,-79
287,49,-11
287,50,-80
287,51,-40
287,52,-2
287,53,-41
287,54,37
287,55,-8
287,56,-79
287,57,58
287,58,16
287,59,-64
287,60,77
287,61,61
287,62,15
287,63,53
287,64,-76
287,65,-31
287,66,-60
287,67,33
287,68,13
287,69,14
287,70,-76
287,71,55
287,72,96
287,73,5
287,74,83
287,75,-27
287,76,89
287,77,-44
287,78,-48
287,79,-70
287,80,-27
287,81,-90
287,82,52
287,83,-61
287,84,85
287,85,58
287,86,27
287,87,27
287,88,-27
287,89,-10
287,90,91
287,91,4
287,92,39
287,93,46
287,94,-95
287,95,84
287,96,-34
287,97,70
287,98,-3
287,99,5
287,100,3
287,101,19
287,102,95
287,103,-88
287,104,72
287,105,35
287,106,-76
287,107,93
287,108,-46
287,109,-56
287,110,-90
287,111,53
287,112,-25
287,113,-1
287,114,51
287,115,-10
287,116,68
287,117,43
287,118,-100
287,119,-48
287,120,51
287,121,-56
287,122,78
287,123,-24
287,124,76
287,125,-99
287,126,-79
287,127,-14
287,128,-5
287,129,84
287,130,59
287,131,19
287,132,-63
287,133,-69
287,134,22
287,135,22
287,136,-100
287,137,59
287,138,40
287,139,-25
287,140,-85
287,141,-73
287,142,56
287,143,-16
287,144,-89
287,145,31
287,146,57
287,147,64
287,148,61
287,149,57
287,150,55
287,151,-66
287,152,77
287,153,-96
287,154,10
287,155,-42
287,156,-31
287,157,-49
287,158,94
287,159,-35
287,160,56
287,161,65
287,162,-37
287,163,56
287,164,-84
287,165,-12
287,166,-97
287,167,-93
287,168,4
287,169,-72
287,170,61
287,171,0
287,172,-57
287,173,99
287,174,-6
287,175,-6
287,176,99
287,177,14
287,178,46
287,179,16
287,180,39
287,181,45
287,182,24
287,183,34
287,184,-65
287,185,-62
287,186,96
287,187,79
287,188,-46
287,189,-40
287,190,61
287,191,32
287,192,-45
287,193,58
287,194,11
287,195,35
287,196,-84
287,197,12
287,198,77
287,199,44
287,200,-4
287,201,-31
287,202,-32
287,203,-62
287,204,92
287,205,30
287,206,22
287,207,-77
287,208,9
287,209,45
287,210,-38
287,211,-88
287,212,20
287,213,32
287,214,82
287,215,-13
287,216,-19
287,217,11
287,218,-32
287,219,13
287,220,59
287,221,67
287,222,52
287,223,21
287,224,10
287,225,70
287,226,-81
287,227,35
287,228,1
287,229,42
287,230,46
287,231,70
287,232,30
287,233,57
287,234,-7
287,235,-42
287,236,87
287,237,39
287,238,-3
287,239,-22
287,240,78
287,241,-40
287,242,50
287,243,-15
287,244,33
287,245,56
287,246,-29
287,247,34
287,248,67
287,249,-13
287,250,-89
287,251,-78
287,252,65
287,253,-43
287,254,-67
287,255,54
287,256,-49
287,257,68
287,258,78
287,259,1
287,260,-62
287,261,39
287,262,-5
287,263,-88
287,264,88
287,265,18
287,266,-78
287,267,13
287,268,-19
287,269,19
287,270,6
287,271,-33
287,272,27
287,273,63
287,274,-98
287,275,31
287,276,-67
287,277,55
287,278,69
287,279,8
287,280,39
287,281,28
287,282,51
287,283,65
287,284,41
287,285,24
287,286,57
287,287,-32
287,288,18
287,289,55
287,290,31
287,291,-33
287,292,5
287,293,30
287,294,5
287,295,-25
287,296,34
287,297,13
287,298,-95
287,299,54
288,0,28
288,1,10
288,2,90
288,3,-57
288,4,-53
288,5,-74
288,6,50
288,7,-43
288,8,17
288,9,-24
288,10,86
288,11,-83
288,12,-3
288,13,-59
288,14,-60
288,15,57
288,16,48
288,17,-30
288,18,32
288,19,-98
288,20,-76
288,21,-13
288,22,-15
288,23,83
288,24,69
288,25,-59
288,26,-72
288,27,34
288,28,-52
288,29,57
288,30,-9
288,31,-44
288,32,76
288,33,66
288,34,-65
288,35,15
288,36,-37
288,37,-98
288,38,-56
288,39,-21
288,40,-27
288,41,28
288,42,3
288,43,-60
288,44,-33
288,45,0
288,46,-37
288,47,9
288,48,72
288,49,79
288,50,-53
288,51,-13
288,52,93
288,53,8
288,54,80
288,55,-45
288,56,12
288,57,-6
288,58,-61
288,59,84
288,60,-9
288,61,-42
288,62,39
288,63,-92
288,64,77
288,65,78
288,66,-63
288,67,-11
288,68,65
288,69,59
288,70,-44
288,71,24
288,72,85
288,73,-43
288,74,-88
288,75,-62
288,76,97
288,77,-74
288,78,-84
288,79,-33
288,80,-40
288,81,-89
288,82,-82
288,83,-43
288,84,61
288,85,12
288,86,57
288,87,-95
288,88,-62
288,89,-1
288,90,-95
288,91,-24
288,92,-57
288,93,45
288,94,-67
288,95,57
288,96,28
288,97,-21
288,98,30
288,99,83
288,100,84
288,101,30
288,102,-53
288,103,21
288,104,-68
288,105,6
288,106,11
288,107,-45
288,108,-45
288,109,33
288,110,-16
288,111,27
288,112,-34
288,113,91
288,114,-44
288,115,-45
288,116,58
288,117,90
288,118,30
288,119,1
288,120,48
288,121,73
288,122,-14
288,123,-45
288,124,-65
288,125,49
288,126,35
288,127,80
288,128,-33
288,129,93
288,130,54
288,131,33
288,132,7
288,133,-76
288,134,-47
288,135,67
288,136,-90
288,137,-29
288,138,55
288,139,-83
288,140,27
288,141,25
288,142,-34
288,143,95
288,144,-54
288,145,70
288,146,-18
288,147,84
288,148,-14
288,149,49
288,150,-11
288,151,-3
288,152,-22
288,153,85
288,154,81
288,155,87
288,156,-16
288,157,-17
288,158,34
288,159,-16
288,160,61
288,161,-88
288,162,86
288,163,23
288,164,22
288,165,-46
288,166,-11
288,167,-62
288,168,29
288,169,-73
288,170,-14
288,171,-45
288,172,18
288,173,17
288,174,-27
288,175,18
288,176,-100
288,177,-58
288,178,-7
288,179,-26
288,180,4
288,181,-52
288,182,57
288,183,-53
288,184,76
288,185,14
288,186,20
288,187,43
288,188,93
288,189,-15
288,190,-81
288,191,-43
288,192,29
288,193,29
288,194,-42
288,195,-47
288,196,55
288,197,-53
288,198,76
288,199,-55
288,200,16
288,201,83
288,202,89
288,203,-34
288,204,-3
288,205,92
288,206,85
288,207,-97
288,208,90
288,209,-72
288,210,53
288,211,54
288,212,8
288,213,-40
288,214,-44
288,215,-47
288,216,-98
288,217,-77
288,218,53
288,219,-78
288,220,-14
288,221,-6
288,222,-75
288,223,-1
288,224,-50
288,225,55
288,226,-74
288,227,-90
288,228,-48
288,229,-98
288,230,-13
288,231,-96
288,232,98
288,233,-46
288,234,82
288,235,9
288,236,23
288,237,-96
288,238,-70
288,239,29
288,240,47
288,241,76
288,242,88
288,243,43
288,244,22
288,245,-59
288,246,-7
288,247,53
288,248,-26
288,249,-23
288,250,11
288,251,-93
288,252,-27
288,253,-18
288,254,71
288,255,-46
288,256,-59
288,257,-23
288,258,69
288,259,78
288,260,-69
288,261,-6
288,262,59
288,263,-46
288,264,-54
288,265,-24
288,266,70
288,267,36
288,268,18
288,269,-23
288,270,-93
288,271,58
288,272,-43
288,273,40
288,274,-44
288,275,98
288,276,-80
288,277,-42
288,278,-53
288,279,15
288,280,-30
288,281,23
288,282,40
288,283,50
288,284,-35
288,285,-88
288,286,88
288,287,-25
288,288,74
288,289,77
288,290,-96
288,291,-70
288,292,66
288,293,-76
288,294,58
288,295,64
288,296,-38
288,297,-76
288,298,-27
288,299,11
289,0,62
289,1,-28
289,2,36
289,3,-80
289,4,-4
289,5,-19
289,6,-12
289,7,-2
289,8,42
289,9,-46
289,10,94
289,11,-40
289,12,-70
289,13,89
289,14,63
289,15,-20
289,16,71
289,17,-6
289,18,77
289,19,-53
289,20,38
289,21,86
289,22,53
289,23,64
289,24,91
289,25,75
289,26,41
289,27,-60
289,28,-49
289,29,76
289,30,-40
289,31,34
289,32,98
289,33,-4
289,34,34
289,35,-80
289,36,-15
289,37,-84
289,38,71
289,39,53
289,40,14
289,41,92
289,42,-67
289,43,-16
289,44,21
289,45,71
289,46,-81
289,47,60
289,48,29
289,49,1
289,50,-5
289,51,62
289,52,2
289,53,-33
289,54,48
289,55,-80
289,56,47
289,57,-71
289,58,8
289,59,31
289,60,9
289,61,72
289,62,-26
289,63,-66
289,64,-22
289,65,-6
289,66,-34
289,67,67
289,68,75
289,69,-92
289,70,24
289,71,-64
289,72,41
289,73,87
289,74,-90
289,75,-64
289,76,97
289,77,96
289,78,76
289,79,96
289,80,27
289,81,-69
289,82,23
289,83,-35
289,84,-32
289,85,-41
289,86,-13
289,87,-29
289,88,10
289,89,-40
289,90,-24
289,91,61
289,92,50
289,93,-92
289,94,-71
289,95,25
289,96,53
289,97,66
289,98,30
289,99,88
289,100,37
289,101,70
289,102,-95
289,103,92
289,104,-57
289,105,10
289,106,-37
289,107,35
289,108,-1
289,109,-23
289,110,30
289,111,33
289,112,-97
289,113,63
289,114,84
289,115,-17
289,116,-75
289,117,53
289,118,-88
289,119,-81
289,120,77
289,121,-1
289,122,29
289,123,-27
289,124,7
289,125,19
289,126,90
289,127,22
289,128,10
289,129,-71
289,130,82
289,131,33
289,132,91
289,133,-57
289,134,-9
289,135,-22
289,136,46
289,137,-94
289,138,-85
289,139,-64
289,140,-44
289,141,31
289,142,26
289,143,-30
289,144,-65
289,145,-35
289,146,-21
289,147,45
289,148,62
289,149,-79
289,150,14
289,151,63
289,152,-88
289,153,-75
289,154,77
289,155,-9
289,156,-31
289,157,-67
289,158,30
289,159,-16
289,160,65
289,161,85
289,162,4
289,163,83
289,164,-1
289,165,-51
289,166,20
289,167,42
289,168,82
289,169,-76
289,170,67
289,171,-27
289,172,-60
289,173,-25
289,174,-86
289,175,35
289,176,12
289,177,91
289,178,82
289,179,19
289,180,-100
289,181,-35
289,182,-71
289,183,27
289,184,-67
289,185,-100
289,186,-24
289,187,-67
289,188,82
289,189,-56
289,190,-7
289,191,-82
289,192,-97
289,193,-88
289,194,24
289,195,-85
289,196,72
289,197,90
289,198,-1
289,199,-93
289,200,86
289,201,1
289,202,82
289,203,92
289,204,34
289,205,82
289,206,64
289,207,45
289,208,86
289,209,-8
289,210,96
289,211,42
289,212,-72
289,213,40
289,214,16
289,215,80
289,216,73
289,217,17
289,218,-50
289,219,-25
289,220,-68
289,221,-51
289,222,52
289,223,-35
289,224,-73
289,225,66
289,226,76
289,227,24
289,228,55
289,229,-85
289,230,75
289,231,29
289,232,-63
289,233,-23
289,234,-98
289,235,-22
289,236,45
289,237,16
289,238,14
289,239,83
289,240,-68
289,241,11
289,242,54
289,243,-6
289,244,-4
289,245,16
289,246,8
289,247,31
289,248,-74
289,249,-43
289,250,51
289,251,7
289,252,-66
289,253,76
289,254,86
289,255,-8
289,256,-91
289,257,-88
289,258,-31
289,259,-61
289,260,75
289,261,-43
289,262,75
289,263,-14
289,264,81
289,265,91
289,266,-75
289,267,48
289,268,-57
289,269,50
289,270,-92
289,271,-46
289,272,35
289,273,-52
289,274,13
289,275,12
289,276,42
289,277,53
289,278,58
289,279,-7
289,280,-15
289,281,-64
289,282,-35
289,283,56
289,284,46
289,285,-8
289,286,16
289,287,92
289,288,25
289,289,-100
289,290,58
289,291,55
289,292,63
289,293,36
289,294,45
289,295,-80
289,296,-63
289,297,-7
289,298,-70
289,299,72
290,0,0
290,1,9
290,2,71
290,3,99
290,4,98
290,5,-83
290,6,76
290,7,74
290,8,-44
290,9,13
290,10,98
290,11,32
290,12,-69
290,13,91
290,14,87
290,15,36
290,16,48
290,17,36
290,18,-37
290,19,62
290,20,53
290,21,74
290,22,-45
290,23,59
290,24,8
290,25,5
290,26,12
290,27,-64
290,28,-74
290,29,65
290,30,98
290,31,-27
290,32,-62
290,33,4
290,34,-100
290,35,-85
290,36,33
290,37,55
290,38,-80
290,39,54
290,40,13
290,41,-27
290,42,38
290,43,20
290,44,1
290,45,50
290,46,49
290,47,-93
290,48,-29
290,49,40
290,50,89
290,51,-35
290,52,16
290,53,98
290,54,-80
290,55,-30
290,56,73
290,57,-76
290,58,75
290,59,52
290,60,81
290,61,-8
290,62,-43
290,63,-78
290,64,-43
290,65,16
290,66,-71
290,67,-21
290,68,97
290,69,-85
290,70,52
290,71,-81
290,72,-99
290,73,90
290,74,-72
290,75,31
290,76,52
290,77,-96
290,78,-67
290,79,-28
290,80,13
290,81,-48
290,82,-68
290,83,0
290,84,71
290,85,-45
290,86,53
290,87,-12
290,88,-89
290,89,80
290,90,-33
290,91,-52
290,92,23
290,93,84
290,94,-21
290,95,-85
290,96,-84
290,97,28
290,98,69
290,99,-71
290,100,-1
290,101,55
290,102,62
290,103,-52
290,104,-58
290,105,11
290,106,99
290,107,43
290,108,-31
290,109,99
290,110,-45
290,111,-67
290,112,-53
290,113,-90
290,114,-40
290,115,-82
290,116,76
290,117,-80
290,118,-89
290,119,-18
290,120,-85
290,121,87
290,122,-65
290,123,-5
290,124,22
290,125,72
290,126,-66
290,127,35
290,128,47
290,129,-11
290,130,39
290,131,-51
290,132,22
290,133,60
290,134,-23
290,135,86
290,136,-100
290,137,4
290,138,16
290,139,-23
290,140,-58
290,141,75
290,142,-95
290,143,-68
290,144,-14
290,145,75
290,146,5
290,147,19
290,148,-56
290,149,-42
290,150,-58
290,151,51
290,152,-44
290,153,-25
290,154,93
290,155,-58
290,156,-36
290,157,39
290,158,50
290,159,-27
290,160,-84
290,161,78
290,162,86
290,163,50
290,164,76
290,165,-58
290,166,-49
290,167,66
290,168,39
290,169,-88
290,170,19
290,171,15
290,172,-36
290,173,34
290,174,8
290,175,-4
290,176,74
290,177,94
290,178,-6
290,179,36
290,180,-21
290,181,27
290,182,-1
290,183,-52
290,184,25
290,185,-74
290,186,-63
290,187,-69
290,188,81
290,189,65
290,190,68
290,191,-63
290,192,-7
290,193,-92
290,194,-79
290,195,49
290,196,23
290,197,-75
290,198,-55
290,199,99
290,200,-29
290,201,-73
290,202,-4
290,203,-33
290,204,62
290,205,-76
290,206,-54
290,207,-19
290,208,50
290,209,-28
290,210,-86
290,211,-97
290,212,-56
290,213,91
290,214,36
290,215,-13
290,216,41
290,217,-92
290,218,-33
290,219,-25
290,220,23
290,221,-71
290,222,79
290,223,84
290,224,-40
290,225,88
290,226,-20
290,227,-30
290,228,-17
290,229,-41
290,230,35
290,231,-98
290,232,-82
290,233,-26
290,234,-96
290,235,4
290,236,-43
290,237,-100
290,238,53
290,239,-1
290,240,-32
290,241,-26
290,242,-56
290,243,58
290,244,-92
290,245,-89
290,246,-100
290,247,88
290,248,-35
290,249,-99
290,250,-17
290,251,-41
290,252,52
290,253,13
290,254,-54
290,255,-17
290,256,-4
290,257,52
290,258,19
290,259,-31
290,260,-71
290,261,-31
290,262,14
290,263,-19
290,264,-55
290,265,-24
290,266,65
290,267,13
290,268,-18
290,269,-74
290,270,-70
290,271,45
290,272,-75
290,273,60
290,274,-82
290,275,0
290,276,0
290,277,-10
290,278,-44
290,279,63
290,280,-92
290,281,-89
290,282,50
290,283,-15
290,284,-9
290,285,-54
290,286,-77
290,287,3
290,288,62
290,289,-76
290,290,-33
290,291,-14
290,292,18
290,293,76
290,294,32
290,295,26
290,296,11
290,297,77
290,298,-57
290,299,76
291,0,45
291,1,99
291,2,-62
291,3,64
291,4,38
291,5,-62
291,6,-65
291,7,-91
291,8,-35
291,9,-71
291,10,-85
291,11,-93
291,12,71
291,13,-23
291,14,6
291,15,-72
291,16,-51
291,17,46
291,18,87
291,19,-14
291,20,-77
291,21,51
291,22,-57
291,23,-1
291,24,-10
291,25,32
291,26,82
291,27,-59
291,28,26
291,29,-40
291,30,84
291,31,-56
291,32,-73
291,33,-30
291,34,22
291,35,-96
291,36,13
291,37,-52
291,38,79
291,39,76
291,40,-95
291,41,-63
291,42,93
291,43,-66
291,44,80
291,45,68
291,46,-15
291,47,-80
291,48,70
291,49,75
291,50,-36
291,51,-17
291,52,-83
291,53,-13
291,54,21
291,55,-62
291,56,-16
291,57,39
291,58,32
291,59,-27
291,60,-52
291,61,-83
291,62,-67
291,63,42
291,64,-95
291,65,-47
291,66,-90
291,67,41
291,68,-95
291,69,94
291,70,55
291,71,39
291,72,-56
291,73,-29
291,74,89
291,75,-13
291,76,37
291,77,-98
291,78,-96
291,79,55
291,80,-82
291,81,-57
291,82,73
291,83,-26
291,84,-75
291,85,-16
291,86,-47
291,87,-58
291,88,-8
291,89,61
291,90,-43
291,91,-65
291,92,17
291,93,-64
291,94,-39
291,95,95
291,96,-33
291,97,-88
291,98,59
291,99,-90
291,100,17
291,101,18
291,102,93
291,103,-9
291,104,-79
291,105,-38
291,106,-68
291,107,19
291,108,-13
291,109,-13
291,110,-91
291,111,58
291,112,-67
291,113,90
291,114,27
291,115,37
291,116,-81
291,117,-45
291,118,16
291,119,-86
291,120,-30
291,121,-6
291,122,50
291,123,-79
291,124,57
291,125,-90
291,126,86
291,127,-52
291,128,31
291,129,-55
291,130,-65
291,131,64
291,132,49
291,133,66
291,134,0
291,135,28
291,136,15
291,137,-85
291,138,-26
291,139,35
291,140,28
291,141,37
291,142,-1
291,143,53
291,144,69
291,145,-5
291,146,2
291,147,89
291,148,83
291,149,-99
291,150,-33
291,151,72
291,152,-54
291,153,-51
291,154,91
291,155,96
291,156,-87
291,157,-26
291,158,-42
291,159,27
291,160,-12
291,161,-17
291,162,50
291,163,-3
291,164,70
291,165,87
291,166,84
291,167,-71
291,168,-76
291,169,24
291,170,58
291,171,60
291,172,-74
291,173,-74
291,174,-21
291,175,-16
291,176,40
291,177,-84
291,178,76
291,179,-2
291,180,97
291,181,20
291,182,-57
291,183,-69
291,184,2
291,185,44
291,186,76
291,187,-25
291,188,52
291,189,-65
291,190,-63
291,191,21
291,192,42
291,193,-12
291,194,-34
291,195,-61
291,196,64
291,197,-99
291,198,-62
291,199,-68
291,200,90
291,201,-89
291,202,-11
291,203,24
291,204,-4
291,205,-59
291,206,12
291,207,61
291,208,67
291,209,1
291,210,-47
291,211,-99
291,212,-47
291,213,-11
291,214,5
291,215,-39
291,216,87
291,217,-43
291,218,-40
291,219,-17
291,220,-28
291,221,48
291,222,-77
291,223,-23
291,224,6
291,225,75
291,226,40
291,227,-92
291,228,25
291,229,94
291,230,-20
291,231,58
291,232,48
291,233,-52
291,234,-91
291,235,-8
291,236,-48
291,237,-11
291,238,79
291,239,-48
291,240,27
291,241,-67
291,242,88
291,243,-61
291,244,5
291,245,17
291,246,55
291,247,-27
291,248,-68
291,249,32
291,250,8
291,251,86
291,252,-37
291,253,-75
291,254,-67
291,255,-12
291,256,-94
291,257,-29
291,258,-10
291,259,14
291,260,-39
291,261,-61
291,262,-51
291,263,32
291,264,25
291,265,76
291,266,-36
291,267,-4
291,268,-50
291,269,67
291,270,-40
291,271,23
291,272,73
291,273,85
291,274,-66
291,275,52
291,276,-68
291,277,44
291,278,52
291,279,33
291,280,50
291,281,-81
291,282,43
291,283,33
291,284,85
291,285,97
291,286,-67
291,287,91
291,288,70
291,289,-1
291,290,49
291,291,-74
291,292,-38
291,293,-37
291,294,12
291,295,63
291,296,-39
291,297,29
291,298,68
291,299,92
292,0,-70
292,1,41
292,2,85
292,3,53
292,4,-55
292,5,-99
292,6,-48
292,7,-96
292,8,-50
292,9,45
292,10,-99
292,11,-69
292,12,44
292,13,-84
292,14,-63
292,15,-44
292,16,-38
292,17,16
292,18,-84
292,19,-29
292,20,-18
292,21,78
292,22,81
292,23,-62
292,24,-68
292,25,-90
292,26,2
292,27,27
292,28,-12
292,29,-13
292,30,-84
292,31,35
292,32,-17
292,33,-26
292,34,-19
292,35,-29
292,36,56
292,37,-69
292,38,78
292,39,-74
292,40,-84
292,41,-55
292,42,-30
292,43,-44
292,44,33
292,45,-40
292,46,9
292,47,75
292,48,0
292,49,-71
292,50,-74
292,51,53
292,52,12
292,53,-79
292,54,47
292,55,86
292,56,-30
292,57,-57
292,58,14
292,59,4
292,60,-75
292,61,-64
292,62,5
292,63,-81
292,64,-85
292,65,61
292,66,60
292,67,-67
292,68,-29
292,69,60
292,70,-82
292,71,-18
292,72,24
292,73,58
292,74,13
292,75,86
292,76,-15
292,77,-15
292,78,45
292,79,68
292,80,17
292,81,24
292,82,-31
292,83,27
292,84,91
292,85,42
292,86,-79
292,87,26
292,88,-57
292,89,-100
292,90,-46
292,91,13
292,92,-32
292,93,46
292,94,-87
292,95,73
292,96,-70
292,97,23
292,98,24
292,99,90
292,100,-36
292,101,5
292,102,-48
292,103,-41
292,104,77
292,105,-38
292,106,-38
292,107,-24
292,108,72
292,109,37
292,110,26
292,111,-60
292,112,34
292,113,78
292,114,-42
292,115,-3
292,116,-31
292,117,38
292,118,52
292,119,-12
292,120,37
292,121,-90
292,122,63
292,123,-73
292,124,-56
292,125,-72
292,126,20
292,127,-15
292,128,46
292,129,-31
292,130,-56
292,131,16
292,132,60
292,133,-18
292,134,35
292,135,-2
292,136,-76
292,137,-27
292,138,-14
292,139,90
292,140,50
292,141,90
292,142,7
292,143,-63
292,144,-6
292,145,28
292,146,-39
292,147,-80
292,148,-59
292,149,-38
292,150,-49
292,151,-82
292,152,24
292,153,7
292,154,-74
292,155,2
292,156,94
292,157,-49
292,158,-75
292,159,94
292,160,-21
292,161,55
292,162,1
292,163,-58
292,164,-42
292,165,-5
292,166,-50
292,167,87
292,168,-6
292,169,-93
292,170,-45
292,171,1
292,172,68
292,173,17
292,174,-70
292,175,-27
292,176,86
292,177,72
292,178,32
292,179,-58
292,180,-80
292,181,-64
292,182,-17
292,183,-38
292,184,88
292,185,-3
292,186,-75
292,187,20
292,188,-30
292,189,75
292,190,-66
292,191,-20
292,192,13
292,193,33
292,194,-58
292,195,26
292,196,-29
292,197,65
292,198,74
292,199,-57
292,200,-60
292,201,-49
292,202,61
292,203,-96
292,204,53
292,205,61
292,206,90
292,207,-57
292,208,-66
292,209,45
292,210,-86
292,211,-4
292,212,-86
292,213,-93
292,214,28
292,215,12
292,216,-34
292,217,21
292,218,-97
292,219,11
292,220,67
292,221,-72
292,222,49
292,223,-72
292,224,-63
292,225,53
292,226,23
292,227,15
292,228,59
292,229,56
292,230,-80
292,231,-100
292,232,29
292,233,-10
292,234,-19
292,235,-60
292,236,9
292,237,50
292,238,-18
292,239,86
292,240,-55
292,241,10
292,242,-37
292,243,99
292,244,70
292,245,45
292,246,-10
292,247,-60
292,248,5
292,249,-11
292,250,-21
292,251,1
292,252,-47
292,253,65
292,254,8
292,255,78
292,256,-93
292,257,-64
292,258,33
292,259,-16
292,260,-75
292,261,79
292,262,-17
292,263,-61
292,264,26
292,265,9
292,266,24
292,267,-22
292,268,-41
292,269,9
292,270,-35
292,271,18
292,272,54
292,273,-23
292,274,41
292,275,17
292,276,-19
292,277,-22
292,278,-71
292,279,41
292,280,-98
292,281,39
292,282,65
292,283,22
292,284,81
292,285,-90
292,286,-1
292,287,58
292,288,-39
292,289,-8
292,290,-76
292,291,-5
292,292,-73
292,293,-21
292,294,77
292,295,-38
292,296,5
292,297,81
292,298,-34
292,299,87
293,0,4
293,1,19
293,2,57
293,3,-63
293,4,96
293,5,10
293,6,-88
293,7,-66
293,8,4
293,9,-32
293,10,-93
293,11,-79
293,12,4
293,13,-23
293,14,97
293,15,0
293,16,27
293,17,-20
293,18,-96
293,19,79
293,20,-13
293,21,60
293,22,58
293,23,-66
293,24,-21
293,25,9
293,26,-49
293,27,-34
293,28,-12
293,29,-12
293,30,-13
293,31,-97
293,32,83
293,33,60
293,34,28
293,35,71
293,36,21
293,37,-98
293,38,28
293,39,-83
293,40,70
293,41,-58
293,42,-50
293,43,-28
293,44,19
293,45,91
293,46,45
293,47,-47
293,48,-65
293,49,3
293,50,-22
293,51,46
293,52,-39
293,53,-63
293,54,72
293,55,-21
293,56,36
293,57,16
293,58,-3
293,59,16
293,60,-2
293,61,-60
293,62,-46
293,63,-70
293,64,-4
293,65,16
293,66,92
293,67,-65
293,68,-57
293,69,-55
293,70,-29
293,71,43
293,72,60
293,73,-90
293,74,-86
293,75,31
293,76,85
293,77,38
293,78,-53
293,79,42
293,80,-37
293,81,24
293,82,58
293,83,67
293,84,-57
293,85,57
293,86,-74
293,87,-61
293,88,-33
293,89,65
293,90,42
293,91,-53
293,92,29
293,93,-71
293,94,77
293,95,-69
293,96,-70
293,97,-46
293,98,57
293,99,9
293,100,-24
293,101,69
293,102,-26
293,103,-88
293,104,32
293,105,-57
293,106,27
293,107,-38
293,108,-66
293,109,-100
293,110,49
293,111,58
293,112,-84
293,113,46
293,114,74
293,115,4
293,116,62
293,117,-4
293,118,52
293,119,-80
293,120,-83
293,121,41
293,122,88
293,123,-63
293,124,-90
293,125,92
293,126,-84
293,127,44
293,128,13
293,129,64
293,130,11
293,131,-67
293,132,7
293,133,-22
293,134,-44
293,135,-56
293,136,82
293,137,78
293,138,44
293,139,-82
293,140,-94
293,141,-49
293,142,59
293,143,41
293,144,75
293,145,-11
293,146,60
293,147,-89
293,148,-96
293,149,72
293,150,98
293,151,61
293,152,0
293,153,93
293,154,-53
293,155,-81
293,156,2
293,157,76
293,158,69
293,159,15
293,160,72
293,161,-8
293,162,20
293,163,-9
293,164,55
293,165,51
293,166,62
293,167,82
293,168,-46
293,169,1
293,170,-28
293,171,18
293,172,83
293,173,-90
293,174,94
293,175,-15
293,176,-67
293,177,-46
293,178,30
293,179,57
293,180,-56
293,181,-90
293,182,47
293,183,39
293,184,-88
293,185,-70
293,186,15
293,187,77
293,188,-100
293,189,23
293,190,2
293,191,-70
293,192,45
293,193,-38
293,194,73
293,195,50
293,196,-100
293,197,-87
293,198,3
293,199,18
293,200,67
293,201,-27
293,202,-21
293,203,54
293,204,-67
293,205,-92
293,206,52
293,207,-92
293,208,43
293,209,-57
293,210,41
293,211,-41
293,212,-10
293,213,-98
293,214,88
293,215,-74
293,216,24
293,217,-98
293,218,-85
293,219,87
293,220,48
293,221,-2
293,222,10
293,223,-54
293,224,92
293,225,-62
293,226,-34
293,227,10
293,228,-17
293,229,-8
293,230,-57
293,231,75
293,232,-15
293,233,-1
293,234,-69
293,235,-2
293,236,9
293,237,-88
293,238,-80
293,239,19
293,240,-86
293,241,56
293,242,-9
293,243,17
293,244,-24
293,245,34
293,246,32
293,247,-3
293,248,51
293,249,55
293,250,-83
293,251,86
293,252,22
293,253,-25
293,254,85
293,255,92
293,256,-70
293,257,14
293,258,-93
293,259,59
293,260,-99
293,261,-15
293,262,-3
293,263,-90
293,264,-37
293,265,79
293,266,3
293,267,-83
293,268,50
293,269,-51
293,270,18
293,271,-98
293,272,98
293,273,51
293,274,-48
293,275,-16
293,276,67
293,277,-21
293,278,-33
293,279,82
293,280,12
293,281,97
293,282,-90
293,283,-60
293,284,-5
293,285,-61
293,286,-15
293,287,28
293,288,-61
293,289,31
293,290,-67
293,291,-51
293,292,-37
293,293,-56
293,294,-17
293,295,-96
293,296,89
293,297,-31
293,298,-66
293,299,13
294,0,-3
294,1,-44
294,2,27
294,3,4
294,4,-12
294,5,-67
294,6,45
294,7,-27
294,8,54
294,9,-78
294,10,-4
294,11,29
294,12,-100
294,13,-24
294,14,81
294,15,83
294,16,35
294,17,72
294,18,28
294,19,58
294,20,-59
294,21,67
294,22,4
294,23,8
294,24,-25
294,25,-24
294,26,33
294,27,-10
294,28,-82
294,29,30
294,30,-30
294,31,-87
294,32,-69
294,33,81
294,34,-100
294,35,-50
294,36,78
294,37,86
294,38,86
294,39,-82
294,40,-57
294,41,15
294,42,-76
294,43,-24
294,44,49
294,45,-54
294,46,-46
294,47,18
294,48,61
294,49,-50
294,50,-10
294,51,14
294,52,-9
294,53,91
294,54,-70
294,55,-13
294,56,78
294,57,-37
294,58,-1
294,59,5
294,60,87
294,61,-37
294,62,-84
294,63,-43
294,64,-35
294,65,-73
294,66,56
294,67,-92
294,68,-21
294,69,31
294,70,29
294,71,-44
294,72,-84
294,73,34
294,74,-88
294,75,-54
294,76,65
294,77,-92
294,78,71
294,79,17
294,80,14
294,81,81
294,82,-7
294,83,85
294,84,95
294,85,-56
294,86,50
294,87,-20
294,88,-94
294,89,-88
294,90,-8
294,91,-74
294,92,60
294,93,54
294,94,-70
294,95,49
294,96,69
294,97,-31
294,98,79
294,99,8
294,100,18
294,101,-94
294,102,-64
294,103,-63
294,104,52
294,105,-21
294,106,-5
294,107,-85
294,108,-6
294,109,80
294,110,0
294,111,41
294,112,-63
294,113,15
294,114,-20
294,115,-27
294,116,90
294,117,-63
294,118,2
294,119,-2
294,120,-57
294,121,43
294,122,-34
294,123,69
294,124,-84
294,125,-16
294,126,-42
294,127,-38
294,128,48
294,129,-24
294,130,85
294,131,-38
294,132,48
294,133,-10
294,134,57
294,135,51
294,136,-80
294,137,28
294,138,20
294,139,5
294,140,5
294,141,67
294,142,58
294,143,-94
294,144,79
294,145,-59
294,146,60
294,147,52
294,148,-62
294,149,11
294,150,67
294,151,-68
294,152,19
294,153,4
294,154,-78
294,155,91
294,156,16
294,157,53
294,158,77
294,159,-63
294,160,48
294,161,75
294,162,8
294,163,78
294,164,28
294,165,70
294,166,55
294,167,-49
294,168,35
294,169,-20
294,170,-79
294,171,84
294,172,-5
294,173,32
294,174,52
294,175,-75
294,176,64
294,177,-80
294,178,-71
294,179,-5
294,180,35
294,181,31
294,182,-63
294,183,-88
294,184,6
294,185,-48
294,186,-43
294,187,-71
294,188,-23
294,189,-16
294,190,-79
294,191,-94
294,192,-17
294,193,-48
294,194,20
294,195,67
294,196,-7
294,197,-81
294,198,70
294,199,91
294,200,9
294,201,-71
294,202,-41
294,203,30
294,204,-26
294,205,71
294,206,-18
294,207,39
294,208,47
294,209,76
294,210,3
294,211,-27
294,212,23
294,213,-31
294,214,6
294,215,-17
294,216,91
294,217,97
294,218,-95
294,219,1
294,220,26
294,221,-51
294,222,49
294,223,81
294,224,89
294,225,92
294,226,-48
294,227,-94
294,228,-19
294,229,92
294,230,90
294,231,-31
294,232,96
294,233,27
294,234,75
294,235,64
294,236,32
294,237,71
294,238,82
294,239,51
294,240,-4
294,241,42
294,242,-100
294,243,43
294,244,95
294,245,24
294,246,-68
294,247,89
294,248,31
294,249,40
294,250,32
294,251,-71
294,252,-22
294,253,31
294,254,-47
294,255,-7
294,256,75
294,257,-73
294,258,-48
294,259,0
294,260,35
294,261,-22
294,262,-75
294,263,86
294,264,-33
294,265,66
294,266,37
294,267,31
294,268,0
294,269,-93
294,270,11
294,271,-3
294,272,-22
294,273,-66
294,274,24
294,275,-6
294,276,91
294,277,87
294,278,60
294,279,9
294,280,-41
294,281,83
294,282,30
294,283,-20
294,284,-41
294,285,-42
294,286,-92
294,287,-19
294,288,-80
294,289,-66
294,290,-24
294,291,52
294,292,99
294,293,43
294,294,-27
294,295,-66
294,296,37
294,297,57
294,298,-57
294,299,-47
295,0,4
295,1,-67
295,2,28
295,3,-17
295,4,39
295,5,91
295,6,-98
295,7,-64
295,8,-65
295,9,45
295,10,-40
295,11,-18
295,12,-84
295,13,-7
295,14,42
295,15,86
295,16,31
295,17,-29
295,18,73
295,19,-33
295,20,49
295,21,77
295,22,17
295,23,22
295,24,3
295,25,95
295,26,43
295,27,-65
295,28,79
295,29,-22
295,30,71
295,31,69
295,32,-92
295,33,37
295,34,71
295,35,-6
295,36,-92
295,37,95
295,38,17
295,39,-65
295,40,-6
295,41,5
295,42,56
295,43,84
295,44,35
295,45,4
295,46,79
295,47,16
295,48,11
295,49,52
295,50,-19
295,51,64
295,52,-40
295,53,55
295,54,76
295,55,-43
295,56,-57
295,57,-37
295,58,-28
295,59,85
295,60,9
295,61,19
295,62,55
295,63,-26
295,64,65
295,65,-12
295,66,28
295,67,-100
295,68,-94
295,69,37
295,70,-99
295,71,2
295,72,-7
295,73,-26
295,74,34
295,75,67
295,76,-44
295,77,-39
295,78,31
295,79,52
295,80,49
295,81,-4
295,82,58
295,83,58
295,84,-32
295,85,16
295,86,37
295,87,51
295,88,-98
295,89,-4
295,90,36
295,91,36
295,92,79
295,93,-6
295,94,19
295,95,0
295,96,-84
295,97,-95
295,98,-43
295,99,29
295,100,-26
295,101,-85
295,102,22
295,103,4
295,104,-24
295,105,-58
295,106,-86
295,107,-78
295,108,22
295,109,49
295,110,20
295,111,90
295,112,-98
295,113,2
295,114,-27
295,115,-92
295,116,81
295,117,91
295,118,67
295,119,-23
295,120,12
295,121,10
295,122,58
295,123,89
295,124,-8
295,125,4
295,126,42
295,127,-35
295,128,67
295,129,-52
295,130,26
295,131,20
295,132,-34
295,133,-18
295,134,57
295,135,27
295,136,-52
295,137,-5
295,138,0
295,139,48
295,140,51
295,141,31
295,142,8
295,143,86
295,144,-45
295,145,14
295,146,-23
295,147,47
295,148,90
295,149,20
295,150,-99
295,151,-24
295,152,72
295,153,59
295,154,26
295,155,-42
295,156,69
295,157,47
295,158,25
295,159,-81
295,160,-1
295,161,-73
295,162,49
295,163,90
295,164,-4
295,165,19
295,166,-2
295,167,-19
295,168,3
295,169,-24
295,170,-74
295,171,73
295,172,-81
295,173,-65
295,174,-92
295,175,-69
295,176,14
295,177,55
295,178,11
295,179,-51
295,180,20
295,181,92
295,182,12
295,183,60
295,184,-51
295,185,51
295,186,-69
295,187,-41
295,188,-44
295,189,-44
295,190,90
295,191,-25
295,192,-23
295,193,55
295,194,79
295,195,-50
295,196,36
295,197,95
295,198,-11
295,199,-8
295,200,-96
295,201,-13
295,202,-26
295,203,-79
295,204,-95
295,205,41
295,206,58
295,207,-10
295,208,30
295,209,71
295,210,-26
295,211,19
295,212,89
295,213,-75
295,214,-21
295,215,48
295,216,85
295,217,68
295,218,-20
295,219,61
295,220,19
295,221,-95
295,222,-8
295,223,64
295,224,47
295,225,32
295,226,-100
295,227,68
295,228,-80
295,229,29
295,230,31
295,231,-62
295,232,39
295,233,-25
295,234,76
295,235,-10
295,236,10
295,237,55
295,238,-43
295,239,-1
295,240,-19
295,241,-65
295,242,-60
295,243,96
295,244,-11
295,245,-45
295,246,-10
295,247,26
295,248,44
295,249,73
295,250,44
295,251,-58
295,252,15
295,253,-48
295,254,-66
295,255,69
295,256,42
295,257,-19
295,258,93
295,259,-70
295,260,-66
295,261,-91
295,262,7
295,263,-34
295,264,-86
295,265,-7
295,266,-59
295,267,79
295,268,16
295,269,-56
295,270,16
295,271,-67
295,272,7
295,273,84
295,274,-69
295,275,-64
295,276,71
295,277,13
295,278,-75
295,279,-58
295,280,90
295,281,3
295,282,-100
295,283,56
295,284,68
295,285,85
295,286,44
295,287,78
295,288,-8
295,289,-10
295,290,72
295,291,35
295,292,66
295,293,77
295,294,15
295,295,99
295,296,89
295,297,43
295,298,-46
295,299,53
296,0,5
296,1,24
296,2,-7
296,3,-65
296,4,34
296,5,-47
296,6,14
296,7,5
296,8,11
296,9,54
296,10,-81
296,11,55
296,12,35
296,13,26
296,14,-62
296,15,-71
296,16,-20
296,17,-65
296,18,43
296,19,36
296,20,-6
296,21,-98
296,22,63
296,23,91
296,24,70
296,25,-77
296,26,-53
296,27,36
296,28,-87
296,29,60
296,30,6
296,31,55
296,32,-65
296,33,-60
296,34,59
296,35,-99
296,36,87
296,37,-33
296,38,2
296,39,85
296,40,82
296,41,-22
296,42,98
296,43,89
296,44,-14
296,45,-93
296,46,87
296,47,-86
296,48,-68
296,49,-71
296,50,-24
296,51,85
296,52,27
296,53,82
296,54,-22
296,55,49
296,56,70
296,57,-42
296,58,87
296,59,25
296,60,-44
296,61,33
296,62,-50
296,63,-79
296,64,36
296,65,-22
296,66,-52
296,67,-42
296,68,-71
296,69,26
296,70,79
296,71,-22
296,72,-13
296,73,51
296,74,48
296,75,75
296,76,38
296,77,44
296,78,67
296,79,-6
296,80,93
296,81,45
296,82,99
296,83,-70
296,84,73
296,85,-89
296,86,-15
296,87,43
296,88,82
296,89,60
296,90,-3
296,91,-95
296,92,0
296,93,-86
296,94,84
296,95,65
296,96,23
296,97,54
296,98,17
296,99,75
296,100,-29
296,101,2
296,102,-24
296,103,-79
296,104,73
296,105,37
296,106,-13
296,107,1
296,108,-54
296,109,13
296,110,18
296,111,-22
296,112,3
296,113,59
296,114,-41
296,115,-7
296,116,33
296,117,-43
296,118,-22
296,119,-100
296,120,-56
296,121,31
296,122,-64
296,123,44
296,124,79
296,125,87
296,126,34
296,127,-51
296,128,-91
296,129,-15
296,130,93
296,131,19
296,132,40
296,133,40
296,134,-20
296,135,-37
296,136,39
296,137,-52
296,138,16
296,139,-41
296,140,91
296,141,-65
296,142,52
296,143,75
296,144,78
296,145,24
296,146,89
296,147,48
296,148,74
296,149,-88
296,150,-18
296,151,32
296,152,31
296,153,29
296,154,56
296,155,-18
296,156,41
296,157,-15
296,158,-5
296,159,47
296,160,-67
296,161,41
296,162,6
296,163,-24
296,164,-51
296,165,85
296,166,-94
296,167,-40
296,168,89
296,169,-27
296,170,34
296,171,-75
296,172,21
296,173,66
296,174,54
296,175,-73
296,176,72
296,177,-26
296,178,-73
296,179,98
296,180,-65
296,181,-19
296,182,-24
296,183,-46
296,184,-58
296,185,-14
296,186,-75
296,187,-100
296,188,-53
296,189,42
296,190,61
296,191,-96
296,192,-15
296,193,-75
296,194,36
296,195,-96
296,196,-30
296,197,-35
296,198,-99
296,199,13
296,200,-89
296,201,25
296,202,35
296,203,64
296,204,71
296,205,34
296,206,-48
296,207,17
296,208,-62
296,209,-33
296,210,32
296,211,6
296,212,-60
296,213,71
296,214,26
296,215,92
296,216,97
296,217,-65
296,218,2
296,219,-88
296,220,-80
296,221,63
296,222,-4
296,223,75
296,224,-79
296,225,-24
296,226,12
296,227,-50
296,228,-11
296,229,48
296,230,-56
296,231,46
296,232,-62
296,233,95
296,234,-10
296,235,-54
296,236,-91
296,237,-36
296,238,-83
296,239,-88
296,240,90
296,241,-88
296,242,-78
296,243,49
296,244,60
296,245,89
296,246,39
296,247,77
296,248,86
296,249,28
296,250,-15
296,251,96
296,252,54
296,253,-30
296,254,-21
296,255,81
296,256,63
296,257,-85
296,258,-97
296,259,1
296,260,-84
296,261,-7
296,262,-40
296,263,-55
296,264,-34
296,265,90
296,266,-96
296,267,-63
296,268,3
296,269,-75
296,270,98
296,271,0
296,272,-34
296,273,82
296,274,47
296,275,3
296,276,-75
296,277,-66
296,278,-18
296,279,-75
296,280,55
296,281,-75
296,282,98
296,283,-41
296,284,60
296,285,48
296,286,-26
296,287,40
296,288,49
296,289,-87
296,290,55
296,291,27
296,292,35
296,293,-96
296,294,32
296,295,-90
296,296,-37
296,297,-39
296,298,28
296,299,96
297,0,58
297,1,-49
297,2,-27
297,3,93
297,4,93
297,5,4
297,6,-1
297,7,-72
297,8,-93
297,9,-66
297,10,15
297,11,-50
297,12,-35
297,13,92
297,14,-13
297,15,34
297,16,-27
297,17,-22
297,18,-78
297,19,5
297,20,-76
297,21,31
297,22,93
297,23,0
297,24,-58
297,25,67
297,26,42
297,27,69
297,28,-30
297,29,-6
297,30,22
297,31,-46
297,32,-79
297,33,64
297,34,-7
297,35,39
297,36,67
297,37,-48
297,38,-73
297,39,69
297,40,25
297,41,-23
297,42,49
297,43,88
297,44,28
297,45,82
297,46,-47
297,47,62
297,48,-67
297,49,-10
297,50,64
297,51,-73
297,52,7
297,53,-1
297,54,70
297,55,-60
297,56,26
297,57,10
297,58,-74
297,59,60
297,60,58
297,61,-35
297,62,-91
297,63,9
297,64,-23
297,65,69
297,66,-50
297,67,-13
297,68,-59
297,69,21
297,70,-20
297,71,69
297,72,55
297,73,-50
297,74,-98
297,75,75
297,76,9
297,77,52
297,78,-7
297,79,-9
297,80,83
297,81,34
297,82,-10
297,83,95
297,84,37
297,85,-73
297,86,-40
297,87,20
297,88,27
297,89,74
297,90,-38
297,91,-89
297,92,48
297,93,-24
297,94,-40
297,95,-84
297,96,2
297,97,-40
297,98,75
297,99,-23
297,100,-15
297,101,-15
297,102,82
297,103,37
297,104,73
297,105,49
297,106,-23
297,107,41
297,108,-43
297,109,-27
297,110,93
297,111,-25
297,112,-97
297,113,-67
297,114,37
297,115,-83
297,116,-1
297,117,-57
297,118,-88
297,119,35
297,120,98
297,121,-48
297,122,-20
297,123,29
297,124,-29
297,125,94
297,126,-50
297,127,-74
297,128,7
297,129,88
297,130,62
297,131,41
297,132,38
297,133,47
297,134,-47
297,135,16
297,136,51
297,137,-73
297,138,-42
297,139,-58
297,140,-46
297,141,31
297,142,5
297,143,89
297,144,26
297,145,-76
297,146,51
297,147,65
297,148,-81
297,149,-84
297,150,22
297,151,-86
297,152,-90
297,153,69
297,154,17
297,155,-13
297,156,-72
297,157,69
297,158,88
297,159,-36
297,160,-73
297,161,-93
297,162,87
297,163,77
297,164,-100
297,165,-6
297,166,-13
297,167,-3
297,168,-56
297,169,23
297,170,-22
297,171,9
297,172,-13
297,173,-41
297,174,32
297,175,8
297,176,86
297,177,74
297,178,-16
297,179,60
297,180,-49
297,181,98
297,182,-5
297,183,29
297,184,5
297,185,14
297,186,-7
297,187,79
297,188,-34
297,189,-62
297,190,60
297,191,-45
297,192,33
297,193,54
297,194,49
297,195,27
297,196,27
297,197,23
297,198,67
297,199,43
297,200,-25
297,201,37
297,202,-3
297,203,-53
297,204,96
297,205,-64
297,206,-16
297,207,-25
297,208,-70
297,209,-53
297,210,-68
297,211,-47
297,212,39
297,213,-51
297,214,16
297,215,-81
297,216,95
297,217,32
297,218,94
297,219,-91
297,220,-79
297,221,29
297,222,69
297,223,-21
297,224,-54
297,225,80
297,226,-55
297,227,-53
297,228,77
297,229,35
297,230,31
297,231,55
297,232,-90
297,233,-58
297,234,-17
297,235,-58
297,236,78
297,237,-8
297,238,-28
297,239,57
297,240,80
297,241,40
297,242,60
297,243,-69
297,244,-71
297,245,86
297,246,-9
297,247,-35
297,248,-57
297,249,34
297,250,44
297,251,-20
297,252,-68
297,253,-87
297,254,70
297,255,-38
297,256,71
297,257,74
297,258,13
297,259,1
297,260,97
297,261,4
297,262,49
297,263,-26
297,264,-55
297,265,79
297,266,51
297,267,49
297,268,52
297,269,-19
297,270,15
297,271,-58
297,272,94
297,273,51
297,274,-8
297,275,-19
297,276,-63
297,277,57
297,278,-21
297,279,15
297,280,51
297,281,95
297,282,-49
297,283,10
297,284,-9
297,285,-90
297,286,-4
297,287,14
297,288,-22
297,289,27
297,290,-40
297,291,24
297,292,9
297,293,32
297,294,-61
297,295,1
297,296,43
297,297,50
297,298,-68
297,299,27
298,0,68
298,1,-33
298,2,-3
298,3,-58
298,4,48
298,5,-69
298,6,-53
298,7,-25
298,8,56
298,9,88
298,10,81
298,11,78
298,12,-23
298,13,-42
298,14,48
298,15,-79
298,16,-81
298,17,-3
298,18,-29
298,19,-41
298,20,5
298,21,64
298,22,77
298,23,11
298,24,17
298,25,-43
298,26,36
298,27,-51
298,28,9
298,29,-60
298,30,-1
298,31,60
298,32,-13
298,33,-15
298,34,82
298,35,21
298,36,93
298,37,6
298,38,-76
298,39,8
298,40,72
298,41,-48
298,42,14
298,43,-1
298,44,1
298,45,76
298,46,54
298,47,37
298,48,18
298,49,-59
298,50,-22
298,51,-35
298,52,-56
298,53,-20
298,54,34
298,55,-19
298,56,16
298,57,55
298,58,89
298,59,-3
298,60,-9
298,61,-11
298,62,62
298,63,-76
298,64,-8
298,65,25
298,66,50
298,67,90
298,68,-84
298,69,0
298,70,-22
298,71,-17
298,72,-81
298,73,-71
298,74,35
298,75,51
298,76,-100
298,77,83
298,78,-67
298,79,-71
298,80,-87
298,81,10
298,82,-48
298,83,70
298,84,46
298,85,50
298,86,62
298,87,-26
298,88,-41
298,89,-73
298,90,31
298,91,60
298,92,94
298,93,99
298,94,-34
298,95,97
298,96,60
298,97,-79
298,98,76
298,99,-65
298,100,-28
298,101,-59
298,102,61
298,103,88
298,104,56
298,105,8
298,106,-71
298,107,-5
298,108,40
298,109,44
298,110,49
298,111,27
298,112,-75
298,113,68
298,114,-67
298,115,12
298,116,-41
298,117,47
298,118,-32
298,119,-83
298,120,-37
298,121,-76
298,122,70
298,123,83
298,124,-92
298,125,83
298,126,35
298,127,46
298,128,-11
298,129,-16
298,130,94
298,131,-84
298,132,-45
298,133,16
298,134,27
298,135,-8
298,136,98
298,137,41
298,138,6
298,139,18
298,140,-45
298,141,-1
298,142,85
298,143,-48
298,144,-3
298,145,89
298,146,93
298,147,18
298,148,-99
298,149,10
298,150,-20
298,151,-47
298,152,75
298,153,5
298,154,-34
298,155,-94
298,156,-88
298,157,-28
298,158,9
298,159,53
298,160,72
298,161,66
298,162,24
298,163,83
298,164,-5
298,165,-72
298,166,-9
298,167,20
298,168,17
298,169,-23
298,170,89
298,171,46
298,172,-74
298,173,-34
298,174,74
298,175,61
298,176,33
298,177,45
298,178,90
298,179,-6
298,180,95
298,181,-88
298,182,66
298,183,-35
298,184,97
298,185,-72
298,186,50
298,187,-100
298,188,92
298,189,24
298,190,-9
298,191,31
298,192,-9
298,193,-12
298,194,-98
298,195,-64
298,196,-39
298,197,-51
298,198,-82
298,199,-91
298,200,-7
298,201,-20
298,202,-58
298,203,-71
298,204,77
298,205,-68
298,206,88
298,207,-5
298,208,28
298,209,-54
298,210,-78
298,211,31
298,212,-2
298,213,-83
298,214,21
298,215,-95
298,216,-47
298,217,-37
298,218,-41
298,219,-84
298,220,13
298,221,-12
298,222,68
298,223,36
298,224,88
298,225,-9
298,226,72
298,227,25
298,228,-2
298,229,-85
298,230,70
298,231,93
298,232,2
298,233,25
298,234,-11
298,235,-8
298,236,63
298,237,56
298,238,-5
298,239,-90
298,240,68
298,241,-26
298,242,35
298,243,76
298,244,-47
298,245,24
298,246,66
298,247,-93
298,248,-88
298,249,1
298,250,67
298,251,-29
298,252,43
298,253,58
298,254,-48
298,255,20
298,256,56
298,257,89
298,258,-5
298,259,49
298,260,-68
298,261,-48
298,262,-81
298,263,72
298,264,58
298,265,-33
298,266,-63
298,267,-85
298,268,-56
298,269,-53
298,270,-74
298,271,4
298,272,-70
298,273,-57
298,274,-25
298,275,61
298,276,-62
298,277,-31
298,278,0
298,279,-48
298,280,54
298,281,-7
298,282,-77
298,283,-27
298,284,84
298,285,-71
298,286,-97
298,287,24
298,288,-88
298,289,80
298,290,-81
298,291,86
298,292,27
298,293,-29
298,294,19
298,295,57
298,296,-60
298,297,-20
298,298,-59
298,299,-12
299,0,60
299,1,20
299,2,59
299,3,-39
299,4,90
299,5,50
299,6,48
299,7,73
299,8,0
299,9,27
299,10,17
299,11,-24
299,12,-90
299,13,60
299,14,-36
299,15,-43
299,16,24
299,17,-38
299,18,-13
299,19,-64
299,20,96
299,21,12
299,22,32
299,23,67
299,24,85
299,25,-22
299,26,-92
299,27,-1
299,28,6
299,29,-30
299,30,-39
299,31,25
299,32,-77
299,33,39
299,34,64
299,35,-55
299,36,-3
299,37,67
299,38,49
299,39,-58
299,40,85
299,41,-56
299,42,35
299,43,-44
299,44,-51
299,45,-31
299,46,-82
299,47,-57
299,48,90
299,49,-73
299,50,-22
299,51,95
299,52,-73
299,53,25
299,54,-24
299,55,86
299,56,-52
299,57,65
299,58,24
299,59,-29
299,60,-14
299,61,-80
299,62,46
299,63,-29
299,64,0
299,65,-37
299,66,24
299,67,-87
299,68,53
299,69,27
299,70,-20
299,71,-59
299,72,-83
299,73,95
299,74,72
299,75,75
299,76,2
299,77,84
299,78,42
299,79,-62
299,80,37
299,81,67
299,82,54
299,83,38
299,84,-70
299,85,20
299,86,-61
299,87,68
299,88,48
299,89,-91
299,90,-83
299,91,96
299,92,-11
299,93,-56
299,94,-54
299,95,-1
299,96,-5
299,97,73
299,98,17
299,99,18
299,100,-55
299,101,-8
299,102,-9
299,103,-90
299,104,10
299,105,24
299,106,23
299,107,-8
299,108,-25
299,109,-6
299,110,-92
299,111,69
299,112,71
299,113,-26
299,114,-13
299,115,3
299,116,-14
299,117,45
299,118,30
299,119,88
299,120,-39
299,121,82
299,122,-8
299,123,-29
299,124,-83
299,125,-75
299,126,-24
299,127,37
299,128,83
299,129,69
299,130,-55
299,131,-16
299,132,-66
299,133,-32
299,134,-49
299,135,18
299,136,91
299,137,86
299,138,-56
299,139,82
299,140,-19
299,141,7
299,142,74
299,143,46
299,144,-67
299,145,9
299,146,-99
299,147,19
299,148,62
299,149,-75
299,150,9
299,151,-48
299,152,-29
299,153,79
299,154,13
299,155,33
299,156,-15
299,157,48
299,158,42
299,159,-90
299,160,-61
299,161,-19
299,162,-78
299,163,40
299,164,-51
299,165,4
299,166,62
299,167,51
299,168,16
299,169,2
299,170,97
299,171,20
299,172,-48
299,173,87
299,174,-50
299,175,-67
299,176,-87
299,177,-71
299,178,82
299,179,61
299,180,-67
299,181,90
299,182,47
299,183,-53
299,184,-71
299,185,30
299,186,70
299,187,-96
299,188,-46
299,189,3
299,190,77
299,191,6
299,192,-77
299,193,59
299,194,-42
299,195,-24
299,196,82
299,197,-48
299,198,-57
299,199,1
299,200,14
299,201,47
299,202,-17
299,203,-53
299,204,31
299,205,1
299,206,-55
299,207,81
299,208,16
299,209,41
299,210,56
299,211,-83
299,212,-50
299,213,89
299,214,-60
299,215,-50
299,216,-75
299,217,50
299,218,76
299,219,-26
299,220,-18
299,221,-4
299,222,-2
299,223,34
299,224,79
299,225,-7
299,226,69
299,227,-63
299,228,-65
299,229,-40
299,230,-96
299,231,-48
299,232,-7
299,233,62
299,234,52
299,235,-7
299,236,-22
299,237,-42
299,238,-74
299,239,72
299,240,20
299,241,-29
299,242,-32
299,243,-74
299,244,43
299,245,-18
299,246,75
299,247,-91
299,248,-90
299,249,-83
299,250,-82
299,251,-48
299,252,-11
299,253,-84
299,254,74
299,255,72
299,256,-16
299,257,0
299,258,-82
299,259,61
299,260,55
299,261,29
299,262,91
299,263,-39
299,264,-44
299,265,-99
299,266,-53
299,267,-36
299,268,-98
299,269,-72
299,270,-16
299,271,-56
299,272,-85
299,273,84
299,274,-49
299,275,23
299,276,-35
299,277,2
299,278,60
299,279,-36
299,280,-86
299,281,99
299,282,-6
299,283,-2
299,284,95
299,285,37
299,286,-9
299,287,-83
299,288,-36
299,289,73
299,290,-94
299,291,-34
299,292,-32
299,293,-56
299,294,65
299,295,24
299,296,66
299,297,-95
299,298,-52
299,299,-28
