0,0,2
0,1,79
0,2,-8
0,3,-86
0,4,6
0,5,-29
0,6,88
0,7,-80
0,8,2
0,9,21
0,10,-26
0,11,-13
0,12,16
0,13,-1
0,14,3
0,15,51
0,16,30
0,17,49
0,18,-48
0,19,-99
0,20,-13
0,21,57
0,22,-63
0,23,29
0,24,91
0,25,87
0,26,-80
0,27,60
0,28,-43
0,29,-79
0,30,-12
0,31,-52
0,32,-42
0,33,69
0,34,87
0,35,-86
0,36,89
0,37,89
0,38,74
0,39,89
0,40,-50
0,41,7
0,42,-46
0,43,-37
0,44,30
0,45,-50
0,46,34
0,47,-80
0,48,-28
0,49,66
0,50,-83
0,51,31
0,52,-12
0,53,-41
0,54,-87
0,55,-92
0,56,-11
0,57,-48
0,58,29
0,59,-17
0,60,-9
0,61,10
0,62,87
0,63,98
0,64,71
0,65,-93
0,66,74
0,67,-66
0,68,-20
0,69,63
0,70,-51
0,71,3
0,72,31
0,73,-99
0,74,33
0,75,-47
0,76,5
0,77,-97
0,78,-47
0,79,90
0,80,45
0,81,-57
0,82,61
0,83,89
0,84,-87
0,85,-6
0,86,-53
0,87,-86
0,88,99
0,89,89
0,90,-61
0,91,-19
0,92,10
0,93,-48
0,94,-77
0,95,53
0,96,87
0,97,23
0,98,-60
0,99,56
0,100,-86
0,101,-56
0,102,-36
0,103,-12
0,104,-30
0,105,-92
0,106,-13
0,107,28
0,108,35
0,109,-38
0,110,38
0,111,-20
0,112,35
0,113,62
0,114,62
0,115,-68
0,116,22
0,117,-96
0,118,-60
0,119,-73
0,120,34
0,121,-29
0,122,-89
0,123,61
0,124,-68
0,125,-53
0,126,50
0,127,-39
0,128,-64
0,129,-2
0,130,71
0,131,3
0,132,-66
0,133,92
0,134,0
0,135,74
0,136,30
0,137,-100
0,138,-96
0,139,41
0,140,2
0,141,-74
0,142,36
0,143,-86
0,144,-11
0,145,-59
0,146,23
0,147,78
0,148,-38
0,149,-5
0,150,-49
0,151,-5
0,152,31
0,153,50
0,154,42
0,155,70
0,156,-72
0,157,-65
0,158,-88
0,159,59
0,160,-30
0,161,86
0,162,-15
0,163,-73
0,164,-35
0,165,69
0,166,-56
0,167,-39
0,168,84
0,169,33
0,170,-73
0,171,-73
0,172,7
0,173,-57
0,174,-17
0,175,-71
0,176,89
0,177,-26
0,178,27
0,179,-9
0,180,89
0,181,28
0,182,20
0,183,-74
0,184,89
0,185,20
0,186,15
0,187,-98
0,188,2
0,189,97
0,190,99
0,191,54
0,192,36
0,193,-39
0,194,64
0,195,-50
0,196,71
0,197,51
0,198,-42
0,199,17
0,200,59
0,201,-5
0,202,79
0,203,12
0,204,-39
0,205,85
0,206,-49
0,207,-89
0,208,-62
0,209,29
0,210,30
0,211,12
0,212,0
0,213,12
0,214,83
0,215,-20
0,216,86
0,217,12
0,218,-99
0,219,29
0,220,-47
0,221,-14
0,222,28
0,223,46
0,224,25
0,225,29
0,226,-48
0,227,71
0,228,59
0,229,97
0,230,59
0,231,-33
0,232,82
0,233,83
0,234,22
0,235,44
0,236,-63
0,237,-77
0,238,-32
0,239,15
0,240,-3
0,241,97
0,242,38
0,243,43
0,244,-4
0,245,23
0,246,86
0,247,-31
0,248,-8
0,249,-98
0,250,47
0,251,86
0,252,63
0,253,46
0,254,-11
0,255,94
0,256,46
0,257,47
0,258,-5
0,259,98
0,260,-49
0,261,60
0,262,67
0,263,27
0,264,-62
0,265,-19
0,266,3
0,267,28
0,268,-90
0,269,84
0,270,77
0,271,50
0,272,58
0,273,-59
0,274,-2
0,275,-94
0,276,43
0,277,-11
0,278,11
0,279,-41
0,280,12
0,281,-99
0,282,28
0,283,-53
0,284,39
0,285,96
0,286,-64
0,287,59
0,288,-92
0,289,-2
0,290,46
0,291,-53
0,292,30
0,293,47
0,294,51
0,295,-47
0,296,19
0,297,60
0,298,51
0,299,15
1,0,-26
1,1,12
1,2,99
1,3,63
1,4,65
1,5,3
1,6,-17
1,7,11
1,8,-2
1,9,52
1,10,-8
1,11,45
1,12,27
1,13,9
1,14,-19
1,15,93
1,16,-47
1,17,62
1,18,88
1,19,68
1,20,60
1,21,-33
1,22,-68
1,23,41
1,24,-80
1,25,-53
1,26,47
1,27,27
1,28,35
1,29,34
1,30,94
1,31,44
1,32,27
1,33,-68
1,34,75
1,35,86
1,36,14
1,37,18
1,38,-79
1,39,57
1,40,-63
1,41,8
1,42,-50
1,43,81
1,44,-93
1,45,-74
1,46,-74
1,47,-80
1,48,-71
1,49,-4
1,50,-73
1,51,10
1,52,91
1,53,96
1,54,-40
1,55,-53
1,56,46
1,57,-97
1,58,-66
1,59,91
1,60,-52
1,61,-84
1,62,71
1,63,57
1,64,-55
1,65,16
1,66,-95
1,67,-2
1,68,23
1,69,-64
1,70,-77
1,71,-8
1,72,-55
1,73,80
1,74,-6
1,75,-2
1,76,87
1,77,15
1,78,90
1,79,59
1,80,60
1,81,-34
1,82,27
1,83,-83
1,84,-76
1,85,-47
1,86,-43
1,87,-34
1,88,3
1,89,73
1,90,-77
1,91,13
1,92,-69
1,93,74
1,94,-15
1,95,50
1,96,93
1,97,26
1,98,54
1,99,29
1,100,-84
1,101,3
1,102,60
1,103,36
1,104,-58
1,105,75
1,106,-62
1,107,69
1,108,-75
1,109,-2
1,110,-51
1,111,52
1,112,51
1,113,-88
1,114,-41
1,115,34
1,116,-44
1,117,-65
1,118,72
1,119,-81
1,120,-36
1,121,-93
1,122,43
1,123,41
1,124,14
1,125,42
1,126,-9
1,127,-3
1,128,-35
1,129,-69
1,130,90
1,131,-15
1,132,-50
1,133,52
1,134,85
1,135,-38
1,136,89
1,137,24
1,138,49
1,139,-43
1,140,-43
1,141,-15
1,142,-52
1,143,79
1,144,69
1,145,-31
1,146,-86
1,147,-47
1,148,87
1,149,0
1,150,-93
1,151,-48
1,152,-41
1,153,7
1,154,-96
1,155,2
1,156,95
1,157,-95
1,158,8
1,159,15
1,160,-7
1,161,-54
1,162,-2
1,163,-46
1,164,67
1,165,-49
1,166,43
1,167,-88
1,168,13
1,169,23
1,170,5
1,171,57
1,172,46
1,173,44
1,174,19
1,175,-38
1,176,-82
1,177,-9
1,178,-43
1,179,82
1,180,-11
1,181,16
1,182,-39
1,183,-78
1,184,26
1,185,36
1,186,39
1,187,28
1,188,-43
1,189,21
1,190,-100
1,191,-67
1,192,-5
1,193,25
1,194,17
1,195,-53
1,196,-12
1,197,16
1,198,28
1,199,-85
1,200,88
1,201,91
1,202,90
1,203,-32
1,204,-79
1,205,-8
1,206,94
1,207,-25
1,208,53
1,209,43
1,210,78
1,211,-15
1,212,84
1,213,-72
1,214,-32
1,215,-54
1,216,-7
1,217,89
1,218,96
1,219,43
1,220,75
1,221,-16
1,222,-62
1,223,-1
1,224,-68
1,225,0
1,226,-78
1,227,-91
1,228,-32
1,229,-1
1,230,-67
1,231,79
1,232,37
1,233,46
1,234,85
1,235,-5
1,236,-100
1,237,-32
1,238,-97
1,239,-85
1,240,-77
1,241,-21
1,242,-99
1,243,27
1,244,59
1,245,-17
1,246,51
1,247,39
1,248,77
1,249,62
1,250,23
1,251,-68
1,252,60
1,253,88
1,254,78
1,255,70
1,256,0
1,257,-89
1,258,-34
1,259,-36
1,260,60
1,261,67
1,262,-27
1,263,-58
1,264,-57
1,265,-72
1,266,40
1,267,-89
1,268,-6
1,269,-55
1,270,29
1,271,-66
1,272,-20
1,273,-11
1,274,-93
1,275,-8
1,276,53
1,277,-11
1,278,61
1,279,14
1,280,4
1,281,34
1,282,95
1,283,-43
1,284,13
1,285,-26
1,286,56
1,287,19
1,288,63
1,289,-80
1,290,63
1,291,37
1,292,0
1,293,51
1,294,91
1,295,76
1,296,-2
1,297,-65
1,298,-5
1,299,51
2,0,50
2,1,89
2,2,-64
2,3,-89
2,4,12
2,5,82
2,6,-88
2,7,-78
2,8,-2
2,9,4
2,10,-71
2,11,-84
2,12,12
2,13,-39
2,14,-17
2,15,11
2,16,-15
2,17,40
2,18,86
2,19,-82
2,20,76
2,21,-1
2,22,39
2,23,88
2,24,46
2,25,-25
2,26,-92
2,27,98
2,28,-73
2,29,27
2,30,-49
2,31,-18
2,32,10
2,33,43
2,34,16
2,35,-32
2,36,-2
2,37,39
2,38,-76
2,39,79
2,40,22
2,41,-48
2,42,50
2,43,43
2,44,-44
2,45,-62
2,46,8
2,47,80
2,48,-59
2,49,85
2,50,66
2,51,41
2,52,21
2,53,32
2,54,62
2,55,-26
2,56,45
2,57,-25
2,58,-92
2,59,-27
2,60,85
2,61,44
2,62,-94
2,63,73
2,64,40
2,65,67
2,66,69
2,67,36
2,68,77
2,69,-74
2,70,21
2,71,93
2,72,-96
2,73,-72
2,74,64
2,75,65
2,76,-18
2,77,35
2,78,8
2,79,-36
2,80,-15
2,81,44
2,82,-30
2,83,-56
2,84,31
2,85,-65
2,86,-31
2,87,58
2,88,-82
2,89,88
2,90,7
2,91,81
2,92,66
2,93,-10
2,94,-11
2,95,-82
2,96,-62
2,97,25
2,98,94
2,99,72
2,100,40
2,101,25
2,102,-43
2,103,47
2,104,99
2,105,-40
2,106,26
2,107,4
2,108,66
2,109,-100
2,110,30
2,111,-9
2,112,89
2,113,90
2,114,12
2,115,52
2,116,-45
2,117,60
2,118,65
2,119,16
2,120,33
2,121,-43
2,122,-57
2,123,72
2,124,59
2,125,72
2,126,-40
2,127,-54
2,128,48
2,129,-21
2,130,17
2,131,63
2,132,46
2,133,-81
2,134,84
2,135,45
2,136,-54
2,137,-52
2,138,-87
2,139,42
2,140,58
2,141,-100
2,142,16
2,143,-47
2,144,17
2,145,-98
2,146,43
2,147,84
2,148,-89
2,149,-27
2,150,-85
2,151,99
2,152,1
2,153,51
2,154,55
2,155,16
2,156,-93
2,157,21
2,158,-9
2,159,63
2,160,-11
2,161,35
2,162,85
2,163,-41
2,164,77
2,165,-73
2,166,0
2,167,-60
2,168,91
2,169,54
2,170,90
2,171,44
2,172,60
2,173,56
2,174,40
2,175,-55
2,176,-66
2,177,33
2,178,-19
2,179,14
2,180,96
2,181,-54
2,182,52
2,183,93
2,184,-91
2,185,-45
2,186,-71
2,187,8
2,188,-96
2,189,18
2,190,-68
2,191,17
2,192,-36
2,193,45
2,194,76
2,195,-90
2,196,-16
2,197,-75
2,198,-38
2,199,-15
2,200,-42
2,201,-74
2,202,76
2,203,60
2,204,-3
2,205,4
2,206,-2
2,207,28
2,208,48
2,209,-46
2,210,-95
2,211,96
2,212,-6
2,213,32
2,214,1
2,215,-98
2,216,80
2,217,-78
2,218,-48
2,219,64
2,220,-18
2,221,44
2,222,-16
2,223,-23
2,224,9
2,225,-100
2,226,-50
2,227,72
2,228,-97
2,229,89
2,230,92
2,231,12
2,232,-69
2,233,-67
2,234,-9
2,235,-6
2,236,-29
2,237,-62
2,238,53
2,239,61
2,240,81
2,241,17
2,242,-98
2,243,22
2,244,-51
2,245,-89
2,246,92
2,247,-47
2,248,32
2,249,-44
2,250,44
2,251,11
2,252,-54
2,253,50
2,254,-16
2,255,41
2,256,-35
2,257,-26
2,258,78
2,259,2
2,260,65
2,261,91
2,262,-63
2,263,-51
2,264,-3
2,265,-19
2,266,-71
2,267,-22
2,268,-10
2,269,78
2,270,90
2,271,-49
2,272,65
2,273,-22
2,274,-71
2,275,5
2,276,-50
2,277,-20
2,278,32
2,279,-72
2,280,31
2,281,37
2,282,83
2,283,44
2,284,-27
2,285,-84
2,286,-17
2,287,-32
2,288,-67
2,289,-95
2,290,-48
2,291,93
2,292,25
2,293,-58
2,294,14
2,295,10
2,296,50
2,297,82
2,298,-21
2,299,-6
3,0,17
3,1,43
3,2,-93
3,3,31
3,4,3
3,5,31
3,6,83
3,7,-76
3,8,94
3,9,-5
3,10,94
3,11,54
3,12,-8
3,13,59
3,14,77
3,15,-40
3,16,21
3,17,-50
3,18,46
3,19,-80
3,20,-96
3,21,-9
3,22,69
3,23,-40
3,24,-79
3,25,48
3,26,-31
3,27,-100
3,28,32
3,29,-89
3,30,-11
3,31,-55
3,32,-67
3,33,76
3,34,-23
3,35,-56
3,36,54
3,37,-28
3,38,-75
3,39,-54
3,40,20
3,41,-45
3,42,-7
3,43,6
3,44,-38
3,45,-53
3,46,-40
3,47,-20
3,48,-75
3,49,-65
3,50,-100
3,51,-93
3,52,12
3,53,-2
3,54,79
3,55,-54
3,56,26
3,57,-45
3,58,-87
3,59,-73
3,60,-23
3,61,29
3,62,8
3,63,53
3,64,-87
3,65,86
3,66,-45
3,67,14
3,68,-94
3,69,-98
3,70,10
3,71,50
3,72,6
3,73,-83
3,74,-63
3,75,14
3,76,-86
3,77,91
3,78,18
3,79,-73
3,80,-62
3,81,84
3,82,-84
3,83,-15
3,84,25
3,85,-57
3,86,-76
3,87,44
3,88,-88
3,89,-76
3,90,-33
3,91,37
3,92,-34
3,93,8
3,94,45
3,95,10
3,96,10
3,97,-67
3,98,10
3,99,-93
3,100,67
3,101,12
3,102,-18
3,103,-59
3,104,68
3,105,0
3,106,-95
3,107,79
3,108,-75
3,109,-37
3,110,86
3,111,83
3,112,-42
3,113,8
3,114,97
3,115,20
3,116,-68
3,117,80
3,118,49
3,119,-80
3,120,97
3,121,-31
3,122,11
3,123,-97
3,124,-7
3,125,-26
3,126,89
3,127,-39
3,128,-7
3,129,-6
3,130,51
3,131,-46
3,132,36
3,133,30
3,134,-70
3,135,-61
3,136,-65
3,137,51
3,138,-95
3,139,-35
3,140,-26
3,141,-97
3,142,-22
3,143,33
3,144,17
3,145,12
3,146,-7
3,147,78
3,148,-39
3,149,84
3,150,93
3,151,-22
3,152,35
3,153,-75
3,154,78
3,155,72
3,156,-57
3,157,32
3,158,-31
3,159,53
3,160,17
3,161,-33
3,162,-82
3,163,-81
3,164,12
3,165,39
3,166,-54
3,167,-100
3,168,-11
3,169,41
3,170,-37
3,171,-63
3,172,-64
3,173,25
3,174,38
3,175,-1
3,176,-24
3,177,-98
3,178,60
3,179,33
3,180,77
3,181,-91
3,182,-96
3,183,50
3,184,37
3,185,71
3,186,29
3,187,-88
3,188,67
3,189,29
3,190,-17
3,191,-36
3,192,-38
3,193,0
3,194,-28
3,195,-84
3,196,-92
3,197,42
3,198,51
3,199,-63
3,200,62
3,201,-7
3,202,-6
3,203,-52
3,204,-32
3,205,-39
3,206,87
3,207,77
3,208,-23
3,209,16
3,210,19
3,211,36
3,212,61
3,213,-25
3,214,-66
3,215,-100
3,216,-61
3,217,-37
3,218,49
3,219,-41
3,220,-37
3,221,-8
3,222,-29
3,223,-90
3,224,4
3,225,-87
3,226,-41
3,227,-71
3,228,-66
3,229,64
3,230,-96
3,231,-18
3,232,22
3,233,-23
3,234,53
3,235,-39
3,236,31
3,237,-12
3,238,-59
3,239,-12
3,240,45
3,241,-61
3,242,-29
3,243,-62
3,244,3
3,245,-87
3,246,-69
3,247,78
3,248,24
3,249,65
3,250,-4
3,251,-78
3,252,-38
3,253,42
3,254,52
3,255,44
3,256,93
3,257,-48
3,258,3
3,259,3
3,260,78
3,261,-62
3,262,78
3,263,97
3,264,33
3,265,-34
3,266,34
3,267,78
3,268,99
3,269,-59
3,270,91
3,271,-86
3,272,10
3,273,56
3,274,-68
3,275,54
3,276,63
3,277,56
3,278,-63
3,279,84
3,280,-4
3,281,54
3,282,82
3,283,-68
3,284,95
3,285,-15
3,286,-35
3,287,-91
3,288,-96
3,289,22
3,290,-27
3,291,-4
3,292,17
3,293,-63
3,294,40
3,295,58
3,296,-54
3,297,8
3,298,79
3,299,83
4,0,-86
4,1,56
4,2,35
4,3,-96
4,4,56
4,5,-54
4,6,-33
4,7,-25
4,8,72
4,9,29
4,10,54
4,11,-6
4,12,14
4,13,63
4,14,-65
4,15,-75
4,16,-58
4,17,-74
4,18,-32
4,19,47
4,20,-90
4,21,-27
4,22,3
4,23,-63
4,24,33
4,25,99
4,26,-78
4,27,-54
4,28,-11
4,29,-55
4,30,6
4,31,39
4,32,40
4,33,3
4,34,89
4,35,10
4,36,3
4,37,-41
4,38,70
4,39,-1
4,40,-33
4,41,32
4,42,19
4,43,-64
4,44,-29
4,45,26
4,46,5
4,47,-9
4,48,-70
4,49,21
4,50,36
4,51,-50
4,52,-72
4,53,-61
4,54,-60
4,55,-90
4,56,50
4,57,-100
4,58,-55
4,59,0
4,60,48
4,61,-11
4,62,9
4,63,63
4,64,81
4,65,-44
4,66,-100
4,67,-38
4,68,81
4,69,-46
4,70,14
4,71,67
4,72,42
4,73,48
4,74,74
4,75,-48
4,76,36
4,77,79
4,78,-44
4,79,16
4,80,53
4,81,68
4,82,-66
4,83,-38
4,84,-76
4,85,-11
4,86,-26
4,87,-63
4,88,29
4,89,34
4,90,61
4,91,-10
4,92,-84
4,93,27
4,94,70
4,95,86
4,96,7
4,97,78
4,98,81
4,99,51
4,100,-76
4,101,98
4,102,79
4,103,97
4,104,-13
4,105,60
4,106,76
4,107,-72
4,108,-38
4,109,49
4,110,53
4,111,55
4,112,13
4,113,-52
4,114,98
4,115,-20
4,116,-17
4,117,4
4,118,76
4,119,47
4,120,17
4,121,-15
4,122,-38
4,123,88
4,124,3
4,125,-52
4,126,-30
4,127,-100
4,128,40
4,129,78
4,130,22
4,131,83
4,132,-39
4,133,-69
4,134,57
4,135,-72
4,136,-52
4,137,72
4,138,-71
4,139,43
4,140,67
4,141,-82
4,142,-83
4,143,-100
4,144,-23
4,145,14
4,146,74
4,147,93
4,148,12
4,149,13
4,150,65
4,151,78
4,152,-38
4,153,31
4,154,28
4,155,-93
4,156,56
4,157,-46
4,158,2
4,159,30
4,160,-69
4,161,-91
4,162,9
4,163,61
4,164,23
4,165,-14
4,166,-46
4,167,-69
4,168,77
4,169,34
4,170,-8
4,171,-93
4,172,-36
4,173,-44
4,174,-34
4,175,86
4,176,-29
4,177,-47
4,178,-34
4,179,-50
4,180,-4
4,181,-9
4,182,-93
4,183,61
4,184,-66
4,185,-5
4,186,-13
4,187,-23
4,188,-69
4,189,19
4,190,-55
4,191,43
4,192,95
4,193,64
4,194,81
4,195,41
4,196,-46
4,197,75
4,198,-94
4,199,-27
4,200,-94
4,201,60
4,202,50
4,203,-16
4,204,46
4,205,11
4,206,24
4,207,46
4,208,-65
4,209,-72
4,210,87
4,211,-19
4,212,-99
4,213,28
4,214,-54
4,215,96
4,216,47
4,217,-90
4,218,29
4,219,94
4,220,18
4,221,39
4,222,-81
4,223,-96
4,224,-64
4,225,65
4,226,36
4,227,-48
4,228,71
4,229,-2
4,230,-15
4,231,7
4,232,-77
4,233,-20
4,234,57
4,235,19
4,236,-42
4,237,27
4,238,13
4,239,14
4,240,-87
4,241,-92
4,242,-61
4,243,93
4,244,-76
4,245,2
4,246,-79
4,247,-97
4,248,53
4,249,85
4,250,-72
4,251,8
4,252,-3
4,253,-64
4,254,-26
4,255,-31
4,256,45
4,257,27
4,258,-16
4,259,-59
4,260,-1
4,261,-60
4,262,65
4,263,-67
4,264,-84
4,265,64
4,266,52
4,267,21
4,268,-25
4,269,-14
4,270,16
4,271,5
4,272,-15
4,273,-74
4,274,-44
4,275,-70
4,276,33
4,277,67
4,278,-3
4,279,-89
4,280,-48
4,281,98
4,282,37
4,283,72
4,284,44
4,285,53
4,286,89
4,287,21
4,288,-55
4,289,-37
4,290,29
4,291,-47
4,292,6
4,293,92
4,294,-50
4,295,80
4,296,-65
4,297,14
4,298,-75
4,299,-72
5,0,48
5,1,-90
5,2,-61
5,3,-90
5,4,63
5,5,12
5,6,86
5,7,-62
5,8,-47
5,9,-3
5,10,-46
5,11,10
5,12,51
5,13,49
5,14,-32
5,15,-45
5,16,-68
5,17,-65
5,18,47
5,19,-20
5,20,89
5,21,8
5,22,53
5,23,93
5,24,-28
5,25,-61
5,26,-84
5,27,28
5,28,-40
5,29,70
5,30,3
5,31,-59
5,32,-76
5,33,-62
5,34,-66
5,35,30
5,36,7
5,37,71
5,38,78
5,39,1
5,40,-3
5,41,-89
5,42,-82
5,43,0
5,44,-57
5,45,86
5,46,-52
5,47,88
5,48,-84
5,49,-27
5,50,-44
5,51,-46
5,52,-54
5,53,-89
5,54,-39
5,55,-21
5,56,-18
5,57,-93
5,58,48
5,59,-20
5,60,17
5,61,97
5,62,99
5,63,-76
5,64,-12
5,65,-89
5,66,42
5,67,-42
5,68,53
5,69,8
5,70,-75
5,71,-54
5,72,-69
5,73,-91
5,74,-85
5,75,98
5,76,44
5,77,50
5,78,-75
5,79,-15
5,80,34
5,81,-87
5,82,-22
5,83,16
5,84,-94
5,85,36
5,86,14
5,87,75
5,88,-29
5,89,-42
5,90,-19
5,91,15
5,92,66
5,93,45
5,94,86
5,95,2
5,96,-84
5,97,-87
5,98,58
5,99,51
5,100,7
5,101,87
5,102,-56
5,103,-3
5,104,30
5,105,-64
5,106,70
5,107,67
5,108,82
5,109,7
5,110,-62
5,111,-86
5,112,19
5,113,-97
5,114,-8
5,115,52
5,116,40
5,117,60
5,118,-85
5,119,69
5,120,7
5,121,25
5,122,93
5,123,-46
5,124,69
5,125,-67
5,126,57
5,127,-88
5,128,40
5,129,-83
5,130,59
5,131,-5
5,132,22
5,133,-62
5,134,-55
5,135,-72
5,136,89
5,137,-39
5,138,84
5,139,-85
5,140,83
5,141,20
5,142,-91
5,143,57
5,144,52
5,145,2
5,146,-17
5,147,32
5,148,-36
5,149,76
5,150,-98
5,151,72
5,152,41
5,153,19
5,154,57
5,155,-33
5,156,45
5,157,89
5,158,-64
5,159,52
5,160,75
5,161,92
5,162,80
5,163,-28
5,164,42
5,165,-52
5,166,20
5,167,-13
5,168,95
5,169,39
5,170,86
5,171,-64
5,172,-40
5,173,70
5,174,23
5,175,97
5,176,-62
5,177,83
5,178,-38
5,179,-55
5,180,-13
5,181,-90
5,182,-39
5,183,-24
5,184,52
5,185,98
5,186,-49
5,187,-97
5,188,-42
5,189,-29
5,190,47
5,191,-8
5,192,-38
5,193,-47
5,194,16
5,195,9
5,196,-27
5,197,6
5,198,-44
5,199,68
5,200,-98
5,201,19
5,202,-95
5,203,-96
5,204,-96
5,205,-47
5,206,-54
5,207,76
5,208,-92
5,209,-2
5,210,-81
5,211,21
5,212,-40
5,213,22
5,214,62
5,215,77
5,216,-19
5,217,-39
5,218,44
5,219,-98
5,220,59
5,221,-88
5,222,19
5,223,24
5,224,-12
5,225,-28
5,226,-33
5,227,41
5,228,0
5,229,-3
5,230,-90
5,231,4
5,232,83
5,233,-34
5,234,22
5,235,-72
5,236,36
5,237,94
5,238,52
5,239,-25
5,240,69
5,241,-92
5,242,-61
5,243,-76
5,244,-96
5,245,38
5,246,86
5,247,23
5,248,-63
5,249,-29
5,250,32
5,251,75
5,252,-11
5,253,45
5,254,97
5,255,-64
5,256,-41
5,257,75
5,258,-73
5,259,96
5,260,-20
5,261,13
5,262,-61
5,263,-56
5,264,-39
5,265,-8
5,266,14
5,267,85
5,268,-34
5,269,-45
5,270,-61
5,271,-3
5,272,-61
5,273,-10
5,274,-68
5,275,-95
5,276,46
5,277,-21
5,278,67
5,279,-9
5,280,-4
5,281,-42
5,282,-42
5,283,-53
5,284,68
5,285,-88
5,286,6
5,287,-56
5,288,-12
5,289,80
5,290,69
5,291,-1
5,292,90
5,293,54
5,294,65
5,295,87
5,296,-94
5,297,32
5,298,-56
5,299,-43
6,0,-70
6,1,-78
6,2,69
6,3,37
6,4,59
6,5,6
6,6,80
6,7,57
6,8,-62
6,9,58
6,10,-19
6,11,-1
6,12,-99
6,13,-24
6,14,-89
6,15,-62
6,16,93
6,17,-88
6,18,-55
6,19,54
6,20,12
6,21,-84
6,22,3
6,23,-3
6,24,87
6,25,91
6,26,-13
6,27,8
6,28,62
6,29,-31
6,30,57
6,31,98
6,32,-27
6,33,-38
6,34,55
6,35,-41
6,36,-22
6,37,-64
6,38,-79
6,39,95
6,40,47
6,41,-5
6,42,-33
6,43,91
6,44,-84
6,45,-89
6,46,49
6,47,44
6,48,37
6,49,17
6,50,92
6,51,-79
6,52,19
6,53,-51
6,54,-87
6,55,91
6,56,74
6,57,-72
6,58,63
6,59,79
6,60,24
6,61,-94
6,62,-72
6,63,38
6,64,-68
6,65,33
6,66,10
6,67,-22
6,68,59
6,69,78
6,70,-43
6,71,-75
6,72,73
6,73,-72
6,74,-97
6,75,-2
6,76,40
6,77,-62
6,78,-86
6,79,18
6,80,-72
6,81,56
6,82,-26
6,83,15
6,84,-69
6,85,29
6,86,74
6,87,-17
6,88,-79
6,89,-74
6,90,94
6,91,-20
6,92,25
6,93,83
6,94,-9
6,95,-80
6,96,-54
6,97,0
6,98,86
6,99,-17
6,100,-95
6,101,46
6,102,84
6,103,96
6,104,30
6,105,-100
6,106,-43
6,107,23
6,108,65
6,109,-86
6,110,61
6,111,88
6,112,62
6,113,-37
6,114,-76
6,115,-77
6,116,-89
6,117,-83
6,118,-86
6,119,-74
6,120,-29
6,121,-41
6,122,73
6,123,44
6,124,-8
6,125,-48
6,126,-93
6,127,-22
6,128,-74
6,129,73
6,130,-51
6,131,98
6,132,30
6,133,-8
6,134,91
6,135,71
6,136,80
6,137,-77
6,138,-41
6,139,21
6,140,30
6,141,47
6,142,-55
6,143,-86
6,144,52
6,145,98
6,146,-84
6,147,25
6,148,-17
6,149,-92
6,150,65
6,151,75
6,152,87
6,153,-38
6,154,16
6,155,29
6,156,-13
6,157,-29
6,158,38
6,159,-37
6,160,-29
6,161,-80
6,162,-83
6,163,-37
6,164,-19
6,165,9
6,166,-6
6,167,65
6,168,-69
6,169,-90
6,170,-56
6,171,-68
6,172,1
6,173,68
6,174,35
6,175,-90
6,176,78
6,177,-13
6,178,-60
6,179,44
6,180,-25
6,181,20
6,182,-55
6,183,59
6,184,-21
6,185,-47
6,186,-15
6,187,-9
6,188,47
6,189,60
6,190,67
6,191,59
6,192,-4
6,193,-99
6,194,-68
6,195,57
6,196,60
6,197,-24
6,198,15
6,199,53
6,200,49
6,201,2
6,202,93
6,203,65
6,204,2
6,205,-11
6,206,73
6,207,21
6,208,42
6,209,5
6,210,18
6,211,71
6,212,-52
6,213,3
6,214,-40
6,215,94
6,216,22
6,217,33
6,218,-92
6,219,-95
6,220,-28
6,221,2
6,222,59
6,223,-60
6,224,13
6,225,-93
6,226,-29
6,227,77
6,228,-9
6,229,-39
6,230,-17
6,231,-39
6,232,10
6,233,26
6,234,-94
6,235,-17
6,236,31
6,237,33
6,238,-43
6,239,-79
6,240,53
6,241,26
6,242,-98
6,243,26
6,244,-60
6,245,87
6,246,5
6,247,-87
6,248,-89
6,249,-14
6,250,-89
6,251,40
6,252,-76
6,253,-56
6,254,21
6,255,46
6,256,-46
6,257,-1
6,258,72
6,259,35
6,260,18
6,261,-48
6,262,82
6,263,-69
6,264,-50
6,265,-57
6,266,-19
6,267,97
6,268,45
6,269,49
6,270,-64
6,271,-5
6,272,-45
6,273,4
6,274,-42
6,275,30
6,276,55
6,277,-66
6,278,88
6,279,-8
6,280,81
6,281,90
6,282,-4
6,283,34
6,284,-25
6,285,-52
6,286,-7
6,287,58
6,288,85
6,289,88
6,290,-77
6,291,47
6,292,-64
6,293,-97
6,294,7
6,295,25
6,296,-81
6,297,87
6,298,51
6,299,-51
7,0,76
7,1,78
7,2,-5
7,3,4
7,4,63
7,5,16
7,6,-3
7,7,-35
7,8,-22
7,9,61
7,10,63
7,11,-95
7,12,-62
7,13,69
7,14,14
7,15,85
7,16,24
7,17,-89
7,18,30
7,19,-83
7,20,-61
7,21,-80
7,22,42
7,23,-2
7,24,-75
7,25,-93
7,26,-1
7,27,-14
7,28,-59
7,29,71
7,30,-87
7,31,-23
7,32,-99
7,33,18
7,34,-64
7,35,-32
7,36,65
7,37,-60
7,38,-39
7,39,-41
7,40,24
7,41,10
7,42,-87
7,43,-17
7,44,29
7,45,-31
7,46,44
7,47,22
7,48,-12
7,49,-73
7,50,-35
7,51,62
7,52,-96
7,53,92
7,54,67
7,55,83
7,56,63
7,57,-56
7,58,50
7,59,-54
7,60,-70
7,61,38
7,62,-91
7,63,94
7,64,17
7,65,-87
7,66,-21
7,67,-8
7,68,-91
7,69,-25
7,70,-7
7,71,4
7,72,-100
7,73,32
7,74,-81
7,75,-93
7,76,70
7,77,-100
7,78,-44
7,79,-37
7,80,17
7,81,-73
7,82,20
7,83,6
7,84,64
7,85,74
7,86,64
7,87,-52
7,88,19
7,89,-57
7,90,-45
7,91,55
7,92,10
7,93,33
7,94,7
7,95,88
7,96,47
7,97,13
7,98,-23
7,99,29
7,100,-64
7,101,-81
7,102,-75
7,103,-72
7,104,-100
7,105,18
7,106,-66
7,107,97
7,108,-42
7,109,-32
7,110,60
7,111,78
7,112,-89
7,113,-81
7,114,80
7,115,-58
7,116,25
7,117,-51
7,118,-72
7,119,84
7,120,-62
7,121,83
7,122,70
7,123,77
7,124,50
7,125,71
7,126,-63
7,127,-17
7,128,50
7,129,27
7,130,25
7,131,-56
7,132,-49
7,133,-21
7,134,77
7,135,23
7,136,18
7,137,-93
7,138,-16
7,139,28
7,140,-93
7,141,56
7,142,-5
7,143,1
7,144,-96
7,145,-15
7,146,74
7,147,-67
7,148,92
7,149,-46
7,150,18
7,151,70
7,152,57
7,153,13
7,154,44
7,155,-75
7,156,35
7,157,-54
7,158,12
7,159,-25
7,160,-29
7,161,-12
7,162,-55
7,163,95
7,164,-68
7,165,-100
7,166,46
7,167,-70
7,168,41
7,169,-48
7,170,-53
7,171,-32
7,172,4
7,173,-11
7,174,89
7,175,93
7,176,91
7,177,97
7,178,-38
7,179,-28
7,180,60
7,181,68
7,182,-12
7,183,75
7,184,-88
7,185,-28
7,186,-24
7,187,58
7,188,-33
7,189,-3
7,190,24
7,191,1
7,192,31
7,193,1
7,194,-82
7,195,97
7,196,-19
7,197,40
7,198,-78
7,199,-18
7,200,8
7,201,-26
7,202,28
7,203,-13
7,204,-47
7,205,98
7,206,-12
7,207,42
7,208,-36
7,209,-25
7,210,98
7,211,42
7,212,48
7,213,46
7,214,-41
7,215,-8
7,216,60
7,217,-52
7,218,-66
7,219,71
7,220,1
7,221,-90
7,222,-2
7,223,99
7,224,9
7,225,-27
7,226,93
7,227,73
7,228,-92
7,229,-98
7,230,-16
7,231,-75
7,232,-29
7,233,-53
7,234,93
7,235,97
7,236,55
7,237,16
7,238,53
7,239,52
7,240,-89
7,241,32
7,242,-53
7,243,-64
7,244,-57
7,245,-86
7,246,-58
7,247,75
7,248,-14
7,249,-31
7,250,-55
7,251,7
7,252,22
7,253,70
7,254,-80
7,255,50
7,256,6
7,257,-21
7,258,-54
7,259,16
7,260,23
7,261,42
7,262,-76
7,263,-65
7,264,-50
7,265,-86
7,266,-33
7,267,-80
7,268,40
7,269,-82
7,270,-67
7,271,-23
7,272,24
7,273,95
7,274,16
7,275,-49
7,276,-74
7,277,56
7,278,55
7,279,-66
7,280,35
7,281,43
7,282,5
7,283,63
7,284,57
7,285,45
7,286,-99
7,287,76
7,288,-24
7,289,31
7,290,-11
7,291,-12
7,292,-7
7,293,-94
7,294,-6
7,295,7
7,296,-27
7,297,-62
7,298,40
7,299,58
8,0,-30
8,1,90
8,2,-45
8,3,69
8,4,88
8,5,-59
8,6,83
8,7,-65
8,8,-17
8,9,95
8,10,17
8,11,-94
8,12,-47
8,13,28
8,14,71
8,15,19
8,16,72
8,17,5
8,18,-54
8,19,22
8,20,40
8,21,18
8,22,49
8,23,17
8,24,-80
8,25,36
8,26,-75
8,27,-92
8,28,-86
8,29,-91
8,30,21
8,31,20
8,32,24
8,33,69
8,34,-29
8,35,51
8,36,-52
8,37,53
8,38,-10
8,39,-64
8,40,-33
8,41,-51
8,42,51
8,43,-82
8,44,-1
8,45,-41
8,46,66
8,47,-12
8,48,45
8,49,46
8,50,63
8,51,82
8,52,-32
8,53,74
8,54,-52
8,55,7
8,56,60
8,57,18
8,58,48
8,59,49
8,60,75
8,61,-64
8,62,42
8,63,62
8,64,98
8,65,59
8,66,-90
8,67,37
8,68,-23
8,69,-24
8,70,84
8,71,52
8,72,-99
8,73,-37
8,74,-66
8,75,-94
8,76,-16
8,77,45
8,78,-34
8,79,-59
8,80,17
8,81,24
8,82,66
8,83,68
8,84,-77
8,85,87
8,86,-55
8,87,-82
8,88,-33
8,89,1
8,90,-59
8,91,-69
8,92,66
8,93,8
8,94,-65
8,95,-4
8,96,63
8,97,30
8,98,-28
8,99,35
8,100,-4
8,101,22
8,102,-31
8,103,68
8,104,95
8,105,-88
8,106,-52
8,107,-41
8,108,29
8,109,87
8,110,-96
8,111,71
8,112,-74
8,113,59
8,114,48
8,115,-93
8,116,99
8,117,-51
8,118,-34
8,119,-57
8,120,24
8,121,-43
8,122,-98
8,123,-15
8,124,-31
8,125,29
8,126,71
8,127,-99
8,128,1
8,129,-66
8,130,-3
8,131,-71
8,132,15
8,133,-93
8,134,49
8,135,-57
8,136,85
8,137,-65
8,138,96
8,139,-24
8,140,-70
8,141,-54
8,142,-46
8,143,5
8,144,89
8,145,57
8,146,20
8,147,-46
8,148,43
8,149,-89
8,150,44
8,151,43
8,152,39
8,153,35
8,154,-98
8,155,43
8,156,-71
8,157,-78
8,158,-9
8,159,14
8,160,3
8,161,17
8,162,-96
8,163,3
8,164,7
8,165,-36
8,166,20
8,167,-71
8,168,48
8,169,-17
8,170,97
8,171,49
8,172,99
8,173,-69
8,174,60
8,175,-85
8,176,-63
8,177,41
8,178,-65
8,179,50
8,180,13
8,181,-35
8,182,4
8,183,-16
8,184,-99
8,185,92
8,186,-26
8,187,-34
8,188,79
8,189,89
8,190,50
8,191,53
8,192,95
8,193,-46
8,194,-95
8,195,62
8,196,49
8,197,70
8,198,42
8,199,-15
8,200,-41
8,201,0
8,202,-89
8,203,-52
8,204,-59
8,205,65
8,206,-19
8,207,72
8,208,-66
8,209,57
8,210,57
8,211,33
8,212,-34
8,213,-21
8,214,-94
8,215,79
8,216,-87
8,217,-28
8,218,42
8,219,48
8,220,62
8,221,-35
8,222,-10
8,223,29
8,224,62
8,225,-81
8,226,-91
8,227,-76
8,228,93
8,229,-76
8,230,-47
8,231,-68
8,232,63
8,233,-6
8,234,-87
8,235,-36
8,236,9
8,237,-21
8,238,-47
8,239,24
8,240,79
8,241,30
8,242,68
8,243,33
8,244,-76
8,245,40
8,246,16
8,247,35
8,248,48
8,249,95
8,250,-76
8,251,-22
8,252,-33
8,253,72
8,254,87
8,255,-89
8,256,-69
8,257,27
8,258,-5
8,259,-9
8,260,40
8,261,-70
8,262,-23
8,263,-81
8,264,45
8,265,-41
8,266,90
8,267,33
8,268,59
8,269,-8
8,270,-58
8,271,29
8,272,-41
8,273,50
8,274,-70
8,275,-96
8,276,61
8,277,-91
8,278,-12
8,279,29
8,280,25
8,281,-90
8,282,77
8,283,58
8,284,-45
8,285,-18
8,286,36
8,287,-2
8,288,48
8,289,-28
8,290,55
8,291,89
8,292,14
8,293,-94
8,294,-21
8,295,43
8,296,-4
8,297,-97
8,298,-97
8,299,2
9,0,-61
9,1,-84
9,2,0
9,3,2
9,4,23
9,5,-49
9,6,-49
9,7,63
9,8,23
9,9,65
9,10,77
9,11,-38
9,12,15
9,13,90
9,14,-39
9,15,-94
9,16,54
9,17,-9
9,18,-87
9,19,98
9,20,-15
9,21,32
9,22,82
9,23,29
9,24,-39
9,25,48
9,26,-22
9,27,48
9,28,37
9,29,-43
9,30,19
9,31,66
9,32,32
9,33,-36
9,34,-88
9,35,80
9,36,-19
9,37,72
9,38,59
9,39,63
9,40,87
9,41,38
9,42,90
9,43,48
9,44,-49
9,45,82
9,46,16
9,47,-75
9,48,95
9,49,-67
9,50,-49
9,51,11
9,52,-19
9,53,79
9,54,56
9,55,65
9,56,-59
9,57,-80
9,58,-59
9,59,40
9,60,12
9,61,4
9,62,91
9,63,-84
9,64,19
9,65,36
9,66,68
9,67,28
9,68,29
9,69,-41
9,70,-53
9,71,-72
9,72,-4
9,73,-91
9,74,-43
9,75,87
9,76,-80
9,77,-73
9,78,-67
9,79,-93
9,80,86
9,81,99
9,82,76
9,83,-22
9,84,44
9,85,87
9,86,-14
9,87,-13
9,88,72
9,89,-32
9,90,59
9,91,71
9,92,92
9,93,-14
9,94,0
9,95,-93
9,96,-24
9,97,99
9,98,-14
9,99,-58
9,100,28
9,101,8
9,102,78
9,103,51
9,104,51
9,105,-84
9,106,32
9,107,47
9,108,-80
9,109,-43
9,110,58
9,111,9
9,112,38
9,113,79
9,114,42
9,115,34
9,116,-73
9,117,-50
9,118,85
9,119,-96
9,120,-96
9,121,-7
9,122,-5
9,123,-93
9,124,-37
9,125,37
9,126,-63
9,127,10
9,128,11
9,129,-20
9,130,35
9,131,3
9,132,52
9,133,-28
9,134,93
9,135,77
9,136,94
9,137,-52
9,138,-65
9,139,25
9,140,-33
9,141,-23
9,142,4
9,143,68
9,144,21
9,145,18
9,146,89
9,147,13
9,148,-91
9,149,48
9,150,63
9,151,39
9,152,-10
9,153,-99
9,154,17
9,155,-88
9,156,80
9,157,59
9,158,-6
9,159,43
9,160,-69
9,161,-69
9,162,23
9,163,-90
9,164,-91
9,165,-86
9,166,-84
9,167,67
9,168,45
9,169,82
9,170,52
9,171,-42
9,172,-23
9,173,23
9,174,13
9,175,-79
9,176,57
9,177,71
9,178,-69
9,179,78
9,180,73
9,181,12
9,182,19
9,183,48
9,184,21
9,185,-69
9,186,18
9,187,-62
9,188,-89
9,189,74
9,190,-83
9,191,48
9,192,40
9,193,48
9,194,25
9,195,35
9,196,-55
9,197,3
9,198,34
9,199,50
9,200,-15
9,201,49
9,202,-12
9,203,-79
9,204,-9
9,205,-72
9,206,-88
9,207,-99
9,208,-72
9,209,79
9,210,-74
9,211,-51
9,212,-6
9,213,50
9,214,-13
9,215,-57
9,216,-79
9,217,70
9,218,64
9,219,88
9,220,-4
9,221,83
9,222,-98
9,223,90
9,224,17
9,225,-82
9,226,-78
9,227,56
9,228,-71
9,229,-62
9,230,7
9,231,10
9,232,-76
9,233,27
9,234,10
9,235,35
9,236,5
9,237,85
9,238,43
9,239,-29
9,240,28
9,241,7
9,242,-96
9,243,-98
9,244,92
9,245,31
9,246,3
9,247,-37
9,248,5
9,249,-3
9,250,-91
9,251,48
9,252,27
9,253,-55
9,254,54
9,255,-35
9,256,68
9,257,11
9,258,-88
9,259,36
9,260,63
9,261,-15
9,262,-11
9,263,-43
9,264,-47
9,265,-89
9,266,-87
9,267,20
9,268,61
9,269,80
9,270,20
9,271,-81
9,272,-26
9,273,43
9,274,-31
9,275,-45
9,276,0
9,277,85
9,278,31
9,279,10
9,280,24
9,281,31
9,282,-81
9,283,37
9,284,-77
9,285,53
9,286,-64
9,287,-47
9,288,2
9,289,48
9,290,-63
9,291,73
9,292,-97
9,293,87
9,294,-44
9,295,72
9,296,-81
9,297,-84
9,298,18
9,299,-30
10,0,-97
10,1,-87
10,2,-98
10,3,-21
10,4,85
10,5,-46
10,6,31
10,7,19
10,8,-77
10,9,61
10,10,57
10,11,-19
10,12,46
10,13,58
10,14,87
10,15,-41
10,16,46
10,17,-52
10,18,-38
10,19,9
10,20,49
10,21,51
10,22,8
10,23,-25
10,24,-71
10,25,-43
10,26,16
10,27,58
10,28,-1
10,29,91
10,30,-82
10,31,75
10,32,72
10,33,-7
10,34,82
10,35,12
10,36,82
10,37,45
10,38,-38
10,39,15
10,40,12
10,41,-54
10,42,-44
10,43,17
10,44,-56
10,45,60
10,46,44
10,47,97
10,48,-97
10,49,47
10,50,-54
10,51,42
10,52,97
10,53,-54
10,54,-23
10,55,23
10,56,-26
10,57,2
10,58,36
10,59,-11
10,60,43
10,61,-32
10,62,-40
10,63,37
10,64,-51
10,65,-98
10,66,6
10,67,12
10,68,-7
10,69,17
10,70,97
10,71,-20
10,72,8
10,73,-50
10,74,46
10,75,69
10,76,-66
10,77,-55
10,78,53
10,79,-32
10,80,-8
10,81,-37
10,82,64
10,83,-52
10,84,48
10,85,-27
10,86,91
10,87,-96
10,88,-1
10,89,-31
10,90,-11
10,91,-97
10,92,25
10,93,-62
10,94,62
10,95,28
10,96,-77
10,97,-44
10,98,-1
10,99,-31
10,100,-60
10,101,81
10,102,73
10,103,-41
10,104,7
10,105,87
10,106,-44
10,107,-70
10,108,-17
10,109,51
10,110,-65
10,111,57
10,112,51
10,113,7
10,114,5
10,115,57
10,116,-15
10,117,34
10,118,62
10,119,82
10,120,-87
10,121,19
10,122,37
10,123,-21
10,124,43
10,125,81
10,126,5
10,127,-31
10,128,-57
10,129,-28
10,130,-56
10,131,83
10,132,6
10,133,-17
10,134,-19
10,135,6
10,136,84
10,137,-80
10,138,95
10,139,77
10,140,60
10,141,-94
10,142,-31
10,143,26
10,144,42
10,145,59
10,146,47
10,147,42
10,148,75
10,149,98
10,150,48
10,151,69
10,152,53
10,153,19
10,154,27
10,155,41
10,156,-44
10,157,64
10,158,-43
10,159,-80
10,160,-19
10,161,-32
10,162,30
10,163,-14
10,164,64
10,165,-52
10,166,46
10,167,14
10,168,-12
10,169,-16
10,170,27
10,171,39
10,172,88
10,173,68
10,174,60
10,175,77
10,176,16
10,177,95
10,178,26
10,179,-30
10,180,-15
10,181,-68
10,182,-20
10,183,51
10,184,-40
10,185,-40
10,186,-3
10,187,-73
10,188,85
10,189,-58
10,190,68
10,191,66
10,192,-15
10,193,76
10,194,-84
10,195,-3
10,196,97
10,197,97
10,198,-3
10,199,-36
10,200,-27
10,201,-16
10,202,-96
10,203,-99
10,204,-79
10,205,11
10,206,-44
10,207,-35
10,208,-27
10,209,-3
10,210,43
10,211,11
10,212,78
10,213,24
10,214,66
10,215,-15
10,216,-25
10,217,-13
10,218,67
10,219,-63
10,220,87
10,221,-42
10,222,37
10,223,-2
10,224,91
10,225,-38
10,226,-52
10,227,91
10,228,-69
10,229,34
10,230,-80
10,231,-81
10,232,53
10,233,26
10,234,-33
10,235,9
10,236,15
10,237,42
10,238,19
10,239,-22
10,240,15
10,241,-9
10,242,-87
10,243,54
10,244,24
10,245,67
10,246,-43
10,247,-73
10,248,-75
10,249,12
10,250,90
10,251,-35
10,252,52
10,253,30
10,254,99
10,255,-57
10,256,-4
10,257,-59
10,258,-95
10,259,66
10,260,79
10,261,-78
10,262,-12
10,263,22
10,264,77
10,265,70
10,266,46
10,267,96
10,268,-50
10,269,-90
10,270,-89
10,271,-27
10,272,-93
10,273,51
10,274,-60
10,275,63
10,276,-16
10,277,-29
10,278,-46
10,279,36
10,280,-54
10,281,42
10,282,75
10,283,3
10,284,-59
10,285,-41
10,286,97
10,287,-89
10,288,29
10,289,-94
10,290,-21
10,291,30
10,292,8
10,293,-98
10,294,-74
10,295,13
10,296,6
10,297,-61
10,298,60
10,299,28
11,0,-93
11,1,0
11,2,59
11,3,23
11,4,75
11,5,6
11,6,0
11,7,-97
11,8,97
11,9,9
11,10,-82
11,11,-69
11,12,36
11,13,-89
11,14,38
11,15,-55
11,16,18
11,17,-85
11,18,28
11,19,-38
11,20,8
11,21,18
11,22,-80
11,23,57
11,24,-88
11,25,61
11,26,-97
11,27,55
11,28,1
11,29,-42
11,30,27
11,31,-74
11,32,-32
11,33,-76
11,34,30
11,35,-4
11,36,95
11,37,-76
11,38,47
11,39,61
11,40,53
11,41,25
11,42,32
11,43,88
11,44,-92
11,45,15
11,46,77
11,47,33
11,48,-41
11,49,71
11,50,20
11,51,38
11,52,93
11,53,74
11,54,7
11,55,7
11,56,30
11,57,-25
11,58,-71
11,59,-80
11,60,55
11,61,89
11,62,60
11,63,62
11,64,79
11,65,-67
11,66,-60
11,67,-50
11,68,74
11,69,-19
11,70,-43
11,71,-26
11,72,84
11,73,-78
11,74,75
11,75,27
11,76,49
11,77,-84
11,78,-32
11,79,7
11,80,38
11,81,-7
11,82,-86
11,83,-10
11,84,62
11,85,-68
11,86,24
11,87,-85
11,88,61
11,89,-35
11,90,67
11,91,55
11,92,-54
11,93,66
11,94,97
11,95,47
11,96,23
11,97,-100
11,98,99
11,99,-14
11,100,27
11,101,90
11,102,-34
11,103,-97
11,104,85
11,105,52
11,106,-54
11,107,-63
11,108,42
11,109,90
11,110,-80
11,111,-44
11,112,16
11,113,80
11,114,-55
11,115,41
11,116,44
11,117,-62
11,118,36
11,119,-2
11,120,-24
11,121,14
11,122,33
11,123,50
11,124,86
11,125,-10
11,126,-3
11,127,19
11,128,-55
11,129,-63
11,130,41
11,131,-1
11,132,-29
11,133,89
11,134,-66
11,135,46
11,136,-71
11,137,-23
11,138,-17
11,139,12
11,140,-76
11,141,67
11,142,-13
11,143,-87
11,144,53
11,145,1
11,146,49
11,147,75
11,148,-18
11,149,9
11,150,78
11,151,30
11,152,69
11,153,-82
11,154,-73
11,155,72
11,156,-30
11,157,-38
11,158,-28
11,159,23
11,160,18
11,161,20
11,162,-82
11,163,74
11,164,41
11,165,19
11,166,65
11,167,80
11,168,-40
11,169,63
11,170,67
11,171,-71
11,172,-92
11,173,-37
11,174,60
11,175,19
11,176,-49
11,177,-12
11,178,41
11,179,-48
11,180,86
11,181,-23
11,182,-60
11,183,95
11,184,-33
11,185,-93
11,186,-99
11,187,4
11,188,24
11,189,9
11,190,-15
11,191,68
11,192,19
11,193,26
11,194,82
11,195,-85
11,196,-39
11,197,12
11,198,75
11,199,57
11,200,-89
11,201,-66
11,202,-90
11,203,-37
11,204,-51
11,205,48
11,206,-32
11,207,-53
11,208,-81
11,209,0
11,210,94
11,211,71
11,212,60
11,213,88
11,214,36
11,215,-33
11,216,-66
11,217,-36
11,218,-93
11,219,-56
11,220,-14
11,221,74
11,222,67
11,223,-25
11,224,81
11,225,-25
11,226,73
11,227,-54
11,228,-86
11,229,4
11,230,46
11,231,-75
11,232,-49
11,233,-8
11,234,49
11,235,-80
11,236,-50
11,237,-63
11,238,-81
11,239,56
11,240,78
11,241,31
11,242,-46
11,243,98
11,244,-9
11,245,-73
11,246,-97
11,247,49
11,248,-25
11,249,72
11,250,-34
11,251,-15
11,252,93
11,253,61
11,254,-10
11,255,82
11,256,4
11,257,-100
11,258,-29
11,259,-14
11,260,65
11,261,-95
11,262,52
11,263,44
11,264,-40
11,265,-89
11,266,-95
11,267,-74
11,268,35
11,269,23
11,270,5
11,271,92
11,272,84
11,273,-8
11,274,8
11,275,-2
11,276,67
11,277,41
11,278,-66
11,279,75
11,280,-17
11,281,-45
11,282,76
11,283,40
11,284,88
11,285,-52
11,286,-55
11,287,12
11,288,89
11,289,35
11,290,-58
11,291,47
11,292,23
11,293,-4
11,294,-11
11,295,-62
11,296,-16
11,297,76
11,298,91
11,299,-39
12,0,5
12,1,6
12,2,-47
12,3,25
12,4,-92
12,5,-13
12,6,-64
12,7,-52
12,8,-60
12,9,-84
12,10,-13
12,11,-80
12,12,-50
12,13,-42
12,14,66
12,15,82
12,16,-60
12,17,-62
12,18,40
12,19,91
12,20,-90
12,21,46
12,22,38
12,23,-24
12,24,26
12,25,-55
12,26,-56
12,27,-100
12,28,67
12,29,7
12,30,-82
12,31,-25
12,32,-29
12,33,99
12,34,88
12,35,8
12,36,-89
12,37,88
12,38,60
12,39,-56
12,40,-11
12,41,2
12,42,96
12,43,-93
12,44,52
12,45,-10
12,46,73
12,47,-14
12,48,57
12,49,74
12,50,76
12,51,74
12,52,-17
12,53,-19
12,54,45
12,55,93
12,56,-33
12,57,60
12,58,26
12,59,63
12,60,-19
12,61,46
12,62,55
12,63,67
12,64,-17
12,65,12
12,66,-25
12,67,21
12,68,42
12,69,-60
12,70,66
12,71,-99
12,72,90
12,73,-72
12,74,4
12,75,93
12,76,-50
12,77,-26
12,78,-91
12,79,41
12,80,-50
12,81,17
12,82,20
12,83,-62
12,84,-73
12,85,-98
12,86,-17
12,87,97
12,88,54
12,89,16
12,90,-99
12,91,-8
12,92,65
12,93,30
12,94,43
12,95,-7
12,96,-61
12,97,-99
12,98,-20
12,99,68
12,100,-89
12,101,62
12,102,-36
12,103,-46
12,104,-56
12,105,0
12,106,-39
12,107,-52
12,108,26
12,109,52
12,110,-78
12,111,51
12,112,-63
12,113,-73
12,114,-80
12,115,81
12,116,6
12,117,45
12,118,63
12,119,-2
12,120,72
12,121,18
12,122,-28
12,123,80
12,124,21
12,125,-71
12,126,87
12,127,7
12,128,-3
12,129,-69
12,130,94
12,131,94
12,132,55
12,133,71
12,134,-22
12,135,-60
12,136,-38
12,137,-78
12,138,3
12,139,-26
12,140,-53
12,141,59
12,142,-44
12,143,17
12,144,-1
12,145,23
12,146,60
12,147,51
12,148,66
12,149,-67
12,150,83
12,151,55
12,152,64
12,153,-94
12,154,95
12,155,64
12,156,-45
12,157,-36
12,158,92
12,159,-54
12,160,47
12,161,-82
12,162,56
12,163,87
12,164,45
12,165,62
12,166,70
12,167,25
12,168,38
12,169,-52
12,170,12
12,171,-63
12,172,-37
12,173,-32
12,174,35
12,175,61
12,176,75
12,177,15
12,178,83
12,179,-36
12,180,-70
12,181,31
12,182,12
12,183,8
12,184,77
12,185,-32
12,186,57
12,187,19
12,188,-13
12,189,86
12,190,-34
12,191,-26
12,192,-56
12,193,-97
12,194,53
12,195,54
12,196,73
12,197,6
12,198,91
12,199,-50
12,200,-51
12,201,-95
12,202,-42
12,203,24
12,204,42
12,205,-71
12,206,69
12,207,21
12,208,24
12,209,-64
12,210,69
12,211,23
12,212,0
12,213,-66
12,214,-14
12,215,33
12,216,95
12,217,-83
12,218,12
12,219,-72
12,220,-24
12,221,-42
12,222,74
12,223,25
12,224,44
12,225,8
12,226,-79
12,227,-33
12,228,-32
12,229,64
12,230,-52
12,231,40
12,232,61
12,233,8
12,234,-15
12,235,-48
12,236,22
12,237,-14
12,238,78
12,239,30
12,240,-59
12,241,-3
12,242,59
12,243,8
12,244,-50
12,245,-16
12,246,73
12,247,26
12,248,-80
12,249,-57
12,250,38
12,251,2
12,252,-33
12,253,28
12,254,-9
12,255,90
12,256,-77
12,257,24
12,258,40
12,259,10
12,260,-3
12,261,38
12,262,78
12,263,-84
12,264,-2
12,265,-19
12,266,3
12,267,51
12,268,-82
12,269,64
12,270,-16
12,271,-93
12,272,-73
12,273,-96
12,274,44
12,275,0
12,276,63
12,277,17
12,278,46
12,279,-37
12,280,-10
12,281,16
12,282,-3
12,283,-90
12,284,-47
12,285,72
12,286,-54
12,287,39
12,288,48
12,289,38
12,290,-96
12,291,83
12,292,-81
12,293,68
12,294,-55
12,295,-89
12,296,-31
12,297,-84
12,298,14
12,299,46
13,0,53
13,1,-53
13,2,7
13,3,-49
13,4,-5
13,5,-31
13,6,82
13,7,1
13,8,-26
13,9,60
13,10,89
13,11,50
13,12,42
13,13,54
13,14,91
13,15,78
13,16,80
13,17,-19
13,18,-9
13,19,78
13,20,74
13,21,-97
13,22,34
13,23,8
13,24,62
13,25,-53
13,26,-28
13,27,-29
13,28,15
13,29,72
13,30,-20
13,31,-20
13,32,12
13,33,-5
13,34,-29
13,35,46
13,36,-38
13,37,-63
13,38,-34
13,39,86
13,40,-32
13,41,-88
13,42,74
13,43,88
13,44,-70
13,45,13
13,46,-79
13,47,-8
13,48,70
13,49,-34
13,50,-47
13,51,37
13,52,-59
13,53,-37
13,54,25
13,55,-80
13,56,93
13,57,68
13,58,51
13,59,-66
13,60,83
13,61,-71
13,62,-44
13,63,-54
13,64,62
13,65,-82
13,66,13
13,67,-93
13,68,-75
13,69,12
13,70,-30
13,71,-71
13,72,34
13,73,-34
13,74,-36
13,75,-65
13,76,-76
13,77,-64
13,78,-100
13,79,42
13,80,-64
13,81,40
13,82,35
13,83,32
13,84,87
13,85,27
13,86,26
13,87,-100
13,88,63
13,89,-66
13,90,93
13,91,90
13,92,3
13,93,-78
13,94,-92
13,95,-67
13,96,73
13,97,27
13,98,-97
13,99,57
13,100,1
13,101,-26
13,102,-2
13,103,-29
13,104,-98
13,105,41
13,106,87
13,107,72
13,108,-67
13,109,-56
13,110,-40
13,111,-18
13,112,22
13,113,1
13,114,-85
13,115,-35
13,116,67
13,117,44
13,118,18
13,119,61
13,120,23
13,121,43
13,122,1
13,123,87
13,124,-35
13,125,93
13,126,-88
13,127,83
13,128,10
13,129,58
13,130,-67
13,131,-62
13,132,94
13,133,35
13,134,19
13,135,25
13,136,-46
13,137,-74
13,138,17
13,139,-48
13,140,-62
13,141,-36
13,142,44
13,143,57
13,144,80
13,145,-88
13,146,-80
13,147,46
13,148,-48
13,149,-82
13,150,-44
13,151,-76
13,152,-70
13,153,-20
13,154,82
13,155,-78
13,156,-69
13,157,89
13,158,-27
13,159,-91
13,160,99
13,161,-47
13,162,-49
13,163,47
13,164,59
13,165,13
13,166,-87
13,167,77
13,168,55
13,169,9
13,170,-48
13,171,51
13,172,-22
13,173,-79
13,174,-71
13,175,90
13,176,-97
13,177,-42
13,178,-93
13,179,-89
13,180,18
13,181,58
13,182,-67
13,183,-19
13,184,-3
13,185,26
13,186,-26
13,187,4
13,188,-52
13,189,-22
13,190,84
13,191,-8
13,192,53
13,193,-83
13,194,-5
13,195,-63
13,196,-14
13,197,-13
13,198,-51
13,199,-93
13,200,68
13,201,33
13,202,-32
13,203,71
13,204,20
13,205,-37
13,206,56
13,207,55
13,208,38
13,209,20
13,210,-36
13,211,6
13,212,46
13,213,36
13,214,54
13,215,61
13,216,71
13,217,95
13,218,-1
13,219,-19
13,220,42
13,221,-50
13,222,40
13,223,-18
13,224,76
13,225,97
13,226,11
13,227,-45
13,228,78
13,229,64
13,230,44
13,231,85
13,232,56
13,233,60
13,234,-41
13,235,19
13,236,82
13,237,37
13,238,74
13,239,-78
13,240,48
13,241,-88
13,242,0
13,243,60
13,244,-77
13,245,7
13,246,-90
13,247,-84
13,248,95
13,249,74
13,250,-76
13,251,-7
13,252,-80
13,253,-17
13,254,39
13,255,-64
13,256,-59
13,257,44
13,258,0
13,259,-53
13,260,2
13,261,-73
13,262,-60
13,263,-2
13,264,-54
13,265,45
13,266,4
13,267,23
13,268,98
13,269,-88
13,270,40
13,271,-1
13,272,-70
13,273,29
13,274,-85
13,275,36
13,276,-28
13,277,65
13,278,-47
13,279,83
13,280,-1
13,281,8
13,282,-14
13,283,72
13,284,61
13,285,36
13,286,-93
13,287,-94
13,288,-65
13,289,-83
13,290,-98
13,291,-73
13,292,-31
13,293,71
13,294,48
13,295,-73
13,296,-47
13,297,81
13,298,-36
13,299,-1
14,0,-80
14,1,-88
14,2,-44
14,3,-52
14,4,17
14,5,-47
14,6,37
14,7,-48
14,8,-57
14,9,-54
14,10,-48
14,11,-27
14,12,-55
14,13,-88
14,14,64
14,15,1
14,16,-77
14,17,-99
14,18,-20
14,19,-1
14,20,41
14,21,37
14,22,62
14,23,52
14,24,30
14,25,10
14,26,1
14,27,-84
14,28,-89
14,29,81
14,30,15
14,31,-77
14,32,-72
14,33,70
14,34,52
14,35,21
14,36,87
14,37,-11
14,38,-36
14,39,-17
14,40,18
14,41,55
14,42,-85
14,43,74
14,44,3
14,45,-9
14,46,85
14,47,-74
14,48,80
14,49,69
14,50,86
14,51,74
14,52,61
14,53,64
14,54,33
14,55,34
14,56,52
14,57,-68
14,58,-46
14,59,85
14,60,-94
14,61,-44
14,62,25
14,63,-89
14,64,-85
14,65,-58
14,66,16
14,67,34
14,68,10
14,69,-50
14,70,59
14,71,-26
14,72,-93
14,73,99
14,74,-56
14,75,-42
14,76,31
14,77,3
14,78,94
14,79,56
14,80,56
14,81,-3
14,82,55
14,83,-22
14,84,23
14,85,71
14,86,-97
14,87,-11
14,88,3
14,89,36
14,90,18
14,91,32
14,92,-45
14,93,-5
14,94,77
14,95,-26
14,96,42
14,97,-69
14,98,-73
14,99,-79
14,100,-84
14,101,-42
14,102,-11
14,103,98
14,104,5
14,105,84
14,106,-75
14,107,-76
14,108,37
14,109,-56
14,110,-18
14,111,-90
14,112,80
14,113,99
14,114,3
14,115,-33
14,116,-6
14,117,55
14,118,-36
14,119,-52
14,120,74
14,121,-49
14,122,1
14,123,81
14,124,87
14,125,-44
14,126,-54
14,127,58
14,128,73
14,129,-75
14,130,13
14,131,-96
14,132,-17
14,133,-49
14,134,4
14,135,-47
14,136,60
14,137,77
14,138,65
14,139,54
14,140,-86
14,141,-40
14,142,21
14,143,-80
14,144,-55
14,145,96
14,146,33
14,147,-63
14,148,-39
14,149,-15
14,150,89
14,151,-23
14,152,-55
14,153,40
14,154,-98
14,155,-95
14,156,-8
14,157,-93
14,158,71
14,159,7
14,160,60
14,161,-26
14,162,-24
14,163,-51
14,164,-90
14,165,-6
14,166,55
14,167,-31
14,168,68
14,169,-85
14,170,-33
14,171,-2
14,172,-53
14,173,83
14,174,-37
14,175,86
14,176,-11
14,177,89
14,178,-25
14,179,38
14,180,0
14,181,-12
14,182,-83
14,183,-82
14,184,-46
14,185,1
14,186,17
14,187,53
14,188,33
14,189,-97
14,190,7
14,191,14
14,192,-72
14,193,-42
14,194,24
14,195,-3
14,196,-84
14,197,6
14,198,-58
14,199,-21
14,200,93
14,201,61
14,202,-93
14,203,40
14,204,5
14,205,-93
14,206,-5
14,207,-7
14,208,-36
14,209,70
14,210,-62
14,211,-20
14,212,86
14,213,-17
14,214,-13
14,215,-15
14,216,-8
14,217,-15
14,218,-57
14,219,36
14,220,64
14,221,-27
14,222,-65
14,223,0
14,224,55
14,225,69
14,226,70
14,227,69
14,228,3
14,229,-35
14,230,-46
14,231,99
14,232,75
14,233,-10
14,234,-79
14,235,0
14,236,54
14,237,20
14,238,-8
14,239,94
14,240,7
14,241,40
14,242,72
14,243,-91
14,244,-92
14,245,81
14,246,54
14,247,-67
14,248,28
14,249,59
14,250,-12
14,251,-8
14,252,-30
14,253,-34
14,254,47
14,255,16
14,256,-7
14,257,62
14,258,-2
14,259,12
14,260,2
14,261,-10
14,262,-11
14,263,-84
14,264,-83
14,265,72
14,266,15
14,267,-8
14,268,80
14,269,-10
14,270,-19
14,271,-33
14,272,92
14,273,13
14,274,-100
14,275,-43
14,276,53
14,277,8
14,278,47
14,279,15
14,280,-14
14,281,-91
14,282,-42
14,283,-60
14,284,4
14,285,32
14,286,21
14,287,92
14,288,44
14,289,-79
14,290,-3
14,291,68
14,292,-33
14,293,96
14,294,38
14,295,-45
14,296,78
14,297,48
14,298,-2
14,299,-25
15,0,-75
15,1,14
15,2,46
15,3,8
15,4,87
15,5,98
15,6,-54
15,7,-30
15,8,53
15,9,-61
15,10,32
15,11,48
15,12,31
15,13,-78
15,14,5
15,15,-17
15,16,42
15,17,15
15,18,8
15,19,35
15,20,-60
15,21,11
15,22,46
15,23,11
15,24,2
15,25,-55
15,26,55
15,27,-33
15,28,21
15,29,-86
15,30,64
15,31,28
15,32,94
15,33,10
15,34,-77
15,35,-74
15,36,-61
15,37,90
15,38,88
15,39,63
15,40,-77
15,41,-77
15,42,-97
15,43,-34
15,44,-67
15,45,84
15,46,76
15,47,80
15,48,15
15,49,-78
15,50,8
15,51,-32
15,52,-6
15,53,80
15,54,-39
15,55,68
15,56,-44
15,57,87
15,58,-47
15,59,-31
15,60,0
15,61,-44
15,62,37
15,63,67
15,64,34
15,65,2
15,66,65
15,67,-16
15,68,-40
15,69,-98
15,70,27
15,71,78
15,72,-15
15,73,-54
15,74,95
15,75,-25
15,76,-63
15,77,63
15,78,68
15,79,96
15,80,40
15,81,-14
15,82,-43
15,83,-51
15,84,-71
15,85,89
15,86,0
15,87,-76
15,88,11
15,89,54
15,90,78
15,91,84
15,92,25
15,93,22
15,94,-54
15,95,17
15,96,-62
15,97,-85
15,98,-79
15,99,-47
15,100,48
15,101,99
15,102,-85
15,103,-42
15,104,-70
15,105,69
15,106,-69
15,107,86
15,108,61
15,109,-92
15,110,38
15,111,-91
15,112,-84
15,113,-33
15,114,-53
15,115,79
15,116,10
15,117,52
15,118,22
15,119,48
15,120,0
15,121,1
15,122,-36
15,123,90
15,124,-50
15,125,-65
15,126,-20
15,127,26
15,128,-13
15,129,93
15,130,3
15,131,-86
15,132,-5
15,133,66
15,134,22
15,135,97
15,136,-100
15,137,50
15,138,21
15,139,66
15,140,25
15,141,-44
15,142,-20
15,143,61
15,144,68
15,145,-28
15,146,40
15,147,-31
15,148,-95
15,149,-17
15,150,-49
15,151,-98
15,152,-20
15,153,-38
15,154,-52
15,155,-25
15,156,11
15,157,74
15,158,8
15,159,82
15,160,91
15,161,-36
15,162,-20
15,163,94
15,164,-86
15,165,-1
15,166,-69
15,167,-5
15,168,27
15,169,95
15,170,45
15,171,12
15,172,-18
15,173,-58
15,174,15
15,175,62
15,176,-23
15,177,-43
15,178,-68
15,179,-87
15,180,61
15,181,88
15,182,31
15,183,-42
15,184,56
15,185,-18
15,186,33
15,187,20
15,188,76
15,189,67
15,190,-18
15,191,92
15,192,96
15,193,-74
15,194,-21
15,195,33
15,196,-88
15,197,-37
15,198,89
15,199,46
15,200,-21
15,201,22
15,202,-58
15,203,-12
15,204,47
15,205,-6
15,206,95
15,207,71
15,208,50
15,209,-99
15,210,19
15,211,-79
15,212,14
15,213,-44
15,214,-29
15,215,-94
15,216,83
15,217,18
15,218,94
15,219,13
15,220,-85
15,221,-18
15,222,78
15,223,-29
15,224,23
15,225,12
15,226,-89
15,227,25
15,228,-48
15,229,-26
15,230,32
15,231,-74
15,232,39
15,233,44
15,234,33
15,235,-4
15,236,-96
15,237,-44
15,238,55
15,239,-23
15,240,-32
15,241,17
15,242,19
15,243,-42
15,244,-68
15,245,-39
15,246,-51
15,247,11
15,248,-82
15,249,96
15,250,22
15,251,93
15,252,-54
15,253,66
15,254,95
15,255,-68
15,256,40
15,257,-17
15,258,81
15,259,34
15,260,-22
15,261,-87
15,262,46
15,263,27
15,264,-47
15,265,47
15,266,-72
15,267,-77
15,268,-19
15,269,-38
15,270,4
15,271,-44
15,272,35
15,273,-39
15,274,56
15,275,-84
15,276,-35
15,277,-95
15,278,-43
15,279,-32
15,280,55
15,281,-39
15,282,68
15,283,96
15,284,-19
15,285,68
15,286,76
15,287,76
15,288,-30
15,289,30
15,290,-91
15,291,-3
15,292,-12
15,293,-66
15,294,-99
15,295,23
15,296,-77
15,297,-27
15,298,65
15,299,-79
16,0,53
16,1,70
16,2,82
16,3,-62
16,4,56
16,5,-81
16,6,-60
16,7,81
16,8,47
16,9,7
16,10,46
16,11,-17
16,12,10
16,13,-35
16,14,57
16,15,-48
16,16,-67
16,17,49
16,18,-34
16,19,33
16,20,-74
16,21,-91
16,22,-28
16,23,-5
16,24,-53
16,25,-31
16,26,86
16,27,-1
16,28,-42
16,29,-99
16,30,56
16,31,95
16,32,-36
16,33,-18
16,34,53
16,35,-91
16,36,-48
16,37,-22
16,38,-42
16,39,49
16,40,78
16,41,-53
16,42,48
16,43,22
16,44,-79
16,45,-1
16,46,-3
16,47,57
16,48,-76
16,49,-73
16,50,92
16,51,12
16,52,-56
16,53,-33
16,54,-94
16,55,-52
16,56,36
16,57,63
16,58,-18
16,59,28
16,60,37
16,61,63
16,62,-28
16,63,-55
16,64,5
16,65,59
16,66,-69
16,67,-95
16,68,75
16,69,65
16,70,44
16,71,-27
16,72,13
16,73,-74
16,74,-47
16,75,77
16,76,62
16,77,-16
16,78,26
16,79,52
16,80,55
16,81,10
16,82,-86
16,83,31
16,84,-8
16,85,22
16,86,-28
16,87,54
16,88,53
16,89,46
16,90,-9
16,91,-84
16,92,-58
16,93,20
16,94,-60
16,95,69
16,96,77
16,97,67
16,98,-62
16,99,12
16,100,50
16,101,10
16,102,79
16,103,-54
16,104,-38
16,105,9
16,106,-32
16,107,-58
16,108,75
16,109,-67
16,110,-61
16,111,-40
16,112,77
16,113,94
16,114,-39
16,115,-43
16,116,60
16,117,-26
16,118,-85
16,119,-19
16,120,-7
16,121,-53
16,122,37
16,123,-19
16,124,-63
16,125,26
16,126,-82
16,127,63
16,128,86
16,129,-38
16,130,-24
16,131,73
16,132,30
16,133,1
16,134,-36
16,135,19
16,136,-10
16,137,-93
16,138,78
16,139,-28
16,140,33
16,141,6
16,142,-12
16,143,-62
16,144,12
16,145,87
16,146,-73
16,147,-4
16,148,81
16,149,-64
16,150,36
16,151,-19
16,152,-45
16,153,86
16,154,-16
16,155,-99
16,156,88
16,157,-43
16,158,6
16,159,22
16,160,87
16,161,67
16,162,63
16,163,13
16,164,6
16,165,-64
16,166,-22
16,167,-9
16,168,-83
16,169,-3
16,170,-38
16,171,49
16,172,38
16,173,85
16,174,84
16,175,-97
16,176,34
16,177,-40
16,178,6
16,179,-47
16,180,-13
16,181,-33
16,182,28
16,183,-46
16,184,-98
16,185,65
16,186,20
16,187,28
16,188,1
16,189,-63
16,190,-16
16,191,56
16,192,32
16,193,-9
16,194,-80
16,195,98
16,196,94
16,197,8
16,198,-54
16,199,-17
16,200,-18
16,201,-66
16,202,95
16,203,-32
16,204,28
16,205,95
16,206,39
16,207,87
16,208,-74
16,209,-45
16,210,-78
16,211,52
16,212,-80
16,213,-40
16,214,-38
16,215,21
16,216,-49
16,217,-13
16,218,52
16,219,-46
16,220,-55
16,221,-69
16,222,-46
16,223,-5
16,224,32
16,225,-65
16,226,9
16,227,76
16,228,5
16,229,-43
16,230,-62
16,231,-21
16,232,-4
16,233,12
16,234,-40
16,235,36
16,236,-95
16,237,8
16,238,-66
16,239,-62
16,240,49
16,241,68
16,242,17
16,243,-96
16,244,69
16,245,-14
16,246,-25
16,247,94
16,248,57
16,249,-44
16,250,26
16,251,-72
16,252,64
16,253,-14
16,254,40
16,255,59
16,256,-55
16,257,15
16,258,11
16,259,50
16,260,-56
16,261,44
16,262,3
16,263,-16
16,264,93
16,265,33
16,266,7
16,267,-83
16,268,-7
16,269,49
16,270,-68
16,271,57
16,272,25
16,273,59
16,274,69
16,275,21
16,276,37
16,277,14
16,278,63
16,279,61
16,280,-73
16,281,-90
16,282,66
16,283,-54
16,284,26
16,285,46
16,286,17
16,287,42
16,288,25
16,289,55
16,290,51
16,291,-29
16,292,6
16,293,36
16,294,74
16,295,-68
16,296,89
16,297,-82
16,298,94
16,299,-27
17,0,67
17,1,74
17,2,92
17,3,56
17,4,77
17,5,-3
17,6,40
17,7,28
17,8,61
17,9,-8
17,10,75
17,11,-53
17,12,76
17,13,-37
17,14,-40
17,15,56
17,16,-62
17,17,27
17,18,-13
17,19,-75
17,20,-84
17,21,-30
17,22,-88
17,23,-32
17,24,-75
17,25,-52
17,26,94
17,27,-94
17,28,-43
17,29,-52
17,30,2
17,31,-48
17,32,92
17,33,-39
17,34,-84
17,35,70
17,36,-76
17,37,30
17,38,-72
17,39,16
17,40,59
17,41,-75
17,42,23
17,43,43
17,44,-76
17,45,-47
17,46,55
17,47,-28
17,48,19
17,49,-45
17,50,-36
17,51,-8
17,52,-15
17,53,-21
17,54,68
17,55,7
17,56,78
17,57,17
17,58,98
17,59,56
17,60,-18
17,61,46
17,62,93
17,63,68
17,64,72
17,65,-86
17,66,30
17,67,38
17,68,80
17,69,73
17,70,-71
17,71,-44
17,72,45
17,73,78
17,74,27
17,75,-53
17,76,93
17,77,35
17,78,-79
17,79,-95
17,80,84
17,81,3
17,82,-65
17,83,-22
17,84,15
17,85,-44
17,86,-52
17,87,72
17,88,-19
17,89,-35
17,90,-24
17,91,-56
17,92,-22
17,93,-81
17,94,91
17,95,22
17,96,-34
17,97,-18
17,98,-98
17,99,81
17,100,-37
17,101,-61
17,102,-42
17,103,82
17,104,-39
17,105,31
17,106,-41
17,107,15
17,108,-26
17,109,21
17,110,6
17,111,-5
17,112,-10
17,113,57
17,114,29
17,115,-39
17,116,-52
17,117,36
17,118,-9
17,119,58
17,120,23
17,121,-40
17,122,-53
17,123,52
17,124,63
17,125,35
17,126,-43
17,127,0
17,128,11
17,129,72
17,130,-39
17,131,-62
17,132,-43
17,133,-2
17,134,91
17,135,-57
17,136,-72
17,137,-42
17,138,-30
17,139,-9
17,140,-92
17,141,26
17,142,33
17,143,56
17,144,85
17,145,44
17,146,43
17,147,30
17,148,-80
17,149,-37
17,150,-11
17,151,-65
17,152,-39
17,153,69
17,154,-25
17,155,69
17,156,88
17,157,-88
17,158,-90
17,159,-47
17,160,-85
17,161,-93
17,162,3
17,163,-42
17,164,-44
17,165,-61
17,166,86
17,167,29
17,168,-7
17,169,37
17,170,-57
17,171,38
17,172,-21
17,173,-20
17,174,-99
17,175,77
17,176,39
17,177,14
17,178,-11
17,179,-78
17,180,45
17,181,-39
17,182,12
17,183,27
17,184,-39
17,185,-63
17,186,94
17,187,65
17,188,94
17,189,-40
17,190,28
17,191,72
17,192,55
17,193,48
17,194,21
17,195,9
17,196,-88
17,197,54
17,198,-1
17,199,34
17,200,-79
17,201,-27
17,202,80
17,203,31
17,204,-78
17,205,18
17,206,-31
17,207,-17
17,208,0
17,209,-17
17,210,60
17,211,-73
17,212,35
17,213,-100
17,214,64
17,215,-38
17,216,-79
17,217,-31
17,218,24
17,219,48
17,220,-5
17,221,62
17,222,-22
17,223,-96
17,224,-41
17,225,19
17,226,-55
17,227,77
17,228,75
17,229,33
17,230,-45
17,231,9
17,232,86
17,233,56
17,234,98
17,235,3
17,236,-24
17,237,45
17,238,-99
17,239,-93
17,240,-26
17,241,81
17,242,24
17,243,-63
17,244,75
17,245,-74
17,246,-81
17,247,39
17,248,-58
17,249,88
17,250,-70
17,251,-10
17,252,-40
17,253,94
17,254,8
17,255,-10
17,256,62
17,257,-6
17,258,42
17,259,43
17,260,-88
17,261,12
17,262,-66
17,263,86
17,264,48
17,265,81
17,266,57
17,267,-53
17,268,-66
17,269,-15
17,270,65
17,271,58
17,272,51
17,273,13
17,274,76
17,275,-1
17,276,59
17,277,82
17,278,85
17,279,-2
17,280,-98
17,281,96
17,282,-16
17,283,24
17,284,37
17,285,-18
17,286,-76
17,287,-33
17,288,-40
17,289,-72
17,290,26
17,291,-82
17,292,70
17,293,93
17,294,-27
17,295,-40
17,296,70
17,297,52
17,298,-81
17,299,-53
18,0,-14
18,1,51
18,2,38
18,3,9
18,4,82
18,5,-73
18,6,96
18,7,90
18,8,-42
18,9,32
18,10,-50
18,11,48
18,12,-89
18,13,-51
18,14,31
18,15,12
18,16,69
18,17,65
18,18,52
18,19,-87
18,20,-69
18,21,38
18,22,88
18,23,45
18,24,54
18,25,-46
18,26,81
18,27,19
18,28,-26
18,29,-80
18,30,71
18,31,32
18,32,-14
18,33,68
18,34,-42
18,35,-12
18,36,81
18,37,49
18,38,-18
18,39,-36
18,40,-37
18,41,-30
18,42,-97
18,43,92
18,44,42
18,45,3
18,46,49
18,47,74
18,48,-8
18,49,73
18,50,41
18,51,77
18,52,47
18,53,77
18,54,11
18,55,60
18,56,18
18,57,-42
18,58,-58
18,59,-89
18,60,-61
18,61,17
18,62,-81
18,63,65
18,64,30
18,65,55
18,66,83
18,67,-11
18,68,-7
18,69,-88
18,70,-35
18,71,-64
18,72,76
18,73,-35
18,74,-65
18,75,81
18,76,-75
18,77,-26
18,78,99
18,79,7
18,80,67
18,81,-58
18,82,49
18,83,47
18,84,-93
18,85,-72
18,86,-61
18,87,57
18,88,27
18,89,-17
18,90,15
18,91,82
18,92,43
18,93,73
18,94,-39
18,95,-94
18,96,-56
18,97,86
18,98,83
18,99,75
18,100,54
18,101,80
18,102,-13
18,103,-28
18,104,62
18,105,78
18,106,-64
18,107,18
18,108,-44
18,109,-93
18,110,-6
18,111,16
18,112,9
18,113,-81
18,114,23
18,115,-48
18,116,18
18,117,-89
18,118,76
18,119,-84
18,120,-37
18,121,-59
18,122,-7
18,123,56
18,124,46
18,125,-90
18,126,-3
18,127,77
18,128,-30
18,129,7
18,130,-43
18,131,-67
18,132,-81
18,133,-51
18,134,1
18,135,37
18,136,59
18,137,-49
18,138,-86
18,139,-17
18,140,30
18,141,-64
18,142,25
18,143,-61
18,144,-29
18,145,-61
18,146,-45
18,147,50
18,148,3
18,149,38
18,150,9
18,151,91
18,152,35
18,153,-8
18,154,-7
18,155,-45
18,156,-41
18,157,37
18,158,-62
18,159,-73
18,160,-52
18,161,63
18,162,24
18,163,-88
18,164,-65
18,165,0
18,166,-75
18,167,-15
18,168,-97
18,169,-19
18,170,91
18,171,65
18,172,26
18,173,-13
18,174,26
18,175,19
18,176,-79
18,177,29
18,178,-70
18,179,18
18,180,-90
18,181,-55
18,182,-5
18,183,89
18,184,96
18,185,91
18,186,-91
18,187,67
18,188,27
18,189,51
18,190,-2
18,191,71
18,192,11
18,193,-41
18,194,89
18,195,-14
18,196,44
18,197,-36
18,198,-44
18,199,82
18,200,5
18,201,80
18,202,83
18,203,-92
18,204,-79
18,205,40
18,206,-12
18,207,75
18,208,-83
18,209,14
18,210,67
18,211,44
18,212,42
18,213,5
18,214,-86
18,215,-38
18,216,66
18,217,-88
18,218,-20
18,219,-69
18,220,36
18,221,-61
18,222,47
18,223,-19
18,224,-24
18,225,90
18,226,-25
18,227,71
18,228,-63
18,229,87
18,230,-30
18,231,-53
18,232,-83
18,233,43
18,234,82
18,235,-62
18,236,95
18,237,86
18,238,-12
18,239,-39
18,240,40
18,241,8
18,242,-20
18,243,33
18,244,-24
18,245,87
18,246,-11
18,247,-87
18,248,-6
18,249,-47
18,250,31
18,251,-62
18,252,-29
18,253,-76
18,254,-24
18,255,59
18,256,86
18,257,90
18,258,65
18,259,19
18,260,-48
18,261,94
18,262,55
18,263,30
18,264,49
18,265,-5
18,266,65
18,267,99
18,268,-29
18,269,-39
18,270,84
18,271,-95
18,272,-69
18,273,-2
18,274,37
18,275,30
18,276,86
18,277,-25
18,278,76
18,279,-42
18,280,-70
18,281,-8
18,282,-32
18,283,89
18,284,-49
18,285,-12
18,286,26
18,287,68
18,288,-70
18,289,-17
18,290,26
18,291,49
18,292,31
18,293,-88
18,294,-56
18,295,26
18,296,69
18,297,13
18,298,76
18,299,-81
19,0,-20
19,1,81
19,2,63
19,3,28
19,4,42
19,5,-84
19,6,51
19,7,-43
19,8,-29
19,9,8
19,10,-78
19,11,73
19,12,-29
19,13,-93
19,14,-42
19,15,10
19,16,86
19,17,-88
19,18,66
19,19,55
19,20,88
19,21,-85
19,22,18
19,23,-99
19,24,44
19,25,-71
19,26,2
19,27,-88
19,28,-5
19,29,-7
19,30,-19
19,31,-88
19,32,70
19,33,-7
19,34,48
19,35,11
19,36,-46
19,37,-20
19,38,67
19,39,15
19,40,42
19,41,79
19,42,7
19,43,-48
19,44,27
19,45,79
19,46,57
19,47,60
19,48,-44
19,49,-49
19,50,36
19,51,81
19,52,10
19,53,-100
19,54,-57
19,55,-26
19,56,-3
19,57,-92
19,58,-69
19,59,-86
19,60,39
19,61,84
19,62,35
19,63,-29
19,64,54
19,65,89
19,66,-89
19,67,-36
19,68,6
19,69,-59
19,70,89
19,71,14
19,72,38
19,73,2
19,74,70
19,75,-6
19,76,-84
19,77,59
19,78,-16
19,79,67
19,80,50
19,81,-45
19,82,33
19,83,-15
19,84,77
19,85,1
19,86,64
19,87,91
19,88,-47
19,89,99
19,90,76
19,91,14
19,92,38
19,93,-13
19,94,-52
19,95,48
19,96,14
19,97,93
19,98,-38
19,99,3
19,100,-18
19,101,2
19,102,55
19,103,-84
19,104,-95
19,105,46
19,106,83
19,107,-73
19,108,93
19,109,-63
19,110,18
19,111,-64
19,112,14
19,113,-33
19,114,76
19,115,-58
19,116,63
19,117,-43
19,118,-88
19,119,-49
19,120,-43
19,121,-69
19,122,4
19,123,87
19,124,-18
19,125,85
19,126,-2
19,127,3
19,128,83
19,129,-73
19,130,28
19,131,69
19,132,-53
19,133,-61
19,134,-4
19,135,90
19,136,99
19,137,13
19,138,31
19,139,65
19,140,54
19,141,36
19,142,10
19,143,43
19,144,83
19,145,-25
19,146,-70
19,147,18
19,148,41
19,149,-76
19,150,-67
19,151,-34
19,152,51
19,153,17
19,154,-28
19,155,-75
19,156,47
19,157,91
19,158,3
19,159,-91
19,160,-34
19,161,51
19,162,-96
19,163,94
19,164,85
19,165,-74
19,166,12
19,167,-86
19,168,62
19,169,4
19,170,80
19,171,-57
19,172,-75
19,173,74
19,174,61
19,175,-6
19,176,77
19,177,-17
19,178,39
19,179,31
19,180,-14
19,181,75
19,182,82
19,183,11
19,184,28
19,185,-12
19,186,-35
19,187,57
19,188,30
19,189,21
19,190,48
19,191,-17
19,192,76
19,193,15
19,194,89
19,195,15
19,196,-63
19,197,42
19,198,9
19,199,79
19,200,-55
19,201,-76
19,202,-80
19,203,20
19,204,21
19,205,32
19,206,-31
19,207,12
19,208,6
19,209,11
19,210,7
19,211,-54
19,212,95
19,213,-10
19,214,-83
19,215,48
19,216,3
19,217,50
19,218,91
19,219,94
19,220,-61
19,221,37
19,222,-12
19,223,79
19,224,99
19,225,-40
19,226,91
19,227,-96
19,228,21
19,229,80
19,230,-46
19,231,-64
19,232,-45
19,233,86
19,234,1
19,235,-8
19,236,96
19,237,-28
19,238,-42
19,239,-99
19,240,92
19,241,3
19,242,87
19,243,-50
19,244,-71
19,245,-90
19,246,7
19,247,-25
19,248,66
19,249,-11
19,250,22
19,251,99
19,252,90
19,253,91
19,254,88
19,255,24
19,256,81
19,257,21
19,258,-7
19,259,2
19,260,85
19,261,83
19,262,61
19,263,-70
19,264,-49
19,265,-12
19,266,-25
19,267,28
19,268,82
19,269,-79
19,270,-61
19,271,0
19,272,10
19,273,28
19,274,-36
19,275,90
19,276,81
19,277,69
19,278,48
19,279,-22
19,280,-79
19,281,65
19,282,-2
19,283,-93
19,284,89
19,285,74
19,286,-84
19,287,-84
19,288,-11
19,289,40
19,290,44
19,291,65
19,292,-20
19,293,-23
19,294,72
19,295,-95
19,296,62
19,297,9
19,298,-87
19,299,-29
20,0,88
20,1,42
20,2,-47
20,3,-74
20,4,-88
20,5,58
20,6,62
20,7,-41
20,8,-95
20,9,96
20,10,-43
20,11,-52
20,12,50
20,13,61
20,14,-75
20,15,-54
20,16,-96
20,17,-81
20,18,33
20,19,97
20,20,-42
20,21,91
20,22,45
20,23,31
20,24,-84
20,25,-87
20,26,-88
20,27,34
20,28,27
20,29,-57
20,30,18
20,31,42
20,32,-82
20,33,-38
20,34,62
20,35,-20
20,36,62
20,37,46
20,38,47
20,39,-1
20,40,62
20,41,59
20,42,21
20,43,75
20,44,-57
20,45,3
20,46,51
20,47,-40
20,48,24
20,49,44
20,50,-30
20,51,6
20,52,-51
20,53,-36
20,54,-2
20,55,-69
20,56,63
20,57,40
20,58,97
20,59,-43
20,60,27
20,61,41
20,62,64
20,63,11
20,64,-33
20,65,-61
20,66,86
20,67,43
20,68,89
20,69,31
20,70,72
20,71,-11
20,72,-73
20,73,-5
20,74,93
20,75,-70
20,76,-98
20,77,35
20,78,-77
20,79,-86
20,80,70
20,81,58
20,82,-56
20,83,93
20,84,-93
20,85,-30
20,86,7
20,87,14
20,88,2
20,89,24
20,90,-44
20,91,-71
20,92,45
20,93,13
20,94,96
20,95,16
20,96,66
20,97,-41
20,98,-3
20,99,70
20,100,25
20,101,72
20,102,50
20,103,96
20,104,-7
20,105,33
20,106,83
20,107,21
20,108,7
20,109,-97
20,110,-8
20,111,50
20,112,-95
20,113,-69
20,114,5
20,115,45
20,116,-86
20,117,67
20,118,21
20,119,-5
20,120,-95
20,121,11
20,122,19
20,123,22
20,124,90
20,125,-34
20,126,5
20,127,38
20,128,-58
20,129,44
20,130,-5
20,131,31
20,132,90
20,133,95
20,134,-20
20,135,-60
20,136,32
20,137,59
20,138,97
20,139,-66
20,140,-79
20,141,92
20,142,49
20,143,11
20,144,-90
20,145,-98
20,146,36
20,147,-41
20,148,-25
20,149,-14
20,150,-87
20,151,-83
20,152,12
20,153,-28
20,154,-78
20,155,-18
20,156,24
20,157,74
20,158,-32
20,159,-54
20,160,15
20,161,-71
20,162,-76
20,163,55
20,164,11
20,165,-76
20,166,-27
20,167,-43
20,168,-7
20,169,18
20,170,26
20,171,68
20,172,-76
20,173,-23
20,174,-2
20,175,15
20,176,-53
20,177,-91
20,178,-2
20,179,-90
20,180,-16
20,181,48
20,182,72
20,183,34
20,184,91
20,185,25
20,186,-37
20,187,-99
20,188,-25
20,189,20
20,190,-59
20,191,-47
20,192,-26
20,193,-85
20,194,-83
20,195,86
20,196,-11
20,197,43
20,198,-95
20,199,84
20,200,7
20,201,74
20,202,-53
20,203,-59
20,204,-25
20,205,87
20,206,-24
20,207,31
20,208,29
20,209,-42
20,210,54
20,211,-74
20,212,-22
20,213,-29
20,214,-94
20,215,90
20,216,10
20,217,18
20,218,73
20,219,-38
20,220,23
20,221,-89
20,222,40
20,223,-58
20,224,-84
20,225,-38
20,226,19
20,227,-65
20,228,-93
20,229,-32
20,230,-11
20,231,-65
20,232,-73
20,233,17
20,234,-8
20,235,74
20,236,-25
20,237,0
20,238,57
20,239,50
20,240,43
20,241,-87
20,242,-30
20,243,79
20,244,23
20,245,24
20,246,-64
20,247,-72
20,248,94
20,249,42
20,250,74
20,251,73
20,252,79
20,253,-82
20,254,5
20,255,-80
20,256,-37
20,257,64
20,258,-74
20,259,-46
20,260,-72
20,261,47
20,262,-76
20,263,-31
20,264,-38
20,265,63
20,266,29
20,267,49
20,268,-85
20,269,45
20,270,96
20,271,81
20,272,-1
20,273,-71
20,274,-56
20,275,-82
20,276,-67
20,277,40
20,278,70
20,279,-39
20,280,17
20,281,-1
20,282,-79
20,283,79
20,284,79
20,285,10
20,286,63
20,287,-28
20,288,46
20,289,-63
20,290,-31
20,291,15
20,292,-22
20,293,84
20,294,47
20,295,-92
20,296,-69
20,297,31
20,298,-51
20,299,-19
21,0,-96
21,1,47
21,2,-14
21,3,25
21,4,-26
21,5,64
21,6,-79
21,7,85
21,8,-33
21,9,-57
21,10,-67
21,11,-24
21,12,-59
21,13,36
21,14,5
21,15,-6
21,16,34
21,17,-33
21,18,46
21,19,58
21,20,27
21,21,62
21,22,84
21,23,-16
21,24,88
21,25,58
21,26,-18
21,27,-6
21,28,80
21,29,-69
21,30,-35
21,31,86
21,32,15
21,33,37
21,34,29
21,35,93
21,36,-41
21,37,-84
21,38,-5
21,39,43
21,40,-85
21,41,-55
21,42,66
21,43,58
21,44,6
21,45,-13
21,46,28
21,47,38
21,48,18
21,49,-16
21,50,-97
21,51,-30
21,52,53
21,53,10
21,54,-51
21,55,39
21,56,-6
21,57,-9
21,58,-36
21,59,-54
21,60,80
21,61,5
21,62,98
21,63,29
21,64,5
21,65,-77
21,66,-97
21,67,7
21,68,-82
21,69,53
21,70,-61
21,71,-51
21,72,70
21,73,-26
21,74,94
21,75,-89
21,76,94
21,77,-74
21,78,12
21,79,81
21,80,93
21,81,-52
21,82,43
21,83,29
21,84,-41
21,85,81
21,86,-71
21,87,-17
21,88,65
21,89,-73
21,90,-76
21,91,-5
21,92,24
21,93,-91
21,94,87
21,95,-59
21,96,-61
21,97,-24
21,98,4
21,99,17
21,100,-59
21,101,-54
21,102,64
21,103,-79
21,104,84
21,105,6
21,106,-74
21,107,-60
21,108,-21
21,109,61
21,110,59
21,111,-12
21,112,-35
21,113,-89
21,114,67
21,115,-28
21,116,-25
21,117,-11
21,118,-91
21,119,-5
21,120,75
21,121,-81
21,122,-62
21,123,-41
21,124,-35
21,125,-36
21,126,78
21,127,23
21,128,63
21,129,51
21,130,54
21,131,29
21,132,58
21,133,-44
21,134,-23
21,135,93
21,136,-72
21,137,-86
21,138,-89
21,139,0
21,140,55
21,141,-17
21,142,24
21,143,2
21,144,-77
21,145,48
21,146,37
21,147,9
21,148,-23
21,149,0
21,150,45
21,151,41
21,152,61
21,153,27
21,154,-43
21,155,-25
21,156,49
21,157,97
21,158,-65
21,159,72
21,160,63
21,161,-79
21,162,26
21,163,-21
21,164,88
21,165,-1
21,166,83
21,167,-5
21,168,60
21,169,72
21,170,63
21,171,47
21,172,-83
21,173,-63
21,174,94
21,175,50
21,176,8
21,177,22
21,178,43
21,179,86
21,180,96
21,181,95
21,182,48
21,183,3
21,184,97
21,185,39
21,186,43
21,187,-20
21,188,-14
21,189,41
21,190,-40
21,191,98
21,192,-55
21,193,-69
21,194,-86
21,195,-57
21,196,44
21,197,68
21,198,-47
21,199,-57
21,200,-3
21,201,-96
21,202,8
21,203,-74
21,204,15
21,205,-14
21,206,3
21,207,22
21,208,-22
21,209,-58
21,210,-4
21,211,-70
21,212,-2
21,213,-84
21,214,-18
21,215,9
21,216,81
21,217,89
21,218,-69
21,219,67
21,220,40
21,221,-66
21,222,32
21,223,-72
21,224,-31
21,225,52
21,226,-6
21,227,-79
21,228,93
21,229,72
21,230,-32
21,231,-12
21,232,-29
21,233,28
21,234,71
21,235,-14
21,236,-5
21,237,-26
21,238,66
21,239,-47
21,240,-13
21,241,56
21,242,-47
21,243,-85
21,244,-2
21,245,-81
21,246,-55
21,247,94
21,248,92
21,249,26
21,250,-43
21,251,80
21,252,10
21,253,28
21,254,-20
21,255,93
21,256,56
21,257,-17
21,258,-31
21,259,-93
21,260,-72
21,261,11
21,262,78
21,263,60
21,264,30
21,265,87
21,266,62
21,267,96
21,268,7
21,269,8
21,270,-81
21,271,-28
21,272,66
21,273,-97
21,274,-82
21,275,1
21,276,72
21,277,70
21,278,40
21,279,40
21,280,87
21,281,84
21,282,-15
21,283,-49
21,284,10
21,285,80
21,286,8
21,287,-15
21,288,-58
21,289,99
21,290,99
21,291,-59
21,292,-11
21,293,14
21,294,-75
21,295,50
21,296,-58
21,297,-24
21,298,55
21,299,36
22,0,-81
22,1,83
22,2,-62
22,3,78
22,4,-89
22,5,82
22,6,-90
22,7,53
22,8,-59
22,9,54
22,10,-90
22,11,-63
22,12,-3
22,13,70
22,14,-82
22,15,91
22,16,33
22,17,73
22,18,15
22,19,12
22,20,69
22,21,-36
22,22,-2
22,23,-29
22,24,86
22,25,-49
22,26,17
22,27,74
22,28,19
22,29,-94
22,30,-90
22,31,2
22,32,-40
22,33,-33
22,34,52
22,35,39
22,36,53
22,37,1
22,38,9
22,39,39
22,40,70
22,41,-50
22,42,16
22,43,64
22,44,-55
22,45,-48
22,46,-13
22,47,20
22,48,-88
22,49,-12
22,50,24
22,51,17
22,52,-47
22,53,84
22,54,15
22,55,17
22,56,-97
22,57,-26
22,58,-52
22,59,-94
22,60,9
22,61,21
22,62,-90
22,63,-9
22,64,81
22,65,72
22,66,-78
22,67,-73
22,68,10
22,69,-44
22,70,-75
22,71,52
22,72,-47
22,73,-72
22,74,-4
22,75,63
22,76,-87
22,77,-23
22,78,-66
22,79,-71
22,80,-9
22,81,-84
22,82,94
22,83,57
22,84,-8
22,85,72
22,86,-22
22,87,9
22,88,78
22,89,1
22,90,5
22,91,-54
22,92,80
22,93,-37
22,94,65
22,95,-37
22,96,-14
22,97,-94
22,98,-79
22,99,-20
22,100,68
22,101,-27
22,102,37
22,103,84
22,104,34
22,105,24
22,106,-51
22,107,-49
22,108,60
22,109,-100
22,110,80
22,111,87
22,112,61
22,113,-97
22,114,44
22,115,31
22,116,70
22,117,-97
22,118,-100
22,119,-30
22,120,77
22,121,88
22,122,-66
22,123,-93
22,124,51
22,125,-65
22,126,77
22,127,22
22,128,-58
22,129,-74
22,130,-69
22,131,-23
22,132,20
22,133,45
22,134,55
22,135,56
22,136,-85
22,137,-2
22,138,-54
22,139,86
22,140,-70
22,141,-97
22,142,64
22,143,-84
22,144,-62
22,145,-53
22,146,73
22,147,75
22,148,-62
22,149,31
22,150,-71
22,151,57
22,152,-79
22,153,-35
22,154,7
22,155,-89
22,156,-65
22,157,-83
22,158,-11
22,159,80
22,160,98
22,161,-100
22,162,26
22,163,85
22,164,-11
22,165,-14
22,166,-11
22,167,33
22,168,-31
22,169,-57
22,170,99
22,171,51
22,172,-15
22,173,-82
22,174,0
22,175,45
22,176,-6
22,177,0
22,178,-71
22,179,69
22,180,-68
22,181,-89
22,182,17
22,183,-7
22,184,54
22,185,66
22,186,36
22,187,48
22,188,-25
22,189,-72
22,190,60
22,191,89
22,192,16
22,193,-86
22,194,-99
22,195,79
22,196,16
22,197,71
22,198,81
22,199,-83
22,200,-98
22,201,34
22,202,70
22,203,65
22,204,64
22,205,85
22,206,60
22,207,7
22,208,86
22,209,-6
22,210,21
22,211,-90
22,212,-33
22,213,22
22,214,95
22,215,12
22,216,-3
22,217,-8
22,218,-79
22,219,93
22,220,71
22,221,26
22,222,33
22,223,69
22,224,-76
22,225,84
22,226,-16
22,227,-46
22,228,43
22,229,-6
22,230,41
22,231,66
22,232,55
22,233,78
22,234,18
22,235,76
22,236,-92
22,237,85
22,238,72
22,239,49
22,240,59
22,241,96
22,242,96
22,243,-59
22,244,-48
22,245,86
22,246,-27
22,247,-62
22,248,21
22,249,-86
22,250,98
22,251,56
22,252,22
22,253,10
22,254,30
22,255,-18
22,256,-91
22,257,-9
22,258,-72
22,259,-66
22,260,-95
22,261,39
22,262,10
22,263,-63
22,264,-24
22,265,-8
22,266,46
22,267,-34
22,268,35
22,269,-93
22,270,21
22,271,-17
22,272,74
22,273,31
22,274,78
22,275,-16
22,276,94
22,277,-56
22,278,35
22,279,-14
22,280,-85
22,281,-24
22,282,94
22,283,-92
22,284,-41
22,285,-23
22,286,-24
22,287,-30
22,288,-86
22,289,-30
22,290,1
22,291,68
22,292,-79
22,293,51
22,294,12
22,295,71
22,296,-100
22,297,-91
22,298,9
22,299,99
23,0,83
23,1,12
23,2,-51
23,3,-89
23,4,-12
23,5,87
23,6,53
23,7,11
23,8,-23
23,9,68
23,10,63
23,11,20
23,12,-78
23,13,70
23,14,33
23,15,96
23,16,70
23,17,-76
23,18,-83
23,19,89
23,20,40
23,21,-58
23,22,-23
23,23,-73
23,24,45
23,25,-42
23,26,87
23,27,-38
23,28,84
23,29,-9
23,30,78
23,31,-45
23,32,54
23,33,59
23,34,10
23,35,36
23,36,-33
23,37,-55
23,38,-34
23,39,53
23,40,35
23,41,-95
23,42,-77
23,43,75
23,44,-7
23,45,72
23,46,-88
23,47,96
23,48,-76
23,49,47
23,50,17
23,51,-19
23,52,10
23,53,-19
23,54,-35
23,55,-56
23,56,13
23,57,74
23,58,-38
23,59,-25
23,60,13
23,61,10
23,62,82
23,63,46
23,64,-66
23,65,-48
23,66,-75
23,67,-87
23,68,17
23,69,-56
23,70,71
23,71,92
23,72,-50
23,73,70
23,74,18
23,75,50
23,76,83
23,77,-82
23,78,-19
23,79,-25
23,80,82
23,81,-9
23,82,87
23,83,86
23,84,-68
23,85,46
23,86,-73
23,87,22
23,88,79
23,89,25
23,90,76
23,91,-64
23,92,53
23,93,-2
23,94,-3
23,95,26
23,96,67
23,97,-21
23,98,-63
23,99,-24
23,100,25
23,101,-14
23,102,-47
23,103,49
23,104,-85
23,105,-73
23,106,62
23,107,87
23,108,72
23,109,-55
23,110,-29
23,111,82
23,112,-16
23,113,-75
23,114,-16
23,115,52
23,116,-36
23,117,33
23,118,50
23,119,14
23,120,-37
23,121,-14
23,122,70
23,123,6
23,124,50
23,125,-5
23,126,57
23,127,-24
23,128,45
23,129,-14
23,130,48
23,131,-44
23,132,2
23,133,50
23,134,-10
23,135,-56
23,136,71
23,137,-13
23,138,14
23,139,-54
23,140,67
23,141,78
23,142,69
23,143,34
23,144,-51
23,145,75
23,146,-17
23,147,-10
23,148,33
23,149,-10
23,150,36
23,151,8
23,152,-44
23,153,-70
23,154,-80
23,155,-11
23,156,-61
23,157,11
23,158,-56
23,159,-24
23,160,76
23,161,-14
23,162,47
23,163,0
23,164,16
23,165,-9
23,166,44
23,167,-73
23,168,68
23,169,93
23,170,-76
23,171,-43
23,172,-60
23,173,33
23,174,-26
23,175,-63
23,176,33
23,177,72
23,178,-26
23,179,41
23,180,-35
23,181,67
23,182,-98
23,183,16
23,184,-2
23,185,51
23,186,-82
23,187,45
23,188,91
23,189,15
23,190,24
23,191,-13
23,192,-66
23,193,89
23,194,-100
23,195,52
23,196,72
23,197,76
23,198,25
23,199,-12
23,200,43
23,201,46
23,202,50
23,203,-76
23,204,-85
23,205,81
23,206,-28
23,207,28
23,208,-59
23,209,46
23,210,61
23,211,-21
23,212,3
23,213,82
23,214,45
23,215,-67
23,216,-12
23,217,24
23,218,-56
23,219,33
23,220,-80
23,221,21
23,222,-31
23,223,-5
23,224,4
23,225,-53
23,226,-62
23,227,-70
23,228,-91
23,229,-71
23,230,-83
23,231,87
23,232,-13
23,233,24
23,234,-28
23,235,-86
23,236,-97
23,237,90
23,238,67
23,239,-92
23,240,8
23,241,36
23,242,53
23,243,31
23,244,-85
23,245,42
23,246,-2
23,247,20
23,248,-49
23,249,-32
23,250,-96
23,251,-81
23,252,-22
23,253,45
23,254,10
23,255,-99
23,256,-8
23,257,-88
23,258,-97
23,259,69
23,260,8
23,261,-27
23,262,88
23,263,-6
23,264,4
23,265,-93
23,266,-34
23,267,90
23,268,9
23,269,-92
23,270,16
23,271,-90
23,272,-2
23,273,-59
23,274,40
23,275,63
23,276,19
23,277,40
23,278,-89
23,279,-64
23,280,-27
23,281,-28
23,282,-49
23,283,98
23,284,29
23,285,-45
23,286,-41
23,287,-78
23,288,2
23,289,-61
23,290,-37
23,291,-16
23,292,50
23,293,56
23,294,78
23,295,96
23,296,-12
23,297,-70
23,298,77
23,299,-81
24,0,82
24,1,29
24,2,52
24,3,-88
24,4,21
24,5,2
24,6,5
24,7,18
24,8,-31
24,9,94
24,10,85
24,11,-2
24,12,-19
24,13,-26
24,14,17
24,15,-17
24,16,91
24,17,-32
24,18,-42
24,19,87
24,20,25
24,21,10
24,22,-39
24,23,43
24,24,27
24,25,4
24,26,-33
24,27,-86
24,28,82
24,29,-66
24,30,82
24,31,-87
24,32,76
24,33,1
24,34,-1
24,35,-94
24,36,-71
24,37,-52
24,38,43
24,39,10
24,40,78
24,41,-29
24,42,-21
24,43,-18
24,44,-59
24,45,-84
24,46,90
24,47,72
24,48,-94
24,49,54
24,50,-91
24,51,-67
24,52,-65
24,53,52
24,54,-95
24,55,51
24,56,45
24,57,33
24,58,-72
24,59,25
24,60,52
24,61,82
24,62,-20
24,63,73
24,64,51
24,65,-26
24,66,-75
24,67,26
24,68,14
24,69,25
24,70,-73
24,71,30
24,72,-26
24,73,65
24,74,88
24,75,-23
24,76,78
24,77,-11
24,78,75
24,79,-80
24,80,-47
24,81,83
24,82,2
24,83,-42
24,84,-29
24,85,78
24,86,-81
24,87,11
24,88,-42
24,89,-30
24,90,36
24,91,8
24,92,28
24,93,56
24,94,90
24,95,99
24,96,-45
24,97,95
24,98,-66
24,99,22
24,100,30
24,101,3
24,102,-94
24,103,-74
24,104,-100
24,105,98
24,106,71
24,107,-14
24,108,-60
24,109,22
24,110,-26
24,111,-59
24,112,16
24,113,60
24,114,77
24,115,-38
24,116,64
24,117,86
24,118,26
24,119,75
24,120,32
24,121,-53
24,122,-98
24,123,15
24,124,74
24,125,89
24,126,-2
24,127,15
24,128,-87
24,129,90
24,130,11
24,131,-40
24,132,58
24,133,-6
24,134,-84
24,135,23
24,136,-77
24,137,15
24,138,50
24,139,-19
24,140,-51
24,141,-22
24,142,-22
24,143,-31
24,144,-74
24,145,-86
24,146,-51
24,147,-65
24,148,-93
24,149,-22
24,150,30
24,151,89
24,152,-54
24,153,4
24,154,-3
24,155,-5
24,156,88
24,157,59
24,158,15
24,159,-88
24,160,-100
24,161,-67
24,162,89
24,163,-22
24,164,-23
24,165,20
24,166,-8
24,167,-3
24,168,-19
24,169,98
24,170,58
24,171,91
24,172,52
24,173,-63
24,174,-87
24,175,35
24,176,-10
24,177,-47
24,178,29
24,179,0
24,180,-12
24,181,-45
24,182,-7
24,183,-8
24,184,-17
24,185,-16
24,186,88
24,187,-79
24,188,-66
24,189,-85
24,190,-51
24,191,21
24,192,27
24,193,12
24,194,70
24,195,-84
24,196,-21
24,197,85
24,198,29
24,199,31
24,200,-16
24,201,66
24,202,-7
24,203,33
24,204,-20
24,205,-32
24,206,-32
24,207,47
24,208,91
24,209,-85
24,210,-50
24,211,4
24,212,64
24,213,96
24,214,69
24,215,84
24,216,-35
24,217,-92
24,218,6
24,219,-1
24,220,-15
24,221,-37
24,222,-79
24,223,61
24,224,82
24,225,56
24,226,65
24,227,9
24,228,-4
24,229,-83
24,230,-30
24,231,92
24,232,26
24,233,-4
24,234,-100
24,235,31
24,236,-97
24,237,24
24,238,-19
24,239,-74
24,240,70
24,241,-42
24,242,-69
24,243,60
24,244,-73
24,245,5
24,246,4
24,247,82
24,248,87
24,249,-31
24,250,-39
24,251,-67
24,252,-14
24,253,13
24,254,5
24,255,-45
24,256,12
24,257,-88
24,258,83
24,259,-83
24,260,81
24,261,12
24,262,70
24,263,-62
24,264,88
24,265,69
24,266,-22
24,267,45
24,268,50
24,269,81
24,270,-71
24,271,-3
24,272,-43
24,273,95
24,274,-34
24,275,-30
24,276,45
24,277,5
24,278,-94
24,279,-61
24,280,-31
24,281,92
24,282,-33
24,283,-52
24,284,-49
24,285,13
24,286,6
24,287,-72
24,288,48
24,289,-23
24,290,-92
24,291,74
24,292,-25
24,293,-59
24,294,78
24,295,83
24,296,78
24,297,97
24,298,27
24,299,-81
25,0,54
25,1,65
25,2,-29
25,3,-36
25,4,81
25,5,12
25,6,-77
25,7,27
25,8,74
25,9,98
25,10,-18
25,11,-38
25,12,84
25,13,82
25,14,-41
25,15,-2
25,16,-39
25,17,-71
25,18,-79
25,19,25
25,20,56
25,21,68
25,22,-59
25,23,-3
25,24,92
25,25,-70
25,26,57
25,27,11
25,28,45
25,29,21
25,30,-84
25,31,-63
25,32,41
25,33,9
25,34,83
25,35,-79
25,36,94
25,37,-45
25,38,18
25,39,46
25,40,-44
25,41,71
25,42,-66
25,43,13
25,44,24
25,45,28
25,46,-49
25,47,-16
25,48,97
25,49,64
25,50,-36
25,51,78
25,52,28
25,53,-80
25,54,80
25,55,-85
25,56,22
25,57,-40
25,58,-47
25,59,67
25,60,-75
25,61,-21
25,62,-36
25,63,-1
25,64,-27
25,65,91
25,66,70
25,67,-84
25,68,20
25,69,86
25,70,-78
25,71,34
25,72,71
25,73,80
25,74,-30
25,75,7
25,76,-22
25,77,61
25,78,-55
25,79,95
25,80,-23
25,81,-85
25,82,-30
25,83,-5
25,84,46
25,85,-99
25,86,-91
25,87,77
25,88,24
25,89,-20
25,90,39
25,91,-31
25,92,49
25,93,-69
25,94,4
25,95,-17
25,96,28
25,97,81
25,98,-43
25,99,97
25,100,45
25,101,33
25,102,-56
25,103,-4
25,104,-78
25,105,-78
25,106,53
25,107,34
25,108,-22
25,109,-57
25,110,-74
25,111,-75
25,112,-4
25,113,-65
25,114,8
25,115,-46
25,116,91
25,117,84
25,118,-32
25,119,-40
25,120,29
25,121,-46
25,122,21
25,123,-4
25,124,-21
25,125,-14
25,126,-63
25,127,18
25,128,-23
25,129,56
25,130,53
25,131,-66
25,132,-22
25,133,-34
25,134,-14
25,135,56
25,136,-67
25,137,-4
25,138,68
25,139,68
25,140,50
25,141,-30
25,142,-98
25,143,-43
25,144,-69
25,145,-70
25,146,-19
25,147,-58
25,148,34
25,149,4
25,150,-100
25,151,-40
25,152,-87
25,153,79
25,154,-95
25,155,2
25,156,-91
25,157,-30
25,158,-11
25,159,57
25,160,48
25,161,25
25,162,87
25,163,-4
25,164,-27
25,165,14
25,166,90
25,167,69
25,168,-50
25,169,91
25,170,-45
25,171,-60
25,172,-69
25,173,-86
25,174,-39
25,175,54
25,176,-73
25,177,-37
25,178,86
25,179,85
25,180,29
25,181,26
25,182,-65
25,183,13
25,184,98
25,185,-88
25,186,-86
25,187,-12
25,188,87
25,189,-79
25,190,90
25,191,-27
25,192,-76
25,193,0
25,194,75
25,195,70
25,196,16
25,197,65
25,198,-60
25,199,72
25,200,-13
25,201,67
25,202,9
25,203,19
25,204,-4
25,205,44
25,206,-44
25,207,29
25,208,-5
25,209,20
25,210,-39
25,211,36
25,212,-33
25,213,-20
25,214,-84
25,215,16
25,216,-51
25,217,11
25,218,-7
25,219,67
25,220,85
25,221,-16
25,222,48
25,223,45
25,224,82
25,225,56
25,226,51
25,227,-27
25,228,8
25,229,44
25,230,-83
25,231,-59
25,232,0
25,233,-56
25,234,-19
25,235,-84
25,236,-28
25,237,-87
25,238,76
25,239,56
25,240,31
25,241,-19
25,242,47
25,243,19
25,244,19
25,245,-54
25,246,6
25,247,7
25,248,-92
25,249,-22
25,250,54
25,251,-86
25,252,-82
25,253,-11
25,254,79
25,255,-75
25,256,53
25,257,53
25,258,73
25,259,-9
25,260,76
25,261,-19
25,262,80
25,263,30
25,264,93
25,265,-59
25,266,-82
25,267,-84
25,268,60
25,269,-25
25,270,76
25,271,83
25,272,-38
25,273,30
25,274,6
25,275,-52
25,276,-46
25,277,53
25,278,-2
25,279,99
25,280,-49
25,281,-1
25,282,16
25,283,17
25,284,-94
25,285,-55
25,286,-55
25,287,-1
25,288,43
25,289,51
25,290,88
25,291,-47
25,292,-39
25,293,28
25,294,-52
25,295,-76
25,296,-91
25,297,17
25,298,43
25,299,85
26,0,99
26,1,56
26,2,-9
26,3,33
26,4,43
26,5,47
26,6,-21
26,7,-30
26,8,-23
26,9,-58
26,10,53
26,11,-11
26,12,-23
26,13,98
26,14,60
26,15,-75
26,16,20
26,17,-56
26,18,-38
26,19,94
26,20,79
26,21,-33
26,22,53
26,23,-99
26,24,41
26,25,7
26,26,-71
26,27,-52
26,28,39
26,29,-57
26,30,60
26,31,-88
26,32,-23
26,33,25
26,34,-3
26,35,-75
26,36,48
26,37,55
26,38,-53
26,39,67
26,40,-35
26,41,-14
26,42,-22
26,43,-78
26,44,-20
26,45,-53
26,46,23
26,47,29
26,48,-17
26,49,-81
26,50,86
26,51,-55
26,52,30
26,53,82
26,54,-89
26,55,-61
26,56,-35
26,57,-1
26,58,-23
26,59,-85
26,60,-18
26,61,61
26,62,-57
26,63,33
26,64,91
26,65,-1
26,66,-79
26,67,-83
26,68,-89
26,69,79
26,70,22
26,71,16
26,72,-50
26,73,-30
26,74,-53
26,75,-82
26,76,-95
26,77,-17
26,78,54
26,79,-48
26,80,6
26,81,0
26,82,-53
26,83,34
26,84,86
26,85,-32
26,86,-90
26,87,42
26,88,91
26,89,30
26,90,21
26,91,-32
26,92,-78
26,93,80
26,94,-64
26,95,-92
26,96,-86
26,97,30
26,98,-8
26,99,97
26,100,-84
26,101,53
26,102,48
26,103,-29
26,104,48
26,105,20
26,106,-90
26,107,65
26,108,-29
26,109,5
26,110,24
26,111,-66
26,112,18
26,113,-87
26,114,-87
26,115,-91
26,116,39
26,117,-63
26,118,7
26,119,18
26,120,-67
26,121,68
26,122,-91
26,123,21
26,124,44
26,125,44
26,126,94
26,127,89
26,128,14
26,129,-100
26,130,-89
26,131,2
26,132,-97
26,133,69
26,134,40
26,135,-3
26,136,5
26,137,-16
26,138,20
26,139,31
26,140,-19
26,141,96
26,142,-82
26,143,29
26,144,-89
26,145,-20
26,146,-27
26,147,-3
26,148,-95
26,149,35
26,150,24
26,151,-50
26,152,-90
26,153,90
26,154,84
26,155,26
26,156,39
26,157,-28
26,158,-99
26,159,-93
26,160,38
26,161,23
26,162,-48
26,163,-91
26,164,11
26,165,-93
26,166,-65
26,167,5
26,168,-87
26,169,81
26,170,-15
26,171,48
26,172,-51
26,173,66
26,174,-81
26,175,-14
26,176,34
26,177,36
26,178,28
26,179,53
26,180,65
26,181,-63
26,182,88
26,183,-57
26,184,-15
26,185,-57
26,186,-27
26,187,18
26,188,89
26,189,21
26,190,33
26,191,44
26,192,-50
26,193,-63
26,194,51
26,195,-50
26,196,-91
26,197,19
26,198,99
26,199,48
26,200,-31
26,201,-16
26,202,-44
26,203,25
26,204,-62
26,205,-68
26,206,86
26,207,-83
26,208,83
26,209,-44
26,210,-5
26,211,-53
26,212,-59
26,213,-74
26,214,-27
26,215,9
26,216,79
26,217,69
26,218,-69
26,219,-75
26,220,-76
26,221,-26
26,222,-78
26,223,-44
26,224,79
26,225,25
26,226,-14
26,227,-70
26,228,-37
26,229,98
26,230,-68
26,231,-99
26,232,-83
26,233,74
26,234,60
26,235,-17
26,236,-66
26,237,78
26,238,13
26,239,45
26,240,9
26,241,-13
26,242,-29
26,243,24
26,244,-71
26,245,71
26,246,-48
26,247,37
26,248,-14
26,249,79
26,250,76
26,251,38
26,252,93
26,253,85
26,254,63
26,255,60
26,256,74
26,257,-88
26,258,-61
26,259,-12
26,260,-33
26,261,-59
26,262,46
26,263,-7
26,264,-82
26,265,85
26,266,-78
26,267,-47
26,268,-36
26,269,39
26,270,-77
26,271,-67
26,272,-48
26,273,35
26,274,-83
26,275,-44
26,276,11
26,277,-96
26,278,53
26,279,57
26,280,81
26,281,-88
26,282,-18
26,283,-72
26,284,-98
26,285,-11
26,286,3
26,287,22
26,288,85
26,289,-25
26,290,29
26,291,7
26,292,55
26,293,-19
26,294,-24
26,295,-99
26,296,26
26,297,34
26,298,-75
26,299,-13
27,0,-85
27,1,50
27,2,67
27,3,87
27,4,-28
27,5,-69
27,6,-86
27,7,40
27,8,-96
27,9,-27
27,10,-49
27,11,-24
27,12,68
27,13,80
27,14,9
27,15,77
27,16,42
27,17,5
27,18,26
27,19,-94
27,20,-61
27,21,55
27,22,59
27,23,-2
27,24,42
27,25,-16
27,26,97
27,27,-36
27,28,31
27,29,-90
27,30,7
27,31,-75
27,32,88
27,33,64
27,34,50
27,35,-16
27,36,67
27,37,50
27,38,22
27,39,43
27,40,88
27,41,-33
27,42,3
27,43,-21
27,44,58
27,45,-48
27,46,5
27,47,52
27,48,-57
27,49,39
27,50,-11
27,51,0
27,52,-4
27,53,-92
27,54,-89
27,55,-32
27,56,81
27,57,81
27,58,-73
27,59,-45
27,60,-2
27,61,96
27,62,9
27,63,-24
27,64,2
27,65,5
27,66,8
27,67,11
27,68,-43
27,69,-23
27,70,-26
27,71,-59
27,72,65
27,73,-33
27,74,80
27,75,-68
27,76,-30
27,77,-45
27,78,4
27,79,99
27,80,0
27,81,-50
27,82,-27
27,83,70
27,84,20
27,85,42
27,86,65
27,87,42
27,88,-96
27,89,-18
27,90,81
27,91,-50
27,92,-91
27,93,39
27,94,-97
27,95,-6
27,96,45
27,97,-21
27,98,-65
27,99,-76
27,100,-3
27,101,63
27,102,0
27,103,94
27,104,-92
27,105,-40
27,106,-48
27,107,45
27,108,70
27,109,62
27,110,-38
27,111,20
27,112,4
27,113,-97
27,114,-8
27,115,68
27,116,72
27,117,77
27,118,-73
27,119,69
27,120,-21
27,121,-25
27,122,15
27,123,-32
27,124,-3
27,125,-100
27,126,66
27,127,-5
27,128,-84
27,129,11
27,130,-10
27,131,-13
27,132,62
27,133,73
27,134,69
27,135,66
27,136,-11
27,137,-52
27,138,89
27,139,-63
27,140,50
27,141,49
27,142,31
27,143,76
27,144,-42
27,145,-33
27,146,98
27,147,29
27,148,-52
27,149,25
27,150,58
27,151,10
27,152,67
27,153,-53
27,154,-50
27,155,-58
27,156,-3
27,157,82
27,158,76
27,159,23
27,160,-21
27,161,84
27,162,10
27,163,42
27,164,-74
27,165,95
27,166,91
27,167,57
27,168,63
27,169,94
27,170,12
27,171,-15
27,172,13
27,173,23
27,174,-52
27,175,-25
27,176,-46
27,177,-45
27,178,95
27,179,-6
27,180,-57
27,181,58
27,182,85
27,183,-14
27,184,80
27,185,-17
27,186,50
27,187,55
27,188,-85
27,189,64
27,190,48
27,191,44
27,192,-64
27,193,-24
27,194,46
27,195,57
27,196,-56
27,197,45
27,198,-39
27,199,63
27,200,-1
27,201,-49
27,202,-82
27,203,8
27,204,-57
27,205,-94
27,206,71
27,207,16
27,208,-33
27,209,-67
27,210,93
27,211,-32
27,212,-46
27,213,-91
27,214,-59
27,215,-60
27,216,96
27,217,21
27,218,37
27,219,-91
27,220,1
27,221,87
27,222,27
27,223,78
27,224,48
27,225,35
27,226,92
27,227,-9
27,228,12
27,229,-23
27,230,-16
27,231,-71
27,232,-52
27,233,-92
27,234,44
27,235,-32
27,236,-43
27,237,84
27,238,-39
27,239,-49
27,240,88
27,241,-61
27,242,65
27,243,70
27,244,-38
27,245,46
27,246,-51
27,247,60
27,248,40
27,249,-23
27,250,-4
27,251,89
27,252,-58
27,253,76
27,254,-65
27,255,21
27,256,7
27,257,-91
27,258,-6
27,259,-95
27,260,-44
27,261,28
27,262,-30
27,263,85
27,264,-80
27,265,-9
27,266,26
27,267,-21
27,268,-45
27,269,15
27,270,47
27,271,81
27,272,-76
27,273,55
27,274,-96
27,275,19
27,276,-80
27,277,-83
27,278,74
27,279,97
27,280,-44
27,281,-8
27,282,-82
27,283,27
27,284,-4
27,285,92
27,286,30
27,287,69
27,288,-80
27,289,-61
27,290,-34
27,291,52
27,292,26
27,293,-46
27,294,79
27,295,71
27,296,8
27,297,-3
27,298,83
27,299,82
28,0,11
28,1,97
28,2,14
28,3,16
28,4,-14
28,5,-20
28,6,-35
28,7,-82
28,8,34
28,9,17
28,10,90
28,11,-59
28,12,-59
28,13,-42
28,14,-81
28,15,-28
28,16,-84
28,17,-74
28,18,74
28,19,-99
28,20,-38
28,21,-39
28,22,-1
28,23,-82
28,24,-84
28,25,-32
28,26,66
28,27,16
28,28,98
28,29,-20
28,30,-62
28,31,-65
28,32,67
28,33,72
28,34,31
28,35,52
28,36,96
28,37,57
28,38,95
28,39,-72
28,40,95
28,41,-50
28,42,51
28,43,-87
28,44,-32
28,45,45
28,46,69
28,47,-44
28,48,-89
28,49,-84
28,50,-71
28,51,-13
28,52,-2
28,53,-78
28,54,28
28,55,-22
28,56,-69
28,57,-92
28,58,-86
28,59,55
28,60,51
28,61,87
28,62,62
28,63,-74
28,64,8
28,65,-25
28,66,47
28,67,-36
28,68,76
28,69,8
28,70,28
28,71,-91
28,72,-54
28,73,22
28,74,-42
28,75,-5
28,76,89
28,77,2
28,78,23
28,79,-15
28,80,45
28,81,11
28,82,73
28,83,59
28,84,-74
28,85,-83
28,86,66
28,87,76
28,88,-19
28,89,71
28,90,-29
28,91,-47
28,92,61
28,93,-30
28,94,63
28,95,45
28,96,-63
28,97,86
28,98,36
28,99,99
28,100,78
28,101,-66
28,102,-19
28,103,32
28,104,41
28,105,57
28,106,-97
28,107,66
28,108,91
28,109,52
28,110,55
28,111,93
28,112,49
28,113,58
28,114,-78
28,115,-53
28,116,47
28,117,24
28,118,65
28,119,-46
28,120,-33
28,121,-13
28,122,-100
28,123,34
28,124,84
28,125,-6
28,126,39
28,127,5
28,128,32
28,129,7
28,130,77
28,131,-59
28,132,1
28,133,23
28,134,39
28,135,2
28,136,45
28,137,93
28,138,-27
28,139,7
28,140,21
28,141,-84
28,142,95
28,143,-30
28,144,-39
28,145,-60
28,146,18
28,147,61
28,148,97
28,149,-56
28,150,-43
28,151,78
28,152,25
28,153,61
28,154,-57
28,155,-86
28,156,-23
28,157,-31
28,158,77
28,159,0
28,160,59
28,161,94
28,162,-98
28,163,-15
28,164,-27
28,165,-50
28,166,-34
28,167,-25
28,168,-8
28,169,75
28,170,44
28,171,-94
28,172,-88
28,173,19
28,174,-35
28,175,-97
28,176,37
28,177,-13
28,178,-84
28,179,-49
28,180,33
28,181,-32
28,182,36
28,183,-80
28,184,-77
28,185,-97
28,186,51
28,187,86
28,188,-98
28,189,-33
28,190,0
28,191,67
28,192,75
28,193,-47
28,194,-66
28,195,-45
28,196,7
28,197,-61
28,198,-33
28,199,-55
28,200,-23
28,201,40
28,202,54
28,203,-95
28,204,-84
28,205,63
28,206,-2
28,207,-20
28,208,-99
28,209,-24
28,210,79
28,211,-35
28,212,-49
28,213,-9
28,214,70
28,215,-79
28,216,10
28,217,6
28,218,82
28,219,-34
28,220,87
28,221,85
28,222,39
28,223,-32
28,224,-17
28,225,2
28,226,-62
28,227,-88
28,228,-60
28,229,-44
28,230,80
28,231,-89
28,232,-88
28,233,19
28,234,-4
28,235,-44
28,236,-61
28,237,17
28,238,-21
28,239,27
28,240,72
28,241,-66
28,242,-98
28,243,19
28,244,-96
28,245,-90
28,246,25
28,247,-30
28,248,16
28,249,83
28,250,37
28,251,5
28,252,15
28,253,61
28,254,-34
28,255,99
28,256,-70
28,257,-26
28,258,-30
28,259,-35
28,260,-31
28,261,-60
28,262,90
28,263,59
28,264,-81
28,265,84
28,266,77
28,267,52
28,268,39
28,269,98
28,270,-62
28,271,44
28,272,-56
28,273,38
28,274,-31
28,275,24
28,276,50
28,277,-10
28,278,-31
28,279,65
28,280,29
28,281,-17
28,282,-12
28,283,-22
28,284,12
28,285,-8
28,286,-29
28,287,64
28,288,-52
28,289,-49
28,290,-68
28,291,-79
28,292,13
28,293,32
28,294,-83
28,295,65
28,296,17
28,297,16
28,298,-64
28,299,-37
29,0,37
29,1,-22
29,2,69
29,3,22
29,4,75
29,5,-57
29,6,-19
29,7,-14
29,8,-85
29,9,-47
29,10,1
29,11,62
29,12,-3
29,13,55
29,14,-99
29,15,-7
29,16,40
29,17,68
29,18,-42
29,19,-32
29,20,18
29,21,-9
29,22,80
29,23,-56
29,24,47
29,25,-77
29,26,88
29,27,-10
29,28,-7
29,29,-43
29,30,54
29,31,53
29,32,27
29,33,-94
29,34,69
29,35,-54
29,36,-48
29,37,86
29,38,-63
29,39,96
29,40,-48
29,41,42
29,42,53
29,43,-53
29,44,-6
29,45,46
29,46,36
29,47,-37
29,48,-8
29,49,81
29,50,24
29,51,78
29,52,-62
29,53,-97
29,54,25
29,55,-98
29,56,-37
29,57,-72
29,58,15
29,59,-90
29,60,-4
29,61,1
29,62,85
29,63,54
29,64,-80
29,65,-62
29,66,1
29,67,-55
29,68,-35
29,69,-10
29,70,63
29,71,10
29,72,-19
29,73,22
29,74,92
29,75,90
29,76,-2
29,77,-66
29,78,58
29,79,55
29,80,2
29,81,28
29,82,-76
29,83,-58
29,84,-17
29,85,94
29,86,90
29,87,-50
29,88,29
29,89,25
29,90,91
29,91,-32
29,92,-92
29,93,-99
29,94,61
29,95,87
29,96,88
29,97,58
29,98,-91
29,99,13
29,100,-25
29,101,63
29,102,-16
29,103,-52
29,104,-31
29,105,76
29,106,30
29,107,32
29,108,88
29,109,-11
29,110,-75
29,111,-29
29,112,-96
29,113,-86
29,114,22
29,115,43
29,116,-100
29,117,43
29,118,64
29,119,-98
29,120,79
29,121,-54
29,122,-6
29,123,-88
29,124,19
29,125,-46
29,126,48
29,127,-35
29,128,81
29,129,54
29,130,65
29,131,-11
29,132,85
29,133,-39
29,134,1
29,135,73
29,136,38
29,137,99
29,138,-93
29,139,-4
29,140,16
29,141,98
29,142,-37
29,143,-80
29,144,99
29,145,14
29,146,90
29,147,-16
29,148,91
29,149,-81
29,150,-93
29,151,-43
29,152,-55
29,153,-70
29,154,-8
29,155,-92
29,156,-86
29,157,-7
29,158,53
29,159,37
29,160,-72
29,161,-21
29,162,-65
29,163,-17
29,164,8
29,165,17
29,166,-64
29,167,-15
29,168,-30
29,169,50
29,170,68
29,171,-8
29,172,-21
29,173,1
29,174,55
29,175,75
29,176,65
29,177,58
29,178,-87
29,179,16
29,180,-28
29,181,-10
29,182,-11
29,183,-72
29,184,78
29,185,-52
29,186,70
29,187,-29
29,188,32
29,189,-59
29,190,34
29,191,-59
29,192,63
29,193,4
29,194,-74
29,195,-43
29,196,-55
29,197,-35
29,198,-76
29,199,-28
29,200,16
29,201,54
29,202,28
29,203,-14
29,204,-27
29,205,69
29,206,79
29,207,52
29,208,81
29,209,24
29,210,-34
29,211,-95
29,212,24
29,213,-43
29,214,-31
29,215,-48
29,216,-35
29,217,-43
29,218,-19
29,219,-14
29,220,-99
29,221,49
29,222,-64
29,223,47
29,224,2
29,225,-77
29,226,11
29,227,-36
29,228,92
29,229,28
29,230,16
29,231,15
29,232,4
29,233,-98
29,234,-55
29,235,-46
29,236,-26
29,237,91
29,238,-56
29,239,53
29,240,-24
29,241,92
29,242,-77
29,243,-66
29,244,-77
29,245,-73
29,246,-85
29,247,-42
29,248,81
29,249,43
29,250,-86
29,251,-90
29,252,92
29,253,-22
29,254,14
29,255,-33
29,256,-58
29,257,-32
29,258,40
29,259,37
29,260,-26
29,261,2
29,262,-60
29,263,77
29,264,98
29,265,-42
29,266,-62
29,267,-98
29,268,-94
29,269,-52
29,270,-75
29,271,60
29,272,0
29,273,75
29,274,-22
29,275,-99
29,276,26
29,277,98
29,278,59
29,279,31
29,280,-81
29,281,16
29,282,63
29,283,-69
29,284,-73
29,285,-24
29,286,-100
29,287,87
29,288,-45
29,289,-66
29,290,11
29,291,-71
29,292,-47
29,293,-65
29,294,82
29,295,-21
29,296,-43
29,297,-18
29,298,-36
29,299,-32
30,0,27
30,1,-50
30,2,-79
30,3,6
30,4,8
30,5,15
30,6,0
30,7,80
30,8,-1
30,9,63
30,10,-33
30,11,-65
30,12,79
30,13,80
30,14,77
30,15,68
30,16,45
30,17,-79
30,18,-35
30,19,-80
30,20,-1
30,21,27
30,22,-57
30,23,2
30,24,-54
30,25,-62
30,26,-72
30,27,-47
30,28,-11
30,29,-16
30,30,-84
30,31,-21
30,32,87
30,33,58
30,34,-28
30,35,-52
30,36,0
30,37,-99
30,38,75
30,39,41
30,40,-42
30,41,-4
30,42,-2
30,43,85
30,44,2
30,45,85
30,46,78
30,47,-99
30,48,-60
30,49,22
30,50,-19
30,51,43
30,52,31
30,53,39
30,54,-72
30,55,34
30,56,-87
30,57,-89
30,58,-2
30,59,32
30,60,-20
30,61,5
30,62,-69
30,63,-27
30,64,70
30,65,-20
30,66,-32
30,67,-56
30,68,5
30,69,36
30,70,76
30,71,60
30,72,-1
30,73,45
30,74,-92
30,75,-39
30,76,84
30,77,-72
30,78,24
30,79,13
30,80,52
30,81,42
30,82,33
30,83,19
30,84,69
30,85,56
30,86,-22
30,87,-8
30,88,-97
30,89,-19
30,90,84
30,91,76
30,92,71
30,93,-26
30,94,-87
30,95,30
30,96,13
30,97,-39
30,98,5
30,99,-37
30,100,1
30,101,72
30,102,5
30,103,85
30,104,-81
30,105,-43
30,106,11
30,107,-44
30,108,95
30,109,18
30,110,-4
30,111,-9
30,112,-49
30,113,-64
30,114,-93
30,115,-57
30,116,-3
30,117,32
30,118,17
30,119,-32
30,120,58
30,121,-56
30,122,36
30,123,-69
30,124,-68
30,125,25
30,126,-34
30,127,-71
30,128,13
30,129,-72
30,130,30
30,131,84
30,132,-71
30,133,36
30,134,53
30,135,29
30,136,-39
30,137,-98
30,138,73
30,139,-33
30,140,-76
30,141,78
30,142,40
30,143,-57
30,144,62
30,145,-46
30,146,36
30,147,29
30,148,88
30,149,-60
30,150,71
30,151,-37
30,152,-70
30,153,-54
30,154,29
30,155,-5
30,156,-24
30,157,9
30,158,-32
30,159,-43
30,160,5
30,161,-57
30,162,-27
30,163,-45
30,164,70
30,165,26
30,166,61
30,167,-71
30,168,-30
30,169,97
30,170,17
30,171,-46
30,172,-34
30,173,40
30,174,-98
30,175,-75
30,176,-44
30,177,25
30,178,51
30,179,-48
30,180,97
30,181,-58
30,182,87
30,183,85
30,184,-52
30,185,-59
30,186,93
30,187,-90
30,188,2
30,189,-3
30,190,45
30,191,-16
30,192,-1
30,193,3
30,194,79
30,195,-55
30,196,-57
30,197,-79
30,198,80
30,199,86
30,200,13
30,201,24
30,202,23
30,203,-71
30,204,-93
30,205,-3
30,206,-44
30,207,10
30,208,-28
30,209,14
30,210,-81
30,211,-76
30,212,-82
30,213,-96
30,214,-26
30,215,27
30,216,-29
30,217,54
30,218,-61
30,219,-75
30,220,-74
30,221,89
30,222,-18
30,223,27
30,224,77
30,225,69
30,226,56
30,227,66
30,228,87
30,229,68
30,230,-68
30,231,-4
30,232,10
30,233,-85
30,234,-78
30,235,34
30,236,-75
30,237,-5
30,238,-89
30,239,-29
30,240,32
30,241,5
30,242,16
30,243,96
30,244,76
30,245,-75
30,246,32
30,247,-79
30,248,-88
30,249,55
30,250,60
30,251,6
30,252,-78
30,253,-4
30,254,-83
30,255,16
30,256,-71
30,257,-75
30,258,43
30,259,-62
30,260,60
30,261,53
30,262,75
30,263,92
30,264,65
30,265,29
30,266,12
30,267,33
30,268,-55
30,269,-51
30,270,65
30,271,5
30,272,45
30,273,54
30,274,68
30,275,-29
30,276,-27
30,277,-84
30,278,89
30,279,56
30,280,85
30,281,-31
30,282,49
30,283,-95
30,284,-75
30,285,66
30,286,39
30,287,-2
30,288,41
30,289,-79
30,290,-50
30,291,50
30,292,75
30,293,98
30,294,3
30,295,77
30,296,-12
30,297,40
30,298,37
30,299,82
31,0,-92
31,1,-22
31,2,-49
31,3,29
31,4,52
31,5,-88
31,6,-50
31,7,85
31,8,-67
31,9,-66
31,10,30
31,11,19
31,12,86
31,13,-31
31,14,75
31,15,91
31,16,46
31,17,-34
31,18,2
31,19,-28
31,20,15
31,21,32
31,22,-34
31,23,38
31,24,20
31,25,-7
31,26,95
31,27,96
31,28,28
31,29,-10
31,30,-9
31,31,-38
31,32,-72
31,33,-89
31,34,-24
31,35,-60
31,36,29
31,37,-64
31,38,72
31,39,75
31,40,-77
31,41,-2
31,42,49
31,43,-1
31,44,38
31,45,-43
31,46,73
31,47,-72
31,48,62
31,49,42
31,50,-41
31,51,-6
31,52,-59
31,53,-58
31,54,-27
31,55,76
31,56,91
31,57,59
31,58,-37
31,59,-99
31,60,51
31,61,-35
31,62,65
31,63,-70
31,64,14
31,65,-75
31,66,-72
31,67,94
31,68,-23
31,69,-76
31,70,-53
31,71,-36
31,72,80
31,73,-34
31,74,-11
31,75,45
31,76,36
31,77,-63
31,78,-14
31,79,48
31,80,-36
31,81,48
31,82,-74
31,83,5
31,84,22
31,85,97
31,86,-57
31,87,-1
31,88,-73
31,89,72
31,90,-84
31,91,26
31,92,22
31,93,67
31,94,30
31,95,-25
31,96,93
31,97,-55
31,98,57
31,99,-32
31,100,36
31,101,-16
31,102,-90
31,103,-32
31,104,-2
31,105,-10
31,106,93
31,107,58
31,108,60
31,109,66
31,110,-7
31,111,73
31,112,64
31,113,14
31,114,87
31,115,-70
31,116,-90
31,117,-14
31,118,20
31,119,29
31,120,4
31,121,-74
31,122,-99
31,123,2
31,124,0
31,125,-80
31,126,-43
31,127,32
31,128,79
31,129,72
31,130,-16
31,131,-8
31,132,-81
31,133,-40
31,134,-63
31,135,47
31,136,-76
31,137,29
31,138,20
31,139,59
31,140,-75
31,141,97
31,142,68
31,143,-34
31,144,-100
31,145,-50
31,146,-96
31,147,-88
31,148,46
31,149,39
31,150,-53
31,151,52
31,152,-44
31,153,14
31,154,-66
31,155,-25
31,156,-7
31,157,-96
31,158,-79
31,159,2
31,160,84
31,161,74
31,162,81
31,163,30
31,164,23
31,165,-48
31,166,58
31,167,-32
31,168,3
31,169,60
31,170,99
31,171,77
31,172,-85
31,173,15
31,174,-25
31,175,8
31,176,-62
31,177,-12
31,178,73
31,179,11
31,180,-54
31,181,71
31,182,36
31,183,27
31,184,77
31,185,-24
31,186,87
31,187,-86
31,188,-65
31,189,-38
31,190,-32
31,191,68
31,192,-27
31,193,-77
31,194,-52
31,195,45
31,196,-94
31,197,-97
31,198,-11
31,199,96
31,200,-41
31,201,-46
31,202,-85
31,203,-72
31,204,50
31,205,-87
31,206,-22
31,207,76
31,208,-68
31,209,52
31,210,-80
31,211,44
31,212,-78
31,213,-44
31,214,85
31,215,41
31,216,-8
31,217,-81
31,218,57
31,219,-82
31,220,80
31,221,2
31,222,83
31,223,-24
31,224,50
31,225,89
31,226,-68
31,227,-83
31,228,-28
31,229,60
31,230,59
31,231,88
31,232,81
31,233,-84
31,234,-82
31,235,-31
31,236,19
31,237,0
31,238,-67
31,239,-17
31,240,52
31,241,95
31,242,-27
31,243,-13
31,244,-16
31,245,-90
31,246,-10
31,247,43
31,248,88
31,249,26
31,250,12
31,251,-21
31,252,-94
31,253,-85
31,254,-85
31,255,67
31,256,-89
31,257,-66
31,258,-80
31,259,77
31,260,70
31,261,-84
31,262,-69
31,263,-60
31,264,33
31,265,-74
31,266,47
31,267,52
31,268,-35
31,269,36
31,270,-9
31,271,80
31,272,-40
31,273,65
31,274,-98
31,275,97
31,276,2
31,277,-46
31,278,-100
31,279,0
31,280,97
31,281,-56
31,282,74
31,283,-75
31,284,20
31,285,41
31,286,81
31,287,98
31,288,-55
31,289,21
31,290,-70
31,291,-42
31,292,-72
31,293,5
31,294,-84
31,295,41
31,296,63
31,297,85
31,298,-77
31,299,8
32,0,90
32,1,-10
32,2,-76
32,3,86
32,4,-69
32,5,15
32,6,-19
32,7,9
32,8,45
32,9,-64
32,10,-75
32,11,36
32,12,-37
32,13,-29
32,14,47
32,15,81
32,16,5
32,17,-15
32,18,57
32,19,-48
32,20,-9
32,21,-2
32,22,90
32,23,-90
32,24,-70
32,25,76
32,26,-1
32,27,-14
32,28,46
32,29,39
32,30,-86
32,31,58
32,32,70
32,33,0
32,34,64
32,35,-72
32,36,13
32,37,6
32,38,53
32,39,7
32,40,29
32,41,-17
32,42,-86
32,43,31
32,44,-51
32,45,65
32,46,-78
32,47,-42
32,48,-11
32,49,14
32,50,-26
32,51,55
32,52,93
32,53,22
32,54,35
32,55,56
32,56,38
32,57,-83
32,58,82
32,59,-51
32,60,41
32,61,17
32,62,36
32,63,38
32,64,90
32,65,7
32,66,-34
32,67,80
32,68,66
32,69,-23
32,70,83
32,71,55
32,72,-26
32,73,-62
32,74,-76
32,75,-80
32,76,37
32,77,70
32,78,-86
32,79,-53
32,80,-15
32,81,48
32,82,87
32,83,15
32,84,-51
32,85,50
32,86,40
32,87,-32
32,88,-97
32,89,-23
32,90,99
32,91,-92
32,92,20
32,93,14
32,94,62
32,95,0
32,96,48
32,97,85
32,98,45
32,99,-4
32,100,99
32,101,-20
32,102,-58
32,103,-6
32,104,-95
32,105,-34
32,106,39
32,107,-1
32,108,-89
32,109,-35
32,110,-99
32,111,42
32,112,50
32,113,56
32,114,-20
32,115,34
32,116,55
32,117,41
32,118,71
32,119,57
32,120,59
32,121,-31
32,122,14
32,123,-13
32,124,-95
32,125,-74
32,126,-19
32,127,-13
32,128,19
32,129,-77
32,130,1
32,131,-67
32,132,67
32,133,-54
32,134,-77
32,135,-36
32,136,-83
32,137,-57
32,138,-25
32,139,-44
32,140,6
32,141,55
32,142,23
32,143,98
32,144,50
32,145,61
32,146,38
32,147,62
32,148,15
32,149,-8
32,150,-59
32,151,-73
32,152,22
32,153,-77
32,154,35
32,155,5
32,156,17
32,157,-48
32,158,99
32,159,31
32,160,-1
32,161,-96
32,162,-52
32,163,-3
32,164,-71
32,165,-29
32,166,2
32,167,-38
32,168,74
32,169,-75
32,170,84
32,171,-64
32,172,-94
32,173,26
32,174,67
32,175,-9
32,176,66
32,177,89
32,178,2
32,179,-48
32,180,31
32,181,7
32,182,11
32,183,52
32,184,-94
32,185,55
32,186,96
32,187,-34
32,188,7
32,189,10
32,190,47
32,191,-18
32,192,23
32,193,38
32,194,3
32,195,-34
32,196,-94
32,197,50
32,198,88
32,199,98
32,200,9
32,201,-67
32,202,5
32,203,46
32,204,-43
32,205,-92
32,206,-53
32,207,14
32,208,-60
32,209,-53
32,210,72
32,211,-76
32,212,15
32,213,-23
32,214,7
32,215,-76
32,216,46
32,217,-62
32,218,18
32,219,-22
32,220,-21
32,221,-74
32,222,3
32,223,-27
32,224,90
32,225,-33
32,226,46
32,227,-73
32,228,22
32,229,60
32,230,37
32,231,-18
32,232,-71
32,233,-79
32,234,-98
32,235,0
32,236,4
32,237,75
32,238,-99
32,239,-47
32,240,-95
32,241,6
32,242,67
32,243,22
32,244,-99
32,245,10
32,246,-99
32,247,-8
32,248,82
32,249,99
32,250,0
32,251,87
32,252,-4
32,253,10
32,254,-95
32,255,26
32,256,3
32,257,46
32,258,54
32,259,-100
32,260,-68
32,261,-61
32,262,-69
32,263,96
32,264,-84
32,265,25
32,266,-93
32,267,-44
32,268,-59
32,269,-3
32,270,36
32,271,19
32,272,-14
32,273,62
32,274,98
32,275,80
32,276,-47
32,277,-17
32,278,-76
32,279,-34
32,280,89
32,281,82
32,282,73
32,283,51
32,284,-55
32,285,-79
32,286,38
32,287,75
32,288,-93
32,289,-62
32,290,62
32,291,-52
32,292,-55
32,293,-63
32,294,35
32,295,-47
32,296,64
32,297,-9
32,298,-61
32,299,-67
33,0,-5
33,1,-22
33,2,26
33,3,-84
33,4,60
33,5,74
33,6,9
33,7,-49
33,8,17
33,9,-92
33,10,-68
33,11,87
33,12,12
33,13,48
33,14,85
33,15,-16
33,16,96
33,17,-91
33,18,-95
33,19,14
33,20,20
33,21,40
33,22,-36
33,23,-81
33,24,-44
33,25,-55
33,26,35
33,27,-91
33,28,12
33,29,94
33,30,38
33,31,-89
33,32,37
33,33,52
33,34,76
33,35,76
33,36,-90
33,37,89
33,38,17
33,39,63
33,40,-62
33,41,-48
33,42,-45
33,43,3
33,44,28
33,45,-45
33,46,17
33,47,31
33,48,-71
33,49,-89
33,50,-66
33,51,-24
33,52,79
33,53,58
33,54,1
33,55,-14
33,56,95
33,57,-49
33,58,-21
33,59,34
33,60,-79
33,61,-26
33,62,83
33,63,-43
33,64,-8
33,65,91
33,66,2
33,67,39
33,68,-94
33,69,27
33,70,-46
33,71,5
33,72,-39
33,73,-11
33,74,-3
33,75,-24
33,76,82
33,77,18
33,78,-65
33,79,-12
33,80,51
33,81,71
33,82,44
33,83,29
33,84,40
33,85,58
33,86,-8
33,87,13
33,88,-73
33,89,87
33,90,54
33,91,42
33,92,-68
33,93,-81
33,94,69
33,95,39
33,96,0
33,97,-78
33,98,99
33,99,11
33,100,-87
33,101,-10
33,102,52
33,103,-24
33,104,-16
33,105,8
33,106,-70
33,107,21
33,108,6
33,109,-47
33,110,32
33,111,40
33,112,55
33,113,-58
33,114,-12
33,115,14
33,116,-2
33,117,-54
33,118,-30
33,119,65
33,120,-34
33,121,-39
33,122,8
33,123,66
33,124,-64
33,125,18
33,126,-15
33,127,25
33,128,35
33,129,-49
33,130,-10
33,131,-68
33,132,-20
33,133,-59
33,134,11
33,135,25
33,136,54
33,137,35
33,138,50
33,139,5
33,140,24
33,141,12
33,142,-37
33,143,22
33,144,13
33,145,-81
33,146,-85
33,147,44
33,148,-82
33,149,19
33,150,35
33,151,65
33,152,-63
33,153,80
33,154,-8
33,155,4
33,156,-1
33,157,-11
33,158,58
33,159,-57
33,160,87
33,161,-25
33,162,44
33,163,-22
33,164,-28
33,165,66
33,166,69
33,167,75
33,168,39
33,169,-5
33,170,-12
33,171,2
33,172,45
33,173,-95
33,174,21
33,175,70
33,176,15
33,177,62
33,178,81
33,179,-39
33,180,96
33,181,43
33,182,35
33,183,-12
33,184,-5
33,185,25
33,186,-11
33,187,-15
33,188,58
33,189,37
33,190,83
33,191,20
33,192,-25
33,193,-9
33,194,-31
33,195,47
33,196,32
33,197,-78
33,198,36
33,199,-43
33,200,86
33,201,81
33,202,-55
33,203,-79
33,204,91
33,205,-93
33,206,22
33,207,-81
33,208,78
33,209,-23
33,210,-62
33,211,-64
33,212,77
33,213,61
33,214,-26
33,215,17
33,216,3
33,217,60
33,218,-70
33,219,22
33,220,-47
33,221,71
33,222,-67
33,223,98
33,224,21
33,225,12
33,226,-39
33,227,-78
33,228,-55
33,229,-45
33,230,34
33,231,17
33,232,88
33,233,30
33,234,65
33,235,61
33,236,12
33,237,-57
33,238,27
33,239,7
33,240,57
33,241,-84
33,242,-42
33,243,37
33,244,-2
33,245,-17
33,246,45
33,247,-56
33,248,7
33,249,86
33,250,-39
33,251,-42
33,252,76
33,253,90
33,254,59
33,255,37
33,256,-90
33,257,1
33,258,-31
33,259,22
33,260,89
33,261,74
33,262,-67
33,263,0
33,264,44
33,265,3
33,266,81
33,267,-61
33,268,-82
33,269,-34
33,270,-19
33,271,80
33,272,-37
33,273,-18
33,274,-54
33,275,-95
33,276,-85
33,277,99
33,278,45
33,279,79
33,280,75
33,281,70
33,282,-62
33,283,76
33,284,12
33,285,39
33,286,37
33,287,-30
33,288,9
33,289,-46
33,290,28
33,291,-52
33,292,63
33,293,-80
33,294,-64
33,295,15
33,296,-77
33,297,-46
33,298,-76
33,299,34
34,0,26
34,1,-8
34,2,-7
34,3,-30
34,4,98
34,5,21
34,6,-77
34,7,-90
34,8,-28
34,9,-89
34,10,-66
34,11,90
34,12,95
34,13,84
34,14,40
34,15,-78
34,16,-18
34,17,66
34,18,-13
34,19,-21
34,20,-4
34,21,39
34,22,-67
34,23,98
34,24,-26
34,25,58
34,26,27
34,27,89
34,28,40
34,29,-70
34,30,29
34,31,2
34,32,-86
34,33,-44
34,34,-26
34,35,-67
34,36,2
34,37,95
34,38,-26
34,39,-72
34,40,93
34,41,-85
34,42,66
34,43,-24
34,44,-64
34,45,-20
34,46,48
34,47,71
34,48,23
34,49,-82
34,50,98
34,51,1
34,52,35
34,53,-24
34,54,93
34,55,-60
34,56,97
34,57,-40
34,58,-75
34,59,-30
34,60,2
34,61,-31
34,62,6
34,63,56
34,64,6
34,65,2
34,66,93
34,67,-82
34,68,-33
34,69,85
34,70,-31
34,71,12
34,72,-44
34,73,64
34,74,-40
34,75,-9
34,76,-71
34,77,98
34,78,52
34,79,26
34,80,92
34,81,14
34,82,-95
34,83,-83
34,84,-91
34,85,-9
34,86,38
34,87,92
34,88,-24
34,89,0
34,90,-17
34,91,92
34,92,-49
34,93,94
34,94,-70
34,95,44
34,96,82
34,97,9
34,98,-8
34,99,63
34,100,53
34,101,-48
34,102,44
34,103,-15
34,104,52
34,105,-99
34,106,-15
34,107,32
34,108,-97
34,109,63
34,110,-95
34,111,48
34,112,17
34,113,-12
34,114,53
34,115,82
34,116,66
34,117,60
34,118,-87
34,119,-45
34,120,-20
34,121,48
34,122,-55
34,123,43
34,124,-85
34,125,19
34,126,-17
34,127,56
34,128,-93
34,129,-13
34,130,30
34,131,-82
34,132,-4
34,133,-35
34,134,-22
34,135,-15
34,136,23
34,137,49
34,138,-55
34,139,12
34,140,-10
34,141,40
34,142,-68
34,143,32
34,144,-24
34,145,54
34,146,20
34,147,27
34,148,-23
34,149,51
34,150,-34
34,151,14
34,152,-38
34,153,12
34,154,-7
34,155,-53
34,156,90
34,157,-89
34,158,55
34,159,71
34,160,70
34,161,44
34,162,-61
34,163,76
34,164,-16
34,165,-44
34,166,-14
34,167,-17
34,168,91
34,169,84
34,170,20
34,171,-27
34,172,6
34,173,23
34,174,97
34,175,-1
34,176,-58
34,177,18
34,178,-78
34,179,54
34,180,85
34,181,-64
34,182,33
34,183,-36
34,184,33
34,185,77
34,186,-79
34,187,4
34,188,-13
34,189,52
34,190,24
34,191,-22
34,192,-11
34,193,99
34,194,-50
34,195,75
34,196,1
34,197,97
34,198,5
34,199,92
34,200,-41
34,201,-55
34,202,-65
34,203,85
34,204,65
34,205,-90
34,206,-89
34,207,69
34,208,-62
34,209,98
34,210,38
34,211,-65
34,212,-49
34,213,-70
34,214,-68
34,215,40
34,216,45
34,217,68
34,218,-43
34,219,83
34,220,51
34,221,27
34,222,-70
34,223,-46
34,224,-91
34,225,87
34,226,29
34,227,-86
34,228,-98
34,229,-58
34,230,58
34,231,97
34,232,-34
34,233,-45
34,234,-38
34,235,-86
34,236,8
34,237,15
34,238,-9
34,239,37
34,240,65
34,241,-54
34,242,-44
34,243,-51
34,244,-30
34,245,42
34,246,45
34,247,-19
34,248,15
34,249,4
34,250,-13
34,251,-99
34,252,3
34,253,-17
34,254,-58
34,255,53
34,256,-30
34,257,65
34,258,-7
34,259,-59
34,260,32
34,261,38
34,262,-36
34,263,-67
34,264,19
34,265,-100
34,266,29
34,267,47
34,268,-40
34,269,48
34,270,-13
34,271,-33
34,272,26
34,273,39
34,274,-79
34,275,47
34,276,-19
34,277,28
34,278,-71
34,279,25
34,280,-4
34,281,-77
34,282,-87
34,283,-65
34,284,96
34,285,-77
34,286,87
34,287,-6
34,288,-46
34,289,-77
34,290,51
34,291,81
34,292,-75
34,293,93
34,294,-21
34,295,65
34,296,-36
34,297,-26
34,298,78
34,299,62
35,0,-58
35,1,-72
35,2,64
35,3,-20
35,4,85
35,5,-47
35,6,-62
35,7,-59
35,8,55
35,9,-72
35,10,70
35,11,30
35,12,37
35,13,86
35,14,41
35,15,74
35,16,-59
35,17,-7
35,18,59
35,19,-69
35,20,69
35,21,59
35,22,-75
35,23,14
35,24,28
35,25,-45
35,26,21
35,27,5
35,28,29
35,29,-20
35,30,57
35,31,19
35,32,98
35,33,-49
35,34,-10
35,35,36
35,36,-79
35,37,-67
35,38,9
35,39,-52
35,40,28
35,41,-28
35,42,-17
35,43,-48
35,44,-1
35,45,23
35,46,67
35,47,-56
35,48,95
35,49,36
35,50,4
35,51,49
35,52,45
35,53,5
35,54,-58
35,55,66
35,56,33
35,57,-53
35,58,25
35,59,-94
35,60,96
35,61,-85
35,62,28
35,63,14
35,64,-64
35,65,64
35,66,24
35,67,-20
35,68,91
35,69,-39
35,70,-29
35,71,88
35,72,24
35,73,60
35,74,-35
35,75,-71
35,76,-81
35,77,87
35,78,-19
35,79,6
35,80,51
35,81,31
35,82,-64
35,83,31
35,84,-24
35,85,-12
35,86,45
35,87,-13
35,88,93
35,89,75
35,90,-68
35,91,-43
35,92,-73
35,93,-66
35,94,24
35,95,37
35,96,-36
35,97,-59
35,98,-16
35,99,36
35,100,87
35,101,10
35,102,-86
35,103,84
35,104,-32
35,105,4
35,106,49
35,107,-37
35,108,-60
35,109,-30
35,110,-45
35,111,50
35,112,-76
35,113,4
35,114,33
35,115,18
35,116,61
35,117,90
35,118,-92
35,119,-41
35,120,24
35,121,-52
35,122,-50
35,123,87
35,124,-31
35,125,-64
35,126,-70
35,127,68
35,128,-39
35,129,-8
35,130,85
35,131,-87
35,132,63
35,133,63
35,134,-22
35,135,-93
35,136,53
35,137,-65
35,138,-53
35,139,-16
35,140,-73
35,141,95
35,142,89
35,143,-50
35,144,3
35,145,69
35,146,0
35,147,-72
35,148,26
35,149,-19
35,150,-91
35,151,5
35,152,66
35,153,-100
35,154,-62
35,155,-80
35,156,-36
35,157,-86
35,158,31
35,159,87
35,160,-40
35,161,47
35,162,37
35,163,-14
35,164,4
35,165,-67
35,166,23
35,167,9
35,168,75
35,169,-68
35,170,-3
35,171,-40
35,172,-91
35,173,81
35,174,-17
35,175,-36
35,176,-24
35,177,-100
35,178,32
35,179,-21
35,180,-86
35,181,-73
35,182,-78
35,183,8
35,184,6
35,185,44
35,186,12
35,187,-3
35,188,40
35,189,41
35,190,38
35,191,-73
35,192,-59
35,193,-2
35,194,-40
35,195,22
35,196,-37
35,197,-70
35,198,-20
35,199,-91
35,200,-93
35,201,48
35,202,-42
35,203,77
35,204,96
35,205,97
35,206,-71
35,207,44
35,208,-81
35,209,-53
35,210,29
35,211,-64
35,212,28
35,213,31
35,214,-1
35,215,-47
35,216,21
35,217,-76
35,218,30
35,219,-92
35,220,-67
35,221,-58
35,222,-27
35,223,-7
35,224,-79
35,225,-31
35,226,29
35,227,-7
35,228,93
35,229,-69
35,230,5
35,231,43
35,232,-100
35,233,-29
35,234,75
35,235,-51
35,236,40
35,237,-86
35,238,-48
35,239,71
35,240,-93
35,241,-27
35,242,-55
35,243,-32
35,244,13
35,245,46
35,246,65
35,247,22
35,248,38
35,249,16
35,250,-58
35,251,-81
35,252,47
35,253,-80
35,254,-19
35,255,-44
35,256,77
35,257,-27
35,258,-3
35,259,53
35,260,57
35,261,9
35,262,14
35,263,58
35,264,-59
35,265,-33
35,266,88
35,267,88
35,268,-31
35,269,-23
35,270,95
35,271,-11
35,272,10
35,273,11
35,274,2
35,275,44
35,276,-82
35,277,78
35,278,-31
35,279,-38
35,280,-26
35,281,57
35,282,52
35,283,3
35,284,-26
35,285,27
35,286,98
35,287,53
35,288,-45
35,289,-79
35,290,-12
35,291,-82
35,292,58
35,293,-75
35,294,69
35,295,68
35,296,-78
35,297,-54
35,298,-88
35,299,-35
36,0,93
36,1,43
36,2,-28
36,3,55
36,4,-24
36,5,62
36,6,68
36,7,-70
36,8,-16
36,9,59
36,10,81
36,11,99
36,12,-42
36,13,-60
36,14,11
36,15,93
36,16,-5
36,17,81
36,18,67
36,19,21
36,20,55
36,21,64
36,22,4
36,23,92
36,24,-27
36,25,82
36,26,31
36,27,-2
36,28,25
36,29,37
36,30,74
36,31,-26
36,32,-87
36,33,-63
36,34,39
36,35,-56
36,36,44
36,37,62
36,38,93
36,39,-26
36,40,68
36,41,94
36,42,-72
36,43,-83
36,44,-81
36,45,-87
36,46,61
36,47,76
36,48,-47
36,49,-70
36,50,-43
36,51,3
36,52,69
36,53,85
36,54,27
36,55,57
36,56,-76
36,57,90
36,58,-82
36,59,99
36,60,35
36,61,-98
36,62,94
36,63,-15
36,64,44
36,65,41
36,66,-92
36,67,89
36,68,-7
36,69,48
36,70,64
36,71,38
36,72,-81
36,73,-66
36,74,-48
36,75,74
36,76,9
36,77,79
36,78,35
36,79,-97
36,80,54
36,81,71
36,82,67
36,83,1
36,84,-54
36,85,-7
36,86,71
36,87,-53
36,88,-10
36,89,79
36,90,-17
36,91,-33
36,92,38
36,93,24
36,94,-28
36,95,-97
36,96,-25
36,97,-28
36,98,-24
36,99,-53
36,100,53
36,101,1
36,102,5
36,103,-24
36,104,-62
36,105,-43
36,106,-82
36,107,-13
36,108,12
36,109,-24
36,110,-24
36,111,85
36,112,-73
36,113,-35
36,114,-91
36,115,25
36,116,-43
36,117,41
36,118,24
36,119,11
36,120,-17
36,121,42
36,122,-5
36,123,-68
36,124,44
36,125,51
36,126,57
36,127,89
36,128,40
36,129,89
36,130,-54
36,131,11
36,132,43
36,133,93
36,134,-58
36,135,-93
36,136,-98
36,137,24
36,138,-89
36,139,-17
36,140,-85
36,141,-23
36,142,-42
36,143,76
36,144,-38
36,145,89
36,146,-52
36,147,-50
36,148,-68
36,149,-71
36,150,86
36,151,-25
36,152,-86
36,153,-19
36,154,-9
36,155,-78
36,156,-7
36,157,-56
36,158,-39
36,159,98
36,160,-86
36,161,-55
36,162,-37
36,163,73
36,164,83
36,165,71
36,166,-26
36,167,56
36,168,89
36,169,-49
36,170,81
36,171,-13
36,172,-44
36,173,-18
36,174,-35
36,175,49
36,176,-81
36,177,-68
36,178,-29
36,179,-76
36,180,-55
36,181,-28
36,182,-3
36,183,-44
36,184,-14
36,185,32
36,186,-46
36,187,-40
36,188,-12
36,189,-93
36,190,-85
36,191,75
36,192,15
36,193,-40
36,194,-86
36,195,92
36,196,49
36,197,30
36,198,1
36,199,-47
36,200,-87
36,201,-65
36,202,4
36,203,-19
36,204,-34
36,205,-91
36,206,-52
36,207,10
36,208,-36
36,209,-44
36,210,-74
36,211,12
36,212,32
36,213,-30
36,214,-18
36,215,-44
36,216,19
36,217,-8
36,218,-86
36,219,10
36,220,0
36,221,18
36,222,-25
36,223,57
36,224,-81
36,225,64
36,226,30
36,227,-28
36,228,21
36,229,-60
36,230,66
36,231,53
36,232,29
36,233,-78
36,234,-78
36,235,43
36,236,-92
36,237,-88
36,238,55
36,239,54
36,240,-50
36,241,-37
36,242,-49
36,243,-63
36,244,-1
36,245,92
36,246,45
36,247,90
36,248,-50
36,249,36
36,250,40
36,251,67
36,252,-46
36,253,8
36,254,70
36,255,-57
36,256,9
36,257,95
36,258,60
36,259,51
36,260,63
36,261,27
36,262,4
36,263,-91
36,264,-1
36,265,47
36,266,8
36,267,7
36,268,39
36,269,89
36,270,45
36,271,-7
36,272,-38
36,273,-17
36,274,-76
36,275,-89
36,276,48
36,277,-76
36,278,-90
36,279,-37
36,280,25
36,281,-51
36,282,89
36,283,-12
36,284,-2
36,285,15
36,286,-5
36,287,76
36,288,-87
36,289,-100
36,290,-76
36,291,86
36,292,-29
36,293,-32
36,294,32
36,295,4
36,296,46
36,297,-78
36,298,-92
36,299,17
37,0,-7
37,1,77
37,2,43
37,3,-68
37,4,29
37,5,-87
37,6,-100
37,7,-11
37,8,85
37,9,-12
37,10,43
37,11,-11
37,12,74
37,13,71
37,14,-87
37,15,51
37,16,10
37,17,82
37,18,42
37,19,-18
37,20,-29
37,21,61
37,22,29
37,23,-74
37,24,-27
37,25,-2
37,26,-29
37,27,-78
37,28,-33
37,29,41
37,30,90
37,31,16
37,32,5
37,33,-8
37,34,-36
37,35,-33
37,36,27
37,37,-38
37,38,12
37,39,-11
37,40,-20
37,41,2
37,42,91
37,43,59
37,44,15
37,45,-88
37,46,93
37,47,23
37,48,46
37,49,51
37,50,-13
37,51,-90
37,52,86
37,53,-86
37,54,-91
37,55,-60
37,56,54
37,57,87
37,58,-28
37,59,-49
37,60,27
37,61,-73
37,62,-36
37,63,-84
37,64,-6
37,65,71
37,66,37
37,67,-38
37,68,74
37,69,-63
37,70,-31
37,71,3
37,72,-48
37,73,71
37,74,18
37,75,-27
37,76,-47
37,77,-81
37,78,-22
37,79,-70
37,80,34
37,81,-43
37,82,4
37,83,-91
37,84,-91
37,85,-62
37,86,55
37,87,57
37,88,-64
37,89,18
37,90,-34
37,91,-58
37,92,-49
37,93,0
37,94,-45
37,95,-25
37,96,-33
37,97,36
37,98,5
37,99,24
37,100,-9
37,101,-78
37,102,90
37,103,8
37,104,-40
37,105,67
37,106,-57
37,107,51
37,108,78
37,109,85
37,110,60
37,111,-85
37,112,-79
37,113,-44
37,114,-39
37,115,6
37,116,-30
37,117,-11
37,118,-29
37,119,-31
37,120,-71
37,121,2
37,122,50
37,123,-69
37,124,-15
37,125,-44
37,126,8
37,127,-92
37,128,-70
37,129,-30
37,130,36
37,131,-88
37,132,85
37,133,30
37,134,-66
37,135,-80
37,136,-37
37,137,-6
37,138,79
37,139,-67
37,140,20
37,141,62
37,142,-86
37,143,19
37,144,-5
37,145,-95
37,146,8
37,147,-4
37,148,-69
37,149,79
37,150,-18
37,151,55
37,152,17
37,153,91
37,154,-22
37,155,-23
37,156,46
37,157,6
37,158,25
37,159,-86
37,160,33
37,161,-28
37,162,0
37,163,-3
37,164,65
37,165,-75
37,166,-9
37,167,24
37,168,78
37,169,-28
37,170,22
37,171,-48
37,172,83
37,173,86
37,174,97
37,175,-23
37,176,-9
37,177,85
37,178,-13
37,179,-88
37,180,-58
37,181,-25
37,182,-50
37,183,-82
37,184,48
37,185,21
37,186,-77
37,187,-75
37,188,72
37,189,55
37,190,19
37,191,-19
37,192,-1
37,193,56
37,194,-84
37,195,-33
37,196,-57
37,197,-40
37,198,22
37,199,-8
37,200,95
37,201,-27
37,202,52
37,203,-34
37,204,10
37,205,-99
37,206,-12
37,207,76
37,208,97
37,209,-75
37,210,99
37,211,-2
37,212,-74
37,213,-12
37,214,45
37,215,81
37,216,-100
37,217,88
37,218,2
37,219,30
37,220,95
37,221,-60
37,222,64
37,223,-50
37,224,-86
37,225,-93
37,226,-63
37,227,13
37,228,-18
37,229,-45
37,230,74
37,231,2
37,232,37
37,233,1
37,234,-23
37,235,76
37,236,68
37,237,-18
37,238,-71
37,239,-96
37,240,18
37,241,98
37,242,-70
37,243,79
37,244,-78
37,245,-53
37,246,8
37,247,-61
37,248,-95
37,249,-63
37,250,68
37,251,-1
37,252,-74
37,253,-32
37,254,-44
37,255,-84
37,256,-30
37,257,-54
37,258,-22
37,259,9
37,260,-88
37,261,38
37,262,23
37,263,8
37,264,-11
37,265,-15
37,266,-9
37,267,-77
37,268,-28
37,269,-97
37,270,12
37,271,-55
37,272,-83
37,273,-58
37,274,60
37,275,-8
37,276,2
37,277,23
37,278,-91
37,279,-28
37,280,86
37,281,-70
37,282,55
37,283,-41
37,284,30
37,285,17
37,286,82
37,287,-87
37,288,85
37,289,42
37,290,-99
37,291,-77
37,292,-37
37,293,98
37,294,-1
37,295,13
37,296,-77
37,297,54
37,298,64
37,299,-10
38,0,66
38,1,90
38,2,-75
38,3,-36
38,4,19
38,5,-97
38,6,56
38,7,-100
38,8,-51
38,9,9
38,10,38
38,11,-27
38,12,86
38,13,-39
38,14,-20
38,15,63
38,16,-45
38,17,10
38,18,-80
38,19,40
38,20,-92
38,21,38
38,22,-31
38,23,28
38,24,17
38,25,97
38,26,-45
38,27,-70
38,28,-64
38,29,74
38,30,-10
38,31,13
38,32,27
38,33,74
38,34,21
38,35,-32
38,36,85
38,37,-65
38,38,-69
38,39,-37
38,40,98
38,41,69
38,42,-53
38,43,-20
38,44,57
38,45,48
38,46,-41
38,47,40
38,48,-100
38,49,-36
38,50,-68
38,51,-63
38,52,-76
38,53,53
38,54,-42
38,55,60
38,56,0
38,57,26
38,58,-60
38,59,57
38,60,-44
38,61,76
38,62,-53
38,63,-29
38,64,76
38,65,74
38,66,-45
38,67,-36
38,68,-89
38,69,-32
38,70,33
38,71,-12
38,72,92
38,73,-76
38,74,-100
38,75,59
38,76,30
38,77,-52
38,78,46
38,79,-41
38,80,56
38,81,77
38,82,-99
38,83,-28
38,84,83
38,85,44
38,86,87
38,87,9
38,88,63
38,89,-40
38,90,-84
38,91,-52
38,92,-25
38,93,87
38,94,47
38,95,77
38,96,30
38,97,-58
38,98,-44
38,99,-51
38,100,95
38,101,77
38,102,-64
38,103,-55
38,104,69
38,105,-86
38,106,60
38,107,-21
38,108,38
38,109,47
38,110,-77
38,111,24
38,112,91
38,113,17
38,114,-21
38,115,-7
38,116,-36
38,117,-13
38,118,-13
38,119,44
38,120,25
38,121,-12
38,122,-40
38,123,-86
38,124,-7
38,125,-50
38,126,-74
38,127,-27
38,128,-40
38,129,85
38,130,-70
38,131,-89
38,132,-55
38,133,58
38,134,-69
38,135,59
38,136,80
38,137,-40
38,138,-55
38,139,-16
38,140,-21
38,141,34
38,142,-97
38,143,-49
38,144,58
38,145,11
38,146,-65
38,147,81
38,148,-47
38,149,18
38,150,26
38,151,-84
38,152,-26
38,153,57
38,154,4
38,155,49
38,156,16
38,157,-58
38,158,11
38,159,14
38,160,-74
38,161,-64
38,162,-55
38,163,12
38,164,-66
38,165,31
38,166,-21
38,167,-21
38,168,53
38,169,20
38,170,46
38,171,21
38,172,-20
38,173,72
38,174,53
38,175,49
38,176,18
38,177,-43
38,178,-38
38,179,55
38,180,92
38,181,71
38,182,-1
38,183,70
38,184,64
38,185,-35
38,186,44
38,187,67
38,188,65
38,189,-16
38,190,88
38,191,36
38,192,88
38,193,43
38,194,22
38,195,-99
38,196,5
38,197,7
38,198,-29
38,199,70
38,200,25
38,201,69
38,202,-44
38,203,-20
38,204,94
38,205,57
38,206,40
38,207,-82
38,208,-94
38,209,36
38,210,-47
38,211,3
38,212,-15
38,213,-19
38,214,-40
38,215,-14
38,216,-99
38,217,77
38,218,-70
38,219,-68
38,220,-21
38,221,-90
38,222,60
38,223,27
38,224,34
38,225,27
38,226,-70
38,227,75
38,228,25
38,229,-54
38,230,80
38,231,6
38,232,-82
38,233,-20
38,234,22
38,235,33
38,236,6
38,237,-52
38,238,-28
38,239,-51
38,240,-20
38,241,-6
38,242,-89
38,243,-78
38,244,-47
38,245,17
38,246,96
38,247,-42
38,248,63
38,249,-98
38,250,-43
38,251,82
38,252,-44
38,253,44
38,254,66
38,255,-11
38,256,95
38,257,-46
38,258,-56
38,259,-100
38,260,-80
38,261,-80
38,262,-49
38,263,-19
38,264,70
38,265,79
38,266,-34
38,267,12
38,268,-57
38,269,59
38,270,-91
38,271,-37
38,272,-32
38,273,-33
38,274,-73
38,275,80
38,276,15
38,277,-50
38,278,80
38,279,-97
38,280,-22
38,281,-84
38,282,7
38,283,94
38,284,-27
38,285,74
38,286,83
38,287,-78
38,288,-83
38,289,28
38,290,-66
38,291,-37
38,292,85
38,293,-42
38,294,-100
38,295,30
38,296,-34
38,297,-64
38,298,-72
38,299,-12
39,0,60
39,1,-1
39,2,88
39,3,21
39,4,-11
39,5,31
39,6,-87
39,7,60
39,8,49
39,9,75
39,10,30
39,11,-16
39,12,50
39,13,95
39,14,-80
39,15,70
39,16,-75
39,17,-60
39,18,21
39,19,-63
39,20,-13
39,21,-90
39,22,-72
39,23,-41
39,24,94
39,25,92
39,26,-40
39,27,46
39,28,73
39,29,76
39,30,-79
39,31,-23
39,32,12
39,33,84
39,34,22
39,35,41
39,36,-57
39,37,43
39,38,-4
39,39,-24
39,40,39
39,41,-46
39,42,-50
39,43,1
39,44,66
39,45,60
39,46,60
39,47,-72
39,48,-32
39,49,97
39,50,58
39,51,-21
39,52,-70
39,53,11
39,54,-55
39,55,-4
39,56,-49
39,57,37
39,58,-27
39,59,-60
39,60,-24
39,61,30
39,62,86
39,63,13
39,64,-49
39,65,61
39,66,76
39,67,55
39,68,-14
39,69,8
39,70,40
39,71,-32
39,72,19
39,73,-34
39,74,-40
39,75,87
39,76,-30
39,77,51
39,78,90
39,79,88
39,80,50
39,81,-71
39,82,87
39,83,45
39,84,-5
39,85,-45
39,86,-48
39,87,-94
39,88,-4
39,89,96
39,90,12
39,91,24
39,92,99
39,93,79
39,94,31
39,95,61
39,96,96
39,97,60
39,98,20
39,99,96
39,100,-63
39,101,21
39,102,-75
39,103,28
39,104,-97
39,105,-62
39,106,-47
39,107,60
39,108,-68
39,109,99
39,110,-81
39,111,-85
39,112,48
39,113,72
39,114,26
39,115,-14
39,116,-19
39,117,-39
39,118,-70
39,119,-59
39,120,-89
39,121,-36
39,122,-28
39,123,30
39,124,14
39,125,36
39,126,5
39,127,78
39,128,-85
39,129,-23
39,130,24
39,131,30
39,132,51
39,133,40
39,134,29
39,135,98
39,136,11
39,137,26
39,138,-80
39,139,46
39,140,-12
39,141,-54
39,142,49
39,143,60
39,144,59
39,145,91
39,146,-16
39,147,66
39,148,27
39,149,-29
39,150,-59
39,151,-92
39,152,-76
39,153,-99
39,154,-82
39,155,-81
39,156,-31
39,157,-84
39,158,23
39,159,-12
39,160,95
39,161,-7
39,162,-17
39,163,30
39,164,-14
39,165,-50
39,166,-19
39,167,53
39,168,83
39,169,91
39,170,-93
39,171,64
39,172,20
39,173,54
39,174,72
39,175,-97
39,176,-15
39,177,27
39,178,9
39,179,-2
39,180,-64
39,181,-30
39,182,-68
39,183,-70
39,184,82
39,185,24
39,186,-89
39,187,-90
39,188,-13
39,189,-29
39,190,-69
39,191,-44
39,192,65
39,193,87
39,194,-15
39,195,-82
39,196,15
39,197,83
39,198,-87
39,199,-68
39,200,-91
39,201,-21
39,202,91
39,203,-37
39,204,89
39,205,-33
39,206,-9
39,207,24
39,208,70
39,209,-21
39,210,-42
39,211,79
39,212,-4
39,213,-82
39,214,48
39,215,-79
39,216,-92
39,217,-92
39,218,-74
39,219,-84
39,220,71
39,221,-56
39,222,-93
39,223,45
39,224,24
39,225,22
39,226,-68
39,227,-100
39,228,-95
39,229,-60
39,230,82
39,231,-96
39,232,86
39,233,-21
39,234,-83
39,235,76
39,236,-19
39,237,-36
39,238,-18
39,239,81
39,240,88
39,241,35
39,242,30
39,243,-76
39,244,-32
39,245,82
39,246,67
39,247,-19
39,248,77
39,249,16
39,250,-6
39,251,-68
39,252,10
39,253,45
39,254,24
39,255,84
39,256,-85
39,257,-21
39,258,-63
39,259,68
39,260,34
39,261,-23
39,262,80
39,263,-38
39,264,11
39,265,-12
39,266,59
39,267,-63
39,268,49
39,269,43
39,270,-49
39,271,-72
39,272,43
39,273,-25
39,274,44
39,275,-37
39,276,-10
39,277,-12
39,278,-88
39,279,-29
39,280,83
39,281,-96
39,282,-89
39,283,68
39,284,-98
39,285,-68
39,286,20
39,287,-51
39,288,83
39,289,36
39,290,77
39,291,-72
39,292,-62
39,293,-10
39,294,-1
39,295,72
39,296,-84
39,297,-45
39,298,-55
39,299,-34
40,0,96
40,1,41
40,2,-34
40,3,-78
40,4,-7
40,5,88
40,6,50
40,7,54
40,8,-47
40,9,37
40,10,-24
40,11,-85
40,12,-60
40,13,-3
40,14,82
40,15,27
40,16,-40
40,17,-15
40,18,17
40,19,-1
40,20,-52
40,21,79
40,22,-99
40,23,19
40,24,77
40,25,22
40,26,-15
40,27,70
40,28,-24
40,29,35
40,30,-42
40,31,92
40,32,-89
40,33,-97
40,34,16
40,35,-6
40,36,24
40,37,-60
40,38,22
40,39,-94
40,40,-32
40,41,-32
40,42,-20
40,43,-71
40,44,-28
40,45,-95
40,46,-12
40,47,46
40,48,-35
40,49,-91
40,50,43
40,51,-64
40,52,-24
40,53,-24
40,54,-69
40,55,-54
40,56,9
40,57,99
40,58,70
40,59,19
40,60,63
40,61,53
40,62,-91
40,63,58
40,64,-4
40,65,56
40,66,-96
40,67,-24
40,68,-100
40,69,30
40,70,-34
40,71,98
40,72,62
40,73,-86
40,74,94
40,75,-8
40,76,-71
40,77,2
40,78,-19
40,79,-26
40,80,70
40,81,-41
40,82,-61
40,83,92
40,84,56
40,85,-27
40,86,20
40,87,46
40,88,-98
40,89,-65
40,90,-58
40,91,42
40,92,68
40,93,14
40,94,8
40,95,-11
40,96,63
40,97,-17
40,98,-24
40,99,60
40,100,-96
40,101,-23
40,102,-10
40,103,-14
40,104,-87
40,105,3
40,106,95
40,107,-18
40,108,74
40,109,-47
40,110,31
40,111,-6
40,112,-92
40,113,-48
40,114,-24
40,115,-41
40,116,-55
40,117,-47
40,118,-27
40,119,11
40,120,-6
40,121,64
40,122,-78
40,123,-74
40,124,-31
40,125,93
40,126,8
40,127,88
40,128,-24
40,129,78
40,130,-51
40,131,23
40,132,-82
40,133,-100
40,134,-61
40,135,59
40,136,-79
40,137,11
40,138,93
40,139,-61
40,140,-63
40,141,-53
40,142,82
40,143,-26
40,144,82
40,145,78
40,146,6
40,147,87
40,148,-93
40,149,-15
40,150,-33
40,151,-26
40,152,99
40,153,36
40,154,-11
40,155,29
40,156,-21
40,157,-6
40,158,-31
40,159,-11
40,160,-42
40,161,46
40,162,-73
40,163,-29
40,164,-87
40,165,-77
40,166,11
40,167,-57
40,168,-45
40,169,19
40,170,78
40,171,-69
40,172,77
40,173,68
40,174,93
40,175,-76
40,176,15
40,177,88
40,178,-35
40,179,-59
40,180,92
40,181,63
40,182,-25
40,183,36
40,184,63
40,185,-63
40,186,60
40,187,69
40,188,-40
40,189,73
40,190,-12
40,191,88
40,192,-83
40,193,-31
40,194,-19
40,195,15
40,196,-21
40,197,-86
40,198,75
40,199,99
40,200,-88
40,201,18
40,202,-58
40,203,87
40,204,-44
40,205,98
40,206,-84
40,207,77
40,208,-69
40,209,49
40,210,-46
40,211,84
40,212,-88
40,213,-54
40,214,-14
40,215,-39
40,216,81
40,217,-72
40,218,-79
40,219,-36
40,220,-72
40,221,-53
40,222,-96
40,223,62
40,224,0
40,225,-30
40,226,73
40,227,62
40,228,72
40,229,40
40,230,37
40,231,-35
40,232,97
40,233,-29
40,234,-76
40,235,71
40,236,-41
40,237,74
40,238,-61
40,239,-94
40,240,73
40,241,50
40,242,-55
40,243,-15
40,244,40
40,245,-80
40,246,-100
40,247,22
40,248,46
40,249,24
40,250,87
40,251,-68
40,252,-97
40,253,-98
40,254,-10
40,255,-49
40,256,-73
40,257,-31
40,258,97
40,259,82
40,260,-44
40,261,7
40,262,43
40,263,-77
40,264,96
40,265,68
40,266,-24
40,267,74
40,268,-25
40,269,-32
40,270,0
40,271,58
40,272,-9
40,273,-9
40,274,-71
40,275,-83
40,276,-57
40,277,54
40,278,-2
40,279,53
40,280,20
40,281,14
40,282,-41
40,283,45
40,284,-45
40,285,-70
40,286,0
40,287,-42
40,288,23
40,289,29
40,290,-4
40,291,66
40,292,88
40,293,6
40,294,90
40,295,-83
40,296,44
40,297,66
40,298,-30
40,299,5
41,0,-47
41,1,-7
41,2,-25
41,3,-66
41,4,-90
41,5,-40
41,6,-57
41,7,20
41,8,-33
41,9,-76
41,10,75
41,11,59
41,12,-17
41,13,13
41,14,31
41,15,65
41,16,90
41,17,74
41,18,-100
41,19,30
41,20,-15
41,21,-39
41,22,-37
41,23,44
41,24,25
41,25,4
41,26,-39
41,27,-66
41,28,-88
41,29,62
41,30,-58
41,31,29
41,32,83
41,33,10
41,34,27
41,35,-50
41,36,81
41,37,43
41,38,45
41,39,34
41,40,-56
41,41,63
41,42,68
41,43,-59
41,44,34
41,45,-86
41,46,-41
41,47,-61
41,48,64
41,49,93
41,50,11
41,51,82
41,52,-24
41,53,4
41,54,6
41,55,21
41,56,-21
41,57,24
41,58,83
41,59,71
41,60,84
41,61,33
41,62,-69
41,63,7
41,64,13
41,65,45
41,66,-33
41,67,26
41,68,34
41,69,13
41,70,-93
41,71,-37
41,72,34
41,73,-60
41,74,-61
41,75,-98
41,76,44
41,77,93
41,78,9
41,79,13
41,80,11
41,81,79
41,82,49
41,83,-97
41,84,33
41,85,65
41,86,-75
41,87,38
41,88,-84
41,89,-9
41,90,-70
41,91,62
41,92,43
41,93,6
41,94,45
41,95,10
41,96,0
41,97,11
41,98,-39
41,99,11
41,100,54
41,101,62
41,102,15
41,103,72
41,104,-66
41,105,-73
41,106,2
41,107,24
41,108,1
41,109,36
41,110,42
41,111,-80
41,112,-49
41,113,62
41,114,-4
41,115,-50
41,116,-18
41,117,-46
41,118,-24
41,119,26
41,120,71
41,121,92
41,122,-8
41,123,-13
41,124,-21
41,125,52
41,126,-9
41,127,-54
41,128,83
41,129,-63
41,130,38
41,131,94
41,132,-86
41,133,-100
41,134,34
41,135,-100
41,136,-52
41,137,-5
41,138,56
41,139,-75
41,140,-14
41,141,72
41,142,-8
41,143,1
41,144,-30
41,145,39
41,146,-6
41,147,59
41,148,17
41,149,47
41,150,18
41,151,-50
41,152,-20
41,153,-65
41,154,-34
41,155,28
41,156,13
41,157,54
41,158,10
41,159,67
41,160,41
41,161,-1
41,162,96
41,163,8
41,164,19
41,165,-22
41,166,33
41,167,60
41,168,82
41,169,-82
41,170,26
41,171,-72
41,172,88
41,173,97
41,174,-77
41,175,50
41,176,-91
41,177,81
41,178,4
41,179,68
41,180,76
41,181,44
41,182,83
41,183,72
41,184,57
41,185,71
41,186,-46
41,187,46
41,188,56
41,189,-99
41,190,63
41,191,46
41,192,34
41,193,53
41,194,10
41,195,-63
41,196,30
41,197,1
41,198,93
41,199,-6
41,200,-9
41,201,-30
41,202,70
41,203,89
41,204,98
41,205,-77
41,206,66
41,207,-33
41,208,27
41,209,-8
41,210,-57
41,211,32
41,212,-46
41,213,57
41,214,-72
41,215,53
41,216,53
41,217,-64
41,218,14
41,219,80
41,220,57
41,221,-98
41,222,21
41,223,-58
41,224,-94
41,225,24
41,226,-52
41,227,20
41,228,-28
41,229,-60
41,230,5
41,231,-24
41,232,81
41,233,26
41,234,96
41,235,-10
41,236,54
41,237,-93
41,238,-69
41,239,-37
41,240,37
41,241,-88
41,242,90
41,243,-8
41,244,62
41,245,-40
41,246,81
41,247,-93
41,248,-72
41,249,-6
41,250,-60
41,251,57
41,252,48
41,253,-90
41,254,-99
41,255,77
41,256,68
41,257,93
41,258,30
41,259,-21
41,260,78
41,261,95
41,262,-14
41,263,52
41,264,57
41,265,5
41,266,38
41,267,-84
41,268,53
41,269,-78
41,270,83
41,271,79
41,272,-53
41,273,-81
41,274,-99
41,275,-13
41,276,-70
41,277,54
41,278,29
41,279,-23
41,280,-97
41,281,40
41,282,62
41,283,27
41,284,99
41,285,93
41,286,33
41,287,-70
41,288,37
41,289,-80
41,290,-78
41,291,30
41,292,59
41,293,47
41,294,-72
41,295,4
41,296,-49
41,297,14
41,298,73
41,299,61
42,0,0
42,1,-17
42,2,-40
42,3,24
42,4,99
42,5,-30
42,6,-31
42,7,38
42,8,7
42,9,90
42,10,-80
42,11,30
42,12,-19
42,13,-13
42,14,10
42,15,-91
42,16,54
42,17,-89
42,18,-94
42,19,44
42,20,92
42,21,91
42,22,13
42,23,-75
42,24,-86
42,25,-68
42,26,-39
42,27,-54
42,28,-6
42,29,-66
42,30,92
42,31,99
42,32,-25
42,33,22
42,34,-18
42,35,-76
42,36,-44
42,37,-69
42,38,-38
42,39,-89
42,40,-38
42,41,-24
42,42,-9
42,43,-100
42,44,78
42,45,-31
42,46,35
42,47,95
42,48,32
42,49,-15
42,50,-62
42,51,-78
42,52,-33
42,53,79
42,54,-97
42,55,25
42,56,74
42,57,-80
42,58,83
42,59,4
42,60,-35
42,61,86
42,62,-94
42,63,-52
42,64,-85
42,65,44
42,66,-17
42,67,-14
42,68,-3
42,69,-26
42,70,-67
42,71,60
42,72,-75
42,73,-35
42,74,24
42,75,-38
42,76,-14
42,77,-60
42,78,85
42,79,-3
42,80,23
42,81,-22
42,82,-91
42,83,-86
42,84,-59
42,85,-8
42,86,84
42,87,-84
42,88,87
42,89,-92
42,90,13
42,91,-65
42,92,-65
42,93,-53
42,94,-50
42,95,-4
42,96,18
42,97,-6
42,98,-31
42,99,-27
42,100,-21
42,101,-33
42,102,49
42,103,-24
42,104,15
42,105,-95
42,106,53
42,107,-26
42,108,-13
42,109,-98
42,110,-49
42,111,-27
42,112,24
42,113,87
42,114,90
42,115,-36
42,116,-49
42,117,-25
42,118,41
42,119,-12
42,120,-29
42,121,-33
42,122,55
42,123,98
42,124,37
42,125,14
42,126,-44
42,127,-35
42,128,-11
42,129,-51
42,130,-87
42,131,-85
42,132,81
42,133,70
42,134,-59
42,135,9
42,136,-79
42,137,-33
42,138,-82
42,139,-35
42,140,66
42,141,-28
42,142,46
42,143,43
42,144,-47
42,145,52
42,146,11
42,147,-83
42,148,50
42,149,16
42,150,-16
42,151,38
42,152,-62
42,153,4
42,154,-33
42,155,-76
42,156,90
42,157,57
42,158,72
42,159,22
42,160,20
42,161,-40
42,162,-1
42,163,-50
42,164,-3
42,165,36
42,166,-99
42,167,-96
42,168,89
42,169,96
42,170,79
42,171,-15
42,172,32
42,173,86
42,174,-33
42,175,-92
42,176,-8
42,177,49
42,178,54
42,179,37
42,180,24
42,181,-40
42,182,-50
42,183,-91
42,184,33
42,185,-39
42,186,12
42,187,32
42,188,21
42,189,97
42,190,90
42,191,22
42,192,83
42,193,86
42,194,-38
42,195,10
42,196,-12
42,197,86
42,198,-50
42,199,77
42,200,31
42,201,3
42,202,22
42,203,-53
42,204,-69
42,205,19
42,206,78
42,207,79
42,208,-2
42,209,-27
42,210,-67
42,211,63
42,212,-31
42,213,70
42,214,9
42,215,-85
42,216,-42
42,217,80
42,218,-82
42,219,-6
42,220,12
42,221,-60
42,222,-20
42,223,74
42,224,2
42,225,-47
42,226,82
42,227,-6
42,228,46
42,229,-39
42,230,-2
42,231,-8
42,232,86
42,233,-36
42,234,-33
42,235,-73
42,236,-83
42,237,-75
42,238,3
42,239,46
42,240,-46
42,241,18
42,242,23
42,243,84
42,244,33
42,245,28
42,246,-93
42,247,-50
42,248,-16
42,249,-76
42,250,74
42,251,82
42,252,91
42,253,-18
42,254,-8
42,255,16
42,256,37
42,257,-45
42,258,-89
42,259,60
42,260,19
42,261,-30
42,262,-84
42,263,88
42,264,21
42,265,23
42,266,-91
42,267,-70
42,268,-41
42,269,-31
42,270,-84
42,271,-51
42,272,-64
42,273,89
42,274,17
42,275,99
42,276,56
42,277,59
42,278,-21
42,279,-90
42,280,33
42,281,22
42,282,-66
42,283,-68
42,284,-83
42,285,64
42,286,-88
42,287,-11
42,288,9
42,289,91
42,290,-100
42,291,-38
42,292,-67
42,293,2
42,294,-91
42,295,27
42,296,-94
42,297,-45
42,298,-21
42,299,64
43,0,56
43,1,-89
43,2,44
43,3,-53
43,4,-75
43,5,11
43,6,21
43,7,-89
43,8,48
43,9,-59
43,10,-40
43,11,-43
43,12,81
43,13,-67
43,14,-94
43,15,8
43,16,-66
43,17,-86
43,18,92
43,19,-76
43,20,-42
43,21,-22
43,22,-15
43,23,33
43,24,79
43,25,-13
43,26,48
43,27,-30
43,28,20
43,29,-8
43,30,-5
43,31,-69
43,32,-48
43,33,-42
43,34,-32
43,35,89
43,36,31
43,37,-15
43,38,-83
43,39,-20
43,40,13
43,41,83
43,42,-77
43,43,-35
43,44,40
43,45,-39
43,46,-47
43,47,42
43,48,96
43,49,30
43,50,-64
43,51,-64
43,52,30
43,53,90
43,54,-66
43,55,79
43,56,23
43,57,55
43,58,-83
43,59,21
43,60,63
43,61,60
43,62,91
43,63,53
43,64,-53
43,65,67
43,66,-84
43,67,67
43,68,34
43,69,-44
43,70,-93
43,71,27
43,72,16
43,73,-45
43,74,25
43,75,58
43,76,-42
43,77,-43
43,78,39
43,79,75
43,80,58
43,81,7
43,82,90
43,83,-27
43,84,66
43,85,47
43,86,0
43,87,-53
43,88,-30
43,89,15
43,90,81
43,91,21
43,92,-23
43,93,98
43,94,-72
43,95,-8
43,96,-28
43,97,-1
43,98,75
43,99,-27
43,100,83
43,101,-6
43,102,-84
43,103,36
43,104,-4
43,105,61
43,106,72
43,107,-92
43,108,34
43,109,43
43,110,-82
43,111,33
43,112,13
43,113,38
43,114,24
43,115,-40
43,116,-59
43,117,-88
43,118,39
43,119,-16
43,120,-81
43,121,-51
43,122,63
43,123,-9
43,124,-13
43,125,-32
43,126,-64
43,127,39
43,128,-2
43,129,24
43,130,67
43,131,-47
43,132,29
43,133,77
43,134,-60
43,135,-56
43,136,2
43,137,5
43,138,36
43,139,89
43,140,27
43,141,-15
43,142,-54
43,143,-96
43,144,-100
43,145,-57
43,146,49
43,147,-63
43,148,-82
43,149,58
43,150,14
43,151,94
43,152,-14
43,153,69
43,154,22
43,155,-19
43,156,53
43,157,40
43,158,-43
43,159,45
43,160,-34
43,161,21
43,162,-14
43,163,30
43,164,-46
43,165,-12
43,166,-43
43,167,-38
43,168,-10
43,169,-49
43,170,25
43,171,-77
43,172,-29
43,173,-92
43,174,9
43,175,64
43,176,-7
43,177,16
43,178,-18
43,179,80
43,180,-21
43,181,51
43,182,48
43,183,-1
43,184,-61
43,185,2
43,186,-39
43,187,97
43,188,-32
43,189,41
43,190,8
43,191,69
43,192,77
43,193,88
43,194,-97
43,195,-29
43,196,-84
43,197,13
43,198,-16
43,199,-44
43,200,6
43,201,-53
43,202,71
43,203,72
43,204,16
43,205,60
43,206,-70
43,207,11
43,208,-54
43,209,33
43,210,7
43,211,-29
43,212,-30
43,213,61
43,214,7
43,215,-48
43,216,41
43,217,-85
43,218,70
43,219,15
43,220,-28
43,221,-27
43,222,-20
43,223,-89
43,224,27
43,225,-31
43,226,46
43,227,-60
43,228,80
43,229,56
43,230,97
43,231,-42
43,232,-12
43,233,91
43,234,-77
43,235,43
43,236,79
43,237,-21
43,238,33
43,239,64
43,240,31
43,241,-9
43,242,65
43,243,68
43,244,-9
43,245,-20
43,246,41
43,247,-30
43,248,78
43,249,-36
43,250,-49
43,251,-71
43,252,84
43,253,-2
43,254,57
43,255,-3
43,256,-59
43,257,38
43,258,-74
43,259,51
43,260,66
43,261,-29
43,262,-83
43,263,-24
43,264,-56
43,265,14
43,266,-14
43,267,39
43,268,76
43,269,58
43,270,-9
43,271,-79
43,272,71
43,273,-9
43,274,91
43,275,-24
43,276,-76
43,277,7
43,278,78
43,279,34
43,280,8
43,281,33
43,282,-77
43,283,-82
43,284,-18
43,285,14
43,286,-92
43,287,11
43,288,63
43,289,1
43,290,67
43,291,51
43,292,-53
43,293,90
43,294,-32
43,295,80
43,296,81
43,297,69
43,298,18
43,299,-56
44,0,24
44,1,-87
44,2,56
44,3,33
44,4,34
44,5,-64
44,6,-48
44,7,-83
44,8,-63
44,9,86
44,10,28
44,11,95
44,12,-57
44,13,-54
44,14,-66
44,15,-41
44,16,-11
44,17,-49
44,18,-93
44,19,6
44,20,68
44,21,30
44,22,96
44,23,41
44,24,-5
44,25,-75
44,26,10
44,27,97
44,28,22
44,29,85
44,30,67
44,31,-50
44,32,22
44,33,-96
44,34,-24
44,35,59
44,36,-100
44,37,81
44,38,-90
44,39,80
44,40,-93
44,41,52
44,42,67
44,43,-69
44,44,-73
44,45,30
44,46,27
44,47,-39
44,48,-74
44,49,-56
44,50,4
44,51,-9
44,52,-76
44,53,88
44,54,-57
44,55,73
44,56,41
44,57,35
44,58,75
44,59,41
44,60,92
44,61,-21
44,62,-19
44,63,34
44,64,-13
44,65,76
44,66,26
44,67,-46
44,68,40
44,69,83
44,70,-45
44,71,-86
44,72,84
44,73,-43
44,74,62
44,75,-13
44,76,-4
44,77,43
44,78,-93
44,79,72
44,80,-61
44,81,81
44,82,-87
44,83,86
44,84,-48
44,85,26
44,86,54
44,87,74
44,88,-21
44,89,14
44,90,33
44,91,-46
44,92,-57
44,93,-83
44,94,-85
44,95,-89
44,96,47
44,97,-56
44,98,91
44,99,86
44,100,-8
44,101,-79
44,102,-4
44,103,-54
44,104,-72
44,105,-56
44,106,-24
44,107,-92
44,108,-77
44,109,-86
44,110,63
44,111,-88
44,112,-10
44,113,71
44,114,0
44,115,-30
44,116,99
44,117,21
44,118,-25
44,119,63
44,120,15
44,121,-40
44,122,67
44,123,25
44,124,54
44,125,-100
44,126,61
44,127,-33
44,128,-13
44,129,-80
44,130,60
44,131,34
44,132,92
44,133,-98
44,134,-50
44,135,-22
44,136,-6
44,137,81
44,138,22
44,139,86
44,140,-95
44,141,56
44,142,-84
44,143,16
44,144,-41
44,145,49
44,146,51
44,147,24
44,148,-20
44,149,-16
44,150,-50
44,151,77
44,152,38
44,153,83
44,154,-30
44,155,69
44,156,-62
44,157,-32
44,158,-53
44,159,24
44,160,-44
44,161,-80
44,162,-19
44,163,-2
44,164,47
44,165,-86
44,166,-32
44,167,78
44,168,-25
44,169,-39
44,170,18
44,171,-64
44,172,33
44,173,98
44,174,-75
44,175,-93
44,176,-97
44,177,-80
44,178,58
44,179,48
44,180,-76
44,181,42
44,182,62
44,183,76
44,184,-58
44,185,68
44,186,-64
44,187,84
44,188,-59
44,189,74
44,190,-9
44,191,-40
44,192,41
44,193,-33
44,194,-48
44,195,-17
44,196,-67
44,197,-25
44,198,-4
44,199,51
44,200,47
44,201,96
44,202,-71
44,203,-13
44,204,-94
44,205,-65
44,206,-63
44,207,-49
44,208,42
44,209,73
44,210,50
44,211,39
44,212,71
44,213,42
44,214,-8
44,215,6
44,216,25
44,217,-52
44,218,-80
44,219,-86
44,220,-87
44,221,-59
44,222,-86
44,223,-38
44,224,95
44,225,-74
44,226,-8
44,227,4
44,228,-48
44,229,-49
44,230,-38
44,231,80
44,232,-44
44,233,19
44,234,-49
44,235,6
44,236,-58
44,237,34
44,238,16
44,239,69
44,240,-97
44,241,96
44,242,32
44,243,-21
44,244,-60
44,245,31
44,246,-99
44,247,94
44,248,48
44,249,97
44,250,-58
44,251,-19
44,252,7
44,253,96
44,254,36
44,255,55
44,256,-75
44,257,-19
44,258,-18
44,259,30
44,260,-28
44,261,-1
44,262,-52
44,263,44
44,264,-38
44,265,-46
44,266,50
44,267,-67
44,268,4
44,269,4
44,270,-32
44,271,-86
44,272,74
44,273,-98
44,274,55
44,275,-98
44,276,1
44,277,-97
44,278,-13
44,279,58
44,280,-56
44,281,86
44,282,-56
44,283,-26
44,284,64
44,285,92
44,286,-92
44,287,44
44,288,17
44,289,-36
44,290,30
44,291,-75
44,292,80
44,293,58
44,294,-75
44,295,-78
44,296,-71
44,297,-91
44,298,-29
44,299,-37
45,0,49
45,1,42
45,2,22
45,3,4
45,4,83
45,5,-27
45,6,47
45,7,4
45,8,-54
45,9,-14
45,10,-48
45,11,80
45,12,28
45,13,-99
45,14,-43
45,15,46
45,16,89
45,17,-29
45,18,39
45,19,53
45,20,-74
45,21,-72
45,22,-86
45,23,73
45,24,28
45,25,-41
45,26,6
45,27,84
45,28,-98
45,29,14
45,30,45
45,31,-49
45,32,-41
45,33,-67
45,34,-5
45,35,-12
45,36,-41
45,37,53
45,38,99
45,39,-82
45,40,10
45,41,-79
45,42,60
45,43,65
45,44,27
45,45,-66
45,46,6
45,47,27
45,48,94
45,49,-18
45,50,37
45,51,42
45,52,38
45,53,10
45,54,-11
45,55,-77
45,56,-24
45,57,0
45,58,31
45,59,-88
45,60,84
45,61,-3
45,62,19
45,63,-64
45,64,-53
45,65,98
45,66,-100
45,67,-41
45,68,39
45,69,48
45,70,38
45,71,-57
45,72,14
45,73,85
45,74,7
45,75,-57
45,76,-23
45,77,61
45,78,-76
45,79,31
45,80,91
45,81,15
45,82,18
45,83,43
45,84,-91
45,85,8
45,86,93
45,87,-66
45,88,33
45,89,-82
45,90,86
45,91,80
45,92,-93
45,93,-91
45,94,94
45,95,65
45,96,-72
45,97,-86
45,98,-14
45,99,-78
45,100,-55
45,101,-73
45,102,-75
45,103,-91
45,104,74
45,105,-97
45,106,-46
45,107,-35
45,108,-34
45,109,34
45,110,-46
45,111,-70
45,112,-27
45,113,-82
45,114,55
45,115,-20
45,116,55
45,117,46
45,118,-14
45,119,-81
45,120,-88
45,121,-24
45,122,-58
45,123,38
45,124,75
45,125,42
45,126,44
45,127,81
45,128,-51
45,129,-73
45,130,-97
45,131,-79
45,132,18
45,133,0
45,134,-62
45,135,-67
45,136,-4
45,137,-57
45,138,69
45,139,-61
45,140,-4
45,141,39
45,142,29
45,143,55
45,144,-27
45,145,-15
45,146,-11
45,147,-34
45,148,98
45,149,99
45,150,-25
45,151,-9
45,152,-91
45,153,-15
45,154,1
45,155,84
45,156,7
45,157,64
45,158,-10
45,159,91
45,160,-22
45,161,-15
45,162,6
45,163,67
45,164,0
45,165,7
45,166,-41
45,167,-53
45,168,16
45,169,5
45,170,46
45,171,99
45,172,-68
45,173,-57
45,174,64
45,175,11
45,176,-12
45,177,-65
45,178,-20
45,179,-13
45,180,48
45,181,29
45,182,-70
45,183,7
45,184,-71
45,185,71
45,186,-89
45,187,-50
45,188,20
45,189,76
45,190,51
45,191,51
45,192,87
45,193,38
45,194,-88
45,195,-10
45,196,99
45,197,-27
45,198,99
45,199,91
45,200,-81
45,201,-29
45,202,-28
45,203,-30
45,204,-23
45,205,-73
45,206,29
45,207,20
45,208,-58
45,209,-93
45,210,-88
45,211,10
45,212,-66
45,213,-78
45,214,-55
45,215,-86
45,216,29
45,217,-40
45,218,14
45,219,-37
45,220,-49
45,221,63
45,222,94
45,223,-32
45,224,-34
45,225,74
45,226,-18
45,227,-99
45,228,71
45,229,91
45,230,-23
45,231,-73
45,232,-47
45,233,-34
45,234,63
45,235,1
45,236,19
45,237,90
45,238,52
45,239,-53
45,240,66
45,241,-54
45,242,-80
45,243,57
45,244,-9
45,245,58
45,246,20
45,247,15
45,248,53
45,249,49
45,250,48
45,251,-100
45,252,64
45,253,-24
45,254,-16
45,255,-55
45,256,36
45,257,44
45,258,-54
45,259,-42
45,260,-47
45,261,-15
45,262,-89
45,263,91
45,264,-95
45,265,-48
45,266,43
45,267,-11
45,268,-96
45,269,-28
45,270,73
45,271,-87
45,272,71
45,273,90
45,274,5
45,275,-49
45,276,15
45,277,-75
45,278,-48
45,279,8
45,280,-72
45,281,-82
45,282,-54
45,283,35
45,284,-78
45,285,16
45,286,5
45,287,62
45,288,-48
45,289,-5
45,290,85
45,291,-96
45,292,-85
45,293,-84
45,294,59
45,295,1
45,296,79
45,297,-81
45,298,11
45,299,19
46,0,93
46,1,10
46,2,-100
46,3,-43
46,4,-8
46,5,71
46,6,-95
46,7,7
46,8,2
46,9,-51
46,10,17
46,11,9
46,12,99
46,13,-13
46,14,-81
46,15,-87
46,16,32
46,17,68
46,18,-61
46,19,-67
46,20,23
46,21,-56
46,22,98
46,23,-21
46,24,-30
46,25,54
46,26,-23
46,27,-23
46,28,71
46,29,-68
46,30,-68
46,31,-57
46,32,-81
46,33,10
46,34,63
46,35,-94
46,36,59
46,37,94
46,38,66
46,39,-77
46,40,-31
46,41,11
46,42,3
46,43,-47
46,44,-63
46,45,-27
46,46,-21
46,47,-69
46,48,-56
46,49,-40
46,50,97
46,51,-48
46,52,27
46,53,78
46,54,-25
46,55,83
46,56,-74
46,57,65
46,58,-39
46,59,-83
46,60,26
46,61,8
46,62,2
46,63,91
46,64,-24
46,65,16
46,66,3
46,67,57
46,68,-52
46,69,68
46,70,15
46,71,40
46,72,61
46,73,-1
46,74,24
46,75,-76
46,76,93
46,77,27
46,78,-1
46,79,45
46,80,-96
46,81,-82
46,82,69
46,83,-83
46,84,20
46,85,-69
46,86,48
46,87,-91
46,88,-64
46,89,76
46,90,-15
46,91,-88
46,92,82
46,93,44
46,94,-92
46,95,-13
46,96,71
46,97,-55
46,98,35
46,99,18
46,100,64
46,101,-82
46,102,90
46,103,73
46,104,-7
46,105,98
46,106,-75
46,107,-55
46,108,17
46,109,-55
46,110,-87
46,111,-16
46,112,-38
46,113,-29
46,114,-98
46,115,-73
46,116,24
46,117,56
46,118,-14
46,119,45
46,120,62
46,121,-24
46,122,-25
46,123,74
46,124,13
46,125,32
46,126,-26
46,127,-42
46,128,-42
46,129,-54
46,130,-6
46,131,40
46,132,-23
46,133,12
46,134,8
46,135,5
46,136,-12
46,137,-68
46,138,-4
46,139,89
46,140,-22
46,141,-85
46,142,-57
46,143,85
46,144,19
46,145,33
46,146,7
46,147,42
46,148,-97
46,149,-45
46,150,-37
46,151,95
46,152,61
46,153,-6
46,154,-45
46,155,-69
46,156,15
46,157,-92
46,158,90
46,159,4
46,160,99
46,161,-23
46,162,60
46,163,-14
46,164,-80
46,165,-46
46,166,-25
46,167,84
46,168,29
46,169,40
46,170,25
46,171,31
46,172,-17
46,173,77
46,174,14
46,175,-53
46,176,22
46,177,-23
46,178,-71
46,179,-72
46,180,35
46,181,39
46,182,-60
46,183,-75
46,184,-51
46,185,-99
46,186,-46
46,187,3
46,188,83
46,189,-87
46,190,33
46,191,27
46,192,3
46,193,-6
46,194,-20
46,195,-40
46,196,-89
46,197,-88
46,198,46
46,199,71
46,200,-12
46,201,-6
46,202,-42
46,203,-64
46,204,-76
46,205,-85
46,206,65
46,207,70
46,208,-14
46,209,41
46,210,33
46,211,-78
46,212,25
46,213,-41
46,214,39
46,215,40
46,216,-1
46,217,2
46,218,33
46,219,-38
46,220,-63
46,221,27
46,222,-51
46,223,79
46,224,-61
46,225,-93
46,226,88
46,227,-93
46,228,3
46,229,-67
46,230,87
46,231,-44
46,232,73
46,233,-79
46,234,-14
46,235,-61
46,236,72
46,237,82
46,238,78
46,239,-15
46,240,32
46,241,-6
46,242,-88
46,243,-73
46,244,-17
46,245,-39
46,246,-8
46,247,-14
46,248,-77
46,249,-3
46,250,-94
46,251,65
46,252,-64
46,253,-33
46,254,69
46,255,-15
46,256,32
46,257,91
46,258,77
46,259,-14
46,260,-86
46,261,22
46,262,6
46,263,80
46,264,52
46,265,-12
46,266,24
46,267,12
46,268,36
46,269,65
46,270,49
46,271,6
46,272,-14
46,273,76
46,274,-33
46,275,-86
46,276,-36
46,277,-47
46,278,57
46,279,-8
46,280,-81
46,281,-68
46,282,-1
46,283,-24
46,284,34
46,285,35
46,286,55
46,287,72
46,288,6
46,289,19
46,290,-27
46,291,-90
46,292,-70
46,293,-89
46,294,23
46,295,-23
46,296,78
46,297,71
46,298,-5
46,299,-51
47,0,16
47,1,-84
47,2,62
47,3,28
47,4,56
47,5,78
47,6,-37
47,7,31
47,8,-14
47,9,55
47,10,-85
47,11,-38
47,12,-25
47,13,80
47,14,-16
47,15,8
47,16,-84
47,17,67
47,18,40
47,19,79
47,20,-43
47,21,64
47,22,-22
47,23,-40
47,24,12
47,25,20
47,26,-67
47,27,-31
47,28,-84
47,29,-81
47,30,-42
47,31,-32
47,32,60
47,33,1
47,34,19
47,35,44
47,36,-44
47,37,-18
47,38,28
47,39,-88
47,40,54
47,41,97
47,42,86
47,43,-95
47,44,-4
47,45,-7
47,46,9
47,47,50
47,48,37
47,49,-50
47,50,46
47,51,-50
47,52,-14
47,53,-33
47,54,-17
47,55,-59
47,56,-44
47,57,95
47,58,65
47,59,-39
47,60,-94
47,61,11
47,62,98
47,63,77
47,64,79
47,65,-75
47,66,53
47,67,-82
47,68,-92
47,69,-40
47,70,-81
47,71,5
47,72,-51
47,73,-20
47,74,49
47,75,40
47,76,39
47,77,-91
47,78,-36
47,79,57
47,80,-93
47,81,48
47,82,-79
47,83,-83
47,84,93
47,85,75
47,86,71
47,87,-92
47,88,94
47,89,-47
47,90,-75
47,91,-7
47,92,-1
47,93,-75
47,94,-67
47,95,-93
47,96,37
47,97,-53
47,98,82
47,99,6
47,100,-47
47,101,67
47,102,18
47,103,42
47,104,-20
47,105,45
47,106,-5
47,107,1
47,108,50
47,109,-39
47,110,-55
47,111,-14
47,112,-2
47,113,-62
47,114,42
47,115,-48
47,116,91
47,117,90
47,118,-21
47,119,-85
47,120,3
47,121,-31
47,122,93
47,123,40
47,124,7
47,125,-54
47,126,-92
47,127,90
47,128,-67
47,129,56
47,130,64
47,131,70
47,132,-15
47,133,14
47,134,-37
47,135,51
47,136,98
47,137,-67
47,138,75
47,139,-89
47,140,50
47,141,-4
47,142,20
47,143,40
47,144,-14
47,145,1
47,146,-5
47,147,72
47,148,13
47,149,92
47,150,-54
47,151,-43
47,152,32
47,153,20
47,154,17
47,155,-96
47,156,87
47,157,-5
47,158,-80
47,159,51
47,160,27
47,161,23
47,162,45
47,163,-80
47,164,-47
47,165,37
47,166,51
47,167,3
47,168,10
47,169,15
47,170,87
47,171,-44
47,172,27
47,173,50
47,174,49
47,175,95
47,176,61
47,177,19
47,178,-31
47,179,55
47,180,-6
47,181,-2
47,182,66
47,183,-59
47,184,50
47,185,-31
47,186,-99
47,187,51
47,188,44
47,189,8
47,190,-36
47,191,-31
47,192,-32
47,193,20
47,194,8
47,195,-41
47,196,77
47,197,-8
47,198,-89
47,199,2
47,200,74
47,201,94
47,202,11
47,203,-36
47,204,54
47,205,-53
47,206,-13
47,207,-39
47,208,-57
47,209,46
47,210,86
47,211,35
47,212,-46
47,213,7
47,214,-54
47,215,-99
47,216,12
47,217,66
47,218,72
47,219,59
47,220,92
47,221,65
47,222,-90
47,223,37
47,224,11
47,225,86
47,226,-11
47,227,-46
47,228,47
47,229,-84
47,230,-33
47,231,32
47,232,87
47,233,50
47,234,73
47,235,-49
47,236,37
47,237,73
47,238,55
47,239,-4
47,240,70
47,241,53
47,242,82
47,243,-53
47,244,-72
47,245,-74
47,246,45
47,247,3
47,248,-41
47,249,5
47,250,-32
47,251,13
47,252,-80
47,253,51
47,254,1
47,255,30
47,256,-6
47,257,89
47,258,4
47,259,24
47,260,-99
47,261,-35
47,262,12
47,263,69
47,264,61
47,265,-59
47,266,-81
47,267,-4
47,268,-33
47,269,72
47,270,-26
47,271,24
47,272,69
47,273,-54
47,274,-96
47,275,-52
47,276,23
47,277,-64
47,278,61
47,279,97
47,280,45
47,281,-82
47,282,-61
47,283,-84
47,284,87
47,285,-2
47,286,-8
47,287,-59
47,288,22
47,289,6
47,290,-29
47,291,-36
47,292,8
47,293,-48
47,294,34
47,295,32
47,296,-77
47,297,-73
47,298,-39
47,299,-84
48,0,-81
48,1,-98
48,2,64
48,3,42
48,4,-50
48,5,75
48,6,35
48,7,40
48,8,75
48,9,-98
48,10,92
48,11,-28
48,12,58
48,13,4
48,14,17
48,15,53
48,16,83
48,17,-67
48,18,36
48,19,-39
48,20,19
48,21,14
48,22,-88
48,23,-32
48,24,68
48,25,-24
48,26,-100
48,27,-12
48,28,-54
48,29,-97
48,30,90
48,31,79
48,32,-91
48,33,-73
48,34,20
48,35,25
48,36,33
48,37,54
48,38,39
48,39,-39
48,40,79
48,41,75
48,42,-34
48,43,73
48,44,-27
48,45,-6
48,46,42
48,47,98
48,48,-65
48,49,41
48,50,11
48,51,30
48,52,12
48,53,9
48,54,13
48,55,-34
48,56,25
48,57,-15
48,58,-82
48,59,81
48,60,-32
48,61,-91
48,62,60
48,63,40
48,64,27
48,65,-2
48,66,78
48,67,-69
48,68,11
48,69,-77
48,70,-66
48,71,-18
48,72,-31
48,73,67
48,74,81
48,75,8
48,76,71
48,77,89
48,78,-2
48,79,95
48,80,-68
48,81,-45
48,82,63
48,83,81
48,84,46
48,85,70
48,86,-89
48,87,-90
48,88,-31
48,89,39
48,90,-60
48,91,52
48,92,5
48,93,-98
48,94,-98
48,95,-17
48,96,55
48,97,50
48,98,75
48,99,94
48,100,69
48,101,6
48,102,67
48,103,33
48,104,-81
48,105,38
48,106,-5
48,107,23
48,108,54
48,109,-80
48,110,13
48,111,-88
48,112,-15
48,113,-66
48,114,-54
48,115,55
48,116,48
48,117,45
48,118,58
48,119,87
48,120,24
48,121,9
48,122,-64
48,123,-80
48,124,-87
48,125,-10
48,126,-41
48,127,23
48,128,-78
48,129,10
48,130,23
48,131,56
48,132,74
48,133,-71
48,134,14
48,135,-11
48,136,-63
48,137,-18
48,138,-74
48,139,3
48,140,15
48,141,-86
48,142,86
48,143,-98
48,144,-91
48,145,19
48,146,44
48,147,27
48,148,-90
48,149,75
48,150,32
48,151,-32
48,152,-37
48,153,-87
48,154,-51
48,155,53
48,156,-29
48,157,-32
48,158,34
48,159,26
48,160,-85
48,161,82
48,162,-23
48,163,0
48,164,-45
48,165,4
48,166,31
48,167,-53
48,168,-84
48,169,10
48,170,63
48,171,-31
48,172,-21
48,173,-8
48,174,-63
48,175,0
48,176,-39
48,177,20
48,178,-53
48,179,-91
48,180,-65
48,181,56
48,182,-97
48,183,-57
48,184,-45
48,185,-59
48,186,13
48,187,40
48,188,73
48,189,60
48,190,-80
48,191,-22
48,192,84
48,193,-32
48,194,-31
48,195,-34
48,196,-53
48,197,60
48,198,-65
48,199,60
48,200,58
48,201,48
48,202,-74
48,203,-29
48,204,0
48,205,89
48,206,-5
48,207,27
48,208,-75
48,209,-35
48,210,39
48,211,-79
48,212,-84
48,213,-94
48,214,6
48,215,-33
48,216,27
48,217,-64
48,218,-63
48,219,-5
48,220,38
48,221,-100
48,222,52
48,223,-59
48,224,79
48,225,51
48,226,80
48,227,83
48,228,-38
48,229,-20
48,230,-93
48,231,86
48,232,72
48,233,-74
48,234,-49
48,235,45
48,236,-10
48,237,-15
48,238,-85
48,239,-35
48,240,-96
48,241,-19
48,242,30
48,243,17
48,244,-20
48,245,-31
48,246,14
48,247,-94
48,248,-51
48,249,41
48,250,65
48,251,10
48,252,-54
48,253,11
48,254,60
48,255,-58
48,256,-10
48,257,-72
48,258,27
48,259,84
48,260,32
48,261,-5
48,262,87
48,263,16
48,264,-31
48,265,29
48,266,-31
48,267,9
48,268,70
48,269,31
48,270,-45
48,271,86
48,272,-12
48,273,36
48,274,30
48,275,75
48,276,70
48,277,-1
48,278,28
48,279,-44
48,280,80
48,281,43
48,282,-50
48,283,11
48,284,3
48,285,26
48,286,-46
48,287,-100
48,288,-11
48,289,55
48,290,-48
48,291,85
48,292,-28
48,293,87
48,294,86
48,295,7
48,296,49
48,297,-93
48,298,76
48,299,-59
49,0,54
49,1,66
49,2,-76
49,3,-63
49,4,-16
49,5,51
49,6,-77
49,7,-41
49,8,77
49,9,10
49,10,-35
49,11,41
49,12,-48
49,13,59
49,14,5
49,15,-5
49,16,75
49,17,-62
49,18,67
49,19,-59
49,20,10
49,21,3
49,22,-24
49,23,-93
49,24,-75
49,25,39
49,26,-58
49,27,78
49,28,9
49,29,-1
49,30,-38
49,31,-52
49,32,14
49,33,54
49,34,36
49,35,66
49,36,-36
49,37,98
49,38,-30
49,39,-94
49,40,99
49,41,-21
49,42,-34
49,43,37
49,44,98
49,45,80
49,46,0
49,47,-6
49,48,-14
49,49,84
49,50,-10
49,51,2
49,52,25
49,53,54
49,54,81
49,55,12
49,56,-97
49,57,-13
49,58,50
49,59,75
49,60,69
49,61,-98
49,62,-10
49,63,-98
49,64,55
49,65,90
49,66,-20
49,67,58
49,68,37
49,69,76
49,70,-7
49,71,25
49,72,12
49,73,48
49,74,-1
49,75,-48
49,76,-14
49,77,-12
49,78,-47
49,79,84
49,80,-81
49,81,12
49,82,-52
49,83,34
49,84,-72
49,85,-53
49,86,-88
49,87,-98
49,88,-99
49,89,-85
49,90,-7
49,91,1
49,92,33
49,93,-56
49,94,-30
49,95,32
49,96,-45
49,97,98
49,98,26
49,99,-69
49,100,-52
49,101,-88
49,102,57
49,103,-76
49,104,-41
49,105,-42
49,106,55
49,107,-43
49,108,-81
49,109,61
49,110,32
49,111,87
49,112,70
49,113,-44
49,114,84
49,115,-47
49,116,11
49,117,72
49,118,-15
49,119,-64
49,120,-17
49,121,-53
49,122,17
49,123,81
49,124,-53
49,125,11
49,126,9
49,127,-95
49,128,61
49,129,90
49,130,-23
49,131,75
49,132,-78
49,133,25
49,134,-17
49,135,-88
49,136,-54
49,137,-57
49,138,4
49,139,59
49,140,53
49,141,80
49,142,-87
49,143,79
49,144,20
49,145,-65
49,146,-93
49,147,67
49,148,49
49,149,-85
49,150,-10
49,151,19
49,152,87
49,153,-41
49,154,-91
49,155,52
49,156,-70
49,157,-80
49,158,-20
49,159,-68
49,160,-70
49,161,48
49,162,-65
49,163,92
49,164,31
49,165,-33
49,166,-11
49,167,31
49,168,-92
49,169,-71
49,170,14
49,171,-56
49,172,-97
49,173,-32
49,174,-78
49,175,-85
49,176,-79
49,177,-29
49,178,-53
49,179,89
49,180,87
49,181,6
49,182,32
49,183,-94
49,184,-50
49,185,-36
49,186,-92
49,187,-19
49,188,-56
49,189,21
49,190,74
49,191,94
49,192,51
49,193,-91
49,194,-28
49,195,-53
49,196,62
49,197,81
49,198,-14
49,199,10
49,200,98
49,201,-85
49,202,-48
49,203,-61
49,204,-1
49,205,-81
49,206,-32
49,207,-56
49,208,-95
49,209,96
49,210,76
49,211,-62
49,212,1
49,213,29
49,214,6
49,215,-62
49,216,17
49,217,48
49,218,67
49,219,-19
49,220,-47
49,221,9
49,222,-89
49,223,64
49,224,9
49,225,-63
49,226,42
49,227,-94
49,228,-23
49,229,77
49,230,-36
49,231,1
49,232,94
49,233,0
49,234,-57
49,235,-70
49,236,70
49,237,-24
49,238,-53
49,239,-19
49,240,26
49,241,88
49,242,-17
49,243,-91
49,244,-72
49,245,-53
49,246,89
49,247,15
49,248,-88
49,249,71
49,250,-54
49,251,2
49,252,91
49,253,-10
49,254,-48
49,255,-9
49,256,-24
49,257,-57
49,258,55
49,259,-99
49,260,0
49,261,-44
49,262,-44
49,263,-67
49,264,-43
49,265,79
49,266,56
49,267,-66
49,268,-26
49,269,75
49,270,-68
49,271,14
49,272,-26
49,273,-28
49,274,-23
49,275,-92
49,276,-53
49,277,-34
49,278,63
49,279,98
49,280,18
49,281,71
49,282,87
49,283,90
49,284,32
49,285,18
49,286,-15
49,287,5
49,288,-25
49,289,-61
49,290,-82
49,291,-54
49,292,-36
49,293,94
49,294,45
49,295,77
49,296,-71
49,297,25
49,298,-35
49,299,-96
50,0,-8
50,1,-4
50,2,69
50,3,-7
50,4,5
50,5,32
50,6,77
50,7,-16
50,8,-43
50,9,-22
50,10,-93
50,11,58
50,12,-89
50,13,48
50,14,-7
50,15,89
50,16,-10
50,17,-68
50,18,53
50,19,-1
50,20,67
50,21,92
50,22,86
50,23,-86
50,24,13
50,25,28
50,26,-90
50,27,-46
50,28,-99
50,29,-36
50,30,71
50,31,-85
50,32,49
50,33,5
50,34,45
50,35,74
50,36,-71
50,37,-91
50,38,85
50,39,-39
50,40,-16
50,41,33
50,42,-34
50,43,-60
50,44,70
50,45,-83
50,46,-43
50,47,-41
50,48,-13
50,49,-74
50,50,-33
50,51,-79
50,52,51
50,53,-61
50,54,8
50,55,-27
50,56,-35
50,57,67
50,58,-95
50,59,11
50,60,-83
50,61,-20
50,62,1
50,63,9
50,64,-71
50,65,21
50,66,48
50,67,-39
50,68,37
50,69,19
50,70,6
50,71,40
50,72,-25
50,73,-92
50,74,95
50,75,-62
50,76,-77
50,77,24
50,78,17
50,79,-67
50,80,-40
50,81,68
50,82,32
50,83,-22
50,84,-51
50,85,31
50,86,-50
50,87,-49
50,88,21
50,89,66
50,90,-93
50,91,12
50,92,-56
50,93,-13
50,94,-73
50,95,18
50,96,6
50,97,-74
50,98,92
50,99,61
50,100,-20
50,101,0
50,102,-39
50,103,-39
50,104,65
50,105,-75
50,106,20
50,107,-77
50,108,-62
50,109,23
50,110,-80
50,111,-7
50,112,74
50,113,14
50,114,75
50,115,20
50,116,-88
50,117,30
50,118,59
50,119,62
50,120,-82
50,121,41
50,122,75
50,123,-20
50,124,22
50,125,-33
50,126,72
50,127,-82
50,128,-37
50,129,0
50,130,-35
50,131,-35
50,132,-26
50,133,-56
50,134,-14
50,135,-34
50,136,96
50,137,-98
50,138,65
50,139,69
50,140,67
50,141,77
50,142,62
50,143,-77
50,144,-13
50,145,-84
50,146,-61
50,147,93
50,148,71
50,149,50
50,150,-95
50,151,93
50,152,48
50,153,18
50,154,19
50,155,-66
50,156,12
50,157,-72
50,158,-94
50,159,-48
50,160,64
50,161,-78
50,162,-4
50,163,35
50,164,-25
50,165,75
50,166,-91
50,167,16
50,168,-77
50,169,74
50,170,80
50,171,-62
50,172,94
50,173,-35
50,174,-95
50,175,-80
50,176,-28
50,177,-27
50,178,-65
50,179,30
50,180,69
50,181,72
50,182,-57
50,183,-10
50,184,60
50,185,-41
50,186,-8
50,187,-18
50,188,97
50,189,-18
50,190,-24
50,191,-75
50,192,-80
50,193,19
50,194,29
50,195,74
50,196,7
50,197,57
50,198,-74
50,199,-30
50,200,47
50,201,-51
50,202,-6
50,203,-78
50,204,40
50,205,-20
50,206,31
50,207,41
50,208,-81
50,209,23
50,210,-88
50,211,-98
50,212,74
50,213,30
50,214,28
50,215,-11
50,216,51
50,217,-66
50,218,-87
50,219,94
50,220,40
50,221,74
50,222,-51
50,223,-23
50,224,53
50,225,-98
50,226,78
50,227,-61
50,228,95
50,229,63
50,230,-50
50,231,-100
50,232,3
50,233,60
50,234,34
50,235,16
50,236,15
50,237,-49
50,238,19
50,239,38
50,240,54
50,241,41
50,242,-15
50,243,-55
50,244,-25
50,245,-91
50,246,51
50,247,-40
50,248,-83
50,249,-15
50,250,36
50,251,44
50,252,27
50,253,3
50,254,85
50,255,40
50,256,77
50,257,0
50,258,-95
50,259,-16
50,260,-50
50,261,-65
50,262,-30
50,263,-1
50,264,-76
50,265,38
50,266,-57
50,267,-87
50,268,-72
50,269,-27
50,270,-51
50,271,-96
50,272,99
50,273,9
50,274,96
50,275,21
50,276,-13
50,277,-44
50,278,-75
50,279,-95
50,280,43
50,281,-41
50,282,-1
50,283,-89
50,284,-26
50,285,-98
50,286,-38
50,287,91
50,288,89
50,289,33
50,290,-82
50,291,-83
50,292,-21
50,293,70
50,294,-28
50,295,30
50,296,25
50,297,-29
50,298,-63
50,299,-33
51,0,71
51,1,-21
51,2,90
51,3,-59
51,4,-37
51,5,81
51,6,-23
51,7,26
51,8,4
51,9,98
51,10,-25
51,11,64
51,12,31
51,13,29
51,14,21
51,15,-57
51,16,94
51,17,95
51,18,1
51,19,-39
51,20,-100
51,21,-84
51,22,-85
51,23,-92
51,24,80
51,25,-42
51,26,18
51,27,36
51,28,39
51,29,18
51,30,-60
51,31,42
51,32,-35
51,33,-26
51,34,-90
51,35,-93
51,36,82
51,37,33
51,38,80
51,39,47
51,40,66
51,41,-2
51,42,-29
51,43,12
51,44,6
51,45,-67
51,46,-44
51,47,16
51,48,19
51,49,46
51,50,-30
51,51,58
51,52,-61
51,53,41
51,54,2
51,55,23
51,56,22
51,57,-1
51,58,64
51,59,71
51,60,36
51,61,-43
51,62,47
51,63,8
51,64,20
51,65,-9
51,66,-51
51,67,47
51,68,4
51,69,63
51,70,16
51,71,-74
51,72,99
51,73,-69
51,74,-100
51,75,-84
51,76,36
51,77,-17
51,78,-56
51,79,-35
51,80,-69
51,81,-56
51,82,-92
51,83,-71
51,84,-17
51,85,65
51,86,-41
51,87,-100
51,88,-96
51,89,-38
51,90,63
51,91,-36
51,92,-23
51,93,51
51,94,31
51,95,13
51,96,95
51,97,-76
51,98,34
51,99,40
51,100,95
51,101,-58
51,102,-44
51,103,63
51,104,41
51,105,-29
51,106,-74
51,107,27
51,108,5
51,109,64
51,110,-30
51,111,52
51,112,-34
51,113,-11
51,114,-97
51,115,5
51,116,-22
51,117,-5
51,118,-8
51,119,-27
51,120,25
51,121,-85
51,122,46
51,123,56
51,124,15
51,125,78
51,126,-83
51,127,85
51,128,71
51,129,-85
51,130,92
51,131,29
51,132,-45
51,133,-22
51,134,2
51,135,-73
51,136,92
51,137,-96
51,138,5
51,139,-79
51,140,16
51,141,-1
51,142,-88
51,143,-36
51,144,43
51,145,-15
51,146,-37
51,147,-69
51,148,-21
51,149,-50
51,150,-22
51,151,85
51,152,73
51,153,79
51,154,5
51,155,-38
51,156,-25
51,157,-41
51,158,-36
51,159,16
51,160,-20
51,161,4
51,162,27
51,163,82
51,164,84
51,165,-30
51,166,-15
51,167,53
51,168,39
51,169,-30
51,170,-55
51,171,-54
51,172,-22
51,173,65
51,174,48
51,175,41
51,176,29
51,177,99
51,178,26
51,179,8
51,180,18
51,181,97
51,182,0
51,183,60
51,184,-95
51,185,25
51,186,2
51,187,-64
51,188,41
51,189,-64
51,190,-93
51,191,-24
51,192,40
51,193,-61
51,194,6
51,195,-9
51,196,85
51,197,-83
51,198,-44
51,199,-18
51,200,65
51,201,-69
51,202,93
51,203,-76
51,204,85
51,205,-68
51,206,-13
51,207,93
51,208,57
51,209,3
51,210,-67
51,211,1
51,212,26
51,213,-32
51,214,75
51,215,-61
51,216,78
51,217,-21
51,218,40
51,219,-70
51,220,15
51,221,66
51,222,-38
51,223,-53
51,224,-14
51,225,-53
51,226,-40
51,227,39
51,228,-23
51,229,83
51,230,-83
51,231,54
51,232,-73
51,233,-21
51,234,79
51,235,-85
51,236,-24
51,237,85
51,238,36
51,239,-75
51,240,-73
51,241,4
51,242,-24
51,243,63
51,244,-92
51,245,74
51,246,-50
51,247,-25
51,248,21
51,249,84
51,250,-69
51,251,94
51,252,-44
51,253,-47
51,254,15
51,255,43
51,256,-39
51,257,-17
51,258,-45
51,259,-78
51,260,-84
51,261,65
51,262,99
51,263,57
51,264,85
51,265,-23
51,266,-79
51,267,7
51,268,-84
51,269,-86
51,270,13
51,271,-53
51,272,59
51,273,12
51,274,67
51,275,-4
51,276,84
51,277,85
51,278,-10
51,279,-85
51,280,55
51,281,-3
51,282,10
51,283,-100
51,284,-60
51,285,-53
51,286,58
51,287,63
51,288,7
51,289,60
51,290,60
51,291,2
51,292,27
51,293,50
51,294,87
51,295,-71
51,296,-56
51,297,-21
51,298,-62
51,299,-56
52,0,-23
52,1,-20
52,2,39
52,3,-8
52,4,-69
52,5,83
52,6,-77
52,7,15
52,8,-88
52,9,47
52,10,-22
52,11,-45
52,12,-48
52,13,-33
52,14,81
52,15,-67
52,16,-73
52,17,-51
52,18,29
52,19,10
52,20,-7
52,21,53
52,22,78
52,23,-54
52,24,-75
52,25,-17
52,26,5
52,27,-9
52,28,19
52,29,-26
52,30,21
52,31,88
52,32,50
52,33,64
52,34,-60
52,35,-49
52,36,-19
52,37,76
52,38,54
52,39,33
52,40,-27
52,41,-35
52,42,-77
52,43,65
52,44,-73
52,45,55
52,46,16
52,47,13
52,48,93
52,49,-40
52,50,73
52,51,-32
52,52,13
52,53,-26
52,54,70
52,55,-42
52,56,29
52,57,-86
52,58,4
52,59,64
52,60,98
52,61,47
52,62,-3
52,63,-66
52,64,61
52,65,-70
52,66,26
52,67,-82
52,68,95
52,69,-77
52,70,-17
52,71,66
52,72,-9
52,73,81
52,74,66
52,75,44
52,76,46
52,77,17
52,78,75
52,79,62
52,80,59
52,81,74
52,82,-54
52,83,91
52,84,73
52,85,2
52,86,20
52,87,62
52,88,-7
52,89,44
52,90,-59
52,91,10
52,92,-72
52,93,97
52,94,23
52,95,-84
52,96,-87
52,97,51
52,98,84
52,99,-51
52,100,-44
52,101,88
52,102,3
52,103,-62
52,104,82
52,105,-5
52,106,-65
52,107,13
52,108,-64
52,109,-87
52,110,54
52,111,22
52,112,-18
52,113,58
52,114,-28
52,115,1
52,116,-20
52,117,-18
52,118,-57
52,119,-33
52,120,-53
52,121,-44
52,122,-26
52,123,-79
52,124,31
52,125,99
52,126,-55
52,127,86
52,128,61
52,129,-90
52,130,-70
52,131,38
52,132,19
52,133,-45
52,134,-63
52,135,-80
52,136,9
52,137,-7
52,138,37
52,139,53
52,140,35
52,141,-93
52,142,87
52,143,-29
52,144,18
52,145,-67
52,146,43
52,147,4
52,148,40
52,149,-14
52,150,49
52,151,54
52,152,-37
52,153,-99
52,154,8
52,155,-75
52,156,-18
52,157,6
52,158,-32
52,159,-4
52,160,-71
52,161,-93
52,162,-63
52,163,88
52,164,-20
52,165,7
52,166,-36
52,167,-34
52,168,73
52,169,-11
52,170,-6
52,171,-29
52,172,-58
52,173,86
52,174,-55
52,175,99
52,176,24
52,177,62
52,178,-62
52,179,-50
52,180,-97
52,181,20
52,182,-21
52,183,-24
52,184,78
52,185,32
52,186,-46
52,187,-81
52,188,51
52,189,63
52,190,-67
52,191,21
52,192,8
52,193,25
52,194,-47
52,195,61
52,196,44
52,197,32
52,198,-12
52,199,45
52,200,82
52,201,-48
52,202,-51
52,203,-29
52,204,72
52,205,40
52,206,-85
52,207,-88
52,208,-81
52,209,-35
52,210,-54
52,211,46
52,212,72
52,213,64
52,214,21
52,215,-47
52,216,-95
52,217,-87
52,218,31
52,219,-15
52,220,82
52,221,61
52,222,-74
52,223,-94
52,224,30
52,225,74
52,226,-99
52,227,-21
52,228,52
52,229,-41
52,230,-77
52,231,-86
52,232,-6
52,233,41
52,234,81
52,235,33
52,236,-20
52,237,-83
52,238,-81
52,239,14
52,240,89
52,241,-61
52,242,-62
52,243,79
52,244,-69
52,245,23
52,246,7
52,247,-74
52,248,9
52,249,79
52,250,-4
52,251,90
52,252,-27
52,253,90
52,254,-84
52,255,-52
52,256,-20
52,257,15
52,258,-78
52,259,-3
52,260,-29
52,261,40
52,262,50
52,263,-44
52,264,89
52,265,81
52,266,47
52,267,-15
52,268,79
52,269,-78
52,270,4
52,271,62
52,272,-34
52,273,-67
52,274,-68
52,275,-55
52,276,-20
52,277,72
52,278,46
52,279,-14
52,280,-86
52,281,22
52,282,20
52,283,-23
52,284,-35
52,285,-62
52,286,-83
52,287,97
52,288,86
52,289,59
52,290,-80
52,291,67
52,292,-74
52,293,-99
52,294,-4
52,295,-62
52,296,-45
52,297,6
52,298,26
52,299,-88
53,0,25
53,1,83
53,2,93
53,3,-45
53,4,-73
53,5,-37
53,6,-30
53,7,91
53,8,83
53,9,68
53,10,18
53,11,-1
53,12,-60
53,13,-97
53,14,84
53,15,57
53,16,-13
53,17,-17
53,18,-55
53,19,83
53,20,58
53,21,-13
53,22,-94
53,23,-24
53,24,81
53,25,35
53,26,82
53,27,96
53,28,71
53,29,40
53,30,-8
53,31,-81
53,32,-23
53,33,59
53,34,87
53,35,77
53,36,-74
53,37,19
53,38,-76
53,39,-49
53,40,95
53,41,-80
53,42,-83
53,43,-62
53,44,-86
53,45,-48
53,46,-63
53,47,75
53,48,-49
53,49,-29
53,50,-73
53,51,43
53,52,17
53,53,43
53,54,-66
53,55,44
53,56,-2
53,57,-49
53,58,39
53,59,-18
53,60,-53
53,61,-79
53,62,22
53,63,26
53,64,76
53,65,-49
53,66,-22
53,67,28
53,68,-35
53,69,-37
53,70,-93
53,71,-76
53,72,93
53,73,97
53,74,-7
53,75,78
53,76,80
53,77,-86
53,78,77
53,79,98
53,80,21
53,81,-26
53,82,3
53,83,-63
53,84,67
53,85,93
53,86,14
53,87,-62
53,88,7
53,89,-84
53,90,34
53,91,17
53,92,-62
53,93,95
53,94,-66
53,95,-50
53,96,-54
53,97,-65
53,98,-37
53,99,-6
53,100,4
53,101,-88
53,102,45
53,103,48
53,104,11
53,105,-36
53,106,-93
53,107,-53
53,108,-16
53,109,-58
53,110,80
53,111,-16
53,112,54
53,113,-82
53,114,-78
53,115,14
53,116,-51
53,117,78
53,118,-58
53,119,-2
53,120,3
53,121,15
53,122,-50
53,123,5
53,124,11
53,125,96
53,126,68
53,127,-29
53,128,38
53,129,-21
53,130,79
53,131,50
53,132,-52
53,133,65
53,134,-54
53,135,-29
53,136,-94
53,137,-35
53,138,-24
53,139,-39
53,140,56
53,141,-63
53,142,24
53,143,-17
53,144,60
53,145,-72
53,146,13
53,147,-22
53,148,-78
53,149,5
53,150,30
53,151,0
53,152,72
53,153,-93
53,154,-15
53,155,16
53,156,-72
53,157,-99
53,158,12
53,159,77
53,160,-36
53,161,7
53,162,-81
53,163,79
53,164,-64
53,165,-29
53,166,-74
53,167,74
53,168,22
53,169,33
53,170,87
53,171,-56
53,172,71
53,173,-18
53,174,45
53,175,19
53,176,-36
53,177,-76
53,178,-74
53,179,34
53,180,71
53,181,5
53,182,56
53,183,-57
53,184,6
53,185,-65
53,186,46
53,187,-95
53,188,52
53,189,58
53,190,-92
53,191,64
53,192,54
53,193,-88
53,194,-60
53,195,27
53,196,-35
53,197,-16
53,198,-77
53,199,-57
53,200,5
53,201,-3
53,202,-41
53,203,-92
53,204,29
53,205,-45
53,206,57
53,207,-79
53,208,-20
53,209,-1
53,210,-88
53,211,-30
53,212,-85
53,213,-56
53,214,-36
53,215,38
53,216,-31
53,217,47
53,218,-2
53,219,90
53,220,0
53,221,4
53,222,39
53,223,89
53,224,-7
53,225,-59
53,226,-18
53,227,96
53,228,85
53,229,32
53,230,4
53,231,54
53,232,-73
53,233,-75
53,234,15
53,235,-52
53,236,48
53,237,-100
53,238,-9
53,239,-43
53,240,-22
53,241,82
53,242,-20
53,243,-75
53,244,52
53,245,-24
53,246,60
53,247,-29
53,248,-32
53,249,-95
53,250,-78
53,251,57
53,252,-47
53,253,-14
53,254,-90
53,255,58
53,256,33
53,257,-90
53,258,-24
53,259,-89
53,260,93
53,261,-48
53,262,-2
53,263,-65
53,264,44
53,265,-73
53,266,49
53,267,1
53,268,-94
53,269,-86
53,270,38
53,271,-77
53,272,94
53,273,-71
53,274,97
53,275,-35
53,276,-40
53,277,-23
53,278,-60
53,279,-19
53,280,-50
53,281,71
53,282,-6
53,283,-88
53,284,-11
53,285,39
53,286,-19
53,287,-92
53,288,-53
53,289,-52
53,290,-48
53,291,83
53,292,-61
53,293,6
53,294,-77
53,295,99
53,296,7
53,297,-68
53,298,-78
53,299,-24
54,0,-47
54,1,-48
54,2,-52
54,3,-23
54,4,-21
54,5,76
54,6,1
54,7,21
54,8,87
54,9,2
54,10,-11
54,11,-11
54,12,92
54,13,59
54,14,20
54,15,48
54,16,45
54,17,-41
54,18,21
54,19,40
54,20,51
54,21,-71
54,22,29
54,23,-18
54,24,10
54,25,7
54,26,10
54,27,-76
54,28,-51
54,29,-87
54,30,33
54,31,-25
54,32,-17
54,33,-14
54,34,57
54,35,-71
54,36,65
54,37,-43
54,38,-7
54,39,-60
54,40,-7
54,41,-44
54,42,63
54,43,-37
54,44,-3
54,45,-85
54,46,-13
54,47,-23
54,48,-11
54,49,-29
54,50,-87
54,51,-70
54,52,-35
54,53,11
54,54,-33
54,55,92
54,56,-46
54,57,22
54,58,67
54,59,52
54,60,-76
54,61,30
54,62,-32
54,63,1
54,64,17
54,65,-75
54,66,-61
54,67,-63
54,68,65
54,69,95
54,70,-94
54,71,57
54,72,19
54,73,46
54,74,-66
54,75,60
54,76,60
54,77,-23
54,78,-63
54,79,37
54,80,84
54,81,-73
54,82,-1
54,83,-63
54,84,43
54,85,23
54,86,48
54,87,-9
54,88,-4
54,89,-95
54,90,68
54,91,26
54,92,-86
54,93,7
54,94,30
54,95,-58
54,96,-54
54,97,-2
54,98,-87
54,99,93
54,100,56
54,101,31
54,102,53
54,103,14
54,104,39
54,105,-99
54,106,44
54,107,-66
54,108,-91
54,109,11
54,110,70
54,111,-80
54,112,-86
54,113,62
54,114,11
54,115,25
54,116,-16
54,117,-16
54,118,87
54,119,71
54,120,-96
54,121,16
54,122,45
54,123,48
54,124,-29
54,125,-27
54,126,-50
54,127,68
54,128,-77
54,129,51
54,130,-63
54,131,-57
54,132,84
54,133,86
54,134,61
54,135,-26
54,136,-6
54,137,-78
54,138,23
54,139,-15
54,140,-58
54,141,-61
54,142,-54
54,143,68
54,144,74
54,145,-81
54,146,8
54,147,92
54,148,-33
54,149,-77
54,150,-65
54,151,-56
54,152,29
54,153,-73
54,154,53
54,155,-78
54,156,63
54,157,-10
54,158,33
54,159,62
54,160,2
54,161,-63
54,162,62
54,163,-7
54,164,-48
54,165,-63
54,166,86
54,167,-58
54,168,2
54,169,13
54,170,-97
54,171,-96
54,172,-33
54,173,22
54,174,72
54,175,-21
54,176,52
54,177,-90
54,178,56
54,179,61
54,180,41
54,181,19
54,182,51
54,183,86
54,184,66
54,185,-75
54,186,70
54,187,-65
54,188,66
54,189,88
54,190,43
54,191,21
54,192,-42
54,193,-5
54,194,-95
54,195,-3
54,196,-45
54,197,35
54,198,-7
54,199,-74
54,200,98
54,201,54
54,202,19
54,203,73
54,204,68
54,205,-76
54,206,-15
54,207,45
54,208,-89
54,209,-14
54,210,78
54,211,8
54,212,66
54,213,-12
54,214,-91
54,215,-27
54,216,-24
54,217,-47
54,218,56
54,219,1
54,220,68
54,221,36
54,222,90
54,223,64
54,224,41
54,225,0
54,226,-28
54,227,-29
54,228,66
54,229,67
54,230,-47
54,231,-98
54,232,82
54,233,10
54,234,60
54,235,-5
54,236,-30
54,237,-82
54,238,-67
54,239,-51
54,240,74
54,241,-55
54,242,83
54,243,84
54,244,-18
54,245,-50
54,246,-47
54,247,-11
54,248,-20
54,249,17
54,250,55
54,251,-82
54,252,-74
54,253,75
54,254,46
54,255,78
54,256,-94
54,257,56
54,258,70
54,259,-32
54,260,-7
54,261,12
54,262,6
54,263,19
54,264,85
54,265,35
54,266,69
54,267,-59
54,268,-88
54,269,53
54,270,-83
54,271,-59
54,272,-50
54,273,12
54,274,43
54,275,0
54,276,-98
54,277,-22
54,278,-3
54,279,72
54,280,49
54,281,-78
54,282,-42
54,283,89
54,284,12
54,285,-33
54,286,-47
54,287,-44
54,288,50
54,289,10
54,290,-41
54,291,-28
54,292,-46
54,293,16
54,294,-38
54,295,83
54,296,-46
54,297,-76
54,298,-75
54,299,76
55,0,-38
55,1,72
55,2,-28
55,3,-22
55,4,66
55,5,-36
55,6,-32
55,7,83
55,8,-92
55,9,97
55,10,55
55,11,72
55,12,-75
55,13,-73
55,14,-61
55,15,42
55,16,33
55,17,-74
55,18,-63
55,19,95
55,20,-16
55,21,-37
55,22,-71
55,23,-2
55,24,30
55,25,89
55,26,-89
55,27,-10
55,28,-71
55,29,-63
55,30,-16
55,31,-41
55,32,-63
55,33,3
55,34,42
55,35,45
55,36,79
55,37,-72
55,38,11
55,39,87
55,40,-80
55,41,44
55,42,45
55,43,84
55,44,18
55,45,64
55,46,-41
55,47,65
55,48,39
55,49,12
55,50,28
55,51,-43
55,52,-98
55,53,90
55,54,48
55,55,-78
55,56,36
55,57,-18
55,58,-46
55,59,9
55,60,15
55,61,46
55,62,-39
55,63,-14
55,64,66
55,65,-1
55,66,-74
55,67,73
55,68,-67
55,69,-68
55,70,-9
55,71,-5
55,72,77
55,73,47
55,74,67
55,75,-6
55,76,85
55,77,58
55,78,-63
55,79,72
55,80,-60
55,81,36
55,82,36
55,83,90
55,84,-22
55,85,27
55,86,-79
55,87,-85
55,88,-69
55,89,93
55,90,41
55,91,-63
55,92,-3
55,93,35
55,94,-80
55,95,-45
55,96,-55
55,97,-58
55,98,19
55,99,-55
55,100,-53
55,101,97
55,102,-17
55,103,-70
55,104,60
55,105,71
55,106,-30
55,107,-93
55,108,29
55,109,44
55,110,-49
55,111,-56
55,112,-64
55,113,69
55,114,-57
55,115,16
55,116,-63
55,117,-2
55,118,23
55,119,-95
55,120,-33
55,121,78
55,122,0
55,123,62
55,124,85
55,125,84
55,126,33
55,127,-88
55,128,86
55,129,-71
55,130,-1
55,131,-99
55,132,-43
55,133,-65
55,134,-29
55,135,72
55,136,36
55,137,25
55,138,92
55,139,-24
55,140,-51
55,141,-69
55,142,-3
55,143,-58
55,144,24
55,145,-6
55,146,-23
55,147,-47
55,148,-54
55,149,-87
55,150,75
55,151,-46
55,152,56
55,153,74
55,154,-38
55,155,-82
55,156,-10
55,157,36
55,158,0
55,159,-64
55,160,6
55,161,-9
55,162,-49
55,163,84
55,164,-73
55,165,-65
55,166,15
55,167,-37
55,168,-83
55,169,-12
55,170,62
55,171,95
55,172,-23
55,173,66
55,174,-11
55,175,-93
55,176,-86
55,177,-94
55,178,-84
55,179,-15
55,180,17
55,181,-37
55,182,-89
55,183,-45
55,184,73
55,185,74
55,186,0
55,187,-85
55,188,96
55,189,-99
55,190,27
55,191,-9
55,192,4
55,193,81
55,194,54
55,195,-70
55,196,68
55,197,63
55,198,-54
55,199,-58
55,200,-36
55,201,-51
55,202,-100
55,203,99
55,204,84
55,205,43
55,206,21
55,207,-73
55,208,-15
55,209,-19
55,210,-79
55,211,-60
55,212,-25
55,213,46
55,214,-12
55,215,77
55,216,-42
55,217,-32
55,218,61
55,219,66
55,220,22
55,221,-27
55,222,-94
55,223,0
55,224,10
55,225,79
55,226,87
55,227,-49
55,228,-77
55,229,-75
55,230,24
55,231,-11
55,232,21
55,233,-91
55,234,-84
55,235,-99
55,236,11
55,237,-74
55,238,-30
55,239,75
55,240,17
55,241,-92
55,242,-15
55,243,-78
55,244,98
55,245,-28
55,246,-74
55,247,-8
55,248,-20
55,249,-17
55,250,98
55,251,-58
55,252,-94
55,253,-9
55,254,-18
55,255,90
55,256,-17
55,257,-57
55,258,66
55,259,-61
55,260,34
55,261,97
55,262,-76
55,263,-42
55,264,40
55,265,2
55,266,-15
55,267,11
55,268,-15
55,269,-3
55,270,-39
55,271,-93
55,272,12
55,273,72
55,274,45
55,275,-41
55,276,-41
55,277,5
55,278,-99
55,279,93
55,280,-10
55,281,-87
55,282,-53
55,283,2
55,284,-45
55,285,-89
55,286,-46
55,287,55
55,288,9
55,289,-97
55,290,-65
55,291,77
55,292,30
55,293,-100
55,294,-84
55,295,98
55,296,-39
55,297,-53
55,298,-39
55,299,-32
56,0,46
56,1,2
56,2,9
56,3,61
56,4,76
56,5,74
56,6,-10
56,7,13
56,8,77
56,9,-12
56,10,53
56,11,-45
56,12,-23
56,13,-87
56,14,-76
56,15,31
56,16,-69
56,17,-19
56,18,-23
56,19,92
56,20,5
56,21,88
56,22,-81
56,23,-27
56,24,-91
56,25,22
56,26,-67
56,27,88
56,28,54
56,29,-61
56,30,92
56,31,26
56,32,-68
56,33,95
56,34,-30
56,35,36
56,36,43
56,37,32
56,38,-3
56,39,23
56,40,50
56,41,-58
56,42,13
56,43,-12
56,44,84
56,45,78
56,46,-88
56,47,27
56,48,51
56,49,38
56,50,-49
56,51,-84
56,52,64
56,53,-88
56,54,89
56,55,-17
56,56,-4
56,57,5
56,58,-5
56,59,-93
56,60,-45
56,61,3
56,62,-18
56,63,97
56,64,-57
56,65,87
56,66,2
56,67,11
56,68,68
56,69,48
56,70,-59
56,71,56
56,72,92
56,73,44
56,74,-71
56,75,-75
56,76,80
56,77,24
56,78,-82
56,79,-48
56,80,-16
56,81,-84
56,82,73
56,83,3
56,84,80
56,85,4
56,86,3
56,87,91
56,88,72
56,89,76
56,90,46
56,91,23
56,92,98
56,93,-20
56,94,92
56,95,-64
56,96,20
56,97,-31
56,98,53
56,99,29
56,100,-42
56,101,17
56,102,32
56,103,-64
56,104,-70
56,105,-2
56,106,-7
56,107,75
56,108,-95
56,109,-86
56,110,42
56,111,88
56,112,-85
56,113,-81
56,114,-24
56,115,-57
56,116,69
56,117,-55
56,118,-6
56,119,61
56,120,-37
56,121,56
56,122,30
56,123,-92
56,124,52
56,125,-59
56,126,73
56,127,-28
56,128,-17
56,129,-42
56,130,-80
56,131,49
56,132,56
56,133,-38
56,134,-28
56,135,-40
56,136,-37
56,137,-32
56,138,67
56,139,28
56,140,5
56,141,-36
56,142,21
56,143,-39
56,144,81
56,145,2
56,146,-41
56,147,-55
56,148,-96
56,149,12
56,150,49
56,151,80
56,152,-31
56,153,59
56,154,-90
56,155,37
56,156,66
56,157,-3
56,158,-70
56,159,-89
56,160,7
56,161,-21
56,162,65
56,163,-34
56,164,93
56,165,-49
56,166,32
56,167,38
56,168,-76
56,169,-66
56,170,62
56,171,-79
56,172,64
56,173,82
56,174,-5
56,175,16
56,176,99
56,177,91
56,178,-81
56,179,5
56,180,-97
56,181,-83
56,182,-50
56,183,95
56,184,-81
56,185,21
56,186,36
56,187,-21
56,188,53
56,189,1
56,190,-76
56,191,95
56,192,68
56,193,-42
56,194,-56
56,195,-60
56,196,-63
56,197,16
56,198,-82
56,199,-87
56,200,26
56,201,48
56,202,42
56,203,-98
56,204,-64
56,205,16
56,206,73
56,207,-85
56,208,41
56,209,-92
56,210,-94
56,211,41
56,212,33
56,213,-86
56,214,79
56,215,-29
56,216,61
56,217,3
56,218,28
56,219,-5
56,220,21
56,221,14
56,222,96
56,223,47
56,224,-21
56,225,-94
56,226,34
56,227,-51
56,228,29
56,229,-54
56,230,-87
56,231,-70
56,232,-51
56,233,88
56,234,-60
56,235,-87
56,236,32
56,237,-96
56,238,91
56,239,56
56,240,-96
56,241,12
56,242,17
56,243,-5
56,244,-65
56,245,-22
56,246,-82
56,247,91
56,248,-79
56,249,61
56,250,-45
56,251,-84
56,252,83
56,253,-84
56,254,45
56,255,72
56,256,-23
56,257,-45
56,258,-21
56,259,-51
56,260,-43
56,261,-83
56,262,34
56,263,-25
56,264,-91
56,265,-32
56,266,-16
56,267,30
56,268,-18
56,269,8
56,270,-57
56,271,97
56,272,41
56,273,31
56,274,-83
56,275,-8
56,276,79
56,277,-63
56,278,47
56,279,71
56,280,-50
56,281,-82
56,282,19
56,283,-33
56,284,-35
56,285,40
56,286,89
56,287,88
56,288,57
56,289,-3
56,290,57
56,291,78
56,292,-13
56,293,75
56,294,-68
56,295,4
56,296,-27
56,297,-19
56,298,-82
56,299,-30
57,0,-44
57,1,46
57,2,-22
57,3,68
57,4,-59
57,5,79
57,6,15
57,7,-97
57,8,-97
57,9,-96
57,10,-60
57,11,7
57,12,-14
57,13,3
57,14,16
57,15,0
57,16,88
57,17,-26
57,18,82
57,19,-26
57,20,-88
57,21,41
57,22,87
57,23,99
57,24,-76
57,25,14
57,26,71
57,27,-19
57,28,-91
57,29,98
57,30,-51
57,31,71
57,32,41
57,33,-86
57,34,-85
57,35,-99
57,36,57
57,37,-71
57,38,-19
57,39,-70
57,40,-24
57,41,47
57,42,76
57,43,13
57,44,-66
57,45,-78
57,46,5
57,47,-4
57,48,14
57,49,-1
57,50,88
57,51,-46
57,52,94
57,53,-93
57,54,67
57,55,-42
57,56,27
57,57,-69
57,58,-8
57,59,-94
57,60,-99
57,61,-16
57,62,33
57,63,5
57,64,-65
57,65,59
57,66,-56
57,67,-59
57,68,-48
57,69,9
57,70,-92
57,71,-14
57,72,13
57,73,-26
57,74,76
57,75,29
57,76,94
57,77,-90
57,78,-51
57,79,62
57,80,21
57,81,42
57,82,-26
57,83,-70
57,84,-9
57,85,89
57,86,55
57,87,52
57,88,-9
57,89,52
57,90,-26
57,91,-9
57,92,28
57,93,86
57,94,96
57,95,-59
57,96,9
57,97,61
57,98,93
57,99,-83
57,100,-24
57,101,32
57,102,-81
57,103,93
57,104,26
57,105,-26
57,106,-39
57,107,-69
57,108,85
57,109,77
57,110,65
57,111,82
57,112,-73
57,113,-27
57,114,-20
57,115,-79
57,116,70
57,117,63
57,118,-5
57,119,21
57,120,22
57,121,-49
57,122,63
57,123,55
57,124,-23
57,125,85
57,126,63
57,127,-31
57,128,36
57,129,-80
57,130,-37
57,131,-25
57,132,-40
57,133,-6
57,134,-61
57,135,83
57,136,-97
57,137,-70
57,138,54
57,139,85
57,140,52
57,141,-32
57,142,-31
57,143,-96
57,144,14
57,145,-10
57,146,-93
57,147,-92
57,148,-86
57,149,4
57,150,-94
57,151,-29
57,152,14
57,153,-86
57,154,64
57,155,-18
57,156,-62
57,157,33
57,158,-44
57,159,-9
57,160,-20
57,161,46
57,162,26
57,163,90
57,164,58
57,165,-26
57,166,-22
57,167,-91
57,168,6
57,169,-14
57,170,-34
57,171,-39
57,172,30
57,173,45
57,174,52
57,175,6
57,176,47
57,177,85
57,178,-8
57,179,-15
57,180,77
57,181,20
57,182,-22
57,183,-91
57,184,48
57,185,-72
57,186,-5
57,187,-91
57,188,-88
57,189,-54
57,190,50
57,191,-51
57,192,31
57,193,15
57,194,12
57,195,94
57,196,-16
57,197,-48
57,198,29
57,199,-33
57,200,92
57,201,-22
57,202,-44
57,203,-4
57,204,97
57,205,34
57,206,46
57,207,71
57,208,-38
57,209,-36
57,210,-62
57,211,8
57,212,-75
57,213,71
57,214,-89
57,215,49
57,216,-24
57,217,41
57,218,-15
57,219,-71
57,220,71
57,221,65
57,222,86
57,223,69
57,224,-49
57,225,-38
57,226,88
57,227,19
57,228,4
57,229,61
57,230,-62
57,231,-60
57,232,20
57,233,7
57,234,64
57,235,-36
57,236,17
57,237,-22
57,238,59
57,239,-93
57,240,-4
57,241,-83
57,242,72
57,243,-5
57,244,-68
57,245,-96
57,246,26
57,247,-27
57,248,25
57,249,63
57,250,50
57,251,67
57,252,-96
57,253,-67
57,254,-77
57,255,44
57,256,-6
57,257,-30
57,258,-9
57,259,24
57,260,-79
57,261,-86
57,262,0
57,263,-86
57,264,52
57,265,-48
57,266,48
57,267,1
57,268,93
57,269,12
57,270,-69
57,271,-80
57,272,95
57,273,71
57,274,-18
57,275,93
57,276,-87
57,277,-86
57,278,47
57,279,-67
57,280,63
57,281,-18
57,282,-92
57,283,98
57,284,57
57,285,-24
57,286,90
57,287,62
57,288,40
57,289,73
57,290,83
57,291,-92
57,292,-65
57,293,16
57,294,-98
57,295,-82
57,296,55
57,297,-78
57,298,3
57,299,34
58,0,4
58,1,41
58,2,-55
58,3,42
58,4,94
58,5,-86
58,6,-50
58,7,9
58,8,-93
58,9,-32
58,10,89
58,11,78
58,12,-38
58,13,-33
58,14,43
58,15,51
58,16,-95
58,17,18
58,18,-44
58,19,-70
58,20,-95
58,21,56
58,22,-34
58,23,30
58,24,55
58,25,-27
58,26,13
58,27,-4
58,28,75
58,29,-21
58,30,22
58,31,37
58,32,-68
58,33,94
58,34,96
58,35,39
58,36,84
58,37,-57
58,38,-88
58,39,51
58,40,71
58,41,-44
58,42,-5
58,43,43
58,44,8
58,45,19
58,46,-1
58,47,48
58,48,10
58,49,-50
58,50,-80
58,51,-41
58,52,78
58,53,-80
58,54,6
58,55,25
58,56,33
58,57,-28
58,58,92
58,59,-25
58,60,85
58,61,-23
58,62,33
58,63,-36
58,64,-15
58,65,-67
58,66,-45
58,67,-26
58,68,-98
58,69,69
58,70,89
58,71,-95
58,72,-95
58,73,90
58,74,47
58,75,48
58,76,-99
58,77,-11
58,78,-45
58,79,-5
58,80,-91
58,81,-14
58,82,-31
58,83,50
58,84,12
58,85,-71
58,86,27
58,87,-23
58,88,64
58,89,-46
58,90,-52
58,91,-67
58,92,4
58,93,71
58,94,-79
58,95,-70
58,96,34
58,97,4
58,98,48
58,99,-85
58,100,-81
58,101,-58
58,102,71
58,103,-54
58,104,13
58,105,-82
58,106,-53
58,107,96
58,108,38
58,109,56
58,110,-56
58,111,95
58,112,63
58,113,75
58,114,-14
58,115,-86
58,116,9
58,117,71
58,118,94
58,119,-5
58,120,67
58,121,1
58,122,-15
58,123,41
58,124,90
58,125,-20
58,126,-50
58,127,11
58,128,85
58,129,-86
58,130,-36
58,131,-13
58,132,82
58,133,-25
58,134,-91
58,135,-59
58,136,-6
58,137,-90
58,138,17
58,139,43
58,140,24
58,141,-23
58,142,46
58,143,58
58,144,80
58,145,-11
58,146,-93
58,147,51
58,148,35
58,149,10
58,150,75
58,151,57
58,152,-43
58,153,-15
58,154,-46
58,155,21
58,156,89
58,157,7
58,158,-53
58,159,31
58,160,64
58,161,35
58,162,28
58,163,97
58,164,-54
58,165,-96
58,166,77
58,167,-77
58,168,74
58,169,-83
58,170,-17
58,171,55
58,172,-96
58,173,-71
58,174,-100
58,175,-15
58,176,-19
58,177,73
58,178,-32
58,179,-70
58,180,97
58,181,-10
58,182,83
58,183,-8
58,184,26
58,185,55
58,186,-85
58,187,-47
58,188,80
58,189,39
58,190,-81
58,191,-19
58,192,61
58,193,80
58,194,91
58,195,50
58,196,8
58,197,54
58,198,12
58,199,-84
58,200,75
58,201,48
58,202,77
58,203,67
58,204,25
58,205,-98
58,206,-84
58,207,88
58,208,-51
58,209,21
58,210,-11
58,211,-14
58,212,-95
58,213,55
58,214,99
58,215,-46
58,216,85
58,217,72
58,218,99
58,219,46
58,220,1
58,221,-72
58,222,50
58,223,10
58,224,59
58,225,-91
58,226,-10
58,227,76
58,228,92
58,229,-72
58,230,86
58,231,-56
58,232,94
58,233,-50
58,234,0
58,235,27
58,236,-90
58,237,-19
58,238,27
58,239,-95
58,240,-34
58,241,-39
58,242,32
58,243,36
58,244,-73
58,245,-63
58,246,-58
58,247,16
58,248,48
58,249,89
58,250,-55
58,251,97
58,252,65
58,253,-52
58,254,-62
58,255,-30
58,256,26
58,257,57
58,258,48
58,259,-100
58,260,59
58,261,35
58,262,-32
58,263,-71
58,264,14
58,265,-93
58,266,12
58,267,-82
58,268,-42
58,269,82
58,270,57
58,271,-22
58,272,-65
58,273,-46
58,274,-57
58,275,54
58,276,-24
58,277,-23
58,278,0
58,279,81
58,280,75
58,281,-71
58,282,-62
58,283,-88
58,284,21
58,285,43
58,286,71
58,287,98
58,288,11
58,289,54
58,290,-56
58,291,18
58,292,-66
58,293,55
58,294,-94
58,295,89
58,296,9
58,297,13
58,298,-50
58,299,-55
59,0,-81
59,1,-5
59,2,-63
59,3,88
59,4,3
59,5,-69
59,6,53
59,7,-43
59,8,66
59,9,47
59,10,-19
59,11,-51
59,12,-49
59,13,-15
59,14,14
59,15,49
59,16,-48
59,17,-35
59,18,16
59,19,-58
59,20,-19
59,21,50
59,22,-37
59,23,36
59,24,12
59,25,34
59,26,68
59,27,-47
59,28,-36
59,29,-99
59,30,31
59,31,-23
59,32,-69
59,33,-1
59,34,29
59,35,3
59,36,91
59,37,41
59,38,47
59,39,-12
59,40,-52
59,41,35
59,42,90
59,43,73
59,44,48
59,45,-14
59,46,59
59,47,-93
59,48,0
59,49,-85
59,50,-61
59,51,5
59,52,-74
59,53,3
59,54,4
59,55,45
59,56,-66
59,57,12
59,58,-49
59,59,42
59,60,90
59,61,-48
59,62,-10
59,63,-20
59,64,3
59,65,-35
59,66,12
59,67,-70
59,68,-40
59,69,91
59,70,0
59,71,4
59,72,-3
59,73,-67
59,74,82
59,75,-42
59,76,-98
59,77,-84
59,78,-23
59,79,-55
59,80,65
59,81,-66
59,82,28
59,83,11
59,84,56
59,85,31
59,86,-40
59,87,-4
59,88,44
59,89,55
59,90,77
59,91,-11
59,92,35
59,93,61
59,94,-42
59,95,-83
59,96,-6
59,97,86
59,98,54
59,99,-85
59,100,-91
59,101,3
59,102,-25
59,103,49
59,104,-85
59,105,-89
59,106,-26
59,107,78
59,108,28
59,109,-74
59,110,94
59,111,-89
59,112,-71
59,113,-92
59,114,-48
59,115,88
59,116,-47
59,117,64
59,118,92
59,119,69
59,120,-52
59,121,-97
59,122,91
59,123,-22
59,124,78
59,125,-10
59,126,99
59,127,87
59,128,-22
59,129,58
59,130,2
59,131,10
59,132,99
59,133,-43
59,134,-19
59,135,31
59,136,-79
59,137,30
59,138,-22
59,139,-2
59,140,74
59,141,-63
59,142,60
59,143,75
59,144,92
59,145,16
59,146,-75
59,147,35
59,148,-51
59,149,-63
59,150,37
59,151,-59
59,152,-64
59,153,53
59,154,39
59,155,-52
59,156,41
59,157,-55
59,158,62
59,159,-72
59,160,-89
59,161,15
59,162,-19
59,163,-57
59,164,93
59,165,-99
59,166,86
59,167,-84
59,168,37
59,169,-83
59,170,-79
59,171,-18
59,172,-43
59,173,-48
59,174,-100
59,175,-40
59,176,58
59,177,-70
59,178,-35
59,179,46
59,180,-48
59,181,-6
59,182,49
59,183,-78
59,184,42
59,185,53
59,186,30
59,187,-14
59,188,47
59,189,24
59,190,8
59,191,-61
59,192,20
59,193,-62
59,194,19
59,195,99
59,196,-83
59,197,68
59,198,97
59,199,54
59,200,42
59,201,-64
59,202,85
59,203,-96
59,204,-28
59,205,34
59,206,-60
59,207,-91
59,208,89
59,209,53
59,210,-33
59,211,-77
59,212,-23
59,213,68
59,214,92
59,215,44
59,216,8
59,217,-77
59,218,54
59,219,-94
59,220,-28
59,221,6
59,222,-2
59,223,21
59,224,-89
59,225,-16
59,226,-98
59,227,-22
59,228,-16
59,229,-91
59,230,-68
59,231,-55
59,232,-42
59,233,-49
59,234,-95
59,235,29
59,236,-72
59,237,18
59,238,67
59,239,-4
59,240,88
59,241,95
59,242,-33
59,243,56
59,244,89
59,245,-41
59,246,23
59,247,-17
59,248,-60
59,249,12
59,250,-36
59,251,91
59,252,-22
59,253,-38
59,254,75
59,255,47
59,256,17
59,257,-64
59,258,-37
59,259,-15
59,260,32
59,261,-67
59,262,-62
59,263,-34
59,264,-39
59,265,-13
59,266,51
59,267,30
59,268,8
59,269,98
59,270,-12
59,271,-34
59,272,-22
59,273,77
59,274,-72
59,275,-27
59,276,-69
59,277,-14
59,278,-62
59,279,36
59,280,0
59,281,41
59,282,-33
59,283,91
59,284,47
59,285,-73
59,286,-87
59,287,71
59,288,-24
59,289,15
59,290,66
59,291,-73
59,292,91
59,293,-12
59,294,-69
59,295,36
59,296,55
59,297,-6
59,298,-84
59,299,16
60,0,-24
60,1,-46
60,2,-91
60,3,-21
60,4,33
60,5,75
60,6,15
60,7,94
60,8,68
60,9,-22
60,10,-41
60,11,-59
60,12,15
60,13,8
60,14,-30
60,15,55
60,16,1
60,17,-88
60,18,-86
60,19,-65
60,20,-86
60,21,16
60,22,-26
60,23,-45
60,24,-6
60,25,31
60,26,-49
60,27,37
60,28,72
60,29,-17
60,30,-72
60,31,-48
60,32,56
60,33,50
60,34,84
60,35,77
60,36,-80
60,37,11
60,38,70
60,39,37
60,40,-25
60,41,-71
60,42,24
60,43,-50
60,44,60
60,45,45
60,46,-23
60,47,-79
60,48,-37
60,49,-80
60,50,28
60,51,6
60,52,15
60,53,23
60,54,42
60,55,-65
60,56,-54
60,57,81
60,58,-69
60,59,85
60,60,73
60,61,-47
60,62,60
60,63,66
60,64,-78
60,65,70
60,66,82
60,67,-99
60,68,93
60,69,65
60,70,56
60,71,9
60,72,23
60,73,-34
60,74,-30
60,75,63
60,76,-72
60,77,18
60,78,64
60,79,12
60,80,-56
60,81,-85
60,82,-70
60,83,61
60,84,-51
60,85,92
60,86,21
60,87,89
60,88,70
60,89,83
60,90,-86
60,91,75
60,92,-52
60,93,71
60,94,-91
60,95,-81
60,96,-31
60,97,-93
60,98,72
60,99,-67
60,100,78
60,101,-97
60,102,7
60,103,66
60,104,-77
60,105,-46
60,106,-75
60,107,-76
60,108,-65
60,109,-30
60,110,85
60,111,-89
60,112,28
60,113,15
60,114,77
60,115,52
60,116,32
60,117,-18
60,118,95
60,119,-95
60,120,-75
60,121,12
60,122,2
60,123,19
60,124,82
60,125,66
60,126,-92
60,127,-56
60,128,-87
60,129,11
60,130,-46
60,131,36
60,132,-86
60,133,-64
60,134,77
60,135,26
60,136,16
60,137,-17
60,138,-29
60,139,-5
60,140,10
60,141,48
60,142,84
60,143,4
60,144,46
60,145,-43
60,146,-6
60,147,17
60,148,-95
60,149,-97
60,150,-58
60,151,-8
60,152,-59
60,153,-98
60,154,28
60,155,82
60,156,-86
60,157,-54
60,158,-16
60,159,73
60,160,-43
60,161,98
60,162,-62
60,163,30
60,164,57
60,165,-66
60,166,84
60,167,56
60,168,77
60,169,89
60,170,-49
60,171,17
60,172,-87
60,173,62
60,174,55
60,175,85
60,176,-71
60,177,-11
60,178,34
60,179,66
60,180,-6
60,181,-32
60,182,62
60,183,26
60,184,-49
60,185,41
60,186,-38
60,187,-65
60,188,-10
60,189,51
60,190,67
60,191,56
60,192,-48
60,193,8
60,194,49
60,195,-29
60,196,-86
60,197,12
60,198,-32
60,199,15
60,200,91
60,201,-97
60,202,-26
60,203,45
60,204,-59
60,205,-71
60,206,42
60,207,-31
60,208,82
60,209,80
60,210,-85
60,211,10
60,212,3
60,213,6
60,214,22
60,215,61
60,216,-74
60,217,-88
60,218,54
60,219,-28
60,220,96
60,221,-15
60,222,-70
60,223,-98
60,224,-71
60,225,48
60,226,-2
60,227,33
60,228,59
60,229,69
60,230,89
60,231,59
60,232,-2
60,233,-15
60,234,66
60,235,-37
60,236,17
60,237,57
60,238,90
60,239,13
60,240,58
60,241,-14
60,242,-61
60,243,60
60,244,90
60,245,-76
60,246,63
60,247,51
60,248,-6
60,249,85
60,250,66
60,251,-55
60,252,37
60,253,-69
60,254,-4
60,255,63
60,256,55
60,257,43
60,258,-85
60,259,-83
60,260,35
60,261,-26
60,262,97
60,263,-100
60,264,89
60,265,24
60,266,-63
60,267,-56
60,268,85
60,269,-20
60,270,28
60,271,-69
60,272,35
60,273,17
60,274,-61
60,275,83
60,276,90
60,277,-27
60,278,10
60,279,2
60,280,2
60,281,-27
60,282,63
60,283,13
60,284,22
60,285,-44
60,286,-27
60,287,-18
60,288,72
60,289,-22
60,290,29
60,291,-8
60,292,95
60,293,-51
60,294,-72
60,295,-20
60,296,-91
60,297,54
60,298,16
60,299,42
61,0,-41
61,1,58
61,2,48
61,3,-41
61,4,-43
61,5,68
61,6,73
61,7,-56
61,8,23
61,9,-75
61,10,1
61,11,-50
61,12,63
61,13,-49
61,14,-50
61,15,30
61,16,-87
61,17,76
61,18,-100
61,19,84
61,20,44
61,21,77
61,22,-87
61,23,86
61,24,-20
61,25,-98
61,26,-3
61,27,-61
61,28,-12
61,29,24
61,30,93
61,31,61
61,32,-6
61,33,-92
61,34,-7
61,35,-17
61,36,-80
61,37,-76
61,38,1
61,39,21
61,40,71
61,41,-76
61,42,36
61,43,2
61,44,89
61,45,53
61,46,-44
61,47,-64
61,48,-85
61,49,-64
61,50,-25
61,51,51
61,52,-75
61,53,-81
61,54,36
61,55,2
61,56,-72
61,57,-70
61,58,-82
61,59,47
61,60,-74
61,61,-7
61,62,-16
61,63,-57
61,64,62
61,65,12
61,66,98
61,67,49
61,68,-27
61,69,-14
61,70,42
61,71,-7
61,72,-3
61,73,40
61,74,31
61,75,-45
61,76,50
61,77,-4
61,78,-3
61,79,-67
61,80,-1
61,81,44
61,82,55
61,83,-87
61,84,61
61,85,11
61,86,-26
61,87,84
61,88,-4
61,89,20
61,90,-46
61,91,93
61,92,16
61,93,-8
61,94,-64
61,95,95
61,96,-75
61,97,88
61,98,-34
61,99,-17
61,100,79
61,101,-83
61,102,80
61,103,90
61,104,80
61,105,-74
61,106,-70
61,107,5
61,108,28
61,109,-95
61,110,-90
61,111,61
61,112,90
61,113,80
61,114,-83
61,115,-80
61,116,-82
61,117,-97
61,118,-24
61,119,15
61,120,56
61,121,-76
61,122,83
61,123,-24
61,124,90
61,125,54
61,126,87
61,127,-52
61,128,-36
61,129,65
61,130,-18
61,131,79
61,132,-100
61,133,67
61,134,-20
61,135,-80
61,136,-15
61,137,-86
61,138,-51
61,139,-53
61,140,59
61,141,-52
61,142,95
61,143,7
61,144,-56
61,145,-69
61,146,31
61,147,92
61,148,-4
61,149,98
61,150,92
61,151,-21
61,152,45
61,153,-47
61,154,26
61,155,74
61,156,33
61,157,-35
61,158,36
61,159,95
61,160,8
61,161,-78
61,162,6
61,163,70
61,164,-50
61,165,-29
61,166,2
61,167,52
61,168,-21
61,169,62
61,170,44
61,171,-83
61,172,54
61,173,42
61,174,-20
61,175,6
61,176,-32
61,177,-21
61,178,42
61,179,-59
61,180,-67
61,181,-53
61,182,35
61,183,37
61,184,-96
61,185,15
61,186,75
61,187,16
61,188,53
61,189,7
61,190,-78
61,191,-39
61,192,-88
61,193,36
61,194,-81
61,195,-9
61,196,7
61,197,84
61,198,51
61,199,7
61,200,-68
61,201,47
61,202,87
61,203,75
61,204,-37
61,205,-71
61,206,7
61,207,-28
61,208,8
61,209,44
61,210,-1
61,211,-87
61,212,-82
61,213,-30
61,214,-42
61,215,94
61,216,-4
61,217,-57
61,218,59
61,219,10
61,220,-90
61,221,5
61,222,-99
61,223,24
61,224,95
61,225,44
61,226,-7
61,227,67
61,228,73
61,229,-8
61,230,-97
61,231,65
61,232,-38
61,233,-72
61,234,-82
61,235,-10
61,236,-72
61,237,62
61,238,15
61,239,-31
61,240,22
61,241,-78
61,242,-55
61,243,71
61,244,75
61,245,79
61,246,-93
61,247,82
61,248,-35
61,249,67
61,250,58
61,251,75
61,252,-1
61,253,-40
61,254,11
61,255,-49
61,256,65
61,257,-65
61,258,11
61,259,-14
61,260,82
61,261,-16
61,262,-88
61,263,64
61,264,-54
61,265,-11
61,266,98
61,267,-79
61,268,66
61,269,-43
61,270,-71
61,271,45
61,272,5
61,273,45
61,274,-27
61,275,66
61,276,-7
61,277,53
61,278,-30
61,279,-94
61,280,96
61,281,-36
61,282,-55
61,283,-83
61,284,40
61,285,52
61,286,-93
61,287,-27
61,288,59
61,289,44
61,290,1
61,291,-22
61,292,-22
61,293,20
61,294,75
61,295,-38
61,296,-61
61,297,-17
61,298,-86
61,299,-2
62,0,33
62,1,20
62,2,-38
62,3,35
62,4,27
62,5,11
62,6,10
62,7,-69
62,8,-56
62,9,21
62,10,79
62,11,-19
62,12,-88
62,13,-77
62,14,67
62,15,-87
62,16,-31
62,17,-39
62,18,19
62,19,-12
62,20,88
62,21,-100
62,22,93
62,23,25
62,24,-69
62,25,40
62,26,60
62,27,-69
62,28,-45
62,29,51
62,30,-10
62,31,-97
62,32,-78
62,33,-72
62,34,-3
62,35,48
62,36,-71
62,37,-11
62,38,47
62,39,43
62,40,-34
62,41,76
62,42,0
62,43,-43
62,44,71
62,45,-76
62,46,-78
62,47,86
62,48,28
62,49,-4
62,50,42
62,51,27
62,52,-20
62,53,79
62,54,85
62,55,68
62,56,71
62,57,-97
62,58,95
62,59,34
62,60,-55
62,61,-92
62,62,60
62,63,-68
62,64,-17
62,65,31
62,66,-36
62,67,5
62,68,-67
62,69,-16
62,70,-13
62,71,91
62,72,52
62,73,-46
62,74,36
62,75,-84
62,76,48
62,77,87
62,78,40
62,79,30
62,80,95
62,81,-97
62,82,-94
62,83,-75
62,84,-77
62,85,-91
62,86,-88
62,87,24
62,88,71
62,89,-62
62,90,46
62,91,78
62,92,-82
62,93,-25
62,94,-49
62,95,74
62,96,19
62,97,57
62,98,-55
62,99,48
62,100,-26
62,101,23
62,102,-53
62,103,-39
62,104,-43
62,105,-83
62,106,7
62,107,86
62,108,-53
62,109,-38
62,110,-89
62,111,-67
62,112,88
62,113,1
62,114,-14
62,115,80
62,116,-76
62,117,89
62,118,31
62,119,40
62,120,69
62,121,-52
62,122,-23
62,123,83
62,124,74
62,125,35
62,126,-46
62,127,-83
62,128,-66
62,129,59
62,130,51
62,131,-94
62,132,-88
62,133,25
62,134,11
62,135,-32
62,136,-1
62,137,-11
62,138,-59
62,139,8
62,140,58
62,141,9
62,142,-75
62,143,-25
62,144,-69
62,145,-10
62,146,24
62,147,25
62,148,-49
62,149,47
62,150,2
62,151,4
62,152,67
62,153,86
62,154,-87
62,155,71
62,156,3
62,157,16
62,158,-53
62,159,-8
62,160,70
62,161,43
62,162,9
62,163,62
62,164,-48
62,165,61
62,166,-98
62,167,-33
62,168,32
62,169,37
62,170,-49
62,171,56
62,172,-5
62,173,-70
62,174,-35
62,175,-10
62,176,-32
62,177,64
62,178,54
62,179,-14
62,180,-68
62,181,-33
62,182,86
62,183,91
62,184,-13
62,185,71
62,186,-6
62,187,7
62,188,76
62,189,-48
62,190,-27
62,191,-52
62,192,12
62,193,13
62,194,93
62,195,-6
62,196,90
62,197,-76
62,198,31
62,199,78
62,200,38
62,201,44
62,202,7
62,203,93
62,204,97
62,205,-32
62,206,-17
62,207,56
62,208,-16
62,209,18
62,210,-29
62,211,-81
62,212,-74
62,213,-93
62,214,-16
62,215,-40
62,216,55
62,217,97
62,218,-98
62,219,96
62,220,-94
62,221,87
62,222,-97
62,223,32
62,224,38
62,225,24
62,226,-86
62,227,91
62,228,-88
62,229,17
62,230,-94
62,231,3
62,232,-95
62,233,83
62,234,-37
62,235,77
62,236,-71
62,237,-79
62,238,52
62,239,55
62,240,17
62,241,-17
62,242,66
62,243,94
62,244,32
62,245,92
62,246,42
62,247,-11
62,248,94
62,249,67
62,250,20
62,251,5
62,252,-32
62,253,-6
62,254,-24
62,255,70
62,256,-100
62,257,49
62,258,-39
62,259,53
62,260,-83
62,261,-53
62,262,36
62,263,-100
62,264,36
62,265,50
62,266,6
62,267,72
62,268,29
62,269,41
62,270,-63
62,271,-61
62,272,90
62,273,-19
62,274,-85
62,275,26
62,276,16
62,277,-8
62,278,33
62,279,-98
62,280,-87
62,281,-35
62,282,-6
62,283,-15
62,284,94
62,285,13
62,286,58
62,287,60
62,288,28
62,289,71
62,290,-86
62,291,-64
62,292,54
62,293,75
62,294,-74
62,295,-89
62,296,-34
62,297,-71
62,298,-5
62,299,93
63,0,34
63,1,-67
63,2,-69
63,3,16
63,4,-62
63,5,-5
63,6,70
63,7,70
63,8,30
63,9,73
63,10,59
63,11,-58
63,12,-20
63,13,-98
63,14,-27
63,15,16
63,16,-38
63,17,10
63,18,-61
63,19,-83
63,20,-34
63,21,2
63,22,89
63,23,37
63,24,79
63,25,-55
63,26,-46
63,27,73
63,28,-26
63,29,87
63,30,-4
63,31,-75
63,32,54
63,33,65
63,34,-79
63,35,-75
63,36,96
63,37,62
63,38,93
63,39,-28
63,40,14
63,41,-50
63,42,12
63,43,45
63,44,70
63,45,-89
63,46,-98
63,47,19
63,48,34
63,49,33
63,50,-19
63,51,-56
63,52,26
63,53,-15
63,54,14
63,55,66
63,56,78
63,57,-92
63,58,50
63,59,-89
63,60,15
63,61,-13
63,62,-39
63,63,3
63,64,-28
63,65,-24
63,66,-61
63,67,81
63,68,34
63,69,-84
63,70,18
63,71,25
63,72,77
63,73,-77
63,74,-99
63,75,-9
63,76,60
63,77,48
63,78,16
63,79,-48
63,80,-55
63,81,-56
63,82,-92
63,83,-95
63,84,-50
63,85,18
63,86,-66
63,87,-19
63,88,80
63,89,46
63,90,96
63,91,-76
63,92,38
63,93,-84
63,94,-65
63,95,-5
63,96,-80
63,97,-83
63,98,87
63,99,45
63,100,-100
63,101,41
63,102,35
63,103,93
63,104,-50
63,105,-22
63,106,87
63,107,61
63,108,-65
63,109,-39
63,110,28
63,111,-16
63,112,-59
63,113,-100
63,114,-47
63,115,74
63,116,-1
63,117,-62
63,118,57
63,119,-94
63,120,49
63,121,20
63,122,77
63,123,-56
63,124,-27
63,125,19
63,126,-29
63,127,37
63,128,41
63,129,-55
63,130,22
63,131,17
63,132,-26
63,133,-95
63,134,-80
63,135,89
63,136,46
63,137,2
63,138,-13
63,139,-2
63,140,-39
63,141,6
63,142,-18
63,143,80
63,144,51
63,145,-45
63,146,89
63,147,61
63,148,-79
63,149,-33
63,150,84
63,151,-91
63,152,-35
63,153,-93
63,154,22
63,155,-63
63,156,22
63,157,-39
63,158,55
63,159,37
63,160,-56
63,161,-36
63,162,-34
63,163,36
63,164,32
63,165,5
63,166,37
63,167,39
63,168,-19
63,169,-43
63,170,48
63,171,48
63,172,92
63,173,30
63,174,-32
63,175,-12
63,176,-37
63,177,76
63,178,-29
63,179,-84
63,180,-28
63,181,59
63,182,-31
63,183,12
63,184,-80
63,185,34
63,186,-94
63,187,10
63,188,-74
63,189,-93
63,190,-73
63,191,93
63,192,98
63,193,-54
63,194,-15
63,195,-91
63,196,13
63,197,-68
63,198,34
63,199,30
63,200,-87
63,201,71
63,202,-55
63,203,-40
63,204,63
63,205,-88
63,206,-85
63,207,32
63,208,-63
63,209,77
63,210,-63
63,211,2
63,212,-45
63,213,-38
63,214,19
63,215,-53
63,216,4
63,217,-42
63,218,-24
63,219,71
63,220,26
63,221,-46
63,222,-46
63,223,28
63,224,35
63,225,26
63,226,31
63,227,-16
63,228,14
63,229,80
63,230,-43
63,231,-64
63,232,-52
63,233,-34
63,234,-82
63,235,28
63,236,-72
63,237,-14
63,238,-68
63,239,18
63,240,79
63,241,68
63,242,50
63,243,32
63,244,-30
63,245,84
63,246,33
63,247,76
63,248,-79
63,249,-24
63,250,-97
63,251,-29
63,252,91
63,253,64
63,254,58
63,255,64
63,256,27
63,257,-56
63,258,35
63,259,67
63,260,-8
63,261,-96
63,262,55
63,263,3
63,264,-20
63,265,-14
63,266,36
63,267,29
63,268,-38
63,269,-50
63,270,15
63,271,12
63,272,-70
63,273,-94
63,274,57
63,275,85
63,276,-98
63,277,-50
63,278,-45
63,279,-28
63,280,-91
63,281,-40
63,282,-51
63,283,21
63,284,74
63,285,-100
63,286,84
63,287,-63
63,288,89
63,289,-22
63,290,-12
63,291,97
63,292,-19
63,293,92
63,294,89
63,295,83
63,296,-34
63,297,-84
63,298,26
63,299,11
64,0,35
64,1,-41
64,2,-61
64,3,-12
64,4,89
64,5,-60
64,6,39
64,7,14
64,8,-1
64,9,16
64,10,81
64,11,-12
64,12,-8
64,13,38
64,14,-41
64,15,-33
64,16,-23
64,17,-55
64,18,-63
64,19,88
64,20,-84
64,21,-35
64,22,99
64,23,-65
64,24,-27
64,25,-94
64,26,-85
64,27,-87
64,28,-21
64,29,-76
64,30,4
64,31,-97
64,32,56
64,33,26
64,34,-45
64,35,-95
64,36,28
64,37,66
64,38,28
64,39,14
64,40,90
64,41,-44
64,42,94
64,43,-36
64,44,-36
64,45,2
64,46,-80
64,47,57
64,48,-68
64,49,75
64,50,-79
64,51,81
64,52,9
64,53,-97
64,54,82
64,55,71
64,56,39
64,57,-27
64,58,18
64,59,79
64,60,-8
64,61,-36
64,62,-36
64,63,-91
64,64,45
64,65,-54
64,66,-35
64,67,-52
64,68,99
64,69,-79
64,70,-15
64,71,-75
64,72,36
64,73,48
64,74,-6
64,75,90
64,76,6
64,77,33
64,78,-87
64,79,60
64,80,-30
64,81,51
64,82,-26
64,83,19
64,84,11
64,85,-50
64,86,29
64,87,42
64,88,62
64,89,-65
64,90,17
64,91,66
64,92,-97
64,93,91
64,94,-95
64,95,84
64,96,57
64,97,9
64,98,-2
64,99,21
64,100,16
64,101,-5
64,102,-34
64,103,19
64,104,-86
64,105,-84
64,106,-83
64,107,14
64,108,46
64,109,-25
64,110,-13
64,111,96
64,112,51
64,113,-10
64,114,-53
64,115,57
64,116,-86
64,117,74
64,118,22
64,119,26
64,120,71
64,121,-3
64,122,54
64,123,-17
64,124,91
64,125,-60
64,126,-5
64,127,-33
64,128,-96
64,129,-48
64,130,21
64,131,35
64,132,-79
64,133,5
64,134,-94
64,135,49
64,136,-55
64,137,-71
64,138,25
64,139,0
64,140,43
64,141,-22
64,142,32
64,143,-34
64,144,-78
64,145,88
64,146,-27
64,147,-96
64,148,50
64,149,-19
64,150,-76
64,151,-93
64,152,48
64,153,-99
64,154,-79
64,155,-29
64,156,-14
64,157,-29
64,158,-33
64,159,-37
64,160,-7
64,161,-82
64,162,27
64,163,-14
64,164,-19
64,165,80
64,166,-14
64,167,-4
64,168,-49
64,169,74
64,170,-19
64,171,81
64,172,71
64,173,-4
64,174,34
64,175,14
64,176,-9
64,177,-100
64,178,-38
64,179,66
64,180,-82
64,181,-70
64,182,-24
64,183,20
64,184,-77
64,185,-32
64,186,92
64,187,60
64,188,-42
64,189,13
64,190,60
64,191,59
64,192,86
64,193,0
64,194,68
64,195,-89
64,196,18
64,197,38
64,198,-4
64,199,46
64,200,81
64,201,-44
64,202,-59
64,203,-3
64,204,98
64,205,-70
64,206,79
64,207,-99
64,208,65
64,209,-69
64,210,37
64,211,4
64,212,35
64,213,-26
64,214,4
64,215,47
64,216,47
64,217,26
64,218,-92
64,219,99
64,220,-86
64,221,-4
64,222,4
64,223,-38
64,224,-80
64,225,-96
64,226,24
64,227,62
64,228,-16
64,229,95
64,230,12
64,231,75
64,232,-21
64,233,89
64,234,15
64,235,62
64,236,97
64,237,-4
64,238,-80
64,239,-21
64,240,-62
64,241,61
64,242,20
64,243,23
64,244,42
64,245,-95
64,246,93
64,247,-45
64,248,-52
64,249,-9
64,250,28
64,251,-36
64,252,-73
64,253,-1
64,254,47
64,255,75
64,256,-29
64,257,-36
64,258,-50
64,259,70
64,260,-52
64,261,52
64,262,-27
64,263,68
64,264,98
64,265,91
64,266,88
64,267,-89
64,268,3
64,269,-20
64,270,96
64,271,26
64,272,-87
64,273,-67
64,274,-53
64,275,-40
64,276,-66
64,277,18
64,278,-36
64,279,-42
64,280,-65
64,281,46
64,282,-59
64,283,-32
64,284,46
64,285,6
64,286,-62
64,287,-32
64,288,79
64,289,-89
64,290,-18
64,291,74
64,292,-65
64,293,25
64,294,-38
64,295,-25
64,296,-19
64,297,-50
64,298,-58
64,299,-67
65,0,-4
65,1,-52
65,2,45
65,3,24
65,4,88
65,5,-44
65,6,-8
65,7,8
65,8,-96
65,9,-77
65,10,91
65,11,-42
65,12,-63
65,13,60
65,14,-91
65,15,64
65,16,25
65,17,-90
65,18,-77
65,19,-13
65,20,98
65,21,13
65,22,-80
65,23,47
65,24,-91
65,25,74
65,26,74
65,27,42
65,28,71
65,29,89
65,30,33
65,31,-35
65,32,21
65,33,31
65,34,-78
65,35,-88
65,36,58
65,37,-85
65,38,-60
65,39,-100
65,40,10
65,41,-89
65,42,18
65,43,83
65,44,77
65,45,-81
65,46,93
65,47,-65
65,48,-22
65,49,65
65,50,49
65,51,7
65,52,88
65,53,77
65,54,-5
65,55,-42
65,56,-81
65,57,63
65,58,25
65,59,-4
65,60,42
65,61,-39
65,62,30
65,63,-8
65,64,-10
65,65,32
65,66,22
65,67,83
65,68,58
65,69,-15
65,70,62
65,71,17
65,72,98
65,73,97
65,74,-75
65,75,17
65,76,-100
65,77,-94
65,78,63
65,79,-25
65,80,-14
65,81,52
65,82,-7
65,83,86
65,84,-40
65,85,-72
65,86,-6
65,87,-83
65,88,-60
65,89,46
65,90,31
65,91,92
65,92,-60
65,93,22
65,94,42
65,95,81
65,96,91
65,97,99
65,98,42
65,99,77
65,100,-79
65,101,45
65,102,-21
65,103,29
65,104,-65
65,105,-81
65,106,43
65,107,-34
65,108,19
65,109,57
65,110,-46
65,111,-35
65,112,-75
65,113,84
65,114,96
65,115,29
65,116,-45
65,117,89
65,118,-67
65,119,-45
65,120,-46
65,121,-81
65,122,-51
65,123,52
65,124,-17
65,125,52
65,126,-48
65,127,41
65,128,87
65,129,10
65,130,70
65,131,89
65,132,11
65,133,-32
65,134,90
65,135,-99
65,136,81
65,137,-85
65,138,82
65,139,-7
65,140,70
65,141,88
65,142,65
65,143,-56
65,144,25
65,145,78
65,146,69
65,147,-77
65,148,14
65,149,57
65,150,64
65,151,22
65,152,80
65,153,90
65,154,38
65,155,-23
65,156,50
65,157,16
65,158,-21
65,159,-51
65,160,-16
65,161,82
65,162,82
65,163,-97
65,164,81
65,165,-40
65,166,10
65,167,-23
65,168,-18
65,169,32
65,170,-1
65,171,45
65,172,71
65,173,-70
65,174,18
65,175,-7
65,176,48
65,177,74
65,178,-71
65,179,-46
65,180,4
65,181,95
65,182,96
65,183,-60
65,184,72
65,185,-27
65,186,57
65,187,-24
65,188,-16
65,189,72
65,190,3
65,191,72
65,192,-22
65,193,-17
65,194,72
65,195,82
65,196,86
65,197,32
65,198,23
65,199,-69
65,200,-95
65,201,-7
65,202,-75
65,203,-64
65,204,-88
65,205,-8
65,206,96
65,207,-76
65,208,40
65,209,-81
65,210,-29
65,211,87
65,212,48
65,213,14
65,214,26
65,215,88
65,216,-75
65,217,-47
65,218,69
65,219,38
65,220,64
65,221,24
65,222,-90
65,223,-74
65,224,-7
65,225,-18
65,226,-67
65,227,-63
65,228,88
65,229,-14
65,230,80
65,231,-36
65,232,30
65,233,94
65,234,55
65,235,41
65,236,-49
65,237,-71
65,238,85
65,239,81
65,240,96
65,241,12
65,242,42
65,243,65
65,244,41
65,245,84
65,246,86
65,247,-93
65,248,-29
65,249,46
65,250,-69
65,251,-6
65,252,56
65,253,-60
65,254,-26
65,255,-56
65,256,-88
65,257,54
65,258,-82
65,259,53
65,260,-48
65,261,78
65,262,64
65,263,36
65,264,79
65,265,81
65,266,-98
65,267,-5
65,268,96
65,269,35
65,270,-87
65,271,19
65,272,30
65,273,51
65,274,-88
65,275,70
65,276,56
65,277,-29
65,278,78
65,279,69
65,280,58
65,281,90
65,282,53
65,283,45
65,284,-19
65,285,-44
65,286,-94
65,287,11
65,288,-53
65,289,-21
65,290,18
65,291,19
65,292,-41
65,293,-68
65,294,14
65,295,27
65,296,-98
65,297,-97
65,298,-1
65,299,-97
66,0,-59
66,1,-92
66,2,-50
66,3,44
66,4,44
66,5,-4
66,6,-81
66,7,41
66,8,-79
66,9,79
66,10,-74
66,11,-58
66,12,30
66,13,-7
66,14,-93
66,15,-15
66,16,-12
66,17,37
66,18,12
66,19,56
66,20,67
66,21,92
66,22,-80
66,23,51
66,24,87
66,25,53
66,26,-92
66,27,47
66,28,83
66,29,-65
66,30,-65
66,31,-28
66,32,49
66,33,-100
66,34,-32
66,35,-64
66,36,-29
66,37,6
66,38,-5
66,39,40
66,40,-17
66,41,-58
66,42,-64
66,43,-76
66,44,48
66,45,68
66,46,-28
66,47,69
66,48,-59
66,49,-99
66,50,95
66,51,35
66,52,-5
66,53,-40
66,54,-87
66,55,12
66,56,-24
66,57,-80
66,58,51
66,59,77
66,60,72
66,61,91
66,62,-37
66,63,53
66,64,59
66,65,-44
66,66,18
66,67,80
66,68,60
66,69,-49
66,70,-6
66,71,45
66,72,62
66,73,39
66,74,78
66,75,-12
66,76,-91
66,77,-49
66,78,-67
66,79,14
66,80,94
66,81,66
66,82,35
66,83,24
66,84,56
66,85,49
66,86,97
66,87,88
66,88,-58
66,89,76
66,90,-72
66,91,5
66,92,19
66,93,-20
66,94,-70
66,95,80
66,96,61
66,97,27
66,98,-63
66,99,84
66,100,0
66,101,31
66,102,29
66,103,-89
66,104,-66
66,105,97
66,106,9
66,107,-29
66,108,48
66,109,9
66,110,-40
66,111,62
66,112,-53
66,113,42
66,114,-30
66,115,42
66,116,33
66,117,-33
66,118,-79
66,119,-69
66,120,22
66,121,-79
66,122,54
66,123,9
66,124,-86
66,125,23
66,126,-57
66,127,14
66,128,-92
66,129,-67
66,130,-28
66,131,42
66,132,89
66,133,-56
66,134,-29
66,135,-43
66,136,14
66,137,-82
66,138,-85
66,139,-26
66,140,5
66,141,35
66,142,60
66,143,-27
66,144,-83
66,145,62
66,146,-58
66,147,-51
66,148,-98
66,149,-42
66,150,-73
66,151,-55
66,152,-37
66,153,-31
66,154,-54
66,155,41
66,156,34
66,157,58
66,158,5
66,159,-20
66,160,-50
66,161,-72
66,162,12
66,163,42
66,164,27
66,165,-11
66,166,-76
66,167,88
66,168,-60
66,169,-32
66,170,-97
66,171,4
66,172,84
66,173,-70
66,174,30
66,175,16
66,176,94
66,177,-11
66,178,77
66,179,44
66,180,87
66,181,-35
66,182,-13
66,183,-77
66,184,-2
66,185,59
66,186,4
66,187,-82
66,188,-35
66,189,-41
66,190,14
66,191,93
66,192,-86
66,193,-16
66,194,62
66,195,96
66,196,54
66,197,-13
66,198,-94
66,199,-95
66,200,24
66,201,-68
66,202,-43
66,203,76
66,204,44
66,205,9
66,206,-59
66,207,-7
66,208,99
66,209,67
66,210,73
66,211,98
66,212,97
66,213,95
66,214,28
66,215,-22
66,216,-6
66,217,10
66,218,-4
66,219,79
66,220,62
66,221,18
66,222,-32
66,223,32
66,224,44
66,225,80
66,226,-49
66,227,41
66,228,21
66,229,-72
66,230,35
66,231,3
66,232,-100
66,233,-72
66,234,63
66,235,78
66,236,64
66,237,-32
66,238,-48
66,239,23
66,240,79
66,241,-13
66,242,-18
66,243,-89
66,244,-49
66,245,28
66,246,34
66,247,44
66,248,26
66,249,70
66,250,-30
66,251,-84
66,252,86
66,253,-98
66,254,-72
66,255,-79
66,256,65
66,257,-47
66,258,6
66,259,77
66,260,-32
66,261,57
66,262,50
66,263,19
66,264,-54
66,265,48
66,266,-81
66,267,50
66,268,95
66,269,48
66,270,-80
66,271,-100
66,272,42
66,273,-84
66,274,-50
66,275,90
66,276,-87
66,277,-42
66,278,-18
66,279,-51
66,280,23
66,281,-67
66,282,-95
66,283,8
66,284,-52
66,285,-95
66,286,16
66,287,17
66,288,96
66,289,-94
66,290,-4
66,291,78
66,292,17
66,293,28
66,294,40
66,295,70
66,296,-74
66,297,98
66,298,15
66,299,30
67,0,-43
67,1,-12
67,2,-4
67,3,-84
67,4,72
67,5,0
67,6,85
67,7,83
67,8,81
67,9,-72
67,10,1
67,11,22
67,12,-47
67,13,-74
67,14,1
67,15,16
67,16,3
67,17,-56
67,18,13
67,19,-14
67,20,-70
67,21,63
67,22,88
67,23,-64
67,24,94
67,25,-65
67,26,18
67,27,-96
67,28,73
67,29,-49
67,30,-52
67,31,-95
67,32,22
67,33,37
67,34,17
67,35,-78
67,36,44
67,37,9
67,38,-57
67,39,-60
67,40,42
67,41,71
67,42,85
67,43,-51
67,44,-49
67,45,-31
67,46,95
67,47,90
67,48,85
67,49,50
67,50,71
67,51,8
67,52,17
67,53,8
67,54,-6
67,55,-57
67,56,79
67,57,-34
67,58,55
67,59,-34
67,60,-83
67,61,54
67,62,78
67,63,-41
67,64,-27
67,65,-52
67,66,-86
67,67,-28
67,68,95
67,69,42
67,70,78
67,71,-53
67,72,-29
67,73,12
67,74,28
67,75,34
67,76,-48
67,77,58
67,78,-83
67,79,-89
67,80,-53
67,81,-71
67,82,-4
67,83,-94
67,84,-9
67,85,12
67,86,-98
67,87,6
67,88,-38
67,89,33
67,90,1
67,91,-86
67,92,98
67,93,70
67,94,-10
67,95,-20
67,96,45
67,97,49
67,98,-40
67,99,19
67,100,-40
67,101,-48
67,102,-75
67,103,14
67,104,-61
67,105,-13
67,106,15
67,107,35
67,108,-80
67,109,-58
67,110,-80
67,111,30
67,112,-70
67,113,54
67,114,-74
67,115,-28
67,116,84
67,117,-4
67,118,60
67,119,-11
67,120,-57
67,121,-58
67,122,-70
67,123,16
67,124,92
67,125,-25
67,126,44
67,127,42
67,128,-67
67,129,-21
67,130,-97
67,131,-29
67,132,-3
67,133,9
67,134,-73
67,135,29
67,136,-84
67,137,-43
67,138,26
67,139,-92
67,140,-70
67,141,93
67,142,-13
67,143,-39
67,144,-82
67,145,-20
67,146,6
67,147,-46
67,148,55
67,149,11
67,150,22
67,151,77
67,152,-36
67,153,23
67,154,-98
67,155,79
67,156,37
67,157,-80
67,158,-64
67,159,-86
67,160,-14
67,161,19
67,162,36
67,163,-57
67,164,-62
67,165,32
67,166,-76
67,167,-45
67,168,20
67,169,-11
67,170,-37
67,171,99
67,172,79
67,173,-12
67,174,11
67,175,-25
67,176,36
67,177,37
67,178,-91
67,179,-39
67,180,-11
67,181,-41
67,182,46
67,183,6
67,184,-63
67,185,33
67,186,42
67,187,-54
67,188,72
67,189,32
67,190,-23
67,191,-48
67,192,93
67,193,-39
67,194,-78
67,195,-57
67,196,-49
67,197,-55
67,198,46
67,199,-17
67,200,-54
67,201,-10
67,202,-49
67,203,-77
67,204,44
67,205,-12
67,206,73
67,207,-37
67,208,18
67,209,55
67,210,77
67,211,-37
67,212,55
67,213,-15
67,214,-45
67,215,-42
67,216,32
67,217,81
67,218,71
67,219,69
67,220,99
67,221,24
67,222,84
67,223,-54
67,224,20
67,225,52
67,226,1
67,227,-57
67,228,-86
67,229,4
67,230,-50
67,231,-48
67,232,-67
67,233,23
67,234,-24
67,235,35
67,236,22
67,237,-31
67,238,-80
67,239,7
67,240,7
67,241,34
67,242,-11
67,243,-22
67,244,83
67,245,76
67,246,-59
67,247,50
67,248,-49
67,249,1
67,250,4
67,251,-22
67,252,11
67,253,80
67,254,3
67,255,-85
67,256,-5
67,257,-64
67,258,45
67,259,47
67,260,-55
67,261,-99
67,262,18
67,263,-14
67,264,-7
67,265,90
67,266,-98
67,267,73
67,268,10
67,269,76
67,270,-100
67,271,4
67,272,-79
67,273,41
67,274,72
67,275,33
67,276,-36
67,277,-80
67,278,-97
67,279,30
67,280,12
67,281,-71
67,282,-70
67,283,61
67,284,-81
67,285,-47
67,286,25
67,287,52
67,288,-86
67,289,65
67,290,50
67,291,79
67,292,93
67,293,84
67,294,-44
67,295,-22
67,296,79
67,297,62
67,298,-87
67,299,-10
68,0,-87
68,1,-2
68,2,-68
68,3,79
68,4,-100
68,5,-67
68,6,-82
68,7,51
68,8,-97
68,9,63
68,10,-24
68,11,-43
68,12,59
68,13,36
68,14,2
68,15,-34
68,16,15
68,17,47
68,18,19
68,19,89
68,20,85
68,21,-79
68,22,11
68,23,94
68,24,-26
68,25,75
68,26,35
68,27,42
68,28,-69
68,29,80
68,30,-34
68,31,-97
68,32,-71
68,33,-88
68,34,-80
68,35,-60
68,36,20
68,37,-82
68,38,-53
68,39,-15
68,40,-38
68,41,47
68,42,91
68,43,-64
68,44,-70
68,45,-27
68,46,45
68,47,6
68,48,2
68,49,9
68,50,-81
68,51,38
68,52,-15
68,53,-57
68,54,-19
68,55,-37
68,56,21
68,57,61
68,58,-14
68,59,-36
68,60,-46
68,61,-27
68,62,16
68,63,28
68,64,65
68,65,36
68,66,-6
68,67,98
68,68,44
68,69,-2
68,70,11
68,71,-49
68,72,45
68,73,90
68,74,-68
68,75,-97
68,76,-14
68,77,-26
68,78,79
68,79,-92
68,80,-37
68,81,-71
68,82,35
68,83,32
68,84,-25
68,85,90
68,86,28
68,87,-86
68,88,-12
68,89,65
68,90,69
68,91,27
68,92,73
68,93,80
68,94,-75
68,95,-40
68,96,22
68,97,-34
68,98,81
68,99,49
68,100,-75
68,101,-18
68,102,7
68,103,10
68,104,-41
68,105,-62
68,106,22
68,107,-65
68,108,-80
68,109,68
68,110,17
68,111,-53
68,112,-75
68,113,90
68,114,-65
68,115,51
68,116,27
68,117,48
68,118,45
68,119,-86
68,120,-22
68,121,33
68,122,70
68,123,58
68,124,-73
68,125,35
68,126,56
68,127,48
68,128,19
68,129,-13
68,130,85
68,131,87
68,132,77
68,133,-70
68,134,-54
68,135,-67
68,136,-99
68,137,5
68,138,94
68,139,-7
68,140,-29
68,141,-49
68,142,34
68,143,46
68,144,-11
68,145,-9
68,146,42
68,147,-23
68,148,75
68,149,24
68,150,41
68,151,30
68,152,-51
68,153,-8
68,154,23
68,155,-47
68,156,33
68,157,76
68,158,50
68,159,-23
68,160,-23
68,161,-81
68,162,-10
68,163,87
68,164,-2
68,165,72
68,166,88
68,167,-45
68,168,-99
68,169,4
68,170,72
68,171,67
68,172,11
68,173,-77
68,174,56
68,175,94
68,176,8
68,177,-33
68,178,13
68,179,93
68,180,-17
68,181,81
68,182,80
68,183,-52
68,184,-69
68,185,-40
68,186,69
68,187,28
68,188,90
68,189,1
68,190,-66
68,191,-50
68,192,98
68,193,-56
68,194,-24
68,195,12
68,196,-36
68,197,-87
68,198,-8
68,199,30
68,200,-77
68,201,-36
68,202,75
68,203,37
68,204,-88
68,205,41
68,206,-1
68,207,37
68,208,67
68,209,50
68,210,-2
68,211,-46
68,212,-38
68,213,-30
68,214,69
68,215,-2
68,216,-35
68,217,-22
68,218,-28
68,219,-54
68,220,-20
68,221,25
68,222,-49
68,223,45
68,224,45
68,225,51
68,226,-78
68,227,39
68,228,50
68,229,-80
68,230,-37
68,231,-29
68,232,61
68,233,29
68,234,-32
68,235,58
68,236,-33
68,237,97
68,238,46
68,239,27
68,240,6
68,241,8
68,242,-29
68,243,2
68,244,40
68,245,-36
68,246,33
68,247,98
68,248,11
68,249,54
68,250,-22
68,251,79
68,252,25
68,253,20
68,254,-14
68,255,-53
68,256,-13
68,257,-33
68,258,71
68,259,0
68,260,-84
68,261,-63
68,262,37
68,263,-47
68,264,33
68,265,33
68,266,-49
68,267,-86
68,268,-33
68,269,84
68,270,11
68,271,83
68,272,3
68,273,-94
68,274,-50
68,275,-43
68,276,91
68,277,8
68,278,10
68,279,53
68,280,85
68,281,-70
68,282,93
68,283,-9
68,284,5
68,285,-88
68,286,45
68,287,18
68,288,40
68,289,14
68,290,51
68,291,-44
68,292,25
68,293,56
68,294,83
68,295,-47
68,296,32
68,297,62
68,298,-82
68,299,82
69,0,-24
69,1,-32
69,2,-57
69,3,-63
69,4,-39
69,5,-79
69,6,-28
69,7,67
69,8,53
69,9,24
69,10,-96
69,11,-47
69,12,-15
69,13,76
69,14,-98
69,15,-63
69,16,41
69,17,74
69,18,41
69,19,-28
69,20,-63
69,21,91
69,22,71
69,23,24
69,24,-31
69,25,-36
69,26,-76
69,27,-85
69,28,-86
69,29,30
69,30,94
69,31,-64
69,32,82
69,33,24
69,34,12
69,35,65
69,36,90
69,37,-100
69,38,-30
69,39,2
69,40,-82
69,41,-49
69,42,17
69,43,57
69,44,6
69,45,-46
69,46,-87
69,47,-88
69,48,-17
69,49,-11
69,50,-74
69,51,-12
69,52,36
69,53,-60
69,54,-53
69,55,-89
69,56,37
69,57,-95
69,58,61
69,59,79
69,60,-60
69,61,-95
69,62,29
69,63,-86
69,64,44
69,65,-85
69,66,55
69,67,-16
69,68,99
69,69,-91
69,70,37
69,71,37
69,72,55
69,73,51
69,74,-82
69,75,-33
69,76,83
69,77,94
69,78,-59
69,79,39
69,80,45
69,81,50
69,82,-17
69,83,33
69,84,-48
69,85,-3
69,86,-59
69,87,93
69,88,-71
69,89,-92
69,90,69
69,91,-67
69,92,67
69,93,-13
69,94,44
69,95,56
69,96,-51
69,97,-25
69,98,76
69,99,88
69,100,-55
69,101,-55
69,102,25
69,103,-84
69,104,-35
69,105,3
69,106,-96
69,107,22
69,108,81
69,109,24
69,110,11
69,111,-85
69,112,-20
69,113,-10
69,114,34
69,115,35
69,116,-29
69,117,-5
69,118,10
69,119,-19
69,120,-63
69,121,-47
69,122,-25
69,123,-86
69,124,77
69,125,83
69,126,15
69,127,-92
69,128,-93
69,129,9
69,130,46
69,131,-50
69,132,99
69,133,84
69,134,95
69,135,-70
69,136,1
69,137,-98
69,138,-2
69,139,-18
69,140,-58
69,141,-72
69,142,-91
69,143,39
69,144,-55
69,145,-71
69,146,-7
69,147,-69
69,148,-54
69,149,-13
69,150,-38
69,151,53
69,152,30
69,153,-78
69,154,-27
69,155,-51
69,156,63
69,157,23
69,158,-88
69,159,25
69,160,-72
69,161,65
69,162,20
69,163,-11
69,164,32
69,165,47
69,166,-23
69,167,8
69,168,-87
69,169,35
69,170,-53
69,171,40
69,172,-77
69,173,-22
69,174,92
69,175,61
69,176,-50
69,177,-98
69,178,27
69,179,18
69,180,-43
69,181,24
69,182,99
69,183,12
69,184,-46
69,185,18
69,186,19
69,187,-21
69,188,-59
69,189,-80
69,190,-91
69,191,-44
69,192,52
69,193,-45
69,194,-63
69,195,-15
69,196,12
69,197,88
69,198,11
69,199,74
69,200,-47
69,201,-55
69,202,95
69,203,-97
69,204,93
69,205,70
69,206,-39
69,207,23
69,208,27
69,209,11
69,210,-16
69,211,-97
69,212,-36
69,213,-39
69,214,-11
69,215,19
69,216,29
69,217,36
69,218,84
69,219,-56
69,220,45
69,221,11
69,222,75
69,223,-59
69,224,-60
69,225,-12
69,226,85
69,227,-59
69,228,-66
69,229,65
69,230,-34
69,231,-60
69,232,-2
69,233,-51
69,234,3
69,235,-15
69,236,99
69,237,-22
69,238,-56
69,239,98
69,240,46
69,241,5
69,242,44
69,243,92
69,244,21
69,245,-24
69,246,-45
69,247,11
69,248,-8
69,249,-60
69,250,69
69,251,-95
69,252,96
69,253,-3
69,254,-28
69,255,67
69,256,-60
69,257,-92
69,258,-93
69,259,71
69,260,85
69,261,3
69,262,94
69,263,-88
69,264,-82
69,265,-3
69,266,-5
69,267,-52
69,268,-1
69,269,-19
69,270,57
69,271,-35
69,272,-10
69,273,-42
69,274,-48
69,275,-49
69,276,-20
69,277,58
69,278,-86
69,279,20
69,280,47
69,281,-96
69,282,34
69,283,-83
69,284,-45
69,285,-26
69,286,-5
69,287,13
69,288,0
69,289,72
69,290,-73
69,291,-51
69,292,-99
69,293,-33
69,294,27
69,295,-24
69,296,-77
69,297,11
69,298,75
69,299,72
70,0,18
70,1,85
70,2,-65
70,3,-99
70,4,26
70,5,4
70,6,-83
70,7,76
70,8,-93
70,9,85
70,10,-86
70,11,44
70,12,-78
70,13,93
70,14,97
70,15,-8
70,16,54
70,17,64
70,18,-52
70,19,-37
70,20,-67
70,21,-83
70,22,-37
70,23,5
70,24,-27
70,25,1
70,26,71
70,27,-84
70,28,86
70,29,40
70,30,-49
70,31,87
70,32,69
70,33,-37
70,34,93
70,35,-67
70,36,-6
70,37,-14
70,38,98
70,39,1
70,40,91
70,41,60
70,42,39
70,43,-25
70,44,-82
70,45,36
70,46,-27
70,47,44
70,48,-51
70,49,-62
70,50,68
70,51,37
70,52,-89
70,53,-22
70,54,-86
70,55,-73
70,56,31
70,57,-65
70,58,18
70,59,-36
70,60,-3
70,61,-54
70,62,-20
70,63,-62
70,64,-63
70,65,-57
70,66,78
70,67,-4
70,68,23
70,69,-75
70,70,63
70,71,96
70,72,-4
70,73,-100
70,74,-48
70,75,-95
70,76,-64
70,77,-99
70,78,22
70,79,-32
70,80,68
70,81,78
70,82,74
70,83,-88
70,84,-32
70,85,-35
70,86,-42
70,87,-33
70,88,-42
70,89,16
70,90,-91
70,91,40
70,92,29
70,93,-86
70,94,-55
70,95,84
70,96,37
70,97,49
70,98,-12
70,99,-24
70,100,35
70,101,48
70,102,49
70,103,9
70,104,-4
70,105,-56
70,106,-10
70,107,67
70,108,13
70,109,49
70,110,57
70,111,89
70,112,-28
70,113,72
70,114,-66
70,115,-59
70,116,32
70,117,-74
70,118,97
70,119,89
70,120,-69
70,121,35
70,122,2
70,123,-16
70,124,45
70,125,-23
70,126,42
70,127,53
70,128,80
70,129,-57
70,130,-69
70,131,-73
70,132,66
70,133,59
70,134,-24
70,135,-83
70,136,2
70,137,-31
70,138,18
70,139,38
70,140,59
70,141,47
70,142,-4
70,143,67
70,144,35
70,145,-66
70,146,-32
70,147,25
70,148,-2
70,149,-23
70,150,48
70,151,10
70,152,51
70,153,-84
70,154,45
70,155,39
70,156,43
70,157,-97
70,158,61
70,159,-9
70,160,73
70,161,-26
70,162,58
70,163,52
70,164,2
70,165,-77
70,166,-36
70,167,16
70,168,52
70,169,55
70,170,63
70,171,-19
70,172,-95
70,173,-35
70,174,-34
70,175,-29
70,176,-6
70,177,-53
70,178,-31
70,179,-23
70,180,-34
70,181,75
70,182,-36
70,183,71
70,184,-38
70,185,-55
70,186,46
70,187,91
70,188,-28
70,189,-30
70,190,9
70,191,77
70,192,-38
70,193,-60
70,194,-94
70,195,36
70,196,-97
70,197,-12
70,198,76
70,199,33
70,200,-19
70,201,-80
70,202,42
70,203,27
70,204,94
70,205,93
70,206,83
70,207,4
70,208,3
70,209,-33
70,210,59
70,211,93
70,212,9
70,213,56
70,214,-35
70,215,61
70,216,-74
70,217,-41
70,218,17
70,219,66
70,220,-57
70,221,-65
70,222,-82
70,223,-10
70,224,-56
70,225,48
70,226,50
70,227,54
70,228,-3
70,229,99
70,230,-82
70,231,-60
70,232,-75
70,233,-73
70,234,-37
70,235,-33
70,236,-21
70,237,-50
70,238,1
70,239,75
70,240,-91
70,241,66
70,242,-1
70,243,21
70,244,46
70,245,-37
70,246,23
70,247,-82
70,248,-25
70,249,-39
70,250,40
70,251,-76
70,252,-12
70,253,-9
70,254,-59
70,255,16
70,256,-62
70,257,57
70,258,32
70,259,-20
70,260,45
70,261,6
70,262,10
70,263,-80
70,264,-51
70,265,20
70,266,33
70,267,-51
70,268,93
70,269,14
70,270,-100
70,271,84
70,272,-71
70,273,85
70,274,6
70,275,79
70,276,64
70,277,-53
70,278,-14
70,279,28
70,280,-82
70,281,-55
70,282,94
70,283,29
70,284,-45
70,285,44
70,286,-9
70,287,-19
70,288,-22
70,289,49
70,290,4
70,291,-74
70,292,-46
70,293,59
70,294,-41
70,295,8
70,296,55
70,297,55
70,298,19
70,299,52
71,0,-16
71,1,-15
71,2,16
71,3,53
71,4,7
71,5,-26
71,6,18
71,7,98
71,8,44
71,9,-94
71,10,83
71,11,91
71,12,47
71,13,65
71,14,-26
71,15,-43
71,16,-85
71,17,78
71,18,-74
71,19,-50
71,20,-26
71,21,43
71,22,-14
71,23,87
71,24,22
71,25,-25
71,26,-61
71,27,-34
71,28,29
71,29,1
71,30,75
71,31,79
71,32,51
71,33,-8
71,34,9
71,35,-19
71,36,-23
71,37,-99
71,38,-36
71,39,-81
71,40,-67
71,41,-60
71,42,68
71,43,-78
71,44,-63
71,45,71
71,46,-34
71,47,-39
71,48,39
71,49,-71
71,50,-14
71,51,92
71,52,68
71,53,47
71,54,17
71,55,-95
71,56,-26
71,57,31
71,58,-8
71,59,-91
71,60,-50
71,61,-8
71,62,-63
71,63,28
71,64,35
71,65,1
71,66,-20
71,67,-18
71,68,90
71,69,60
71,70,42
71,71,-70
71,72,-80
71,73,30
71,74,25
71,75,93
71,76,-66
71,77,68
71,78,86
71,79,43
71,80,83
71,81,-56
71,82,-42
71,83,77
71,84,-89
71,85,39
71,86,-68
71,87,76
71,88,-80
71,89,-41
71,90,-49
71,91,81
71,92,66
71,93,76
71,94,22
71,95,5
71,96,91
71,97,-1
71,98,53
71,99,-30
71,100,34
71,101,99
71,102,-39
71,103,-13
71,104,-77
71,105,-61
71,106,-25
71,107,74
71,108,35
71,109,81
71,110,-92
71,111,-98
71,112,81
71,113,-80
71,114,-6
71,115,75
71,116,74
71,117,95
71,118,90
71,119,-85
71,120,6
71,121,-8
71,122,32
71,123,38
71,124,56
71,125,-22
71,126,-31
71,127,-53
71,128,-86
71,129,-67
71,130,-41
71,131,89
71,132,-99
71,133,-21
71,134,-82
71,135,-52
71,136,-23
71,137,-73
71,138,-53
71,139,-5
71,140,64
71,141,76
71,142,8
71,143,75
71,144,-28
71,145,-1
71,146,-72
71,147,87
71,148,56
71,149,-43
71,150,-53
71,151,-78
71,152,-74
71,153,-94
71,154,-52
71,155,81
71,156,8
71,157,-33
71,158,69
71,159,86
71,160,71
71,161,53
71,162,50
71,163,-28
71,164,0
71,165,-93
71,166,-48
71,167,41
71,168,98
71,169,34
71,170,36
71,171,-98
71,172,-23
71,173,44
71,174,71
71,175,-15
71,176,-55
71,177,-11
71,178,85
71,179,55
71,180,41
71,181,-92
71,182,14
71,183,53
71,184,29
71,185,-26
71,186,-20
71,187,27
71,188,-67
71,189,46
71,190,-62
71,191,-88
71,192,32
71,193,-51
71,194,-78
71,195,21
71,196,19
71,197,-13
71,198,56
71,199,11
71,200,10
71,201,-29
71,202,53
71,203,-44
71,204,-100
71,205,55
71,206,12
71,207,-39
71,208,-54
71,209,-23
71,210,5
71,211,86
71,212,58
71,213,97
71,214,25
71,215,76
71,216,-96
71,217,-70
71,218,-64
71,219,-22
71,220,42
71,221,-49
71,222,96
71,223,38
71,224,-58
71,225,97
71,226,50
71,227,-61
71,228,-38
71,229,29
71,230,-14
71,231,-28
71,232,74
71,233,3
71,234,57
71,235,-85
71,236,-42
71,237,-54
71,238,15
71,239,57
71,240,8
71,241,-92
71,242,-36
71,243,-42
71,244,1
71,245,91
71,246,35
71,247,22
71,248,79
71,249,45
71,250,-10
71,251,-5
71,252,-43
71,253,76
71,254,-69
71,255,-53
71,256,-56
71,257,81
71,258,-1
71,259,-1
71,260,-55
71,261,58
71,262,64
71,263,43
71,264,73
71,265,25
71,266,-55
71,267,20
71,268,-13
71,269,-40
71,270,-55
71,271,78
71,272,89
71,273,62
71,274,-20
71,275,69
71,276,-56
71,277,17
71,278,95
71,279,-54
71,280,57
71,281,51
71,282,93
71,283,70
71,284,61
71,285,-78
71,286,-40
71,287,64
71,288,-88
71,289,98
71,290,-94
71,291,69
71,292,65
71,293,79
71,294,71
71,295,91
71,296,40
71,297,-73
71,298,-5
71,299,6
72,0,-3
72,1,11
72,2,-100
72,3,-58
72,4,-59
72,5,-6
72,6,77
72,7,87
72,8,28
72,9,-50
72,10,43
72,11,66
72,12,-86
72,13,24
72,14,60
72,15,-14
72,16,-48
72,17,44
72,18,-12
72,19,5
72,20,-95
72,21,-70
72,22,96
72,23,-61
72,24,57
72,25,-32
72,26,34
72,27,-88
72,28,-97
72,29,77
72,30,-98
72,31,39
72,32,-36
72,33,-74
72,34,6
72,35,-51
72,36,-84
72,37,99
72,38,-69
72,39,78
72,40,-84
72,41,-67
72,42,-66
72,43,51
72,44,81
72,45,45
72,46,-51
72,47,73
72,48,75
72,49,2
72,50,-68
72,51,-12
72,52,54
72,53,28
72,54,-16
72,55,-42
72,56,-91
72,57,52
72,58,-44
72,59,-35
72,60,18
72,61,11
72,62,-86
72,63,55
72,64,-88
72,65,13
72,66,17
72,67,41
72,68,13
72,69,93
72,70,-67
72,71,0
72,72,-76
72,73,11
72,74,-47
72,75,-89
72,76,25
72,77,36
72,78,-70
72,79,-23
72,80,-48
72,81,11
72,82,-58
72,83,65
72,84,-59
72,85,23
72,86,99
72,87,75
72,88,-34
72,89,-35
72,90,43
72,91,-18
72,92,-7
72,93,4
72,94,43
72,95,-70
72,96,17
72,97,85
72,98,-73
72,99,-97
72,100,37
72,101,78
72,102,-83
72,103,-54
72,104,59
72,105,57
72,106,63
72,107,-92
72,108,63
72,109,-72
72,110,43
72,111,-9
72,112,48
72,113,-37
72,114,10
72,115,93
72,116,23
72,117,86
72,118,9
72,119,17
72,120,55
72,121,82
72,122,-1
72,123,-70
72,124,60
72,125,87
72,126,68
72,127,-20
72,128,-55
72,129,-52
72,130,92
72,131,-59
72,132,50
72,133,11
72,134,-74
72,135,59
72,136,-13
72,137,20
72,138,-98
72,139,-41
72,140,-22
72,141,44
72,142,-69
72,143,-94
72,144,-30
72,145,27
72,146,96
72,147,-43
72,148,67
72,149,11
72,150,-53
72,151,78
72,152,84
72,153,10
72,154,-30
72,155,64
72,156,-26
72,157,-27
72,158,20
72,159,-46
72,160,-60
72,161,-4
72,162,47
72,163,-68
72,164,67
72,165,-67
72,166,-39
72,167,-82
72,168,70
72,169,96
72,170,90
72,171,-91
72,172,19
72,173,22
72,174,3
72,175,40
72,176,-96
72,177,-43
72,178,-42
72,179,27
72,180,86
72,181,-15
72,182,3
72,183,42
72,184,28
72,185,-63
72,186,6
72,187,8
72,188,-48
72,189,-49
72,190,-100
72,191,-90
72,192,-43
72,193,27
72,194,67
72,195,87
72,196,-57
72,197,-95
72,198,55
72,199,58
72,200,-93
72,201,-96
72,202,5
72,203,81
72,204,11
72,205,-84
72,206,65
72,207,-92
72,208,-23
72,209,-87
72,210,53
72,211,12
72,212,89
72,213,-10
72,214,-76
72,215,63
72,216,-3
72,217,60
72,218,-98
72,219,38
72,220,11
72,221,85
72,222,91
72,223,45
72,224,-54
72,225,71
72,226,86
72,227,-51
72,228,96
72,229,56
72,230,23
72,231,-11
72,232,-34
72,233,-99
72,234,52
72,235,46
72,236,67
72,237,-99
72,238,-36
72,239,89
72,240,-10
72,241,81
72,242,72
72,243,15
72,244,-52
72,245,-32
72,246,65
72,247,31
72,248,44
72,249,25
72,250,80
72,251,-48
72,252,11
72,253,58
72,254,49
72,255,38
72,256,61
72,257,12
72,258,42
72,259,13
72,260,37
72,261,80
72,262,-53
72,263,-70
72,264,-64
72,265,7
72,266,-73
72,267,58
72,268,-31
72,269,-87
72,270,21
72,271,-85
72,272,-76
72,273,66
72,274,-35
72,275,-63
72,276,68
72,277,2
72,278,-3
72,279,14
72,280,-61
72,281,-37
72,282,-12
72,283,-1
72,284,43
72,285,-19
72,286,-24
72,287,-42
72,288,-10
72,289,-3
72,290,38
72,291,-100
72,292,-88
72,293,-71
72,294,96
72,295,-83
72,296,-23
72,297,40
72,298,-69
72,299,-30
73,0,99
73,1,-51
73,2,98
73,3,15
73,4,12
73,5,-21
73,6,-70
73,7,-50
73,8,54
73,9,-41
73,10,-68
73,11,80
73,12,26
73,13,99
73,14,60
73,15,25
73,16,-60
73,17,-82
73,18,-60
73,19,-16
73,20,-12
73,21,-59
73,22,19
73,23,-78
73,24,-68
73,25,-81
73,26,52
73,27,-11
73,28,3
73,29,79
73,30,-89
73,31,59
73,32,60
73,33,95
73,34,42
73,35,-50
73,36,-95
73,37,-10
73,38,96
73,39,-32
73,40,62
73,41,22
73,42,61
73,43,90
73,44,95
73,45,45
73,46,14
73,47,53
73,48,10
73,49,-40
73,50,6
73,51,-23
73,52,-6
73,53,-27
73,54,-53
73,55,99
73,56,-5
73,57,-70
73,58,-67
73,59,-14
73,60,34
73,61,-18
73,62,34
73,63,-54
73,64,35
73,65,28
73,66,24
73,67,-24
73,68,-98
73,69,80
73,70,-9
73,71,65
73,72,78
73,73,42
73,74,-1
73,75,26
73,76,94
73,77,91
73,78,-33
73,79,32
73,80,-11
73,81,-12
73,82,-91
73,83,-93
73,84,-89
73,85,-37
73,86,17
73,87,-42
73,88,94
73,89,-51
73,90,50
73,91,-61
73,92,21
73,93,-4
73,94,26
73,95,-14
73,96,-24
73,97,20
73,98,45
73,99,48
73,100,10
73,101,28
73,102,65
73,103,-60
73,104,69
73,105,36
73,106,-78
73,107,-23
73,108,-90
73,109,-30
73,110,58
73,111,-75
73,112,-71
73,113,61
73,114,73
73,115,1
73,116,-32
73,117,32
73,118,88
73,119,65
73,120,55
73,121,53
73,122,-40
73,123,5
73,124,-78
73,125,73
73,126,12
73,127,-71
73,128,-34
73,129,60
73,130,30
73,131,96
73,132,20
73,133,-18
73,134,69
73,135,-39
73,136,85
73,137,-44
73,138,-100
73,139,1
73,140,87
73,141,-32
73,142,-42
73,143,-55
73,144,5
73,145,-67
73,146,0
73,147,-4
73,148,52
73,149,69
73,150,-72
73,151,52
73,152,81
73,153,22
73,154,-28
73,155,94
73,156,42
73,157,-97
73,158,-63
73,159,-81
73,160,12
73,161,-78
73,162,64
73,163,89
73,164,10
73,165,35
73,166,64
73,167,-56
73,168,-4
73,169,-68
73,170,34
73,171,-79
73,172,32
73,173,-86
73,174,-80
73,175,25
73,176,-12
73,177,-84
73,178,-45
73,179,-51
73,180,34
73,181,17
73,182,21
73,183,-51
73,184,-41
73,185,24
73,186,15
73,187,34
73,188,67
73,189,72
73,190,86
73,191,-13
73,192,4
73,193,-46
73,194,-37
73,195,92
73,196,81
73,197,-5
73,198,67
73,199,80
73,200,-57
73,201,90
73,202,29
73,203,48
73,204,-51
73,205,10
73,206,79
73,207,36
73,208,-2
73,209,47
73,210,45
73,211,-17
73,212,-71
73,213,-36
73,214,-77
73,215,74
73,216,-11
73,217,5
73,218,71
73,219,56
73,220,-24
73,221,-33
73,222,8
73,223,44
73,224,-4
73,225,32
73,226,-9
73,227,-13
73,228,-51
73,229,2
73,230,11
73,231,67
73,232,-55
73,233,78
73,234,-90
73,235,-89
73,236,40
73,237,-37
73,238,-93
73,239,92
73,240,-92
73,241,29
73,242,-23
73,243,40
73,244,-99
73,245,95
73,246,75
73,247,-27
73,248,30
73,249,95
73,250,33
73,251,-14
73,252,-96
73,253,30
73,254,37
73,255,70
73,256,46
73,257,-87
73,258,48
73,259,23
73,260,-58
73,261,-73
73,262,48
73,263,63
73,264,-77
73,265,81
73,266,65
73,267,-84
73,268,49
73,269,-18
73,270,-56
73,271,-27
73,272,88
73,273,38
73,274,-40
73,275,-63
73,276,-35
73,277,-68
73,278,-58
73,279,58
73,280,11
73,281,-66
73,282,-64
73,283,74
73,284,-1
73,285,-78
73,286,63
73,287,67
73,288,-12
73,289,-86
73,290,64
73,291,31
73,292,49
73,293,-79
73,294,-23
73,295,44
73,296,-29
73,297,-3
73,298,-11
73,299,8
74,0,-7
74,1,-21
74,2,-7
74,3,-21
74,4,-63
74,5,51
74,6,33
74,7,95
74,8,33
74,9,-75
74,10,0
74,11,68
74,12,-26
74,13,-63
74,14,-18
74,15,70
74,16,80
74,17,42
74,18,-45
74,19,4
74,20,83
74,21,-70
74,22,84
74,23,78
74,24,51
74,25,-43
74,26,-28
74,27,31
74,28,-91
74,29,90
74,30,-28
74,31,-86
74,32,-3
74,33,-38
74,34,-82
74,35,12
74,36,-38
74,37,15
74,38,83
74,39,-80
74,40,61
74,41,44
74,42,45
74,43,-20
74,44,-35
74,45,78
74,46,-36
74,47,-58
74,48,-44
74,49,37
74,50,-64
74,51,75
74,52,19
74,53,-32
74,54,-45
74,55,18
74,56,63
74,57,58
74,58,-46
74,59,-63
74,60,-86
74,61,43
74,62,-24
74,63,-48
74,64,83
74,65,-94
74,66,84
74,67,-46
74,68,-49
74,69,-97
74,70,-58
74,71,-61
74,72,20
74,73,-71
74,74,37
74,75,2
74,76,-94
74,77,63
74,78,62
74,79,66
74,80,63
74,81,8
74,82,-81
74,83,-52
74,84,-5
74,85,-42
74,86,76
74,87,-11
74,88,-75
74,89,-65
74,90,70
74,91,25
74,92,-58
74,93,-2
74,94,-68
74,95,-1
74,96,-4
74,97,72
74,98,-56
74,99,-13
74,100,42
74,101,-6
74,102,-84
74,103,39
74,104,-79
74,105,50
74,106,-11
74,107,-23
74,108,39
74,109,13
74,110,-33
74,111,9
74,112,78
74,113,24
74,114,40
74,115,-44
74,116,-46
74,117,-19
74,118,6
74,119,55
74,120,1
74,121,71
74,122,46
74,123,73
74,124,10
74,125,6
74,126,1
74,127,-98
74,128,47
74,129,-76
74,130,-26
74,131,83
74,132,-40
74,133,22
74,134,-46
74,135,62
74,136,86
74,137,-62
74,138,84
74,139,-18
74,140,94
74,141,-67
74,142,12
74,143,68
74,144,49
74,145,-74
74,146,48
74,147,68
74,148,-70
74,149,54
74,150,64
74,151,93
74,152,81
74,153,36
74,154,-18
74,155,69
74,156,63
74,157,-91
74,158,86
74,159,-61
74,160,-47
74,161,66
74,162,34
74,163,-97
74,164,42
74,165,75
74,166,-95
74,167,-28
74,168,62
74,169,99
74,170,98
74,171,95
74,172,-43
74,173,-24
74,174,-82
74,175,-39
74,176,-30
74,177,37
74,178,-76
74,179,71
74,180,26
74,181,-43
74,182,52
74,183,19
74,184,10
74,185,67
74,186,-25
74,187,-31
74,188,37
74,189,-35
74,190,19
74,191,52
74,192,98
74,193,-14
74,194,38
74,195,21
74,196,63
74,197,-52
74,198,-53
74,199,14
74,200,-14
74,201,-94
74,202,-24
74,203,78
74,204,44
74,205,59
74,206,53
74,207,20
74,208,23
74,209,49
74,210,40
74,211,24
74,212,-89
74,213,-30
74,214,-100
74,215,60
74,216,18
74,217,41
74,218,10
74,219,-37
74,220,-58
74,221,85
74,222,-60
74,223,95
74,224,14
74,225,-62
74,226,-100
74,227,-60
74,228,72
74,229,-13
74,230,-3
74,231,-13
74,232,-22
74,233,40
74,234,-30
74,235,36
74,236,90
74,237,-2
74,238,50
74,239,81
74,240,74
74,241,66
74,242,-14
74,243,53
74,244,-100
74,245,41
74,246,11
74,247,-27
74,248,-36
74,249,-32
74,250,-34
74,251,76
74,252,-51
74,253,-43
74,254,-48
74,255,-10
74,256,14
74,257,17
74,258,-44
74,259,-15
74,260,-83
74,261,-85
74,262,29
74,263,-88
74,264,72
74,265,-21
74,266,99
74,267,-58
74,268,99
74,269,-47
74,270,58
74,271,36
74,272,-28
74,273,-53
74,274,-83
74,275,-90
74,276,89
74,277,-17
74,278,-82
74,279,-1
74,280,15
74,281,-11
74,282,-27
74,283,-77
74,284,-88
74,285,24
74,286,15
74,287,73
74,288,80
74,289,56
74,290,63
74,291,-30
74,292,25
74,293,44
74,294,75
74,295,51
74,296,81
74,297,18
74,298,-10
74,299,-16
75,0,7
75,1,26
75,2,20
75,3,28
75,4,94
75,5,-95
75,6,-23
75,7,82
75,8,-63
75,9,60
75,10,15
75,11,1
75,12,-93
75,13,-23
75,14,11
75,15,47
75,16,-46
75,17,-53
75,18,83
75,19,-13
75,20,-91
75,21,-49
75,22,77
75,23,-67
75,24,63
75,25,-40
75,26,43
75,27,-22
75,28,-83
75,29,-30
75,30,74
75,31,-15
75,32,-69
75,33,-58
75,34,-18
75,35,67
75,36,92
75,37,62
75,38,-32
75,39,-51
75,40,-89
75,41,-16
75,42,22
75,43,-43
75,44,-18
75,45,90
75,46,76
75,47,11
75,48,27
75,49,-65
75,50,-47
75,51,-54
75,52,14
75,53,59
75,54,23
75,55,80
75,56,59
75,57,89
75,58,64
75,59,-5
75,60,6
75,61,19
75,62,0
75,63,2
75,64,65
75,65,57
75,66,85
75,67,-69
75,68,-35
75,69,78
75,70,-90
75,71,86
75,72,47
75,73,-64
75,74,1
75,75,-52
75,76,-82
75,77,82
75,78,67
75,79,-94
75,80,32
75,81,-59
75,82,-13
75,83,75
75,84,34
75,85,-90
75,86,76
75,87,57
75,88,-60
75,89,-98
75,90,-61
75,91,-50
75,92,-69
75,93,-53
75,94,-30
75,95,98
75,96,47
75,97,-12
75,98,8
75,99,-66
75,100,7
75,101,51
75,102,-61
75,103,-49
75,104,11
75,105,-62
75,106,-33
75,107,88
75,108,-25
75,109,-36
75,110,-39
75,111,-99
75,112,33
75,113,21
75,114,-26
75,115,70
75,116,-61
75,117,-12
75,118,66
75,119,-73
75,120,-21
75,121,-38
75,122,91
75,123,39
75,124,-60
75,125,-72
75,126,-78
75,127,-21
75,128,-50
75,129,11
75,130,4
75,131,-56
75,132,-11
75,133,49
75,134,37
75,135,34
75,136,-12
75,137,-86
75,138,-24
75,139,5
75,140,73
75,141,-11
75,142,-14
75,143,-40
75,144,7
75,145,-40
75,146,-50
75,147,65
75,148,-89
75,149,-24
75,150,11
75,151,-35
75,152,81
75,153,66
75,154,66
75,155,14
75,156,-71
75,157,4
75,158,75
75,159,-70
75,160,52
75,161,95
75,162,78
75,163,-88
75,164,90
75,165,27
75,166,69
75,167,81
75,168,0
75,169,-34
75,170,-21
75,171,83
75,172,2
75,173,-82
75,174,73
75,175,42
75,176,-69
75,177,76
75,178,48
75,179,-36
75,180,97
75,181,-74
75,182,50
75,183,-54
75,184,-89
75,185,-16
75,186,-35
75,187,32
75,188,36
75,189,47
75,190,9
75,191,-19
75,192,24
75,193,-38
75,194,-29
75,195,-3
75,196,-28
75,197,-30
75,198,-71
75,199,24
75,200,-85
75,201,32
75,202,56
75,203,-54
75,204,0
75,205,6
75,206,25
75,207,-79
75,208,84
75,209,-18
75,210,62
75,211,-41
75,212,97
75,213,87
75,214,-43
75,215,-98
75,216,61
75,217,-56
75,218,-51
75,219,-99
75,220,-86
75,221,64
75,222,42
75,223,87
75,224,-5
75,225,-16
75,226,91
75,227,10
75,228,79
75,229,-78
75,230,-2
75,231,-64
75,232,6
75,233,-60
75,234,-44
75,235,-4
75,236,-76
75,237,9
75,238,-64
75,239,-61
75,240,-16
75,241,-55
75,242,87
75,243,1
75,244,-3
75,245,-82
75,246,-10
75,247,36
75,248,-32
75,249,-96
75,250,53
75,251,46
75,252,57
75,253,-53
75,254,11
75,255,43
75,256,98
75,257,-83
75,258,83
75,259,48
75,260,-70
75,261,28
75,262,30
75,263,-76
75,264,-93
75,265,92
75,266,-39
75,267,34
75,268,-94
75,269,35
75,270,-82
75,271,44
75,272,38
75,273,10
75,274,76
75,275,-90
75,276,-60
75,277,89
75,278,13
75,279,79
75,280,93
75,281,95
75,282,-9
75,283,-26
75,284,-34
75,285,67
75,286,-96
75,287,15
75,288,49
75,289,17
75,290,64
75,291,-90
75,292,-57
75,293,80
75,294,-24
75,295,17
75,296,15
75,297,88
75,298,-34
75,299,-88
76,0,-9
76,1,-90
76,2,38
76,3,-16
76,4,-16
76,5,34
76,6,-84
76,7,-53
76,8,41
76,9,90
76,10,91
76,11,-4
76,12,-26
76,13,92
76,14,61
76,15,36
76,16,-24
76,17,27
76,18,-64
76,19,-71
76,20,68
76,21,72
76,22,-54
76,23,34
76,24,41
76,25,-53
76,26,33
76,27,-67
76,28,0
76,29,-55
76,30,86
76,31,-31
76,32,35
76,33,-77
76,34,-34
76,35,-97
76,36,-100
76,37,-67
76,38,8
76,39,-92
76,40,-38
76,41,-91
76,42,37
76,43,77
76,44,-57
76,45,17
76,46,75
76,47,-95
76,48,20
76,49,51
76,50,-6
76,51,10
76,52,85
76,53,4
76,54,-37
76,55,83
76,56,39
76,57,62
76,58,-30
76,59,3
76,60,-12
76,61,-95
76,62,92
76,63,9
76,64,87
76,65,11
76,66,95
76,67,56
76,68,65
76,69,49
76,70,26
76,71,35
76,72,-38
76,73,40
76,74,54
76,75,45
76,76,-83
76,77,-24
76,78,89
76,79,41
76,80,38
76,81,2
76,82,16
76,83,-84
76,84,78
76,85,-87
76,86,-44
76,87,-8
76,88,33
76,89,13
76,90,84
76,91,31
76,92,38
76,93,8
76,94,18
76,95,-9
76,96,-90
76,97,-2
76,98,-93
76,99,13
76,100,86
76,101,48
76,102,-36
76,103,-8
76,104,51
76,105,57
76,106,3
76,107,-2
76,108,-17
76,109,84
76,110,-28
76,111,44
76,112,-42
76,113,-70
76,114,-37
76,115,-53
76,116,-78
76,117,97
76,118,57
76,119,-46
76,120,-94
76,121,11
76,122,5
76,123,-3
76,124,-89
76,125,-41
76,126,-49
76,127,54
76,128,39
76,129,40
76,130,-29
76,131,89
76,132,24
76,133,56
76,134,62
76,135,-41
76,136,56
76,137,-70
76,138,-24
76,139,-25
76,140,-40
76,141,-99
76,142,60
76,143,99
76,144,89
76,145,20
76,146,-42
76,147,-61
76,148,76
76,149,-69
76,150,-63
76,151,-9
76,152,-13
76,153,40
76,154,-16
76,155,81
76,156,-25
76,157,27
76,158,-88
76,159,-62
76,160,-78
76,161,9
76,162,6
76,163,-9
76,164,41
76,165,44
76,166,-77
76,167,85
76,168,90
76,169,-67
76,170,78
76,171,11
76,172,37
76,173,17
76,174,99
76,175,48
76,176,64
76,177,-94
76,178,-11
76,179,-88
76,180,-21
76,181,-71
76,182,58
76,183,32
76,184,59
76,185,-85
76,186,49
76,187,91
76,188,71
76,189,-61
76,190,-64
76,191,-23
76,192,-85
76,193,-58
76,194,-38
76,195,-86
76,196,71
76,197,36
76,198,-36
76,199,-57
76,200,-81
76,201,18
76,202,97
76,203,11
76,204,22
76,205,60
76,206,-21
76,207,-1
76,208,-95
76,209,-18
76,210,-70
76,211,-35
76,212,-83
76,213,-73
76,214,-33
76,215,92
76,216,13
76,217,72
76,218,-43
76,219,74
76,220,93
76,221,79
76,222,63
76,223,28
76,224,-62
76,225,5
76,226,-100
76,227,-26
76,228,-13
76,229,41
76,230,98
76,231,50
76,232,70
76,233,49
76,234,-41
76,235,54
76,236,83
76,237,29
76,238,66
76,239,78
76,240,9
76,241,-82
76,242,-39
76,243,-30
76,244,94
76,245,90
76,246,10
76,247,32
76,248,-29
76,249,-23
76,250,88
76,251,-1
76,252,-30
76,253,-94
76,254,-51
76,255,-55
76,256,-29
76,257,-25
76,258,-27
76,259,41
76,260,-28
76,261,1
76,262,-7
76,263,-32
76,264,-36
76,265,92
76,266,84
76,267,-39
76,268,-81
76,269,53
76,270,-57
76,271,94
76,272,97
76,273,-39
76,274,6
76,275,24
76,276,-56
76,277,-90
76,278,99
76,279,61
76,280,-13
76,281,-55
76,282,11
76,283,-20
76,284,-69
76,285,-3
76,286,-96
76,287,90
76,288,-72
76,289,-53
76,290,-85
76,291,52
76,292,-29
76,293,-72
76,294,79
76,295,-55
76,296,52
76,297,-78
76,298,61
76,299,94
77,0,-7
77,1,13
77,2,-67
77,3,59
77,4,16
77,5,-72
77,6,-92
77,7,93
77,8,84
77,9,-62
77,10,34
77,11,9
77,12,-32
77,13,35
77,14,-5
77,15,18
77,16,17
77,17,-83
77,18,1
77,19,9
77,20,-19
77,21,76
77,22,4
77,23,-85
77,24,-80
77,25,37
77,26,5
77,27,31
77,28,-57
77,29,22
77,30,35
77,31,10
77,32,16
77,33,25
77,34,82
77,35,-82
77,36,-37
77,37,-61
77,38,-50
77,39,36
77,40,57
77,41,-45
77,42,-20
77,43,71
77,44,86
77,45,42
77,46,95
77,47,-31
77,48,27
77,49,25
77,50,-40
77,51,-21
77,52,20
77,53,0
77,54,50
77,55,-24
77,56,74
77,57,44
77,58,84
77,59,25
77,60,81
77,61,79
77,62,-79
77,63,-18
77,64,66
77,65,40
77,66,-23
77,67,-6
77,68,8
77,69,93
77,70,9
77,71,-49
77,72,2
77,73,0
77,74,41
77,75,-38
77,76,98
77,77,-73
77,78,-55
77,79,-73
77,80,-99
77,81,26
77,82,-84
77,83,-42
77,84,79
77,85,31
77,86,-24
77,87,30
77,88,14
77,89,64
77,90,-4
77,91,4
77,92,-77
77,93,99
77,94,-66
77,95,-99
77,96,-68
77,97,-25
77,98,-15
77,99,37
77,100,-20
77,101,-39
77,102,-58
77,103,96
77,104,20
77,105,-42
77,106,-92
77,107,-24
77,108,87
77,109,-38
77,110,-49
77,111,-78
77,112,-71
77,113,70
77,114,95
77,115,-80
77,116,-58
77,117,34
77,118,-85
77,119,-78
77,120,85
77,121,-14
77,122,-70
77,123,20
77,124,-32
77,125,33
77,126,14
77,127,92
77,128,-42
77,129,55
77,130,45
77,131,-24
77,132,37
77,133,-94
77,134,-64
77,135,72
77,136,-15
77,137,-85
77,138,15
77,139,17
77,140,-87
77,141,38
77,142,-14
77,143,61
77,144,87
77,145,3
77,146,40
77,147,66
77,148,-57
77,149,-73
77,150,67
77,151,-85
77,152,-51
77,153,14
77,154,55
77,155,-33
77,156,-9
77,157,20
77,158,87
77,159,39
77,160,-85
77,161,-48
77,162,81
77,163,-52
77,164,63
77,165,-39
77,166,-17
77,167,53
77,168,-45
77,169,19
77,170,-11
77,171,49
77,172,19
77,173,-28
77,174,-32
77,175,76
77,176,-3
77,177,-99
77,178,-48
77,179,18
77,180,-94
77,181,47
77,182,57
77,183,-26
77,184,-6
77,185,94
77,186,86
77,187,93
77,188,-98
77,189,83
77,190,-22
77,191,-84
77,192,11
77,193,-49
77,194,-94
77,195,11
77,196,32
77,197,-47
77,198,-40
77,199,8
77,200,-85
77,201,94
77,202,86
77,203,-54
77,204,-53
77,205,20
77,206,-37
77,207,-51
77,208,-60
77,209,99
77,210,-79
77,211,14
77,212,81
77,213,-96
77,214,44
77,215,0
77,216,-23
77,217,-60
77,218,-9
77,219,62
77,220,67
77,221,-79
77,222,75
77,223,-48
77,224,-8
77,225,-91
77,226,45
77,227,-52
77,228,-30
77,229,57
77,230,-82
77,231,-46
77,232,87
77,233,99
77,234,-80
77,235,-75
77,236,-73
77,237,66
77,238,60
77,239,-61
77,240,-72
77,241,-81
77,242,-81
77,243,-27
77,244,39
77,245,19
77,246,-4
77,247,19
77,248,-76
77,249,52
77,250,-97
77,251,-97
77,252,36
77,253,42
77,254,-75
77,255,-22
77,256,-11
77,257,-30
77,258,59
77,259,-25
77,260,-2
77,261,79
77,262,26
77,263,-69
77,264,-92
77,265,-23
77,266,-88
77,267,83
77,268,23
77,269,71
77,270,-5
77,271,-18
77,272,57
77,273,43
77,274,39
77,275,93
77,276,-83
77,277,40
77,278,-8
77,279,-77
77,280,1
77,281,39
77,282,-41
77,283,-41
77,284,-1
77,285,-100
77,286,-58
77,287,-46
77,288,67
77,289,91
77,290,-67
77,291,-67
77,292,75
77,293,60
77,294,95
77,295,57
77,296,9
77,297,-17
77,298,-11
77,299,-22
78,0,-30
78,1,-30
78,2,13
78,3,-72
78,4,50
78,5,61
78,6,42
78,7,-4
78,8,-48
78,9,44
78,10,-37
78,11,-40
78,12,84
78,13,7
78,14,-64
78,15,34
78,16,-93
78,17,-23
78,18,-33
78,19,-80
78,20,88
78,21,-7
78,22,-26
78,23,56
78,24,52
78,25,85
78,26,41
78,27,-23
78,28,-35
78,29,81
78,30,94
78,31,57
78,32,45
78,33,-47
78,34,-1
78,35,-80
78,36,-48
78,37,-18
78,38,43
78,39,55
78,40,-97
78,41,-46
78,42,-86
78,43,-37
78,44,92
78,45,11
78,46,43
78,47,17
78,48,-81
78,49,-37
78,50,-68
78,51,-20
78,52,96
78,53,25
78,54,-32
78,55,85
78,56,66
78,57,63
78,58,-7
78,59,-33
78,60,-14
78,61,-80
78,62,-38
78,63,-16
78,64,33
78,65,-77
78,66,10
78,67,80
78,68,-6
78,69,-18
78,70,1
78,71,-23
78,72,77
78,73,23
78,74,39
78,75,83
78,76,19
78,77,-86
78,78,-18
78,79,67
78,80,68
78,81,96
78,82,96
78,83,-95
78,84,-34
78,85,60
78,86,70
78,87,21
78,88,48
78,89,-17
78,90,92
78,91,10
78,92,44
78,93,35
78,94,-37
78,95,25
78,96,-73
78,97,-3
78,98,40
78,99,-88
78,100,65
78,101,52
78,102,89
78,103,50
78,104,-15
78,105,-80
78,106,81
78,107,-38
78,108,57
78,109,95
78,110,10
78,111,-25
78,112,-28
78,113,59
78,114,51
78,115,-94
78,116,-29
78,117,28
78,118,30
78,119,3
78,120,-73
78,121,-58
78,122,-4
78,123,-55
78,124,-100
78,125,65
78,126,1
78,127,-66
78,128,-47
78,129,-77
78,130,55
78,131,-79
78,132,-85
78,133,-88
78,134,-1
78,135,-1
78,136,-39
78,137,70
78,138,-14
78,139,-23
78,140,59
78,141,-34
78,142,-10
78,143,84
78,144,92
78,145,96
78,146,76
78,147,-68
78,148,14
78,149,-82
78,150,63
78,151,97
78,152,23
78,153,42
78,154,19
78,155,-4
78,156,-77
78,157,-74
78,158,76
78,159,-26
78,160,-78
78,161,60
78,162,-60
78,163,-45
78,164,56
78,165,58
78,166,92
78,167,-3
78,168,45
78,169,-95
78,170,79
78,171,-61
78,172,92
78,173,-59
78,174,95
78,175,-69
78,176,-91
78,177,-32
78,178,-92
78,179,-32
78,180,88
78,181,38
78,182,-2
78,183,95
78,184,-27
78,185,2
78,186,22
78,187,1
78,188,-93
78,189,76
78,190,51
78,191,60
78,192,-82
78,193,-99
78,194,-46
78,195,38
78,196,-84
78,197,69
78,198,-40
78,199,30
78,200,-15
78,201,-66
78,202,2
78,203,-35
78,204,-100
78,205,34
78,206,47
78,207,70
78,208,18
78,209,33
78,210,-46
78,211,-1
78,212,-80
78,213,-50
78,214,73
78,215,62
78,216,-1
78,217,-93
78,218,-33
78,219,6
78,220,43
78,221,-34
78,222,98
78,223,91
78,224,-99
78,225,-100
78,226,85
78,227,-100
78,228,1
78,229,14
78,230,34
78,231,-13
78,232,96
78,233,-9
78,234,-83
78,235,-13
78,236,59
78,237,72
78,238,-68
78,239,-28
78,240,76
78,241,60
78,242,98
78,243,95
78,244,-73
78,245,-14
78,246,-48
78,247,-57
78,248,-21
78,249,82
78,250,37
78,251,-87
78,252,2
78,253,-65
78,254,-67
78,255,-13
78,256,45
78,257,-85
78,258,64
78,259,-60
78,260,-76
78,261,25
78,262,-93
78,263,11
78,264,-7
78,265,-17
78,266,45
78,267,-33
78,268,75
78,269,97
78,270,-34
78,271,45
78,272,10
78,273,-83
78,274,-45
78,275,50
78,276,-66
78,277,33
78,278,17
78,279,-75
78,280,-40
78,281,-13
78,282,-86
78,283,-10
78,284,-69
78,285,39
78,286,32
78,287,-37
78,288,98
78,289,-15
78,290,54
78,291,-56
78,292,-66
78,293,-75
78,294,-78
78,295,40
78,296,30
78,297,-72
78,298,93
78,299,-37
79,0,55
79,1,63
79,2,12
79,3,33
79,4,38
79,5,65
79,6,17
79,7,61
79,8,-34
79,9,7
79,10,73
79,11,-15
79,12,-72
79,13,-41
79,14,-47
79,15,-8
79,16,-32
79,17,16
79,18,-92
79,19,25
79,20,-24
79,21,-91
79,22,1
79,23,95
79,24,-43
79,25,12
79,26,79
79,27,61
79,28,5
79,29,-66
79,30,2
79,31,2
79,32,60
79,33,99
79,34,59
79,35,82
79,36,-4
79,37,35
79,38,73
79,39,41
79,40,35
79,41,5
79,42,-30
79,43,-24
79,44,-47
79,45,-80
79,46,10
79,47,-26
79,48,-87
79,49,-99
79,50,88
79,51,7
79,52,44
79,53,-23
79,54,-53
79,55,-10
79,56,35
79,57,83
79,58,-84
79,59,96
79,60,-89
79,61,65
79,62,45
79,63,-75
79,64,-64
79,65,-31
79,66,68
79,67,-22
79,68,69
79,69,-11
79,70,-60
79,71,74
79,72,41
79,73,28
79,74,-84
79,75,82
79,76,-48
79,77,17
79,78,8
79,79,58
79,80,89
79,81,35
79,82,57
79,83,-24
79,84,-21
79,85,93
79,86,-56
79,87,-83
79,88,-2
79,89,72
79,90,46
79,91,-33
79,92,-18
79,93,-51
79,94,-76
79,95,65
79,96,20
79,97,63
79,98,-33
79,99,-45
79,100,-62
79,101,-38
79,102,27
79,103,34
79,104,21
79,105,85
79,106,-42
79,107,-53
79,108,32
79,109,-65
79,110,-13
79,111,-76
79,112,72
79,113,-82
79,114,34
79,115,85
79,116,-35
79,117,-21
79,118,66
79,119,24
79,120,45
79,121,2
79,122,28
79,123,90
79,124,30
79,125,26
79,126,-80
79,127,25
79,128,23
79,129,57
79,130,-90
79,131,-79
79,132,10
79,133,24
79,134,-44
79,135,-12
79,136,30
79,137,57
79,138,27
79,139,-56
79,140,-65
79,141,-14
79,142,17
79,143,-29
79,144,91
79,145,81
79,146,-33
79,147,77
79,148,2
79,149,58
79,150,-72
79,151,86
79,152,63
79,153,4
79,154,-28
79,155,18
79,156,-16
79,157,94
79,158,-12
79,159,-12
79,160,-25
79,161,38
79,162,15
79,163,38
79,164,53
79,165,-48
79,166,41
79,167,-37
79,168,37
79,169,-70
79,170,-65
79,171,-91
79,172,-75
79,173,-81
79,174,24
79,175,-57
79,176,-39
79,177,-22
79,178,-92
79,179,-30
79,180,-11
79,181,-77
79,182,39
79,183,-41
79,184,-17
79,185,19
79,186,-23
79,187,-85
79,188,-72
79,189,59
79,190,18
79,191,-66
79,192,-58
79,193,-5
79,194,18
79,195,-48
79,196,-81
79,197,14
79,198,-93
79,199,21
79,200,-59
79,201,-24
79,202,-31
79,203,10
79,204,-85
79,205,-32
79,206,-48
79,207,72
79,208,78
79,209,-95
79,210,22
79,211,-68
79,212,-86
79,213,-87
79,214,66
79,215,-38
79,216,-96
79,217,20
79,218,-11
79,219,6
79,220,79
79,221,-85
79,222,-2
79,223,65
79,224,-48
79,225,-24
79,226,-8
79,227,80
79,228,73
79,229,-3
79,230,-3
79,231,42
79,232,-42
79,233,77
79,234,36
79,235,-75
79,236,-98
79,237,-1
79,238,-54
79,239,-96
79,240,-39
79,241,-17
79,242,32
79,243,37
79,244,-21
79,245,-38
79,246,-76
79,247,-57
79,248,52
79,249,57
79,250,-87
79,251,-15
79,252,70
79,253,55
79,254,-82
79,255,1
79,256,69
79,257,-81
79,258,-22
79,259,38
79,260,81
79,261,-3
79,262,20
79,263,51
79,264,97
79,265,-84
79,266,55
79,267,-51
79,268,82
79,269,-91
79,270,48
79,271,-43
79,272,61
79,273,-6
79,274,6
79,275,70
79,276,38
79,277,-68
79,278,85
79,279,-55
79,280,88
79,281,89
79,282,28
79,283,48
79,284,-39
79,285,91
79,286,-14
79,287,-28
79,288,83
79,289,-100
79,290,-80
79,291,-79
79,292,81
79,293,-97
79,294,-36
79,295,78
79,296,-38
79,297,42
79,298,-65
79,299,-72
80,0,79
80,1,73
80,2,-32
80,3,56
80,4,10
80,5,74
80,6,52
80,7,43
80,8,-1
80,9,-60
80,10,92
80,11,96
80,12,47
80,13,96
80,14,63
80,15,85
80,16,-53
80,17,29
80,18,56
80,19,43
80,20,62
80,21,10
80,22,-39
80,23,6
80,24,5
80,25,31
80,26,12
80,27,-33
80,28,78
80,29,-12
80,30,60
80,31,-23
80,32,51
80,33,-26
80,34,-76
80,35,55
80,36,-94
80,37,12
80,38,-65
80,39,-91
80,40,12
80,41,-65
80,42,-83
80,43,33
80,44,34
80,45,1
80,46,39
80,47,68
80,48,90
80,49,-76
80,50,80
80,51,-68
80,52,-14
80,53,-28
80,54,-95
80,55,89
80,56,93
80,57,36
80,58,-34
80,59,43
80,60,-8
80,61,7
80,62,82
80,63,67
80,64,-75
80,65,-63
80,66,62
80,67,95
80,68,86
80,69,41
80,70,74
80,71,2
80,72,98
80,73,99
80,74,-59
80,75,78
80,76,46
80,77,-35
80,78,74
80,79,92
80,80,-59
80,81,-63
80,82,40
80,83,5
80,84,71
80,85,51
80,86,-5
80,87,57
80,88,-31
80,89,-63
80,90,-4
80,91,7
80,92,18
80,93,50
80,94,-27
80,95,-44
80,96,9
80,97,-22
80,98,50
80,99,-65
80,100,-44
80,101,28
80,102,99
80,103,-98
80,104,-87
80,105,-67
80,106,-31
80,107,-32
80,108,78
80,109,3
80,110,-72
80,111,-53
80,112,-7
80,113,-22
80,114,16
80,115,43
80,116,84
80,117,37
80,118,46
80,119,-34
80,120,63
80,121,31
80,122,-26
80,123,60
80,124,-73
80,125,20
80,126,-92
80,127,33
80,128,22
80,129,-52
80,130,-10
80,131,24
80,132,-25
80,133,49
80,134,3
80,135,75
80,136,48
80,137,-68
80,138,83
80,139,56
80,140,-48
80,141,-61
80,142,-83
80,143,74
80,144,-88
80,145,54
80,146,89
80,147,-27
80,148,-5
80,149,4
80,150,72
80,151,30
80,152,49
80,153,54
80,154,82
80,155,-34
80,156,-68
80,157,-99
80,158,-26
80,159,73
80,160,-27
80,161,60
80,162,85
80,163,34
80,164,42
80,165,-75
80,166,38
80,167,27
80,168,65
80,169,-74
80,170,34
80,171,28
80,172,-80
80,173,-22
80,174,57
80,175,-7
80,176,-93
80,177,-18
80,178,-98
80,179,-46
80,180,42
80,181,-65
80,182,-95
80,183,20
80,184,-59
80,185,-51
80,186,11
80,187,45
80,188,-51
80,189,-71
80,190,-62
80,191,15
80,192,39
80,193,-42
80,194,-25
80,195,71
80,196,31
80,197,63
80,198,-53
80,199,41
80,200,-20
80,201,-52
80,202,-34
80,203,-24
80,204,36
80,205,-80
80,206,4
80,207,-29
80,208,-85
80,209,43
80,210,-73
80,211,78
80,212,83
80,213,-21
80,214,-44
80,215,9
80,216,-49
80,217,73
80,218,65
80,219,-17
80,220,-53
80,221,26
80,222,68
80,223,-3
80,224,17
80,225,86
80,226,-8
80,227,-34
80,228,-27
80,229,-17
80,230,93
80,231,54
80,232,59
80,233,83
80,234,-91
80,235,67
80,236,44
80,237,85
80,238,17
80,239,-4
80,240,-95
80,241,66
80,242,-83
80,243,-29
80,244,-12
80,245,-59
80,246,-97
80,247,-81
80,248,-73
80,249,67
80,250,92
80,251,3
80,252,-57
80,253,-78
80,254,84
80,255,-54
80,256,-88
80,257,43
80,258,82
80,259,-6
80,260,92
80,261,-85
80,262,18
80,263,64
80,264,79
80,265,16
80,266,-91
80,267,21
80,268,-63
80,269,-57
80,270,-6
80,271,-27
80,272,81
80,273,12
80,274,-50
80,275,-49
80,276,97
80,277,-9
80,278,-42
80,279,-88
80,280,68
80,281,-89
80,282,-51
80,283,-44
80,284,77
80,285,18
80,286,-44
80,287,81
80,288,93
80,289,-93
80,290,5
80,291,90
80,292,36
80,293,87
80,294,19
80,295,-38
80,296,-29
80,297,30
80,298,-88
80,299,36
81,0,-49
81,1,-39
81,2,18
81,3,8
81,4,-93
81,5,-6
81,6,24
81,7,72
81,8,-48
81,9,-38
81,10,-6
81,11,-20
81,12,-44
81,13,81
81,14,46
81,15,-34
81,16,-55
81,17,-7
81,18,37
81,19,12
81,20,-8
81,21,45
81,22,39
81,23,-52
81,24,-78
81,25,-39
81,26,-90
81,27,-28
81,28,17
81,29,83
81,30,-13
81,31,-12
81,32,-46
81,33,52
81,34,-92
81,35,-89
81,36,38
81,37,12
81,38,65
81,39,55
81,40,-93
81,41,74
81,42,-65
81,43,24
81,44,-51
81,45,6
81,46,-92
81,47,87
81,48,99
81,49,-34
81,50,-48
81,51,-19
81,52,9
81,53,44
81,54,-48
81,55,55
81,56,13
81,57,-38
81,58,42
81,59,-82
81,60,23
81,61,-15
81,62,-31
81,63,-54
81,64,98
81,65,7
81,66,75
81,67,-81
81,68,-64
81,69,29
81,70,91
81,71,-65
81,72,32
81,73,-37
81,74,-94
81,75,97
81,76,19
81,77,-79
81,78,-55
81,79,67
81,80,88
81,81,9
81,82,-55
81,83,-73
81,84,-14
81,85,-66
81,86,28
81,87,56
81,88,-92
81,89,-92
81,90,-79
81,91,90
81,92,93
81,93,85
81,94,-31
81,95,82
81,96,40
81,97,46
81,98,60
81,99,-36
81,100,87
81,101,39
81,102,-58
81,103,-84
81,104,-33
81,105,-72
81,106,82
81,107,34
81,108,-57
81,109,32
81,110,87
81,111,33
81,112,-94
81,113,73
81,114,84
81,115,-47
81,116,-55
81,117,37
81,118,-97
81,119,94
81,120,52
81,121,-10
81,122,-40
81,123,65
81,124,59
81,125,50
81,126,10
81,127,-64
81,128,-98
81,129,-88
81,130,61
81,131,-13
81,132,92
81,133,-25
81,134,-93
81,135,-18
81,136,-92
81,137,55
81,138,-23
81,139,23
81,140,45
81,141,-59
81,142,-60
81,143,97
81,144,60
81,145,-12
81,146,-24
81,147,-47
81,148,63
81,149,-4
81,150,-3
81,151,-45
81,152,-1
81,153,44
81,154,-91
81,155,-57
81,156,29
81,157,41
81,158,68
81,159,29
81,160,-82
81,161,-21
81,162,-12
81,163,-100
81,164,29
81,165,-74
81,166,-99
81,167,78
81,168,37
81,169,-82
81,170,40
81,171,75
81,172,13
81,173,-45
81,174,99
81,175,83
81,176,77
81,177,-6
81,178,72
81,179,86
81,180,66
81,181,48
81,182,82
81,183,-44
81,184,1
81,185,68
81,186,-31
81,187,-19
81,188,-52
81,189,71
81,190,62
81,191,-10
81,192,-96
81,193,98
81,194,78
81,195,-44
81,196,85
81,197,-9
81,198,-65
81,199,37
81,200,77
81,201,64
81,202,11
81,203,47
81,204,-88
81,205,21
81,206,8
81,207,46
81,208,-9
81,209,1
81,210,-45
81,211,-56
81,212,-41
81,213,95
81,214,84
81,215,-47
81,216,-64
81,217,-64
81,218,-87
81,219,-6
81,220,71
81,221,1
81,222,-59
81,223,-100
81,224,-78
81,225,91
81,226,-73
81,227,31
81,228,68
81,229,87
81,230,-83
81,231,90
81,232,88
81,233,-52
81,234,-54
81,235,14
81,236,-62
81,237,-95
81,238,-48
81,239,-76
81,240,-2
81,241,-36
81,242,32
81,243,92
81,244,-93
81,245,-62
81,246,10
81,247,-58
81,248,-19
81,249,22
81,250,32
81,251,-97
81,252,7
81,253,-8
81,254,28
81,255,-7
81,256,-45
81,257,72
81,258,92
81,259,-98
81,260,-79
81,261,99
81,262,-45
81,263,-83
81,264,52
81,265,75
81,266,15
81,267,-17
81,268,58
81,269,-71
81,270,-21
81,271,-35
81,272,-91
81,273,98
81,274,-42
81,275,-50
81,276,22
81,277,36
81,278,-47
81,279,89
81,280,-20
81,281,36
81,282,-92
81,283,0
81,284,51
81,285,-62
81,286,35
81,287,52
81,288,9
81,289,-35
81,290,-91
81,291,16
81,292,51
81,293,-18
81,294,86
81,295,58
81,296,38
81,297,33
81,298,-31
81,299,59
82,0,-62
82,1,75
82,2,-88
82,3,-42
82,4,-34
82,5,83
82,6,-60
82,7,83
82,8,-66
82,9,65
82,10,-20
82,11,94
82,12,-67
82,13,-25
82,14,-31
82,15,-90
82,16,11
82,17,-74
82,18,-53
82,19,-77
82,20,-83
82,21,-74
82,22,-47
82,23,-46
82,24,19
82,25,-80
82,26,86
82,27,14
82,28,61
82,29,19
82,30,-43
82,31,75
82,32,-47
82,33,45
82,34,-98
82,35,51
82,36,28
82,37,-95
82,38,-82
82,39,-15
82,40,14
82,41,70
82,42,22
82,43,35
82,44,96
82,45,79
82,46,-28
82,47,-54
82,48,-16
82,49,-73
82,50,-55
82,51,31
82,52,19
82,53,35
82,54,15
82,55,-40
82,56,-84
82,57,-67
82,58,-81
82,59,61
82,60,-58
82,61,-91
82,62,-7
82,63,57
82,64,14
82,65,52
82,66,26
82,67,84
82,68,9
82,69,90
82,70,6
82,71,4
82,72,-30
82,73,74
82,74,-17
82,75,-98
82,76,-55
82,77,63
82,78,-75
82,79,37
82,80,61
82,81,-93
82,82,-46
82,83,-10
82,84,37
82,85,84
82,86,13
82,87,-22
82,88,0
82,89,-15
82,90,-56
82,91,-51
82,92,-37
82,93,-6
82,94,-99
82,95,72
82,96,-6
82,97,-39
82,98,41
82,99,-27
82,100,-1
82,101,10
82,102,3
82,103,-86
82,104,-87
82,105,58
82,106,56
82,107,-74
82,108,-16
82,109,-92
82,110,-81
82,111,85
82,112,-22
82,113,76
82,114,-44
82,115,43
82,116,-1
82,117,-26
82,118,35
82,119,-34
82,120,-82
82,121,4
82,122,94
82,123,63
82,124,87
82,125,63
82,126,-90
82,127,-50
82,128,25
82,129,-21
82,130,82
82,131,-47
82,132,-84
82,133,89
82,134,69
82,135,-77
82,136,44
82,137,-53
82,138,-17
82,139,97
82,140,-94
82,141,41
82,142,-90
82,143,-89
82,144,9
82,145,32
82,146,32
82,147,27
82,148,47
82,149,-47
82,150,-46
82,151,85
82,152,-22
82,153,-11
82,154,-4
82,155,26
82,156,-71
82,157,-77
82,158,30
82,159,21
82,160,-1
82,161,75
82,162,-30
82,163,49
82,164,-87
82,165,-53
82,166,-72
82,167,-51
82,168,37
82,169,98
82,170,-74
82,171,-22
82,172,-5
82,173,55
82,174,36
82,175,-30
82,176,-21
82,177,53
82,178,-20
82,179,-14
82,180,-93
82,181,-99
82,182,84
82,183,79
82,184,85
82,185,22
82,186,20
82,187,-5
82,188,-8
82,189,-98
82,190,35
82,191,86
82,192,-99
82,193,89
82,194,14
82,195,-52
82,196,0
82,197,47
82,198,-72
82,199,44
82,200,-27
82,201,4
82,202,49
82,203,-95
82,204,-39
82,205,-70
82,206,89
82,207,18
82,208,-89
82,209,-89
82,210,90
82,211,43
82,212,-76
82,213,49
82,214,-10
82,215,-13
82,216,-25
82,217,-83
82,218,-56
82,219,10
82,220,-21
82,221,-33
82,222,39
82,223,76
82,224,60
82,225,90
82,226,-83
82,227,-47
82,228,11
82,229,-4
82,230,-74
82,231,-23
82,232,52
82,233,61
82,234,-13
82,235,87
82,236,-47
82,237,-14
82,238,-96
82,239,22
82,240,63
82,241,-47
82,242,63
82,243,96
82,244,-62
82,245,97
82,246,8
82,247,31
82,248,-27
82,249,-36
82,250,67
82,251,-64
82,252,-34
82,253,10
82,254,58
82,255,24
82,256,-14
82,257,-54
82,258,54
82,259,78
82,260,47
82,261,-88
82,262,90
82,263,-57
82,264,51
82,265,24
82,266,18
82,267,30
82,268,25
82,269,37
82,270,92
82,271,-52
82,272,23
82,273,85
82,274,-23
82,275,29
82,276,93
82,277,2
82,278,4
82,279,19
82,280,-70
82,281,-33
82,282,-64
82,283,-77
82,284,-57
82,285,-18
82,286,-60
82,287,78
82,288,-59
82,289,7
82,290,-61
82,291,-53
82,292,12
82,293,-17
82,294,-97
82,295,7
82,296,-41
82,297,13
82,298,66
82,299,-96
83,0,5
83,1,-95
83,2,-87
83,3,97
83,4,25
83,5,39
83,6,-39
83,7,-74
83,8,-47
83,9,-11
83,10,-89
83,11,35
83,12,-27
83,13,43
83,14,79
83,15,-75
83,16,35
83,17,-56
83,18,-17
83,19,46
83,20,44
83,21,2
83,22,23
83,23,92
83,24,22
83,25,15
83,26,56
83,27,-87
83,28,-84
83,29,-88
83,30,-8
83,31,-38
83,32,-68
83,33,-72
83,34,-64
83,35,2
83,36,73
83,37,-77
83,38,41
83,39,32
83,40,24
83,41,-48
83,42,-13
83,43,-3
83,44,13
83,45,-6
83,46,57
83,47,87
83,48,19
83,49,-28
83,50,55
83,51,5
83,52,-75
83,53,-83
83,54,63
83,55,35
83,56,45
83,57,-43
83,58,59
83,59,-8
83,60,-52
83,61,75
83,62,-30
83,63,-36
83,64,-68
83,65,-51
83,66,-97
83,67,18
83,68,-17
83,69,16
83,70,63
83,71,1
83,72,55
83,73,30
83,74,-95
83,75,72
83,76,-78
83,77,34
83,78,19
83,79,-40
83,80,-1
83,81,-36
83,82,33
83,83,-77
83,84,-64
83,85,-56
83,86,78
83,87,-1
83,88,1
83,89,72
83,90,-38
83,91,-72
83,92,0
83,93,8
83,94,-5
83,95,52
83,96,-91
83,97,-66
83,98,-46
83,99,52
83,100,72
83,101,-5
83,102,22
83,103,-89
83,104,-97
83,105,5
83,106,-11
83,107,-34
83,108,44
83,109,-36
83,110,-19
83,111,4
83,112,80
83,113,-17
83,114,84
83,115,4
83,116,14
83,117,-73
83,118,-85
83,119,-80
83,120,-24
83,121,-59
83,122,-47
83,123,-69
83,124,13
83,125,-63
83,126,97
83,127,13
83,128,65
83,129,81
83,130,87
83,131,9
83,132,2
83,133,-24
83,134,74
83,135,39
83,136,-48
83,137,60
83,138,55
83,139,20
83,140,-98
83,141,53
83,142,-47
83,143,-61
83,144,93
83,145,-33
83,146,13
83,147,74
83,148,29
83,149,-59
83,150,61
83,151,-7
83,152,48
83,153,0
83,154,71
83,155,23
83,156,-99
83,157,-10
83,158,-42
83,159,-3
83,160,-85
83,161,47
83,162,53
83,163,-85
83,164,97
83,165,7
83,166,-78
83,167,-59
83,168,-64
83,169,-29
83,170,33
83,171,64
83,172,15
83,173,49
83,174,-95
83,175,-69
83,176,44
83,177,-63
83,178,44
83,179,-64
83,180,50
83,181,76
83,182,88
83,183,76
83,184,-40
83,185,-24
83,186,59
83,187,26
83,188,-15
83,189,90
83,190,-94
83,191,49
83,192,-16
83,193,-95
83,194,88
83,195,41
83,196,43
83,197,-98
83,198,36
83,199,-54
83,200,-16
83,201,-7
83,202,69
83,203,69
83,204,-78
83,205,-98
83,206,28
83,207,-34
83,208,-30
83,209,30
83,210,76
83,211,-34
83,212,-46
83,213,31
83,214,-70
83,215,-35
83,216,0
83,217,-37
83,218,-70
83,219,16
83,220,90
83,221,-35
83,222,58
83,223,-54
83,224,-79
83,225,-7
83,226,-18
83,227,-55
83,228,-12
83,229,85
83,230,18
83,231,88
83,232,-55
83,233,-100
83,234,-5
83,235,52
83,236,-40
83,237,4
83,238,-20
83,239,-87
83,240,-56
83,241,-24
83,242,66
83,243,-35
83,244,-69
83,245,-5
83,246,-43
83,247,3
83,248,-45
83,249,33
83,250,-34
83,251,77
83,252,17
83,253,-63
83,254,30
83,255,11
83,256,32
83,257,51
83,258,-47
83,259,-67
83,260,-62
83,261,11
83,262,-13
83,263,-53
83,264,-52
83,265,-67
83,266,-1
83,267,34
83,268,-83
83,269,-31
83,270,13
83,271,-67
83,272,-50
83,273,4
83,274,-8
83,275,95
83,276,41
83,277,-32
83,278,-12
83,279,2
83,280,35
83,281,42
83,282,-18
83,283,86
83,284,-90
83,285,47
83,286,82
83,287,-65
83,288,-19
83,289,41
83,290,85
83,291,-63
83,292,-12
83,293,-100
83,294,3
83,295,-36
83,296,-100
83,297,24
83,298,-41
83,299,-76
84,0,-10
84,1,37
84,2,-51
84,3,39
84,4,-9
84,5,-69
84,6,-68
84,7,99
84,8,-75
84,9,-59
84,10,77
84,11,-40
84,12,-60
84,13,84
84,14,29
84,15,-2
84,16,-3
84,17,97
84,18,-70
84,19,50
84,20,81
84,21,14
84,22,55
84,23,46
84,24,-53
84,25,-99
84,26,38
84,27,71
84,28,0
84,29,86
84,30,27
84,31,-42
84,32,19
84,33,-63
84,34,52
84,35,6
84,36,-80
84,37,-59
84,38,63
84,39,36
84,40,39
84,41,-91
84,42,86
84,43,32
84,44,-68
84,45,-32
84,46,-21
84,47,90
84,48,0
84,49,-72
84,50,45
84,51,33
84,52,-48
84,53,59
84,54,23
84,55,-59
84,56,-54
84,57,58
84,58,89
84,59,83
84,60,-90
84,61,53
84,62,54
84,63,-18
84,64,84
84,65,8
84,66,-74
84,67,86
84,68,-39
84,69,47
84,70,30
84,71,43
84,72,2
84,73,-57
84,74,-8
84,75,-71
84,76,67
84,77,18
84,78,92
84,79,-72
84,80,-71
84,81,3
84,82,9
84,83,-69
84,84,37
84,85,-50
84,86,35
84,87,78
84,88,-65
84,89,-46
84,90,62
84,91,-65
84,92,-45
84,93,-65
84,94,-12
84,95,88
84,96,-39
84,97,8
84,98,-14
84,99,52
84,100,-37
84,101,87
84,102,-44
84,103,12
84,104,-31
84,105,79
84,106,83
84,107,90
84,108,95
84,109,-81
84,110,-47
84,111,-100
84,112,-11
84,113,37
84,114,50
84,115,78
84,116,12
84,117,51
84,118,-88
84,119,56
84,120,85
84,121,9
84,122,-10
84,123,-6
84,124,-58
84,125,37
84,126,58
84,127,-27
84,128,-87
84,129,-2
84,130,8
84,131,61
84,132,44
84,133,48
84,134,-5
84,135,94
84,136,-43
84,137,35
84,138,-5
84,139,-63
84,140,53
84,141,-37
84,142,57
84,143,-92
84,144,20
84,145,-69
84,146,-90
84,147,61
84,148,4
84,149,45
84,150,46
84,151,81
84,152,-19
84,153,-64
84,154,-19
84,155,-89
84,156,-97
84,157,-58
84,158,54
84,159,-50
84,160,-96
84,161,33
84,162,-14
84,163,5
84,164,-45
84,165,9
84,166,-33
84,167,-5
84,168,-57
84,169,42
84,170,-11
84,171,-59
84,172,38
84,173,-28
84,174,-90
84,175,93
84,176,54
84,177,-43
84,178,99
84,179,27
84,180,-80
84,181,-80
84,182,-29
84,183,28
84,184,1
84,185,85
84,186,-88
84,187,-28
84,188,-95
84,189,11
84,190,85
84,191,-84
84,192,-28
84,193,-89
84,194,-15
84,195,79
84,196,21
84,197,-31
84,198,7
84,199,-49
84,200,-64
84,201,16
84,202,-98
84,203,-93
84,204,37
84,205,-54
84,206,68
84,207,-37
84,208,-59
84,209,-58
84,210,24
84,211,36
84,212,-87
84,213,-10
84,214,31
84,215,-99
84,216,14
84,217,-100
84,218,-26
84,219,-36
84,220,73
84,221,86
84,222,24
84,223,34
84,224,-35
84,225,42
84,226,-29
84,227,15
84,228,20
84,229,-54
84,230,-11
84,231,-61
84,232,-59
84,233,78
84,234,-66
84,235,-60
84,236,-16
84,237,23
84,238,-44
84,239,-63
84,240,99
84,241,-5
84,242,35
84,243,-38
84,244,-14
84,245,31
84,246,75
84,247,-49
84,248,-63
84,249,-14
84,250,-96
84,251,19
84,252,-31
84,253,12
84,254,-77
84,255,-15
84,256,44
84,257,-75
84,258,-98
84,259,-99
84,260,-9
84,261,-99
84,262,49
84,263,-30
84,264,-97
84,265,-63
84,266,2
84,267,-31
84,268,-49
84,269,-70
84,270,53
84,271,-65
84,272,53
84,273,55
84,274,32
84,275,14
84,276,-27
84,277,-83
84,278,-86
84,279,84
84,280,-4
84,281,-96
84,282,-64
84,283,3
84,284,-15
84,285,49
84,286,79
84,287,-86
84,288,-84
84,289,-50
84,290,-56
84,291,90
84,292,21
84,293,55
84,294,86
84,295,48
84,296,69
84,297,96
84,298,-19
84,299,44
85,0,95
85,1,34
85,2,-12
85,3,0
85,4,-61
85,5,67
85,6,-58
85,7,-28
85,8,78
85,9,-78
85,10,-6
85,11,59
85,12,58
85,13,-84
85,14,11
85,15,2
85,16,-43
85,17,-15
85,18,-66
85,19,-71
85,20,91
85,21,80
85,22,78
85,23,3
85,24,64
85,25,21
85,26,33
85,27,-67
85,28,-45
85,29,-76
85,30,14
85,31,-88
85,32,-38
85,33,1
85,34,93
85,35,21
85,36,19
85,37,32
85,38,-90
85,39,8
85,40,3
85,41,10
85,42,71
85,43,-32
85,44,1
85,45,-99
85,46,67
85,47,-64
85,48,17
85,49,-52
85,50,-26
85,51,63
85,52,-26
85,53,97
85,54,-67
85,55,-43
85,56,10
85,57,64
85,58,-5
85,59,-41
85,60,39
85,61,-69
85,62,31
85,63,5
85,64,-68
85,65,-58
85,66,11
85,67,6
85,68,-92
85,69,78
85,70,13
85,71,24
85,72,-81
85,73,66
85,74,50
85,75,-60
85,76,-57
85,77,24
85,78,-66
85,79,50
85,80,-43
85,81,-53
85,82,-43
85,83,0
85,84,-44
85,85,66
85,86,55
85,87,-37
85,88,-39
85,89,-18
85,90,12
85,91,11
85,92,-39
85,93,-7
85,94,-16
85,95,-75
85,96,78
85,97,20
85,98,-51
85,99,14
85,100,-65
85,101,53
85,102,-68
85,103,22
85,104,-1
85,105,-33
85,106,-28
85,107,35
85,108,93
85,109,-78
85,110,-31
85,111,-46
85,112,70
85,113,9
85,114,48
85,115,49
85,116,-92
85,117,61
85,118,86
85,119,53
85,120,28
85,121,7
85,122,32
85,123,68
85,124,90
85,125,49
85,126,-33
85,127,75
85,128,-35
85,129,43
85,130,-48
85,131,27
85,132,-36
85,133,-37
85,134,-33
85,135,90
85,136,-39
85,137,-20
85,138,-30
85,139,13
85,140,72
85,141,-49
85,142,15
85,143,24
85,144,26
85,145,-36
85,146,29
85,147,76
85,148,-79
85,149,56
85,150,62
85,151,-25
85,152,51
85,153,-7
85,154,57
85,155,69
85,156,-30
85,157,5
85,158,-51
85,159,1
85,160,98
85,161,87
85,162,12
85,163,-71
85,164,-89
85,165,76
85,166,-19
85,167,-55
85,168,70
85,169,29
85,170,-4
85,171,-21
85,172,-47
85,173,-66
85,174,-49
85,175,60
85,176,-17
85,177,-29
85,178,78
85,179,-75
85,180,89
85,181,-40
85,182,53
85,183,-64
85,184,57
85,185,-6
85,186,-90
85,187,80
85,188,-60
85,189,32
85,190,-35
85,191,40
85,192,90
85,193,52
85,194,71
85,195,41
85,196,-32
85,197,-42
85,198,83
85,199,79
85,200,-35
85,201,-33
85,202,-89
85,203,-33
85,204,70
85,205,-28
85,206,-95
85,207,-86
85,208,-59
85,209,-70
85,210,80
85,211,-95
85,212,-68
85,213,56
85,214,-80
85,215,23
85,216,81
85,217,83
85,218,-7
85,219,48
85,220,-1
85,221,-46
85,222,85
85,223,-37
85,224,-15
85,225,73
85,226,-79
85,227,-41
85,228,3
85,229,38
85,230,-54
85,231,58
85,232,-24
85,233,-83
85,234,-79
85,235,83
85,236,44
85,237,-63
85,238,-76
85,239,-69
85,240,42
85,241,-88
85,242,85
85,243,77
85,244,-90
85,245,-88
85,246,-4
85,247,77
85,248,0
85,249,-63
85,250,-100
85,251,-62
85,252,-74
85,253,-65
85,254,59
85,255,68
85,256,42
85,257,-70
85,258,26
85,259,-95
85,260,-12
85,261,79
85,262,49
85,263,-70
85,264,-1
85,265,-28
85,266,-55
85,267,94
85,268,-4
85,269,70
85,270,-100
85,271,71
85,272,-44
85,273,-92
85,274,-96
85,275,-22
85,276,13
85,277,-92
85,278,72
85,279,-77
85,280,69
85,281,49
85,282,2
85,283,-41
85,284,-15
85,285,64
85,286,15
85,287,66
85,288,-17
85,289,-11
85,290,-12
85,291,80
85,292,19
85,293,55
85,294,42
85,295,87
85,296,87
85,297,-95
85,298,-49
85,299,39
86,0,-82
86,1,-26
86,2,29
86,3,-46
86,4,-86
86,5,91
86,6,-1
86,7,-32
86,8,42
86,9,-58
86,10,-84
86,11,-3
86,12,15
86,13,51
86,14,-27
86,15,15
86,16,-71
86,17,-34
86,18,-50
86,19,-41
86,20,-98
86,21,3
86,22,-96
86,23,-73
86,24,7
86,25,38
86,26,99
86,27,0
86,28,99
86,29,-25
86,30,-86
86,31,-18
86,32,-53
86,33,26
86,34,-55
86,35,-73
86,36,-94
86,37,98
86,38,-7
86,39,-19
86,40,-13
86,41,33
86,42,85
86,43,-33
86,44,-46
86,45,94
86,46,76
86,47,17
86,48,78
86,49,86
86,50,33
86,51,7
86,52,-50
86,53,-63
86,54,38
86,55,79
86,56,-8
86,57,-81
86,58,-91
86,59,-75
86,60,-53
86,61,-10
86,62,13
86,63,-87
86,64,-1
86,65,86
86,66,-89
86,67,15
86,68,22
86,69,-78
86,70,-16
86,71,-29
86,72,66
86,73,21
86,74,36
86,75,-6
86,76,-76
86,77,-84
86,78,69
86,79,-72
86,80,87
86,81,-34
86,82,-16
86,83,-44
86,84,-29
86,85,-87
86,86,-62
86,87,43
86,88,-83
86,89,-26
86,90,1
86,91,-81
86,92,16
86,93,73
86,94,16
86,95,72
86,96,-97
86,97,-17
86,98,47
86,99,38
86,100,13
86,101,-36
86,102,45
86,103,66
86,104,-57
86,105,17
86,106,-1
86,107,-83
86,108,74
86,109,58
86,110,27
86,111,66
86,112,-63
86,113,74
86,114,97
86,115,35
86,116,3
86,117,92
86,118,-88
86,119,-46
86,120,-13
86,121,-16
86,122,8
86,123,-58
86,124,31
86,125,-30
86,126,87
86,127,-89
86,128,-42
86,129,81
86,130,-57
86,131,-85
86,132,33
86,133,-87
86,134,14
86,135,11
86,136,22
86,137,-43
86,138,58
86,139,68
86,140,19
86,141,-66
86,142,-91
86,143,-20
86,144,57
86,145,-57
86,146,82
86,147,-30
86,148,-83
86,149,-18
86,150,-22
86,151,-15
86,152,66
86,153,-59
86,154,81
86,155,23
86,156,-71
86,157,-81
86,158,25
86,159,-5
86,160,24
86,161,-59
86,162,-12
86,163,-14
86,164,-96
86,165,-51
86,166,-60
86,167,-7
86,168,66
86,169,-44
86,170,84
86,171,64
86,172,34
86,173,32
86,174,-50
86,175,5
86,176,35
86,177,83
86,178,-90
86,179,49
86,180,-3
86,181,-2
86,182,38
86,183,87
86,184,-5
86,185,5
86,186,42
86,187,65
86,188,-100
86,189,-55
86,190,-13
86,191,70
86,192,-79
86,193,-98
86,194,41
86,195,29
86,196,-40
86,197,59
86,198,-63
86,199,-55
86,200,69
86,201,33
86,202,-60
86,203,52
86,204,38
86,205,9
86,206,-60
86,207,98
86,208,-44
86,209,73
86,210,22
86,211,-15
86,212,75
86,213,-38
86,214,-62
86,215,37
86,216,97
86,217,92
86,218,86
86,219,63
86,220,-74
86,221,82
86,222,97
86,223,-20
86,224,80
86,225,6
86,226,87
86,227,88
86,228,-65
86,229,-16
86,230,54
86,231,68
86,232,-73
86,233,-85
86,234,-66
86,235,63
86,236,83
86,237,-2
86,238,46
86,239,84
86,240,21
86,241,60
86,242,-78
86,243,18
86,244,-38
86,245,-31
86,246,49
86,247,94
86,248,-21
86,249,-42
86,250,52
86,251,-84
86,252,-62
86,253,-24
86,254,-9
86,255,66
86,256,-77
86,257,65
86,258,-13
86,259,84
86,260,-57
86,261,-65
86,262,-2
86,263,-31
86,264,21
86,265,23
86,266,-21
86,267,-56
86,268,53
86,269,38
86,270,79
86,271,52
86,272,-70
86,273,-16
86,274,-56
86,275,14
86,276,-34
86,277,-25
86,278,-61
86,279,73
86,280,81
86,281,-60
86,282,19
86,283,-20
86,284,-63
86,285,-1
86,286,63
86,287,71
86,288,-44
86,289,-35
86,290,-71
86,291,-91
86,292,-40
86,293,90
86,294,-65
86,295,-47
86,296,-4
86,297,92
86,298,-97
86,299,82
87,0,-47
87,1,10
87,2,-10
87,3,-12
87,4,-37
87,5,18
87,6,-9
87,7,49
87,8,52
87,9,-20
87,10,-42
87,11,84
87,12,81
87,13,-57
87,14,79
87,15,-25
87,16,43
87,17,0
87,18,24
87,19,-85
87,20,-46
87,21,88
87,22,-6
87,23,-22
87,24,-24
87,25,-61
87,26,-80
87,27,-35
87,28,35
87,29,98
87,30,-91
87,31,84
87,32,31
87,33,-58
87,34,4
87,35,-38
87,36,70
87,37,94
87,38,-19
87,39,-50
87,40,-45
87,41,70
87,42,51
87,43,-67
87,44,-42
87,45,29
87,46,29
87,47,37
87,48,50
87,49,42
87,50,17
87,51,27
87,52,-84
87,53,-19
87,54,-87
87,55,-20
87,56,22
87,57,-85
87,58,-69
87,59,-78
87,60,1
87,61,61
87,62,-3
87,63,43
87,64,61
87,65,3
87,66,25
87,67,98
87,68,60
87,69,-33
87,70,70
87,71,-37
87,72,-30
87,73,-83
87,74,95
87,75,12
87,76,24
87,77,26
87,78,-40
87,79,-26
87,80,6
87,81,47
87,82,38
87,83,73
87,84,91
87,85,-20
87,86,5
87,87,-73
87,88,75
87,89,62
87,90,-93
87,91,-10
87,92,49
87,93,20
87,94,51
87,95,-35
87,96,-6
87,97,-37
87,98,-36
87,99,24
87,100,-87
87,101,-76
87,102,-1
87,103,4
87,104,30
87,105,32
87,106,-36
87,107,81
87,108,-82
87,109,5
87,110,-47
87,111,37
87,112,43
87,113,3
87,114,73
87,115,56
87,116,-86
87,117,-53
87,118,38
87,119,-67
87,120,63
87,121,57
87,122,-2
87,123,-82
87,124,95
87,125,-31
87,126,14
87,127,60
87,128,-5
87,129,-26
87,130,49
87,131,-65
87,132,50
87,133,-38
87,134,53
87,135,87
87,136,-8
87,137,-96
87,138,81
87,139,65
87,140,89
87,141,-76
87,142,-3
87,143,-89
87,144,49
87,145,36
87,146,-17
87,147,-72
87,148,71
87,149,8
87,150,-74
87,151,-46
87,152,32
87,153,-49
87,154,-88
87,155,-59
87,156,42
87,157,-22
87,158,-83
87,159,-51
87,160,-99
87,161,-14
87,162,6
87,163,40
87,164,95
87,165,-54
87,166,-12
87,167,77
87,168,-89
87,169,-88
87,170,36
87,171,-42
87,172,72
87,173,97
87,174,-58
87,175,-27
87,176,-78
87,177,-22
87,178,72
87,179,-78
87,180,0
87,181,61
87,182,43
87,183,90
87,184,8
87,185,78
87,186,10
87,187,59
87,188,65
87,189,83
87,190,96
87,191,-84
87,192,-15
87,193,-62
87,194,-60
87,195,-53
87,196,55
87,197,-24
87,198,77
87,199,-100
87,200,16
87,201,77
87,202,-82
87,203,-42
87,204,95
87,205,6
87,206,94
87,207,68
87,208,37
87,209,-73
87,210,-67
87,211,-62
87,212,25
87,213,-18
87,214,5
87,215,83
87,216,79
87,217,9
87,218,20
87,219,6
87,220,30
87,221,-78
87,222,44
87,223,-30
87,224,53
87,225,6
87,226,45
87,227,-55
87,228,-31
87,229,-70
87,230,-8
87,231,36
87,232,17
87,233,62
87,234,-20
87,235,-41
87,236,-25
87,237,-38
87,238,-1
87,239,79
87,240,-53
87,241,88
87,242,51
87,243,-27
87,244,-43
87,245,91
87,246,-71
87,247,56
87,248,-91
87,249,-62
87,250,-46
87,251,-73
87,252,45
87,253,68
87,254,17
87,255,13
87,256,-26
87,257,-36
87,258,-20
87,259,-1
87,260,-1
87,261,-55
87,262,-41
87,263,36
87,264,72
87,265,87
87,266,55
87,267,-4
87,268,-98
87,269,78
87,270,35
87,271,13
87,272,97
87,273,86
87,274,15
87,275,88
87,276,-43
87,277,-31
87,278,-8
87,279,39
87,280,36
87,281,4
87,282,-52
87,283,-18
87,284,-84
87,285,-47
87,286,11
87,287,71
87,288,59
87,289,62
87,290,-52
87,291,81
87,292,43
87,293,-16
87,294,-89
87,295,25
87,296,-3
87,297,35
87,298,48
87,299,-53
88,0,35
88,1,-73
88,2,-21
88,3,-91
88,4,-49
88,5,42
88,6,31
88,7,-11
88,8,-39
88,9,6
88,10,31
88,11,-60
88,12,-2
88,13,-46
88,14,-73
88,15,0
88,16,-54
88,17,36
88,18,29
88,19,94
88,20,16
88,21,7
88,22,75
88,23,-32
88,24,-73
88,25,-22
88,26,-87
88,27,-55
88,28,40
88,29,-85
88,30,67
88,31,99
88,32,57
88,33,-20
88,34,92
88,35,-43
88,36,-53
88,37,-52
88,38,-12
88,39,29
88,40,-87
88,41,2
88,42,20
88,43,44
88,44,22
88,45,58
88,46,37
88,47,-31
88,48,2
88,49,1
88,50,64
88,51,-37
88,52,57
88,53,61
88,54,-83
88,55,-38
88,56,-52
88,57,-45
88,58,-10
88,59,-43
88,60,54
88,61,-46
88,62,-16
88,63,-82
88,64,50
88,65,2
88,66,11
88,67,7
88,68,-54
88,69,6
88,70,93
88,71,78
88,72,-17
88,73,55
88,74,27
88,75,84
88,76,-43
88,77,42
88,78,43
88,79,-4
88,80,-54
88,81,90
88,82,39
88,83,2
88,84,70
88,85,-17
88,86,56
88,87,-52
88,88,30
88,89,11
88,90,96
88,91,-41
88,92,-35
88,93,-14
88,94,25
88,95,-75
88,96,-30
88,97,-27
88,98,96
88,99,-54
88,100,-25
88,101,-5
88,102,69
88,103,-70
88,104,-79
88,105,-84
88,106,47
88,107,35
88,108,-3
88,109,-52
88,110,-14
88,111,-63
88,112,-48
88,113,-73
88,114,-24
88,115,56
88,116,99
88,117,38
88,118,74
88,119,72
88,120,-83
88,121,-51
88,122,-12
88,123,76
88,124,49
88,125,-56
88,126,88
88,127,26
88,128,-8
88,129,-80
88,130,98
88,131,88
88,132,-25
88,133,63
88,134,51
88,135,59
88,136,-10
88,137,86
88,138,-5
88,139,-5
88,140,-26
88,141,9
88,142,-19
88,143,27
88,144,2
88,145,32
88,146,43
88,147,38
88,148,-66
88,149,11
88,150,69
88,151,-14
88,152,18
88,153,-3
88,154,-20
88,155,37
88,156,-19
88,157,35
88,158,-75
88,159,-98
88,160,-42
88,161,15
88,162,30
88,163,65
88,164,29
88,165,44
88,166,-65
88,167,-15
88,168,-3
88,169,23
88,170,-28
88,171,9
88,172,21
88,173,29
88,174,61
88,175,-74
88,176,64
88,177,98
88,178,49
88,179,-33
88,180,-87
88,181,-3
88,182,-78
88,183,71
88,184,92
88,185,14
88,186,11
88,187,-5
88,188,-23
88,189,-40
88,190,-16
88,191,82
88,192,-30
88,193,-16
88,194,-51
88,195,39
88,196,-86
88,197,44
88,198,-67
88,199,-66
88,200,-62
88,201,82
88,202,86
88,203,32
88,204,-71
88,205,31
88,206,42
88,207,2
88,208,62
88,209,-27
88,210,-46
88,211,93
88,212,-41
88,213,-77
88,214,-79
88,215,71
88,216,-69
88,217,-6
88,218,-18
88,219,78
88,220,-98
88,221,-31
88,222,59
88,223,29
88,224,-13
88,225,8
88,226,-42
88,227,-24
88,228,-87
88,229,-50
88,230,38
88,231,-23
88,232,-21
88,233,-91
88,234,-21
88,235,23
88,236,85
88,237,-67
88,238,20
88,239,-21
88,240,-48
88,241,55
88,242,-83
88,243,53
88,244,1
88,245,34
88,246,72
88,247,-3
88,248,-56
88,249,98
88,250,-66
88,251,79
88,252,13
88,253,-80
88,254,55
88,255,-5
88,256,-57
88,257,-21
88,258,-45
88,259,37
88,260,50
88,261,75
88,262,79
88,263,42
88,264,-46
88,265,-58
88,266,-51
88,267,-95
88,268,60
88,269,-39
88,270,-46
88,271,66
88,272,39
88,273,15
88,274,-70
88,275,-27
88,276,80
88,277,-67
88,278,68
88,279,-91
88,280,-49
88,281,84
88,282,-23
88,283,-98
88,284,84
88,285,60
88,286,34
88,287,-97
88,288,66
88,289,-53
88,290,-27
88,291,-22
88,292,43
88,293,65
88,294,-97
88,295,-97
88,296,19
88,297,18
88,298,54
88,299,-84
89,0,-5
89,1,-31
89,2,81
89,3,-4
89,4,-93
89,5,13
89,6,80
89,7,-96
89,8,96
89,9,-54
89,10,-61
89,11,21
89,12,34
89,13,39
89,14,-7
89,15,52
89,16,-73
89,17,70
89,18,-24
89,19,74
89,20,-52
89,21,-15
89,22,-47
89,23,-83
89,24,-74
89,25,-29
89,26,33
89,27,21
89,28,4
89,29,-32
89,30,-30
89,31,49
89,32,86
89,33,74
89,34,16
89,35,95
89,36,-69
89,37,8
89,38,-4
89,39,-100
89,40,81
89,41,73
89,42,68
89,43,7
89,44,13
89,45,-60
89,46,-93
89,47,59
89,48,-71
89,49,-55
89,50,4
89,51,79
89,52,-5
89,53,-40
89,54,40
89,55,-12
89,56,67
89,57,25
89,58,-40
89,59,19
89,60,71
89,61,89
89,62,20
89,63,71
89,64,-53
89,65,-42
89,66,84
89,67,-90
89,68,-76
89,69,88
89,70,-55
89,71,-47
89,72,-67
89,73,-17
89,74,34
89,75,-39
89,76,-44
89,77,-8
89,78,15
89,79,-25
89,80,32
89,81,-25
89,82,62
89,83,-64
89,84,87
89,85,92
89,86,43
89,87,-71
89,88,-59
89,89,-40
89,90,-53
89,91,89
89,92,-17
89,93,-8
89,94,91
89,95,84
89,96,-33
89,97,-55
89,98,12
89,99,-73
89,100,-24
89,101,20
89,102,-98
89,103,-64
89,104,75
89,105,46
89,106,-9
89,107,-18
89,108,-84
89,109,20
89,110,-14
89,111,-61
89,112,77
89,113,-28
89,114,-72
89,115,78
89,116,-59
89,117,-72
89,118,-35
89,119,23
89,120,44
89,121,19
89,122,8
89,123,58
89,124,-9
89,125,11
89,126,-49
89,127,66
89,128,-41
89,129,-7
89,130,78
89,131,43
89,132,-3
89,133,-87
89,134,69
89,135,-50
89,136,-77
89,137,6
89,138,70
89,139,-28
89,140,46
89,141,-17
89,142,-40
89,143,5
89,144,-7
89,145,-38
89,146,53
89,147,-6
89,148,-66
89,149,-34
89,150,-45
89,151,-61
89,152,56
89,153,33
89,154,79
89,155,28
89,156,79
89,157,-77
89,158,1
89,159,61
89,160,14
89,161,34
89,162,-26
89,163,-90
89,164,-65
89,165,47
89,166,-38
89,167,-21
89,168,90
89,169,96
89,170,-13
89,171,-71
89,172,57
89,173,2
89,174,11
89,175,-17
89,176,49
89,177,4
89,178,88
89,179,-80
89,180,-64
89,181,-74
89,182,1
89,183,62
89,184,-63
89,185,-41
89,186,-31
89,187,-69
89,188,-21
89,189,54
89,190,30
89,191,76
89,192,1
89,193,1
89,194,-71
89,195,-79
89,196,-82
89,197,-70
89,198,-81
89,199,46
89,200,29
89,201,-61
89,202,66
89,203,-10
89,204,-29
89,205,8
89,206,81
89,207,-74
89,208,-22
89,209,39
89,210,-23
89,211,98
89,212,-84
89,213,-17
89,214,37
89,215,46
89,216,57
89,217,57
89,218,52
89,219,-13
89,220,-27
89,221,26
89,222,93
89,223,1
89,224,-5
89,225,62
89,226,-50
89,227,0
89,228,-30
89,229,-30
89,230,54
89,231,-91
89,232,-4
89,233,70
89,234,82
89,235,98
89,236,33
89,237,-95
89,238,-24
89,239,75
89,240,-24
89,241,-99
89,242,-50
89,243,88
89,244,46
89,245,20
89,246,27
89,247,-99
89,248,-50
89,249,53
89,250,-31
89,251,-81
89,252,-78
89,253,-47
89,254,42
89,255,33
89,256,62
89,257,35
89,258,-44
89,259,77
89,260,76
89,261,14
89,262,48
89,263,22
89,264,-65
89,265,-30
89,266,-32
89,267,-43
89,268,-38
89,269,-85
89,270,33
89,271,-23
89,272,21
89,273,79
89,274,-99
89,275,13
89,276,13
89,277,23
89,278,45
89,279,62
89,280,-15
89,281,66
89,282,28
89,283,64
89,284,-80
89,285,-100
89,286,31
89,287,-43
89,288,-100
89,289,40
89,290,73
89,291,74
89,292,-94
89,293,-50
89,294,-98
89,295,77
89,296,53
89,297,-70
89,298,-1
89,299,-39
90,0,53
90,1,94
90,2,7
90,3,-46
90,4,55
90,5,-57
90,6,-20
90,7,65
90,8,-71
90,9,-35
90,10,35
90,11,-87
90,12,0
90,13,5
90,14,2
90,15,-39
90,16,-26
90,17,90
90,18,-22
90,19,93
90,20,6
90,21,-5
90,22,-61
90,23,40
90,24,6
90,25,-84
90,26,-86
90,27,60
90,28,-85
90,29,-88
90,30,50
90,31,-65
90,32,-58
90,33,77
90,34,13
90,35,-27
90,36,-20
90,37,-7
90,38,40
90,39,-71
90,40,84
90,41,-71
90,42,98
90,43,-91
90,44,-2
90,45,93
90,46,-7
90,47,-62
90,48,-64
90,49,30
90,50,-12
90,51,61
90,52,65
90,53,-87
90,54,91
90,55,-62
90,56,81
90,57,29
90,58,-58
90,59,80
90,60,30
90,61,68
90,62,-93
90,63,-5
90,64,90
90,65,-36
90,66,-22
90,67,31
90,68,-33
90,69,-9
90,70,-91
90,71,-26
90,72,77
90,73,50
90,74,-40
90,75,-54
90,76,-98
90,77,2
90,78,-84
90,79,-79
90,80,15
90,81,-10
90,82,43
90,83,3
90,84,-98
90,85,-49
90,86,10
90,87,60
90,88,-59
90,89,29
90,90,-62
90,91,-55
90,92,-53
90,93,-74
90,94,-86
90,95,-94
90,96,8
90,97,84
90,98,-59
90,99,-92
90,100,4
90,101,33
90,102,84
90,103,-25
90,104,-71
90,105,82
90,106,-17
90,107,25
90,108,-17
90,109,-47
90,110,9
90,111,-74
90,112,-17
90,113,86
90,114,-94
90,115,67
90,116,3
90,117,-29
90,118,-99
90,119,41
90,120,37
90,121,-51
90,122,45
90,123,-83
90,124,-85
90,125,-49
90,126,96
90,127,79
90,128,58
90,129,-17
90,130,50
90,131,-5
90,132,-59
90,133,89
90,134,12
90,135,77
90,136,23
90,137,-86
90,138,-11
90,139,71
90,140,-59
90,141,-56
90,142,-7
90,143,6
90,144,62
90,145,-79
90,146,27
90,147,-63
90,148,-4
90,149,97
90,150,91
90,151,0
90,152,-94
90,153,-57
90,154,-25
90,155,-94
90,156,93
90,157,-41
90,158,-100
90,159,-39
90,160,-14
90,161,-12
90,162,-83
90,163,7
90,164,34
90,165,14
90,166,-47
90,167,-34
90,168,-8
90,169,37
90,170,88
90,171,-42
90,172,86
90,173,-32
90,174,90
90,175,-3
90,176,-93
90,177,-46
90,178,33
90,179,28
90,180,-45
90,181,3
90,182,13
90,183,-13
90,184,37
90,185,7
90,186,-78
90,187,43
90,188,0
90,189,43
90,190,-45
90,191,7
90,192,-6
90,193,-95
90,194,-71
90,195,90
90,196,28
90,197,-50
90,198,5
90,199,-12
90,200,26
90,201,-55
90,202,20
90,203,48
90,204,-2
90,205,65
90,206,-32
90,207,-38
90,208,-51
90,209,-89
90,210,-32
90,211,-28
90,212,-57
90,213,-49
90,214,-92
90,215,92
90,216,17
90,217,-91
90,218,-55
90,219,2
90,220,85
90,221,-64
90,222,-49
90,223,-2
90,224,-20
90,225,-88
90,226,33
90,227,85
90,228,0
90,229,27
90,230,-53
90,231,59
90,232,-90
90,233,-20
90,234,-96
90,235,-95
90,236,16
90,237,48
90,238,-59
90,239,-20
90,240,54
90,241,-98
90,242,-41
90,243,93
90,244,-8
90,245,-52
90,246,-67
90,247,-64
90,248,-59
90,249,92
90,250,87
90,251,-100
90,252,86
90,253,31
90,254,2
90,255,41
90,256,9
90,257,45
90,258,-67
90,259,-100
90,260,-48
90,261,-79
90,262,88
90,263,49
90,264,77
90,265,-85
90,266,55
90,267,18
90,268,-15
90,269,97
90,270,-59
90,271,93
90,272,-30
90,273,16
90,274,62
90,275,-81
90,276,7
90,277,29
90,278,-94
90,279,76
90,280,-92
90,281,-74
90,282,29
90,283,-16
90,284,95
90,285,-41
90,286,11
90,287,-15
90,288,76
90,289,29
90,290,44
90,291,-18
90,292,3
90,293,-13
90,294,-81
90,295,25
90,296,-3
90,297,59
90,298,-50
90,299,-13
91,0,69
91,1,-38
91,2,-12
91,3,88
91,4,89
91,5,30
91,6,-12
91,7,-9
91,8,-25
91,9,-75
91,10,75
91,11,7
91,12,-93
91,13,32
91,14,38
91,15,-59
91,16,18
91,17,68
91,18,7
91,19,46
91,20,75
91,21,80
91,22,82
91,23,19
91,24,88
91,25,59
91,26,-55
91,27,-9
91,28,63
91,29,45
91,30,-27
91,31,-5
91,32,-83
91,33,39
91,34,14
91,35,-29
91,36,-55
91,37,82
91,38,-63
91,39,29
91,40,-92
91,41,7
91,42,32
91,43,-3
91,44,-82
91,45,-30
91,46,-62
91,47,-59
91,48,44
91,49,90
91,50,-11
91,51,73
91,52,6
91,53,47
91,54,97
91,55,35
91,56,-5
91,57,46
91,58,-69
91,59,25
91,60,46
91,61,-77
91,62,-77
91,63,83
91,64,19
91,65,-83
91,66,39
91,67,-60
91,68,-14
91,69,75
91,70,-19
91,71,91
91,72,43
91,73,50
91,74,66
91,75,-68
91,76,-77
91,77,-40
91,78,-46
91,79,88
91,80,-17
91,81,67
91,82,85
91,83,18
91,84,-29
91,85,-27
91,86,28
91,87,-16
91,88,52
91,89,-5
91,90,-48
91,91,88
91,92,73
91,93,9
91,94,-41
91,95,-50
91,96,20
91,97,-28
91,98,75
91,99,67
91,100,-94
91,101,-26
91,102,-82
91,103,42
91,104,-31
91,105,88
91,106,-45
91,107,37
91,108,73
91,109,-21
91,110,8
91,111,84
91,112,-66
91,113,-29
91,114,-9
91,115,-98
91,116,-35
91,117,80
91,118,-49
91,119,-8
91,120,80
91,121,81
91,122,-54
91,123,-98
91,124,92
91,125,42
91,126,-17
91,127,-67
91,128,-51
91,129,-68
91,130,-28
91,131,-98
91,132,-99
91,133,31
91,134,-85
91,135,81
91,136,-68
91,137,-92
91,138,-44
91,139,-61
91,140,-49
91,141,-85
91,142,35
91,143,-14
91,144,-41
91,145,63
91,146,-98
91,147,-86
91,148,1
91,149,-78
91,150,30
91,151,57
91,152,72
91,153,-84
91,154,13
91,155,85
91,156,-43
91,157,9
91,158,84
91,159,34
91,160,66
91,161,-23
91,162,85
91,163,83
91,164,42
91,165,-57
91,166,-89
91,167,-93
91,168,-21
91,169,-60
91,170,61
91,171,-55
91,172,-72
91,173,-85
91,174,32
91,175,-96
91,176,-71
91,177,16
91,178,77
91,179,-96
91,180,40
91,181,-52
91,182,-12
91,183,-51
91,184,-87
91,185,7
91,186,-55
91,187,-19
91,188,25
91,189,-17
91,190,-67
91,191,-30
91,192,74
91,193,-41
91,194,-27
91,195,-20
91,196,38
91,197,-3
91,198,-10
91,199,-6
91,200,77
91,201,31
91,202,68
91,203,86
91,204,-41
91,205,12
91,206,-20
91,207,89
91,208,-17
91,209,-76
91,210,-68
91,211,-82
91,212,-44
91,213,-86
91,214,-60
91,215,96
91,216,-41
91,217,8
91,218,-5
91,219,-79
91,220,70
91,221,59
91,222,40
91,223,65
91,224,-75
91,225,32
91,226,24
91,227,76
91,228,-4
91,229,32
91,230,-30
91,231,75
91,232,-83
91,233,-6
91,234,33
91,235,-35
91,236,26
91,237,-59
91,238,16
91,239,79
91,240,-90
91,241,-75
91,242,48
91,243,93
91,244,67
91,245,-45
91,246,17
91,247,78
91,248,47
91,249,-44
91,250,-96
91,251,-87
91,252,-77
91,253,-33
91,254,79
91,255,-53
91,256,74
91,257,-41
91,258,-98
91,259,18
91,260,36
91,261,-1
91,262,-18
91,263,-77
91,264,31
91,265,36
91,266,-100
91,267,15
91,268,62
91,269,39
91,270,45
91,271,-91
91,272,45
91,273,51
91,274,28
91,275,-22
91,276,99
91,277,-2
91,278,43
91,279,42
91,280,89
91,281,32
91,282,-56
91,283,17
91,284,-49
91,285,98
91,286,11
91,287,34
91,288,54
91,289,11
91,290,-88
91,291,-84
91,292,-57
91,293,40
91,294,-28
91,295,-96
91,296,-68
91,297,31
91,298,53
91,299,-33
92,0,-85
92,1,49
92,2,-65
92,3,1
92,4,85
92,5,82
92,6,62
92,7,-76
92,8,-29
92,9,-20
92,10,-40
92,11,-83
92,12,-43
92,13,-25
92,14,20
92,15,-44
92,16,-4
92,17,-38
92,18,-89
92,19,-90
92,20,40
92,21,62
92,22,-74
92,23,3
92,24,-34
92,25,-12
92,26,-56
92,27,-20
92,28,-34
92,29,49
92,30,1
92,31,-10
92,32,-59
92,33,-81
92,34,-53
92,35,-83
92,36,27
92,37,-24
92,38,97
92,39,-95
92,40,-62
92,41,-90
92,42,11
92,43,52
92,44,7
92,45,-7
92,46,-46
92,47,-17
92,48,-43
92,49,-64
92,50,-85
92,51,-31
92,52,-8
92,53,64
92,54,80
92,55,43
92,56,-83
92,57,46
92,58,71
92,59,29
92,60,85
92,61,37
92,62,-55
92,63,-82
92,64,-63
92,65,-64
92,66,11
92,67,-56
92,68,16
92,69,61
92,70,29
92,71,-57
92,72,-4
92,73,-18
92,74,23
92,75,23
92,76,-74
92,77,-53
92,78,-7
92,79,-94
92,80,54
92,81,-16
92,82,98
92,83,11
92,84,-12
92,85,27
92,86,-83
92,87,-68
92,88,60
92,89,-5
92,90,21
92,91,-76
92,92,41
92,93,65
92,94,65
92,95,-97
92,96,7
92,97,89
92,98,-19
92,99,-91
92,100,-66
92,101,-2
92,102,3
92,103,-78
92,104,-36
92,105,-19
92,106,52
92,107,80
92,108,-84
92,109,84
92,110,47
92,111,27
92,112,52
92,113,69
92,114,72
92,115,-70
92,116,-36
92,117,79
92,118,-21
92,119,-9
92,120,48
92,121,-71
92,122,22
92,123,30
92,124,-31
92,125,70
92,126,-72
92,127,-98
92,128,85
92,129,60
92,130,-26
92,131,-56
92,132,-32
92,133,59
92,134,10
92,135,-17
92,136,-49
92,137,91
92,138,15
92,139,2
92,140,67
92,141,40
92,142,-21
92,143,-72
92,144,90
92,145,53
92,146,1
92,147,-42
92,148,76
92,149,80
92,150,58
92,151,-89
92,152,85
92,153,63
92,154,-91
92,155,33
92,156,34
92,157,-70
92,158,-10
92,159,99
92,160,-98
92,161,3
92,162,74
92,163,25
92,164,-100
92,165,72
92,166,81
92,167,77
92,168,34
92,169,90
92,170,-86
92,171,-12
92,172,94
92,173,57
92,174,21
92,175,15
92,176,95
92,177,-65
92,178,-34
92,179,32
92,180,-76
92,181,-90
92,182,99
92,183,-35
92,184,55
92,185,-41
92,186,37
92,187,-51
92,188,66
92,189,64
92,190,-38
92,191,88
92,192,-9
92,193,-63
92,194,19
92,195,-68
92,196,-26
92,197,-56
92,198,71
92,199,28
92,200,-48
92,201,74
92,202,60
92,203,-34
92,204,42
92,205,4
92,206,-87
92,207,50
92,208,23
92,209,81
92,210,19
92,211,35
92,212,81
92,213,-65
92,214,27
92,215,79
92,216,33
92,217,-4
92,218,55
92,219,77
92,220,65
92,221,57
92,222,-20
92,223,-28
92,224,81
92,225,-30
92,226,-55
92,227,55
92,228,44
92,229,75
92,230,71
92,231,-41
92,232,-41
92,233,-96
92,234,96
92,235,97
92,236,34
92,237,80
92,238,44
92,239,-42
92,240,-92
92,241,49
92,242,-56
92,243,86
92,244,-21
92,245,-88
92,246,-18
92,247,-89
92,248,63
92,249,-91
92,250,-85
92,251,-9
92,252,-82
92,253,3
92,254,33
92,255,31
92,256,57
92,257,2
92,258,-6
92,259,73
92,260,-74
92,261,72
92,262,-64
92,263,36
92,264,-40
92,265,-66
92,266,5
92,267,-54
92,268,48
92,269,44
92,270,-46
92,271,-13
92,272,-6
92,273,-95
92,274,20
92,275,62
92,276,-51
92,277,64
92,278,-88
92,279,-76
92,280,22
92,281,28
92,282,-52
92,283,21
92,284,-66
92,285,-18
92,286,-48
92,287,79
92,288,81
92,289,-25
92,290,3
92,291,-54
92,292,-58
92,293,47
92,294,60
92,295,-8
92,296,43
92,297,-23
92,298,-94
92,299,-31
93,0,48
93,1,-65
93,2,3
93,3,-47
93,4,46
93,5,-76
93,6,-34
93,7,8
93,8,80
93,9,-53
93,10,69
93,11,74
93,12,-10
93,13,69
93,14,-99
93,15,33
93,16,26
93,17,-55
93,18,93
93,19,5
93,20,-61
93,21,-43
93,22,-23
93,23,-68
93,24,-39
93,25,-89
93,26,25
93,27,-52
93,28,-13
93,29,-23
93,30,-96
93,31,78
93,32,-32
93,33,10
93,34,59
93,35,76
93,36,-41
93,37,-55
93,38,95
93,39,68
93,40,94
93,41,-88
93,42,7
93,43,11
93,44,-1
93,45,45
93,46,12
93,47,-4
93,48,-50
93,49,17
93,50,-65
93,51,-20
93,52,2
93,53,-67
93,54,39
93,55,32
93,56,-53
93,57,3
93,58,-10
93,59,23
93,60,-61
93,61,40
93,62,-75
93,63,41
93,64,-5
93,65,38
93,66,65
93,67,-21
93,68,-44
93,69,49
93,70,10
93,71,43
93,72,-25
93,73,-72
93,74,29
93,75,81
93,76,-99
93,77,-98
93,78,83
93,79,-29
93,80,-90
93,81,59
93,82,-97
93,83,36
93,84,-13
93,85,12
93,86,83
93,87,-85
93,88,-15
93,89,98
93,90,-91
93,91,63
93,92,-77
93,93,-37
93,94,-45
93,95,-12
93,96,-79
93,97,79
93,98,-51
93,99,-54
93,100,-78
93,101,-18
93,102,-82
93,103,79
93,104,61
93,105,-72
93,106,-40
93,107,-16
93,108,-66
93,109,-96
93,110,-25
93,111,-94
93,112,68
93,113,29
93,114,37
93,115,1
93,116,-57
93,117,-31
93,118,-10
93,119,62
93,120,-39
93,121,-81
93,122,62
93,123,64
93,124,-29
93,125,19
93,126,81
93,127,-6
93,128,26
93,129,12
93,130,6
93,131,-21
93,132,-73
93,133,97
93,134,59
93,135,38
93,136,69
93,137,50
93,138,-71
93,139,-92
93,140,-42
93,141,55
93,142,-22
93,143,2
93,144,13
93,145,60
93,146,-54
93,147,-3
93,148,49
93,149,56
93,150,61
93,151,-59
93,152,79
93,153,-54
93,154,-27
93,155,-50
93,156,72
93,157,-7
93,158,19
93,159,-26
93,160,61
93,161,48
93,162,22
93,163,40
93,164,81
93,165,52
93,166,21
93,167,-80
93,168,-100
93,169,85
93,170,-32
93,171,-15
93,172,-30
93,173,-88
93,174,79
93,175,-78
93,176,48
93,177,-95
93,178,47
93,179,-25
93,180,67
93,181,-92
93,182,77
93,183,-73
93,184,38
93,185,15
93,186,-5
93,187,-26
93,188,-13
93,189,-45
93,190,4
93,191,-66
93,192,-76
93,193,12
93,194,-2
93,195,46
93,196,-70
93,197,-20
93,198,-51
93,199,-14
93,200,90
93,201,-54
93,202,-100
93,203,24
93,204,85
93,205,37
93,206,35
93,207,5
93,208,24
93,209,53
93,210,61
93,211,-82
93,212,-29
93,213,28
93,214,75
93,215,52
93,216,-77
93,217,74
93,218,-17
93,219,19
93,220,-32
93,221,94
93,222,59
93,223,44
93,224,88
93,225,5
93,226,-32
93,227,-90
93,228,65
93,229,95
93,230,46
93,231,2
93,232,44
93,233,-88
93,234,-100
93,235,-99
93,236,8
93,237,93
93,238,95
93,239,43
93,240,-97
93,241,-44
93,242,12
93,243,-78
93,244,23
93,245,16
93,246,29
93,247,94
93,248,-14
93,249,53
93,250,24
93,251,10
93,252,-94
93,253,-57
93,254,60
93,255,12
93,256,91
93,257,63
93,258,-97
93,259,17
93,260,-78
93,261,52
93,262,-11
93,263,-9
93,264,54
93,265,-50
93,266,14
93,267,-20
93,268,2
93,269,96
93,270,-21
93,271,50
93,272,2
93,273,-92
93,274,-68
93,275,-66
93,276,-51
93,277,-77
93,278,51
93,279,46
93,280,-62
93,281,88
93,282,-76
93,283,52
93,284,54
93,285,-69
93,286,38
93,287,96
93,288,7
93,289,-68
93,290,46
93,291,6
93,292,10
93,293,20
93,294,-85
93,295,-90
93,296,-3
93,297,15
93,298,96
93,299,82
94,0,-76
94,1,-8
94,2,10
94,3,-5
94,4,61
94,5,-89
94,6,-80
94,7,26
94,8,-72
94,9,78
94,10,20
94,11,23
94,12,50
94,13,-68
94,14,35
94,15,69
94,16,-24
94,17,96
94,18,-60
94,19,-27
94,20,-38
94,21,-87
94,22,89
94,23,-26
94,24,73
94,25,-34
94,26,-8
94,27,-48
94,28,79
94,29,-7
94,30,12
94,31,34
94,32,81
94,33,-90
94,34,-76
94,35,86
94,36,93
94,37,54
94,38,-18
94,39,85
94,40,-8
94,41,38
94,42,-46
94,43,-82
94,44,-9
94,45,66
94,46,-11
94,47,97
94,48,-90
94,49,41
94,50,-41
94,51,63
94,52,-60
94,53,29
94,54,84
94,55,6
94,56,-41
94,57,47
94,58,-79
94,59,27
94,60,25
94,61,2
94,62,31
94,63,83
94,64,9
94,65,-43
94,66,-36
94,67,-43
94,68,57
94,69,-25
94,70,-82
94,71,27
94,72,89
94,73,3
94,74,6
94,75,17
94,76,95
94,77,-22
94,78,-17
94,79,71
94,80,17
94,81,88
94,82,48
94,83,-91
94,84,-71
94,85,-77
94,86,75
94,87,-46
94,88,3
94,89,26
94,90,79
94,91,24
94,92,65
94,93,94
94,94,-8
94,95,-93
94,96,56
94,97,37
94,98,96
94,99,-26
94,100,95
94,101,76
94,102,85
94,103,62
94,104,77
94,105,-61
94,106,39
94,107,-16
94,108,-85
94,109,-23
94,110,-53
94,111,-10
94,112,28
94,113,92
94,114,-79
94,115,42
94,116,94
94,117,-87
94,118,-28
94,119,-82
94,120,-61
94,121,-3
94,122,-97
94,123,-68
94,124,-58
94,125,64
94,126,93
94,127,-74
94,128,72
94,129,-20
94,130,12
94,131,77
94,132,16
94,133,23
94,134,-6
94,135,-38
94,136,33
94,137,23
94,138,15
94,139,-6
94,140,-34
94,141,94
94,142,-4
94,143,15
94,144,86
94,145,-88
94,146,48
94,147,-37
94,148,64
94,149,-16
94,150,75
94,151,-45
94,152,71
94,153,40
94,154,31
94,155,11
94,156,-68
94,157,64
94,158,-48
94,159,0
94,160,51
94,161,-12
94,162,78
94,163,68
94,164,-72
94,165,86
94,166,67
94,167,-50
94,168,-51
94,169,10
94,170,-65
94,171,8
94,172,-41
94,173,45
94,174,-81
94,175,32
94,176,45
94,177,23
94,178,67
94,179,-100
94,180,-82
94,181,-14
94,182,53
94,183,-72
94,184,-42
94,185,-38
94,186,-3
94,187,89
94,188,-53
94,189,-39
94,190,-83
94,191,93
94,192,-74
94,193,-95
94,194,97
94,195,86
94,196,-95
94,197,-70
94,198,4
94,199,-7
94,200,-45
94,201,81
94,202,68
94,203,-83
94,204,-14
94,205,-78
94,206,63
94,207,-76
94,208,-94
94,209,47
94,210,32
94,211,-83
94,212,5
94,213,-68
94,214,-22
94,215,-66
94,216,9
94,217,-36
94,218,-38
94,219,-29
94,220,98
94,221,-60
94,222,77
94,223,27
94,224,7
94,225,3
94,226,57
94,227,-63
94,228,-66
94,229,93
94,230,73
94,231,35
94,232,1
94,233,-33
94,234,-64
94,235,-16
94,236,40
94,237,72
94,238,-72
94,239,-60
94,240,-45
94,241,-85
94,242,39
94,243,-35
94,244,89
94,245,46
94,246,57
94,247,43
94,248,40
94,249,-32
94,250,-78
94,251,89
94,252,58
94,253,-48
94,254,19
94,255,44
94,256,27
94,257,-52
94,258,76
94,259,94
94,260,53
94,261,-88
94,262,7
94,263,65
94,264,49
94,265,-16
94,266,56
94,267,-56
94,268,73
94,269,66
94,270,96
94,271,-19
94,272,-33
94,273,-4
94,274,66
94,275,47
94,276,-24
94,277,95
94,278,-66
94,279,35
94,280,-49
94,281,-61
94,282,20
94,283,12
94,284,10
94,285,-65
94,286,33
94,287,-31
94,288,-28
94,289,-85
94,290,73
94,291,86
94,292,-63
94,293,-83
94,294,-89
94,295,-47
94,296,74
94,297,-100
94,298,42
94,299,10
95,0,-80
95,1,28
95,2,-8
95,3,94
95,4,39
95,5,23
95,6,55
95,7,-62
95,8,64
95,9,-41
95,10,58
95,11,85
95,12,-4
95,13,3
95,14,38
95,15,9
95,16,-72
95,17,-12
95,18,18
95,19,40
95,20,-50
95,21,7
95,22,81
95,23,46
95,24,-43
95,25,-65
95,26,-73
95,27,95
95,28,30
95,29,0
95,30,6
95,31,-12
95,32,68
95,33,-66
95,34,-8
95,35,4
95,36,-25
95,37,-17
95,38,-25
95,39,-51
95,40,-1
95,41,57
95,42,-29
95,43,14
95,44,-24
95,45,20
95,46,97
95,47,-47
95,48,-30
95,49,-16
95,50,1
95,51,6
95,52,78
95,53,-73
95,54,91
95,55,7
95,56,-80
95,57,54
95,58,-74
95,59,-24
95,60,-51
95,61,56
95,62,66
95,63,-44
95,64,18
95,65,64
95,66,-37
95,67,-53
95,68,49
95,69,57
95,70,55
95,71,50
95,72,-97
95,73,30
95,74,-40
95,75,-5
95,76,-97
95,77,-36
95,78,39
95,79,40
95,80,61
95,81,23
95,82,86
95,83,-8
95,84,-70
95,85,-30
95,86,40
95,87,81
95,88,-99
95,89,60
95,90,-51
95,91,34
95,92,45
95,93,78
95,94,-93
95,95,-46
95,96,-58
95,97,86
95,98,-71
95,99,-42
95,100,-92
95,101,-33
95,102,66
95,103,-20
95,104,38
95,105,22
95,106,29
95,107,-78
95,108,90
95,109,-79
95,110,88
95,111,53
95,112,39
95,113,59
95,114,-92
95,115,96
95,116,-11
95,117,98
95,118,-68
95,119,51
95,120,-12
95,121,-6
95,122,-32
95,123,-63
95,124,38
95,125,59
95,126,-37
95,127,-29
95,128,-81
95,129,-67
95,130,10
95,131,-59
95,132,35
95,133,-35
95,134,-80
95,135,-22
95,136,-31
95,137,-96
95,138,-34
95,139,70
95,140,-85
95,141,-2
95,142,-28
95,143,-66
95,144,-18
95,145,70
95,146,9
95,147,-62
95,148,-91
95,149,47
95,150,-100
95,151,-95
95,152,80
95,153,73
95,154,-35
95,155,-63
95,156,60
95,157,-34
95,158,-1
95,159,-24
95,160,-66
95,161,-56
95,162,49
95,163,-33
95,164,-84
95,165,-96
95,166,-44
95,167,-6
95,168,67
95,169,-71
95,170,69
95,171,-94
95,172,23
95,173,98
95,174,-10
95,175,46
95,176,68
95,177,61
95,178,49
95,179,-49
95,180,-95
95,181,8
95,182,-6
95,183,52
95,184,-35
95,185,-91
95,186,-75
95,187,32
95,188,-33
95,189,-3
95,190,-30
95,191,-51
95,192,-84
95,193,-90
95,194,-48
95,195,-51
95,196,35
95,197,23
95,198,-39
95,199,-25
95,200,22
95,201,-11
95,202,-72
95,203,1
95,204,0
95,205,9
95,206,71
95,207,8
95,208,72
95,209,-72
95,210,-42
95,211,42
95,212,-31
95,213,-5
95,214,-57
95,215,63
95,216,-17
95,217,20
95,218,-44
95,219,16
95,220,-37
95,221,-2
95,222,-63
95,223,44
95,224,-74
95,225,-84
95,226,-38
95,227,-90
95,228,-37
95,229,-62
95,230,29
95,231,14
95,232,93
95,233,81
95,234,56
95,235,-56
95,236,-13
95,237,-21
95,238,58
95,239,76
95,240,-92
95,241,54
95,242,83
95,243,4
95,244,24
95,245,-23
95,246,-56
95,247,70
95,248,7
95,249,49
95,250,-2
95,251,60
95,252,-74
95,253,-61
95,254,-75
95,255,-18
95,256,72
95,257,72
95,258,-75
95,259,-31
95,260,-34
95,261,-95
95,262,-73
95,263,94
95,264,-88
95,265,-38
95,266,-88
95,267,28
95,268,-61
95,269,64
95,270,-70
95,271,-84
95,272,36
95,273,8
95,274,-37
95,275,-44
95,276,40
95,277,64
95,278,41
95,279,-76
95,280,21
95,281,-23
95,282,-44
95,283,-30
95,284,-13
95,285,12
95,286,-1
95,287,69
95,288,69
95,289,-54
95,290,15
95,291,71
95,292,68
95,293,30
95,294,-11
95,295,10
95,296,-11
95,297,28
95,298,38
95,299,34
96,0,-89
96,1,65
96,2,81
96,3,94
96,4,5
96,5,21
96,6,-48
96,7,59
96,8,-1
96,9,72
96,10,78
96,11,-64
96,12,18
96,13,-42
96,14,-47
96,15,45
96,16,-100
96,17,48
96,18,-73
96,19,11
96,20,-85
96,21,75
96,22,-73
96,23,49
96,24,11
96,25,28
96,26,15
96,27,69
96,28,-3
96,29,-31
96,30,-9
96,31,-98
96,32,-20
96,33,-57
96,34,54
96,35,78
96,36,-77
96,37,47
96,38,59
96,39,-2
96,40,40
96,41,11
96,42,70
96,43,47
96,44,22
96,45,11
96,46,29
96,47,-33
96,48,-10
96,49,-41
96,50,31
96,51,23
96,52,-5
96,53,44
96,54,28
96,55,-68
96,56,-71
96,57,-96
96,58,17
96,59,39
96,60,59
96,61,-63
96,62,-84
96,63,85
96,64,8
96,65,-61
96,66,51
96,67,39
96,68,10
96,69,27
96,70,-6
96,71,46
96,72,-72
96,73,79
96,74,44
96,75,-28
96,76,-80
96,77,-41
96,78,-3
96,79,-26
96,80,18
96,81,47
96,82,12
96,83,80
96,84,13
96,85,2
96,86,-21
96,87,-38
96,88,-44
96,89,-72
96,90,28
96,91,23
96,92,-42
96,93,91
96,94,-15
96,95,99
96,96,-30
96,97,-12
96,98,-3
96,99,-57
96,100,75
96,101,15
96,102,-26
96,103,42
96,104,62
96,105,-78
96,106,80
96,107,-56
96,108,-9
96,109,-88
96,110,-67
96,111,65
96,112,-31
96,113,7
96,114,95
96,115,32
96,116,25
96,117,67
96,118,97
96,119,-80
96,120,55
96,121,30
96,122,-78
96,123,99
96,124,-82
96,125,-51
96,126,85
96,127,-81
96,128,15
96,129,-9
96,130,-8
96,131,99
96,132,-18
96,133,-48
96,134,22
96,135,-16
96,136,-19
96,137,-92
96,138,-97
96,139,68
96,140,-76
96,141,-67
96,142,-28
96,143,36
96,144,-19
96,145,40
96,146,36
96,147,-97
96,148,61
96,149,-94
96,150,-86
96,151,-63
96,152,-10
96,153,-49
96,154,-20
96,155,-1
96,156,-94
96,157,6
96,158,-56
96,159,-42
96,160,21
96,161,-80
96,162,55
96,163,-98
96,164,41
96,165,-99
96,166,-72
96,167,45
96,168,-64
96,169,72
96,170,-56
96,171,51
96,172,19
96,173,-55
96,174,39
96,175,-48
96,176,-56
96,177,-69
96,178,-83
96,179,-88
96,180,31
96,181,-78
96,182,-39
96,183,-47
96,184,82
96,185,-32
96,186,67
96,187,-87
96,188,-3
96,189,-73
96,190,99
96,191,-6
96,192,-30
96,193,-34
96,194,56
96,195,-1
96,196,-40
96,197,2
96,198,95
96,199,36
96,200,18
96,201,-84
96,202,-52
96,203,90
96,204,-23
96,205,-55
96,206,-8
96,207,20
96,208,-88
96,209,-56
96,210,80
96,211,-84
96,212,-54
96,213,-39
96,214,77
96,215,-58
96,216,-33
96,217,23
96,218,8
96,219,99
96,220,-73
96,221,72
96,222,68
96,223,-7
96,224,17
96,225,63
96,226,-10
96,227,-17
96,228,-68
96,229,-76
96,230,-82
96,231,74
96,232,5
96,233,-68
96,234,-34
96,235,41
96,236,60
96,237,-59
96,238,92
96,239,-6
96,240,-54
96,241,-66
96,242,16
96,243,59
96,244,82
96,245,81
96,246,-25
96,247,78
96,248,86
96,249,99
96,250,41
96,251,45
96,252,27
96,253,-46
96,254,-3
96,255,83
96,256,7
96,257,-52
96,258,87
96,259,12
96,260,80
96,261,98
96,262,33
96,263,-31
96,264,-15
96,265,35
96,266,42
96,267,53
96,268,-62
96,269,30
96,270,84
96,271,-91
96,272,-98
96,273,-55
96,274,49
96,275,-34
96,276,92
96,277,-4
96,278,-82
96,279,-39
96,280,-3
96,281,-44
96,282,-6
96,283,6
96,284,-13
96,285,40
96,286,43
96,287,43
96,288,14
96,289,18
96,290,-49
96,291,-60
96,292,-53
96,293,-10
96,294,-62
96,295,-88
96,296,31
96,297,-5
96,298,8
96,299,3
97,0,-3
97,1,-58
97,2,-13
97,3,-8
97,4,73
97,5,25
97,6,8
97,7,-54
97,8,-9
97,9,80
97,10,52
97,11,-60
97,12,-98
97,13,20
97,14,-24
97,15,-6
97,16,-88
97,17,4
97,18,-83
97,19,-64
97,20,70
97,21,61
97,22,-46
97,23,-49
97,24,-65
97,25,81
97,26,86
97,27,13
97,28,-49
97,29,-82
97,30,39
97,31,-9
97,32,38
97,33,-53
97,34,0
97,35,-2
97,36,43
97,37,98
97,38,-54
97,39,-34
97,40,-70
97,41,-25
97,42,-93
97,43,88
97,44,-57
97,45,77
97,46,-66
97,47,88
97,48,82
97,49,93
97,50,-87
97,51,9
97,52,-97
97,53,44
97,54,11
97,55,-32
97,56,51
97,57,-52
97,58,-46
97,59,98
97,60,50
97,61,-20
97,62,39
97,63,38
97,64,14
97,65,-26
97,66,-3
97,67,26
97,68,10
97,69,0
97,70,13
97,71,-72
97,72,-39
97,73,-48
97,74,16
97,75,75
97,76,-10
97,77,5
97,78,-15
97,79,27
97,80,93
97,81,-1
97,82,75
97,83,-7
97,84,86
97,85,98
97,86,84
97,87,-25
97,88,-98
97,89,-20
97,90,4
97,91,-69
97,92,-93
97,93,-14
97,94,-71
97,95,42
97,96,-27
97,97,82
97,98,22
97,99,20
97,100,-63
97,101,42
97,102,57
97,103,73
97,104,91
97,105,53
97,106,14
97,107,8
97,108,-23
97,109,94
97,110,-65
97,111,-11
97,112,58
97,113,-61
97,114,-27
97,115,-55
97,116,6
97,117,69
97,118,45
97,119,-1
97,120,63
97,121,77
97,122,-40
97,123,67
97,124,-98
97,125,-19
97,126,-94
97,127,-70
97,128,-36
97,129,-6
97,130,-37
97,131,-24
97,132,-98
97,133,-8
97,134,-66
97,135,-86
97,136,-80
97,137,-39
97,138,-18
97,139,55
97,140,-97
97,141,40
97,142,78
97,143,75
97,144,66
97,145,-34
97,146,-7
97,147,-43
97,148,29
97,149,-76
97,150,-90
97,151,-100
97,152,-53
97,153,12
97,154,75
97,155,37
97,156,-20
97,157,-71
97,158,62
97,159,13
97,160,-82
97,161,9
97,162,80
97,163,-67
97,164,-69
97,165,-25
97,166,25
97,167,33
97,168,40
97,169,-15
97,170,-26
97,171,91
97,172,34
97,173,-56
97,174,72
97,175,-36
97,176,-7
97,177,-82
97,178,18
97,179,-54
97,180,-55
97,181,-72
97,182,-1
97,183,88
97,184,-36
97,185,50
97,186,27
97,187,-50
97,188,90
97,189,-79
97,190,9
97,191,-30
97,192,-68
97,193,26
97,194,8
97,195,-1
97,196,-57
97,197,-94
97,198,27
97,199,-10
97,200,29
97,201,-84
97,202,-36
97,203,85
97,204,9
97,205,-71
97,206,-9
97,207,53
97,208,62
97,209,90
97,210,-26
97,211,98
97,212,55
97,213,52
97,214,88
97,215,4
97,216,-70
97,217,81
97,218,94
97,219,-4
97,220,-50
97,221,-43
97,222,-67
97,223,86
97,224,-80
97,225,83
97,226,-64
97,227,-37
97,228,46
97,229,23
97,230,0
97,231,18
97,232,-16
97,233,-23
97,234,80
97,235,98
97,236,90
97,237,3
97,238,89
97,239,-29
97,240,2
97,241,-24
97,242,9
97,243,-82
97,244,29
97,245,33
97,246,56
97,247,68
97,248,78
97,249,32
97,250,68
97,251,-39
97,252,57
97,253,2
97,254,89
97,255,-1
97,256,54
97,257,77
97,258,-49
97,259,-52
97,260,89
97,261,-1
97,262,87
97,263,25
97,264,17
97,265,-47
97,266,18
97,267,32
97,268,36
97,269,61
97,270,-3
97,271,-65
97,272,47
97,273,-20
97,274,-16
97,275,-18
97,276,-38
97,277,-34
97,278,57
97,279,96
97,280,97
97,281,-98
97,282,76
97,283,-59
97,284,-77
97,285,-57
97,286,28
97,287,14
97,288,81
97,289,79
97,290,-65
97,291,-63
97,292,71
97,293,-19
97,294,74
97,295,-72
97,296,78
97,297,-60
97,298,91
97,299,-13
98,0,-53
98,1,13
98,2,-79
98,3,-2
98,4,-84
98,5,-15
98,6,32
98,7,-40
98,8,-12
98,9,33
98,10,80
98,11,-20
98,12,-6
98,13,44
98,14,-42
98,15,66
98,16,-47
98,17,25
98,18,75
98,19,64
98,20,-53
98,21,-33
98,22,6
98,23,-23
98,24,-24
98,25,-74
98,26,-13
98,27,54
98,28,-29
98,29,90
98,30,79
98,31,-54
98,32,2
98,33,-80
98,34,14
98,35,-44
98,36,4
98,37,-6
98,38,69
98,39,9
98,40,75
98,41,-74
98,42,27
98,43,99
98,44,60
98,45,-25
98,46,-66
98,47,-3
98,48,43
98,49,-65
98,50,-35
98,51,-45
98,52,44
98,53,47
98,54,-7
98,55,5
98,56,-17
98,57,35
98,58,45
98,59,-83
98,60,45
98,61,24
98,62,-99
98,63,-25
98,64,99
98,65,78
98,66,37
98,67,41
98,68,-75
98,69,-54
98,70,-71
98,71,-45
98,72,18
98,73,69
98,74,31
98,75,38
98,76,51
98,77,94
98,78,64
98,79,29
98,80,39
98,81,-80
98,82,96
98,83,98
98,84,91
98,85,-33
98,86,25
98,87,-58
98,88,81
98,89,-1
98,90,22
98,91,89
98,92,-8
98,93,39
98,94,28
98,95,99
98,96,60
98,97,91
98,98,15
98,99,14
98,100,95
98,101,41
98,102,18
98,103,-8
98,104,41
98,105,-92
98,106,-28
98,107,-75
98,108,76
98,109,5
98,110,44
98,111,-33
98,112,87
98,113,9
98,114,30
98,115,-76
98,116,-80
98,117,39
98,118,-47
98,119,-100
98,120,27
98,121,-100
98,122,72
98,123,73
98,124,75
98,125,34
98,126,-91
98,127,42
98,128,-61
98,129,38
98,130,83
98,131,73
98,132,-56
98,133,-14
98,134,40
98,135,-74
98,136,-51
98,137,-40
98,138,-88
98,139,39
98,140,56
98,141,-16
98,142,-17
98,143,-81
98,144,-70
98,145,-93
98,146,-77
98,147,66
98,148,-68
98,149,-59
98,150,42
98,151,95
98,152,92
98,153,59
98,154,38
98,155,-7
98,156,-64
98,157,46
98,158,78
98,159,-67
98,160,98
98,161,87
98,162,-48
98,163,39
98,164,89
98,165,-5
98,166,93
98,167,4
98,168,-53
98,169,-61
98,170,51
98,171,77
98,172,95
98,173,-13
98,174,-58
98,175,-84
98,176,1
98,177,82
98,178,61
98,179,10
98,180,-31
98,181,-41
98,182,78
98,183,-24
98,184,-66
98,185,61
98,186,-85
98,187,45
98,188,-63
98,189,70
98,190,-69
98,191,-94
98,192,-55
98,193,88
98,194,-83
98,195,-30
98,196,-61
98,197,-13
98,198,-23
98,199,77
98,200,-96
98,201,81
98,202,-15
98,203,85
98,204,-79
98,205,-27
98,206,-11
98,207,-22
98,208,65
98,209,18
98,210,76
98,211,28
98,212,-23
98,213,-65
98,214,-6
98,215,-73
98,216,-3
98,217,-66
98,218,87
98,219,-39
98,220,-14
98,221,73
98,222,7
98,223,24
98,224,-22
98,225,24
98,226,-40
98,227,92
98,228,-75
98,229,62
98,230,-44
98,231,90
98,232,31
98,233,-59
98,234,72
98,235,66
98,236,92
98,237,-79
98,238,38
98,239,64
98,240,-11
98,241,78
98,242,-43
98,243,-94
98,244,35
98,245,-50
98,246,50
98,247,-11
98,248,7
98,249,-92
98,250,73
98,251,-63
98,252,10
98,253,-88
98,254,-94
98,255,38
98,256,77
98,257,-34
98,258,-60
98,259,56
98,260,64
98,261,83
98,262,-85
98,263,-57
98,264,-51
98,265,98
98,266,33
98,267,-83
98,268,46
98,269,-50
98,270,93
98,271,-98
98,272,-12
98,273,-47
98,274,-52
98,275,-73
98,276,-63
98,277,-73
98,278,-69
98,279,-60
98,280,-65
98,281,2
98,282,-65
98,283,6
98,284,25
98,285,-14
98,286,-35
98,287,37
98,288,-31
98,289,99
98,290,-22
98,291,-8
98,292,90
98,293,-9
98,294,-79
98,295,-81
98,296,-68
98,297,42
98,298,34
98,299,-11
99,0,-51
99,1,-91
99,2,-22
99,3,-64
99,4,-42
99,5,-13
99,6,3
99,7,-38
99,8,-80
99,9,3
99,10,-22
99,11,-64
99,12,-56
99,13,41
99,14,-58
99,15,15
99,16,-16
99,17,-17
99,18,60
99,19,-98
99,20,3
99,21,-14
99,22,71
99,23,10
99,24,-14
99,25,-10
99,26,-66
99,27,52
99,28,-5
99,29,-15
99,30,35
99,31,15
99,32,89
99,33,45
99,34,-9
99,35,55
99,36,39
99,37,91
99,38,-99
99,39,86
99,40,64
99,41,23
99,42,-97
99,43,68
99,44,72
99,45,8
99,46,10
99,47,-67
99,48,-14
99,49,-88
99,50,-94
99,51,-69
99,52,-78
99,53,76
99,54,99
99,55,-54
99,56,64
99,57,75
99,58,-72
99,59,64
99,60,-78
99,61,-63
99,62,26
99,63,-57
99,64,-96
99,65,79
99,66,-61
99,67,38
99,68,-23
99,69,5
99,70,29
99,71,62
99,72,72
99,73,-52
99,74,22
99,75,-66
99,76,5
99,77,-29
99,78,59
99,79,95
99,80,8
99,81,24
99,82,-30
99,83,-62
99,84,75
99,85,-10
99,86,-64
99,87,87
99,88,-20
99,89,31
99,90,-78
99,91,41
99,92,-96
99,93,93
99,94,9
99,95,51
99,96,-83
99,97,-74
99,98,-77
99,99,-72
99,100,38
99,101,45
99,102,22
99,103,27
99,104,11
99,105,16
99,106,31
99,107,-68
99,108,-59
99,109,59
99,110,78
99,111,24
99,112,-97
99,113,-81
99,114,94
99,115,-33
99,116,89
99,117,-43
99,118,74
99,119,-21
99,120,86
99,121,33
99,122,-6
99,123,67
99,124,50
99,125,79
99,126,-97
99,127,64
99,128,69
99,129,-57
99,130,24
99,131,-59
99,132,-72
99,133,46
99,134,59
99,135,-57
99,136,-46
99,137,-21
99,138,32
99,139,12
99,140,73
99,141,72
99,142,-80
99,143,-23
99,144,49
99,145,-71
99,146,-78
99,147,-96
99,148,-38
99,149,-42
99,150,-19
99,151,-49
99,152,-36
99,153,-62
99,154,-98
99,155,69
99,156,-30
99,157,54
99,158,55
99,159,81
99,160,-86
99,161,80
99,162,-29
99,163,-31
99,164,-97
99,165,-7
99,166,44
99,167,-67
99,168,23
99,169,33
99,170,-65
99,171,-2
99,172,66
99,173,-21
99,174,-35
99,175,35
99,176,42
99,177,90
99,178,-10
99,179,-21
99,180,92
99,181,-42
99,182,-91
99,183,-94
99,184,11
99,185,-25
99,186,-89
99,187,-22
99,188,-55
99,189,-69
99,190,59
99,191,14
99,192,13
99,193,25
99,194,-11
99,195,-40
99,196,96
99,197,-40
99,198,1
99,199,13
99,200,73
99,201,95
99,202,-9
99,203,82
99,204,28
99,205,6
99,206,94
99,207,-52
99,208,-76
99,209,-85
99,210,40
99,211,79
99,212,7
99,213,63
99,214,99
99,215,-57
99,216,-18
99,217,-54
99,218,23
99,219,-21
99,220,-25
99,221,-81
99,222,45
99,223,81
99,224,-89
99,225,11
99,226,52
99,227,-41
99,228,-26
99,229,9
99,230,-67
99,231,40
99,232,65
99,233,39
99,234,-65
99,235,-73
99,236,-62
99,237,-24
99,238,70
99,239,3
99,240,-10
99,241,14
99,242,58
99,243,-99
99,244,16
99,245,-19
99,246,-11
99,247,-59
99,248,-70
99,249,-40
99,250,1
99,251,-45
99,252,-18
99,253,27
99,254,-87
99,255,-87
99,256,56
99,257,77
99,258,-51
99,259,90
99,260,0
99,261,92
99,262,-33
99,263,-30
99,264,-90
99,265,-87
99,266,5
99,267,3
99,268,30
99,269,27
99,270,-93
99,271,70
99,272,36
99,273,-82
99,274,39
99,275,54
99,276,11
99,277,-43
99,278,-76
99,279,-56
99,280,1
99,281,-53
99,282,-51
99,283,-20
99,284,-57
99,285,-42
99,286,60
99,287,2
99,288,-23
99,289,55
99,290,-83
99,291,82
99,292,60
99,293,15
99,294,5
99,295,42
99,296,88
99,297,-90
99,298,63
99,299,42
100,0,80
100,1,-39
100,2,-53
100,3,-7
100,4,42
100,5,90
100,6,-14
100,7,70
100,8,-51
100,9,-41
100,10,-42
100,11,-86
100,12,-72
100,13,-61
100,14,-70
100,15,-28
100,16,-90
100,17,-20
100,18,-39
100,19,35
100,20,-50
100,21,-44
100,22,31
100,23,63
100,24,46
100,25,-77
100,26,-60
100,27,-52
100,28,73
100,29,-65
100,30,-91
100,31,-23
100,32,34
100,33,39
100,34,-15
100,35,75
100,36,64
100,37,63
100,38,-41
100,39,-5
100,40,-93
100,41,34
100,42,6
100,43,70
100,44,-43
100,45,-20
100,46,-15
100,47,73
100,48,-67
100,49,-17
100,50,16
100,51,99
100,52,-79
100,53,48
100,54,-86
100,55,32
100,56,1
100,57,44
100,58,99
100,59,46
100,60,-96
100,61,-78
100,62,-18
100,63,-87
100,64,-91
100,65,-70
100,66,40
100,67,26
100,68,49
100,69,-64
100,70,66
100,71,37
100,72,-70
100,73,70
100,74,-2
100,75,63
100,76,-66
100,77,10
100,78,-33
100,79,82
100,80,16
100,81,95
100,82,25
100,83,74
100,84,-95
100,85,18
100,86,55
100,87,-71
100,88,54
100,89,-32
100,90,7
100,91,66
100,92,-66
100,93,2
100,94,-57
100,95,42
100,96,59
100,97,-72
100,98,90
100,99,-95
100,100,-74
100,101,-73
100,102,32
100,103,68
100,104,-45
100,105,11
100,106,-47
100,107,-21
100,108,4
100,109,-83
100,110,-58
100,111,-12
100,112,-27
100,113,56
100,114,-91
100,115,33
100,116,-12
100,117,31
100,118,-67
100,119,-18
100,120,60
100,121,31
100,122,71
100,123,-3
100,124,-70
100,125,-21
100,126,93
100,127,85
100,128,-41
100,129,-99
100,130,-65
100,131,97
100,132,24
100,133,87
100,134,50
100,135,2
100,136,74
100,137,15
100,138,0
100,139,-55
100,140,-21
100,141,6
100,142,-57
100,143,46
100,144,-52
100,145,-13
100,146,-43
100,147,-10
100,148,34
100,149,-7
100,150,68
100,151,-23
100,152,21
100,153,42
100,154,-25
100,155,-48
100,156,-78
100,157,-24
100,158,-28
100,159,-13
100,160,2
100,161,-7
100,162,92
100,163,-41
100,164,-91
100,165,1
100,166,-43
100,167,74
100,168,42
100,169,-92
100,170,-88
100,171,50
100,172,60
100,173,36
100,174,30
100,175,-28
100,176,15
100,177,52
100,178,24
100,179,10
100,180,-30
100,181,63
100,182,-12
100,183,-81
100,184,-20
100,185,81
100,186,-11
100,187,-82
100,188,87
100,189,64
100,190,11
100,191,30
100,192,6
100,193,20
100,194,-9
100,195,46
100,196,80
100,197,73
100,198,-21
100,199,83
100,200,97
100,201,-70
100,202,-48
100,203,12
100,204,-67
100,205,-70
100,206,87
100,207,38
100,208,-95
100,209,-74
100,210,-94
100,211,-52
100,212,-5
100,213,99
100,214,-41
100,215,-68
100,216,-54
100,217,71
100,218,18
100,219,-74
100,220,-79
100,221,-54
100,222,-8
100,223,75
100,224,57
100,225,-99
100,226,42
100,227,-54
100,228,-74
100,229,98
100,230,-74
100,231,40
100,232,82
100,233,44
100,234,-26
100,235,86
100,236,-91
100,237,20
100,238,-68
100,239,64
100,240,25
100,241,-93
100,242,60
100,243,34
100,244,61
100,245,-30
100,246,34
100,247,-60
100,248,17
100,249,-46
100,250,-94
100,251,-17
100,252,45
100,253,70
100,254,-23
100,255,67
100,256,-48
100,257,-87
100,258,48
100,259,12
100,260,-44
100,261,-10
100,262,-55
100,263,53
100,264,-10
100,265,51
100,266,32
100,267,69
100,268,1
100,269,5
100,270,70
100,271,27
100,272,-69
100,273,-95
100,274,-27
100,275,94
100,276,34
100,277,-72
100,278,-67
100,279,-94
100,280,-20
100,281,-24
100,282,-43
100,283,-16
100,284,58
100,285,-28
100,286,-56
100,287,-54
100,288,-24
100,289,99
100,290,-28
100,291,67
100,292,15
100,293,-71
100,294,89
100,295,-30
100,296,44
100,297,2
100,298,32
100,299,3
101,0,21
101,1,28
101,2,-70
101,3,62
101,4,8
101,5,-29
101,6,57
101,7,26
101,8,-16
101,9,-86
101,10,-45
101,11,87
101,12,-74
101,13,-99
101,14,-27
101,15,-37
101,16,-96
101,17,-10
101,18,-33
101,19,40
101,20,-20
101,21,-16
101,22,-78
101,23,-4
101,24,77
101,25,23
101,26,-64
101,27,-71
101,28,50
101,29,61
101,30,91
101,31,82
101,32,98
101,33,16
101,34,-92
101,35,31
101,36,-35
101,37,19
101,38,23
101,39,60
101,40,59
101,41,-57
101,42,8
101,43,-64
101,44,-34
101,45,-41
101,46,86
101,47,-65
101,48,-52
101,49,78
101,50,6
101,51,-93
101,52,77
101,53,-60
101,54,0
101,55,12
101,56,8
101,57,65
101,58,-15
101,59,-23
101,60,-46
101,61,9
101,62,95
101,63,45
101,64,-36
101,65,-37
101,66,39
101,67,17
101,68,68
101,69,-59
101,70,16
101,71,87
101,72,-51
101,73,63
101,74,-53
101,75,98
101,76,-28
101,77,35
101,78,52
101,79,34
101,80,5
101,81,-93
101,82,9
101,83,-70
101,84,-89
101,85,26
101,86,-44
101,87,93
101,88,39
101,89,-74
101,90,-55
101,91,34
101,92,-40
101,93,85
101,94,-43
101,95,-88
101,96,80
101,97,-1
101,98,92
101,99,-52
101,100,-66
101,101,-7
101,102,-6
101,103,44
101,104,-29
101,105,94
101,106,22
101,107,-91
101,108,61
101,109,-97
101,110,24
101,111,-72
101,112,-55
101,113,73
101,114,-24
101,115,-42
101,116,88
101,117,95
101,118,-35
101,119,61
101,120,6
101,121,-15
101,122,32
101,123,-92
101,124,-81
101,125,48
101,126,26
101,127,-84
101,128,-89
101,129,-19
101,130,-34
101,131,32
101,132,87
101,133,-48
101,134,79
101,135,75
101,136,46
101,137,44
101,138,-47
101,139,-33
101,140,-66
101,141,-13
101,142,68
101,143,40
101,144,60
101,145,-86
101,146,90
101,147,-86
101,148,-70
101,149,6
101,150,55
101,151,-91
101,152,-44
101,153,98
101,154,60
101,155,-94
101,156,32
101,157,24
101,158,18
101,159,-21
101,160,23
101,161,-44
101,162,-29
101,163,67
101,164,-73
101,165,-65
101,166,-45
101,167,74
101,168,98
101,169,15
101,170,67
101,171,-42
101,172,70
101,173,22
101,174,-35
101,175,-92
101,176,33
101,177,18
101,178,21
101,179,-36
101,180,30
101,181,64
101,182,26
101,183,-14
101,184,-68
101,185,36
101,186,-48
101,187,-9
101,188,-50
101,189,-30
101,190,53
101,191,43
101,192,-61
101,193,78
101,194,-62
101,195,82
101,196,63
101,197,20
101,198,92
101,199,-16
101,200,72
101,201,36
101,202,-64
101,203,-14
101,204,28
101,205,93
101,206,-38
101,207,-58
101,208,55
101,209,-1
101,210,58
101,211,4
101,212,96
101,213,-93
101,214,61
101,215,-52
101,216,-5
101,217,85
101,218,22
101,219,-54
101,220,-76
101,221,30
101,222,72
101,223,13
101,224,79
101,225,-2
101,226,-5
101,227,-67
101,228,96
101,229,8
101,230,-9
101,231,-93
101,232,54
101,233,-38
101,234,-19
101,235,-76
101,236,85
101,237,75
101,238,28
101,239,-93
101,240,23
101,241,48
101,242,-3
101,243,0
101,244,10
101,245,56
101,246,57
101,247,-98
101,248,34
101,249,-1
101,250,-90
101,251,59
101,252,-42
101,253,39
101,254,-22
101,255,-63
101,256,21
101,257,51
101,258,-36
101,259,45
101,260,-55
101,261,24
101,262,-45
101,263,90
101,264,-94
101,265,4
101,266,93
101,267,-61
101,268,81
101,269,58
101,270,-4
101,271,-49
101,272,-70
101,273,61
101,274,-94
101,275,43
101,276,49
101,277,80
101,278,-10
101,279,-84
101,280,24
101,281,-97
101,282,88
101,283,21
101,284,-2
101,285,79
101,286,62
101,287,71
101,288,42
101,289,-40
101,290,71
101,291,-80
101,292,-24
101,293,-54
101,294,-26
101,295,-52
101,296,80
101,297,-74
101,298,-70
101,299,71
102,0,-69
102,1,57
102,2,-83
102,3,24
102,4,-38
102,5,27
102,6,-85
102,7,62
102,8,89
102,9,36
102,10,-39
102,11,-62
102,12,78
102,13,14
102,14,37
102,15,79
102,16,39
102,17,-29
102,18,-39
102,19,30
102,20,-18
102,21,22
102,22,38
102,23,35
102,24,8
102,25,21
102,26,50
102,27,18
102,28,37
102,29,-83
102,30,-25
102,31,66
102,32,53
102,33,-90
102,34,37
102,35,30
102,36,-39
102,37,-30
102,38,-40
102,39,31
102,40,-40
102,41,35
102,42,1
102,43,-88
102,44,-89
102,45,-66
102,46,81
102,47,-50
102,48,-58
102,49,10
102,50,-35
102,51,-86
102,52,76
102,53,61
102,54,-62
102,55,-75
102,56,11
102,57,96
102,58,75
102,59,-50
102,60,10
102,61,31
102,62,-3
102,63,54
102,64,18
102,65,69
102,66,-45
102,67,-32
102,68,45
102,69,88
102,70,-97
102,71,28
102,72,-51
102,73,-17
102,74,-31
102,75,47
102,76,-81
102,77,73
102,78,-74
102,79,-75
102,80,59
102,81,-91
102,82,-19
102,83,4
102,84,39
102,85,-13
102,86,-77
102,87,16
102,88,78
102,89,65
102,90,-55
102,91,35
102,92,-46
102,93,-23
102,94,58
102,95,-13
102,96,-85
102,97,47
102,98,-63
102,99,10
102,100,-86
102,101,-23
102,102,-25
102,103,61
102,104,-29
102,105,-82
102,106,96
102,107,19
102,108,-38
102,109,4
102,110,-69
102,111,9
102,112,64
102,113,93
102,114,-94
102,115,75
102,116,38
102,117,-14
102,118,-70
102,119,71
102,120,-56
102,121,99
102,122,-45
102,123,59
102,124,48
102,125,-70
102,126,-100
102,127,38
102,128,-8
102,129,-33
102,130,-65
102,131,-22
102,132,86
102,133,-34
102,134,83
102,135,-50
102,136,56
102,137,29
102,138,-95
102,139,58
102,140,-47
102,141,-13
102,142,67
102,143,44
102,144,-96
102,145,-99
102,146,-43
102,147,-89
102,148,-96
102,149,5
102,150,87
102,151,68
102,152,47
102,153,99
102,154,28
102,155,-45
102,156,-31
102,157,-45
102,158,-47
102,159,38
102,160,-98
102,161,-6
102,162,-73
102,163,10
102,164,6
102,165,19
102,166,32
102,167,23
102,168,-11
102,169,-85
102,170,-70
102,171,-73
102,172,34
102,173,36
102,174,-62
102,175,70
102,176,-74
102,177,-25
102,178,16
102,179,-12
102,180,6
102,181,21
102,182,25
102,183,-3
102,184,-68
102,185,-10
102,186,83
102,187,19
102,188,-99
102,189,41
102,190,-88
102,191,-77
102,192,-32
102,193,-67
102,194,-14
102,195,-82
102,196,-71
102,197,-52
102,198,70
102,199,43
102,200,79
102,201,13
102,202,15
102,203,76
102,204,38
102,205,-23
102,206,74
102,207,-66
102,208,-30
102,209,56
102,210,7
102,211,-47
102,212,-78
102,213,51
102,214,-91
102,215,-40
102,216,35
102,217,-53
102,218,11
102,219,25
102,220,56
102,221,-14
102,222,-75
102,223,64
102,224,-49
102,225,65
102,226,-95
102,227,-93
102,228,-84
102,229,-25
102,230,89
102,231,-67
102,232,46
102,233,-31
102,234,-19
102,235,17
102,236,64
102,237,-63
102,238,42
102,239,1
102,240,-61
102,241,36
102,242,-48
102,243,97
102,244,17
102,245,-35
102,246,-21
102,247,-49
102,248,28
102,249,57
102,250,23
102,251,11
102,252,-100
102,253,66
102,254,-85
102,255,44
102,256,11
102,257,11
102,258,1
102,259,-19
102,260,49
102,261,-2
102,262,58
102,263,-61
102,264,54
102,265,-65
102,266,24
102,267,-97
102,268,17
102,269,96
102,270,-76
102,271,-6
102,272,-23
102,273,57
102,274,74
102,275,-89
102,276,-74
102,277,72
102,278,-38
102,279,-46
102,280,57
102,281,-19
102,282,-87
102,283,-45
102,284,46
102,285,-15
102,286,-75
102,287,98
102,288,-9
102,289,65
102,290,96
102,291,-65
102,292,45
102,293,84
102,294,-23
102,295,11
102,296,-78
102,297,18
102,298,15
102,299,41
103,0,96
103,1,-79
103,2,-73
103,3,-58
103,4,-25
103,5,-83
103,6,-1
103,7,23
103,8,8
103,9,-65
103,10,24
103,11,-94
103,12,-78
103,13,61
103,14,16
103,15,13
103,16,-5
103,17,-80
103,18,-31
103,19,74
103,20,-48
103,21,-17
103,22,5
103,23,-60
103,24,59
103,25,27
103,26,41
103,27,-13
103,28,2
103,29,6
103,30,-84
103,31,-76
103,32,-37
103,33,-15
103,34,18
103,35,75
103,36,-66
103,37,-64
103,38,-46
103,39,44
103,40,55
103,41,28
103,42,-48
103,43,-28
103,44,82
103,45,12
103,46,88
103,47,-88
103,48,-54
103,49,91
103,50,59
103,51,-73
103,52,-48
103,53,-70
103,54,-93
103,55,-29
103,56,23
103,57,-3
103,58,-14
103,59,-27
103,60,0
103,61,-76
103,62,14
103,63,-68
103,64,95
103,65,34
103,66,-4
103,67,93
103,68,11
103,69,73
103,70,-5
103,71,-96
103,72,20
103,73,9
103,74,-84
103,75,-25
103,76,-49
103,77,39
103,78,-39
103,79,62
103,80,89
103,81,-80
103,82,-16
103,83,93
103,84,80
103,85,-80
103,86,42
103,87,50
103,88,27
103,89,58
103,90,-47
103,91,82
103,92,-75
103,93,-48
103,94,-35
103,95,66
103,96,-94
103,97,66
103,98,-69
103,99,53
103,100,-14
103,101,56
103,102,52
103,103,83
103,104,58
103,105,93
103,106,-99
103,107,74
103,108,-26
103,109,-72
103,110,26
103,111,-52
103,112,-69
103,113,57
103,114,-86
103,115,-39
103,116,-23
103,117,-84
103,118,-79
103,119,57
103,120,-20
103,121,43
103,122,79
103,123,-93
103,124,91
103,125,66
103,126,-70
103,127,-89
103,128,-68
103,129,85
103,130,-89
103,131,-76
103,132,65
103,133,-53
103,134,-18
103,135,-46
103,136,30
103,137,24
103,138,-32
103,139,62
103,140,-50
103,141,-74
103,142,64
103,143,43
103,144,-76
103,145,-68
103,146,-39
103,147,44
103,148,70
103,149,-71
103,150,-60
103,151,16
103,152,-97
103,153,-35
103,154,-41
103,155,36
103,156,-70
103,157,-12
103,158,-1
103,159,18
103,160,-32
103,161,51
103,162,-77
103,163,72
103,164,64
103,165,85
103,166,-78
103,167,62
103,168,-38
103,169,17
103,170,13
103,171,-95
103,172,-95
103,173,-71
103,174,-100
103,175,-38
103,176,35
103,177,-73
103,178,-12
103,179,60
103,180,-48
103,181,-63
103,182,-49
103,183,-23
103,184,38
103,185,29
103,186,-48
103,187,-7
103,188,-7
103,189,95
103,190,-94
103,191,-34
103,192,36
103,193,15
103,194,90
103,195,38
103,196,-64
103,197,41
103,198,46
103,199,-93
103,200,34
103,201,-42
103,202,22
103,203,90
103,204,-94
103,205,19
103,206,82
103,207,-98
103,208,-34
103,209,-83
103,210,-56
103,211,-4
103,212,-9
103,213,63
103,214,43
103,215,-22
103,216,56
103,217,-42
103,218,45
103,219,76
103,220,73
103,221,-18
103,222,56
103,223,97
103,224,8
103,225,77
103,226,-46
103,227,54
103,228,34
103,229,-10
103,230,-18
103,231,25
103,232,-20
103,233,68
103,234,38
103,235,-96
103,236,-35
103,237,10
103,238,83
103,239,-89
103,240,69
103,241,5
103,242,-26
103,243,37
103,244,-73
103,245,-94
103,246,41
103,247,-24
103,248,96
103,249,-40
103,250,-50
103,251,69
103,252,35
103,253,77
103,254,28
103,255,96
103,256,-90
103,257,6
103,258,-53
103,259,37
103,260,42
103,261,2
103,262,-54
103,263,52
103,264,11
103,265,-95
103,266,-90
103,267,-84
103,268,42
103,269,-85
103,270,-45
103,271,-35
103,272,63
103,273,-18
103,274,65
103,275,-26
103,276,26
103,277,30
103,278,-83
103,279,-12
103,280,81
103,281,-7
103,282,-84
103,283,13
103,284,6
103,285,-2
103,286,-88
103,287,-38
103,288,-87
103,289,86
103,290,63
103,291,-83
103,292,32
103,293,-87
103,294,-76
103,295,-57
103,296,20
103,297,-62
103,298,39
103,299,3
104,0,88
104,1,-39
104,2,-48
104,3,-48
104,4,55
104,5,62
104,6,17
104,7,-36
104,8,30
104,9,-58
104,10,-51
104,11,98
104,12,36
104,13,-65
104,14,-78
104,15,-27
104,16,-51
104,17,-46
104,18,24
104,19,-89
104,20,-18
104,21,-69
104,22,51
104,23,-15
104,24,94
104,25,54
104,26,88
104,27,-82
104,28,-50
104,29,-37
104,30,29
104,31,63
104,32,27
104,33,38
104,34,95
104,35,95
104,36,-37
104,37,-100
104,38,-12
104,39,-75
104,40,38
104,41,-14
104,42,-99
104,43,-8
104,44,67
104,45,18
104,46,31
104,47,-21
104,48,10
104,49,64
104,50,25
104,51,88
104,52,-96
104,53,42
104,54,94
104,55,-75
104,56,-95
104,57,22
104,58,-57
104,59,-43
104,60,-20
104,61,-55
104,62,1
104,63,69
104,64,-53
104,65,13
104,66,54
104,67,-81
104,68,97
104,69,14
104,70,62
104,71,-25
104,72,75
104,73,94
104,74,95
104,75,20
104,76,79
104,77,8
104,78,-33
104,79,31
104,80,66
104,81,48
104,82,-35
104,83,43
104,84,34
104,85,-18
104,86,-92
104,87,-84
104,88,12
104,89,39
104,90,84
104,91,72
104,92,19
104,93,-90
104,94,40
104,95,58
104,96,-75
104,97,-38
104,98,58
104,99,-79
104,100,33
104,101,47
104,102,-91
104,103,-18
104,104,62
104,105,-75
104,106,-30
104,107,-64
104,108,35
104,109,32
104,110,71
104,111,25
104,112,14
104,113,-9
104,114,94
104,115,99
104,116,16
104,117,-52
104,118,-65
104,119,-75
104,120,-56
104,121,-40
104,122,71
104,123,31
104,124,-25
104,125,-43
104,126,4
104,127,-75
104,128,-6
104,129,-22
104,130,27
104,131,56
104,132,36
104,133,-23
104,134,-65
104,135,31
104,136,-42
104,137,64
104,138,23
104,139,-13
104,140,-20
104,141,40
104,142,47
104,143,-84
104,144,-50
104,145,-46
104,146,60
104,147,48
104,148,-20
104,149,49
104,150,52
104,151,94
104,152,9
104,153,39
104,154,42
104,155,-15
104,156,-99
104,157,31
104,158,-56
104,159,-88
104,160,-46
104,161,59
104,162,-79
104,163,-12
104,164,-46
104,165,44
104,166,97
104,167,78
104,168,35
104,169,88
104,170,-4
104,171,37
104,172,-82
104,173,27
104,174,41
104,175,-34
104,176,82
104,177,-40
104,178,83
104,179,-38
104,180,4
104,181,3
104,182,38
104,183,74
104,184,33
104,185,-67
104,186,92
104,187,-2
104,188,-37
104,189,-14
104,190,-20
104,191,-35
104,192,58
104,193,-18
104,194,89
104,195,81
104,196,-9
104,197,35
104,198,69
104,199,68
104,200,86
104,201,67
104,202,49
104,203,51
104,204,-63
104,205,29
104,206,24
104,207,-60
104,208,-82
104,209,4
104,210,29
104,211,-9
104,212,-5
104,213,-39
104,214,-85
104,215,-7
104,216,49
104,217,41
104,218,15
104,219,-45
104,220,-36
104,221,72
104,222,-47
104,223,93
104,224,-15
104,225,73
104,226,60
104,227,-51
104,228,4
104,229,-79
104,230,-61
104,231,-62
104,232,4
104,233,68
104,234,-33
104,235,-94
104,236,-16
104,237,98
104,238,31
104,239,-25
104,240,-10
104,241,86
104,242,-17
104,243,53
104,244,-70
104,245,-2
104,246,96
104,247,-49
104,248,11
104,249,-29
104,250,-80
104,251,-85
104,252,78
104,253,-85
104,254,45
104,255,74
104,256,-45
104,257,55
104,258,-19
104,259,-23
104,260,83
104,261,-64
104,262,43
104,263,92
104,264,-41
104,265,88
104,266,-90
104,267,25
104,268,-35
104,269,25
104,270,-69
104,271,46
104,272,-45
104,273,-96
104,274,30
104,275,55
104,276,-11
104,277,-7
104,278,-29
104,279,-1
104,280,-72
104,281,-42
104,282,-76
104,283,49
104,284,-4
104,285,0
104,286,16
104,287,98
104,288,-78
104,289,-31
104,290,-22
104,291,-22
104,292,67
104,293,-3
104,294,-87
104,295,-72
104,296,43
104,297,-14
104,298,-91
104,299,-54
105,0,-97
105,1,-89
105,2,-59
105,3,-97
105,4,-17
105,5,-9
105,6,-9
105,7,-95
105,8,41
105,9,-66
105,10,74
105,11,85
105,12,-36
105,13,46
105,14,-44
105,15,92
105,16,-88
105,17,35
105,18,-83
105,19,62
105,20,-14
105,21,13
105,22,-75
105,23,65
105,24,-35
105,25,-75
105,26,25
105,27,-44
105,28,-76
105,29,-71
105,30,34
105,31,-74
105,32,38
105,33,0
105,34,35
105,35,-90
105,36,25
105,37,-71
105,38,-7
105,39,15
105,40,-86
105,41,83
105,42,-66
105,43,-62
105,44,-77
105,45,-93
105,46,-58
105,47,69
105,48,-17
105,49,68
105,50,-54
105,51,-75
105,52,79
105,53,49
105,54,32
105,55,42
105,56,63
105,57,0
105,58,-38
105,59,-8
105,60,76
105,61,-46
105,62,-29
105,63,-41
105,64,84
105,65,-72
105,66,-82
105,67,-28
105,68,37
105,69,0
105,70,37
105,71,-44
105,72,81
105,73,83
105,74,-33
105,75,96
105,76,-14
105,77,2
105,78,82
105,79,96
105,80,-29
105,81,28
105,82,17
105,83,39
105,84,62
105,85,15
105,86,-19
105,87,60
105,88,8
105,89,52
105,90,-85
105,91,35
105,92,-66
105,93,73
105,94,38
105,95,88
105,96,-57
105,97,38
105,98,38
105,99,49
105,100,-16
105,101,-19
105,102,89
105,103,75
105,104,1
105,105,-38
105,106,78
105,107,72
105,108,-68
105,109,-41
105,110,22
105,111,-99
105,112,40
105,113,93
105,114,-44
105,115,70
105,116,-56
105,117,-70
105,118,37
105,119,-78
105,120,-72
105,121,-70
105,122,-83
105,123,-90
105,124,2
105,125,-54
105,126,-98
105,127,29
105,128,81
105,129,-29
105,130,58
105,131,35
105,132,70
105,133,75
105,134,29
105,135,-79
105,136,23
105,137,32
105,138,34
105,139,-81
105,140,-24
105,141,29
105,142,-69
105,143,-11
105,144,-98
105,145,68
105,146,-59
105,147,-24
105,148,72
105,149,0
105,150,98
105,151,44
105,152,27
105,153,-54
105,154,96
105,155,51
105,156,98
105,157,22
105,158,-67
105,159,77
105,160,-59
105,161,-68
105,162,22
105,163,-74
105,164,-42
105,165,46
105,166,14
105,167,30
105,168,98
105,169,27
105,170,19
105,171,52
105,172,12
105,173,-86
105,174,-18
105,175,87
105,176,-18
105,177,-78
105,178,-90
105,179,86
105,180,15
105,181,61
105,182,2
105,183,-94
105,184,5
105,185,71
105,186,91
105,187,13
105,188,-78
105,189,1
105,190,-43
105,191,-81
105,192,54
105,193,16
105,194,87
105,195,35
105,196,0
105,197,94
105,198,-99
105,199,-79
105,200,-31
105,201,2
105,202,3
105,203,-65
105,204,7
105,205,-77
105,206,39
105,207,-79
105,208,-18
105,209,-28
105,210,23
105,211,-20
105,212,50
105,213,-27
105,214,90
105,215,-71
105,216,46
105,217,-75
105,218,27
105,219,-90
105,220,-81
105,221,17
105,222,-45
105,223,72
105,224,95
105,225,-54
105,226,-12
105,227,-43
105,228,-91
105,229,-79
105,230,-30
105,231,-77
105,232,93
105,233,-5
105,234,88
105,235,-94
105,236,-29
105,237,26
105,238,-63
105,239,48
105,240,35
105,241,20
105,242,-12
105,243,-73
105,244,-9
105,245,-47
105,246,58
105,247,15
105,248,15
105,249,19
105,250,-60
105,251,-64
105,252,24
105,253,65
105,254,78
105,255,-25
105,256,-64
105,257,0
105,258,-70
105,259,89
105,260,45
105,261,-11
105,262,-95
105,263,36
105,264,38
105,265,-6
105,266,18
105,267,9
105,268,19
105,269,29
105,270,22
105,271,-72
105,272,9
105,273,20
105,274,78
105,275,-32
105,276,50
105,277,-94
105,278,27
105,279,-45
105,280,26
105,281,-24
105,282,-39
105,283,-27
105,284,-86
105,285,-48
105,286,70
105,287,19
105,288,-66
105,289,-87
105,290,-8
105,291,96
105,292,21
105,293,76
105,294,-83
105,295,78
105,296,28
105,297,24
105,298,-74
105,299,-37
106,0,-41
106,1,68
106,2,48
106,3,-87
106,4,15
106,5,47
106,6,-9
106,7,-16
106,8,-14
106,9,38
106,10,19
106,11,93
106,12,-17
106,13,-77
106,14,18
106,15,-12
106,16,-64
106,17,-15
106,18,26
106,19,51
106,20,-86
106,21,-89
106,22,-6
106,23,91
106,24,-70
106,25,80
106,26,-7
106,27,-17
106,28,-29
106,29,-57
106,30,-71
106,31,-66
106,32,-80
106,33,10
106,34,-38
106,35,-9
106,36,44
106,37,-89
106,38,45
106,39,-9
106,40,-41
106,41,-34
106,42,14
106,43,-86
106,44,-85
106,45,-79
106,46,17
106,47,12
106,48,-6
106,49,90
106,50,58
106,51,-100
106,52,-26
106,53,-95
106,54,-14
106,55,36
106,56,79
106,57,-39
106,58,-43
106,59,7
106,60,-82
106,61,8
106,62,40
106,63,22
106,64,59
106,65,-1
106,66,-92
106,67,-52
106,68,64
106,69,-70
106,70,58
106,71,-42
106,72,82
106,73,46
106,74,90
106,75,29
106,76,-56
106,77,-5
106,78,-58
106,79,-3
106,80,-100
106,81,88
106,82,30
106,83,-10
106,84,-57
106,85,34
106,86,-68
106,87,36
106,88,-71
106,89,45
106,90,-45
106,91,4
106,92,-70
106,93,99
106,94,90
106,95,77
106,96,-12
106,97,-100
106,98,9
106,99,-19
106,100,-82
106,101,14
106,102,25
106,103,-37
106,104,-48
106,105,-95
106,106,-84
106,107,-55
106,108,99
106,109,17
106,110,-28
106,111,0
106,112,82
106,113,-10
106,114,-95
106,115,97
106,116,8
106,117,95
106,118,-61
106,119,-10
106,120,-35
106,121,36
106,122,-90
106,123,47
106,124,15
106,125,-58
106,126,-43
106,127,53
106,128,-63
106,129,-7
106,130,-65
106,131,82
106,132,-95
106,133,30
106,134,-36
106,135,23
106,136,91
106,137,85
106,138,16
106,139,85
106,140,-83
106,141,50
106,142,-5
106,143,56
106,144,50
106,145,27
106,146,-65
106,147,-31
106,148,-6
106,149,33
106,150,61
106,151,-57
106,152,-57
106,153,-74
106,154,-1
106,155,-49
106,156,69
106,157,-76
106,158,-27
106,159,-62
106,160,66
106,161,39
106,162,38
106,163,12
106,164,-98
106,165,14
106,166,-79
106,167,-97
106,168,35
106,169,-87
106,170,-87
106,171,-85
106,172,59
106,173,-37
106,174,-85
106,175,-49
106,176,-82
106,177,-32
106,178,39
106,179,-8
106,180,-96
106,181,-59
106,182,-84
106,183,10
106,184,-29
106,185,3
106,186,-7
106,187,-91
106,188,-85
106,189,43
106,190,-59
106,191,-98
106,192,50
106,193,20
106,194,55
106,195,72
106,196,95
106,197,-77
106,198,-82
106,199,-26
106,200,-61
106,201,-55
106,202,-61
106,203,-39
106,204,-83
106,205,39
106,206,41
106,207,-19
106,208,88
106,209,7
106,210,-89
106,211,3
106,212,54
106,213,33
106,214,-13
106,215,14
106,216,-68
106,217,17
106,218,-21
106,219,77
106,220,-89
106,221,-6
106,222,84
106,223,-48
106,224,-88
106,225,21
106,226,99
106,227,1
106,228,30
106,229,91
106,230,-43
106,231,-97
106,232,72
106,233,-35
106,234,14
106,235,-65
106,236,-78
106,237,-82
106,238,-61
106,239,-29
106,240,43
106,241,-43
106,242,6
106,243,-83
106,244,-65
106,245,51
106,246,28
106,247,-100
106,248,-37
106,249,-39
106,250,9
106,251,63
106,252,-26
106,253,45
106,254,-85
106,255,-84
106,256,-77
106,257,-3
106,258,95
106,259,29
106,260,37
106,261,80
106,262,78
106,263,96
106,264,-87
106,265,11
106,266,-35
106,267,-19
106,268,-8
106,269,80
106,270,91
106,271,-29
106,272,0
106,273,-52
106,274,-11
106,275,89
106,276,-64
106,277,76
106,278,95
106,279,60
106,280,49
106,281,-31
106,282,-68
106,283,-73
106,284,-13
106,285,-97
106,286,-35
106,287,-24
106,288,9
106,289,-52
106,290,27
106,291,38
106,292,-66
106,293,66
106,294,37
106,295,-27
106,296,99
106,297,-32
106,298,50
106,299,-67
107,0,23
107,1,10
107,2,-69
107,3,-85
107,4,-33
107,5,-47
107,6,23
107,7,55
107,8,11
107,9,-41
107,10,-23
107,11,-25
107,12,-41
107,13,-16
107,14,11
107,15,-21
107,16,17
107,17,71
107,18,-99
107,19,-78
107,20,-55
107,21,-28
107,22,-47
107,23,-30
107,24,24
107,25,-20
107,26,-92
107,27,-31
107,28,71
107,29,-17
107,30,-27
107,31,-28
107,32,-89
107,33,-69
107,34,61
107,35,-18
107,36,-68
107,37,-37
107,38,-53
107,39,-85
107,40,77
107,41,13
107,42,50
107,43,-75
107,44,-47
107,45,71
107,46,-64
107,47,-92
107,48,-88
107,49,-41
107,50,5
107,51,25
107,52,-21
107,53,27
107,54,29
107,55,-41
107,56,84
107,57,14
107,58,-58
107,59,46
107,60,23
107,61,38
107,62,-54
107,63,-38
107,64,34
107,65,-7
107,66,22
107,67,-70
107,68,-46
107,69,52
107,70,99
107,71,-71
107,72,-65
107,73,-51
107,74,41
107,75,-72
107,76,54
107,77,16
107,78,77
107,79,-65
107,80,61
107,81,-80
107,82,-63
107,83,-26
107,84,77
107,85,25
107,86,-64
107,87,19
107,88,46
107,89,17
107,90,-100
107,91,67
107,92,-46
107,93,53
107,94,70
107,95,-42
107,96,-50
107,97,6
107,98,42
107,99,-93
107,100,-7
107,101,41
107,102,-4
107,103,-94
107,104,-83
107,105,-89
107,106,-99
107,107,77
107,108,-8
107,109,48
107,110,-94
107,111,-89
107,112,-17
107,113,-44
107,114,-23
107,115,-27
107,116,-78
107,117,-71
107,118,10
107,119,-43
107,120,-6
107,121,-49
107,122,-45
107,123,-91
107,124,46
107,125,46
107,126,7
107,127,-14
107,128,86
107,129,71
107,130,86
107,131,-17
107,132,-97
107,133,-4
107,134,11
107,135,92
107,136,40
107,137,-34
107,138,39
107,139,-8
107,140,82
107,141,88
107,142,-6
107,143,-60
107,144,63
107,145,-99
107,146,-79
107,147,49
107,148,-60
107,149,-6
107,150,15
107,151,19
107,152,-87
107,153,-8
107,154,-66
107,155,77
107,156,-92
107,157,17
107,158,-5
107,159,-42
107,160,-45
107,161,-91
107,162,-76
107,163,72
107,164,-90
107,165,0
107,166,-92
107,167,34
107,168,-30
107,169,61
107,170,-18
107,171,-81
107,172,13
107,173,-12
107,174,-96
107,175,11
107,176,-46
107,177,-12
107,178,-86
107,179,75
107,180,-97
107,181,-23
107,182,19
107,183,12
107,184,-80
107,185,36
107,186,-35
107,187,6
107,188,62
107,189,11
107,190,16
107,191,78
107,192,27
107,193,1
107,194,-23
107,195,-64
107,196,-95
107,197,-19
107,198,-15
107,199,-19
107,200,-50
107,201,-35
107,202,-5
107,203,44
107,204,-36
107,205,-92
107,206,40
107,207,0
107,208,85
107,209,57
107,210,-70
107,211,50
107,212,-38
107,213,55
107,214,-42
107,215,-91
107,216,-12
107,217,23
107,218,-1
107,219,-11
107,220,-75
107,221,-24
107,222,-84
107,223,67
107,224,-33
107,225,-78
107,226,62
107,227,-92
107,228,-56
107,229,64
107,230,96
107,231,46
107,232,-26
107,233,-74
107,234,40
107,235,84
107,236,87
107,237,39
107,238,-92
107,239,-9
107,240,-24
107,241,-17
107,242,-24
107,243,54
107,244,90
107,245,-72
107,246,49
107,247,-28
107,248,-13
107,249,5
107,250,46
107,251,-63
107,252,-6
107,253,-62
107,254,42
107,255,-47
107,256,59
107,257,9
107,258,11
107,259,73
107,260,88
107,261,-49
107,262,61
107,263,-66
107,264,97
107,265,-64
107,266,-23
107,267,-40
107,268,10
107,269,13
107,270,76
107,271,-92
107,272,-82
107,273,20
107,274,4
107,275,55
107,276,-21
107,277,-75
107,278,65
107,279,-61
107,280,-76
107,281,-2
107,282,17
107,283,-32
107,284,-30
107,285,50
107,286,-12
107,287,-36
107,288,49
107,289,-37
107,290,95
107,291,-43
107,292,55
107,293,11
107,294,22
107,295,-4
107,296,95
107,297,5
107,298,-97
107,299,28
108,0,-75
108,1,-68
108,2,-74
108,3,-59
108,4,96
108,5,-30
108,6,-37
108,7,-76
108,8,-29
108,9,4
108,10,31
108,11,-89
108,12,-43
108,13,-6
108,14,38
108,15,0
108,16,7
108,17,-42
108,18,16
108,19,63
108,20,8
108,21,-79
108,22,-36
108,23,-51
108,24,-97
108,25,99
108,26,79
108,27,1
108,28,-58
108,29,4
108,30,73
108,31,-97
108,32,40
108,33,65
108,34,72
108,35,52
108,36,-34
108,37,-46
108,38,-5
108,39,66
108,40,-36
108,41,-26
108,42,29
108,43,96
108,44,19
108,45,-15
108,46,-39
108,47,73
108,48,11
108,49,58
108,50,62
108,51,25
108,52,72
108,53,-24
108,54,81
108,55,98
108,56,96
108,57,21
108,58,56
108,59,99
108,60,-93
108,61,-47
108,62,34
108,63,-18
108,64,2
108,65,50
108,66,-1
108,67,-69
108,68,-39
108,69,72
108,70,95
108,71,-71
108,72,5
108,73,-62
108,74,32
108,75,94
108,76,-79
108,77,55
108,78,49
108,79,27
108,80,-72
108,81,70
108,82,-59
108,83,-41
108,84,18
108,85,-24
108,86,98
108,87,95
108,88,86
108,89,-5
108,90,-15
108,91,11
108,92,-17
108,93,-95
108,94,-28
108,95,55
108,96,-24
108,97,-70
108,98,-62
108,99,-51
108,100,-23
108,101,25
108,102,64
108,103,8
108,104,-13
108,105,99
108,106,-86
108,107,-50
108,108,97
108,109,-78
108,110,52
108,111,73
108,112,50
108,113,-91
108,114,-28
108,115,12
108,116,-24
108,117,-69
108,118,12
108,119,78
108,120,68
108,121,-36
108,122,92
108,123,0
108,124,67
108,125,-83
108,126,63
108,127,-70
108,128,-47
108,129,-38
108,130,-100
108,131,79
108,132,84
108,133,-92
108,134,19
108,135,-9
108,136,-11
108,137,15
108,138,-45
108,139,74
108,140,-98
108,141,29
108,142,-47
108,143,-64
108,144,83
108,145,58
108,146,-4
108,147,-89
108,148,85
108,149,94
108,150,11
108,151,53
108,152,-23
108,153,39
108,154,-11
108,155,43
108,156,80
108,157,-29
108,158,76
108,159,76
108,160,-9
108,161,-94
108,162,-86
108,163,4
108,164,63
108,165,-29
108,166,-27
108,167,42
108,168,-39
108,169,45
108,170,-55
108,171,4
108,172,8
108,173,-40
108,174,20
108,175,-58
108,176,71
108,177,-2
108,178,93
108,179,-46
108,180,66
108,181,32
108,182,84
108,183,11
108,184,42
108,185,-10
108,186,-85
108,187,-44
108,188,1
108,189,-76
108,190,-79
108,191,58
108,192,22
108,193,61
108,194,-14
108,195,43
108,196,97
108,197,86
108,198,42
108,199,-19
108,200,1
108,201,40
108,202,-77
108,203,40
108,204,92
108,205,-65
108,206,-52
108,207,-19
108,208,-53
108,209,-4
108,210,1
108,211,70
108,212,-95
108,213,-33
108,214,-87
108,215,-71
108,216,9
108,217,-93
108,218,81
108,219,-35
108,220,31
108,221,-17
108,222,87
108,223,19
108,224,-48
108,225,-2
108,226,-27
108,227,42
108,228,-1
108,229,28
108,230,49
108,231,-86
108,232,-79
108,233,77
108,234,-53
108,235,16
108,236,-28
108,237,19
108,238,78
108,239,-84
108,240,5
108,241,-18
108,242,3
108,243,-10
108,244,78
108,245,64
108,246,-52
108,247,-42
108,248,37
108,249,-71
108,250,-16
108,251,-80
108,252,-67
108,253,-28
108,254,-3
108,255,77
108,256,-25
108,257,74
108,258,-16
108,259,-17
108,260,33
108,261,77
108,262,8
108,263,-38
108,264,-89
108,265,68
108,266,58
108,267,-99
108,268,43
108,269,28
108,270,31
108,271,-54
108,272,92
108,273,-49
108,274,-54
108,275,-2
108,276,-51
108,277,-56
108,278,-59
108,279,83
108,280,-30
108,281,-44
108,282,-68
108,283,55
108,284,13
108,285,-57
108,286,13
108,287,-45
108,288,-57
108,289,-5
108,290,-28
108,291,-67
108,292,-87
108,293,95
108,294,56
108,295,24
108,296,-22
108,297,44
108,298,-18
108,299,36
109,0,-74
109,1,76
109,2,64
109,3,55
109,4,-51
109,5,-46
109,6,31
109,7,-3
109,8,46
109,9,-64
109,10,31
109,11,-64
109,12,78
109,13,59
109,14,72
109,15,11
109,16,-89
109,17,68
109,18,-45
109,19,-21
109,20,-87
109,21,-47
109,22,90
109,23,-36
109,24,15
109,25,-43
109,26,-5
109,27,-80
109,28,-97
109,29,-28
109,30,26
109,31,-55
109,32,-89
109,33,27
109,34,-71
109,35,-7
109,36,-41
109,37,-1
109,38,-30
109,39,-20
109,40,92
109,41,41
109,42,10
109,43,-57
109,44,7
109,45,1
109,46,53
109,47,-10
109,48,8
109,49,-85
109,50,9
109,51,-94
109,52,59
109,53,-12
109,54,-6
109,55,-85
109,56,4
109,57,21
109,58,-12
109,59,-39
109,60,-71
109,61,98
109,62,39
109,63,-34
109,64,-55
109,65,-58
109,66,82
109,67,-56
109,68,87
109,69,98
109,70,-21
109,71,-69
109,72,-93
109,73,12
109,74,-39
109,75,-81
109,76,45
109,77,0
109,78,-95
109,79,-17
109,80,7
109,81,56
109,82,-97
109,83,-30
109,84,70
109,85,-17
109,86,61
109,87,-1
109,88,-30
109,89,-68
109,90,42
109,91,19
109,92,67
109,93,-8
109,94,32
109,95,77
109,96,-2
109,97,-35
109,98,-47
109,99,73
109,100,-21
109,101,38
109,102,23
109,103,76
109,104,50
109,105,-46
109,106,-96
109,107,91
109,108,-66
109,109,-8
109,110,18
109,111,96
109,112,-47
109,113,-98
109,114,-95
109,115,-14
109,116,9
109,117,-45
109,118,-99
109,119,-19
109,120,-7
109,121,65
109,122,83
109,123,-96
109,124,73
109,125,38
109,126,92
109,127,37
109,128,-60
109,129,15
109,130,-57
109,131,-11
109,132,-68
109,133,-45
109,134,39
109,135,-99
109,136,-100
109,137,92
109,138,20
109,139,24
109,140,-68
109,141,2
109,142,-65
109,143,48
109,144,-17
109,145,63
109,146,-75
109,147,74
109,148,28
109,149,65
109,150,41
109,151,-11
109,152,-55
109,153,-59
109,154,34
109,155,-46
109,156,-45
109,157,17
109,158,-25
109,159,-38
109,160,51
109,161,-18
109,162,-2
109,163,31
109,164,-59
109,165,-5
109,166,9
109,167,-31
109,168,-73
109,169,25
109,170,-9
109,171,-61
109,172,78
109,173,56
109,174,-59
109,175,17
109,176,96
109,177,-96
109,178,0
109,179,68
109,180,-40
109,181,82
109,182,55
109,183,-60
109,184,10
109,185,-92
109,186,56
109,187,65
109,188,-39
109,189,-47
109,190,79
109,191,3
109,192,25
109,193,-67
109,194,64
109,195,76
109,196,-59
109,197,-87
109,198,-68
109,199,17
109,200,-3
109,201,-9
109,202,-1
109,203,-14
109,204,44
109,205,23
109,206,-69
109,207,0
109,208,95
109,209,-62
109,210,-7
109,211,-91
109,212,51
109,213,-1
109,214,-43
109,215,96
109,216,0
109,217,-37
109,218,-82
109,219,0
109,220,16
109,221,35
109,222,-30
109,223,-61
109,224,-88
109,225,0
109,226,23
109,227,54
109,228,-19
109,229,-13
109,230,4
109,231,29
109,232,-85
109,233,-87
109,234,27
109,235,44
109,236,-41
109,237,97
109,238,-84
109,239,-56
109,240,-63
109,241,23
109,242,3
109,243,-37
109,244,20
109,245,-95
109,246,87
109,247,11
109,248,1
109,249,-52
109,250,-80
109,251,-78
109,252,-25
109,253,84
109,254,-37
109,255,56
109,256,-74
109,257,33
109,258,48
109,259,-30
109,260,6
109,261,68
109,262,32
109,263,42
109,264,48
109,265,-43
109,266,31
109,267,96
109,268,34
109,269,-66
109,270,63
109,271,20
109,272,42
109,273,29
109,274,19
109,275,84
109,276,-96
109,277,-30
109,278,-15
109,279,-6
109,280,59
109,281,99
109,282,-60
109,283,69
109,284,-26
109,285,92
109,286,67
109,287,-18
109,288,-63
109,289,-59
109,290,64
109,291,-45
109,292,-30
109,293,-46
109,294,81
109,295,-79
109,296,-74
109,297,4
109,298,74
109,299,-63
110,0,11
110,1,-62
110,2,42
110,3,18
110,4,93
110,5,88
110,6,-41
110,7,35
110,8,-57
110,9,-58
110,10,33
110,11,54
110,12,72
110,13,-78
110,14,21
110,15,40
110,16,95
110,17,-17
110,18,5
110,19,-37
110,20,52
110,21,24
110,22,-49
110,23,-53
110,24,-40
110,25,-84
110,26,-61
110,27,-26
110,28,-12
110,29,-32
110,30,-16
110,31,-75
110,32,83
110,33,-61
110,34,-5
110,35,95
110,36,16
110,37,35
110,38,-28
110,39,-56
110,40,-84
110,41,68
110,42,-24
110,43,36
110,44,97
110,45,-10
110,46,5
110,47,0
110,48,2
110,49,-77
110,50,-28
110,51,20
110,52,5
110,53,38
110,54,-66
110,55,56
110,56,35
110,57,-84
110,58,98
110,59,39
110,60,-8
110,61,8
110,62,-51
110,63,13
110,64,-77
110,65,-64
110,66,-90
110,67,-2
110,68,86
110,69,-46
110,70,-74
110,71,-34
110,72,87
110,73,-99
110,74,-33
110,75,45
110,76,47
110,77,-38
110,78,-29
110,79,29
110,80,-18
110,81,-59
110,82,55
110,83,56
110,84,96
110,85,6
110,86,-73
110,87,87
110,88,4
110,89,11
110,90,32
110,91,-86
110,92,9
110,93,-28
110,94,59
110,95,79
110,96,-11
110,97,-64
110,98,42
110,99,68
110,100,-97
110,101,80
110,102,-17
110,103,54
110,104,48
110,105,-41
110,106,-15
110,107,91
110,108,-30
110,109,74
110,110,81
110,111,-70
110,112,-84
110,113,77
110,114,-94
110,115,25
110,116,-18
110,117,-73
110,118,-91
110,119,-74
110,120,40
110,121,93
110,122,87
110,123,26
110,124,-58
110,125,-32
110,126,-38
110,127,-31
110,128,-2
110,129,92
110,130,94
110,131,81
110,132,63
110,133,-30
110,134,-8
110,135,42
110,136,45
110,137,31
110,138,-90
110,139,33
110,140,21
110,141,78
110,142,85
110,143,87
110,144,-83
110,145,-34
110,146,44
110,147,-4
110,148,-67
110,149,57
110,150,46
110,151,36
110,152,67
110,153,-57
110,154,-6
110,155,86
110,156,-10
110,157,10
110,158,52
110,159,-30
110,160,-48
110,161,75
110,162,-30
110,163,-48
110,164,7
110,165,76
110,166,70
110,167,-82
110,168,-35
110,169,61
110,170,81
110,171,-100
110,172,5
110,173,-46
110,174,-86
110,175,26
110,176,-86
110,177,20
110,178,50
110,179,-35
110,180,73
110,181,13
110,182,36
110,183,93
110,184,93
110,185,45
110,186,44
110,187,-29
110,188,-3
110,189,61
110,190,96
110,191,91
110,192,-57
110,193,56
110,194,89
110,195,-85
110,196,-23
110,197,-49
110,198,-99
110,199,-40
110,200,31
110,201,25
110,202,-49
110,203,-60
110,204,79
110,205,-70
110,206,53
110,207,54
110,208,20
110,209,-50
110,210,-6
110,211,75
110,212,-90
110,213,35
110,214,-89
110,215,-2
110,216,-56
110,217,-67
110,218,-29
110,219,74
110,220,-80
110,221,-60
110,222,-79
110,223,-80
110,224,55
110,225,94
110,226,-30
110,227,-87
110,228,-22
110,229,-28
110,230,-49
110,231,70
110,232,98
110,233,-25
110,234,-82
110,235,-74
110,236,45
110,237,-88
110,238,6
110,239,28
110,240,-16
110,241,61
110,242,40
110,243,8
110,244,14
110,245,-50
110,246,-100
110,247,20
110,248,55
110,249,22
110,250,-69
110,251,99
110,252,82
110,253,53
110,254,41
110,255,-8
110,256,-33
110,257,-38
110,258,-19
110,259,41
110,260,54
110,261,-60
110,262,-98
110,263,-7
110,264,-42
110,265,50
110,266,-83
110,267,3
110,268,-27
110,269,19
110,270,-25
110,271,68
110,272,-93
110,273,59
110,274,-20
110,275,68
110,276,72
110,277,0
110,278,-92
110,279,-11
110,280,-53
110,281,14
110,282,51
110,283,-14
110,284,-6
110,285,71
110,286,85
110,287,93
110,288,13
110,289,-83
110,290,-72
110,291,-99
110,292,-23
110,293,-33
110,294,-3
110,295,16
110,296,9
110,297,66
110,298,-60
110,299,98
111,0,14
111,1,-20
111,2,21
111,3,-14
111,4,-79
111,5,-52
111,6,55
111,7,-85
111,8,-33
111,9,89
111,10,63
111,11,-79
111,12,38
111,13,-16
111,14,20
111,15,-21
111,16,69
111,17,-46
111,18,-66
111,19,84
111,20,-67
111,21,-28
111,22,-24
111,23,97
111,24,31
111,25,73
111,26,24
111,27,-90
111,28,-40
111,29,21
111,30,-66
111,31,-32
111,32,-44
111,33,38
111,34,-89
111,35,24
111,36,-58
111,37,46
111,38,-24
111,39,-33
111,40,-42
111,41,-99
111,42,35
111,43,49
111,44,-80
111,45,56
111,46,0
111,47,-15
111,48,21
111,49,-26
111,50,-26
111,51,-18
111,52,64
111,53,-23
111,54,56
111,55,64
111,56,-80
111,57,19
111,58,-89
111,59,75
111,60,-18
111,61,74
111,62,12
111,63,-86
111,64,94
111,65,12
111,66,40
111,67,86
111,68,23
111,69,40
111,70,14
111,71,99
111,72,46
111,73,84
111,74,-69
111,75,-2
111,76,-14
111,77,48
111,78,11
111,79,41
111,80,-77
111,81,-52
111,82,-69
111,83,-26
111,84,8
111,85,-90
111,86,87
111,87,-33
111,88,88
111,89,-11
111,90,9
111,91,32
111,92,63
111,93,91
111,94,-69
111,95,-30
111,96,-27
111,97,93
111,98,37
111,99,-2
111,100,-80
111,101,-61
111,102,-59
111,103,-29
111,104,-55
111,105,-19
111,106,-28
111,107,17
111,108,-60
111,109,-7
111,110,31
111,111,-2
111,112,41
111,113,41
111,114,-48
111,115,27
111,116,-72
111,117,-78
111,118,-16
111,119,58
111,120,-5
111,121,-30
111,122,88
111,123,50
111,124,-93
111,125,-25
111,126,-1
111,127,-85
111,128,53
111,129,56
111,130,-8
111,131,-95
111,132,-64
111,133,60
111,134,-6
111,135,73
111,136,-40
111,137,68
111,138,-83
111,139,10
111,140,-6
111,141,-85
111,142,3
111,143,78
111,144,64
111,145,-87
111,146,2
111,147,-33
111,148,-71
111,149,-41
111,150,-48
111,151,63
111,152,57
111,153,-37
111,154,-87
111,155,-78
111,156,75
111,157,55
111,158,21
111,159,-94
111,160,69
111,161,-91
111,162,95
111,163,71
111,164,1
111,165,-88
111,166,60
111,167,59
111,168,26
111,169,-53
111,170,-96
111,171,-40
111,172,21
111,173,-11
111,174,2
111,175,-11
111,176,-98
111,177,-77
111,178,16
111,179,-3
111,180,61
111,181,-17
111,182,18
111,183,-59
111,184,47
111,185,-60
111,186,-19
111,187,1
111,188,47
111,189,-95
111,190,21
111,191,84
111,192,69
111,193,-76
111,194,-60
111,195,68
111,196,-98
111,197,7
111,198,70
111,199,73
111,200,-44
111,201,-18
111,202,-27
111,203,78
111,204,32
111,205,-15
111,206,-4
111,207,-86
111,208,-13
111,209,-7
111,210,25
111,211,-1
111,212,-62
111,213,97
111,214,-22
111,215,65
111,216,-62
111,217,-49
111,218,30
111,219,56
111,220,25
111,221,58
111,222,-35
111,223,-56
111,224,-79
111,225,-18
111,226,37
111,227,48
111,228,-84
111,229,-34
111,230,-94
111,231,0
111,232,-65
111,233,-34
111,234,-24
111,235,57
111,236,-14
111,237,98
111,238,56
111,239,-29
111,240,60
111,241,-42
111,242,-81
111,243,56
111,244,80
111,245,28
111,246,61
111,247,71
111,248,8
111,249,-87
111,250,64
111,251,62
111,252,86
111,253,-77
111,254,92
111,255,9
111,256,33
111,257,95
111,258,-63
111,259,28
111,260,-60
111,261,-70
111,262,-65
111,263,4
111,264,81
111,265,8
111,266,-70
111,267,56
111,268,12
111,269,30
111,270,85
111,271,-40
111,272,-95
111,273,-81
111,274,10
111,275,-40
111,276,73
111,277,40
111,278,-78
111,279,-22
111,280,-70
111,281,-97
111,282,17
111,283,-35
111,284,43
111,285,14
111,286,-70
111,287,75
111,288,22
111,289,-58
111,290,-97
111,291,89
111,292,-53
111,293,55
111,294,43
111,295,-12
111,296,25
111,297,-24
111,298,96
111,299,57
112,0,-36
112,1,-32
112,2,-87
112,3,-26
112,4,61
112,5,83
112,6,-72
112,7,-22
112,8,52
112,9,-7
112,10,-35
112,11,14
112,12,-61
112,13,42
112,14,-69
112,15,-81
112,16,-48
112,17,94
112,18,-52
112,19,94
112,20,-12
112,21,-19
112,22,-100
112,23,66
112,24,-40
112,25,82
112,26,96
112,27,29
112,28,-7
112,29,-84
112,30,56
112,31,16
112,32,5
112,33,31
112,34,91
112,35,-16
112,36,-58
112,37,-25
112,38,39
112,39,-51
112,40,95
112,41,-40
112,42,3
112,43,-50
112,44,-24
112,45,-3
112,46,-18
112,47,-23
112,48,-96
112,49,55
112,50,37
112,51,-13
112,52,79
112,53,-84
112,54,-36
112,55,23
112,56,-80
112,57,81
112,58,10
112,59,76
112,60,6
112,61,-79
112,62,-32
112,63,91
112,64,-65
112,65,48
112,66,83
112,67,-28
112,68,-10
112,69,75
112,70,25
112,71,45
112,72,-2
112,73,-86
112,74,-57
112,75,72
112,76,-4
112,77,-65
112,78,67
112,79,78
112,80,-71
112,81,-75
112,82,-16
112,83,0
112,84,20
112,85,-70
112,86,83
112,87,88
112,88,-84
112,89,-3
112,90,25
112,91,-77
112,92,21
112,93,31
112,94,36
112,95,29
112,96,62
112,97,22
112,98,-63
112,99,72
112,100,42
112,101,69
112,102,30
112,103,58
112,104,79
112,105,68
112,106,-44
112,107,-59
112,108,-48
112,109,18
112,110,20
112,111,-45
112,112,-14
112,113,-25
112,114,99
112,115,80
112,116,-16
112,117,-16
112,118,59
112,119,-20
112,120,81
112,121,64
112,122,-93
112,123,-90
112,124,81
112,125,87
112,126,37
112,127,97
112,128,14
112,129,-20
112,130,-14
112,131,-59
112,132,-64
112,133,-9
112,134,85
112,135,-16
112,136,-42
112,137,51
112,138,55
112,139,-64
112,140,-80
112,141,60
112,142,29
112,143,-18
112,144,55
112,145,42
112,146,-100
112,147,6
112,148,-73
112,149,-51
112,150,-66
112,151,55
112,152,36
112,153,51
112,154,90
112,155,31
112,156,83
112,157,-60
112,158,-34
112,159,-53
112,160,-15
112,161,-43
112,162,-62
112,163,-76
112,164,-41
112,165,16
112,166,-15
112,167,13
112,168,74
112,169,88
112,170,-17
112,171,54
112,172,23
112,173,10
112,174,-59
112,175,-49
112,176,-53
112,177,-69
112,178,51
112,179,30
112,180,17
112,181,54
112,182,67
112,183,-78
112,184,34
112,185,26
112,186,-64
112,187,-94
112,188,-24
112,189,-19
112,190,-6
112,191,-79
112,192,-23
112,193,-19
112,194,44
112,195,-82
112,196,-6
112,197,-62
112,198,16
112,199,-65
112,200,-86
112,201,90
112,202,56
112,203,-41
112,204,83
112,205,67
112,206,43
112,207,60
112,208,-12
112,209,-85
112,210,57
112,211,-3
112,212,93
112,213,3
112,214,-57
112,215,65
112,216,-50
112,217,87
112,218,-83
112,219,-96
112,220,67
112,221,-95
112,222,-25
112,223,14
112,224,-89
112,225,-89
112,226,-28
112,227,5
112,228,49
112,229,-52
112,230,77
112,231,-97
112,232,77
112,233,-98
112,234,43
112,235,-87
112,236,-37
112,237,19
112,238,68
112,239,-33
112,240,-42
112,241,29
112,242,18
112,243,-91
112,244,-26
112,245,-11
112,246,0
112,247,53
112,248,31
112,249,-73
112,250,29
112,251,-35
112,252,43
112,253,23
112,254,-44
112,255,50
112,256,50
112,257,-80
112,258,2
112,259,52
112,260,-43
112,261,-64
112,262,76
112,263,42
112,264,55
112,265,94
112,266,31
112,267,-54
112,268,77
112,269,87
112,270,89
112,271,94
112,272,2
112,273,-29
112,274,70
112,275,-12
112,276,-43
112,277,4
112,278,79
112,279,-32
112,280,-55
112,281,52
112,282,-76
112,283,20
112,284,-66
112,285,88
112,286,-86
112,287,5
112,288,27
112,289,-27
112,290,-13
112,291,62
112,292,-72
112,293,-63
112,294,96
112,295,-77
112,296,-82
112,297,73
112,298,-52
112,299,-57
113,0,53
113,1,52
113,2,-66
113,3,63
113,4,41
113,5,-45
113,6,33
113,7,-69
113,8,-75
113,9,42
113,10,76
113,11,-45
113,12,-64
113,13,24
113,14,-48
113,15,85
113,16,0
113,17,-23
113,18,-65
113,19,0
113,20,-90
113,21,-74
113,22,-99
113,23,-79
113,24,-35
113,25,11
113,26,-84
113,27,31
113,28,-87
113,29,-94
113,30,-22
113,31,43
113,32,3
113,33,93
113,34,46
113,35,-100
113,36,-70
113,37,27
113,38,31
113,39,-10
113,40,-43
113,41,-45
113,42,80
113,43,-58
113,44,-27
113,45,-52
113,46,11
113,47,7
113,48,-41
113,49,-7
113,50,43
113,51,-28
113,52,-2
113,53,87
113,54,13
113,55,74
113,56,-86
113,57,-38
113,58,-73
113,59,47
113,60,90
113,61,60
113,62,-65
113,63,24
113,64,40
113,65,-39
113,66,95
113,67,50
113,68,99
113,69,-88
113,70,-13
113,71,-61
113,72,57
113,73,23
113,74,-76
113,75,53
113,76,-77
113,77,-4
113,78,-62
113,79,8
113,80,-40
113,81,76
113,82,68
113,83,97
113,84,-81
113,85,71
113,86,-85
113,87,48
113,88,-86
113,89,66
113,90,-59
113,91,88
113,92,-97
113,93,51
113,94,30
113,95,13
113,96,28
113,97,40
113,98,-47
113,99,-19
113,100,-61
113,101,26
113,102,38
113,103,-59
113,104,-8
113,105,-97
113,106,-76
113,107,-1
113,108,63
113,109,91
113,110,24
113,111,71
113,112,-61
113,113,-9
113,114,72
113,115,35
113,116,-16
113,117,-66
113,118,71
113,119,45
113,120,-54
113,121,52
113,122,68
113,123,-96
113,124,91
113,125,89
113,126,24
113,127,10
113,128,-29
113,129,-14
113,130,-98
113,131,64
113,132,-8
113,133,-60
113,134,47
113,135,94
113,136,-14
113,137,67
113,138,-16
113,139,35
113,140,32
113,141,-76
113,142,-62
113,143,64
113,144,24
113,145,4
113,146,-96
113,147,35
113,148,-97
113,149,68
113,150,-41
113,151,-47
113,152,49
113,153,-23
113,154,-82
113,155,-2
113,156,-33
113,157,-68
113,158,49
113,159,92
113,160,38
113,161,-85
113,162,95
113,163,26
113,164,-8
113,165,-57
113,166,-92
113,167,99
113,168,-23
113,169,-22
113,170,89
113,171,-15
113,172,-86
113,173,-95
113,174,-100
113,175,-81
113,176,63
113,177,29
113,178,-31
113,179,-99
113,180,30
113,181,-94
113,182,-17
113,183,91
113,184,68
113,185,-47
113,186,-60
113,187,14
113,188,32
113,189,1
113,190,-19
113,191,-38
113,192,-100
113,193,-76
113,194,73
113,195,42
113,196,96
113,197,44
113,198,48
113,199,80
113,200,-46
113,201,6
113,202,37
113,203,84
113,204,-36
113,205,-64
113,206,11
113,207,-94
113,208,-25
113,209,-61
113,210,77
113,211,-100
113,212,47
113,213,7
113,214,58
113,215,-33
113,216,-89
113,217,49
113,218,28
113,219,25
113,220,-100
113,221,30
113,222,16
113,223,48
113,224,-88
113,225,88
113,226,40
113,227,4
113,228,60
113,229,33
113,230,-76
113,231,50
113,232,-13
113,233,0
113,234,-75
113,235,31
113,236,1
113,237,62
113,238,-1
113,239,-76
113,240,47
113,241,-100
113,242,-7
113,243,-33
113,244,-78
113,245,5
113,246,49
113,247,-6
113,248,-39
113,249,28
113,250,86
113,251,-33
113,252,46
113,253,-71
113,254,28
113,255,-53
113,256,-82
113,257,26
113,258,79
113,259,49
113,260,-51
113,261,93
113,262,33
113,263,91
113,264,48
113,265,46
113,266,64
113,267,-38
113,268,56
113,269,87
113,270,61
113,271,28
113,272,-53
113,273,-12
113,274,26
113,275,48
113,276,61
113,277,53
113,278,-65
113,279,50
113,280,-20
113,281,-54
113,282,71
113,283,47
113,284,-74
113,285,88
113,286,64
113,287,-49
113,288,-26
113,289,-9
113,290,-39
113,291,-35
113,292,51
113,293,-21
113,294,39
113,295,43
113,296,63
113,297,29
113,298,89
113,299,-37
114,0,-72
114,1,-14
114,2,-5
114,3,-70
114,4,-18
114,5,42
114,6,82
114,7,-68
114,8,79
114,9,-1
114,10,47
114,11,-28
114,12,65
114,13,30
114,14,81
114,15,93
114,16,-83
114,17,25
114,18,-94
114,19,62
114,20,23
114,21,13
114,22,-17
114,23,-17
114,24,-18
114,25,4
114,26,1
114,27,-8
114,28,-41
114,29,1
114,30,-77
114,31,8
114,32,66
114,33,39
114,34,-7
114,35,80
114,36,-37
114,37,-97
114,38,-7
114,39,32
114,40,-85
114,41,-74
114,42,31
114,43,-29
114,44,-53
114,45,35
114,46,-20
114,47,73
114,48,-57
114,49,94
114,50,-49
114,51,-67
114,52,89
114,53,-80
114,54,-77
114,55,-57
114,56,13
114,57,68
114,58,56
114,59,2
114,60,33
114,61,-45
114,62,-87
114,63,77
114,64,0
114,65,79
114,66,-100
114,67,-89
114,68,14
114,69,5
114,70,51
114,71,-64
114,72,97
114,73,-98
114,74,54
114,75,-48
114,76,-1
114,77,-84
114,78,12
114,79,9
114,80,42
114,81,66
114,82,-97
114,83,44
114,84,38
114,85,-89
114,86,-69
114,87,54
114,88,71
114,89,-58
114,90,76
114,91,3
114,92,-8
114,93,-58
114,94,30
114,95,56
114,96,-16
114,97,-66
114,98,16
114,99,75
114,100,66
114,101,51
114,102,-81
114,103,42
114,104,-16
114,105,16
114,106,5
114,107,45
114,108,87
114,109,4
114,110,-8
114,111,-60
114,112,-1
114,113,-32
114,114,5
114,115,38
114,116,83
114,117,45
114,118,39
114,119,43
114,120,-74
114,121,-1
114,122,44
114,123,-16
114,124,18
114,125,-70
114,126,8
114,127,62
114,128,-74
114,129,-14
114,130,59
114,131,-84
114,132,-90
114,133,28
114,134,-19
114,135,-52
114,136,-60
114,137,-81
114,138,-30
114,139,-64
114,140,25
114,141,43
114,142,-62
114,143,8
114,144,72
114,145,-37
114,146,74
114,147,-78
114,148,-69
114,149,76
114,150,22
114,151,-82
114,152,5
114,153,-34
114,154,66
114,155,-12
114,156,-41
114,157,-90
114,158,-52
114,159,42
114,160,27
114,161,-40
114,162,70
114,163,42
114,164,-96
114,165,-72
114,166,89
114,167,87
114,168,-32
114,169,49
114,170,-88
114,171,77
114,172,15
114,173,74
114,174,9
114,175,56
114,176,-21
114,177,-1
114,178,-84
114,179,47
114,180,13
114,181,-95
114,182,-79
114,183,36
114,184,59
114,185,-13
114,186,-68
114,187,-31
114,188,-52
114,189,3
114,190,57
114,191,1
114,192,43
114,193,92
114,194,5
114,195,-19
114,196,-15
114,197,-87
114,198,83
114,199,64
114,200,-52
114,201,-51
114,202,63
114,203,79
114,204,-78
114,205,-35
114,206,98
114,207,72
114,208,14
114,209,-73
114,210,-81
114,211,76
114,212,84
114,213,20
114,214,-4
114,215,86
114,216,18
114,217,8
114,218,-75
114,219,46
114,220,5
114,221,40
114,222,-39
114,223,25
114,224,41
114,225,38
114,226,-34
114,227,-89
114,228,-66
114,229,9
114,230,66
114,231,59
114,232,-87
114,233,92
114,234,54
114,235,0
114,236,-41
114,237,-58
114,238,92
114,239,-46
114,240,8
114,241,-8
114,242,62
114,243,-6
114,244,59
114,245,46
114,246,-6
114,247,66
114,248,47
114,249,-73
114,250,-98
114,251,59
114,252,-15
114,253,7
114,254,85
114,255,81
114,256,69
114,257,16
114,258,7
114,259,-86
114,260,-39
114,261,-70
114,262,88
114,263,-75
114,264,96
114,265,84
114,266,47
114,267,-35
114,268,48
114,269,14
114,270,-41
114,271,-38
114,272,78
114,273,0
114,274,66
114,275,-1
114,276,38
114,277,18
114,278,-44
114,279,30
114,280,-64
114,281,10
114,282,52
114,283,48
114,284,11
114,285,69
114,286,-100
114,287,-78
114,288,6
114,289,12
114,290,51
114,291,74
114,292,-12
114,293,34
114,294,-63
114,295,-54
114,296,2
114,297,62
114,298,-39
114,299,-28
115,0,-98
115,1,1
115,2,47
115,3,4
115,4,-57
115,5,59
115,6,-1
115,7,-75
115,8,-53
115,9,-96
115,10,-42
115,11,-40
115,12,-52
115,13,57
115,14,44
115,15,-31
115,16,85
115,17,90
115,18,88
115,19,90
115,20,-86
115,21,-100
115,22,40
115,23,75
115,24,27
115,25,61
115,26,24
115,27,57
115,28,-82
115,29,18
115,30,-37
115,31,-35
115,32,-44
115,33,-57
115,34,-89
115,35,21
115,36,67
115,37,-77
115,38,38
115,39,93
115,40,-100
115,41,85
115,42,-73
115,43,-33
115,44,4
115,45,-7
115,46,23
115,47,86
115,48,98
115,49,23
115,50,-79
115,51,56
115,52,-12
115,53,96
115,54,-56
115,55,97
115,56,23
115,57,44
115,58,-22
115,59,-62
115,60,67
115,61,-73
115,62,29
115,63,54
115,64,48
115,65,-14
115,66,34
115,67,88
115,68,-49
115,69,75
115,70,25
115,71,46
115,72,-28
115,73,39
115,74,-7
115,75,98
115,76,-99
115,77,-84
115,78,24
115,79,30
115,80,-80
115,81,-23
115,82,-22
115,83,-50
115,84,5
115,85,4
115,86,-91
115,87,15
115,88,-46
115,89,-65
115,90,-50
115,91,-27
115,92,-84
115,93,-40
115,94,-10
115,95,40
115,96,92
115,97,-6
115,98,-21
115,99,2
115,100,-53
115,101,-15
115,102,-31
115,103,-54
115,104,-91
115,105,84
115,106,-21
115,107,-88
115,108,88
115,109,-43
115,110,-17
115,111,-33
115,112,-17
115,113,-15
115,114,56
115,115,43
115,116,-38
115,117,74
115,118,-58
115,119,50
115,120,57
115,121,84
115,122,-71
115,123,-34
115,124,83
115,125,-77
115,126,0
115,127,5
115,128,0
115,129,-93
115,130,71
115,131,-5
115,132,61
115,133,-66
115,134,-5
115,135,-51
115,136,44
115,137,-99
115,138,81
115,139,-57
115,140,1
115,141,76
115,142,29
115,143,-29
115,144,9
115,145,97
115,146,36
115,147,28
115,148,96
115,149,2
115,150,36
115,151,41
115,152,-74
115,153,36
115,154,63
115,155,-8
115,156,-1
115,157,30
115,158,16
115,159,50
115,160,21
115,161,9
115,162,-28
115,163,-71
115,164,-82
115,165,1
115,166,-34
115,167,-51
115,168,-53
115,169,-98
115,170,-35
115,171,54
115,172,5
115,173,10
115,174,-61
115,175,24
115,176,-83
115,177,54
115,178,38
115,179,66
115,180,-82
115,181,-12
115,182,34
115,183,-44
115,184,29
115,185,-63
115,186,32
115,187,-19
115,188,-65
115,189,95
115,190,-13
115,191,18
115,192,-16
115,193,84
115,194,47
115,195,32
115,196,-77
115,197,-71
115,198,-73
115,199,80
115,200,78
115,201,8
115,202,34
115,203,69
115,204,-66
115,205,18
115,206,-67
115,207,2
115,208,16
115,209,-25
115,210,-47
115,211,-72
115,212,37
115,213,-74
115,214,-88
115,215,-59
115,216,64
115,217,88
115,218,-80
115,219,30
115,220,35
115,221,-31
115,222,44
115,223,-91
115,224,40
115,225,5
115,226,-89
115,227,93
115,228,27
115,229,50
115,230,92
115,231,27
115,232,79
115,233,-40
115,234,-75
115,235,-86
115,236,-79
115,237,-12
115,238,-36
115,239,53
115,240,-80
115,241,51
115,242,-85
115,243,59
115,244,-85
115,245,-59
115,246,59
115,247,77
115,248,-60
115,249,7
115,250,24
115,251,51
115,252,-88
115,253,-22
115,254,37
115,255,-59
115,256,68
115,257,20
115,258,30
115,259,82
115,260,-85
115,261,-57
115,262,57
115,263,20
115,264,64
115,265,87
115,266,-77
115,267,-75
115,268,-43
115,269,-92
115,270,25
115,271,88
115,272,-82
115,273,-73
115,274,34
115,275,-56
115,276,27
115,277,-7
115,278,90
115,279,64
115,280,-85
115,281,-96
115,282,56
115,283,-49
115,284,50
115,285,-95
115,286,63
115,287,84
115,288,60
115,289,-52
115,290,68
115,291,-21
115,292,82
115,293,-3
115,294,6
115,295,53
115,296,-64
115,297,15
115,298,-84
115,299,-69
116,0,55
116,1,-76
116,2,74
116,3,-79
116,4,-40
116,5,25
116,6,-57
116,7,1
116,8,-81
116,9,8
116,10,77
116,11,-13
116,12,74
116,13,-54
116,14,99
116,15,-50
116,16,82
116,17,-62
116,18,-87
116,19,96
116,20,74
116,21,-80
116,22,42
116,23,-1
116,24,-4
116,25,-100
116,26,8
116,27,-19
116,28,37
116,29,50
116,30,-83
116,31,-43
116,32,25
116,33,-28
116,34,9
116,35,-49
116,36,-55
116,37,6
116,38,-88
116,39,-5
116,40,-84
116,41,-34
116,42,-40
116,43,-36
116,44,80
116,45,32
116,46,59
116,47,-12
116,48,72
116,49,-45
116,50,-96
116,51,0
116,52,-14
116,53,61
116,54,-40
116,55,89
116,56,-32
116,57,-38
116,58,-57
116,59,-73
116,60,97
116,61,-88
116,62,70
116,63,-71
116,64,53
116,65,-38
116,66,-28
116,67,-44
116,68,-37
116,69,76
116,70,-49
116,71,-38
116,72,40
116,73,-8
116,74,6
116,75,8
116,76,-13
116,77,-56
116,78,7
116,79,-55
116,80,-24
116,81,68
116,82,-55
116,83,28
116,84,95
116,85,-9
116,86,-89
116,87,-13
116,88,-28
116,89,62
116,90,1
116,91,-2
116,92,60
116,93,-43
116,94,27
116,95,16
116,96,-66
116,97,73
116,98,-17
116,99,-35
116,100,71
116,101,-75
116,102,-59
116,103,-24
116,104,-71
116,105,15
116,106,59
116,107,-65
116,108,-82
116,109,-79
116,110,-36
116,111,-44
116,112,-90
116,113,-75
116,114,75
116,115,-82
116,116,-18
116,117,39
116,118,-34
116,119,-45
116,120,-83
116,121,12
116,122,-96
116,123,11
116,124,51
116,125,14
116,126,65
116,127,-34
116,128,-31
116,129,-49
116,130,26
116,131,66
116,132,86
116,133,53
116,134,-36
116,135,-21
116,136,75
116,137,12
116,138,10
116,139,-48
116,140,36
116,141,32
116,142,15
116,143,-29
116,144,88
116,145,-80
116,146,2
116,147,6
116,148,-38
116,149,47
116,150,85
116,151,72
116,152,49
116,153,-24
116,154,-26
116,155,90
116,156,57
116,157,-38
116,158,71
116,159,-34
116,160,85
116,161,92
116,162,-65
116,163,33
116,164,-64
116,165,-8
116,166,-26
116,167,82
116,168,86
116,169,65
116,170,14
116,171,52
116,172,-24
116,173,60
116,174,-88
116,175,-63
116,176,85
116,177,47
116,178,-84
116,179,22
116,180,13
116,181,51
116,182,-75
116,183,67
116,184,-69
116,185,64
116,186,-15
116,187,-3
116,188,-10
116,189,20
116,190,87
116,191,-44
116,192,6
116,193,85
116,194,94
116,195,-79
116,196,85
116,197,11
116,198,-16
116,199,-21
116,200,-28
116,201,-24
116,202,-27
116,203,26
116,204,76
116,205,20
116,206,-16
116,207,76
116,208,69
116,209,67
116,210,98
116,211,73
116,212,49
116,213,-19
116,214,-80
116,215,78
116,216,41
116,217,-27
116,218,-92
116,219,45
116,220,-88
116,221,-84
116,222,25
116,223,-14
116,224,52
116,225,81
116,226,-85
116,227,-77
116,228,-26
116,229,50
116,230,68
116,231,2
116,232,-15
116,233,60
116,234,4
116,235,-59
116,236,75
116,237,-83
116,238,90
116,239,-23
116,240,-9
116,241,-90
116,242,51
116,243,88
116,244,91
116,245,63
116,246,25
116,247,-4
116,248,-48
116,249,-18
116,250,-54
116,251,-49
116,252,-44
116,253,-26
116,254,50
116,255,-42
116,256,-32
116,257,83
116,258,-15
116,259,69
116,260,45
116,261,-30
116,262,-68
116,263,-98
116,264,-73
116,265,-100
116,266,25
116,267,90
116,268,12
116,269,-54
116,270,-64
116,271,-15
116,272,-53
116,273,7
116,274,-82
116,275,41
116,276,94
116,277,-18
116,278,-36
116,279,-75
116,280,37
116,281,-2
116,282,-24
116,283,-31
116,284,-58
116,285,-31
116,286,99
116,287,-42
116,288,-98
116,289,32
116,290,-16
116,291,-6
116,292,-23
116,293,0
116,294,-18
116,295,64
116,296,-17
116,297,79
116,298,93
116,299,20
117,0,90
117,1,34
117,2,-48
117,3,13
117,4,-95
117,5,34
117,6,71
117,7,-83
117,8,-47
117,9,26
117,10,56
117,11,-76
117,12,-38
117,13,95
117,14,14
117,15,40
117,16,59
117,17,54
117,18,-50
117,19,61
117,20,-73
117,21,-28
117,22,-29
117,23,-16
117,24,9
117,25,-71
117,26,-92
117,27,40
117,28,-19
117,29,-37
117,30,-63
117,31,18
117,32,-79
117,33,58
117,34,-2
117,35,69
117,36,89
117,37,5
117,38,-37
117,39,-92
117,40,25
117,41,-6
117,42,71
117,43,90
117,44,67
117,45,-13
117,46,68
117,47,12
117,48,-29
117,49,-51
117,50,47
117,51,-20
117,52,97
117,53,69
117,54,-68
117,55,-38
117,56,84
117,57,92
117,58,4
117,59,79
117,60,-2
117,61,-95
117,62,34
117,63,-92
117,64,0
117,65,-40
117,66,61
117,67,62
117,68,-2
117,69,47
117,70,-43
117,71,-41
117,72,81
117,73,-66
117,74,-54
117,75,-55
117,76,-14
117,77,-97
117,78,-91
117,79,6
117,80,-26
117,81,-61
117,82,26
117,83,82
117,84,18
117,85,-28
117,86,-61
117,87,-5
117,88,-78
117,89,42
117,90,14
117,91,15
117,92,32
117,93,67
117,94,45
117,95,-80
117,96,-98
117,97,-55
117,98,-11
117,99,-22
117,100,26
117,101,-48
117,102,47
117,103,86
117,104,-80
117,105,-11
117,106,12
117,107,-50
117,108,52
117,109,-33
117,110,15
117,111,37
117,112,94
117,113,-18
117,114,-6
117,115,36
117,116,-72
117,117,64
117,118,9
117,119,-30
117,120,-63
117,121,26
117,122,-29
117,123,-42
117,124,84
117,125,87
117,126,-73
117,127,55
117,128,-55
117,129,-30
117,130,94
117,131,82
117,132,-63
117,133,16
117,134,7
117,135,45
117,136,-6
117,137,-38
117,138,2
117,139,-96
117,140,71
117,141,56
117,142,6
117,143,41
117,144,-43
117,145,71
117,146,45
117,147,-94
117,148,-14
117,149,-4
117,150,89
117,151,-56
117,152,-85
117,153,-37
117,154,-64
117,155,52
117,156,-92
117,157,82
117,158,55
117,159,36
117,160,39
117,161,45
117,162,-11
117,163,83
117,164,-27
117,165,85
117,166,24
117,167,-50
117,168,-69
117,169,-13
117,170,75
117,171,35
117,172,57
117,173,-75
117,174,51
117,175,54
117,176,66
117,177,-35
117,178,78
117,179,-28
117,180,-51
117,181,-56
117,182,-14
117,183,-68
117,184,-82
117,185,40
117,186,12
117,187,-79
117,188,47
117,189,-4
117,190,-96
117,191,25
117,192,-23
117,193,59
117,194,-71
117,195,-10
117,196,53
117,197,-19
117,198,-13
117,199,31
117,200,4
117,201,-34
117,202,17
117,203,70
117,204,-71
117,205,10
117,206,43
117,207,98
117,208,-62
117,209,-15
117,210,-60
117,211,-70
117,212,76
117,213,40
117,214,68
117,215,55
117,216,26
117,217,-37
117,218,16
117,219,-82
117,220,10
117,221,13
117,222,99
117,223,-76
117,224,65
117,225,20
117,226,-2
117,227,-11
117,228,-98
117,229,29
117,230,-96
117,231,88
117,232,-81
117,233,-63
117,234,0
117,235,27
117,236,1
117,237,-65
117,238,73
117,239,-2
117,240,12
117,241,-64
117,242,-47
117,243,48
117,244,48
117,245,-9
117,246,-31
117,247,-17
117,248,87
117,249,63
117,250,-90
117,251,-13
117,252,-14
117,253,-70
117,254,0
117,255,64
117,256,-41
117,257,-40
117,258,-34
117,259,56
117,260,94
117,261,-22
117,262,-30
117,263,-34
117,264,27
117,265,10
117,266,-85
117,267,-56
117,268,-67
117,269,-57
117,270,16
117,271,24
117,272,2
117,273,19
117,274,69
117,275,-66
117,276,25
117,277,-26
117,278,-17
117,279,57
117,280,-48
117,281,-43
117,282,55
117,283,42
117,284,65
117,285,-51
117,286,40
117,287,10
117,288,62
117,289,10
117,290,51
117,291,19
117,292,-36
117,293,5
117,294,-10
117,295,45
117,296,85
117,297,-75
117,298,56
117,299,-29
118,0,-57
118,1,-11
118,2,32
118,3,60
118,4,23
118,5,-96
118,6,26
118,7,12
118,8,10
118,9,63
118,10,-24
118,11,-88
118,12,52
118,13,-43
118,14,29
118,15,-13
118,16,-65
118,17,-76
118,18,-67
118,19,39
118,20,-82
118,21,13
118,22,5
118,23,-64
118,24,6
118,25,28
118,26,-41
118,27,-34
118,28,76
118,29,-22
118,30,73
118,31,10
118,32,-53
118,33,95
118,34,46
118,35,-13
118,36,-61
118,37,33
118,38,-5
118,39,90
118,40,62
118,41,99
118,42,-40
118,43,-96
118,44,-64
118,45,38
118,46,5
118,47,-2
118,48,67
118,49,92
118,50,-93
118,51,-14
118,52,-17
118,53,-90
118,54,-30
118,55,85
118,56,-7
118,57,22
118,58,75
118,59,40
118,60,5
118,61,87
118,62,-52
118,63,94
118,64,-94
118,65,0
118,66,52
118,67,50
118,68,-50
118,69,74
118,70,-96
118,71,-88
118,72,-59
118,73,24
118,74,32
118,75,50
118,76,-39
118,77,28
118,78,-27
118,79,13
118,80,-47
118,81,99
118,82,15
118,83,30
118,84,-18
118,85,91
118,86,78
118,87,29
118,88,-52
118,89,-70
118,90,-27
118,91,16
118,92,-98
118,93,23
118,94,62
118,95,-16
118,96,63
118,97,-37
118,98,59
118,99,-83
118,100,-67
118,101,-45
118,102,-34
118,103,80
118,104,94
118,105,-10
118,106,93
118,107,91
118,108,-34
118,109,9
118,110,66
118,111,65
118,112,-61
118,113,46
118,114,32
118,115,96
118,116,41
118,117,-10
118,118,-52
118,119,-37
118,120,11
118,121,-1
118,122,84
118,123,3
118,124,62
118,125,-96
118,126,18
118,127,-13
118,128,66
118,129,26
118,130,-77
118,131,67
118,132,6
118,133,-51
118,134,-43
118,135,-100
118,136,70
118,137,66
118,138,37
118,139,-99
118,140,-38
118,141,-85
118,142,-64
118,143,-85
118,144,-14
118,145,-11
118,146,-21
118,147,-74
118,148,90
118,149,10
118,150,-37
118,151,-4
118,152,59
118,153,36
118,154,-90
118,155,-31
118,156,57
118,157,42
118,158,86
118,159,-53
118,160,-7
118,161,-25
118,162,-41
118,163,-33
118,164,-44
118,165,-37
118,166,81
118,167,-21
118,168,-14
118,169,81
118,170,86
118,171,66
118,172,19
118,173,42
118,174,-22
118,175,55
118,176,-65
118,177,-47
118,178,44
118,179,-1
118,180,-15
118,181,-79
118,182,-26
118,183,-65
118,184,-72
118,185,82
118,186,69
118,187,59
118,188,41
118,189,-83
118,190,-63
118,191,0
118,192,-67
118,193,20
118,194,72
118,195,-14
118,196,59
118,197,9
118,198,-34
118,199,90
118,200,82
118,201,-58
118,202,22
118,203,-79
118,204,-14
118,205,95
118,206,-24
118,207,24
118,208,-5
118,209,21
118,210,56
118,211,-61
118,212,3
118,213,72
118,214,18
118,215,37
118,216,72
118,217,19
118,218,-84
118,219,1
118,220,29
118,221,44
118,222,7
118,223,-11
118,224,18
118,225,65
118,226,64
118,227,-38
118,228,-96
118,229,-76
118,230,-28
118,231,23
118,232,-79
118,233,-8
118,234,90
118,235,-66
118,236,-46
118,237,27
118,238,-81
118,239,-96
118,240,66
118,241,-38
118,242,-69
118,243,90
118,244,-27
118,245,67
118,246,44
118,247,0
118,248,-22
118,249,59
118,250,-78
118,251,87
118,252,-45
118,253,36
118,254,5
118,255,-32
118,256,89
118,257,91
118,258,-79
118,259,-69
118,260,74
118,261,-99
118,262,22
118,263,-16
118,264,79
118,265,-87
118,266,-64
118,267,-74
118,268,51
118,269,-37
118,270,-31
118,271,53
118,272,81
118,273,-86
118,274,-72
118,275,-27
118,276,-73
118,277,-42
118,278,-28
118,279,48
118,280,-91
118,281,31
118,282,-39
118,283,31
118,284,26
118,285,-95
118,286,-21
118,287,-29
118,288,-85
118,289,-63
118,290,76
118,291,88
118,292,-36
118,293,25
118,294,-18
118,295,77
118,296,-84
118,297,12
118,298,55
118,299,71
119,0,39
119,1,-31
119,2,-30
119,3,99
119,4,30
119,5,-52
119,6,-80
119,7,35
119,8,-37
119,9,86
119,10,57
119,11,-69
119,12,-81
119,13,-85
119,14,52
119,15,-41
119,16,72
119,17,36
119,18,78
119,19,2
119,20,-40
119,21,67
119,22,3
119,23,-40
119,24,94
119,25,-25
119,26,-86
119,27,80
119,28,31
119,29,50
119,30,54
119,31,2
119,32,64
119,33,70
119,34,64
119,35,56
119,36,56
119,37,76
119,38,-26
119,39,78
119,40,77
119,41,-73
119,42,-27
119,43,32
119,44,24
119,45,-45
119,46,-37
119,47,26
119,48,20
119,49,-12
119,50,-84
119,51,-4
119,52,-46
119,53,36
119,54,95
119,55,9
119,56,-85
119,57,43
119,58,-88
119,59,-23
119,60,-16
119,61,-28
119,62,90
119,63,18
119,64,68
119,65,80
119,66,-33
119,67,-27
119,68,-2
119,69,16
119,70,36
119,71,78
119,72,75
119,73,76
119,74,45
119,75,37
119,76,14
119,77,-47
119,78,-22
119,79,-86
119,80,38
119,81,67
119,82,17
119,83,11
119,84,5
119,85,4
119,86,-54
119,87,17
119,88,25
119,89,47
119,90,-3
119,91,49
119,92,-53
119,93,-19
119,94,-85
119,95,32
119,96,92
119,97,-27
119,98,-80
119,99,-40
119,100,82
119,101,-77
119,102,-78
119,103,-14
119,104,38
119,105,74
119,106,-99
119,107,97
119,108,-48
119,109,38
119,110,-86
119,111,39
119,112,21
119,113,22
119,114,63
119,115,-9
119,116,-78
119,117,54
119,118,-13
119,119,41
119,120,81
119,121,-2
119,122,-74
119,123,-80
119,124,-52
119,125,89
119,126,99
119,127,-57
119,128,-57
119,129,27
119,130,88
119,131,69
119,132,-78
119,133,28
119,134,24
119,135,-65
119,136,-46
119,137,9
119,138,-85
119,139,-12
119,140,-83
119,141,-63
119,142,94
119,143,-81
119,144,-82
119,145,-88
119,146,-84
119,147,-71
119,148,-58
119,149,-53
119,150,-58
119,151,-8
119,152,13
119,153,-35
119,154,18
119,155,-48
119,156,-29
119,157,-23
119,158,61
119,159,-27
119,160,-29
119,161,98
119,162,-88
119,163,83
119,164,-42
119,165,-69
119,166,-18
119,167,19
119,168,-47
119,169,-99
119,170,17
119,171,-64
119,172,-4
119,173,2
119,174,13
119,175,60
119,176,-100
119,177,27
119,178,2
119,179,55
119,180,44
119,181,-44
119,182,-31
119,183,79
119,184,-57
119,185,74
119,186,40
119,187,-25
119,188,57
119,189,-16
119,190,-35
119,191,-48
119,192,-83
119,193,-73
119,194,31
119,195,-59
119,196,25
119,197,16
119,198,33
119,199,1
119,200,36
119,201,47
119,202,-63
119,203,95
119,204,-51
119,205,-41
119,206,40
119,207,18
119,208,-2
119,209,-7
119,210,69
119,211,-33
119,212,52
119,213,58
119,214,39
119,215,-37
119,216,-22
119,217,88
119,218,-48
119,219,-75
119,220,88
119,221,37
119,222,39
119,223,49
119,224,80
119,225,-80
119,226,62
119,227,-30
119,228,-19
119,229,54
119,230,-41
119,231,-2
119,232,-54
119,233,93
119,234,42
119,235,-77
119,236,-91
119,237,19
119,238,51
119,239,-13
119,240,3
119,241,23
119,242,84
119,243,-67
119,244,-60
119,245,67
119,246,-90
119,247,-100
119,248,57
119,249,70
119,250,-19
119,251,-75
119,252,-48
119,253,24
119,254,74
119,255,-92
119,256,-92
119,257,28
119,258,98
119,259,71
119,260,-42
119,261,83
119,262,5
119,263,78
119,264,24
119,265,-85
119,266,-63
119,267,38
119,268,52
119,269,-42
119,270,-72
119,271,67
119,272,-93
119,273,-3
119,274,33
119,275,72
119,276,8
119,277,80
119,278,7
119,279,48
119,280,-44
119,281,-25
119,282,12
119,283,-95
119,284,90
119,285,23
119,286,33
119,287,-48
119,288,31
119,289,-92
119,290,-32
119,291,-27
119,292,10
119,293,99
119,294,-14
119,295,-97
119,296,85
119,297,-64
119,298,-30
119,299,-95
120,0,-50
120,1,-2
120,2,77
120,3,-5
120,4,41
120,5,-90
120,6,-91
120,7,88
120,8,-88
120,9,20
120,10,61
120,11,-41
120,12,78
120,13,-96
120,14,59
120,15,-89
120,16,79
120,17,40
120,18,-16
120,19,81
120,20,16
120,21,21
120,22,81
120,23,-60
120,24,-53
120,25,-50
120,26,74
120,27,77
120,28,17
120,29,-5
120,30,-25
120,31,-55
120,32,-1
120,33,-63
120,34,-9
120,35,40
120,36,49
120,37,29
120,38,-8
120,39,-24
120,40,-88
120,41,-44
120,42,61
120,43,46
120,44,36
120,45,15
120,46,-6
120,47,60
120,48,54
120,49,72
120,50,29
120,51,-22
120,52,-44
120,53,-6
120,54,-44
120,55,43
120,56,6
120,57,-22
120,58,33
120,59,-87
120,60,-74
120,61,-63
120,62,46
120,63,64
120,64,26
120,65,-97
120,66,-43
120,67,36
120,68,12
120,69,67
120,70,42
120,71,-97
120,72,-49
120,73,45
120,74,80
120,75,86
120,76,-2
120,77,81
120,78,68
120,79,87
120,80,-8
120,81,16
120,82,-97
120,83,-16
120,84,66
120,85,-94
120,86,24
120,87,50
120,88,-16
120,89,-38
120,90,92
120,91,22
120,92,68
120,93,-12
120,94,-6
120,95,18
120,96,-57
120,97,1
120,98,-56
120,99,96
120,100,16
120,101,-50
120,102,-36
120,103,-47
120,104,83
120,105,-29
120,106,19
120,107,67
120,108,85
120,109,42
120,110,-82
120,111,-91
120,112,-85
120,113,70
120,114,58
120,115,7
120,116,-85
120,117,-21
120,118,-73
120,119,89
120,120,47
120,121,62
120,122,86
120,123,-92
120,124,3
120,125,37
120,126,-56
120,127,8
120,128,42
120,129,-71
120,130,-53
120,131,67
120,132,-10
120,133,-10
120,134,-27
120,135,-57
120,136,73
120,137,33
120,138,16
120,139,-77
120,140,-94
120,141,-95
120,142,17
120,143,60
120,144,-16
120,145,9
120,146,65
120,147,71
120,148,44
120,149,-70
120,150,64
120,151,38
120,152,32
120,153,-37
120,154,-25
120,155,30
120,156,-45
120,157,-38
120,158,4
120,159,-63
120,160,-47
120,161,29
120,162,-99
120,163,39
120,164,-61
120,165,-99
120,166,4
120,167,24
120,168,-21
120,169,84
120,170,-54
120,171,63
120,172,31
120,173,51
120,174,-10
120,175,0
120,176,89
120,177,29
120,178,-86
120,179,-52
120,180,11
120,181,-66
120,182,15
120,183,-7
120,184,74
120,185,-77
120,186,-41
120,187,-24
120,188,-53
120,189,50
120,190,39
120,191,-60
120,192,56
120,193,97
120,194,78
120,195,27
120,196,50
120,197,-70
120,198,48
120,199,-77
120,200,99
120,201,-92
120,202,49
120,203,31
120,204,-24
120,205,30
120,206,19
120,207,55
120,208,-11
120,209,16
120,210,9
120,211,20
120,212,-3
120,213,-86
120,214,35
120,215,75
120,216,-49
120,217,-46
120,218,-64
120,219,31
120,220,-46
120,221,-89
120,222,46
120,223,84
120,224,-64
120,225,-94
120,226,-46
120,227,-73
120,228,-64
120,229,88
120,230,-26
120,231,13
120,232,66
120,233,5
120,234,50
120,235,79
120,236,9
120,237,-17
120,238,-90
120,239,-35
120,240,-88
120,241,68
120,242,76
120,243,-86
120,244,-45
120,245,81
120,246,58
120,247,88
120,248,85
120,249,87
120,250,-48
120,251,-40
120,252,27
120,253,-59
120,254,-72
120,255,54
120,256,-57
120,257,32
120,258,79
120,259,12
120,260,5
120,261,80
120,262,79
120,263,-63
120,264,71
120,265,80
120,266,14
120,267,29
120,268,8
120,269,81
120,270,-17
120,271,62
120,272,-55
120,273,99
120,274,-9
120,275,4
120,276,82
120,277,-29
120,278,38
120,279,-72
120,280,96
120,281,90
120,282,-54
120,283,10
120,284,-94
120,285,16
120,286,-37
120,287,-19
120,288,-37
120,289,-9
120,290,-89
120,291,-89
120,292,-65
120,293,-72
120,294,38
120,295,80
120,296,97
120,297,-16
120,298,-27
120,299,-54
121,0,60
121,1,-20
121,2,94
121,3,20
121,4,-58
121,5,45
121,6,-27
121,7,-48
121,8,-62
121,9,6
121,10,99
121,11,61
121,12,-64
121,13,68
121,14,-4
121,15,-52
121,16,27
121,17,-91
121,18,-61
121,19,45
121,20,52
121,21,5
121,22,-60
121,23,63
121,24,-99
121,25,76
121,26,94
121,27,-48
121,28,46
121,29,-75
121,30,-47
121,31,-50
121,32,52
121,33,13
121,34,-84
121,35,19
121,36,88
121,37,-55
121,38,-46
121,39,-51
121,40,-26
121,41,-90
121,42,39
121,43,67
121,44,-53
121,45,20
121,46,-45
121,47,-93
121,48,-87
121,49,13
121,50,83
121,51,-47
121,52,-84
121,53,72
121,54,32
121,55,30
121,56,-92
121,57,21
121,58,13
121,59,-81
121,60,-18
121,61,-80
121,62,-68
121,63,32
121,64,51
121,65,90
121,66,-75
121,67,7
121,68,-12
121,69,-9
121,70,-68
121,71,-83
121,72,-83
121,73,65
121,74,-68
121,75,-74
121,76,-52
121,77,77
121,78,42
121,79,7
121,80,79
121,81,-33
121,82,-2
121,83,-82
121,84,-76
121,85,3
121,86,-25
121,87,-25
121,88,5
121,89,52
121,90,-68
121,91,87
121,92,-64
121,93,-9
121,94,23
121,95,-58
121,96,25
121,97,-92
121,98,-87
121,99,30
121,100,-32
121,101,83
121,102,-75
121,103,26
121,104,-48
121,105,-60
121,106,-19
121,107,1
121,108,-80
121,109,20
121,110,-62
121,111,50
121,112,85
121,113,-32
121,114,-26
121,115,56
121,116,-39
121,117,80
121,118,-56
121,119,-74
121,120,15
121,121,61
121,122,41
121,123,-60
121,124,5
121,125,-27
121,126,-41
121,127,-59
121,128,21
121,129,78
121,130,-90
121,131,62
121,132,46
121,133,17
121,134,-36
121,135,88
121,136,-54
121,137,-87
121,138,-34
121,139,79
121,140,8
121,141,59
121,142,-91
121,143,23
121,144,-84
121,145,67
121,146,95
121,147,90
121,148,42
121,149,-4
121,150,66
121,151,-44
121,152,37
121,153,-30
121,154,-4
121,155,-84
121,156,-25
121,157,-84
121,158,10
121,159,19
121,160,43
121,161,18
121,162,-23
121,163,-98
121,164,7
121,165,-50
121,166,13
121,167,-7
121,168,73
121,169,15
121,170,82
121,171,4
121,172,-2
121,173,53
121,174,-25
121,175,58
121,176,-20
121,177,-29
121,178,46
121,179,95
121,180,42
121,181,10
121,182,-43
121,183,-23
121,184,57
121,185,-53
121,186,-45
121,187,-59
121,188,-77
121,189,9
121,190,-49
121,191,70
121,192,-67
121,193,87
121,194,-98
121,195,-33
121,196,38
121,197,40
121,198,-51
121,199,-19
121,200,-82
121,201,-57
121,202,60
121,203,65
121,204,-98
121,205,12
121,206,-36
121,207,62
121,208,63
121,209,65
121,210,-62
121,211,52
121,212,-37
121,213,3
121,214,-88
121,215,-33
121,216,-31
121,217,-26
121,218,-100
121,219,99
121,220,81
121,221,-3
121,222,3
121,223,15
121,224,36
121,225,63
121,226,12
121,227,2
121,228,-64
121,229,5
121,230,86
121,231,7
121,232,-80
121,233,47
121,234,28
121,235,86
121,236,-73
121,237,98
121,238,83
121,239,7
121,240,-92
121,241,92
121,242,63
121,243,61
121,244,-69
121,245,-35
121,246,-1
121,247,52
121,248,78
121,249,90
121,250,72
121,251,53
121,252,-80
121,253,-19
121,254,78
121,255,-77
121,256,10
121,257,-9
121,258,-89
121,259,38
121,260,54
121,261,-78
121,262,60
121,263,-9
121,264,65
121,265,82
121,266,97
121,267,69
121,268,22
121,269,56
121,270,-67
121,271,24
121,272,-44
121,273,-98
121,274,-95
121,275,-53
121,276,1
121,277,91
121,278,19
121,279,-88
121,280,-65
121,281,-31
121,282,-68
121,283,4
121,284,-44
121,285,-46
121,286,6
121,287,40
121,288,-50
121,289,-9
121,290,-48
121,291,-65
121,292,32
121,293,18
121,294,-76
121,295,-20
121,296,-64
121,297,-82
121,298,-66
121,299,6
122,0,61
122,1,-47
122,2,73
122,3,-95
122,4,28
122,5,98
122,6,-67
122,7,-45
122,8,-4
122,9,-75
122,10,69
122,11,-10
122,12,-63
122,13,53
122,14,-42
122,15,26
122,16,-77
122,17,10
122,18,-80
122,19,-41
122,20,-11
122,21,47
122,22,-95
122,23,94
122,24,-91
122,25,39
122,26,-4
122,27,49
122,28,89
122,29,88
122,30,-21
122,31,-84
122,32,37
122,33,39
122,34,-18
122,35,-61
122,36,50
122,37,67
122,38,-27
122,39,-27
122,40,-51
122,41,-91
122,42,2
122,43,-7
122,44,31
122,45,28
122,46,-58
122,47,-18
122,48,32
122,49,3
122,50,-67
122,51,93
122,52,-77
122,53,41
122,54,-60
122,55,69
122,56,-88
122,57,56
122,58,92
122,59,73
122,60,61
122,61,90
122,62,31
122,63,-73
122,64,-18
122,65,28
122,66,63
122,67,6
122,68,-88
122,69,13
122,70,5
122,71,-96
122,72,-4
122,73,-87
122,74,-21
122,75,19
122,76,59
122,77,77
122,78,54
122,79,-66
122,80,-98
122,81,-97
122,82,34
122,83,30
122,84,-20
122,85,10
122,86,-42
122,87,-27
122,88,28
122,89,55
122,90,-42
122,91,17
122,92,80
122,93,37
122,94,98
122,95,2
122,96,30
122,97,34
122,98,-92
122,99,-2
122,100,96
122,101,40
122,102,67
122,103,13
122,104,-39
122,105,-39
122,106,-91
122,107,-14
122,108,-90
122,109,-39
122,110,-24
122,111,3
122,112,-45
122,113,9
122,114,-52
122,115,-85
122,116,-28
122,117,15
122,118,-8
122,119,36
122,120,-68
122,121,-13
122,122,62
122,123,-62
122,124,13
122,125,-24
122,126,-14
122,127,52
122,128,13
122,129,-45
122,130,75
122,131,37
122,132,-60
122,133,3
122,134,-2
122,135,-42
122,136,55
122,137,21
122,138,19
122,139,-60
122,140,-35
122,141,78
122,142,-39
122,143,57
122,144,-61
122,145,-61
122,146,96
122,147,1
122,148,89
122,149,-86
122,150,23
122,151,30
122,152,-77
122,153,68
122,154,90
122,155,-53
122,156,88
122,157,-53
122,158,-54
122,159,83
122,160,4
122,161,12
122,162,-93
122,163,-83
122,164,7
122,165,-17
122,166,50
122,167,96
122,168,-36
122,169,8
122,170,-55
122,171,-35
122,172,-21
122,173,96
122,174,49
122,175,92
122,176,39
122,177,46
122,178,49
122,179,82
122,180,5
122,181,25
122,182,89
122,183,78
122,184,75
122,185,44
122,186,-88
122,187,-73
122,188,22
122,189,-34
122,190,-96
122,191,-1
122,192,87
122,193,42
122,194,-20
122,195,-57
122,196,18
122,197,-55
122,198,56
122,199,-33
122,200,27
122,201,-52
122,202,70
122,203,1
122,204,95
122,205,-24
122,206,-81
122,207,10
122,208,45
122,209,91
122,210,76
122,211,14
122,212,69
122,213,-89
122,214,-22
122,215,18
122,216,-65
122,217,-93
122,218,-73
122,219,15
122,220,-15
122,221,87
122,222,-52
122,223,65
122,224,-21
122,225,85
122,226,-96
122,227,-55
122,228,-3
122,229,1
122,230,-99
122,231,-76
122,232,-100
122,233,96
122,234,67
122,235,-33
122,236,-32
122,237,96
122,238,-85
122,239,81
122,240,90
122,241,-83
122,242,6
122,243,-84
122,244,24
122,245,-19
122,246,-97
122,247,14
122,248,-6
122,249,-6
122,250,36
122,251,-70
122,252,32
122,253,-85
122,254,-59
122,255,68
122,256,-71
122,257,-75
122,258,76
122,259,-70
122,260,-51
122,261,42
122,262,-49
122,263,65
122,264,-63
122,265,87
122,266,-81
122,267,-2
122,268,-57
122,269,10
122,270,-12
122,271,-38
122,272,17
122,273,77
122,274,49
122,275,-29
122,276,-47
122,277,36
122,278,42
122,279,-53
122,280,47
122,281,62
122,282,0
122,283,94
122,284,-41
122,285,-3
122,286,61
122,287,-1
122,288,-2
122,289,-28
122,290,18
122,291,81
122,292,27
122,293,39
122,294,-13
122,295,4
122,296,-82
122,297,-21
122,298,-75
122,299,50
123,0,20
123,1,-68
123,2,5
123,3,84
123,4,-71
123,5,50
123,6,25
123,7,-65
123,8,24
123,9,23
123,10,70
123,11,93
123,12,80
123,13,17
123,14,22
123,15,87
123,16,-64
123,17,-40
123,18,-5
123,19,19
123,20,80
123,21,-89
123,22,21
123,23,-66
123,24,-34
123,25,-63
123,26,-77
123,27,-20
123,28,67
123,29,92
123,30,84
123,31,-29
123,32,-22
123,33,13
123,34,-56
123,35,99
123,36,24
123,37,-5
123,38,-88
123,39,9
123,40,-95
123,41,-4
123,42,-30
123,43,-54
123,44,-8
123,45,0
123,46,-57
123,47,-69
123,48,-98
123,49,81
123,50,-17
123,51,65
123,52,-97
123,53,44
123,54,64
123,55,-13
123,56,5
123,57,4
123,58,-65
123,59,-43
123,60,68
123,61,-93
123,62,94
123,63,57
123,64,-15
123,65,79
123,66,-4
123,67,52
123,68,79
123,69,-42
123,70,-71
123,71,0
123,72,-34
123,73,31
123,74,-8
123,75,84
123,76,-38
123,77,-69
123,78,-14
123,79,-50
123,80,-38
123,81,-21
123,82,-14
123,83,9
123,84,0
123,85,28
123,86,-82
123,87,0
123,88,62
123,89,90
123,90,-7
123,91,-20
123,92,2
123,93,12
123,94,53
123,95,-88
123,96,17
123,97,-15
123,98,-78
123,99,6
123,100,62
123,101,-89
123,102,36
123,103,-23
123,104,-34
123,105,7
123,106,-57
123,107,88
123,108,48
123,109,-94
123,110,27
123,111,-4
123,112,-90
123,113,72
123,114,59
123,115,5
123,116,-18
123,117,-65
123,118,17
123,119,64
123,120,-60
123,121,-9
123,122,-52
123,123,42
123,124,40
123,125,-48
123,126,6
123,127,-68
123,128,99
123,129,18
123,130,-69
123,131,17
123,132,75
123,133,95
123,134,84
123,135,-39
123,136,-19
123,137,29
123,138,-24
123,139,-85
123,140,22
123,141,-93
123,142,46
123,143,59
123,144,-34
123,145,14
123,146,12
123,147,-69
123,148,4
123,149,-76
123,150,-48
123,151,-20
123,152,-76
123,153,-68
123,154,-70
123,155,-65
123,156,-14
123,157,22
123,158,76
123,159,-57
123,160,-53
123,161,57
123,162,-88
123,163,70
123,164,43
123,165,-10
123,166,53
123,167,74
123,168,64
123,169,30
123,170,53
123,171,42
123,172,-35
123,173,-73
123,174,24
123,175,65
123,176,71
123,177,80
123,178,-21
123,179,31
123,180,-29
123,181,-57
123,182,18
123,183,-55
123,184,-17
123,185,-75
123,186,-5
123,187,-88
123,188,24
123,189,-32
123,190,71
123,191,80
123,192,-50
123,193,-88
123,194,68
123,195,38
123,196,64
123,197,-41
123,198,-69
123,199,72
123,200,-83
123,201,-8
123,202,47
123,203,-57
123,204,63
123,205,96
123,206,-64
123,207,60
123,208,26
123,209,-82
123,210,78
123,211,-69
123,212,5
123,213,-79
123,214,21
123,215,28
123,216,-47
123,217,47
123,218,-43
123,219,62
123,220,-31
123,221,97
123,222,88
123,223,-38
123,224,88
123,225,84
123,226,-98
123,227,-2
123,228,-56
123,229,42
123,230,-84
123,231,42
123,232,-96
123,233,73
123,234,-90
123,235,91
123,236,-9
123,237,41
123,238,-62
123,239,94
123,240,82
123,241,-59
123,242,-7
123,243,-96
123,244,-49
123,245,49
123,246,-57
123,247,14
123,248,86
123,249,52
123,250,26
123,251,15
123,252,48
123,253,91
123,254,-33
123,255,-54
123,256,26
123,257,-66
123,258,-94
123,259,83
123,260,15
123,261,-49
123,262,9
123,263,-55
123,264,36
123,265,85
123,266,-78
123,267,30
123,268,26
123,269,88
123,270,-92
123,271,-48
123,272,95
123,273,76
123,274,97
123,275,-53
123,276,22
123,277,-19
123,278,8
123,279,-94
123,280,-2
123,281,-70
123,282,1
123,283,-45
123,284,-2
123,285,88
123,286,-96
123,287,-71
123,288,-79
123,289,44
123,290,37
123,291,98
123,292,95
123,293,69
123,294,-74
123,295,26
123,296,34
123,297,-78
123,298,-26
123,299,16
124,0,35
124,1,-93
124,2,0
124,3,-96
124,4,98
124,5,-15
124,6,29
124,7,78
124,8,93
124,9,-89
124,10,-54
124,11,82
124,12,-75
124,13,1
124,14,19
124,15,72
124,16,89
124,17,-31
124,18,-99
124,19,-75
124,20,-87
124,21,-19
124,22,1
124,23,84
124,24,-69
124,25,-39
124,26,14
124,27,-71
124,28,40
124,29,67
124,30,-70
124,31,-64
124,32,72
124,33,1
124,34,27
124,35,-15
124,36,-42
124,37,-73
124,38,21
124,39,-40
124,40,46
124,41,70
124,42,86
124,43,-85
124,44,-32
124,45,-57
124,46,12
124,47,93
124,48,37
124,49,74
124,50,-82
124,51,-17
124,52,-8
124,53,78
124,54,40
124,55,90
124,56,43
124,57,80
124,58,62
124,59,-1
124,60,86
124,61,-62
124,62,-34
124,63,-28
124,64,88
124,65,-51
124,66,-48
124,67,-55
124,68,-49
124,69,23
124,70,56
124,71,-96
124,72,94
124,73,-27
124,74,-6
124,75,-26
124,76,67
124,77,99
124,78,15
124,79,29
124,80,-33
124,81,89
124,82,-21
124,83,85
124,84,4
124,85,-32
124,86,85
124,87,62
124,88,41
124,89,42
124,90,33
124,91,-85
124,92,-14
124,93,23
124,94,73
124,95,90
124,96,39
124,97,-60
124,98,18
124,99,-82
124,100,-25
124,101,8
124,102,18
124,103,12
124,104,-99
124,105,-81
124,106,18
124,107,-6
124,108,36
124,109,-80
124,110,-93
124,111,66
124,112,64
124,113,-72
124,114,-66
124,115,-63
124,116,-11
124,117,62
124,118,-33
124,119,30
124,120,8
124,121,10
124,122,-89
124,123,-69
124,124,74
124,125,-38
124,126,53
124,127,-58
124,128,6
124,129,71
124,130,-63
124,131,-72
124,132,-46
124,133,-49
124,134,14
124,135,-82
124,136,-66
124,137,-53
124,138,9
124,139,87
124,140,-70
124,141,-98
124,142,62
124,143,-13
124,144,-49
124,145,-30
124,146,-50
124,147,-45
124,148,-2
124,149,-80
124,150,28
124,151,7
124,152,-48
124,153,-95
124,154,-19
124,155,89
124,156,-22
124,157,-54
124,158,-5
124,159,5
124,160,77
124,161,-19
124,162,-70
124,163,91
124,164,56
124,165,42
124,166,-43
124,167,-78
124,168,65
124,169,-60
124,170,-86
124,171,-14
124,172,-98
124,173,-100
124,174,-26
124,175,38
124,176,87
124,177,92
124,178,-25
124,179,-97
124,180,-76
124,181,99
124,182,70
124,183,-7
124,184,67
124,185,-5
124,186,7
124,187,-2
124,188,-6
124,189,-1
124,190,-10
124,191,-57
124,192,99
124,193,86
124,194,27
124,195,-78
124,196,89
124,197,-78
124,198,85
124,199,-46
124,200,60
124,201,-24
124,202,-38
124,203,2
124,204,-41
124,205,88
124,206,-21
124,207,88
124,208,-6
124,209,-32
124,210,13
124,211,3
124,212,7
124,213,-12
124,214,-80
124,215,30
124,216,75
124,217,-91
124,218,-14
124,219,69
124,220,93
124,221,-10
124,222,73
124,223,36
124,224,22
124,225,76
124,226,-97
124,227,87
124,228,-11
124,229,-5
124,230,-72
124,231,-15
124,232,-54
124,233,-24
124,234,-14
124,235,90
124,236,-70
124,237,-50
124,238,68
124,239,-65
124,240,67
124,241,-6
124,242,87
124,243,-86
124,244,-23
124,245,57
124,246,57
124,247,54
124,248,-61
124,249,-56
124,250,74
124,251,-11
124,252,-45
124,253,-47
124,254,-16
124,255,-92
124,256,17
124,257,-36
124,258,7
124,259,97
124,260,28
124,261,40
124,262,-63
124,263,72
124,264,4
124,265,-61
124,266,42
124,267,77
124,268,29
124,269,80
124,270,53
124,271,93
124,272,-26
124,273,-68
124,274,-16
124,275,-42
124,276,-6
124,277,-75
124,278,2
124,279,-80
124,280,76
124,281,-21
124,282,-30
124,283,98
124,284,-35
124,285,-64
124,286,-87
124,287,99
124,288,7
124,289,34
124,290,65
124,291,72
124,292,49
124,293,71
124,294,-20
124,295,-21
124,296,2
124,297,-66
124,298,1
124,299,87
125,0,30
125,1,17
125,2,94
125,3,99
125,4,-6
125,5,-46
125,6,-92
125,7,-32
125,8,-73
125,9,42
125,10,12
125,11,-70
125,12,-42
125,13,-19
125,14,-47
125,15,95
125,16,74
125,17,-59
125,18,-78
125,19,8
125,20,-15
125,21,-36
125,22,-12
125,23,-47
125,24,17
125,25,4
125,26,-90
125,27,-38
125,28,-79
125,29,81
125,30,16
125,31,63
125,32,-43
125,33,-81
125,34,43
125,35,83
125,36,-8
125,37,-51
125,38,-11
125,39,3
125,40,93
125,41,26
125,42,12
125,43,-27
125,44,-88
125,45,-86
125,46,-28
125,47,-74
125,48,35
125,49,97
125,50,77
125,51,-13
125,52,94
125,53,53
125,54,-65
125,55,48
125,56,-49
125,57,38
125,58,-93
125,59,-44
125,60,9
125,61,73
125,62,29
125,63,-37
125,64,79
125,65,92
125,66,-90
125,67,33
125,68,-5
125,69,-25
125,70,-37
125,71,0
125,72,-8
125,73,82
125,74,-57
125,75,41
125,76,-18
125,77,32
125,78,-2
125,79,-76
125,80,77
125,81,1
125,82,-28
125,83,21
125,84,-30
125,85,16
125,86,-19
125,87,29
125,88,15
125,89,-91
125,90,29
125,91,-41
125,92,-56
125,93,35
125,94,85
125,95,18
125,96,-94
125,97,-29
125,98,-80
125,99,-4
125,100,-54
125,101,-100
125,102,39
125,103,75
125,104,27
125,105,-7
125,106,31
125,107,-67
125,108,-14
125,109,-69
125,110,-98
125,111,-33
125,112,-44
125,113,13
125,114,51
125,115,-68
125,116,30
125,117,31
125,118,-71
125,119,-31
125,120,-52
125,121,-71
125,122,99
125,123,-19
125,124,43
125,125,80
125,126,33
125,127,-77
125,128,14
125,129,-9
125,130,55
125,131,-80
125,132,-93
125,133,-65
125,134,23
125,135,-92
125,136,-61
125,137,78
125,138,28
125,139,90
125,140,16
125,141,-33
125,142,53
125,143,67
125,144,-98
125,145,7
125,146,21
125,147,-92
125,148,59
125,149,94
125,150,-97
125,151,-95
125,152,-28
125,153,-75
125,154,29
125,155,93
125,156,13
125,157,-16
125,158,-15
125,159,30
125,160,-66
125,161,13
125,162,-42
125,163,-63
125,164,-68
125,165,20
125,166,42
125,167,-1
125,168,41
125,169,93
125,170,-56
125,171,-53
125,172,71
125,173,17
125,174,64
125,175,-72
125,176,-17
125,177,61
125,178,86
125,179,12
125,180,16
125,181,-58
125,182,60
125,183,-82
125,184,-93
125,185,58
125,186,-90
125,187,-93
125,188,52
125,189,12
125,190,47
125,191,-63
125,192,34
125,193,16
125,194,66
125,195,-27
125,196,-29
125,197,5
125,198,17
125,199,-81
125,200,-90
125,201,43
125,202,-59
125,203,-11
125,204,-49
125,205,64
125,206,-49
125,207,36
125,208,62
125,209,94
125,210,-6
125,211,34
125,212,-99
125,213,-76
125,214,-25
125,215,-7
125,216,-7
125,217,-60
125,218,79
125,219,-14
125,220,-20
125,221,92
125,222,23
125,223,-24
125,224,-63
125,225,94
125,226,-59
125,227,98
125,228,81
125,229,94
125,230,-23
125,231,-37
125,232,31
125,233,58
125,234,24
125,235,40
125,236,-74
125,237,-42
125,238,-36
125,239,91
125,240,-76
125,241,-64
125,242,23
125,243,-30
125,244,41
125,245,-7
125,246,51
125,247,-34
125,248,75
125,249,2
125,250,-10
125,251,92
125,252,65
125,253,-11
125,254,-31
125,255,-42
125,256,-89
125,257,81
125,258,-50
125,259,65
125,260,73
125,261,-91
125,262,-92
125,263,-14
125,264,-7
125,265,-49
125,266,78
125,267,-79
125,268,-28
125,269,-18
125,270,-29
125,271,17
125,272,-33
125,273,-96
125,274,-18
125,275,20
125,276,56
125,277,-95
125,278,-32
125,279,-43
125,280,-58
125,281,96
125,282,-29
125,283,-10
125,284,-64
125,285,-43
125,286,26
125,287,-64
125,288,53
125,289,69
125,290,-85
125,291,49
125,292,9
125,293,50
125,294,74
125,295,94
125,296,30
125,297,-89
125,298,-78
125,299,10
126,0,38
126,1,-49
126,2,77
126,3,84
126,4,91
126,5,26
126,6,73
126,7,-72
126,8,20
126,9,97
126,10,73
126,11,43
126,12,78
126,13,0
126,14,-90
126,15,38
126,16,90
126,17,80
126,18,-12
126,19,-43
126,20,-82
126,21,59
126,22,-51
126,23,21
126,24,-29
126,25,-46
126,26,68
126,27,-2
126,28,-31
126,29,48
126,30,16
126,31,-75
126,32,28
126,33,54
126,34,77
126,35,13
126,36,93
126,37,-36
126,38,-91
126,39,-6
126,40,20
126,41,25
126,42,-64
126,43,-32
126,44,-60
126,45,73
126,46,-56
126,47,22
126,48,25
126,49,-74
126,50,92
126,51,-17
126,52,35
126,53,94
126,54,-52
126,55,-5
126,56,20
126,57,13
126,58,-87
126,59,-39
126,60,-58
126,61,54
126,62,-5
126,63,-74
126,64,-33
126,65,26
126,66,-53
126,67,-34
126,68,-76
126,69,91
126,70,18
126,71,51
126,72,-92
126,73,35
126,74,-6
126,75,-42
126,76,-84
126,77,70
126,78,-6
126,79,95
126,80,31
126,81,0
126,82,35
126,83,-59
126,84,-52
126,85,-95
126,86,-28
126,87,69
126,88,99
126,89,-69
126,90,42
126,91,-19
126,92,-32
126,93,13
126,94,-74
126,95,-35
126,96,86
126,97,55
126,98,51
126,99,-50
126,100,48
126,101,58
126,102,-26
126,103,-51
126,104,-9
126,105,11
126,106,67
126,107,-33
126,108,5
126,109,43
126,110,-25
126,111,-15
126,112,6
126,113,90
126,114,-45
126,115,-21
126,116,-77
126,117,-73
126,118,20
126,119,-8
126,120,-16
126,121,11
126,122,21
126,123,-12
126,124,-70
126,125,42
126,126,10
126,127,-59
126,128,1
126,129,-51
126,130,23
126,131,32
126,132,75
126,133,-88
126,134,-69
126,135,94
126,136,-22
126,137,-10
126,138,57
126,139,-95
126,140,-76
126,141,55
126,142,89
126,143,49
126,144,-33
126,145,42
126,146,-75
126,147,90
126,148,-83
126,149,-28
126,150,90
126,151,-39
126,152,-33
126,153,-53
126,154,77
126,155,-38
126,156,96
126,157,33
126,158,85
126,159,-50
126,160,-89
126,161,74
126,162,25
126,163,-92
126,164,-94
126,165,56
126,166,78
126,167,82
126,168,86
126,169,83
126,170,49
126,171,45
126,172,-43
126,173,-61
126,174,-12
126,175,-70
126,176,83
126,177,62
126,178,-75
126,179,95
126,180,5
126,181,-17
126,182,61
126,183,-25
126,184,43
126,185,22
126,186,-59
126,187,32
126,188,-40
126,189,-57
126,190,-66
126,191,7
126,192,-10
126,193,27
126,194,-100
126,195,-58
126,196,-69
126,197,2
126,198,90
126,199,-68
126,200,-6
126,201,8
126,202,-35
126,203,-71
126,204,-91
126,205,-78
126,206,-4
126,207,-62
126,208,72
126,209,22
126,210,56
126,211,57
126,212,61
126,213,79
126,214,2
126,215,-79
126,216,-96
126,217,38
126,218,59
126,219,51
126,220,38
126,221,38
126,222,44
126,223,59
126,224,-18
126,225,54
126,226,-69
126,227,-40
126,228,-76
126,229,-37
126,230,91
126,231,55
126,232,67
126,233,-10
126,234,41
126,235,-59
126,236,-62
126,237,-99
126,238,-20
126,239,-100
126,240,8
126,241,59
126,242,24
126,243,-37
126,244,58
126,245,85
126,246,-19
126,247,-23
126,248,10
126,249,41
126,250,96
126,251,-85
126,252,96
126,253,-47
126,254,40
126,255,23
126,256,-21
126,257,-22
126,258,58
126,259,96
126,260,48
126,261,26
126,262,57
126,263,-78
126,264,-63
126,265,56
126,266,-24
126,267,-69
126,268,11
126,269,89
126,270,5
126,271,-10
126,272,-3
126,273,-56
126,274,-52
126,275,60
126,276,-97
126,277,45
126,278,97
126,279,-37
126,280,55
126,281,7
126,282,20
126,283,85
126,284,-11
126,285,-45
126,286,-81
126,287,-24
126,288,61
126,289,-14
126,290,37
126,291,14
126,292,-7
126,293,49
126,294,32
126,295,71
126,296,13
126,297,-92
126,298,-58
126,299,-97
127,0,69
127,1,-36
127,2,-3
127,3,68
127,4,91
127,5,-46
127,6,45
127,7,43
127,8,-14
127,9,73
127,10,63
127,11,-11
127,12,93
127,13,-57
127,14,-96
127,15,-72
127,16,25
127,17,-97
127,18,-2
127,19,-52
127,20,99
127,21,-16
127,22,35
127,23,21
127,24,79
127,25,15
127,26,96
127,27,48
127,28,54
127,29,65
127,30,32
127,31,-16
127,32,-40
127,33,35
127,34,-15
127,35,-83
127,36,31
127,37,-97
127,38,64
127,39,26
127,40,42
127,41,65
127,42,54
127,43,-53
127,44,-55
127,45,-55
127,46,-53
127,47,86
127,48,19
127,49,31
127,50,-82
127,51,84
127,52,-82
127,53,-59
127,54,-9
127,55,-96
127,56,-53
127,57,52
127,58,94
127,59,-75
127,60,-27
127,61,89
127,62,8
127,63,34
127,64,71
127,65,-14
127,66,54
127,67,69
127,68,-28
127,69,-45
127,70,30
127,71,25
127,72,40
127,73,97
127,74,-42
127,75,-63
127,76,-16
127,77,-18
127,78,95
127,79,-15
127,80,96
127,81,-100
127,82,77
127,83,36
127,84,27
127,85,-48
127,86,-13
127,87,37
127,88,-17
127,89,-24
127,90,-72
127,91,-65
127,92,-74
127,93,45
127,94,-83
127,95,17
127,96,36
127,97,-34
127,98,34
127,99,-43
127,100,-71
127,101,-28
127,102,22
127,103,88
127,104,-19
127,105,-84
127,106,80
127,107,33
127,108,-62
127,109,52
127,110,69
127,111,69
127,112,-42
127,113,1
127,114,-63
127,115,58
127,116,56
127,117,3
127,118,-92
127,119,-100
127,120,1
127,121,-14
127,122,22
127,123,99
127,124,-54
127,125,-25
127,126,-91
127,127,43
127,128,74
127,129,-58
127,130,51
127,131,35
127,132,-26
127,133,4
127,134,-75
127,135,-94
127,136,-22
127,137,-86
127,138,75
127,139,30
127,140,43
127,141,-12
127,142,-4
127,143,41
127,144,-98
127,145,-28
127,146,97
127,147,-70
127,148,18
127,149,-26
127,150,-84
127,151,76
127,152,-98
127,153,22
127,154,-46
127,155,10
127,156,99
127,157,-1
127,158,-61
127,159,21
127,160,93
127,161,-61
127,162,-71
127,163,-76
127,164,-94
127,165,-9
127,166,4
127,167,77
127,168,22
127,169,-20
127,170,-5
127,171,-100
127,172,-10
127,173,71
127,174,76
127,175,-94
127,176,19
127,177,30
127,178,-7
127,179,28
127,180,78
127,181,-3
127,182,65
127,183,-58
127,184,82
127,185,84
127,186,-48
127,187,60
127,188,89
127,189,1
127,190,38
127,191,99
127,192,79
127,193,-100
127,194,-87
127,195,21
127,196,-80
127,197,-67
127,198,4
127,199,-87
127,200,67
127,201,21
127,202,62
127,203,69
127,204,-19
127,205,47
127,206,-41
127,207,36
127,208,14
127,209,-68
127,210,-52
127,211,95
127,212,-97
127,213,22
127,214,75
127,215,-85
127,216,74
127,217,-75
127,218,-31
127,219,-64
127,220,49
127,221,-94
127,222,69
127,223,-71
127,224,-27
127,225,20
127,226,-95
127,227,-77
127,228,93
127,229,67
127,230,20
127,231,42
127,232,80
127,233,-16
127,234,32
127,235,-12
127,236,-65
127,237,73
127,238,50
127,239,-13
127,240,-56
127,241,-91
127,242,-47
127,243,-31
127,244,-16
127,245,-69
127,246,-58
127,247,17
127,248,20
127,249,-86
127,250,-35
127,251,42
127,252,14
127,253,-20
127,254,-81
127,255,77
127,256,-95
127,257,-22
127,258,24
127,259,44
127,260,19
127,261,-75
127,262,-79
127,263,-37
127,264,-43
127,265,-64
127,266,-23
127,267,99
127,268,20
127,269,-73
127,270,-52
127,271,-34
127,272,2
127,273,25
127,274,-8
127,275,94
127,276,68
127,277,73
127,278,-14
127,279,-14
127,280,-46
127,281,38
127,282,53
127,283,99
127,284,-88
127,285,63
127,286,27
127,287,-37
127,288,-50
127,289,-25
127,290,-79
127,291,-41
127,292,29
127,293,-45
127,294,67
127,295,55
127,296,-4
127,297,-98
127,298,90
127,299,50
128,0,-46
128,1,59
128,2,-17
128,3,-73
128,4,23
128,5,-93
128,6,-98
128,7,-7
128,8,-12
128,9,80
128,10,56
128,11,-7
128,12,-12
128,13,-42
128,14,51
128,15,65
128,16,-73
128,17,-39
128,18,-50
128,19,-94
128,20,-78
128,21,-55
128,22,-23
128,23,5
128,24,-73
128,25,-77
128,26,-94
128,27,11
128,28,-22
128,29,76
128,30,-98
128,31,-99
128,32,-94
128,33,20
128,34,-80
128,35,36
128,36,39
128,37,-77
128,38,-68
128,39,-58
128,40,-19
128,41,17
128,42,-96
128,43,22
128,44,-30
128,45,-12
128,46,41
128,47,15
128,48,63
128,49,-66
128,50,7
128,51,77
128,52,-22
128,53,-90
128,54,51
128,55,-26
128,56,-57
128,57,78
128,58,44
128,59,24
128,60,97
128,61,-16
128,62,-93
128,63,-22
128,64,17
128,65,21
128,66,-27
128,67,-73
128,68,39
128,69,70
128,70,19
128,71,64
128,72,7
128,73,26
128,74,-38
128,75,0
128,76,-8
128,77,-38
128,78,-91
128,79,-21
128,80,-64
128,81,-90
128,82,14
128,83,-11
128,84,-82
128,85,-49
128,86,17
128,87,-83
128,88,-7
128,89,-69
128,90,50
128,91,39
128,92,-43
128,93,-80
128,94,48
128,95,-72
128,96,-54
128,97,39
128,98,-43
128,99,68
128,100,-82
128,101,39
128,102,-78
128,103,32
128,104,21
128,105,53
128,106,16
128,107,-38
128,108,-49
128,109,-91
128,110,-15
128,111,66
128,112,50
128,113,-90
128,114,-6
128,115,-29
128,116,27
128,117,-53
128,118,-9
128,119,-85
128,120,73
128,121,74
128,122,-6
128,123,-53
128,124,96
128,125,52
128,126,-24
128,127,-8
128,128,3
128,129,-20
128,130,-64
128,131,1
128,132,90
128,133,-72
128,134,-43
128,135,-7
128,136,58
128,137,-15
128,138,9
128,139,95
128,140,-60
128,141,77
128,142,-57
128,143,36
128,144,86
128,145,-11
128,146,54
128,147,8
128,148,-42
128,149,9
128,150,5
128,151,30
128,152,-94
128,153,-19
128,154,-85
128,155,-52
128,156,20
128,157,-69
128,158,-12
128,159,71
128,160,-82
128,161,-98
128,162,21
128,163,-41
128,164,62
128,165,-72
128,166,-26
128,167,-31
128,168,-18
128,169,0
128,170,72
128,171,54
128,172,96
128,173,-11
128,174,62
128,175,46
128,176,-84
128,177,-66
128,178,12
128,179,57
128,180,21
128,181,-53
128,182,84
128,183,-84
128,184,0
128,185,-86
128,186,27
128,187,11
128,188,-87
128,189,41
128,190,72
128,191,-4
128,192,65
128,193,90
128,194,18
128,195,-90
128,196,-53
128,197,53
128,198,-34
128,199,-76
128,200,88
128,201,-15
128,202,9
128,203,53
128,204,61
128,205,-11
128,206,-92
128,207,-61
128,208,-94
128,209,57
128,210,17
128,211,93
128,212,57
128,213,95
128,214,-43
128,215,-46
128,216,-87
128,217,17
128,218,-24
128,219,64
128,220,23
128,221,71
128,222,33
128,223,-75
128,224,27
128,225,17
128,226,41
128,227,35
128,228,-77
128,229,66
128,230,76
128,231,-16
128,232,-38
128,233,-75
128,234,-91
128,235,5
128,236,16
128,237,-43
128,238,-87
128,239,-28
128,240,98
128,241,-62
128,242,21
128,243,58
128,244,77
128,245,43
128,246,-29
128,247,11
128,248,-50
128,249,42
128,250,-12
128,251,-63
128,252,4
128,253,-22
128,254,-12
128,255,-30
128,256,-11
128,257,-29
128,258,48
128,259,-85
128,260,10
128,261,-34
128,262,-36
128,263,-88
128,264,17
128,265,91
128,266,-40
128,267,-69
128,268,39
128,269,-6
128,270,-60
128,271,93
128,272,35
128,273,86
128,274,-76
128,275,32
128,276,-56
128,277,29
128,278,69
128,279,65
128,280,-98
128,281,73
128,282,49
128,283,3
128,284,-68
128,285,-69
128,286,10
128,287,-84
128,288,19
128,289,-19
128,290,83
128,291,-98
128,292,-31
128,293,76
128,294,82
128,295,17
128,296,-70
128,297,48
128,298,-85
128,299,-84
129,0,-5
129,1,28
129,2,11
129,3,1
129,4,-29
129,5,92
129,6,-35
129,7,10
129,8,-64
129,9,51
129,10,-10
129,11,-17
129,12,10
129,13,-39
129,14,-80
129,15,5
129,16,-64
129,17,-66
129,18,65
129,19,80
129,20,42
129,21,13
129,22,69
129,23,-7
129,24,-97
129,25,6
129,26,66
129,27,-22
129,28,-78
129,29,4
129,30,-86
129,31,39
129,32,97
129,33,27
129,34,-19
129,35,20
129,36,81
129,37,-13
129,38,65
129,39,55
129,40,-22
129,41,-82
129,42,-32
129,43,91
129,44,31
129,45,-91
129,46,39
129,47,96
129,48,34
129,49,-57
129,50,50
129,51,-99
129,52,-7
129,53,15
129,54,64
129,55,-32
129,56,47
129,57,71
129,58,7
129,59,-31
129,60,-27
129,61,78
129,62,-21
129,63,-3
129,64,58
129,65,-1
129,66,68
129,67,-43
129,68,32
129,69,60
129,70,70
129,71,46
129,72,-69
129,73,20
129,74,-98
129,75,28
129,76,68
129,77,-53
129,78,66
129,79,32
129,80,-24
129,81,-90
129,82,-79
129,83,91
129,84,-89
129,85,-48
129,86,-46
129,87,-48
129,88,-80
129,89,-82
129,90,96
129,91,-13
129,92,-7
129,93,99
129,94,-35
129,95,-42
129,96,76
129,97,-42
129,98,50
129,99,-98
129,100,83
129,101,15
129,102,-43
129,103,-39
129,104,45
129,105,88
129,106,25
129,107,-64
129,108,81
129,109,12
129,110,-6
129,111,-23
129,112,92
129,113,41
129,114,4
129,115,-96
129,116,-6
129,117,89
129,118,28
129,119,-38
129,120,94
129,121,-81
129,122,-58
129,123,-16
129,124,-7
129,125,-59
129,126,7
129,127,-7
129,128,96
129,129,-27
129,130,8
129,131,14
129,132,66
129,133,89
129,134,75
129,135,24
129,136,-95
129,137,22
129,138,-59
129,139,-43
129,140,70
129,141,-91
129,142,-12
129,143,-23
129,144,10
129,145,-62
129,146,40
129,147,66
129,148,-90
129,149,9
129,150,-85
129,151,-68
129,152,87
129,153,-42
129,154,-50
129,155,-86
129,156,-58
129,157,-74
129,158,-45
129,159,20
129,160,12
129,161,-41
129,162,14
129,163,8
129,164,97
129,165,74
129,166,11
129,167,-1
129,168,-93
129,169,90
129,170,34
129,171,-20
129,172,29
129,173,44
129,174,20
129,175,-97
129,176,-75
129,177,-23
129,178,-29
129,179,96
129,180,32
129,181,27
129,182,-96
129,183,-10
129,184,-32
129,185,-98
129,186,65
129,187,-7
129,188,-100
129,189,35
129,190,-88
129,191,97
129,192,77
129,193,11
129,194,-93
129,195,57
129,196,12
129,197,67
129,198,-22
129,199,21
129,200,-27
129,201,26
129,202,60
129,203,12
129,204,-49
129,205,20
129,206,-68
129,207,-28
129,208,-5
129,209,-64
129,210,97
129,211,-32
129,212,31
129,213,-41
129,214,-27
129,215,-70
129,216,-87
129,217,-41
129,218,-33
129,219,27
129,220,-75
129,221,51
129,222,83
129,223,36
129,224,-66
129,225,5
129,226,-77
129,227,58
129,228,-18
129,229,93
129,230,93
129,231,68
129,232,-65
129,233,0
129,234,-67
129,235,20
129,236,-62
129,237,-78
129,238,-21
129,239,71
129,240,-31
129,241,85
129,242,-42
129,243,53
129,244,-79
129,245,8
129,246,10
129,247,-13
129,248,-61
129,249,-16
129,250,-7
129,251,-90
129,252,16
129,253,-92
129,254,-89
129,255,53
129,256,-63
129,257,30
129,258,25
129,259,42
129,260,74
129,261,32
129,262,-47
129,263,-77
129,264,38
129,265,20
129,266,18
129,267,60
129,268,-27
129,269,84
129,270,79
129,271,91
129,272,70
129,273,20
129,274,27
129,275,-57
129,276,-11
129,277,63
129,278,-89
129,279,83
129,280,-98
129,281,-51
129,282,56
129,283,7
129,284,-85
129,285,67
129,286,-74
129,287,22
129,288,-31
129,289,-59
129,290,84
129,291,37
129,292,24
129,293,65
129,294,35
129,295,45
129,296,44
129,297,-43
129,298,5
129,299,-35
130,0,71
130,1,-17
130,2,-92
130,3,75
130,4,66
130,5,4
130,6,-12
130,7,-12
130,8,-13
130,9,-95
130,10,57
130,11,22
130,12,-27
130,13,2
130,14,45
130,15,70
130,16,-68
130,17,80
130,18,83
130,19,46
130,20,-14
130,21,-32
130,22,23
130,23,-75
130,24,56
130,25,51
130,26,-95
130,27,81
130,28,-62
130,29,-97
130,30,27
130,31,-43
130,32,-53
130,33,-41
130,34,-75
130,35,-24
130,36,67
130,37,-15
130,38,22
130,39,-45
130,40,-62
130,41,-20
130,42,66
130,43,75
130,44,-76
130,45,61
130,46,26
130,47,48
130,48,-76
130,49,-12
130,50,-79
130,51,-78
130,52,52
130,53,53
130,54,-71
130,55,65
130,56,2
130,57,61
130,58,-24
130,59,-28
130,60,42
130,61,-6
130,62,71
130,63,-6
130,64,37
130,65,16
130,66,-64
130,67,-94
130,68,23
130,69,-69
130,70,-90
130,71,75
130,72,8
130,73,-9
130,74,95
130,75,-53
130,76,-56
130,77,-6
130,78,-68
130,79,17
130,80,31
130,81,-54
130,82,21
130,83,-48
130,84,25
130,85,58
130,86,58
130,87,-74
130,88,-12
130,89,75
130,90,-65
130,91,76
130,92,58
130,93,0
130,94,21
130,95,71
130,96,24
130,97,-42
130,98,-78
130,99,-2
130,100,-33
130,101,-9
130,102,69
130,103,4
130,104,-59
130,105,40
130,106,28
130,107,-48
130,108,67
130,109,-11
130,110,73
130,111,15
130,112,-14
130,113,12
130,114,49
130,115,14
130,116,79
130,117,19
130,118,-73
130,119,-48
130,120,16
130,121,90
130,122,44
130,123,-37
130,124,-95
130,125,41
130,126,13
130,127,27
130,128,-84
130,129,-63
130,130,96
130,131,-88
130,132,11
130,133,80
130,134,36
130,135,71
130,136,26
130,137,5
130,138,53
130,139,-24
130,140,-82
130,141,75
130,142,57
130,143,59
130,144,-23
130,145,19
130,146,-22
130,147,-25
130,148,0
130,149,-26
130,150,96
130,151,19
130,152,38
130,153,-18
130,154,53
130,155,-75
130,156,27
130,157,44
130,158,-18
130,159,-57
130,160,-17
130,161,50
130,162,-76
130,163,-64
130,164,11
130,165,92
130,166,-99
130,167,-3
130,168,-69
130,169,-12
130,170,82
130,171,77
130,172,92
130,173,59
130,174,-64
130,175,14
130,176,40
130,177,81
130,178,-98
130,179,69
130,180,-61
130,181,-27
130,182,-35
130,183,-41
130,184,-90
130,185,19
130,186,28
130,187,53
130,188,-59
130,189,89
130,190,22
130,191,88
130,192,-9
130,193,-39
130,194,-89
130,195,54
130,196,94
130,197,-73
130,198,93
130,199,55
130,200,6
130,201,48
130,202,34
130,203,-6
130,204,-87
130,205,66
130,206,17
130,207,25
130,208,2
130,209,-28
130,210,-39
130,211,-89
130,212,-63
130,213,85
130,214,83
130,215,-62
130,216,-15
130,217,-97
130,218,-53
130,219,34
130,220,-41
130,221,67
130,222,-93
130,223,23
130,224,15
130,225,-43
130,226,84
130,227,-66
130,228,-28
130,229,14
130,230,-88
130,231,-62
130,232,-17
130,233,-80
130,234,-54
130,235,-99
130,236,-57
130,237,-71
130,238,27
130,239,-46
130,240,-61
130,241,-4
130,242,-9
130,243,-77
130,244,69
130,245,-73
130,246,16
130,247,4
130,248,-8
130,249,-3
130,250,78
130,251,49
130,252,-12
130,253,-23
130,254,-27
130,255,35
130,256,-87
130,257,-56
130,258,-63
130,259,59
130,260,-39
130,261,-5
130,262,-34
130,263,-40
130,264,-88
130,265,18
130,266,-14
130,267,-18
130,268,-21
130,269,-54
130,270,10
130,271,13
130,272,-47
130,273,-30
130,274,79
130,275,-29
130,276,-76
130,277,-78
130,278,57
130,279,-90
130,280,62
130,281,-74
130,282,16
130,283,-34
130,284,-54
130,285,77
130,286,-93
130,287,82
130,288,-24
130,289,69
130,290,-34
130,291,47
130,292,72
130,293,-66
130,294,-24
130,295,47
130,296,-77
130,297,84
130,298,-46
130,299,36
131,0,-7
131,1,43
131,2,82
131,3,99
131,4,-43
131,5,-37
131,6,-25
131,7,14
131,8,-52
131,9,-72
131,10,17
131,11,-19
131,12,-94
131,13,-24
131,14,21
131,15,-32
131,16,-11
131,17,-99
131,18,60
131,19,75
131,20,-64
131,21,-12
131,22,26
131,23,2
131,24,-71
131,25,-60
131,26,-97
131,27,-18
131,28,10
131,29,66
131,30,-77
131,31,-51
131,32,-64
131,33,80
131,34,-76
131,35,-8
131,36,24
131,37,-70
131,38,-9
131,39,-63
131,40,26
131,41,-43
131,42,80
131,43,13
131,44,-51
131,45,31
131,46,-9
131,47,79
131,48,58
131,49,-23
131,50,41
131,51,28
131,52,-58
131,53,17
131,54,-42
131,55,-40
131,56,-60
131,57,-83
131,58,87
131,59,96
131,60,-22
131,61,86
131,62,69
131,63,63
131,64,67
131,65,-71
131,66,1
131,67,-90
131,68,23
131,69,52
131,70,72
131,71,78
131,72,70
131,73,-35
131,74,-2
131,75,74
131,76,-77
131,77,-24
131,78,64
131,79,27
131,80,83
131,81,-7
131,82,-14
131,83,23
131,84,-55
131,85,55
131,86,-8
131,87,79
131,88,-86
131,89,72
131,90,-43
131,91,94
131,92,-29
131,93,-3
131,94,-28
131,95,-20
131,96,68
131,97,-36
131,98,67
131,99,-96
131,100,-73
131,101,-63
131,102,-20
131,103,-14
131,104,45
131,105,-64
131,106,54
131,107,-76
131,108,96
131,109,-18
131,110,-74
131,111,-24
131,112,81
131,113,34
131,114,-11
131,115,-74
131,116,21
131,117,-42
131,118,-29
131,119,58
131,120,-10
131,121,-33
131,122,5
131,123,-97
131,124,45
131,125,-38
131,126,-14
131,127,79
131,128,10
131,129,90
131,130,72
131,131,39
131,132,35
131,133,-79
131,134,-10
131,135,68
131,136,15
131,137,-60
131,138,-20
131,139,22
131,140,-44
131,141,59
131,142,26
131,143,-6
131,144,-46
131,145,-95
131,146,66
131,147,-92
131,148,-69
131,149,63
131,150,27
131,151,-85
131,152,39
131,153,-60
131,154,94
131,155,85
131,156,36
131,157,24
131,158,-84
131,159,9
131,160,32
131,161,-75
131,162,28
131,163,-100
131,164,-66
131,165,-92
131,166,-14
131,167,-63
131,168,-97
131,169,-49
131,170,46
131,171,-96
131,172,5
131,173,-53
131,174,-14
131,175,90
131,176,-63
131,177,-49
131,178,-14
131,179,-55
131,180,-8
131,181,36
131,182,-51
131,183,-35
131,184,-63
131,185,54
131,186,4
131,187,47
131,188,89
131,189,-85
131,190,-22
131,191,-88
131,192,13
131,193,1
131,194,47
131,195,51
131,196,77
131,197,34
131,198,-14
131,199,-13
131,200,-72
131,201,32
131,202,6
131,203,62
131,204,-36
131,205,-1
131,206,14
131,207,97
131,208,-14
131,209,-27
131,210,34
131,211,71
131,212,99
131,213,-88
131,214,-7
131,215,-23
131,216,23
131,217,24
131,218,-63
131,219,-88
131,220,-47
131,221,5
131,222,-57
131,223,40
131,224,52
131,225,-77
131,226,23
131,227,-72
131,228,97
131,229,45
131,230,-9
131,231,-96
131,232,45
131,233,90
131,234,24
131,235,64
131,236,-30
131,237,82
131,238,-2
131,239,-89
131,240,-49
131,241,84
131,242,-55
131,243,3
131,244,-57
131,245,51
131,246,-92
131,247,39
131,248,-1
131,249,36
131,250,2
131,251,9
131,252,15
131,253,-79
131,254,44
131,255,60
131,256,74
131,257,-13
131,258,42
131,259,-68
131,260,-86
131,261,-74
131,262,88
131,263,95
131,264,11
131,265,-19
131,266,-53
131,267,-93
131,268,33
131,269,90
131,270,17
131,271,-17
131,272,-99
131,273,49
131,274,17
131,275,-80
131,276,33
131,277,22
131,278,-5
131,279,97
131,280,-88
131,281,-100
131,282,49
131,283,16
131,284,51
131,285,-37
131,286,68
131,287,49
131,288,-40
131,289,7
131,290,-89
131,291,-11
131,292,31
131,293,-18
131,294,27
131,295,39
131,296,-68
131,297,48
131,298,27
131,299,-1
132,0,5
132,1,-29
132,2,-27
132,3,-5
132,4,-9
132,5,-27
132,6,-29
132,7,79
132,8,74
132,9,-42
132,10,74
132,11,-45
132,12,-88
132,13,71
132,14,-66
132,15,18
132,16,14
132,17,56
132,18,-45
132,19,32
132,20,94
132,21,-48
132,22,0
132,23,19
132,24,-41
132,25,4
132,26,33
132,27,75
132,28,5
132,29,-21
132,30,62
132,31,45
132,32,-90
132,33,-50
132,34,20
132,35,-78
132,36,-54
132,37,-26
132,38,86
132,39,84
132,40,-8
132,41,26
132,42,-45
132,43,54
132,44,-28
132,45,62
132,46,82
132,47,36
132,48,-83
132,49,-57
132,50,48
132,51,-45
132,52,75
132,53,-1
132,54,-100
132,55,54
132,56,-56
132,57,-38
132,58,-43
132,59,67
132,60,-38
132,61,-63
132,62,-72
132,63,-61
132,64,46
132,65,-13
132,66,-45
132,67,-57
132,68,92
132,69,-1
132,70,40
132,71,57
132,72,-52
132,73,14
132,74,-26
132,75,90
132,76,98
132,77,62
132,78,38
132,79,-52
132,80,6
132,81,10
132,82,14
132,83,67
132,84,-80
132,85,-54
132,86,-98
132,87,57
132,88,26
132,89,-34
132,90,-39
132,91,64
132,92,49
132,93,-70
132,94,-55
132,95,-56
132,96,-87
132,97,20
132,98,39
132,99,18
132,100,90
132,101,-24
132,102,-13
132,103,65
132,104,16
132,105,74
132,106,23
132,107,-47
132,108,82
132,109,-53
132,110,99
132,111,0
132,112,-86
132,113,98
132,114,12
132,115,-85
132,116,70
132,117,34
132,118,-58
132,119,-73
132,120,-35
132,121,-3
132,122,-41
132,123,27
132,124,30
132,125,28
132,126,58
132,127,-45
132,128,-17
132,129,73
132,130,-69
132,131,-20
132,132,-83
132,133,95
132,134,-66
132,135,3
132,136,-1
132,137,-78
132,138,40
132,139,41
132,140,64
132,141,-96
132,142,49
132,143,-73
132,144,31
132,145,-51
132,146,1
132,147,-72
132,148,-64
132,149,62
132,150,47
132,151,62
132,152,29
132,153,15
132,154,-43
132,155,45
132,156,5
132,157,-45
132,158,21
132,159,91
132,160,2
132,161,22
132,162,79
132,163,-79
132,164,-41
132,165,37
132,166,-17
132,167,27
132,168,-21
132,169,33
132,170,-20
132,171,-95
132,172,-15
132,173,-19
132,174,55
132,175,-59
132,176,-27
132,177,-60
132,178,-38
132,179,-79
132,180,-22
132,181,56
132,182,-30
132,183,13
132,184,-67
132,185,-5
132,186,29
132,187,53
132,188,8
132,189,-26
132,190,-82
132,191,24
132,192,-81
132,193,60
132,194,15
132,195,-7
132,196,-19
132,197,-5
132,198,3
132,199,-97
132,200,59
132,201,46
132,202,30
132,203,-9
132,204,-40
132,205,-63
132,206,17
132,207,33
132,208,-45
132,209,67
132,210,20
132,211,-20
132,212,5
132,213,19
132,214,-32
132,215,-18
132,216,-59
132,217,-2
132,218,29
132,219,-73
132,220,16
132,221,44
132,222,-31
132,223,6
132,224,22
132,225,-32
132,226,-62
132,227,34
132,228,59
132,229,-97
132,230,48
132,231,59
132,232,-19
132,233,-4
132,234,41
132,235,-31
132,236,-55
132,237,47
132,238,85
132,239,-2
132,240,-21
132,241,-53
132,242,-94
132,243,-61
132,244,-42
132,245,-65
132,246,71
132,247,7
132,248,-70
132,249,69
132,250,-57
132,251,70
132,252,-58
132,253,74
132,254,33
132,255,-8
132,256,93
132,257,-15
132,258,-92
132,259,-90
132,260,-21
132,261,8
132,262,17
132,263,-83
132,264,52
132,265,-4
132,266,85
132,267,-71
132,268,14
132,269,-100
132,270,90
132,271,-4
132,272,12
132,273,-22
132,274,-72
132,275,-35
132,276,80
132,277,4
132,278,-82
132,279,-35
132,280,11
132,281,79
132,282,58
132,283,-41
132,284,16
132,285,-33
132,286,-8
132,287,57
132,288,40
132,289,42
132,290,47
132,291,61
132,292,47
132,293,-51
132,294,-12
132,295,54
132,296,57
132,297,83
132,298,92
132,299,-2
133,0,82
133,1,12
133,2,6
133,3,-77
133,4,-76
133,5,80
133,6,-90
133,7,-7
133,8,-41
133,9,74
133,10,52
133,11,-76
133,12,44
133,13,39
133,14,22
133,15,79
133,16,-90
133,17,-91
133,18,-20
133,19,87
133,20,-47
133,21,8
133,22,-38
133,23,-81
133,24,-96
133,25,-60
133,26,17
133,27,-38
133,28,83
133,29,-69
133,30,-74
133,31,-33
133,32,4
133,33,75
133,34,-94
133,35,73
133,36,2
133,37,11
133,38,45
133,39,65
133,40,2
133,41,92
133,42,-84
133,43,-11
133,44,14
133,45,-15
133,46,2
133,47,-19
133,48,25
133,49,-63
133,50,-9
133,51,-38
133,52,69
133,53,35
133,54,-71
133,55,-37
133,56,-92
133,57,-44
133,58,6
133,59,86
133,60,-6
133,61,94
133,62,-26
133,63,-96
133,64,-6
133,65,-97
133,66,-93
133,67,69
133,68,62
133,69,40
133,70,32
133,71,-61
133,72,-82
133,73,-19
133,74,24
133,75,-97
133,76,27
133,77,86
133,78,45
133,79,51
133,80,6
133,81,-8
133,82,-70
133,83,-43
133,84,-73
133,85,36
133,86,72
133,87,-11
133,88,-52
133,89,10
133,90,-99
133,91,-95
133,92,-72
133,93,53
133,94,55
133,95,-94
133,96,-67
133,97,83
133,98,37
133,99,11
133,100,-44
133,101,74
133,102,-74
133,103,-62
133,104,49
133,105,18
133,106,46
133,107,-1
133,108,-92
133,109,46
133,110,-99
133,111,-9
133,112,88
133,113,-42
133,114,97
133,115,-30
133,116,-31
133,117,60
133,118,92
133,119,-76
133,120,-31
133,121,55
133,122,45
133,123,-38
133,124,-52
133,125,22
133,126,23
133,127,93
133,128,-61
133,129,-16
133,130,-14
133,131,93
133,132,-21
133,133,-97
133,134,-67
133,135,-96
133,136,49
133,137,47
133,138,2
133,139,74
133,140,-67
133,141,71
133,142,-95
133,143,83
133,144,-72
133,145,-48
133,146,-100
133,147,-42
133,148,75
133,149,-94
133,150,59
133,151,-23
133,152,88
133,153,84
133,154,-50
133,155,46
133,156,-74
133,157,-38
133,158,87
133,159,-40
133,160,-40
133,161,25
133,162,-56
133,163,48
133,164,71
133,165,28
133,166,-6
133,167,-10
133,168,-57
133,169,-39
133,170,-40
133,171,-22
133,172,-12
133,173,11
133,174,10
133,175,-51
133,176,-60
133,177,-68
133,178,-89
133,179,-99
133,180,6
133,181,48
133,182,41
133,183,-67
133,184,-16
133,185,91
133,186,50
133,187,-16
133,188,-51
133,189,41
133,190,5
133,191,-55
133,192,17
133,193,-96
133,194,-35
133,195,49
133,196,-31
133,197,7
133,198,-99
133,199,-72
133,200,-40
133,201,-1
133,202,27
133,203,98
133,204,43
133,205,91
133,206,-4
133,207,-4
133,208,-87
133,209,-58
133,210,70
133,211,-31
133,212,-46
133,213,-70
133,214,-25
133,215,67
133,216,54
133,217,-49
133,218,27
133,219,-94
133,220,73
133,221,-1
133,222,60
133,223,35
133,224,32
133,225,-40
133,226,99
133,227,3
133,228,87
133,229,51
133,230,-94
133,231,88
133,232,-18
133,233,-6
133,234,63
133,235,-74
133,236,23
133,237,56
133,238,-14
133,239,47
133,240,-31
133,241,13
133,242,-25
133,243,13
133,244,-98
133,245,66
133,246,-2
133,247,23
133,248,-56
133,249,25
133,250,-33
133,251,-70
133,252,5
133,253,-63
133,254,33
133,255,-93
133,256,-73
133,257,-86
133,258,-93
133,259,-47
133,260,33
133,261,-72
133,262,14
133,263,-67
133,264,-94
133,265,-61
133,266,-27
133,267,40
133,268,-39
133,269,-15
133,270,15
133,271,-36
133,272,-60
133,273,22
133,274,69
133,275,15
133,276,-35
133,277,15
133,278,38
133,279,0
133,280,-51
133,281,-30
133,282,62
133,283,-21
133,284,-22
133,285,-81
133,286,55
133,287,22
133,288,-64
133,289,-98
133,290,-8
133,291,86
133,292,0
133,293,54
133,294,-69
133,295,-53
133,296,-55
133,297,13
133,298,-6
133,299,-54
134,0,-61
134,1,30
134,2,15
134,3,56
134,4,-10
134,5,-43
134,6,77
134,7,-91
134,8,-40
134,9,10
134,10,20
134,11,-40
134,12,50
134,13,-95
134,14,-26
134,15,87
134,16,14
134,17,54
134,18,82
134,19,-70
134,20,22
134,21,57
134,22,-34
134,23,-88
134,24,-42
134,25,-47
134,26,3
134,27,-80
134,28,-58
134,29,-90
134,30,8
134,31,-34
134,32,65
134,33,-6
134,34,51
134,35,5
134,36,-50
134,37,88
134,38,-55
134,39,-58
134,40,-74
134,41,-16
134,42,57
134,43,-7
134,44,26
134,45,90
134,46,-91
134,47,30
134,48,-41
134,49,-74
134,50,22
134,51,72
134,52,-39
134,53,51
134,54,-55
134,55,25
134,56,71
134,57,-38
134,58,-97
134,59,-85
134,60,78
134,61,-27
134,62,11
134,63,0
134,64,75
134,65,92
134,66,96
134,67,-56
134,68,30
134,69,-84
134,70,64
134,71,-96
134,72,74
134,73,-57
134,74,60
134,75,-80
134,76,94
134,77,-33
134,78,-69
134,79,-77
134,80,62
134,81,45
134,82,-34
134,83,2
134,84,-47
134,85,53
134,86,87
134,87,24
134,88,16
134,89,-36
134,90,78
134,91,13
134,92,87
134,93,86
134,94,-25
134,95,-84
134,96,48
134,97,94
134,98,7
134,99,-73
134,100,-57
134,101,97
134,102,89
134,103,69
134,104,-7
134,105,-79
134,106,-63
134,107,-87
134,108,10
134,109,21
134,110,53
134,111,67
134,112,-47
134,113,40
134,114,26
134,115,-82
134,116,-59
134,117,-60
134,118,-51
134,119,30
134,120,58
134,121,-25
134,122,42
134,123,81
134,124,80
134,125,72
134,126,65
134,127,-2
134,128,-51
134,129,51
134,130,44
134,131,45
134,132,-59
134,133,44
134,134,-85
134,135,-16
134,136,-49
134,137,-65
134,138,6
134,139,66
134,140,-20
134,141,52
134,142,14
134,143,-59
134,144,48
134,145,-33
134,146,86
134,147,23
134,148,-71
134,149,84
134,150,-68
134,151,2
134,152,-48
134,153,43
134,154,76
134,155,32
134,156,5
134,157,-24
134,158,-7
134,159,-41
134,160,98
134,161,10
134,162,-46
134,163,-10
134,164,62
134,165,96
134,166,-59
134,167,-32
134,168,-77
134,169,98
134,170,98
134,171,17
134,172,82
134,173,41
134,174,-46
134,175,-86
134,176,-96
134,177,0
134,178,31
134,179,-71
134,180,-48
134,181,-28
134,182,-71
134,183,3
134,184,4
134,185,7
134,186,-17
134,187,-9
134,188,88
134,189,-30
134,190,-33
134,191,-46
134,192,-2
134,193,-4
134,194,-30
134,195,-28
134,196,69
134,197,-24
134,198,56
134,199,62
134,200,72
134,201,7
134,202,-11
134,203,-2
134,204,56
134,205,97
134,206,-98
134,207,84
134,208,93
134,209,18
134,210,49
134,211,10
134,212,54
134,213,-79
134,214,15
134,215,12
134,216,76
134,217,-77
134,218,-74
134,219,-65
134,220,6
134,221,44
134,222,-45
134,223,-91
134,224,-47
134,225,-20
134,226,7
134,227,65
134,228,-20
134,229,26
134,230,-3
134,231,31
134,232,77
134,233,-40
134,234,48
134,235,-65
134,236,1
134,237,-55
134,238,-6
134,239,-30
134,240,-57
134,241,-37
134,242,45
134,243,-88
134,244,-88
134,245,-76
134,246,-96
134,247,27
134,248,-62
134,249,56
134,250,7
134,251,84
134,252,73
134,253,60
134,254,37
134,255,85
134,256,-76
134,257,-27
134,258,-62
134,259,-85
134,260,87
134,261,55
134,262,71
134,263,85
134,264,-69
134,265,-38
134,266,-8
134,267,-56
134,268,-48
134,269,88
134,270,-51
134,271,54
134,272,-75
134,273,30
134,274,-11
134,275,-62
134,276,92
134,277,62
134,278,-48
134,279,73
134,280,95
134,281,-79
134,282,87
134,283,33
134,284,-49
134,285,-26
134,286,-28
134,287,-72
134,288,70
134,289,21
134,290,61
134,291,58
134,292,-15
134,293,-55
134,294,-97
134,295,-99
134,296,32
134,297,-55
134,298,-22
134,299,46
135,0,65
135,1,-42
135,2,-29
135,3,-81
135,4,95
135,5,-48
135,6,6
135,7,-46
135,8,66
135,9,20
135,10,63
135,11,85
135,12,-86
135,13,-100
135,14,-6
135,15,36
135,16,50
135,17,79
135,18,53
135,19,87
135,20,-83
135,21,4
135,22,85
135,23,-36
135,24,-24
135,25,15
135,26,-32
135,27,41
135,28,73
135,29,96
135,30,-26
135,31,59
135,32,-50
135,33,96
135,34,-86
135,35,80
135,36,98
135,37,-32
135,38,-86
135,39,-71
135,40,-23
135,41,51
135,42,-66
135,43,-32
135,44,39
135,45,-55
135,46,25
135,47,96
135,48,63
135,49,-16
135,50,-53
135,51,-34
135,52,81
135,53,-12
135,54,63
135,55,-49
135,56,-79
135,57,65
135,58,-2
135,59,89
135,60,92
135,61,30
135,62,-13
135,63,35
135,64,17
135,65,-62
135,66,-83
135,67,4
135,68,30
135,69,45
135,70,-21
135,71,16
135,72,-100
135,73,16
135,74,27
135,75,-75
135,76,79
135,77,-89
135,78,-63
135,79,-16
135,80,68
135,81,-48
135,82,-88
135,83,27
135,84,-25
135,85,-88
135,86,45
135,87,46
135,88,46
135,89,97
135,90,-53
135,91,98
135,92,-30
135,93,55
135,94,-9
135,95,46
135,96,-15
135,97,-18
135,98,-53
135,99,-72
135,100,75
135,101,-82
135,102,-2
135,103,-54
135,104,-12
135,105,-41
135,106,75
135,107,47
135,108,46
135,109,-59
135,110,-24
135,111,-25
135,112,76
135,113,42
135,114,87
135,115,-33
135,116,-22
135,117,54
135,118,-26
135,119,82
135,120,-14
135,121,-86
135,122,79
135,123,58
135,124,-11
135,125,-94
135,126,-88
135,127,81
135,128,-88
135,129,47
135,130,-91
135,131,23
135,132,79
135,133,64
135,134,79
135,135,25
135,136,-74
135,137,61
135,138,-1
135,139,89
135,140,-85
135,141,-42
135,142,-80
135,143,-85
135,144,-88
135,145,-68
135,146,81
135,147,-32
135,148,54
135,149,-49
135,150,-36
135,151,-57
135,152,57
135,153,50
135,154,-22
135,155,-85
135,156,82
135,157,-83
135,158,-84
135,159,-49
135,160,72
135,161,-45
135,162,-8
135,163,81
135,164,-92
135,165,44
135,166,-74
135,167,-64
135,168,-79
135,169,-29
135,170,94
135,171,65
135,172,-2
135,173,-29
135,174,71
135,175,22
135,176,-10
135,177,-65
135,178,-3
135,179,52
135,180,-59
135,181,10
135,182,-88
135,183,83
135,184,-22
135,185,17
135,186,78
135,187,77
135,188,-49
135,189,60
135,190,-6
135,191,52
135,192,11
135,193,-43
135,194,67
135,195,-14
135,196,65
135,197,-98
135,198,15
135,199,-85
135,200,29
135,201,-78
135,202,-3
135,203,57
135,204,-91
135,205,-36
135,206,-79
135,207,-49
135,208,10
135,209,83
135,210,60
135,211,-21
135,212,57
135,213,51
135,214,32
135,215,-48
135,216,82
135,217,-78
135,218,5
135,219,-10
135,220,18
135,221,37
135,222,19
135,223,60
135,224,-8
135,225,-39
135,226,-19
135,227,54
135,228,-94
135,229,-1
135,230,54
135,231,-27
135,232,37
135,233,-44
135,234,-71
135,235,-98
135,236,56
135,237,-87
135,238,-24
135,239,-18
135,240,52
135,241,37
135,242,-22
135,243,76
135,244,-63
135,245,98
135,246,41
135,247,57
135,248,-61
135,249,39
135,250,41
135,251,28
135,252,-33
135,253,-52
135,254,-83
135,255,63
135,256,-37
135,257,-5
135,258,-73
135,259,59
135,260,99
135,261,-76
135,262,74
135,263,47
135,264,60
135,265,-71
135,266,64
135,267,80
135,268,1
135,269,16
135,270,5
135,271,-27
135,272,-32
135,273,-93
135,274,22
135,275,-4
135,276,0
135,277,-100
135,278,-6
135,279,-94
135,280,-39
135,281,10
135,282,-14
135,283,85
135,284,-14
135,285,22
135,286,-93
135,287,-37
135,288,35
135,289,30
135,290,26
135,291,85
135,292,26
135,293,59
135,294,15
135,295,95
135,296,-52
135,297,65
135,298,29
135,299,26
136,0,36
136,1,-55
136,2,-36
136,3,76
136,4,56
136,5,-11
136,6,-72
136,7,-68
136,8,-73
136,9,-6
136,10,-18
136,11,11
136,12,53
136,13,13
136,14,-72
136,15,38
136,16,1
136,17,61
136,18,3
136,19,-53
136,20,54
136,21,23
136,22,99
136,23,67
136,24,58
136,25,92
136,26,66
136,27,10
136,28,-77
136,29,95
136,30,-78
136,31,88
136,32,54
136,33,-85
136,34,72
136,35,-74
136,36,32
136,37,86
136,38,99
136,39,-66
136,40,97
136,41,73
136,42,-45
136,43,26
136,44,51
136,45,37
136,46,-63
136,47,97
136,48,75
136,49,-92
136,50,77
136,51,-32
136,52,75
136,53,66
136,54,-96
136,55,-17
136,56,38
136,57,-41
136,58,54
136,59,34
136,60,87
136,61,77
136,62,-34
136,63,-32
136,64,82
136,65,-24
136,66,43
136,67,17
136,68,-89
136,69,-74
136,70,60
136,71,-16
136,72,7
136,73,-46
136,74,-49
136,75,-64
136,76,12
136,77,19
136,78,-86
136,79,-17
136,80,-18
136,81,-36
136,82,95
136,83,-98
136,84,99
136,85,4
136,86,32
136,87,36
136,88,28
136,89,-71
136,90,-30
136,91,47
136,92,-8
136,93,-74
136,94,-38
136,95,-20
136,96,-70
136,97,46
136,98,13
136,99,1
136,100,-8
136,101,89
136,102,34
136,103,64
136,104,-30
136,105,-15
136,106,35
136,107,84
136,108,-73
136,109,-19
136,110,-6
136,111,-84
136,112,38
136,113,42
136,114,57
136,115,-6
136,116,20
136,117,-95
136,118,-89
136,119,-14
136,120,88
136,121,2
136,122,3
136,123,63
136,124,-66
136,125,-34
136,126,5
136,127,-9
136,128,-38
136,129,-18
136,130,67
136,131,-19
136,132,-70
136,133,-64
136,134,32
136,135,14
136,136,20
136,137,31
136,138,17
136,139,53
136,140,51
136,141,66
136,142,83
136,143,81
136,144,-63
136,145,9
136,146,81
136,147,46
136,148,-75
136,149,26
136,150,-49
136,151,17
136,152,-40
136,153,94
136,154,49
136,155,44
136,156,38
136,157,10
136,158,66
136,159,88
136,160,-52
136,161,6
136,162,-8
136,163,23
136,164,-40
136,165,39
136,166,40
136,167,-43
136,168,-90
136,169,91
136,170,58
136,171,38
136,172,21
136,173,4
136,174,70
136,175,-65
136,176,29
136,177,-14
136,178,-40
136,179,63
136,180,-23
136,181,-52
136,182,54
136,183,39
136,184,85
136,185,-95
136,186,-57
136,187,74
136,188,-78
136,189,14
136,190,-3
136,191,7
136,192,-5
136,193,-75
136,194,34
136,195,59
136,196,-68
136,197,-19
136,198,47
136,199,-6
136,200,96
136,201,79
136,202,69
136,203,28
136,204,90
136,205,-94
136,206,23
136,207,-43
136,208,-15
136,209,77
136,210,-67
136,211,-50
136,212,19
136,213,37
136,214,10
136,215,5
136,216,-75
136,217,-69
136,218,23
136,219,69
136,220,89
136,221,-89
136,222,67
136,223,-14
136,224,-23
136,225,-67
136,226,-31
136,227,54
136,228,-93
136,229,74
136,230,-20
136,231,-75
136,232,-44
136,233,34
136,234,-75
136,235,86
136,236,13
136,237,17
136,238,96
136,239,15
136,240,-54
136,241,1
136,242,23
136,243,62
136,244,57
136,245,77
136,246,-77
136,247,-71
136,248,-47
136,249,-34
136,250,-69
136,251,-93
136,252,77
136,253,74
136,254,-55
136,255,-21
136,256,-66
136,257,88
136,258,-12
136,259,-22
136,260,78
136,261,90
136,262,35
136,263,-67
136,264,-76
136,265,12
136,266,71
136,267,-18
136,268,-58
136,269,25
136,270,77
136,271,-88
136,272,73
136,273,24
136,274,-25
136,275,-14
136,276,80
136,277,90
136,278,3
136,279,29
136,280,-61
136,281,-78
136,282,86
136,283,-32
136,284,-67
136,285,54
136,286,-46
136,287,5
136,288,-97
136,289,95
136,290,99
136,291,-31
136,292,54
136,293,-54
136,294,13
136,295,16
136,296,17
136,297,67
136,298,54
136,299,-94
137,0,50
137,1,91
137,2,12
137,3,-3
137,4,-72
137,5,88
137,6,71
137,7,14
137,8,96
137,9,54
137,10,39
137,11,44
137,12,-64
137,13,-67
137,14,63
137,15,33
137,16,-5
137,17,59
137,18,-28
137,19,21
137,20,49
137,21,-91
137,22,-72
137,23,38
137,24,-9
137,25,93
137,26,-45
137,27,-16
137,28,-6
137,29,-43
137,30,-49
137,31,-40
137,32,-84
137,33,-71
137,34,-29
137,35,-64
137,36,32
137,37,53
137,38,97
137,39,-21
137,40,28
137,41,36
137,42,-30
137,43,6
137,44,91
137,45,51
137,46,32
137,47,78
137,48,65
137,49,56
137,50,73
137,51,79
137,52,20
137,53,73
137,54,-26
137,55,-33
137,56,86
137,57,37
137,58,-3
137,59,31
137,60,-49
137,61,-27
137,62,-83
137,63,-25
137,64,78
137,65,50
137,66,7
137,67,52
137,68,-41
137,69,-64
137,70,95
137,71,-24
137,72,45
137,73,25
137,74,-72
137,75,7
137,76,-71
137,77,18
137,78,1
137,79,-94
137,80,68
137,81,-27
137,82,-64
137,83,-74
137,84,-80
137,85,-58
137,86,-50
137,87,-8
137,88,-30
137,89,-88
137,90,8
137,91,80
137,92,90
137,93,13
137,94,84
137,95,52
137,96,24
137,97,4
137,98,40
137,99,-64
137,100,57
137,101,39
137,102,92
137,103,-83
137,104,21
137,105,-16
137,106,16
137,107,17
137,108,-39
137,109,-77
137,110,-41
137,111,44
137,112,5
137,113,-41
137,114,-92
137,115,79
137,116,42
137,117,-24
137,118,55
137,119,-20
137,120,25
137,121,36
137,122,-45
137,123,-7
137,124,26
137,125,-65
137,126,27
137,127,83
137,128,98
137,129,-81
137,130,-46
137,131,-41
137,132,62
137,133,28
137,134,-56
137,135,96
137,136,67
137,137,65
137,138,-77
137,139,-97
137,140,-10
137,141,96
137,142,6
137,143,-88
137,144,48
137,145,0
137,146,59
137,147,65
137,148,-6
137,149,59
137,150,-44
137,151,75
137,152,57
137,153,-30
137,154,65
137,155,71
137,156,53
137,157,-1
137,158,6
137,159,-11
137,160,7
137,161,29
137,162,-58
137,163,-58
137,164,-38
137,165,-28
137,166,85
137,167,16
137,168,-53
137,169,-96
137,170,-25
137,171,-66
137,172,-8
137,173,43
137,174,-18
137,175,76
137,176,-41
137,177,6
137,178,16
137,179,-50
137,180,26
137,181,-10
137,182,-19
137,183,-42
137,184,-37
137,185,4
137,186,40
137,187,53
137,188,-31
137,189,30
137,190,-89
137,191,-60
137,192,4
137,193,-36
137,194,-38
137,195,77
137,196,74
137,197,-93
137,198,58
137,199,-90
137,200,-84
137,201,54
137,202,23
137,203,-6
137,204,54
137,205,14
137,206,22
137,207,-14
137,208,-45
137,209,96
137,210,-7
137,211,-3
137,212,74
137,213,-82
137,214,-44
137,215,58
137,216,-85
137,217,-56
137,218,54
137,219,88
137,220,53
137,221,56
137,222,12
137,223,20
137,224,2
137,225,26
137,226,-57
137,227,8
137,228,56
137,229,8
137,230,9
137,231,10
137,232,29
137,233,33
137,234,-92
137,235,-86
137,236,-43
137,237,-99
137,238,30
137,239,79
137,240,-46
137,241,-48
137,242,-7
137,243,-29
137,244,-61
137,245,-62
137,246,70
137,247,40
137,248,3
137,249,4
137,250,64
137,251,-46
137,252,59
137,253,41
137,254,-36
137,255,54
137,256,-77
137,257,14
137,258,12
137,259,-79
137,260,-23
137,261,-56
137,262,35
137,263,94
137,264,-37
137,265,-4
137,266,14
137,267,74
137,268,-80
137,269,59
137,270,4
137,271,-56
137,272,-57
137,273,-60
137,274,-5
137,275,79
137,276,38
137,277,0
137,278,14
137,279,-83
137,280,38
137,281,-74
137,282,70
137,283,1
137,284,92
137,285,81
137,286,-72
137,287,48
137,288,-72
137,289,36
137,290,88
137,291,89
137,292,98
137,293,1
137,294,-10
137,295,-96
137,296,-4
137,297,-86
137,298,84
137,299,-96
138,0,47
138,1,0
138,2,-20
138,3,13
138,4,-97
138,5,83
138,6,-67
138,7,-61
138,8,96
138,9,95
138,10,49
138,11,26
138,12,41
138,13,95
138,14,35
138,15,27
138,16,-34
138,17,73
138,18,56
138,19,13
138,20,18
138,21,-7
138,22,-89
138,23,-49
138,24,85
138,25,-99
138,26,-100
138,27,-46
138,28,3
138,29,-2
138,30,61
138,31,91
138,32,-33
138,33,-19
138,34,39
138,35,-51
138,36,-80
138,37,-91
138,38,-16
138,39,3
138,40,-12
138,41,13
138,42,14
138,43,97
138,44,-87
138,45,67
138,46,3
138,47,-19
138,48,-71
138,49,-87
138,50,79
138,51,9
138,52,44
138,53,-39
138,54,9
138,55,49
138,56,-48
138,57,59
138,58,-25
138,59,-46
138,60,-79
138,61,65
138,62,77
138,63,2
138,64,93
138,65,-56
138,66,18
138,67,-93
138,68,-36
138,69,67
138,70,-96
138,71,-56
138,72,-55
138,73,63
138,74,44
138,75,68
138,76,57
138,77,79
138,78,-22
138,79,47
138,80,63
138,81,-35
138,82,72
138,83,-97
138,84,77
138,85,-13
138,86,-46
138,87,-42
138,88,69
138,89,-99
138,90,-55
138,91,-99
138,92,77
138,93,28
138,94,-88
138,95,-31
138,96,-79
138,97,-84
138,98,86
138,99,-15
138,100,-31
138,101,15
138,102,-98
138,103,9
138,104,97
138,105,-20
138,106,76
138,107,77
138,108,0
138,109,-66
138,110,50
138,111,99
138,112,34
138,113,-51
138,114,-91
138,115,82
138,116,-82
138,117,-78
138,118,-6
138,119,-37
138,120,60
138,121,93
138,122,-5
138,123,-4
138,124,-92
138,125,24
138,126,56
138,127,-83
138,128,-19
138,129,98
138,130,-72
138,131,15
138,132,-18
138,133,-40
138,134,32
138,135,4
138,136,13
138,137,-32
138,138,83
138,139,17
138,140,79
138,141,-86
138,142,-11
138,143,-13
138,144,-18
138,145,-81
138,146,6
138,147,-28
138,148,-9
138,149,-85
138,150,-26
138,151,-3
138,152,52
138,153,18
138,154,-44
138,155,48
138,156,32
138,157,36
138,158,-90
138,159,4
138,160,-36
138,161,90
138,162,-75
138,163,-82
138,164,-85
138,165,-45
138,166,0
138,167,13
138,168,-33
138,169,-23
138,170,-71
138,171,-94
138,172,39
138,173,51
138,174,6
138,175,-79
138,176,74
138,177,-71
138,178,87
138,179,66
138,180,47
138,181,53
138,182,-52
138,183,-32
138,184,-59
138,185,-95
138,186,80
138,187,-67
138,188,21
138,189,23
138,190,96
138,191,-91
138,192,-73
138,193,-98
138,194,-24
138,195,75
138,196,10
138,197,93
138,198,25
138,199,-66
138,200,79
138,201,13
138,202,-39
138,203,-49
138,204,15
138,205,-54
138,206,81
138,207,55
138,208,0
138,209,-78
138,210,6
138,211,-66
138,212,2
138,213,18
138,214,-69
138,215,-99
138,216,11
138,217,21
138,218,-85
138,219,43
138,220,78
138,221,94
138,222,-9
138,223,-47
138,224,47
138,225,-68
138,226,35
138,227,51
138,228,-48
138,229,-37
138,230,-43
138,231,17
138,232,-64
138,233,-89
138,234,-17
138,235,31
138,236,-7
138,237,58
138,238,-15
138,239,-63
138,240,64
138,241,-9
138,242,-87
138,243,-26
138,244,27
138,245,-28
138,246,51
138,247,-91
138,248,-63
138,249,70
138,250,4
138,251,64
138,252,69
138,253,-69
138,254,-87
138,255,31
138,256,51
138,257,-5
138,258,-91
138,259,17
138,260,6
138,261,-85
138,262,66
138,263,-5
138,264,-83
138,265,52
138,266,-94
138,267,83
138,268,25
138,269,74
138,270,14
138,271,10
138,272,-19
138,273,30
138,274,28
138,275,-68
138,276,98
138,277,-27
138,278,7
138,279,-42
138,280,-29
138,281,59
138,282,-14
138,283,44
138,284,-84
138,285,-12
138,286,48
138,287,-46
138,288,-95
138,289,-17
138,290,76
138,291,-17
138,292,53
138,293,59
138,294,-29
138,295,8
138,296,11
138,297,71
138,298,86
138,299,-72
139,0,-84
139,1,-83
139,2,67
139,3,-38
139,4,-19
139,5,-26
139,6,72
139,7,-22
139,8,-11
139,9,30
139,10,30
139,11,65
139,12,-2
139,13,6
139,14,-61
139,15,-33
139,16,81
139,17,-81
139,18,-86
139,19,-8
139,20,32
139,21,-62
139,22,-61
139,23,34
139,24,99
139,25,-5
139,26,-1
139,27,-68
139,28,17
139,29,-64
139,30,-69
139,31,-58
139,32,90
139,33,-65
139,34,-3
139,35,-52
139,36,-76
139,37,7
139,38,-5
139,39,-35
139,40,-92
139,41,1
139,42,45
139,43,-79
139,44,-2
139,45,-86
139,46,-94
139,47,40
139,48,5
139,49,63
139,50,-85
139,51,68
139,52,-80
139,53,-73
139,54,-27
139,55,-18
139,56,-84
139,57,-36
139,58,40
139,59,-65
139,60,-43
139,61,-81
139,62,3
139,63,79
139,64,-95
139,65,-78
139,66,69
139,67,51
139,68,-96
139,69,59
139,70,-55
139,71,-84
139,72,-26
139,73,-74
139,74,95
139,75,-78
139,76,-14
139,77,12
139,78,20
139,79,61
139,80,48
139,81,49
139,82,-36
139,83,59
139,84,89
139,85,-73
139,86,-19
139,87,-94
139,88,81
139,89,1
139,90,97
139,91,-87
139,92,82
139,93,-43
139,94,-57
139,95,73
139,96,-87
139,97,-57
139,98,68
139,99,-28
139,100,-99
139,101,-96
139,102,-11
139,103,-14
139,104,39
139,105,-23
139,106,26
139,107,-24
139,108,-2
139,109,-54
139,110,-22
139,111,62
139,112,15
139,113,46
139,114,-22
139,115,90
139,116,14
139,117,-93
139,118,-78
139,119,-88
139,120,-78
139,121,-70
139,122,57
139,123,69
139,124,29
139,125,38
139,126,52
139,127,56
139,128,-79
139,129,25
139,130,46
139,131,68
139,132,65
139,133,56
139,134,-27
139,135,-79
139,136,-93
139,137,-54
139,138,33
139,139,-94
139,140,63
139,141,35
139,142,-13
139,143,-55
139,144,-37
139,145,58
139,146,-78
139,147,-40
139,148,-51
139,149,-55
139,150,-58
139,151,37
139,152,-6
139,153,47
139,154,43
139,155,-98
139,156,-71
139,157,-83
139,158,86
139,159,97
139,160,-66
139,161,46
139,162,-75
139,163,-66
139,164,-25
139,165,-29
139,166,-44
139,167,0
139,168,-52
139,169,-91
139,170,4
139,171,56
139,172,3
139,173,-30
139,174,-3
139,175,-33
139,176,-23
139,177,-77
139,178,-58
139,179,-6
139,180,25
139,181,66
139,182,-9
139,183,52
139,184,-18
139,185,95
139,186,-67
139,187,18
139,188,-48
139,189,82
139,190,-48
139,191,45
139,192,16
139,193,34
139,194,90
139,195,-26
139,196,-59
139,197,38
139,198,36
139,199,-66
139,200,0
139,201,-14
139,202,-4
139,203,92
139,204,-17
139,205,-96
139,206,53
139,207,-50
139,208,-63
139,209,-98
139,210,86
139,211,-88
139,212,62
139,213,-14
139,214,-98
139,215,80
139,216,-46
139,217,72
139,218,-35
139,219,94
139,220,-17
139,221,71
139,222,-28
139,223,11
139,224,95
139,225,-39
139,226,-76
139,227,-49
139,228,-51
139,229,21
139,230,28
139,231,-62
139,232,-49
139,233,-25
139,234,-61
139,235,-41
139,236,9
139,237,-17
139,238,96
139,239,-81
139,240,-16
139,241,-99
139,242,5
139,243,-92
139,244,66
139,245,57
139,246,81
139,247,-43
139,248,71
139,249,-58
139,250,37
139,251,8
139,252,-53
139,253,25
139,254,44
139,255,27
139,256,32
139,257,97
139,258,91
139,259,6
139,260,93
139,261,-30
139,262,31
139,263,0
139,264,-18
139,265,-73
139,266,5
139,267,-63
139,268,-35
139,269,94
139,270,87
139,271,-54
139,272,5
139,273,2
139,274,-76
139,275,-35
139,276,-22
139,277,-34
139,278,96
139,279,-61
139,280,-1
139,281,77
139,282,14
139,283,67
139,284,18
139,285,64
139,286,96
139,287,44
139,288,-39
139,289,68
139,290,-25
139,291,69
139,292,-70
139,293,-68
139,294,-58
139,295,-8
139,296,94
139,297,-63
139,298,-60
139,299,17
140,0,90
140,1,67
140,2,57
140,3,74
140,4,-79
140,5,-5
140,6,26
140,7,82
140,8,70
140,9,-40
140,10,-27
140,11,-69
140,12,31
140,13,-56
140,14,-29
140,15,-81
140,16,98
140,17,-36
140,18,87
140,19,-12
140,20,53
140,21,-78
140,22,-61
140,23,29
140,24,53
140,25,-23
140,26,89
140,27,-57
140,28,58
140,29,53
140,30,12
140,31,-18
140,32,16
140,33,-96
140,34,20
140,35,-31
140,36,-66
140,37,-85
140,38,58
140,39,-87
140,40,-76
140,41,-22
140,42,0
140,43,4
140,44,98
140,45,45
140,46,77
140,47,-81
140,48,-45
140,49,29
140,50,53
140,51,-78
140,52,-69
140,53,40
140,54,-88
140,55,44
140,56,85
140,57,-74
140,58,44
140,59,65
140,60,-87
140,61,41
140,62,39
140,63,-32
140,64,-33
140,65,-46
140,66,90
140,67,-72
140,68,-12
140,69,-56
140,70,31
140,71,43
140,72,-35
140,73,-78
140,74,-33
140,75,47
140,76,44
140,77,79
140,78,-95
140,79,-19
140,80,22
140,81,66
140,82,4
140,83,-67
140,84,-47
140,85,-19
140,86,-7
140,87,-36
140,88,-14
140,89,-72
140,90,-60
140,91,4
140,92,-38
140,93,59
140,94,-35
140,95,11
140,96,-1
140,97,72
140,98,44
140,99,70
140,100,-35
140,101,-33
140,102,-67
140,103,-100
140,104,50
140,105,33
140,106,-85
140,107,-99
140,108,15
140,109,-25
140,110,-74
140,111,-82
140,112,-73
140,113,-66
140,114,14
140,115,-33
140,116,-52
140,117,-94
140,118,-64
140,119,14
140,120,52
140,121,14
140,122,-60
140,123,-20
140,124,-39
140,125,68
140,126,41
140,127,81
140,128,-99
140,129,-13
140,130,-53
140,131,78
140,132,-46
140,133,-89
140,134,96
140,135,-100
140,136,86
140,137,2
140,138,-67
140,139,11
140,140,-55
140,141,86
140,142,93
140,143,46
140,144,55
140,145,-2
140,146,67
140,147,-44
140,148,-50
140,149,-79
140,150,-33
140,151,35
140,152,-41
140,153,-36
140,154,-65
140,155,98
140,156,-72
140,157,92
140,158,-45
140,159,-19
140,160,31
140,161,99
140,162,77
140,163,66
140,164,62
140,165,52
140,166,-57
140,167,74
140,168,67
140,169,-70
140,170,96
140,171,-20
140,172,-27
140,173,70
140,174,23
140,175,82
140,176,-85
140,177,-33
140,178,18
140,179,-32
140,180,-59
140,181,9
140,182,-60
140,183,-51
140,184,-95
140,185,-26
140,186,80
140,187,-84
140,188,4
140,189,84
140,190,-34
140,191,43
140,192,79
140,193,-1
140,194,-11
140,195,61
140,196,-20
140,197,14
140,198,-81
140,199,-21
140,200,-45
140,201,78
140,202,-48
140,203,-52
140,204,-97
140,205,-83
140,206,-65
140,207,16
140,208,-66
140,209,-71
140,210,17
140,211,-38
140,212,-19
140,213,48
140,214,79
140,215,-32
140,216,24
140,217,68
140,218,-47
140,219,-14
140,220,57
140,221,-45
140,222,-22
140,223,68
140,224,41
140,225,48
140,226,19
140,227,-76
140,228,77
140,229,8
140,230,-6
140,231,-48
140,232,-53
140,233,-31
140,234,75
140,235,31
140,236,51
140,237,58
140,238,-18
140,239,56
140,240,32
140,241,-19
140,242,94
140,243,3
140,244,-26
140,245,80
140,246,-12
140,247,-37
140,248,-66
140,249,-89
140,250,74
140,251,-11
140,252,-46
140,253,11
140,254,-32
140,255,-10
140,256,-63
140,257,-72
140,258,-89
140,259,46
140,260,36
140,261,-19
140,262,56
140,263,-98
140,264,-14
140,265,57
140,266,85
140,267,-13
140,268,-48
140,269,0
140,270,-97
140,271,-44
140,272,81
140,273,-73
140,274,-85
140,275,-88
140,276,99
140,277,83
140,278,-48
140,279,-53
140,280,-76
140,281,-35
140,282,57
140,283,3
140,284,-98
140,285,50
140,286,56
140,287,68
140,288,-7
140,289,-90
140,290,-80
140,291,26
140,292,-10
140,293,51
140,294,-6
140,295,-7
140,296,92
140,297,28
140,298,81
140,299,99
141,0,11
141,1,-67
141,2,-21
141,3,95
141,4,-18
141,5,-72
141,6,30
141,7,-90
141,8,35
141,9,-39
141,10,2
141,11,-68
141,12,35
141,13,52
141,14,-13
141,15,53
141,16,53
141,17,-84
141,18,-10
141,19,56
141,20,-58
141,21,-28
141,22,-96
141,23,77
141,24,-45
141,25,90
141,26,-44
141,27,72
141,28,64
141,29,-29
141,30,-22
141,31,-65
141,32,60
141,33,33
141,34,14
141,35,-30
141,36,72
141,37,-9
141,38,34
141,39,4
141,40,-36
141,41,-77
141,42,-56
141,43,88
141,44,46
141,45,16
141,46,59
141,47,-71
141,48,-36
141,49,59
141,50,84
141,51,47
141,52,-16
141,53,-18
141,54,13
141,55,-5
141,56,57
141,57,-14
141,58,86
141,59,89
141,60,-34
141,61,-70
141,62,-35
141,63,-47
141,64,-91
141,65,65
141,66,-18
141,67,58
141,68,-72
141,69,52
141,70,-69
141,71,-84
141,72,14
141,73,-56
141,74,-52
141,75,-14
141,76,45
141,77,-26
141,78,22
141,79,23
141,80,-49
141,81,47
141,82,89
141,83,40
141,84,-13
141,85,70
141,86,-17
141,87,5
141,88,-9
141,89,-2
141,90,-80
141,91,-95
141,92,98
141,93,-48
141,94,-14
141,95,79
141,96,96
141,97,-15
141,98,36
141,99,-5
141,100,73
141,101,12
141,102,-30
141,103,57
141,104,-58
141,105,86
141,106,65
141,107,-67
141,108,-55
141,109,-69
141,110,43
141,111,66
141,112,-100
141,113,84
141,114,-81
141,115,69
141,116,-29
141,117,61
141,118,77
141,119,-90
141,120,6
141,121,-58
141,122,-91
141,123,-93
141,124,99
141,125,-82
141,126,92
141,127,-46
141,128,79
141,129,-98
141,130,-48
141,131,-57
141,132,-5
141,133,-53
141,134,-47
141,135,43
141,136,57
141,137,-9
141,138,55
141,139,43
141,140,-50
141,141,60
141,142,52
141,143,-83
141,144,25
141,145,53
141,146,-95
141,147,65
141,148,71
141,149,94
141,150,70
141,151,33
141,152,-23
141,153,91
141,154,-19
141,155,-21
141,156,-13
141,157,-88
141,158,-36
141,159,65
141,160,-37
141,161,-87
141,162,44
141,163,20
141,164,-24
141,165,-88
141,166,-28
141,167,33
141,168,-95
141,169,20
141,170,-7
141,171,64
141,172,-44
141,173,-48
141,174,-55
141,175,-23
141,176,31
141,177,-67
141,178,93
141,179,90
141,180,88
141,181,-59
141,182,-23
141,183,-37
141,184,44
141,185,88
141,186,17
141,187,-71
141,188,70
141,189,-8
141,190,-94
141,191,73
141,192,-78
141,193,-65
141,194,41
141,195,47
141,196,83
141,197,15
141,198,-20
141,199,59
141,200,-76
141,201,14
141,202,-7
141,203,-52
141,204,84
141,205,-74
141,206,54
141,207,73
141,208,-6
141,209,72
141,210,53
141,211,-87
141,212,21
141,213,-53
141,214,27
141,215,-16
141,216,-9
141,217,-86
141,218,-50
141,219,-47
141,220,38
141,221,7
141,222,-26
141,223,-73
141,224,82
141,225,96
141,226,99
141,227,53
141,228,27
141,229,-31
141,230,59
141,231,75
141,232,-5
141,233,39
141,234,97
141,235,2
141,236,88
141,237,61
141,238,-14
141,239,4
141,240,8
141,241,-20
141,242,-56
141,243,11
141,244,-41
141,245,92
141,246,-30
141,247,-88
141,248,-23
141,249,75
141,250,24
141,251,76
141,252,-3
141,253,-10
141,254,85
141,255,-12
141,256,-2
141,257,-28
141,258,-31
141,259,88
141,260,53
141,261,-62
141,262,85
141,263,-74
141,264,-61
141,265,22
141,266,-70
141,267,30
141,268,-86
141,269,81
141,270,-31
141,271,-90
141,272,-71
141,273,-66
141,274,11
141,275,-58
141,276,88
141,277,67
141,278,-8
141,279,69
141,280,69
141,281,18
141,282,-98
141,283,-11
141,284,-23
141,285,-18
141,286,-16
141,287,23
141,288,48
141,289,-24
141,290,4
141,291,-48
141,292,-57
141,293,-55
141,294,-64
141,295,-63
141,296,8
141,297,8
141,298,-13
141,299,65
142,0,-90
142,1,-8
142,2,72
142,3,-37
142,4,71
142,5,25
142,6,11
142,7,4
142,8,-39
142,9,-40
142,10,-11
142,11,-89
142,12,36
142,13,94
142,14,-27
142,15,6
142,16,29
142,17,35
142,18,15
142,19,-58
142,20,45
142,21,79
142,22,-62
142,23,-70
142,24,41
142,25,-37
142,26,2
142,27,-4
142,28,-57
142,29,87
142,30,-4
142,31,-99
142,32,59
142,33,-65
142,34,-46
142,35,13
142,36,-14
142,37,90
142,38,-32
142,39,10
142,40,-21
142,41,-61
142,42,-77
142,43,16
142,44,85
142,45,3
142,46,55
142,47,-39
142,48,52
142,49,-94
142,50,-63
142,51,98
142,52,18
142,53,-15
142,54,-15
142,55,-10
142,56,20
142,57,-4
142,58,72
142,59,59
142,60,2
142,61,59
142,62,-100
142,63,-56
142,64,-37
142,65,95
142,66,34
142,67,65
142,68,-31
142,69,80
142,70,-26
142,71,-28
142,72,57
142,73,49
142,74,85
142,75,-28
142,76,-46
142,77,-55
142,78,-4
142,79,53
142,80,91
142,81,36
142,82,-86
142,83,46
142,84,43
142,85,-76
142,86,-2
142,87,78
142,88,-24
142,89,73
142,90,-94
142,91,-67
142,92,-43
142,93,-23
142,94,-78
142,95,50
142,96,44
142,97,40
142,98,21
142,99,-74
142,100,-35
142,101,0
142,102,57
142,103,31
142,104,-7
142,105,-34
142,106,41
142,107,-90
142,108,-61
142,109,30
142,110,-100
142,111,-92
142,112,11
142,113,-28
142,114,23
142,115,-25
142,116,28
142,117,43
142,118,-7
142,119,-29
142,120,-55
142,121,37
142,122,60
142,123,1
142,124,-60
142,125,78
142,126,-79
142,127,43
142,128,-18
142,129,89
142,130,80
142,131,-26
142,132,-87
142,133,86
142,134,53
142,135,71
142,136,47
142,137,32
142,138,92
142,139,-90
142,140,-54
142,141,-91
142,142,-40
142,143,10
142,144,-56
142,145,-54
142,146,61
142,147,17
142,148,40
142,149,-78
142,150,-65
142,151,90
142,152,-25
142,153,74
142,154,8
142,155,93
142,156,-17
142,157,-21
142,158,-87
142,159,80
142,160,-35
142,161,76
142,162,-85
142,163,95
142,164,-58
142,165,1
142,166,12
142,167,92
142,168,-92
142,169,48
142,170,-19
142,171,9
142,172,-3
142,173,-17
142,174,-58
142,175,-35
142,176,31
142,177,22
142,178,8
142,179,1
142,180,34
142,181,-15
142,182,-17
142,183,85
142,184,-97
142,185,23
142,186,-81
142,187,-66
142,188,-4
142,189,86
142,190,72
142,191,-87
142,192,49
142,193,-53
142,194,57
142,195,-72
142,196,-65
142,197,-59
142,198,-72
142,199,34
142,200,59
142,201,40
142,202,40
142,203,81
142,204,41
142,205,33
142,206,43
142,207,-60
142,208,79
142,209,11
142,210,-16
142,211,7
142,212,43
142,213,-96
142,214,51
142,215,70
142,216,92
142,217,-91
142,218,86
142,219,-66
142,220,-70
142,221,19
142,222,-22
142,223,38
142,224,-92
142,225,93
142,226,-57
142,227,15
142,228,43
142,229,19
142,230,75
142,231,-48
142,232,-36
142,233,75
142,234,-31
142,235,-55
142,236,20
142,237,20
142,238,-68
142,239,79
142,240,-20
142,241,-46
142,242,78
142,243,-3
142,244,9
142,245,67
142,246,52
142,247,90
142,248,49
142,249,24
142,250,-10
142,251,-63
142,252,36
142,253,-64
142,254,-96
142,255,-19
142,256,49
142,257,9
142,258,39
142,259,-41
142,260,71
142,261,49
142,262,-95
142,263,-74
142,264,-46
142,265,42
142,266,-37
142,267,-84
142,268,-98
142,269,-91
142,270,90
142,271,-38
142,272,-12
142,273,89
142,274,-16
142,275,3
142,276,36
142,277,51
142,278,-69
142,279,-98
142,280,60
142,281,70
142,282,8
142,283,39
142,284,-8
142,285,2
142,286,-4
142,287,59
142,288,47
142,289,94
142,290,-33
142,291,44
142,292,46
142,293,31
142,294,-8
142,295,-84
142,296,91
142,297,-79
142,298,93
142,299,69
143,0,72
143,1,-90
143,2,80
143,3,87
143,4,-72
143,5,-81
143,6,-96
143,7,52
143,8,-67
143,9,39
143,10,-73
143,11,-3
143,12,-95
143,13,-82
143,14,-89
143,15,-76
143,16,-88
143,17,-25
143,18,-98
143,19,-77
143,20,-93
143,21,11
143,22,19
143,23,22
143,24,-11
143,25,-56
143,26,99
143,27,-100
143,28,-98
143,29,-36
143,30,-86
143,31,-51
143,32,47
143,33,30
143,34,88
143,35,42
143,36,86
143,37,81
143,38,87
143,39,23
143,40,-64
143,41,48
143,42,5
143,43,2
143,44,50
143,45,20
143,46,-2
143,47,45
143,48,-84
143,49,58
143,50,91
143,51,-53
143,52,-75
143,53,-79
143,54,24
143,55,72
143,56,63
143,57,-37
143,58,62
143,59,-19
143,60,54
143,61,-33
143,62,44
143,63,97
143,64,38
143,65,-96
143,66,85
143,67,20
143,68,-44
143,69,-27
143,70,-16
143,71,19
143,72,-87
143,73,-29
143,74,28
143,75,43
143,76,-75
143,77,-52
143,78,69
143,79,97
143,80,2
143,81,-35
143,82,-48
143,83,-92
143,84,-32
143,85,-61
143,86,83
143,87,32
143,88,-45
143,89,10
143,90,99
143,91,-96
143,92,-32
143,93,-49
143,94,-28
143,95,-3
143,96,60
143,97,49
143,98,-86
143,99,-36
143,100,-30
143,101,50
143,102,10
143,103,-95
143,104,85
143,105,53
143,106,39
143,107,-24
143,108,14
143,109,12
143,110,-24
143,111,29
143,112,59
143,113,77
143,114,-6
143,115,-40
143,116,38
143,117,0
143,118,95
143,119,-67
143,120,-6
143,121,2
143,122,-93
143,123,35
143,124,-3
143,125,42
143,126,-96
143,127,46
143,128,36
143,129,84
143,130,81
143,131,56
143,132,0
143,133,46
143,134,-55
143,135,3
143,136,-21
143,137,89
143,138,87
143,139,17
143,140,-96
143,141,60
143,142,-46
143,143,-82
143,144,44
143,145,-13
143,146,16
143,147,69
143,148,49
143,149,-62
143,150,24
143,151,-74
143,152,-25
143,153,73
143,154,26
143,155,55
143,156,79
143,157,92
143,158,66
143,159,21
143,160,45
143,161,-14
143,162,49
143,163,-33
143,164,-90
143,165,-19
143,166,-37
143,167,18
143,168,98
143,169,-16
143,170,-44
143,171,62
143,172,-64
143,173,77
143,174,20
143,175,-71
143,176,44
143,177,60
143,178,43
143,179,42
143,180,40
143,181,-98
143,182,-77
143,183,50
143,184,-42
143,185,-46
143,186,-36
143,187,59
143,188,-41
143,189,57
143,190,-35
143,191,45
143,192,-42
143,193,-48
143,194,-37
143,195,20
143,196,18
143,197,-71
143,198,-83
143,199,-96
143,200,-32
143,201,35
143,202,36
143,203,59
143,204,19
143,205,41
143,206,40
143,207,-83
143,208,-33
143,209,13
143,210,-79
143,211,-81
143,212,42
143,213,-94
143,214,-3
143,215,4
143,216,-71
143,217,-96
143,218,28
143,219,87
143,220,58
143,221,-81
143,222,-18
143,223,-37
143,224,17
143,225,91
143,226,-72
143,227,1
143,228,37
143,229,56
143,230,-70
143,231,-26
143,232,-71
143,233,52
143,234,-21
143,235,-43
143,236,-44
143,237,-14
143,238,22
143,239,90
143,240,-4
143,241,14
143,242,-64
143,243,-43
143,244,-73
143,245,54
143,246,97
143,247,-64
143,248,-95
143,249,-39
143,250,-68
143,251,-12
143,252,-23
143,253,-61
143,254,68
143,255,18
143,256,-59
143,257,36
143,258,-83
143,259,-86
143,260,31
143,261,-67
143,262,-39
143,263,-63
143,264,-30
143,265,-78
143,266,25
143,267,-81
143,268,83
143,269,-48
143,270,29
143,271,-80
143,272,-25
143,273,-59
143,274,-44
143,275,21
143,276,76
143,277,-10
143,278,11
143,279,-91
143,280,-29
143,281,-40
143,282,-80
143,283,87
143,284,20
143,285,-15
143,286,40
143,287,-53
143,288,67
143,289,90
143,290,-92
143,291,84
143,292,78
143,293,12
143,294,19
143,295,-61
143,296,-25
143,297,-37
143,298,-7
143,299,-31
144,0,-37
144,1,-76
144,2,55
144,3,37
144,4,55
144,5,-65
144,6,38
144,7,-80
144,8,53
144,9,45
144,10,-33
144,11,-60
144,12,-86
144,13,-78
144,14,68
144,15,33
144,16,98
144,17,87
144,18,11
144,19,-49
144,20,36
144,21,14
144,22,57
144,23,-57
144,24,89
144,25,70
144,26,55
144,27,-93
144,28,-2
144,29,-50
144,30,-2
144,31,20
144,32,-11
144,33,-71
144,34,38
144,35,47
144,36,-70
144,37,61
144,38,39
144,39,75
144,40,55
144,41,-34
144,42,16
144,43,90
144,44,75
144,45,69
144,46,79
144,47,-96
144,48,-24
144,49,-89
144,50,-42
144,51,-36
144,52,-49
144,53,-58
144,54,-18
144,55,-8
144,56,-38
144,57,10
144,58,-51
144,59,11
144,60,-62
144,61,69
144,62,-21
144,63,-84
144,64,-58
144,65,-52
144,66,-96
144,67,28
144,68,-34
144,69,11
144,70,-77
144,71,-72
144,72,42
144,73,31
144,74,-57
144,75,-36
144,76,19
144,77,25
144,78,-70
144,79,47
144,80,-91
144,81,-90
144,82,-19
144,83,55
144,84,65
144,85,-77
144,86,-62
144,87,18
144,88,78
144,89,-25
144,90,-51
144,91,-94
144,92,-1
144,93,-20
144,94,-33
144,95,80
144,96,-64
144,97,-18
144,98,-47
144,99,-11
144,100,82
144,101,-70
144,102,92
144,103,-1
144,104,-8
144,105,-12
144,106,86
144,107,22
144,108,17
144,109,-54
144,110,76
144,111,45
144,112,-98
144,113,-83
144,114,-43
144,115,-30
144,116,-20
144,117,52
144,118,45
144,119,-49
144,120,-58
144,121,-34
144,122,-12
144,123,34
144,124,10
144,125,71
144,126,71
144,127,78
144,128,-18
144,129,-22
144,130,-16
144,131,-80
144,132,21
144,133,64
144,134,-73
144,135,-69
144,136,84
144,137,68
144,138,-47
144,139,54
144,140,22
144,141,-14
144,142,-61
144,143,68
144,144,-31
144,145,-77
144,146,45
144,147,-27
144,148,83
144,149,42
144,150,-3
144,151,-29
144,152,62
144,153,-74
144,154,-12
144,155,30
144,156,-80
144,157,20
144,158,-62
144,159,-69
144,160,77
144,161,-16
144,162,-92
144,163,-51
144,164,-100
144,165,-97
144,166,-97
144,167,-11
144,168,61
144,169,54
144,170,-86
144,171,8
144,172,-69
144,173,68
144,174,98
144,175,88
144,176,-38
144,177,88
144,178,7
144,179,7
144,180,-87
144,181,-78
144,182,10
144,183,-36
144,184,59
144,185,-60
144,186,-75
144,187,-53
144,188,43
144,189,58
144,190,93
144,191,-69
144,192,37
144,193,52
144,194,-19
144,195,8
144,196,72
144,197,51
144,198,-98
144,199,-39
144,200,-22
144,201,94
144,202,82
144,203,-91
144,204,82
144,205,49
144,206,41
144,207,35
144,208,22
144,209,1
144,210,42
144,211,9
144,212,42
144,213,79
144,214,-31
144,215,-47
144,216,-25
144,217,69
144,218,46
144,219,-61
144,220,96
144,221,-74
144,222,-27
144,223,-58
144,224,79
144,225,-55
144,226,41
144,227,-37
144,228,88
144,229,-3
144,230,25
144,231,-43
144,232,76
144,233,-72
144,234,53
144,235,-74
144,236,94
144,237,-34
144,238,62
144,239,87
144,240,88
144,241,13
144,242,97
144,243,-23
144,244,-11
144,245,30
144,246,60
144,247,-59
144,248,-88
144,249,-72
144,250,-92
144,251,-69
144,252,49
144,253,-15
144,254,-43
144,255,-44
144,256,37
144,257,-76
144,258,89
144,259,90
144,260,-25
144,261,14
144,262,30
144,263,-18
144,264,74
144,265,82
144,266,53
144,267,-88
144,268,34
144,269,61
144,270,-79
144,271,-17
144,272,6
144,273,-78
144,274,75
144,275,-87
144,276,-7
144,277,-14
144,278,10
144,279,-49
144,280,-18
144,281,66
144,282,-60
144,283,63
144,284,-95
144,285,50
144,286,37
144,287,-2
144,288,-16
144,289,-41
144,290,-71
144,291,-31
144,292,-96
144,293,-22
144,294,84
144,295,-58
144,296,79
144,297,-24
144,298,-95
144,299,-99
145,0,-84
145,1,-13
145,2,-89
145,3,71
145,4,81
145,5,-23
145,6,-94
145,7,59
145,8,56
145,9,73
145,10,-28
145,11,-23
145,12,80
145,13,-76
145,14,-48
145,15,56
145,16,-19
145,17,-20
145,18,33
145,19,-25
145,20,65
145,21,-98
145,22,-66
145,23,82
145,24,-54
145,25,60
145,26,-8
145,27,30
145,28,96
145,29,-42
145,30,-5
145,31,-83
145,32,25
145,33,-24
145,34,-35
145,35,52
145,36,-81
145,37,98
145,38,96
145,39,56
145,40,-83
145,41,-29
145,42,54
145,43,21
145,44,69
145,45,-35
145,46,-2
145,47,-75
145,48,50
145,49,-96
145,50,-21
145,51,5
145,52,-90
145,53,46
145,54,39
145,55,29
145,56,70
145,57,49
145,58,53
145,59,-68
145,60,-77
145,61,96
145,62,48
145,63,-55
145,64,-83
145,65,32
145,66,-93
145,67,-16
145,68,10
145,69,-44
145,70,-96
145,71,-88
145,72,-18
145,73,93
145,74,64
145,75,-11
145,76,56
145,77,-32
145,78,-69
145,79,1
145,80,75
145,81,29
145,82,-32
145,83,78
145,84,62
145,85,42
145,86,-29
145,87,10
145,88,-36
145,89,65
145,90,-84
145,91,-21
145,92,72
145,93,28
145,94,-98
145,95,26
145,96,27
145,97,-31
145,98,-49
145,99,80
145,100,21
145,101,-98
145,102,-7
145,103,-54
145,104,-26
145,105,-10
145,106,-15
145,107,-95
145,108,73
145,109,-6
145,110,-40
145,111,-58
145,112,-45
145,113,97
145,114,13
145,115,47
145,116,-54
145,117,81
145,118,68
145,119,93
145,120,-70
145,121,1
145,122,-37
145,123,-11
145,124,-10
145,125,85
145,126,82
145,127,-55
145,128,9
145,129,-6
145,130,-77
145,131,-12
145,132,-64
145,133,68
145,134,52
145,135,-72
145,136,58
145,137,6
145,138,29
145,139,39
145,140,32
145,141,88
145,142,-10
145,143,-45
145,144,-23
145,145,-30
145,146,64
145,147,-65
145,148,-27
145,149,-72
145,150,-21
145,151,65
145,152,1
145,153,68
145,154,-68
145,155,-8
145,156,11
145,157,22
145,158,40
145,159,33
145,160,93
145,161,-93
145,162,17
145,163,91
145,164,-92
145,165,50
145,166,98
145,167,-80
145,168,28
145,169,-55
145,170,-39
145,171,-99
145,172,3
145,173,-26
145,174,0
145,175,71
145,176,-13
145,177,27
145,178,-18
145,179,-96
145,180,-8
145,181,-62
145,182,27
145,183,-35
145,184,-56
145,185,-26
145,186,0
145,187,40
145,188,-8
145,189,18
145,190,-69
145,191,8
145,192,-58
145,193,35
145,194,-27
145,195,86
145,196,38
145,197,55
145,198,-62
145,199,-75
145,200,-29
145,201,1
145,202,-75
145,203,-69
145,204,-55
145,205,55
145,206,34
145,207,-66
145,208,93
145,209,-79
145,210,49
145,211,21
145,212,-98
145,213,-55
145,214,77
145,215,-93
145,216,-97
145,217,-86
145,218,-57
145,219,66
145,220,19
145,221,-25
145,222,56
145,223,89
145,224,61
145,225,53
145,226,11
145,227,-14
145,228,-83
145,229,90
145,230,-49
145,231,-47
145,232,-59
145,233,-8
145,234,81
145,235,79
145,236,40
145,237,-69
145,238,-18
145,239,-20
145,240,-35
145,241,-19
145,242,85
145,243,66
145,244,54
145,245,-23
145,246,-47
145,247,99
145,248,-28
145,249,70
145,250,79
145,251,-87
145,252,35
145,253,-66
145,254,45
145,255,82
145,256,-23
145,257,-49
145,258,-29
145,259,76
145,260,35
145,261,64
145,262,-35
145,263,-20
145,264,-24
145,265,17
145,266,68
145,267,-28
145,268,-74
145,269,47
145,270,-63
145,271,39
145,272,69
145,273,-15
145,274,0
145,275,77
145,276,2
145,277,-70
145,278,92
145,279,80
145,280,-61
145,281,-28
145,282,66
145,283,37
145,284,56
145,285,67
145,286,57
145,287,29
145,288,-19
145,289,55
145,290,74
145,291,-69
145,292,-13
145,293,1
145,294,-12
145,295,-12
145,296,-69
145,297,54
145,298,-47
145,299,-5
146,0,83
146,1,58
146,2,13
146,3,-77
146,4,62
146,5,-71
146,6,-4
146,7,-46
146,8,-37
146,9,-68
146,10,-55
146,11,-68
146,12,95
146,13,91
146,14,-71
146,15,-22
146,16,56
146,17,89
146,18,-9
146,19,-5
146,20,-71
146,21,5
146,22,1
146,23,39
146,24,-34
146,25,42
146,26,-91
146,27,-15
146,28,-40
146,29,-78
146,30,-90
146,31,-85
146,32,-52
146,33,9
146,34,-21
146,35,41
146,36,33
146,37,69
146,38,44
146,39,18
146,40,-59
146,41,-91
146,42,73
146,43,-52
146,44,-92
146,45,66
146,46,-99
146,47,-33
146,48,-49
146,49,38
146,50,-64
146,51,99
146,52,-79
146,53,79
146,54,-96
146,55,29
146,56,32
146,57,-2
146,58,59
146,59,46
146,60,2
146,61,14
146,62,-97
146,63,-14
146,64,-55
146,65,-18
146,66,53
146,67,-51
146,68,-75
146,69,-30
146,70,-69
146,71,10
146,72,16
146,73,-4
146,74,71
146,75,-75
146,76,88
146,77,-13
146,78,-50
146,79,86
146,80,-14
146,81,65
146,82,-75
146,83,23
146,84,72
146,85,-70
146,86,25
146,87,97
146,88,-56
146,89,-70
146,90,10
146,91,-40
146,92,75
146,93,-56
146,94,-41
146,95,88
146,96,-49
146,97,-49
146,98,-25
146,99,-39
146,100,53
146,101,-34
146,102,-22
146,103,-52
146,104,-13
146,105,14
146,106,-57
146,107,-65
146,108,80
146,109,71
146,110,-79
146,111,29
146,112,-94
146,113,-85
146,114,-7
146,115,-57
146,116,9
146,117,-36
146,118,-28
146,119,-30
146,120,96
146,121,88
146,122,57
146,123,69
146,124,-27
146,125,-76
146,126,-19
146,127,-30
146,128,-44
146,129,59
146,130,-51
146,131,-26
146,132,37
146,133,49
146,134,-60
146,135,-54
146,136,41
146,137,30
146,138,-23
146,139,-48
146,140,-85
146,141,18
146,142,88
146,143,-73
146,144,62
146,145,29
146,146,-40
146,147,83
146,148,-46
146,149,-83
146,150,98
146,151,-52
146,152,1
146,153,-59
146,154,-94
146,155,31
146,156,70
146,157,-42
146,158,-52
146,159,-41
146,160,-95
146,161,47
146,162,-70
146,163,15
146,164,49
146,165,-16
146,166,59
146,167,-54
146,168,61
146,169,54
146,170,-57
146,171,57
146,172,60
146,173,54
146,174,-45
146,175,50
146,176,-58
146,177,-47
146,178,-33
146,179,-48
146,180,-61
146,181,87
146,182,-15
146,183,36
146,184,-6
146,185,37
146,186,-91
146,187,57
146,188,37
146,189,85
146,190,-65
146,191,71
146,192,84
146,193,-58
146,194,6
146,195,50
146,196,31
146,197,39
146,198,23
146,199,-52
146,200,51
146,201,40
146,202,23
146,203,-33
146,204,1
146,205,99
146,206,-11
146,207,61
146,208,-92
146,209,-91
146,210,24
146,211,14
146,212,-36
146,213,11
146,214,-29
146,215,-27
146,216,-47
146,217,70
146,218,86
146,219,-12
146,220,-6
146,221,2
146,222,86
146,223,94
146,224,-40
146,225,65
146,226,35
146,227,27
146,228,-36
146,229,-96
146,230,19
146,231,14
146,232,8
146,233,-58
146,234,87
146,235,-75
146,236,-90
146,237,61
146,238,29
146,239,-80
146,240,14
146,241,53
146,242,27
146,243,-25
146,244,-28
146,245,-14
146,246,5
146,247,32
146,248,-92
146,249,18
146,250,-51
146,251,-91
146,252,12
146,253,85
146,254,-91
146,255,-23
146,256,-65
146,257,-45
146,258,17
146,259,89
146,260,-64
146,261,68
146,262,-53
146,263,49
146,264,-14
146,265,-40
146,266,-26
146,267,16
146,268,14
146,269,-2
146,270,-53
146,271,91
146,272,-64
146,273,68
146,274,-96
146,275,-1
146,276,79
146,277,-84
146,278,-11
146,279,7
146,280,89
146,281,79
146,282,-81
146,283,2
146,284,-4
146,285,43
146,286,-94
146,287,-7
146,288,-35
146,289,-89
146,290,70
146,291,-61
146,292,-100
146,293,-43
146,294,30
146,295,-93
146,296,-11
146,297,-26
146,298,88
146,299,-16
147,0,-96
147,1,-75
147,2,-16
147,3,-28
147,4,44
147,5,0
147,6,-35
147,7,78
147,8,18
147,9,-54
147,10,67
147,11,-9
147,12,-74
147,13,-61
147,14,-100
147,15,73
147,16,38
147,17,66
147,18,-83
147,19,-10
147,20,-54
147,21,-80
147,22,55
147,23,28
147,24,-87
147,25,-81
147,26,20
147,27,72
147,28,88
147,29,54
147,30,21
147,31,83
147,32,-49
147,33,-33
147,34,-64
147,35,-19
147,36,58
147,37,-52
147,38,80
147,39,-62
147,40,37
147,41,36
147,42,-9
147,43,40
147,44,-83
147,45,39
147,46,-29
147,47,-96
147,48,-94
147,49,42
147,50,94
147,51,45
147,52,-63
147,53,-75
147,54,65
147,55,-42
147,56,-49
147,57,60
147,58,48
147,59,44
147,60,6
147,61,-39
147,62,-42
147,63,-99
147,64,91
147,65,-76
147,66,68
147,67,-82
147,68,65
147,69,-76
147,70,66
147,71,-97
147,72,-98
147,73,61
147,74,5
147,75,37
147,76,12
147,77,-74
147,78,11
147,79,-11
147,80,28
147,81,-57
147,82,-49
147,83,52
147,84,-36
147,85,-90
147,86,-33
147,87,20
147,88,-24
147,89,-86
147,90,-44
147,91,-27
147,92,-37
147,93,-90
147,94,20
147,95,24
147,96,47
147,97,-71
147,98,-91
147,99,-47
147,100,85
147,101,56
147,102,28
147,103,-43
147,104,48
147,105,42
147,106,94
147,107,60
147,108,65
147,109,46
147,110,31
147,111,-25
147,112,-12
147,113,-3
147,114,-20
147,115,85
147,116,-31
147,117,-89
147,118,26
147,119,-22
147,120,44
147,121,28
147,122,-87
147,123,18
147,124,-99
147,125,-97
147,126,-35
147,127,-11
147,128,73
147,129,77
147,130,-41
147,131,79
147,132,-4
147,133,75
147,134,66
147,135,26
147,136,97
147,137,-41
147,138,57
147,139,54
147,140,-18
147,141,-27
147,142,-46
147,143,97
147,144,-75
147,145,69
147,146,20
147,147,-34
147,148,15
147,149,-34
147,150,79
147,151,-95
147,152,13
147,153,-91
147,154,-63
147,155,23
147,156,-24
147,157,1
147,158,-89
147,159,-55
147,160,-52
147,161,-10
147,162,23
147,163,-29
147,164,90
147,165,96
147,166,1
147,167,-58
147,168,-41
147,169,0
147,170,56
147,171,-15
147,172,25
147,173,-90
147,174,-66
147,175,-78
147,176,99
147,177,48
147,178,64
147,179,-73
147,180,15
147,181,-6
147,182,-43
147,183,-48
147,184,-73
147,185,-59
147,186,-16
147,187,-8
147,188,23
147,189,88
147,190,60
147,191,82
147,192,64
147,193,-54
147,194,63
147,195,14
147,196,55
147,197,-91
147,198,-78
147,199,-96
147,200,-19
147,201,18
147,202,-95
147,203,24
147,204,69
147,205,-54
147,206,-73
147,207,-88
147,208,-76
147,209,-94
147,210,93
147,211,-21
147,212,85
147,213,-35
147,214,-65
147,215,-99
147,216,12
147,217,-63
147,218,-87
147,219,54
147,220,42
147,221,-16
147,222,39
147,223,14
147,224,70
147,225,-4
147,226,84
147,227,-15
147,228,1
147,229,75
147,230,88
147,231,-19
147,232,-57
147,233,79
147,234,89
147,235,29
147,236,-8
147,237,98
147,238,58
147,239,4
147,240,24
147,241,-28
147,242,-29
147,243,60
147,244,32
147,245,-23
147,246,-43
147,247,24
147,248,-90
147,249,50
147,250,72
147,251,-74
147,252,-45
147,253,25
147,254,-42
147,255,8
147,256,-61
147,257,45
147,258,78
147,259,-40
147,260,21
147,261,5
147,262,-78
147,263,-65
147,264,-63
147,265,-29
147,266,-45
147,267,66
147,268,-25
147,269,96
147,270,55
147,271,6
147,272,48
147,273,-39
147,274,-78
147,275,48
147,276,19
147,277,43
147,278,89
147,279,-36
147,280,7
147,281,-21
147,282,32
147,283,73
147,284,-37
147,285,-60
147,286,-3
147,287,71
147,288,-12
147,289,5
147,290,42
147,291,95
147,292,78
147,293,-47
147,294,95
147,295,-24
147,296,-59
147,297,73
147,298,-76
147,299,-34
148,0,62
148,1,11
148,2,-28
148,3,49
148,4,11
148,5,36
148,6,51
148,7,-78
148,8,88
148,9,64
148,10,72
148,11,-86
148,12,84
148,13,26
148,14,-87
148,15,-49
148,16,-17
148,17,-65
148,18,54
148,19,44
148,20,68
148,21,-97
148,22,30
148,23,-82
148,24,68
148,25,67
148,26,-43
148,27,66
148,28,-94
148,29,-65
148,30,-25
148,31,47
148,32,1
148,33,-25
148,34,56
148,35,-33
148,36,-35
148,37,-54
148,38,50
148,39,33
148,40,-83
148,41,80
148,42,-79
148,43,-33
148,44,62
148,45,-3
148,46,-92
148,47,58
148,48,70
148,49,-26
148,50,-84
148,51,-50
148,52,93
148,53,-77
148,54,24
148,55,-86
148,56,55
148,57,30
148,58,56
148,59,-49
148,60,-47
148,61,-43
148,62,-56
148,63,17
148,64,-24
148,65,-51
148,66,-79
148,67,-49
148,68,80
148,69,-70
148,70,-30
148,71,75
148,72,-11
148,73,-70
148,74,1
148,75,31
148,76,62
148,77,-4
148,78,-34
148,79,91
148,80,36
148,81,73
148,82,-18
148,83,83
148,84,-45
148,85,-75
148,86,-41
148,87,27
148,88,26
148,89,-29
148,90,-11
148,91,75
148,92,-43
148,93,-38
148,94,19
148,95,85
148,96,30
148,97,34
148,98,79
148,99,13
148,100,89
148,101,-99
148,102,60
148,103,39
148,104,-53
148,105,-48
148,106,24
148,107,68
148,108,16
148,109,-10
148,110,-19
148,111,85
148,112,-33
148,113,50
148,114,63
148,115,-7
148,116,48
148,117,-29
148,118,2
148,119,82
148,120,83
148,121,-88
148,122,23
148,123,49
148,124,-94
148,125,-77
148,126,88
148,127,32
148,128,-51
148,129,89
148,130,82
148,131,-75
148,132,37
148,133,-90
148,134,-61
148,135,1
148,136,-90
148,137,11
148,138,-7
148,139,-97
148,140,-99
148,141,66
148,142,50
148,143,-56
148,144,-27
148,145,69
148,146,2
148,147,-59
148,148,-72
148,149,43
148,150,94
148,151,-1
148,152,87
148,153,31
148,154,-1
148,155,-85
148,156,68
148,157,-95
148,158,-59
148,159,27
148,160,84
148,161,55
148,162,-1
148,163,50
148,164,-25
148,165,-59
148,166,-6
148,167,-89
148,168,23
148,169,-37
148,170,85
148,171,78
148,172,-72
148,173,-82
148,174,-4
148,175,-56
148,176,-47
148,177,9
148,178,-21
148,179,93
148,180,99
148,181,-88
148,182,92
148,183,39
148,184,12
148,185,-30
148,186,-87
148,187,-59
148,188,-2
148,189,-25
148,190,3
148,191,75
148,192,20
148,193,51
148,194,-36
148,195,44
148,196,-63
148,197,-73
148,198,-68
148,199,51
148,200,10
148,201,25
148,202,27
148,203,-31
148,204,-16
148,205,31
148,206,60
148,207,18
148,208,-91
148,209,-65
148,210,-28
148,211,58
148,212,31
148,213,21
148,214,35
148,215,-74
148,216,63
148,217,36
148,218,70
148,219,51
148,220,64
148,221,-60
148,222,3
148,223,-75
148,224,31
148,225,15
148,226,28
148,227,47
148,228,72
148,229,-9
148,230,96
148,231,-5
148,232,-49
148,233,-7
148,234,-37
148,235,-80
148,236,5
148,237,-21
148,238,99
148,239,-25
148,240,-5
148,241,-76
148,242,94
148,243,-75
148,244,-1
148,245,-20
148,246,-74
148,247,79
148,248,-38
148,249,-15
148,250,17
148,251,72
148,252,85
148,253,-63
148,254,62
148,255,-55
148,256,26
148,257,-30
148,258,30
148,259,33
148,260,-88
148,261,73
148,262,-11
148,263,11
148,264,-68
148,265,-39
148,266,-38
148,267,-45
148,268,-62
148,269,-41
148,270,4
148,271,26
148,272,-18
148,273,51
148,274,77
148,275,4
148,276,60
148,277,-27
148,278,34
148,279,73
148,280,21
148,281,-39
148,282,-100
148,283,-22
148,284,17
148,285,-36
148,286,72
148,287,82
148,288,-35
148,289,-34
148,290,-1
148,291,-47
148,292,20
148,293,-1
148,294,90
148,295,81
148,296,2
148,297,79
148,298,81
148,299,94
149,0,64
149,1,7
149,2,-89
149,3,86
149,4,47
149,5,-14
149,6,-15
149,7,-69
149,8,-30
149,9,-57
149,10,-35
149,11,-23
149,12,-46
149,13,-85
149,14,-13
149,15,-30
149,16,-33
149,17,79
149,18,23
149,19,64
149,20,73
149,21,68
149,22,32
149,23,93
149,24,-96
149,25,90
149,26,24
149,27,30
149,28,35
149,29,53
149,30,-27
149,31,24
149,32,-3
149,33,22
149,34,-1
149,35,-48
149,36,-25
149,37,27
149,38,56
149,39,-87
149,40,-96
149,41,11
149,42,-74
149,43,24
149,44,95
149,45,-72
149,46,-98
149,47,57
149,48,36
149,49,-100
149,50,-78
149,51,-34
149,52,59
149,53,-95
149,54,-52
149,55,42
149,56,85
149,57,80
149,58,-71
149,59,-61
149,60,86
149,61,-38
149,62,-53
149,63,23
149,64,-33
149,65,34
149,66,74
149,67,-58
149,68,43
149,69,-79
149,70,-38
149,71,73
149,72,72
149,73,-60
149,74,52
149,75,-51
149,76,-34
149,77,79
149,78,-15
149,79,58
149,80,-64
149,81,49
149,82,-74
149,83,19
149,84,29
149,85,-79
149,86,80
149,87,-84
149,88,11
149,89,24
149,90,-45
149,91,58
149,92,-58
149,93,99
149,94,20
149,95,80
149,96,32
149,97,29
149,98,20
149,99,86
149,100,31
149,101,61
149,102,94
149,103,11
149,104,33
149,105,85
149,106,74
149,107,-96
149,108,-40
149,109,-45
149,110,1
149,111,62
149,112,18
149,113,-88
149,114,-75
149,115,-37
149,116,38
149,117,-39
149,118,74
149,119,23
149,120,-31
149,121,-26
149,122,85
149,123,-91
149,124,43
149,125,-89
149,126,98
149,127,-13
149,128,-51
149,129,42
149,130,-42
149,131,97
149,132,-39
149,133,-29
149,134,89
149,135,-51
149,136,-47
149,137,-47
149,138,55
149,139,3
149,140,-50
149,141,-27
149,142,60
149,143,28
149,144,-16
149,145,-32
149,146,28
149,147,16
149,148,-46
149,149,-16
149,150,-12
149,151,72
149,152,-28
149,153,-21
149,154,67
149,155,9
149,156,-40
149,157,63
149,158,2
149,159,12
149,160,51
149,161,-21
149,162,41
149,163,11
149,164,-3
149,165,-13
149,166,-1
149,167,19
149,168,28
149,169,-54
149,170,48
149,171,-62
149,172,-98
149,173,43
149,174,-33
149,175,53
149,176,81
149,177,-88
149,178,88
149,179,-81
149,180,-18
149,181,-74
149,182,29
149,183,-91
149,184,87
149,185,-12
149,186,-82
149,187,42
149,188,2
149,189,-54
149,190,51
149,191,-85
149,192,-20
149,193,87
149,194,76
149,195,31
149,196,93
149,197,76
149,198,12
149,199,58
149,200,-35
149,201,-47
149,202,-99
149,203,-40
149,204,-86
149,205,-41
149,206,11
149,207,-58
149,208,-8
149,209,67
149,210,-71
149,211,-38
149,212,-77
149,213,71
149,214,-87
149,215,-73
149,216,41
149,217,83
149,218,7
149,219,-67
149,220,-23
149,221,-89
149,222,83
149,223,-40
149,224,4
149,225,88
149,226,-61
149,227,47
149,228,69
149,229,-94
149,230,-22
149,231,20
149,232,-28
149,233,-33
149,234,-70
149,235,-31
149,236,-54
149,237,78
149,238,-43
149,239,49
149,240,-77
149,241,-67
149,242,-38
149,243,87
149,244,46
149,245,-77
149,246,-37
149,247,47
149,248,15
149,249,-3
149,250,-74
149,251,85
149,252,-57
149,253,-8
149,254,-36
149,255,18
149,256,73
149,257,-47
149,258,19
149,259,66
149,260,-94
149,261,-47
149,262,-58
149,263,-81
149,264,-17
149,265,52
149,266,-58
149,267,26
149,268,54
149,269,52
149,270,-65
149,271,-35
149,272,20
149,273,-92
149,274,-18
149,275,-22
149,276,80
149,277,-80
149,278,77
149,279,-85
149,280,93
149,281,-75
149,282,71
149,283,-72
149,284,-3
149,285,73
149,286,-30
149,287,76
149,288,42
149,289,-84
149,290,36
149,291,-69
149,292,-35
149,293,-42
149,294,59
149,295,10
149,296,70
149,297,-18
149,298,9
149,299,-42
150,0,-71
150,1,-90
150,2,18
150,3,53
150,4,-7
150,5,-99
150,6,61
150,7,68
150,8,-70
150,9,-38
150,10,82
150,11,16
150,12,88
150,13,26
150,14,-65
150,15,-61
150,16,-78
150,17,53
150,18,-83
150,19,-22
150,20,-67
150,21,55
150,22,6
150,23,-52
150,24,91
150,25,98
150,26,90
150,27,-39
150,28,-59
150,29,-77
150,30,62
150,31,82
150,32,76
150,33,-24
150,34,-6
150,35,86
150,36,-18
150,37,-8
150,38,-79
150,39,4
150,40,-16
150,41,-40
150,42,57
150,43,-32
150,44,87
150,45,-95
150,46,-16
150,47,13
150,48,38
150,49,-77
150,50,-22
150,51,9
150,52,3
150,53,-50
150,54,-82
150,55,77
150,56,30
150,57,30
150,58,27
150,59,-9
150,60,-70
150,61,5
150,62,23
150,63,12
150,64,74
150,65,35
150,66,-84
150,67,-2
150,68,-1
150,69,3
150,70,-56
150,71,-4
150,72,-41
150,73,13
150,74,-80
150,75,97
150,76,11
150,77,48
150,78,24
150,79,85
150,80,82
150,81,-73
150,82,-20
150,83,-19
150,84,-55
150,85,-57
150,86,-12
150,87,52
150,88,98
150,89,76
150,90,17
150,91,73
150,92,19
150,93,-38
150,94,-24
150,95,-13
150,96,39
150,97,-23
150,98,84
150,99,-37
150,100,58
150,101,-97
150,102,81
150,103,-18
150,104,92
150,105,-95
150,106,92
150,107,-10
150,108,-79
150,109,44
150,110,86
150,111,-72
150,112,94
150,113,44
150,114,-99
150,115,-69
150,116,49
150,117,2
150,118,85
150,119,80
150,120,74
150,121,31
150,122,65
150,123,16
150,124,40
150,125,-40
150,126,-37
150,127,-24
150,128,-68
150,129,-3
150,130,65
150,131,25
150,132,56
150,133,-40
150,134,-69
150,135,38
150,136,-83
150,137,-56
150,138,-80
150,139,-89
150,140,2
150,141,-81
150,142,-94
150,143,-10
150,144,98
150,145,29
150,146,-58
150,147,-4
150,148,-80
150,149,-72
150,150,-69
150,151,72
150,152,-25
150,153,2
150,154,12
150,155,86
150,156,3
150,157,30
150,158,-62
150,159,-50
150,160,15
150,161,-93
150,162,9
150,163,-55
150,164,93
150,165,-95
150,166,11
150,167,-43
150,168,68
150,169,21
150,170,14
150,171,-47
150,172,-25
150,173,68
150,174,-53
150,175,-31
150,176,54
150,177,-54
150,178,16
150,179,-78
150,180,41
150,181,-40
150,182,94
150,183,25
150,184,-25
150,185,52
150,186,-36
150,187,-5
150,188,51
150,189,80
150,190,5
150,191,77
150,192,28
150,193,-62
150,194,-57
150,195,4
150,196,-7
150,197,32
150,198,22
150,199,95
150,200,23
150,201,8
150,202,-29
150,203,-36
150,204,-22
150,205,-13
150,206,42
150,207,77
150,208,-95
150,209,-35
150,210,-32
150,211,14
150,212,66
150,213,4
150,214,-3
150,215,-5
150,216,56
150,217,-55
150,218,21
150,219,-70
150,220,51
150,221,18
150,222,25
150,223,42
150,224,47
150,225,31
150,226,85
150,227,88
150,228,26
150,229,7
150,230,37
150,231,-60
150,232,-48
150,233,-14
150,234,98
150,235,20
150,236,-25
150,237,-53
150,238,42
150,239,34
150,240,-29
150,241,98
150,242,70
150,243,-97
150,244,23
150,245,78
150,246,-30
150,247,25
150,248,-42
150,249,8
150,250,-60
150,251,88
150,252,-71
150,253,22
150,254,45
150,255,-71
150,256,34
150,257,-49
150,258,75
150,259,-78
150,260,23
150,261,64
150,262,-30
150,263,2
150,264,-48
150,265,4
150,266,72
150,267,76
150,268,-52
150,269,10
150,270,74
150,271,6
150,272,52
150,273,-10
150,274,54
150,275,39
150,276,50
150,277,-84
150,278,-57
150,279,-30
150,280,24
150,281,51
150,282,98
150,283,-8
150,284,-41
150,285,-48
150,286,-27
150,287,43
150,288,6
150,289,-3
150,290,-76
150,291,-35
150,292,-51
150,293,-32
150,294,-23
150,295,67
150,296,33
150,297,-37
150,298,-73
150,299,-92
151,0,-95
151,1,44
151,2,67
151,3,-2
151,4,72
151,5,-19
151,6,18
151,7,70
151,8,73
151,9,90
151,10,28
151,11,86
151,12,-38
151,13,24
151,14,-83
151,15,-15
151,16,92
151,17,-81
151,18,83
151,19,81
151,20,-53
151,21,-47
151,22,1
151,23,-12
151,24,43
151,25,47
151,26,-54
151,27,34
151,28,50
151,29,60
151,30,67
151,31,9
151,32,-96
151,33,72
151,34,10
151,35,-60
151,36,35
151,37,-19
151,38,77
151,39,-70
151,40,-97
151,41,93
151,42,-45
151,43,-96
151,44,-20
151,45,-47
151,46,23
151,47,-5
151,48,-8
151,49,-21
151,50,-100
151,51,-28
151,52,-40
151,53,25
151,54,-94
151,55,57
151,56,24
151,57,-86
151,58,7
151,59,-97
151,60,-38
151,61,-31
151,62,-63
151,63,74
151,64,87
151,65,-99
151,66,96
151,67,-93
151,68,-50
151,69,16
151,70,11
151,71,-82
151,72,-7
151,73,-70
151,74,-21
151,75,1
151,76,-79
151,77,-68
151,78,99
151,79,64
151,80,39
151,81,13
151,82,96
151,83,-37
151,84,52
151,85,81
151,86,-72
151,87,-88
151,88,-75
151,89,-79
151,90,-8
151,91,-25
151,92,9
151,93,-9
151,94,-28
151,95,18
151,96,-91
151,97,-53
151,98,69
151,99,-11
151,100,86
151,101,80
151,102,67
151,103,89
151,104,-95
151,105,31
151,106,-10
151,107,-46
151,108,25
151,109,96
151,110,30
151,111,-94
151,112,-13
151,113,-15
151,114,39
151,115,-2
151,116,44
151,117,94
151,118,-26
151,119,97
151,120,6
151,121,63
151,122,44
151,123,-15
151,124,-100
151,125,19
151,126,-34
151,127,-2
151,128,-52
151,129,-50
151,130,-30
151,131,19
151,132,70
151,133,11
151,134,-70
151,135,-77
151,136,-64
151,137,92
151,138,-38
151,139,-45
151,140,-83
151,141,5
151,142,92
151,143,56
151,144,-24
151,145,-97
151,146,20
151,147,39
151,148,83
151,149,-53
151,150,46
151,151,-75
151,152,7
151,153,-63
151,154,-21
151,155,52
151,156,83
151,157,-73
151,158,-40
151,159,-12
151,160,-12
151,161,78
151,162,39
151,163,-93
151,164,21
151,165,2
151,166,85
151,167,-13
151,168,-78
151,169,-64
151,170,-90
151,171,-84
151,172,83
151,173,80
151,174,94
151,175,29
151,176,-72
151,177,-44
151,178,61
151,179,-23
151,180,21
151,181,11
151,182,-8
151,183,-99
151,184,23
151,185,-70
151,186,16
151,187,12
151,188,-57
151,189,26
151,190,-11
151,191,83
151,192,81
151,193,80
151,194,13
151,195,-27
151,196,-55
151,197,-47
151,198,58
151,199,8
151,200,-77
151,201,52
151,202,62
151,203,-44
151,204,-29
151,205,-32
151,206,-73
151,207,-68
151,208,-48
151,209,21
151,210,-85
151,211,53
151,212,39
151,213,-14
151,214,4
151,215,-24
151,216,-14
151,217,-70
151,218,-1
151,219,54
151,220,-65
151,221,-42
151,222,5
151,223,-98
151,224,20
151,225,59
151,226,-86
151,227,-26
151,228,93
151,229,90
151,230,-100
151,231,32
151,232,-11
151,233,-95
151,234,32
151,235,15
151,236,-28
151,237,55
151,238,-32
151,239,-57
151,240,43
151,241,98
151,242,49
151,243,50
151,244,70
151,245,-33
151,246,70
151,247,53
151,248,-60
151,249,-31
151,250,-70
151,251,-84
151,252,36
151,253,-46
151,254,-95
151,255,97
151,256,91
151,257,31
151,258,6
151,259,94
151,260,-13
151,261,83
151,262,-83
151,263,59
151,264,-53
151,265,-72
151,266,59
151,267,52
151,268,-25
151,269,-38
151,270,-92
151,271,98
151,272,-87
151,273,-81
151,274,-91
151,275,38
151,276,66
151,277,46
151,278,46
151,279,70
151,280,88
151,281,-31
151,282,-29
151,283,-36
151,284,50
151,285,3
151,286,-41
151,287,37
151,288,-38
151,289,29
151,290,-65
151,291,17
151,292,-44
151,293,93
151,294,-22
151,295,-81
151,296,-59
151,297,-80
151,298,93
151,299,65
152,0,-8
152,1,-23
152,2,96
152,3,-77
152,4,-75
152,5,29
152,6,73
152,7,8
152,8,-67
152,9,89
152,10,68
152,11,-2
152,12,42
152,13,-46
152,14,-98
152,15,-25
152,16,65
152,17,78
152,18,44
152,19,-52
152,20,48
152,21,-13
152,22,51
152,23,-61
152,24,47
152,25,3
152,26,62
152,27,75
152,28,60
152,29,3
152,30,83
152,31,-60
152,32,81
152,33,-57
152,34,-20
152,35,99
152,36,-17
152,37,38
152,38,41
152,39,69
152,40,-89
152,41,-84
152,42,-11
152,43,-76
152,44,-75
152,45,74
152,46,52
152,47,-41
152,48,-41
152,49,-74
152,50,70
152,51,-25
152,52,-81
152,53,90
152,54,52
152,55,54
152,56,79
152,57,-19
152,58,-91
152,59,77
152,60,-71
152,61,-100
152,62,-47
152,63,-97
152,64,34
152,65,-71
152,66,-11
152,67,-36
152,68,23
152,69,-72
152,70,52
152,71,-61
152,72,-75
152,73,-84
152,74,58
152,75,88
152,76,-93
152,77,-32
152,78,-100
152,79,-22
152,80,-30
152,81,-55
152,82,7
152,83,-2
152,84,23
152,85,47
152,86,67
152,87,-99
152,88,88
152,89,-30
152,90,2
152,91,-24
152,92,-4
152,93,-71
152,94,-71
152,95,72
152,96,-77
152,97,83
152,98,-40
152,99,40
152,100,24
152,101,-21
152,102,83
152,103,-86
152,104,-90
152,105,39
152,106,-15
152,107,-12
152,108,-98
152,109,-77
152,110,-12
152,111,-92
152,112,-55
152,113,-7
152,114,-30
152,115,87
152,116,38
152,117,-91
152,118,-98
152,119,-82
152,120,29
152,121,44
152,122,29
152,123,80
152,124,43
152,125,12
152,126,37
152,127,95
152,128,-58
152,129,-43
152,130,12
152,131,87
152,132,21
152,133,51
152,134,-16
152,135,5
152,136,43
152,137,-1
152,138,-2
152,139,-92
152,140,-95
152,141,7
152,142,92
152,143,51
152,144,37
152,145,-19
152,146,-74
152,147,18
152,148,-1
152,149,-98
152,150,-63
152,151,-27
152,152,-28
152,153,-84
152,154,5
152,155,-53
152,156,76
152,157,70
152,158,-17
152,159,-94
152,160,95
152,161,25
152,162,48
152,163,52
152,164,-20
152,165,88
152,166,55
152,167,-49
152,168,-88
152,169,-67
152,170,26
152,171,4
152,172,94
152,173,31
152,174,-57
152,175,25
152,176,42
152,177,-93
152,178,13
152,179,-96
152,180,93
152,181,-15
152,182,-28
152,183,-9
152,184,20
152,185,-55
152,186,92
152,187,15
152,188,12
152,189,-35
152,190,53
152,191,-70
152,192,-50
152,193,-60
152,194,-50
152,195,46
152,196,-6
152,197,-28
152,198,30
152,199,-63
152,200,97
152,201,72
152,202,98
152,203,-60
152,204,52
152,205,77
152,206,28
152,207,-47
152,208,-15
152,209,-88
152,210,-61
152,211,-80
152,212,68
152,213,88
152,214,60
152,215,-72
152,216,24
152,217,82
152,218,-69
152,219,-90
152,220,79
152,221,-65
152,222,-8
152,223,11
152,224,58
152,225,41
152,226,90
152,227,79
152,228,81
152,229,16
152,230,-51
152,231,22
152,232,81
152,233,-28
152,234,-4
152,235,-14
152,236,-4
152,237,62
152,238,9
152,239,57
152,240,9
152,241,-46
152,242,-7
152,243,8
152,244,28
152,245,-86
152,246,52
152,247,-81
152,248,98
152,249,43
152,250,-49
152,251,-14
152,252,-36
152,253,10
152,254,-17
152,255,10
152,256,-31
152,257,28
152,258,-7
152,259,25
152,260,-85
152,261,54
152,262,-83
152,263,-24
152,264,-57
152,265,-51
152,266,-9
152,267,-87
152,268,-49
152,269,-8
152,270,20
152,271,-51
152,272,22
152,273,-84
152,274,23
152,275,19
152,276,30
152,277,89
152,278,-6
152,279,48
152,280,-68
152,281,-100
152,282,97
152,283,14
152,284,83
152,285,-97
152,286,49
152,287,85
152,288,71
152,289,-44
152,290,67
152,291,-45
152,292,-38
152,293,2
152,294,16
152,295,66
152,296,-94
152,297,41
152,298,24
152,299,-11
153,0,45
153,1,-46
153,2,14
153,3,83
153,4,84
153,5,22
153,6,15
153,7,85
153,8,14
153,9,52
153,10,13
153,11,-5
153,12,97
153,13,-21
153,14,-98
153,15,48
153,16,59
153,17,29
153,18,10
153,19,-81
153,20,14
153,21,45
153,22,81
153,23,-26
153,24,-65
153,25,1
153,26,-25
153,27,-40
153,28,-41
153,29,16
153,30,-65
153,31,71
153,32,-33
153,33,93
153,34,-57
153,35,-24
153,36,-11
153,37,-72
153,38,75
153,39,63
153,40,35
153,41,32
153,42,-5
153,43,74
153,44,25
153,45,70
153,46,37
153,47,-91
153,48,33
153,49,-85
153,50,87
153,51,-75
153,52,-80
153,53,-1
153,54,85
153,55,68
153,56,5
153,57,-71
153,58,32
153,59,37
153,60,-6
153,61,38
153,62,90
153,63,34
153,64,86
153,65,39
153,66,-37
153,67,22
153,68,12
153,69,-60
153,70,87
153,71,99
153,72,-73
153,73,22
153,74,-21
153,75,90
153,76,-98
153,77,0
153,78,-69
153,79,-80
153,80,20
153,81,-46
153,82,-83
153,83,-48
153,84,11
153,85,20
153,86,9
153,87,-26
153,88,-40
153,89,77
153,90,-93
153,91,-89
153,92,78
153,93,93
153,94,-60
153,95,49
153,96,26
153,97,36
153,98,-23
153,99,38
153,100,40
153,101,83
153,102,55
153,103,-12
153,104,-37
153,105,-37
153,106,-31
153,107,-46
153,108,-64
153,109,60
153,110,-76
153,111,13
153,112,-78
153,113,87
153,114,83
153,115,90
153,116,35
153,117,-84
153,118,-6
153,119,-11
153,120,84
153,121,-26
153,122,-39
153,123,-90
153,124,94
153,125,67
153,126,67
153,127,20
153,128,-45
153,129,-48
153,130,-16
153,131,-73
153,132,-15
153,133,69
153,134,14
153,135,-55
153,136,-83
153,137,-78
153,138,53
153,139,-2
153,140,-72
153,141,-49
153,142,9
153,143,5
153,144,-55
153,145,-100
153,146,90
153,147,43
153,148,-76
153,149,-39
153,150,-19
153,151,-21
153,152,43
153,153,96
153,154,-10
153,155,97
153,156,20
153,157,61
153,158,-48
153,159,50
153,160,70
153,161,-57
153,162,-69
153,163,-78
153,164,47
153,165,-82
153,166,99
153,167,-72
153,168,45
153,169,-32
153,170,39
153,171,-91
153,172,10
153,173,-64
153,174,-20
153,175,-5
153,176,-46
153,177,31
153,178,27
153,179,-38
153,180,-89
153,181,45
153,182,-93
153,183,-69
153,184,-52
153,185,3
153,186,90
153,187,86
153,188,-14
153,189,94
153,190,-2
153,191,66
153,192,-51
153,193,98
153,194,53
153,195,50
153,196,-5
153,197,-38
153,198,93
153,199,66
153,200,-35
153,201,2
153,202,-55
153,203,42
153,204,-85
153,205,19
153,206,-11
153,207,-29
153,208,-85
153,209,-16
153,210,-62
153,211,38
153,212,-65
153,213,-83
153,214,50
153,215,-24
153,216,-52
153,217,69
153,218,2
153,219,-57
153,220,8
153,221,28
153,222,-94
153,223,-53
153,224,11
153,225,43
153,226,-53
153,227,70
153,228,-50
153,229,6
153,230,-35
153,231,-70
153,232,-62
153,233,-92
153,234,-60
153,235,-38
153,236,-87
153,237,-43
153,238,-13
153,239,-4
153,240,-3
153,241,91
153,242,55
153,243,31
153,244,61
153,245,31
153,246,-31
153,247,85
153,248,-15
153,249,-97
153,250,-51
153,251,-96
153,252,-26
153,253,-56
153,254,62
153,255,16
153,256,-74
153,257,29
153,258,81
153,259,17
153,260,99
153,261,3
153,262,75
153,263,-52
153,264,9
153,265,-23
153,266,-100
153,267,19
153,268,60
153,269,-66
153,270,81
153,271,-45
153,272,42
153,273,96
153,274,-97
153,275,9
153,276,-17
153,277,91
153,278,-79
153,279,-77
153,280,74
153,281,-26
153,282,9
153,283,33
153,284,54
153,285,37
153,286,66
153,287,9
153,288,-11
153,289,-64
153,290,-47
153,291,-50
153,292,-41
153,293,-29
153,294,27
153,295,-50
153,296,-39
153,297,-52
153,298,78
153,299,-73
154,0,63
154,1,52
154,2,63
154,3,-24
154,4,87
154,5,-94
154,6,-36
154,7,22
154,8,-65
154,9,-28
154,10,-71
154,11,-54
154,12,-10
154,13,-72
154,14,-96
154,15,-36
154,16,14
154,17,96
154,18,-38
154,19,-8
154,20,83
154,21,-84
154,22,26
154,23,-50
154,24,12
154,25,-64
154,26,-13
154,27,15
154,28,24
154,29,36
154,30,-63
154,31,-48
154,32,40
154,33,-11
154,34,-48
154,35,18
154,36,18
154,37,-52
154,38,21
154,39,-31
154,40,62
154,41,-85
154,42,-88
154,43,20
154,44,38
154,45,-14
154,46,29
154,47,-7
154,48,-82
154,49,3
154,50,-56
154,51,73
154,52,-54
154,53,76
154,54,-22
154,55,-59
154,56,60
154,57,7
154,58,68
154,59,18
154,60,96
154,61,-15
154,62,10
154,63,-82
154,64,-62
154,65,34
154,66,-62
154,67,-3
154,68,-67
154,69,71
154,70,96
154,71,-33
154,72,90
154,73,98
154,74,-53
154,75,-98
154,76,61
154,77,12
154,78,36
154,79,-40
154,80,47
154,81,67
154,82,24
154,83,-89
154,84,2
154,85,-73
154,86,75
154,87,-26
154,88,34
154,89,-19
154,90,-18
154,91,41
154,92,46
154,93,-47
154,94,87
154,95,-34
154,96,61
154,97,-12
154,98,68
154,99,58
154,100,66
154,101,-23
154,102,79
154,103,74
154,104,-81
154,105,-5
154,106,79
154,107,-6
154,108,-30
154,109,89
154,110,32
154,111,84
154,112,31
154,113,38
154,114,-82
154,115,1
154,116,-74
154,117,-72
154,118,-83
154,119,64
154,120,88
154,121,74
154,122,-12
154,123,-81
154,124,-31
154,125,-1
154,126,76
154,127,42
154,128,-83
154,129,-63
154,130,19
154,131,-12
154,132,-17
154,133,49
154,134,3
154,135,87
154,136,10
154,137,93
154,138,-75
154,139,-37
154,140,-43
154,141,30
154,142,-71
154,143,-82
154,144,-91
154,145,-12
154,146,73
154,147,46
154,148,26
154,149,85
154,150,23
154,151,6
154,152,-16
154,153,-95
154,154,-50
154,155,41
154,156,-43
154,157,35
154,158,-99
154,159,-83
154,160,84
154,161,-9
154,162,62
154,163,93
154,164,-45
154,165,-58
154,166,-28
154,167,-29
154,168,16
154,169,-93
154,170,-96
154,171,-88
154,172,-94
154,173,-80
154,174,-64
154,175,72
154,176,79
154,177,75
154,178,-39
154,179,0
154,180,18
154,181,78
154,182,31
154,183,19
154,184,-15
154,185,83
154,186,-26
154,187,-67
154,188,-56
154,189,43
154,190,36
154,191,-85
154,192,-6
154,193,58
154,194,40
154,195,27
154,196,-96
154,197,22
154,198,26
154,199,74
154,200,66
154,201,-83
154,202,47
154,203,29
154,204,-61
154,205,57
154,206,-91
154,207,-37
154,208,-59
154,209,80
154,210,-8
154,211,80
154,212,-61
154,213,43
154,214,75
154,215,24
154,216,-40
154,217,65
154,218,13
154,219,-57
154,220,42
154,221,-6
154,222,-40
154,223,-94
154,224,23
154,225,-71
154,226,63
154,227,12
154,228,-11
154,229,38
154,230,22
154,231,97
154,232,5
154,233,56
154,234,-9
154,235,-8
154,236,33
154,237,11
154,238,-50
154,239,-21
154,240,9
154,241,-63
154,242,-79
154,243,-11
154,244,81
154,245,67
154,246,34
154,247,9
154,248,67
154,249,6
154,250,23
154,251,-77
154,252,-60
154,253,-50
154,254,66
154,255,1
154,256,13
154,257,70
154,258,-32
154,259,86
154,260,52
154,261,-7
154,262,19
154,263,-76
154,264,51
154,265,89
154,266,3
154,267,-58
154,268,-42
154,269,-47
154,270,-22
154,271,53
154,272,-47
154,273,88
154,274,-26
154,275,-8
154,276,71
154,277,36
154,278,-59
154,279,56
154,280,-22
154,281,-20
154,282,-43
154,283,-15
154,284,90
154,285,76
154,286,6
154,287,38
154,288,1
154,289,-47
154,290,-71
154,291,93
154,292,-36
154,293,-43
154,294,84
154,295,-64
154,296,17
154,297,81
154,298,-28
154,299,-32
155,0,51
155,1,-38
155,2,-7
155,3,78
155,4,-86
155,5,74
155,6,73
155,7,-71
155,8,12
155,9,-22
155,10,47
155,11,-44
155,12,76
155,13,-45
155,14,-45
155,15,52
155,16,-92
155,17,-79
155,18,-24
155,19,64
155,20,23
155,21,-73
155,22,41
155,23,57
155,24,66
155,25,84
155,26,32
155,27,-89
155,28,62
155,29,68
155,30,-38
155,31,69
155,32,24
155,33,92
155,34,92
155,35,5
155,36,70
155,37,87
155,38,47
155,39,-3
155,40,18
155,41,90
155,42,18
155,43,51
155,44,99
155,45,62
155,46,-60
155,47,21
155,48,-85
155,49,21
155,50,-21
155,51,5
155,52,-95
155,53,-81
155,54,83
155,55,35
155,56,-4
155,57,-95
155,58,-93
155,59,89
155,60,-87
155,61,30
155,62,29
155,63,-79
155,64,-16
155,65,97
155,66,98
155,67,33
155,68,77
155,69,-57
155,70,-93
155,71,-77
155,72,-74
155,73,80
155,74,-50
155,75,55
155,76,86
155,77,-32
155,78,-76
155,79,-57
155,80,74
155,81,18
155,82,8
155,83,19
155,84,-88
155,85,80
155,86,-48
155,87,-64
155,88,90
155,89,93
155,90,14
155,91,-61
155,92,-23
155,93,88
155,94,-6
155,95,33
155,96,-76
155,97,2
155,98,-55
155,99,58
155,100,1
155,101,90
155,102,-10
155,103,-7
155,104,-33
155,105,-62
155,106,-21
155,107,63
155,108,34
155,109,-16
155,110,-35
155,111,-46
155,112,-29
155,113,-59
155,114,54
155,115,29
155,116,-31
155,117,31
155,118,-80
155,119,-100
155,120,65
155,121,-41
155,122,-25
155,123,-10
155,124,41
155,125,-13
155,126,-19
155,127,-84
155,128,-28
155,129,74
155,130,-45
155,131,26
155,132,-48
155,133,27
155,134,45
155,135,96
155,136,-53
155,137,36
155,138,-47
155,139,62
155,140,73
155,141,-100
155,142,-60
155,143,-28
155,144,59
155,145,-24
155,146,-61
155,147,38
155,148,89
155,149,73
155,150,-53
155,151,-58
155,152,78
155,153,88
155,154,-59
155,155,53
155,156,3
155,157,-90
155,158,-76
155,159,-61
155,160,-76
155,161,-17
155,162,5
155,163,18
155,164,7
155,165,-27
155,166,79
155,167,12
155,168,30
155,169,-62
155,170,-10
155,171,62
155,172,67
155,173,-79
155,174,89
155,175,-82
155,176,-87
155,177,8
155,178,77
155,179,89
155,180,-58
155,181,-46
155,182,67
155,183,-89
155,184,92
155,185,61
155,186,7
155,187,-18
155,188,-78
155,189,98
155,190,34
155,191,92
155,192,45
155,193,35
155,194,-12
155,195,-59
155,196,-8
155,197,-8
155,198,-100
155,199,-22
155,200,42
155,201,55
155,202,63
155,203,5
155,204,-55
155,205,-80
155,206,76
155,207,66
155,208,-63
155,209,-92
155,210,-81
155,211,-17
155,212,-93
155,213,-87
155,214,-39
155,215,62
155,216,-46
155,217,-56
155,218,48
155,219,-48
155,220,81
155,221,-15
155,222,70
155,223,-95
155,224,82
155,225,-57
155,226,-10
155,227,95
155,228,-97
155,229,20
155,230,-38
155,231,-9
155,232,85
155,233,81
155,234,-20
155,235,-63
155,236,87
155,237,-49
155,238,56
155,239,67
155,240,98
155,241,-93
155,242,4
155,243,62
155,244,14
155,245,22
155,246,-85
155,247,-83
155,248,86
155,249,-67
155,250,31
155,251,96
155,252,26
155,253,92
155,254,-40
155,255,-55
155,256,48
155,257,-24
155,258,22
155,259,65
155,260,-28
155,261,-15
155,262,-20
155,263,87
155,264,63
155,265,33
155,266,66
155,267,56
155,268,54
155,269,-32
155,270,36
155,271,51
155,272,90
155,273,46
155,274,-4
155,275,22
155,276,57
155,277,85
155,278,67
155,279,18
155,280,95
155,281,-69
155,282,12
155,283,-36
155,284,61
155,285,-16
155,286,58
155,287,-42
155,288,-75
155,289,49
155,290,61
155,291,20
155,292,-88
155,293,-46
155,294,35
155,295,89
155,296,49
155,297,-45
155,298,-17
155,299,48
156,0,-3
156,1,76
156,2,-7
156,3,33
156,4,-66
156,5,54
156,6,25
156,7,12
156,8,67
156,9,-87
156,10,-27
156,11,-49
156,12,5
156,13,-61
156,14,-58
156,15,11
156,16,85
156,17,-98
156,18,42
156,19,72
156,20,-6
156,21,38
156,22,66
156,23,-82
156,24,47
156,25,98
156,26,-45
156,27,-23
156,28,17
156,29,31
156,30,-92
156,31,52
156,32,74
156,33,-52
156,34,54
156,35,-73
156,36,89
156,37,-85
156,38,-14
156,39,73
156,40,73
156,41,67
156,42,-18
156,43,-67
156,44,37
156,45,-100
156,46,-35
156,47,14
156,48,44
156,49,-54
156,50,-77
156,51,77
156,52,3
156,53,-72
156,54,-29
156,55,-15
156,56,3
156,57,40
156,58,91
156,59,55
156,60,32
156,61,-27
156,62,36
156,63,41
156,64,1
156,65,37
156,66,60
156,67,-26
156,68,-61
156,69,33
156,70,-84
156,71,63
156,72,-31
156,73,-40
156,74,10
156,75,76
156,76,96
156,77,-18
156,78,98
156,79,-77
156,80,-50
156,81,69
156,82,46
156,83,-39
156,84,-34
156,85,-71
156,86,6
156,87,65
156,88,33
156,89,10
156,90,49
156,91,20
156,92,-90
156,93,-29
156,94,-10
156,95,-72
156,96,18
156,97,18
156,98,-93
156,99,-21
156,100,62
156,101,-29
156,102,99
156,103,72
156,104,-68
156,105,-96
156,106,89
156,107,64
156,108,44
156,109,-79
156,110,-23
156,111,59
156,112,-87
156,113,47
156,114,49
156,115,-71
156,116,81
156,117,60
156,118,-96
156,119,-83
156,120,-38
156,121,73
156,122,34
156,123,56
156,124,-44
156,125,74
156,126,-92
156,127,86
156,128,11
156,129,4
156,130,22
156,131,-30
156,132,98
156,133,12
156,134,70
156,135,-42
156,136,-95
156,137,9
156,138,10
156,139,-48
156,140,-37
156,141,-97
156,142,-100
156,143,-31
156,144,-70
156,145,-36
156,146,16
156,147,96
156,148,-82
156,149,96
156,150,17
156,151,-32
156,152,76
156,153,-70
156,154,87
156,155,98
156,156,-22
156,157,-46
156,158,26
156,159,-24
156,160,-10
156,161,65
156,162,60
156,163,-95
156,164,40
156,165,-81
156,166,-1
156,167,64
156,168,-56
156,169,-20
156,170,-42
156,171,-49
156,172,45
156,173,-76
156,174,22
156,175,28
156,176,-60
156,177,1
156,178,-83
156,179,28
156,180,66
156,181,58
156,182,1
156,183,-30
156,184,65
156,185,-93
156,186,61
156,187,-28
156,188,-12
156,189,-74
156,190,68
156,191,-94
156,192,-69
156,193,-28
156,194,-2
156,195,11
156,196,43
156,197,29
156,198,70
156,199,-70
156,200,-21
156,201,74
156,202,-68
156,203,44
156,204,-2
156,205,-47
156,206,-47
156,207,78
156,208,79
156,209,34
156,210,81
156,211,38
156,212,89
156,213,-71
156,214,-19
156,215,-44
156,216,73
156,217,-31
156,218,-35
156,219,82
156,220,6
156,221,85
156,222,-91
156,223,31
156,224,-27
156,225,-28
156,226,-39
156,227,8
156,228,70
156,229,-59
156,230,-77
156,231,-96
156,232,-2
156,233,95
156,234,-2
156,235,19
156,236,-24
156,237,0
156,238,-5
156,239,72
156,240,86
156,241,19
156,242,-36
156,243,90
156,244,20
156,245,-11
156,246,94
156,247,76
156,248,14
156,249,-24
156,250,-69
156,251,11
156,252,77
156,253,85
156,254,-49
156,255,-78
156,256,-71
156,257,-31
156,258,-30
156,259,10
156,260,57
156,261,-64
156,262,-53
156,263,59
156,264,-31
156,265,-66
156,266,-33
156,267,59
156,268,-42
156,269,17
156,270,62
156,271,11
156,272,43
156,273,18
156,274,14
156,275,4
156,276,79
156,277,-35
156,278,-95
156,279,-87
156,280,56
156,281,5
156,282,53
156,283,-83
156,284,-97
156,285,-44
156,286,18
156,287,-48
156,288,1
156,289,-76
156,290,74
156,291,79
156,292,61
156,293,43
156,294,-7
156,295,26
156,296,23
156,297,-65
156,298,55
156,299,92
157,0,-29
157,1,-48
157,2,69
157,3,-22
157,4,-3
157,5,46
157,6,-57
157,7,-71
157,8,-27
157,9,71
157,10,16
157,11,54
157,12,-17
157,13,-28
157,14,-67
157,15,26
157,16,-16
157,17,51
157,18,-45
157,19,-94
157,20,95
157,21,-50
157,22,35
157,23,83
157,24,-43
157,25,-16
157,26,-32
157,27,-93
157,28,93
157,29,51
157,30,69
157,31,-47
157,32,43
157,33,31
157,34,-42
157,35,-7
157,36,-55
157,37,-7
157,38,-2
157,39,-88
157,40,-64
157,41,81
157,42,76
157,43,-26
157,44,-43
157,45,-82
157,46,45
157,47,87
157,48,44
157,49,38
157,50,42
157,51,99
157,52,7
157,53,44
157,54,-11
157,55,19
157,56,-96
157,57,88
157,58,31
157,59,-45
157,60,3
157,61,-53
157,62,-53
157,63,62
157,64,8
157,65,60
157,66,-1
157,67,-80
157,68,1
157,69,-96
157,70,91
157,71,96
157,72,48
157,73,-12
157,74,-27
157,75,21
157,76,59
157,77,45
157,78,-43
157,79,-3
157,80,-22
157,81,51
157,82,-96
157,83,26
157,84,80
157,85,-5
157,86,82
157,87,32
157,88,96
157,89,21
157,90,68
157,91,-3
157,92,34
157,93,-11
157,94,28
157,95,-49
157,96,-3
157,97,-75
157,98,20
157,99,90
157,100,-89
157,101,-31
157,102,-17
157,103,-82
157,104,31
157,105,-5
157,106,-96
157,107,20
157,108,27
157,109,-47
157,110,97
157,111,84
157,112,79
157,113,-83
157,114,-37
157,115,37
157,116,-78
157,117,19
157,118,14
157,119,-19
157,120,95
157,121,79
157,122,-5
157,123,74
157,124,97
157,125,-75
157,126,97
157,127,-2
157,128,70
157,129,96
157,130,90
157,131,-35
157,132,3
157,133,90
157,134,40
157,135,78
157,136,-96
157,137,74
157,138,63
157,139,63
157,140,77
157,141,83
157,142,-82
157,143,-81
157,144,49
157,145,-70
157,146,4
157,147,89
157,148,-57
157,149,95
157,150,94
157,151,0
157,152,-12
157,153,-52
157,154,-42
157,155,31
157,156,16
157,157,66
157,158,34
157,159,98
157,160,76
157,161,-12
157,162,-86
157,163,-94
157,164,74
157,165,15
157,166,95
157,167,-3
157,168,17
157,169,72
157,170,7
157,171,5
157,172,46
157,173,-54
157,174,-48
157,175,54
157,176,32
157,177,-41
157,178,-24
157,179,-39
157,180,-42
157,181,88
157,182,-45
157,183,-23
157,184,-54
157,185,75
157,186,37
157,187,59
157,188,92
157,189,-77
157,190,-72
157,191,34
157,192,-6
157,193,44
157,194,-7
157,195,-76
157,196,-65
157,197,88
157,198,-30
157,199,62
157,200,19
157,201,-51
157,202,83
157,203,27
157,204,92
157,205,-60
157,206,-76
157,207,61
157,208,35
157,209,-45
157,210,-17
157,211,57
157,212,-33
157,213,-80
157,214,-10
157,215,-91
157,216,-14
157,217,-68
157,218,4
157,219,-18
157,220,-97
157,221,-78
157,222,96
157,223,-48
157,224,12
157,225,32
157,226,-83
157,227,-84
157,228,85
157,229,94
157,230,6
157,231,12
157,232,21
157,233,99
157,234,83
157,235,67
157,236,-14
157,237,-99
157,238,20
157,239,2
157,240,48
157,241,79
157,242,51
157,243,-48
157,244,65
157,245,47
157,246,-51
157,247,66
157,248,-41
157,249,13
157,250,7
157,251,-62
157,252,-30
157,253,27
157,254,-68
157,255,56
157,256,-27
157,257,-91
157,258,94
157,259,30
157,260,8
157,261,58
157,262,-74
157,263,97
157,264,-74
157,265,10
157,266,-92
157,267,-95
157,268,33
157,269,-75
157,270,-58
157,271,-82
157,272,-85
157,273,4
157,274,-78
157,275,56
157,276,65
157,277,-42
157,278,-53
157,279,47
157,280,-80
157,281,55
157,282,77
157,283,-68
157,284,13
157,285,-61
157,286,81
157,287,-91
157,288,61
157,289,-28
157,290,-65
157,291,-26
157,292,34
157,293,14
157,294,-85
157,295,78
157,296,88
157,297,58
157,298,59
157,299,-56
158,0,-74
158,1,-79
158,2,42
158,3,-93
158,4,95
158,5,15
158,6,35
158,7,-14
158,8,16
158,9,-85
158,10,75
158,11,61
158,12,12
158,13,-44
158,14,32
158,15,-57
158,16,-30
158,17,-64
158,18,23
158,19,-73
158,20,-33
158,21,12
158,22,65
158,23,-55
158,24,-1
158,25,-75
158,26,-26
158,27,80
158,28,90
158,29,11
158,30,-38
158,31,11
158,32,65
158,33,42
158,34,-2
158,35,-92
158,36,-26
158,37,-79
158,38,97
158,39,83
158,40,-64
158,41,-44
158,42,87
158,43,13
158,44,39
158,45,34
158,46,93
158,47,2
158,48,-60
158,49,51
158,50,52
158,51,89
158,52,4
158,53,5
158,54,-57
158,55,29
158,56,69
158,57,60
158,58,44
158,59,21
158,60,90
158,61,49
158,62,-100
158,63,-7
158,64,97
158,65,81
158,66,-87
158,67,-1
158,68,1
158,69,-48
158,70,-95
158,71,-11
158,72,-37
158,73,-13
158,74,-68
158,75,-29
158,76,-57
158,77,6
158,78,-67
158,79,61
158,80,51
158,81,-99
158,82,35
158,83,16
158,84,52
158,85,20
158,86,-69
158,87,-45
158,88,-7
158,89,-94
158,90,75
158,91,-13
158,92,81
158,93,90
158,94,29
158,95,-66
158,96,-3
158,97,-79
158,98,91
158,99,-42
158,100,76
158,101,-49
158,102,48
158,103,39
158,104,-90
158,105,81
158,106,21
158,107,97
158,108,-87
158,109,-68
158,110,1
158,111,-24
158,112,-75
158,113,41
158,114,75
158,115,-36
158,116,-55
158,117,26
158,118,82
158,119,-7
158,120,-27
158,121,27
158,122,-27
158,123,95
158,124,39
158,125,81
158,126,91
158,127,1
158,128,-54
158,129,64
158,130,68
158,131,-74
158,132,69
158,133,-15
158,134,-33
158,135,56
158,136,63
158,137,8
158,138,-44
158,139,39
158,140,72
158,141,47
158,142,-56
158,143,-78
158,144,89
158,145,-67
158,146,-80
158,147,78
158,148,36
158,149,12
158,150,-91
158,151,-49
158,152,-56
158,153,79
158,154,-71
158,155,91
158,156,29
158,157,76
158,158,-5
158,159,72
158,160,-84
158,161,-73
158,162,25
158,163,-56
158,164,-84
158,165,86
158,166,41
158,167,15
158,168,37
158,169,-20
158,170,-83
158,171,-66
158,172,75
158,173,-43
158,174,14
158,175,-83
158,176,79
158,177,57
158,178,-64
158,179,-61
158,180,-95
158,181,-22
158,182,62
158,183,53
158,184,4
158,185,-10
158,186,57
158,187,-26
158,188,15
158,189,51
158,190,21
158,191,-46
158,192,-92
158,193,5
158,194,-39
158,195,10
158,196,45
158,197,-50
158,198,2
158,199,-82
158,200,-32
158,201,16
158,202,-19
158,203,22
158,204,-68
158,205,7
158,206,65
158,207,-88
158,208,76
158,209,-28
158,210,-11
158,211,80
158,212,28
158,213,-89
158,214,51
158,215,28
158,216,-33
158,217,34
158,218,15
158,219,-9
158,220,96
158,221,-62
158,222,-69
158,223,76
158,224,58
158,225,7
158,226,-22
158,227,-98
158,228,9
158,229,74
158,230,10
158,231,-86
158,232,-50
158,233,6
158,234,-80
158,235,-60
158,236,19
158,237,-98
158,238,28
158,239,48
158,240,-21
158,241,-2
158,242,48
158,243,4
158,244,-6
158,245,76
158,246,-36
158,247,-60
158,248,-34
158,249,23
158,250,-59
158,251,-32
158,252,84
158,253,70
158,254,0
158,255,39
158,256,-37
158,257,7
158,258,-50
158,259,-28
158,260,-41
158,261,98
158,262,-21
158,263,55
158,264,23
158,265,98
158,266,-87
158,267,59
158,268,-93
158,269,-74
158,270,-51
158,271,86
158,272,-44
158,273,-98
158,274,54
158,275,-67
158,276,-75
158,277,67
158,278,14
158,279,-15
158,280,59
158,281,68
158,282,29
158,283,10
158,284,99
158,285,5
158,286,34
158,287,-82
158,288,-68
158,289,-99
158,290,94
158,291,-86
158,292,-80
158,293,-23
158,294,-42
158,295,3
158,296,-19
158,297,17
158,298,12
158,299,-62
159,0,-81
159,1,-100
159,2,-28
159,3,-92
159,4,-50
159,5,65
159,6,-86
159,7,-17
159,8,-60
159,9,74
159,10,53
159,11,-47
159,12,18
159,13,97
159,14,66
159,15,-84
159,16,97
159,17,27
159,18,-9
159,19,-92
159,20,-55
159,21,33
159,22,95
159,23,-85
159,24,11
159,25,-14
159,26,56
159,27,68
159,28,95
159,29,-39
159,30,3
159,31,19
159,32,67
159,33,89
159,34,51
159,35,33
159,36,-61
159,37,97
159,38,-43
159,39,41
159,40,-23
159,41,72
159,42,10
159,43,-2
159,44,-95
159,45,-78
159,46,-39
159,47,-84
159,48,-17
159,49,11
159,50,97
159,51,3
159,52,24
159,53,-73
159,54,40
159,55,56
159,56,72
159,57,-81
159,58,85
159,59,16
159,60,-47
159,61,8
159,62,-37
159,63,-49
159,64,-58
159,65,-14
159,66,-83
159,67,-17
159,68,-47
159,69,-41
159,70,22
159,71,-30
159,72,28
159,73,12
159,74,-64
159,75,-52
159,76,-66
159,77,4
159,78,94
159,79,-66
159,80,-92
159,81,64
159,82,-41
159,83,-45
159,84,5
159,85,10
159,86,-12
159,87,-89
159,88,-30
159,89,-30
159,90,18
159,91,31
159,92,88
159,93,72
159,94,-6
159,95,77
159,96,-51
159,97,2
159,98,75
159,99,-78
159,100,-11
159,101,-8
159,102,-93
159,103,-72
159,104,70
159,105,-48
159,106,33
159,107,-77
159,108,19
159,109,23
159,110,41
159,111,-49
159,112,-31
159,113,-97
159,114,85
159,115,15
159,116,-64
159,117,-53
159,118,21
159,119,-62
159,120,-9
159,121,-35
159,122,-88
159,123,93
159,124,-41
159,125,25
159,126,68
159,127,-69
159,128,79
159,129,32
159,130,94
159,131,-35
159,132,-23
159,133,79
159,134,25
159,135,76
159,136,-72
159,137,65
159,138,-31
159,139,35
159,140,86
159,141,-46
159,142,9
159,143,-99
159,144,53
159,145,-38
159,146,-84
159,147,-42
159,148,-13
159,149,-85
159,150,-43
159,151,91
159,152,-51
159,153,53
159,154,-84
159,155,13
159,156,-55
159,157,5
159,158,26
159,159,95
159,160,-51
159,161,70
159,162,17
159,163,75
159,164,-33
159,165,46
159,166,52
159,167,99
159,168,45
159,169,-50
159,170,45
159,171,11
159,172,85
159,173,-37
159,174,98
159,175,84
159,176,44
159,177,-42
159,178,94
159,179,42
159,180,-1
159,181,-75
159,182,75
159,183,-87
159,184,21
159,185,-92
159,186,-94
159,187,82
159,188,39
159,189,44
159,190,7
159,191,35
159,192,-10
159,193,23
159,194,69
159,195,64
159,196,47
159,197,-100
159,198,-92
159,199,10
159,200,-77
159,201,24
159,202,61
159,203,-65
159,204,-97
159,205,56
159,206,-14
159,207,43
159,208,-93
159,209,-10
159,210,-62
159,211,-43
159,212,39
159,213,71
159,214,-97
159,215,-76
159,216,97
159,217,-34
159,218,66
159,219,17
159,220,-77
159,221,-95
159,222,-4
159,223,-29
159,224,60
159,225,75
159,226,94
159,227,23
159,228,-99
159,229,-63
159,230,-61
159,231,-45
159,232,2
159,233,2
159,234,-80
159,235,14
159,236,-66
159,237,-34
159,238,87
159,239,50
159,240,92
159,241,90
159,242,50
159,243,22
159,244,-59
159,245,91
159,246,93
159,247,-20
159,248,-60
159,249,13
159,250,-81
159,251,-92
159,252,-44
159,253,23
159,254,44
159,255,-23
159,256,-83
159,257,-38
159,258,99
159,259,-8
159,260,99
159,261,-75
159,262,99
159,263,-17
159,264,99
159,265,-88
159,266,18
159,267,44
159,268,14
159,269,-75
159,270,33
159,271,-20
159,272,31
159,273,-12
159,274,-94
159,275,-84
159,276,-15
159,277,27
159,278,17
159,279,-9
159,280,-51
159,281,27
159,282,-95
159,283,57
159,284,-27
159,285,-45
159,286,-62
159,287,41
159,288,-47
159,289,-79
159,290,84
159,291,-60
159,292,-11
159,293,-91
159,294,-99
159,295,94
159,296,-53
159,297,-59
159,298,38
159,299,39
160,0,41
160,1,-71
160,2,-41
160,3,57
160,4,-63
160,5,-26
160,6,-36
160,7,74
160,8,-62
160,9,76
160,10,-28
160,11,-43
160,12,6
160,13,-12
160,14,-84
160,15,33
160,16,42
160,17,94
160,18,-6
160,19,55
160,20,71
160,21,45
160,22,59
160,23,96
160,24,71
160,25,-31
160,26,-38
160,27,-43
160,28,74
160,29,25
160,30,44
160,31,66
160,32,86
160,33,34
160,34,-38
160,35,16
160,36,84
160,37,61
160,38,-48
160,39,93
160,40,-19
160,41,75
160,42,87
160,43,-58
160,44,-97
160,45,-26
160,46,-7
160,47,6
160,48,-10
160,49,-8
160,50,79
160,51,59
160,52,12
160,53,-11
160,54,-7
160,55,78
160,56,37
160,57,39
160,58,66
160,59,95
160,60,37
160,61,-9
160,62,4
160,63,-28
160,64,-91
160,65,3
160,66,50
160,67,40
160,68,-53
160,69,8
160,70,-12
160,71,-57
160,72,-8
160,73,-37
160,74,-61
160,75,33
160,76,19
160,77,-29
160,78,-3
160,79,70
160,80,-69
160,81,76
160,82,-27
160,83,22
160,84,46
160,85,-17
160,86,-49
160,87,79
160,88,-67
160,89,86
160,90,-20
160,91,7
160,92,25
160,93,-96
160,94,93
160,95,-60
160,96,-67
160,97,81
160,98,-81
160,99,81
160,100,-35
160,101,-9
160,102,45
160,103,-57
160,104,2
160,105,-53
160,106,-66
160,107,10
160,108,-62
160,109,-98
160,110,-82
160,111,24
160,112,45
160,113,-18
160,114,-96
160,115,-46
160,116,-88
160,117,61
160,118,-83
160,119,-33
160,120,-1
160,121,99
160,122,70
160,123,92
160,124,68
160,125,-63
160,126,65
160,127,40
160,128,24
160,129,-79
160,130,-72
160,131,36
160,132,9
160,133,7
160,134,-33
160,135,3
160,136,44
160,137,64
160,138,91
160,139,94
160,140,31
160,141,-61
160,142,43
160,143,38
160,144,-75
160,145,-6
160,146,-3
160,147,99
160,148,2
160,149,92
160,150,24
160,151,-99
160,152,-10
160,153,-56
160,154,70
160,155,-98
160,156,61
160,157,-21
160,158,92
160,159,-37
160,160,34
160,161,-66
160,162,-79
160,163,75
160,164,59
160,165,-75
160,166,19
160,167,-95
160,168,73
160,169,82
160,170,17
160,171,82
160,172,-16
160,173,84
160,174,20
160,175,-38
160,176,28
160,177,48
160,178,-81
160,179,-72
160,180,-58
160,181,72
160,182,-36
160,183,30
160,184,-5
160,185,-81
160,186,-20
160,187,-64
160,188,-63
160,189,-56
160,190,69
160,191,-55
160,192,-41
160,193,-5
160,194,-88
160,195,-70
160,196,23
160,197,-33
160,198,15
160,199,-39
160,200,76
160,201,45
160,202,-26
160,203,5
160,204,-48
160,205,45
160,206,-50
160,207,68
160,208,0
160,209,0
160,210,94
160,211,92
160,212,-18
160,213,22
160,214,33
160,215,64
160,216,-89
160,217,-20
160,218,-99
160,219,-48
160,220,52
160,221,55
160,222,72
160,223,-64
160,224,44
160,225,-32
160,226,-45
160,227,20
160,228,-43
160,229,-97
160,230,2
160,231,82
160,232,-52
160,233,-63
160,234,-56
160,235,7
160,236,57
160,237,-64
160,238,83
160,239,54
160,240,-69
160,241,38
160,242,-43
160,243,-24
160,244,62
160,245,-84
160,246,57
160,247,45
160,248,-71
160,249,-11
160,250,18
160,251,-85
160,252,-26
160,253,81
160,254,-97
160,255,26
160,256,4
160,257,42
160,258,54
160,259,-97
160,260,62
160,261,-16
160,262,-38
160,263,-1
160,264,-35
160,265,-62
160,266,55
160,267,61
160,268,60
160,269,77
160,270,87
160,271,-29
160,272,-29
160,273,-59
160,274,-15
160,275,-10
160,276,-73
160,277,54
160,278,18
160,279,28
160,280,-10
160,281,-93
160,282,20
160,283,-55
160,284,-77
160,285,14
160,286,67
160,287,78
160,288,18
160,289,-77
160,290,-79
160,291,-33
160,292,35
160,293,-43
160,294,-86
160,295,-93
160,296,69
160,297,66
160,298,-66
160,299,68
161,0,-53
161,1,-5
161,2,-30
161,3,-57
161,4,-4
161,5,-66
161,6,-74
161,7,92
161,8,-31
161,9,-35
161,10,-30
161,11,99
161,12,90
161,13,-21
161,14,-72
161,15,-70
161,16,91
161,17,80
161,18,-33
161,19,-76
161,20,16
161,21,40
161,22,-20
161,23,67
161,24,99
161,25,-14
161,26,34
161,27,59
161,28,-77
161,29,-100
161,30,10
161,31,-54
161,32,78
161,33,-65
161,34,54
161,35,97
161,36,-59
161,37,-25
161,38,-11
161,39,-12
161,40,-33
161,41,-31
161,42,9
161,43,25
161,44,40
161,45,52
161,46,-6
161,47,-79
161,48,-80
161,49,42
161,50,94
161,51,64
161,52,-56
161,53,53
161,54,10
161,55,82
161,56,77
161,57,62
161,58,68
161,59,-29
161,60,15
161,61,-90
161,62,-13
161,63,35
161,64,-47
161,65,28
161,66,-81
161,67,-1
161,68,-67
161,69,-44
161,70,40
161,71,24
161,72,81
161,73,-48
161,74,-49
161,75,33
161,76,-65
161,77,52
161,78,-10
161,79,85
161,80,82
161,81,-6
161,82,-98
161,83,-73
161,84,21
161,85,95
161,86,65
161,87,-67
161,88,-17
161,89,40
161,90,10
161,91,-96
161,92,27
161,93,87
161,94,-13
161,95,14
161,96,1
161,97,-84
161,98,84
161,99,-70
161,100,-9
161,101,92
161,102,93
161,103,60
161,104,3
161,105,-8
161,106,31
161,107,-19
161,108,-46
161,109,51
161,110,59
161,111,-28
161,112,-54
161,113,43
161,114,48
161,115,-7
161,116,-34
161,117,-4
161,118,58
161,119,19
161,120,41
161,121,33
161,122,96
161,123,56
161,124,82
161,125,-64
161,126,86
161,127,63
161,128,9
161,129,86
161,130,-23
161,131,91
161,132,70
161,133,17
161,134,-59
161,135,-27
161,136,24
161,137,-41
161,138,89
161,139,-37
161,140,-43
161,141,-99
161,142,-23
161,143,-30
161,144,19
161,145,-93
161,146,83
161,147,63
161,148,96
161,149,-88
161,150,-62
161,151,1
161,152,-20
161,153,-95
161,154,-82
161,155,52
161,156,30
161,157,4
161,158,-48
161,159,-73
161,160,53
161,161,-54
161,162,35
161,163,-44
161,164,-46
161,165,-22
161,166,-100
161,167,67
161,168,-78
161,169,81
161,170,-59
161,171,77
161,172,-97
161,173,-93
161,174,63
161,175,-91
161,176,15
161,177,57
161,178,-1
161,179,-85
161,180,57
161,181,-37
161,182,7
161,183,20
161,184,38
161,185,61
161,186,-46
161,187,-18
161,188,-97
161,189,76
161,190,-57
161,191,58
161,192,-53
161,193,-2
161,194,-3
161,195,-75
161,196,2
161,197,97
161,198,-4
161,199,-89
161,200,-56
161,201,35
161,202,-92
161,203,-100
161,204,32
161,205,-30
161,206,-47
161,207,3
161,208,51
161,209,53
161,210,-91
161,211,88
161,212,-61
161,213,-57
161,214,11
161,215,-89
161,216,-79
161,217,54
161,218,94
161,219,-19
161,220,96
161,221,41
161,222,52
161,223,-49
161,224,11
161,225,17
161,226,-42
161,227,-63
161,228,-81
161,229,-23
161,230,-81
161,231,83
161,232,0
161,233,9
161,234,-71
161,235,6
161,236,-60
161,237,-17
161,238,-30
161,239,-38
161,240,96
161,241,-6
161,242,-72
161,243,-24
161,244,71
161,245,-22
161,246,-18
161,247,-44
161,248,51
161,249,46
161,250,-84
161,251,11
161,252,96
161,253,88
161,254,31
161,255,49
161,256,-95
161,257,57
161,258,-8
161,259,-26
161,260,38
161,261,-53
161,262,-55
161,263,54
161,264,46
161,265,-15
161,266,-9
161,267,-42
161,268,23
161,269,95
161,270,81
161,271,-18
161,272,44
161,273,-51
161,274,67
161,275,-1
161,276,-14
161,277,13
161,278,38
161,279,21
161,280,-87
161,281,-88
161,282,-13
161,283,-21
161,284,55
161,285,71
161,286,-38
161,287,2
161,288,5
161,289,88
161,290,-84
161,291,-51
161,292,53
161,293,34
161,294,22
161,295,-22
161,296,-85
161,297,-84
161,298,-11
161,299,62
162,0,-17
162,1,-17
162,2,50
162,3,96
162,4,-92
162,5,-83
162,6,-26
162,7,75
162,8,-29
162,9,-10
162,10,-35
162,11,-78
162,12,37
162,13,-63
162,14,27
162,15,-42
162,16,-33
162,17,-16
162,18,18
162,19,70
162,20,-89
162,21,11
162,22,15
162,23,80
162,24,41
162,25,-49
162,26,-17
162,27,10
162,28,99
162,29,-40
162,30,68
162,31,-80
162,32,75
162,33,-45
162,34,-66
162,35,-57
162,36,-62
162,37,42
162,38,39
162,39,16
162,40,-93
162,41,23
162,42,0
162,43,-34
162,44,-7
162,45,-8
162,46,28
162,47,-21
162,48,-59
162,49,-70
162,50,21
162,51,-27
162,52,57
162,53,-58
162,54,-75
162,55,-89
162,56,26
162,57,3
162,58,86
162,59,-32
162,60,-28
162,61,-90
162,62,-54
162,63,-78
162,64,-20
162,65,70
162,66,-24
162,67,22
162,68,66
162,69,-28
162,70,-46
162,71,-83
162,72,-7
162,73,69
162,74,53
162,75,-83
162,76,27
162,77,-60
162,78,69
162,79,-68
162,80,-58
162,81,-87
162,82,82
162,83,-43
162,84,37
162,85,-73
162,86,-87
162,87,53
162,88,-27
162,89,44
162,90,61
162,91,-87
162,92,53
162,93,61
162,94,-77
162,95,3
162,96,-31
162,97,-81
162,98,66
162,99,20
162,100,72
162,101,-67
162,102,49
162,103,-30
162,104,-68
162,105,-95
162,106,-85
162,107,99
162,108,8
162,109,-78
162,110,45
162,111,-87
162,112,-51
162,113,-40
162,114,-65
162,115,-86
162,116,-96
162,117,-48
162,118,-53
162,119,-90
162,120,-99
162,121,-14
162,122,-77
162,123,-33
162,124,-22
162,125,-89
162,126,86
162,127,-34
162,128,59
162,129,-65
162,130,48
162,131,11
162,132,97
162,133,93
162,134,21
162,135,36
162,136,-57
162,137,-42
162,138,51
162,139,26
162,140,-38
162,141,-60
162,142,-25
162,143,6
162,144,29
162,145,-6
162,146,-73
162,147,43
162,148,-42
162,149,28
162,150,-15
162,151,-100
162,152,-70
162,153,-79
162,154,86
162,155,18
162,156,-73
162,157,15
162,158,-25
162,159,-74
162,160,-14
162,161,28
162,162,23
162,163,6
162,164,29
162,165,-6
162,166,-35
162,167,76
162,168,-82
162,169,55
162,170,97
162,171,66
162,172,-82
162,173,26
162,174,15
162,175,-37
162,176,-43
162,177,-84
162,178,97
162,179,-22
162,180,-60
162,181,-96
162,182,-78
162,183,96
162,184,25
162,185,-91
162,186,-33
162,187,39
162,188,10
162,189,37
162,190,-41
162,191,26
162,192,-71
162,193,13
162,194,51
162,195,-32
162,196,-88
162,197,-92
162,198,45
162,199,62
162,200,31
162,201,68
162,202,-75
162,203,24
162,204,-57
162,205,69
162,206,-91
162,207,4
162,208,5
162,209,-100
162,210,81
162,211,43
162,212,-55
162,213,40
162,214,-37
162,215,-23
162,216,-14
162,217,82
162,218,-38
162,219,45
162,220,-40
162,221,-9
162,222,22
162,223,-81
162,224,92
162,225,-37
162,226,-25
162,227,91
162,228,6
162,229,40
162,230,95
162,231,97
162,232,-44
162,233,-56
162,234,19
162,235,-15
162,236,-63
162,237,81
162,238,63
162,239,-34
162,240,20
162,241,25
162,242,-90
162,243,-3
162,244,54
162,245,-14
162,246,44
162,247,21
162,248,-3
162,249,-68
162,250,32
162,251,22
162,252,-20
162,253,-39
162,254,-36
162,255,98
162,256,24
162,257,94
162,258,-11
162,259,-57
162,260,20
162,261,41
162,262,-10
162,263,-44
162,264,-53
162,265,44
162,266,-57
162,267,31
162,268,-20
162,269,-4
162,270,-71
162,271,20
162,272,-16
162,273,82
162,274,57
162,275,45
162,276,-17
162,277,-3
162,278,-9
162,279,-28
162,280,71
162,281,89
162,282,-70
162,283,8
162,284,-85
162,285,-6
162,286,-24
162,287,50
162,288,41
162,289,-99
162,290,39
162,291,85
162,292,27
162,293,-9
162,294,83
162,295,-77
162,296,-64
162,297,-72
162,298,-59
162,299,-83
163,0,30
163,1,-88
163,2,5
163,3,56
163,4,93
163,5,-42
163,6,-9
163,7,75
163,8,-97
163,9,-50
163,10,32
163,11,66
163,12,-60
163,13,-96
163,14,35
163,15,83
163,16,52
163,17,-10
163,18,79
163,19,-49
163,20,34
163,21,88
163,22,-54
163,23,26
163,24,-19
163,25,-35
163,26,86
163,27,32
163,28,71
163,29,69
163,30,-40
163,31,90
163,32,-51
163,33,65
163,34,81
163,35,71
163,36,51
163,37,27
163,38,-38
163,39,66
163,40,39
163,41,90
163,42,2
163,43,-92
163,44,-22
163,45,-14
163,46,8
163,47,-79
163,48,-65
163,49,-27
163,50,55
163,51,-45
163,52,-2
163,53,56
163,54,-96
163,55,-97
163,56,78
163,57,-86
163,58,87
163,59,-75
163,60,-78
163,61,24
163,62,2
163,63,-72
163,64,-15
163,65,-44
163,66,-39
163,67,86
163,68,-53
163,69,10
163,70,-66
163,71,-55
163,72,-68
163,73,-30
163,74,-91
163,75,75
163,76,-57
163,77,25
163,78,13
163,79,97
163,80,22
163,81,-38
163,82,-52
163,83,99
163,84,-16
163,85,-60
163,86,-3
163,87,-62
163,88,6
163,89,50
163,90,-88
163,91,5
163,92,10
163,93,80
163,94,-31
163,95,-44
163,96,-25
163,97,94
163,98,75
163,99,-81
163,100,-39
163,101,72
163,102,-38
163,103,35
163,104,53
163,105,-63
163,106,-9
163,107,-2
163,108,7
163,109,4
163,110,68
163,111,6
163,112,1
163,113,29
163,114,-94
163,115,26
163,116,4
163,117,52
163,118,-50
163,119,-51
163,120,-37
163,121,39
163,122,80
163,123,-26
163,124,-91
163,125,88
163,126,82
163,127,-2
163,128,-33
163,129,69
163,130,-35
163,131,71
163,132,-73
163,133,6
163,134,9
163,135,10
163,136,-23
163,137,85
163,138,-8
163,139,29
163,140,82
163,141,-67
163,142,47
163,143,-54
163,144,17
163,145,27
163,146,-75
163,147,-17
163,148,-100
163,149,92
163,150,-4
163,151,-14
163,152,-26
163,153,7
163,154,-86
163,155,41
163,156,-46
163,157,28
163,158,-68
163,159,-31
163,160,-45
163,161,-78
163,162,-47
163,163,-11
163,164,30
163,165,-55
163,166,33
163,167,52
163,168,-84
163,169,55
163,170,59
163,171,-8
163,172,-78
163,173,43
163,174,-5
163,175,53
163,176,60
163,177,85
163,178,75
163,179,-18
163,180,-46
163,181,68
163,182,-39
163,183,44
163,184,1
163,185,-42
163,186,41
163,187,48
163,188,90
163,189,73
163,190,-46
163,191,-39
163,192,66
163,193,69
163,194,-53
163,195,2
163,196,-73
163,197,-17
163,198,33
163,199,-42
163,200,-11
163,201,-31
163,202,66
163,203,84
163,204,81
163,205,-41
163,206,44
163,207,67
163,208,-35
163,209,14
163,210,23
163,211,81
163,212,-30
163,213,-57
163,214,-17
163,215,94
163,216,-44
163,217,-65
163,218,-44
163,219,20
163,220,70
163,221,-57
163,222,-39
163,223,14
163,224,-18
163,225,-40
163,226,-7
163,227,-90
163,228,-24
163,229,19
163,230,60
163,231,1
163,232,20
163,233,11
163,234,-35
163,235,9
163,236,19
163,237,-78
163,238,76
163,239,47
163,240,-86
163,241,93
163,242,-71
163,243,-97
163,244,-37
163,245,-36
163,246,-93
163,247,-49
163,248,41
163,249,-43
163,250,-90
163,251,-42
163,252,-77
163,253,-13
163,254,59
163,255,-55
163,256,-73
163,257,-85
163,258,-59
163,259,2
163,260,-85
163,261,-1
163,262,39
163,263,89
163,264,-67
163,265,-63
163,266,26
163,267,74
163,268,-79
163,269,-21
163,270,-13
163,271,-98
163,272,-100
163,273,-48
163,274,91
163,275,71
163,276,-54
163,277,65
163,278,90
163,279,14
163,280,-60
163,281,48
163,282,72
163,283,40
163,284,93
163,285,-35
163,286,-58
163,287,89
163,288,-12
163,289,75
163,290,12
163,291,-75
163,292,-2
163,293,-40
163,294,24
163,295,18
163,296,-39
163,297,-19
163,298,41
163,299,81
164,0,68
164,1,87
164,2,36
164,3,-57
164,4,-45
164,5,-98
164,6,-3
164,7,-4
164,8,-10
164,9,-42
164,10,-28
164,11,40
164,12,57
164,13,-48
164,14,78
164,15,-59
164,16,53
164,17,86
164,18,-32
164,19,9
164,20,-9
164,21,-98
164,22,-60
164,23,24
164,24,-100
164,25,92
164,26,14
164,27,-31
164,28,25
164,29,-51
164,30,-21
164,31,-4
164,32,-42
164,33,-27
164,34,-38
164,35,-76
164,36,37
164,37,-24
164,38,23
164,39,28
164,40,-2
164,41,-87
164,42,48
164,43,85
164,44,-63
164,45,-100
164,46,-17
164,47,32
164,48,-57
164,49,92
164,50,-44
164,51,3
164,52,-56
164,53,-41
164,54,-35
164,55,-54
164,56,14
164,57,-75
164,58,36
164,59,-50
164,60,-7
164,61,9
164,62,35
164,63,-96
164,64,-62
164,65,-33
164,66,-61
164,67,-65
164,68,48
164,69,-4
164,70,-75
164,71,3
164,72,2
164,73,-26
164,74,-16
164,75,12
164,76,-45
164,77,-44
164,78,86
164,79,27
164,80,0
164,81,34
164,82,69
164,83,40
164,84,-17
164,85,61
164,86,-1
164,87,80
164,88,-55
164,89,84
164,90,-40
164,91,-45
164,92,-72
164,93,10
164,94,-9
164,95,41
164,96,95
164,97,1
164,98,-30
164,99,-88
164,100,44
164,101,56
164,102,-20
164,103,-1
164,104,-18
164,105,15
164,106,24
164,107,-99
164,108,-39
164,109,-81
164,110,83
164,111,-11
164,112,79
164,113,52
164,114,-39
164,115,-84
164,116,-62
164,117,-91
164,118,86
164,119,52
164,120,9
164,121,-73
164,122,-40
164,123,-43
164,124,-57
164,125,-18
164,126,50
164,127,24
164,128,44
164,129,-22
164,130,-16
164,131,-63
164,132,-71
164,133,46
164,134,-69
164,135,-81
164,136,1
164,137,-37
164,138,-65
164,139,92
164,140,70
164,141,-75
164,142,-94
164,143,-67
164,144,63
164,145,33
164,146,64
164,147,-39
164,148,-15
164,149,-28
164,150,27
164,151,-41
164,152,-37
164,153,77
164,154,-49
164,155,44
164,156,-41
164,157,-24
164,158,18
164,159,81
164,160,37
164,161,24
164,162,52
164,163,-83
164,164,-37
164,165,-22
164,166,-42
164,167,54
164,168,-43
164,169,-40
164,170,17
164,171,-22
164,172,-30
164,173,70
164,174,-13
164,175,-14
164,176,38
164,177,-13
164,178,32
164,179,85
164,180,-62
164,181,75
164,182,-21
164,183,-81
164,184,-20
164,185,-82
164,186,87
164,187,53
164,188,52
164,189,42
164,190,48
164,191,74
164,192,62
164,193,71
164,194,33
164,195,15
164,196,0
164,197,50
164,198,-62
164,199,45
164,200,67
164,201,-65
164,202,55
164,203,91
164,204,-18
164,205,-7
164,206,85
164,207,65
164,208,71
164,209,-99
164,210,-28
164,211,-66
164,212,28
164,213,73
164,214,87
164,215,-38
164,216,-6
164,217,-56
164,218,24
164,219,84
164,220,-64
164,221,-94
164,222,9
164,223,43
164,224,77
164,225,41
164,226,33
164,227,88
164,228,48
164,229,37
164,230,-69
164,231,33
164,232,-99
164,233,-62
164,234,-52
164,235,-74
164,236,-45
164,237,-87
164,238,50
164,239,2
164,240,17
164,241,21
164,242,4
164,243,78
164,244,-76
164,245,-48
164,246,-90
164,247,62
164,248,82
164,249,85
164,250,95
164,251,-64
164,252,-92
164,253,-73
164,254,-46
164,255,73
164,256,26
164,257,-31
164,258,-74
164,259,-91
164,260,50
164,261,48
164,262,72
164,263,25
164,264,-98
164,265,86
164,266,-58
164,267,-2
164,268,-94
164,269,54
164,270,89
164,271,-59
164,272,-4
164,273,-97
164,274,89
164,275,35
164,276,-17
164,277,44
164,278,-96
164,279,90
164,280,12
164,281,36
164,282,35
164,283,-94
164,284,-64
164,285,-46
164,286,-34
164,287,35
164,288,-32
164,289,-96
164,290,-84
164,291,10
164,292,-43
164,293,90
164,294,54
164,295,3
164,296,12
164,297,-9
164,298,-33
164,299,-73
165,0,-12
165,1,85
165,2,77
165,3,5
165,4,-34
165,5,21
165,6,58
165,7,0
165,8,-89
165,9,82
165,10,0
165,11,-97
165,12,20
165,13,-59
165,14,81
165,15,-79
165,16,-100
165,17,-53
165,18,-58
165,19,1
165,20,47
165,21,-83
165,22,97
165,23,76
165,24,-25
165,25,44
165,26,80
165,27,49
165,28,-19
165,29,-91
165,30,-77
165,31,39
165,32,-97
165,33,69
165,34,25
165,35,32
165,36,53
165,37,86
165,38,89
165,39,-21
165,40,-96
165,41,53
165,42,-18
165,43,-95
165,44,51
165,45,80
165,46,-94
165,47,-91
165,48,66
165,49,-23
165,50,55
165,51,-59
165,52,-39
165,53,24
165,54,79
165,55,-79
165,56,-44
165,57,-5
165,58,38
165,59,41
165,60,-70
165,61,-97
165,62,8
165,63,49
165,64,17
165,65,-8
165,66,-2
165,67,91
165,68,-24
165,69,-18
165,70,14
165,71,-40
165,72,-1
165,73,33
165,74,-22
165,75,95
165,76,-95
165,77,-35
165,78,63
165,79,42
165,80,-25
165,81,-61
165,82,68
165,83,-94
165,84,-79
165,85,-29
165,86,5
165,87,38
165,88,29
165,89,-71
165,90,-33
165,91,80
165,92,-12
165,93,48
165,94,52
165,95,-28
165,96,-29
165,97,32
165,98,-35
165,99,-16
165,100,-52
165,101,-93
165,102,54
165,103,-99
165,104,-73
165,105,38
165,106,-55
165,107,25
165,108,-80
165,109,69
165,110,-69
165,111,59
165,112,98
165,113,49
165,114,-24
165,115,-80
165,116,49
165,117,-67
165,118,37
165,119,-36
165,120,-36
165,121,-13
165,122,-34
165,123,-58
165,124,14
165,125,68
165,126,40
165,127,17
165,128,-97
165,129,-78
165,130,-31
165,131,61
165,132,-60
165,133,45
165,134,19
165,135,-11
165,136,60
165,137,52
165,138,-49
165,139,44
165,140,-50
165,141,30
165,142,-46
165,143,83
165,144,18
165,145,12
165,146,-66
165,147,-33
165,148,86
165,149,-9
165,150,-42
165,151,-88
165,152,-39
165,153,-7
165,154,74
165,155,-98
165,156,-80
165,157,3
165,158,-36
165,159,45
165,160,-88
165,161,98
165,162,-24
165,163,8
165,164,-5
165,165,-8
165,166,-56
165,167,-39
165,168,-71
165,169,-87
165,170,80
165,171,-91
165,172,99
165,173,58
165,174,-95
165,175,18
165,176,-82
165,177,-89
165,178,16
165,179,91
165,180,2
165,181,13
165,182,-19
165,183,82
165,184,94
165,185,-92
165,186,33
165,187,28
165,188,69
165,189,-8
165,190,82
165,191,76
165,192,-2
165,193,-2
165,194,-71
165,195,-66
165,196,-38
165,197,49
165,198,70
165,199,-73
165,200,45
165,201,-69
165,202,-32
165,203,81
165,204,61
165,205,58
165,206,9
165,207,-4
165,208,31
165,209,41
165,210,-86
165,211,87
165,212,-81
165,213,-81
165,214,76
165,215,-2
165,216,-33
165,217,-83
165,218,51
165,219,54
165,220,-68
165,221,24
165,222,-37
165,223,52
165,224,-32
165,225,45
165,226,-56
165,227,9
165,228,-81
165,229,-66
165,230,33
165,231,-10
165,232,-92
165,233,79
165,234,55
165,235,-82
165,236,2
165,237,-16
165,238,-38
165,239,-6
165,240,34
165,241,-64
165,242,-12
165,243,-9
165,244,-65
165,245,-84
165,246,-11
165,247,-9
165,248,64
165,249,87
165,250,-52
165,251,-20
165,252,83
165,253,-67
165,254,57
165,255,54
165,256,78
165,257,36
165,258,-81
165,259,74
165,260,46
165,261,-33
165,262,-24
165,263,1
165,264,39
165,265,24
165,266,-28
165,267,-22
165,268,12
165,269,32
165,270,96
165,271,-76
165,272,0
165,273,-70
165,274,73
165,275,-67
165,276,68
165,277,-33
165,278,21
165,279,65
165,280,-55
165,281,-32
165,282,-74
165,283,70
165,284,98
165,285,-56
165,286,-83
165,287,-69
165,288,-99
165,289,68
165,290,-81
165,291,85
165,292,-63
165,293,-100
165,294,96
165,295,81
165,296,41
165,297,52
165,298,36
165,299,88
166,0,79
166,1,35
166,2,-85
166,3,13
166,4,-93
166,5,-78
166,6,-28
166,7,-67
166,8,-83
166,9,8
166,10,-57
166,11,42
166,12,-86
166,13,-8
166,14,26
166,15,20
166,16,-78
166,17,92
166,18,-30
166,19,8
166,20,-69
166,21,13
166,22,59
166,23,-68
166,24,70
166,25,-88
166,26,15
166,27,36
166,28,89
166,29,84
166,30,75
166,31,70
166,32,-34
166,33,-69
166,34,-28
166,35,4
166,36,87
166,37,28
166,38,84
166,39,12
166,40,5
166,41,-32
166,42,-32
166,43,95
166,44,-40
166,45,-93
166,46,-94
166,47,64
166,48,69
166,49,59
166,50,44
166,51,55
166,52,-31
166,53,75
166,54,-47
166,55,69
166,56,-65
166,57,-35
166,58,58
166,59,92
166,60,-98
166,61,-88
166,62,58
166,63,-72
166,64,-44
166,65,60
166,66,80
166,67,-91
166,68,-38
166,69,-28
166,70,92
166,71,7
166,72,0
166,73,-5
166,74,-4
166,75,-99
166,76,9
166,77,29
166,78,22
166,79,96
166,80,15
166,81,-64
166,82,29
166,83,-40
166,84,-61
166,85,90
166,86,-76
166,87,22
166,88,65
166,89,-64
166,90,-74
166,91,-17
166,92,77
166,93,61
166,94,-57
166,95,-29
166,96,31
166,97,79
166,98,-46
166,99,-28
166,100,-89
166,101,41
166,102,62
166,103,-95
166,104,-54
166,105,50
166,106,14
166,107,-33
166,108,92
166,109,-42
166,110,36
166,111,18
166,112,85
166,113,-53
166,114,90
166,115,-92
166,116,71
166,117,-55
166,118,42
166,119,80
166,120,75
166,121,-29
166,122,27
166,123,69
166,124,9
166,125,44
166,126,-66
166,127,58
166,128,31
166,129,-53
166,130,41
166,131,52
166,132,-55
166,133,-53
166,134,67
166,135,77
166,136,-94
166,137,-6
166,138,-41
166,139,-66
166,140,90
166,141,47
166,142,43
166,143,49
166,144,63
166,145,-82
166,146,29
166,147,-33
166,148,-3
166,149,-94
166,150,-54
166,151,76
166,152,-58
166,153,-69
166,154,44
166,155,27
166,156,18
166,157,-87
166,158,-20
166,159,59
166,160,87
166,161,87
166,162,-49
166,163,93
166,164,-97
166,165,90
166,166,-68
166,167,5
166,168,28
166,169,-4
166,170,-37
166,171,27
166,172,-64
166,173,25
166,174,-31
166,175,34
166,176,3
166,177,51
166,178,13
166,179,95
166,180,-46
166,181,20
166,182,22
166,183,-98
166,184,-9
166,185,50
166,186,63
166,187,84
166,188,18
166,189,75
166,190,40
166,191,-40
166,192,51
166,193,70
166,194,0
166,195,15
166,196,-68
166,197,-23
166,198,-77
166,199,49
166,200,-49
166,201,0
166,202,15
166,203,22
166,204,-95
166,205,46
166,206,-25
166,207,-11
166,208,56
166,209,22
166,210,-37
166,211,41
166,212,-20
166,213,57
166,214,-30
166,215,48
166,216,-36
166,217,12
166,218,1
166,219,-97
166,220,73
166,221,35
166,222,45
166,223,-41
166,224,-56
166,225,-29
166,226,-6
166,227,-70
166,228,55
166,229,19
166,230,-37
166,231,64
166,232,-34
166,233,8
166,234,-33
166,235,-66
166,236,-3
166,237,-65
166,238,84
166,239,97
166,240,31
166,241,-52
166,242,66
166,243,-83
166,244,-41
166,245,-15
166,246,37
166,247,12
166,248,-78
166,249,-33
166,250,-42
166,251,-11
166,252,-94
166,253,-88
166,254,30
166,255,67
166,256,-90
166,257,-50
166,258,50
166,259,-69
166,260,68
166,261,-59
166,262,65
166,263,94
166,264,99
166,265,1
166,266,20
166,267,-23
166,268,-29
166,269,5
166,270,18
166,271,69
166,272,70
166,273,-68
166,274,-22
166,275,64
166,276,-23
166,277,18
166,278,-44
166,279,91
166,280,91
166,281,87
166,282,-49
166,283,-29
166,284,-33
166,285,-1
166,286,-19
166,287,54
166,288,-42
166,289,-82
166,290,-98
166,291,-62
166,292,-35
166,293,-28
166,294,83
166,295,33
166,296,-73
166,297,75
166,298,-3
166,299,-8
167,0,75
167,1,94
167,2,81
167,3,25
167,4,-85
167,5,-66
167,6,-26
167,7,6
167,8,-14
167,9,57
167,10,75
167,11,-32
167,12,15
167,13,-93
167,14,6
167,15,6
167,16,13
167,17,78
167,18,-91
167,19,-73
167,20,63
167,21,-41
167,22,-91
167,23,41
167,24,1
167,25,-38
167,26,74
167,27,96
167,28,-45
167,29,33
167,30,46
167,31,79
167,32,89
167,33,27
167,34,76
167,35,-23
167,36,38
167,37,-55
167,38,-32
167,39,-56
167,40,-6
167,41,7
167,42,-43
167,43,59
167,44,14
167,45,-91
167,46,40
167,47,10
167,48,-88
167,49,-65
167,50,-15
167,51,27
167,52,21
167,53,46
167,54,17
167,55,34
167,56,-86
167,57,-20
167,58,-55
167,59,-53
167,60,-35
167,61,-97
167,62,-98
167,63,-98
167,64,-32
167,65,-8
167,66,-73
167,67,-78
167,68,-71
167,69,-39
167,70,-14
167,71,-50
167,72,-60
167,73,-37
167,74,-58
167,75,-10
167,76,-43
167,77,-42
167,78,67
167,79,73
167,80,-39
167,81,76
167,82,15
167,83,10
167,84,-78
167,85,71
167,86,71
167,87,-82
167,88,71
167,89,-90
167,90,-41
167,91,65
167,92,-98
167,93,43
167,94,-92
167,95,-60
167,96,-63
167,97,-32
167,98,92
167,99,-66
167,100,26
167,101,62
167,102,-53
167,103,6
167,104,-93
167,105,-74
167,106,-92
167,107,57
167,108,-87
167,109,50
167,110,-72
167,111,-75
167,112,42
167,113,14
167,114,-28
167,115,-20
167,116,-34
167,117,43
167,118,40
167,119,-11
167,120,-5
167,121,51
167,122,17
167,123,-39
167,124,84
167,125,-65
167,126,87
167,127,23
167,128,-79
167,129,4
167,130,13
167,131,9
167,132,-98
167,133,63
167,134,-4
167,135,-65
167,136,-91
167,137,-1
167,138,-80
167,139,76
167,140,3
167,141,14
167,142,36
167,143,11
167,144,19
167,145,-22
167,146,79
167,147,-5
167,148,75
167,149,87
167,150,7
167,151,18
167,152,77
167,153,66
167,154,43
167,155,-73
167,156,-95
167,157,-40
167,158,-95
167,159,21
167,160,93
167,161,4
167,162,67
167,163,98
167,164,-39
167,165,-73
167,166,-21
167,167,74
167,168,-92
167,169,79
167,170,-86
167,171,61
167,172,-81
167,173,-41
167,174,85
167,175,-26
167,176,-7
167,177,-34
167,178,-99
167,179,77
167,180,41
167,181,83
167,182,96
167,183,-57
167,184,73
167,185,33
167,186,35
167,187,-62
167,188,-8
167,189,-57
167,190,-74
167,191,-85
167,192,-62
167,193,28
167,194,78
167,195,90
167,196,-68
167,197,-51
167,198,2
167,199,81
167,200,-74
167,201,23
167,202,-15
167,203,46
167,204,-73
167,205,50
167,206,-37
167,207,66
167,208,-52
167,209,86
167,210,47
167,211,88
167,212,10
167,213,27
167,214,-92
167,215,-78
167,216,34
167,217,58
167,218,-41
167,219,-40
167,220,-26
167,221,53
167,222,-1
167,223,-47
167,224,-70
167,225,68
167,226,-73
167,227,-11
167,228,-95
167,229,-67
167,230,-9
167,231,7
167,232,-92
167,233,-8
167,234,-3
167,235,-89
167,236,-85
167,237,-30
167,238,58
167,239,60
167,240,34
167,241,-98
167,242,47
167,243,-96
167,244,94
167,245,-63
167,246,-22
167,247,-2
167,248,83
167,249,50
167,250,-99
167,251,-1
167,252,48
167,253,41
167,254,89
167,255,38
167,256,31
167,257,-54
167,258,15
167,259,-7
167,260,-1
167,261,-81
167,262,79
167,263,-85
167,264,72
167,265,35
167,266,89
167,267,48
167,268,-37
167,269,3
167,270,57
167,271,63
167,272,32
167,273,-63
167,274,-82
167,275,-27
167,276,54
167,277,40
167,278,36
167,279,-84
167,280,-6
167,281,71
167,282,-56
167,283,-13
167,284,-59
167,285,-50
167,286,85
167,287,12
167,288,85
167,289,57
167,290,32
167,291,-93
167,292,-64
167,293,-54
167,294,-1
167,295,-12
167,296,72
167,297,32
167,298,90
167,299,-15
168,0,74
168,1,-76
168,2,25
168,3,77
168,4,72
168,5,15
168,6,19
168,7,-71
168,8,-53
168,9,78
168,10,-7
168,11,-46
168,12,82
168,13,-55
168,14,-70
168,15,61
168,16,-9
168,17,-27
168,18,95
168,19,60
168,20,-45
168,21,85
168,22,21
168,23,-44
168,24,-84
168,25,38
168,26,98
168,27,-84
168,28,4
168,29,37
168,30,53
168,31,33
168,32,-20
168,33,-85
168,34,2
168,35,-11
168,36,-97
168,37,-39
168,38,91
168,39,-45
168,40,50
168,41,-68
168,42,-70
168,43,34
168,44,32
168,45,64
168,46,-100
168,47,97
168,48,-56
168,49,-54
168,50,95
168,51,-71
168,52,-20
168,53,87
168,54,-77
168,55,-70
168,56,-73
168,57,72
168,58,31
168,59,88
168,60,-62
168,61,-18
168,62,51
168,63,-30
168,64,73
168,65,80
168,66,75
168,67,-92
168,68,-79
168,69,26
168,70,-99
168,71,-10
168,72,-85
168,73,-96
168,74,39
168,75,79
168,76,53
168,77,-86
168,78,-34
168,79,-28
168,80,86
168,81,-9
168,82,66
168,83,-38
168,84,-1
168,85,-76
168,86,-60
168,87,-73
168,88,10
168,89,-80
168,90,-40
168,91,2
168,92,84
168,93,38
168,94,46
168,95,-26
168,96,-100
168,97,59
168,98,8
168,99,-24
168,100,61
168,101,-84
168,102,82
168,103,10
168,104,-82
168,105,-27
168,106,69
168,107,-42
168,108,14
168,109,-63
168,110,-70
168,111,93
168,112,5
168,113,10
168,114,96
168,115,-51
168,116,25
168,117,57
168,118,2
168,119,62
168,120,-42
168,121,20
168,122,44
168,123,-6
168,124,93
168,125,48
168,126,-7
168,127,-49
168,128,92
168,129,41
168,130,-85
168,131,-46
168,132,36
168,133,35
168,134,61
168,135,8
168,136,60
168,137,-7
168,138,-94
168,139,48
168,140,32
168,141,98
168,142,39
168,143,86
168,144,-20
168,145,85
168,146,-13
168,147,64
168,148,7
168,149,-18
168,150,-56
168,151,-21
168,152,-76
168,153,-74
168,154,-50
168,155,18
168,156,69
168,157,7
168,158,98
168,159,69
168,160,-41
168,161,-29
168,162,85
168,163,-21
168,164,-29
168,165,-5
168,166,25
168,167,49
168,168,-5
168,169,85
168,170,38
168,171,8
168,172,-95
168,173,-79
168,174,2
168,175,-89
168,176,-74
168,177,28
168,178,91
168,179,-21
168,180,66
168,181,-41
168,182,15
168,183,-31
168,184,81
168,185,52
168,186,47
168,187,-65
168,188,50
168,189,28
168,190,54
168,191,-49
168,192,29
168,193,48
168,194,36
168,195,10
168,196,-13
168,197,-53
168,198,4
168,199,66
168,200,-59
168,201,98
168,202,-7
168,203,-56
168,204,29
168,205,94
168,206,70
168,207,3
168,208,6
168,209,45
168,210,-62
168,211,33
168,212,69
168,213,79
168,214,-74
168,215,42
168,216,-82
168,217,89
168,218,-37
168,219,-50
168,220,74
168,221,-44
168,222,-81
168,223,-81
168,224,-19
168,225,91
168,226,0
168,227,-63
168,228,-63
168,229,-36
168,230,-25
168,231,32
168,232,91
168,233,22
168,234,24
168,235,-74
168,236,2
168,237,-81
168,238,-41
168,239,67
168,240,-18
168,241,-95
168,242,63
168,243,11
168,244,92
168,245,38
168,246,76
168,247,13
168,248,-17
168,249,55
168,250,-79
168,251,-17
168,252,-54
168,253,1
168,254,-21
168,255,93
168,256,-76
168,257,-10
168,258,-34
168,259,59
168,260,44
168,261,-61
168,262,-71
168,263,-42
168,264,-73
168,265,-54
168,266,16
168,267,50
168,268,-18
168,269,-44
168,270,28
168,271,-72
168,272,77
168,273,-37
168,274,-2
168,275,-64
168,276,88
168,277,27
168,278,34
168,279,-11
168,280,-14
168,281,-37
168,282,-83
168,283,-72
168,284,13
168,285,-41
168,286,-47
168,287,-29
168,288,48
168,289,48
168,290,-43
168,291,76
168,292,-65
168,293,44
168,294,-21
168,295,80
168,296,-86
168,297,-61
168,298,-20
168,299,-50
169,0,92
169,1,40
169,2,65
169,3,-4
169,4,53
169,5,42
169,6,16
169,7,32
169,8,-99
169,9,14
169,10,-23
169,11,-8
169,12,92
169,13,-24
169,14,-41
169,15,-5
169,16,-3
169,17,-45
169,18,17
169,19,18
169,20,-63
169,21,84
169,22,1
169,23,-50
169,24,68
169,25,26
169,26,2
169,27,97
169,28,79
169,29,28
169,30,-16
169,31,2
169,32,-83
169,33,-74
169,34,-9
169,35,-29
169,36,-6
169,37,-25
169,38,69
169,39,-95
169,40,-11
169,41,-21
169,42,-18
169,43,-19
169,44,51
169,45,-56
169,46,-30
169,47,-94
169,48,43
169,49,25
169,50,-43
169,51,-44
169,52,69
169,53,10
169,54,41
169,55,-45
169,56,-89
169,57,-8
169,58,-86
169,59,-93
169,60,85
169,61,-48
169,62,36
169,63,73
169,64,-9
169,65,-94
169,66,-57
169,67,-87
169,68,-26
169,69,14
169,70,-9
169,71,33
169,72,62
169,73,97
169,74,88
169,75,51
169,76,-28
169,77,29
169,78,78
169,79,-70
169,80,25
169,81,18
169,82,-74
169,83,9
169,84,58
169,85,5
169,86,97
169,87,70
169,88,19
169,89,-19
169,90,-49
169,91,-87
169,92,86
169,93,-81
169,94,17
169,95,-49
169,96,0
169,97,-61
169,98,-33
169,99,-57
169,100,33
169,101,-14
169,102,19
169,103,-44
169,104,85
169,105,-29
169,106,57
169,107,-49
169,108,-90
169,109,74
169,110,-96
169,111,30
169,112,42
169,113,29
169,114,-99
169,115,99
169,116,81
169,117,73
169,118,-7
169,119,26
169,120,25
169,121,-60
169,122,96
169,123,-71
169,124,-57
169,125,-91
169,126,-71
169,127,-26
169,128,-52
169,129,62
169,130,92
169,131,44
169,132,58
169,133,-31
169,134,79
169,135,-75
169,136,-1
169,137,32
169,138,10
169,139,-87
169,140,-50
169,141,-86
169,142,27
169,143,39
169,144,-55
169,145,91
169,146,-29
169,147,86
169,148,-6
169,149,53
169,150,-72
169,151,31
169,152,77
169,153,-76
169,154,67
169,155,-69
169,156,-1
169,157,-64
169,158,25
169,159,37
169,160,65
169,161,88
169,162,-1
169,163,-74
169,164,34
169,165,-2
169,166,36
169,167,86
169,168,-65
169,169,17
169,170,57
169,171,-82
169,172,68
169,173,-46
169,174,-17
169,175,-95
169,176,22
169,177,6
169,178,-13
169,179,49
169,180,97
169,181,51
169,182,-39
169,183,69
169,184,49
169,185,43
169,186,40
169,187,19
169,188,-64
169,189,79
169,190,51
169,191,24
169,192,-84
169,193,-85
169,194,28
169,195,-16
169,196,24
169,197,-100
169,198,-71
169,199,-77
169,200,-55
169,201,-99
169,202,42
169,203,-72
169,204,-2
169,205,-39
169,206,-88
169,207,-36
169,208,-56
169,209,-54
169,210,-85
169,211,25
169,212,6
169,213,-98
169,214,3
169,215,97
169,216,-6
169,217,32
169,218,53
169,219,-9
169,220,-86
169,221,82
169,222,49
169,223,-64
169,224,56
169,225,53
169,226,-31
169,227,38
169,228,-1
169,229,47
169,230,-17
169,231,-10
169,232,97
169,233,-68
169,234,20
169,235,-71
169,236,77
169,237,-67
169,238,32
169,239,39
169,240,-25
169,241,-26
169,242,-49
169,243,-50
169,244,48
169,245,98
169,246,-43
169,247,-3
169,248,24
169,249,91
169,250,-8
169,251,33
169,252,76
169,253,99
169,254,-64
169,255,37
169,256,93
169,257,-45
169,258,-18
169,259,-30
169,260,-35
169,261,-56
169,262,-14
169,263,-6
169,264,95
169,265,91
169,266,43
169,267,-91
169,268,48
169,269,39
169,270,-88
169,271,-20
169,272,16
169,273,37
169,274,21
169,275,40
169,276,61
169,277,-42
169,278,27
169,279,-52
169,280,-95
169,281,-89
169,282,-72
169,283,-24
169,284,23
169,285,-75
169,286,-33
169,287,-85
169,288,-48
169,289,46
169,290,74
169,291,59
169,292,-31
169,293,97
169,294,88
169,295,-96
169,296,86
169,297,29
169,298,29
169,299,-98
170,0,97
170,1,-6
170,2,-58
170,3,32
170,4,77
170,5,-91
170,6,54
170,7,-77
170,8,-79
170,9,-12
170,10,-98
170,11,43
170,12,57
170,13,11
170,14,70
170,15,-97
170,16,6
170,17,-61
170,18,-85
170,19,4
170,20,-29
170,21,-13
170,22,-85
170,23,17
170,24,-10
170,25,93
170,26,82
170,27,-81
170,28,78
170,29,-17
170,30,-18
170,31,84
170,32,25
170,33,-50
170,34,-83
170,35,-20
170,36,86
170,37,-4
170,38,16
170,39,23
170,40,-73
170,41,96
170,42,55
170,43,-12
170,44,40
170,45,-95
170,46,56
170,47,5
170,48,18
170,49,36
170,50,-72
170,51,65
170,52,-36
170,53,-45
170,54,-71
170,55,13
170,56,-5
170,57,20
170,58,86
170,59,-43
170,60,37
170,61,48
170,62,83
170,63,-75
170,64,-86
170,65,62
170,66,-12
170,67,-86
170,68,-4
170,69,-26
170,70,-13
170,71,-95
170,72,55
170,73,-38
170,74,-72
170,75,-53
170,76,90
170,77,85
170,78,48
170,79,-79
170,80,-74
170,81,-16
170,82,-22
170,83,84
170,84,37
170,85,-79
170,86,71
170,87,-17
170,88,-18
170,89,55
170,90,-51
170,91,78
170,92,28
170,93,61
170,94,62
170,95,-40
170,96,-71
170,97,-25
170,98,95
170,99,67
170,100,92
170,101,-64
170,102,91
170,103,28
170,104,42
170,105,-88
170,106,56
170,107,82
170,108,-56
170,109,-97
170,110,91
170,111,-86
170,112,3
170,113,75
170,114,83
170,115,-10
170,116,97
170,117,42
170,118,-62
170,119,96
170,120,-22
170,121,-41
170,122,-7
170,123,71
170,124,-58
170,125,31
170,126,-24
170,127,77
170,128,-62
170,129,-47
170,130,50
170,131,87
170,132,62
170,133,-47
170,134,85
170,135,-39
170,136,75
170,137,34
170,138,72
170,139,-88
170,140,80
170,141,14
170,142,-62
170,143,-17
170,144,45
170,145,49
170,146,63
170,147,4
170,148,80
170,149,11
170,150,-29
170,151,-98
170,152,89
170,153,56
170,154,-28
170,155,-93
170,156,-25
170,157,73
170,158,-9
170,159,83
170,160,5
170,161,-52
170,162,-58
170,163,37
170,164,40
170,165,84
170,166,-99
170,167,-36
170,168,-15
170,169,-4
170,170,69
170,171,85
170,172,-91
170,173,-38
170,174,2
170,175,98
170,176,-40
170,177,-100
170,178,53
170,179,-96
170,180,-66
170,181,24
170,182,40
170,183,-74
170,184,39
170,185,-7
170,186,-51
170,187,86
170,188,58
170,189,-32
170,190,64
170,191,-99
170,192,1
170,193,98
170,194,92
170,195,-98
170,196,47
170,197,29
170,198,-59
170,199,-58
170,200,-80
170,201,-56
170,202,-81
170,203,70
170,204,77
170,205,-58
170,206,-77
170,207,-19
170,208,-17
170,209,-41
170,210,-69
170,211,21
170,212,-96
170,213,29
170,214,53
170,215,-76
170,216,77
170,217,-15
170,218,66
170,219,-15
170,220,-26
170,221,-90
170,222,90
170,223,-33
170,224,-4
170,225,45
170,226,7
170,227,21
170,228,55
170,229,-59
170,230,-41
170,231,49
170,232,67
170,233,-39
170,234,30
170,235,-30
170,236,90
170,237,20
170,238,-81
170,239,98
170,240,-30
170,241,53
170,242,68
170,243,30
170,244,70
170,245,44
170,246,-17
170,247,-3
170,248,80
170,249,79
170,250,60
170,251,-41
170,252,-33
170,253,83
170,254,4
170,255,91
170,256,35
170,257,96
170,258,60
170,259,52
170,260,98
170,261,10
170,262,34
170,263,-42
170,264,-68
170,265,-60
170,266,60
170,267,-72
170,268,66
170,269,84
170,270,4
170,271,0
170,272,-37
170,273,-15
170,274,-35
170,275,13
170,276,21
170,277,-92
170,278,-72
170,279,-4
170,280,-27
170,281,23
170,282,55
170,283,9
170,284,-48
170,285,73
170,286,66
170,287,-25
170,288,-43
170,289,81
170,290,33
170,291,-56
170,292,67
170,293,50
170,294,16
170,295,21
170,296,69
170,297,65
170,298,43
170,299,-27
171,0,74
171,1,48
171,2,-27
171,3,48
171,4,-76
171,5,23
171,6,-40
171,7,-3
171,8,-47
171,9,-41
171,10,69
171,11,88
171,12,-69
171,13,-48
171,14,71
171,15,38
171,16,17
171,17,-54
171,18,-11
171,19,-41
171,20,-65
171,21,87
171,22,60
171,23,-59
171,24,-88
171,25,41
171,26,85
171,27,14
171,28,0
171,29,21
171,30,67
171,31,-36
171,32,32
171,33,57
171,34,16
171,35,72
171,36,0
171,37,85
171,38,-62
171,39,39
171,40,61
171,41,8
171,42,-87
171,43,65
171,44,43
171,45,5
171,46,88
171,47,86
171,48,-26
171,49,-22
171,50,11
171,51,-34
171,52,38
171,53,-90
171,54,-85
171,55,65
171,56,57
171,57,68
171,58,-100
171,59,23
171,60,-63
171,61,13
171,62,-3
171,63,-41
171,64,-82
171,65,23
171,66,86
171,67,-1
171,68,-33
171,69,37
171,70,-84
171,71,-21
171,72,-16
171,73,-9
171,74,99
171,75,-72
171,76,33
171,77,93
171,78,18
171,79,21
171,80,10
171,81,90
171,82,58
171,83,52
171,84,-14
171,85,48
171,86,-85
171,87,31
171,88,6
171,89,73
171,90,-93
171,91,33
171,92,24
171,93,27
171,94,-48
171,95,18
171,96,91
171,97,-10
171,98,78
171,99,-38
171,100,33
171,101,89
171,102,6
171,103,60
171,104,-99
171,105,68
171,106,-85
171,107,1
171,108,18
171,109,-42
171,110,-92
171,111,96
171,112,16
171,113,-91
171,114,-7
171,115,-94
171,116,-8
171,117,93
171,118,47
171,119,22
171,120,-38
171,121,-97
171,122,-73
171,123,-29
171,124,62
171,125,29
171,126,68
171,127,55
171,128,-26
171,129,-28
171,130,1
171,131,28
171,132,54
171,133,-34
171,134,66
171,135,67
171,136,-73
171,137,-9
171,138,51
171,139,-19
171,140,-50
171,141,-45
171,142,-28
171,143,-75
171,144,-13
171,145,-49
171,146,24
171,147,-95
171,148,86
171,149,16
171,150,-89
171,151,-38
171,152,-65
171,153,-92
171,154,-27
171,155,-34
171,156,-72
171,157,-30
171,158,-11
171,159,-93
171,160,-58
171,161,-66
171,162,9
171,163,-79
171,164,-35
171,165,1
171,166,48
171,167,-7
171,168,98
171,169,-6
171,170,68
171,171,-60
171,172,76
171,173,-97
171,174,-3
171,175,92
171,176,-91
171,177,-7
171,178,-34
171,179,37
171,180,-28
171,181,44
171,182,94
171,183,-48
171,184,62
171,185,-97
171,186,-33
171,187,12
171,188,-5
171,189,1
171,190,38
171,191,-57
171,192,18
171,193,87
171,194,97
171,195,89
171,196,9
171,197,59
171,198,-55
171,199,-78
171,200,5
171,201,64
171,202,25
171,203,-11
171,204,-3
171,205,-26
171,206,13
171,207,85
171,208,19
171,209,-16
171,210,-58
171,211,-13
171,212,42
171,213,94
171,214,29
171,215,98
171,216,32
171,217,80
171,218,72
171,219,3
171,220,-8
171,221,-60
171,222,90
171,223,99
171,224,-69
171,225,5
171,226,-99
171,227,-91
171,228,70
171,229,18
171,230,70
171,231,0
171,232,9
171,233,-34
171,234,-78
171,235,-3
171,236,-4
171,237,87
171,238,-95
171,239,-88
171,240,-80
171,241,-43
171,242,19
171,243,55
171,244,19
171,245,97
171,246,35
171,247,-24
171,248,-3
171,249,-43
171,250,67
171,251,-15
171,252,-100
171,253,-24
171,254,92
171,255,-91
171,256,87
171,257,-32
171,258,47
171,259,-39
171,260,-88
171,261,85
171,262,64
171,263,-91
171,264,-98
171,265,61
171,266,-67
171,267,57
171,268,64
171,269,95
171,270,-67
171,271,59
171,272,-16
171,273,-43
171,274,4
171,275,51
171,276,-92
171,277,-60
171,278,51
171,279,-76
171,280,-65
171,281,-93
171,282,25
171,283,13
171,284,4
171,285,-8
171,286,-12
171,287,86
171,288,62
171,289,-63
171,290,-9
171,291,18
171,292,59
171,293,0
171,294,12
171,295,78
171,296,-73
171,297,83
171,298,-2
171,299,35
172,0,-60
172,1,17
172,2,-78
172,3,81
172,4,-78
172,5,-69
172,6,37
172,7,-20
172,8,62
172,9,-2
172,10,-38
172,11,94
172,12,-65
172,13,-8
172,14,76
172,15,-55
172,16,-74
172,17,58
172,18,61
172,19,-25
172,20,0
172,21,86
172,22,81
172,23,93
172,24,57
172,25,50
172,26,-92
172,27,82
172,28,28
172,29,-45
172,30,66
172,31,-14
172,32,-83
172,33,-59
172,34,10
172,35,-28
172,36,-36
172,37,60
172,38,57
172,39,32
172,40,77
172,41,92
172,42,-91
172,43,-41
172,44,54
172,45,-29
172,46,55
172,47,72
172,48,-49
172,49,93
172,50,-39
172,51,16
172,52,24
172,53,-41
172,54,-15
172,55,67
172,56,42
172,57,-6
172,58,-94
172,59,-62
172,60,78
172,61,-94
172,62,39
172,63,-87
172,64,-67
172,65,21
172,66,66
172,67,-28
172,68,-37
172,69,-4
172,70,-89
172,71,25
172,72,-67
172,73,-74
172,74,49
172,75,-83
172,76,73
172,77,71
172,78,45
172,79,-64
172,80,34
172,81,-33
172,82,-21
172,83,-15
172,84,-41
172,85,-53
172,86,78
172,87,-1
172,88,-17
172,89,-6
172,90,-49
172,91,-24
172,92,79
172,93,-17
172,94,-47
172,95,68
172,96,69
172,97,49
172,98,-62
172,99,-78
172,100,-53
172,101,12
172,102,19
172,103,60
172,104,26
172,105,-60
172,106,57
172,107,-54
172,108,84
172,109,-29
172,110,-44
172,111,-39
172,112,-15
172,113,-44
172,114,95
172,115,-29
172,116,23
172,117,52
172,118,67
172,119,-84
172,120,-21
172,121,75
172,122,-62
172,123,42
172,124,-84
172,125,-66
172,126,-68
172,127,45
172,128,57
172,129,64
172,130,10
172,131,34
172,132,-27
172,133,55
172,134,-3
172,135,-83
172,136,74
172,137,-78
172,138,47
172,139,-70
172,140,-87
172,141,-78
172,142,-99
172,143,56
172,144,77
172,145,-28
172,146,-42
172,147,-68
172,148,75
172,149,71
172,150,39
172,151,-18
172,152,69
172,153,-66
172,154,-60
172,155,82
172,156,9
172,157,40
172,158,-62
172,159,93
172,160,62
172,161,15
172,162,-29
172,163,60
172,164,-12
172,165,63
172,166,40
172,167,-45
172,168,73
172,169,-2
172,170,-55
172,171,-1
172,172,12
172,173,10
172,174,71
172,175,73
172,176,-27
172,177,-32
172,178,-70
172,179,24
172,180,-77
172,181,-69
172,182,12
172,183,94
172,184,-85
172,185,84
172,186,7
172,187,-77
172,188,-67
172,189,27
172,190,-49
172,191,-53
172,192,-14
172,193,18
172,194,80
172,195,82
172,196,-63
172,197,29
172,198,-32
172,199,-19
172,200,17
172,201,-48
172,202,-51
172,203,56
172,204,-27
172,205,82
172,206,5
172,207,88
172,208,-51
172,209,-85
172,210,-14
172,211,-7
172,212,-31
172,213,71
172,214,-1
172,215,43
172,216,-73
172,217,84
172,218,53
172,219,-15
172,220,17
172,221,-90
172,222,28
172,223,-32
172,224,70
172,225,73
172,226,4
172,227,-65
172,228,-35
172,229,84
172,230,33
172,231,89
172,232,54
172,233,24
172,234,53
172,235,40
172,236,-25
172,237,45
172,238,-63
172,239,-95
172,240,25
172,241,-9
172,242,-73
172,243,-12
172,244,-96
172,245,86
172,246,10
172,247,7
172,248,-56
172,249,11
172,250,80
172,251,-99
172,252,76
172,253,-11
172,254,14
172,255,-38
172,256,-9
172,257,-31
172,258,85
172,259,-97
172,260,57
172,261,-44
172,262,-54
172,263,45
172,264,7
172,265,-6
172,266,-57
172,267,79
172,268,76
172,269,57
172,270,79
172,271,-64
172,272,-38
172,273,-89
172,274,-84
172,275,-67
172,276,55
172,277,31
172,278,-3
172,279,-55
172,280,-87
172,281,-88
172,282,85
172,283,-52
172,284,77
172,285,-34
172,286,-80
172,287,-50
172,288,-63
172,289,18
172,290,-75
172,291,-95
172,292,-83
172,293,13
172,294,33
172,295,68
172,296,-44
172,297,77
172,298,-76
172,299,-53
173,0,-77
173,1,57
173,2,-14
173,3,-56
173,4,-58
173,5,-29
173,6,83
173,7,-31
173,8,-68
173,9,-4
173,10,-56
173,11,-94
173,12,5
173,13,45
173,14,-31
173,15,-56
173,16,-64
173,17,48
173,18,71
173,19,57
173,20,38
173,21,-93
173,22,32
173,23,-93
173,24,-96
173,25,-91
173,26,-86
173,27,-45
173,28,13
173,29,-46
173,30,30
173,31,-60
173,32,37
173,33,34
173,34,90
173,35,14
173,36,-38
173,37,-13
173,38,53
173,39,-67
173,40,21
173,41,99
173,42,66
173,43,87
173,44,96
173,45,-1
173,46,6
173,47,53
173,48,-39
173,49,37
173,50,-1
173,51,-47
173,52,58
173,53,-63
173,54,13
173,55,-76
173,56,-36
173,57,-1
173,58,77
173,59,51
173,60,54
173,61,77
173,62,77
173,63,42
173,64,-84
173,65,-72
173,66,-96
173,67,-90
173,68,79
173,69,61
173,70,-20
173,71,-68
173,72,-52
173,73,20
173,74,58
173,75,-83
173,76,14
173,77,-96
173,78,57
173,79,-56
173,80,19
173,81,27
173,82,-63
173,83,8
173,84,-5
173,85,-7
173,86,-72
173,87,63
173,88,36
173,89,-78
173,90,30
173,91,-15
173,92,83
173,93,67
173,94,83
173,95,-43
173,96,58
173,97,-90
173,98,-59
173,99,30
173,100,84
173,101,-87
173,102,-55
173,103,46
173,104,23
173,105,-41
173,106,58
173,107,-65
173,108,59
173,109,90
173,110,-75
173,111,-36
173,112,29
173,113,-31
173,114,25
173,115,72
173,116,52
173,117,-61
173,118,45
173,119,9
173,120,-3
173,121,-89
173,122,-77
173,123,70
173,124,-69
173,125,13
173,126,-54
173,127,72
173,128,-66
173,129,21
173,130,27
173,131,36
173,132,-91
173,133,-36
173,134,86
173,135,-3
173,136,84
173,137,-91
173,138,46
173,139,8
173,140,77
173,141,-33
173,142,3
173,143,-96
173,144,56
173,145,15
173,146,-96
173,147,-41
173,148,-36
173,149,26
173,150,-73
173,151,-18
173,152,28
173,153,-72
173,154,78
173,155,63
173,156,59
173,157,-37
173,158,41
173,159,-69
173,160,-92
173,161,38
173,162,75
173,163,78
173,164,31
173,165,-60
173,166,-76
173,167,44
173,168,74
173,169,-93
173,170,-43
173,171,8
173,172,28
173,173,-99
173,174,-91
173,175,-10
173,176,16
173,177,54
173,178,40
173,179,-38
173,180,-90
173,181,41
173,182,-5
173,183,23
173,184,-8
173,185,1
173,186,-3
173,187,-75
173,188,96
173,189,-62
173,190,-9
173,191,55
173,192,44
173,193,64
173,194,7
173,195,54
173,196,-25
173,197,-34
173,198,21
173,199,95
173,200,74
173,201,10
173,202,61
173,203,-83
173,204,-66
173,205,-83
173,206,97
173,207,61
173,208,60
173,209,27
173,210,99
173,211,26
173,212,-17
173,213,-58
173,214,-19
173,215,-74
173,216,-53
173,217,-32
173,218,98
173,219,49
173,220,61
173,221,70
173,222,15
173,223,23
173,224,-85
173,225,25
173,226,-87
173,227,-62
173,228,98
173,229,7
173,230,-89
173,231,-4
173,232,-46
173,233,33
173,234,-61
173,235,-10
173,236,-88
173,237,-32
173,238,51
173,239,86
173,240,73
173,241,-5
173,242,71
173,243,-90
173,244,17
173,245,-40
173,246,-65
173,247,99
173,248,37
173,249,28
173,250,-38
173,251,39
173,252,-96
173,253,-23
173,254,-65
173,255,44
173,256,85
173,257,49
173,258,58
173,259,53
173,260,-88
173,261,90
173,262,94
173,263,-38
173,264,-90
173,265,-32
173,266,91
173,267,1
173,268,95
173,269,-69
173,270,-91
173,271,7
173,272,-47
173,273,82
173,274,-19
173,275,89
173,276,82
173,277,-14
173,278,-19
173,279,-66
173,280,-34
173,281,-36
173,282,-84
173,283,-59
173,284,86
173,285,97
173,286,20
173,287,20
173,288,38
173,289,-23
173,290,-73
173,291,-62
173,292,81
173,293,-1
173,294,-90
173,295,14
173,296,85
173,297,16
173,298,67
173,299,31
174,0,-37
174,1,75
174,2,97
174,3,-18
174,4,58
174,5,-99
174,6,-58
174,7,-60
174,8,-41
174,9,11
174,10,73
174,11,-61
174,12,-42
174,13,-56
174,14,-59
174,15,18
174,16,48
174,17,30
174,18,93
174,19,38
174,20,-77
174,21,-51
174,22,-13
174,23,-80
174,24,52
174,25,31
174,26,24
174,27,-58
174,28,74
174,29,-78
174,30,87
174,31,-80
174,32,93
174,33,78
174,34,42
174,35,-43
174,36,-75
174,37,-42
174,38,-11
174,39,-56
174,40,93
174,41,62
174,42,-7
174,43,9
174,44,-37
174,45,-17
174,46,-24
174,47,-74
174,48,-14
174,49,58
174,50,-89
174,51,1
174,52,-56
174,53,27
174,54,-69
174,55,-47
174,56,93
174,57,12
174,58,14
174,59,-69
174,60,42
174,61,3
174,62,-46
174,63,-60
174,64,26
174,65,-61
174,66,-29
174,67,13
174,68,76
174,69,-63
174,70,-45
174,71,-67
174,72,28
174,73,-91
174,74,67
174,75,-85
174,76,73
174,77,51
174,78,-87
174,79,-11
174,80,66
174,81,-83
174,82,-17
174,83,68
174,84,-45
174,85,63
174,86,51
174,87,-11
174,88,-72
174,89,-79
174,90,-90
174,91,-60
174,92,76
174,93,38
174,94,-49
174,95,-34
174,96,-16
174,97,-26
174,98,35
174,99,58
174,100,22
174,101,-95
174,102,-20
174,103,98
174,104,-88
174,105,-95
174,106,94
174,107,54
174,108,20
174,109,-56
174,110,5
174,111,-75
174,112,-97
174,113,-64
174,114,-80
174,115,-73
174,116,-69
174,117,2
174,118,80
174,119,60
174,120,-75
174,121,44
174,122,83
174,123,15
174,124,-8
174,125,-71
174,126,20
174,127,-96
174,128,17
174,129,-95
174,130,5
174,131,23
174,132,89
174,133,37
174,134,-31
174,135,37
174,136,5
174,137,-57
174,138,-45
174,139,31
174,140,-88
174,141,21
174,142,-82
174,143,97
174,144,-11
174,145,89
174,146,-92
174,147,-55
174,148,-45
174,149,-27
174,150,-61
174,151,-34
174,152,12
174,153,-18
174,154,-39
174,155,73
174,156,33
174,157,-72
174,158,-82
174,159,13
174,160,7
174,161,42
174,162,-44
174,163,-63
174,164,-80
174,165,-50
174,166,66
174,167,-81
174,168,-99
174,169,-69
174,170,10
174,171,-9
174,172,31
174,173,-94
174,174,-98
174,175,-76
174,176,11
174,177,-92
174,178,-75
174,179,-37
174,180,-83
174,181,-10
174,182,-99
174,183,-100
174,184,-53
174,185,90
174,186,6
174,187,63
174,188,90
174,189,-26
174,190,-75
174,191,-95
174,192,-75
174,193,-58
174,194,21
174,195,28
174,196,-92
174,197,-74
174,198,-30
174,199,16
174,200,17
174,201,-98
174,202,88
174,203,29
174,204,23
174,205,-27
174,206,-20
174,207,58
174,208,-36
174,209,21
174,210,45
174,211,33
174,212,1
174,213,-59
174,214,10
174,215,95
174,216,3
174,217,-97
174,218,-2
174,219,31
174,220,-36
174,221,-60
174,222,70
174,223,82
174,224,46
174,225,48
174,226,85
174,227,57
174,228,15
174,229,34
174,230,96
174,231,-37
174,232,-99
174,233,14
174,234,94
174,235,27
174,236,-22
174,237,0
174,238,18
174,239,-27
174,240,-92
174,241,-78
174,242,-87
174,243,-47
174,244,23
174,245,-56
174,246,-85
174,247,99
174,248,1
174,249,-6
174,250,8
174,251,84
174,252,35
174,253,-76
174,254,68
174,255,-39
174,256,-24
174,257,45
174,258,-51
174,259,68
174,260,-67
174,261,-1
174,262,13
174,263,-20
174,264,-89
174,265,-24
174,266,-26
174,267,69
174,268,-46
174,269,-9
174,270,86
174,271,78
174,272,-13
174,273,80
174,274,-92
174,275,-98
174,276,17
174,277,35
174,278,86
174,279,-71
174,280,-34
174,281,-46
174,282,61
174,283,22
174,284,-58
174,285,55
174,286,64
174,287,57
174,288,-30
174,289,-39
174,290,9
174,291,-72
174,292,14
174,293,-99
174,294,-11
174,295,4
174,296,-44
174,297,84
174,298,-59
174,299,-52
175,0,84
175,1,98
175,2,-83
175,3,97
175,4,-74
175,5,17
175,6,-47
175,7,51
175,8,61
175,9,49
175,10,-38
175,11,63
175,12,-9
175,13,-17
175,14,-40
175,15,-19
175,16,-59
175,17,-5
175,18,60
175,19,-27
175,20,36
175,21,18
175,22,-76
175,23,40
175,24,-54
175,25,21
175,26,72
175,27,32
175,28,-70
175,29,58
175,30,-3
175,31,98
175,32,68
175,33,14
175,34,73
175,35,-49
175,36,6
175,37,-15
175,38,32
175,39,-89
175,40,-80
175,41,-92
175,42,-8
175,43,-10
175,44,44
175,45,3
175,46,51
175,47,54
175,48,35
175,49,71
175,50,-39
175,51,-72
175,52,-18
175,53,-27
175,54,51
175,55,-67
175,56,-41
175,57,3
175,58,58
175,59,14
175,60,31
175,61,36
175,62,-11
175,63,-24
175,64,20
175,65,81
175,66,-100
175,67,88
175,68,-28
175,69,58
175,70,-13
175,71,-56
175,72,-41
175,73,-15
175,74,2
175,75,-14
175,76,18
175,77,-59
175,78,54
175,79,85
175,80,96
175,81,-20
175,82,61
175,83,-91
175,84,22
175,85,93
175,86,10
175,87,-76
175,88,-98
175,89,61
175,90,-30
175,91,-73
175,92,36
175,93,-90
175,94,-8
175,95,17
175,96,23
175,97,66
175,98,-8
175,99,40
175,100,-2
175,101,-90
175,102,-66
175,103,-93
175,104,-94
175,105,-32
175,106,-31
175,107,84
175,108,14
175,109,23
175,110,62
175,111,-90
175,112,65
175,113,-10
175,114,-16
175,115,-52
175,116,-66
175,117,56
175,118,-13
175,119,68
175,120,8
175,121,33
175,122,-91
175,123,-17
175,124,-16
175,125,50
175,126,73
175,127,39
175,128,-46
175,129,40
175,130,-27
175,131,34
175,132,39
175,133,-40
175,134,52
175,135,29
175,136,-75
175,137,78
175,138,-32
175,139,-39
175,140,99
175,141,66
175,142,15
175,143,14
175,144,38
175,145,91
175,146,1
175,147,-59
175,148,-91
175,149,22
175,150,-82
175,151,-97
175,152,-98
175,153,41
175,154,-91
175,155,-95
175,156,-70
175,157,-70
175,158,75
175,159,-92
175,160,7
175,161,23
175,162,53
175,163,29
175,164,-97
175,165,-95
175,166,-71
175,167,82
175,168,55
175,169,-40
175,170,-24
175,171,82
175,172,9
175,173,-65
175,174,32
175,175,56
175,176,-1
175,177,39
175,178,21
175,179,49
175,180,-42
175,181,9
175,182,66
175,183,29
175,184,-87
175,185,37
175,186,75
175,187,-37
175,188,30
175,189,-29
175,190,87
175,191,95
175,192,-80
175,193,-7
175,194,46
175,195,-22
175,196,-81
175,197,-43
175,198,-59
175,199,-7
175,200,37
175,201,50
175,202,-13
175,203,39
175,204,-92
175,205,-22
175,206,56
175,207,-19
175,208,47
175,209,92
175,210,-98
175,211,35
175,212,-62
175,213,-37
175,214,-70
175,215,10
175,216,99
175,217,22
175,218,49
175,219,-5
175,220,-96
175,221,-43
175,222,4
175,223,-38
175,224,-40
175,225,-49
175,226,7
175,227,0
175,228,-68
175,229,-79
175,230,-50
175,231,-90
175,232,26
175,233,85
175,234,-51
175,235,97
175,236,-84
175,237,73
175,238,-57
175,239,84
175,240,32
175,241,-62
175,242,85
175,243,36
175,244,-78
175,245,74
175,246,63
175,247,-70
175,248,-17
175,249,-78
175,250,83
175,251,98
175,252,73
175,253,-43
175,254,63
175,255,95
175,256,-13
175,257,87
175,258,41
175,259,-76
175,260,98
175,261,71
175,262,-55
175,263,40
175,264,-39
175,265,-82
175,266,39
175,267,11
175,268,-11
175,269,-53
175,270,60
175,271,64
175,272,33
175,273,22
175,274,16
175,275,-20
175,276,70
175,277,-1
175,278,77
175,279,73
175,280,-28
175,281,-73
175,282,94
175,283,-90
175,284,47
175,285,-14
175,286,57
175,287,0
175,288,-65
175,289,-1
175,290,18
175,291,-3
175,292,95
175,293,-13
175,294,-65
175,295,-43
175,296,-73
175,297,-62
175,298,-35
175,299,70
176,0,-96
176,1,40
176,2,-92
176,3,2
176,4,-44
176,5,-74
176,6,88
176,7,2
176,8,77
176,9,-19
176,10,61
176,11,-16
176,12,-36
176,13,72
176,14,-14
176,15,-67
176,16,-1
176,17,35
176,18,-7
176,19,-53
176,20,63
176,21,-1
176,22,-19
176,23,93
176,24,16
176,25,-90
176,26,-49
176,27,63
176,28,-70
176,29,-77
176,30,48
176,31,-5
176,32,57
176,33,20
176,34,-29
176,35,-4
176,36,14
176,37,-37
176,38,26
176,39,16
176,40,-62
176,41,28
176,42,-4
176,43,69
176,44,-24
176,45,-96
176,46,39
176,47,56
176,48,-98
176,49,-40
176,50,78
176,51,63
176,52,10
176,53,-26
176,54,29
176,55,-72
176,56,-60
176,57,-72
176,58,-1
176,59,-37
176,60,-43
176,61,37
176,62,-90
176,63,34
176,64,-24
176,65,7
176,66,88
176,67,93
176,68,-7
176,69,-15
176,70,80
176,71,-36
176,72,-74
176,73,34
176,74,-36
176,75,-43
176,76,-76
176,77,-53
176,78,-97
176,79,35
176,80,14
176,81,95
176,82,87
176,83,-97
176,84,35
176,85,-11
176,86,-85
176,87,46
176,88,28
176,89,0
176,90,61
176,91,11
176,92,-56
176,93,-38
176,94,-7
176,95,33
176,96,-65
176,97,20
176,98,2
176,99,-35
176,100,18
176,101,-93
176,102,94
176,103,-74
176,104,-67
176,105,-73
176,106,58
176,107,44
176,108,7
176,109,22
176,110,82
176,111,-92
176,112,-44
176,113,-56
176,114,33
176,115,41
176,116,58
176,117,81
176,118,-90
176,119,-32
176,120,-6
176,121,29
176,122,2
176,123,-84
176,124,9
176,125,-65
176,126,30
176,127,90
176,128,-58
176,129,-8
176,130,-68
176,131,1
176,132,-72
176,133,50
176,134,86
176,135,-20
176,136,76
176,137,82
176,138,-26
176,139,55
176,140,98
176,141,8
176,142,3
176,143,-29
176,144,-76
176,145,34
176,146,20
176,147,-26
176,148,61
176,149,49
176,150,-34
176,151,77
176,152,75
176,153,3
176,154,18
176,155,99
176,156,-31
176,157,-44
176,158,52
176,159,-35
176,160,43
176,161,-43
176,162,16
176,163,68
176,164,-50
176,165,-80
176,166,-22
176,167,-45
176,168,-3
176,169,-54
176,170,17
176,171,70
176,172,-17
176,173,7
176,174,-70
176,175,-86
176,176,75
176,177,-39
176,178,-31
176,179,30
176,180,65
176,181,-14
176,182,-43
176,183,94
176,184,-56
176,185,71
176,186,-93
176,187,26
176,188,-35
176,189,-30
176,190,88
176,191,-84
176,192,-30
176,193,-4
176,194,-65
176,195,-33
176,196,7
176,197,-80
176,198,-55
176,199,73
176,200,-9
176,201,6
176,202,23
176,203,-85
176,204,49
176,205,33
176,206,83
176,207,-56
176,208,85
176,209,55
176,210,44
176,211,63
176,212,-89
176,213,-51
176,214,-42
176,215,3
176,216,-89
176,217,89
176,218,-61
176,219,-8
176,220,29
176,221,-8
176,222,7
176,223,52
176,224,-16
176,225,-27
176,226,26
176,227,-70
176,228,74
176,229,87
176,230,4
176,231,-3
176,232,2
176,233,-60
176,234,77
176,235,50
176,236,-89
176,237,-30
176,238,-5
176,239,-79
176,240,-45
176,241,-85
176,242,85
176,243,99
176,244,78
176,245,33
176,246,-99
176,247,-39
176,248,22
176,249,-59
176,250,16
176,251,16
176,252,-58
176,253,-49
176,254,22
176,255,85
176,256,47
176,257,-45
176,258,-34
176,259,-42
176,260,-53
176,261,-66
176,262,35
176,263,-25
176,264,-69
176,265,-56
176,266,-16
176,267,22
176,268,94
176,269,1
176,270,-74
176,271,18
176,272,-98
176,273,-44
176,274,92
176,275,47
176,276,98
176,277,20
176,278,68
176,279,-100
176,280,-27
176,281,8
176,282,31
176,283,-30
176,284,-91
176,285,26
176,286,56
176,287,-86
176,288,-82
176,289,85
176,290,9
176,291,80
176,292,-55
176,293,-83
176,294,5
176,295,-98
176,296,-31
176,297,-79
176,298,-46
176,299,17
177,0,91
177,1,-60
177,2,9
177,3,16
177,4,35
177,5,-36
177,6,30
177,7,56
177,8,-31
177,9,-83
177,10,85
177,11,16
177,12,-100
177,13,-79
177,14,-6
177,15,50
177,16,35
177,17,56
177,18,71
177,19,14
177,20,-39
177,21,-82
177,22,-42
177,23,23
177,24,-21
177,25,46
177,26,-79
177,27,-18
177,28,-33
177,29,-96
177,30,-96
177,31,52
177,32,-77
177,33,28
177,34,13
177,35,-73
177,36,-54
177,37,-16
177,38,87
177,39,-82
177,40,-14
177,41,41
177,42,-31
177,43,13
177,44,-93
177,45,-64
177,46,-15
177,47,-29
177,48,24
177,49,-91
177,50,-34
177,51,40
177,52,-62
177,53,-37
177,54,-71
177,55,31
177,56,-56
177,57,33
177,58,-85
177,59,-79
177,60,-80
177,61,92
177,62,57
177,63,-77
177,64,-37
177,65,40
177,66,-75
177,67,-3
177,68,-81
177,69,-40
177,70,23
177,71,33
177,72,70
177,73,76
177,74,-92
177,75,27
177,76,0
177,77,64
177,78,-85
177,79,-97
177,80,-69
177,81,-17
177,82,-8
177,83,27
177,84,-84
177,85,-60
177,86,-56
177,87,-85
177,88,-81
177,89,-59
177,90,-91
177,91,-49
177,92,87
177,93,75
177,94,50
177,95,-68
177,96,26
177,97,52
177,98,-51
177,99,0
177,100,-1
177,101,-13
177,102,97
177,103,-22
177,104,82
177,105,-3
177,106,-33
177,107,-23
177,108,31
177,109,-73
177,110,-72
177,111,-19
177,112,21
177,113,75
177,114,4
177,115,-29
177,116,9
177,117,12
177,118,40
177,119,-58
177,120,-92
177,121,-61
177,122,-55
177,123,-43
177,124,83
177,125,39
177,126,0
177,127,-76
177,128,-12
177,129,43
177,130,78
177,131,23
177,132,-2
177,133,99
177,134,80
177,135,79
177,136,94
177,137,23
177,138,-77
177,139,6
177,140,-87
177,141,-79
177,142,27
177,143,-70
177,144,-16
177,145,-43
177,146,-32
177,147,46
177,148,5
177,149,80
177,150,-16
177,151,-99
177,152,80
177,153,94
177,154,-54
177,155,14
177,156,-48
177,157,84
177,158,-76
177,159,-66
177,160,56
177,161,-14
177,162,9
177,163,44
177,164,-21
177,165,76
177,166,83
177,167,30
177,168,-79
177,169,41
177,170,30
177,171,-63
177,172,-14
177,173,-80
177,174,78
177,175,-77
177,176,-5
177,177,-56
177,178,96
177,179,71
177,180,-54
177,181,84
177,182,46
177,183,61
177,184,30
177,185,-62
177,186,-9
177,187,-26
177,188,87
177,189,37
177,190,67
177,191,-99
177,192,-56
177,193,54
177,194,-48
177,195,36
177,196,2
177,197,28
177,198,60
177,199,-63
177,200,-44
177,201,60
177,202,75
177,203,-98
177,204,-69
177,205,48
177,206,-33
177,207,44
177,208,69
177,209,-33
177,210,-17
177,211,-89
177,212,-56
177,213,63
177,214,-21
177,215,78
177,216,34
177,217,60
177,218,-53
177,219,93
177,220,-68
177,221,-17
177,222,0
177,223,54
177,224,-54
177,225,-16
177,226,93
177,227,-58
177,228,-21
177,229,46
177,230,95
177,231,37
177,232,-79
177,233,93
177,234,29
177,235,7
177,236,-3
177,237,-83
177,238,27
177,239,-82
177,240,57
177,241,33
177,242,-74
177,243,-86
177,244,58
177,245,71
177,246,37
177,247,48
177,248,74
177,249,82
177,250,22
177,251,-6
177,252,63
177,253,26
177,254,-27
177,255,-43
177,256,46
177,257,91
177,258,9
177,259,37
177,260,-52
177,261,81
177,262,-40
177,263,86
177,264,29
177,265,-26
177,266,-93
177,267,46
177,268,95
177,269,41
177,270,-79
177,271,-84
177,272,6
177,273,-38
177,274,21
177,275,-75
177,276,63
177,277,16
177,278,-56
177,279,-71
177,280,15
177,281,48
177,282,47
177,283,69
177,284,-11
177,285,18
177,286,83
177,287,39
177,288,-93
177,289,-8
177,290,16
177,291,90
177,292,-45
177,293,34
177,294,-39
177,295,20
177,296,-40
177,297,37
177,298,-51
177,299,47
178,0,-73
178,1,41
178,2,-25
178,3,-93
178,4,34
178,5,-96
178,6,-100
178,7,10
178,8,-28
178,9,5
178,10,-91
178,11,85
178,12,-36
178,13,87
178,14,47
178,15,-43
178,16,70
178,17,56
178,18,-99
178,19,53
178,20,-42
178,21,4
178,22,-100
178,23,-70
178,24,-63
178,25,-79
178,26,93
178,27,74
178,28,-100
178,29,-13
178,30,77
178,31,63
178,32,72
178,33,63
178,34,61
178,35,-92
178,36,9
178,37,-17
178,38,31
178,39,-38
178,40,31
178,41,32
178,42,37
178,43,7
178,44,71
178,45,-61
178,46,-65
178,47,-66
178,48,-42
178,49,92
178,50,15
178,51,-70
178,52,73
178,53,-52
178,54,33
178,55,97
178,56,5
178,57,-82
178,58,-5
178,59,69
178,60,-71
178,61,-75
178,62,30
178,63,60
178,64,-51
178,65,58
178,66,10
178,67,95
178,68,-5
178,69,-19
178,70,37
178,71,-79
178,72,90
178,73,-47
178,74,78
178,75,-20
178,76,31
178,77,-64
178,78,98
178,79,-38
178,80,-50
178,81,35
178,82,-100
178,83,-93
178,84,-20
178,85,4
178,86,82
178,87,11
178,88,36
178,89,78
178,90,43
178,91,80
178,92,-42
178,93,-56
178,94,64
178,95,-10
178,96,-35
178,97,91
178,98,-65
178,99,-25
178,100,-51
178,101,-2
178,102,-6
178,103,80
178,104,84
178,105,46
178,106,53
178,107,17
178,108,-1
178,109,-33
178,110,11
178,111,70
178,112,26
178,113,-6
178,114,21
178,115,85
178,116,26
178,117,2
178,118,-42
178,119,-55
178,120,95
178,121,-61
178,122,40
178,123,20
178,124,4
178,125,-92
178,126,-35
178,127,-48
178,128,-20
178,129,-97
178,130,25
178,131,41
178,132,4
178,133,35
178,134,-4
178,135,89
178,136,72
178,137,-9
178,138,94
178,139,89
178,140,-23
178,141,-18
178,142,-31
178,143,-65
178,144,-17
178,145,28
178,146,87
178,147,40
178,148,39
178,149,-26
178,150,-1
178,151,44
178,152,74
178,153,-48
178,154,-34
178,155,-91
178,156,-55
178,157,-18
178,158,16
178,159,-97
178,160,-44
178,161,-63
178,162,39
178,163,-70
178,164,29
178,165,28
178,166,-20
178,167,-76
178,168,-96
178,169,-53
178,170,41
178,171,-49
178,172,-27
178,173,48
178,174,52
178,175,-2
178,176,-34
178,177,18
178,178,77
178,179,2
178,180,-68
178,181,44
178,182,97
178,183,-67
178,184,53
178,185,69
178,186,58
178,187,12
178,188,-50
178,189,-65
178,190,-88
178,191,-16
178,192,-88
178,193,-69
178,194,32
178,195,-89
178,196,86
178,197,68
178,198,-64
178,199,-33
178,200,5
178,201,75
178,202,70
178,203,-8
178,204,-60
178,205,-45
178,206,-32
178,207,-90
178,208,36
178,209,12
178,210,-73
178,211,-79
178,212,-16
178,213,-95
178,214,-75
178,215,43
178,216,-87
178,217,-66
178,218,-59
178,219,-48
178,220,-1
178,221,49
178,222,80
178,223,93
178,224,-88
178,225,-90
178,226,39
178,227,-4
178,228,-15
178,229,-48
178,230,-92
178,231,-30
178,232,-84
178,233,88
178,234,-91
178,235,65
178,236,22
178,237,-62
178,238,9
178,239,-12
178,240,-7
178,241,57
178,242,6
178,243,-67
178,244,-68
178,245,59
178,246,-89
178,247,-14
178,248,-8
178,249,6
178,250,92
178,251,-91
178,252,24
178,253,-82
178,254,-78
178,255,27
178,256,-16
178,257,84
178,258,6
178,259,-2
178,260,-42
178,261,81
178,262,-27
178,263,-99
178,264,-53
178,265,-95
178,266,-58
178,267,44
178,268,26
178,269,-22
178,270,63
178,271,51
178,272,20
178,273,19
178,274,88
178,275,-72
178,276,-23
178,277,-43
178,278,93
178,279,80
178,280,-31
178,281,-92
178,282,69
178,283,-62
178,284,96
178,285,21
178,286,67
178,287,-42
178,288,-57
178,289,-36
178,290,-90
178,291,-10
178,292,-17
178,293,-96
178,294,13
178,295,76
178,296,78
178,297,63
178,298,4
178,299,-85
179,0,-94
179,1,-57
179,2,-75
179,3,-65
179,4,80
179,5,-9
179,6,71
179,7,-89
179,8,-11
179,9,-33
179,10,7
179,11,50
179,12,3
179,13,-13
179,14,-6
179,15,25
179,16,-71
179,17,-38
179,18,-98
179,19,61
179,20,1
179,21,-9
179,22,76
179,23,71
179,24,68
179,25,-53
179,26,98
179,27,-93
179,28,34
179,29,-64
179,30,82
179,31,-30
179,32,77
179,33,-19
179,34,11
179,35,2
179,36,-80
179,37,-67
179,38,76
179,39,-74
179,40,-93
179,41,61
179,42,-83
179,43,78
179,44,39
179,45,-50
179,46,90
179,47,67
179,48,49
179,49,35
179,50,55
179,51,77
179,52,-54
179,53,-45
179,54,59
179,55,38
179,56,48
179,57,53
179,58,41
179,59,-22
179,60,-87
179,61,-1
179,62,-98
179,63,84
179,64,21
179,65,-94
179,66,-62
179,67,84
179,68,14
179,69,9
179,70,-36
179,71,-76
179,72,-70
179,73,-15
179,74,37
179,75,-24
179,76,99
179,77,36
179,78,21
179,79,-93
179,80,-4
179,81,-82
179,82,-71
179,83,-92
179,84,-18
179,85,-54
179,86,73
179,87,-11
179,88,-100
179,89,30
179,90,61
179,91,52
179,92,57
179,93,-100
179,94,22
179,95,45
179,96,60
179,97,36
179,98,34
179,99,-71
179,100,-24
179,101,-20
179,102,-88
179,103,-88
179,104,-59
179,105,23
179,106,0
179,107,-23
179,108,90
179,109,6
179,110,96
179,111,-65
179,112,-66
179,113,73
179,114,72
179,115,-45
179,116,-14
179,117,-96
179,118,71
179,119,20
179,120,55
179,121,-14
179,122,69
179,123,-3
179,124,58
179,125,34
179,126,-94
179,127,-97
179,128,7
179,129,27
179,130,-69
179,131,-73
179,132,83
179,133,-97
179,134,8
179,135,-93
179,136,41
179,137,-71
179,138,30
179,139,29
179,140,-91
179,141,-31
179,142,18
179,143,-30
179,144,43
179,145,-31
179,146,-10
179,147,19
179,148,49
179,149,-66
179,150,23
179,151,11
179,152,1
179,153,76
179,154,29
179,155,93
179,156,46
179,157,96
179,158,31
179,159,-19
179,160,3
179,161,-60
179,162,-45
179,163,-46
179,164,58
179,165,26
179,166,49
179,167,-26
179,168,75
179,169,-21
179,170,27
179,171,31
179,172,48
179,173,68
179,174,-56
179,175,-17
179,176,-93
179,177,6
179,178,16
179,179,-92
179,180,45
179,181,-70
179,182,-66
179,183,57
179,184,-83
179,185,68
179,186,-77
179,187,-15
179,188,-53
179,189,41
179,190,46
179,191,-41
179,192,-8
179,193,-79
179,194,-71
179,195,42
179,196,-80
179,197,53
179,198,-1
179,199,-89
179,200,34
179,201,2
179,202,-66
179,203,-33
179,204,29
179,205,-81
179,206,-54
179,207,-17
179,208,-89
179,209,-48
179,210,-84
179,211,-83
179,212,3
179,213,51
179,214,-29
179,215,64
179,216,4
179,217,57
179,218,-17
179,219,-49
179,220,50
179,221,-64
179,222,22
179,223,-4
179,224,51
179,225,-1
179,226,19
179,227,-51
179,228,47
179,229,-54
179,230,-83
179,231,21
179,232,-75
179,233,19
179,234,-30
179,235,-58
179,236,-54
179,237,-16
179,238,-58
179,239,27
179,240,59
179,241,-94
179,242,-69
179,243,-13
179,244,-36
179,245,-43
179,246,80
179,247,-9
179,248,-67
179,249,-11
179,250,96
179,251,83
179,252,-35
179,253,59
179,254,-3
179,255,-51
179,256,-77
179,257,73
179,258,30
179,259,13
179,260,-91
179,261,33
179,262,-3
179,263,-49
179,264,-51
179,265,9
179,266,-43
179,267,79
179,268,-88
179,269,24
179,270,-42
179,271,66
179,272,-48
179,273,85
179,274,-81
179,275,90
179,276,-5
179,277,-91
179,278,53
179,279,46
179,280,-40
179,281,-24
179,282,17
179,283,61
179,284,-17
179,285,71
179,286,-83
179,287,20
179,288,11
179,289,-29
179,290,43
179,291,3
179,292,-24
179,293,-75
179,294,92
179,295,93
179,296,2
179,297,54
179,298,-97
179,299,-50
180,0,30
180,1,-14
180,2,-35
180,3,43
180,4,-73
180,5,-57
180,6,45
180,7,-99
180,8,71
180,9,47
180,10,-45
180,11,19
180,12,3
180,13,50
180,14,17
180,15,-41
180,16,98
180,17,72
180,18,-54
180,19,-23
180,20,64
180,21,35
180,22,32
180,23,-78
180,24,4
180,25,-91
180,26,12
180,27,-74
180,28,-2
180,29,-100
180,30,-30
180,31,14
180,32,35
180,33,38
180,34,26
180,35,15
180,36,55
180,37,-67
180,38,70
180,39,55
180,40,76
180,41,88
180,42,64
180,43,30
180,44,-92
180,45,-12
180,46,29
180,47,-78
180,48,78
180,49,44
180,50,52
180,51,54
180,52,-81
180,53,-28
180,54,63
180,55,55
180,56,-72
180,57,19
180,58,69
180,59,-43
180,60,17
180,61,-69
180,62,39
180,63,57
180,64,-41
180,65,38
180,66,0
180,67,38
180,68,11
180,69,10
180,70,-21
180,71,-2
180,72,77
180,73,-100
180,74,-12
180,75,12
180,76,-74
180,77,15
180,78,-69
180,79,-95
180,80,-60
180,81,63
180,82,66
180,83,-14
180,84,57
180,85,-44
180,86,38
180,87,-11
180,88,30
180,89,-53
180,90,33
180,91,-94
180,92,-57
180,93,-40
180,94,81
180,95,78
180,96,-15
180,97,-53
180,98,-40
180,99,-4
180,100,67
180,101,30
180,102,57
180,103,51
180,104,94
180,105,-99
180,106,-57
180,107,67
180,108,-82
180,109,90
180,110,51
180,111,-51
180,112,-81
180,113,-44
180,114,12
180,115,-51
180,116,-6
180,117,4
180,118,85
180,119,58
180,120,64
180,121,6
180,122,-8
180,123,-97
180,124,85
180,125,37
180,126,-38
180,127,63
180,128,82
180,129,-44
180,130,70
180,131,4
180,132,-36
180,133,39
180,134,-39
180,135,51
180,136,29
180,137,74
180,138,25
180,139,83
180,140,43
180,141,61
180,142,45
180,143,-72
180,144,81
180,145,-50
180,146,-87
180,147,-7
180,148,-43
180,149,62
180,150,36
180,151,27
180,152,-64
180,153,2
180,154,-89
180,155,-16
180,156,38
180,157,-74
180,158,-13
180,159,70
180,160,77
180,161,-3
180,162,-81
180,163,40
180,164,-54
180,165,-93
180,166,96
180,167,-30
180,168,-37
180,169,-57
180,170,-89
180,171,4
180,172,-97
180,173,-61
180,174,46
180,175,81
180,176,-100
180,177,18
180,178,40
180,179,-51
180,180,80
180,181,69
180,182,8
180,183,52
180,184,-57
180,185,8
180,186,-3
180,187,88
180,188,-20
180,189,48
180,190,78
180,191,-25
180,192,-21
180,193,-49
180,194,-38
180,195,-17
180,196,81
180,197,37
180,198,-14
180,199,10
180,200,-42
180,201,-93
180,202,-50
180,203,32
180,204,-25
180,205,69
180,206,-23
180,207,23
180,208,-89
180,209,-77
180,210,-56
180,211,-48
180,212,80
180,213,44
180,214,92
180,215,17
180,216,85
180,217,-64
180,218,-26
180,219,69
180,220,97
180,221,-22
180,222,67
180,223,-78
180,224,50
180,225,-52
180,226,27
180,227,34
180,228,-64
180,229,43
180,230,-63
180,231,-2
180,232,67
180,233,-72
180,234,2
180,235,44
180,236,47
180,237,9
180,238,52
180,239,-41
180,240,65
180,241,-38
180,242,-62
180,243,25
180,244,91
180,245,-18
180,246,-80
180,247,-69
180,248,-73
180,249,2
180,250,-89
180,251,20
180,252,10
180,253,-22
180,254,-9
180,255,19
180,256,-16
180,257,-21
180,258,50
180,259,-86
180,260,0
180,261,-89
180,262,31
180,263,-66
180,264,-6
180,265,88
180,266,-74
180,267,24
180,268,60
180,269,-88
180,270,64
180,271,71
180,272,-99
180,273,65
180,274,-64
180,275,86
180,276,13
180,277,19
180,278,-32
180,279,-83
180,280,-53
180,281,-20
180,282,-35
180,283,76
180,284,5
180,285,-43
180,286,62
180,287,-23
180,288,85
180,289,-94
180,290,2
180,291,8
180,292,-92
180,293,-32
180,294,31
180,295,59
180,296,32
180,297,-45
180,298,-45
180,299,-57
181,0,-29
181,1,40
181,2,31
181,3,79
181,4,-86
181,5,19
181,6,9
181,7,-19
181,8,-17
181,9,-100
181,10,92
181,11,38
181,12,88
181,13,-8
181,14,-13
181,15,-17
181,16,90
181,17,65
181,18,96
181,19,-56
181,20,-27
181,21,97
181,22,-33
181,23,-97
181,24,98
181,25,-53
181,26,-4
181,27,36
181,28,-11
181,29,74
181,30,-41
181,31,-49
181,32,23
181,33,-15
181,34,60
181,35,85
181,36,-4
181,37,-53
181,38,32
181,39,-74
181,40,68
181,41,-100
181,42,-50
181,43,43
181,44,-2
181,45,-1
181,46,59
181,47,2
181,48,-54
181,49,50
181,50,-86
181,51,53
181,52,-64
181,53,82
181,54,29
181,55,-25
181,56,46
181,57,-69
181,58,96
181,59,-46
181,60,-2
181,61,-45
181,62,-72
181,63,8
181,64,-17
181,65,63
181,66,15
181,67,-30
181,68,-19
181,69,-48
181,70,-16
181,71,-15
181,72,66
181,73,-25
181,74,-90
181,75,-25
181,76,-71
181,77,-22
181,78,99
181,79,6
181,80,80
181,81,-19
181,82,35
181,83,-81
181,84,-89
181,85,-34
181,86,77
181,87,25
181,88,39
181,89,-47
181,90,-21
181,91,23
181,92,81
181,93,-27
181,94,46
181,95,41
181,96,79
181,97,49
181,98,31
181,99,15
181,100,-42
181,101,61
181,102,-37
181,103,27
181,104,-83
181,105,-19
181,106,-70
181,107,-17
181,108,-59
181,109,30
181,110,-16
181,111,82
181,112,-91
181,113,-30
181,114,-79
181,115,50
181,116,-25
181,117,-88
181,118,67
181,119,22
181,120,40
181,121,-4
181,122,-6
181,123,-50
181,124,91
181,125,-18
181,126,-5
181,127,-11
181,128,25
181,129,-88
181,130,56
181,131,98
181,132,74
181,133,53
181,134,97
181,135,17
181,136,50
181,137,-26
181,138,83
181,139,-82
181,140,-3
181,141,10
181,142,77
181,143,7
181,144,-66
181,145,76
181,146,73
181,147,-8
181,148,97
181,149,-1
181,150,80
181,151,58
181,152,-5
181,153,-17
181,154,49
181,155,-34
181,156,35
181,157,-82
181,158,-70
181,159,-69
181,160,-46
181,161,2
181,162,58
181,163,94
181,164,-50
181,165,21
181,166,-9
181,167,54
181,168,75
181,169,9
181,170,-58
181,171,78
181,172,96
181,173,-26
181,174,-30
181,175,-29
181,176,77
181,177,88
181,178,2
181,179,-60
181,180,78
181,181,-23
181,182,-77
181,183,-71
181,184,-49
181,185,77
181,186,-44
181,187,89
181,188,-22
181,189,16
181,190,80
181,191,95
181,192,96
181,193,-70
181,194,-25
181,195,-71
181,196,12
181,197,37
181,198,71
181,199,33
181,200,54
181,201,-81
181,202,-81
181,203,-89
181,204,-16
181,205,-52
181,206,79
181,207,-91
181,208,-96
181,209,-37
181,210,85
181,211,35
181,212,57
181,213,-84
181,214,-34
181,215,-80
181,216,-85
181,217,-74
181,218,14
181,219,-95
181,220,-59
181,221,43
181,222,72
181,223,-98
181,224,-61
181,225,-81
181,226,-94
181,227,-42
181,228,38
181,229,-8
181,230,-49
181,231,30
181,232,-80
181,233,80
181,234,57
181,235,-90
181,236,52
181,237,-51
181,238,-92
181,239,-56
181,240,-72
181,241,-39
181,242,-86
181,243,-82
181,244,42
181,245,66
181,246,-66
181,247,40
181,248,43
181,249,-34
181,250,-6
181,251,-46
181,252,92
181,253,-66
181,254,-85
181,255,28
181,256,77
181,257,-87
181,258,-39
181,259,34
181,260,50
181,261,-2
181,262,90
181,263,-72
181,264,49
181,265,-8
181,266,-95
181,267,56
181,268,-12
181,269,-99
181,270,91
181,271,-5
181,272,-65
181,273,-5
181,274,47
181,275,82
181,276,-64
181,277,1
181,278,79
181,279,-32
181,280,-31
181,281,49
181,282,6
181,283,-86
181,284,-3
181,285,-54
181,286,98
181,287,7
181,288,7
181,289,-32
181,290,-49
181,291,66
181,292,-99
181,293,-56
181,294,51
181,295,88
181,296,10
181,297,-9
181,298,21
181,299,-36
182,0,80
182,1,15
182,2,48
182,3,26
182,4,-34
182,5,-7
182,6,28
182,7,-42
182,8,14
182,9,15
182,10,-54
182,11,8
182,12,-83
182,13,12
182,14,-68
182,15,42
182,16,-77
182,17,-65
182,18,-41
182,19,61
182,20,-11
182,21,-50
182,22,67
182,23,49
182,24,43
182,25,3
182,26,69
182,27,-85
182,28,32
182,29,33
182,30,69
182,31,-71
182,32,59
182,33,80
182,34,46
182,35,-50
182,36,55
182,37,74
182,38,-29
182,39,27
182,40,6
182,41,26
182,42,28
182,43,95
182,44,84
182,45,49
182,46,-7
182,47,-43
182,48,-88
182,49,66
182,50,-74
182,51,66
182,52,20
182,53,99
182,54,39
182,55,51
182,56,-83
182,57,18
182,58,-86
182,59,87
182,60,43
182,61,-4
182,62,-27
182,63,-54
182,64,51
182,65,72
182,66,-82
182,67,-10
182,68,68
182,69,-70
182,70,-85
182,71,50
182,72,-23
182,73,-78
182,74,-60
182,75,45
182,76,63
182,77,-89
182,78,-26
182,79,96
182,80,78
182,81,-16
182,82,59
182,83,-30
182,84,63
182,85,67
182,86,25
182,87,-31
182,88,65
182,89,81
182,90,-97
182,91,73
182,92,-38
182,93,-51
182,94,-71
182,95,-85
182,96,79
182,97,-97
182,98,-75
182,99,56
182,100,38
182,101,-9
182,102,7
182,103,51
182,104,-50
182,105,-59
182,106,66
182,107,34
182,108,-83
182,109,-98
182,110,90
182,111,-81
182,112,-3
182,113,-28
182,114,-27
182,115,22
182,116,-31
182,117,44
182,118,-22
182,119,86
182,120,81
182,121,40
182,122,-59
182,123,-57
182,124,-21
182,125,-34
182,126,99
182,127,-81
182,128,-54
182,129,-77
182,130,78
182,131,45
182,132,-78
182,133,28
182,134,22
182,135,14
182,136,-35
182,137,32
182,138,-83
182,139,16
182,140,-66
182,141,52
182,142,5
182,143,51
182,144,40
182,145,48
182,146,-62
182,147,61
182,148,46
182,149,55
182,150,-10
182,151,13
182,152,38
182,153,76
182,154,-66
182,155,-17
182,156,-25
182,157,-44
182,158,-73
182,159,-35
182,160,-36
182,161,49
182,162,-50
182,163,-10
182,164,36
182,165,98
182,166,63
182,167,81
182,168,65
182,169,-35
182,170,70
182,171,32
182,172,-20
182,173,64
182,174,85
182,175,-38
182,176,-2
182,177,-50
182,178,-29
182,179,-58
182,180,-34
182,181,94
182,182,-36
182,183,-39
182,184,90
182,185,57
182,186,-11
182,187,65
182,188,3
182,189,-50
182,190,6
182,191,-63
182,192,-34
182,193,-24
182,194,-1
182,195,4
182,196,-53
182,197,39
182,198,-81
182,199,2
182,200,-29
182,201,16
182,202,10
182,203,29
182,204,19
182,205,82
182,206,33
182,207,-18
182,208,27
182,209,7
182,210,89
182,211,76
182,212,-17
182,213,81
182,214,37
182,215,51
182,216,56
182,217,18
182,218,-7
182,219,8
182,220,33
182,221,85
182,222,-23
182,223,84
182,224,30
182,225,-77
182,226,46
182,227,-92
182,228,57
182,229,-5
182,230,-24
182,231,-19
182,232,71
182,233,80
182,234,-15
182,235,95
182,236,-41
182,237,50
182,238,-40
182,239,34
182,240,71
182,241,82
182,242,-26
182,243,-62
182,244,21
182,245,86
182,246,5
182,247,-3
182,248,32
182,249,69
182,250,-9
182,251,-87
182,252,54
182,253,-85
182,254,29
182,255,46
182,256,50
182,257,68
182,258,-87
182,259,74
182,260,-38
182,261,-93
182,262,-74
182,263,10
182,264,-61
182,265,55
182,266,-33
182,267,22
182,268,-40
182,269,65
182,270,27
182,271,7
182,272,51
182,273,55
182,274,68
182,275,45
182,276,-52
182,277,53
182,278,-98
182,279,-24
182,280,65
182,281,41
182,282,28
182,283,-9
182,284,22
182,285,17
182,286,-90
182,287,67
182,288,-97
182,289,61
182,290,92
182,291,83
182,292,-91
182,293,-20
182,294,-30
182,295,2
182,296,91
182,297,40
182,298,-79
182,299,-45
183,0,21
183,1,92
183,2,-9
183,3,-4
183,4,40
183,5,-100
183,6,-63
183,7,85
183,8,52
183,9,-59
183,10,-16
183,11,60
183,12,84
183,13,-64
183,14,84
183,15,-3
183,16,-39
183,17,30
183,18,-71
183,19,94
183,20,90
183,21,-19
183,22,-78
183,23,99
183,24,-35
183,25,88
183,26,-99
183,27,54
183,28,75
183,29,-38
183,30,-96
183,31,28
183,32,49
183,33,-27
183,34,8
183,35,-77
183,36,-42
183,37,77
183,38,-78
183,39,45
183,40,-12
183,41,-79
183,42,-57
183,43,-57
183,44,-64
183,45,-94
183,46,-77
183,47,68
183,48,-31
183,49,-30
183,50,45
183,51,-29
183,52,-41
183,53,79
183,54,76
183,55,94
183,56,-56
183,57,36
183,58,15
183,59,53
183,60,53
183,61,-71
183,62,-74
183,63,31
183,64,78
183,65,-18
183,66,-3
183,67,-31
183,68,-22
183,69,37
183,70,17
183,71,5
183,72,-65
183,73,-55
183,74,3
183,75,33
183,76,7
183,77,3
183,78,-31
183,79,-12
183,80,-98
183,81,77
183,82,-59
183,83,9
183,84,81
183,85,66
183,86,17
183,87,-46
183,88,38
183,89,13
183,90,-71
183,91,7
183,92,-20
183,93,83
183,94,56
183,95,-84
183,96,-68
183,97,1
183,98,-80
183,99,10
183,100,-91
183,101,2
183,102,-62
183,103,-23
183,104,74
183,105,-15
183,106,-49
183,107,-60
183,108,74
183,109,-14
183,110,98
183,111,-13
183,112,70
183,113,-64
183,114,22
183,115,-37
183,116,98
183,117,87
183,118,52
183,119,18
183,120,49
183,121,70
183,122,23
183,123,98
183,124,97
183,125,-65
183,126,-55
183,127,-79
183,128,-66
183,129,12
183,130,74
183,131,-68
183,132,40
183,133,-45
183,134,-34
183,135,-88
183,136,-51
183,137,84
183,138,-73
183,139,3
183,140,-3
183,141,-5
183,142,-14
183,143,-13
183,144,92
183,145,51
183,146,94
183,147,24
183,148,-20
183,149,-94
183,150,-27
183,151,-18
183,152,-77
183,153,36
183,154,13
183,155,-86
183,156,12
183,157,83
183,158,21
183,159,-15
183,160,44
183,161,-82
183,162,-92
183,163,-37
183,164,84
183,165,-63
183,166,35
183,167,33
183,168,76
183,169,1
183,170,72
183,171,48
183,172,-8
183,173,-67
183,174,39
183,175,-62
183,176,-5
183,177,-95
183,178,-20
183,179,-69
183,180,87
183,181,35
183,182,65
183,183,46
183,184,82
183,185,-92
183,186,79
183,187,55
183,188,-39
183,189,75
183,190,13
183,191,66
183,192,80
183,193,90
183,194,-82
183,195,-68
183,196,-37
183,197,-75
183,198,72
183,199,-100
183,200,93
183,201,62
183,202,-24
183,203,2
183,204,-5
183,205,72
183,206,-25
183,207,-68
183,208,-19
183,209,-32
183,210,-18
183,211,58
183,212,91
183,213,5
183,214,1
183,215,13
183,216,42
183,217,-55
183,218,19
183,219,-53
183,220,-33
183,221,-18
183,222,-16
183,223,25
183,224,67
183,225,20
183,226,28
183,227,-81
183,228,49
183,229,81
183,230,-36
183,231,42
183,232,-40
183,233,-22
183,234,-87
183,235,-32
183,236,21
183,237,-52
183,238,33
183,239,68
183,240,58
183,241,15
183,242,-11
183,243,91
183,244,-12
183,245,78
183,246,86
183,247,82
183,248,16
183,249,21
183,250,76
183,251,67
183,252,-86
183,253,97
183,254,92
183,255,-94
183,256,89
183,257,-47
183,258,79
183,259,78
183,260,-97
183,261,-100
183,262,4
183,263,-35
183,264,62
183,265,-20
183,266,37
183,267,94
183,268,-33
183,269,1
183,270,92
183,271,-50
183,272,-71
183,273,-62
183,274,37
183,275,71
183,276,59
183,277,71
183,278,-38
183,279,-40
183,280,-36
183,281,68
183,282,-20
183,283,-89
183,284,23
183,285,-99
183,286,-28
183,287,-25
183,288,87
183,289,-76
183,290,17
183,291,88
183,292,7
183,293,-2
183,294,-79
183,295,-45
183,296,48
183,297,-46
183,298,-61
183,299,78
184,0,49
184,1,55
184,2,20
184,3,-97
184,4,-75
184,5,11
184,6,12
184,7,87
184,8,-78
184,9,68
184,10,-43
184,11,-93
184,12,15
184,13,-50
184,14,88
184,15,-100
184,16,19
184,17,-71
184,18,-84
184,19,50
184,20,1
184,21,21
184,22,51
184,23,-15
184,24,-32
184,25,-12
184,26,79
184,27,-30
184,28,-43
184,29,49
184,30,-42
184,31,71
184,32,-64
184,33,61
184,34,-1
184,35,12
184,36,84
184,37,84
184,38,67
184,39,-81
184,40,-84
184,41,79
184,42,-97
184,43,90
184,44,-51
184,45,-19
184,46,-51
184,47,-85
184,48,-29
184,49,-40
184,50,-57
184,51,45
184,52,-51
184,53,-21
184,54,-71
184,55,-52
184,56,-3
184,57,48
184,58,49
184,59,74
184,60,-76
184,61,-45
184,62,91
184,63,55
184,64,60
184,65,93
184,66,-97
184,67,-89
184,68,44
184,69,-65
184,70,-85
184,71,50
184,72,99
184,73,20
184,74,36
184,75,-23
184,76,-46
184,77,-28
184,78,-37
184,79,74
184,80,-11
184,81,94
184,82,37
184,83,-12
184,84,-97
184,85,-71
184,86,38
184,87,-50
184,88,46
184,89,40
184,90,84
184,91,30
184,92,11
184,93,-23
184,94,65
184,95,-74
184,96,-13
184,97,37
184,98,17
184,99,80
184,100,54
184,101,-94
184,102,14
184,103,-9
184,104,-11
184,105,-19
184,106,-88
184,107,-29
184,108,-10
184,109,87
184,110,41
184,111,4
184,112,-57
184,113,97
184,114,-17
184,115,-73
184,116,-78
184,117,-89
184,118,51
184,119,-50
184,120,7
184,121,49
184,122,-39
184,123,-75
184,124,-43
184,125,98
184,126,42
184,127,-33
184,128,-95
184,129,10
184,130,29
184,131,58
184,132,-77
184,133,-66
184,134,-54
184,135,-70
184,136,-12
184,137,99
184,138,-25
184,139,17
184,140,29
184,141,3
184,142,-42
184,143,-5
184,144,-38
184,145,44
184,146,-47
184,147,24
184,148,48
184,149,-79
184,150,24
184,151,-4
184,152,15
184,153,82
184,154,-72
184,155,48
184,156,-99
184,157,-59
184,158,-49
184,159,-63
184,160,30
184,161,52
184,162,-24
184,163,89
184,164,42
184,165,97
184,166,4
184,167,-91
184,168,19
184,169,26
184,170,13
184,171,-32
184,172,8
184,173,-57
184,174,68
184,175,-81
184,176,6
184,177,64
184,178,66
184,179,18
184,180,8
184,181,97
184,182,-93
184,183,-58
184,184,37
184,185,-60
184,186,31
184,187,31
184,188,-77
184,189,-80
184,190,37
184,191,-55
184,192,97
184,193,20
184,194,-57
184,195,-1
184,196,-68
184,197,-7
184,198,-65
184,199,52
184,200,-88
184,201,66
184,202,65
184,203,57
184,204,-87
184,205,-51
184,206,-33
184,207,-100
184,208,88
184,209,-98
184,210,77
184,211,88
184,212,63
184,213,31
184,214,70
184,215,-87
184,216,-12
184,217,2
184,218,24
184,219,-34
184,220,-94
184,221,-93
184,222,-57
184,223,91
184,224,34
184,225,-53
184,226,-39
184,227,-76
184,228,17
184,229,95
184,230,91
184,231,12
184,232,45
184,233,21
184,234,-97
184,235,44
184,236,-54
184,237,17
184,238,-56
184,239,-12
184,240,85
184,241,-98
184,242,39
184,243,44
184,244,17
184,245,-79
184,246,-62
184,247,-62
184,248,6
184,249,-1
184,250,-85
184,251,78
184,252,17
184,253,-72
184,254,-30
184,255,68
184,256,84
184,257,55
184,258,-24
184,259,48
184,260,31
184,261,25
184,262,-2
184,263,15
184,264,-86
184,265,80
184,266,-11
184,267,73
184,268,34
184,269,45
184,270,-12
184,271,48
184,272,15
184,273,35
184,274,86
184,275,-81
184,276,-19
184,277,16
184,278,-34
184,279,82
184,280,-39
184,281,-83
184,282,-10
184,283,9
184,284,-45
184,285,-16
184,286,49
184,287,-93
184,288,38
184,289,6
184,290,-89
184,291,75
184,292,2
184,293,-38
184,294,-74
184,295,-66
184,296,29
184,297,35
184,298,-81
184,299,-93
185,0,90
185,1,-33
185,2,58
185,3,59
185,4,40
185,5,-15
185,6,-75
185,7,-20
185,8,56
185,9,19
185,10,-83
185,11,-32
185,12,39
185,13,29
185,14,69
185,15,34
185,16,-54
185,17,22
185,18,-47
185,19,-86
185,20,85
185,21,60
185,22,94
185,23,90
185,24,75
185,25,-35
185,26,-20
185,27,92
185,28,-65
185,29,-84
185,30,-99
185,31,-68
185,32,-8
185,33,23
185,34,33
185,35,70
185,36,-1
185,37,-13
185,38,-90
185,39,-96
185,40,-71
185,41,37
185,42,-10
185,43,-10
185,44,51
185,45,86
185,46,21
185,47,17
185,48,94
185,49,-40
185,50,1
185,51,-75
185,52,8
185,53,11
185,54,-62
185,55,-98
185,56,-63
185,57,-59
185,58,-53
185,59,-88
185,60,-12
185,61,-13
185,62,-45
185,63,86
185,64,-38
185,65,-21
185,66,-58
185,67,-26
185,68,-44
185,69,48
185,70,81
185,71,80
185,72,72
185,73,63
185,74,-38
185,75,25
185,76,24
185,77,-100
185,78,-9
185,79,94
185,80,18
185,81,60
185,82,-69
185,83,85
185,84,25
185,85,-75
185,86,-40
185,87,11
185,88,44
185,89,-32
185,90,-72
185,91,-38
185,92,33
185,93,4
185,94,86
185,95,14
185,96,-80
185,97,72
185,98,72
185,99,-14
185,100,-66
185,101,-49
185,102,-55
185,103,93
185,104,-44
185,105,-59
185,106,-24
185,107,-3
185,108,-85
185,109,32
185,110,-100
185,111,49
185,112,-53
185,113,21
185,114,-75
185,115,-67
185,116,13
185,117,-43
185,118,34
185,119,-76
185,120,84
185,121,39
185,122,58
185,123,-74
185,124,-15
185,125,61
185,126,17
185,127,-20
185,128,-26
185,129,-8
185,130,-67
185,131,14
185,132,64
185,133,85
185,134,12
185,135,11
185,136,-41
185,137,-75
185,138,25
185,139,72
185,140,-56
185,141,-69
185,142,96
185,143,-30
185,144,-78
185,145,92
185,146,66
185,147,94
185,148,72
185,149,94
185,150,-38
185,151,-31
185,152,-47
185,153,-74
185,154,-8
185,155,-22
185,156,-65
185,157,32
185,158,94
185,159,78
185,160,-69
185,161,48
185,162,-84
185,163,53
185,164,-79
185,165,-60
185,166,-42
185,167,-26
185,168,21
185,169,-91
185,170,-14
185,171,-96
185,172,-46
185,173,-75
185,174,-97
185,175,6
185,176,-74
185,177,25
185,178,85
185,179,-98
185,180,-51
185,181,24
185,182,-75
185,183,45
185,184,34
185,185,16
185,186,-56
185,187,40
185,188,-95
185,189,62
185,190,-48
185,191,95
185,192,69
185,193,-97
185,194,-41
185,195,72
185,196,-29
185,197,-26
185,198,-35
185,199,-79
185,200,39
185,201,-50
185,202,44
185,203,63
185,204,-8
185,205,-52
185,206,-85
185,207,-57
185,208,6
185,209,49
185,210,-7
185,211,-93
185,212,9
185,213,-83
185,214,-21
185,215,17
185,216,-29
185,217,-7
185,218,-63
185,219,56
185,220,-20
185,221,6
185,222,29
185,223,86
185,224,-59
185,225,17
185,226,-80
185,227,29
185,228,-96
185,229,-84
185,230,-77
185,231,35
185,232,57
185,233,77
185,234,49
185,235,-42
185,236,51
185,237,-75
185,238,-40
185,239,35
185,240,-89
185,241,-87
185,242,-71
185,243,82
185,244,-2
185,245,88
185,246,-39
185,247,-70
185,248,-74
185,249,-100
185,250,-60
185,251,41
185,252,-27
185,253,77
185,254,-59
185,255,98
185,256,-61
185,257,-87
185,258,-1
185,259,-10
185,260,38
185,261,90
185,262,5
185,263,-52
185,264,64
185,265,5
185,266,37
185,267,81
185,268,-94
185,269,-20
185,270,39
185,271,0
185,272,-46
185,273,63
185,274,-94
185,275,51
185,276,-67
185,277,25
185,278,92
185,279,-72
185,280,-75
185,281,-27
185,282,92
185,283,-56
185,284,-84
185,285,63
185,286,-38
185,287,50
185,288,-8
185,289,-35
185,290,-9
185,291,16
185,292,-59
185,293,-30
185,294,-26
185,295,-30
185,296,-58
185,297,-46
185,298,-45
185,299,-22
186,0,58
186,1,-18
186,2,83
186,3,20
186,4,75
186,5,79
186,6,-29
186,7,-100
186,8,29
186,9,-8
186,10,-59
186,11,-27
186,12,-92
186,13,13
186,14,-70
186,15,-5
186,16,-99
186,17,-77
186,18,70
186,19,97
186,20,99
186,21,-58
186,22,-50
186,23,73
186,24,-26
186,25,-2
186,26,-100
186,27,23
186,28,16
186,29,-14
186,30,94
186,31,28
186,32,17
186,33,-38
186,34,-25
186,35,89
186,36,88
186,37,67
186,38,-6
186,39,56
186,40,-66
186,41,-9
186,42,-16
186,43,38
186,44,38
186,45,90
186,46,96
186,47,-45
186,48,-94
186,49,-50
186,50,-62
186,51,-59
186,52,-29
186,53,-48
186,54,-10
186,55,48
186,56,-71
186,57,22
186,58,28
186,59,-77
186,60,24
186,61,33
186,62,-95
186,63,26
186,64,16
186,65,96
186,66,89
186,67,-66
186,68,27
186,69,-22
186,70,-66
186,71,-53
186,72,13
186,73,4
186,74,-29
186,75,-58
186,76,-66
186,77,32
186,78,-70
186,79,5
186,80,58
186,81,0
186,82,-93
186,83,-95
186,84,-14
186,85,80
186,86,-21
186,87,-57
186,88,76
186,89,35
186,90,-37
186,91,31
186,92,-69
186,93,-48
186,94,12
186,95,94
186,96,-38
186,97,13
186,98,87
186,99,-24
186,100,60
186,101,-79
186,102,26
186,103,-70
186,104,-77
186,105,-98
186,106,-68
186,107,53
186,108,-50
186,109,-71
186,110,62
186,111,-76
186,112,-73
186,113,-4
186,114,-14
186,115,-75
186,116,19
186,117,35
186,118,0
186,119,-4
186,120,-86
186,121,-52
186,122,10
186,123,-93
186,124,82
186,125,-16
186,126,27
186,127,85
186,128,30
186,129,36
186,130,-87
186,131,-10
186,132,47
186,133,-97
186,134,51
186,135,-25
186,136,-73
186,137,-2
186,138,58
186,139,-34
186,140,91
186,141,16
186,142,-84
186,143,33
186,144,6
186,145,87
186,146,-20
186,147,-90
186,148,65
186,149,0
186,150,61
186,151,74
186,152,59
186,153,6
186,154,19
186,155,84
186,156,73
186,157,62
186,158,49
186,159,43
186,160,5
186,161,17
186,162,-25
186,163,-96
186,164,-75
186,165,-24
186,166,51
186,167,-34
186,168,-69
186,169,50
186,170,76
186,171,18
186,172,89
186,173,1
186,174,8
186,175,-22
186,176,-35
186,177,38
186,178,-21
186,179,45
186,180,-91
186,181,-24
186,182,-41
186,183,-93
186,184,98
186,185,-53
186,186,-20
186,187,-60
186,188,22
186,189,-93
186,190,-8
186,191,64
186,192,-10
186,193,64
186,194,-37
186,195,86
186,196,26
186,197,-13
186,198,-56
186,199,43
186,200,-75
186,201,58
186,202,54
186,203,70
186,204,-86
186,205,-43
186,206,76
186,207,-22
186,208,-76
186,209,-33
186,210,-65
186,211,16
186,212,-21
186,213,74
186,214,-42
186,215,79
186,216,-61
186,217,70
186,218,16
186,219,83
186,220,-20
186,221,30
186,222,-30
186,223,39
186,224,92
186,225,70
186,226,0
186,227,-31
186,228,73
186,229,87
186,230,88
186,231,76
186,232,-76
186,233,-12
186,234,30
186,235,95
186,236,-38
186,237,-71
186,238,-8
186,239,31
186,240,-23
186,241,-16
186,242,-30
186,243,48
186,244,-30
186,245,28
186,246,87
186,247,-67
186,248,-14
186,249,30
186,250,-83
186,251,-58
186,252,-25
186,253,-23
186,254,-60
186,255,5
186,256,8
186,257,-77
186,258,-77
186,259,-98
186,260,86
186,261,85
186,262,-28
186,263,-77
186,264,93
186,265,18
186,266,-61
186,267,-30
186,268,36
186,269,8
186,270,2
186,271,87
186,272,66
186,273,-68
186,274,61
186,275,-39
186,276,-16
186,277,-40
186,278,-8
186,279,-74
186,280,25
186,281,44
186,282,-41
186,283,69
186,284,-54
186,285,11
186,286,-14
186,287,80
186,288,8
186,289,48
186,290,35
186,291,-28
186,292,21
186,293,-4
186,294,85
186,295,-33
186,296,-38
186,297,86
186,298,-19
186,299,-71
187,0,-76
187,1,20
187,2,-4
187,3,-2
187,4,5
187,5,-45
187,6,61
187,7,77
187,8,29
187,9,-48
187,10,25
187,11,-60
187,12,-78
187,13,88
187,14,-70
187,15,93
187,16,-99
187,17,96
187,18,-41
187,19,-23
187,20,-78
187,21,84
187,22,-66
187,23,-100
187,24,4
187,25,75
187,26,-52
187,27,67
187,28,-39
187,29,-86
187,30,57
187,31,-80
187,32,35
187,33,34
187,34,4
187,35,-67
187,36,20
187,37,91
187,38,69
187,39,80
187,40,-5
187,41,97
187,42,-91
187,43,-11
187,44,-43
187,45,8
187,46,-2
187,47,8
187,48,31
187,49,-12
187,50,35
187,51,-89
187,52,17
187,53,-13
187,54,-13
187,55,52
187,56,54
187,57,29
187,58,-28
187,59,82
187,60,85
187,61,60
187,62,-18
187,63,76
187,64,-96
187,65,-54
187,66,-77
187,67,20
187,68,-6
187,69,71
187,70,95
187,71,41
187,72,63
187,73,-50
187,74,33
187,75,44
187,76,-19
187,77,-29
187,78,-50
187,79,-49
187,80,-89
187,81,-20
187,82,-6
187,83,14
187,84,28
187,85,-90
187,86,-85
187,87,0
187,88,12
187,89,-9
187,90,-92
187,91,18
187,92,22
187,93,-93
187,94,-76
187,95,67
187,96,94
187,97,18
187,98,50
187,99,89
187,100,-78
187,101,-57
187,102,-45
187,103,95
187,104,22
187,105,-78
187,106,-92
187,107,-97
187,108,61
187,109,61
187,110,20
187,111,-3
187,112,69
187,113,30
187,114,-18
187,115,-67
187,116,4
187,117,6
187,118,-58
187,119,94
187,120,64
187,121,-89
187,122,-85
187,123,-39
187,124,-84
187,125,-86
187,126,-75
187,127,-56
187,128,29
187,129,44
187,130,-36
187,131,-7
187,132,-71
187,133,-33
187,134,5
187,135,-57
187,136,-5
187,137,-41
187,138,-100
187,139,-82
187,140,-68
187,141,63
187,142,-10
187,143,-77
187,144,-18
187,145,24
187,146,52
187,147,38
187,148,-92
187,149,-95
187,150,-43
187,151,-1
187,152,21
187,153,0
187,154,56
187,155,-90
187,156,50
187,157,53
187,158,-100
187,159,-20
187,160,74
187,161,9
187,162,68
187,163,50
187,164,-1
187,165,4
187,166,32
187,167,-2
187,168,77
187,169,-92
187,170,31
187,171,98
187,172,92
187,173,-44
187,174,23
187,175,52
187,176,85
187,177,-95
187,178,41
187,179,-38
187,180,17
187,181,-36
187,182,-49
187,183,-36
187,184,24
187,185,-1
187,186,35
187,187,-5
187,188,-93
187,189,-87
187,190,-77
187,191,91
187,192,-8
187,193,-76
187,194,33
187,195,28
187,196,-14
187,197,-68
187,198,41
187,199,90
187,200,-45
187,201,89
187,202,-73
187,203,-72
187,204,-78
187,205,71
187,206,-63
187,207,76
187,208,-58
187,209,-91
187,210,-74
187,211,35
187,212,95
187,213,-16
187,214,57
187,215,-88
187,216,-43
187,217,-98
187,218,-1
187,219,3
187,220,-96
187,221,-79
187,222,85
187,223,-35
187,224,-12
187,225,-61
187,226,-13
187,227,21
187,228,-96
187,229,43
187,230,16
187,231,-86
187,232,-26
187,233,-21
187,234,-83
187,235,74
187,236,1
187,237,31
187,238,-48
187,239,-43
187,240,11
187,241,-16
187,242,-26
187,243,-43
187,244,15
187,245,-42
187,246,61
187,247,-71
187,248,81
187,249,-33
187,250,-26
187,251,-33
187,252,53
187,253,30
187,254,-44
187,255,64
187,256,65
187,257,-60
187,258,-97
187,259,53
187,260,-62
187,261,8
187,262,5
187,263,7
187,264,69
187,265,-90
187,266,-90
187,267,-47
187,268,65
187,269,-81
187,270,53
187,271,27
187,272,-25
187,273,18
187,274,-87
187,275,77
187,276,22
187,277,-76
187,278,82
187,279,78
187,280,5
187,281,5
187,282,2
187,283,-91
187,284,-87
187,285,32
187,286,84
187,287,-79
187,288,-26
187,289,-72
187,290,34
187,291,45
187,292,58
187,293,70
187,294,-66
187,295,-30
187,296,-7
187,297,-97
187,298,-50
187,299,-7
188,0,-71
188,1,-7
188,2,80
188,3,9
188,4,-27
188,5,41
188,6,63
188,7,-14
188,8,39
188,9,-25
188,10,61
188,11,-75
188,12,33
188,13,0
188,14,14
188,15,80
188,16,42
188,17,5
188,18,2
188,19,46
188,20,3
188,21,74
188,22,-24
188,23,-6
188,24,88
188,25,6
188,26,11
188,27,-49
188,28,-83
188,29,87
188,30,74
188,31,-44
188,32,-68
188,33,3
188,34,59
188,35,31
188,36,68
188,37,-82
188,38,-94
188,39,-75
188,40,-14
188,41,-3
188,42,78
188,43,83
188,44,98
188,45,78
188,46,35
188,47,40
188,48,-69
188,49,-67
188,50,45
188,51,-46
188,52,-58
188,53,51
188,54,48
188,55,45
188,56,41
188,57,80
188,58,-82
188,59,-44
188,60,91
188,61,-21
188,62,-99
188,63,84
188,64,61
188,65,-52
188,66,-11
188,67,81
188,68,-79
188,69,71
188,70,-10
188,71,62
188,72,-72
188,73,-95
188,74,64
188,75,22
188,76,-16
188,77,85
188,78,91
188,79,58
188,80,22
188,81,3
188,82,77
188,83,87
188,84,-87
188,85,-31
188,86,38
188,87,54
188,88,1
188,89,-32
188,90,-22
188,91,-63
188,92,-39
188,93,80
188,94,-21
188,95,45
188,96,16
188,97,25
188,98,79
188,99,-77
188,100,-2
188,101,34
188,102,-87
188,103,77
188,104,-7
188,105,-77
188,106,-88
188,107,46
188,108,-72
188,109,-79
188,110,-99
188,111,2
188,112,-65
188,113,-63
188,114,-83
188,115,-50
188,116,42
188,117,27
188,118,79
188,119,-84
188,120,11
188,121,-24
188,122,-79
188,123,22
188,124,81
188,125,79
188,126,27
188,127,-11
188,128,73
188,129,31
188,130,-94
188,131,37
188,132,-86
188,133,53
188,134,-61
188,135,88
188,136,1
188,137,43
188,138,-3
188,139,19
188,140,-83
188,141,-99
188,142,81
188,143,19
188,144,45
188,145,-47
188,146,65
188,147,-4
188,148,-28
188,149,42
188,150,91
188,151,-9
188,152,-93
188,153,73
188,154,-1
188,155,-62
188,156,79
188,157,35
188,158,5
188,159,77
188,160,-51
188,161,-18
188,162,95
188,163,-74
188,164,-24
188,165,-63
188,166,-80
188,167,-56
188,168,85
188,169,50
188,170,81
188,171,-71
188,172,-6
188,173,43
188,174,-49
188,175,5
188,176,-60
188,177,98
188,178,-20
188,179,-77
188,180,47
188,181,2
188,182,54
188,183,-99
188,184,-41
188,185,-50
188,186,28
188,187,-10
188,188,0
188,189,13
188,190,-95
188,191,65
188,192,-47
188,193,87
188,194,-74
188,195,-21
188,196,89
188,197,-38
188,198,-2
188,199,-10
188,200,-66
188,201,-43
188,202,88
188,203,-65
188,204,1
188,205,-9
188,206,-45
188,207,-34
188,208,-44
188,209,68
188,210,-70
188,211,30
188,212,65
188,213,80
188,214,-49
188,215,51
188,216,53
188,217,4
188,218,10
188,219,-9
188,220,-64
188,221,16
188,222,75
188,223,-34
188,224,68
188,225,-52
188,226,-73
188,227,-69
188,228,-2
188,229,98
188,230,-30
188,231,-69
188,232,65
188,233,47
188,234,35
188,235,-33
188,236,53
188,237,-31
188,238,-53
188,239,-5
188,240,96
188,241,7
188,242,-55
188,243,85
188,244,97
188,245,-34
188,246,-72
188,247,-18
188,248,37
188,249,-30
188,250,92
188,251,-36
188,252,44
188,253,-79
188,254,-1
188,255,-87
188,256,-95
188,257,57
188,258,-54
188,259,47
188,260,43
188,261,95
188,262,-67
188,263,-100
188,264,75
188,265,-93
188,266,-79
188,267,-33
188,268,-67
188,269,87
188,270,72
188,271,-64
188,272,20
188,273,-78
188,274,-17
188,275,16
188,276,-77
188,277,40
188,278,-32
188,279,-21
188,280,-41
188,281,-63
188,282,75
188,283,53
188,284,-24
188,285,-16
188,286,28
188,287,-97
188,288,94
188,289,13
188,290,-21
188,291,8
188,292,40
188,293,66
188,294,-70
188,295,51
188,296,27
188,297,-22
188,298,-96
188,299,26
189,0,76
189,1,-15
189,2,-15
189,3,38
189,4,-77
189,5,-56
189,6,10
189,7,-67
189,8,38
189,9,84
189,10,56
189,11,49
189,12,60
189,13,99
189,14,21
189,15,76
189,16,8
189,17,-78
189,18,96
189,19,-72
189,20,-95
189,21,-49
189,22,-12
189,23,-12
189,24,21
189,25,41
189,26,-84
189,27,-73
189,28,-92
189,29,14
189,30,23
189,31,93
189,32,-97
189,33,47
189,34,68
189,35,-65
189,36,33
189,37,-36
189,38,77
189,39,91
189,40,-98
189,41,-64
189,42,8
189,43,-98
189,44,60
189,45,86
189,46,42
189,47,-45
189,48,-40
189,49,-33
189,50,-22
189,51,-30
189,52,10
189,53,95
189,54,89
189,55,94
189,56,-78
189,57,-87
189,58,33
189,59,-68
189,60,-92
189,61,39
189,62,16
189,63,-6
189,64,78
189,65,-98
189,66,83
189,67,-55
189,68,-65
189,69,40
189,70,-88
189,71,85
189,72,-16
189,73,61
189,74,-58
189,75,27
189,76,55
189,77,83
189,78,-54
189,79,62
189,80,-82
189,81,-18
189,82,-4
189,83,78
189,84,-2
189,85,47
189,86,-72
189,87,27
189,88,-29
189,89,-36
189,90,-63
189,91,76
189,92,23
189,93,-7
189,94,55
189,95,-68
189,96,-88
189,97,71
189,98,0
189,99,79
189,100,26
189,101,-24
189,102,20
189,103,68
189,104,-52
189,105,9
189,106,34
189,107,-65
189,108,-8
189,109,53
189,110,54
189,111,-77
189,112,98
189,113,-20
189,114,60
189,115,-3
189,116,45
189,117,4
189,118,-96
189,119,28
189,120,-30
189,121,21
189,122,-98
189,123,-65
189,124,62
189,125,78
189,126,20
189,127,39
189,128,-86
189,129,31
189,130,83
189,131,-85
189,132,33
189,133,-38
189,134,-78
189,135,-24
189,136,71
189,137,-100
189,138,84
189,139,-25
189,140,-74
189,141,-76
189,142,-15
189,143,-39
189,144,45
189,145,-8
189,146,-71
189,147,57
189,148,-17
189,149,74
189,150,49
189,151,24
189,152,69
189,153,-67
189,154,90
189,155,-97
189,156,-70
189,157,-50
189,158,-51
189,159,-87
189,160,-93
189,161,0
189,162,-32
189,163,35
189,164,38
189,165,-72
189,166,82
189,167,66
189,168,40
189,169,-37
189,170,-52
189,171,-82
189,172,26
189,173,94
189,174,-18
189,175,-5
189,176,14
189,177,2
189,178,79
189,179,16
189,180,-23
189,181,-30
189,182,-81
189,183,-5
189,184,9
189,185,81
189,186,-6
189,187,-15
189,188,32
189,189,-6
189,190,-22
189,191,89
189,192,44
189,193,80
189,194,-64
189,195,-82
189,196,37
189,197,-57
189,198,76
189,199,-12
189,200,-64
189,201,-43
189,202,27
189,203,42
189,204,47
189,205,82
189,206,40
189,207,47
189,208,-58
189,209,68
189,210,-53
189,211,-45
189,212,10
189,213,95
189,214,71
189,215,74
189,216,77
189,217,-69
189,218,-47
189,219,66
189,220,85
189,221,-40
189,222,9
189,223,10
189,224,-1
189,225,99
189,226,46
189,227,-32
189,228,49
189,229,62
189,230,37
189,231,42
189,232,-99
189,233,49
189,234,11
189,235,-2
189,236,2
189,237,-89
189,238,24
189,239,89
189,240,-56
189,241,85
189,242,47
189,243,78
189,244,-94
189,245,51
189,246,-34
189,247,-31
189,248,-4
189,249,-48
189,250,61
189,251,60
189,252,-8
189,253,50
189,254,-43
189,255,95
189,256,-32
189,257,67
189,258,-54
189,259,-58
189,260,88
189,261,69
189,262,-39
189,263,94
189,264,-46
189,265,6
189,266,-52
189,267,5
189,268,76
189,269,-23
189,270,18
189,271,60
189,272,-73
189,273,-44
189,274,68
189,275,19
189,276,19
189,277,-97
189,278,-81
189,279,16
189,280,-12
189,281,62
189,282,-48
189,283,-62
189,284,-48
189,285,20
189,286,-15
189,287,-2
189,288,17
189,289,-9
189,290,37
189,291,12
189,292,-18
189,293,-36
189,294,-100
189,295,80
189,296,73
189,297,53
189,298,29
189,299,-73
190,0,-17
190,1,54
190,2,-73
190,3,23
190,4,-70
190,5,74
190,6,34
190,7,-29
190,8,-53
190,9,-75
190,10,82
190,11,-12
190,12,34
190,13,4
190,14,-44
190,15,14
190,16,85
190,17,19
190,18,-100
190,19,-19
190,20,99
190,21,-72
190,22,49
190,23,67
190,24,89
190,25,-87
190,26,29
190,27,62
190,28,-30
190,29,94
190,30,24
190,31,-22
190,32,6
190,33,-3
190,34,49
190,35,-83
190,36,-55
190,37,-19
190,38,90
190,39,22
190,40,-3
190,41,63
190,42,-55
190,43,2
190,44,-64
190,45,-83
190,46,70
190,47,3
190,48,56
190,49,45
190,50,42
190,51,86
190,52,21
190,53,-7
190,54,-1
190,55,-73
190,56,80
190,57,-86
190,58,27
190,59,-58
190,60,-68
190,61,29
190,62,86
190,63,-93
190,64,11
190,65,-68
190,66,62
190,67,45
190,68,-11
190,69,48
190,70,91
190,71,55
190,72,15
190,73,72
190,74,-81
190,75,22
190,76,31
190,77,-65
190,78,-3
190,79,-24
190,80,79
190,81,25
190,82,-62
190,83,-30
190,84,5
190,85,39
190,86,-46
190,87,17
190,88,-7
190,89,75
190,90,-3
190,91,-92
190,92,39
190,93,-32
190,94,-18
190,95,84
190,96,-73
190,97,-84
190,98,-79
190,99,62
190,100,12
190,101,86
190,102,46
190,103,77
190,104,53
190,105,7
190,106,-41
190,107,-57
190,108,83
190,109,-58
190,110,50
190,111,49
190,112,74
190,113,-46
190,114,-90
190,115,-46
190,116,53
190,117,28
190,118,89
190,119,48
190,120,-93
190,121,47
190,122,72
190,123,-20
190,124,-22
190,125,-36
190,126,-41
190,127,94
190,128,-6
190,129,-45
190,130,27
190,131,21
190,132,-70
190,133,-16
190,134,-14
190,135,25
190,136,-20
190,137,-79
190,138,89
190,139,-45
190,140,-15
190,141,22
190,142,99
190,143,10
190,144,-93
190,145,-39
190,146,-23
190,147,51
190,148,-79
190,149,-86
190,150,55
190,151,49
190,152,-70
190,153,89
190,154,-14
190,155,-32
190,156,8
190,157,66
190,158,-20
190,159,-61
190,160,-32
190,161,82
190,162,-30
190,163,-37
190,164,-93
190,165,-30
190,166,-15
190,167,-57
190,168,-63
190,169,16
190,170,48
190,171,-97
190,172,59
190,173,-46
190,174,-8
190,175,87
190,176,-42
190,177,-7
190,178,-34
190,179,-96
190,180,-18
190,181,-29
190,182,26
190,183,-64
190,184,-74
190,185,-88
190,186,33
190,187,-36
190,188,57
190,189,79
190,190,-60
190,191,-86
190,192,32
190,193,-86
190,194,-100
190,195,-86
190,196,87
190,197,-53
190,198,81
190,199,82
190,200,-29
190,201,16
190,202,-74
190,203,57
190,204,-41
190,205,-35
190,206,73
190,207,-49
190,208,-20
190,209,-66
190,210,20
190,211,-59
190,212,83
190,213,-56
190,214,-49
190,215,50
190,216,56
190,217,-72
190,218,-44
190,219,-82
190,220,-93
190,221,77
190,222,34
190,223,38
190,224,94
190,225,-35
190,226,-18
190,227,55
190,228,83
190,229,-73
190,230,-12
190,231,-26
190,232,-61
190,233,29
190,234,-25
190,235,88
190,236,-25
190,237,13
190,238,52
190,239,-6
190,240,-47
190,241,44
190,242,75
190,243,39
190,244,88
190,245,-99
190,246,-21
190,247,-36
190,248,-49
190,249,-67
190,250,-56
190,251,28
190,252,-1
190,253,-49
190,254,-34
190,255,-3
190,256,-25
190,257,-45
190,258,85
190,259,8
190,260,-51
190,261,0
190,262,18
190,263,52
190,264,39
190,265,14
190,266,-28
190,267,92
190,268,-45
190,269,-51
190,270,55
190,271,-98
190,272,65
190,273,-37
190,274,-47
190,275,-65
190,276,71
190,277,-57
190,278,96
190,279,18
190,280,-8
190,281,80
190,282,40
190,283,71
190,284,31
190,285,-31
190,286,78
190,287,1
190,288,97
190,289,-90
190,290,81
190,291,9
190,292,89
190,293,86
190,294,-40
190,295,67
190,296,31
190,297,54
190,298,-85
190,299,-94
191,0,-90
191,1,99
191,2,-37
191,3,79
191,4,27
191,5,-95
191,6,19
191,7,-53
191,8,-32
191,9,20
191,10,-95
191,11,88
191,12,93
191,13,-16
191,14,9
191,15,80
191,16,-73
191,17,8
191,18,32
191,19,-20
191,20,0
191,21,-43
191,22,-77
191,23,58
191,24,68
191,25,-33
191,26,6
191,27,73
191,28,-91
191,29,64
191,30,48
191,31,-80
191,32,23
191,33,12
191,34,-4
191,35,37
191,36,-19
191,37,-4
191,38,-8
191,39,-6
191,40,-77
191,41,23
191,42,39
191,43,47
191,44,97
191,45,35
191,46,-23
191,47,32
191,48,-47
191,49,-65
191,50,11
191,51,65
191,52,30
191,53,63
191,54,-79
191,55,-93
191,56,88
191,57,25
191,58,-23
191,59,-94
191,60,-33
191,61,-39
191,62,46
191,63,6
191,64,74
191,65,-77
191,66,33
191,67,35
191,68,52
191,69,-12
191,70,6
191,71,-60
191,72,85
191,73,87
191,74,9
191,75,30
191,76,-92
191,77,79
191,78,85
191,79,87
191,80,-19
191,81,76
191,82,-7
191,83,32
191,84,89
191,85,15
191,86,59
191,87,-74
191,88,51
191,89,65
191,90,94
191,91,43
191,92,42
191,93,-76
191,94,99
191,95,-97
191,96,-69
191,97,72
191,98,83
191,99,-66
191,100,80
191,101,-71
191,102,2
191,103,11
191,104,-52
191,105,-7
191,106,-18
191,107,79
191,108,29
191,109,86
191,110,64
191,111,-72
191,112,57
191,113,17
191,114,-79
191,115,1
191,116,-82
191,117,-34
191,118,-15
191,119,-83
191,120,8
191,121,92
191,122,12
191,123,32
191,124,38
191,125,-43
191,126,-83
191,127,-29
191,128,-8
191,129,83
191,130,49
191,131,-45
191,132,93
191,133,-78
191,134,-85
191,135,-57
191,136,-29
191,137,95
191,138,-87
191,139,36
191,140,-26
191,141,7
191,142,43
191,143,40
191,144,-65
191,145,-57
191,146,-1
191,147,-20
191,148,-87
191,149,-8
191,150,-84
191,151,92
191,152,-4
191,153,25
191,154,-47
191,155,25
191,156,29
191,157,44
191,158,-78
191,159,28
191,160,-89
191,161,40
191,162,-89
191,163,-44
191,164,-15
191,165,-83
191,166,2
191,167,-18
191,168,-7
191,169,42
191,170,66
191,171,-23
191,172,-28
191,173,96
191,174,60
191,175,75
191,176,32
191,177,-13
191,178,-93
191,179,46
191,180,79
191,181,-89
191,182,-29
191,183,35
191,184,-46
191,185,21
191,186,-8
191,187,61
191,188,-19
191,189,92
191,190,-54
191,191,7
191,192,-66
191,193,59
191,194,78
191,195,5
191,196,33
191,197,36
191,198,-61
191,199,75
191,200,99
191,201,-5
191,202,53
191,203,-19
191,204,-64
191,205,79
191,206,39
191,207,65
191,208,95
191,209,-85
191,210,88
191,211,-77
191,212,44
191,213,14
191,214,-6
191,215,-97
191,216,-51
191,217,7
191,218,1
191,219,30
191,220,-93
191,221,-89
191,222,62
191,223,-35
191,224,80
191,225,-8
191,226,60
191,227,13
191,228,-83
191,229,3
191,230,85
191,231,-15
191,232,-8
191,233,-56
191,234,42
191,235,42
191,236,-56
191,237,95
191,238,-1
191,239,96
191,240,94
191,241,-39
191,242,-17
191,243,71
191,244,-81
191,245,66
191,246,-62
191,247,28
191,248,7
191,249,-34
191,250,-54
191,251,17
191,252,-47
191,253,47
191,254,36
191,255,-6
191,256,-73
191,257,-37
191,258,-66
191,259,-61
191,260,24
191,261,1
191,262,-99
191,263,30
191,264,-87
191,265,-2
191,266,-33
191,267,-54
191,268,-7
191,269,81
191,270,85
191,271,89
191,272,-50
191,273,-53
191,274,54
191,275,-24
191,276,82
191,277,24
191,278,12
191,279,76
191,280,51
191,281,-91
191,282,34
191,283,15
191,284,-84
191,285,-79
191,286,-42
191,287,-57
191,288,-90
191,289,-59
191,290,-78
191,291,17
191,292,87
191,293,-39
191,294,10
191,295,-47
191,296,-19
191,297,18
191,298,8
191,299,11
192,0,-88
192,1,-33
192,2,6
192,3,-74
192,4,14
192,5,67
192,6,-27
192,7,-9
192,8,-16
192,9,15
192,10,-26
192,11,-17
192,12,-18
192,13,37
192,14,-86
192,15,-56
192,16,80
192,17,-19
192,18,-94
192,19,57
192,20,-23
192,21,-71
192,22,17
192,23,54
192,24,-52
192,25,84
192,26,91
192,27,0
192,28,90
192,29,75
192,30,68
192,31,-20
192,32,-71
192,33,-98
192,34,-64
192,35,-71
192,36,-47
192,37,12
192,38,-15
192,39,-1
192,40,-16
192,41,34
192,42,-93
192,43,-15
192,44,-38
192,45,90
192,46,91
192,47,57
192,48,-8
192,49,37
192,50,96
192,51,-52
192,52,20
192,53,-62
192,54,-67
192,55,1
192,56,-91
192,57,-92
192,58,87
192,59,-5
192,60,32
192,61,62
192,62,38
192,63,-59
192,64,-21
192,65,-10
192,66,47
192,67,78
192,68,-100
192,69,-90
192,70,-40
192,71,-22
192,72,66
192,73,3
192,74,-53
192,75,-19
192,76,-73
192,77,-12
192,78,-26
192,79,-21
192,80,-65
192,81,-14
192,82,-31
192,83,6
192,84,89
192,85,5
192,86,-31
192,87,-91
192,88,-96
192,89,-73
192,90,-42
192,91,36
192,92,66
192,93,-9
192,94,-39
192,95,-12
192,96,6
192,97,-63
192,98,51
192,99,91
192,100,20
192,101,70
192,102,9
192,103,43
192,104,-35
192,105,-35
192,106,96
192,107,-55
192,108,48
192,109,-41
192,110,37
192,111,45
192,112,-11
192,113,68
192,114,63
192,115,12
192,116,-16
192,117,-35
192,118,-55
192,119,17
192,120,50
192,121,66
192,122,-6
192,123,-97
192,124,68
192,125,-98
192,126,80
192,127,19
192,128,-27
192,129,5
192,130,-5
192,131,-65
192,132,76
192,133,-74
192,134,-48
192,135,-52
192,136,1
192,137,-100
192,138,73
192,139,-39
192,140,-2
192,141,-35
192,142,49
192,143,66
192,144,-57
192,145,-99
192,146,-42
192,147,55
192,148,94
192,149,-87
192,150,-85
192,151,-50
192,152,-1
192,153,-73
192,154,-48
192,155,-49
192,156,15
192,157,52
192,158,84
192,159,-92
192,160,-90
192,161,6
192,162,-56
192,163,-16
192,164,-99
192,165,81
192,166,61
192,167,69
192,168,-32
192,169,38
192,170,-72
192,171,10
192,172,-9
192,173,-96
192,174,-81
192,175,0
192,176,-62
192,177,59
192,178,56
192,179,93
192,180,26
192,181,-100
192,182,18
192,183,28
192,184,-97
192,185,42
192,186,74
192,187,57
192,188,33
192,189,1
192,190,28
192,191,98
192,192,-39
192,193,91
192,194,32
192,195,-47
192,196,-52
192,197,-94
192,198,-1
192,199,-98
192,200,-25
192,201,22
192,202,88
192,203,-22
192,204,68
192,205,48
192,206,-69
192,207,-89
192,208,3
192,209,10
192,210,-94
192,211,78
192,212,72
192,213,-6
192,214,-36
192,215,87
192,216,-56
192,217,-67
192,218,38
192,219,60
192,220,-93
192,221,-56
192,222,99
192,223,3
192,224,-23
192,225,61
192,226,-56
192,227,22
192,228,92
192,229,79
192,230,37
192,231,-58
192,232,-20
192,233,97
192,234,-90
192,235,63
192,236,45
192,237,90
192,238,-96
192,239,-70
192,240,-85
192,241,93
192,242,-92
192,243,-99
192,244,-64
192,245,-17
192,246,86
192,247,-43
192,248,-18
192,249,5
192,250,35
192,251,-49
192,252,-26
192,253,-24
192,254,-32
192,255,24
192,256,79
192,257,-67
192,258,75
192,259,-4
192,260,51
192,261,-88
192,262,-51
192,263,-10
192,264,92
192,265,98
192,266,-97
192,267,-37
192,268,-27
192,269,66
192,270,90
192,271,85
192,272,-85
192,273,-17
192,274,89
192,275,37
192,276,8
192,277,-39
192,278,60
192,279,98
192,280,69
192,281,-57
192,282,73
192,283,-15
192,284,-20
192,285,21
192,286,3
192,287,58
192,288,32
192,289,19
192,290,45
192,291,33
192,292,5
192,293,77
192,294,26
192,295,-73
192,296,6
192,297,-77
192,298,96
192,299,-73
193,0,85
193,1,94
193,2,45
193,3,-97
193,4,3
193,5,76
193,6,27
193,7,27
193,8,5
193,9,59
193,10,-5
193,11,26
193,12,-8
193,13,-35
193,14,-43
193,15,-90
193,16,10
193,17,3
193,18,-36
193,19,27
193,20,-84
193,21,13
193,22,-21
193,23,-35
193,24,17
193,25,12
193,26,31
193,27,59
193,28,-30
193,29,56
193,30,-40
193,31,87
193,32,-43
193,33,-48
193,34,-96
193,35,13
193,36,-40
193,37,-80
193,38,85
193,39,-87
193,40,-5
193,41,-22
193,42,81
193,43,-23
193,44,-60
193,45,-85
193,46,-50
193,47,-100
193,48,-61
193,49,-83
193,50,-67
193,51,88
193,52,-1
193,53,48
193,54,28
193,55,54
193,56,78
193,57,38
193,58,19
193,59,1
193,60,14
193,61,-87
193,62,-9
193,63,82
193,64,54
193,65,49
193,66,-80
193,67,19
193,68,51
193,69,-82
193,70,-77
193,71,-75
193,72,52
193,73,-56
193,74,7
193,75,56
193,76,38
193,77,-77
193,78,-77
193,79,-89
193,80,34
193,81,67
193,82,-20
193,83,-2
193,84,-31
193,85,-22
193,86,-78
193,87,98
193,88,22
193,89,-63
193,90,58
193,91,-72
193,92,71
193,93,55
193,94,-25
193,95,-33
193,96,-80
193,97,-92
193,98,-52
193,99,-3
193,100,-64
193,101,-80
193,102,87
193,103,-78
193,104,37
193,105,-31
193,106,48
193,107,0
193,108,-72
193,109,-42
193,110,67
193,111,-80
193,112,-15
193,113,-2
193,114,-38
193,115,-55
193,116,32
193,117,-86
193,118,4
193,119,10
193,120,-18
193,121,-21
193,122,67
193,123,10
193,124,6
193,125,-14
193,126,-97
193,127,51
193,128,-59
193,129,18
193,130,-75
193,131,5
193,132,93
193,133,3
193,134,-93
193,135,-28
193,136,93
193,137,-23
193,138,47
193,139,-35
193,140,-33
193,141,-2
193,142,82
193,143,-23
193,144,-16
193,145,-22
193,146,-62
193,147,-51
193,148,-81
193,149,-31
193,150,55
193,151,16
193,152,11
193,153,70
193,154,93
193,155,-73
193,156,18
193,157,-3
193,158,-28
193,159,50
193,160,7
193,161,62
193,162,-79
193,163,-96
193,164,-41
193,165,68
193,166,56
193,167,62
193,168,13
193,169,-3
193,170,95
193,171,-56
193,172,12
193,173,36
193,174,78
193,175,-87
193,176,-32
193,177,13
193,178,-45
193,179,10
193,180,-10
193,181,-90
193,182,57
193,183,14
193,184,0
193,185,66
193,186,-3
193,187,14
193,188,51
193,189,-21
193,190,-43
193,191,-71
193,192,51
193,193,-34
193,194,-72
193,195,-59
193,196,18
193,197,-39
193,198,54
193,199,-72
193,200,93
193,201,84
193,202,88
193,203,-72
193,204,3
193,205,-44
193,206,-46
193,207,15
193,208,71
193,209,27
193,210,55
193,211,64
193,212,50
193,213,-24
193,214,-32
193,215,-43
193,216,59
193,217,-16
193,218,-32
193,219,0
193,220,-65
193,221,59
193,222,86
193,223,27
193,224,87
193,225,-14
193,226,-27
193,227,-8
193,228,54
193,229,-2
193,230,-77
193,231,-14
193,232,-34
193,233,63
193,234,41
193,235,-33
193,236,71
193,237,75
193,238,5
193,239,18
193,240,-69
193,241,19
193,242,44
193,243,84
193,244,66
193,245,59
193,246,95
193,247,29
193,248,-23
193,249,69
193,250,-63
193,251,-46
193,252,82
193,253,-67
193,254,-55
193,255,70
193,256,29
193,257,63
193,258,-31
193,259,-65
193,260,49
193,261,-32
193,262,65
193,263,4
193,264,-47
193,265,49
193,266,11
193,267,6
193,268,58
193,269,-48
193,270,16
193,271,5
193,272,-8
193,273,-42
193,274,-4
193,275,-15
193,276,76
193,277,-74
193,278,-29
193,279,21
193,280,84
193,281,33
193,282,73
193,283,-76
193,284,-3
193,285,36
193,286,-37
193,287,58
193,288,46
193,289,12
193,290,-36
193,291,-3
193,292,44
193,293,-67
193,294,63
193,295,40
193,296,-42
193,297,-12
193,298,-25
193,299,48
194,0,0
194,1,9
194,2,92
194,3,-95
194,4,8
194,5,-90
194,6,-21
194,7,49
194,8,38
194,9,64
194,10,-75
194,11,84
194,12,53
194,13,5
194,14,48
194,15,84
194,16,53
194,17,-86
194,18,2
194,19,90
194,20,62
194,21,38
194,22,5
194,23,-33
194,24,-12
194,25,77
194,26,-72
194,27,-37
194,28,68
194,29,-5
194,30,53
194,31,-73
194,32,-17
194,33,75
194,34,93
194,35,-78
194,36,-62
194,37,-32
194,38,-80
194,39,19
194,40,-15
194,41,76
194,42,-7
194,43,-9
194,44,63
194,45,-20
194,46,-16
194,47,64
194,48,26
194,49,-13
194,50,-7
194,51,27
194,52,-59
194,53,89
194,54,-2
194,55,33
194,56,35
194,57,-32
194,58,-61
194,59,37
194,60,-70
194,61,-71
194,62,78
194,63,-16
194,64,63
194,65,-40
194,66,-74
194,67,-66
194,68,-41
194,69,-69
194,70,-11
194,71,31
194,72,-10
194,73,-1
194,74,-74
194,75,-54
194,76,33
194,77,-75
194,78,-77
194,79,98
194,80,18
194,81,-57
194,82,41
194,83,40
194,84,53
194,85,-58
194,86,-58
194,87,-35
194,88,9
194,89,10
194,90,55
194,91,-100
194,92,39
194,93,9
194,94,77
194,95,80
194,96,-41
194,97,82
194,98,62
194,99,88
194,100,-75
194,101,58
194,102,-44
194,103,39
194,104,32
194,105,34
194,106,43
194,107,-49
194,108,-20
194,109,48
194,110,-74
194,111,10
194,112,15
194,113,-22
194,114,-78
194,115,26
194,116,99
194,117,-76
194,118,38
194,119,-38
194,120,84
194,121,-16
194,122,81
194,123,18
194,124,-91
194,125,77
194,126,11
194,127,28
194,128,-31
194,129,57
194,130,-46
194,131,-3
194,132,-15
194,133,33
194,134,4
194,135,-77
194,136,-16
194,137,2
194,138,32
194,139,34
194,140,30
194,141,40
194,142,81
194,143,90
194,144,-25
194,145,33
194,146,-3
194,147,-54
194,148,-46
194,149,-52
194,150,84
194,151,-98
194,152,-79
194,153,-66
194,154,-73
194,155,69
194,156,39
194,157,28
194,158,-1
194,159,16
194,160,-78
194,161,0
194,162,-73
194,163,12
194,164,16
194,165,96
194,166,63
194,167,24
194,168,-47
194,169,74
194,170,-45
194,171,-91
194,172,32
194,173,41
194,174,51
194,175,90
194,176,-73
194,177,-80
194,178,-25
194,179,-81
194,180,89
194,181,14
194,182,-5
194,183,-50
194,184,1
194,185,-61
194,186,-16
194,187,-20
194,188,92
194,189,14
194,190,7
194,191,55
194,192,81
194,193,-99
194,194,-87
194,195,-87
194,196,-57
194,197,-61
194,198,-67
194,199,-36
194,200,-83
194,201,11
194,202,-67
194,203,-14
194,204,76
194,205,-21
194,206,23
194,207,82
194,208,-39
194,209,27
194,210,-31
194,211,51
194,212,-53
194,213,-21
194,214,-62
194,215,75
194,216,-31
194,217,-21
194,218,-92
194,219,-72
194,220,95
194,221,87
194,222,53
194,223,17
194,224,65
194,225,-39
194,226,53
194,227,41
194,228,76
194,229,-58
194,230,-13
194,231,-93
194,232,67
194,233,-76
194,234,90
194,235,31
194,236,-86
194,237,-85
194,238,-47
194,239,26
194,240,-90
194,241,-73
194,242,-94
194,243,13
194,244,27
194,245,-63
194,246,51
194,247,-33
194,248,-64
194,249,19
194,250,-66
194,251,33
194,252,9
194,253,60
194,254,15
194,255,9
194,256,1
194,257,-2
194,258,81
194,259,41
194,260,46
194,261,38
194,262,-30
194,263,72
194,264,87
194,265,-13
194,266,85
194,267,-13
194,268,-23
194,269,51
194,270,-90
194,271,99
194,272,26
194,273,71
194,274,-22
194,275,93
194,276,72
194,277,-27
194,278,59
194,279,-84
194,280,81
194,281,37
194,282,-95
194,283,47
194,284,-100
194,285,-37
194,286,-100
194,287,0
194,288,88
194,289,-100
194,290,73
194,291,8
194,292,-41
194,293,-58
194,294,71
194,295,-63
194,296,6
194,297,-99
194,298,-19
194,299,39
195,0,50
195,1,10
195,2,-92
195,3,35
195,4,77
195,5,-21
195,6,-39
195,7,-78
195,8,-8
195,9,-42
195,10,-91
195,11,39
195,12,89
195,13,24
195,14,15
195,15,57
195,16,-27
195,17,95
195,18,74
195,19,-60
195,20,2
195,21,-94
195,22,-7
195,23,15
195,24,4
195,25,-49
195,26,-56
195,27,-63
195,28,63
195,29,-20
195,30,-16
195,31,-43
195,32,-55
195,33,22
195,34,94
195,35,92
195,36,45
195,37,29
195,38,3
195,39,11
195,40,31
195,41,-5
195,42,-18
195,43,69
195,44,-52
195,45,76
195,46,16
195,47,34
195,48,-92
195,49,98
195,50,-74
195,51,48
195,52,-66
195,53,-13
195,54,63
195,55,-8
195,56,-34
195,57,-58
195,58,-93
195,59,20
195,60,-23
195,61,-65
195,62,26
195,63,-53
195,64,73
195,65,59
195,66,34
195,67,-27
195,68,39
195,69,-46
195,70,-78
195,71,79
195,72,-88
195,73,98
195,74,-48
195,75,-38
195,76,-27
195,77,98
195,78,-50
195,79,85
195,80,54
195,81,-94
195,82,18
195,83,-51
195,84,51
195,85,-14
195,86,52
195,87,-57
195,88,-65
195,89,84
195,90,-4
195,91,64
195,92,2
195,93,79
195,94,24
195,95,90
195,96,-94
195,97,-7
195,98,87
195,99,20
195,100,8
195,101,-64
195,102,-80
195,103,-3
195,104,-55
195,105,-80
195,106,-3
195,107,-29
195,108,-5
195,109,-49
195,110,-72
195,111,-32
195,112,66
195,113,-74
195,114,10
195,115,37
195,116,-65
195,117,-6
195,118,-85
195,119,63
195,120,-11
195,121,7
195,122,-17
195,123,61
195,124,64
195,125,99
195,126,-33
195,127,-42
195,128,56
195,129,-70
195,130,-35
195,131,-12
195,132,-98
195,133,6
195,134,-32
195,135,-79
195,136,-21
195,137,-48
195,138,75
195,139,-25
195,140,74
195,141,-59
195,142,-97
195,143,12
195,144,-59
195,145,70
195,146,-4
195,147,69
195,148,25
195,149,-98
195,150,86
195,151,-20
195,152,38
195,153,-20
195,154,62
195,155,4
195,156,77
195,157,90
195,158,23
195,159,97
195,160,-2
195,161,-95
195,162,-69
195,163,-90
195,164,-58
195,165,-62
195,166,40
195,167,-88
195,168,-62
195,169,73
195,170,61
195,171,94
195,172,59
195,173,-33
195,174,3
195,175,-36
195,176,12
195,177,-94
195,178,-98
195,179,-15
195,180,99
195,181,96
195,182,-52
195,183,-43
195,184,-73
195,185,14
195,186,54
195,187,-79
195,188,-7
195,189,0
195,190,-30
195,191,13
195,192,-88
195,193,49
195,194,-96
195,195,-79
195,196,26
195,197,-48
195,198,-62
195,199,-64
195,200,-70
195,201,-39
195,202,2
195,203,-20
195,204,26
195,205,-95
195,206,4
195,207,-20
195,208,61
195,209,-14
195,210,-49
195,211,57
195,212,-88
195,213,85
195,214,-48
195,215,47
195,216,33
195,217,-46
195,218,58
195,219,-42
195,220,46
195,221,97
195,222,-3
195,223,55
195,224,40
195,225,79
195,226,-27
195,227,-40
195,228,68
195,229,-56
195,230,34
195,231,-15
195,232,-87
195,233,-65
195,234,-93
195,235,-89
195,236,67
195,237,5
195,238,89
195,239,41
195,240,76
195,241,-50
195,242,89
195,243,-96
195,244,94
195,245,-100
195,246,3
195,247,4
195,248,0
195,249,27
195,250,-4
195,251,-52
195,252,44
195,253,-6
195,254,-66
195,255,94
195,256,-88
195,257,15
195,258,64
195,259,-63
195,260,-23
195,261,33
195,262,-38
195,263,76
195,264,-92
195,265,63
195,266,-78
195,267,-22
195,268,17
195,269,84
195,270,77
195,271,-42
195,272,13
195,273,34
195,274,-54
195,275,-12
195,276,-14
195,277,-26
195,278,83
195,279,35
195,280,-65
195,281,69
195,282,-62
195,283,-36
195,284,-57
195,285,-24
195,286,-21
195,287,73
195,288,40
195,289,-64
195,290,-87
195,291,21
195,292,40
195,293,39
195,294,-46
195,295,55
195,296,-79
195,297,-17
195,298,46
195,299,57
196,0,81
196,1,-11
196,2,-86
196,3,-71
196,4,-72
196,5,59
196,6,16
196,7,57
196,8,7
196,9,14
196,10,-85
196,11,63
196,12,-19
196,13,75
196,14,-73
196,15,-39
196,16,83
196,17,-45
196,18,-26
196,19,-84
196,20,89
196,21,-80
196,22,64
196,23,14
196,24,61
196,25,-72
196,26,-33
196,27,87
196,28,-90
196,29,-19
196,30,27
196,31,16
196,32,-5
196,33,87
196,34,-27
196,35,7
196,36,61
196,37,60
196,38,37
196,39,-41
196,40,-75
196,41,5
196,42,-76
196,43,-99
196,44,-11
196,45,-17
196,46,-98
196,47,-69
196,48,-100
196,49,-77
196,50,-51
196,51,70
196,52,-57
196,53,-68
196,54,-63
196,55,11
196,56,-49
196,57,-66
196,58,-84
196,59,-43
196,60,-53
196,61,-58
196,62,-53
196,63,-57
196,64,-68
196,65,-14
196,66,-18
196,67,29
196,68,37
196,69,-18
196,70,55
196,71,74
196,72,35
196,73,6
196,74,50
196,75,75
196,76,8
196,77,-9
196,78,-38
196,79,-24
196,80,-64
196,81,-89
196,82,-27
196,83,14
196,84,-20
196,85,92
196,86,-86
196,87,-21
196,88,-17
196,89,18
196,90,-91
196,91,-59
196,92,53
196,93,-52
196,94,50
196,95,91
196,96,-84
196,97,61
196,98,4
196,99,-44
196,100,-15
196,101,31
196,102,98
196,103,-32
196,104,-6
196,105,-18
196,106,95
196,107,-51
196,108,25
196,109,-34
196,110,95
196,111,-13
196,112,27
196,113,86
196,114,12
196,115,4
196,116,14
196,117,-38
196,118,94
196,119,-75
196,120,27
196,121,-100
196,122,-7
196,123,14
196,124,95
196,125,45
196,126,-89
196,127,65
196,128,-59
196,129,63
196,130,-85
196,131,92
196,132,-34
196,133,66
196,134,-2
196,135,-42
196,136,-63
196,137,43
196,138,38
196,139,-73
196,140,-10
196,141,10
196,142,-7
196,143,-24
196,144,-21
196,145,29
196,146,47
196,147,-29
196,148,-63
196,149,83
196,150,66
196,151,-70
196,152,-21
196,153,50
196,154,61
196,155,-5
196,156,-84
196,157,6
196,158,-77
196,159,62
196,160,17
196,161,50
196,162,35
196,163,81
196,164,-14
196,165,48
196,166,-82
196,167,58
196,168,-51
196,169,-30
196,170,11
196,171,-77
196,172,-55
196,173,35
196,174,-24
196,175,-98
196,176,61
196,177,-24
196,178,84
196,179,17
196,180,-43
196,181,62
196,182,-80
196,183,-36
196,184,-35
196,185,84
196,186,-59
196,187,-58
196,188,-75
196,189,94
196,190,53
196,191,35
196,192,74
196,193,64
196,194,99
196,195,-19
196,196,45
196,197,63
196,198,3
196,199,29
196,200,-17
196,201,19
196,202,-98
196,203,3
196,204,7
196,205,-67
196,206,25
196,207,12
196,208,9
196,209,73
196,210,89
196,211,-31
196,212,84
196,213,37
196,214,-13
196,215,-83
196,216,60
196,217,34
196,218,-56
196,219,11
196,220,56
196,221,-18
196,222,65
196,223,-62
196,224,52
196,225,44
196,226,-40
196,227,-50
196,228,-64
196,229,-34
196,230,-77
196,231,21
196,232,-52
196,233,48
196,234,84
196,235,68
196,236,44
196,237,8
196,238,1
196,239,48
196,240,-33
196,241,91
196,242,-57
196,243,23
196,244,-73
196,245,-65
196,246,64
196,247,26
196,248,-57
196,249,-51
196,250,12
196,251,82
196,252,-13
196,253,37
196,254,-63
196,255,-52
196,256,-29
196,257,-99
196,258,-57
196,259,-66
196,260,15
196,261,48
196,262,-44
196,263,-10
196,264,-78
196,265,-69
196,266,-30
196,267,60
196,268,-84
196,269,26
196,270,99
196,271,69
196,272,-84
196,273,-53
196,274,75
196,275,-44
196,276,2
196,277,88
196,278,-57
196,279,50
196,280,21
196,281,-48
196,282,-68
196,283,-45
196,284,-73
196,285,50
196,286,-38
196,287,-94
196,288,10
196,289,29
196,290,92
196,291,31
196,292,-93
196,293,25
196,294,-52
196,295,-72
196,296,-19
196,297,-46
196,298,64
196,299,-6
197,0,-95
197,1,51
197,2,11
197,3,4
197,4,-61
197,5,-89
197,6,-37
197,7,-55
197,8,-87
197,9,54
197,10,15
197,11,-64
197,12,9
197,13,-39
197,14,-34
197,15,-21
197,16,-25
197,17,-87
197,18,-3
197,19,66
197,20,32
197,21,-25
197,22,-75
197,23,-20
197,24,7
197,25,-48
197,26,-38
197,27,-90
197,28,-68
197,29,-60
197,30,-61
197,31,73
197,32,-97
197,33,-90
197,34,54
197,35,-93
197,36,48
197,37,26
197,38,26
197,39,-96
197,40,89
197,41,-69
197,42,-12
197,43,-43
197,44,-29
197,45,54
197,46,-75
197,47,67
197,48,-72
197,49,-19
197,50,-94
197,51,5
197,52,-80
197,53,94
197,54,-5
197,55,-91
197,56,-39
197,57,35
197,58,13
197,59,-97
197,60,56
197,61,39
197,62,-1
197,63,78
197,64,-82
197,65,10
197,66,-70
197,67,7
197,68,-75
197,69,8
197,70,33
197,71,-72
197,72,-84
197,73,47
197,74,69
197,75,9
197,76,74
197,77,-27
197,78,97
197,79,-5
197,80,-99
197,81,-64
197,82,-10
197,83,46
197,84,-60
197,85,43
197,86,14
197,87,87
197,88,84
197,89,-37
197,90,-96
197,91,45
197,92,-29
197,93,40
197,94,4
197,95,-27
197,96,-65
197,97,46
197,98,58
197,99,-8
197,100,8
197,101,-78
197,102,59
197,103,12
197,104,-90
197,105,93
197,106,32
197,107,-6
197,108,-88
197,109,-15
197,110,91
197,111,-66
197,112,-18
197,113,-72
197,114,50
197,115,-18
197,116,-21
197,117,-6
197,118,43
197,119,53
197,120,-98
197,121,21
197,122,23
197,123,-78
197,124,84
197,125,36
197,126,78
197,127,-68
197,128,-9
197,129,-77
197,130,6
197,131,-51
197,132,-49
197,133,98
197,134,-63
197,135,-57
197,136,-12
197,137,25
197,138,-45
197,139,93
197,140,-56
197,141,79
197,142,28
197,143,-14
197,144,15
197,145,-37
197,146,35
197,147,70
197,148,35
197,149,-72
197,150,-88
197,151,28
197,152,-72
197,153,77
197,154,-64
197,155,-100
197,156,7
197,157,-32
197,158,16
197,159,75
197,160,82
197,161,93
197,162,10
197,163,-38
197,164,-79
197,165,-7
197,166,-90
197,167,-72
197,168,5
197,169,-98
197,170,72
197,171,-98
197,172,-27
197,173,95
197,174,-87
197,175,-20
197,176,-36
197,177,84
197,178,42
197,179,87
197,180,81
197,181,16
197,182,29
197,183,-19
197,184,91
197,185,-73
197,186,-7
197,187,-34
197,188,-98
197,189,80
197,190,53
197,191,-97
197,192,43
197,193,-9
197,194,-29
197,195,81
197,196,3
197,197,-85
197,198,-70
197,199,-14
197,200,29
197,201,-28
197,202,-10
197,203,72
197,204,-47
197,205,86
197,206,86
197,207,49
197,208,61
197,209,-28
197,210,27
197,211,83
197,212,61
197,213,-2
197,214,53
197,215,98
197,216,72
197,217,-25
197,218,48
197,219,70
197,220,-15
197,221,-62
197,222,40
197,223,69
197,224,-56
197,225,-14
197,226,78
197,227,18
197,228,-84
197,229,-17
197,230,90
197,231,34
197,232,82
197,233,31
197,234,-70
197,235,-7
197,236,-6
197,237,83
197,238,31
197,239,-19
197,240,-17
197,241,-61
197,242,3
197,243,11
197,244,-54
197,245,-51
197,246,50
197,247,-50
197,248,-63
197,249,36
197,250,88
197,251,48
197,252,-92
197,253,15
197,254,-76
197,255,12
197,256,-65
197,257,10
197,258,70
197,259,-23
197,260,-20
197,261,-73
197,262,91
197,263,-56
197,264,4
197,265,83
197,266,-53
197,267,35
197,268,41
197,269,-86
197,270,27
197,271,66
197,272,52
197,273,-38
197,274,-42
197,275,56
197,276,-98
197,277,-62
197,278,-79
197,279,0
197,280,26
197,281,68
197,282,-81
197,283,46
197,284,40
197,285,-10
197,286,-82
197,287,-35
197,288,92
197,289,30
197,290,51
197,291,-63
197,292,29
197,293,83
197,294,-64
197,295,31
197,296,-23
197,297,71
197,298,-56
197,299,-20
198,0,-17
198,1,23
198,2,74
198,3,-8
198,4,53
198,5,5
198,6,1
198,7,-9
198,8,36
198,9,-5
198,10,-21
198,11,-53
198,12,-70
198,13,82
198,14,-100
198,15,25
198,16,86
198,17,38
198,18,29
198,19,-55
198,20,-100
198,21,-31
198,22,98
198,23,-35
198,24,-99
198,25,-32
198,26,-88
198,27,46
198,28,-18
198,29,-54
198,30,28
198,31,45
198,32,12
198,33,-69
198,34,-5
198,35,99
198,36,-90
198,37,47
198,38,-93
198,39,1
198,40,65
198,41,-95
198,42,-99
198,43,-28
198,44,82
198,45,-98
198,46,-35
198,47,99
198,48,-75
198,49,75
198,50,-7
198,51,1
198,52,35
198,53,94
198,54,-26
198,55,-12
198,56,15
198,57,96
198,58,-71
198,59,54
198,60,-58
198,61,32
198,62,-81
198,63,-49
198,64,-80
198,65,30
198,66,-60
198,67,23
198,68,91
198,69,7
198,70,95
198,71,98
198,72,51
198,73,-49
198,74,-99
198,75,-57
198,76,-60
198,77,-31
198,78,-94
198,79,-63
198,80,72
198,81,-92
198,82,-48
198,83,-73
198,84,27
198,85,-82
198,86,95
198,87,31
198,88,-88
198,89,-90
198,90,-99
198,91,97
198,92,39
198,93,25
198,94,64
198,95,-45
198,96,-13
198,97,-49
198,98,24
198,99,31
198,100,4
198,101,31
198,102,76
198,103,-49
198,104,-67
198,105,-79
198,106,40
198,107,-38
198,108,-86
198,109,67
198,110,-63
198,111,4
198,112,-46
198,113,71
198,114,16
198,115,19
198,116,-35
198,117,-35
198,118,70
198,119,-29
198,120,65
198,121,56
198,122,-26
198,123,83
198,124,33
198,125,-92
198,126,49
198,127,73
198,128,-12
198,129,-70
198,130,-80
198,131,-63
198,132,-49
198,133,46
198,134,37
198,135,73
198,136,-25
198,137,-18
198,138,93
198,139,-22
198,140,-63
198,141,-39
198,142,-29
198,143,73
198,144,62
198,145,1
198,146,70
198,147,27
198,148,57
198,149,-28
198,150,-38
198,151,57
198,152,12
198,153,-18
198,154,56
198,155,93
198,156,99
198,157,-79
198,158,62
198,159,69
198,160,51
198,161,-75
198,162,58
198,163,-14
198,164,29
198,165,66
198,166,-4
198,167,39
198,168,-28
198,169,71
198,170,-58
198,171,94
198,172,-13
198,173,-4
198,174,65
198,175,93
198,176,-61
198,177,49
198,178,90
198,179,86
198,180,-82
198,181,-81
198,182,18
198,183,-28
198,184,70
198,185,85
198,186,-19
198,187,4
198,188,-47
198,189,-19
198,190,-61
198,191,-1
198,192,-74
198,193,40
198,194,-54
198,195,99
198,196,11
198,197,50
198,198,18
198,199,-42
198,200,-24
198,201,25
198,202,-94
198,203,-51
198,204,3
198,205,-35
198,206,30
198,207,5
198,208,66
198,209,-94
198,210,95
198,211,82
198,212,-93
198,213,-69
198,214,-82
198,215,17
198,216,39
198,217,-44
198,218,37
198,219,-10
198,220,-80
198,221,47
198,222,20
198,223,31
198,224,46
198,225,-72
198,226,-30
198,227,-37
198,228,99
198,229,38
198,230,-68
198,231,-76
198,232,60
198,233,-75
198,234,-65
198,235,-90
198,236,-71
198,237,-44
198,238,-4
198,239,37
198,240,-76
198,241,-5
198,242,95
198,243,-44
198,244,22
198,245,-67
198,246,-15
198,247,-47
198,248,-50
198,249,-95
198,250,86
198,251,-47
198,252,-84
198,253,53
198,254,-13
198,255,36
198,256,-99
198,257,-81
198,258,-10
198,259,-95
198,260,18
198,261,-22
198,262,-46
198,263,-53
198,264,-43
198,265,69
198,266,48
198,267,-95
198,268,-71
198,269,50
198,270,-65
198,271,9
198,272,20
198,273,-98
198,274,-11
198,275,61
198,276,-71
198,277,14
198,278,69
198,279,48
198,280,17
198,281,-13
198,282,-97
198,283,76
198,284,75
198,285,-50
198,286,-77
198,287,-55
198,288,15
198,289,-74
198,290,-6
198,291,10
198,292,78
198,293,-2
198,294,15
198,295,-81
198,296,-21
198,297,-6
198,298,98
198,299,45
199,0,35
199,1,54
199,2,-87
199,3,45
199,4,-36
199,5,58
199,6,-81
199,7,-31
199,8,-56
199,9,-100
199,10,46
199,11,-62
199,12,18
199,13,54
199,14,-45
199,15,43
199,16,-94
199,17,-81
199,18,58
199,19,-17
199,20,-22
199,21,52
199,22,9
199,23,-100
199,24,44
199,25,-21
199,26,-74
199,27,18
199,28,22
199,29,-77
199,30,89
199,31,-49
199,32,-50
199,33,93
199,34,-44
199,35,-46
199,36,-48
199,37,-12
199,38,-82
199,39,8
199,40,40
199,41,-72
199,42,33
199,43,19
199,44,28
199,45,51
199,46,-27
199,47,-2
199,48,-95
199,49,75
199,50,47
199,51,-25
199,52,-34
199,53,82
199,54,-83
199,55,-80
199,56,91
199,57,64
199,58,-82
199,59,-45
199,60,89
199,61,-83
199,62,57
199,63,83
199,64,5
199,65,69
199,66,-48
199,67,-15
199,68,-51
199,69,26
199,70,-97
199,71,-38
199,72,94
199,73,12
199,74,-45
199,75,76
199,76,49
199,77,39
199,78,76
199,79,-88
199,80,4
199,81,-68
199,82,74
199,83,-37
199,84,-18
199,85,4
199,86,44
199,87,-67
199,88,-33
199,89,-62
199,90,99
199,91,28
199,92,32
199,93,-61
199,94,-38
199,95,28
199,96,62
199,97,44
199,98,-7
199,99,-2
199,100,-41
199,101,28
199,102,31
199,103,36
199,104,-56
199,105,59
199,106,-32
199,107,-87
199,108,78
199,109,50
199,110,73
199,111,54
199,112,-12
199,113,-65
199,114,95
199,115,-69
199,116,-28
199,117,93
199,118,69
199,119,-51
199,120,-44
199,121,16
199,122,91
199,123,73
199,124,10
199,125,-12
199,126,3
199,127,-47
199,128,-48
199,129,56
199,130,64
199,131,-32
199,132,-87
199,133,54
199,134,-96
199,135,17
199,136,71
199,137,42
199,138,-34
199,139,-100
199,140,51
199,141,8
199,142,-39
199,143,-23
199,144,-44
199,145,-81
199,146,85
199,147,-87
199,148,80
199,149,-66
199,150,89
199,151,88
199,152,46
199,153,-17
199,154,-59
199,155,71
199,156,-3
199,157,-100
199,158,-33
199,159,3
199,160,-23
199,161,73
199,162,-50
199,163,-69
199,164,-1
199,165,46
199,166,-62
199,167,41
199,168,56
199,169,-59
199,170,-87
199,171,15
199,172,38
199,173,-26
199,174,-54
199,175,3
199,176,-77
199,177,49
199,178,76
199,179,82
199,180,-46
199,181,-31
199,182,-23
199,183,-28
199,184,62
199,185,-57
199,186,63
199,187,-12
199,188,-86
199,189,-56
199,190,21
199,191,-39
199,192,-9
199,193,77
199,194,-88
199,195,4
199,196,58
199,197,-96
199,198,-18
199,199,35
199,200,40
199,201,68
199,202,-84
199,203,-69
199,204,-96
199,205,25
199,206,36
199,207,6
199,208,61
199,209,-100
199,210,67
199,211,81
199,212,25
199,213,-69
199,214,25
199,215,-2
199,216,12
199,217,77
199,218,86
199,219,89
199,220,-90
199,221,-78
199,222,18
199,223,-75
199,224,-38
199,225,73
199,226,-32
199,227,-11
199,228,33
199,229,-50
199,230,-58
199,231,69
199,232,40
199,233,-76
199,234,29
199,235,-87
199,236,44
199,237,4
199,238,3
199,239,67
199,240,-62
199,241,52
199,242,-53
199,243,14
199,244,-52
199,245,60
199,246,-74
199,247,-56
199,248,-70
199,249,-38
199,250,11
199,251,65
199,252,7
199,253,67
199,254,85
199,255,-36
199,256,-90
199,257,42
199,258,-4
199,259,84
199,260,11
199,261,52
199,262,66
199,263,-68
199,264,-72
199,265,85
199,266,99
199,267,-90
199,268,40
199,269,-32
199,270,-80
199,271,-98
199,272,53
199,273,60
199,274,-7
199,275,-79
199,276,-39
199,277,-96
199,278,46
199,279,-92
199,280,-43
199,281,-77
199,282,66
199,283,-40
199,284,26
199,285,-53
199,286,77
199,287,-39
199,288,80
199,289,48
199,290,-63
199,291,17
199,292,-42
199,293,-4
199,294,70
199,295,-84
199,296,-32
199,297,71
199,298,90
199,299,-78
200,0,2
200,1,95
200,2,53
200,3,-7
200,4,75
200,5,74
200,6,-55
200,7,-72
200,8,-67
200,9,-91
200,10,-81
200,11,-67
200,12,0
200,13,40
200,14,-14
200,15,37
200,16,-56
200,17,27
200,18,-12
200,19,-19
200,20,18
200,21,-9
200,22,35
200,23,-96
200,24,-81
200,25,20
200,26,71
200,27,-43
200,28,47
200,29,98
200,30,-12
200,31,-1
200,32,14
200,33,-27
200,34,67
200,35,-85
200,36,-97
200,37,-91
200,38,78
200,39,-53
200,40,-81
200,41,-69
200,42,93
200,43,-41
200,44,-90
200,45,-81
200,46,-78
200,47,26
200,48,-24
200,49,-66
200,50,44
200,51,-91
200,52,-63
200,53,-18
200,54,-69
200,55,-47
200,56,-44
200,57,6
200,58,-76
200,59,41
200,60,-56
200,61,71
200,62,17
200,63,-63
200,64,24
200,65,-65
200,66,-13
200,67,23
200,68,66
200,69,66
200,70,-88
200,71,93
200,72,61
200,73,23
200,74,-86
200,75,-43
200,76,11
200,77,-42
200,78,93
200,79,-49
200,80,-32
200,81,2
200,82,-96
200,83,-58
200,84,-93
200,85,-23
200,86,-8
200,87,-38
200,88,95
200,89,62
200,90,98
200,91,-69
200,92,-4
200,93,17
200,94,-77
200,95,-51
200,96,17
200,97,86
200,98,92
200,99,27
200,100,11
200,101,-63
200,102,65
200,103,48
200,104,50
200,105,73
200,106,96
200,107,57
200,108,67
200,109,-19
200,110,-31
200,111,-32
200,112,69
200,113,45
200,114,86
200,115,-88
200,116,18
200,117,1
200,118,-80
200,119,95
200,120,-24
200,121,-19
200,122,-24
200,123,88
200,124,-2
200,125,65
200,126,67
200,127,54
200,128,85
200,129,93
200,130,-58
200,131,21
200,132,23
200,133,-81
200,134,62
200,135,-46
200,136,-27
200,137,-29
200,138,67
200,139,-55
200,140,-22
200,141,69
200,142,45
200,143,-86
200,144,-2
200,145,-35
200,146,40
200,147,8
200,148,-44
200,149,36
200,150,20
200,151,-2
200,152,-35
200,153,43
200,154,9
200,155,29
200,156,43
200,157,-29
200,158,-100
200,159,4
200,160,53
200,161,71
200,162,32
200,163,-80
200,164,-66
200,165,3
200,166,-47
200,167,23
200,168,77
200,169,7
200,170,-57
200,171,-16
200,172,-97
200,173,22
200,174,-59
200,175,68
200,176,63
200,177,-77
200,178,32
200,179,84
200,180,-34
200,181,-90
200,182,72
200,183,-5
200,184,-79
200,185,38
200,186,65
200,187,86
200,188,-15
200,189,31
200,190,94
200,191,37
200,192,-82
200,193,-19
200,194,55
200,195,-6
200,196,-84
200,197,-77
200,198,28
200,199,-96
200,200,59
200,201,-48
200,202,-20
200,203,84
200,204,70
200,205,-15
200,206,2
200,207,66
200,208,61
200,209,-21
200,210,-96
200,211,-83
200,212,31
200,213,8
200,214,-10
200,215,-31
200,216,38
200,217,74
200,218,-20
200,219,-70
200,220,-88
200,221,-78
200,222,-36
200,223,95
200,224,-71
200,225,58
200,226,-54
200,227,43
200,228,70
200,229,30
200,230,-89
200,231,38
200,232,-85
200,233,56
200,234,16
200,235,48
200,236,8
200,237,-43
200,238,70
200,239,-96
200,240,79
200,241,40
200,242,-20
200,243,39
200,244,-100
200,245,-93
200,246,43
200,247,42
200,248,-82
200,249,52
200,250,-70
200,251,29
200,252,20
200,253,-42
200,254,-70
200,255,95
200,256,95
200,257,39
200,258,44
200,259,-72
200,260,63
200,261,3
200,262,-38
200,263,-86
200,264,-71
200,265,78
200,266,-90
200,267,84
200,268,-88
200,269,-46
200,270,-38
200,271,29
200,272,99
200,273,83
200,274,-94
200,275,70
200,276,58
200,277,88
200,278,49
200,279,89
200,280,-73
200,281,-76
200,282,92
200,283,59
200,284,75
200,285,-21
200,286,-77
200,287,-20
200,288,24
200,289,69
200,290,-31
200,291,-23
200,292,-11
200,293,23
200,294,-9
200,295,10
200,296,63
200,297,58
200,298,27
200,299,54
201,0,93
201,1,72
201,2,-57
201,3,-44
201,4,-80
201,5,-46
201,6,8
201,7,42
201,8,61
201,9,3
201,10,30
201,11,28
201,12,-77
201,13,70
201,14,-74
201,15,36
201,16,-13
201,17,44
201,18,-9
201,19,-62
201,20,-46
201,21,95
201,22,24
201,23,-56
201,24,55
201,25,83
201,26,0
201,27,56
201,28,-72
201,29,-32
201,30,-90
201,31,29
201,32,95
201,33,37
201,34,2
201,35,7
201,36,99
201,37,18
201,38,54
201,39,-14
201,40,11
201,41,62
201,42,77
201,43,-27
201,44,-99
201,45,-84
201,46,-6
201,47,-21
201,48,-77
201,49,-44
201,50,-30
201,51,-18
201,52,43
201,53,-4
201,54,-65
201,55,-56
201,56,-91
201,57,-38
201,58,-58
201,59,-50
201,60,6
201,61,-98
201,62,93
201,63,62
201,64,-32
201,65,-22
201,66,-65
201,67,-52
201,68,-100
201,69,69
201,70,68
201,71,-28
201,72,84
201,73,15
201,74,47
201,75,-87
201,76,21
201,77,-8
201,78,79
201,79,-47
201,80,-52
201,81,-71
201,82,30
201,83,-89
201,84,10
201,85,58
201,86,64
201,87,54
201,88,15
201,89,51
201,90,11
201,91,68
201,92,3
201,93,91
201,94,-90
201,95,-10
201,96,-28
201,97,-85
201,98,-87
201,99,74
201,100,57
201,101,9
201,102,51
201,103,40
201,104,18
201,105,25
201,106,-92
201,107,76
201,108,53
201,109,-52
201,110,-59
201,111,72
201,112,13
201,113,-24
201,114,48
201,115,56
201,116,-9
201,117,51
201,118,19
201,119,69
201,120,-17
201,121,2
201,122,-30
201,123,68
201,124,-53
201,125,-22
201,126,-24
201,127,-58
201,128,-93
201,129,-38
201,130,19
201,131,-38
201,132,-95
201,133,-27
201,134,-49
201,135,-80
201,136,41
201,137,15
201,138,-43
201,139,52
201,140,-45
201,141,-18
201,142,-92
201,143,63
201,144,84
201,145,32
201,146,-20
201,147,-7
201,148,34
201,149,33
201,150,-49
201,151,97
201,152,5
201,153,-46
201,154,-87
201,155,28
201,156,64
201,157,-52
201,158,39
201,159,32
201,160,-31
201,161,15
201,162,18
201,163,38
201,164,80
201,165,82
201,166,-22
201,167,-51
201,168,80
201,169,24
201,170,-46
201,171,-9
201,172,-98
201,173,19
201,174,43
201,175,72
201,176,-20
201,177,63
201,178,-82
201,179,31
201,180,-42
201,181,-12
201,182,39
201,183,-38
201,184,83
201,185,-74
201,186,95
201,187,24
201,188,51
201,189,53
201,190,-79
201,191,-31
201,192,-82
201,193,0
201,194,61
201,195,38
201,196,19
201,197,-13
201,198,72
201,199,-64
201,200,50
201,201,67
201,202,70
201,203,-97
201,204,-19
201,205,-86
201,206,50
201,207,39
201,208,-33
201,209,-33
201,210,79
201,211,68
201,212,4
201,213,-42
201,214,-43
201,215,19
201,216,86
201,217,99
201,218,50
201,219,28
201,220,-45
201,221,-97
201,222,-72
201,223,-84
201,224,76
201,225,-50
201,226,76
201,227,-77
201,228,-57
201,229,15
201,230,68
201,231,-44
201,232,83
201,233,-69
201,234,58
201,235,43
201,236,59
201,237,7
201,238,-59
201,239,21
201,240,-67
201,241,64
201,242,43
201,243,-16
201,244,40
201,245,21
201,246,19
201,247,-19
201,248,93
201,249,19
201,250,60
201,251,4
201,252,-19
201,253,-9
201,254,62
201,255,64
201,256,-61
201,257,35
201,258,-47
201,259,-12
201,260,34
201,261,-99
201,262,-4
201,263,-45
201,264,3
201,265,23
201,266,84
201,267,76
201,268,96
201,269,24
201,270,-23
201,271,-93
201,272,-17
201,273,90
201,274,-19
201,275,98
201,276,-13
201,277,73
201,278,-34
201,279,16
201,280,73
201,281,-23
201,282,-34
201,283,-59
201,284,-37
201,285,27
201,286,-28
201,287,80
201,288,98
201,289,-11
201,290,-94
201,291,-94
201,292,21
201,293,63
201,294,15
201,295,-88
201,296,94
201,297,-81
201,298,-48
201,299,-15
202,0,79
202,1,-4
202,2,-40
202,3,24
202,4,1
202,5,15
202,6,-11
202,7,-5
202,8,-40
202,9,-45
202,10,-7
202,11,-61
202,12,-20
202,13,-38
202,14,84
202,15,31
202,16,53
202,17,-6
202,18,-39
202,19,81
202,20,89
202,21,45
202,22,-91
202,23,-65
202,24,29
202,25,-41
202,26,74
202,27,-28
202,28,59
202,29,96
202,30,78
202,31,-34
202,32,-20
202,33,-24
202,34,94
202,35,-33
202,36,-19
202,37,-45
202,38,-2
202,39,-87
202,40,43
202,41,-25
202,42,-26
202,43,-35
202,44,-68
202,45,-88
202,46,-71
202,47,-75
202,48,13
202,49,-88
202,50,-33
202,51,22
202,52,-68
202,53,42
202,54,44
202,55,-95
202,56,-96
202,57,60
202,58,-47
202,59,43
202,60,73
202,61,51
202,62,24
202,63,-96
202,64,94
202,65,24
202,66,-25
202,67,-51
202,68,68
202,69,82
202,70,-20
202,71,12
202,72,-81
202,73,77
202,74,24
202,75,-66
202,76,77
202,77,60
202,78,-34
202,79,98
202,80,37
202,81,-60
202,82,67
202,83,33
202,84,60
202,85,-85
202,86,-77
202,87,-41
202,88,20
202,89,-27
202,90,38
202,91,71
202,92,-98
202,93,65
202,94,67
202,95,19
202,96,-82
202,97,-61
202,98,-48
202,99,63
202,100,-34
202,101,-15
202,102,-12
202,103,47
202,104,55
202,105,84
202,106,30
202,107,-15
202,108,7
202,109,64
202,110,20
202,111,45
202,112,-17
202,113,-55
202,114,-96
202,115,6
202,116,22
202,117,-28
202,118,-20
202,119,-44
202,120,53
202,121,-68
202,122,-4
202,123,-65
202,124,-8
202,125,-79
202,126,-19
202,127,-84
202,128,-57
202,129,79
202,130,-79
202,131,96
202,132,28
202,133,-71
202,134,66
202,135,62
202,136,-32
202,137,97
202,138,-12
202,139,-90
202,140,-50
202,141,-38
202,142,-15
202,143,22
202,144,-67
202,145,20
202,146,82
202,147,-23
202,148,22
202,149,-81
202,150,85
202,151,-84
202,152,-67
202,153,-2
202,154,89
202,155,61
202,156,99
202,157,46
202,158,15
202,159,13
202,160,-4
202,161,25
202,162,19
202,163,-35
202,164,-29
202,165,-8
202,166,69
202,167,-50
202,168,98
202,169,76
202,170,23
202,171,56
202,172,-6
202,173,-71
202,174,-2
202,175,52
202,176,10
202,177,95
202,178,12
202,179,89
202,180,-63
202,181,-84
202,182,-27
202,183,28
202,184,-83
202,185,90
202,186,73
202,187,46
202,188,24
202,189,-51
202,190,19
202,191,-5
202,192,-47
202,193,-70
202,194,-4
202,195,92
202,196,-55
202,197,-66
202,198,-52
202,199,-20
202,200,61
202,201,-72
202,202,33
202,203,-100
202,204,82
202,205,-74
202,206,39
202,207,-97
202,208,-21
202,209,79
202,210,27
202,211,-90
202,212,-49
202,213,-17
202,214,53
202,215,55
202,216,-29
202,217,93
202,218,3
202,219,-11
202,220,54
202,221,-4
202,222,24
202,223,82
202,224,-30
202,225,-47
202,226,-55
202,227,63
202,228,27
202,229,48
202,230,76
202,231,-67
202,232,21
202,233,-14
202,234,61
202,235,67
202,236,34
202,237,-11
202,238,-49
202,239,-52
202,240,18
202,241,-20
202,242,-6
202,243,-12
202,244,-64
202,245,89
202,246,42
202,247,-99
202,248,38
202,249,-5
202,250,-84
202,251,72
202,252,95
202,253,19
202,254,88
202,255,73
202,256,-69
202,257,-82
202,258,94
202,259,-97
202,260,-76
202,261,-80
202,262,-8
202,263,-12
202,264,12
202,265,-3
202,266,41
202,267,49
202,268,-53
202,269,-50
202,270,-90
202,271,86
202,272,-87
202,273,-94
202,274,96
202,275,85
202,276,-61
202,277,-20
202,278,52
202,279,22
202,280,69
202,281,-15
202,282,-57
202,283,-96
202,284,3
202,285,-73
202,286,87
202,287,20
202,288,48
202,289,-5
202,290,-52
202,291,83
202,292,-44
202,293,-16
202,294,88
202,295,0
202,296,-63
202,297,29
202,298,30
202,299,70
203,0,-27
203,1,-66
203,2,67
203,3,24
203,4,-16
203,5,-43
203,6,-67
203,7,-76
203,8,83
203,9,-69
203,10,9
203,11,0
203,12,49
203,13,26
203,14,-12
203,15,92
203,16,8
203,17,-1
203,18,-80
203,19,-80
203,20,16
203,21,55
203,22,46
203,23,-87
203,24,-77
203,25,-81
203,26,59
203,27,79
203,28,-36
203,29,-49
203,30,0
203,31,85
203,32,3
203,33,-6
203,34,-9
203,35,-91
203,36,-31
203,37,-86
203,38,74
203,39,-91
203,40,48
203,41,-82
203,42,-33
203,43,-79
203,44,-38
203,45,-63
203,46,-86
203,47,-31
203,48,13
203,49,-57
203,50,57
203,51,3
203,52,-77
203,53,-15
203,54,-7
203,55,73
203,56,31
203,57,-95
203,58,-63
203,59,-75
203,60,46
203,61,-99
203,62,-33
203,63,-32
203,64,-54
203,65,-2
203,66,56
203,67,-37
203,68,-21
203,69,39
203,70,-28
203,71,38
203,72,-93
203,73,-41
203,74,53
203,75,59
203,76,66
203,77,31
203,78,-9
203,79,17
203,80,25
203,81,18
203,82,71
203,83,-18
203,84,62
203,85,78
203,86,78
203,87,56
203,88,-16
203,89,63
203,90,3
203,91,13
203,92,87
203,93,-86
203,94,-50
203,95,-51
203,96,10
203,97,-46
203,98,-89
203,99,77
203,100,89
203,101,32
203,102,54
203,103,-22
203,104,-11
203,105,-92
203,106,3
203,107,3
203,108,62
203,109,40
203,110,-57
203,111,73
203,112,-4
203,113,-3
203,114,18
203,115,-33
203,116,-48
203,117,8
203,118,-100
203,119,-90
203,120,77
203,121,36
203,122,-63
203,123,40
203,124,32
203,125,-76
203,126,25
203,127,-91
203,128,32
203,129,-79
203,130,-59
203,131,0
203,132,47
203,133,-73
203,134,-80
203,135,38
203,136,-32
203,137,-64
203,138,76
203,139,16
203,140,96
203,141,-68
203,142,-56
203,143,35
203,144,15
203,145,33
203,146,42
203,147,42
203,148,36
203,149,-40
203,150,-45
203,151,32
203,152,25
203,153,53
203,154,25
203,155,22
203,156,84
203,157,-66
203,158,-91
203,159,-10
203,160,-80
203,161,39
203,162,-92
203,163,43
203,164,19
203,165,81
203,166,26
203,167,-78
203,168,-62
203,169,27
203,170,-79
203,171,-46
203,172,58
203,173,-27
203,174,-54
203,175,-74
203,176,27
203,177,-53
203,178,66
203,179,48
203,180,-86
203,181,-20
203,182,17
203,183,-56
203,184,-82
203,185,80
203,186,-46
203,187,-15
203,188,4
203,189,76
203,190,-23
203,191,25
203,192,88
203,193,-41
203,194,-25
203,195,-10
203,196,15
203,197,-77
203,198,66
203,199,25
203,200,88
203,201,13
203,202,-1
203,203,50
203,204,-29
203,205,13
203,206,-8
203,207,66
203,208,-29
203,209,-9
203,210,-4
203,211,-90
203,212,-59
203,213,25
203,214,52
203,215,61
203,216,-79
203,217,29
203,218,78
203,219,43
203,220,38
203,221,-5
203,222,-32
203,223,-1
203,224,-39
203,225,-82
203,226,56
203,227,69
203,228,50
203,229,-41
203,230,45
203,231,-6
203,232,0
203,233,-20
203,234,82
203,235,-83
203,236,54
203,237,-16
203,238,28
203,239,41
203,240,-42
203,241,9
203,242,60
203,243,63
203,244,18
203,245,66
203,246,19
203,247,-25
203,248,72
203,249,52
203,250,42
203,251,-81
203,252,-67
203,253,-43
203,254,-41
203,255,57
203,256,7
203,257,40
203,258,-8
203,259,-34
203,260,-12
203,261,72
203,262,-61
203,263,65
203,264,-54
203,265,-13
203,266,56
203,267,61
203,268,38
203,269,-81
203,270,47
203,271,-45
203,272,50
203,273,-1
203,274,12
203,275,-13
203,276,3
203,277,-76
203,278,-68
203,279,58
203,280,2
203,281,-22
203,282,28
203,283,81
203,284,-85
203,285,-16
203,286,-42
203,287,93
203,288,24
203,289,30
203,290,42
203,291,-69
203,292,77
203,293,10
203,294,-1
203,295,87
203,296,2
203,297,15
203,298,17
203,299,18
204,0,35
204,1,-94
204,2,31
204,3,-91
204,4,-41
204,5,-76
204,6,-59
204,7,-54
204,8,-5
204,9,13
204,10,-69
204,11,-27
204,12,52
204,13,-85
204,14,76
204,15,43
204,16,-7
204,17,65
204,18,-96
204,19,-94
204,20,-93
204,21,-68
204,22,-39
204,23,15
204,24,59
204,25,28
204,26,-10
204,27,47
204,28,-46
204,29,90
204,30,-23
204,31,-95
204,32,-49
204,33,-99
204,34,-62
204,35,20
204,36,-69
204,37,15
204,38,78
204,39,96
204,40,-9
204,41,-69
204,42,-8
204,43,30
204,44,-39
204,45,-88
204,46,-31
204,47,-80
204,48,88
204,49,-87
204,50,-12
204,51,-30
204,52,6
204,53,49
204,54,27
204,55,-69
204,56,68
204,57,-69
204,58,69
204,59,79
204,60,-20
204,61,81
204,62,1
204,63,89
204,64,-16
204,65,-58
204,66,30
204,67,65
204,68,66
204,69,97
204,70,-56
204,71,-55
204,72,14
204,73,3
204,74,-88
204,75,-49
204,76,-92
204,77,84
204,78,-32
204,79,-58
204,80,-94
204,81,-57
204,82,71
204,83,1
204,84,-33
204,85,21
204,86,-24
204,87,-57
204,88,-61
204,89,70
204,90,-39
204,91,70
204,92,46
204,93,-52
204,94,92
204,95,-24
204,96,52
204,97,-60
204,98,-78
204,99,85
204,100,-58
204,101,4
204,102,12
204,103,67
204,104,57
204,105,61
204,106,9
204,107,37
204,108,4
204,109,-41
204,110,28
204,111,39
204,112,73
204,113,-8
204,114,-26
204,115,44
204,116,-43
204,117,-63
204,118,-95
204,119,89
204,120,37
204,121,-75
204,122,-43
204,123,-84
204,124,-48
204,125,-96
204,126,-34
204,127,6
204,128,47
204,129,78
204,130,73
204,131,-34
204,132,30
204,133,50
204,134,36
204,135,38
204,136,74
204,137,76
204,138,71
204,139,12
204,140,40
204,141,35
204,142,90
204,143,-79
204,144,-63
204,145,-74
204,146,-75
204,147,-78
204,148,19
204,149,2
204,150,-36
204,151,-27
204,152,-54
204,153,-40
204,154,73
204,155,31
204,156,58
204,157,-97
204,158,-72
204,159,-28
204,160,-22
204,161,-57
204,162,-98
204,163,86
204,164,-22
204,165,20
204,166,80
204,167,38
204,168,33
204,169,-54
204,170,-94
204,171,14
204,172,9
204,173,-33
204,174,-100
204,175,83
204,176,-24
204,177,-58
204,178,55
204,179,56
204,180,-83
204,181,-14
204,182,-28
204,183,89
204,184,6
204,185,-95
204,186,43
204,187,28
204,188,-79
204,189,-55
204,190,89
204,191,50
204,192,48
204,193,-50
204,194,27
204,195,-6
204,196,-63
204,197,55
204,198,-57
204,199,-10
204,200,66
204,201,69
204,202,-59
204,203,-41
204,204,25
204,205,-44
204,206,-24
204,207,-5
204,208,-94
204,209,-50
204,210,10
204,211,-69
204,212,-94
204,213,-25
204,214,67
204,215,42
204,216,-42
204,217,12
204,218,-16
204,219,39
204,220,-24
204,221,69
204,222,-62
204,223,-38
204,224,29
204,225,-72
204,226,-40
204,227,-72
204,228,-63
204,229,-94
204,230,-71
204,231,14
204,232,83
204,233,63
204,234,69
204,235,-97
204,236,-96
204,237,-55
204,238,-26
204,239,29
204,240,4
204,241,-47
204,242,7
204,243,-42
204,244,-68
204,245,-79
204,246,-54
204,247,33
204,248,-77
204,249,76
204,250,16
204,251,25
204,252,-50
204,253,17
204,254,-60
204,255,-34
204,256,-12
204,257,-9
204,258,20
204,259,-20
204,260,29
204,261,-10
204,262,-1
204,263,-23
204,264,-58
204,265,22
204,266,-69
204,267,39
204,268,-78
204,269,43
204,270,71
204,271,-99
204,272,-94
204,273,-80
204,274,85
204,275,-6
204,276,50
204,277,25
204,278,87
204,279,20
204,280,-76
204,281,-66
204,282,72
204,283,34
204,284,96
204,285,-69
204,286,-48
204,287,-32
204,288,-76
204,289,-6
204,290,-15
204,291,1
204,292,-24
204,293,29
204,294,-15
204,295,-40
204,296,36
204,297,-50
204,298,-99
204,299,72
205,0,-69
205,1,99
205,2,-21
205,3,-4
205,4,-26
205,5,59
205,6,-93
205,7,-16
205,8,20
205,9,-81
205,10,92
205,11,48
205,12,-94
205,13,20
205,14,21
205,15,36
205,16,-15
205,17,29
205,18,46
205,19,-41
205,20,97
205,21,86
205,22,-32
205,23,-56
205,24,-39
205,25,37
205,26,22
205,27,92
205,28,-75
205,29,87
205,30,-83
205,31,-42
205,32,48
205,33,-55
205,34,-89
205,35,12
205,36,59
205,37,66
205,38,82
205,39,-46
205,40,-91
205,41,-66
205,42,-21
205,43,-95
205,44,26
205,45,-33
205,46,89
205,47,-92
205,48,56
205,49,-30
205,50,33
205,51,-57
205,52,-37
205,53,-34
205,54,-57
205,55,15
205,56,41
205,57,36
205,58,50
205,59,-44
205,60,-44
205,61,42
205,62,91
205,63,-94
205,64,47
205,65,91
205,66,-82
205,67,33
205,68,78
205,69,-62
205,70,92
205,71,-30
205,72,-76
205,73,1
205,74,50
205,75,85
205,76,-90
205,77,61
205,78,-70
205,79,65
205,80,17
205,81,13
205,82,73
205,83,39
205,84,-92
205,85,40
205,86,91
205,87,-81
205,88,-42
205,89,-16
205,90,49
205,91,-36
205,92,-41
205,93,24
205,94,-60
205,95,-20
205,96,72
205,97,-97
205,98,-31
205,99,72
205,100,85
205,101,-18
205,102,-7
205,103,50
205,104,59
205,105,-38
205,106,-93
205,107,19
205,108,-16
205,109,-10
205,110,52
205,111,60
205,112,93
205,113,15
205,114,5
205,115,43
205,116,82
205,117,63
205,118,-29
205,119,-21
205,120,-94
205,121,-32
205,122,-14
205,123,-93
205,124,30
205,125,62
205,126,13
205,127,-65
205,128,-1
205,129,-22
205,130,-71
205,131,-86
205,132,95
205,133,-14
205,134,-43
205,135,55
205,136,69
205,137,-4
205,138,45
205,139,32
205,140,36
205,141,1
205,142,14
205,143,36
205,144,-83
205,145,83
205,146,42
205,147,-23
205,148,-39
205,149,62
205,150,-61
205,151,78
205,152,23
205,153,-41
205,154,-45
205,155,-17
205,156,-60
205,157,81
205,158,-84
205,159,4
205,160,-76
205,161,25
205,162,-8
205,163,36
205,164,83
205,165,50
205,166,17
205,167,-99
205,168,-56
205,169,18
205,170,92
205,171,65
205,172,33
205,173,75
205,174,71
205,175,-94
205,176,-35
205,177,89
205,178,57
205,179,-25
205,180,-49
205,181,-7
205,182,-65
205,183,-66
205,184,-35
205,185,77
205,186,30
205,187,5
205,188,-25
205,189,-97
205,190,-46
205,191,79
205,192,86
205,193,98
205,194,-81
205,195,-82
205,196,35
205,197,94
205,198,-74
205,199,35
205,200,-83
205,201,-72
205,202,-55
205,203,63
205,204,30
205,205,36
205,206,37
205,207,-17
205,208,93
205,209,-100
205,210,31
205,211,75
205,212,0
205,213,-5
205,214,-83
205,215,-23
205,216,-56
205,217,11
205,218,-86
205,219,78
205,220,88
205,221,-97
205,222,46
205,223,-13
205,224,-7
205,225,-24
205,226,38
205,227,-73
205,228,84
205,229,-26
205,230,-47
205,231,-36
205,232,-54
205,233,17
205,234,-97
205,235,-67
205,236,-25
205,237,81
205,238,-40
205,239,0
205,240,-8
205,241,1
205,242,12
205,243,-18
205,244,47
205,245,30
205,246,-61
205,247,96
205,248,50
205,249,-32
205,250,-69
205,251,-77
205,252,12
205,253,78
205,254,14
205,255,85
205,256,69
205,257,-66
205,258,-69
205,259,81
205,260,-56
205,261,75
205,262,7
205,263,-15
205,264,76
205,265,-67
205,266,43
205,267,-90
205,268,46
205,269,-9
205,270,56
205,271,-47
205,272,80
205,273,94
205,274,-25
205,275,59
205,276,-1
205,277,15
205,278,23
205,279,-18
205,280,-45
205,281,-38
205,282,31
205,283,38
205,284,30
205,285,54
205,286,10
205,287,71
205,288,45
205,289,57
205,290,-31
205,291,74
205,292,-67
205,293,18
205,294,-25
205,295,-59
205,296,-78
205,297,-61
205,298,-86
205,299,14
206,0,-44
206,1,10
206,2,41
206,3,39
206,4,6
206,5,16
206,6,-66
206,7,52
206,8,-23
206,9,-99
206,10,-83
206,11,-66
206,12,-92
206,13,38
206,14,-34
206,15,-32
206,16,4
206,17,-63
206,18,-31
206,19,-20
206,20,86
206,21,-35
206,22,-60
206,23,-77
206,24,77
206,25,-96
206,26,-80
206,27,-95
206,28,31
206,29,-92
206,30,-32
206,31,-33
206,32,25
206,33,36
206,34,45
206,35,-42
206,36,70
206,37,-21
206,38,93
206,39,-72
206,40,75
206,41,-50
206,42,69
206,43,-65
206,44,-25
206,45,4
206,46,-56
206,47,0
206,48,62
206,49,3
206,50,-95
206,51,64
206,52,-65
206,53,43
206,54,99
206,55,-79
206,56,-32
206,57,-32
206,58,-38
206,59,-26
206,60,6
206,61,-82
206,62,1
206,63,25
206,64,26
206,65,45
206,66,13
206,67,-28
206,68,13
206,69,44
206,70,-60
206,71,60
206,72,82
206,73,-19
206,74,51
206,75,-24
206,76,67
206,77,-73
206,78,9
206,79,94
206,80,66
206,81,-80
206,82,64
206,83,29
206,84,-95
206,85,-49
206,86,-96
206,87,74
206,88,-58
206,89,-5
206,90,0
206,91,13
206,92,-61
206,93,38
206,94,41
206,95,-99
206,96,66
206,97,90
206,98,-38
206,99,18
206,100,45
206,101,-7
206,102,-22
206,103,28
206,104,44
206,105,-47
206,106,21
206,107,23
206,108,66
206,109,75
206,110,-35
206,111,42
206,112,-79
206,113,-81
206,114,-8
206,115,70
206,116,83
206,117,51
206,118,-58
206,119,-80
206,120,-53
206,121,-35
206,122,14
206,123,-85
206,124,67
206,125,-80
206,126,79
206,127,0
206,128,-93
206,129,9
206,130,82
206,131,-15
206,132,-43
206,133,-96
206,134,69
206,135,10
206,136,8
206,137,-71
206,138,-6
206,139,-92
206,140,-6
206,141,-6
206,142,-60
206,143,-50
206,144,84
206,145,-40
206,146,-95
206,147,18
206,148,-75
206,149,-95
206,150,-48
206,151,-40
206,152,60
206,153,72
206,154,-7
206,155,-61
206,156,-77
206,157,-9
206,158,-56
206,159,-63
206,160,56
206,161,7
206,162,35
206,163,-37
206,164,-14
206,165,6
206,166,-50
206,167,-95
206,168,74
206,169,76
206,170,-16
206,171,59
206,172,81
206,173,-65
206,174,-12
206,175,-2
206,176,46
206,177,-64
206,178,-84
206,179,-85
206,180,85
206,181,71
206,182,95
206,183,-52
206,184,-7
206,185,-50
206,186,-96
206,187,-4
206,188,85
206,189,73
206,190,82
206,191,-28
206,192,44
206,193,39
206,194,51
206,195,-45
206,196,82
206,197,21
206,198,25
206,199,-22
206,200,-85
206,201,25
206,202,-14
206,203,-79
206,204,9
206,205,71
206,206,-6
206,207,-58
206,208,-22
206,209,-80
206,210,22
206,211,-93
206,212,-52
206,213,24
206,214,5
206,215,33
206,216,-20
206,217,3
206,218,8
206,219,74
206,220,63
206,221,24
206,222,-9
206,223,20
206,224,10
206,225,-78
206,226,58
206,227,9
206,228,-26
206,229,-39
206,230,-5
206,231,-44
206,232,1
206,233,-31
206,234,-36
206,235,-64
206,236,-33
206,237,-26
206,238,-84
206,239,34
206,240,-49
206,241,62
206,242,29
206,243,67
206,244,-64
206,245,-44
206,246,0
206,247,-91
206,248,-20
206,249,73
206,250,-11
206,251,32
206,252,32
206,253,19
206,254,1
206,255,-74
206,256,-96
206,257,-40
206,258,35
206,259,58
206,260,-4
206,261,48
206,262,-80
206,263,-50
206,264,-22
206,265,-42
206,266,-99
206,267,57
206,268,-43
206,269,-81
206,270,67
206,271,56
206,272,32
206,273,-12
206,274,37
206,275,88
206,276,4
206,277,11
206,278,28
206,279,74
206,280,-3
206,281,84
206,282,-87
206,283,52
206,284,-80
206,285,-85
206,286,59
206,287,72
206,288,-37
206,289,-17
206,290,-28
206,291,-41
206,292,-3
206,293,46
206,294,-54
206,295,91
206,296,57
206,297,-54
206,298,-68
206,299,-80
207,0,-6
207,1,-38
207,2,-59
207,3,88
207,4,4
207,5,25
207,6,14
207,7,-58
207,8,-33
207,9,-75
207,10,60
207,11,7
207,12,-68
207,13,-52
207,14,-17
207,15,-60
207,16,99
207,17,-65
207,18,99
207,19,-6
207,20,18
207,21,49
207,22,74
207,23,-18
207,24,-81
207,25,-14
207,26,51
207,27,25
207,28,70
207,29,-1
207,30,-28
207,31,-85
207,32,-74
207,33,-56
207,34,64
207,35,-88
207,36,78
207,37,-99
207,38,-25
207,39,4
207,40,-4
207,41,-14
207,42,-42
207,43,-87
207,44,2
207,45,76
207,46,-71
207,47,9
207,48,-3
207,49,-92
207,50,-77
207,51,11
207,52,-60
207,53,87
207,54,-69
207,55,74
207,56,-80
207,57,69
207,58,-31
207,59,10
207,60,-12
207,61,-99
207,62,58
207,63,-45
207,64,57
207,65,90
207,66,-86
207,67,-83
207,68,-69
207,69,-87
207,70,89
207,71,-49
207,72,-79
207,73,-87
207,74,-67
207,75,-15
207,76,-45
207,77,80
207,78,76
207,79,-38
207,80,43
207,81,-21
207,82,-61
207,83,-63
207,84,45
207,85,-78
207,86,9
207,87,-53
207,88,-19
207,89,73
207,90,12
207,91,-79
207,92,24
207,93,-47
207,94,-61
207,95,-71
207,96,82
207,97,83
207,98,-59
207,99,69
207,100,89
207,101,26
207,102,80
207,103,-19
207,104,-48
207,105,91
207,106,-100
207,107,5
207,108,96
207,109,-74
207,110,-84
207,111,-38
207,112,27
207,113,68
207,114,20
207,115,85
207,116,21
207,117,84
207,118,26
207,119,65
207,120,21
207,121,-35
207,122,72
207,123,-78
207,124,47
207,125,-65
207,126,69
207,127,49
207,128,87
207,129,-90
207,130,-73
207,131,-56
207,132,23
207,133,21
207,134,49
207,135,-20
207,136,90
207,137,58
207,138,-90
207,139,-65
207,140,-23
207,141,-66
207,142,26
207,143,50
207,144,-72
207,145,50
207,146,23
207,147,-85
207,148,2
207,149,-17
207,150,46
207,151,-5
207,152,90
207,153,-51
207,154,-58
207,155,-82
207,156,12
207,157,20
207,158,-83
207,159,33
207,160,-66
207,161,-87
207,162,-37
207,163,36
207,164,62
207,165,-99
207,166,-95
207,167,-2
207,168,20
207,169,52
207,170,-28
207,171,77
207,172,34
207,173,-38
207,174,55
207,175,-99
207,176,-36
207,177,0
207,178,86
207,179,51
207,180,89
207,181,98
207,182,-63
207,183,-39
207,184,92
207,185,18
207,186,78
207,187,-49
207,188,9
207,189,-27
207,190,-3
207,191,-38
207,192,38
207,193,-53
207,194,0
207,195,81
207,196,77
207,197,-27
207,198,-63
207,199,35
207,200,-95
207,201,-33
207,202,96
207,203,33
207,204,10
207,205,-69
207,206,-63
207,207,14
207,208,84
207,209,8
207,210,-37
207,211,-47
207,212,12
207,213,-87
207,214,-37
207,215,77
207,216,74
207,217,-47
207,218,-82
207,219,66
207,220,92
207,221,25
207,222,-41
207,223,60
207,224,-69
207,225,-65
207,226,51
207,227,70
207,228,98
207,229,98
207,230,-55
207,231,74
207,232,96
207,233,-87
207,234,72
207,235,79
207,236,17
207,237,-51
207,238,-36
207,239,-24
207,240,-37
207,241,-78
207,242,24
207,243,-17
207,244,98
207,245,-31
207,246,86
207,247,-28
207,248,-9
207,249,-27
207,250,81
207,251,98
207,252,53
207,253,-57
207,254,-25
207,255,40
207,256,81
207,257,18
207,258,-61
207,259,-97
207,260,80
207,261,28
207,262,-95
207,263,-46
207,264,-35
207,265,17
207,266,45
207,267,-72
207,268,-48
207,269,60
207,270,30
207,271,47
207,272,31
207,273,-19
207,274,35
207,275,4
207,276,-15
207,277,-18
207,278,55
207,279,93
207,280,-28
207,281,-2
207,282,-75
207,283,-67
207,284,-30
207,285,-7
207,286,76
207,287,-12
207,288,76
207,289,-74
207,290,92
207,291,-68
207,292,-29
207,293,-52
207,294,-38
207,295,59
207,296,-82
207,297,77
207,298,-79
207,299,-11
208,0,-34
208,1,36
208,2,62
208,3,-30
208,4,-22
208,5,31
208,6,-64
208,7,-73
208,8,36
208,9,-66
208,10,11
208,11,52
208,12,-92
208,13,88
208,14,-49
208,15,44
208,16,-92
208,17,-47
208,18,32
208,19,90
208,20,23
208,21,74
208,22,8
208,23,46
208,24,-35
208,25,-56
208,26,-30
208,27,5
208,28,-68
208,29,17
208,30,-21
208,31,70
208,32,-13
208,33,99
208,34,-7
208,35,53
208,36,-56
208,37,-66
208,38,-20
208,39,80
208,40,1
208,41,-91
208,42,-60
208,43,13
208,44,25
208,45,-84
208,46,26
208,47,-30
208,48,93
208,49,-90
208,50,-38
208,51,94
208,52,73
208,53,-81
208,54,40
208,55,-84
208,56,59
208,57,-3
208,58,-16
208,59,-85
208,60,-78
208,61,38
208,62,23
208,63,41
208,64,94
208,65,-30
208,66,72
208,67,-68
208,68,-56
208,69,81
208,70,-50
208,71,14
208,72,23
208,73,-14
208,74,50
208,75,-72
208,76,-95
208,77,66
208,78,32
208,79,-5
208,80,67
208,81,-11
208,82,-19
208,83,-80
208,84,-42
208,85,47
208,86,-77
208,87,30
208,88,-15
208,89,-29
208,90,9
208,91,-44
208,92,9
208,93,-8
208,94,-30
208,95,-31
208,96,-31
208,97,-25
208,98,90
208,99,-54
208,100,-12
208,101,-82
208,102,40
208,103,-56
208,104,59
208,105,57
208,106,-16
208,107,25
208,108,69
208,109,8
208,110,7
208,111,-29
208,112,69
208,113,34
208,114,30
208,115,-64
208,116,-98
208,117,45
208,118,23
208,119,69
208,120,36
208,121,84
208,122,51
208,123,-94
208,124,-4
208,125,69
208,126,-3
208,127,1
208,128,85
208,129,1
208,130,-45
208,131,85
208,132,45
208,133,66
208,134,-51
208,135,60
208,136,-73
208,137,83
208,138,-76
208,139,41
208,140,82
208,141,-17
208,142,34
208,143,31
208,144,57
208,145,-39
208,146,84
208,147,64
208,148,82
208,149,-16
208,150,-36
208,151,-49
208,152,-98
208,153,-24
208,154,34
208,155,-31
208,156,-31
208,157,61
208,158,-5
208,159,-85
208,160,35
208,161,48
208,162,20
208,163,-90
208,164,-51
208,165,-14
208,166,-95
208,167,9
208,168,42
208,169,38
208,170,54
208,171,72
208,172,65
208,173,-97
208,174,72
208,175,37
208,176,20
208,177,81
208,178,56
208,179,39
208,180,83
208,181,67
208,182,-17
208,183,64
208,184,93
208,185,-81
208,186,-89
208,187,-63
208,188,57
208,189,-54
208,190,-19
208,191,-27
208,192,98
208,193,-59
208,194,-96
208,195,75
208,196,14
208,197,26
208,198,-2
208,199,2
208,200,78
208,201,39
208,202,37
208,203,-64
208,204,24
208,205,-35
208,206,-34
208,207,-87
208,208,-54
208,209,47
208,210,8
208,211,12
208,212,79
208,213,-33
208,214,14
208,215,-75
208,216,-54
208,217,-28
208,218,-98
208,219,29
208,220,68
208,221,-71
208,222,64
208,223,-98
208,224,-92
208,225,-93
208,226,-92
208,227,19
208,228,44
208,229,51
208,230,99
208,231,41
208,232,81
208,233,-21
208,234,-83
208,235,66
208,236,15
208,237,74
208,238,-74
208,239,-9
208,240,-30
208,241,-67
208,242,2
208,243,46
208,244,33
208,245,57
208,246,-9
208,247,39
208,248,42
208,249,8
208,250,66
208,251,2
208,252,-37
208,253,-37
208,254,-86
208,255,85
208,256,-1
208,257,-34
208,258,-100
208,259,-94
208,260,36
208,261,-100
208,262,-96
208,263,-54
208,264,-1
208,265,-91
208,266,-99
208,267,-78
208,268,2
208,269,83
208,270,46
208,271,65
208,272,-54
208,273,-17
208,274,79
208,275,-52
208,276,98
208,277,50
208,278,-51
208,279,-84
208,280,-53
208,281,20
208,282,-99
208,283,96
208,284,89
208,285,-16
208,286,-88
208,287,-40
208,288,-90
208,289,-4
208,290,-74
208,291,-66
208,292,-83
208,293,-33
208,294,88
208,295,-60
208,296,-5
208,297,70
208,298,76
208,299,38
209,0,-34
209,1,78
209,2,-49
209,3,18
209,4,-16
209,5,70
209,6,85
209,7,-31
209,8,56
209,9,58
209,10,-73
209,11,6
209,12,77
209,13,-65
209,14,-9
209,15,46
209,16,94
209,17,-89
209,18,-25
209,19,-77
209,20,-36
209,21,-9
209,22,-21
209,23,48
209,24,-3
209,25,-75
209,26,17
209,27,62
209,28,-21
209,29,-43
209,30,69
209,31,56
209,32,56
209,33,36
209,34,-23
209,35,20
209,36,-29
209,37,-99
209,38,-99
209,39,10
209,40,45
209,41,-32
209,42,21
209,43,84
209,44,98
209,45,50
209,46,-82
209,47,-82
209,48,85
209,49,11
209,50,76
209,51,72
209,52,-73
209,53,-26
209,54,-51
209,55,38
209,56,-46
209,57,36
209,58,41
209,59,12
209,60,48
209,61,-53
209,62,-43
209,63,96
209,64,36
209,65,94
209,66,-83
209,67,-89
209,68,23
209,69,-85
209,70,64
209,71,47
209,72,-81
209,73,42
209,74,-76
209,75,44
209,76,-89
209,77,8
209,78,69
209,79,-62
209,80,83
209,81,80
209,82,-30
209,83,99
209,84,-54
209,85,-76
209,86,77
209,87,17
209,88,-68
209,89,-72
209,90,-98
209,91,-62
209,92,-97
209,93,64
209,94,-6
209,95,33
209,96,37
209,97,-89
209,98,17
209,99,-35
209,100,30
209,101,92
209,102,-37
209,103,-66
209,104,51
209,105,74
209,106,11
209,107,-49
209,108,-67
209,109,-17
209,110,-21
209,111,10
209,112,52
209,113,96
209,114,56
209,115,-9
209,116,91
209,117,80
209,118,85
209,119,-60
209,120,-14
209,121,-50
209,122,25
209,123,45
209,124,-60
209,125,-2
209,126,88
209,127,6
209,128,-77
209,129,-54
209,130,-73
209,131,-65
209,132,-80
209,133,83
209,134,-32
209,135,53
209,136,81
209,137,-57
209,138,60
209,139,53
209,140,20
209,141,49
209,142,47
209,143,-99
209,144,-60
209,145,-47
209,146,84
209,147,45
209,148,32
209,149,-55
209,150,-26
209,151,48
209,152,49
209,153,-98
209,154,-92
209,155,-99
209,156,-73
209,157,-67
209,158,80
209,159,-42
209,160,-91
209,161,-18
209,162,-8
209,163,-99
209,164,-53
209,165,33
209,166,-57
209,167,81
209,168,98
209,169,-65
209,170,35
209,171,-18
209,172,-91
209,173,60
209,174,1
209,175,-8
209,176,-82
209,177,-83
209,178,14
209,179,78
209,180,-78
209,181,28
209,182,-42
209,183,6
209,184,30
209,185,-91
209,186,22
209,187,98
209,188,-52
209,189,-45
209,190,-11
209,191,43
209,192,-62
209,193,8
209,194,-5
209,195,-57
209,196,-93
209,197,35
209,198,-56
209,199,38
209,200,-4
209,201,52
209,202,-84
209,203,-18
209,204,82
209,205,-22
209,206,-45
209,207,-57
209,208,-48
209,209,62
209,210,-62
209,211,29
209,212,-3
209,213,-76
209,214,65
209,215,95
209,216,-21
209,217,-69
209,218,-22
209,219,-23
209,220,68
209,221,-22
209,222,-30
209,223,-94
209,224,99
209,225,-83
209,226,-84
209,227,16
209,228,3
209,229,-24
209,230,-42
209,231,-90
209,232,24
209,233,-50
209,234,-94
209,235,54
209,236,86
209,237,-64
209,238,-96
209,239,-39
209,240,99
209,241,-27
209,242,-11
209,243,-22
209,244,-46
209,245,43
209,246,-9
209,247,-27
209,248,-45
209,249,78
209,250,95
209,251,73
209,252,-40
209,253,3
209,254,16
209,255,-23
209,256,-68
209,257,-46
209,258,-83
209,259,39
209,260,-27
209,261,-80
209,262,-4
209,263,53
209,264,48
209,265,49
209,266,82
209,267,-55
209,268,-60
209,269,-96
209,270,-57
209,271,43
209,272,62
209,273,-96
209,274,-39
209,275,-11
209,276,-75
209,277,-40
209,278,78
209,279,-32
209,280,83
209,281,-51
209,282,24
209,283,-65
209,284,51
209,285,-71
209,286,-32
209,287,75
209,288,-79
209,289,-68
209,290,-32
209,291,-5
209,292,-51
209,293,-78
209,294,37
209,295,63
209,296,13
209,297,-84
209,298,80
209,299,-10
210,0,35
210,1,71
210,2,88
210,3,21
210,4,33
210,5,-30
210,6,-11
210,7,64
210,8,-47
210,9,-78
210,10,84
210,11,-50
210,12,-43
210,13,46
210,14,54
210,15,-76
210,16,48
210,17,22
210,18,-76
210,19,24
210,20,78
210,21,-30
210,22,-66
210,23,-31
210,24,3
210,25,77
210,26,42
210,27,51
210,28,-52
210,29,-33
210,30,-94
210,31,-7
210,32,27
210,33,-20
210,34,81
210,35,-63
210,36,-7
210,37,-56
210,38,2
210,39,36
210,40,-46
210,41,-49
210,42,10
210,43,-52
210,44,82
210,45,-31
210,46,10
210,47,30
210,48,-33
210,49,0
210,50,-63
210,51,97
210,52,-52
210,53,-9
210,54,-93
210,55,15
210,56,-6
210,57,72
210,58,-72
210,59,-22
210,60,76
210,61,-77
210,62,48
210,63,12
210,64,-78
210,65,-6
210,66,55
210,67,59
210,68,49
210,69,89
210,70,-34
210,71,17
210,72,-28
210,73,-95
210,74,-36
210,75,-79
210,76,78
210,77,95
210,78,8
210,79,15
210,80,84
210,81,99
210,82,-46
210,83,69
210,84,79
210,85,88
210,86,-82
210,87,7
210,88,28
210,89,68
210,90,90
210,91,-53
210,92,59
210,93,77
210,94,41
210,95,-84
210,96,-5
210,97,-71
210,98,20
210,99,10
210,100,78
210,101,-3
210,102,89
210,103,51
210,104,19
210,105,90
210,106,41
210,107,-67
210,108,86
210,109,10
210,110,92
210,111,-15
210,112,60
210,113,7
210,114,17
210,115,10
210,116,-43
210,117,-83
210,118,10
210,119,2
210,120,39
210,121,93
210,122,29
210,123,97
210,124,-73
210,125,19
210,126,22
210,127,-59
210,128,-98
210,129,75
210,130,-14
210,131,40
210,132,-44
210,133,30
210,134,13
210,135,90
210,136,-63
210,137,-42
210,138,-73
210,139,-75
210,140,-17
210,141,-10
210,142,-36
210,143,-27
210,144,-40
210,145,84
210,146,-100
210,147,59
210,148,-69
210,149,54
210,150,40
210,151,-84
210,152,55
210,153,-12
210,154,-49
210,155,13
210,156,63
210,157,-54
210,158,93
210,159,59
210,160,-69
210,161,97
210,162,-6
210,163,22
210,164,82
210,165,6
210,166,27
210,167,-21
210,168,-12
210,169,-61
210,170,-73
210,171,-20
210,172,-70
210,173,18
210,174,-14
210,175,-70
210,176,53
210,177,-97
210,178,6
210,179,6
210,180,6
210,181,85
210,182,16
210,183,-22
210,184,-78
210,185,96
210,186,4
210,187,87
210,188,70
210,189,53
210,190,94
210,191,15
210,192,95
210,193,-46
210,194,74
210,195,86
210,196,43
210,197,-43
210,198,6
210,199,-100
210,200,26
210,201,72
210,202,-7
210,203,33
210,204,-49
210,205,-82
210,206,1
210,207,70
210,208,-82
210,209,-62
210,210,7
210,211,59
210,212,-36
210,213,-54
210,214,40
210,215,-27
210,216,63
210,217,97
210,218,54
210,219,-29
210,220,51
210,221,47
210,222,-15
210,223,-92
210,224,19
210,225,66
210,226,13
210,227,-100
210,228,-90
210,229,4
210,230,-100
210,231,-20
210,232,22
210,233,71
210,234,-50
210,235,-84
210,236,2
210,237,6
210,238,19
210,239,93
210,240,11
210,241,-78
210,242,68
210,243,25
210,244,-42
210,245,5
210,246,-7
210,247,-76
210,248,44
210,249,9
210,250,-82
210,251,-19
210,252,-55
210,253,-66
210,254,-78
210,255,8
210,256,-57
210,257,-92
210,258,59
210,259,-11
210,260,-8
210,261,86
210,262,-59
210,263,89
210,264,46
210,265,-8
210,266,16
210,267,26
210,268,-66
210,269,35
210,270,10
210,271,-58
210,272,-56
210,273,33
210,274,-88
210,275,-90
210,276,1
210,277,97
210,278,96
210,279,34
210,280,-46
210,281,82
210,282,-82
210,283,6
210,284,-95
210,285,-92
210,286,47
210,287,-76
210,288,-51
210,289,-29
210,290,77
210,291,65
210,292,-35
210,293,-44
210,294,-79
210,295,-45
210,296,-65
210,297,78
210,298,-33
210,299,-100
211,0,-53
211,1,60
211,2,51
211,3,76
211,4,96
211,5,-43
211,6,-53
211,7,84
211,8,91
211,9,-2
211,10,80
211,11,87
211,12,25
211,13,13
211,14,-11
211,15,12
211,16,70
211,17,68
211,18,6
211,19,53
211,20,86
211,21,4
211,22,76
211,23,91
211,24,32
211,25,71
211,26,-83
211,27,84
211,28,11
211,29,-61
211,30,1
211,31,12
211,32,73
211,33,-43
211,34,-16
211,35,51
211,36,55
211,37,-55
211,38,95
211,39,-29
211,40,81
211,41,-68
211,42,-34
211,43,12
211,44,-17
211,45,62
211,46,-62
211,47,74
211,48,-30
211,49,-96
211,50,64
211,51,-100
211,52,24
211,53,83
211,54,34
211,55,12
211,56,91
211,57,-93
211,58,7
211,59,25
211,60,25
211,61,91
211,62,84
211,63,-73
211,64,53
211,65,-67
211,66,-5
211,67,-79
211,68,23
211,69,47
211,70,41
211,71,50
211,72,-34
211,73,46
211,74,-23
211,75,-62
211,76,64
211,77,-2
211,78,28
211,79,-82
211,80,-86
211,81,-100
211,82,-70
211,83,79
211,84,70
211,85,73
211,86,-15
211,87,-51
211,88,-81
211,89,4
211,90,89
211,91,-58
211,92,-96
211,93,-35
211,94,39
211,95,27
211,96,84
211,97,87
211,98,82
211,99,-30
211,100,-35
211,101,99
211,102,-28
211,103,54
211,104,55
211,105,64
211,106,-22
211,107,-82
211,108,78
211,109,-88
211,110,-56
211,111,-95
211,112,28
211,113,5
211,114,20
211,115,-76
211,116,53
211,117,40
211,118,-82
211,119,37
211,120,72
211,121,-30
211,122,-86
211,123,6
211,124,58
211,125,25
211,126,35
211,127,-71
211,128,-3
211,129,-4
211,130,-100
211,131,-85
211,132,13
211,133,-90
211,134,54
211,135,-15
211,136,67
211,137,71
211,138,-31
211,139,19
211,140,84
211,141,75
211,142,67
211,143,-62
211,144,30
211,145,82
211,146,-100
211,147,-78
211,148,94
211,149,89
211,150,14
211,151,61
211,152,44
211,153,-53
211,154,-10
211,155,-48
211,156,-40
211,157,2
211,158,1
211,159,38
211,160,42
211,161,-11
211,162,17
211,163,38
211,164,34
211,165,-54
211,166,35
211,167,-96
211,168,-14
211,169,93
211,170,-10
211,171,-38
211,172,-80
211,173,98
211,174,18
211,175,20
211,176,1
211,177,-11
211,178,39
211,179,11
211,180,38
211,181,81
211,182,37
211,183,18
211,184,-85
211,185,42
211,186,85
211,187,18
211,188,-17
211,189,31
211,190,-79
211,191,62
211,192,41
211,193,-7
211,194,-70
211,195,-31
211,196,-10
211,197,27
211,198,-90
211,199,-65
211,200,-21
211,201,-77
211,202,67
211,203,12
211,204,-59
211,205,-80
211,206,-5
211,207,-50
211,208,-20
211,209,-46
211,210,23
211,211,31
211,212,-39
211,213,-14
211,214,52
211,215,97
211,216,41
211,217,-60
211,218,84
211,219,65
211,220,89
211,221,-60
211,222,-56
211,223,25
211,224,-5
211,225,43
211,226,-82
211,227,-64
211,228,-16
211,229,88
211,230,-75
211,231,-7
211,232,3
211,233,91
211,234,24
211,235,40
211,236,-10
211,237,-14
211,238,61
211,239,22
211,240,-3
211,241,-78
211,242,7
211,243,47
211,244,-47
211,245,85
211,246,-42
211,247,47
211,248,-62
211,249,-23
211,250,-10
211,251,59
211,252,68
211,253,-32
211,254,-33
211,255,-14
211,256,-80
211,257,51
211,258,43
211,259,-69
211,260,53
211,261,-98
211,262,-19
211,263,20
211,264,15
211,265,34
211,266,-13
211,267,43
211,268,-48
211,269,-97
211,270,72
211,271,-69
211,272,-18
211,273,1
211,274,-43
211,275,-88
211,276,49
211,277,-57
211,278,71
211,279,-71
211,280,50
211,281,-89
211,282,-87
211,283,-65
211,284,-56
211,285,99
211,286,-77
211,287,18
211,288,30
211,289,-23
211,290,78
211,291,82
211,292,-63
211,293,-9
211,294,-14
211,295,-81
211,296,-4
211,297,-99
211,298,53
211,299,-99
212,0,94
212,1,-59
212,2,-61
212,3,36
212,4,29
212,5,55
212,6,-98
212,7,-85
212,8,31
212,9,-78
212,10,1
212,11,-24
212,12,33
212,13,-46
212,14,35
212,15,-28
212,16,-3
212,17,-20
212,18,13
212,19,91
212,20,-34
212,21,-60
212,22,-61
212,23,2
212,24,54
212,25,-62
212,26,-48
212,27,-61
212,28,-49
212,29,-64
212,30,-34
212,31,46
212,32,61
212,33,-16
212,34,-35
212,35,37
212,36,-49
212,37,69
212,38,87
212,39,-99
212,40,28
212,41,77
212,42,63
212,43,-4
212,44,-79
212,45,12
212,46,-19
212,47,63
212,48,20
212,49,-98
212,50,71
212,51,17
212,52,43
212,53,38
212,54,-91
212,55,78
212,56,69
212,57,-76
212,58,19
212,59,-95
212,60,9
212,61,71
212,62,-93
212,63,61
212,64,-60
212,65,9
212,66,-100
212,67,30
212,68,-49
212,69,1
212,70,-24
212,71,70
212,72,-54
212,73,13
212,74,-18
212,75,-82
212,76,-31
212,77,-54
212,78,16
212,79,-23
212,80,-96
212,81,-37
212,82,6
212,83,72
212,84,91
212,85,72
212,86,-65
212,87,36
212,88,50
212,89,59
212,90,72
212,91,55
212,92,79
212,93,-90
212,94,46
212,95,-37
212,96,-36
212,97,-28
212,98,-44
212,99,-35
212,100,31
212,101,56
212,102,-97
212,103,23
212,104,28
212,105,-9
212,106,-83
212,107,40
212,108,-31
212,109,76
212,110,74
212,111,2
212,112,-15
212,113,-71
212,114,54
212,115,99
212,116,6
212,117,55
212,118,29
212,119,-81
212,120,-23
212,121,51
212,122,-24
212,123,-29
212,124,71
212,125,48
212,126,49
212,127,-28
212,128,85
212,129,5
212,130,27
212,131,6
212,132,-90
212,133,-21
212,134,80
212,135,-92
212,136,94
212,137,-1
212,138,-49
212,139,14
212,140,40
212,141,28
212,142,71
212,143,-26
212,144,51
212,145,32
212,146,93
212,147,47
212,148,91
212,149,42
212,150,-33
212,151,-47
212,152,-90
212,153,50
212,154,28
212,155,69
212,156,-54
212,157,14
212,158,95
212,159,-63
212,160,29
212,161,-56
212,162,54
212,163,-40
212,164,-19
212,165,-90
212,166,96
212,167,56
212,168,-76
212,169,-23
212,170,81
212,171,75
212,172,73
212,173,-60
212,174,-60
212,175,88
212,176,0
212,177,38
212,178,71
212,179,-69
212,180,-52
212,181,-95
212,182,-44
212,183,-95
212,184,-54
212,185,-38
212,186,76
212,187,49
212,188,-34
212,189,46
212,190,82
212,191,61
212,192,-60
212,193,4
212,194,-94
212,195,-44
212,196,-85
212,197,-42
212,198,65
212,199,36
212,200,-67
212,201,-55
212,202,64
212,203,-58
212,204,-54
212,205,33
212,206,65
212,207,11
212,208,22
212,209,-40
212,210,31
212,211,32
212,212,-31
212,213,-41
212,214,-13
212,215,-9
212,216,-24
212,217,5
212,218,83
212,219,-19
212,220,86
212,221,-94
212,222,95
212,223,-70
212,224,-16
212,225,-53
212,226,-59
212,227,-11
212,228,-71
212,229,16
212,230,25
212,231,-50
212,232,62
212,233,89
212,234,-50
212,235,19
212,236,8
212,237,77
212,238,57
212,239,46
212,240,-51
212,241,81
212,242,-18
212,243,-15
212,244,31
212,245,-89
212,246,42
212,247,42
212,248,37
212,249,17
212,250,-40
212,251,46
212,252,80
212,253,99
212,254,-44
212,255,-92
212,256,-72
212,257,-94
212,258,99
212,259,4
212,260,44
212,261,-22
212,262,43
212,263,98
212,264,5
212,265,-18
212,266,65
212,267,-12
212,268,-25
212,269,74
212,270,-91
212,271,51
212,272,-51
212,273,95
212,274,25
212,275,-58
212,276,64
212,277,72
212,278,-47
212,279,-58
212,280,95
212,281,-64
212,282,68
212,283,27
212,284,28
212,285,-8
212,286,-85
212,287,-64
212,288,64
212,289,34
212,290,-61
212,291,78
212,292,-37
212,293,13
212,294,-79
212,295,-58
212,296,-39
212,297,81
212,298,54
212,299,-72
213,0,-85
213,1,38
213,2,-80
213,3,36
213,4,-74
213,5,26
213,6,-15
213,7,6
213,8,50
213,9,-50
213,10,-21
213,11,30
213,12,43
213,13,35
213,14,-11
213,15,69
213,16,62
213,17,98
213,18,99
213,19,-53
213,20,-47
213,21,2
213,22,-65
213,23,-95
213,24,98
213,25,-89
213,26,2
213,27,86
213,28,-36
213,29,77
213,30,70
213,31,70
213,32,76
213,33,-12
213,34,82
213,35,-10
213,36,-14
213,37,77
213,38,-80
213,39,-13
213,40,-88
213,41,69
213,42,19
213,43,42
213,44,77
213,45,28
213,46,-50
213,47,61
213,48,-59
213,49,-39
213,50,-6
213,51,59
213,52,-1
213,53,-40
213,54,-8
213,55,81
213,56,85
213,57,51
213,58,54
213,59,-80
213,60,-83
213,61,-46
213,62,-33
213,63,-54
213,64,-47
213,65,-83
213,66,27
213,67,91
213,68,-52
213,69,-7
213,70,62
213,71,66
213,72,85
213,73,-44
213,74,-95
213,75,-23
213,76,-81
213,77,-51
213,78,-92
213,79,41
213,80,19
213,81,50
213,82,-53
213,83,-21
213,84,-45
213,85,20
213,86,-61
213,87,-4
213,88,96
213,89,66
213,90,-15
213,91,-58
213,92,21
213,93,58
213,94,-31
213,95,-1
213,96,30
213,97,31
213,98,54
213,99,-12
213,100,-74
213,101,4
213,102,-1
213,103,74
213,104,-41
213,105,-65
213,106,17
213,107,73
213,108,-40
213,109,69
213,110,-94
213,111,57
213,112,-51
213,113,15
213,114,74
213,115,67
213,116,27
213,117,-96
213,118,-31
213,119,85
213,120,71
213,121,98
213,122,-69
213,123,-22
213,124,14
213,125,-24
213,126,-27
213,127,67
213,128,-44
213,129,-90
213,130,67
213,131,3
213,132,74
213,133,29
213,134,79
213,135,17
213,136,19
213,137,99
213,138,-52
213,139,86
213,140,-63
213,141,-85
213,142,19
213,143,-13
213,144,18
213,145,-23
213,146,-74
213,147,-27
213,148,22
213,149,55
213,150,93
213,151,-56
213,152,60
213,153,27
213,154,-41
213,155,77
213,156,25
213,157,73
213,158,-66
213,159,-60
213,160,85
213,161,82
213,162,32
213,163,-96
213,164,49
213,165,-67
213,166,92
213,167,86
213,168,44
213,169,-50
213,170,76
213,171,36
213,172,24
213,173,42
213,174,8
213,175,56
213,176,80
213,177,52
213,178,-16
213,179,-73
213,180,50
213,181,2
213,182,-1
213,183,-98
213,184,-68
213,185,98
213,186,-32
213,187,-11
213,188,-84
213,189,-20
213,190,10
213,191,-34
213,192,-34
213,193,-67
213,194,-93
213,195,-56
213,196,-41
213,197,83
213,198,-31
213,199,0
213,200,8
213,201,49
213,202,60
213,203,77
213,204,98
213,205,11
213,206,73
213,207,-49
213,208,18
213,209,-27
213,210,-35
213,211,48
213,212,51
213,213,75
213,214,20
213,215,-88
213,216,-37
213,217,-96
213,218,45
213,219,15
213,220,-64
213,221,-47
213,222,-69
213,223,-73
213,224,-15
213,225,-56
213,226,-73
213,227,-36
213,228,-31
213,229,-59
213,230,60
213,231,-85
213,232,40
213,233,48
213,234,-42
213,235,-54
213,236,66
213,237,9
213,238,25
213,239,-58
213,240,54
213,241,8
213,242,64
213,243,13
213,244,-98
213,245,-25
213,246,-94
213,247,85
213,248,-81
213,249,-22
213,250,-36
213,251,14
213,252,41
213,253,-3
213,254,-52
213,255,-27
213,256,-64
213,257,33
213,258,-95
213,259,-73
213,260,1
213,261,20
213,262,40
213,263,-88
213,264,22
213,265,-91
213,266,-21
213,267,66
213,268,-2
213,269,50
213,270,-64
213,271,20
213,272,-93
213,273,87
213,274,-15
213,275,-96
213,276,21
213,277,-74
213,278,23
213,279,46
213,280,70
213,281,-58
213,282,-66
213,283,-46
213,284,-40
213,285,-54
213,286,1
213,287,-24
213,288,-45
213,289,-19
213,290,45
213,291,92
213,292,-48
213,293,-12
213,294,-16
213,295,38
213,296,11
213,297,28
213,298,-5
213,299,-93
214,0,46
214,1,82
214,2,-85
214,3,-35
214,4,-89
214,5,-8
214,6,-27
214,7,89
214,8,-15
214,9,-3
214,10,85
214,11,-80
214,12,-64
214,13,-96
214,14,97
214,15,59
214,16,-34
214,17,-91
214,18,96
214,19,-13
214,20,-17
214,21,-39
214,22,-64
214,23,74
214,24,-52
214,25,-77
214,26,-19
214,27,53
214,28,5
214,29,-46
214,30,-94
214,31,68
214,32,29
214,33,57
214,34,22
214,35,-81
214,36,-45
214,37,-77
214,38,7
214,39,39
214,40,-10
214,41,-86
214,42,-28
214,43,75
214,44,-40
214,45,98
214,46,-73
214,47,9
214,48,-98
214,49,-85
214,50,63
214,51,31
214,52,-92
214,53,9
214,54,-89
214,55,-27
214,56,-57
214,57,7
214,58,93
214,59,46
214,60,-88
214,61,82
214,62,-36
214,63,-9
214,64,3
214,65,97
214,66,15
214,67,30
214,68,8
214,69,52
214,70,20
214,71,7
214,72,79
214,73,-85
214,74,-58
214,75,-45
214,76,95
214,77,35
214,78,2
214,79,71
214,80,65
214,81,50
214,82,-95
214,83,-58
214,84,-57
214,85,17
214,86,-21
214,87,-78
214,88,43
214,89,-92
214,90,36
214,91,85
214,92,92
214,93,-42
214,94,50
214,95,-32
214,96,46
214,97,-66
214,98,-4
214,99,82
214,100,9
214,101,-61
214,102,41
214,103,-17
214,104,15
214,105,-88
214,106,-48
214,107,-21
214,108,-6
214,109,-62
214,110,-17
214,111,20
214,112,-36
214,113,83
214,114,-61
214,115,73
214,116,34
214,117,-56
214,118,-79
214,119,34
214,120,21
214,121,-49
214,122,-1
214,123,-33
214,124,97
214,125,-34
214,126,-98
214,127,-43
214,128,19
214,129,94
214,130,-1
214,131,81
214,132,-92
214,133,81
214,134,78
214,135,-85
214,136,-89
214,137,1
214,138,47
214,139,80
214,140,-70
214,141,-80
214,142,30
214,143,-80
214,144,-9
214,145,-73
214,146,32
214,147,-30
214,148,96
214,149,-28
214,150,74
214,151,47
214,152,65
214,153,15
214,154,64
214,155,-43
214,156,44
214,157,-59
214,158,-4
214,159,59
214,160,-39
214,161,-5
214,162,11
214,163,19
214,164,-14
214,165,48
214,166,60
214,167,94
214,168,33
214,169,12
214,170,-9
214,171,-35
214,172,-69
214,173,-37
214,174,53
214,175,89
214,176,-96
214,177,38
214,178,27
214,179,-27
214,180,76
214,181,-9
214,182,89
214,183,-41
214,184,-99
214,185,-12
214,186,86
214,187,6
214,188,14
214,189,-25
214,190,52
214,191,95
214,192,69
214,193,-25
214,194,98
214,195,82
214,196,65
214,197,70
214,198,97
214,199,80
214,200,27
214,201,-80
214,202,47
214,203,-82
214,204,60
214,205,-38
214,206,95
214,207,87
214,208,-82
214,209,12
214,210,55
214,211,-79
214,212,-50
214,213,-13
214,214,22
214,215,-38
214,216,-39
214,217,56
214,218,-27
214,219,-69
214,220,52
214,221,43
214,222,-86
214,223,86
214,224,-53
214,225,-83
214,226,-78
214,227,-46
214,228,-59
214,229,30
214,230,98
214,231,2
214,232,-49
214,233,-90
214,234,-46
214,235,-13
214,236,13
214,237,-76
214,238,-9
214,239,-14
214,240,-20
214,241,68
214,242,64
214,243,82
214,244,-92
214,245,-2
214,246,-65
214,247,-44
214,248,-38
214,249,-19
214,250,-81
214,251,-54
214,252,-81
214,253,-95
214,254,-28
214,255,6
214,256,-8
214,257,-72
214,258,-1
214,259,10
214,260,20
214,261,-52
214,262,7
214,263,33
214,264,-62
214,265,-69
214,266,76
214,267,-58
214,268,7
214,269,-73
214,270,-56
214,271,-36
214,272,-51
214,273,-47
214,274,-50
214,275,-58
214,276,-37
214,277,-71
214,278,69
214,279,65
214,280,-14
214,281,-35
214,282,-32
214,283,-86
214,284,88
214,285,9
214,286,33
214,287,-77
214,288,20
214,289,-16
214,290,41
214,291,39
214,292,82
214,293,-33
214,294,21
214,295,-57
214,296,-16
214,297,78
214,298,65
214,299,-60
215,0,21
215,1,-57
215,2,-26
215,3,-9
215,4,-85
215,5,77
215,6,65
215,7,-15
215,8,32
215,9,36
215,10,-24
215,11,-62
215,12,-14
215,13,54
215,14,59
215,15,-37
215,16,60
215,17,5
215,18,-11
215,19,45
215,20,-34
215,21,-96
215,22,-42
215,23,-25
215,24,-97
215,25,-85
215,26,-26
215,27,-1
215,28,20
215,29,75
215,30,-35
215,31,35
215,32,71
215,33,-80
215,34,-75
215,35,62
215,36,42
215,37,67
215,38,-71
215,39,-35
215,40,-21
215,41,-88
215,42,-100
215,43,70
215,44,55
215,45,28
215,46,67
215,47,61
215,48,40
215,49,-40
215,50,16
215,51,-35
215,52,22
215,53,-97
215,54,40
215,55,-65
215,56,-5
215,57,88
215,58,85
215,59,-16
215,60,42
215,61,-11
215,62,-16
215,63,-89
215,64,-25
215,65,-32
215,66,88
215,67,-59
215,68,59
215,69,29
215,70,-93
215,71,-47
215,72,35
215,73,-13
215,74,40
215,75,-72
215,76,-88
215,77,-43
215,78,-38
215,79,-14
215,80,74
215,81,-14
215,82,-27
215,83,-63
215,84,-32
215,85,-32
215,86,67
215,87,28
215,88,29
215,89,12
215,90,-72
215,91,21
215,92,-94
215,93,84
215,94,-46
215,95,63
215,96,-94
215,97,-9
215,98,-91
215,99,-21
215,100,-27
215,101,66
215,102,-43
215,103,-11
215,104,-3
215,105,-61
215,106,41
215,107,28
215,108,44
215,109,-52
215,110,-15
215,111,43
215,112,34
215,113,42
215,114,14
215,115,-80
215,116,-35
215,117,86
215,118,75
215,119,-12
215,120,77
215,121,37
215,122,-49
215,123,95
215,124,57
215,125,-67
215,126,-7
215,127,-15
215,128,-36
215,129,-41
215,130,35
215,131,-26
215,132,92
215,133,-32
215,134,84
215,135,-56
215,136,-52
215,137,-39
215,138,66
215,139,48
215,140,20
215,141,-48
215,142,72
215,143,-4
215,144,20
215,145,55
215,146,-48
215,147,-92
215,148,-26
215,149,3
215,150,-8
215,151,23
215,152,21
215,153,98
215,154,-40
215,155,54
215,156,23
215,157,49
215,158,-6
215,159,-71
215,160,-9
215,161,-17
215,162,-86
215,163,42
215,164,-48
215,165,-78
215,166,-31
215,167,8
215,168,43
215,169,-14
215,170,92
215,171,72
215,172,-94
215,173,72
215,174,-62
215,175,3
215,176,-51
215,177,76
215,178,-53
215,179,-52
215,180,67
215,181,66
215,182,84
215,183,-19
215,184,-38
215,185,83
215,186,29
215,187,11
215,188,53
215,189,-5
215,190,50
215,191,20
215,192,-83
215,193,-13
215,194,-33
215,195,-41
215,196,29
215,197,-7
215,198,-52
215,199,65
215,200,58
215,201,67
215,202,-21
215,203,26
215,204,-48
215,205,-37
215,206,-68
215,207,-43
215,208,-51
215,209,-37
215,210,30
215,211,24
215,212,-40
215,213,23
215,214,37
215,215,-35
215,216,78
215,217,-71
215,218,-76
215,219,70
215,220,19
215,221,-13
215,222,91
215,223,86
215,224,89
215,225,-91
215,226,91
215,227,-7
215,228,25
215,229,87
215,230,-2
215,231,-13
215,232,-81
215,233,16
215,234,2
215,235,76
215,236,-2
215,237,22
215,238,-27
215,239,54
215,240,-50
215,241,84
215,242,-22
215,243,64
215,244,-98
215,245,56
215,246,95
215,247,74
215,248,-21
215,249,-32
215,250,-80
215,251,-59
215,252,17
215,253,-80
215,254,29
215,255,96
215,256,34
215,257,-66
215,258,-71
215,259,71
215,260,73
215,261,-46
215,262,-100
215,263,24
215,264,81
215,265,10
215,266,28
215,267,-38
215,268,82
215,269,-15
215,270,-24
215,271,21
215,272,54
215,273,-86
215,274,26
215,275,36
215,276,-32
215,277,-42
215,278,50
215,279,7
215,280,12
215,281,6
215,282,38
215,283,-77
215,284,-29
215,285,10
215,286,81
215,287,5
215,288,58
215,289,49
215,290,-87
215,291,-96
215,292,26
215,293,-84
215,294,-19
215,295,-30
215,296,-11
215,297,71
215,298,-22
215,299,-8
216,0,76
216,1,-36
216,2,31
216,3,-92
216,4,-65
216,5,78
216,6,21
216,7,59
216,8,-13
216,9,20
216,10,45
216,11,42
216,12,-81
216,13,-43
216,14,-61
216,15,-35
216,16,-12
216,17,40
216,18,-88
216,19,-39
216,20,55
216,21,-55
216,22,42
216,23,-8
216,24,71
216,25,-78
216,26,0
216,27,-34
216,28,13
216,29,-35
216,30,-51
216,31,40
216,32,-99
216,33,-67
216,34,-61
216,35,-32
216,36,88
216,37,52
216,38,-24
216,39,90
216,40,-73
216,41,12
216,42,-45
216,43,11
216,44,53
216,45,54
216,46,-75
216,47,-86
216,48,-51
216,49,33
216,50,-33
216,51,31
216,52,57
216,53,-24
216,54,-92
216,55,69
216,56,-87
216,57,-61
216,58,30
216,59,68
216,60,-68
216,61,-22
216,62,-41
216,63,-37
216,64,-39
216,65,-22
216,66,34
216,67,-25
216,68,-51
216,69,-62
216,70,98
216,71,74
216,72,4
216,73,-31
216,74,-75
216,75,-43
216,76,-28
216,77,78
216,78,-49
216,79,43
216,80,-53
216,81,-74
216,82,60
216,83,50
216,84,72
216,85,-1
216,86,-79
216,87,-59
216,88,8
216,89,-68
216,90,8
216,91,37
216,92,-54
216,93,-5
216,94,24
216,95,-22
216,96,-62
216,97,21
216,98,-55
216,99,-29
216,100,-50
216,101,-76
216,102,-19
216,103,42
216,104,-43
216,105,86
216,106,-75
216,107,-60
216,108,-57
216,109,-16
216,110,-79
216,111,9
216,112,-64
216,113,17
216,114,0
216,115,41
216,116,-97
216,117,-77
216,118,93
216,119,90
216,120,-36
216,121,-35
216,122,-88
216,123,-74
216,124,15
216,125,-20
216,126,20
216,127,8
216,128,44
216,129,-32
216,130,-44
216,131,-29
216,132,7
216,133,-28
216,134,-83
216,135,-85
216,136,78
216,137,-5
216,138,-61
216,139,-62
216,140,-45
216,141,16
216,142,-47
216,143,71
216,144,-55
216,145,59
216,146,75
216,147,88
216,148,93
216,149,65
216,150,-58
216,151,-97
216,152,-96
216,153,12
216,154,-43
216,155,-64
216,156,53
216,157,-92
216,158,-86
216,159,-13
216,160,-2
216,161,4
216,162,53
216,163,90
216,164,97
216,165,4
216,166,-74
216,167,81
216,168,-18
216,169,58
216,170,-69
216,171,29
216,172,-83
216,173,-73
216,174,-30
216,175,16
216,176,-1
216,177,-13
216,178,-9
216,179,52
216,180,-62
216,181,76
216,182,31
216,183,-49
216,184,21
216,185,-33
216,186,-44
216,187,-88
216,188,92
216,189,-38
216,190,-30
216,191,52
216,192,-78
216,193,-71
216,194,12
216,195,88
216,196,34
216,197,-47
216,198,8
216,199,44
216,200,-4
216,201,-41
216,202,-35
216,203,65
216,204,40
216,205,-49
216,206,79
216,207,-69
216,208,-92
216,209,-84
216,210,25
216,211,-19
216,212,-61
216,213,3
216,214,81
216,215,27
216,216,81
216,217,55
216,218,99
216,219,77
216,220,-83
216,221,40
216,222,60
216,223,42
216,224,65
216,225,-95
216,226,-56
216,227,86
216,228,-3
216,229,18
216,230,-23
216,231,-53
216,232,10
216,233,68
216,234,-18
216,235,3
216,236,-27
216,237,-46
216,238,-40
216,239,-99
216,240,15
216,241,-99
216,242,-25
216,243,-91
216,244,-25
216,245,66
216,246,-99
216,247,20
216,248,-36
216,249,93
216,250,-20
216,251,79
216,252,-16
216,253,-57
216,254,-67
216,255,-28
216,256,5
216,257,72
216,258,59
216,259,-96
216,260,9
216,261,90
216,262,-32
216,263,-47
216,264,-63
216,265,36
216,266,-40
216,267,-6
216,268,-80
216,269,-65
216,270,-100
216,271,49
216,272,42
216,273,-55
216,274,-36
216,275,-95
216,276,67
216,277,62
216,278,-20
216,279,88
216,280,50
216,281,47
216,282,-73
216,283,64
216,284,34
216,285,-52
216,286,-77
216,287,-21
216,288,-88
216,289,-9
216,290,34
216,291,-86
216,292,-14
216,293,50
216,294,23
216,295,-32
216,296,-10
216,297,-41
216,298,-91
216,299,-50
217,0,-37
217,1,5
217,2,98
217,3,-45
217,4,59
217,5,50
217,6,81
217,7,-10
217,8,-16
217,9,6
217,10,97
217,11,88
217,12,-22
217,13,8
217,14,1
217,15,47
217,16,80
217,17,42
217,18,-72
217,19,-31
217,20,-21
217,21,-36
217,22,89
217,23,97
217,24,-85
217,25,-47
217,26,-4
217,27,-94
217,28,-41
217,29,-91
217,30,-48
217,31,-93
217,32,25
217,33,-16
217,34,-11
217,35,-64
217,36,31
217,37,-17
217,38,3
217,39,-78
217,40,36
217,41,65
217,42,-56
217,43,72
217,44,45
217,45,-55
217,46,-99
217,47,75
217,48,-84
217,49,17
217,50,-85
217,51,9
217,52,72
217,53,-53
217,54,51
217,55,-6
217,56,92
217,57,-9
217,58,60
217,59,5
217,60,2
217,61,31
217,62,-100
217,63,-68
217,64,89
217,65,30
217,66,0
217,67,-56
217,68,-80
217,69,91
217,70,-28
217,71,-44
217,72,67
217,73,-39
217,74,70
217,75,20
217,76,73
217,77,99
217,78,-77
217,79,51
217,80,37
217,81,-2
217,82,-33
217,83,-44
217,84,71
217,85,-26
217,86,6
217,87,-53
217,88,-24
217,89,54
217,90,-71
217,91,-55
217,92,39
217,93,19
217,94,-41
217,95,46
217,96,3
217,97,-33
217,98,81
217,99,61
217,100,17
217,101,23
217,102,16
217,103,-94
217,104,-19
217,105,69
217,106,95
217,107,-48
217,108,35
217,109,49
217,110,-75
217,111,90
217,112,73
217,113,16
217,114,-20
217,115,71
217,116,89
217,117,63
217,118,-60
217,119,10
217,120,-19
217,121,54
217,122,-31
217,123,-3
217,124,68
217,125,-96
217,126,84
217,127,56
217,128,21
217,129,-89
217,130,52
217,131,61
217,132,-26
217,133,-77
217,134,14
217,135,12
217,136,90
217,137,-38
217,138,37
217,139,32
217,140,-12
217,141,80
217,142,-73
217,143,92
217,144,-56
217,145,93
217,146,76
217,147,10
217,148,67
217,149,93
217,150,23
217,151,-10
217,152,35
217,153,-74
217,154,44
217,155,95
217,156,71
217,157,-70
217,158,-96
217,159,-41
217,160,-12
217,161,46
217,162,0
217,163,-59
217,164,-78
217,165,20
217,166,8
217,167,-24
217,168,-84
217,169,13
217,170,-43
217,171,76
217,172,30
217,173,-5
217,174,-56
217,175,-66
217,176,-99
217,177,-54
217,178,-98
217,179,56
217,180,27
217,181,-81
217,182,61
217,183,-61
217,184,8
217,185,-36
217,186,-11
217,187,-38
217,188,-45
217,189,59
217,190,-35
217,191,-5
217,192,68
217,193,56
217,194,15
217,195,-14
217,196,-50
217,197,-89
217,198,-57
217,199,37
217,200,-18
217,201,-11
217,202,-92
217,203,56
217,204,56
217,205,-9
217,206,88
217,207,24
217,208,-37
217,209,30
217,210,14
217,211,22
217,212,31
217,213,82
217,214,41
217,215,1
217,216,-24
217,217,55
217,218,-38
217,219,66
217,220,7
217,221,91
217,222,87
217,223,47
217,224,-73
217,225,23
217,226,41
217,227,-24
217,228,-26
217,229,1
217,230,85
217,231,-62
217,232,85
217,233,42
217,234,-28
217,235,30
217,236,-96
217,237,-9
217,238,69
217,239,42
217,240,-98
217,241,62
217,242,34
217,243,-7
217,244,51
217,245,58
217,246,-23
217,247,-21
217,248,14
217,249,-97
217,250,30
217,251,27
217,252,-92
217,253,-33
217,254,17
217,255,-13
217,256,87
217,257,38
217,258,63
217,259,24
217,260,-29
217,261,29
217,262,-51
217,263,-98
217,264,-34
217,265,-16
217,266,14
217,267,-39
217,268,-87
217,269,21
217,270,-78
217,271,22
217,272,-24
217,273,-85
217,274,45
217,275,-88
217,276,24
217,277,-45
217,278,72
217,279,-61
217,280,2
217,281,58
217,282,3
217,283,-69
217,284,28
217,285,-66
217,286,-65
217,287,-9
217,288,-35
217,289,-72
217,290,70
217,291,56
217,292,-58
217,293,-82
217,294,20
217,295,91
217,296,-3
217,297,-70
217,298,0
217,299,-82
218,0,-72
218,1,-28
218,2,34
218,3,85
218,4,-25
218,5,87
218,6,78
218,7,-19
218,8,-51
218,9,48
218,10,36
218,11,61
218,12,-67
218,13,-54
218,14,-77
218,15,-21
218,16,-73
218,17,73
218,18,-50
218,19,10
218,20,-95
218,21,90
218,22,17
218,23,-48
218,24,91
218,25,79
218,26,-41
218,27,68
218,28,-90
218,29,-97
218,30,-87
218,31,40
218,32,42
218,33,12
218,34,-93
218,35,-13
218,36,-90
218,37,11
218,38,-2
218,39,-78
218,40,8
218,41,-94
218,42,-32
218,43,59
218,44,71
218,45,30
218,46,-7
218,47,21
218,48,-57
218,49,96
218,50,-50
218,51,-40
218,52,-50
218,53,60
218,54,-81
218,55,-71
218,56,20
218,57,-57
218,58,-15
218,59,56
218,60,48
218,61,80
218,62,11
218,63,38
218,64,-91
218,65,-66
218,66,53
218,67,22
218,68,13
218,69,71
218,70,31
218,71,-27
218,72,84
218,73,-62
218,74,68
218,75,-7
218,76,-34
218,77,-12
218,78,1
218,79,5
218,80,-65
218,81,-97
218,82,-27
218,83,-88
218,84,-31
218,85,-94
218,86,55
218,87,86
218,88,21
218,89,-64
218,90,42
218,91,-71
218,92,3
218,93,-27
218,94,-89
218,95,-20
218,96,11
218,97,-71
218,98,28
218,99,-65
218,100,22
218,101,-13
218,102,-80
218,103,5
218,104,-69
218,105,-38
218,106,40
218,107,64
218,108,-57
218,109,48
218,110,45
218,111,-55
218,112,74
218,113,53
218,114,-96
218,115,32
218,116,-70
218,117,55
218,118,-24
218,119,-26
218,120,26
218,121,92
218,122,-88
218,123,21
218,124,45
218,125,51
218,126,56
218,127,55
218,128,1
218,129,72
218,130,16
218,131,-17
218,132,-90
218,133,-50
218,134,-42
218,135,-17
218,136,4
218,137,-88
218,138,-54
218,139,-13
218,140,70
218,141,51
218,142,75
218,143,-38
218,144,44
218,145,-32
218,146,-47
218,147,41
218,148,-86
218,149,37
218,150,49
218,151,-6
218,152,-88
218,153,-20
218,154,-36
218,155,41
218,156,-57
218,157,66
218,158,62
218,159,16
218,160,92
218,161,-74
218,162,72
218,163,-44
218,164,-79
218,165,-67
218,166,36
218,167,-51
218,168,-47
218,169,85
218,170,-1
218,171,-39
218,172,65
218,173,-17
218,174,-74
218,175,24
218,176,-37
218,177,30
218,178,26
218,179,-90
218,180,-77
218,181,-72
218,182,96
218,183,-93
218,184,-82
218,185,-33
218,186,-2
218,187,96
218,188,23
218,189,-53
218,190,67
218,191,1
218,192,94
218,193,43
218,194,-37
218,195,-93
218,196,8
218,197,32
218,198,22
218,199,99
218,200,52
218,201,-48
218,202,-52
218,203,-29
218,204,48
218,205,-50
218,206,73
218,207,-92
218,208,-37
218,209,-78
218,210,87
218,211,86
218,212,35
218,213,91
218,214,-47
218,215,-9
218,216,-86
218,217,-49
218,218,78
218,219,-97
218,220,61
218,221,0
218,222,51
218,223,48
218,224,29
218,225,-94
218,226,83
218,227,-26
218,228,-25
218,229,95
218,230,-66
218,231,53
218,232,45
218,233,-37
218,234,21
218,235,-45
218,236,-46
218,237,39
218,238,-64
218,239,-49
218,240,46
218,241,-86
218,242,26
218,243,-15
218,244,-17
218,245,6
218,246,79
218,247,-24
218,248,53
218,249,-56
218,250,-5
218,251,-80
218,252,-20
218,253,-48
218,254,56
218,255,75
218,256,12
218,257,46
218,258,81
218,259,-23
218,260,26
218,261,18
218,262,2
218,263,-14
218,264,4
218,265,-99
218,266,14
218,267,-69
218,268,1
218,269,-39
218,270,-4
218,271,21
218,272,34
218,273,-3
218,274,95
218,275,-17
218,276,49
218,277,56
218,278,6
218,279,0
218,280,30
218,281,-79
218,282,-17
218,283,-12
218,284,5
218,285,80
218,286,-8
218,287,84
218,288,37
218,289,2
218,290,0
218,291,-61
218,292,13
218,293,47
218,294,24
218,295,-14
218,296,-90
218,297,35
218,298,-8
218,299,-65
219,0,52
219,1,66
219,2,-3
219,3,10
219,4,-5
219,5,-39
219,6,4
219,7,48
219,8,46
219,9,52
219,10,-14
219,11,32
219,12,26
219,13,-18
219,14,-89
219,15,2
219,16,52
219,17,-96
219,18,-25
219,19,54
219,20,-97
219,21,15
219,22,-18
219,23,72
219,24,74
219,25,5
219,26,55
219,27,-66
219,28,43
219,29,39
219,30,-21
219,31,-26
219,32,-58
219,33,-73
219,34,-20
219,35,-82
219,36,95
219,37,-27
219,38,22
219,39,-46
219,40,-18
219,41,63
219,42,-39
219,43,6
219,44,66
219,45,15
219,46,-60
219,47,87
219,48,-15
219,49,-35
219,50,86
219,51,-4
219,52,67
219,53,-82
219,54,-46
219,55,11
219,56,-55
219,57,-97
219,58,89
219,59,-76
219,60,-38
219,61,97
219,62,10
219,63,-88
219,64,14
219,65,-15
219,66,-97
219,67,-99
219,68,-34
219,69,9
219,70,-71
219,71,31
219,72,-53
219,73,-58
219,74,-8
219,75,72
219,76,40
219,77,-54
219,78,-73
219,79,-64
219,80,-73
219,81,54
219,82,57
219,83,33
219,84,19
219,85,-92
219,86,33
219,87,56
219,88,-31
219,89,-15
219,90,-35
219,91,-6
219,92,80
219,93,-31
219,94,-96
219,95,-81
219,96,39
219,97,1
219,98,1
219,99,35
219,100,19
219,101,85
219,102,-52
219,103,-37
219,104,77
219,105,-4
219,106,-62
219,107,-61
219,108,-70
219,109,-98
219,110,-29
219,111,-71
219,112,-6
219,113,-72
219,114,97
219,115,-45
219,116,93
219,117,-14
219,118,7
219,119,-38
219,120,-71
219,121,-48
219,122,-55
219,123,2
219,124,36
219,125,-94
219,126,-38
219,127,74
219,128,-57
219,129,76
219,130,-22
219,131,89
219,132,-42
219,133,-26
219,134,-17
219,135,-88
219,136,57
219,137,3
219,138,2
219,139,-17
219,140,8
219,141,-58
219,142,78
219,143,1
219,144,-93
219,145,-64
219,146,5
219,147,-4
219,148,-11
219,149,7
219,150,19
219,151,91
219,152,-62
219,153,35
219,154,-39
219,155,-62
219,156,41
219,157,-49
219,158,-44
219,159,48
219,160,-78
219,161,31
219,162,70
219,163,38
219,164,-17
219,165,-82
219,166,-36
219,167,-6
219,168,29
219,169,4
219,170,76
219,171,96
219,172,61
219,173,-97
219,174,-62
219,175,-52
219,176,30
219,177,53
219,178,-60
219,179,-36
219,180,21
219,181,43
219,182,85
219,183,-66
219,184,43
219,185,-68
219,186,58
219,187,49
219,188,-40
219,189,7
219,190,91
219,191,97
219,192,62
219,193,-62
219,194,30
219,195,-5
219,196,40
219,197,-87
219,198,68
219,199,35
219,200,10
219,201,-82
219,202,8
219,203,41
219,204,77
219,205,-2
219,206,-40
219,207,63
219,208,-34
219,209,-24
219,210,-9
219,211,-56
219,212,-10
219,213,-29
219,214,34
219,215,12
219,216,-79
219,217,1
219,218,36
219,219,-41
219,220,-59
219,221,-42
219,222,67
219,223,-72
219,224,82
219,225,91
219,226,0
219,227,13
219,228,11
219,229,-59
219,230,-72
219,231,-80
219,232,-4
219,233,90
219,234,22
219,235,-38
219,236,-63
219,237,93
219,238,39
219,239,-68
219,240,-100
219,241,95
219,242,-73
219,243,89
219,244,-23
219,245,16
219,246,-42
219,247,-52
219,248,-56
219,249,22
219,250,33
219,251,14
219,252,-81
219,253,-16
219,254,43
219,255,39
219,256,-49
219,257,47
219,258,85
219,259,72
219,260,-4
219,261,13
219,262,-99
219,263,-67
219,264,-75
219,265,60
219,266,69
219,267,-7
219,268,-36
219,269,9
219,270,-93
219,271,-36
219,272,9
219,273,37
219,274,-69
219,275,-50
219,276,84
219,277,67
219,278,-35
219,279,-70
219,280,90
219,281,-33
219,282,83
219,283,-89
219,284,-70
219,285,-78
219,286,60
219,287,-93
219,288,89
219,289,23
219,290,-21
219,291,-86
219,292,68
219,293,3
219,294,79
219,295,53
219,296,-23
219,297,-89
219,298,-74
219,299,10
220,0,95
220,1,57
220,2,-97
220,3,-47
220,4,-6
220,5,61
220,6,95
220,7,-17
220,8,83
220,9,45
220,10,74
220,11,99
220,12,87
220,13,5
220,14,86
220,15,29
220,16,20
220,17,-28
220,18,-85
220,19,85
220,20,39
220,21,32
220,22,66
220,23,42
220,24,-29
220,25,-13
220,26,46
220,27,0
220,28,-19
220,29,-16
220,30,-52
220,31,22
220,32,-62
220,33,-23
220,34,42
220,35,22
220,36,-46
220,37,12
220,38,94
220,39,83
220,40,-56
220,41,84
220,42,-34
220,43,-95
220,44,-31
220,45,58
220,46,-79
220,47,-16
220,48,65
220,49,1
220,50,-43
220,51,97
220,52,56
220,53,83
220,54,9
220,55,38
220,56,75
220,57,-15
220,58,-41
220,59,78
220,60,66
220,61,33
220,62,-71
220,63,6
220,64,28
220,65,-15
220,66,-92
220,67,72
220,68,35
220,69,-67
220,70,35
220,71,39
220,72,-58
220,73,4
220,74,-45
220,75,-70
220,76,69
220,77,60
220,78,-82
220,79,12
220,80,82
220,81,-97
220,82,-89
220,83,-17
220,84,3
220,85,55
220,86,-43
220,87,-53
220,88,19
220,89,23
220,90,-100
220,91,4
220,92,-57
220,93,-38
220,94,-6
220,95,-63
220,96,-92
220,97,-95
220,98,-31
220,99,-49
220,100,-34
220,101,-5
220,102,-2
220,103,43
220,104,29
220,105,-65
220,106,4
220,107,98
220,108,-66
220,109,19
220,110,-71
220,111,72
220,112,73
220,113,-8
220,114,92
220,115,28
220,116,4
220,117,84
220,118,98
220,119,94
220,120,-1
220,121,2
220,122,-70
220,123,-76
220,124,-54
220,125,83
220,126,-100
220,127,1
220,128,17
220,129,64
220,130,12
220,131,94
220,132,39
220,133,-81
220,134,-71
220,135,91
220,136,-22
220,137,27
220,138,-16
220,139,-37
220,140,-83
220,141,-69
220,142,46
220,143,-7
220,144,-68
220,145,89
220,146,49
220,147,8
220,148,56
220,149,-97
220,150,77
220,151,-1
220,152,21
220,153,31
220,154,-96
220,155,66
220,156,-44
220,157,-70
220,158,-94
220,159,-89
220,160,-91
220,161,56
220,162,40
220,163,26
220,164,97
220,165,58
220,166,36
220,167,78
220,168,-13
220,169,43
220,170,86
220,171,85
220,172,-90
220,173,63
220,174,-100
220,175,-80
220,176,71
220,177,-1
220,178,64
220,179,-95
220,180,41
220,181,-8
220,182,28
220,183,35
220,184,10
220,185,-57
220,186,22
220,187,-14
220,188,2
220,189,4
220,190,-26
220,191,54
220,192,-65
220,193,69
220,194,47
220,195,-93
220,196,-55
220,197,-1
220,198,-49
220,199,-75
220,200,-66
220,201,87
220,202,30
220,203,22
220,204,31
220,205,-39
220,206,-37
220,207,77
220,208,46
220,209,70
220,210,-19
220,211,-87
220,212,-87
220,213,-47
220,214,56
220,215,30
220,216,-3
220,217,3
220,218,-96
220,219,-96
220,220,16
220,221,-56
220,222,91
220,223,91
220,224,70
220,225,70
220,226,15
220,227,-50
220,228,-88
220,229,-28
220,230,-33
220,231,-32
220,232,34
220,233,-9
220,234,3
220,235,-23
220,236,69
220,237,1
220,238,-96
220,239,74
220,240,-53
220,241,22
220,242,-9
220,243,74
220,244,35
220,245,48
220,246,-13
220,247,17
220,248,-77
220,249,40
220,250,12
220,251,42
220,252,9
220,253,-12
220,254,8
220,255,-48
220,256,99
220,257,58
220,258,98
220,259,-50
220,260,74
220,261,66
220,262,16
220,263,-44
220,264,77
220,265,14
220,266,-44
220,267,-66
220,268,-15
220,269,34
220,270,-48
220,271,-91
220,272,-62
220,273,85
220,274,62
220,275,26
220,276,-42
220,277,16
220,278,49
220,279,36
220,280,-1
220,281,-93
220,282,19
220,283,-43
220,284,26
220,285,-6
220,286,49
220,287,-6
220,288,67
220,289,55
220,290,73
220,291,-32
220,292,-49
220,293,-90
220,294,49
220,295,-54
220,296,-12
220,297,-88
220,298,25
220,299,-1
221,0,17
221,1,72
221,2,-26
221,3,-32
221,4,20
221,5,-23
221,6,-79
221,7,94
221,8,62
221,9,59
221,10,65
221,11,-43
221,12,67
221,13,-80
221,14,-52
221,15,-4
221,16,-9
221,17,-62
221,18,88
221,19,-1
221,20,-91
221,21,67
221,22,-43
221,23,-12
221,24,72
221,25,44
221,26,20
221,27,-33
221,28,-91
221,29,16
221,30,-39
221,31,-12
221,32,59
221,33,-29
221,34,69
221,35,72
221,36,-25
221,37,48
221,38,8
221,39,54
221,40,27
221,41,57
221,42,-27
221,43,28
221,44,-92
221,45,-98
221,46,12
221,47,-48
221,48,69
221,49,46
221,50,-95
221,51,34
221,52,70
221,53,-21
221,54,-65
221,55,95
221,56,-5
221,57,-62
221,58,-58
221,59,64
221,60,55
221,61,-51
221,62,-62
221,63,29
221,64,24
221,65,64
221,66,0
221,67,14
221,68,93
221,69,-82
221,70,-32
221,71,-57
221,72,40
221,73,49
221,74,34
221,75,29
221,76,-39
221,77,-12
221,78,32
221,79,47
221,80,25
221,81,-47
221,82,-25
221,83,90
221,84,63
221,85,43
221,86,-44
221,87,-37
221,88,37
221,89,-2
221,90,1
221,91,-2
221,92,-50
221,93,-74
221,94,34
221,95,-10
221,96,-60
221,97,17
221,98,25
221,99,-4
221,100,20
221,101,40
221,102,16
221,103,-35
221,104,30
221,105,-90
221,106,32
221,107,-41
221,108,29
221,109,-9
221,110,-24
221,111,3
221,112,-37
221,113,40
221,114,-47
221,115,39
221,116,45
221,117,-83
221,118,44
221,119,66
221,120,-15
221,121,40
221,122,-56
221,123,27
221,124,1
221,125,16
221,126,46
221,127,46
221,128,-80
221,129,-77
221,130,57
221,131,-53
221,132,62
221,133,9
221,134,-42
221,135,-84
221,136,-53
221,137,-46
221,138,36
221,139,-24
221,140,-87
221,141,53
221,142,79
221,143,-16
221,144,-57
221,145,38
221,146,-50
221,147,69
221,148,89
221,149,62
221,150,-37
221,151,-6
221,152,45
221,153,41
221,154,19
221,155,-52
221,156,96
221,157,44
221,158,48
221,159,41
221,160,-98
221,161,58
221,162,-54
221,163,71
221,164,-84
221,165,-20
221,166,83
221,167,-74
221,168,-30
221,169,-11
221,170,96
221,171,29
221,172,-21
221,173,89
221,174,8
221,175,-14
221,176,-95
221,177,0
221,178,92
221,179,45
221,180,-46
221,181,-34
221,182,84
221,183,46
221,184,-27
221,185,38
221,186,82
221,187,-5
221,188,64
221,189,-15
221,190,31
221,191,-88
221,192,-31
221,193,-8
221,194,85
221,195,29
221,196,87
221,197,-12
221,198,59
221,199,-38
221,200,-41
221,201,53
221,202,49
221,203,-27
221,204,31
221,205,43
221,206,-38
221,207,69
221,208,60
221,209,40
221,210,-55
221,211,40
221,212,-68
221,213,22
221,214,-87
221,215,-93
221,216,-15
221,217,73
221,218,25
221,219,28
221,220,-42
221,221,-41
221,222,-52
221,223,-21
221,224,-8
221,225,-40
221,226,15
221,227,-78
221,228,32
221,229,-16
221,230,19
221,231,27
221,232,-51
221,233,63
221,234,47
221,235,-58
221,236,35
221,237,68
221,238,-76
221,239,15
221,240,-94
221,241,14
221,242,-15
221,243,88
221,244,60
221,245,96
221,246,-63
221,247,-89
221,248,23
221,249,-57
221,250,-48
221,251,-87
221,252,98
221,253,-9
221,254,-49
221,255,79
221,256,-55
221,257,68
221,258,29
221,259,76
221,260,-1
221,261,9
221,262,-73
221,263,10
221,264,-69
221,265,-9
221,266,-25
221,267,-79
221,268,69
221,269,11
221,270,56
221,271,3
221,272,-33
221,273,60
221,274,73
221,275,36
221,276,-63
221,277,-21
221,278,-75
221,279,-58
221,280,80
221,281,-74
221,282,-90
221,283,6
221,284,53
221,285,-23
221,286,-44
221,287,-100
221,288,-90
221,289,57
221,290,-13
221,291,31
221,292,-15
221,293,9
221,294,-29
221,295,10
221,296,-68
221,297,60
221,298,-27
221,299,-35
222,0,7
222,1,-97
222,2,78
222,3,54
222,4,-68
222,5,4
222,6,25
222,7,-17
222,8,-24
222,9,-18
222,10,-69
222,11,94
222,12,15
222,13,55
222,14,84
222,15,-82
222,16,58
222,17,-48
222,18,-13
222,19,59
222,20,-92
222,21,78
222,22,-18
222,23,50
222,24,-76
222,25,73
222,26,71
222,27,93
222,28,17
222,29,-34
222,30,26
222,31,55
222,32,-23
222,33,51
222,34,-45
222,35,-51
222,36,0
222,37,-98
222,38,-78
222,39,61
222,40,-92
222,41,-19
222,42,-42
222,43,-35
222,44,49
222,45,14
222,46,-66
222,47,58
222,48,-23
222,49,8
222,50,-53
222,51,-48
222,52,-26
222,53,-69
222,54,-13
222,55,39
222,56,-39
222,57,-98
222,58,-95
222,59,26
222,60,11
222,61,-89
222,62,-48
222,63,47
222,64,33
222,65,-17
222,66,41
222,67,83
222,68,68
222,69,-52
222,70,7
222,71,92
222,72,-17
222,73,3
222,74,-6
222,75,-70
222,76,55
222,77,-89
222,78,-85
222,79,62
222,80,-57
222,81,-33
222,82,37
222,83,-98
222,84,-70
222,85,79
222,86,15
222,87,92
222,88,-96
222,89,-96
222,90,-35
222,91,-86
222,92,92
222,93,48
222,94,0
222,95,98
222,96,-90
222,97,-59
222,98,-35
222,99,-7
222,100,-40
222,101,-41
222,102,41
222,103,19
222,104,32
222,105,-70
222,106,-53
222,107,-69
222,108,-44
222,109,61
222,110,-6
222,111,54
222,112,-19
222,113,-96
222,114,-84
222,115,96
222,116,16
222,117,83
222,118,65
222,119,22
222,120,81
222,121,-53
222,122,-52
222,123,68
222,124,-79
222,125,84
222,126,93
222,127,-82
222,128,12
222,129,0
222,130,29
222,131,-68
222,132,86
222,133,-12
222,134,33
222,135,-90
222,136,-74
222,137,99
222,138,72
222,139,-70
222,140,-10
222,141,90
222,142,71
222,143,68
222,144,-54
222,145,96
222,146,-22
222,147,-99
222,148,42
222,149,-81
222,150,30
222,151,5
222,152,-62
222,153,-27
222,154,-11
222,155,37
222,156,67
222,157,40
222,158,-57
222,159,-69
222,160,-71
222,161,28
222,162,-48
222,163,-25
222,164,-57
222,165,-66
222,166,67
222,167,-56
222,168,87
222,169,23
222,170,15
222,171,23
222,172,90
222,173,37
222,174,-54
222,175,51
222,176,84
222,177,-83
222,178,84
222,179,-29
222,180,22
222,181,73
222,182,70
222,183,-24
222,184,43
222,185,41
222,186,-92
222,187,-32
222,188,-40
222,189,-90
222,190,46
222,191,-37
222,192,-63
222,193,-91
222,194,-85
222,195,-32
222,196,-59
222,197,-57
222,198,80
222,199,62
222,200,63
222,201,49
222,202,-77
222,203,39
222,204,-66
222,205,-51
222,206,-18
222,207,-23
222,208,-61
222,209,-79
222,210,74
222,211,-26
222,212,-35
222,213,37
222,214,70
222,215,96
222,216,-7
222,217,52
222,218,9
222,219,-54
222,220,34
222,221,3
222,222,55
222,223,-21
222,224,-56
222,225,0
222,226,94
222,227,-89
222,228,-18
222,229,12
222,230,-90
222,231,30
222,232,-40
222,233,93
222,234,-45
222,235,21
222,236,-75
222,237,-15
222,238,-67
222,239,82
222,240,43
222,241,66
222,242,33
222,243,9
222,244,-29
222,245,79
222,246,52
222,247,-45
222,248,-18
222,249,46
222,250,-8
222,251,54
222,252,32
222,253,-75
222,254,57
222,255,-23
222,256,-4
222,257,62
222,258,-26
222,259,80
222,260,95
222,261,15
222,262,60
222,263,-31
222,264,55
222,265,-65
222,266,-52
222,267,-48
222,268,96
222,269,29
222,270,-21
222,271,-30
222,272,91
222,273,-80
222,274,-66
222,275,73
222,276,-15
222,277,14
222,278,75
222,279,-79
222,280,33
222,281,19
222,282,60
222,283,-62
222,284,-58
222,285,52
222,286,45
222,287,-60
222,288,27
222,289,17
222,290,-66
222,291,-77
222,292,82
222,293,3
222,294,-61
222,295,-14
222,296,-72
222,297,37
222,298,-22
222,299,37
223,0,-37
223,1,16
223,2,56
223,3,-3
223,4,45
223,5,29
223,6,52
223,7,-16
223,8,-50
223,9,-6
223,10,-79
223,11,-92
223,12,-10
223,13,-12
223,14,-12
223,15,-27
223,16,-7
223,17,22
223,18,31
223,19,48
223,20,23
223,21,-71
223,22,60
223,23,-58
223,24,-99
223,25,-14
223,26,58
223,27,31
223,28,-54
223,29,-17
223,30,-12
223,31,-56
223,32,-36
223,33,93
223,34,-95
223,35,-94
223,36,78
223,37,95
223,38,-83
223,39,18
223,40,-60
223,41,6
223,42,-32
223,43,-76
223,44,-45
223,45,-100
223,46,82
223,47,30
223,48,-47
223,49,-20
223,50,59
223,51,29
223,52,92
223,53,-93
223,54,8
223,55,85
223,56,-48
223,57,-57
223,58,-73
223,59,46
223,60,83
223,61,47
223,62,98
223,63,83
223,64,-66
223,65,46
223,66,3
223,67,-38
223,68,-19
223,69,-94
223,70,54
223,71,-62
223,72,-71
223,73,-78
223,74,-17
223,75,50
223,76,-54
223,77,75
223,78,-6
223,79,-38
223,80,19
223,81,36
223,82,50
223,83,16
223,84,90
223,85,74
223,86,-14
223,87,-27
223,88,-35
223,89,-64
223,90,24
223,91,65
223,92,-100
223,93,75
223,94,-19
223,95,-66
223,96,-30
223,97,7
223,98,-15
223,99,80
223,100,-76
223,101,-59
223,102,50
223,103,-92
223,104,54
223,105,-50
223,106,-44
223,107,-19
223,108,63
223,109,61
223,110,-88
223,111,82
223,112,73
223,113,79
223,114,-73
223,115,-15
223,116,10
223,117,57
223,118,-56
223,119,-63
223,120,-81
223,121,97
223,122,-4
223,123,74
223,124,1
223,125,-42
223,126,41
223,127,-59
223,128,88
223,129,-42
223,130,-93
223,131,-44
223,132,49
223,133,1
223,134,-17
223,135,-80
223,136,27
223,137,55
223,138,-52
223,139,50
223,140,-47
223,141,50
223,142,-33
223,143,-55
223,144,95
223,145,55
223,146,-6
223,147,-4
223,148,-51
223,149,-18
223,150,-38
223,151,-91
223,152,-12
223,153,64
223,154,40
223,155,-31
223,156,-71
223,157,-21
223,158,-29
223,159,38
223,160,22
223,161,28
223,162,45
223,163,-1
223,164,-90
223,165,-17
223,166,37
223,167,75
223,168,-40
223,169,37
223,170,0
223,171,21
223,172,-41
223,173,13
223,174,49
223,175,-26
223,176,-2
223,177,-92
223,178,42
223,179,-18
223,180,-64
223,181,-31
223,182,71
223,183,96
223,184,30
223,185,-91
223,186,31
223,187,-45
223,188,67
223,189,-68
223,190,60
223,191,87
223,192,48
223,193,2
223,194,96
223,195,18
223,196,-56
223,197,-44
223,198,67
223,199,25
223,200,91
223,201,26
223,202,-91
223,203,-27
223,204,-35
223,205,1
223,206,-16
223,207,92
223,208,57
223,209,-19
223,210,-66
223,211,-48
223,212,66
223,213,11
223,214,-79
223,215,-34
223,216,97
223,217,-1
223,218,-21
223,219,94
223,220,-1
223,221,-26
223,222,19
223,223,-84
223,224,46
223,225,87
223,226,-29
223,227,23
223,228,-11
223,229,-50
223,230,75
223,231,-44
223,232,37
223,233,-69
223,234,-22
223,235,22
223,236,21
223,237,-33
223,238,-73
223,239,31
223,240,88
223,241,-24
223,242,39
223,243,-86
223,244,-72
223,245,-14
223,246,-88
223,247,-63
223,248,85
223,249,9
223,250,-66
223,251,67
223,252,-25
223,253,9
223,254,-96
223,255,-99
223,256,-71
223,257,-2
223,258,18
223,259,-91
223,260,-28
223,261,23
223,262,-63
223,263,86
223,264,-7
223,265,18
223,266,62
223,267,-30
223,268,39
223,269,69
223,270,-3
223,271,76
223,272,26
223,273,-34
223,274,-68
223,275,3
223,276,40
223,277,47
223,278,60
223,279,-67
223,280,-51
223,281,77
223,282,36
223,283,-94
223,284,36
223,285,5
223,286,53
223,287,29
223,288,-96
223,289,12
223,290,-35
223,291,15
223,292,37
223,293,58
223,294,60
223,295,7
223,296,10
223,297,33
223,298,-87
223,299,-23
224,0,-86
224,1,20
224,2,70
224,3,47
224,4,-80
224,5,91
224,6,-72
224,7,86
224,8,-28
224,9,91
224,10,-8
224,11,71
224,12,61
224,13,-54
224,14,-92
224,15,87
224,16,11
224,17,-71
224,18,-84
224,19,79
224,20,-42
224,21,18
224,22,31
224,23,67
224,24,-5
224,25,34
224,26,-63
224,27,-69
224,28,-32
224,29,-34
224,30,-45
224,31,-81
224,32,91
224,33,19
224,34,44
224,35,43
224,36,-90
224,37,40
224,38,45
224,39,-87
224,40,-67
224,41,-15
224,42,24
224,43,53
224,44,69
224,45,88
224,46,66
224,47,29
224,48,84
224,49,-51
224,50,12
224,51,43
224,52,-39
224,53,-3
224,54,38
224,55,26
224,56,90
224,57,-71
224,58,81
224,59,98
224,60,54
224,61,-15
224,62,91
224,63,-20
224,64,-22
224,65,36
224,66,-25
224,67,99
224,68,29
224,69,-52
224,70,-53
224,71,-46
224,72,-21
224,73,-34
224,74,14
224,75,11
224,76,58
224,77,6
224,78,-75
224,79,9
224,80,-35
224,81,57
224,82,0
224,83,-100
224,84,-31
224,85,49
224,86,12
224,87,-47
224,88,41
224,89,-87
224,90,98
224,91,-82
224,92,53
224,93,-42
224,94,49
224,95,-95
224,96,-38
224,97,-24
224,98,-27
224,99,81
224,100,26
224,101,46
224,102,-6
224,103,-91
224,104,-64
224,105,44
224,106,82
224,107,32
224,108,48
224,109,17
224,110,66
224,111,47
224,112,98
224,113,42
224,114,-22
224,115,-48
224,116,-68
224,117,21
224,118,71
224,119,93
224,120,77
224,121,-69
224,122,-22
224,123,98
224,124,82
224,125,55
224,126,-98
224,127,-48
224,128,69
224,129,-99
224,130,20
224,131,49
224,132,52
224,133,59
224,134,34
224,135,-39
224,136,-70
224,137,-38
224,138,-64
224,139,-33
224,140,-22
224,141,36
224,142,97
224,143,-55
224,144,-6
224,145,-67
224,146,7
224,147,-41
224,148,40
224,149,-65
224,150,-53
224,151,-8
224,152,-95
224,153,32
224,154,92
224,155,2
224,156,77
224,157,-27
224,158,-27
224,159,12
224,160,51
224,161,-94
224,162,-15
224,163,-43
224,164,48
224,165,60
224,166,-57
224,167,-76
224,168,-6
224,169,15
224,170,42
224,171,56
224,172,-18
224,173,-49
224,174,-84
224,175,-65
224,176,62
224,177,67
224,178,50
224,179,61
224,180,85
224,181,-19
224,182,27
224,183,-21
224,184,88
224,185,55
224,186,-41
224,187,59
224,188,-43
224,189,-19
224,190,-57
224,191,61
224,192,48
224,193,23
224,194,-100
224,195,82
224,196,76
224,197,-4
224,198,-80
224,199,-2
224,200,82
224,201,54
224,202,47
224,203,43
224,204,-53
224,205,-69
224,206,-69
224,207,80
224,208,23
224,209,80
224,210,29
224,211,84
224,212,-79
224,213,-49
224,214,-5
224,215,85
224,216,61
224,217,98
224,218,44
224,219,99
224,220,-78
224,221,-68
224,222,56
224,223,-82
224,224,20
224,225,-32
224,226,-64
224,227,22
224,228,53
224,229,-77
224,230,-47
224,231,-80
224,232,-4
224,233,-11
224,234,37
224,235,-59
224,236,56
224,237,84
224,238,62
224,239,-73
224,240,39
224,241,-43
224,242,26
224,243,71
224,244,-94
224,245,43
224,246,-8
224,247,-66
224,248,-9
224,249,-94
224,250,-87
224,251,-42
224,252,-39
224,253,19
224,254,-35
224,255,-79
224,256,43
224,257,-2
224,258,19
224,259,-58
224,260,-4
224,261,-3
224,262,15
224,263,47
224,264,37
224,265,46
224,266,-89
224,267,37
224,268,-30
224,269,83
224,270,3
224,271,-90
224,272,-40
224,273,25
224,274,65
224,275,-84
224,276,-47
224,277,72
224,278,52
224,279,5
224,280,58
224,281,5
224,282,92
224,283,-62
224,284,-81
224,285,-28
224,286,-58
224,287,15
224,288,93
224,289,28
224,290,-46
224,291,7
224,292,2
224,293,78
224,294,32
224,295,39
224,296,-87
224,297,87
224,298,2
224,299,-61
225,0,7
225,1,36
225,2,69
225,3,-59
225,4,-68
225,5,-76
225,6,17
225,7,-23
225,8,-92
225,9,18
225,10,18
225,11,-10
225,12,71
225,13,-43
225,14,52
225,15,15
225,16,-69
225,17,-79
225,18,-8
225,19,-46
225,20,88
225,21,7
225,22,84
225,23,-24
225,24,-40
225,25,21
225,26,-9
225,27,-34
225,28,29
225,29,13
225,30,84
225,31,20
225,32,60
225,33,-38
225,34,43
225,35,28
225,36,-16
225,37,-37
225,38,19
225,39,-32
225,40,23
225,41,20
225,42,44
225,43,-61
225,44,1
225,45,28
225,46,-88
225,47,-83
225,48,-33
225,49,10
225,50,-87
225,51,32
225,52,-39
225,53,60
225,54,-75
225,55,88
225,56,95
225,57,-71
225,58,89
225,59,-39
225,60,-20
225,61,-31
225,62,84
225,63,-10
225,64,-65
225,65,-94
225,66,-36
225,67,-24
225,68,-60
225,69,-69
225,70,41
225,71,60
225,72,-71
225,73,-95
225,74,-91
225,75,2
225,76,-81
225,77,-12
225,78,23
225,79,17
225,80,-89
225,81,-79
225,82,-25
225,83,-87
225,84,5
225,85,75
225,86,81
225,87,-65
225,88,88
225,89,-46
225,90,-87
225,91,-99
225,92,-99
225,93,-40
225,94,6
225,95,6
225,96,33
225,97,52
225,98,94
225,99,-78
225,100,-28
225,101,-6
225,102,-73
225,103,-76
225,104,-2
225,105,-36
225,106,93
225,107,-58
225,108,-61
225,109,-78
225,110,76
225,111,-93
225,112,27
225,113,-94
225,114,-80
225,115,-66
225,116,0
225,117,-2
225,118,-19
225,119,-40
225,120,-27
225,121,95
225,122,57
225,123,8
225,124,-33
225,125,36
225,126,-84
225,127,-58
225,128,2
225,129,-13
225,130,84
225,131,2
225,132,40
225,133,84
225,134,53
225,135,88
225,136,-39
225,137,-82
225,138,-20
225,139,-71
225,140,26
225,141,-88
225,142,76
225,143,-19
225,144,20
225,145,15
225,146,78
225,147,10
225,148,-92
225,149,-72
225,150,-8
225,151,9
225,152,35
225,153,7
225,154,-20
225,155,-86
225,156,96
225,157,61
225,158,79
225,159,77
225,160,94
225,161,-96
225,162,-3
225,163,-92
225,164,-96
225,165,54
225,166,12
225,167,16
225,168,-17
225,169,-54
225,170,-39
225,171,-56
225,172,-35
225,173,-78
225,174,-3
225,175,88
225,176,-8
225,177,-58
225,178,62
225,179,57
225,180,-34
225,181,37
225,182,27
225,183,-45
225,184,-67
225,185,-36
225,186,-95
225,187,97
225,188,70
225,189,-85
225,190,90
225,191,92
225,192,32
225,193,-76
225,194,-74
225,195,69
225,196,16
225,197,23
225,198,-46
225,199,6
225,200,-75
225,201,-85
225,202,8
225,203,7
225,204,-11
225,205,0
225,206,55
225,207,57
225,208,25
225,209,21
225,210,-12
225,211,72
225,212,46
225,213,-88
225,214,-26
225,215,11
225,216,50
225,217,-87
225,218,-3
225,219,3
225,220,50
225,221,67
225,222,-37
225,223,86
225,224,-81
225,225,59
225,226,-23
225,227,-77
225,228,-55
225,229,-83
225,230,10
225,231,-7
225,232,75
225,233,41
225,234,81
225,235,48
225,236,-3
225,237,-96
225,238,27
225,239,58
225,240,94
225,241,-14
225,242,19
225,243,86
225,244,71
225,245,-37
225,246,-7
225,247,69
225,248,20
225,249,-1
225,250,65
225,251,34
225,252,-42
225,253,-32
225,254,97
225,255,-52
225,256,-90
225,257,0
225,258,29
225,259,9
225,260,-74
225,261,43
225,262,-37
225,263,93
225,264,76
225,265,-11
225,266,-85
225,267,-28
225,268,79
225,269,15
225,270,32
225,271,63
225,272,-94
225,273,-40
225,274,-5
225,275,56
225,276,19
225,277,94
225,278,57
225,279,67
225,280,-70
225,281,-53
225,282,-10
225,283,-95
225,284,89
225,285,-72
225,286,36
225,287,81
225,288,-17
225,289,13
225,290,38
225,291,-82
225,292,-27
225,293,32
225,294,2
225,295,-31
225,296,-6
225,297,-83
225,298,-80
225,299,42
226,0,86
226,1,-95
226,2,-77
226,3,-41
226,4,-73
226,5,-27
226,6,-78
226,7,-22
226,8,-55
226,9,11
226,10,-64
226,11,41
226,12,-53
226,13,-23
226,14,98
226,15,14
226,16,-65
226,17,-41
226,18,81
226,19,-22
226,20,12
226,21,90
226,22,-4
226,23,10
226,24,-53
226,25,19
226,26,49
226,27,-58
226,28,-60
226,29,44
226,30,-38
226,31,45
226,32,-29
226,33,-98
226,34,-47
226,35,18
226,36,41
226,37,-67
226,38,26
226,39,25
226,40,-100
226,41,75
226,42,-2
226,43,-91
226,44,-18
226,45,38
226,46,18
226,47,26
226,48,-2
226,49,-35
226,50,-98
226,51,42
226,52,-42
226,53,4
226,54,91
226,55,74
226,56,-9
226,57,29
226,58,57
226,59,65
226,60,-96
226,61,33
226,62,32
226,63,-89
226,64,31
226,65,51
226,66,52
226,67,-75
226,68,-46
226,69,25
226,70,-55
226,71,73
226,72,-58
226,73,87
226,74,60
226,75,-80
226,76,64
226,77,-89
226,78,0
226,79,48
226,80,40
226,81,16
226,82,-68
226,83,97
226,84,-25
226,85,88
226,86,19
226,87,57
226,88,-64
226,89,-19
226,90,43
226,91,-56
226,92,98
226,93,28
226,94,80
226,95,-73
226,96,80
226,97,-57
226,98,-34
226,99,6
226,100,66
226,101,-91
226,102,-50
226,103,8
226,104,41
226,105,-22
226,106,33
226,107,66
226,108,-21
226,109,-19
226,110,-2
226,111,75
226,112,52
226,113,19
226,114,-68
226,115,-18
226,116,1
226,117,-26
226,118,19
226,119,94
226,120,1
226,121,-36
226,122,67
226,123,-76
226,124,-44
226,125,59
226,126,-55
226,127,-1
226,128,31
226,129,18
226,130,50
226,131,-21
226,132,-26
226,133,49
226,134,2
226,135,25
226,136,-68
226,137,-60
226,138,89
226,139,65
226,140,83
226,141,-38
226,142,-16
226,143,82
226,144,78
226,145,-11
226,146,-36
226,147,4
226,148,-44
226,149,-15
226,150,54
226,151,84
226,152,82
226,153,-29
226,154,-19
226,155,-97
226,156,-36
226,157,83
226,158,80
226,159,-57
226,160,-85
226,161,-7
226,162,-78
226,163,58
226,164,55
226,165,77
226,166,0
226,167,-85
226,168,-60
226,169,36
226,170,-99
226,171,9
226,172,-58
226,173,-35
226,174,-5
226,175,-24
226,176,76
226,177,24
226,178,-4
226,179,-80
226,180,46
226,181,11
226,182,-44
226,183,-24
226,184,-41
226,185,46
226,186,-2
226,187,91
226,188,-66
226,189,25
226,190,60
226,191,-34
226,192,-14
226,193,-53
226,194,87
226,195,-56
226,196,-26
226,197,-33
226,198,95
226,199,42
226,200,-9
226,201,-29
226,202,-3
226,203,-86
226,204,50
226,205,87
226,206,-10
226,207,41
226,208,16
226,209,-99
226,210,24
226,211,-58
226,212,-30
226,213,43
226,214,-15
226,215,-73
226,216,59
226,217,-30
226,218,6
226,219,29
226,220,99
226,221,-94
226,222,-63
226,223,75
226,224,6
226,225,-15
226,226,-19
226,227,-28
226,228,-99
226,229,-59
226,230,69
226,231,-20
226,232,47
226,233,-95
226,234,38
226,235,96
226,236,-27
226,237,-61
226,238,27
226,239,-65
226,240,2
226,241,78
226,242,-54
226,243,-3
226,244,44
226,245,-75
226,246,80
226,247,26
226,248,-53
226,249,-74
226,250,-55
226,251,-34
226,252,22
226,253,46
226,254,-29
226,255,-20
226,256,-36
226,257,-30
226,258,-65
226,259,-34
226,260,-18
226,261,69
226,262,-34
226,263,-3
226,264,-32
226,265,76
226,266,-64
226,267,-55
226,268,-45
226,269,18
226,270,-38
226,271,-23
226,272,-71
226,273,-5
226,274,-38
226,275,14
226,276,8
226,277,-25
226,278,53
226,279,-78
226,280,12
226,281,47
226,282,1
226,283,-55
226,284,58
226,285,94
226,286,48
226,287,-50
226,288,66
226,289,-38
226,290,-32
226,291,-81
226,292,18
226,293,-78
226,294,69
226,295,30
226,296,-74
226,297,-10
226,298,-21
226,299,51
227,0,-92
227,1,29
227,2,33
227,3,-30
227,4,-22
227,5,-80
227,6,-1
227,7,56
227,8,-88
227,9,96
227,10,10
227,11,2
227,12,2
227,13,69
227,14,8
227,15,19
227,16,25
227,17,28
227,18,47
227,19,70
227,20,-100
227,21,-61
227,22,-94
227,23,62
227,24,79
227,25,-67
227,26,77
227,27,-32
227,28,56
227,29,13
227,30,11
227,31,98
227,32,-100
227,33,-28
227,34,85
227,35,92
227,36,-84
227,37,89
227,38,4
227,39,-7
227,40,69
227,41,55
227,42,-98
227,43,-96
227,44,93
227,45,-47
227,46,65
227,47,-57
227,48,-25
227,49,84
227,50,17
227,51,98
227,52,-77
227,53,-21
227,54,86
227,55,-93
227,56,-10
227,57,-11
227,58,-6
227,59,-99
227,60,-60
227,61,83
227,62,-53
227,63,5
227,64,-79
227,65,-4
227,66,-83
227,67,-22
227,68,68
227,69,-34
227,70,-53
227,71,21
227,72,-78
227,73,10
227,74,29
227,75,5
227,76,-97
227,77,53
227,78,-82
227,79,-52
227,80,-27
227,81,-48
227,82,33
227,83,89
227,84,28
227,85,43
227,86,79
227,87,-94
227,88,-13
227,89,-66
227,90,-33
227,91,4
227,92,42
227,93,7
227,94,84
227,95,50
227,96,-23
227,97,24
227,98,1
227,99,38
227,100,31
227,101,85
227,102,67
227,103,-43
227,104,18
227,105,-13
227,106,21
227,107,-34
227,108,-63
227,109,29
227,110,-14
227,111,-61
227,112,-45
227,113,99
227,114,-66
227,115,-52
227,116,6
227,117,94
227,118,-5
227,119,21
227,120,-6
227,121,71
227,122,-70
227,123,24
227,124,92
227,125,-25
227,126,25
227,127,45
227,128,-13
227,129,-65
227,130,89
227,131,56
227,132,50
227,133,-98
227,134,-71
227,135,-56
227,136,76
227,137,12
227,138,21
227,139,-82
227,140,91
227,141,32
227,142,-45
227,143,61
227,144,-28
227,145,2
227,146,75
227,147,-75
227,148,32
227,149,-13
227,150,58
227,151,-77
227,152,-16
227,153,-79
227,154,1
227,155,49
227,156,-44
227,157,57
227,158,12
227,159,-54
227,160,94
227,161,66
227,162,-12
227,163,93
227,164,-10
227,165,56
227,166,41
227,167,-97
227,168,99
227,169,-96
227,170,-57
227,171,-10
227,172,-77
227,173,-73
227,174,51
227,175,27
227,176,-96
227,177,-88
227,178,-46
227,179,-71
227,180,1
227,181,-18
227,182,76
227,183,12
227,184,-19
227,185,-11
227,186,-86
227,187,-71
227,188,-73
227,189,31
227,190,-33
227,191,0
227,192,42
227,193,-67
227,194,-2
227,195,70
227,196,-40
227,197,90
227,198,-99
227,199,17
227,200,-49
227,201,-49
227,202,-86
227,203,67
227,204,-73
227,205,-5
227,206,-3
227,207,-46
227,208,77
227,209,-79
227,210,56
227,211,-29
227,212,39
227,213,-63
227,214,19
227,215,-99
227,216,39
227,217,82
227,218,25
227,219,39
227,220,8
227,221,-92
227,222,-69
227,223,-28
227,224,35
227,225,15
227,226,55
227,227,83
227,228,-19
227,229,6
227,230,-65
227,231,16
227,232,64
227,233,-69
227,234,66
227,235,-52
227,236,45
227,237,-78
227,238,-68
227,239,11
227,240,78
227,241,70
227,242,-97
227,243,-21
227,244,94
227,245,99
227,246,24
227,247,-99
227,248,-56
227,249,-13
227,250,14
227,251,67
227,252,29
227,253,59
227,254,-100
227,255,-83
227,256,91
227,257,59
227,258,-92
227,259,-46
227,260,-34
227,261,-77
227,262,20
227,263,-90
227,264,55
227,265,-85
227,266,-8
227,267,4
227,268,-89
227,269,20
227,270,95
227,271,-11
227,272,31
227,273,-26
227,274,-35
227,275,-70
227,276,83
227,277,77
227,278,94
227,279,-12
227,280,-3
227,281,28
227,282,96
227,283,-62
227,284,79
227,285,-6
227,286,63
227,287,94
227,288,39
227,289,-40
227,290,-29
227,291,38
227,292,8
227,293,-87
227,294,81
227,295,35
227,296,60
227,297,31
227,298,12
227,299,-71
228,0,-17
228,1,-7
228,2,-10
228,3,-12
228,4,-47
228,5,33
228,6,-96
228,7,-50
228,8,41
228,9,-67
228,10,68
228,11,-12
228,12,66
228,13,45
228,14,-81
228,15,6
228,16,35
228,17,-75
228,18,-16
228,19,54
228,20,59
228,21,-59
228,22,77
228,23,-20
228,24,76
228,25,92
228,26,90
228,27,-74
228,28,-1
228,29,-66
228,30,-63
228,31,-63
228,32,-59
228,33,69
228,34,76
228,35,-44
228,36,-1
228,37,-47
228,38,37
228,39,87
228,40,-61
228,41,28
228,42,19
228,43,-15
228,44,-37
228,45,-20
228,46,-89
228,47,84
228,48,-12
228,49,-75
228,50,-61
228,51,9
228,52,12
228,53,-58
228,54,-29
228,55,40
228,56,-11
228,57,83
228,58,-84
228,59,-13
228,60,-77
228,61,-25
228,62,-43
228,63,88
228,64,55
228,65,94
228,66,-4
228,67,-50
228,68,-13
228,69,-9
228,70,10
228,71,66
228,72,93
228,73,0
228,74,67
228,75,-88
228,76,46
228,77,-95
228,78,45
228,79,-92
228,80,-20
228,81,-33
228,82,-47
228,83,25
228,84,-51
228,85,-31
228,86,38
228,87,82
228,88,17
228,89,69
228,90,-11
228,91,38
228,92,-29
228,93,-34
228,94,29
228,95,93
228,96,-75
228,97,-25
228,98,-64
228,99,-65
228,100,-85
228,101,-23
228,102,-35
228,103,-80
228,104,34
228,105,38
228,106,83
228,107,71
228,108,-47
228,109,-8
228,110,84
228,111,-43
228,112,-64
228,113,19
228,114,75
228,115,89
228,116,-62
228,117,91
228,118,3
228,119,-33
228,120,-33
228,121,54
228,122,97
228,123,3
228,124,-41
228,125,71
228,126,57
228,127,85
228,128,25
228,129,22
228,130,-65
228,131,32
228,132,23
228,133,46
228,134,39
228,135,-11
228,136,87
228,137,-18
228,138,38
228,139,-48
228,140,-81
228,141,-28
228,142,-17
228,143,-74
228,144,-43
228,145,22
228,146,32
228,147,-27
228,148,36
228,149,-24
228,150,24
228,151,24
228,152,-69
228,153,99
228,154,81
228,155,72
228,156,-74
228,157,55
228,158,-83
228,159,-14
228,160,4
228,161,58
228,162,-60
228,163,-67
228,164,-94
228,165,-96
228,166,-80
228,167,33
228,168,72
228,169,19
228,170,62
228,171,5
228,172,-14
228,173,30
228,174,60
228,175,-63
228,176,-14
228,177,-21
228,178,12
228,179,43
228,180,-12
228,181,5
228,182,-30
228,183,-93
228,184,30
228,185,-32
228,186,27
228,187,-82
228,188,34
228,189,-15
228,190,-51
228,191,33
228,192,32
228,193,-40
228,194,-6
228,195,-43
228,196,49
228,197,84
228,198,-69
228,199,44
228,200,85
228,201,68
228,202,-79
228,203,-21
228,204,-59
228,205,-22
228,206,35
228,207,-55
228,208,75
228,209,14
228,210,30
228,211,-24
228,212,-71
228,213,-73
228,214,-28
228,215,52
228,216,64
228,217,78
228,218,-62
228,219,-18
228,220,99
228,221,-34
228,222,28
228,223,-63
228,224,79
228,225,90
228,226,-49
228,227,-18
228,228,-16
228,229,87
228,230,-88
228,231,-84
228,232,-17
228,233,57
228,234,65
228,235,38
228,236,54
228,237,-63
228,238,-73
228,239,53
228,240,2
228,241,60
228,242,59
228,243,81
228,244,52
228,245,-77
228,246,67
228,247,54
228,248,-55
228,249,-17
228,250,-4
228,251,-32
228,252,-32
228,253,-62
228,254,56
228,255,-26
228,256,-15
228,257,-70
228,258,-36
228,259,-86
228,260,-18
228,261,-27
228,262,-92
228,263,-88
228,264,19
228,265,-56
228,266,-11
228,267,33
228,268,3
228,269,-57
228,270,-99
228,271,56
228,272,75
228,273,24
228,274,-89
228,275,13
228,276,-34
228,277,77
228,278,-90
228,279,-96
228,280,-56
228,281,16
228,282,74
228,283,33
228,284,-21
228,285,-7
228,286,-17
228,287,-12
228,288,96
228,289,90
228,290,10
228,291,-34
228,292,74
228,293,61
228,294,-89
228,295,-74
228,296,96
228,297,4
228,298,-15
228,299,95
229,0,16
229,1,55
229,2,98
229,3,72
229,4,29
229,5,36
229,6,-70
229,7,63
229,8,12
229,9,4
229,10,-86
229,11,-4
229,12,89
229,13,-70
229,14,54
229,15,-99
229,16,-58
229,17,14
229,18,22
229,19,-100
229,20,-92
229,21,87
229,22,29
229,23,0
229,24,85
229,25,92
229,26,9
229,27,39
229,28,82
229,29,37
229,30,10
229,31,-36
229,32,-36
229,33,-40
229,34,-6
229,35,96
229,36,-66
229,37,38
229,38,95
229,39,-63
229,40,13
229,41,-62
229,42,48
229,43,19
229,44,63
229,45,9
229,46,99
229,47,-81
229,48,-58
229,49,48
229,50,62
229,51,-37
229,52,6
229,53,-69
229,54,-65
229,55,4
229,56,-32
229,57,8
229,58,79
229,59,31
229,60,-94
229,61,-17
229,62,98
229,63,51
229,64,48
229,65,84
229,66,46
229,67,55
229,68,59
229,69,-67
229,70,-85
229,71,-63
229,72,14
229,73,-20
229,74,18
229,75,31
229,76,-45
229,77,67
229,78,19
229,79,-51
229,80,8
229,81,16
229,82,67
229,83,5
229,84,-19
229,85,13
229,86,-52
229,87,-53
229,88,33
229,89,25
229,90,32
229,91,-22
229,92,72
229,93,43
229,94,11
229,95,44
229,96,86
229,97,19
229,98,83
229,99,0
229,100,6
229,101,-22
229,102,62
229,103,-93
229,104,-2
229,105,-40
229,106,-1
229,107,-74
229,108,18
229,109,-81
229,110,-44
229,111,97
229,112,-78
229,113,-1
229,114,29
229,115,54
229,116,59
229,117,77
229,118,91
229,119,-61
229,120,3
229,121,-68
229,122,-72
229,123,-68
229,124,-1
229,125,44
229,126,-27
229,127,-36
229,128,21
229,129,-58
229,130,90
229,131,16
229,132,26
229,133,-1
229,134,85
229,135,-10
229,136,-58
229,137,64
229,138,-55
229,139,-76
229,140,-3
229,141,94
229,142,-8
229,143,-2
229,144,4
229,145,78
229,146,-27
229,147,16
229,148,-63
229,149,65
229,150,-100
229,151,-47
229,152,92
229,153,-5
229,154,-79
229,155,88
229,156,85
229,157,81
229,158,-82
229,159,97
229,160,-67
229,161,-57
229,162,16
229,163,8
229,164,-34
229,165,13
229,166,79
229,167,-79
229,168,-72
229,169,41
229,170,-39
229,171,-86
229,172,41
229,173,14
229,174,94
229,175,49
229,176,-4
229,177,-14
229,178,24
229,179,19
229,180,-94
229,181,-17
229,182,-94
229,183,-84
229,184,-69
229,185,24
229,186,-22
229,187,83
229,188,-39
229,189,-43
229,190,10
229,191,85
229,192,30
229,193,-12
229,194,-21
229,195,17
229,196,-100
229,197,9
229,198,-34
229,199,47
229,200,-39
229,201,-45
229,202,80
229,203,92
229,204,-45
229,205,-23
229,206,72
229,207,-22
229,208,-5
229,209,45
229,210,-53
229,211,-63
229,212,-79
229,213,98
229,214,-28
229,215,28
229,216,69
229,217,24
229,218,23
229,219,99
229,220,-26
229,221,96
229,222,56
229,223,33
229,224,-45
229,225,19
229,226,-89
229,227,-62
229,228,98
229,229,7
229,230,39
229,231,-68
229,232,19
229,233,-18
229,234,80
229,235,-82
229,236,85
229,237,-16
229,238,27
229,239,-58
229,240,-28
229,241,72
229,242,-15
229,243,-82
229,244,64
229,245,-90
229,246,83
229,247,27
229,248,52
229,249,-2
229,250,96
229,251,-56
229,252,-39
229,253,-6
229,254,41
229,255,-67
229,256,-3
229,257,-41
229,258,-37
229,259,97
229,260,78
229,261,-59
229,262,48
229,263,3
229,264,32
229,265,-35
229,266,97
229,267,13
229,268,88
229,269,35
229,270,-35
229,271,-14
229,272,-39
229,273,47
229,274,31
229,275,42
229,276,83
229,277,-81
229,278,-77
229,279,-92
229,280,15
229,281,48
229,282,-60
229,283,-88
229,284,32
229,285,91
229,286,-55
229,287,-23
229,288,-30
229,289,97
229,290,-42
229,291,-50
229,292,-85
229,293,-50
229,294,27
229,295,69
229,296,-90
229,297,-33
229,298,20
229,299,79
230,0,37
230,1,-29
230,2,90
230,3,63
230,4,-56
230,5,-95
230,6,-95
230,7,-10
230,8,93
230,9,-28
230,10,-37
230,11,-63
230,12,96
230,13,88
230,14,-23
230,15,-38
230,16,10
230,17,-30
230,18,-81
230,19,-24
230,20,-37
230,21,-64
230,22,7
230,23,63
230,24,-91
230,25,61
230,26,-56
230,27,-38
230,28,-88
230,29,-76
230,30,26
230,31,-57
230,32,-27
230,33,15
230,34,51
230,35,-32
230,36,-54
230,37,-10
230,38,-51
230,39,15
230,40,63
230,41,-68
230,42,-9
230,43,3
230,44,30
230,45,58
230,46,-41
230,47,-72
230,48,71
230,49,72
230,50,15
230,51,-59
230,52,48
230,53,-69
230,54,55
230,55,74
230,56,-2
230,57,19
230,58,-54
230,59,-84
230,60,-72
230,61,-53
230,62,29
230,63,-68
230,64,27
230,65,90
230,66,-33
230,67,-62
230,68,32
230,69,18
230,70,-33
230,71,-49
230,72,79
230,73,56
230,74,64
230,75,35
230,76,47
230,77,68
230,78,-31
230,79,-65
230,80,-69
230,81,-96
230,82,3
230,83,47
230,84,-33
230,85,49
230,86,58
230,87,68
230,88,-96
230,89,-91
230,90,13
230,91,64
230,92,-45
230,93,-15
230,94,51
230,95,-1
230,96,43
230,97,-99
230,98,42
230,99,68
230,100,-38
230,101,76
230,102,53
230,103,-7
230,104,-35
230,105,17
230,106,-72
230,107,97
230,108,87
230,109,92
230,110,-61
230,111,-90
230,112,79
230,113,25
230,114,-14
230,115,-11
230,116,-22
230,117,91
230,118,2
230,119,-20
230,120,-2
230,121,-1
230,122,30
230,123,-90
230,124,-73
230,125,89
230,126,-53
230,127,-73
230,128,-55
230,129,91
230,130,-46
230,131,-18
230,132,18
230,133,-99
230,134,43
230,135,-90
230,136,-98
230,137,82
230,138,-59
230,139,56
230,140,96
230,141,-9
230,142,58
230,143,-24
230,144,52
230,145,19
230,146,33
230,147,87
230,148,15
230,149,-34
230,150,49
230,151,-60
230,152,80
230,153,87
230,154,-62
230,155,-46
230,156,57
230,157,-30
230,158,29
230,159,-93
230,160,13
230,161,-38
230,162,86
230,163,-4
230,164,55
230,165,-27
230,166,65
230,167,-83
230,168,89
230,169,-4
230,170,-78
230,171,92
230,172,23
230,173,67
230,174,-41
230,175,-16
230,176,-96
230,177,-2
230,178,45
230,179,65
230,180,10
230,181,56
230,182,53
230,183,-41
230,184,63
230,185,13
230,186,-19
230,187,56
230,188,58
230,189,90
230,190,5
230,191,40
230,192,17
230,193,98
230,194,22
230,195,67
230,196,20
230,197,97
230,198,-99
230,199,17
230,200,35
230,201,-27
230,202,26
230,203,17
230,204,7
230,205,-58
230,206,76
230,207,11
230,208,49
230,209,62
230,210,-82
230,211,31
230,212,-82
230,213,-81
230,214,-97
230,215,-52
230,216,53
230,217,-98
230,218,-49
230,219,27
230,220,-65
230,221,68
230,222,97
230,223,78
230,224,2
230,225,-85
230,226,-54
230,227,-21
230,228,-55
230,229,-1
230,230,82
230,231,-3
230,232,23
230,233,66
230,234,33
230,235,-17
230,236,-40
230,237,-92
230,238,38
230,239,-36
230,240,-10
230,241,21
230,242,-42
230,243,11
230,244,12
230,245,97
230,246,17
230,247,-94
230,248,11
230,249,21
230,250,-40
230,251,-44
230,252,-15
230,253,61
230,254,-17
230,255,-56
230,256,-56
230,257,-86
230,258,36
230,259,73
230,260,73
230,261,-65
230,262,-55
230,263,-59
230,264,57
230,265,38
230,266,17
230,267,-68
230,268,25
230,269,9
230,270,67
230,271,-31
230,272,70
230,273,9
230,274,66
230,275,24
230,276,-62
230,277,80
230,278,-18
230,279,58
230,280,5
230,281,-38
230,282,-76
230,283,-60
230,284,77
230,285,-42
230,286,76
230,287,-71
230,288,-56
230,289,95
230,290,-48
230,291,53
230,292,98
230,293,-61
230,294,39
230,295,-100
230,296,-31
230,297,28
230,298,35
230,299,11
231,0,-68
231,1,95
231,2,14
231,3,77
231,4,3
231,5,33
231,6,87
231,7,90
231,8,79
231,9,30
231,10,-22
231,11,97
231,12,-95
231,13,-64
231,14,78
231,15,-74
231,16,5
231,17,73
231,18,-32
231,19,22
231,20,44
231,21,-84
231,22,4
231,23,17
231,24,-78
231,25,-62
231,26,60
231,27,93
231,28,-91
231,29,-18
231,30,67
231,31,-28
231,32,42
231,33,-58
231,34,-13
231,35,-89
231,36,-79
231,37,-83
231,38,93
231,39,-39
231,40,88
231,41,87
231,42,-22
231,43,66
231,44,49
231,45,41
231,46,4
231,47,-94
231,48,62
231,49,-67
231,50,94
231,51,-38
231,52,29
231,53,8
231,54,72
231,55,-38
231,56,29
231,57,81
231,58,-50
231,59,-60
231,60,32
231,61,-16
231,62,-30
231,63,52
231,64,-100
231,65,-92
231,66,93
231,67,94
231,68,7
231,69,0
231,70,21
231,71,7
231,72,-97
231,73,48
231,74,-40
231,75,-75
231,76,16
231,77,71
231,78,64
231,79,-23
231,80,37
231,81,-19
231,82,-20
231,83,-26
231,84,-54
231,85,-13
231,86,-18
231,87,50
231,88,19
231,89,22
231,90,-47
231,91,86
231,92,46
231,93,-76
231,94,-34
231,95,40
231,96,-80
231,97,-79
231,98,74
231,99,90
231,100,-72
231,101,-52
231,102,6
231,103,-76
231,104,50
231,105,-25
231,106,-52
231,107,50
231,108,-96
231,109,56
231,110,-96
231,111,-62
231,112,62
231,113,-20
231,114,-71
231,115,83
231,116,-99
231,117,-86
231,118,-50
231,119,-78
231,120,-75
231,121,-90
231,122,27
231,123,-77
231,124,36
231,125,-30
231,126,37
231,127,-4
231,128,9
231,129,-29
231,130,-30
231,131,84
231,132,-11
231,133,26
231,134,22
231,135,42
231,136,-68
231,137,38
231,138,46
231,139,69
231,140,-43
231,141,45
231,142,45
231,143,-79
231,144,-12
231,145,17
231,146,79
231,147,-57
231,148,58
231,149,-92
231,150,-51
231,151,18
231,152,-40
231,153,-82
231,154,-49
231,155,-46
231,156,-76
231,157,-32
231,158,-26
231,159,40
231,160,61
231,161,-29
231,162,-76
231,163,-10
231,164,-26
231,165,-37
231,166,-19
231,167,37
231,168,-4
231,169,-1
231,170,-84
231,171,-96
231,172,-34
231,173,0
231,174,37
231,175,54
231,176,83
231,177,34
231,178,12
231,179,-72
231,180,-52
231,181,66
231,182,97
231,183,-92
231,184,99
231,185,88
231,186,-23
231,187,81
231,188,36
231,189,-41
231,190,-49
231,191,20
231,192,-26
231,193,-90
231,194,3
231,195,62
231,196,-26
231,197,-65
231,198,82
231,199,30
231,200,8
231,201,-18
231,202,99
231,203,80
231,204,-73
231,205,-48
231,206,-47
231,207,80
231,208,-36
231,209,-48
231,210,-61
231,211,-60
231,212,65
231,213,-26
231,214,-72
231,215,58
231,216,88
231,217,-61
231,218,29
231,219,-53
231,220,-100
231,221,-42
231,222,59
231,223,-13
231,224,-99
231,225,-42
231,226,30
231,227,-52
231,228,-25
231,229,-67
231,230,-39
231,231,-67
231,232,-78
231,233,-82
231,234,79
231,235,-41
231,236,26
231,237,-5
231,238,55
231,239,-11
231,240,-52
231,241,-56
231,242,-25
231,243,6
231,244,-41
231,245,83
231,246,31
231,247,45
231,248,56
231,249,19
231,250,66
231,251,-46
231,252,85
231,253,74
231,254,-70
231,255,14
231,256,55
231,257,54
231,258,-71
231,259,-52
231,260,69
231,261,-26
231,262,-33
231,263,-1
231,264,28
231,265,71
231,266,2
231,267,64
231,268,60
231,269,48
231,270,-13
231,271,67
231,272,88
231,273,13
231,274,-88
231,275,12
231,276,65
231,277,56
231,278,80
231,279,-37
231,280,-65
231,281,3
231,282,10
231,283,-96
231,284,47
231,285,38
231,286,-29
231,287,55
231,288,76
231,289,68
231,290,45
231,291,57
231,292,27
231,293,41
231,294,-45
231,295,-28
231,296,79
231,297,-10
231,298,93
231,299,94
232,0,-72
232,1,27
232,2,-74
232,3,-33
232,4,62
232,5,-10
232,6,-91
232,7,26
232,8,-75
232,9,-30
232,10,-10
232,11,-7
232,12,-25
232,13,3
232,14,88
232,15,96
232,16,83
232,17,-24
232,18,91
232,19,-60
232,20,31
232,21,-35
232,22,64
232,23,-67
232,24,21
232,25,-51
232,26,97
232,27,-11
232,28,-59
232,29,28
232,30,-67
232,31,37
232,32,-96
232,33,-11
232,34,71
232,35,46
232,36,48
232,37,20
232,38,61
232,39,-72
232,40,1
232,41,-61
232,42,14
232,43,-83
232,44,22
232,45,-52
232,46,88
232,47,-36
232,48,63
232,49,-31
232,50,-94
232,51,-40
232,52,91
232,53,3
232,54,-13
232,55,57
232,56,-84
232,57,71
232,58,99
232,59,-25
232,60,-75
232,61,44
232,62,62
232,63,73
232,64,7
232,65,32
232,66,-56
232,67,-26
232,68,43
232,69,-43
232,70,-59
232,71,-7
232,72,87
232,73,83
232,74,33
232,75,-81
232,76,-77
232,77,-10
232,78,94
232,79,-49
232,80,37
232,81,52
232,82,5
232,83,72
232,84,-100
232,85,-76
232,86,11
232,87,2
232,88,36
232,89,69
232,90,90
232,91,4
232,92,52
232,93,-53
232,94,82
232,95,-35
232,96,-77
232,97,-19
232,98,-10
232,99,71
232,100,83
232,101,-66
232,102,-67
232,103,-95
232,104,76
232,105,43
232,106,40
232,107,-89
232,108,38
232,109,-54
232,110,-41
232,111,-52
232,112,-49
232,113,-40
232,114,-6
232,115,19
232,116,-61
232,117,-11
232,118,-30
232,119,80
232,120,-40
232,121,49
232,122,-63
232,123,-40
232,124,-18
232,125,-1
232,126,17
232,127,-54
232,128,-74
232,129,45
232,130,24
232,131,-81
232,132,-59
232,133,-60
232,134,-29
232,135,-43
232,136,-61
232,137,18
232,138,57
232,139,39
232,140,17
232,141,-39
232,142,89
232,143,-14
232,144,-31
232,145,-2
232,146,42
232,147,23
232,148,-94
232,149,33
232,150,-74
232,151,-99
232,152,33
232,153,-40
232,154,59
232,155,56
232,156,-36
232,157,42
232,158,37
232,159,-91
232,160,-91
232,161,-64
232,162,-69
232,163,-65
232,164,-37
232,165,42
232,166,-28
232,167,-85
232,168,4
232,169,-18
232,170,73
232,171,21
232,172,71
232,173,-25
232,174,-66
232,175,24
232,176,-50
232,177,6
232,178,85
232,179,-96
232,180,65
232,181,-95
232,182,78
232,183,41
232,184,75
232,185,-89
232,186,13
232,187,79
232,188,13
232,189,-33
232,190,6
232,191,-42
232,192,-83
232,193,80
232,194,-70
232,195,-66
232,196,-97
232,197,-92
232,198,8
232,199,42
232,200,-59
232,201,86
232,202,-16
232,203,-5
232,204,11
232,205,-69
232,206,-21
232,207,-56
232,208,-96
232,209,58
232,210,52
232,211,83
232,212,-100
232,213,-40
232,214,-34
232,215,-34
232,216,69
232,217,-5
232,218,-7
232,219,-42
232,220,77
232,221,-67
232,222,11
232,223,-33
232,224,81
232,225,41
232,226,59
232,227,97
232,228,6
232,229,-20
232,230,-93
232,231,62
232,232,-77
232,233,-98
232,234,-20
232,235,-65
232,236,78
232,237,3
232,238,-20
232,239,84
232,240,-42
232,241,-7
232,242,-79
232,243,64
232,244,25
232,245,-89
232,246,48
232,247,42
232,248,-89
232,249,-15
232,250,2
232,251,-45
232,252,5
232,253,43
232,254,-68
232,255,16
232,256,70
232,257,-52
232,258,-23
232,259,-83
232,260,43
232,261,67
232,262,94
232,263,6
232,264,89
232,265,-11
232,266,-22
232,267,-1
232,268,54
232,269,17
232,270,19
232,271,26
232,272,-20
232,273,41
232,274,93
232,275,54
232,276,-47
232,277,-13
232,278,87
232,279,67
232,280,72
232,281,-2
232,282,-33
232,283,95
232,284,90
232,285,67
232,286,-60
232,287,88
232,288,92
232,289,-100
232,290,-92
232,291,-26
232,292,-21
232,293,-8
232,294,42
232,295,-42
232,296,93
232,297,-91
232,298,76
232,299,38
233,0,-71
233,1,-78
233,2,-79
233,3,78
233,4,-59
233,5,-72
233,6,72
233,7,60
233,8,66
233,9,-36
233,10,77
233,11,11
233,12,-15
233,13,-53
233,14,-64
233,15,-15
233,16,60
233,17,33
233,18,-10
233,19,-31
233,20,-46
233,21,71
233,22,-51
233,23,-47
233,24,90
233,25,4
233,26,-85
233,27,27
233,28,-54
233,29,84
233,30,29
233,31,64
233,32,-8
233,33,-78
233,34,40
233,35,14
233,36,-36
233,37,-53
233,38,-94
233,39,58
233,40,90
233,41,72
233,42,-45
233,43,91
233,44,-79
233,45,-38
233,46,-21
233,47,-73
233,48,71
233,49,2
233,50,41
233,51,-16
233,52,46
233,53,87
233,54,-24
233,55,-99
233,56,-50
233,57,-23
233,58,61
233,59,-19
233,60,-50
233,61,46
233,62,63
233,63,17
233,64,53
233,65,62
233,66,-38
233,67,3
233,68,31
233,69,-16
233,70,-98
233,71,-96
233,72,56
233,73,18
233,74,-82
233,75,14
233,76,44
233,77,-67
233,78,-81
233,79,55
233,80,-28
233,81,94
233,82,37
233,83,48
233,84,15
233,85,-97
233,86,-79
233,87,-30
233,88,89
233,89,-89
233,90,38
233,91,49
233,92,56
233,93,88
233,94,-40
233,95,-74
233,96,74
233,97,-17
233,98,41
233,99,-94
233,100,42
233,101,73
233,102,55
233,103,70
233,104,-91
233,105,78
233,106,-98
233,107,2
233,108,-57
233,109,-47
233,110,61
233,111,92
233,112,-12
233,113,-76
233,114,90
233,115,-31
233,116,-56
233,117,-33
233,118,-75
233,119,-75
233,120,53
233,121,89
233,122,11
233,123,-9
233,124,88
233,125,29
233,126,-60
233,127,72
233,128,-87
233,129,64
233,130,29
233,131,-96
233,132,1
233,133,29
233,134,28
233,135,75
233,136,-79
233,137,-60
233,138,52
233,139,-55
233,140,-7
233,141,-92
233,142,88
233,143,0
233,144,-54
233,145,-27
233,146,-98
233,147,-93
233,148,52
233,149,-65
233,150,-58
233,151,77
233,152,-38
233,153,61
233,154,37
233,155,-74
233,156,-12
233,157,-88
233,158,-50
233,159,-33
233,160,23
233,161,43
233,162,39
233,163,-76
233,164,76
233,165,43
233,166,2
233,167,-99
233,168,-28
233,169,22
233,170,26
233,171,-24
233,172,-23
233,173,-25
233,174,62
233,175,49
233,176,-53
233,177,13
233,178,-37
233,179,94
233,180,49
233,181,-28
233,182,-54
233,183,-61
233,184,5
233,185,80
233,186,17
233,187,-98
233,188,-6
233,189,0
233,190,33
233,191,41
233,192,-18
233,193,85
233,194,-19
233,195,20
233,196,34
233,197,56
233,198,-98
233,199,-88
233,200,63
233,201,4
233,202,-12
233,203,-9
233,204,65
233,205,-26
233,206,-41
233,207,25
233,208,-28
233,209,-79
233,210,48
233,211,22
233,212,-68
233,213,-97
233,214,71
233,215,28
233,216,89
233,217,49
233,218,-42
233,219,-64
233,220,50
233,221,60
233,222,12
233,223,49
233,224,91
233,225,26
233,226,89
233,227,17
233,228,81
233,229,85
233,230,39
233,231,11
233,232,45
233,233,94
233,234,87
233,235,24
233,236,-1
233,237,-100
233,238,20
233,239,-12
233,240,-81
233,241,-84
233,242,76
233,243,49
233,244,13
233,245,60
233,246,-75
233,247,-74
233,248,87
233,249,61
233,250,-14
233,251,-21
233,252,79
233,253,-46
233,254,-40
233,255,77
233,256,90
233,257,91
233,258,-87
233,259,25
233,260,8
233,261,21
233,262,-50
233,263,12
233,264,54
233,265,67
233,266,-33
233,267,-92
233,268,83
233,269,-62
233,270,42
233,271,-12
233,272,-83
233,273,-49
233,274,88
233,275,-64
233,276,-21
233,277,80
233,278,39
233,279,52
233,280,-22
233,281,-76
233,282,48
233,283,21
233,284,-13
233,285,34
233,286,76
233,287,-62
233,288,-26
233,289,-4
233,290,-52
233,291,61
233,292,43
233,293,-5
233,294,42
233,295,-61
233,296,-94
233,297,0
233,298,-61
233,299,93
234,0,-31
234,1,2
234,2,-9
234,3,-79
234,4,0
234,5,86
234,6,32
234,7,45
234,8,-90
234,9,18
234,10,-93
234,11,-81
234,12,-42
234,13,-10
234,14,52
234,15,85
234,16,14
234,17,-82
234,18,24
234,19,29
234,20,5
234,21,85
234,22,-35
234,23,-94
234,24,-50
234,25,-6
234,26,60
234,27,-26
234,28,3
234,29,-88
234,30,37
234,31,12
234,32,-42
234,33,-63
234,34,-81
234,35,-87
234,36,-61
234,37,34
234,38,96
234,39,-95
234,40,67
234,41,80
234,42,-92
234,43,5
234,44,-36
234,45,47
234,46,33
234,47,-5
234,48,-62
234,49,22
234,50,-80
234,51,-64
234,52,-89
234,53,97
234,54,-86
234,55,48
234,56,-16
234,57,-9
234,58,-1
234,59,73
234,60,98
234,61,8
234,62,-15
234,63,37
234,64,-19
234,65,-35
234,66,17
234,67,16
234,68,66
234,69,-79
234,70,-15
234,71,69
234,72,33
234,73,9
234,74,79
234,75,64
234,76,-95
234,77,-28
234,78,56
234,79,0
234,80,96
234,81,78
234,82,-24
234,83,-74
234,84,64
234,85,73
234,86,-3
234,87,-76
234,88,64
234,89,50
234,90,53
234,91,-25
234,92,19
234,93,79
234,94,-98
234,95,-28
234,96,10
234,97,-22
234,98,-29
234,99,55
234,100,-67
234,101,-17
234,102,-36
234,103,-72
234,104,-97
234,105,95
234,106,18
234,107,89
234,108,65
234,109,94
234,110,29
234,111,12
234,112,-9
234,113,-25
234,114,24
234,115,-57
234,116,13
234,117,4
234,118,-6
234,119,16
234,120,0
234,121,-69
234,122,30
234,123,-84
234,124,18
234,125,39
234,126,-37
234,127,90
234,128,-23
234,129,99
234,130,-60
234,131,-99
234,132,80
234,133,-67
234,134,24
234,135,-13
234,136,11
234,137,-61
234,138,98
234,139,92
234,140,-46
234,141,25
234,142,-27
234,143,78
234,144,-96
234,145,-45
234,146,17
234,147,48
234,148,-43
234,149,-8
234,150,-70
234,151,73
234,152,54
234,153,97
234,154,6
234,155,58
234,156,68
234,157,-56
234,158,63
234,159,-99
234,160,-39
234,161,48
234,162,61
234,163,-15
234,164,-88
234,165,-82
234,166,60
234,167,23
234,168,1
234,169,3
234,170,-52
234,171,-98
234,172,65
234,173,-30
234,174,-86
234,175,-63
234,176,52
234,177,-40
234,178,77
234,179,-91
234,180,-1
234,181,0
234,182,77
234,183,22
234,184,-59
234,185,98
234,186,79
234,187,73
234,188,-61
234,189,85
234,190,-77
234,191,-32
234,192,-16
234,193,67
234,194,47
234,195,-72
234,196,-64
234,197,-81
234,198,45
234,199,-97
234,200,38
234,201,91
234,202,-15
234,203,-49
234,204,-58
234,205,41
234,206,21
234,207,72
234,208,55
234,209,31
234,210,43
234,211,65
234,212,90
234,213,50
234,214,-24
234,215,47
234,216,96
234,217,-18
234,218,48
234,219,69
234,220,-32
234,221,-87
234,222,-31
234,223,-96
234,224,51
234,225,56
234,226,-99
234,227,-95
234,228,-67
234,229,-79
234,230,31
234,231,12
234,232,33
234,233,-34
234,234,-24
234,235,90
234,236,-11
234,237,15
234,238,-14
234,239,-33
234,240,61
234,241,0
234,242,99
234,243,61
234,244,-44
234,245,64
234,246,33
234,247,-30
234,248,72
234,249,68
234,250,2
234,251,32
234,252,-41
234,253,94
234,254,44
234,255,8
234,256,92
234,257,0
234,258,82
234,259,-92
234,260,31
234,261,69
234,262,73
234,263,-27
234,264,-5
234,265,28
234,266,-14
234,267,14
234,268,44
234,269,15
234,270,27
234,271,-10
234,272,-22
234,273,17
234,274,-94
234,275,32
234,276,79
234,277,15
234,278,2
234,279,-48
234,280,18
234,281,-98
234,282,-39
234,283,-69
234,284,-99
234,285,-21
234,286,23
234,287,-20
234,288,-48
234,289,39
234,290,23
234,291,32
234,292,-97
234,293,-45
234,294,-21
234,295,91
234,296,-56
234,297,87
234,298,47
234,299,-48
235,0,-28
235,1,-85
235,2,-8
235,3,12
235,4,-71
235,5,-81
235,6,5
235,7,-14
235,8,79
235,9,-65
235,10,-79
235,11,28
235,12,-80
235,13,75
235,14,99
235,15,-96
235,16,19
235,17,67
235,18,-19
235,19,-22
235,20,-56
235,21,58
235,22,42
235,23,-43
235,24,80
235,25,-56
235,26,94
235,27,69
235,28,51
235,29,-63
235,30,-50
235,31,-77
235,32,-10
235,33,60
235,34,46
235,35,-76
235,36,-31
235,37,-52
235,38,-84
235,39,48
235,40,-58
235,41,-19
235,42,49
235,43,-38
235,44,-77
235,45,-68
235,46,94
235,47,-84
235,48,75
235,49,-57
235,50,52
235,51,99
235,52,6
235,53,-2
235,54,87
235,55,-72
235,56,-89
235,57,-1
235,58,26
235,59,36
235,60,-15
235,61,-48
235,62,-40
235,63,58
235,64,12
235,65,-53
235,66,7
235,67,-22
235,68,-54
235,69,60
235,70,-34
235,71,-37
235,72,21
235,73,44
235,74,-57
235,75,-96
235,76,-7
235,77,89
235,78,90
235,79,-22
235,80,-62
235,81,99
235,82,69
235,83,1
235,84,-9
235,85,-80
235,86,74
235,87,-27
235,88,-73
235,89,48
235,90,12
235,91,-73
235,92,-15
235,93,1
235,94,-82
235,95,-38
235,96,15
235,97,79
235,98,-63
235,99,-55
235,100,51
235,101,-9
235,102,72
235,103,-92
235,104,-92
235,105,-80
235,106,-77
235,107,-6
235,108,91
235,109,-8
235,110,-61
235,111,79
235,112,31
235,113,30
235,114,40
235,115,-80
235,116,-93
235,117,19
235,118,9
235,119,28
235,120,-87
235,121,-25
235,122,-65
235,123,49
235,124,16
235,125,63
235,126,-56
235,127,43
235,128,-90
235,129,-34
235,130,-3
235,131,52
235,132,-11
235,133,94
235,134,58
235,135,12
235,136,92
235,137,-11
235,138,-12
235,139,-90
235,140,-21
235,141,-17
235,142,5
235,143,15
235,144,65
235,145,-99
235,146,-47
235,147,-8
235,148,-94
235,149,76
235,150,-61
235,151,-56
235,152,81
235,153,88
235,154,31
235,155,6
235,156,-67
235,157,-93
235,158,-69
235,159,45
235,160,67
235,161,-26
235,162,83
235,163,-64
235,164,82
235,165,-65
235,166,-91
235,167,-31
235,168,17
235,169,90
235,170,61
235,171,-6
235,172,-29
235,173,44
235,174,22
235,175,-40
235,176,45
235,177,88
235,178,-65
235,179,80
235,180,60
235,181,50
235,182,91
235,183,-63
235,184,96
235,185,57
235,186,43
235,187,81
235,188,86
235,189,3
235,190,-9
235,191,-95
235,192,32
235,193,-9
235,194,-100
235,195,-87
235,196,-18
235,197,-70
235,198,78
235,199,20
235,200,-22
235,201,46
235,202,1
235,203,-69
235,204,-44
235,205,-70
235,206,-43
235,207,53
235,208,-53
235,209,22
235,210,-60
235,211,52
235,212,74
235,213,81
235,214,20
235,215,84
235,216,99
235,217,-40
235,218,31
235,219,58
235,220,19
235,221,-5
235,222,11
235,223,94
235,224,-60
235,225,-75
235,226,95
235,227,93
235,228,-82
235,229,-14
235,230,-76
235,231,-54
235,232,98
235,233,-93
235,234,-98
235,235,-68
235,236,11
235,237,55
235,238,-79
235,239,-2
235,240,-3
235,241,-71
235,242,-54
235,243,63
235,244,-42
235,245,-87
235,246,-28
235,247,4
235,248,-87
235,249,83
235,250,51
235,251,-52
235,252,70
235,253,-98
235,254,-78
235,255,47
235,256,8
235,257,42
235,258,-58
235,259,-30
235,260,60
235,261,-46
235,262,25
235,263,-19
235,264,-60
235,265,45
235,266,30
235,267,-98
235,268,-1
235,269,43
235,270,70
235,271,-78
235,272,42
235,273,26
235,274,-43
235,275,67
235,276,17
235,277,65
235,278,16
235,279,-19
235,280,1
235,281,33
235,282,7
235,283,-55
235,284,-95
235,285,22
235,286,-9
235,287,47
235,288,-82
235,289,-87
235,290,-36
235,291,-5
235,292,56
235,293,58
235,294,52
235,295,98
235,296,-55
235,297,79
235,298,-85
235,299,7
236,0,38
236,1,-83
236,2,7
236,3,83
236,4,83
236,5,84
236,6,-32
236,7,19
236,8,93
236,9,-13
236,10,-11
236,11,-85
236,12,1
236,13,33
236,14,79
236,15,24
236,16,19
236,17,82
236,18,-25
236,19,-28
236,20,76
236,21,99
236,22,83
236,23,-60
236,24,98
236,25,5
236,26,83
236,27,20
236,28,-12
236,29,90
236,30,17
236,31,55
236,32,58
236,33,82
236,34,79
236,35,-35
236,36,-55
236,37,7
236,38,-97
236,39,49
236,40,72
236,41,55
236,42,37
236,43,93
236,44,76
236,45,-6
236,46,5
236,47,-21
236,48,-50
236,49,70
236,50,33
236,51,20
236,52,52
236,53,-97
236,54,51
236,55,83
236,56,-10
236,57,82
236,58,-47
236,59,-98
236,60,74
236,61,-71
236,62,-25
236,63,-60
236,64,5
236,65,82
236,66,-42
236,67,-61
236,68,-56
236,69,49
236,70,-86
236,71,-84
236,72,86
236,73,7
236,74,-76
236,75,-58
236,76,91
236,77,78
236,78,-40
236,79,72
236,80,30
236,81,63
236,82,91
236,83,-73
236,84,6
236,85,23
236,86,72
236,87,-17
236,88,48
236,89,-74
236,90,-18
236,91,-1
236,92,-25
236,93,-66
236,94,75
236,95,-4
236,96,-1
236,97,50
236,98,91
236,99,-88
236,100,57
236,101,47
236,102,-95
236,103,46
236,104,94
236,105,-27
236,106,-91
236,107,83
236,108,-80
236,109,26
236,110,-45
236,111,-44
236,112,29
236,113,-62
236,114,-40
236,115,72
236,116,9
236,117,55
236,118,45
236,119,-87
236,120,82
236,121,-42
236,122,8
236,123,46
236,124,-60
236,125,39
236,126,47
236,127,61
236,128,24
236,129,-65
236,130,-80
236,131,-45
236,132,-60
236,133,26
236,134,68
236,135,70
236,136,5
236,137,99
236,138,-15
236,139,-63
236,140,45
236,141,-93
236,142,93
236,143,47
236,144,96
236,145,84
236,146,5
236,147,45
236,148,7
236,149,87
236,150,29
236,151,69
236,152,-37
236,153,-57
236,154,78
236,155,0
236,156,5
236,157,-36
236,158,-36
236,159,17
236,160,23
236,161,81
236,162,7
236,163,-6
236,164,66
236,165,35
236,166,-34
236,167,10
236,168,-25
236,169,-52
236,170,63
236,171,-94
236,172,-86
236,173,-16
236,174,52
236,175,84
236,176,-63
236,177,-64
236,178,21
236,179,-85
236,180,-100
236,181,74
236,182,79
236,183,-64
236,184,-56
236,185,41
236,186,84
236,187,61
236,188,93
236,189,58
236,190,-18
236,191,71
236,192,-78
236,193,-7
236,194,-20
236,195,-35
236,196,38
236,197,76
236,198,-43
236,199,-72
236,200,-18
236,201,78
236,202,28
236,203,32
236,204,14
236,205,-67
236,206,24
236,207,-23
236,208,-82
236,209,-13
236,210,67
236,211,-20
236,212,93
236,213,-6
236,214,91
236,215,-29
236,216,44
236,217,-63
236,218,70
236,219,-61
236,220,72
236,221,67
236,222,98
236,223,19
236,224,-13
236,225,-11
236,226,-71
236,227,62
236,228,93
236,229,71
236,230,31
236,231,91
236,232,32
236,233,75
236,234,-35
236,235,-6
236,236,-74
236,237,51
236,238,-45
236,239,-56
236,240,-33
236,241,55
236,242,-96
236,243,7
236,244,-54
236,245,32
236,246,-96
236,247,75
236,248,20
236,249,-28
236,250,-54
236,251,89
236,252,54
236,253,-97
236,254,76
236,255,-10
236,256,-36
236,257,-5
236,258,-21
236,259,-14
236,260,-40
236,261,47
236,262,-1
236,263,18
236,264,8
236,265,35
236,266,-19
236,267,-88
236,268,64
236,269,-58
236,270,-9
236,271,83
236,272,77
236,273,-81
236,274,-53
236,275,-1
236,276,-82
236,277,-32
236,278,-84
236,279,55
236,280,-65
236,281,65
236,282,-19
236,283,-31
236,284,15
236,285,53
236,286,-100
236,287,-20
236,288,29
236,289,63
236,290,83
236,291,-66
236,292,26
236,293,-74
236,294,94
236,295,83
236,296,-55
236,297,47
236,298,-93
236,299,-8
237,0,-29
237,1,13
237,2,-10
237,3,-75
237,4,2
237,5,-39
237,6,-7
237,7,60
237,8,-40
237,9,47
237,10,-33
237,11,-72
237,12,-55
237,13,64
237,14,0
237,15,-11
237,16,80
237,17,32
237,18,-13
237,19,26
237,20,6
237,21,-35
237,22,42
237,23,-55
237,24,84
237,25,-93
237,26,64
237,27,0
237,28,84
237,29,41
237,30,32
237,31,-28
237,32,22
237,33,-58
237,34,76
237,35,22
237,36,71
237,37,83
237,38,-53
237,39,57
237,40,60
237,41,64
237,42,77
237,43,-94
237,44,94
237,45,70
237,46,-61
237,47,-69
237,48,4
237,49,82
237,50,-7
237,51,10
237,52,-12
237,53,-24
237,54,-92
237,55,36
237,56,-37
237,57,72
237,58,-10
237,59,88
237,60,-6
237,61,97
237,62,-8
237,63,-7
237,64,65
237,65,73
237,66,23
237,67,-31
237,68,2
237,69,-37
237,70,-6
237,71,62
237,72,-89
237,73,-53
237,74,-38
237,75,72
237,76,-95
237,77,-56
237,78,-11
237,79,0
237,80,59
237,81,95
237,82,3
237,83,30
237,84,26
237,85,29
237,86,-81
237,87,-62
237,88,39
237,89,88
237,90,-65
237,91,-9
237,92,-92
237,93,-57
237,94,-26
237,95,-48
237,96,-71
237,97,14
237,98,-35
237,99,-63
237,100,-63
237,101,60
237,102,98
237,103,-46
237,104,-25
237,105,15
237,106,-16
237,107,-78
237,108,97
237,109,41
237,110,-5
237,111,-52
237,112,12
237,113,13
237,114,-56
237,115,54
237,116,-5
237,117,94
237,118,-52
237,119,-99
237,120,87
237,121,93
237,122,2
237,123,-42
237,124,-41
237,125,-79
237,126,-12
237,127,5
237,128,73
237,129,-48
237,130,-82
237,131,-52
237,132,-84
237,133,26
237,134,54
237,135,-82
237,136,-71
237,137,-23
237,138,73
237,139,5
237,140,-37
237,141,-69
237,142,80
237,143,50
237,144,-65
237,145,-91
237,146,-42
237,147,1
237,148,17
237,149,56
237,150,-90
237,151,65
237,152,-22
237,153,59
237,154,-10
237,155,1
237,156,79
237,157,28
237,158,-87
237,159,30
237,160,-71
237,161,58
237,162,28
237,163,73
237,164,41
237,165,63
237,166,73
237,167,82
237,168,63
237,169,70
237,170,4
237,171,-58
237,172,42
237,173,-63
237,174,-12
237,175,-57
237,176,8
237,177,-46
237,178,-46
237,179,-23
237,180,85
237,181,6
237,182,-44
237,183,83
237,184,29
237,185,23
237,186,61
237,187,-52
237,188,-37
237,189,-14
237,190,35
237,191,-32
237,192,85
237,193,70
237,194,-39
237,195,20
237,196,-49
237,197,-68
237,198,-81
237,199,86
237,200,87
237,201,90
237,202,11
237,203,83
237,204,-64
237,205,87
237,206,5
237,207,4
237,208,-50
237,209,-72
237,210,36
237,211,-15
237,212,-61
237,213,95
237,214,70
237,215,-1
237,216,-78
237,217,2
237,218,-93
237,219,-27
237,220,-37
237,221,50
237,222,-8
237,223,19
237,224,8
237,225,-5
237,226,83
237,227,41
237,228,-21
237,229,2
237,230,-84
237,231,-81
237,232,14
237,233,-89
237,234,23
237,235,21
237,236,-29
237,237,68
237,238,-16
237,239,59
237,240,64
237,241,9
237,242,-83
237,243,-72
237,244,34
237,245,-61
237,246,0
237,247,19
237,248,33
237,249,47
237,250,-46
237,251,83
237,252,-28
237,253,80
237,254,99
237,255,-13
237,256,24
237,257,60
237,258,-79
237,259,-51
237,260,-74
237,261,-53
237,262,-35
237,263,40
237,264,29
237,265,-55
237,266,-30
237,267,27
237,268,-90
237,269,-75
237,270,90
237,271,-52
237,272,-38
237,273,-80
237,274,76
237,275,-22
237,276,-21
237,277,-92
237,278,48
237,279,80
237,280,15
237,281,19
237,282,-46
237,283,-60
237,284,-95
237,285,-100
237,286,-6
237,287,91
237,288,32
237,289,-75
237,290,-100
237,291,-100
237,292,-8
237,293,-63
237,294,-60
237,295,55
237,296,32
237,297,48
237,298,-38
237,299,-15
238,0,-17
238,1,39
238,2,33
238,3,56
238,4,8
238,5,3
238,6,88
238,7,-66
238,8,-26
238,9,24
238,10,-49
238,11,-68
238,12,52
238,13,-87
238,14,-48
238,15,-40
238,16,-88
238,17,-86
238,18,-46
238,19,80
238,20,99
238,21,-54
238,22,72
238,23,-4
238,24,-26
238,25,91
238,26,-86
238,27,-80
238,28,-65
238,29,97
238,30,52
238,31,-57
238,32,28
238,33,-59
238,34,86
238,35,-68
238,36,2
238,37,59
238,38,93
238,39,52
238,40,-61
238,41,85
238,42,-4
238,43,14
238,44,1
238,45,-37
238,46,46
238,47,-73
238,48,-21
238,49,11
238,50,69
238,51,-15
238,52,77
238,53,5
238,54,-53
238,55,84
238,56,-92
238,57,57
238,58,45
238,59,72
238,60,9
238,61,-18
238,62,-23
238,63,-35
238,64,38
238,65,-11
238,66,-29
238,67,94
238,68,-86
238,69,8
238,70,-61
238,71,40
238,72,-15
238,73,-68
238,74,25
238,75,29
238,76,8
238,77,9
238,78,61
238,79,-85
238,80,-87
238,81,-55
238,82,-51
238,83,12
238,84,32
238,85,-58
238,86,45
238,87,-53
238,88,91
238,89,53
238,90,97
238,91,41
238,92,93
238,93,88
238,94,-80
238,95,-46
238,96,15
238,97,7
238,98,-99
238,99,30
238,100,-88
238,101,-80
238,102,60
238,103,47
238,104,24
238,105,45
238,106,-63
238,107,-76
238,108,65
238,109,42
238,110,56
238,111,-4
238,112,91
238,113,-69
238,114,99
238,115,-58
238,116,-88
238,117,-23
238,118,-76
238,119,-52
238,120,-13
238,121,19
238,122,35
238,123,55
238,124,25
238,125,-90
238,126,82
238,127,-91
238,128,-42
238,129,-36
238,130,32
238,131,-21
238,132,47
238,133,-9
238,134,32
238,135,11
238,136,94
238,137,57
238,138,-14
238,139,61
238,140,12
238,141,17
238,142,-9
238,143,-100
238,144,11
238,145,54
238,146,18
238,147,19
238,148,90
238,149,-67
238,150,-6
238,151,-69
238,152,15
238,153,98
238,154,73
238,155,95
238,156,84
238,157,-79
238,158,56
238,159,-3
238,160,-56
238,161,72
238,162,-34
238,163,-80
238,164,48
238,165,87
238,166,-72
238,167,-68
238,168,66
238,169,89
238,170,-11
238,171,25
238,172,98
238,173,-56
238,174,85
238,175,-28
238,176,-19
238,177,28
238,178,-90
238,179,59
238,180,6
238,181,76
238,182,-10
238,183,57
238,184,-41
238,185,37
238,186,1
238,187,48
238,188,-95
238,189,65
238,190,24
238,191,15
238,192,85
238,193,-93
238,194,-31
238,195,90
238,196,61
238,197,76
238,198,-61
238,199,-15
238,200,-72
238,201,-92
238,202,-80
238,203,-69
238,204,-29
238,205,82
238,206,70
238,207,-91
238,208,76
238,209,-14
238,210,-17
238,211,40
238,212,-15
238,213,-60
238,214,-70
238,215,8
238,216,-69
238,217,72
238,218,-88
238,219,20
238,220,52
238,221,95
238,222,17
238,223,5
238,224,-86
238,225,-37
238,226,87
238,227,16
238,228,-93
238,229,44
238,230,-96
238,231,40
238,232,-80
238,233,16
238,234,23
238,235,14
238,236,-57
238,237,-48
238,238,55
238,239,-35
238,240,48
238,241,4
238,242,25
238,243,19
238,244,-44
238,245,-46
238,246,29
238,247,-7
238,248,-36
238,249,9
238,250,30
238,251,86
238,252,90
238,253,-96
238,254,-35
238,255,-11
238,256,45
238,257,36
238,258,49
238,259,55
238,260,87
238,261,39
238,262,-64
238,263,18
238,264,-3
238,265,69
238,266,-47
238,267,69
238,268,21
238,269,-34
238,270,-45
238,271,-55
238,272,-96
238,273,-45
238,274,50
238,275,-39
238,276,40
238,277,-42
238,278,-73
238,279,-95
238,280,88
238,281,-40
238,282,72
238,283,-8
238,284,-89
238,285,62
238,286,-39
238,287,11
238,288,-96
238,289,-35
238,290,-33
238,291,-15
238,292,92
238,293,8
238,294,13
238,295,-21
238,296,-35
238,297,68
238,298,54
238,299,-25
239,0,-96
239,1,32
239,2,-15
239,3,40
239,4,-21
239,5,-11
239,6,36
239,7,75
239,8,-69
239,9,-18
239,10,-65
239,11,42
239,12,36
239,13,-85
239,14,-95
239,15,-29
239,16,60
239,17,9
239,18,-1
239,19,69
239,20,-42
239,21,-65
239,22,-67
239,23,29
239,24,-88
239,25,70
239,26,-44
239,27,-94
239,28,86
239,29,-42
239,30,10
239,31,15
239,32,-50
239,33,-98
239,34,54
239,35,-47
239,36,-7
239,37,91
239,38,-67
239,39,-78
239,40,-53
239,41,-46
239,42,-84
239,43,-22
239,44,-39
239,45,24
239,46,-40
239,47,88
239,48,-57
239,49,-30
239,50,24
239,51,27
239,52,-98
239,53,-34
239,54,11
239,55,-2
239,56,35
239,57,53
239,58,19
239,59,42
239,60,32
239,61,40
239,62,2
239,63,39
239,64,-38
239,65,35
239,66,-67
239,67,99
239,68,-79
239,69,-51
239,70,39
239,71,49
239,72,-10
239,73,85
239,74,-19
239,75,-82
239,76,22
239,77,32
239,78,-85
239,79,12
239,80,68
239,81,-82
239,82,7
239,83,92
239,84,-79
239,85,44
239,86,-66
239,87,66
239,88,-28
239,89,-46
239,90,32
239,91,-28
239,92,14
239,93,-90
239,94,-23
239,95,9
239,96,67
239,97,-17
239,98,-4
239,99,31
239,100,26
239,101,-21
239,102,85
239,103,92
239,104,14
239,105,-37
239,106,-34
239,107,-5
239,108,-67
239,109,12
239,110,-12
239,111,85
239,112,94
239,113,34
239,114,62
239,115,56
239,116,-76
239,117,-73
239,118,-32
239,119,54
239,120,-25
239,121,-19
239,122,35
239,123,65
239,124,18
239,125,-7
239,126,36
239,127,11
239,128,-58
239,129,-76
239,130,-7
239,131,-35
239,132,-84
239,133,8
239,134,34
239,135,-79
239,136,-91
239,137,-11
239,138,40
239,139,-59
239,140,-73
239,141,-1
239,142,86
239,143,-90
239,144,36
239,145,-20
239,146,-46
239,147,-96
239,148,-32
239,149,-63
239,150,-35
239,151,-37
239,152,52
239,153,79
239,154,65
239,155,-24
239,156,-82
239,157,-2
239,158,-76
239,159,-53
239,160,-28
239,161,88
239,162,-66
239,163,78
239,164,42
239,165,-52
239,166,57
239,167,48
239,168,-12
239,169,-15
239,170,68
239,171,30
239,172,24
239,173,-28
239,174,51
239,175,10
239,176,44
239,177,4
239,178,-13
239,179,-93
239,180,33
239,181,-92
239,182,-86
239,183,-37
239,184,77
239,185,23
239,186,-90
239,187,-6
239,188,19
239,189,73
239,190,-56
239,191,-24
239,192,-7
239,193,-42
239,194,52
239,195,39
239,196,-16
239,197,-75
239,198,13
239,199,-64
239,200,-78
239,201,-36
239,202,-56
239,203,-27
239,204,62
239,205,1
239,206,75
239,207,-73
239,208,28
239,209,-29
239,210,-60
239,211,-78
239,212,59
239,213,-14
239,214,-94
239,215,82
239,216,-29
239,217,-58
239,218,41
239,219,-87
239,220,-1
239,221,68
239,222,10
239,223,-10
239,224,-17
239,225,1
239,226,-87
239,227,-73
239,228,-71
239,229,-22
239,230,-47
239,231,86
239,232,39
239,233,13
239,234,19
239,235,-26
239,236,66
239,237,-31
239,238,-34
239,239,-86
239,240,31
239,241,-3
239,242,1
239,243,71
239,244,66
239,245,4
239,246,97
239,247,-15
239,248,-64
239,249,85
239,250,59
239,251,22
239,252,55
239,253,31
239,254,-91
239,255,-74
239,256,-17
239,257,63
239,258,-96
239,259,77
239,260,59
239,261,-2
239,262,50
239,263,88
239,264,28
239,265,-70
239,266,-82
239,267,-47
239,268,27
239,269,61
239,270,31
239,271,75
239,272,-53
239,273,-52
239,274,87
239,275,16
239,276,71
239,277,61
239,278,-45
239,279,-27
239,280,-95
239,281,-25
239,282,12
239,283,25
239,284,-65
239,285,62
239,286,-76
239,287,76
239,288,-46
239,289,68
239,290,-44
239,291,49
239,292,71
239,293,56
239,294,-30
239,295,-53
239,296,3
239,297,-98
239,298,-16
239,299,72
240,0,-81
240,1,-28
240,2,63
240,3,-41
240,4,-23
240,5,-83
240,6,-4
240,7,-35
240,8,-70
240,9,-92
240,10,47
240,11,47
240,12,-54
240,13,-100
240,14,-18
240,15,-1
240,16,41
240,17,28
240,18,96
240,19,-91
240,20,76
240,21,41
240,22,87
240,23,-59
240,24,23
240,25,86
240,26,-76
240,27,63
240,28,-6
240,29,-66
240,30,38
240,31,-91
240,32,-93
240,33,4
240,34,50
240,35,33
240,36,23
240,37,-37
240,38,-55
240,39,3
240,40,-63
240,41,52
240,42,-15
240,43,-99
240,44,-77
240,45,0
240,46,-34
240,47,-11
240,48,-7
240,49,-8
240,50,-30
240,51,88
240,52,36
240,53,72
240,54,-85
240,55,18
240,56,7
240,57,41
240,58,53
240,59,73
240,60,0
240,61,85
240,62,-71
240,63,23
240,64,-45
240,65,-7
240,66,-69
240,67,-23
240,68,-78
240,69,-84
240,70,21
240,71,51
240,72,74
240,73,38
240,74,-60
240,75,-86
240,76,-10
240,77,-49
240,78,61
240,79,-41
240,80,-44
240,81,-68
240,82,48
240,83,51
240,84,-81
240,85,12
240,86,-33
240,87,0
240,88,0
240,89,87
240,90,73
240,91,-68
240,92,-70
240,93,61
240,94,-79
240,95,5
240,96,-71
240,97,-96
240,98,68
240,99,72
240,100,-40
240,101,16
240,102,-88
240,103,36
240,104,62
240,105,-83
240,106,26
240,107,39
240,108,18
240,109,68
240,110,43
240,111,-88
240,112,23
240,113,45
240,114,-25
240,115,17
240,116,-3
240,117,78
240,118,-68
240,119,97
240,120,-19
240,121,-34
240,122,-47
240,123,-95
240,124,-65
240,125,-46
240,126,26
240,127,77
240,128,-30
240,129,-7
240,130,93
240,131,42
240,132,-79
240,133,-52
240,134,65
240,135,35
240,136,35
240,137,-1
240,138,-64
240,139,99
240,140,-23
240,141,20
240,142,52
240,143,81
240,144,-80
240,145,0
240,146,26
240,147,86
240,148,58
240,149,-95
240,150,69
240,151,18
240,152,79
240,153,74
240,154,55
240,155,63
240,156,27
240,157,-61
240,158,40
240,159,76
240,160,31
240,161,-3
240,162,21
240,163,0
240,164,-37
240,165,-3
240,166,-21
240,167,-78
240,168,85
240,169,-14
240,170,42
240,171,-12
240,172,-8
240,173,-1
240,174,26
240,175,-22
240,176,0
240,177,-2
240,178,73
240,179,-62
240,180,-54
240,181,-64
240,182,68
240,183,-9
240,184,72
240,185,-71
240,186,98
240,187,-33
240,188,-94
240,189,-4
240,190,-54
240,191,-54
240,192,-22
240,193,25
240,194,-2
240,195,0
240,196,87
240,197,32
240,198,75
240,199,-14
240,200,49
240,201,-6
240,202,50
240,203,-9
240,204,72
240,205,-49
240,206,98
240,207,73
240,208,-63
240,209,67
240,210,42
240,211,12
240,212,96
240,213,39
240,214,-24
240,215,-34
240,216,84
240,217,20
240,218,-82
240,219,-11
240,220,-71
240,221,-9
240,222,-83
240,223,-38
240,224,-94
240,225,87
240,226,-13
240,227,15
240,228,-38
240,229,84
240,230,-13
240,231,-26
240,232,22
240,233,-62
240,234,70
240,235,83
240,236,37
240,237,6
240,238,-81
240,239,5
240,240,91
240,241,66
240,242,-2
240,243,14
240,244,55
240,245,57
240,246,-43
240,247,-31
240,248,-39
240,249,28
240,250,95
240,251,52
240,252,66
240,253,38
240,254,-42
240,255,64
240,256,56
240,257,-3
240,258,-19
240,259,36
240,260,-55
240,261,36
240,262,92
240,263,-30
240,264,2
240,265,-59
240,266,61
240,267,-73
240,268,-1
240,269,-40
240,270,-61
240,271,81
240,272,-42
240,273,72
240,274,66
240,275,69
240,276,38
240,277,65
240,278,-44
240,279,22
240,280,39
240,281,69
240,282,90
240,283,36
240,284,49
240,285,65
240,286,-44
240,287,-34
240,288,-71
240,289,20
240,290,53
240,291,99
240,292,-47
240,293,-69
240,294,-79
240,295,35
240,296,8
240,297,-35
240,298,-87
240,299,32
241,0,-88
241,1,-14
241,2,23
241,3,-24
241,4,-18
241,5,-77
241,6,-66
241,7,-33
241,8,53
241,9,-27
241,10,65
241,11,-67
241,12,-67
241,13,-82
241,14,-98
241,15,15
241,16,-65
241,17,-97
241,18,21
241,19,53
241,20,30
241,21,27
241,22,76
241,23,-92
241,24,-55
241,25,93
241,26,-87
241,27,-98
241,28,-99
241,29,-15
241,30,60
241,31,-1
241,32,37
241,33,10
241,34,-48
241,35,71
241,36,65
241,37,48
241,38,62
241,39,94
241,40,-18
241,41,-79
241,42,-81
241,43,-1
241,44,9
241,45,-33
241,46,-5
241,47,-93
241,48,-50
241,49,53
241,50,-50
241,51,92
241,52,53
241,53,-54
241,54,-58
241,55,36
241,56,62
241,57,46
241,58,75
241,59,-21
241,60,55
241,61,-98
241,62,45
241,63,-88
241,64,54
241,65,-61
241,66,-62
241,67,-43
241,68,-44
241,69,-77
241,70,18
241,71,-79
241,72,-50
241,73,-25
241,74,65
241,75,26
241,76,-40
241,77,-52
241,78,-78
241,79,-97
241,80,-25
241,81,-64
241,82,-8
241,83,33
241,84,55
241,85,35
241,86,47
241,87,43
241,88,40
241,89,-22
241,90,-39
241,91,10
241,92,93
241,93,19
241,94,-48
241,95,21
241,96,-73
241,97,-83
241,98,-94
241,99,-80
241,100,-60
241,101,66
241,102,7
241,103,37
241,104,-70
241,105,-59
241,106,96
241,107,-42
241,108,17
241,109,3
241,110,65
241,111,-58
241,112,29
241,113,33
241,114,-24
241,115,56
241,116,57
241,117,-12
241,118,67
241,119,-2
241,120,-64
241,121,17
241,122,34
241,123,77
241,124,45
241,125,35
241,126,98
241,127,-1
241,128,-46
241,129,4
241,130,75
241,131,-27
241,132,-43
241,133,3
241,134,-85
241,135,52
241,136,-72
241,137,-93
241,138,-1
241,139,22
241,140,82
241,141,-49
241,142,-10
241,143,-24
241,144,53
241,145,5
241,146,-76
241,147,-9
241,148,-28
241,149,20
241,150,-75
241,151,-11
241,152,74
241,153,-15
241,154,28
241,155,91
241,156,39
241,157,51
241,158,-71
241,159,-87
241,160,50
241,161,29
241,162,30
241,163,-95
241,164,48
241,165,-81
241,166,48
241,167,-61
241,168,95
241,169,52
241,170,14
241,171,23
241,172,-30
241,173,98
241,174,-68
241,175,-50
241,176,-11
241,177,99
241,178,-11
241,179,16
241,180,-22
241,181,-81
241,182,-82
241,183,98
241,184,83
241,185,-45
241,186,-100
241,187,66
241,188,-64
241,189,-83
241,190,99
241,191,-22
241,192,33
241,193,0
241,194,-79
241,195,-90
241,196,-29
241,197,-92
241,198,40
241,199,30
241,200,94
241,201,34
241,202,94
241,203,-55
241,204,-43
241,205,-73
241,206,-70
241,207,-49
241,208,36
241,209,-10
241,210,-93
241,211,7
241,212,-15
241,213,-83
241,214,19
241,215,-52
241,216,-90
241,217,16
241,218,29
241,219,56
241,220,82
241,221,-48
241,222,53
241,223,78
241,224,-9
241,225,-95
241,226,-1
241,227,-89
241,228,61
241,229,20
241,230,97
241,231,26
241,232,91
241,233,-64
241,234,24
241,235,64
241,236,-93
241,237,64
241,238,19
241,239,15
241,240,73
241,241,-70
241,242,38
241,243,63
241,244,95
241,245,44
241,246,-85
241,247,-71
241,248,-62
241,249,-57
241,250,96
241,251,15
241,252,-64
241,253,53
241,254,48
241,255,-9
241,256,-82
241,257,-1
241,258,38
241,259,46
241,260,-32
241,261,29
241,262,-76
241,263,14
241,264,-11
241,265,-71
241,266,-84
241,267,-16
241,268,45
241,269,10
241,270,-9
241,271,-25
241,272,-61
241,273,33
241,274,-13
241,275,70
241,276,97
241,277,44
241,278,69
241,279,46
241,280,10
241,281,-46
241,282,-9
241,283,56
241,284,12
241,285,81
241,286,98
241,287,-93
241,288,-93
241,289,-32
241,290,-58
241,291,-3
241,292,-51
241,293,-97
241,294,7
241,295,-65
241,296,32
241,297,-82
241,298,69
241,299,9
242,0,42
242,1,85
242,2,-87
242,3,-53
242,4,-29
242,5,3
242,6,-26
242,7,7
242,8,9
242,9,-19
242,10,-38
242,11,-46
242,12,-69
242,13,63
242,14,8
242,15,-16
242,16,11
242,17,5
242,18,-44
242,19,-57
242,20,61
242,21,78
242,22,96
242,23,-9
242,24,37
242,25,11
242,26,39
242,27,68
242,28,30
242,29,-36
242,30,0
242,31,-61
242,32,92
242,33,1
242,34,98
242,35,-71
242,36,99
242,37,94
242,38,4
242,39,-58
242,40,80
242,41,-10
242,42,-71
242,43,-60
242,44,-57
242,45,-64
242,46,16
242,47,33
242,48,-18
242,49,23
242,50,64
242,51,-100
242,52,-91
242,53,-75
242,54,44
242,55,-37
242,56,54
242,57,-33
242,58,-83
242,59,-18
242,60,9
242,61,77
242,62,-11
242,63,92
242,64,-81
242,65,20
242,66,-39
242,67,-26
242,68,86
242,69,-76
242,70,23
242,71,-18
242,72,-5
242,73,-36
242,74,92
242,75,-34
242,76,-43
242,77,-61
242,78,74
242,79,-1
242,80,70
242,81,35
242,82,2
242,83,-39
242,84,61
242,85,-93
242,86,-76
242,87,53
242,88,81
242,89,68
242,90,-21
242,91,-29
242,92,-38
242,93,99
242,94,-26
242,95,-94
242,96,-3
242,97,-16
242,98,-32
242,99,-51
242,100,70
242,101,21
242,102,-84
242,103,48
242,104,-95
242,105,8
242,106,98
242,107,-26
242,108,-19
242,109,-63
242,110,-38
242,111,27
242,112,39
242,113,49
242,114,-98
242,115,46
242,116,70
242,117,-14
242,118,94
242,119,20
242,120,32
242,121,-72
242,122,-3
242,123,7
242,124,32
242,125,72
242,126,81
242,127,51
242,128,2
242,129,48
242,130,-69
242,131,32
242,132,89
242,133,45
242,134,-66
242,135,1
242,136,-21
242,137,-2
242,138,-13
242,139,32
242,140,-92
242,141,31
242,142,-68
242,143,-10
242,144,49
242,145,86
242,146,-90
242,147,-32
242,148,37
242,149,30
242,150,42
242,151,22
242,152,9
242,153,64
242,154,67
242,155,-84
242,156,47
242,157,31
242,158,61
242,159,-6
242,160,61
242,161,-34
242,162,-73
242,163,4
242,164,15
242,165,63
242,166,62
242,167,68
242,168,-42
242,169,-27
242,170,44
242,171,-71
242,172,81
242,173,-49
242,174,99
242,175,50
242,176,-82
242,177,-64
242,178,86
242,179,6
242,180,-65
242,181,-33
242,182,53
242,183,3
242,184,20
242,185,54
242,186,89
242,187,89
242,188,79
242,189,-57
242,190,-68
242,191,9
242,192,-11
242,193,-38
242,194,-29
242,195,-21
242,196,96
242,197,-67
242,198,10
242,199,-74
242,200,63
242,201,31
242,202,5
242,203,-48
242,204,98
242,205,-64
242,206,-1
242,207,-22
242,208,77
242,209,12
242,210,-31
242,211,53
242,212,-11
242,213,19
242,214,-76
242,215,60
242,216,94
242,217,64
242,218,65
242,219,-74
242,220,-88
242,221,50
242,222,94
242,223,-14
242,224,-2
242,225,-13
242,226,82
242,227,64
242,228,39
242,229,-47
242,230,-81
242,231,45
242,232,-94
242,233,-11
242,234,-7
242,235,29
242,236,-47
242,237,-93
242,238,60
242,239,73
242,240,69
242,241,18
242,242,27
242,243,-38
242,244,16
242,245,8
242,246,-13
242,247,60
242,248,-32
242,249,23
242,250,97
242,251,-97
242,252,5
242,253,6
242,254,85
242,255,56
242,256,-80
242,257,53
242,258,-15
242,259,-60
242,260,-23
242,261,61
242,262,71
242,263,28
242,264,59
242,265,59
242,266,-50
242,267,17
242,268,-77
242,269,71
242,270,-25
242,271,-17
242,272,-64
242,273,-17
242,274,-35
242,275,-87
242,276,44
242,277,-13
242,278,-86
242,279,-40
242,280,76
242,281,-3
242,282,16
242,283,35
242,284,-98
242,285,-26
242,286,54
242,287,36
242,288,-86
242,289,-69
242,290,-90
242,291,30
242,292,-75
242,293,-94
242,294,-9
242,295,82
242,296,-62
242,297,-97
242,298,-71
242,299,65
243,0,-50
243,1,-65
243,2,-6
243,3,12
243,4,16
243,5,-41
243,6,-50
243,7,76
243,8,-86
243,9,-10
243,10,23
243,11,-17
243,12,55
243,13,52
243,14,63
243,15,-97
243,16,-80
243,17,-10
243,18,92
243,19,-32
243,20,37
243,21,-51
243,22,-91
243,23,-11
243,24,43
243,25,65
243,26,-34
243,27,-81
243,28,10
243,29,-32
243,30,97
243,31,-76
243,32,-12
243,33,-47
243,34,-89
243,35,-36
243,36,81
243,37,-34
243,38,48
243,39,32
243,40,85
243,41,-22
243,42,31
243,43,-82
243,44,-20
243,45,-46
243,46,-40
243,47,99
243,48,0
243,49,51
243,50,95
243,51,46
243,52,-77
243,53,-47
243,54,48
243,55,-20
243,56,99
243,57,-82
243,58,80
243,59,77
243,60,50
243,61,-64
243,62,-73
243,63,-21
243,64,-30
243,65,48
243,66,-80
243,67,68
243,68,-66
243,69,9
243,70,-100
243,71,-9
243,72,94
243,73,-10
243,74,-31
243,75,31
243,76,-100
243,77,48
243,78,-2
243,79,-9
243,80,-19
243,81,15
243,82,24
243,83,-49
243,84,-2
243,85,-48
243,86,-16
243,87,-21
243,88,-45
243,89,2
243,90,-14
243,91,93
243,92,94
243,93,-68
243,94,-78
243,95,-95
243,96,-16
243,97,74
243,98,85
243,99,-96
243,100,-24
243,101,-18
243,102,-92
243,103,-98
243,104,88
243,105,91
243,106,-55
243,107,83
243,108,-62
243,109,-88
243,110,-60
243,111,38
243,112,-60
243,113,-26
243,114,74
243,115,76
243,116,92
243,117,-66
243,118,62
243,119,-34
243,120,31
243,121,-77
243,122,-7
243,123,-5
243,124,12
243,125,-17
243,126,63
243,127,-45
243,128,-97
243,129,67
243,130,70
243,131,-43
243,132,-39
243,133,34
243,134,36
243,135,-79
243,136,-97
243,137,27
243,138,63
243,139,97
243,140,94
243,141,-66
243,142,-68
243,143,34
243,144,4
243,145,82
243,146,20
243,147,74
243,148,89
243,149,94
243,150,-37
243,151,20
243,152,70
243,153,-83
243,154,-98
243,155,-42
243,156,15
243,157,89
243,158,-62
243,159,-37
243,160,-20
243,161,-41
243,162,4
243,163,69
243,164,8
243,165,-96
243,166,-55
243,167,31
243,168,-87
243,169,-90
243,170,87
243,171,-79
243,172,5
243,173,-96
243,174,80
243,175,39
243,176,48
243,177,-22
243,178,-77
243,179,-88
243,180,-5
243,181,-75
243,182,-61
243,183,-75
243,184,72
243,185,-71
243,186,-37
243,187,10
243,188,-28
243,189,-13
243,190,23
243,191,65
243,192,45
243,193,36
243,194,83
243,195,27
243,196,-63
243,197,48
243,198,-30
243,199,39
243,200,-65
243,201,21
243,202,-90
243,203,27
243,204,94
243,205,-74
243,206,90
243,207,98
243,208,93
243,209,-27
243,210,94
243,211,-20
243,212,6
243,213,-36
243,214,61
243,215,26
243,216,-67
243,217,-37
243,218,-84
243,219,78
243,220,4
243,221,83
243,222,-12
243,223,7
243,224,75
243,225,89
243,226,83
243,227,38
243,228,47
243,229,-33
243,230,61
243,231,-59
243,232,68
243,233,89
243,234,44
243,235,-89
243,236,-33
243,237,-60
243,238,41
243,239,-97
243,240,25
243,241,-24
243,242,-27
243,243,41
243,244,-92
243,245,70
243,246,47
243,247,-100
243,248,7
243,249,-8
243,250,-29
243,251,-84
243,252,-12
243,253,-81
243,254,-42
243,255,40
243,256,20
243,257,-24
243,258,74
243,259,-51
243,260,-7
243,261,67
243,262,34
243,263,-46
243,264,-50
243,265,-25
243,266,29
243,267,-87
243,268,5
243,269,44
243,270,-24
243,271,28
243,272,18
243,273,10
243,274,-100
243,275,10
243,276,-75
243,277,15
243,278,73
243,279,-88
243,280,-67
243,281,-39
243,282,-28
243,283,-50
243,284,-60
243,285,-46
243,286,55
243,287,-7
243,288,88
243,289,34
243,290,-99
243,291,-99
243,292,55
243,293,-47
243,294,-7
243,295,-43
243,296,74
243,297,-40
243,298,3
243,299,67
244,0,-83
244,1,41
244,2,-76
244,3,37
244,4,-1
244,5,-53
244,6,75
244,7,88
244,8,-48
244,9,36
244,10,38
244,11,-74
244,12,-42
244,13,85
244,14,40
244,15,92
244,16,38
244,17,-44
244,18,94
244,19,93
244,20,9
244,21,5
244,22,-77
244,23,76
244,24,67
244,25,-22
244,26,97
244,27,-17
244,28,-99
244,29,81
244,30,42
244,31,-53
244,32,-3
244,33,81
244,34,-55
244,35,84
244,36,82
244,37,87
244,38,-6
244,39,57
244,40,55
244,41,79
244,42,-4
244,43,68
244,44,12
244,45,-80
244,46,-14
244,47,-59
244,48,-88
244,49,-56
244,50,-11
244,51,81
244,52,46
244,53,54
244,54,67
244,55,34
244,56,-76
244,57,76
244,58,3
244,59,63
244,60,-30
244,61,18
244,62,-17
244,63,51
244,64,88
244,65,-9
244,66,12
244,67,-32
244,68,-49
244,69,63
244,70,78
244,71,-68
244,72,-48
244,73,-63
244,74,71
244,75,-96
244,76,17
244,77,-70
244,78,36
244,79,-69
244,80,68
244,81,-96
244,82,78
244,83,-47
244,84,-73
244,85,70
244,86,-89
244,87,96
244,88,99
244,89,-84
244,90,-93
244,91,-83
244,92,16
244,93,-91
244,94,-62
244,95,-60
244,96,7
244,97,-57
244,98,96
244,99,-58
244,100,74
244,101,10
244,102,75
244,103,-82
244,104,-80
244,105,-98
244,106,3
244,107,-45
244,108,26
244,109,70
244,110,28
244,111,-13
244,112,-65
244,113,-95
244,114,-27
244,115,-55
244,116,50
244,117,-81
244,118,80
244,119,65
244,120,-66
244,121,61
244,122,77
244,123,-54
244,124,-65
244,125,-85
244,126,7
244,127,76
244,128,-36
244,129,-38
244,130,-49
244,131,-28
244,132,-41
244,133,0
244,134,-84
244,135,94
244,136,-63
244,137,-72
244,138,-70
244,139,86
244,140,-47
244,141,1
244,142,80
244,143,-75
244,144,40
244,145,84
244,146,-82
244,147,10
244,148,-74
244,149,-88
244,150,-49
244,151,-3
244,152,91
244,153,85
244,154,-82
244,155,-18
244,156,-98
244,157,-34
244,158,-75
244,159,-95
244,160,40
244,161,-74
244,162,4
244,163,-13
244,164,-91
244,165,-85
244,166,-78
244,167,-54
244,168,-89
244,169,55
244,170,-24
244,171,-83
244,172,-43
244,173,29
244,174,73
244,175,44
244,176,-14
244,177,-37
244,178,-14
244,179,92
244,180,-47
244,181,70
244,182,-23
244,183,82
244,184,-87
244,185,71
244,186,-63
244,187,85
244,188,4
244,189,76
244,190,-85
244,191,-19
244,192,-27
244,193,-71
244,194,-33
244,195,-30
244,196,-21
244,197,14
244,198,-64
244,199,96
244,200,-46
244,201,66
244,202,84
244,203,76
244,204,-4
244,205,90
244,206,-2
244,207,11
244,208,17
244,209,61
244,210,-44
244,211,-4
244,212,-39
244,213,-62
244,214,-27
244,215,-34
244,216,89
244,217,-72
244,218,-70
244,219,-41
244,220,-62
244,221,-100
244,222,-45
244,223,0
244,224,85
244,225,-10
244,226,48
244,227,81
244,228,98
244,229,70
244,230,81
244,231,29
244,232,41
244,233,5
244,234,30
244,235,41
244,236,-96
244,237,-20
244,238,66
244,239,28
244,240,19
244,241,-58
244,242,-9
244,243,86
244,244,-23
244,245,-86
244,246,-55
244,247,-94
244,248,69
244,249,14
244,250,-94
244,251,74
244,252,-13
244,253,-11
244,254,-82
244,255,-48
244,256,-11
244,257,-85
244,258,-39
244,259,93
244,260,-36
244,261,11
244,262,78
244,263,-65
244,264,62
244,265,-77
244,266,-32
244,267,18
244,268,56
244,269,28
244,270,84
244,271,22
244,272,36
244,273,-1
244,274,-86
244,275,-27
244,276,43
244,277,75
244,278,-65
244,279,-48
244,280,-22
244,281,30
244,282,46
244,283,-60
244,284,-64
244,285,86
244,286,94
244,287,35
244,288,-13
244,289,-87
244,290,88
244,291,-66
244,292,43
244,293,-30
244,294,62
244,295,-93
244,296,87
244,297,-89
244,298,76
244,299,9
245,0,-21
245,1,14
245,2,-33
245,3,62
245,4,-56
245,5,-60
245,6,-40
245,7,-25
245,8,42
245,9,-2
245,10,-34
245,11,86
245,12,-99
245,13,21
245,14,33
245,15,84
245,16,-85
245,17,-78
245,18,-6
245,19,13
245,20,-60
245,21,57
245,22,94
245,23,18
245,24,21
245,25,-46
245,26,31
245,27,9
245,28,-1
245,29,-73
245,30,77
245,31,-73
245,32,22
245,33,80
245,34,94
245,35,-75
245,36,66
245,37,-88
245,38,-30
245,39,-47
245,40,-88
245,41,19
245,42,-42
245,43,-97
245,44,-21
245,45,84
245,46,-41
245,47,-54
245,48,-24
245,49,-96
245,50,-65
245,51,-82
245,52,-71
245,53,10
245,54,-60
245,55,75
245,56,-73
245,57,-70
245,58,84
245,59,70
245,60,92
245,61,36
245,62,-89
245,63,39
245,64,-59
245,65,80
245,66,-11
245,67,84
245,68,-85
245,69,-2
245,70,77
245,71,31
245,72,14
245,73,-88
245,74,-41
245,75,-73
245,76,8
245,77,39
245,78,51
245,79,-9
245,80,28
245,81,61
245,82,30
245,83,-79
245,84,-16
245,85,-74
245,86,48
245,87,40
245,88,-57
245,89,-21
245,90,9
245,91,-77
245,92,73
245,93,-84
245,94,-96
245,95,-63
245,96,-42
245,97,54
245,98,81
245,99,4
245,100,-5
245,101,-11
245,102,-30
245,103,-1
245,104,-46
245,105,-30
245,106,70
245,107,-10
245,108,65
245,109,11
245,110,-13
245,111,-40
245,112,72
245,113,85
245,114,7
245,115,56
245,116,81
245,117,-67
245,118,48
245,119,-56
245,120,28
245,121,37
245,122,85
245,123,-7
245,124,-73
245,125,88
245,126,5
245,127,-71
245,128,-73
245,129,56
245,130,-70
245,131,6
245,132,95
245,133,-18
245,134,8
245,135,-70
245,136,-60
245,137,-37
245,138,21
245,139,69
245,140,-57
245,141,58
245,142,15
245,143,38
245,144,-65
245,145,7
245,146,-69
245,147,3
245,148,66
245,149,-34
245,150,87
245,151,-9
245,152,-76
245,153,-73
245,154,46
245,155,56
245,156,77
245,157,-82
245,158,-45
245,159,45
245,160,72
245,161,12
245,162,-13
245,163,1
245,164,25
245,165,-19
245,166,-60
245,167,25
245,168,-88
245,169,95
245,170,-2
245,171,95
245,172,-18
245,173,-77
245,174,60
245,175,-4
245,176,-28
245,177,82
245,178,-98
245,179,-98
245,180,-71
245,181,45
245,182,93
245,183,70
245,184,-35
245,185,-74
245,186,-1
245,187,4
245,188,9
245,189,-82
245,190,-85
245,191,-75
245,192,-87
245,193,-54
245,194,45
245,195,55
245,196,10
245,197,46
245,198,-71
245,199,4
245,200,48
245,201,48
245,202,-53
245,203,82
245,204,57
245,205,-59
245,206,64
245,207,-60
245,208,73
245,209,-5
245,210,-7
245,211,87
245,212,-13
245,213,-100
245,214,-47
245,215,15
245,216,-66
245,217,43
245,218,-96
245,219,58
245,220,8
245,221,-64
245,222,18
245,223,52
245,224,6
245,225,12
245,226,89
245,227,52
245,228,-34
245,229,-63
245,230,75
245,231,91
245,232,29
245,233,91
245,234,96
245,235,47
245,236,-15
245,237,-90
245,238,18
245,239,-19
245,240,58
245,241,-66
245,242,71
245,243,82
245,244,-56
245,245,48
245,246,79
245,247,47
245,248,-92
245,249,-6
245,250,36
245,251,85
245,252,98
245,253,60
245,254,-100
245,255,-98
245,256,66
245,257,39
245,258,-7
245,259,43
245,260,77
245,261,-13
245,262,-74
245,263,-72
245,264,26
245,265,19
245,266,4
245,267,-23
245,268,-32
245,269,6
245,270,79
245,271,1
245,272,-95
245,273,51
245,274,-61
245,275,-68
245,276,36
245,277,76
245,278,-34
245,279,50
245,280,-79
245,281,-29
245,282,-23
245,283,-7
245,284,15
245,285,35
245,286,46
245,287,8
245,288,65
245,289,33
245,290,79
245,291,-67
245,292,-27
245,293,-6
245,294,38
245,295,-58
245,296,-66
245,297,38
245,298,67
245,299,59
246,0,76
246,1,-11
246,2,84
246,3,-36
246,4,-53
246,5,79
246,6,-62
246,7,81
246,8,52
246,9,3
246,10,72
246,11,56
246,12,0
246,13,-69
246,14,22
246,15,-7
246,16,23
246,17,22
246,18,-19
246,19,7
246,20,-34
246,21,-89
246,22,85
246,23,-81
246,24,-51
246,25,35
246,26,58
246,27,51
246,28,25
246,29,40
246,30,99
246,31,-59
246,32,-23
246,33,-22
246,34,-75
246,35,65
246,36,9
246,37,-63
246,38,82
246,39,-4
246,40,37
246,41,-90
246,42,30
246,43,22
246,44,-78
246,45,-39
246,46,97
246,47,-60
246,48,20
246,49,68
246,50,-8
246,51,-97
246,52,30
246,53,-50
246,54,82
246,55,6
246,56,90
246,57,76
246,58,-29
246,59,-31
246,60,-32
246,61,-93
246,62,22
246,63,35
246,64,46
246,65,11
246,66,82
246,67,-29
246,68,-93
246,69,84
246,70,-29
246,71,-94
246,72,-55
246,73,49
246,74,-20
246,75,71
246,76,-96
246,77,52
246,78,74
246,79,70
246,80,42
246,81,91
246,82,58
246,83,-18
246,84,-57
246,85,74
246,86,39
246,87,-37
246,88,-78
246,89,-51
246,90,24
246,91,-65
246,92,38
246,93,-15
246,94,74
246,95,-45
246,96,-32
246,97,-64
246,98,37
246,99,83
246,100,-59
246,101,57
246,102,-7
246,103,-79
246,104,82
246,105,65
246,106,-45
246,107,98
246,108,13
246,109,21
246,110,63
246,111,-23
246,112,38
246,113,34
246,114,-5
246,115,-19
246,116,-67
246,117,-38
246,118,-99
246,119,89
246,120,34
246,121,-58
246,122,-6
246,123,-83
246,124,47
246,125,-94
246,126,-49
246,127,-64
246,128,-3
246,129,-55
246,130,2
246,131,-59
246,132,-41
246,133,27
246,134,3
246,135,-21
246,136,-23
246,137,23
246,138,-69
246,139,65
246,140,66
246,141,-75
246,142,-71
246,143,68
246,144,2
246,145,36
246,146,-69
246,147,83
246,148,-48
246,149,34
246,150,50
246,151,-20
246,152,79
246,153,48
246,154,-25
246,155,50
246,156,-32
246,157,-83
246,158,-64
246,159,34
246,160,-40
246,161,30
246,162,-100
246,163,-41
246,164,33
246,165,23
246,166,-30
246,167,-10
246,168,85
246,169,-70
246,170,-93
246,171,18
246,172,42
246,173,-94
246,174,34
246,175,60
246,176,68
246,177,84
246,178,34
246,179,86
246,180,-81
246,181,-30
246,182,77
246,183,41
246,184,17
246,185,42
246,186,37
246,187,24
246,188,-36
246,189,82
246,190,55
246,191,-3
246,192,75
246,193,-98
246,194,87
246,195,30
246,196,-26
246,197,-33
246,198,66
246,199,81
246,200,59
246,201,-85
246,202,-84
246,203,38
246,204,-1
246,205,-69
246,206,20
246,207,17
246,208,54
246,209,11
246,210,-3
246,211,-96
246,212,-12
246,213,-9
246,214,45
246,215,-98
246,216,-73
246,217,93
246,218,-67
246,219,-15
246,220,49
246,221,16
246,222,-71
246,223,-53
246,224,-36
246,225,88
246,226,46
246,227,79
246,228,-60
246,229,-8
246,230,-4
246,231,-20
246,232,1
246,233,92
246,234,77
246,235,-60
246,236,22
246,237,-68
246,238,-19
246,239,44
246,240,-17
246,241,82
246,242,73
246,243,-11
246,244,86
246,245,-30
246,246,4
246,247,-44
246,248,-81
246,249,68
246,250,-26
246,251,98
246,252,-63
246,253,-74
246,254,36
246,255,95
246,256,65
246,257,12
246,258,52
246,259,-87
246,260,-64
246,261,77
246,262,-9
246,263,99
246,264,69
246,265,-47
246,266,24
246,267,62
246,268,22
246,269,-70
246,270,-3
246,271,22
246,272,73
246,273,44
246,274,12
246,275,-16
246,276,-11
246,277,-9
246,278,80
246,279,27
246,280,-79
246,281,85
246,282,68
246,283,-98
246,284,-9
246,285,-38
246,286,-35
246,287,-55
246,288,35
246,289,-62
246,290,52
246,291,-7
246,292,-54
246,293,61
246,294,-33
246,295,-44
246,296,52
246,297,-14
246,298,-39
246,299,-62
247,0,13
247,1,21
247,2,34
247,3,-6
247,4,-95
247,5,81
247,6,22
247,7,-18
247,8,-82
247,9,74
247,10,-82
247,11,-67
247,12,70
247,13,40
247,14,63
247,15,-76
247,16,-4
247,17,-45
247,18,-80
247,19,-67
247,20,9
247,21,-76
247,22,-19
247,23,6
247,24,-90
247,25,-82
247,26,76
247,27,76
247,28,61
247,29,29
247,30,-71
247,31,8
247,32,-63
247,33,-86
247,34,-26
247,35,-41
247,36,31
247,37,-18
247,38,-87
247,39,13
247,40,-20
247,41,-93
247,42,-24
247,43,-8
247,44,10
247,45,38
247,46,-21
247,47,-51
247,48,-14
247,49,-25
247,50,-63
247,51,51
247,52,-6
247,53,65
247,54,24
247,55,89
247,56,83
247,57,-36
247,58,-11
247,59,-84
247,60,-1
247,61,44
247,62,-74
247,63,-12
247,64,-76
247,65,1
247,66,-5
247,67,76
247,68,-43
247,69,23
247,70,-100
247,71,40
247,72,80
247,73,-80
247,74,-100
247,75,58
247,76,-40
247,77,-98
247,78,56
247,79,75
247,80,-19
247,81,89
247,82,-76
247,83,61
247,84,-83
247,85,92
247,86,-73
247,87,-97
247,88,18
247,89,15
247,90,48
247,91,-31
247,92,-80
247,93,-7
247,94,47
247,95,25
247,96,68
247,97,80
247,98,20
247,99,27
247,100,89
247,101,-70
247,102,-1
247,103,52
247,104,-32
247,105,99
247,106,-84
247,107,47
247,108,-56
247,109,10
247,110,-51
247,111,78
247,112,19
247,113,99
247,114,60
247,115,-3
247,116,15
247,117,22
247,118,-72
247,119,49
247,120,94
247,121,-98
247,122,-95
247,123,67
247,124,-25
247,125,96
247,126,-96
247,127,-98
247,128,-97
247,129,90
247,130,-96
247,131,88
247,132,-44
247,133,-2
247,134,69
247,135,-18
247,136,83
247,137,99
247,138,55
247,139,-46
247,140,65
247,141,-78
247,142,34
247,143,-63
247,144,8
247,145,84
247,146,-16
247,147,-64
247,148,33
247,149,37
247,150,54
247,151,15
247,152,5
247,153,-44
247,154,-9
247,155,-85
247,156,13
247,157,-42
247,158,55
247,159,-98
247,160,84
247,161,92
247,162,16
247,163,94
247,164,57
247,165,-82
247,166,-4
247,167,35
247,168,89
247,169,-82
247,170,-65
247,171,11
247,172,96
247,173,-41
247,174,-67
247,175,82
247,176,54
247,177,66
247,178,-59
247,179,-59
247,180,-13
247,181,75
247,182,58
247,183,-79
247,184,-14
247,185,-60
247,186,-77
247,187,67
247,188,59
247,189,-50
247,190,-68
247,191,-73
247,192,-11
247,193,-19
247,194,21
247,195,-22
247,196,1
247,197,90
247,198,-79
247,199,-83
247,200,-99
247,201,-7
247,202,-12
247,203,53
247,204,-62
247,205,-84
247,206,-85
247,207,54
247,208,76
247,209,30
247,210,-59
247,211,-38
247,212,-72
247,213,29
247,214,6
247,215,3
247,216,-87
247,217,-89
247,218,-77
247,219,-73
247,220,45
247,221,0
247,222,33
247,223,-71
247,224,-67
247,225,85
247,226,55
247,227,99
247,228,-26
247,229,80
247,230,-85
247,231,53
247,232,92
247,233,84
247,234,58
247,235,-74
247,236,11
247,237,-52
247,238,36
247,239,-75
247,240,-95
247,241,34
247,242,-88
247,243,76
247,244,-91
247,245,-58
247,246,9
247,247,76
247,248,11
247,249,0
247,250,-83
247,251,-90
247,252,-91
247,253,55
247,254,-48
247,255,-47
247,256,52
247,257,-95
247,258,5
247,259,38
247,260,-68
247,261,-32
247,262,-5
247,263,73
247,264,-13
247,265,-46
247,266,97
247,267,-50
247,268,-76
247,269,4
247,270,-78
247,271,77
247,272,-55
247,273,71
247,274,40
247,275,98
247,276,75
247,277,44
247,278,-87
247,279,57
247,280,4
247,281,21
247,282,57
247,283,-68
247,284,19
247,285,81
247,286,84
247,287,-70
247,288,-78
247,289,79
247,290,14
247,291,-47
247,292,74
247,293,76
247,294,-17
247,295,-45
247,296,-9
247,297,-93
247,298,49
247,299,-39
248,0,-47
248,1,62
248,2,18
248,3,7
248,4,-13
248,5,-86
248,6,13
248,7,-96
248,8,-84
248,9,-9
248,10,16
248,11,30
248,12,46
248,13,1
248,14,64
248,15,48
248,16,0
248,17,-50
248,18,-47
248,19,38
248,20,92
248,21,57
248,22,-11
248,23,12
248,24,70
248,25,-65
248,26,-11
248,27,84
248,28,19
248,29,-10
248,30,53
248,31,-3
248,32,-41
248,33,-11
248,34,-79
248,35,-77
248,36,39
248,37,-26
248,38,-41
248,39,48
248,40,-21
248,41,63
248,42,-94
248,43,88
248,44,-48
248,45,55
248,46,-77
248,47,-48
248,48,-88
248,49,-23
248,50,-6
248,51,-29
248,52,-100
248,53,3
248,54,14
248,55,-20
248,56,-60
248,57,86
248,58,-88
248,59,81
248,60,74
248,61,-74
248,62,22
248,63,-61
248,64,59
248,65,85
248,66,-25
248,67,70
248,68,-49
248,69,-21
248,70,-67
248,71,33
248,72,-53
248,73,45
248,74,-20
248,75,66
248,76,-94
248,77,-95
248,78,-48
248,79,-100
248,80,-72
248,81,-9
248,82,96
248,83,2
248,84,22
248,85,1
248,86,-3
248,87,76
248,88,-42
248,89,40
248,90,-56
248,91,73
248,92,21
248,93,-78
248,94,-69
248,95,-29
248,96,10
248,97,-26
248,98,40
248,99,-48
248,100,-81
248,101,28
248,102,-44
248,103,-35
248,104,38
248,105,-55
248,106,-71
248,107,96
248,108,-94
248,109,51
248,110,-6
248,111,75
248,112,-58
248,113,-22
248,114,-65
248,115,28
248,116,-94
248,117,-57
248,118,-40
248,119,-75
248,120,6
248,121,6
248,122,20
248,123,57
248,124,-100
248,125,-38
248,126,-86
248,127,90
248,128,-46
248,129,-44
248,130,16
248,131,-81
248,132,49
248,133,-12
248,134,77
248,135,16
248,136,63
248,137,64
248,138,73
248,139,18
248,140,54
248,141,46
248,142,-18
248,143,-85
248,144,-47
248,145,-6
248,146,61
248,147,-22
248,148,78
248,149,-65
248,150,26
248,151,80
248,152,-11
248,153,-7
248,154,89
248,155,58
248,156,-12
248,157,31
248,158,-89
248,159,80
248,160,-40
248,161,46
248,162,18
248,163,83
248,164,-92
248,165,-76
248,166,-47
248,167,11
248,168,74
248,169,-60
248,170,78
248,171,-51
248,172,16
248,173,34
248,174,-74
248,175,75
248,176,10
248,177,-46
248,178,90
248,179,6
248,180,33
248,181,62
248,182,59
248,183,-95
248,184,90
248,185,-83
248,186,58
248,187,-49
248,188,43
248,189,83
248,190,94
248,191,89
248,192,-20
248,193,79
248,194,32
248,195,80
248,196,44
248,197,58
248,198,-85
248,199,84
248,200,-80
248,201,68
248,202,-62
248,203,-64
248,204,68
248,205,-48
248,206,-27
248,207,-69
248,208,-76
248,209,80
248,210,-37
248,211,60
248,212,2
248,213,1
248,214,-63
248,215,-9
248,216,-22
248,217,35
248,218,-100
248,219,-42
248,220,-66
248,221,-85
248,222,41
248,223,-96
248,224,-21
248,225,-80
248,226,-43
248,227,-44
248,228,38
248,229,-30
248,230,20
248,231,35
248,232,41
248,233,76
248,234,7
248,235,60
248,236,51
248,237,98
248,238,-63
248,239,-22
248,240,-51
248,241,-12
248,242,-37
248,243,24
248,244,29
248,245,66
248,246,41
248,247,39
248,248,-20
248,249,-23
248,250,78
248,251,-91
248,252,-57
248,253,-61
248,254,8
248,255,87
248,256,-31
248,257,-70
248,258,-64
248,259,85
248,260,70
248,261,8
248,262,-4
248,263,-30
248,264,-63
248,265,-93
248,266,-67
248,267,44
248,268,-84
248,269,-7
248,270,-19
248,271,-48
248,272,42
248,273,-37
248,274,8
248,275,-44
248,276,47
248,277,-40
248,278,-76
248,279,-23
248,280,-74
248,281,74
248,282,-2
248,283,-73
248,284,33
248,285,-60
248,286,-42
248,287,-23
248,288,88
248,289,-52
248,290,7
248,291,-1
248,292,-96
248,293,-90
248,294,-15
248,295,-61
248,296,13
248,297,-31
248,298,66
248,299,-31
249,0,9
249,1,-81
249,2,31
249,3,-88
249,4,-52
249,5,-25
249,6,-92
249,7,-42
249,8,15
249,9,-98
249,10,-90
249,11,-96
249,12,62
249,13,12
249,14,51
249,15,97
249,16,-19
249,17,24
249,18,33
249,19,-15
249,20,-59
249,21,-58
249,22,41
249,23,-76
249,24,-83
249,25,51
249,26,90
249,27,5
249,28,-100
249,29,-86
249,30,81
249,31,-67
249,32,79
249,33,-99
249,34,63
249,35,50
249,36,51
249,37,9
249,38,59
249,39,-50
249,40,-55
249,41,40
249,42,-4
249,43,5
249,44,-87
249,45,-84
249,46,21
249,47,43
249,48,59
249,49,6
249,50,-89
249,51,30
249,52,-26
249,53,80
249,54,-58
249,55,32
249,56,74
249,57,-74
249,58,26
249,59,79
249,60,-45
249,61,3
249,62,-21
249,63,-33
249,64,-10
249,65,-86
249,66,46
249,67,-75
249,68,72
249,69,-91
249,70,-3
249,71,1
249,72,53
249,73,35
249,74,-21
249,75,-69
249,76,-80
249,77,-5
249,78,-56
249,79,82
249,80,-89
249,81,75
249,82,2
249,83,86
249,84,-27
249,85,-31
249,86,-64
249,87,11
249,88,58
249,89,30
249,90,-32
249,91,-3
249,92,86
249,93,-68
249,94,-65
249,95,-98
249,96,30
249,97,5
249,98,86
249,99,81
249,100,-73
249,101,36
249,102,-75
249,103,56
249,104,-91
249,105,54
249,106,90
249,107,8
249,108,-39
249,109,-5
249,110,45
249,111,80
249,112,-15
249,113,44
249,114,-52
249,115,53
249,116,-96
249,117,-28
249,118,-57
249,119,51
249,120,84
249,121,20
249,122,-94
249,123,-81
249,124,83
249,125,7
249,126,99
249,127,46
249,128,-37
249,129,-58
249,130,-57
249,131,52
249,132,-84
249,133,-62
249,134,52
249,135,-2
249,136,-62
249,137,-62
249,138,86
249,139,93
249,140,-85
249,141,-48
249,142,5
249,143,56
249,144,93
249,145,-91
249,146,-99
249,147,40
249,148,81
249,149,-99
249,150,69
249,151,-87
249,152,-50
249,153,7
249,154,-52
249,155,65
249,156,61
249,157,-72
249,158,10
249,159,23
249,160,-37
249,161,-78
249,162,-78
249,163,-85
249,164,-57
249,165,-41
249,166,98
249,167,8
249,168,-36
249,169,46
249,170,72
249,171,-4
249,172,-3
249,173,28
249,174,-89
249,175,52
249,176,-14
249,177,-12
249,178,-13
249,179,37
249,180,93
249,181,60
249,182,29
249,183,31
249,184,50
249,185,9
249,186,-60
249,187,-63
249,188,-45
249,189,71
249,190,91
249,191,-77
249,192,-8
249,193,68
249,194,-73
249,195,-39
249,196,42
249,197,89
249,198,-91
249,199,27
249,200,-72
249,201,58
249,202,-38
249,203,-14
249,204,45
249,205,-94
249,206,54
249,207,36
249,208,-81
249,209,16
249,210,-9
249,211,-51
249,212,88
249,213,-34
249,214,8
249,215,44
249,216,-2
249,217,48
249,218,59
249,219,-53
249,220,65
249,221,-73
249,222,87
249,223,-31
249,224,-43
249,225,97
249,226,80
249,227,-91
249,228,-99
249,229,52
249,230,65
249,231,-100
249,232,-21
249,233,-11
249,234,-28
249,235,-88
249,236,-30
249,237,-100
249,238,58
249,239,94
249,240,-45
249,241,46
249,242,-97
249,243,-73
249,244,-57
249,245,-71
249,246,-65
249,247,80
249,248,5
249,249,21
249,250,86
249,251,95
249,252,-97
249,253,-90
249,254,-48
249,255,23
249,256,-13
249,257,-47
249,258,-17
249,259,-56
249,260,44
249,261,-37
249,262,85
249,263,-88
249,264,78
249,265,-49
249,266,42
249,267,31
249,268,-19
249,269,6
249,270,-92
249,271,11
249,272,19
249,273,-34
249,274,-19
249,275,84
249,276,0
249,277,19
249,278,56
249,279,74
249,280,15
249,281,13
249,282,32
249,283,10
249,284,97
249,285,91
249,286,-42
249,287,-66
249,288,-96
249,289,-51
249,290,-41
249,291,-86
249,292,7
249,293,14
249,294,2
249,295,51
249,296,-80
249,297,-99
249,298,72
249,299,-19
250,0,-91
250,1,72
250,2,64
250,3,50
250,4,72
250,5,68
250,6,-36
250,7,-40
250,8,17
250,9,33
250,10,92
250,11,-83
250,12,-10
250,13,11
250,14,67
250,15,65
250,16,72
250,17,-84
250,18,40
250,19,-91
250,20,-70
250,21,-51
250,22,22
250,23,-17
250,24,50
250,25,-56
250,26,65
250,27,38
250,28,35
250,29,-23
250,30,27
250,31,-88
250,32,61
250,33,92
250,34,0
250,35,-91
250,36,-7
250,37,-25
250,38,18
250,39,-65
250,40,-97
250,41,21
250,42,48
250,43,24
250,44,88
250,45,-7
250,46,-63
250,47,-25
250,48,-62
250,49,-12
250,50,-47
250,51,-39
250,52,-82
250,53,-99
250,54,49
250,55,-7
250,56,-44
250,57,-1
250,58,-98
250,59,-78
250,60,-97
250,61,55
250,62,-23
250,63,97
250,64,-31
250,65,68
250,66,64
250,67,-94
250,68,-100
250,69,-13
250,70,61
250,71,79
250,72,-91
250,73,18
250,74,87
250,75,33
250,76,95
250,77,99
250,78,9
250,79,24
250,80,75
250,81,-56
250,82,39
250,83,2
250,84,10
250,85,-31
250,86,16
250,87,48
250,88,9
250,89,18
250,90,-26
250,91,-65
250,92,-14
250,93,0
250,94,-78
250,95,82
250,96,54
250,97,47
250,98,-86
250,99,-59
250,100,31
250,101,-72
250,102,82
250,103,-52
250,104,-30
250,105,-26
250,106,-47
250,107,60
250,108,-5
250,109,3
250,110,-64
250,111,34
250,112,-77
250,113,-46
250,114,38
250,115,7
250,116,71
250,117,-11
250,118,92
250,119,-95
250,120,-70
250,121,70
250,122,6
250,123,-89
250,124,92
250,125,79
250,126,-31
250,127,-71
250,128,18
250,129,25
250,130,-46
250,131,-62
250,132,-19
250,133,-95
250,134,83
250,135,-93
250,136,-46
250,137,4
250,138,-85
250,139,19
250,140,29
250,141,-37
250,142,-90
250,143,-13
250,144,-97
250,145,30
250,146,-86
250,147,3
250,148,-33
250,149,70
250,150,-20
250,151,-92
250,152,-76
250,153,-36
250,154,3
250,155,-35
250,156,82
250,157,72
250,158,-68
250,159,-79
250,160,-59
250,161,54
250,162,-90
250,163,-59
250,164,-23
250,165,3
250,166,-79
250,167,36
250,168,-44
250,169,-18
250,170,-70
250,171,-83
250,172,39
250,173,67
250,174,21
250,175,0
250,176,72
250,177,76
250,178,28
250,179,-3
250,180,34
250,181,29
250,182,20
250,183,-15
250,184,-97
250,185,72
250,186,73
250,187,94
250,188,-92
250,189,84
250,190,-85
250,191,-50
250,192,-49
250,193,36
250,194,-18
250,195,33
250,196,-57
250,197,16
250,198,33
250,199,-96
250,200,73
250,201,-74
250,202,13
250,203,-56
250,204,68
250,205,-11
250,206,-73
250,207,81
250,208,-69
250,209,-48
250,210,-30
250,211,-71
250,212,-48
250,213,58
250,214,39
250,215,-92
250,216,-34
250,217,64
250,218,13
250,219,55
250,220,53
250,221,-18
250,222,48
250,223,0
250,224,-91
250,225,-21
250,226,-77
250,227,-76
250,228,79
250,229,-11
250,230,28
250,231,-48
250,232,95
250,233,6
250,234,-77
250,235,-74
250,236,6
250,237,54
250,238,-13
250,239,92
250,240,23
250,241,-62
250,242,-24
250,243,-17
250,244,1
250,245,63
250,246,-25
250,247,96
250,248,-96
250,249,-20
250,250,37
250,251,-85
250,252,80
250,253,41
250,254,-72
250,255,55
250,256,17
250,257,16
250,258,44
250,259,96
250,260,93
250,261,-65
250,262,3
250,263,73
250,264,-56
250,265,2
250,266,-92
250,267,63
250,268,-96
250,269,-22
250,270,-28
250,271,-12
250,272,77
250,273,-73
250,274,-74
250,275,9
250,276,74
250,277,60
250,278,14
250,279,21
250,280,-4
250,281,65
250,282,35
250,283,31
250,284,11
250,285,63
250,286,6
250,287,58
250,288,76
250,289,68
250,290,35
250,291,57
250,292,41
250,293,-56
250,294,9
250,295,-55
250,296,94
250,297,-8
250,298,-85
250,299,37
251,0,-33
251,1,79
251,2,-51
251,3,-33
251,4,-99
251,5,-26
251,6,-26
251,7,87
251,8,77
251,9,28
251,10,-4
251,11,8
251,12,64
251,13,50
251,14,76
251,15,16
251,16,91
251,17,-84
251,18,-30
251,19,42
251,20,-50
251,21,54
251,22,-92
251,23,-37
251,24,90
251,25,-16
251,26,80
251,27,-8
251,28,-59
251,29,16
251,30,-31
251,31,-12
251,32,-66
251,33,-84
251,34,-57
251,35,70
251,36,3
251,37,-12
251,38,6
251,39,17
251,40,-57
251,41,65
251,42,68
251,43,52
251,44,-52
251,45,-41
251,46,-99
251,47,-36
251,48,13
251,49,-98
251,50,-8
251,51,41
251,52,72
251,53,61
251,54,63
251,55,-86
251,56,-64
251,57,37
251,58,-92
251,59,-51
251,60,62
251,61,-55
251,62,5
251,63,-20
251,64,-54
251,65,-83
251,66,12
251,67,52
251,68,62
251,69,-50
251,70,8
251,71,-12
251,72,82
251,73,-85
251,74,-13
251,75,-89
251,76,-2
251,77,-42
251,78,-28
251,79,11
251,80,64
251,81,-69
251,82,84
251,83,-79
251,84,72
251,85,-3
251,86,-18
251,87,-89
251,88,-96
251,89,-75
251,90,15
251,91,-10
251,92,-81
251,93,88
251,94,35
251,95,89
251,96,81
251,97,-21
251,98,-43
251,99,93
251,100,72
251,101,92
251,102,-96
251,103,58
251,104,-78
251,105,48
251,106,39
251,107,-97
251,108,-64
251,109,-26
251,110,3
251,111,16
251,112,36
251,113,-75
251,114,-74
251,115,89
251,116,77
251,117,-12
251,118,-19
251,119,99
251,120,29
251,121,26
251,122,2
251,123,53
251,124,-8
251,125,96
251,126,-55
251,127,90
251,128,-31
251,129,50
251,130,44
251,131,-13
251,132,3
251,133,-37
251,134,56
251,135,-49
251,136,25
251,137,-7
251,138,27
251,139,-77
251,140,62
251,141,24
251,142,74
251,143,0
251,144,-50
251,145,-99
251,146,48
251,147,67
251,148,4
251,149,-32
251,150,-66
251,151,71
251,152,62
251,153,-18
251,154,52
251,155,-21
251,156,-70
251,157,79
251,158,62
251,159,50
251,160,-52
251,161,43
251,162,-43
251,163,-51
251,164,-23
251,165,-37
251,166,-49
251,167,-61
251,168,4
251,169,-47
251,170,13
251,171,-4
251,172,44
251,173,31
251,174,-45
251,175,-71
251,176,7
251,177,61
251,178,71
251,179,25
251,180,96
251,181,92
251,182,3
251,183,80
251,184,26
251,185,97
251,186,-14
251,187,-68
251,188,-23
251,189,-65
251,190,-83
251,191,18
251,192,-50
251,193,84
251,194,71
251,195,-91
251,196,-62
251,197,83
251,198,-52
251,199,-43
251,200,-25
251,201,1
251,202,50
251,203,34
251,204,-56
251,205,9
251,206,-12
251,207,-46
251,208,23
251,209,82
251,210,65
251,211,46
251,212,8
251,213,49
251,214,-90
251,215,30
251,216,46
251,217,-10
251,218,34
251,219,18
251,220,-67
251,221,-90
251,222,-96
251,223,-30
251,224,63
251,225,-96
251,226,83
251,227,32
251,228,-74
251,229,-8
251,230,54
251,231,59
251,232,-12
251,233,13
251,234,-3
251,235,-86
251,236,4
251,237,-3
251,238,81
251,239,-81
251,240,61
251,241,26
251,242,-67
251,243,14
251,244,73
251,245,-80
251,246,66
251,247,-61
251,248,71
251,249,63
251,250,-46
251,251,98
251,252,-51
251,253,85
251,254,-27
251,255,-27
251,256,-63
251,257,-77
251,258,7
251,259,-42
251,260,72
251,261,53
251,262,-18
251,263,92
251,264,-90
251,265,77
251,266,27
251,267,85
251,268,17
251,269,61
251,270,-85
251,271,86
251,272,-100
251,273,-60
251,274,55
251,275,-86
251,276,-21
251,277,73
251,278,-69
251,279,-62
251,280,92
251,281,-28
251,282,-8
251,283,-12
251,284,38
251,285,97
251,286,-67
251,287,-51
251,288,71
251,289,-87
251,290,-29
251,291,52
251,292,95
251,293,77
251,294,-6
251,295,-16
251,296,59
251,297,-46
251,298,-23
251,299,52
252,0,79
252,1,83
252,2,14
252,3,23
252,4,7
252,5,49
252,6,-54
252,7,97
252,8,-50
252,9,93
252,10,-31
252,11,18
252,12,-14
252,13,-26
252,14,92
252,15,-79
252,16,68
252,17,-24
252,18,74
252,19,87
252,20,13
252,21,49
252,22,31
252,23,-57
252,24,-60
252,25,65
252,26,44
252,27,-84
252,28,72
252,29,-55
252,30,35
252,31,42
252,32,60
252,33,76
252,34,-91
252,35,89
252,36,82
252,37,-43
252,38,0
252,39,90
252,40,38
252,41,-66
252,42,-5
252,43,-15
252,44,31
252,45,16
252,46,-35
252,47,60
252,48,-28
252,49,62
252,50,-63
252,51,84
252,52,-6
252,53,-68
252,54,71
252,55,-48
252,56,47
252,57,-38
252,58,78
252,59,13
252,60,41
252,61,-66
252,62,9
252,63,-56
252,64,60
252,65,-40
252,66,-8
252,67,-29
252,68,80
252,69,14
252,70,-23
252,71,-51
252,72,42
252,73,-59
252,74,13
252,75,-81
252,76,-9
252,77,-33
252,78,34
252,79,-35
252,80,-28
252,81,50
252,82,-65
252,83,39
252,84,50
252,85,38
252,86,28
252,87,-62
252,88,-8
252,89,-31
252,90,58
252,91,36
252,92,83
252,93,-83
252,94,26
252,95,-42
252,96,-34
252,97,8
252,98,30
252,99,-71
252,100,91
252,101,97
252,102,-10
252,103,-99
252,104,-81
252,105,-4
252,106,-72
252,107,-92
252,108,-97
252,109,-61
252,110,82
252,111,40
252,112,33
252,113,-28
252,114,-75
252,115,2
252,116,-60
252,117,-59
252,118,27
252,119,-40
252,120,-39
252,121,95
252,122,-80
252,123,58
252,124,-58
252,125,48
252,126,6
252,127,56
252,128,82
252,129,-43
252,130,51
252,131,-56
252,132,-21
252,133,36
252,134,93
252,135,29
252,136,64
252,137,26
252,138,64
252,139,96
252,140,-55
252,141,-95
252,142,-53
252,143,26
252,144,11
252,145,35
252,146,-69
252,147,0
252,148,-24
252,149,94
252,150,-33
252,151,-73
252,152,67
252,153,43
252,154,-44
252,155,-46
252,156,-18
252,157,5
252,158,-15
252,159,66
252,160,-25
252,161,82
252,162,57
252,163,3
252,164,69
252,165,32
252,166,0
252,167,72
252,168,91
252,169,-69
252,170,-3
252,171,-89
252,172,6
252,173,-35
252,174,-49
252,175,98
252,176,-69
252,177,62
252,178,33
252,179,-79
252,180,74
252,181,40
252,182,-78
252,183,71
252,184,-92
252,185,5
252,186,-42
252,187,16
252,188,0
252,189,-71
252,190,-17
252,191,-57
252,192,76
252,193,-85
252,194,20
252,195,-27
252,196,-17
252,197,80
252,198,29
252,199,-34
252,200,-59
252,201,91
252,202,35
252,203,-28
252,204,-9
252,205,48
252,206,14
252,207,-4
252,208,87
252,209,-67
252,210,31
252,211,16
252,212,-39
252,213,-5
252,214,-25
252,215,-99
252,216,26
252,217,77
252,218,11
252,219,16
252,220,-75
252,221,-16
252,222,7
252,223,64
252,224,-46
252,225,-1
252,226,-83
252,227,-77
252,228,-71
252,229,-84
252,230,-59
252,231,-20
252,232,7
252,233,39
252,234,-74
252,235,82
252,236,-97
252,237,62
252,238,92
252,239,-25
252,240,56
252,241,-29
252,242,99
252,243,-25
252,244,63
252,245,-67
252,246,-65
252,247,82
252,248,-97
252,249,-90
252,250,-42
252,251,-98
252,252,-89
252,253,12
252,254,-28
252,255,48
252,256,49
252,257,45
252,258,-95
252,259,-12
252,260,13
252,261,8
252,262,-22
252,263,-36
252,264,-46
252,265,67
252,266,-19
252,267,-49
252,268,19
252,269,-57
252,270,-6
252,271,-39
252,272,-17
252,273,-4
252,274,-27
252,275,56
252,276,46
252,277,55
252,278,21
252,279,22
252,280,46
252,281,-70
252,282,81
252,283,-2
252,284,89
252,285,41
252,286,-51
252,287,-42
252,288,97
252,289,85
252,290,-92
252,291,-44
252,292,68
252,293,-74
252,294,-43
252,295,-20
252,296,-33
252,297,85
252,298,-77
252,299,-21
253,0,-39
253,1,-20
253,2,94
253,3,0
253,4,16
253,5,-98
253,6,-50
253,7,4
253,8,-2
253,9,-34
253,10,-21
253,11,84
253,12,47
253,13,-56
253,14,33
253,15,60
253,16,70
253,17,77
253,18,54
253,19,-71
253,20,-2
253,21,45
253,22,57
253,23,42
253,24,-5
253,25,-2
253,26,89
253,27,-80
253,28,39
253,29,76
253,30,-100
253,31,82
253,32,-76
253,33,74
253,34,-62
253,35,-74
253,36,-8
253,37,-51
253,38,82
253,39,55
253,40,-44
253,41,-19
253,42,-85
253,43,83
253,44,-66
253,45,55
253,46,-55
253,47,-34
253,48,-85
253,49,-22
253,50,-27
253,51,16
253,52,-52
253,53,95
253,54,49
253,55,-83
253,56,-79
253,57,5
253,58,18
253,59,-85
253,60,83
253,61,-98
253,62,22
253,63,80
253,64,-66
253,65,4
253,66,2
253,67,48
253,68,92
253,69,-44
253,70,-54
253,71,61
253,72,-53
253,73,66
253,74,-14
253,75,19
253,76,57
253,77,77
253,78,-4
253,79,43
253,80,-7
253,81,-98
253,82,-40
253,83,-99
253,84,-75
253,85,-83
253,86,-35
253,87,-61
253,88,30
253,89,-84
253,90,51
253,91,-99
253,92,-31
253,93,67
253,94,53
253,95,84
253,96,-52
253,97,-44
253,98,-45
253,99,97
253,100,-25
253,101,-80
253,102,-85
253,103,-95
253,104,-67
253,105,-42
253,106,-34
253,107,-60
253,108,46
253,109,56
253,110,-69
253,111,-91
253,112,91
253,113,18
253,114,-8
253,115,-24
253,116,-81
253,117,55
253,118,-74
253,119,52
253,120,23
253,121,-72
253,122,15
253,123,42
253,124,72
253,125,-56
253,126,-71
253,127,-63
253,128,87
253,129,-69
253,130,-51
253,131,-30
253,132,62
253,133,-25
253,134,-14
253,135,-96
253,136,6
253,137,18
253,138,-70
253,139,-4
253,140,80
253,141,-100
253,142,-15
253,143,96
253,144,95
253,145,-36
253,146,42
253,147,2
253,148,79
253,149,65
253,150,-77
253,151,50
253,152,-54
253,153,34
253,154,58
253,155,-94
253,156,-97
253,157,81
253,158,3
253,159,-49
253,160,-19
253,161,-21
253,162,-53
253,163,-6
253,164,-35
253,165,9
253,166,24
253,167,81
253,168,26
253,169,81
253,170,-1
253,171,72
253,172,-61
253,173,-66
253,174,-77
253,175,62
253,176,-7
253,177,64
253,178,8
253,179,61
253,180,2
253,181,51
253,182,-8
253,183,-97
253,184,4
253,185,77
253,186,-23
253,187,51
253,188,1
253,189,15
253,190,-3
253,191,-65
253,192,-22
253,193,-66
253,194,-72
253,195,-65
253,196,-33
253,197,38
253,198,-46
253,199,-52
253,200,-44
253,201,-2
253,202,-14
253,203,-46
253,204,-45
253,205,-27
253,206,-97
253,207,8
253,208,52
253,209,29
253,210,46
253,211,-13
253,212,35
253,213,-37
253,214,33
253,215,-17
253,216,-87
253,217,3
253,218,97
253,219,4
253,220,25
253,221,-30
253,222,84
253,223,8
253,224,-71
253,225,-93
253,226,41
253,227,-53
253,228,-73
253,229,33
253,230,57
253,231,31
253,232,-1
253,233,-34
253,234,37
253,235,1
253,236,-74
253,237,72
253,238,-26
253,239,-1
253,240,-66
253,241,-88
253,242,19
253,243,-46
253,244,-58
253,245,-28
253,246,-33
253,247,-58
253,248,-61
253,249,13
253,250,58
253,251,-98
253,252,20
253,253,44
253,254,-21
253,255,-62
253,256,93
253,257,96
253,258,-4
253,259,-24
253,260,-25
253,261,46
253,262,-79
253,263,-93
253,264,7
253,265,95
253,266,98
253,267,27
253,268,-83
253,269,33
253,270,-97
253,271,16
253,272,68
253,273,78
253,274,-89
253,275,11
253,276,-64
253,277,-99
253,278,-98
253,279,72
253,280,-16
253,281,-62
253,282,-24
253,283,11
253,284,81
253,285,-83
253,286,-88
253,287,-87
253,288,-60
253,289,-61
253,290,-12
253,291,0
253,292,98
253,293,-53
253,294,-91
253,295,20
253,296,-47
253,297,62
253,298,51
253,299,-52
254,0,69
254,1,-17
254,2,-51
254,3,48
254,4,55
254,5,82
254,6,54
254,7,-4
254,8,-33
254,9,-2
254,10,-17
254,11,33
254,12,85
254,13,33
254,14,-41
254,15,-20
254,16,46
254,17,12
254,18,88
254,19,-84
254,20,76
254,21,30
254,22,9
254,23,-67
254,24,-39
254,25,87
254,26,95
254,27,-14
254,28,22
254,29,22
254,30,26
254,31,-19
254,32,61
254,33,56
254,34,-41
254,35,71
254,36,42
254,37,-56
254,38,-26
254,39,2
254,40,-92
254,41,-66
254,42,-91
254,43,3
254,44,65
254,45,26
254,46,56
254,47,73
254,48,97
254,49,15
254,50,-56
254,51,-24
254,52,17
254,53,-48
254,54,-17
254,55,-99
254,56,31
254,57,98
254,58,-82
254,59,-2
254,60,38
254,61,-18
254,62,59
254,63,41
254,64,76
254,65,-32
254,66,52
254,67,41
254,68,66
254,69,39
254,70,23
254,71,76
254,72,-17
254,73,17
254,74,16
254,75,-83
254,76,-100
254,77,6
254,78,-97
254,79,-89
254,80,53
254,81,59
254,82,0
254,83,-22
254,84,-49
254,85,-2
254,86,-11
254,87,-86
254,88,35
254,89,-71
254,90,81
254,91,26
254,92,25
254,93,94
254,94,97
254,95,-6
254,96,-93
254,97,90
254,98,-8
254,99,44
254,100,-85
254,101,12
254,102,-56
254,103,95
254,104,37
254,105,46
254,106,66
254,107,-51
254,108,-41
254,109,-33
254,110,26
254,111,59
254,112,-21
254,113,-12
254,114,91
254,115,-15
254,116,51
254,117,-73
254,118,50
254,119,-38
254,120,17
254,121,26
254,122,83
254,123,-28
254,124,-35
254,125,65
254,126,-73
254,127,53
254,128,87
254,129,-41
254,130,82
254,131,27
254,132,-76
254,133,48
254,134,-76
254,135,-43
254,136,-63
254,137,-55
254,138,12
254,139,-1
254,140,31
254,141,46
254,142,89
254,143,-77
254,144,-46
254,145,52
254,146,-29
254,147,26
254,148,-36
254,149,-33
254,150,39
254,151,52
254,152,48
254,153,46
254,154,-31
254,155,79
254,156,-47
254,157,62
254,158,-98
254,159,-68
254,160,-94
254,161,4
254,162,54
254,163,-100
254,164,67
254,165,45
254,166,62
254,167,-20
254,168,-62
254,169,23
254,170,-90
254,171,0
254,172,-56
254,173,30
254,174,79
254,175,-41
254,176,-9
254,177,-43
254,178,81
254,179,10
254,180,-67
254,181,55
254,182,-40
254,183,93
254,184,20
254,185,9
254,186,93
254,187,64
254,188,43
254,189,99
254,190,24
254,191,72
254,192,-86
254,193,-97
254,194,-78
254,195,99
254,196,-21
254,197,-85
254,198,-13
254,199,-48
254,200,-91
254,201,61
254,202,45
254,203,-48
254,204,-85
254,205,27
254,206,89
254,207,79
254,208,14
254,209,-44
254,210,99
254,211,91
254,212,-78
254,213,-61
254,214,41
254,215,-21
254,216,-83
254,217,63
254,218,66
254,219,3
254,220,68
254,221,-100
254,222,-20
254,223,-9
254,224,98
254,225,69
254,226,51
254,227,16
254,228,-36
254,229,-83
254,230,-11
254,231,-87
254,232,-82
254,233,-19
254,234,8
254,235,-94
254,236,-37
254,237,-99
254,238,-94
254,239,-73
254,240,-9
254,241,-20
254,242,-71
254,243,-16
254,244,-65
254,245,15
254,246,-79
254,247,-22
254,248,-23
254,249,54
254,250,25
254,251,-91
254,252,-79
254,253,50
254,254,-49
254,255,69
254,256,68
254,257,-53
254,258,-32
254,259,78
254,260,-100
254,261,-4
254,262,83
254,263,-30
254,264,51
254,265,42
254,266,71
254,267,-20
254,268,-52
254,269,76
254,270,95
254,271,-6
254,272,17
254,273,-3
254,274,-27
254,275,-64
254,276,-27
254,277,69
254,278,86
254,279,27
254,280,-91
254,281,1
254,282,-48
254,283,69
254,284,35
254,285,-26
254,286,-17
254,287,51
254,288,-50
254,289,-30
254,290,87
254,291,48
254,292,7
254,293,80
254,294,-95
254,295,-70
254,296,39
254,297,0
254,298,40
254,299,-52
255,0,-70
255,1,-92
255,2,54
255,3,15
255,4,80
255,5,14
255,6,-50
255,7,-29
255,8,54
255,9,27
255,10,67
255,11,-39
255,12,-43
255,13,42
255,14,66
255,15,-31
255,16,-93
255,17,62
255,18,-38
255,19,-70
255,20,69
255,21,-13
255,22,14
255,23,93
255,24,-60
255,25,-100
255,26,-27
255,27,-68
255,28,7
255,29,-64
255,30,23
255,31,-44
255,32,-90
255,33,-17
255,34,-54
255,35,93
255,36,-12
255,37,22
255,38,31
255,39,-18
255,40,-24
255,41,82
255,42,39
255,43,27
255,44,-35
255,45,64
255,46,50
255,47,-46
255,48,46
255,49,-34
255,50,50
255,51,-97
255,52,-83
255,53,-89
255,54,-66
255,55,54
255,56,-58
255,57,-23
255,58,-6
255,59,-34
255,60,96
255,61,-37
255,62,-8
255,63,2
255,64,-49
255,65,-84
255,66,-68
255,67,-29
255,68,79
255,69,62
255,70,47
255,71,-20
255,72,-56
255,73,-24
255,74,-33
255,75,-51
255,76,85
255,77,57
255,78,97
255,79,-99
255,80,20
255,81,-67
255,82,79
255,83,-85
255,84,23
255,85,70
255,86,-37
255,87,54
255,88,-36
255,89,-88
255,90,-61
255,91,59
255,92,-34
255,93,-87
255,94,19
255,95,19
255,96,-43
255,97,-9
255,98,-55
255,99,-11
255,100,25
255,101,9
255,102,14
255,103,86
255,104,20
255,105,92
255,106,-68
255,107,-55
255,108,-19
255,109,24
255,110,-47
255,111,-35
255,112,31
255,113,-47
255,114,13
255,115,-97
255,116,44
255,117,-21
255,118,98
255,119,-28
255,120,82
255,121,75
255,122,76
255,123,50
255,124,-74
255,125,-76
255,126,-8
255,127,51
255,128,-21
255,129,-9
255,130,-81
255,131,-48
255,132,-18
255,133,-27
255,134,53
255,135,87
255,136,29
255,137,-98
255,138,2
255,139,83
255,140,-35
255,141,52
255,142,8
255,143,95
255,144,-86
255,145,34
255,146,27
255,147,-19
255,148,-30
255,149,-60
255,150,25
255,151,87
255,152,71
255,153,22
255,154,-68
255,155,93
255,156,50
255,157,-37
255,158,33
255,159,-38
255,160,25
255,161,70
255,162,52
255,163,-93
255,164,64
255,165,-8
255,166,86
255,167,-73
255,168,-48
255,169,19
255,170,98
255,171,23
255,172,-46
255,173,63
255,174,89
255,175,42
255,176,-47
255,177,-40
255,178,-4
255,179,-47
255,180,96
255,181,-72
255,182,-20
255,183,8
255,184,-74
255,185,14
255,186,95
255,187,39
255,188,25
255,189,-78
255,190,-51
255,191,-26
255,192,-13
255,193,54
255,194,-42
255,195,-92
255,196,-68
255,197,-31
255,198,78
255,199,67
255,200,-95
255,201,31
255,202,-98
255,203,40
255,204,-75
255,205,-67
255,206,80
255,207,-54
255,208,35
255,209,-25
255,210,35
255,211,46
255,212,-69
255,213,-80
255,214,91
255,215,50
255,216,-10
255,217,-12
255,218,-30
255,219,-59
255,220,-66
255,221,29
255,222,98
255,223,5
255,224,-25
255,225,-49
255,226,-84
255,227,-15
255,228,-92
255,229,79
255,230,-98
255,231,-79
255,232,81
255,233,-65
255,234,66
255,235,-83
255,236,-20
255,237,-74
255,238,17
255,239,-5
255,240,94
255,241,40
255,242,-84
255,243,-40
255,244,45
255,245,-84
255,246,83
255,247,-53
255,248,-85
255,249,52
255,250,92
255,251,-74
255,252,-87
255,253,-9
255,254,10
255,255,15
255,256,16
255,257,-51
255,258,-72
255,259,-73
255,260,48
255,261,51
255,262,-55
255,263,-41
255,264,-2
255,265,47
255,266,-49
255,267,49
255,268,-33
255,269,43
255,270,48
255,271,71
255,272,-39
255,273,48
255,274,3
255,275,38
255,276,19
255,277,87
255,278,-64
255,279,71
255,280,23
255,281,-79
255,282,93
255,283,70
255,284,-80
255,285,60
255,286,44
255,287,-65
255,288,41
255,289,64
255,290,58
255,291,31
255,292,33
255,293,77
255,294,-16
255,295,-63
255,296,-22
255,297,32
255,298,65
255,299,-77
256,0,-83
256,1,-8
256,2,59
256,3,-30
256,4,1
256,5,-11
256,6,-29
256,7,-12
256,8,57
256,9,-13
256,10,57
256,11,32
256,12,-97
256,13,78
256,14,36
256,15,-46
256,16,-68
256,17,14
256,18,-8
256,19,-70
256,20,7
256,21,-18
256,22,81
256,23,88
256,24,-35
256,25,47
256,26,13
256,27,-16
256,28,88
256,29,-65
256,30,-17
256,31,7
256,32,-81
256,33,72
256,34,-1
256,35,-55
256,36,16
256,37,-83
256,38,97
256,39,-4
256,40,45
256,41,91
256,42,-67
256,43,-22
256,44,30
256,45,-29
256,46,38
256,47,73
256,48,69
256,49,-84
256,50,-54
256,51,-71
256,52,70
256,53,35
256,54,-61
256,55,98
256,56,47
256,57,-25
256,58,-16
256,59,55
256,60,-73
256,61,-42
256,62,89
256,63,-21
256,64,-27
256,65,81
256,66,-94
256,67,-33
256,68,-77
256,69,-3
256,70,-60
256,71,-47
256,72,-87
256,73,71
256,74,-52
256,75,-38
256,76,-56
256,77,-29
256,78,5
256,79,-94
256,80,-98
256,81,-13
256,82,74
256,83,88
256,84,98
256,85,-71
256,86,-96
256,87,3
256,88,12
256,89,99
256,90,-94
256,91,66
256,92,29
256,93,70
256,94,39
256,95,-73
256,96,7
256,97,46
256,98,-73
256,99,-2
256,100,-25
256,101,-9
256,102,97
256,103,46
256,104,-37
256,105,-10
256,106,16
256,107,36
256,108,68
256,109,-51
256,110,-91
256,111,-19
256,112,81
256,113,-91
256,114,34
256,115,3
256,116,59
256,117,-47
256,118,-31
256,119,90
256,120,-67
256,121,-58
256,122,25
256,123,32
256,124,46
256,125,12
256,126,13
256,127,-47
256,128,41
256,129,37
256,130,-52
256,131,-90
256,132,58
256,133,93
256,134,37
256,135,-80
256,136,28
256,137,-55
256,138,6
256,139,-27
256,140,-81
256,141,-80
256,142,64
256,143,41
256,144,85
256,145,-44
256,146,-44
256,147,-32
256,148,97
256,149,51
256,150,87
256,151,50
256,152,-54
256,153,65
256,154,79
256,155,40
256,156,-93
256,157,1
256,158,59
256,159,44
256,160,-96
256,161,-29
256,162,22
256,163,24
256,164,77
256,165,-7
256,166,39
256,167,71
256,168,-33
256,169,86
256,170,37
256,171,-53
256,172,55
256,173,-96
256,174,-57
256,175,58
256,176,-85
256,177,22
256,178,-78
256,179,-8
256,180,10
256,181,-80
256,182,29
256,183,-78
256,184,38
256,185,17
256,186,22
256,187,29
256,188,-19
256,189,40
256,190,-56
256,191,-29
256,192,37
256,193,-10
256,194,-20
256,195,-80
256,196,-100
256,197,43
256,198,70
256,199,33
256,200,-25
256,201,11
256,202,-90
256,203,93
256,204,-5
256,205,76
256,206,-81
256,207,-80
256,208,-65
256,209,-63
256,210,-45
256,211,-10
256,212,-90
256,213,-83
256,214,-20
256,215,-3
256,216,-56
256,217,53
256,218,25
256,219,-42
256,220,33
256,221,-58
256,222,-7
256,223,79
256,224,2
256,225,89
256,226,-84
256,227,-24
256,228,16
256,229,-55
256,230,68
256,231,40
256,232,33
256,233,60
256,234,31
256,235,77
256,236,-53
256,237,-2
256,238,-74
256,239,-95
256,240,-43
256,241,90
256,242,-100
256,243,-73
256,244,-72
256,245,-5
256,246,55
256,247,-10
256,248,-33
256,249,-60
256,250,5
256,251,15
256,252,82
256,253,59
256,254,22
256,255,96
256,256,49
256,257,20
256,258,-44
256,259,-79
256,260,-35
256,261,68
256,262,-58
256,263,-67
256,264,13
256,265,-99
256,266,-42
256,267,-65
256,268,-93
256,269,60
256,270,-68
256,271,95
256,272,-83
256,273,-37
256,274,-40
256,275,-18
256,276,-91
256,277,77
256,278,5
256,279,-79
256,280,-62
256,281,1
256,282,-36
256,283,-71
256,284,32
256,285,10
256,286,-75
256,287,19
256,288,-38
256,289,73
256,290,-70
256,291,68
256,292,39
256,293,-84
256,294,45
256,295,93
256,296,12
256,297,-9
256,298,-62
256,299,-27
257,0,10
257,1,60
257,2,35
257,3,-10
257,4,-75
257,5,-25
257,6,-66
257,7,-44
257,8,-80
257,9,64
257,10,23
257,11,32
257,12,-84
257,13,25
257,14,-3
257,15,-4
257,16,-19
257,17,-76
257,18,4
257,19,-40
257,20,-7
257,21,-64
257,22,8
257,23,93
257,24,40
257,25,20
257,26,-61
257,27,69
257,28,-17
257,29,-31
257,30,52
257,31,69
257,32,37
257,33,-6
257,34,-58
257,35,95
257,36,27
257,37,-12
257,38,55
257,39,51
257,40,-2
257,41,-60
257,42,-40
257,43,23
257,44,32
257,45,-4
257,46,38
257,47,-93
257,48,48
257,49,91
257,50,-96
257,51,-67
257,52,-92
257,53,-63
257,54,-58
257,55,-5
257,56,37
257,57,-89
257,58,-2
257,59,45
257,60,39
257,61,-70
257,62,-90
257,63,-3
257,64,-74
257,65,-80
257,66,27
257,67,-88
257,68,-56
257,69,74
257,70,-76
257,71,-24
257,72,-37
257,73,97
257,74,-2
257,75,55
257,76,47
257,77,68
257,78,-97
257,79,-17
257,80,96
257,81,-77
257,82,44
257,83,32
257,84,-44
257,85,53
257,86,-1
257,87,99
257,88,44
257,89,83
257,90,-93
257,91,91
257,92,96
257,93,-91
257,94,77
257,95,23
257,96,82
257,97,-87
257,98,-10
257,99,-74
257,100,-96
257,101,-22
257,102,55
257,103,32
257,104,-15
257,105,39
257,106,-93
257,107,-42
257,108,92
257,109,-41
257,110,-21
257,111,-46
257,112,-7
257,113,70
257,114,-60
257,115,-91
257,116,15
257,117,-17
257,118,6
257,119,-94
257,120,-80
257,121,-26
257,122,0
257,123,-57
257,124,-13
257,125,-64
257,126,71
257,127,-36
257,128,13
257,129,-95
257,130,-63
257,131,70
257,132,-44
257,133,-31
257,134,-36
257,135,82
257,136,11
257,137,-66
257,138,-77
257,139,-63
257,140,-98
257,141,78
257,142,88
257,143,67
257,144,-47
257,145,-35
257,146,14
257,147,-41
257,148,-86
257,149,73
257,150,9
257,151,82
257,152,-97
257,153,-77
257,154,-18
257,155,-7
257,156,2
257,157,-61
257,158,-74
257,159,79
257,160,-64
257,161,-100
257,162,36
257,163,45
257,164,22
257,165,-62
257,166,-71
257,167,-81
257,168,42
257,169,-37
257,170,18
257,171,52
257,172,76
257,173,-34
257,174,21
257,175,-75
257,176,72
257,177,25
257,178,-95
257,179,-69
257,180,-84
257,181,73
257,182,-48
257,183,-1
257,184,31
257,185,9
257,186,55
257,187,-30
257,188,43
257,189,0
257,190,66
257,191,-10
257,192,57
257,193,-44
257,194,-45
257,195,66
257,196,26
257,197,69
257,198,-83
257,199,-26
257,200,-79
257,201,31
257,202,-98
257,203,88
257,204,-77
257,205,-49
257,206,-34
257,207,22
257,208,-70
257,209,-48
257,210,88
257,211,20
257,212,85
257,213,62
257,214,-70
257,215,84
257,216,-25
257,217,37
257,218,-17
257,219,45
257,220,7
257,221,-45
257,222,-65
257,223,-50
257,224,88
257,225,46
257,226,-20
257,227,3
257,228,24
257,229,38
257,230,-96
257,231,0
257,232,72
257,233,-1
257,234,72
257,235,75
257,236,7
257,237,-87
257,238,16
257,239,-73
257,240,-92
257,241,-42
257,242,-63
257,243,-8
257,244,52
257,245,-29
257,246,-53
257,247,46
257,248,29
257,249,-95
257,250,57
257,251,-40
257,252,-99
257,253,78
257,254,-18
257,255,-88
257,256,-52
257,257,-93
257,258,-92
257,259,50
257,260,99
257,261,-28
257,262,43
257,263,43
257,264,-89
257,265,20
257,266,38
257,267,-19
257,268,40
257,269,62
257,270,6
257,271,70
257,272,0
257,273,57
257,274,-41
257,275,-34
257,276,-72
257,277,52
257,278,-35
257,279,-96
257,280,23
257,281,-6
257,282,-96
257,283,-16
257,284,-52
257,285,-75
257,286,-30
257,287,57
257,288,-3
257,289,55
257,290,25
257,291,-87
257,292,-83
257,293,-44
257,294,-76
257,295,-31
257,296,32
257,297,80
257,298,-16
257,299,-62
258,0,84
258,1,13
258,2,-90
258,3,96
258,4,1
258,5,-76
258,6,57
258,7,-99
258,8,-65
258,9,-64
258,10,-99
258,11,7
258,12,74
258,13,-10
258,14,-5
258,15,86
258,16,-97
258,17,-7
258,18,94
258,19,-55
258,20,8
258,21,1
258,22,63
258,23,-36
258,24,-45
258,25,-66
258,26,18
258,27,0
258,28,-78
258,29,-23
258,30,-57
258,31,-100
258,32,93
258,33,39
258,34,40
258,35,54
258,36,-81
258,37,10
258,38,11
258,39,-3
258,40,-95
258,41,35
258,42,-80
258,43,2
258,44,48
258,45,-56
258,46,-31
258,47,4
258,48,71
258,49,86
258,50,57
258,51,37
258,52,-26
258,53,-100
258,54,37
258,55,52
258,56,-18
258,57,-27
258,58,10
258,59,-87
258,60,30
258,61,95
258,62,67
258,63,60
258,64,34
258,65,7
258,66,-98
258,67,18
258,68,64
258,69,-8
258,70,53
258,71,-10
258,72,-76
258,73,67
258,74,-58
258,75,14
258,76,-7
258,77,-57
258,78,98
258,79,-72
258,80,-10
258,81,-44
258,82,7
258,83,36
258,84,-79
258,85,-31
258,86,-95
258,87,54
258,88,21
258,89,17
258,90,-49
258,91,-31
258,92,76
258,93,-8
258,94,50
258,95,-20
258,96,48
258,97,-27
258,98,6
258,99,35
258,100,81
258,101,-87
258,102,-70
258,103,78
258,104,89
258,105,45
258,106,74
258,107,-7
258,108,-19
258,109,79
258,110,64
258,111,-71
258,112,-71
258,113,-1
258,114,-53
258,115,66
258,116,-74
258,117,43
258,118,59
258,119,56
258,120,79
258,121,-7
258,122,-86
258,123,-57
258,124,50
258,125,-53
258,126,50
258,127,13
258,128,98
258,129,24
258,130,-87
258,131,-47
258,132,-9
258,133,97
258,134,70
258,135,72
258,136,49
258,137,23
258,138,-40
258,139,-83
258,140,71
258,141,-15
258,142,45
258,143,-44
258,144,-16
258,145,-86
258,146,5
258,147,-43
258,148,29
258,149,-87
258,150,-80
258,151,70
258,152,-56
258,153,-67
258,154,16
258,155,-30
258,156,-22
258,157,-89
258,158,22
258,159,-94
258,160,-32
258,161,10
258,162,2
258,163,16
258,164,55
258,165,-3
258,166,-76
258,167,-35
258,168,-50
258,169,61
258,170,73
258,171,74
258,172,19
258,173,59
258,174,24
258,175,39
258,176,24
258,177,46
258,178,-54
258,179,65
258,180,37
258,181,-91
258,182,-2
258,183,-60
258,184,-46
258,185,17
258,186,98
258,187,14
258,188,-58
258,189,65
258,190,54
258,191,-69
258,192,14
258,193,-30
258,194,75
258,195,-75
258,196,-43
258,197,-25
258,198,51
258,199,81
258,200,13
258,201,73
258,202,85
258,203,59
258,204,43
258,205,-11
258,206,97
258,207,92
258,208,40
258,209,1
258,210,-95
258,211,39
258,212,36
258,213,-17
258,214,-42
258,215,-34
258,216,51
258,217,-86
258,218,-38
258,219,-51
258,220,-5
258,221,-80
258,222,-100
258,223,25
258,224,-90
258,225,94
258,226,49
258,227,7
258,228,1
258,229,-13
258,230,34
258,231,12
258,232,76
258,233,-1
258,234,28
258,235,-36
258,236,90
258,237,-37
258,238,53
258,239,-84
258,240,38
258,241,94
258,242,24
258,243,-91
258,244,-35
258,245,-69
258,246,-85
258,247,11
258,248,-75
258,249,3
258,250,-27
258,251,83
258,252,-1
258,253,-7
258,254,36
258,255,-96
258,256,-94
258,257,-36
258,258,-89
258,259,75
258,260,99
258,261,-76
258,262,40
258,263,68
258,264,-91
258,265,67
258,266,-68
258,267,62
258,268,64
258,269,2
258,270,-85
258,271,-29
258,272,-68
258,273,80
258,274,-66
258,275,82
258,276,1
258,277,-25
258,278,-22
258,279,-84
258,280,-74
258,281,13
258,282,-80
258,283,48
258,284,-84
258,285,54
258,286,-25
258,287,75
258,288,-57
258,289,63
258,290,-73
258,291,-76
258,292,-54
258,293,0
258,294,-78
258,295,-26
258,296,-51
258,297,-36
258,298,-85
258,299,23
259,0,-51
259,1,-88
259,2,-21
259,3,-66
259,4,13
259,5,-69
259,6,-14
259,7,52
259,8,70
259,9,55
259,10,8
259,11,-35
259,12,94
259,13,-6
259,14,-4
259,15,60
259,16,-54
259,17,17
259,18,-66
259,19,-1
259,20,-37
259,21,-89
259,22,19
259,23,80
259,24,-57
259,25,73
259,26,-90
259,27,97
259,28,-12
259,29,-55
259,30,86
259,31,-42
259,32,61
259,33,-2
259,34,48
259,35,99
259,36,-49
259,37,-53
259,38,-23
259,39,46
259,40,31
259,41,1
259,42,-69
259,43,-11
259,44,55
259,45,-25
259,46,85
259,47,68
259,48,-68
259,49,41
259,50,3
259,51,-48
259,52,7
259,53,-59
259,54,-65
259,55,-76
259,56,79
259,57,67
259,58,14
259,59,-15
259,60,97
259,61,89
259,62,-92
259,63,6
259,64,-32
259,65,48
259,66,80
259,67,-31
259,68,28
259,69,-70
259,70,72
259,71,55
259,72,27
259,73,30
259,74,1
259,75,15
259,76,67
259,77,-97
259,78,97
259,79,39
259,80,21
259,81,-39
259,82,-30
259,83,-9
259,84,75
259,85,34
259,86,84
259,87,-45
259,88,-34
259,89,40
259,90,79
259,91,-38
259,92,-60
259,93,50
259,94,74
259,95,-36
259,96,58
259,97,-4
259,98,-65
259,99,-87
259,100,64
259,101,59
259,102,80
259,103,55
259,104,92
259,105,-54
259,106,98
259,107,-21
259,108,59
259,109,51
259,110,-87
259,111,74
259,112,-22
259,113,15
259,114,-100
259,115,-82
259,116,20
259,117,-43
259,118,34
259,119,-24
259,120,14
259,121,-37
259,122,-83
259,123,90
259,124,95
259,125,-51
259,126,-33
259,127,-10
259,128,-85
259,129,41
259,130,89
259,131,-23
259,132,34
259,133,-45
259,134,-87
259,135,69
259,136,8
259,137,-31
259,138,-39
259,139,-58
259,140,-44
259,141,1
259,142,-26
259,143,58
259,144,-50
259,145,-34
259,146,28
259,147,-21
259,148,71
259,149,77
259,150,-41
259,151,-98
259,152,-29
259,153,13
259,154,-21
259,155,10
259,156,-47
259,157,-99
259,158,-72
259,159,-85
259,160,-6
259,161,-42
259,162,38
259,163,-77
259,164,-18
259,165,59
259,166,-27
259,167,81
259,168,83
259,169,-5
259,170,-14
259,171,-4
259,172,-7
259,173,-7
259,174,-30
259,175,70
259,176,-48
259,177,13
259,178,28
259,179,-7
259,180,-3
259,181,88
259,182,17
259,183,-67
259,184,-40
259,185,1
259,186,-40
259,187,-93
259,188,-47
259,189,80
259,190,47
259,191,-55
259,192,17
259,193,-8
259,194,-70
259,195,53
259,196,90
259,197,47
259,198,-79
259,199,-44
259,200,84
259,201,3
259,202,53
259,203,-84
259,204,-12
259,205,0
259,206,54
259,207,-34
259,208,-45
259,209,-77
259,210,-76
259,211,13
259,212,-91
259,213,-65
259,214,24
259,215,72
259,216,17
259,217,44
259,218,-43
259,219,-18
259,220,-19
259,221,-78
259,222,35
259,223,-51
259,224,43
259,225,-12
259,226,-58
259,227,-5
259,228,12
259,229,13
259,230,-19
259,231,-5
259,232,-55
259,233,76
259,234,3
259,235,-86
259,236,-52
259,237,48
259,238,-26
259,239,-95
259,240,-46
259,241,-18
259,242,-25
259,243,-86
259,244,-90
259,245,26
259,246,66
259,247,19
259,248,-27
259,249,-50
259,250,64
259,251,76
259,252,84
259,253,-13
259,254,-1
259,255,-36
259,256,-84
259,257,90
259,258,41
259,259,-63
259,260,17
259,261,52
259,262,23
259,263,-64
259,264,-15
259,265,83
259,266,10
259,267,34
259,268,-90
259,269,-23
259,270,62
259,271,12
259,272,63
259,273,97
259,274,-49
259,275,-32
259,276,69
259,277,-30
259,278,-86
259,279,48
259,280,-19
259,281,-100
259,282,95
259,283,38
259,284,-91
259,285,72
259,286,83
259,287,46
259,288,17
259,289,-59
259,290,-7
259,291,13
259,292,-60
259,293,25
259,294,47
259,295,23
259,296,54
259,297,-89
259,298,25
259,299,-3
260,0,91
260,1,5
260,2,13
260,3,65
260,4,93
260,5,12
260,6,-43
260,7,13
260,8,9
260,9,-90
260,10,57
260,11,91
260,12,26
260,13,-18
260,14,75
260,15,-61
260,16,13
260,17,-7
260,18,-2
260,19,-33
260,20,48
260,21,-96
260,22,63
260,23,34
260,24,24
260,25,87
260,26,83
260,27,-70
260,28,-76
260,29,1
260,30,83
260,31,-20
260,32,-22
260,33,18
260,34,61
260,35,71
260,36,6
260,37,-94
260,38,2
260,39,-50
260,40,52
260,41,55
260,42,69
260,43,54
260,44,64
260,45,-46
260,46,-63
260,47,-45
260,48,-9
260,49,61
260,50,56
260,51,75
260,52,-29
260,53,-24
260,54,-55
260,55,-64
260,56,-98
260,57,-23
260,58,-24
260,59,-51
260,60,48
260,61,6
260,62,75
260,63,85
260,64,-70
260,65,-94
260,66,-44
260,67,-65
260,68,-15
260,69,-77
260,70,-77
260,71,-45
260,72,88
260,73,-24
260,74,23
260,75,97
260,76,-73
260,77,59
260,78,-24
260,79,-23
260,80,-5
260,81,-56
260,82,-32
260,83,-2
260,84,19
260,85,-33
260,86,-23
260,87,45
260,88,-26
260,89,-18
260,90,-99
260,91,30
260,92,56
260,93,-14
260,94,-53
260,95,-36
260,96,-59
260,97,33
260,98,-42
260,99,-20
260,100,-82
260,101,7
260,102,79
260,103,-40
260,104,19
260,105,29
260,106,-22
260,107,50
260,108,-82
260,109,-4
260,110,-31
260,111,77
260,112,88
260,113,46
260,114,-7
260,115,49
260,116,30
260,117,23
260,118,32
260,119,-34
260,120,87
260,121,-62
260,122,55
260,123,28
260,124,49
260,125,8
260,126,72
260,127,-50
260,128,2
260,129,-20
260,130,5
260,131,-50
260,132,-73
260,133,-71
260,134,-93
260,135,-60
260,136,52
260,137,-42
260,138,-67
260,139,66
260,140,-30
260,141,15
260,142,73
260,143,-63
260,144,8
260,145,60
260,146,16
260,147,-79
260,148,54
260,149,90
260,150,54
260,151,-80
260,152,80
260,153,62
260,154,-54
260,155,-51
260,156,18
260,157,37
260,158,10
260,159,-73
260,160,-64
260,161,68
260,162,88
260,163,-50
260,164,-93
260,165,13
260,166,85
260,167,88
260,168,60
260,169,-82
260,170,-71
260,171,41
260,172,-65
260,173,34
260,174,15
260,175,6
260,176,-67
260,177,77
260,178,-69
260,179,-59
260,180,60
260,181,18
260,182,-87
260,183,55
260,184,13
260,185,66
260,186,-7
260,187,-70
260,188,51
260,189,31
260,190,-92
260,191,-1
260,192,-31
260,193,-77
260,194,-3
260,195,-36
260,196,44
260,197,-1
260,198,64
260,199,-51
260,200,72
260,201,-81
260,202,-42
260,203,-42
260,204,-11
260,205,38
260,206,82
260,207,-17
260,208,-36
260,209,-24
260,210,-43
260,211,-1
260,212,22
260,213,-57
260,214,41
260,215,24
260,216,-49
260,217,61
260,218,90
260,219,21
260,220,54
260,221,-89
260,222,-63
260,223,83
260,224,92
260,225,-11
260,226,67
260,227,3
260,228,48
260,229,59
260,230,-12
260,231,-89
260,232,-12
260,233,53
260,234,-65
260,235,-85
260,236,61
260,237,12
260,238,51
260,239,99
260,240,66
260,241,91
260,242,56
260,243,58
260,244,-38
260,245,-58
260,246,-82
260,247,37
260,248,-45
260,249,87
260,250,-58
260,251,-53
260,252,-61
260,253,-67
260,254,9
260,255,12
260,256,12
260,257,28
260,258,-82
260,259,-100
260,260,19
260,261,-13
260,262,52
260,263,95
260,264,2
260,265,-17
260,266,-73
260,267,6
260,268,-56
260,269,-77
260,270,-57
260,271,29
260,272,50
260,273,-23
260,274,-39
260,275,42
260,276,59
260,277,-97
260,278,25
260,279,-70
260,280,-42
260,281,98
260,282,-100
260,283,-32
260,284,-87
260,285,-78
260,286,98
260,287,7
260,288,13
260,289,17
260,290,43
260,291,36
260,292,18
260,293,-3
260,294,58
260,295,88
260,296,-56
260,297,25
260,298,34
260,299,-44
261,0,-37
261,1,-99
261,2,-95
261,3,7
261,4,-40
261,5,61
261,6,-84
261,7,-75
261,8,-25
261,9,47
261,10,-60
261,11,85
261,12,9
261,13,-2
261,14,-2
261,15,-47
261,16,56
261,17,-53
261,18,-6
261,19,-11
261,20,49
261,21,-29
261,22,3
261,23,98
261,24,32
261,25,-49
261,26,-100
261,27,-56
261,28,17
261,29,-61
261,30,91
261,31,-90
261,32,25
261,33,79
261,34,-5
261,35,34
261,36,78
261,37,48
261,38,-62
261,39,-57
261,40,-44
261,41,-60
261,42,-62
261,43,47
261,44,-79
261,45,56
261,46,-55
261,47,95
261,48,-98
261,49,32
261,50,-45
261,51,-34
261,52,-12
261,53,59
261,54,-4
261,55,8
261,56,-60
261,57,-72
261,58,2
261,59,10
261,60,8
261,61,93
261,62,-90
261,63,86
261,64,-6
261,65,31
261,66,-8
261,67,-47
261,68,20
261,69,94
261,70,-99
261,71,-1
261,72,-23
261,73,-53
261,74,-33
261,75,-57
261,76,89
261,77,27
261,78,-7
261,79,-18
261,80,-82
261,81,71
261,82,58
261,83,-39
261,84,42
261,85,56
261,86,-34
261,87,-15
261,88,74
261,89,-17
261,90,24
261,91,-94
261,92,95
261,93,28
261,94,98
261,95,-79
261,96,-44
261,97,-7
261,98,24
261,99,-28
261,100,85
261,101,-74
261,102,-63
261,103,27
261,104,-25
261,105,40
261,106,-4
261,107,42
261,108,-21
261,109,-3
261,110,-53
261,111,-86
261,112,-2
261,113,-61
261,114,-71
261,115,11
261,116,-78
261,117,-92
261,118,59
261,119,-66
261,120,-52
261,121,-5
261,122,72
261,123,-85
261,124,-69
261,125,-76
261,126,-7
261,127,-64
261,128,-64
261,129,62
261,130,-56
261,131,35
261,132,74
261,133,-65
261,134,17
261,135,-19
261,136,2
261,137,37
261,138,-100
261,139,95
261,140,42
261,141,-5
261,142,-9
261,143,-14
261,144,30
261,145,14
261,146,-69
261,147,47
261,148,-45
261,149,-23
261,150,-2
261,151,3
261,152,-59
261,153,-28
261,154,-41
261,155,83
261,156,74
261,157,51
261,158,-60
261,159,-97
261,160,-25
261,161,78
261,162,-100
261,163,-87
261,164,37
261,165,-4
261,166,63
261,167,-59
261,168,21
261,169,-53
261,170,-83
261,171,-12
261,172,-25
261,173,-41
261,174,55
261,175,80
261,176,-92
261,177,51
261,178,47
261,179,96
261,180,-74
261,181,0
261,182,67
261,183,98
261,184,-18
261,185,-47
261,186,-15
261,187,-19
261,188,42
261,189,-4
261,190,2
261,191,78
261,192,96
261,193,-61
261,194,96
261,195,70
261,196,-37
261,197,34
261,198,-99
261,199,-71
261,200,-49
261,201,0
261,202,2
261,203,-68
261,204,-92
261,205,-90
261,206,23
261,207,-25
261,208,37
261,209,-47
261,210,-26
261,211,-4
261,212,47
261,213,-96
261,214,-77
261,215,59
261,216,-70
261,217,5
261,218,-57
261,219,46
261,220,-77
261,221,17
261,222,-89
261,223,77
261,224,-16
261,225,14
261,226,-76
261,227,78
261,228,16
261,229,41
261,230,-29
261,231,-72
261,232,-76
261,233,-14
261,234,86
261,235,-1
261,236,84
261,237,39
261,238,77
261,239,39
261,240,-19
261,241,-1
261,242,75
261,243,77
261,244,-82
261,245,11
261,246,-48
261,247,-66
261,248,12
261,249,54
261,250,-34
261,251,-50
261,252,4
261,253,46
261,254,-58
261,255,-66
261,256,-86
261,257,43
261,258,-2
261,259,-32
261,260,98
261,261,-16
261,262,68
261,263,81
261,264,92
261,265,-71
261,266,46
261,267,-13
261,268,-55
261,269,-41
261,270,-22
261,271,-77
261,272,63
261,273,76
261,274,86
261,275,-87
261,276,-62
261,277,-93
261,278,75
261,279,-21
261,280,-20
261,281,96
261,282,-60
261,283,-66
261,284,91
261,285,80
261,286,-47
261,287,64
261,288,79
261,289,-83
261,290,-80
261,291,-59
261,292,-36
261,293,35
261,294,13
261,295,0
261,296,66
261,297,-40
261,298,87
261,299,96
262,0,86
262,1,-91
262,2,90
262,3,97
262,4,-94
262,5,-66
262,6,-10
262,7,-59
262,8,-13
262,9,-72
262,10,54
262,11,-63
262,12,-99
262,13,-76
262,14,93
262,15,-63
262,16,-42
262,17,5
262,18,-94
262,19,76
262,20,95
262,21,7
262,22,-60
262,23,78
262,24,4
262,25,-7
262,26,-77
262,27,-65
262,28,-21
262,29,37
262,30,-80
262,31,-74
262,32,-46
262,33,-16
262,34,32
262,35,16
262,36,-42
262,37,63
262,38,-27
262,39,-67
262,40,-49
262,41,33
262,42,41
262,43,-42
262,44,-44
262,45,19
262,46,-64
262,47,85
262,48,-69
262,49,-81
262,50,25
262,51,-20
262,52,88
262,53,84
262,54,8
262,55,-49
262,56,-13
262,57,-16
262,58,75
262,59,-22
262,60,38
262,61,0
262,62,57
262,63,-41
262,64,45
262,65,19
262,66,74
262,67,25
262,68,-89
262,69,77
262,70,1
262,71,11
262,72,-61
262,73,91
262,74,-82
262,75,-14
262,76,-1
262,77,54
262,78,79
262,79,-21
262,80,-94
262,81,90
262,82,-24
262,83,-46
262,84,-10
262,85,58
262,86,38
262,87,44
262,88,-35
262,89,-34
262,90,-3
262,91,13
262,92,59
262,93,51
262,94,-88
262,95,49
262,96,46
262,97,80
262,98,66
262,99,-80
262,100,43
262,101,34
262,102,-17
262,103,11
262,104,25
262,105,-23
262,106,53
262,107,-15
262,108,4
262,109,-25
262,110,12
262,111,-70
262,112,3
262,113,-33
262,114,67
262,115,-74
262,116,36
262,117,-8
262,118,-85
262,119,99
262,120,10
262,121,12
262,122,-88
262,123,-41
262,124,-22
262,125,87
262,126,36
262,127,80
262,128,19
262,129,24
262,130,7
262,131,-69
262,132,-46
262,133,52
262,134,68
262,135,-75
262,136,8
262,137,56
262,138,27
262,139,-19
262,140,-65
262,141,-4
262,142,-17
262,143,30
262,144,-42
262,145,61
262,146,-95
262,147,58
262,148,59
262,149,-59
262,150,-44
262,151,-28
262,152,-55
262,153,11
262,154,-13
262,155,-45
262,156,77
262,157,22
262,158,57
262,159,63
262,160,-75
262,161,-51
262,162,29
262,163,5
262,164,7
262,165,-94
262,166,54
262,167,-21
262,168,-52
262,169,-55
262,170,53
262,171,-36
262,172,-99
262,173,-22
262,174,91
262,175,-37
262,176,-1
262,177,-41
262,178,-12
262,179,36
262,180,-86
262,181,64
262,182,-95
262,183,70
262,184,-56
262,185,-25
262,186,98
262,187,55
262,188,79
262,189,5
262,190,62
262,191,-35
262,192,53
262,193,47
262,194,89
262,195,28
262,196,-9
262,197,80
262,198,-71
262,199,87
262,200,-91
262,201,8
262,202,49
262,203,-72
262,204,-32
262,205,35
262,206,80
262,207,38
262,208,53
262,209,46
262,210,46
262,211,57
262,212,-65
262,213,69
262,214,83
262,215,-92
262,216,34
262,217,-83
262,218,36
262,219,33
262,220,97
262,221,-56
262,222,49
262,223,-22
262,224,97
262,225,-14
262,226,59
262,227,94
262,228,20
262,229,43
262,230,29
262,231,94
262,232,-60
262,233,78
262,234,-87
262,235,76
262,236,76
262,237,-74
262,238,-20
262,239,66
262,240,-28
262,241,63
262,242,-91
262,243,-8
262,244,31
262,245,-16
262,246,0
262,247,-99
262,248,55
262,249,-12
262,250,53
262,251,20
262,252,-71
262,253,-92
262,254,28
262,255,-45
262,256,-45
262,257,-40
262,258,-56
262,259,40
262,260,41
262,261,37
262,262,44
262,263,44
262,264,58
262,265,73
262,266,-52
262,267,-11
262,268,-1
262,269,-8
262,270,-83
262,271,-90
262,272,82
262,273,-5
262,274,30
262,275,3
262,276,43
262,277,36
262,278,-33
262,279,72
262,280,-99
262,281,18
262,282,-12
262,283,19
262,284,-79
262,285,20
262,286,96
262,287,76
262,288,48
262,289,-27
262,290,-14
262,291,82
262,292,-97
262,293,-43
262,294,97
262,295,17
262,296,86
262,297,-75
262,298,12
262,299,96
263,0,66
263,1,3
263,2,28
263,3,84
263,4,-3
263,5,-53
263,6,99
263,7,-80
263,8,58
263,9,85
263,10,74
263,11,-78
263,12,-10
263,13,-94
263,14,27
263,15,-52
263,16,-2
263,17,-70
263,18,24
263,19,74
263,20,-8
263,21,95
263,22,-66
263,23,-67
263,24,85
263,25,-86
263,26,-23
263,27,-16
263,28,-30
263,29,-20
263,30,69
263,31,45
263,32,-63
263,33,-37
263,34,-72
263,35,17
263,36,14
263,37,-91
263,38,-84
263,39,59
263,40,88
263,41,14
263,42,-17
263,43,-20
263,44,73
263,45,-30
263,46,14
263,47,-45
263,48,-40
263,49,2
263,50,-57
263,51,65
263,52,3
263,53,77
263,54,-27
263,55,-69
263,56,20
263,57,-11
263,58,-48
263,59,75
263,60,-100
263,61,2
263,62,17
263,63,-71
263,64,-92
263,65,7
263,66,-68
263,67,-75
263,68,-59
263,69,-59
263,70,-5
263,71,-62
263,72,-40
263,73,-54
263,74,69
263,75,-53
263,76,79
263,77,60
263,78,54
263,79,70
263,80,56
263,81,46
263,82,27
263,83,-2
263,84,10
263,85,-73
263,86,-91
263,87,94
263,88,5
263,89,43
263,90,-1
263,91,-100
263,92,17
263,93,-19
263,94,31
263,95,96
263,96,31
263,97,14
263,98,47
263,99,-38
263,100,-66
263,101,15
263,102,-56
263,103,-44
263,104,20
263,105,51
263,106,-81
263,107,55
263,108,65
263,109,51
263,110,-77
263,111,-31
263,112,1
263,113,26
263,114,17
263,115,-76
263,116,-20
263,117,96
263,118,-84
263,119,-43
263,120,47
263,121,-99
263,122,-18
263,123,-92
263,124,90
263,125,22
263,126,3
263,127,-18
263,128,8
263,129,19
263,130,95
263,131,33
263,132,-90
263,133,48
263,134,5
263,135,90
263,136,27
263,137,-71
263,138,-19
263,139,14
263,140,48
263,141,50
263,142,-40
263,143,57
263,144,73
263,145,87
263,146,-83
263,147,-39
263,148,72
263,149,-40
263,150,-42
263,151,62
263,152,9
263,153,49
263,154,13
263,155,51
263,156,-50
263,157,-36
263,158,42
263,159,11
263,160,55
263,161,-59
263,162,47
263,163,-58
263,164,96
263,165,90
263,166,70
263,167,-99
263,168,50
263,169,39
263,170,73
263,171,25
263,172,60
263,173,-57
263,174,52
263,175,-66
263,176,62
263,177,-36
263,178,70
263,179,95
263,180,89
263,181,58
263,182,55
263,183,38
263,184,-69
263,185,-35
263,186,-41
263,187,78
263,188,86
263,189,44
263,190,14
263,191,-33
263,192,65
263,193,-37
263,194,30
263,195,-47
263,196,-25
263,197,71
263,198,26
263,199,57
263,200,9
263,201,-13
263,202,12
263,203,-47
263,204,-53
263,205,-66
263,206,-33
263,207,-75
263,208,-29
263,209,-13
263,210,6
263,211,-45
263,212,-32
263,213,-21
263,214,91
263,215,-5
263,216,56
263,217,25
263,218,4
263,219,-42
263,220,-76
263,221,99
263,222,-74
263,223,-2
263,224,-79
263,225,98
263,226,-54
263,227,21
263,228,-46
263,229,-92
263,230,-47
263,231,13
263,232,-37
263,233,17
263,234,8
263,235,-2
263,236,66
263,237,-18
263,238,-93
263,239,6
263,240,54
263,241,96
263,242,11
263,243,60
263,244,37
263,245,5
263,246,43
263,247,-90
263,248,-82
263,249,91
263,250,-49
263,251,42
263,252,-59
263,253,-1
263,254,-5
263,255,-18
263,256,-22
263,257,65
263,258,27
263,259,-15
263,260,-52
263,261,-24
263,262,-17
263,263,-52
263,264,-22
263,265,98
263,266,82
263,267,49
263,268,70
263,269,-51
263,270,-17
263,271,23
263,272,-82
263,273,-10
263,274,-29
263,275,45
263,276,-91
263,277,-51
263,278,-52
263,279,68
263,280,-2
263,281,42
263,282,19
263,283,-78
263,284,-25
263,285,12
263,286,-74
263,287,-95
263,288,-77
263,289,-15
263,290,36
263,291,89
263,292,-34
263,293,-31
263,294,-23
263,295,-59
263,296,-41
263,297,-18
263,298,75
263,299,83
264,0,-14
264,1,32
264,2,7
264,3,81
264,4,65
264,5,46
264,6,96
264,7,-30
264,8,-77
264,9,4
264,10,-21
264,11,37
264,12,48
264,13,42
264,14,-37
264,15,40
264,16,-30
264,17,67
264,18,35
264,19,4
264,20,65
264,21,-49
264,22,-99
264,23,49
264,24,18
264,25,17
264,26,-97
264,27,-49
264,28,10
264,29,-94
264,30,-100
264,31,-18
264,32,85
264,33,89
264,34,-7
264,35,13
264,36,93
264,37,-46
264,38,16
264,39,-88
264,40,-73
264,41,-87
264,42,30
264,43,-85
264,44,-12
264,45,73
264,46,10
264,47,20
264,48,30
264,49,-3
264,50,30
264,51,68
264,52,56
264,53,67
264,54,-82
264,55,47
264,56,-80
264,57,47
264,58,-9
264,59,-54
264,60,-10
264,61,-57
264,62,13
264,63,-12
264,64,-99
264,65,70
264,66,84
264,67,-13
264,68,46
264,69,-11
264,70,91
264,71,73
264,72,68
264,73,-34
264,74,-10
264,75,-87
264,76,47
264,77,-66
264,78,52
264,79,27
264,80,31
264,81,-44
264,82,-99
264,83,-35
264,84,-12
264,85,10
264,86,-14
264,87,48
264,88,-12
264,89,-10
264,90,-49
264,91,17
264,92,42
264,93,73
264,94,14
264,95,-70
264,96,-39
264,97,-67
264,98,-65
264,99,20
264,100,3
264,101,-57
264,102,90
264,103,-24
264,104,-83
264,105,-56
264,106,7
264,107,66
264,108,-75
264,109,11
264,110,0
264,111,-26
264,112,-5
264,113,-77
264,114,16
264,115,85
264,116,4
264,117,77
264,118,99
264,119,-62
264,120,99
264,121,10
264,122,58
264,123,-18
264,124,63
264,125,66
264,126,-80
264,127,-78
264,128,-47
264,129,63
264,130,42
264,131,29
264,132,-25
264,133,-31
264,134,65
264,135,-36
264,136,-51
264,137,16
264,138,-14
264,139,-100
264,140,-80
264,141,-44
264,142,46
264,143,-72
264,144,77
264,145,-67
264,146,-20
264,147,-47
264,148,-69
264,149,31
264,150,-71
264,151,-6
264,152,45
264,153,-32
264,154,-72
264,155,39
264,156,-86
264,157,-22
264,158,-48
264,159,62
264,160,79
264,161,80
264,162,41
264,163,2
264,164,45
264,165,65
264,166,-15
264,167,65
264,168,-46
264,169,38
264,170,-34
264,171,-48
264,172,71
264,173,52
264,174,89
264,175,41
264,176,-54
264,177,-6
264,178,-12
264,179,82
264,180,39
264,181,-94
264,182,76
264,183,41
264,184,56
264,185,74
264,186,41
264,187,78
264,188,41
264,189,-14
264,190,35
264,191,-24
264,192,-1
264,193,7
264,194,-36
264,195,-64
264,196,95
264,197,-85
264,198,47
264,199,94
264,200,11
264,201,98
264,202,-69
264,203,96
264,204,-16
264,205,57
264,206,47
264,207,85
264,208,-72
264,209,51
264,210,28
264,211,-74
264,212,-80
264,213,44
264,214,-9
264,215,59
264,216,71
264,217,13
264,218,-3
264,219,-79
264,220,-59
264,221,20
264,222,89
264,223,-53
264,224,35
264,225,29
264,226,32
264,227,-73
264,228,31
264,229,-48
264,230,-1
264,231,28
264,232,-22
264,233,33
264,234,-13
264,235,82
264,236,-49
264,237,-24
264,238,-77
264,239,89
264,240,83
264,241,-8
264,242,51
264,243,7
264,244,-81
264,245,-67
264,246,-86
264,247,-50
264,248,26
264,249,-97
264,250,-48
264,251,41
264,252,92
264,253,60
264,254,23
264,255,-51
264,256,-38
264,257,-51
264,258,-8
264,259,-27
264,260,63
264,261,-15
264,262,-4
264,263,98
264,264,-1
264,265,77
264,266,68
264,267,-3
264,268,97
264,269,54
264,270,-71
264,271,59
264,272,-79
264,273,-32
264,274,48
264,275,-45
264,276,-17
264,277,58
264,278,0
264,279,86
264,280,97
264,281,-6
264,282,70
264,283,81
264,284,45
264,285,82
264,286,-72
264,287,23
264,288,88
264,289,-50
264,290,-25
264,291,-89
264,292,-8
264,293,88
264,294,-30
264,295,43
264,296,27
264,297,-89
264,298,-39
264,299,95
265,0,5
265,1,-41
265,2,-20
265,3,-73
265,4,-37
265,5,-6
265,6,-29
265,7,9
265,8,77
265,9,-75
265,10,67
265,11,9
265,12,82
265,13,11
265,14,58
265,15,25
265,16,-30
265,17,12
265,18,-96
265,19,40
265,20,45
265,21,-19
265,22,18
265,23,-51
265,24,27
265,25,-17
265,26,12
265,27,63
265,28,12
265,29,14
265,30,3
265,31,79
265,32,-68
265,33,91
265,34,98
265,35,-32
265,36,-5
265,37,57
265,38,-5
265,39,-33
265,40,-79
265,41,-42
265,42,-93
265,43,93
265,44,-64
265,45,-2
265,46,-45
265,47,88
265,48,-15
265,49,-36
265,50,2
265,51,69
265,52,11
265,53,-4
265,54,76
265,55,-33
265,56,36
265,57,35
265,58,-43
265,59,5
265,60,-47
265,61,-16
265,62,-53
265,63,81
265,64,4
265,65,55
265,66,0
265,67,93
265,68,9
265,69,-20
265,70,27
265,71,58
265,72,40
265,73,-42
265,74,-19
265,75,58
265,76,-68
265,77,17
265,78,-48
265,79,-6
265,80,21
265,81,-10
265,82,20
265,83,-65
265,84,96
265,85,22
265,86,-67
265,87,20
265,88,-40
265,89,87
265,90,-98
265,91,-95
265,92,47
265,93,-97
265,94,0
265,95,-48
265,96,2
265,97,-30
265,98,89
265,99,65
265,100,63
265,101,-67
265,102,-95
265,103,27
265,104,93
265,105,45
265,106,-74
265,107,-62
265,108,-50
265,109,-82
265,110,-5
265,111,-13
265,112,61
265,113,-12
265,114,-77
265,115,52
265,116,-25
265,117,-7
265,118,97
265,119,-71
265,120,-47
265,121,14
265,122,-23
265,123,19
265,124,-76
265,125,24
265,126,-96
265,127,-99
265,128,10
265,129,-21
265,130,2
265,131,90
265,132,23
265,133,81
265,134,65
265,135,23
265,136,-84
265,137,-70
265,138,28
265,139,33
265,140,-31
265,141,-65
265,142,35
265,143,-8
265,144,-28
265,145,37
265,146,-77
265,147,90
265,148,67
265,149,-99
265,150,-81
265,151,-68
265,152,-87
265,153,81
265,154,-46
265,155,-64
265,156,4
265,157,-17
265,158,12
265,159,33
265,160,60
265,161,27
265,162,-51
265,163,-17
265,164,97
265,165,99
265,166,-22
265,167,-15
265,168,78
265,169,93
265,170,88
265,171,55
265,172,-1
265,173,71
265,174,39
265,175,-44
265,176,53
265,177,-76
265,178,-86
265,179,2
265,180,-3
265,181,-24
265,182,80
265,183,3
265,184,-36
265,185,12
265,186,22
265,187,10
265,188,22
265,189,-47
265,190,66
265,191,78
265,192,-81
265,193,91
265,194,-12
265,195,-90
265,196,26
265,197,-49
265,198,-47
265,199,-32
265,200,-94
265,201,39
265,202,29
265,203,2
265,204,48
265,205,-32
265,206,-10
265,207,-6
265,208,17
265,209,20
265,210,-65
265,211,-80
265,212,-48
265,213,46
265,214,-98
265,215,87
265,216,-20
265,217,-7
265,218,-1
265,219,61
265,220,56
265,221,15
265,222,84
265,223,-28
265,224,-61
265,225,-51
265,226,46
265,227,49
265,228,78
265,229,-52
265,230,79
265,231,22
265,232,49
265,233,12
265,234,89
265,235,-41
265,236,-94
265,237,18
265,238,80
265,239,-70
265,240,31
265,241,-8
265,242,-94
265,243,30
265,244,-76
265,245,61
265,246,-68
265,247,-6
265,248,-13
265,249,25
265,250,-63
265,251,9
265,252,24
265,253,25
265,254,-97
265,255,75
265,256,0
265,257,-40
265,258,92
265,259,-20
265,260,9
265,261,98
265,262,-23
265,263,-40
265,264,28
265,265,-95
265,266,-80
265,267,94
265,268,-18
265,269,-73
265,270,93
265,271,54
265,272,59
265,273,39
265,274,-36
265,275,73
265,276,67
265,277,-8
265,278,36
265,279,-19
265,280,-39
265,281,8
265,282,43
265,283,-2
265,284,-1
265,285,95
265,286,67
265,287,-66
265,288,26
265,289,-18
265,290,87
265,291,97
265,292,-10
265,293,-98
265,294,27
265,295,-48
265,296,-1
265,297,86
265,298,63
265,299,93
266,0,-64
266,1,0
266,2,-57
266,3,-37
266,4,78
266,5,23
266,6,-95
266,7,-32
266,8,48
266,9,-44
266,10,55
266,11,-16
266,12,-77
266,13,14
266,14,-9
266,15,-26
266,16,90
266,17,-79
266,18,9
266,19,-67
266,20,17
266,21,-64
266,22,-60
266,23,-22
266,24,4
266,25,-58
266,26,-79
266,27,-10
266,28,42
266,29,-80
266,30,-49
266,31,-97
266,32,74
266,33,45
266,34,-30
266,35,17
266,36,62
266,37,-94
266,38,68
266,39,37
266,40,89
266,41,92
266,42,39
266,43,-10
266,44,55
266,45,-43
266,46,83
266,47,45
266,48,92
266,49,84
266,50,77
266,51,26
266,52,-56
266,53,89
266,54,5
266,55,9
266,56,92
266,57,-46
266,58,-63
266,59,-97
266,60,-86
266,61,48
266,62,48
266,63,78
266,64,7
266,65,-66
266,66,24
266,67,-97
266,68,59
266,69,39
266,70,-47
266,71,-71
266,72,-92
266,73,-82
266,74,-21
266,75,57
266,76,92
266,77,9
266,78,-56
266,79,-78
266,80,-25
266,81,-96
266,82,94
266,83,18
266,84,93
266,85,-58
266,86,-99
266,87,75
266,88,85
266,89,-61
266,90,-2
266,91,80
266,92,86
266,93,95
266,94,90
266,95,16
266,96,63
266,97,-61
266,98,33
266,99,41
266,100,24
266,101,0
266,102,-68
266,103,7
266,104,46
266,105,70
266,106,-47
266,107,-5
266,108,-9
266,109,-9
266,110,23
266,111,-6
266,112,-40
266,113,40
266,114,69
266,115,-83
266,116,8
266,117,-29
266,118,12
266,119,92
266,120,-53
266,121,-6
266,122,-17
266,123,63
266,124,-14
266,125,72
266,126,37
266,127,36
266,128,73
266,129,44
266,130,94
266,131,-68
266,132,-36
266,133,47
266,134,93
266,135,25
266,136,43
266,137,41
266,138,28
266,139,62
266,140,28
266,141,70
266,142,-32
266,143,-26
266,144,-5
266,145,82
266,146,43
266,147,20
266,148,94
266,149,10
266,150,90
266,151,-29
266,152,49
266,153,83
266,154,-49
266,155,54
266,156,-37
266,157,-56
266,158,94
266,159,-75
266,160,40
266,161,57
266,162,-23
266,163,-71
266,164,71
266,165,75
266,166,1
266,167,-92
266,168,75
266,169,-5
266,170,83
266,171,-33
266,172,33
266,173,92
266,174,-12
266,175,94
266,176,-80
266,177,-23
266,178,-71
266,179,-44
266,180,-46
266,181,-99
266,182,-53
266,183,-79
266,184,40
266,185,-12
266,186,11
266,187,-58
266,188,-26
266,189,-27
266,190,-52
266,191,64
266,192,7
266,193,-66
266,194,-82
266,195,-73
266,196,5
266,197,11
266,198,84
266,199,14
266,200,88
266,201,70
266,202,20
266,203,87
266,204,37
266,205,-22
266,206,-5
266,207,94
266,208,-77
266,209,27
266,210,71
266,211,57
266,212,14
266,213,-56
266,214,17
266,215,-41
266,216,15
266,217,-48
266,218,2
266,219,-76
266,220,1
266,221,31
266,222,-9
266,223,-70
266,224,46
266,225,-99
266,226,-97
266,227,-22
266,228,-63
266,229,-68
266,230,-83
266,231,3
266,232,59
266,233,14
266,234,60
266,235,-67
266,236,-50
266,237,-38
266,238,-54
266,239,93
266,240,40
266,241,-49
266,242,-8
266,243,-49
266,244,70
266,245,5
266,246,-3
266,247,88
266,248,30
266,249,95
266,250,-42
266,251,26
266,252,81
266,253,-32
266,254,25
266,255,29
266,256,95
266,257,-57
266,258,27
266,259,-63
266,260,87
266,261,54
266,262,-10
266,263,25
266,264,-86
266,265,66
266,266,65
266,267,81
266,268,-38
266,269,85
266,270,-39
266,271,-23
266,272,-83
266,273,56
266,274,-30
266,275,84
266,276,-77
266,277,-63
266,278,33
266,279,47
266,280,69
266,281,-79
266,282,60
266,283,-55
266,284,81
266,285,4
266,286,69
266,287,78
266,288,95
266,289,-16
266,290,-45
266,291,-24
266,292,-59
266,293,-88
266,294,-47
266,295,39
266,296,-66
266,297,-18
266,298,-92
266,299,-88
267,0,-79
267,1,-61
267,2,63
267,3,16
267,4,26
267,5,68
267,6,-94
267,7,-46
267,8,20
267,9,-22
267,10,40
267,11,-2
267,12,47
267,13,85
267,14,-78
267,15,80
267,16,-64
267,17,-81
267,18,19
267,19,46
267,20,45
267,21,-33
267,22,88
267,23,99
267,24,-55
267,25,75
267,26,-81
267,27,-29
267,28,96
267,29,4
267,30,61
267,31,3
267,32,-94
267,33,-51
267,34,-48
267,35,-28
267,36,-90
267,37,35
267,38,-69
267,39,90
267,40,82
267,41,86
267,42,-38
267,43,44
267,44,53
267,45,-50
267,46,-68
267,47,-75
267,48,-79
267,49,94
267,50,-6
267,51,-23
267,52,3
267,53,90
267,54,44
267,55,-60
267,56,-25
267,57,-62
267,58,60
267,59,-69
267,60,48
267,61,80
267,62,91
267,63,-23
267,64,-35
267,65,76
267,66,-30
267,67,-70
267,68,-9
267,69,68
267,70,99
267,71,98
267,72,63
267,73,-27
267,74,66
267,75,10
267,76,25
267,77,-7
267,78,8
267,79,3
267,80,68
267,81,-60
267,82,-96
267,83,-95
267,84,-39
267,85,-85
267,86,-13
267,87,9
267,88,46
267,89,-18
267,90,22
267,91,64
267,92,-37
267,93,86
267,94,-4
267,95,-32
267,96,34
267,97,-59
267,98,52
267,99,-45
267,100,74
267,101,-16
267,102,7
267,103,77
267,104,-16
267,105,-10
267,106,-68
267,107,-75
267,108,-84
267,109,-80
267,110,-99
267,111,-22
267,112,-57
267,113,93
267,114,-30
267,115,-65
267,116,-55
267,117,77
267,118,-34
267,119,-98
267,120,18
267,121,60
267,122,-56
267,123,-76
267,124,64
267,125,63
267,126,-66
267,127,-82
267,128,-56
267,129,11
267,130,45
267,131,54
267,132,-7
267,133,-70
267,134,66
267,135,-34
267,136,49
267,137,79
267,138,-91
267,139,16
267,140,-93
267,141,-67
267,142,80
267,143,45
267,144,-89
267,145,91
267,146,84
267,147,-5
267,148,29
267,149,-84
267,150,79
267,151,-25
267,152,-30
267,153,-22
267,154,-99
267,155,-74
267,156,53
267,157,52
267,158,39
267,159,44
267,160,92
267,161,-6
267,162,67
267,163,-96
267,164,-73
267,165,-29
267,166,-49
267,167,41
267,168,33
267,169,-83
267,170,-64
267,171,91
267,172,-2
267,173,-66
267,174,25
267,175,-84
267,176,9
267,177,-13
267,178,-91
267,179,-50
267,180,11
267,181,-20
267,182,-49
267,183,-37
267,184,-68
267,185,-4
267,186,-84
267,187,23
267,188,76
267,189,7
267,190,26
267,191,-94
267,192,11
267,193,92
267,194,26
267,195,89
267,196,-91
267,197,-70
267,198,-76
267,199,84
267,200,-36
267,201,70
267,202,30
267,203,-46
267,204,-53
267,205,-36
267,206,98
267,207,12
267,208,14
267,209,-41
267,210,-87
267,211,-14
267,212,-20
267,213,-87
267,214,36
267,215,-16
267,216,72
267,217,-99
267,218,59
267,219,-93
267,220,-65
267,221,64
267,222,-86
267,223,-67
267,224,48
267,225,-92
267,226,-61
267,227,-75
267,228,49
267,229,40
267,230,-76
267,231,98
267,232,14
267,233,-10
267,234,42
267,235,-56
267,236,-80
267,237,-12
267,238,-61
267,239,74
267,240,-15
267,241,-40
267,242,-87
267,243,99
267,244,-13
267,245,-34
267,246,-25
267,247,74
267,248,43
267,249,-30
267,250,-83
267,251,72
267,252,-78
267,253,-75
267,254,93
267,255,29
267,256,49
267,257,14
267,258,65
267,259,69
267,260,55
267,261,-38
267,262,-84
267,263,11
267,264,86
267,265,14
267,266,-99
267,267,-2
267,268,-22
267,269,7
267,270,15
267,271,8
267,272,77
267,273,42
267,274,45
267,275,-24
267,276,-63
267,277,35
267,278,-21
267,279,47
267,280,87
267,281,-75
267,282,62
267,283,20
267,284,-20
267,285,53
267,286,-83
267,287,71
267,288,34
267,289,-66
267,290,-89
267,291,20
267,292,12
267,293,-57
267,294,-60
267,295,-47
267,296,28
267,297,-76
267,298,-21
267,299,21
268,0,-86
268,1,-26
268,2,0
268,3,30
268,4,72
268,5,19
268,6,-56
268,7,78
268,8,69
268,9,66
268,10,-81
268,11,45
268,12,15
268,13,66
268,14,-2
268,15,-72
268,16,-81
268,17,69
268,18,-22
268,19,-5
268,20,-89
268,21,-45
268,22,14
268,23,-89
268,24,-48
268,25,-3
268,26,-93
268,27,-43
268,28,-77
268,29,8
268,30,-40
268,31,28
268,32,-12
268,33,-23
268,34,-31
268,35,72
268,36,36
268,37,11
268,38,28
268,39,51
268,40,-41
268,41,75
268,42,66
268,43,-83
268,44,4
268,45,-9
268,46,-49
268,47,-99
268,48,0
268,49,63
268,50,-53
268,51,16
268,52,-13
268,53,-66
268,54,97
268,55,-20
268,56,-7
268,57,14
268,58,-29
268,59,69
268,60,-21
268,61,-63
268,62,53
268,63,-70
268,64,79
268,65,87
268,66,-93
268,67,88
268,68,-66
268,69,-67
268,70,37
268,71,67
268,72,7
268,73,-49
268,74,39
268,75,4
268,76,54
268,77,46
268,78,-44
268,79,-47
268,80,-86
268,81,9
268,82,64
268,83,88
268,84,45
268,85,-57
268,86,-10
268,87,1
268,88,27
268,89,-17
268,90,48
268,91,-72
268,92,6
268,93,-86
268,94,-15
268,95,-14
268,96,-33
268,97,-13
268,98,-37
268,99,-87
268,100,64
268,101,-47
268,102,-42
268,103,27
268,104,86
268,105,-46
268,106,70
268,107,79
268,108,-62
268,109,-24
268,110,46
268,111,83
268,112,63
268,113,79
268,114,-57
268,115,-55
268,116,-4
268,117,67
268,118,-21
268,119,80
268,120,84
268,121,46
268,122,-57
268,123,-7
268,124,47
268,125,-57
268,126,70
268,127,10
268,128,-94
268,129,-59
268,130,-39
268,131,-99
268,132,-24
268,133,-55
268,134,-63
268,135,-6
268,136,28
268,137,74
268,138,6
268,139,40
268,140,-41
268,141,91
268,142,95
268,143,-46
268,144,6
268,145,-70
268,146,-4
268,147,41
268,148,-15
268,149,32
268,150,18
268,151,81
268,152,80
268,153,64
268,154,-5
268,155,84
268,156,-98
268,157,38
268,158,-59
268,159,82
268,160,65
268,161,51
268,162,36
268,163,40
268,164,-15
268,165,45
268,166,-91
268,167,39
268,168,-54
268,169,-18
268,170,16
268,171,-91
268,172,28
268,173,84
268,174,-30
268,175,18
268,176,18
268,177,38
268,178,80
268,179,26
268,180,-97
268,181,88
268,182,-15
268,183,-91
268,184,32
268,185,88
268,186,23
268,187,-25
268,188,57
268,189,-44
268,190,60
268,191,64
268,192,-19
268,193,95
268,194,-78
268,195,-31
268,196,-94
268,197,-82
268,198,42
268,199,16
268,200,-15
268,201,59
268,202,-22
268,203,-42
268,204,-31
268,205,97
268,206,-95
268,207,-25
268,208,93
268,209,31
268,210,18
268,211,-31
268,212,84
268,213,88
268,214,14
268,215,83
268,216,0
268,217,41
268,218,10
268,219,-18
268,220,-94
268,221,81
268,222,85
268,223,-40
268,224,7
268,225,-29
268,226,55
268,227,82
268,228,-2
268,229,-48
268,230,-18
268,231,71
268,232,-73
268,233,-55
268,234,76
268,235,22
268,236,94
268,237,54
268,238,66
268,239,-17
268,240,-74
268,241,-66
268,242,-54
268,243,-49
268,244,-32
268,245,93
268,246,-60
268,247,-51
268,248,-56
268,249,-81
268,250,19
268,251,98
268,252,-65
268,253,99
268,254,-10
268,255,-31
268,256,51
268,257,63
268,258,32
268,259,47
268,260,80
268,261,4
268,262,67
268,263,-3
268,264,2
268,265,23
268,266,77
268,267,-27
268,268,94
268,269,62
268,270,-37
268,271,64
268,272,-56
268,273,-63
268,274,9
268,275,0
268,276,-16
268,277,54
268,278,92
268,279,-28
268,280,-98
268,281,-42
268,282,-1
268,283,-71
268,284,-85
268,285,-72
268,286,97
268,287,-1
268,288,-77
268,289,-94
268,290,76
268,291,90
268,292,0
268,293,-55
268,294,-53
268,295,1
268,296,52
268,297,-58
268,298,-46
268,299,61
269,0,-36
269,1,55
269,2,-60
269,3,56
269,4,59
269,5,96
269,6,-67
269,7,-42
269,8,88
269,9,79
269,10,-38
269,11,53
269,12,-89
269,13,-79
269,14,-45
269,15,-95
269,16,-65
269,17,25
269,18,86
269,19,-42
269,20,-33
269,21,-49
269,22,19
269,23,95
269,24,-24
269,25,-21
269,26,6
269,27,78
269,28,-11
269,29,-4
269,30,-33
269,31,53
269,32,-28
269,33,-60
269,34,32
269,35,80
269,36,65
269,37,15
269,38,-8
269,39,1
269,40,3
269,41,-9
269,42,80
269,43,83
269,44,-82
269,45,17
269,46,-36
269,47,-32
269,48,-48
269,49,46
269,50,-35
269,51,75
269,52,-35
269,53,-83
269,54,-21
269,55,-62
269,56,26
269,57,-50
269,58,26
269,59,50
269,60,60
269,61,87
269,62,86
269,63,-3
269,64,53
269,65,44
269,66,80
269,67,-23
269,68,70
269,69,-53
269,70,-19
269,71,47
269,72,62
269,73,-68
269,74,-20
269,75,-2
269,76,-99
269,77,61
269,78,-25
269,79,-11
269,80,25
269,81,59
269,82,-80
269,83,-96
269,84,-73
269,85,-14
269,86,-53
269,87,-5
269,88,96
269,89,-2
269,90,-31
269,91,-18
269,92,67
269,93,-95
269,94,41
269,95,18
269,96,24
269,97,-34
269,98,38
269,99,66
269,100,68
269,101,-77
269,102,70
269,103,8
269,104,-6
269,105,53
269,106,-72
269,107,-99
269,108,-71
269,109,10
269,110,-27
269,111,-25
269,112,84
269,113,17
269,114,86
269,115,-82
269,116,-47
269,117,97
269,118,19
269,119,50
269,120,-6
269,121,-68
269,122,-35
269,123,38
269,124,-11
269,125,45
269,126,-36
269,127,59
269,128,31
269,129,-15
269,130,-65
269,131,84
269,132,13
269,133,60
269,134,41
269,135,75
269,136,-64
269,137,32
269,138,-51
269,139,88
269,140,-32
269,141,0
269,142,65
269,143,73
269,144,-3
269,145,42
269,146,-64
269,147,-74
269,148,11
269,149,-100
269,150,56
269,151,24
269,152,99
269,153,34
269,154,-72
269,155,58
269,156,-63
269,157,-93
269,158,-6
269,159,64
269,160,86
269,161,81
269,162,85
269,163,-5
269,164,-75
269,165,75
269,166,12
269,167,-90
269,168,-78
269,169,61
269,170,-68
269,171,29
269,172,12
269,173,-40
269,174,31
269,175,-89
269,176,56
269,177,6
269,178,2
269,179,69
269,180,84
269,181,77
269,182,-35
269,183,34
269,184,24
269,185,-44
269,186,-55
269,187,-79
269,188,38
269,189,60
269,190,81
269,191,47
269,192,-96
269,193,-33
269,194,-87
269,195,30
269,196,13
269,197,85
269,198,-74
269,199,-97
269,200,27
269,201,94
269,202,-37
269,203,-15
269,204,69
269,205,56
269,206,-21
269,207,62
269,208,-82
269,209,15
269,210,-7
269,211,-32
269,212,-70
269,213,70
269,214,-6
269,215,48
269,216,9
269,217,92
269,218,61
269,219,88
269,220,-65
269,221,-60
269,222,61
269,223,52
269,224,84
269,225,-36
269,226,-25
269,227,23
269,228,-79
269,229,87
269,230,81
269,231,20
269,232,-79
269,233,88
269,234,25
269,235,93
269,236,72
269,237,99
269,238,-32
269,239,91
269,240,-91
269,241,94
269,242,-90
269,243,55
269,244,-96
269,245,-89
269,246,-57
269,247,8
269,248,-8
269,249,-11
269,250,-72
269,251,-65
269,252,-66
269,253,12
269,254,-93
269,255,-85
269,256,-58
269,257,-32
269,258,43
269,259,-45
269,260,-60
269,261,-24
269,262,-93
269,263,-47
269,264,-11
269,265,19
269,266,32
269,267,-92
269,268,93
269,269,-30
269,270,-71
269,271,-20
269,272,7
269,273,-6
269,274,-36
269,275,-71
269,276,-54
269,277,-6
269,278,-13
269,279,58
269,280,87
269,281,-26
269,282,5
269,283,-21
269,284,36
269,285,81
269,286,-40
269,287,91
269,288,-4
269,289,-95
269,290,-56
269,291,-36
269,292,-64
269,293,-11
269,294,44
269,295,1
269,296,9
269,297,52
269,298,-51
269,299,22
270,0,-30
270,1,10
270,2,-70
270,3,59
270,4,14
270,5,-53
270,6,44
270,7,88
270,8,84
270,9,-44
270,10,97
270,11,60
270,12,46
270,13,-86
270,14,62
270,15,76
270,16,63
270,17,-47
270,18,-65
270,19,-48
270,20,87
270,21,-27
270,22,-57
270,23,-68
270,24,71
270,25,-46
270,26,-57
270,27,-50
270,28,-2
270,29,-15
270,30,-50
270,31,34
270,32,28
270,33,40
270,34,-53
270,35,26
270,36,13
270,37,-17
270,38,74
270,39,-54
270,40,-91
270,41,-75
270,42,-51
270,43,74
270,44,71
270,45,28
270,46,8
270,47,-38
270,48,44
270,49,44
270,50,66
270,51,-58
270,52,-60
270,53,-86
270,54,28
270,55,-43
270,56,-47
270,57,32
270,58,-39
270,59,26
270,60,-30
270,61,-55
270,62,-11
270,63,92
270,64,55
270,65,21
270,66,-17
270,67,68
270,68,50
270,69,59
270,70,85
270,71,66
270,72,-19
270,73,-68
270,74,85
270,75,-12
270,76,59
270,77,13
270,78,-51
270,79,78
270,80,-82
270,81,-98
270,82,15
270,83,-10
270,84,44
270,85,-58
270,86,56
270,87,7
270,88,-57
270,89,-49
270,90,-4
270,91,-73
270,92,8
270,93,61
270,94,-47
270,95,-99
270,96,13
270,97,-84
270,98,45
270,99,-73
270,100,-73
270,101,79
270,102,-85
270,103,60
270,104,-16
270,105,-96
270,106,-56
270,107,64
270,108,-49
270,109,91
270,110,-39
270,111,-96
270,112,6
270,113,-90
270,114,-15
270,115,30
270,116,78
270,117,-41
270,118,-35
270,119,84
270,120,-84
270,121,30
270,122,30
270,123,-61
270,124,-21
270,125,-25
270,126,-38
270,127,-50
270,128,28
270,129,-50
270,130,-97
270,131,31
270,132,74
270,133,66
270,134,-17
270,135,-52
270,136,84
270,137,-62
270,138,95
270,139,44
270,140,42
270,141,4
270,142,55
270,143,-85
270,144,33
270,145,-9
270,146,59
270,147,-76
270,148,-62
270,149,44
270,150,-55
270,151,15
270,152,-48
270,153,13
270,154,-50
270,155,45
270,156,-81
270,157,-14
270,158,32
270,159,-39
270,160,2
270,161,-89
270,162,-20
270,163,57
270,164,43
270,165,-99
270,166,24
270,167,16
270,168,30
270,169,-93
270,170,-64
270,171,80
270,172,-46
270,173,-52
270,174,-42
270,175,-41
270,176,-12
270,177,-23
270,178,18
270,179,73
270,180,-1
270,181,-38
270,182,26
270,183,59
270,184,-35
270,185,-16
270,186,-97
270,187,56
270,188,76
270,189,-8
270,190,-78
270,191,30
270,192,-47
270,193,48
270,194,-21
270,195,-57
270,196,47
270,197,84
270,198,96
270,199,98
270,200,79
270,201,44
270,202,93
270,203,-89
270,204,85
270,205,32
270,206,-21
270,207,25
270,208,-9
270,209,-29
270,210,83
270,211,-55
270,212,-29
270,213,-8
270,214,20
270,215,-83
270,216,-57
270,217,-58
270,218,-22
270,219,-24
270,220,49
270,221,-41
270,222,-38
270,223,-77
270,224,92
270,225,-72
270,226,28
270,227,23
270,228,-100
270,229,-28
270,230,-80
270,231,55
270,232,45
270,233,-4
270,234,-49
270,235,-35
270,236,14
270,237,-13
270,238,-39
270,239,-82
270,240,-99
270,241,97
270,242,-46
270,243,-22
270,244,84
270,245,-90
270,246,43
270,247,-16
270,248,89
270,249,-74
270,250,-79
270,251,-98
270,252,-98
270,253,48
270,254,-58
270,255,97
270,256,-12
270,257,-64
270,258,-7
270,259,83
270,260,-62
270,261,47
270,262,-36
270,263,62
270,264,-58
270,265,-80
270,266,-91
270,267,-56
270,268,-8
270,269,-98
270,270,-58
270,271,79
270,272,-60
270,273,20
270,274,6
270,275,68
270,276,-92
270,277,73
270,278,43
270,279,23
270,280,12
270,281,20
270,282,-54
270,283,55
270,284,-73
270,285,-26
270,286,-7
270,287,38
270,288,-72
270,289,83
270,290,99
270,291,-44
270,292,80
270,293,-27
270,294,18
270,295,-42
270,296,-66
270,297,79
270,298,-65
270,299,-24
271,0,-43
271,1,-99
271,2,-73
271,3,-31
271,4,-38
271,5,79
271,6,-41
271,7,-11
271,8,63
271,9,3
271,10,89
271,11,15
271,12,-58
271,13,66
271,14,32
271,15,77
271,16,-85
271,17,-49
271,18,96
271,19,-30
271,20,-98
271,21,-12
271,22,37
271,23,-50
271,24,96
271,25,59
271,26,32
271,27,17
271,28,70
271,29,39
271,30,58
271,31,49
271,32,-42
271,33,-49
271,34,-54
271,35,4
271,36,-52
271,37,-45
271,38,-70
271,39,86
271,40,-31
271,41,-25
271,42,70
271,43,-20
271,44,-27
271,45,8
271,46,-96
271,47,-97
271,48,42
271,49,29
271,50,76
271,51,-45
271,52,35
271,53,-85
271,54,91
271,55,-77
271,56,-46
271,57,81
271,58,-32
271,59,-41
271,60,58
271,61,-81
271,62,-47
271,63,36
271,64,61
271,65,-21
271,66,92
271,67,43
271,68,-31
271,69,33
271,70,-66
271,71,4
271,72,30
271,73,-80
271,74,34
271,75,-23
271,76,57
271,77,-79
271,78,41
271,79,82
271,80,-12
271,81,-34
271,82,32
271,83,96
271,84,14
271,85,-42
271,86,36
271,87,75
271,88,1
271,89,-64
271,90,-33
271,91,47
271,92,-16
271,93,77
271,94,-77
271,95,23
271,96,98
271,97,25
271,98,-52
271,99,35
271,100,-26
271,101,9
271,102,-95
271,103,-61
271,104,-20
271,105,81
271,106,8
271,107,44
271,108,-50
271,109,-99
271,110,57
271,111,59
271,112,-51
271,113,98
271,114,43
271,115,-18
271,116,82
271,117,84
271,118,-56
271,119,79
271,120,98
271,121,74
271,122,-68
271,123,27
271,124,-3
271,125,51
271,126,-66
271,127,91
271,128,-16
271,129,-13
271,130,0
271,131,-41
271,132,-72
271,133,-83
271,134,85
271,135,-53
271,136,-90
271,137,30
271,138,69
271,139,45
271,140,-85
271,141,-60
271,142,92
271,143,-58
271,144,70
271,145,-10
271,146,-70
271,147,-73
271,148,-50
271,149,-74
271,150,-92
271,151,20
271,152,23
271,153,65
271,154,63
271,155,-41
271,156,-44
271,157,74
271,158,13
271,159,-33
271,160,-50
271,161,-43
271,162,-53
271,163,-42
271,164,-25
271,165,-54
271,166,42
271,167,10
271,168,11
271,169,-29
271,170,20
271,171,-6
271,172,-99
271,173,-22
271,174,88
271,175,-61
271,176,70
271,177,-53
271,178,99
271,179,96
271,180,-44
271,181,95
271,182,-89
271,183,-33
271,184,78
271,185,-27
271,186,-72
271,187,-9
271,188,-72
271,189,-18
271,190,14
271,191,6
271,192,40
271,193,84
271,194,-3
271,195,-55
271,196,-81
271,197,-42
271,198,19
271,199,-65
271,200,-100
271,201,-11
271,202,30
271,203,-57
271,204,82
271,205,-41
271,206,30
271,207,-16
271,208,90
271,209,-19
271,210,58
271,211,-40
271,212,-52
271,213,-57
271,214,79
271,215,-70
271,216,-29
271,217,-12
271,218,76
271,219,-55
271,220,81
271,221,38
271,222,3
271,223,-36
271,224,44
271,225,15
271,226,-73
271,227,-19
271,228,-27
271,229,-92
271,230,61
271,231,47
271,232,30
271,233,28
271,234,-41
271,235,-4
271,236,-51
271,237,35
271,238,45
271,239,-71
271,240,-4
271,241,49
271,242,-20
271,243,-92
271,244,-79
271,245,37
271,246,-34
271,247,-92
271,248,-54
271,249,-61
271,250,-65
271,251,46
271,252,-3
271,253,-99
271,254,72
271,255,-18
271,256,60
271,257,-37
271,258,53
271,259,18
271,260,10
271,261,61
271,262,90
271,263,55
271,264,-9
271,265,-23
271,266,-95
271,267,38
271,268,-55
271,269,-81
271,270,63
271,271,12
271,272,-85
271,273,97
271,274,99
271,275,72
271,276,-53
271,277,12
271,278,-97
271,279,75
271,280,-3
271,281,8
271,282,94
271,283,55
271,284,57
271,285,-72
271,286,48
271,287,-59
271,288,27
271,289,-51
271,290,-12
271,291,25
271,292,-98
271,293,92
271,294,-78
271,295,6
271,296,-96
271,297,-76
271,298,-66
271,299,-36
272,0,-62
272,1,22
272,2,10
272,3,-83
272,4,-76
272,5,-1
272,6,28
272,7,89
272,8,36
272,9,68
272,10,-6
272,11,-79
272,12,93
272,13,72
272,14,79
272,15,-81
272,16,20
272,17,39
272,18,23
272,19,-37
272,20,59
272,21,-39
272,22,32
272,23,19
272,24,-57
272,25,56
272,26,-68
272,27,-14
272,28,-1
272,29,-88
272,30,-51
272,31,29
272,32,55
272,33,-83
272,34,-35
272,35,73
272,36,44
272,37,60
272,38,-2
272,39,-68
272,40,-5
272,41,-17
272,42,57
272,43,-79
272,44,24
272,45,80
272,46,73
272,47,-57
272,48,-26
272,49,13
272,50,61
272,51,-73
272,52,62
272,53,95
272,54,-92
272,55,6
272,56,-79
272,57,88
272,58,-16
272,59,-76
272,60,-20
272,61,-22
272,62,68
272,63,-94
272,64,-42
272,65,99
272,66,94
272,67,-68
272,68,92
272,69,-1
272,70,3
272,71,-41
272,72,-20
272,73,21
272,74,-43
272,75,-57
272,76,20
272,77,-53
272,78,24
272,79,64
272,80,52
272,81,52
272,82,-44
272,83,-88
272,84,-24
272,85,-89
272,86,7
272,87,90
272,88,89
272,89,15
272,90,-73
272,91,82
272,92,15
272,93,-59
272,94,88
272,95,-21
272,96,-63
272,97,-20
272,98,8
272,99,13
272,100,7
272,101,32
272,102,-17
272,103,75
272,104,62
272,105,-53
272,106,-87
272,107,-47
272,108,53
272,109,17
272,110,8
272,111,70
272,112,-59
272,113,-6
272,114,45
272,115,2
272,116,82
272,117,-51
272,118,24
272,119,-15
272,120,48
272,121,61
272,122,-61
272,123,18
272,124,10
272,125,-71
272,126,97
272,127,16
272,128,-76
272,129,96
272,130,-72
272,131,-34
272,132,84
272,133,-54
272,134,4
272,135,44
272,136,76
272,137,8
272,138,-51
272,139,-11
272,140,32
272,141,-88
272,142,90
272,143,-62
272,144,95
272,145,72
272,146,-84
272,147,86
272,148,-2
272,149,-21
272,150,-42
272,151,-5
272,152,21
272,153,35
272,154,-71
272,155,30
272,156,44
272,157,22
272,158,-50
272,159,51
272,160,-21
272,161,91
272,162,-27
272,163,22
272,164,10
272,165,98
272,166,11
272,167,76
272,168,-81
272,169,-72
272,170,-91
272,171,-92
272,172,98
272,173,7
272,174,-38
272,175,-68
272,176,51
272,177,-21
272,178,-69
272,179,-97
272,180,89
272,181,-23
272,182,25
272,183,18
272,184,-79
272,185,50
272,186,-75
272,187,-52
272,188,71
272,189,49
272,190,7
272,191,94
272,192,69
272,193,-49
272,194,44
272,195,41
272,196,-37
272,197,72
272,198,91
272,199,57
272,200,40
272,201,53
272,202,59
272,203,73
272,204,-50
272,205,-67
272,206,7
272,207,15
272,208,-73
272,209,-82
272,210,75
272,211,-3
272,212,-29
272,213,61
272,214,5
272,215,43
272,216,-30
272,217,-74
272,218,-50
272,219,-17
272,220,-47
272,221,22
272,222,-84
272,223,-29
272,224,95
272,225,13
272,226,-6
272,227,28
272,228,4
272,229,-87
272,230,34
272,231,-37
272,232,99
272,233,35
272,234,81
272,235,51
272,236,82
272,237,28
272,238,99
272,239,-32
272,240,-69
272,241,-100
272,242,93
272,243,69
272,244,36
272,245,-27
272,246,51
272,247,4
272,248,13
272,249,46
272,250,-50
272,251,-20
272,252,-99
272,253,-91
272,254,96
272,255,2
272,256,33
272,257,89
272,258,-35
272,259,-93
272,260,-33
272,261,86
272,262,-51
272,263,-6
272,264,-65
272,265,35
272,266,-6
272,267,44
272,268,86
272,269,-23
272,270,35
272,271,21
272,272,-12
272,273,-58
272,274,-38
272,275,-20
272,276,12
272,277,-89
272,278,-17
272,279,-3
272,280,-45
272,281,-52
272,282,79
272,283,38
272,284,-74
272,285,89
272,286,36
272,287,-19
272,288,-65
272,289,73
272,290,17
272,291,56
272,292,95
272,293,-22
272,294,-60
272,295,-73
272,296,91
272,297,51
272,298,0
272,299,43
273,0,-79
273,1,-54
273,2,-84
273,3,28
273,4,58
273,5,-12
273,6,-89
273,7,-81
273,8,46
273,9,-96
273,10,-86
273,11,-76
273,12,62
273,13,7
273,14,-46
273,15,-38
273,16,-54
273,17,94
273,18,15
273,19,-37
273,20,-79
273,21,96
273,22,5
273,23,-24
273,24,-27
273,25,-21
273,26,26
273,27,29
273,28,25
273,29,13
273,30,14
273,31,52
273,32,-40
273,33,-96
273,34,-73
273,35,-20
273,36,93
273,37,-86
273,38,82
273,39,19
273,40,-63
273,41,50
273,42,-87
273,43,-69
273,44,-57
273,45,97
273,46,-9
273,47,17
273,48,15
273,49,22
273,50,15
273,51,85
273,52,1
273,53,-97
273,54,14
273,55,89
273,56,87
273,57,-42
273,58,-26
273,59,56
273,60,46
273,61,44
273,62,-97
273,63,71
273,64,-97
273,65,86
273,66,39
273,67,-54
273,68,34
273,69,39
273,70,-30
273,71,-47
273,72,85
273,73,-38
273,74,42
273,75,64
273,76,-45
273,77,-28
273,78,-4
273,79,1
273,80,-21
273,81,-70
273,82,-86
273,83,29
273,84,-88
273,85,-96
273,86,75
273,87,60
273,88,-69
273,89,80
273,90,5
273,91,-80
273,92,93
273,93,88
273,94,81
273,95,-60
273,96,-14
273,97,65
273,98,60
273,99,35
273,100,-65
273,101,-68
273,102,-72
273,103,-6
273,104,-44
273,105,-29
273,106,88
273,107,-11
273,108,13
273,109,82
273,110,79
273,111,14
273,112,70
273,113,25
273,114,23
273,115,53
273,116,15
273,117,2
273,118,-99
273,119,82
273,120,-11
273,121,-83
273,122,77
273,123,-56
273,124,-86
273,125,34
273,126,54
273,127,-61
273,128,-84
273,129,59
273,130,43
273,131,90
273,132,-23
273,133,87
273,134,4
273,135,-19
273,136,-15
273,137,79
273,138,-21
273,139,-52
273,140,-52
273,141,53
273,142,78
273,143,-58
273,144,-31
273,145,-30
273,146,-92
273,147,71
273,148,91
273,149,-11
273,150,-99
273,151,63
273,152,-98
273,153,81
273,154,48
273,155,94
273,156,-92
273,157,-89
273,158,99
273,159,64
273,160,64
273,161,3
273,162,94
273,163,-45
273,164,4
273,165,-38
273,166,53
273,167,-55
273,168,80
273,169,-41
273,170,-69
273,171,-10
273,172,89
273,173,74
273,174,-40
273,175,-7
273,176,31
273,177,29
273,178,50
273,179,-46
273,180,-60
273,181,95
273,182,64
273,183,38
273,184,63
273,185,-86
273,186,0
273,187,-34
273,188,11
273,189,57
273,190,-44
273,191,89
273,192,-68
273,193,-36
273,194,-100
273,195,30
273,196,-92
273,197,-69
273,198,-24
273,199,-56
273,200,-6
273,201,84
273,202,-80
273,203,-78
273,204,53
273,205,16
273,206,99
273,207,3
273,208,-71
273,209,14
273,210,-32
273,211,51
273,212,-27
273,213,-37
273,214,62
273,215,49
273,216,-62
273,217,-46
273,218,-94
273,219,89
273,220,-62
273,221,47
273,222,3
273,223,83
273,224,-5
273,225,93
273,226,42
273,227,48
273,228,-67
273,229,-66
273,230,14
273,231,-96
273,232,-45
273,233,-18
273,234,-94
273,235,-48
273,236,71
273,237,85
273,238,5
273,239,-59
273,240,-83
273,241,-95
273,242,31
273,243,96
273,244,41
273,245,68
273,246,74
273,247,-4
273,248,-48
273,249,-80
273,250,40
273,251,93
273,252,42
273,253,-2
273,254,72
273,255,-17
273,256,92
273,257,73
273,258,30
273,259,44
273,260,44
273,261,-81
273,262,-97
273,263,-26
273,264,-86
273,265,-44
273,266,72
273,267,-74
273,268,-81
273,269,7
273,270,-22
273,271,33
273,272,-83
273,273,-15
273,274,-52
273,275,51
273,276,-90
273,277,45
273,278,-66
273,279,-46
273,280,-6
273,281,-73
273,282,-13
273,283,63
273,284,8
273,285,-77
273,286,60
273,287,15
273,288,64
273,289,40
273,290,-85
273,291,11
273,292,70
273,293,-28
273,294,-51
273,295,10
273,296,-88
273,297,-30
273,298,62
273,299,-66
274,0,-77
274,1,80
274,2,-62
274,3,46
274,4,71
274,5,25
274,6,73
274,7,72
274,8,59
274,9,-96
274,10,-25
274,11,3
274,12,33
274,13,-19
274,14,-94
274,15,-86
274,16,-28
274,17,-81
274,18,-42
274,19,-97
274,20,5
274,21,-61
274,22,-36
274,23,-66
274,24,-57
274,25,-94
274,26,49
274,27,-78
274,28,-36
274,29,-13
274,30,-81
274,31,-69
274,32,-4
274,33,63
274,34,45
274,35,-4
274,36,60
274,37,-32
274,38,-19
274,39,-92
274,40,-59
274,41,98
274,42,26
274,43,9
274,44,31
274,45,73
274,46,-29
274,47,51
274,48,-29
274,49,23
274,50,96
274,51,-78
274,52,6
274,53,82
274,54,-3
274,55,42
274,56,-50
274,57,22
274,58,-51
274,59,74
274,60,-18
274,61,-76
274,62,-62
274,63,-33
274,64,73
274,65,-29
274,66,18
274,67,5
274,68,-88
274,69,65
274,70,-65
274,71,64
274,72,69
274,73,19
274,74,8
274,75,23
274,76,-82
274,77,-64
274,78,0
274,79,92
274,80,-16
274,81,-62
274,82,53
274,83,-59
274,84,89
274,85,-48
274,86,94
274,87,-51
274,88,4
274,89,96
274,90,6
274,91,56
274,92,29
274,93,-83
274,94,-41
274,95,15
274,96,41
274,97,17
274,98,67
274,99,91
274,100,-71
274,101,-72
274,102,56
274,103,-82
274,104,-11
274,105,9
274,106,-43
274,107,15
274,108,-61
274,109,-92
274,110,20
274,111,9
274,112,7
274,113,58
274,114,-23
274,115,-6
274,116,42
274,117,-67
274,118,-39
274,119,-27
274,120,-44
274,121,48
274,122,2
274,123,-47
274,124,64
274,125,67
274,126,-81
274,127,8
274,128,98
274,129,45
274,130,71
274,131,83
274,132,-84
274,133,-59
274,134,98
274,135,55
274,136,-80
274,137,64
274,138,50
274,139,10
274,140,-53
274,141,-42
274,142,27
274,143,11
274,144,-49
274,145,-84
274,146,-63
274,147,28
274,148,-26
274,149,60
274,150,-6
274,151,-57
274,152,-13
274,153,-81
274,154,74
274,155,-32
274,156,69
274,157,53
274,158,-52
274,159,5
274,160,-30
274,161,-83
274,162,1
274,163,-6
274,164,-92
274,165,-35
274,166,-41
274,167,7
274,168,-64
274,169,74
274,170,-72
274,171,-38
274,172,-86
274,173,-92
274,174,-21
274,175,-35
274,176,-100
274,177,20
274,178,-92
274,179,-44
274,180,83
274,181,47
274,182,20
274,183,-99
274,184,-100
274,185,-27
274,186,-47
274,187,-82
274,188,-83
274,189,-77
274,190,26
274,191,-49
274,192,-81
274,193,38
274,194,-28
274,195,87
274,196,-85
274,197,40
274,198,80
274,199,-95
274,200,-76
274,201,-38
274,202,74
274,203,-86
274,204,-47
274,205,70
274,206,27
274,207,-87
274,208,-67
274,209,29
274,210,-81
274,211,5
274,212,-85
274,213,94
274,214,57
274,215,2
274,216,-50
274,217,30
274,218,-24
274,219,27
274,220,78
274,221,20
274,222,-55
274,223,-61
274,224,-72
274,225,50
274,226,44
274,227,-8
274,228,-32
274,229,-16
274,230,-35
274,231,50
274,232,-26
274,233,50
274,234,34
274,235,70
274,236,89
274,237,-67
274,238,1
274,239,4
274,240,12
274,241,-50
274,242,71
274,243,-31
274,244,82
274,245,-35
274,246,-5
274,247,-43
274,248,19
274,249,70
274,250,10
274,251,-40
274,252,65
274,253,55
274,254,84
274,255,-60
274,256,-51
274,257,-11
274,258,-11
274,259,88
274,260,-32
274,261,90
274,262,20
274,263,-20
274,264,-75
274,265,53
274,266,6
274,267,50
274,268,79
274,269,-13
274,270,4
274,271,-28
274,272,15
274,273,97
274,274,31
274,275,-100
274,276,33
274,277,83
274,278,-72
274,279,30
274,280,27
274,281,8
274,282,-13
274,283,69
274,284,36
274,285,-20
274,286,-42
274,287,-63
274,288,-59
274,289,-51
274,290,-87
274,291,25
274,292,-1
274,293,72
274,294,-68
274,295,47
274,296,61
274,297,-34
274,298,-17
274,299,-34
275,0,-31
275,1,66
275,2,70
275,3,66
275,4,12
275,5,-16
275,6,14
275,7,-57
275,8,28
275,9,-4
275,10,-51
275,11,19
275,12,15
275,13,-39
275,14,-98
275,15,35
275,16,-53
275,17,13
275,18,-5
275,19,68
275,20,63
275,21,-44
275,22,-16
275,23,-11
275,24,18
275,25,-23
275,26,70
275,27,-73
275,28,-9
275,29,-16
275,30,11
275,31,86
275,32,17
275,33,56
275,34,-63
275,35,61
275,36,-36
275,37,47
275,38,-75
275,39,-74
275,40,50
275,41,98
275,42,-79
275,43,74
275,44,95
275,45,0
275,46,-34
275,47,93
275,48,-32
275,49,-19
275,50,-3
275,51,-86
275,52,25
275,53,13
275,54,3
275,55,71
275,56,-50
275,57,92
275,58,52
275,59,88
275,60,44
275,61,-4
275,62,-49
275,63,-43
275,64,84
275,65,65
275,66,-32
275,67,22
275,68,-64
275,69,-26
275,70,7
275,71,61
275,72,-66
275,73,87
275,74,-62
275,75,73
275,76,17
275,77,43
275,78,-13
275,79,58
275,80,-87
275,81,-54
275,82,59
275,83,6
275,84,-24
275,85,1
275,86,-84
275,87,23
275,88,23
275,89,83
275,90,63
275,91,16
275,92,69
275,93,-19
275,94,46
275,95,34
275,96,-46
275,97,57
275,98,-25
275,99,19
275,100,-72
275,101,94
275,102,61
275,103,61
275,104,-15
275,105,-99
275,106,54
275,107,-54
275,108,-1
275,109,-44
275,110,21
275,111,44
275,112,-3
275,113,53
275,114,24
275,115,37
275,116,-62
275,117,-92
275,118,-76
275,119,47
275,120,-86
275,121,12
275,122,-10
275,123,38
275,124,43
275,125,49
275,126,89
275,127,51
275,128,63
275,129,45
275,130,47
275,131,-93
275,132,-86
275,133,-24
275,134,24
275,135,-23
275,136,-54
275,137,18
275,138,51
275,139,-54
275,140,-83
275,141,59
275,142,69
275,143,-5
275,144,64
275,145,-68
275,146,28
275,147,-9
275,148,54
275,149,-84
275,150,-55
275,151,-22
275,152,-6
275,153,61
275,154,-98
275,155,-45
275,156,39
275,157,-75
275,158,51
275,159,-41
275,160,-43
275,161,90
275,162,-93
275,163,-75
275,164,9
275,165,85
275,166,65
275,167,-52
275,168,-58
275,169,86
275,170,-80
275,171,40
275,172,-2
275,173,30
275,174,-12
275,175,59
275,176,-80
275,177,-87
275,178,35
275,179,-94
275,180,-2
275,181,86
275,182,29
275,183,-32
275,184,71
275,185,-35
275,186,-83
275,187,43
275,188,-89
275,189,7
275,190,-41
275,191,-47
275,192,-61
275,193,70
275,194,49
275,195,-97
275,196,-80
275,197,50
275,198,69
275,199,-10
275,200,-60
275,201,43
275,202,-5
275,203,-65
275,204,21
275,205,-84
275,206,81
275,207,-10
275,208,34
275,209,17
275,210,68
275,211,1
275,212,-39
275,213,17
275,214,-17
275,215,-44
275,216,-2
275,217,-68
275,218,-75
275,219,-13
275,220,-77
275,221,-70
275,222,-74
275,223,-52
275,224,-28
275,225,93
275,226,97
275,227,58
275,228,52
275,229,-85
275,230,8
275,231,33
275,232,-14
275,233,10
275,234,20
275,235,96
275,236,44
275,237,-92
275,238,-11
275,239,89
275,240,-88
275,241,34
275,242,-83
275,243,0
275,244,-56
275,245,51
275,246,82
275,247,-69
275,248,-94
275,249,-81
275,250,21
275,251,46
275,252,9
275,253,89
275,254,-87
275,255,59
275,256,-92
275,257,-1
275,258,76
275,259,-11
275,260,-8
275,261,-85
275,262,51
275,263,57
275,264,35
275,265,-22
275,266,13
275,267,37
275,268,63
275,269,-77
275,270,35
275,271,-100
275,272,-27
275,273,10
275,274,1
275,275,60
275,276,-70
275,277,-24
275,278,-39
275,279,-66
275,280,71
275,281,74
275,282,59
275,283,90
275,284,-79
275,285,34
275,286,33
275,287,68
275,288,-89
275,289,67
275,290,96
275,291,85
275,292,30
275,293,-1
275,294,-58
275,295,-27
275,296,-93
275,297,40
275,298,83
275,299,46
276,0,-78
276,1,-58
276,2,-77
276,3,30
276,4,41
276,5,60
276,6,-14
276,7,54
276,8,39
276,9,-55
276,10,10
276,11,98
276,12,-55
276,13,-19
276,14,43
276,15,-43
276,16,41
276,17,-16
276,18,70
276,19,-76
276,20,1
276,21,42
276,22,-27
276,23,57
276,24,-57
276,25,36
276,26,-9
276,27,-19
276,28,38
276,29,1
276,30,-35
276,31,-79
276,32,-14
276,33,47
276,34,8
276,35,56
276,36,-11
276,37,90
276,38,-60
276,39,22
276,40,11
276,41,-8
276,42,-18
276,43,-53
276,44,-74
276,45,-7
276,46,58
276,47,-9
276,48,52
276,49,76
276,50,97
276,51,91
276,52,-45
276,53,34
276,54,-31
276,55,62
276,56,-80
276,57,-54
276,58,-41
276,59,11
276,60,44
276,61,-11
276,62,-84
276,63,98
276,64,52
276,65,61
276,66,-75
276,67,-95
276,68,-91
276,69,-20
276,70,30
276,71,-42
276,72,11
276,73,-21
276,74,96
276,75,-53
276,76,50
276,77,-10
276,78,32
276,79,83
276,80,65
276,81,-25
276,82,-16
276,83,-94
276,84,44
276,85,-92
276,86,-12
276,87,73
276,88,-64
276,89,34
276,90,-84
276,91,18
276,92,-60
276,93,-37
276,94,-18
276,95,-44
276,96,-56
276,97,-28
276,98,8
276,99,9
276,100,35
276,101,9
276,102,8
276,103,-10
276,104,-14
276,105,37
276,106,81
276,107,93
276,108,-57
276,109,-53
276,110,-30
276,111,-99
276,112,-21
276,113,17
276,114,-95
276,115,-21
276,116,-12
276,117,-56
276,118,-91
276,119,36
276,120,-69
276,121,-99
276,122,-80
276,123,30
276,124,-8
276,125,20
276,126,-78
276,127,64
276,128,99
276,129,-65
276,130,-87
276,131,-86
276,132,-66
276,133,19
276,134,-79
276,135,74
276,136,-65
276,137,-86
276,138,20
276,139,-5
276,140,85
276,141,58
276,142,68
276,143,-1
276,144,-12
276,145,-27
276,146,-75
276,147,-71
276,148,21
276,149,2
276,150,39
276,151,-70
276,152,8
276,153,10
276,154,10
276,155,-19
276,156,-99
276,157,-23
276,158,47
276,159,85
276,160,47
276,161,-67
276,162,-41
276,163,-67
276,164,64
276,165,94
276,166,26
276,167,-82
276,168,-49
276,169,-57
276,170,-15
276,171,54
276,172,-63
276,173,-9
276,174,48
276,175,65
276,176,-88
276,177,-8
276,178,48
276,179,-59
276,180,-5
276,181,-53
276,182,-55
276,183,13
276,184,-23
276,185,-44
276,186,-49
276,187,-79
276,188,-84
276,189,-4
276,190,1
276,191,-75
276,192,66
276,193,-30
276,194,90
276,195,78
276,196,57
276,197,-60
276,198,60
276,199,-51
276,200,90
276,201,66
276,202,-73
276,203,45
276,204,-27
276,205,86
276,206,27
276,207,-35
276,208,13
276,209,70
276,210,-88
276,211,-100
276,212,59
276,213,-12
276,214,-91
276,215,42
276,216,26
276,217,44
276,218,90
276,219,-47
276,220,50
276,221,-30
276,222,-51
276,223,-42
276,224,63
276,225,-95
276,226,93
276,227,8
276,228,-69
276,229,-48
276,230,7
276,231,-32
276,232,-18
276,233,-99
276,234,-58
276,235,-61
276,236,95
276,237,-97
276,238,-26
276,239,73
276,240,4
276,241,47
276,242,21
276,243,-87
276,244,-2
276,245,8
276,246,41
276,247,76
276,248,30
276,249,-80
276,250,-40
276,251,-99
276,252,48
276,253,-91
276,254,-10
276,255,17
276,256,46
276,257,80
276,258,-25
276,259,76
276,260,-21
276,261,-93
276,262,84
276,263,0
276,264,-12
276,265,51
276,266,-54
276,267,-19
276,268,48
276,269,23
276,270,-93
276,271,46
276,272,-71
276,273,-10
276,274,53
276,275,47
276,276,15
276,277,4
276,278,-23
276,279,72
276,280,-37
276,281,-71
276,282,80
276,283,77
276,284,89
276,285,69
276,286,55
276,287,-43
276,288,-70
276,289,-11
276,290,-1
276,291,27
276,292,-42
276,293,10
276,294,15
276,295,-89
276,296,-56
276,297,-35
276,298,3
276,299,95
277,0,59
277,1,68
277,2,-3
277,3,82
277,4,-32
277,5,-96
277,6,-38
277,7,-97
277,8,14
277,9,-60
277,10,39
277,11,64
277,12,-3
277,13,-46
277,14,-56
277,15,55
277,16,-42
277,17,34
277,18,87
277,19,80
277,20,67
277,21,20
277,22,24
277,23,-49
277,24,-90
277,25,-5
277,26,77
277,27,-51
277,28,-5
277,29,22
277,30,-53
277,31,81
277,32,33
277,33,-51
277,34,-19
277,35,30
277,36,-60
277,37,-73
277,38,59
277,39,66
277,40,98
277,41,90
277,42,46
277,43,28
277,44,60
277,45,-68
277,46,-90
277,47,87
277,48,-73
277,49,89
277,50,-54
277,51,44
277,52,-27
277,53,-29
277,54,36
277,55,-18
277,56,13
277,57,-93
277,58,86
277,59,-32
277,60,-23
277,61,-56
277,62,60
277,63,6
277,64,-63
277,65,90
277,66,39
277,67,-34
277,68,3
277,69,56
277,70,49
277,71,61
277,72,-31
277,73,-2
277,74,66
277,75,43
277,76,58
277,77,76
277,78,-57
277,79,-55
277,80,28
277,81,21
277,82,-57
277,83,-17
277,84,-14
277,85,-17
277,86,-5
277,87,-55
277,88,-29
277,89,80
277,90,60
277,91,72
277,92,91
277,93,-7
277,94,30
277,95,51
277,96,58
277,97,-30
277,98,-61
277,99,77
277,100,-27
277,101,-86
277,102,18
277,103,-80
277,104,-80
277,105,-41
277,106,5
277,107,-36
277,108,48
277,109,82
277,110,-32
277,111,9
277,112,-75
277,113,-26
277,114,-46
277,115,12
277,116,-55
277,117,89
277,118,-31
277,119,81
277,120,31
277,121,72
277,122,-47
277,123,80
277,124,71
277,125,-14
277,126,-5
277,127,19
277,128,-65
277,129,-67
277,130,79
277,131,33
277,132,65
277,133,-15
277,134,-68
277,135,-46
277,136,-78
277,137,24
277,138,-57
277,139,-1
277,140,-73
277,141,-37
277,142,-53
277,143,-42
277,144,-42
277,145,-58
277,146,70
277,147,40
277,148,-29
277,149,-58
277,150,-88
277,151,62
277,152,38
277,153,48
277,154,99
277,155,5
277,156,53
277,157,-7
277,158,-51
277,159,-52
277,160,2
277,161,-11
277,162,-10
277,163,-15
277,164,-88
277,165,66
277,166,82
277,167,-94
277,168,70
277,169,-59
277,170,85
277,171,39
277,172,-88
277,173,-89
277,174,-63
277,175,-98
277,176,99
277,177,-39
277,178,58
277,179,99
277,180,-64
277,181,-77
277,182,-9
277,183,-33
277,184,-37
277,185,43
277,186,-83
277,187,-33
277,188,67
277,189,-43
277,190,22
277,191,-56
277,192,-48
277,193,-74
277,194,17
277,195,-65
277,196,95
277,197,-1
277,198,40
277,199,78
277,200,75
277,201,87
277,202,5
277,203,0
277,204,10
277,205,97
277,206,78
277,207,-87
277,208,70
277,209,-98
277,210,52
277,211,-67
277,212,97
277,213,83
277,214,92
277,215,87
277,216,-53
277,217,-29
277,218,46
277,219,4
277,220,-66
277,221,-4
277,222,8
277,223,8
277,224,-68
277,225,69
277,226,14
277,227,-47
277,228,-62
277,229,9
277,230,91
277,231,65
277,232,-63
277,233,-28
277,234,79
277,235,11
277,236,0
277,237,-54
277,238,25
277,239,-36
277,240,-1
277,241,-59
277,242,1
277,243,-46
277,244,-42
277,245,93
277,246,-27
277,247,81
277,248,-50
277,249,50
277,250,38
277,251,-65
277,252,83
277,253,-59
277,254,1
277,255,-2
277,256,27
277,257,-88
277,258,-2
277,259,-49
277,260,57
277,261,39
277,262,48
277,263,39
277,264,-39
277,265,19
277,266,-8
277,267,66
277,268,-57
277,269,31
277,270,58
277,271,51
277,272,69
277,273,22
277,274,76
277,275,-11
277,276,47
277,277,35
277,278,60
277,279,95
277,280,65
277,281,63
277,282,-53
277,283,35
277,284,-41
277,285,-77
277,286,-84
277,287,-36
277,288,66
277,289,5
277,290,-46
277,291,-24
277,292,-40
277,293,-70
277,294,0
277,295,-73
277,296,-69
277,297,-94
277,298,-87
277,299,-28
278,0,81
278,1,-31
278,2,78
278,3,-71
278,4,57
278,5,43
278,6,50
278,7,58
278,8,-89
278,9,-98
278,10,-34
278,11,65
278,12,-15
278,13,14
278,14,7
278,15,43
278,16,-19
278,17,-97
278,18,-81
278,19,-56
278,20,40
278,21,-6
278,22,29
278,23,-7
278,24,-70
278,25,-73
278,26,-28
278,27,-42
278,28,38
278,29,62
278,30,-52
278,31,71
278,32,85
278,33,78
278,34,17
278,35,-84
278,36,25
278,37,31
278,38,60
278,39,89
278,40,-20
278,41,5
278,42,99
278,43,-11
278,44,70
278,45,-17
278,46,-59
278,47,78
278,48,65
278,49,70
278,50,-53
278,51,-59
278,52,84
278,53,-47
278,54,-4
278,55,44
278,56,78
278,57,36
278,58,-93
278,59,90
278,60,11
278,61,9
278,62,83
278,63,-31
278,64,36
278,65,10
278,66,10
278,67,-96
278,68,-29
278,69,-37
278,70,79
278,71,-66
278,72,-41
278,73,-12
278,74,-1
278,75,-62
278,76,12
278,77,33
278,78,-13
278,79,18
278,80,48
278,81,63
278,82,-83
278,83,11
278,84,-100
278,85,-84
278,86,96
278,87,20
278,88,13
278,89,33
278,90,-43
278,91,72
278,92,-29
278,93,22
278,94,23
278,95,-53
278,96,77
278,97,-45
278,98,36
278,99,89
278,100,20
278,101,-70
278,102,-36
278,103,4
278,104,-40
278,105,37
278,106,80
278,107,25
278,108,91
278,109,91
278,110,77
278,111,92
278,112,-24
278,113,41
278,114,-78
278,115,26
278,116,55
278,117,-8
278,118,-43
278,119,67
278,120,91
278,121,-4
278,122,29
278,123,70
278,124,-89
278,125,3
278,126,-9
278,127,-66
278,128,-27
278,129,10
278,130,7
278,131,20
278,132,96
278,133,90
278,134,68
278,135,-37
278,136,-83
278,137,97
278,138,38
278,139,-36
278,140,50
278,141,-97
278,142,-94
278,143,68
278,144,76
278,145,44
278,146,-26
278,147,-46
278,148,21
278,149,-74
278,150,39
278,151,74
278,152,61
278,153,35
278,154,15
278,155,-78
278,156,-75
278,157,61
278,158,59
278,159,-95
278,160,92
278,161,20
278,162,-42
278,163,77
278,164,95
278,165,-93
278,166,-61
278,167,73
278,168,-17
278,169,60
278,170,-43
278,171,15
278,172,30
278,173,-22
278,174,54
278,175,-36
278,176,-44
278,177,62
278,178,79
278,179,78
278,180,-84
278,181,-49
278,182,75
278,183,-43
278,184,-25
278,185,2
278,186,-75
278,187,-74
278,188,-77
278,189,-20
278,190,38
278,191,-15
278,192,35
278,193,75
278,194,-69
278,195,-72
278,196,5
278,197,-5
278,198,20
278,199,3
278,200,32
278,201,76
278,202,40
278,203,27
278,204,-12
278,205,-59
278,206,-91
278,207,53
278,208,-75
278,209,50
278,210,71
278,211,-25
278,212,-62
278,213,70
278,214,-49
278,215,22
278,216,-43
278,217,-25
278,218,-1
278,219,59
278,220,-83
278,221,-59
278,222,-99
278,223,87
278,224,-68
278,225,73
278,226,-42
278,227,-1
278,228,84
278,229,89
278,230,90
278,231,-28
278,232,58
278,233,66
278,234,-16
278,235,-79
278,236,-84
278,237,30
278,238,-69
278,239,-68
278,240,91
278,241,-91
278,242,-96
278,243,-33
278,244,65
278,245,1
278,246,68
278,247,-28
278,248,88
278,249,42
278,250,-49
278,251,-93
278,252,83
278,253,-3
278,254,-71
278,255,-27
278,256,-23
278,257,23
278,258,61
278,259,86
278,260,83
278,261,40
278,262,78
278,263,-42
278,264,-39
278,265,-72
278,266,-8
278,267,-39
278,268,34
278,269,71
278,270,33
278,271,-39
278,272,-33
278,273,97
278,274,-84
278,275,76
278,276,51
278,277,39
278,278,-44
278,279,56
278,280,-13
278,281,-39
278,282,-3
278,283,-23
278,284,-74
278,285,32
278,286,-61
278,287,74
278,288,36
278,289,43
278,290,-88
278,291,81
278,292,42
278,293,52
278,294,43
278,295,-57
278,296,15
278,297,17
278,298,-6
278,299,-54
279,0,60
279,1,-17
279,2,53
279,3,-61
279,4,-30
279,5,72
279,6,5
279,7,-6
279,8,70
279,9,99
279,10,-78
279,11,-54
279,12,-57
279,13,-19
279,14,69
279,15,-89
279,16,-7
279,17,63
279,18,-22
279,19,40
279,20,-20
279,21,92
279,22,19
279,23,0
279,24,12
279,25,-74
279,26,47
279,27,-83
279,28,-37
279,29,-92
279,30,17
279,31,22
279,32,-76
279,33,12
279,34,28
279,35,-42
279,36,63
279,37,-83
279,38,-54
279,39,-22
279,40,60
279,41,-79
279,42,-13
279,43,-36
279,44,38
279,45,6
279,46,53
279,47,-11
279,48,97
279,49,90
279,50,-63
279,51,25
279,52,-52
279,53,4
279,54,44
279,55,-44
279,56,-87
279,57,-18
279,58,-93
279,59,83
279,60,-78
279,61,-57
279,62,-35
279,63,-98
279,64,80
279,65,40
279,66,-32
279,67,-19
279,68,-100
279,69,-80
279,70,-18
279,71,-45
279,72,1
279,73,29
279,74,-70
279,75,40
279,76,-87
279,77,-25
279,78,84
279,79,-88
279,80,-13
279,81,-6
279,82,41
279,83,13
279,84,-7
279,85,54
279,86,-1
279,87,-31
279,88,25
279,89,17
279,90,26
279,91,87
279,92,-31
279,93,42
279,94,-45
279,95,-13
279,96,89
279,97,-88
279,98,34
279,99,8
279,100,48
279,101,1
279,102,1
279,103,41
279,104,-98
279,105,-38
279,106,70
279,107,8
279,108,-89
279,109,-46
279,110,86
279,111,17
279,112,47
279,113,23
279,114,-10
279,115,-32
279,116,72
279,117,-46
279,118,86
279,119,-26
279,120,-41
279,121,88
279,122,-59
279,123,71
279,124,33
279,125,-32
279,126,-79
279,127,-36
279,128,-17
279,129,-13
279,130,47
279,131,-54
279,132,75
279,133,-77
279,134,-29
279,135,-3
279,136,-62
279,137,-46
279,138,15
279,139,82
279,140,97
279,141,90
279,142,-24
279,143,7
279,144,46
279,145,-43
279,146,53
279,147,0
279,148,-10
279,149,-13
279,150,74
279,151,41
279,152,30
279,153,96
279,154,26
279,155,41
279,156,-93
279,157,-86
279,158,72
279,159,72
279,160,-98
279,161,8
279,162,38
279,163,-92
279,164,-97
279,165,12
279,166,77
279,167,-21
279,168,33
279,169,71
279,170,-96
279,171,84
279,172,-52
279,173,-18
279,174,-32
279,175,55
279,176,19
279,177,66
279,178,61
279,179,89
279,180,-89
279,181,96
279,182,-47
279,183,3
279,184,-21
279,185,-28
279,186,64
279,187,60
279,188,76
279,189,-100
279,190,74
279,191,64
279,192,36
279,193,-83
279,194,1
279,195,-16
279,196,71
279,197,14
279,198,97
279,199,-38
279,200,-98
279,201,11
279,202,45
279,203,64
279,204,-81
279,205,-8
279,206,-65
279,207,-97
279,208,19
279,209,8
279,210,-23
279,211,-84
279,212,84
279,213,-52
279,214,8
279,215,80
279,216,15
279,217,-91
279,218,56
279,219,19
279,220,22
279,221,-25
279,222,22
279,223,36
279,224,-11
279,225,48
279,226,-100
279,227,63
279,228,-95
279,229,10
279,230,45
279,231,0
279,232,99
279,233,38
279,234,-32
279,235,48
279,236,6
279,237,5
279,238,-92
279,239,-99
279,240,12
279,241,31
279,242,-11
279,243,-89
279,244,-18
279,245,-18
279,246,-8
279,247,-62
279,248,87
279,249,61
279,250,-42
279,251,27
279,252,-29
279,253,33
279,254,59
279,255,-73
279,256,-26
279,257,-60
279,258,-29
279,259,-13
279,260,54
279,261,-48
279,262,22
279,263,-90
279,264,-14
279,265,49
279,266,-96
279,267,11
279,268,61
279,269,-39
279,270,58
279,271,-54
279,272,-64
279,273,10
279,274,-75
279,275,-58
279,276,-40
279,277,65
279,278,27
279,279,59
279,280,-32
279,281,89
279,282,25
279,283,26
279,284,52
279,285,-68
279,286,-37
279,287,98
279,288,43
279,289,76
279,290,-8
279,291,22
279,292,-86
279,293,-81
279,294,-79
279,295,-91
279,296,99
279,297,82
279,298,-5
279,299,55
280,0,36
280,1,-70
280,2,-5
280,3,-27
280,4,84
280,5,58
280,6,-26
280,7,70
280,8,-27
280,9,36
280,10,-59
280,11,-27
280,12,77
280,13,64
280,14,98
280,15,-17
280,16,99
280,17,44
280,18,75
280,19,-99
280,20,-59
280,21,5
280,22,90
280,23,38
280,24,26
280,25,83
280,26,-28
280,27,72
280,28,72
280,29,56
280,30,61
280,31,96
280,32,-6
280,33,-11
280,34,20
280,35,-81
280,36,-29
280,37,-31
280,38,45
280,39,99
280,40,87
280,41,16
280,42,82
280,43,-49
280,44,-76
280,45,-35
280,46,-73
280,47,-12
280,48,-81
280,49,-31
280,50,-64
280,51,-85
280,52,62
280,53,82
280,54,-1
280,55,92
280,56,-23
280,57,-87
280,58,-77
280,59,-18
280,60,-63
280,61,-19
280,62,-92
280,63,20
280,64,-42
280,65,-50
280,66,8
280,67,-50
280,68,-82
280,69,-39
280,70,-91
280,71,65
280,72,30
280,73,75
280,74,68
280,75,44
280,76,-14
280,77,-28
280,78,96
280,79,-18
280,80,-8
280,81,-86
280,82,5
280,83,-1
280,84,83
280,85,-25
280,86,-23
280,87,42
280,88,14
280,89,-6
280,90,32
280,91,-57
280,92,-98
280,93,-54
280,94,57
280,95,-89
280,96,-86
280,97,65
280,98,-73
280,99,76
280,100,-14
280,101,74
280,102,-26
280,103,-7
280,104,-89
280,105,-47
280,106,-18
280,107,-69
280,108,28
280,109,43
280,110,-90
280,111,-4
280,112,-46
280,113,63
280,114,-71
280,115,-33
280,116,-45
280,117,87
280,118,-12
280,119,-3
280,120,-84
280,121,60
280,122,57
280,123,-88
280,124,39
280,125,23
280,126,-69
280,127,-14
280,128,-8
280,129,-67
280,130,-18
280,131,-89
280,132,-97
280,133,-12
280,134,53
280,135,-19
280,136,91
280,137,27
280,138,57
280,139,21
280,140,61
280,141,-68
280,142,58
280,143,-45
280,144,-39
280,145,-70
280,146,-77
280,147,-32
280,148,78
280,149,92
280,150,-3
280,151,-92
280,152,-93
280,153,6
280,154,63
280,155,-8
280,156,-32
280,157,83
280,158,-55
280,159,37
280,160,1
280,161,-27
280,162,26
280,163,38
280,164,15
280,165,-93
280,166,-33
280,167,45
280,168,27
280,169,21
280,170,-98
280,171,7
280,172,42
280,173,87
280,174,27
280,175,19
280,176,99
280,177,-46
280,178,-31
280,179,20
280,180,-1
280,181,-69
280,182,-95
280,183,43
280,184,93
280,185,-85
280,186,-87
280,187,-39
280,188,45
280,189,-93
280,190,32
280,191,-13
280,192,-60
280,193,10
280,194,-42
280,195,-92
280,196,-59
280,197,-83
280,198,-55
280,199,22
280,200,75
280,201,-73
280,202,-64
280,203,-27
280,204,-81
280,205,65
280,206,68
280,207,11
280,208,23
280,209,89
280,210,47
280,211,50
280,212,-51
280,213,32
280,214,87
280,215,-28
280,216,-58
280,217,25
280,218,4
280,219,-65
280,220,0
280,221,-98
280,222,88
280,223,81
280,224,-65
280,225,11
280,226,-56
280,227,-1
280,228,56
280,229,53
280,230,35
280,231,-28
280,232,49
280,233,-32
280,234,71
280,235,68
280,236,63
280,237,57
280,238,-52
280,239,8
280,240,18
280,241,-84
280,242,57
280,243,23
280,244,-97
280,245,62
280,246,-17
280,247,44
280,248,34
280,249,2
280,250,16
280,251,-39
280,252,-43
280,253,71
280,254,-43
280,255,80
280,256,5
280,257,-29
280,258,36
280,259,-95
280,260,-82
280,261,-15
280,262,10
280,263,47
280,264,-37
280,265,54
280,266,34
280,267,17
280,268,-77
280,269,22
280,270,-93
280,271,-34
280,272,-90
280,273,-1
280,274,-35
280,275,28
280,276,-94
280,277,-77
280,278,39
280,279,-38
280,280,-29
280,281,40
280,282,97
280,283,-13
280,284,15
280,285,-77
280,286,-63
280,287,98
280,288,-91
280,289,57
280,290,-13
280,291,-74
280,292,-71
280,293,27
280,294,16
280,295,-99
280,296,-93
280,297,44
280,298,-53
280,299,-37
281,0,88
281,1,40
281,2,48
281,3,6
281,4,29
281,5,26
281,6,-17
281,7,50
281,8,-85
281,9,40
281,10,31
281,11,-99
281,12,13
281,13,-36
281,14,-75
281,15,-71
281,16,17
281,17,-63
281,18,47
281,19,-76
281,20,24
281,21,-49
281,22,-18
281,23,-10
281,24,37
281,25,68
281,26,-40
281,27,10
281,28,-99
281,29,-20
281,30,34
281,31,-41
281,32,88
281,33,-21
281,34,12
281,35,-74
281,36,-100
281,37,-15
281,38,54
281,39,-21
281,40,-41
281,41,-48
281,42,-65
281,43,51
281,44,-66
281,45,-68
281,46,44
281,47,-32
281,48,62
281,49,6
281,50,74
281,51,-3
281,52,-5
281,53,-12
281,54,-42
281,55,-40
281,56,49
281,57,-74
281,58,99
281,59,11
281,60,-11
281,61,-86
281,62,63
281,63,8
281,64,84
281,65,-60
281,66,72
281,67,70
281,68,-89
281,69,95
281,70,94
281,71,-5
281,72,-97
281,73,92
281,74,18
281,75,-96
281,76,29
281,77,-55
281,78,-26
281,79,25
281,80,36
281,81,35
281,82,-43
281,83,2
281,84,-38
281,85,88
281,86,42
281,87,-28
281,88,69
281,89,77
281,90,-7
281,91,78
281,92,52
281,93,49
281,94,-79
281,95,-7
281,96,16
281,97,-27
281,98,96
281,99,96
281,100,93
281,101,-37
281,102,49
281,103,40
281,104,54
281,105,-54
281,106,-10
281,107,-80
281,108,-70
281,109,20
281,110,-63
281,111,-62
281,112,63
281,113,-1
281,114,92
281,115,-90
281,116,-32
281,117,-67
281,118,-96
281,119,-81
281,120,-38
281,121,-56
281,122,69
281,123,-88
281,124,36
281,125,32
281,126,65
281,127,-7
281,128,76
281,129,-9
281,130,0
281,131,55
281,132,20
281,133,23
281,134,70
281,135,97
281,136,68
281,137,71
281,138,56
281,139,-33
281,140,-76
281,141,95
281,142,-87
281,143,86
281,144,-39
281,145,44
281,146,16
281,147,46
281,148,56
281,149,-1
281,150,-35
281,151,-56
281,152,-30
281,153,-73
281,154,-42
281,155,81
281,156,-93
281,157,-91
281,158,-80
281,159,-66
281,160,-97
281,161,80
281,162,-16
281,163,-76
281,164,-81
281,165,98
281,166,98
281,167,-5
281,168,-5
281,169,26
281,170,-79
281,171,-52
281,172,-12
281,173,-95
281,174,78
281,175,54
281,176,45
281,177,-89
281,178,-73
281,179,-82
281,180,-58
281,181,-2
281,182,42
281,183,96
281,184,-65
281,185,-4
281,186,-16
281,187,-59
281,188,-10
281,189,25
281,190,-56
281,191,-71
281,192,-62
281,193,73
281,194,85
281,195,-71
281,196,8
281,197,83
281,198,-13
281,199,81
281,200,-15
281,201,-64
281,202,-11
281,203,49
281,204,-4
281,205,-77
281,206,-32
281,207,-13
281,208,-2
281,209,21
281,210,-15
281,211,60
281,212,-84
281,213,89
281,214,-89
281,215,-71
281,216,40
281,217,-95
281,218,94
281,219,24
281,220,-90
281,221,27
281,222,23
281,223,-41
281,224,-91
281,225,-85
281,226,-17
281,227,69
281,228,71
281,229,46
281,230,-1
281,231,-86
281,232,-16
281,233,-62
281,234,-96
281,235,-15
281,236,-70
281,237,55
281,238,-63
281,239,79
281,240,42
281,241,-82
281,242,62
281,243,-86
281,244,13
281,245,-13
281,246,74
281,247,83
281,248,47
281,249,-92
281,250,-96
281,251,38
281,252,17
281,253,2
281,254,-10
281,255,-99
281,256,79
281,257,47
281,258,-80
281,259,-50
281,260,57
281,261,75
281,262,-100
281,263,62
281,264,53
281,265,-92
281,266,12
281,267,67
281,268,-80
281,269,-21
281,270,39
281,271,-64
281,272,-10
281,273,-30
281,274,51
281,275,77
281,276,81
281,277,9
281,278,3
281,279,8
281,280,55
281,281,-97
281,282,39
281,283,-34
281,284,64
281,285,-97
281,286,-86
281,287,55
281,288,-64
281,289,36
281,290,-87
281,291,22
281,292,94
281,293,10
281,294,25
281,295,-19
281,296,-51
281,297,-23
281,298,-76
281,299,-62
282,0,-75
282,1,-41
282,2,-49
282,3,-31
282,4,53
282,5,-53
282,6,-47
282,7,14
282,8,68
282,9,15
282,10,28
282,11,13
282,12,-80
282,13,9
282,14,-29
282,15,52
282,16,-83
282,17,-86
282,18,-59
282,19,-81
282,20,-85
282,21,34
282,22,-6
282,23,-8
282,24,-20
282,25,32
282,26,45
282,27,-23
282,28,-6
282,29,45
282,30,-37
282,31,52
282,32,-75
282,33,96
282,34,43
282,35,90
282,36,99
282,37,-24
282,38,-43
282,39,-5
282,40,54
282,41,76
282,42,-54
282,43,-30
282,44,22
282,45,77
282,46,-55
282,47,-93
282,48,-99
282,49,45
282,50,-65
282,51,-13
282,52,18
282,53,-59
282,54,1
282,55,38
282,56,-42
282,57,79
282,58,-52
282,59,83
282,60,3
282,61,97
282,62,27
282,63,-27
282,64,-71
282,65,82
282,66,-73
282,67,-8
282,68,78
282,69,-74
282,70,26
282,71,-3
282,72,-49
282,73,61
282,74,59
282,75,-57
282,76,31
282,77,-53
282,78,-3
282,79,-85
282,80,87
282,81,-54
282,82,9
282,83,-26
282,84,-86
282,85,1
282,86,-7
282,87,83
282,88,43
282,89,28
282,90,52
282,91,-37
282,92,-9
282,93,-58
282,94,-87
282,95,75
282,96,-33
282,97,-87
282,98,42
282,99,44
282,100,-9
282,101,79
282,102,37
282,103,-84
282,104,35
282,105,-99
282,106,83
282,107,-36
282,108,82
282,109,18
282,110,96
282,111,-2
282,112,6
282,113,16
282,114,63
282,115,-92
282,116,41
282,117,-27
282,118,-79
282,119,-85
282,120,68
282,121,94
282,122,55
282,123,-7
282,124,56
282,125,92
282,126,55
282,127,-15
282,128,-69
282,129,79
282,130,-90
282,131,53
282,132,58
282,133,-81
282,134,-17
282,135,96
282,136,68
282,137,-34
282,138,-57
282,139,87
282,140,-6
282,141,5
282,142,34
282,143,-7
282,144,-47
282,145,90
282,146,-19
282,147,-88
282,148,-68
282,149,34
282,150,57
282,151,-90
282,152,-31
282,153,-80
282,154,-69
282,155,32
282,156,5
282,157,-8
282,158,-66
282,159,-54
282,160,-89
282,161,-64
282,162,-57
282,163,-79
282,164,38
282,165,-14
282,166,-46
282,167,-91
282,168,69
282,169,16
282,170,-21
282,171,-25
282,172,82
282,173,77
282,174,59
282,175,-13
282,176,95
282,177,-4
282,178,-83
282,179,10
282,180,-16
282,181,-36
282,182,22
282,183,7
282,184,52
282,185,22
282,186,-70
282,187,46
282,188,-12
282,189,12
282,190,-83
282,191,95
282,192,60
282,193,-31
282,194,-94
282,195,-100
282,196,1
282,197,-2
282,198,-14
282,199,-21
282,200,-42
282,201,-67
282,202,79
282,203,38
282,204,-93
282,205,-13
282,206,-48
282,207,42
282,208,-73
282,209,41
282,210,-11
282,211,85
282,212,-44
282,213,79
282,214,-64
282,215,-99
282,216,61
282,217,-67
282,218,-43
282,219,-28
282,220,88
282,221,7
282,222,16
282,223,81
282,224,15
282,225,13
282,226,94
282,227,-71
282,228,-18
282,229,6
282,230,-42
282,231,85
282,232,19
282,233,51
282,234,42
282,235,49
282,236,59
282,237,-26
282,238,-8
282,239,69
282,240,86
282,241,-13
282,242,-18
282,243,-46
282,244,32
282,245,68
282,246,-44
282,247,-48
282,248,65
282,249,-100
282,250,-41
282,251,-25
282,252,-55
282,253,-97
282,254,-86
282,255,-20
282,256,15
282,257,-89
282,258,-100
282,259,-24
282,260,-71
282,261,33
282,262,-28
282,263,-51
282,264,29
282,265,-95
282,266,-26
282,267,-11
282,268,-9
282,269,-24
282,270,65
282,271,-25
282,272,-18
282,273,-83
282,274,46
282,275,55
282,276,-89
282,277,-49
282,278,-14
282,279,-1
282,280,85
282,281,-79
282,282,1
282,283,72
282,284,-39
282,285,-59
282,286,-34
282,287,36
282,288,91
282,289,42
282,290,57
282,291,53
282,292,-7
282,293,96
282,294,21
282,295,-6
282,296,26
282,297,-79
282,298,-47
282,299,24
283,0,-43
283,1,80
283,2,-2
283,3,-82
283,4,61
283,5,41
283,6,-79
283,7,40
283,8,22
283,9,91
283,10,-45
283,11,99
283,12,-59
283,13,-35
283,14,90
283,15,69
283,16,-67
283,17,-72
283,18,53
283,19,50
283,20,-65
283,21,17
283,22,-92
283,23,-16
283,24,-59
283,25,-34
283,26,-94
283,27,-78
283,28,59
283,29,-78
283,30,-85
283,31,-32
283,32,-88
283,33,-91
283,34,-42
283,35,-99
283,36,79
283,37,28
283,38,97
283,39,-47
283,40,-82
283,41,-4
283,42,-73
283,43,32
283,44,-25
283,45,57
283,46,-82
283,47,3
283,48,-59
283,49,52
283,50,-66
283,51,-92
283,52,-62
283,53,83
283,54,-63
283,55,-86
283,56,8
283,57,73
283,58,64
283,59,-11
283,60,24
283,61,-41
283,62,-39
283,63,-70
283,64,-71
283,65,-35
283,66,-94
283,67,57
283,68,60
283,69,11
283,70,2
283,71,10
283,72,-63
283,73,46
283,74,36
283,75,-15
283,76,59
283,77,57
283,78,33
283,79,88
283,80,64
283,81,-22
283,82,98
283,83,47
283,84,-71
283,85,-83
283,86,90
283,87,88
283,88,84
283,89,49
283,90,-13
283,91,-6
283,92,76
283,93,-83
283,94,-40
283,95,-19
283,96,-23
283,97,95
283,98,34
283,99,34
283,100,-36
283,101,-61
283,102,15
283,103,-77
283,104,59
283,105,-91
283,106,36
283,107,-62
283,108,30
283,109,7
283,110,-32
283,111,-94
283,112,39
283,113,-78
283,114,-12
283,115,90
283,116,-84
283,117,-23
283,118,91
283,119,-36
283,120,-15
283,121,-73
283,122,-43
283,123,-83
283,124,9
283,125,20
283,126,-57
283,127,-37
283,128,-64
283,129,-98
283,130,-87
283,131,34
283,132,44
283,133,97
283,134,-18
283,135,66
283,136,32
283,137,-22
283,138,-49
283,139,8
283,140,-75
283,141,66
283,142,72
283,143,-24
283,144,-70
283,145,50
283,146,-61
283,147,-69
283,148,0
283,149,-97
283,150,-20
283,151,-17
283,152,73
283,153,-26
283,154,-59
283,155,-4
283,156,66
283,157,97
283,158,2
283,159,83
283,160,-54
283,161,65
283,162,-83
283,163,-99
283,164,4
283,165,1
283,166,81
283,167,-13
283,168,57
283,169,-97
283,170,-94
283,171,-44
283,172,-71
283,173,71
283,174,56
283,175,-11
283,176,-65
283,177,-2
283,178,12
283,179,75
283,180,46
283,181,90
283,182,-99
283,183,41
283,184,12
283,185,-1
283,186,3
283,187,11
283,188,-66
283,189,48
283,190,44
283,191,-19
283,192,-69
283,193,50
283,194,33
283,195,-72
283,196,-38
283,197,97
283,198,24
283,199,-5
283,200,-20
283,201,31
283,202,-43
283,203,58
283,204,49
283,205,54
283,206,17
283,207,-16
283,208,-17
283,209,-14
283,210,-85
283,211,-95
283,212,-94
283,213,-87
283,214,-98
283,215,-52
283,216,-65
283,217,-72
283,218,31
283,219,67
283,220,68
283,221,49
283,222,31
283,223,20
283,224,-78
283,225,1
283,226,31
283,227,95
283,228,-83
283,229,-100
283,230,-69
283,231,48
283,232,65
283,233,53
283,234,-60
283,235,76
283,236,-16
283,237,-8
283,238,16
283,239,68
283,240,-5
283,241,-42
283,242,31
283,243,40
283,244,-40
283,245,-50
283,246,62
283,247,-10
283,248,-36
283,249,-52
283,250,76
283,251,2
283,252,41
283,253,64
283,254,-71
283,255,41
283,256,-9
283,257,54
283,258,-39
283,259,-98
283,260,97
283,261,-62
283,262,-82
283,263,4
283,264,-3
283,265,27
283,266,66
283,267,-91
283,268,74
283,269,27
283,270,-12
283,271,50
283,272,-42
283,273,-18
283,274,1
283,275,47
283,276,72
283,277,-57
283,278,-83
283,279,-53
283,280,-26
283,281,-100
283,282,59
283,283,-4
283,284,91
283,285,-94
283,286,-6
283,287,-11
283,288,98
283,289,-1
283,290,73
283,291,51
283,292,-32
283,293,7
283,294,63
283,295,94
283,296,-51
283,297,86
283,298,85
283,299,-55
284,0,97
284,1,-78
284,2,-89
284,3,55
284,4,85
284,5,-40
284,6,82
284,7,-67
284,8,-7
284,9,0
284,10,-83
284,11,19
284,12,62
284,13,75
284,14,-64
284,15,-60
284,16,33
284,17,27
284,18,-15
284,19,-10
284,20,-62
284,21,-97
284,22,43
284,23,-49
284,24,12
284,25,-82
284,26,-9
284,27,20
284,28,-84
284,29,72
284,30,29
284,31,29
284,32,-13
284,33,-46
284,34,-10
284,35,-97
284,36,22
284,37,-1
284,38,39
284,39,81
284,40,-41
284,41,-72
284,42,88
284,43,-55
284,44,-4
284,45,-52
284,46,19
284,47,45
284,48,-25
284,49,-27
284,50,51
284,51,-84
284,52,6
284,53,-5
284,54,83
284,55,-12
284,56,-49
284,57,-30
284,58,-81
284,59,56
284,60,-18
284,61,77
284,62,18
284,63,17
284,64,42
284,65,58
284,66,-88
284,67,-45
284,68,-82
284,69,-31
284,70,55
284,71,49
284,72,55
284,73,-21
284,74,13
284,75,-68
284,76,13
284,77,72
284,78,75
284,79,14
284,80,-38
284,81,-75
284,82,-14
284,83,-100
284,84,89
284,85,-8
284,86,99
284,87,5
284,88,30
284,89,-17
284,90,6
284,91,15
284,92,-96
284,93,72
284,94,-89
284,95,-53
284,96,-87
284,97,-48
284,98,-56
284,99,59
284,100,57
284,101,-89
284,102,-1
284,103,-18
284,104,-57
284,105,52
284,106,69
284,107,-80
284,108,88
284,109,-35
284,110,0
284,111,-80
284,112,-75
284,113,59
284,114,-84
284,115,-97
284,116,-62
284,117,-86
284,118,-68
284,119,88
284,120,41
284,121,-11
284,122,-54
284,123,29
284,124,-11
284,125,-35
284,126,75
284,127,91
284,128,93
284,129,75
284,130,-20
284,131,-83
284,132,78
284,133,31
284,134,-20
284,135,60
284,136,50
284,137,80
284,138,-88
284,139,-30
284,140,-43
284,141,90
284,142,-36
284,143,3
284,144,-59
284,145,-6
284,146,-1
284,147,-12
284,148,8
284,149,13
284,150,-61
284,151,-7
284,152,1
284,153,-80
284,154,-18
284,155,60
284,156,10
284,157,97
284,158,-59
284,159,-64
284,160,99
284,161,28
284,162,-24
284,163,53
284,164,12
284,165,-62
284,166,-54
284,167,-45
284,168,9
284,169,85
284,170,55
284,171,84
284,172,-30
284,173,9
284,174,99
284,175,72
284,176,-36
284,177,-97
284,178,88
284,179,-40
284,180,70
284,181,4
284,182,46
284,183,-15
284,184,-1
284,185,28
284,186,46
284,187,-50
284,188,-37
284,189,-38
284,190,-72
284,191,46
284,192,-58
284,193,-31
284,194,-62
284,195,-78
284,196,-100
284,197,-40
284,198,-76
284,199,31
284,200,8
284,201,7
284,202,-100
284,203,-61
284,204,-80
284,205,70
284,206,37
284,207,-35
284,208,-84
284,209,23
284,210,40
284,211,-10
284,212,12
284,213,25
284,214,-91
284,215,79
284,216,37
284,217,-54
284,218,-92
284,219,-55
284,220,16
284,221,2
284,222,23
284,223,-33
284,224,8
284,225,81
284,226,-33
284,227,31
284,228,4
284,229,28
284,230,-42
284,231,52
284,232,36
284,233,-76
284,234,-19
284,235,98
284,236,53
284,237,-45
284,238,-52
284,239,-36
284,240,88
284,241,-92
284,242,37
284,243,11
284,244,38
284,245,-5
284,246,-16
284,247,-65
284,248,83
284,249,59
284,250,-18
284,251,99
284,252,62
284,253,31
284,254,-39
284,255,-38
284,256,35
284,257,18
284,258,-25
284,259,-32
284,260,88
284,261,-7
284,262,-38
284,263,-40
284,264,-2
284,265,-64
284,266,-97
284,267,-45
284,268,-58
284,269,-80
284,270,-43
284,271,43
284,272,-48
284,273,-83
284,274,-44
284,275,-6
284,276,65
284,277,22
284,278,-69
284,279,11
284,280,-82
284,281,-17
284,282,-53
284,283,-27
284,284,53
284,285,9
284,286,-19
284,287,72
284,288,72
284,289,-86
284,290,45
284,291,-70
284,292,42
284,293,1
284,294,-86
284,295,-36
284,296,4
284,297,73
284,298,-26
284,299,1
285,0,43
285,1,82
285,2,-71
285,3,-60
285,4,-34
285,5,-84
285,6,-75
285,7,17
285,8,-28
285,9,0
285,10,91
285,11,-6
285,12,-43
285,13,-6
285,14,1
285,15,30
285,16,19
285,17,25
285,18,12
285,19,55
285,20,31
285,21,67
285,22,1
285,23,-44
285,24,92
285,25,74
285,26,61
285,27,72
285,28,-69
285,29,71
285,30,-4
285,31,38
285,32,-65
285,33,40
285,34,-44
285,35,52
285,36,97
285,37,64
285,38,-11
285,39,31
285,40,8
285,41,-75
285,42,-88
285,43,-29
285,44,78
285,45,-54
285,46,24
285,47,60
285,48,69
285,49,27
285,50,-70
285,51,67
285,52,15
285,53,43
285,54,-45
285,55,-27
285,56,-65
285,57,-5
285,58,-21
285,59,83
285,60,-53
285,61,-43
285,62,-86
285,63,99
285,64,42
285,65,48
285,66,-37
285,67,34
285,68,-49
285,69,-82
285,70,24
285,71,-15
285,72,73
285,73,-63
285,74,40
285,75,-57
285,76,49
285,77,98
285,78,-66
285,79,30
285,80,10
285,81,43
285,82,72
285,83,43
285,84,93
285,85,1
285,86,-20
285,87,65
285,88,-77
285,89,77
285,90,7
285,91,-44
285,92,22
285,93,-45
285,94,-15
285,95,-35
285,96,-23
285,97,-9
285,98,-24
285,99,1
285,100,-20
285,101,-28
285,102,-39
285,103,-87
285,104,93
285,105,87
285,106,-80
285,107,62
285,108,-71
285,109,66
285,110,-76
285,111,71
285,112,86
285,113,-2
285,114,33
285,115,30
285,116,63
285,117,11
285,118,10
285,119,28
285,120,61
285,121,-36
285,122,-75
285,123,-83
285,124,63
285,125,33
285,126,71
285,127,-61
285,128,-71
285,129,-23
285,130,-27
285,131,-70
285,132,85
285,133,82
285,134,63
285,135,-22
285,136,57
285,137,-53
285,138,-23
285,139,10
285,140,-14
285,141,-84
285,142,-74
285,143,7
285,144,90
285,145,25
285,146,41
285,147,53
285,148,70
285,149,28
285,150,-77
285,151,47
285,152,99
285,153,-93
285,154,-71
285,155,25
285,156,-83
285,157,-24
285,158,21
285,159,25
285,160,10
285,161,-18
285,162,40
285,163,75
285,164,87
285,165,53
285,166,23
285,167,36
285,168,-3
285,169,-48
285,170,-6
285,171,21
285,172,5
285,173,-30
285,174,36
285,175,3
285,176,53
285,177,14
285,178,60
285,179,60
285,180,20
285,181,79
285,182,67
285,183,31
285,184,55
285,185,-47
285,186,95
285,187,-3
285,188,-52
285,189,3
285,190,11
285,191,33
285,192,-68
285,193,32
285,194,45
285,195,30
285,196,-3
285,197,21
285,198,-99
285,199,-36
285,200,-66
285,201,78
285,202,-33
285,203,-66
285,204,-29
285,205,71
285,206,-72
285,207,63
285,208,-23
285,209,-59
285,210,12
285,211,-7
285,212,13
285,213,-94
285,214,40
285,215,-79
285,216,-44
285,217,72
285,218,81
285,219,-99
285,220,99
285,221,-44
285,222,17
285,223,-17
285,224,-26
285,225,-67
285,226,-57
285,227,-32
285,228,-48
285,229,89
285,230,-7
285,231,-68
285,232,-25
285,233,-32
285,234,28
285,235,62
285,236,-76
285,237,31
285,238,-28
285,239,17
285,240,12
285,241,14
285,242,24
285,243,94
285,244,-7
285,245,26
285,246,37
285,247,47
285,248,-61
285,249,94
285,250,-26
285,251,-86
285,252,15
285,253,55
285,254,7
285,255,-66
285,256,-94
285,257,81
285,258,69
285,259,-63
285,260,-37
285,261,-44
285,262,7
285,263,56
285,264,23
285,265,93
285,266,-18
285,267,33
285,268,-20
285,269,-99
285,270,66
285,271,33
285,272,-87
285,273,45
285,274,-31
285,275,-25
285,276,49
285,277,-23
285,278,-88
285,279,-28
285,280,13
285,281,5
285,282,-91
285,283,-74
285,284,-87
285,285,-92
285,286,36
285,287,84
285,288,4
285,289,-66
285,290,53
285,291,68
285,292,8
285,293,5
285,294,20
285,295,-34
285,296,-71
285,297,-72
285,298,-17
285,299,-33
286,0,-87
286,1,8
286,2,79
286,3,-62
286,4,-80
286,5,-30
286,6,-95
286,7,82
286,8,-61
286,9,97
286,10,52
286,11,31
286,12,61
286,13,-12
286,14,-79
286,15,-45
286,16,-55
286,17,19
286,18,83
286,19,54
286,20,-11
286,21,15
286,22,62
286,23,43
286,24,3
286,25,47
286,26,-86
286,27,9
286,28,99
286,29,-77
286,30,89
286,31,-21
286,32,-57
286,33,41
286,34,-28
286,35,9
286,36,78
286,37,49
286,38,59
286,39,-21
286,40,14
286,41,-76
286,42,76
286,43,-78
286,44,-64
286,45,-98
286,46,-41
286,47,-42
286,48,50
286,49,-68
286,50,81
286,51,-62
286,52,52
286,53,-38
286,54,-12
286,55,2
286,56,-16
286,57,86
286,58,58
286,59,-52
286,60,2
286,61,87
286,62,8
286,63,91
286,64,65
286,65,-30
286,66,-10
286,67,-24
286,68,-14
286,69,-93
286,70,-88
286,71,-75
286,72,37
286,73,-10
286,74,-45
286,75,31
286,76,5
286,77,-70
286,78,-84
286,79,35
286,80,79
286,81,-64
286,82,24
286,83,47
286,84,-54
286,85,-50
286,86,13
286,87,-43
286,88,-57
286,89,-3
286,90,-90
286,91,-89
286,92,37
286,93,-47
286,94,-67
286,95,57
286,96,42
286,97,35
286,98,-1
286,99,67
286,100,-79
286,101,-96
286,102,-81
286,103,17
286,104,-52
286,105,18
286,106,79
286,107,93
286,108,46
286,109,41
286,110,-94
286,111,84
286,112,-21
286,113,-91
286,114,6
286,115,49
286,116,32
286,117,-77
286,118,42
286,119,-13
286,120,53
286,121,-46
286,122,-3
286,123,45
286,124,70
286,125,33
286,126,72
286,127,-76
286,128,43
286,129,82
286,130,83
286,131,-72
286,132,-37
286,133,28
286,134,23
286,135,72
286,136,8
286,137,-75
286,138,-16
286,139,-51
286,140,54
286,141,-1
286,142,62
286,143,-21
286,144,-72
286,145,34
286,146,-39
286,147,-30
286,148,26
286,149,-67
286,150,75
286,151,32
286,152,16
286,153,-93
286,154,99
286,155,-58
286,156,79
286,157,-27
286,158,-100
286,159,-63
286,160,-94
286,161,-20
286,162,83
286,163,73
286,164,-77
286,165,-66
286,166,-59
286,167,94
286,168,-57
286,169,-97
286,170,7
286,171,18
286,172,-24
286,173,-77
286,174,-30
286,175,46
286,176,22
286,177,-10
286,178,77
286,179,45
286,180,-7
286,181,55
286,182,56
286,183,-28
286,184,2
286,185,2
286,186,-16
286,187,72
286,188,1
286,189,34
286,190,-56
286,191,-12
286,192,53
286,193,-31
286,194,-52
286,195,18
286,196,-17
286,197,45
286,198,-61
286,199,-83
286,200,-54
286,201,-100
286,202,60
286,203,-62
286,204,11
286,205,-78
286,206,-87
286,207,71
286,208,-64
286,209,-30
286,210,-25
286,211,64
286,212,55
286,213,22
286,214,-94
286,215,8
286,216,20
286,217,79
286,218,44
286,219,89
286,220,64
286,221,-87
286,222,78
286,223,-46
286,224,-44
286,225,-97
286,226,-52
286,227,-20
286,228,-66
286,229,9
286,230,80
286,231,59
286,232,1
286,233,20
286,234,-91
286,235,12
286,236,89
286,237,-99
286,238,-38
286,239,19
286,240,43
286,241,-85
286,242,30
286,243,-83
286,244,-59
286,245,59
286,246,23
286,247,-51
286,248,76
286,249,-98
286,250,-29
286,251,15
286,252,24
286,253,26
286,254,-96
286,255,84
286,256,-17
286,257,71
286,258,52
286,259,97
286,260,-78
286,261,37
286,262,37
286,263,60
286,264,-28
286,265,45
286,266,94
286,267,-4
286,268,-27
286,269,-74
286,270,62
286,271,-39
286,272,45
286,273,-94
286,274,98
286,275,-91
286,276,-74
286,277,-33
286,278,94
286,279,82
286,280,-53
286,281,6
286,282,-34
286,283,-12
286,284,53
286,285,67
286,286,-30
286,287,-55
286,288,-3
286,289,94
286,290,-9
286,291,-90
286,292,78
286,293,-69
286,294,-29
286,295,47
286,296,32
286,297,25
286,298,68
286,299,-88
287,0,21
287,1,-3
287,2,30
287,3,42
287,4,-4
287,5,-45
287,6,23
287,7,70
287,8,94
287,9,-55
287,10,16
287,11,75
287,12,4
287,13,-4
287,14,63
287,15,50
287,16,82
287,17,-46
287,18,-47
287,19,24
287,20,-36
287,21,-50
287,22,59
287,23,27
287,24,47
287,25,-10
287,26,63
287,27,-69
287,28,2
287,29,-44
287,30,-72
287,31,73
287,32,-14
287,33,21
287,34,62
287,35,-22
287,36,6
287,37,-49
287,38,42
287,39,-12
287,40,78
287,41,-70
287,42,-17
287,43,43
287,44,63
287,45,-62
287,46,38
287,47,47
287,48,-45
287,49,69
287,50,-54
287,51,-95
287,52,8
287,53,-66
287,54,35
287,55,-30
287,56,-64
287,57,77
287,58,22
287,59,43
287,60,-92
287,61,-26
287,62,-41
287,63,-50
287,64,-55
287,65,-30
287,66,39
287,67,-37
287,68,14
287,69,-80
287,70,-96
287,71,-95
287,72,-58
287,73,-75
287,74,-8
287,75,-47
287,76,27
287,77,30
287,78,38
287,79,-76
287,80,39
287,81,-36
287,82,-97
287,83,79
287,84,26
287,85,92
287,86,97
287,87,61
287,88,8
287,89,-85
287,90,41
287,91,1
287,92,12
287,93,-27
287,94,88
287,95,-48
287,96,17
287,97,85
287,98,-38
287,99,40
287,100,-56
287,101,82
287,102,60
287,103,-39
287,104,66
287,105,40
287,106,-20
287,107,-28
287,108,40
287,109,-85
287,110,81
287,111,57
287,112,66
287,113,-4
287,114,3
287,115,-37
287,116,-31
287,117,39
287,118,29
287,119,60
287,120,42
287,121,-20
287,122,79
287,123,62
287,124,-6
287,125,22
287,126,-63
287,127,-59
287,128,8
287,129,-20
287,130,-94
287,131,-45
287,132,32
287,133,67
287,134,-40
287,135,-36
287,136,93
287,137,95
287,138,92
287,139,-8
287,140,-16
287,141,69
287,142,62
287,143,93
287,144,-76
287,145,-95
287,146,-93
287,147,62
287,148,-48
287,149,-82
287,150,-92
287,151,60
287,152,-93
287,153,-63
287,154,59
287,155,-78
287,156,61
287,157,-14
287,158,73
287,159,59
287,160,28
287,161,-94
287,162,6
287,163,11
287,164,-77
287,165,29
287,166,45
287,167,-18
287,168,5
287,169,-1
287,170,-45
287,171,-9
287,172,-69
287,173,-24
287,174,-31
287,175,-8
287,176,-91
287,177,22
287,178,67
287,179,-27
287,180,-67
287,181,-17
287,182,10
287,183,-68
287,184,-13
287,185,-4
287,186,-44
287,187,49
287,188,75
287,189,-69
287,190,24
287,191,7
287,192,72
287,193,-99
287,194,82
287,195,-42
287,196,-68
287,197,-5
287,198,4
287,199,-87
287,200,95
287,201,93
287,202,-42
287,203,-86
287,204,58
287,205,-72
287,206,11
287,207,8
287,208,22
287,209,-54
287,210,84
287,211,-43
287,212,-8
287,213,-16
287,214,58
287,215,-48
287,216,-15
287,217,-37
287,218,-19
287,219,-99
287,220,-41
287,221,-17
287,222,75
287,223,-53
287,224,17
287,225,88
287,226,31
287,227,-75
287,228,-17
287,229,49
287,230,70
287,231,-81
287,232,-8
287,233,-53
287,234,20
287,235,-6
287,236,-40
287,237,50
287,238,-40
287,239,-21
287,240,90
287,241,-82
287,242,-88
287,243,29
287,244,78
287,245,-26
287,246,-100
287,247,68
287,248,37
287,249,-98
287,250,-93
287,251,-21
287,252,63
287,253,6
287,254,-61
287,255,66
287,256,74
287,257,18
287,258,87
287,259,-93
287,260,-27
287,261,64
287,262,90
287,263,-74
287,264,-6
287,265,30
287,266,66
287,267,-95
287,268,-91
287,269,56
287,270,-72
287,271,47
287,272,-22
287,273,-35
287,274,-89
287,275,-88
287,276,7
287,277,66
287,278,66
287,279,1
287,280,72
287,281,68
287,282,-10
287,283,70
287,284,-39
287,285,30
287,286,-92
287,287,71
287,288,24
287,289,61
287,290,-82
287,291,-11
287,292,-14
287,293,-83
287,294,73
287,295,3
287,296,68
287,297,25
287,298,-52
287,299,1
288,0,79
288,1,-27
288,2,70
288,3,37
288,4,-16
288,5,65
288,6,-63
288,7,74
288,8,34
288,9,-89
288,10,-49
288,11,4
288,12,60
288,13,-9
288,14,-77
288,15,75
288,16,-70
288,17,-19
288,18,-78
288,19,-30
288,20,-29
288,21,17
288,22,42
288,23,-63
288,24,55
288,25,-10
288,26,26
288,27,-80
288,28,-74
288,29,74
288,30,-45
288,31,24
288,32,5
288,33,41
288,34,-80
288,35,-87
288,36,6
288,37,-31
288,38,-73
288,39,12
288,40,64
288,41,1
288,42,-34
288,43,23
288,44,-68
288,45,-89
288,46,39
288,47,78
288,48,62
288,49,2
288,50,-89
288,51,-82
288,52,-6
288,53,-42
288,54,16
288,55,-88
288,56,-82
288,57,63
288,58,31
288,59,-88
288,60,-17
288,61,33
288,62,-57
288,63,-25
288,64,8
288,65,-20
288,66,35
288,67,60
288,68,20
288,69,-49
288,70,2
288,71,16
288,72,-11
288,73,-18
288,74,-88
288,75,19
288,76,37
288,77,61
288,78,-6
288,79,54
288,80,85
288,81,94
288,82,71
288,83,-32
288,84,-96
288,85,64
288,86,-30
288,87,3
288,88,-45
288,89,-50
288,90,-45
288,91,69
288,92,40
288,93,-67
288,94,-1
288,95,61
288,96,-48
288,97,-98
288,98,-27
288,99,6
288,100,-2
288,101,-64
288,102,79
288,103,33
288,104,48
288,105,-56
288,106,32
288,107,-98
288,108,-81
288,109,-40
288,110,62
288,111,59
288,112,46
288,113,42
288,114,-27
288,115,-44
288,116,53
288,117,-31
288,118,10
288,119,-11
288,120,29
288,121,-52
288,122,75
288,123,59
288,124,30
288,125,47
288,126,-7
288,127,64
288,128,8
288,129,47
288,130,-41
288,131,-3
288,132,86
288,133,-20
288,134,-59
288,135,50
288,136,68
288,137,-28
288,138,-74
288,139,-20
288,140,73
288,141,-84
288,142,12
288,143,29
288,144,-86
288,145,17
288,146,84
288,147,68
288,148,-28
288,149,-87
288,150,-93
288,151,-25
288,152,34
288,153,-34
288,154,53
288,155,-98
288,156,73
288,157,31
288,158,84
288,159,23
288,160,73
288,161,-87
288,162,30
288,163,40
288,164,35
288,165,83
288,166,29
288,167,1
288,168,15
288,169,-55
288,170,-70
288,171,-10
288,172,-66
288,173,-39
288,174,73
288,175,51
288,176,-36
288,177,-11
288,178,-57
288,179,-2
288,180,-50
288,181,7
288,182,-13
288,183,73
288,184,-68
288,185,91
288,186,53
288,187,0
288,188,66
288,189,-43
288,190,14
288,191,-75
288,192,16
288,193,-26
288,194,-8
288,195,94
288,196,-44
288,197,-31
288,198,-28
288,199,-93
288,200,-10
288,201,25
288,202,-67
288,203,-32
288,204,-91
288,205,-79
288,206,39
288,207,56
288,208,58
288,209,-95
288,210,9
288,211,-94
288,212,-4
288,213,9
288,214,-88
288,215,-38
288,216,-77
288,217,-7
288,218,-4
288,219,-17
288,220,-82
288,221,-18
288,222,-13
288,223,-32
288,224,49
288,225,-41
288,226,-79
288,227,-9
288,228,44
288,229,-6
288,230,74
288,231,34
288,232,44
288,233,89
288,234,90
288,235,34
288,236,-72
288,237,99
288,238,-97
288,239,3
288,240,17
288,241,-85
288,242,-21
288,243,-15
288,244,-26
288,245,86
288,246,-60
288,247,-41
288,248,96
288,249,-43
288,250,11
288,251,-61
288,252,-43
288,253,88
288,254,72
288,255,-24
288,256,-53
288,257,-11
288,258,-90
288,259,-45
288,260,-78
288,261,-68
288,262,79
288,263,15
288,264,-73
288,265,14
288,266,31
288,267,78
288,268,37
288,269,-49
288,270,99
288,271,-92
288,272,-83
288,273,93
288,274,-19
288,275,67
288,276,-35
288,277,-79
288,278,-21
288,279,0
288,280,-5
288,281,-27
288,282,4
288,283,61
288,284,75
288,285,-85
288,286,-52
288,287,-3
288,288,0
288,289,-38
288,290,67
288,291,-45
288,292,-3
288,293,7
288,294,-24
288,295,75
288,296,-64
288,297,39
288,298,-8
288,299,-3
289,0,-69
289,1,7
289,2,50
289,3,-27
289,4,-29
289,5,-80
289,6,39
289,7,76
289,8,2
289,9,74
289,10,-3
289,11,-39
289,12,-63
289,13,-3
289,14,9
289,15,53
289,16,-61
289,17,43
289,18,-82
289,19,77
289,20,83
289,21,-72
289,22,8
289,23,65
289,24,88
289,25,63
289,26,-16
289,27,-91
289,28,74
289,29,71
289,30,15
289,31,7
289,32,89
289,33,-94
289,34,96
289,35,-82
289,36,9
289,37,-68
289,38,51
289,39,-78
289,40,-15
289,41,-1
289,42,80
289,43,9
289,44,48
289,45,-19
289,46,1
289,47,-10
289,48,-64
289,49,-52
289,50,52
289,51,-62
289,52,-71
289,53,-58
289,54,81
289,55,-69
289,56,25
289,57,-6
289,58,76
289,59,-99
289,60,-54
289,61,-2
289,62,-78
289,63,33
289,64,-16
289,65,-60
289,66,-59
289,67,80
289,68,-29
289,69,66
289,70,37
289,71,11
289,72,-51
289,73,-26
289,74,35
289,75,-100
289,76,99
289,77,96
289,78,-100
289,79,94
289,80,-74
289,81,8
289,82,88
289,83,24
289,84,75
289,85,-78
289,86,71
289,87,67
289,88,38
289,89,8
289,90,38
289,91,-1
289,92,1
289,93,-70
289,94,87
289,95,-46
289,96,51
289,97,-39
289,98,46
289,99,-5
289,100,-61
289,101,1
289,102,-84
289,103,77
289,104,-2
289,105,-89
289,106,42
289,107,66
289,108,-88
289,109,-7
289,110,5
289,111,-82
289,112,-44
289,113,-9
289,114,-41
289,115,83
289,116,52
289,117,3
289,118,31
289,119,79
289,120,26
289,121,0
289,122,34
289,123,-33
289,124,-14
289,125,7
289,126,97
289,127,72
289,128,36
289,129,20
289,130,-92
289,131,30
289,132,-24
289,133,-38
289,134,18
289,135,-8
289,136,29
289,137,58
289,138,-63
289,139,-94
289,140,3
289,141,37
289,142,-24
289,143,86
289,144,-100
289,145,-64
289,146,52
289,147,-7
289,148,-35
289,149,-1
289,150,-25
289,151,-96
289,152,-45
289,153,-59
289,154,91
289,155,-52
289,156,-55
289,157,-30
289,158,-99
289,159,-34
289,160,31
289,161,-39
289,162,11
289,163,-21
289,164,-74
289,165,-15
289,166,-34
289,167,12
289,168,21
289,169,44
289,170,79
289,171,-30
289,172,-44
289,173,-71
289,174,99
289,175,98
289,176,92
289,177,43
289,178,13
289,179,21
289,180,3
289,181,2
289,182,54
289,183,-27
289,184,-3
289,185,74
289,186,-87
289,187,29
289,188,66
289,189,-46
289,190,-75
289,191,-57
289,192,-32
289,193,-63
289,194,-21
289,195,-89
289,196,4
289,197,7
289,198,-84
289,199,-76
289,200,91
289,201,-13
289,202,38
289,203,45
289,204,63
289,205,-98
289,206,-18
289,207,-31
289,208,-14
289,209,-30
289,210,10
289,211,7
289,212,-92
289,213,93
289,214,27
289,215,21
289,216,-54
289,217,77
289,218,-37
289,219,8
289,220,11
289,221,-54
289,222,-26
289,223,94
289,224,24
289,225,-59
289,226,-52
289,227,-71
289,228,-93
289,229,64
289,230,-16
289,231,-93
289,232,90
289,233,27
289,234,-90
289,235,20
289,236,85
289,237,20
289,238,61
289,239,66
289,240,43
289,241,-30
289,242,31
289,243,-5
289,244,0
289,245,73
289,246,-79
289,247,98
289,248,-88
289,249,-19
289,250,69
289,251,61
289,252,-88
289,253,56
289,254,25
289,255,74
289,256,96
289,257,-6
289,258,-90
289,259,-38
289,260,1
289,261,-50
289,262,87
289,263,-54
289,264,-97
289,265,-94
289,266,-14
289,267,-70
289,268,17
289,269,-15
289,270,-71
289,271,56
289,272,-58
289,273,-16
289,274,49
289,275,75
289,276,3
289,277,75
289,278,11
289,279,84
289,280,49
289,281,54
289,282,-38
289,283,-97
289,284,-11
289,285,21
289,286,-98
289,287,-20
289,288,67
289,289,-18
289,290,-19
289,291,55
289,292,16
289,293,42
289,294,-50
289,295,53
289,296,-66
289,297,25
289,298,-21
289,299,-86
290,0,32
290,1,73
290,2,-77
290,3,-99
290,4,86
290,5,63
290,6,-56
290,7,-6
290,8,-7
290,9,22
290,10,-64
290,11,17
290,12,84
290,13,-16
290,14,39
290,15,21
290,16,62
290,17,49
290,18,16
290,19,-29
290,20,54
290,21,-1
290,22,-94
290,23,-98
290,24,-97
290,25,-93
290,26,-56
290,27,47
290,28,32
290,29,73
290,30,-32
290,31,-66
290,32,92
290,33,42
290,34,-84
290,35,-25
290,36,73
290,37,88
290,38,70
290,39,21
290,40,-22
290,41,-10
290,42,13
290,43,-79
290,44,36
290,45,-54
290,46,-98
290,47,79
290,48,-70
290,49,-88
290,50,-99
290,51,10
290,52,-94
290,53,-72
290,54,31
290,55,31
290,56,-13
290,57,48
290,58,72
290,59,26
290,60,55
290,61,-93
290,62,-59
290,63,44
290,64,36
290,65,88
290,66,-17
290,67,-32
290,68,-2
290,69,-60
290,70,56
290,71,-47
290,72,59
290,73,92
290,74,20
290,75,-58
290,76,-32
290,77,14
290,78,-1
290,79,-85
290,80,48
290,81,60
290,82,53
290,83,30
290,84,-78
290,85,-12
290,86,81
290,87,-17
290,88,-54
290,89,17
290,90,63
290,91,-66
290,92,70
290,93,60
290,94,-96
290,95,-97
290,96,-43
290,97,79
290,98,99
290,99,6
290,100,77
290,101,54
290,102,37
290,103,22
290,104,-39
290,105,21
290,106,47
290,107,-69
290,108,-53
290,109,76
290,110,-75
290,111,21
290,112,62
290,113,-73
290,114,-36
290,115,18
290,116,53
290,117,85
290,118,-95
290,119,-51
290,120,-52
290,121,85
290,122,-55
290,123,-11
290,124,48
290,125,-5
290,126,-76
290,127,-5
290,128,24
290,129,4
290,130,-38
290,131,-18
290,132,-35
290,133,62
290,134,-21
290,135,-68
290,136,-51
290,137,51
290,138,-6
290,139,50
290,140,-20
290,141,-4
290,142,-64
290,143,-1
290,144,-38
290,145,83
290,146,-38
290,147,-82
290,148,48
290,149,-62
290,150,3
290,151,-18
290,152,99
290,153,53
290,154,4
290,155,78
290,156,-41
290,157,-19
290,158,-9
290,159,21
290,160,23
290,161,-4
290,162,33
290,163,34
290,164,87
290,165,88
290,166,32
290,167,-10
290,168,35
290,169,1
290,170,60
290,171,84
290,172,39
290,173,0
290,174,24
290,175,-64
290,176,42
290,177,-84
290,178,-64
290,179,78
290,180,56
290,181,-98
290,182,53
290,183,3
290,184,20
290,185,-56
290,186,33
290,187,-2
290,188,81
290,189,46
290,190,-88
290,191,-44
290,192,-28
290,193,-18
290,194,-16
290,195,84
290,196,73
290,197,-89
290,198,56
290,199,-4
290,200,-36
290,201,-52
290,202,26
290,203,31
290,204,-73
290,205,-51
290,206,-89
290,207,-18
290,208,-83
290,209,6
290,210,10
290,211,10
290,212,33
290,213,-33
290,214,-25
290,215,-78
290,216,55
290,217,-61
290,218,-3
290,219,-53
290,220,61
290,221,-9
290,222,89
290,223,85
290,224,61
290,225,-44
290,226,-72
290,227,-11
290,228,23
290,229,79
290,230,-3
290,231,-93
290,232,-8
290,233,6
290,234,3
290,235,43
290,236,-9
290,237,57
290,238,-14
290,239,-8
290,240,-17
290,241,-20
290,242,53
290,243,84
290,244,-62
290,245,-68
290,246,-23
290,247,-70
290,248,-80
290,249,77
290,250,27
290,251,33
290,252,87
290,253,-11
290,254,40
290,255,-43
290,256,71
290,257,-69
290,258,-42
290,259,2
290,260,-20
290,261,72
290,262,82
290,263,76
290,264,-40
290,265,-61
290,266,-19
290,267,61
290,268,12
290,269,-12
290,270,-89
290,271,42
290,272,6
290,273,-92
290,274,47
290,275,-12
290,276,10
290,277,-52
290,278,-87
290,279,32
290,280,25
290,281,-53
290,282,-44
290,283,-8
290,284,-41
290,285,99
290,286,-20
290,287,-58
290,288,-19
290,289,-10
290,290,-37
290,291,-99
290,292,-100
290,293,17
290,294,-37
290,295,-29
290,296,-16
290,297,-77
290,298,29
290,299,-42
291,0,1
291,1,61
291,2,-45
291,3,13
291,4,-96
291,5,8
291,6,23
291,7,82
291,8,18
291,9,-65
291,10,-29
291,11,-7
291,12,82
291,13,37
291,14,-16
291,15,73
291,16,-49
291,17,89
291,18,31
291,19,83
291,20,-90
291,21,4
291,22,77
291,23,88
291,24,50
291,25,25
291,26,12
291,27,-71
291,28,22
291,29,-13
291,30,-76
291,31,-71
291,32,66
291,33,-27
291,34,23
291,35,38
291,36,-28
291,37,63
291,38,11
291,39,79
291,40,-96
291,41,-25
291,42,41
291,43,47
291,44,-81
291,45,71
291,46,-1
291,47,-76
291,48,68
291,49,9
291,50,26
291,51,-32
291,52,-10
291,53,-99
291,54,39
291,55,-73
291,56,-57
291,57,40
291,58,-16
291,59,-58
291,60,-46
291,61,35
291,62,23
291,63,-37
291,64,16
291,65,-89
291,66,-60
291,67,-57
291,68,-90
291,69,-82
291,70,24
291,71,-41
291,72,99
291,73,54
291,74,98
291,75,20
291,76,54
291,77,-87
291,78,51
291,79,-37
291,80,51
291,81,29
291,82,79
291,83,-6
291,84,-89
291,85,92
291,86,87
291,87,-43
291,88,-7
291,89,-59
291,90,-100
291,91,49
291,92,5
291,93,-29
291,94,40
291,95,92
291,96,-63
291,97,91
291,98,-25
291,99,-49
291,100,10
291,101,-21
291,102,-17
291,103,7
291,104,59
291,105,54
291,106,-3
291,107,88
291,108,-15
291,109,-39
291,110,-98
291,111,-20
291,112,25
291,113,-10
291,114,2
291,115,9
291,116,-6
291,117,-70
291,118,91
291,119,69
291,120,-43
291,121,-58
291,122,59
291,123,57
291,124,-18
291,125,26
291,126,88
291,127,55
291,128,-56
291,129,37
291,130,43
291,131,58
291,132,-91
291,133,-27
291,134,-9
291,135,-89
291,136,55
291,137,-83
291,138,79
291,139,55
291,140,-73
291,141,91
291,142,-87
291,143,-93
291,144,-1
291,145,-98
291,146,36
291,147,-54
291,148,-38
291,149,67
291,150,-24
291,151,-15
291,152,20
291,153,51
291,154,98
291,155,-88
291,156,33
291,157,78
291,158,-41
291,159,-26
291,160,56
291,161,-85
291,162,91
291,163,-16
291,164,-46
291,165,56
291,166,-23
291,167,-46
291,168,87
291,169,68
291,170,-92
291,171,-95
291,172,1
291,173,56
291,174,45
291,175,-77
291,176,-50
291,177,-84
291,178,-80
291,179,-18
291,180,-39
291,181,-10
291,182,16
291,183,-26
291,184,16
291,185,-47
291,186,38
291,187,70
291,188,20
291,189,35
291,190,50
291,191,20
291,192,-48
291,193,-61
291,194,-92
291,195,51
291,196,-25
291,197,-25
291,198,29
291,199,-31
291,200,-97
291,201,-40
291,202,25
291,203,91
291,204,-65
291,205,-60
291,206,2
291,207,65
291,208,-19
291,209,42
291,210,-53
291,211,-4
291,212,57
291,213,90
291,214,-76
291,215,-97
291,216,-83
291,217,72
291,218,19
291,219,-4
291,220,-17
291,221,92
291,222,-28
291,223,-36
291,224,10
291,225,-74
291,226,-13
291,227,87
291,228,86
291,229,52
291,230,61
291,231,-51
291,232,82
291,233,37
291,234,8
291,235,85
291,236,-12
291,237,30
291,238,-15
291,239,3
291,240,9
291,241,19
291,242,-13
291,243,-45
291,244,54
291,245,-11
291,246,43
291,247,-63
291,248,4
291,249,80
291,250,95
291,251,-78
291,252,-18
291,253,83
291,254,-13
291,255,-48
291,256,99
291,257,94
291,258,46
291,259,-97
291,260,56
291,261,72
291,262,4
291,263,-80
291,264,-47
291,265,25
291,266,8
291,267,-49
291,268,45
291,269,44
291,270,-57
291,271,6
291,272,51
291,273,12
291,274,33
291,275,54
291,276,74
291,277,73
291,278,-10
291,279,-10
291,280,62
291,281,84
291,282,39
291,283,-72
291,284,-44
291,285,97
291,286,-46
291,287,64
291,288,-30
291,289,97
291,290,-48
291,291,-87
291,292,-80
291,293,3
291,294,-87
291,295,-48
291,296,14
291,297,-5
291,298,26
291,299,94
292,0,-16
292,1,-7
292,2,75
292,3,10
292,4,83
292,5,66
292,6,0
292,7,68
292,8,75
292,9,55
292,10,-99
292,11,-79
292,12,98
292,13,27
292,14,-5
292,15,22
292,16,88
292,17,-21
292,18,-65
292,19,93
292,20,-20
292,21,-52
292,22,-98
292,23,-78
292,24,86
292,25,0
292,26,55
292,27,8
292,28,4
292,29,-29
292,30,-68
292,31,25
292,32,-33
292,33,-30
292,34,-90
292,35,35
292,36,-81
292,37,-39
292,38,70
292,39,2
292,40,-9
292,41,-26
292,42,13
292,43,20
292,44,97
292,45,-94
292,46,37
292,47,67
292,48,-97
292,49,1
292,50,-82
292,51,9
292,52,65
292,53,-79
292,54,2
292,55,28
292,56,12
292,57,80
292,58,48
292,59,34
292,60,-94
292,61,-24
292,62,-78
292,63,87
292,64,-11
292,65,-83
292,66,16
292,67,-30
292,68,-35
292,69,-48
292,70,46
292,71,91
292,72,41
292,73,-76
292,74,-68
292,75,75
292,76,-62
292,77,21
292,78,11
292,79,7
292,80,32
292,81,12
292,82,48
292,83,-42
292,84,19
292,85,-24
292,86,-87
292,87,90
292,88,-47
292,89,72
292,90,77
292,91,68
292,92,-9
292,93,26
292,94,28
292,95,29
292,96,-29
292,97,40
292,98,46
292,99,-50
292,100,25
292,101,-99
292,102,-91
292,103,96
292,104,17
292,105,-71
292,106,-36
292,107,8
292,108,-57
292,109,-59
292,110,-98
292,111,10
292,112,57
292,113,64
292,114,-73
292,115,-50
292,116,14
292,117,24
292,118,-88
292,119,-61
292,120,53
292,121,3
292,122,57
292,123,51
292,124,-63
292,125,4
292,126,9
292,127,96
292,128,-85
292,129,9
292,130,-46
292,131,76
292,132,26
292,133,-21
292,134,-49
292,135,-52
292,136,91
292,137,-53
292,138,-27
292,139,-19
292,140,-63
292,141,-84
292,142,-60
292,143,-47
292,144,-61
292,145,-70
292,146,-11
292,147,53
292,148,-25
292,149,45
292,150,-66
292,151,22
292,152,19
292,153,-45
292,154,16
292,155,-71
292,156,72
292,157,-26
292,158,-49
292,159,95
292,160,-46
292,161,37
292,162,81
292,163,-67
292,164,90
292,165,58
292,166,91
292,167,77
292,168,55
292,169,6
292,170,-64
292,171,59
292,172,-66
292,173,84
292,174,88
292,175,-16
292,176,-69
292,177,-93
292,178,62
292,179,-78
292,180,-8
292,181,65
292,182,-82
292,183,81
292,184,-56
292,185,-65
292,186,76
292,187,87
292,188,-45
292,189,-37
292,190,-39
292,191,-42
292,192,-100
292,193,-4
292,194,-24
292,195,-96
292,196,46
292,197,-43
292,198,-44
292,199,69
292,200,-28
292,201,33
292,202,-16
292,203,-79
292,204,-48
292,205,-44
292,206,25
292,207,2
292,208,11
292,209,-50
292,210,-96
292,211,49
292,212,13
292,213,34
292,214,-37
292,215,84
292,216,-75
292,217,-76
292,218,-32
292,219,59
292,220,-93
292,221,-92
292,222,-47
292,223,-81
292,224,95
292,225,94
292,226,71
292,227,68
292,228,69
292,229,38
292,230,11
292,231,26
292,232,70
292,233,35
292,234,73
292,235,-67
292,236,-33
292,237,42
292,238,45
292,239,38
292,240,46
292,241,-28
292,242,-76
292,243,49
292,244,89
292,245,64
292,246,37
292,247,-20
292,248,-49
292,249,-24
292,250,-33
292,251,-73
292,252,57
292,253,73
292,254,67
292,255,48
292,256,42
292,257,30
292,258,-20
292,259,-4
292,260,96
292,261,-93
292,262,36
292,263,21
292,264,-11
292,265,29
292,266,64
292,267,39
292,268,-82
292,269,-74
292,270,51
292,271,93
292,272,-85
292,273,-99
292,274,48
292,275,-91
292,276,85
292,277,5
292,278,-84
292,279,-94
292,280,-55
292,281,77
292,282,-91
292,283,-85
292,284,-100
292,285,36
292,286,-88
292,287,88
292,288,75
292,289,43
292,290,68
292,291,-71
292,292,-29
292,293,82
292,294,-90
292,295,12
292,296,79
292,297,-26
292,298,-53
292,299,-94
293,0,81
293,1,-100
293,2,-14
293,3,-69
293,4,-39
293,5,42
293,6,-9
293,7,88
293,8,-23
293,9,-24
293,10,83
293,11,-67
293,12,47
293,13,17
293,14,-77
293,15,-73
293,16,-90
293,17,57
293,18,-63
293,19,28
293,20,20
293,21,96
293,22,60
293,23,8
293,24,-36
293,25,71
293,26,-37
293,27,-92
293,28,-69
293,29,-47
293,30,24
293,31,-75
293,32,-39
293,33,8
293,34,69
293,35,75
293,36,33
293,37,17
293,38,-71
293,39,50
293,40,2
293,41,-76
293,42,40
293,43,52
293,44,-84
293,45,7
293,46,-74
293,47,38
293,48,33
293,49,-22
293,50,-64
293,51,11
293,52,5
293,53,99
293,54,19
293,55,64
293,56,-42
293,57,-91
293,58,-100
293,59,-49
293,60,45
293,61,-14
293,62,-96
293,63,27
293,64,1
293,65,17
293,66,16
293,67,2
293,68,-8
293,69,-53
293,70,-68
293,71,84
293,72,2
293,73,-76
293,74,-57
293,75,-10
293,76,20
293,77,10
293,78,-35
293,79,27
293,80,95
293,81,52
293,82,72
293,83,-78
293,84,-1
293,85,68
293,86,-14
293,87,19
293,88,60
293,89,20
293,90,-73
293,91,-93
293,92,56
293,93,11
293,94,83
293,95,42
293,96,-86
293,97,-64
293,98,46
293,99,6
293,100,86
293,101,78
293,102,19
293,103,-16
293,104,62
293,105,17
293,106,-9
293,107,-65
293,108,80
293,109,-21
293,110,-89
293,111,-73
293,112,98
293,113,-68
293,114,-26
293,115,-22
293,116,82
293,117,-22
293,118,-51
293,119,-72
293,120,-43
293,121,-75
293,122,-78
293,123,-84
293,124,32
293,125,-42
293,126,43
293,127,2
293,128,-7
293,129,48
293,130,-96
293,131,85
293,132,-75
293,133,70
293,134,11
293,135,25
293,136,86
293,137,-15
293,138,85
293,139,8
293,140,-99
293,141,-57
293,142,5
293,143,53
293,144,8
293,145,-57
293,146,46
293,147,-52
293,148,-10
293,149,-20
293,150,84
293,151,33
293,152,50
293,153,-19
293,154,-58
293,155,-57
293,156,-35
293,157,-56
293,158,-82
293,159,-97
293,160,-4
293,161,-3
293,162,-5
293,163,84
293,164,36
293,165,0
293,166,-53
293,167,63
293,168,94
293,169,-83
293,170,-61
293,171,93
293,172,-36
293,173,51
293,174,80
293,175,13
293,176,69
293,177,-48
293,178,-39
293,179,89
293,180,95
293,181,25
293,182,13
293,183,62
293,184,84
293,185,-40
293,186,39
293,187,-52
293,188,49
293,189,-11
293,190,-33
293,191,-30
293,192,50
293,193,-6
293,194,34
293,195,25
293,196,-79
293,197,2
293,198,-61
293,199,46
293,200,-48
293,201,-71
293,202,53
293,203,22
293,204,68
293,205,19
293,206,49
293,207,-40
293,208,-28
293,209,-55
293,210,-43
293,211,-72
293,212,-48
293,213,45
293,214,58
293,215,-69
293,216,-92
293,217,-64
293,218,-93
293,219,51
293,220,-33
293,221,-49
293,222,-55
293,223,-84
293,224,-80
293,225,-53
293,226,-92
293,227,96
293,228,-96
293,229,-95
293,230,99
293,231,75
293,232,-55
293,233,-4
293,234,11
293,235,0
293,236,90
293,237,30
293,238,58
293,239,22
293,240,2
293,241,34
293,242,-85
293,243,-9
293,244,21
293,245,42
293,246,-94
293,247,-2
293,248,11
293,249,65
293,250,35
293,251,83
293,252,-3
293,253,28
293,254,46
293,255,-82
293,256,-14
293,257,-97
293,258,91
293,259,29
293,260,-78
293,261,83
293,262,6
293,263,-19
293,264,78
293,265,-20
293,266,58
293,267,-43
293,268,63
293,269,-89
293,270,20
293,271,62
293,272,-97
293,273,-73
293,274,-68
293,275,-27
293,276,58
293,277,-96
293,278,-91
293,279,52
293,280,68
293,281,-84
293,282,88
293,283,-41
293,284,-68
293,285,36
293,286,77
293,287,58
293,288,32
293,289,73
293,290,10
293,291,31
293,292,-70
293,293,-97
293,294,22
293,295,-83
293,296,-19
293,297,-67
293,298,-53
293,299,-38
294,0,-87
294,1,-11
294,2,-14
294,3,-68
294,4,-20
294,5,69
294,6,27
294,7,59
294,8,11
294,9,-2
294,10,14
294,11,70
294,12,84
294,13,42
294,14,-51
294,15,15
294,16,-30
294,17,-38
294,18,-31
294,19,36
294,20,40
294,21,3
294,22,45
294,23,62
294,24,-100
294,25,24
294,26,13
294,27,-65
294,28,94
294,29,-55
294,30,64
294,31,99
294,32,21
294,33,-19
294,34,56
294,35,-57
294,36,-8
294,37,-33
294,38,-25
294,39,-24
294,40,41
294,41,-23
294,42,78
294,43,-15
294,44,-92
294,45,13
294,46,-20
294,47,-13
294,48,-32
294,49,61
294,50,5
294,51,-36
294,52,-74
294,53,67
294,54,35
294,55,-95
294,56,-48
294,57,32
294,58,81
294,59,16
294,60,45
294,61,98
294,62,63
294,63,-4
294,64,27
294,65,-47
294,66,61
294,67,-69
294,68,-50
294,69,30
294,70,-36
294,71,-16
294,72,-88
294,73,-93
294,74,71
294,75,57
294,76,-93
294,77,-43
294,78,23
294,79,-10
294,80,2
294,81,-14
294,82,35
294,83,-40
294,84,80
294,85,98
294,86,-25
294,87,13
294,88,63
294,89,1
294,90,6
294,91,-7
294,92,-27
294,93,89
294,94,46
294,95,-83
294,96,71
294,97,12
294,98,47
294,99,-99
294,100,-71
294,101,78
294,102,71
294,103,-54
294,104,-58
294,105,-90
294,106,69
294,107,-82
294,108,30
294,109,-97
294,110,10
294,111,65
294,112,99
294,113,61
294,114,-50
294,115,58
294,116,3
294,117,-18
294,118,-64
294,119,71
294,120,-42
294,121,7
294,122,4
294,123,-83
294,124,-76
294,125,37
294,126,96
294,127,-76
294,128,-17
294,129,-50
294,130,80
294,131,-91
294,132,76
294,133,24
294,134,65
294,135,-9
294,136,25
294,137,12
294,138,13
294,139,-55
294,140,-31
294,141,-90
294,142,-18
294,143,43
294,144,59
294,145,29
294,146,-43
294,147,-16
294,148,65
294,149,-22
294,150,84
294,151,-24
294,152,-30
294,153,15
294,154,86
294,155,84
294,156,-34
294,157,-86
294,158,-17
294,159,85
294,160,-98
294,161,-43
294,162,-74
294,163,42
294,164,87
294,165,-98
294,166,55
294,167,74
294,168,-36
294,169,80
294,170,47
294,171,-90
294,172,-76
294,173,90
294,174,-97
294,175,-18
294,176,-47
294,177,-41
294,178,55
294,179,37
294,180,63
294,181,-21
294,182,60
294,183,-42
294,184,72
294,185,78
294,186,-55
294,187,40
294,188,-8
294,189,31
294,190,69
294,191,54
294,192,35
294,193,4
294,194,-55
294,195,35
294,196,-75
294,197,-100
294,198,11
294,199,88
294,200,-11
294,201,-62
294,202,36
294,203,-74
294,204,97
294,205,47
294,206,92
294,207,-85
294,208,95
294,209,-34
294,210,-79
294,211,-28
294,212,83
294,213,19
294,214,84
294,215,81
294,216,35
294,217,34
294,218,-25
294,219,-100
294,220,81
294,221,39
294,222,-87
294,223,46
294,224,-82
294,225,-24
294,226,7
294,227,-27
294,228,10
294,229,24
294,230,-8
294,231,55
294,232,42
294,233,-38
294,234,-78
294,235,70
294,236,-91
294,237,63
294,238,90
294,239,76
294,240,41
294,241,-5
294,242,-67
294,243,-6
294,244,-62
294,245,59
294,246,-21
294,247,49
294,248,-1
294,249,62
294,250,-78
294,251,-76
294,252,96
294,253,33
294,254,-11
294,255,87
294,256,-95
294,257,-82
294,258,-82
294,259,9
294,260,10
294,261,-6
294,262,-14
294,263,39
294,264,-88
294,265,-15
294,266,77
294,267,94
294,268,-25
294,269,58
294,270,-24
294,271,-78
294,272,-31
294,273,24
294,274,-43
294,275,94
294,276,98
294,277,37
294,278,-33
294,279,71
294,280,-31
294,281,-19
294,282,98
294,283,-93
294,284,13
294,285,-73
294,286,82
294,287,-34
294,288,66
294,289,60
294,290,13
294,291,-21
294,292,56
294,293,44
294,294,64
294,295,33
294,296,73
294,297,-87
294,298,64
294,299,13
295,0,6
295,1,-25
295,2,-18
295,3,-16
295,4,-72
295,5,-52
295,6,-99
295,7,97
295,8,-12
295,9,-31
295,10,92
295,11,-55
295,12,-38
295,13,18
295,14,-16
295,15,48
295,16,-74
295,17,90
295,18,-78
295,19,-1
295,20,-62
295,21,-43
295,22,-56
295,23,41
295,24,49
295,25,-84
295,26,56
295,27,-63
295,28,-11
295,29,-70
295,30,-3
295,31,-43
295,32,-10
295,33,-84
295,34,19
295,35,-78
295,36,47
295,37,-5
295,38,-97
295,39,-28
295,40,-26
295,41,-52
295,42,8
295,43,-75
295,44,-69
295,45,-73
295,46,-50
295,47,67
295,48,-64
295,49,78
295,50,-44
295,51,-21
295,52,-29
295,53,94
295,54,-98
295,55,90
295,56,39
295,57,10
295,58,-10
295,59,-50
295,60,38
295,61,33
295,62,39
295,63,-76
295,64,-75
295,65,85
295,66,-21
295,67,-65
295,68,63
295,69,-80
295,70,-52
295,71,-17
295,72,17
295,73,-41
295,74,5
295,75,89
295,76,22
295,77,-82
295,78,38
295,79,-23
295,80,-1
295,81,30
295,82,84
295,83,27
295,84,6
295,85,96
295,86,80
295,87,93
295,88,39
295,89,-39
295,90,-56
295,91,-44
295,92,29
295,93,0
295,94,82
295,95,-82
295,96,-40
295,97,51
295,98,-96
295,99,53
295,100,62
295,101,-82
295,102,-70
295,103,71
295,104,46
295,105,5
295,106,-20
295,107,39
295,108,62
295,109,-11
295,110,85
295,111,16
295,112,24
295,113,-29
295,114,3
295,115,-76
295,116,52
295,117,40
295,118,-59
295,119,42
295,120,-78
295,121,-73
295,122,11
295,123,-88
295,124,-5
295,125,-26
295,126,71
295,127,79
295,128,-66
295,129,-54
295,130,62
295,131,-51
295,132,-14
295,133,-61
295,134,-24
295,135,97
295,136,-59
295,137,42
295,138,-41
295,139,-43
295,140,96
295,141,-68
295,142,67
295,143,-99
295,144,60
295,145,52
295,146,-42
295,147,54
295,148,83
295,149,11
295,150,-76
295,151,32
295,152,-39
295,153,70
295,154,3
295,155,95
295,156,-23
295,157,4
295,158,-10
295,159,63
295,160,23
295,161,-3
295,162,37
295,163,14
295,164,49
295,165,-15
295,166,-73
295,167,-53
295,168,87
295,169,-17
295,170,-38
295,171,-99
295,172,-78
295,173,-50
295,174,11
295,175,-21
295,176,55
295,177,15
295,178,-100
295,179,42
295,180,-86
295,181,-58
295,182,32
295,183,99
295,184,2
295,185,24
295,186,-63
295,187,-38
295,188,70
295,189,-50
295,190,-23
295,191,-18
295,192,53
295,193,-4
295,194,73
295,195,39
295,196,-8
295,197,39
295,198,-72
295,199,4
295,200,-40
295,201,-60
295,202,47
295,203,-55
295,204,57
295,205,-62
295,206,-61
295,207,78
295,208,-99
295,209,92
295,210,55
295,211,-50
295,212,19
295,213,-93
295,214,-70
295,215,-62
295,216,87
295,217,-18
295,218,43
295,219,-78
295,220,38
295,221,20
295,222,81
295,223,-32
295,224,-89
295,225,-65
295,226,-44
295,227,53
295,228,-9
295,229,93
295,230,-11
295,231,-97
295,232,43
295,233,-79
295,234,91
295,235,6
295,236,-31
295,237,38
295,238,69
295,239,-16
295,240,-62
295,241,74
295,242,49
295,243,-71
295,244,57
295,245,60
295,246,3
295,247,57
295,248,64
295,249,-48
295,250,57
295,251,53
295,252,33
295,253,-47
295,254,83
295,255,31
295,256,-22
295,257,-65
295,258,-38
295,259,30
295,260,-44
295,261,-21
295,262,-85
295,263,67
295,264,80
295,265,19
295,266,33
295,267,48
295,268,-92
295,269,90
295,270,70
295,271,99
295,272,-73
295,273,-56
295,274,-43
295,275,-72
295,276,-6
295,277,20
295,278,81
295,279,-44
295,280,-68
295,281,97
295,282,91
295,283,7
295,284,31
295,285,-85
295,286,30
295,287,-12
295,288,90
295,289,-20
295,290,49
295,291,-19
295,292,-5
295,293,45
295,294,-44
295,295,52
295,296,-73
295,297,67
295,298,50
295,299,35
296,0,40
296,1,71
296,2,20
296,3,-54
296,4,-91
296,5,-60
296,6,94
296,7,-27
296,8,76
296,9,91
296,10,-86
296,11,88
296,12,-27
296,13,-49
296,14,73
296,15,-42
296,16,75
296,17,17
296,18,-62
296,19,25
296,20,-59
296,21,-50
296,22,-51
296,23,-9
296,24,4
296,25,-35
296,26,68
296,27,-43
296,28,26
296,29,-97
296,30,76
296,31,30
296,32,-69
296,33,74
296,34,-39
296,35,43
296,36,95
296,37,-83
296,38,33
296,39,5
296,40,-36
296,41,-21
296,42,-64
296,43,-28
296,44,90
296,45,-20
296,46,-1
296,47,-42
296,48,-6
296,49,61
296,50,-64
296,51,61
296,52,72
296,53,0
296,54,28
296,55,-48
296,56,-39
296,57,42
296,58,-50
296,59,-87
296,60,7
296,61,-3
296,62,-42
296,63,79
296,64,-100
296,65,44
296,66,-45
296,67,32
296,68,44
296,69,-83
296,70,-12
296,71,-46
296,72,-54
296,73,76
296,74,50
296,75,3
296,76,-80
296,77,56
296,78,87
296,79,73
296,80,-1
296,81,-91
296,82,-17
296,83,-48
296,84,26
296,85,34
296,86,-71
296,87,-8
296,88,-46
296,89,-36
296,90,-80
296,91,-94
296,92,-57
296,93,-33
296,94,2
296,95,42
296,96,-3
296,97,-99
296,98,0
296,99,30
296,100,75
296,101,95
296,102,-54
296,103,70
296,104,-1
296,105,-74
296,106,31
296,107,-65
296,108,-18
296,109,-3
296,110,-21
296,111,79
296,112,72
296,113,-50
296,114,-15
296,115,59
296,116,-99
296,117,-84
296,118,-78
296,119,71
296,120,-55
296,121,39
296,122,-47
296,123,-88
296,124,95
296,125,-30
296,126,93
296,127,-86
296,128,-39
296,129,51
296,130,-31
296,131,88
296,132,-30
296,133,99
296,134,30
296,135,56
296,136,-80
296,137,-47
296,138,33
296,139,20
296,140,-90
296,141,97
296,142,54
296,143,24
296,144,87
296,145,-29
296,146,8
296,147,-74
296,148,59
296,149,-8
296,150,-68
296,151,-96
296,152,-92
296,153,40
296,154,-7
296,155,17
296,156,-12
296,157,33
296,158,2
296,159,-27
296,160,63
296,161,24
296,162,77
296,163,88
296,164,-53
296,165,-18
296,166,-90
296,167,44
296,168,29
296,169,-94
296,170,4
296,171,-44
296,172,-70
296,173,20
296,174,86
296,175,73
296,176,-20
296,177,-22
296,178,34
296,179,-7
296,180,41
296,181,-6
296,182,-92
296,183,-92
296,184,12
296,185,21
296,186,29
296,187,7
296,188,-15
296,189,-85
296,190,-99
296,191,97
296,192,50
296,193,25
296,194,17
296,195,55
296,196,27
296,197,-58
296,198,-38
296,199,24
296,200,44
296,201,63
296,202,-82
296,203,32
296,204,-78
296,205,7
296,206,-82
296,207,27
296,208,28
296,209,54
296,210,-58
296,211,-76
296,212,81
296,213,-95
296,214,-20
296,215,-25
296,216,-76
296,217,18
296,218,21
296,219,73
296,220,2
296,221,-42
296,222,18
296,223,-46
296,224,51
296,225,-26
296,226,51
296,227,30
296,228,67
296,229,47
296,230,-14
296,231,96
296,232,23
296,233,-24
296,234,97
296,235,93
296,236,-8
296,237,96
296,238,-22
296,239,-93
296,240,-3
296,241,16
296,242,-46
296,243,-64
296,244,-11
296,245,99
296,246,-87
296,247,75
296,248,-12
296,249,-34
296,250,59
296,251,63
296,252,32
296,253,-22
296,254,21
296,255,-83
296,256,-90
296,257,-27
296,258,31
296,259,25
296,260,47
296,261,32
296,262,90
296,263,81
296,264,92
296,265,9
296,266,40
296,267,-28
296,268,-98
296,269,-99
296,270,39
296,271,-13
296,272,-45
296,273,-43
296,274,79
296,275,42
296,276,-100
296,277,99
296,278,12
296,279,-30
296,280,1
296,281,-56
296,282,43
296,283,22
296,284,-84
296,285,-71
296,286,-64
296,287,-83
296,288,-90
296,289,-41
296,290,86
296,291,97
296,292,53
296,293,-21
296,294,-63
296,295,36
296,296,-55
296,297,71
296,298,-59
296,299,96
297,0,-78
297,1,5
297,2,-67
297,3,49
297,4,96
297,5,92
297,6,53
297,7,-46
297,8,-86
297,9,93
297,10,80
297,11,-22
297,12,-90
297,13,-43
297,14,-59
297,15,-20
297,16,96
297,17,60
297,18,71
297,19,-12
297,20,34
297,21,16
297,22,-49
297,23,-88
297,24,-69
297,25,-62
297,26,-23
297,27,-38
297,28,-81
297,29,-85
297,30,57
297,31,4
297,32,46
297,33,0
297,34,-27
297,35,-29
297,36,-23
297,37,57
297,38,5
297,39,61
297,40,66
297,41,-52
297,42,0
297,43,19
297,44,32
297,45,4
297,46,-58
297,47,-54
297,48,86
297,49,96
297,50,44
297,51,-82
297,52,73
297,53,16
297,54,-45
297,55,53
297,56,93
297,57,41
297,58,79
297,59,-9
297,60,31
297,61,30
297,62,-22
297,63,49
297,64,11
297,65,-51
297,66,91
297,67,-91
297,68,83
297,69,-3
297,70,-85
297,71,-64
297,72,-1
297,73,82
297,74,-79
297,75,21
297,76,-69
297,77,71
297,78,-20
297,79,-28
297,80,79
297,81,-68
297,82,19
297,83,-4
297,84,29
297,85,-87
297,86,0
297,87,-40
297,88,-36
297,89,-15
297,90,-71
297,91,-74
297,92,-37
297,93,-68
297,94,-48
297,95,-21
297,96,37
297,97,54
297,98,64
297,99,29
297,100,-7
297,101,9
297,102,-58
297,103,46
297,104,14
297,105,-2
297,106,-90
297,107,-49
297,108,25
297,109,21
297,110,-69
297,111,-21
297,112,-72
297,113,-65
297,114,74
297,115,-13
297,116,70
297,117,11
297,118,-49
297,119,-48
297,120,-33
297,121,32
297,122,-18
297,123,75
297,124,14
297,125,51
297,126,23
297,127,25
297,128,11
297,129,-100
297,130,-2
297,131,-99
297,132,37
297,133,90
297,134,-42
297,135,-95
297,136,3
297,137,-18
297,138,75
297,139,63
297,140,-53
297,141,56
297,142,19
297,143,68
297,144,-13
297,145,27
297,146,-28
297,147,-69
297,148,3
297,149,-96
297,150,-16
297,151,-84
297,152,-77
297,153,27
297,154,-10
297,155,11
297,156,-19
297,157,-15
297,158,-95
297,159,-73
297,160,5
297,161,47
297,162,20
297,163,46
297,164,-93
297,165,-83
297,166,-64
297,167,88
297,168,72
297,169,-63
297,170,-99
297,171,82
297,172,42
297,173,-42
297,174,-26
297,175,32
297,176,5
297,177,47
297,178,-19
297,179,39
297,180,84
297,181,12
297,182,-20
297,183,-33
297,184,-82
297,185,-14
297,186,-74
297,187,15
297,188,80
297,189,69
297,190,15
297,191,-56
297,192,-23
297,193,-33
297,194,95
297,195,51
297,196,-14
297,197,-65
297,198,32
297,199,-74
297,200,64
297,201,-74
297,202,-6
297,203,-25
297,204,74
297,205,91
297,206,33
297,207,-25
297,208,83
297,209,27
297,210,41
297,211,-79
297,212,82
297,213,-26
297,214,3
297,215,-49
297,216,2
297,217,83
297,218,1
297,219,20
297,220,-24
297,221,-95
297,222,47
297,223,-47
297,224,-99
297,225,-29
297,226,57
297,227,-10
297,228,27
297,229,81
297,230,31
297,231,98
297,232,74
297,233,-13
297,234,-5
297,235,46
297,236,-59
297,237,-2
297,238,69
297,239,-50
297,240,-98
297,241,-64
297,242,-79
297,243,60
297,244,2
297,245,-3
297,246,76
297,247,-14
297,248,81
297,249,-39
297,250,-66
297,251,-72
297,252,-35
297,253,24
297,254,-51
297,255,-87
297,256,-53
297,257,-57
297,258,-29
297,259,28
297,260,55
297,261,-98
297,262,17
297,263,98
297,264,-3
297,265,-53
297,266,25
297,267,59
297,268,-92
297,269,84
297,270,-55
297,271,-43
297,272,83
297,273,-86
297,274,18
297,275,88
297,276,43
297,277,14
297,278,-55
297,279,-30
297,280,-66
297,281,-35
297,282,-44
297,283,11
297,284,-67
297,285,-70
297,286,-89
297,287,92
297,288,74
297,289,-36
297,290,28
297,291,-22
297,292,94
297,293,-87
297,294,81
297,295,37
297,296,-34
297,297,-17
297,298,27
297,299,-51
298,0,18
298,1,27
298,2,-1
298,3,-10
298,4,15
298,5,63
298,6,-90
298,7,30
298,8,66
298,9,-91
298,10,-50
298,11,-69
298,12,79
298,13,-29
298,14,-54
298,15,-88
298,16,21
298,17,-34
298,18,-48
298,19,-48
298,20,42
298,21,80
298,22,20
298,23,-59
298,24,-72
298,25,-54
298,26,-71
298,27,22
298,28,-87
298,29,-22
298,30,10
298,31,-42
298,32,9
298,33,5
298,34,-37
298,35,-57
298,36,-87
298,37,52
298,38,-10
298,39,-57
298,40,-40
298,41,-99
298,42,-22
298,43,-27
298,44,70
298,45,-92
298,46,88
298,47,94
298,48,51
298,49,92
298,50,65
298,51,97
298,52,32
298,53,-33
298,54,94
298,55,57
298,56,-39
298,57,34
298,58,78
298,59,59
298,60,6
298,61,-27
298,62,0
298,63,-75
298,64,-58
298,65,8
298,66,-39
298,67,58
298,68,-78
298,69,-37
298,70,-29
298,71,82
298,72,43
298,73,19
298,74,-92
298,75,-97
298,76,-62
298,77,-57
298,78,-60
298,79,-88
298,80,-25
298,81,39
298,82,-77
298,83,-53
298,84,-2
298,85,-69
298,86,65
298,87,93
298,88,81
298,89,-80
298,90,58
298,91,-37
298,92,79
298,93,62
298,94,43
298,95,67
298,96,-11
298,97,-63
298,98,84
298,99,-98
298,100,64
298,101,-1
298,102,-99
298,103,-98
298,104,3
298,105,74
298,106,5
298,107,10
298,108,-11
298,109,-74
298,110,90
298,111,-63
298,112,71
298,113,-93
298,114,-78
298,115,33
298,116,52
298,117,-42
298,118,84
298,119,-43
298,120,43
298,121,-75
298,122,-22
298,123,74
298,124,-5
298,125,67
298,126,46
298,127,16
298,128,71
298,129,-2
298,130,53
298,131,-49
298,132,64
298,133,-24
298,134,-54
298,135,99
298,136,-87
298,137,53
298,138,-54
298,139,-7
298,140,5
298,141,40
298,142,38
298,143,-99
298,144,57
298,145,14
298,146,-77
298,147,-19
298,148,-78
298,149,16
298,150,-31
298,151,9
298,152,-26
298,153,34
298,154,74
298,155,21
298,156,37
298,157,-16
298,158,18
298,159,57
298,160,75
298,161,-76
298,162,12
298,163,-77
298,164,-89
298,165,98
298,166,61
298,167,30
298,168,33
298,169,-42
298,170,54
298,171,-18
298,172,-29
298,173,-65
298,174,-40
298,175,-1
298,176,98
298,177,92
298,178,32
298,179,69
298,180,41
298,181,-36
298,182,-89
298,183,29
298,184,-87
298,185,-34
298,186,14
298,187,-2
298,188,-34
298,189,-87
298,190,61
298,191,-56
298,192,36
298,193,37
298,194,35
298,195,56
298,196,-40
298,197,81
298,198,66
298,199,-68
298,200,50
298,201,-29
298,202,26
298,203,67
298,204,1
298,205,-78
298,206,-42
298,207,77
298,208,-1
298,209,91
298,210,-45
298,211,70
298,212,26
298,213,-17
298,214,-43
298,215,27
298,216,39
298,217,63
298,218,33
298,219,-69
298,220,92
298,221,87
298,222,81
298,223,51
298,224,56
298,225,-93
298,226,-88
298,227,-38
298,228,-76
298,229,56
298,230,86
298,231,-40
298,232,-13
298,233,24
298,234,-75
298,235,-17
298,236,95
298,237,-79
298,238,34
298,239,84
298,240,-39
298,241,21
298,242,17
298,243,45
298,244,-91
298,245,-70
298,246,-75
298,247,82
298,248,8
298,249,-11
298,250,25
298,251,-76
298,252,19
298,253,79
298,254,-83
298,255,51
298,256,7
298,257,42
298,258,27
298,259,-93
298,260,-58
298,261,-77
298,262,16
298,263,1
298,264,-36
298,265,-75
298,266,-27
298,267,53
298,268,-35
298,269,67
298,270,-87
298,271,60
298,272,84
298,273,66
298,274,28
298,275,-7
298,276,-64
298,277,-83
298,278,57
298,279,54
298,280,87
298,281,76
298,282,12
298,283,-71
298,284,72
298,285,-1
298,286,-80
298,287,81
298,288,43
298,289,-83
298,290,61
298,291,48
298,292,58
298,293,-91
298,294,4
298,295,-97
298,296,-86
298,297,-48
298,298,86
298,299,-46
299,0,89
299,1,69
299,2,55
299,3,21
299,4,34
299,5,38
299,6,56
299,7,61
299,8,15
299,9,24
299,10,15
299,11,-7
299,12,-76
299,13,83
299,14,1
299,15,-61
299,16,19
299,17,-8
299,18,90
299,19,18
299,20,77
299,21,-90
299,22,87
299,23,91
299,24,31
299,25,58
299,26,-27
299,27,-47
299,28,-21
299,29,-45
299,30,16
299,31,-7
299,32,-2
299,33,-57
299,34,-96
299,35,94
299,36,-21
299,37,-33
299,38,36
299,39,-97
299,40,-16
299,41,16
299,42,-6
299,43,-85
299,44,10
299,45,-31
299,46,-86
299,47,6
299,48,79
299,49,58
299,50,-7
299,51,-21
299,52,-57
299,53,63
299,54,25
299,55,29
299,56,55
299,57,11
299,58,-61
299,59,-38
299,60,-38
299,61,-84
299,62,-63
299,63,27
299,64,63
299,65,59
299,66,81
299,67,86
299,68,-76
299,69,-24
299,70,41
299,71,71
299,72,23
299,73,-76
299,74,-66
299,75,-22
299,76,74
299,77,74
299,78,44
299,79,-12
299,80,-78
299,81,21
299,82,-84
299,83,-72
299,84,-99
299,85,-90
299,86,-85
299,87,78
299,88,-20
299,89,-80
299,90,-80
299,91,-95
299,92,-55
299,93,-78
299,94,-43
299,95,84
299,96,88
299,97,-62
299,98,72
299,99,56
299,100,-70
299,101,-99
299,102,-15
299,103,64
299,104,-57
299,105,97
299,106,26
299,107,-38
299,108,21
299,109,-26
299,110,-48
299,111,-25
299,112,30
299,113,-7
299,114,-82
299,115,-56
299,116,88
299,117,-46
299,118,98
299,119,-72
299,120,-53
299,121,-29
299,122,-38
299,123,48
299,124,-44
299,125,-88
299,126,54
299,127,95
299,128,-13
299,129,91
299,130,4
299,131,-92
299,132,-27
299,133,-26
299,134,-4
299,135,34
299,136,38
299,137,8
299,138,-73
299,139,1
299,140,-7
299,141,18
299,142,-29
299,143,-74
299,144,49
299,145,69
299,146,59
299,147,41
299,148,53
299,149,82
299,150,-30
299,151,82
299,152,72
299,153,-71
299,154,-35
299,155,-2
299,156,53
299,157,-12
299,158,28
299,159,51
299,160,-46
299,161,1
299,162,-36
299,163,-76
299,164,-3
299,165,-59
299,166,-57
299,167,-32
299,168,4
299,169,39
299,170,-93
299,171,5
299,172,-38
299,173,47
299,174,67
299,175,-28
299,176,23
299,177,-96
299,178,28
299,179,-90
299,180,31
299,181,65
299,182,-84
299,183,-33
299,184,59
299,185,-96
299,186,49
299,187,-19
299,188,-34
299,189,-90
299,190,52
299,191,-59
299,192,-66
299,193,-22
299,194,-42
299,195,16
299,196,-53
299,197,-98
299,198,-77
299,199,18
299,200,96
299,201,0
299,202,-68
299,203,-31
299,204,74
299,205,-48
299,206,72
299,207,98
299,208,-44
299,209,97
299,210,-61
299,211,-98
299,212,-52
299,213,-87
299,214,24
299,215,47
299,216,93
299,217,-76
299,218,-97
299,219,68
299,220,-38
299,221,75
299,222,-46
299,223,-99
299,224,-78
299,225,7
299,226,75
299,227,18
299,228,-86
299,229,-50
299,230,51
299,231,-81
299,232,-45
299,233,-63
299,234,-76
299,235,-15
299,236,79
299,237,78
299,238,74
299,239,-33
299,240,-21
299,241,-37
299,242,70
299,243,-30
299,244,-13
299,245,-44
299,246,66
299,247,18
299,248,-72
299,249,53
299,250,41
299,251,-37
299,252,-54
299,253,-81
299,254,-94
299,255,-7
299,256,94
299,257,27
299,258,13
299,259,-48
299,260,92
299,261,57
299,262,-35
299,263,42
299,264,26
299,265,-31
299,266,97
299,267,-9
299,268,19
299,269,84
299,270,52
299,271,-78
299,272,39
299,273,75
299,274,11
299,275,37
299,276,44
299,277,79
299,278,18
299,279,29
299,280,87
299,281,84
299,282,-20
299,283,74
299,284,-30
299,285,40
299,286,-27
299,287,-79
299,288,25
299,289,55
299,290,82
299,291,77
299,292,5
299,293,23
299,294,-23
299,295,46
299,296,17
299,297,-100
299,298,95
299,299,83
