861,3388,-31
3773,4714,0
3093,2432,8
467,1017,49
4427,642,60
3445,4063,77
3172,316,98
2920,2304,11
131,441,73
1686,1139,-49
770,915,18
2392,2304,-27
2434,4143,-35
1185,3422,48
4556,2079,51
3386,4151,75
4118,2201,20
4844,4552,-88
2905,36,-37
475,818,-96
1083,1947,45
2559,3957,15
2048,4352,-64
2748,2226,-47
976,3326,-69
1807,508,-73
190,3746,-15
2735,4117,-56
3006,3878,-73
4659,4815,-36
1900,460,-31
1268,1406,-59
1529,4096,60
3203,2037,-85
3557,2678,40
3891,1745,48
647,2984,-42
2889,2359,-54
2436,1232,66
601,1178,9
2364,762,25
2062,4779,-58
242,2355,54
2042,4715,8
2825,3727,64
2613,1544,13
1364,3678,-98
1479,1934,-25
2557,3169,-94
776,3562,85
4015,4103,-81
35,3858,-22
3153,4018,-36
1956,4445,14
1586,2965,41
3944,1031,-3
3074,2548,-52
1022,2523,-27
3462,4620,-64
2614,1876,33
3844,590,-95
1501,2281,-73
4799,3102,1
162,2415,20
4298,3898,40
1982,3679,-88
996,1844,22
4912,4152,-91
3343,1939,-21
4552,2195,66
3799,4460,-2
1276,253,50
1017,1467,-64
338,736,20
879,340,-93
1077,3588,87
4888,1377,-15
3994,4720,-96
4860,705,21
380,3725,-74
493,4419,23
2063,2909,46
3885,1975,70
65,1469,-58
2569,2143,-66
2028,553,-46
2696,3492,-40
1496,790,-54
392,1174,1
4515,553,-24
4475,3423,-45
3562,4212,-19
2279,632,45
3100,270,92
201,861,-48
4876,291,-12
3105,1458,-16
4599,630,38
2455,475,11
3646,4633,28
805,4081,-5
2732,4781,-93
2774,1761,46
1571,3083,82
2691,4709,-85
3841,3975,-35
1029,3399,-89
503,2324,-8
4494,3562,-27
871,2393,89
4489,3845,-15
207,2416,-3
1485,3805,85
864,4827,-80
2791,1625,-64
564,1509,-96
4192,4111,97
1758,4854,59
1679,4,-34
3243,3448,-91
4637,2581,96
1060,3792,-13
1723,1161,-17
3315,834,-39
3158,1999,-64
2626,1203,74
2730,2176,-52
1598,1382,-77
3061,4174,-19
2694,2789,53
4892,2822,5
3628,4178,-46
1364,342,-94
1982,1362,68
1664,4192,29
1530,4617,57
2039,996,22
3303,357,-81
2238,186,-45
1307,1694,-77
4030,2591,7
2676,1343,39
1283,1692,-10
710,1083,-86
4745,2058,-28
4414,2905,75
3749,3196,-40
4780,4452,98
664,3418,-73
1999,2381,9
3446,17,-98
3744,324,-85
1496,2071,63
3305,931,31
3764,4555,-92
1854,4653,9
4660,1445,-89
1292,4037,-27
3582,403,-57
3458,3403,7
1637,4553,93
3697,1507,46
3000,1522,-88
3153,3099,82
699,2445,-36
2161,2188,-9
4098,2569,3
4738,2794,97
855,92,15
3475,4948,30
1708,4941,8
2778,4763,52
1734,1754,20
4932,4893,7
3511,88,79
203,1642,-85
3256,2963,-58
4219,2143,-45
4497,551,95
767,2447,35
4390,1952,2
2328,2291,71
2932,3838,65
198,624,50
1931,3758,-95
3583,4797,-58
609,3293,-57
3273,3833,17
1148,2612,-21
4283,162,-78
3398,1993,43
2512,2083,-92
1795,3014,36
660,37,85
2812,846,92
1370,2877,-42
1987,3347,50
147,4055,-32
3220,4201,46
2912,336,-66
1735,3098,-4
1844,2344,82
489,1561,9
2977,4982,-61
1960,4165,41
2386,4247,-17
2920,662,15
4737,4853,-88
1803,3740,-48
4062,3184,-21
3370,1486,-6
263,2410,-62
624,4299,-17
1017,2535,20
3644,4,-36
4977,3098,83
2050,2849,-61
3724,27,73
4549,965,34
3109,3097,-56
4091,72,-79
2057,2948,34
3171,2316,21
1683,3898,-49
2256,4491,-1
1155,4965,-33
4500,2412,97
3192,117,-34
1697,2212,-98
3992,2925,-43
4724,2838,19
4683,577,94
1649,772,-1
1446,200,81
4200,1756,-92
3924,180,81
254,2406,78
3184,3324,-85
2558,4749,-89
99,4774,1
2201,2302,47
2962,2989,80
4974,1603,-70
4434,1120,-80
3778,2215,30
2870,1912,-80
3235,2902,-9
3792,1086,-73
957,174,32
4068,3533,-30
161,4720,96
4494,1239,-28
1301,3311,74
4912,4835,47
3988,3814,65
1528,3817,15
1219,4771,64
4497,1974,-43
4736,3783,44
3105,2245,-59
2736,1658,-4
4556,413,59
955,3411,-39
4566,4093,-5
3447,1383,11
1046,1124,19
1694,4330,-14
3437,4013,48
563,2244,60
2486,2590,94
3355,1779,33
226,1130,12
4894,645,-9
960,3523,-35
4549,1558,-69
3068,4502,-37
816,2774,53
4755,2786,89
4643,1707,-96
3121,2602,38
17,3644,27
1244,375,-27
2206,1613,76
2525,455,-9
1070,4298,89
3445,1476,-41
2566,854,-99
1061,724,-12
2328,1392,86
3421,2388,6
302,262,14
4277,543,-25
607,551,52
3171,3798,95
700,638,69
1140,165,-25
191,2806,98
2301,621,82
981,1224,65
2976,3343,70
1185,51,97
3328,489,80
3395,665,27
128,1247,-80
2066,2711,47
1817,4362,-82
570,4169,60
1896,3953,-38
2734,2592,95
3864,881,87
4722,435,-82
4015,1985,12
2902,4453,55
1687,4114,-79
3010,3871,-50
155,2623,-13
2538,1793,22
1410,2799,-38
4058,3513,-39
785,1494,56
3176,2680,-27
4342,1626,-69
2807,2420,52
538,3018,43
1842,1848,-86
2456,3247,86
525,1539,-53
2951,1317,-83
4132,1720,-78
4781,1951,-46
4116,224,-59
2369,2027,30
3848,1548,98
4496,3779,2
2702,3724,-49
972,1524,-90
1167,2704,-46
4930,1973,-13
2775,4529,13
1983,4605,-76
854,4604,-9
4147,617,-14
3737,4516,-20
3770,4170,68
575,2622,64
3262,4242,82
1149,2094,-92
1716,1765,-2
4778,3177,-65
4934,1133,-44
3855,4217,-38
2492,3571,-19
2661,1067,-81
3125,2147,-54
3052,706,-81
5,2359,-95
4870,3535,-28
877,3813,6
992,2471,-8
4143,4068,-72
4365,3461,-1
4466,3769,10
636,1935,20
1694,2320,-52
1683,2873,7
4753,210,33
120,4835,-62
831,2808,-69
3676,4255,76
1370,3963,-58
741,4837,7
117,1954,-73
2839,2391,-56
1151,3526,-36
1932,4795,-51
1013,3215,-47
1665,2445,-50
1082,2584,-58
4730,141,-37
513,4336,-71
2850,292,69
560,2865,65
3673,4178,-14
4584,2608,-35
4993,3937,-32
3344,2918,-86
4071,2219,88
4800,1798,9
1471,977,33
581,580,-77
2295,2574,20
3148,2590,-16
4250,3284,41
1680,1800,39
3507,1462,82
2745,4418,-33
3357,4069,21
4046,2948,-57
1244,714,-16
3119,2424,78
2142,1891,65
3060,3568,-60
4549,1679,21
2960,2148,-57
2266,918,-26
2480,2267,-9
4647,2525,-85
1636,1807,77
1758,4052,65
4453,560,-15
2071,629,32
2850,3067,36
3252,1912,-24
3731,3763,-62
2490,3552,-14
1632,1809,54
2817,2387,59
1016,1896,-37
1349,3931,60
4612,1007,5
3088,49,-11
2840,1851,45
336,1930,-34
4593,2133,-96
896,1526,-42
3547,329,-25
852,2658,-97
1688,4530,-85
1932,588,-26
3747,3206,-1
2428,1599,20
1569,3852,75
4001,2473,-35
2739,2818,35
3499,4608,71
3914,1409,-80
1067,1012,-75
4381,4660,62
2445,4399,42
4108,4045,67
3374,1330,-71
3970,2605,-35
2547,2024,-21
754,4508,-88
2083,3186,-100
2775,4604,70
2897,4152,55
4186,2594,28
776,3342,67
1626,196,61
3070,1791,40
418,1107,-40
115,2790,16
617,2185,-35
3975,539,22
3268,4785,-97
826,719,40
1517,3996,-65
3147,306,-5
413,388,88
729,725,85
3349,2597,-16
2809,2436,42
676,2341,-11
3466,179,-16
2505,1904,-89
2968,1705,-25
2787,3384,-32
1123,4176,88
4080,4543,-59
1572,4862,59
2144,4666,29
1688,96,-93
4133,1284,-47
3852,248,35
3441,982,-13
3767,4364,40
2327,1566,-72
2915,2142,-88
4969,736,-43
3953,3388,-38
596,2660,-14
729,449,74
1366,1836,-14
4493,4716,-27
699,614,-63
396,1434,-32
4172,877,-32
4361,2576,67
2503,1134,28
1820,4871,29
718,672,12
2783,1631,-72
4947,3319,21
3578,361,-94
144,2393,84
4981,3902,-46
3141,798,63
4492,1784,-94
2939,67,-9
3637,3035,-91
3223,2091,-21
1168,2277,-27
2617,3516,66
1063,234,-43
2157,1223,-11
2983,2545,-3
3295,1056,-61
4730,4555,41
1157,3348,28
733,1170,44
4331,4102,-52
4847,494,-15
954,3180,43
2540,3844,34
3325,1364,42
3302,3399,14
1543,1057,-80
1192,143,-35
2994,3316,86
2682,4832,75
1218,2774,-12
1541,1885,77
3237,2265,37
2387,1925,-49
3720,4046,95
1389,2482,57
1857,1891,-67
1366,3126,-7
500,942,-15
1681,1616,-36
511,1969,-41
4313,3223,35
1325,4151,-26
1156,1472,92
1828,1059,-32
3142,1007,84
3487,3191,-56
1811,1221,-52
2924,4662,-39
2215,4867,66
4187,1798,48
714,4974,20
3603,2872,-48
4135,514,72
3523,1618,-4
4269,4518,20
4749,4613,55
4850,3758,-48
1244,2033,-92
3710,3211,-26
1082,705,3
456,1674,-8
4925,3700,23
895,2092,21
1385,4954,98
1959,2849,-40
3073,4315,54
1997,4664,23
4286,1778,49
505,4354,-6
1215,893,-71
1532,972,-9
3441,103,-17
824,1108,-86
929,3247,42
134,3713,-48
2106,3418,-78
3628,4152,-31
4781,3660,8
1853,4927,43
4911,920,-14
4176,4553,92
2934,4228,72
3285,4589,-94
4299,2158,72
2812,582,-62
1251,796,3
3513,3198,-51
1257,1884,76
3377,3368,-53
3487,810,-52
3585,2934,67
1397,3269,66
3638,4869,84
3331,2985,-19
2704,573,-38
471,1207,83
1354,4905,29
2784,4975,11
2832,3081,53
358,2461,-5
3020,1742,50
668,4006,20
4469,4926,-83
1146,2614,-13
4186,1716,-33
3720,1570,-41
2746,677,29
540,1834,-7
2780,2514,-52
4965,801,65
4137,1142,58
4836,3053,67
3776,2032,-21
2509,1509,26
2780,1111,-48
925,4330,-37
2957,913,-68
1582,1056,-43
3325,4190,-51
4486,1751,-37
256,3172,30
4805,4154,24
1839,3013,-40
1945,3429,23
10,3563,37
2872,357,-35
798,4392,78
4973,4621,-71
1016,1618,-76
1825,1624,70
4470,1666,19
3137,3200,-13
2194,4497,91
224,1596,86
4949,1990,89
4159,2787,-91
3926,529,91
4785,2605,-7
4001,3196,25
1634,2408,87
2153,64,-2
511,3961,-13
385,2813,-81
405,2822,16
4614,4028,2
4572,102,76
2001,3349,-2
2757,3299,22
1669,3095,-27
1461,2892,54
3637,3136,-50
2725,1181,84
4810,2887,-22
4179,2729,64
2049,2693,-98
4147,399,56
4781,405,95
717,2874,74
4545,3269,-21
4977,2695,-32
4584,2083,-80
1824,2468,-59
2082,4473,17
3420,4316,-80
1575,1922,29
250,3960,96
674,1541,34
4534,2390,-66
2166,4849,-71
771,2464,71
3963,3369,73
4364,2986,-46
1985,680,-100
1078,748,24
236,2854,81
389,1322,10
3038,3749,28
4859,4151,-38
1849,4790,82
4720,534,-15
2815,1819,-24
3375,4201,21
3279,2342,54
1253,2423,-86
3982,4546,26
4674,1469,36
2123,4908,-32
4531,4486,-42
2151,1236,50
4860,2715,7
1330,1709,12
1359,1146,6
2483,1476,38
4543,3924,-77
2018,2922,-29
1332,1856,10
4345,3225,81
4262,3965,5
1359,3380,58
4638,4939,49
4855,1605,-87
3178,3280,-96
2129,552,26
2181,2005,-84
4893,1837,-19
138,1125,-30
3473,1383,-11
2833,1771,71
3580,3864,-22
3032,3401,-8
4165,35,76
2594,2205,-36
4301,5000,31
3819,3345,-92
4139,3015,-65
3824,4492,78
4043,4303,21
1907,1781,59
761,1629,-13
3446,1330,20
900,1560,45
4456,805,42
2948,2510,-81
1720,4348,-43
281,1291,-61
3267,4305,-35
1888,2587,-12
3267,4931,40
667,2551,-88
4189,956,-39
672,4610,55
1970,580,-55
4157,1938,42
3123,1998,-8
4700,1666,71
4778,2131,-78
3901,3741,0
524,2501,-34
2394,1643,13
3118,4713,-35
2594,1498,-51
1969,4603,40
1754,3205,-99
2297,622,-67
2262,3145,-61
2287,1952,-32
4203,1460,88
2879,293,52
4144,655,-24
3645,2985,90
4433,3844,-73
2056,2805,12
4721,2715,-45
1277,1622,11
2767,4015,53
303,3254,54
639,2847,-75
56,4881,-86
4822,4863,-51
526,3506,33
4570,519,-33
4124,2686,31
2126,28,57
3288,266,-24
365,1307,-92
4622,4054,69
4979,3455,-87
1647,811,-61
919,4677,30
2798,3391,68
1532,611,-68
3346,4289,-22
1907,2275,-41
3087,4547,-37
4581,203,-39
2076,402,-22
714,2028,34
1063,3851,-25
1977,890,-51
1297,179,-62
126,1980,98
4633,2511,74
3597,2883,4
3284,3985,-31
1604,2045,-75
67,2984,-43
233,351,-28
2157,4283,78
1170,3419,-49
2159,3831,43
4207,1968,-53
1494,4405,-74
4719,2225,60
4008,4523,50
2473,2788,72
2661,4627,-1
2740,4344,-79
1762,4312,-59
3515,4809,8
1976,438,-68
2363,2359,8
877,3855,37
3813,383,-54
3449,4217,-5
1313,407,24
1461,4341,-22
2710,66,-62
2325,2990,21
1734,228,-55
1606,4978,-29
2564,2185,-50
3422,2242,-76
3518,4802,-19
2398,4754,42
3736,1513,-43
2871,930,86
1161,4037,-75
4855,2604,-60
243,1181,-57
2591,1040,-16
1064,1102,-79
4325,2100,9
2596,514,-64
920,4840,17
6,3133,0
468,1833,41
4171,4639,-97
4,2458,-77
646,2203,93
118,2681,90
2929,2099,-36
2552,3167,-35
4290,1928,-88
847,4451,-74
2763,3117,15
1142,2888,-20
1811,4344,20
724,4629,8
225,3531,44
4628,790,-32
4209,1301,-44
4655,1948,-29
2049,2243,7
4750,1095,-28
4416,1359,-83
1574,3657,-85
1829,308,78
1918,1451,-5
4235,2124,-61
2027,4883,-62
3745,2843,-45
902,1665,16
4786,3949,-47
2040,1395,71
10,4073,-55
261,3635,59
1674,215,75
2220,3073,88
2061,4055,93
3714,4473,65
1620,2460,-58
321,3707,-97
1343,3272,-96
2377,1207,12
2833,410,-43
2825,3470,-64
1995,216,53
2959,4848,-92
2039,349,-86
3491,3652,-13
3678,2879,-2
1119,3666,4
1605,4750,53
4028,3070,90
236,3995,97
1970,3113,4
4430,3,-74
1909,1118,81
376,1083,-18
3531,4503,58
2636,1518,-69
1571,4847,29
2561,1896,-83
3392,3580,-73
2966,2634,-30
3644,4984,16
3851,2380,-1
873,1013,-13
1253,4265,-9
1315,2824,52
4821,849,-62
2899,1705,76
78,4094,31
2622,206,-49
4228,1893,21
601,521,-33
1066,3577,-44
2137,2352,-88
2450,2135,92
2344,4839,-38
1864,2476,-30
1319,4546,52
4712,786,-78
3598,4098,-71
3763,2791,12
4671,2158,88
2191,679,34
993,3529,-47
2713,3560,8
2193,371,44
1249,2938,-4
3055,722,-41
4599,4401,-35
4034,924,65
1998,836,40
4917,2494,-49
3688,2980,79
2152,2326,-69
4019,3925,-92
3111,2425,-84
1971,4522,25
198,3127,-19
2627,2377,-61
1203,454,3
2036,3460,81
478,4860,27
1255,3502,81
923,3548,55
420,1149,99
2205,523,77
2598,4578,-83
1121,122,40
3069,3619,60
951,4677,42
2337,3723,65
2244,3084,-95
2646,2173,-56
1858,2707,86
4613,4814,-3
1866,3308,18
2913,3643,-23
2854,2818,-53
4911,4502,10
3229,1485,68
3720,277,-18
3229,1249,3
2372,1125,-27
2892,2902,-46
3757,1658,-40
4226,1754,-99
95,4603,15
2675,3659,-99
1956,3403,-25
794,4333,-91
1835,752,-25
2117,165,66
4107,1693,-99
3326,1957,20
2920,3861,-36
2598,2776,93
3206,3290,-20
4808,1769,79
815,2424,-16
346,4527,-57
2350,3697,-67
363,783,-28
2444,3779,5
2266,955,72
2189,1993,59
3006,1660,-96
3282,141,9
985,720,90
1640,1651,-32
828,3574,-47
2731,3475,-63
3532,1016,36
4452,4384,-40
2936,343,-6
3877,3184,-80
127,2702,-65
3178,976,-100
3057,2584,49
604,3121,42
3450,1824,-55
4147,4427,-36
3534,4461,-95
3368,11,67
3369,4605,62
3798,2628,-20
1793,1469,88
2862,1114,50
3477,622,47
3418,901,-73
1646,3748,64
1206,4065,34
3031,1472,-52
2873,3104,-77
3073,327,-21
1855,74,-88
4022,251,-9
4663,2498,34
2709,2403,-86
3503,4629,-14
1333,296,50
202,298,23
3508,302,-32
4213,4608,-10
575,585,-41
537,3625,-91
1626,1635,-50
2123,53,-37
386,2277,5
3282,2688,98
475,2845,-45
418,4887,59
3601,4591,50
955,4949,81
4972,2719,-10
4859,3936,-16
1206,663,6
4760,8,97
4121,3684,88
1991,3088,-22
4806,4762,8
3573,669,1
4381,3165,47
4159,1286,80
4758,3621,42
2714,161,-72
2204,2399,-31
3121,3246,-21
967,18,-36
4945,2534,89
3433,4447,97
689,2576,-85
4244,4968,-47
3702,2318,-4
342,2919,-94
1725,1054,-41
4423,316,-91
1793,4833,-48
1760,2212,-93
3213,320,25
990,4528,-16
2263,2716,-11
2483,634,-64
952,1706,31
723,4821,-17
3390,673,3
2080,2280,-78
2718,3548,36
2333,471,65
3377,3232,-56
4525,2608,72
1501,3333,45
286,2621,-55
3496,4698,-99
2066,1383,75
769,4376,-84
3058,1186,17
4290,1911,-85
2162,916,9
3294,1618,72
947,1684,-53
4927,2426,51
3336,426,-6
4151,1788,92
4896,2585,-9
4874,4649,60
1482,169,5
1902,515,2
3452,3436,31
4065,4526,-100
55,2617,-68
1824,2378,89
3463,691,30
3080,3205,0
833,2505,-56
4409,353,-80
2807,1118,91
2491,1406,-28
328,3940,-44
3311,4175,67
3301,678,-39
3676,551,70
3055,820,20
2144,214,73
1312,1667,99
3192,4765,-77
2539,894,51
3984,4255,37
4548,4077,-2
165,3906,-33
4278,2787,-44
823,2249,71
944,22,-26
4426,3314,6
775,1262,-53
2199,1173,-24
3157,4881,54
4243,2055,-71
3696,1893,-55
3453,2816,39
915,4675,19
1309,4585,-41
4178,1788,46
514,1991,3
1921,4318,-33
3595,2461,81
4842,2632,61
1410,2269,17
4803,2177,23
4567,877,16
3191,3493,-94
4492,4259,-19
1556,955,69
805,4120,95
1280,4289,-48
3578,878,35
2902,4486,49
1388,2545,-75
4689,2177,90
2762,2601,73
2680,3108,16
2107,3529,-20
4224,2409,71
4832,4861,89
2769,1974,63
3954,3949,-60
3187,1239,10
3281,2335,-19
2574,768,54
4617,2417,-31
2600,4995,-3
4034,3546,68
237,2310,-96
1305,4884,84
3431,4207,56
1302,4237,21
2542,745,-89
2052,2583,52
442,4175,61
2077,1518,-26
3181,2557,-77
2658,4162,14
3799,3984,12
805,1395,90
75,287,-38
2176,3248,37
3925,4219,32
2090,2603,-12
41,4,80
2082,412,-73
4684,4346,92
1623,3728,-56
342,1918,93
4053,1357,76
2075,158,10
646,1601,67
4827,2885,93
4264,3490,23
610,2383,-10
455,153,35
2954,1630,-74
1709,2797,44
3473,2882,95
2970,3803,71
3029,2806,-70
4798,4081,-96
2682,3471,-41
3630,1056,-12
4226,2580,46
3068,4149,0
1387,2766,-59
3777,1329,-78
2867,4045,20
4789,2393,8
3364,3154,-24
4890,1,-84
4125,167,13
149,3255,-43
3851,1886,76
2059,4369,30
1137,900,-5
187,2249,-56
2855,3264,-66
1251,3413,-99
1334,3578,-54
4194,2188,-98
4151,1220,56
2712,3133,27
4854,360,-81
4502,2040,61
1786,3938,-61
751,3155,8
1763,334,-36
3921,731,-11
4461,1498,-38
482,1418,-45
154,3764,59
1525,1744,-35
2121,4117,-5
2344,1974,68
1241,879,56
61,4273,15
939,2885,-14
1640,3008,-50
4121,2596,-89
4227,2298,-57
3570,661,37
1253,3145,-18
4204,3163,-11
172,4222,-92
1459,3986,56
3550,1270,56
4198,4707,-9
2323,1295,88
1637,1010,24
3116,2092,-37
4091,1758,30
3005,1965,14
330,4644,22
3641,1192,31
3895,1054,82
4108,2842,41
1342,2405,1
3664,3563,-24
216,3705,55
339,1823,-38
4063,1272,66
2709,1720,7
3153,253,91
1751,2769,87
2422,1560,47
710,737,-73
3727,4996,23
3643,1929,41
3994,2191,-24
489,1003,-26
47,2986,1
3360,1923,85
4874,3753,-62
4807,4138,85
401,3703,42
3991,3193,-28
3158,3835,30
4346,4439,-96
391,4428,-9
3854,3528,69
4431,341,42
629,2389,-98
4233,3488,62
2931,1701,34
1522,1234,-7
827,2571,51
4823,2299,58
1501,138,-23
3295,2799,-21
2420,2931,14
935,3921,-97
3043,4183,30
4498,1834,27
1467,2140,-92
3562,208,-33
615,2234,17
1183,1851,-13
3224,1688,87
2668,2204,38
131,2209,63
2984,851,24
4279,2204,-29
4460,3691,29
39,3356,-51
3960,2610,-98
3588,224,-34
921,3775,-16
2770,1412,14
4112,4393,-39
493,323,-87
1132,1512,21
3522,2087,-78
311,4601,22
739,2288,-24
3242,687,-85
546,2018,45
2462,1469,-88
4347,3924,24
4855,4836,-45
1805,997,72
3213,2535,-61
3811,2813,2
814,623,58
4125,3825,3
2033,2784,-69
4573,4394,28
4414,1076,-66
245,304,-65
4844,664,-9
4793,2947,-35
272,3995,-72
3512,1993,70
1772,3496,56
1263,2695,-58
2425,4305,-82
4362,3199,20
921,519,91
3431,4434,-3
4436,1870,-70
4485,3811,0
2625,913,-82
3761,3935,-72
2051,4903,-28
3501,3189,34
1166,1316,85
376,3229,-25
2034,572,87
146,3256,78
4389,2472,-19
432,98,-51
705,4034,48
2633,1640,36
4495,4843,61
964,4028,-67
2235,261,-54
2042,936,-77
1829,1798,-21
2109,332,-73
4069,4211,73
939,268,-50
4806,2060,10
807,73,-95
1464,2922,90
3416,2454,17
11,3889,-48
1869,178,91
4868,2000,79
885,772,-41
3565,946,68
1390,4496,-90
3402,270,-97
4322,1856,-87
825,1656,40
2266,3753,42
937,2534,12
2801,4155,-93
2554,2690,-13
3846,4983,-90
1797,4362,11
54,2123,-2
727,3162,-78
2737,505,8
3171,2405,-94
1914,2202,-32
1597,3290,59
1915,4582,71
2467,1154,30
2738,4162,-7
850,2428,21
2110,1337,-57
3,407,96
4256,3479,-50
4070,4045,-40
4877,277,-50
893,3481,60
2031,2362,-81
3161,2597,-71
2377,1969,20
4676,461,-57
1934,2447,-15
1381,3740,56
3682,1583,48
1291,3518,80
1641,4803,11
2683,4199,38
988,2376,-91
1219,2740,-66
1356,972,53
4266,1326,22
4617,153,13
4136,3609,71
1561,3961,31
1419,3107,-27
955,3087,84
984,730,-62
975,3968,68
4134,4170,-7
3973,4952,-34
914,4003,-12
4550,2333,1
37,1574,5
3388,3269,-65
1712,4376,-97
3021,4883,-27
796,686,-88
4037,3889,-31
4689,1580,-94
3112,969,55
1325,3738,86
318,2034,21
2397,768,-64
2163,646,42
2746,4122,-71
1592,1080,3
3112,637,-27
3931,4326,-89
1997,2101,-20
1313,101,11
1286,3918,-71
4312,4900,28
2384,869,-65
3240,4098,22
2140,22,-13
1705,2626,-80
363,1904,5
2605,2577,-69
1717,4110,-38
4452,4615,40
4287,3294,64
3739,1936,-57
2470,616,48
4796,2451,45
557,3585,-55
826,287,74
2809,3319,53
4522,1924,-96
2720,4922,32
3509,2774,-70
3742,2091,55
1575,2802,-24
3999,993,-26
2130,1585,26
2404,1904,92
3330,876,-88
589,4830,21
2013,1886,45
1548,144,51
295,2257,56
1986,1123,55
3118,700,1
1691,4210,72
1137,271,16
2065,63,-17
4456,1008,-90
4796,2844,-50
4544,2273,-42
4771,1983,-17
1008,2429,4
2515,3725,-88
3527,4414,-54
4682,2756,-13
1248,3735,70
3903,1293,51
1436,4510,75
572,4321,-38
2383,1178,44
1246,4717,-32
2085,2621,-47
278,2537,41
1888,1969,-86
4580,1196,37
1266,2832,49
4827,508,-6
1041,405,-88
918,1295,-20
886,3626,-36
2753,2820,41
22,4760,-57
4570,3638,66
3192,1874,62
2354,1407,16
4800,3584,92
687,1578,-74
285,4377,72
4812,3428,-44
3748,637,-79
763,808,-67
2429,2396,36
2508,4525,-51
29,1416,-47
907,2450,85
3105,4761,-1
4000,4846,-39
2995,3497,65
2507,3589,-17
4666,4030,-74
3610,4733,24
3554,515,-37
1454,3295,30
4834,2909,26
3357,2499,-90
516,1367,-77
39,341,-72
3343,3973,96
887,1561,-93
2845,2469,-82
2205,2429,-33
1099,3689,-2
1824,2696,96
3202,2028,23
3156,3753,-53
3094,316,67
3531,3990,1
3779,1102,94
2897,531,43
3454,2403,-37
3512,1860,-93
989,4758,8
4117,1220,32
4965,4223,22
4027,4445,99
4180,1767,52
1683,1068,-48
4666,728,-52
3964,244,-29
934,1786,48
3599,712,-50
3234,2894,73
1981,3151,-92
1856,4182,-37
3057,1509,-78
793,271,87
792,1798,86
1810,2561,35
2256,3561,91
3611,4004,-47
1608,2178,-9
985,838,-86
3677,2818,-49
3381,3715,78
520,3079,-97
591,2900,61
1051,1777,0
3634,1651,51
4445,2949,48
960,2521,29
693,2386,-94
3900,4415,83
4474,2769,-26
2947,4239,-25
527,2705,95
3225,1173,-66
2254,2519,53
3345,363,45
3966,650,-37
1876,2257,21
1764,3137,-45
521,4645,-46
1017,1136,39
117,4359,-64
2434,3148,-49
584,4862,46
395,876,-86
3789,3743,26
2769,3852,-15
4168,1153,-17
3861,1923,6
274,629,79
2014,3020,-24
4434,1725,53
1390,4749,-56
3567,1129,-5
4703,4562,-80
166,764,-20
1568,1020,-48
729,3974,56
2044,3928,75
4198,2842,12
3497,2948,46
779,675,81
214,1009,-23
3763,1227,26
1577,1636,18
2449,4377,2
2937,324,-14
3118,2839,4
592,3811,-99
2721,1686,14
714,3713,-69
936,542,1
4338,2945,-39
2,1328,-4
2849,639,21
4045,4532,34
1950,2261,-3
918,1430,95
3175,2866,-17
2242,962,49
90,2963,56
1710,2469,6
2170,3229,0
4239,129,30
3042,4400,-79
106,3967,-17
887,917,-12
428,1251,5
1896,2199,80
317,4689,-8
635,4074,84
1926,3788,37
2057,940,2
3145,2279,0
2271,1002,-61
1440,3773,13
553,2213,47
716,1611,24
3912,1628,-14
1714,3138,-90
3390,3992,35
1108,1104,-8
4207,2188,-65
251,4226,52
2431,3033,66
2055,2814,-3
459,2494,10
208,3904,-5
900,29,-39
3462,4060,4
3386,1261,48
22,3671,46
410,4895,52
895,3511,-14
515,2337,32
4905,3324,26
4970,100,-18
4110,3657,-89
2135,4518,2
3596,694,52
2957,4802,-96
1561,18,-25
1267,3710,54
2170,2771,-97
3639,1031,15
750,4476,-18
3428,4210,72
4781,1620,74
1928,851,5
3805,1897,55
3703,976,-66
2357,2517,43
4791,4189,39
2336,1516,-21
307,1126,-26
3666,493,-58
1990,3037,-73
662,2527,-20
4645,167,-82
312,4236,95
2921,4190,-27
1083,576,22
2972,606,-46
755,3344,-18
4131,1819,63
4541,1156,-39
353,4680,6
903,816,66
3889,2641,15
159,1536,-60
1978,2734,87
957,963,-15
2072,3035,-35
404,2048,86
4612,4542,-4
2780,3861,67
1388,1515,-82
3454,3352,-46
956,1068,11
1713,882,-55
4704,3640,-97
1274,1550,89
3812,2738,-76
2626,4558,-38
2383,101,97
1442,3533,10
2980,2817,-88
1798,408,14
4391,2516,-15
4010,1740,-97
4851,4053,-99
1395,259,-34
4282,509,9
1270,3822,-71
4733,4405,31
3715,3684,-53
530,4721,-58
3624,3727,-8
2959,679,72
2915,1284,40
4890,4838,-54
3592,907,-73
2148,268,-64
4574,3104,-73
3370,4907,54
940,1201,57
526,1117,33
2,899,19
375,2791,-92
2341,2645,33
4006,1059,56
3053,688,-31
4649,788,-15
2366,4495,-35
1526,2645,-6
4477,2165,80
1647,4458,-31
14,204,-96
4600,3218,-81
2279,2492,39
3156,4823,1
130,2039,1
3815,3369,35
4934,3559,19
3217,4058,85
2939,4863,-52
3929,1227,-37
2041,4491,77
28,4344,-4
2114,3512,-62
1253,914,-61
4357,1420,-70
2047,2704,-98
4556,356,-29
4024,3473,-71
4397,241,-6
3375,1911,-72
3467,2277,97
3082,621,-45
3779,855,93
630,3744,-14
270,2315,7
2640,3201,-38
1994,3625,-71
2892,1061,-48
4958,382,-55
3433,1133,2
1281,2477,36
2361,3136,-94
576,2839,-38
1308,2080,74
3193,945,-57
3179,3963,76
2735,4202,-22
2213,2530,89
2353,4302,-42
3569,3319,-26
1656,835,-17
1580,3751,-88
2204,4185,57
1391,3388,3
1743,4992,2
1926,4239,-17
620,207,8
1275,3535,-58
957,2053,78
1940,4307,1
3954,29,-93
2382,1214,-64
969,188,5
1317,1861,-4
1044,2573,-11
282,4015,7
2845,4253,19
1059,2128,91
4294,1892,-62
2533,2708,35
3829,1742,-39
1009,2674,-62
1230,1814,41
1036,4328,-49
4586,160,-44
276,344,48
2741,205,-78
2290,3043,31
1240,2886,70
126,305,38
4066,2718,-17
4313,3942,-82
3869,400,-36
1209,3521,-6
3250,986,29
919,1806,4
3924,2097,76
4404,4302,96
1970,1460,61
2794,1346,-97
892,231,-62
4471,3783,-52
2034,3501,30
1365,883,53
129,2774,-60
1015,2332,-36
1800,433,21
4613,1209,43
1519,2681,85
4182,2264,-66
1199,3003,43
3874,2413,-68
2475,1818,58
3486,618,49
4050,4493,-40
3720,2506,7
303,318,91
3953,457,97
4684,501,62
987,4419,-62
1864,2316,30
4441,3875,-5
4910,4974,40
3073,4775,-87
3125,1004,68
1328,4251,35
2409,4197,10
3674,1067,-82
3292,4717,8
4034,1629,41
704,3235,77
575,2282,-2
3233,4499,-40
4784,2399,63
2633,3239,-34
3829,4355,-24
3231,3670,-9
489,4716,-56
1348,1466,-10
3682,1962,-29
3174,876,34
4590,4070,12
1668,3902,-79
1638,543,1
4115,3517,36
3554,3866,-41
1001,4549,-59
851,4500,-42
1389,1019,67
3713,1429,-72
1368,4979,82
822,575,91
455,1459,0
1625,1500,13
2773,1492,11
3727,3173,-59
3148,2471,-72
4090,3428,-80
4807,2516,-4
2191,3552,90
917,4207,22
3987,2201,-38
2876,2965,-63
1441,3314,93
4401,2928,39
736,682,-68
3569,4865,-100
3339,279,95
3016,4459,-73
2890,1649,89
962,4697,-23
2990,1159,16
3849,2342,-42
1027,1519,-52
3866,1839,-56
2864,871,22
2502,3278,33
1948,1342,14
1178,2307,-81
4761,1172,-16
12,4073,43
4400,1129,39
3365,3628,-49
3023,4000,47
3372,3888,85
2831,1285,72
43,571,-4
944,2865,13
2391,3985,-99
2546,3142,-67
2412,1978,-75
4987,447,60
1005,4879,69
21,1281,-7
407,637,-36
1015,2974,9
4432,4627,-93
1839,119,-36
3189,4162,9
715,2293,37
4147,2105,-69
3855,1068,-50
4420,424,84
4885,3820,67
141,4491,-35
4566,1281,-70
4883,1820,90
964,3433,-33
373,763,83
3636,1630,-89
2542,443,-70
3611,3015,-78
1693,2582,60
106,1498,-93
1682,4253,89
4098,89,23
4017,2250,-21
2637,980,-86
2138,462,68
3417,3553,3
4446,2757,79
3531,3629,53
1287,2502,-23
3180,380,-89
3655,4497,-74
2360,4647,10
445,2984,95
36,3061,57
1476,2951,-97
3958,4541,-47
1799,3731,-6
1846,4425,61
1409,1932,95
1709,3422,-17
2939,1991,83
1301,4866,45
1244,3857,74
3977,1483,99
3098,2546,87
4617,4221,5
10,4300,86
2426,2816,29
1661,643,20
2632,4686,-28
4816,3919,-85
1073,1587,85
3226,2410,39
4955,3850,32
1317,55,66
4146,842,42
3684,4588,-29
3274,985,-13
146,2621,46
3041,2907,0
1463,1995,-19
4677,1933,-16
1585,2273,-52
483,103,22
3180,970,-62
1250,1072,-23
4769,737,42
631,1366,22
662,3631,-46
3504,228,12
2853,3571,94
2467,445,83
988,1620,-56
1547,4694,84
650,2205,-34
969,2704,-95
2638,3051,-31
1101,3503,58
441,3627,-79
770,1182,-16
1344,3257,65
4359,798,1
3730,835,-43
3907,3000,97
1578,2033,56
4009,4453,83
3352,2765,9
4796,2410,38
2350,3685,75
3603,3276,-15
1242,8,-41
1126,2520,78
2602,2220,66
1191,3875,33
4132,3729,-71
4840,3330,6
4449,3372,28
73,614,-15
1915,689,-92
2473,898,72
3047,110,35
708,4806,-67
1805,3013,35
3714,2919,39
2565,1161,-58
2476,3982,4
3611,3611,-45
4256,4745,-70
2824,2004,69
1736,1528,60
1586,1914,-82
67,4342,12
3062,3182,82
2429,4894,-97
4154,3347,-89
342,2864,-17
2775,4611,3
2818,506,55
2662,4251,-43
1233,2007,-53
3875,4207,19
2402,2856,23
1495,3965,-100
4212,1675,4
662,1191,-57
3884,2393,-38
3620,1922,-6
1869,4390,-63
2335,2693,-92
3375,4434,-95
1017,1828,-31
4407,2500,-49
208,717,-34
2666,631,-5
2494,4861,-2
633,85,43
2103,3769,29
2960,737,-65
3084,2708,4
4753,227,98
1932,3358,-66
3720,1308,19
2563,4205,-71
1680,4231,72
237,4387,73
4444,3959,-8
4726,1653,92
1541,1868,28
3944,27,4
364,4650,84
2369,933,98
286,3459,94
149,467,-1
4038,2701,2
4552,1499,-70
1767,618,-76
4896,3778,-54
1013,4554,83
2832,2688,-100
2508,1505,1
1524,3968,17
2786,180,64
2557,2586,12
3726,2070,94
4577,4859,39
1602,922,-81
2409,3093,-71
341,4841,91
2818,1511,-22
2497,3600,27
4931,3277,-16
1726,2720,-37
1690,4733,-83
3268,1024,-69
4407,152,46
262,13,-7
1443,715,-68
406,3151,89
2191,3626,49
4438,249,8
244,1145,56
4586,4483,-97
4108,4535,77
561,3344,-1
4138,721,21
2726,4569,31
594,3230,-96
1827,1007,66
3230,4729,-44
3288,3299,-70
4074,2469,-94
134,4120,-89
3139,3814,-91
3920,538,56
73,2825,40
4495,2686,26
4226,1981,97
2979,540,58
4362,3885,36
1986,4054,78
793,3200,-13
4260,4517,43
95,484,86
1134,1029,85
4918,52,-90
238,243,63
2947,1687,-100
2531,2822,-80
1961,1841,71
1049,425,-1
2530,2128,64
2965,695,-95
964,354,41
537,3691,-8
4224,1690,28
3680,293,35
4188,717,10
3725,4625,-57
543,4576,22
846,4573,-14
3604,4121,2
3037,2479,4
2495,2365,-26
4486,638,54
2720,2406,-65
1885,1300,69
4139,3949,47
4350,690,-93
3202,4440,-55
2711,2607,-1
1954,712,-49
4738,2611,-75
3851,439,-66
690,3534,87
1951,3879,30
457,3342,22
2131,3093,31
3977,4239,-39
4245,1784,-37
1180,868,77
4286,1489,46
3566,468,70
883,4973,-19
400,3922,-87
609,1418,-87
1639,1777,-47
2149,1082,56
1383,4937,30
1404,2926,-3
820,4085,3
3293,4062,-96
820,1012,-96
420,814,16
4220,3947,-56
4518,2317,91
3303,2144,91
1509,273,70
768,3645,70
2045,1717,15
2140,2976,-50
3030,4101,-88
1550,357,-28
1765,204,-33
2646,3746,-32
3717,1597,34
4606,497,-9
4482,4798,3
2294,4933,-23
4838,63,69
2709,1580,1
901,4335,-96
3085,540,74
2010,4294,-53
242,4877,22
2386,4126,-9
4269,2714,74
672,1081,35
164,1856,48
465,3505,-13
3043,3380,17
4593,1599,-77
4796,1629,40
2443,3179,12
4799,2648,42
2356,3373,9
4279,1070,-12
4725,2777,8
2558,1193,-48
546,814,99
4720,1153,58
3836,2756,98
594,1884,-50
4840,268,74
3805,3672,66
1460,2813,16
3494,4681,-44
2602,4086,77
2445,384,14
2673,3957,-44
4201,2851,-66
17,4526,-15
3192,3412,34
393,1050,-48
425,1834,-91
572,798,-62
3632,4468,85
1121,2976,62
242,1291,26
3898,2188,-42
4096,67,16
2280,1393,49
789,3992,36
715,3022,-1
4855,1702,-93
2850,579,19
776,1606,-43
4027,4044,26
2248,1979,-6
79,4506,49
3927,2881,-6
856,2671,67
2149,3717,55
1032,4936,73
4941,4285,-32
3272,4373,-49
3577,2155,-90
4183,2805,49
3457,2221,-54
3507,3990,-12
408,999,-88
2712,722,25
3089,1215,-1
1669,1694,17
148,3395,72
4328,4026,-26
3898,3580,-32
1951,2804,20
366,2231,-23
1675,4813,-79
4532,459,94
4495,1702,62
2547,627,59
563,2457,65
3563,207,-43
2490,3317,67
773,1357,-80
2038,4769,-52
3424,3597,-4
2568,1940,-9
1574,2796,-62
3695,4369,88
3292,2674,-1
1247,1050,-91
3720,2592,67
3840,3790,-43
360,4005,-12
2377,91,72
3010,476,44
2994,2047,20
963,4822,-33
3633,3691,-91
1828,4026,16
1614,3267,-39
1641,4630,-12
2217,2746,59
4313,85,-29
378,2640,69
4215,4937,72
4286,77,-25
370,2431,48
2197,3505,8
3748,2425,54
652,2222,27
770,406,57
2422,2130,-27
781,4117,28
1717,398,-92
3984,1801,-98
1312,3474,12
3360,1809,-48
523,4990,69
522,3927,46
4879,1945,-95
2321,438,34
936,223,70
2231,1611,-21
4041,1961,-65
4584,4605,95
4942,4001,-5
3698,2665,-62
2838,1066,-58
4084,1277,64
2462,604,55
3244,189,-51
3360,676,-62
686,638,29
2161,1997,24
3989,1845,64
4067,47,0
1568,820,14
39,3808,93
2545,3023,-82
4876,1081,-32
1257,3147,-57
2991,1278,40
2197,3735,49
3469,2218,34
2709,2887,29
302,796,-39
647,3329,-12
4759,3007,32
1760,3185,47
4352,2390,25
598,4144,-47
662,3859,-25
4331,1219,90
1369,1761,63
2582,725,43
3869,1345,-44
3538,138,-37
4866,4451,37
4309,4907,-2
4559,3555,1
283,2760,-2
3679,59,-50
1487,771,-74
4083,389,34
4184,3925,-10
461,3423,-60
2326,4435,17
3755,4853,25
2469,596,-4
1725,436,20
1377,1474,40
2744,4473,16
515,1983,-35
703,2439,30
1654,2869,-90
2067,4210,32
23,3818,-41
2461,774,29
1305,1927,-9
3301,2220,-24
362,18,3
3728,4331,-37
1285,3967,40
515,1693,-47
449,2771,39
1856,4377,45
4970,4927,-83
3563,3268,44
2521,1139,66
3082,1696,-15
1429,1587,40
3968,4514,-56
923,2332,27
3138,4681,1
2160,2670,16
2548,2269,46
2980,2057,46
2282,4928,-80
2650,2423,-77
314,4630,57
2614,3487,-53
3084,2750,62
2257,4042,9
1038,2825,-42
3490,1406,-84
2635,1887,-53
3984,2988,-46
1779,3576,36
3896,4543,-24
1125,2728,-87
698,4721,53
2180,1864,79
1405,2354,-16
1044,2897,-57
1930,4828,38
1014,2502,-50
227,938,69
1829,2081,89
4918,1756,62
2024,3391,-37
4967,1217,-6
2453,1204,45
2086,1891,41
4284,3032,19
1081,391,-52
2321,2512,96
3191,2978,44
2631,3747,48
2564,99,41
3293,2196,-98
4622,4666,58
3587,4823,-54
4432,1002,71
2948,1571,-84
3960,4399,-20
2814,3630,83
2584,1064,-74
162,639,-30
594,2743,-11
3260,1143,96
4156,2121,29
2963,552,-21
3889,3276,89
3391,977,8
4502,4192,-14
664,3351,-95
1133,3215,0
542,3548,92
2975,2932,45
868,4070,-46
2067,3986,-34
432,4142,84
4836,346,46
4279,4943,-27
1207,2943,38
2529,1077,82
1170,1172,-5
831,3771,64
1652,3162,-15
1137,233,31
2811,3799,-88
476,4147,-31
2811,4761,-8
1327,3908,85
1020,3700,29
1837,451,87
4257,1363,-12
2449,351,59
4294,2697,-38
1284,1309,-41
660,4005,53
2011,2926,49
399,4679,-27
1734,245,31
2126,4646,43
2172,4824,-38
75,4735,69
4698,4680,60
3472,2274,40
837,441,-55
500,3546,40
138,1468,-68
2098,412,22
3697,814,-87
1886,4342,-93
2758,4679,-15
3921,1731,73
1901,1975,25
2611,550,28
3987,1938,-42
1450,204,-41
547,4447,-52
4677,4415,-21
2004,3589,-8
2097,2537,-40
704,107,15
2404,3812,-78
1626,2702,32
3332,3898,-16
4734,2220,19
2979,3937,27
4737,4091,-51
2840,958,63
3385,2576,47
2660,2368,-58
1862,1061,35
2857,2547,68
686,3737,-76
4284,3767,15
1620,1673,-94
4644,402,14
1432,602,-15
876,3000,88
4714,4314,60
2462,4282,96
1366,3453,-63
1244,3635,-89
4999,288,23
163,88,-57
1975,2206,-48
3292,2968,-87
270,4251,98
632,3535,-9
906,220,-49
3472,1483,79
3254,3239,-55
2015,322,68
1642,2739,29
205,4937,76
582,1837,-1
841,2560,9
1720,1569,-73
2644,2323,10
2298,4721,-69
875,2964,-9
690,353,-25
4001,1029,-79
3142,4571,69
1423,2010,11
672,928,56
1172,30,3
3727,2541,-33
944,3820,60
1450,495,73
3738,4484,36
2540,873,-63
3960,835,-21
4992,3325,-75
4261,630,-58
2362,2987,80
3653,30,-74
3671,3783,-90
1754,807,6
2353,1969,53
1939,3469,-23
371,3581,-44
4949,1961,-100
4480,4340,-90
1932,221,57
425,1344,-13
4725,4627,31
895,2263,-15
598,2415,9
3063,2162,-29
2337,4121,10
4689,2982,-68
1688,858,60
573,4994,-27
2091,773,-35
3670,2493,7
4273,20,-97
4625,806,78
1634,1381,54
1518,2176,-68
4294,2406,4
2658,3364,25
3649,3427,-17
4949,881,-24
3589,3109,-18
1538,1334,-69
3138,1685,94
98,2965,15
3216,1606,55
4531,2558,84
4733,444,-82
3751,2043,58
3158,779,-48
4684,3160,-13
344,1747,59
4667,3941,-92
611,421,78
1728,1852,-18
2291,2109,50
1855,4675,-76
2609,3997,73
2080,1359,71
2325,3911,93
4628,2627,17
1178,2688,-34
1092,4207,26
4980,491,55
2792,1296,-23
1750,2082,51
2676,3372,-45
782,2173,-51
3049,3175,0
2106,4065,-98
3868,3754,-78
4977,4990,61
4543,3830,-92
2114,1950,-19
3971,3381,-42
1992,412,-35
1068,1423,49
1578,2982,14
1012,1677,-66
2275,1647,58
4870,2712,-23
1815,3960,8
2427,1240,-53
4403,603,-48
4875,1938,-26
2552,26,-69
3658,4680,-13
8,1068,39
2556,380,-39
476,1285,-98
2212,4465,-95
485,3183,26
4655,3748,11
2286,2257,-89
4564,3928,-48
3526,4121,47
3340,546,33
2823,275,-17
4944,3442,41
2925,2270,83
259,3109,68
283,2923,-52
1899,3388,7
4136,1871,92
2977,4014,-17
2268,111,3
3201,1756,-6
613,4804,-70
688,1368,55
3691,1529,-89
613,552,-85
2308,134,62
3014,2912,-57
1782,2014,-33
2592,3263,37
2697,1061,-98
3959,2508,-70
575,2023,79
1911,2187,15
3605,2666,92
670,3171,-96
4365,2728,-96
1284,3336,-35
924,2647,-86
1126,596,92
1530,4107,48
1595,2375,0
247,3422,98
3712,2279,-90
1561,1165,-59
2401,618,-35
2244,4861,-7
3865,4145,-40
1940,451,-41
3070,1799,41
227,4587,19
3548,1893,32
265,2455,-70
1396,2223,-53
3558,3809,-69
646,1285,-44
2991,2528,61
1900,1758,-6
2505,223,54
2773,4365,-19
1155,901,-96
588,2366,-84
4572,4481,96
1822,1610,16
986,4722,83
4080,3291,65
3349,1224,22
3832,1908,81
1242,1363,-53
190,2752,-52
981,3970,68
1699,1269,-79
1716,4938,84
2594,1232,93
4137,4069,-82
4434,1748,12
1099,2559,0
2327,738,29
3248,4437,-68
896,2980,86
1675,1952,-12
2910,1782,33
931,530,-90
4385,4130,-74
724,4419,99
2941,1205,72
1090,1987,-70
4579,347,-10
936,1216,90
2296,2769,71
156,245,68
1071,2726,-54
1959,3052,96
2502,133,-22
4220,1371,-99
3831,2097,42
855,1088,-81
640,1648,30
2239,1892,5
1603,1721,-62
442,4003,-27
4629,2261,-11
1337,119,37
3701,2904,67
949,2809,40
3374,895,-57
460,1266,-69
4647,363,-71
393,1774,28
3939,314,-48
1788,1707,-25
4941,3466,-57
2258,4368,-66
1139,1790,67
3809,2394,-56
4742,3611,87
2455,3695,23
1467,2281,15
3675,990,23
1378,3681,90
2598,2464,37
142,905,-54
2660,3045,51
4597,3398,84
840,3998,-83
3619,4840,84
3918,911,-29
596,2608,22
1905,1746,73
281,2124,70
424,4343,-24
4366,1852,43
4250,4672,41
1751,3766,-92
4758,1616,-32
1968,2391,-40
4089,2763,-90
4179,1206,46
2947,4027,-37
1450,2680,-63
2332,2447,-91
2221,3313,-85
3790,4388,-32
2811,2102,-59
4729,3217,-57
1532,3670,80
4883,3031,62
2991,2525,63
4494,4118,49
1144,3308,-77
934,2743,39
1461,1962,-66
2724,4626,-51
2513,3622,-18
286,101,-23
265,1314,-61
2368,3449,-79
3448,3245,74
4917,1902,-26
1763,4675,-35
3049,1215,37
2382,3627,70
2270,790,96
41,1367,-7
68,3624,52
988,503,9
4009,173,-54
3199,887,34
4791,1418,3
2525,3533,55
1086,4369,-21
2480,3430,-56
1694,1410,0
2316,2924,94
779,4954,-89
4590,1911,-18
1586,261,12
1493,3353,-90
661,1353,30
1349,1500,-40
1300,4374,93
3941,2141,-45
1987,3007,21
2045,3619,-75
3517,823,-15
1059,532,-67
977,2821,82
4578,167,43
728,4927,66
2528,4332,33
3137,1056,9
343,1255,-29
1448,4287,79
2380,4008,52
3660,4709,-45
527,1532,-18
1897,3529,46
4755,4043,-8
2074,973,54
4916,3825,32
406,4745,-75
1574,106,57
4601,1605,-23
3741,3774,-4
4275,4288,62
4228,1003,-26
1847,4731,80
1479,85,95
2396,2996,15
772,4824,60
579,3288,-31
2902,4166,55
194,154,-65
2008,1462,-52
1186,2813,-48
2395,2020,96
2999,1098,29
1793,571,-21
1111,149,-30
4006,3578,91
2262,2692,-80
3737,2110,-66
3794,1919,73
1937,4870,-15
4876,3656,14
4358,1713,75
730,2493,-79
4379,1345,33
3452,3966,19
4458,1107,60
4537,3506,-62
2141,4113,-58
1645,583,52
2801,4351,45
4963,2691,-60
142,4657,27
1456,2581,17
4797,320,-66
2097,4316,-77
1326,4795,82
4977,1438,3
1214,32,-61
1160,715,-14
4651,1040,-72
4500,409,37
4988,1128,-22
4698,707,37
341,3840,-37
3829,3024,16
1969,3660,56
704,783,-3
4414,2180,45
2430,1179,29
1801,2407,52
4913,2808,-16
4649,4261,-50
856,2765,-6
1813,2725,-79
2867,2536,-92
3643,213,-10
183,1949,-12
3113,4862,-12
4493,3147,-27
1518,1202,-7
1357,1820,22
2175,2890,31
3630,645,48
3629,2360,23
4097,4223,-71
3240,4473,60
3692,4321,-58
19,3089,-99
3404,497,-14
4680,2017,58
4552,473,31
3005,1889,-54
1133,3383,-17
3340,1161,-12
3312,2523,-56
3373,4313,-36
988,196,93
3322,2249,-95
4616,4462,-94
4955,2767,78
174,1552,95
3742,2448,-83
3053,4310,18
727,2389,-60
3761,3007,6
1876,119,-32
4034,3497,-76
990,1717,-45
3745,2884,-100
2687,4938,82
420,2915,30
594,1673,-47
1775,1203,-20
2460,1456,59
936,4662,29
3809,3979,92
332,2472,-93
3450,118,8
2703,368,85
4007,3177,-48
3869,3375,-57
4201,3813,-73
202,2198,46
2498,4912,83
1843,2130,47
1867,901,98
1997,193,83
910,2771,-66
4306,3349,46
4659,951,3
3190,3607,-38
771,258,-19
3156,1222,-94
2502,651,54
2715,2319,-62
4725,4492,-71
3586,2426,-78
1629,923,-17
387,3160,50
3422,398,-54
4009,2915,75
4094,561,-6
4364,190,-38
2467,205,19
2283,3016,36
1857,4140,50
1999,3372,16
1237,3042,90
4670,1706,74
4145,713,-14
1151,3457,-27
4319,2685,-35
1432,4407,-64
1820,4974,24
2325,3600,65
1131,4953,-100
2659,2322,75
3501,3878,-19
375,3523,-66
2121,4627,-30
4021,4113,7
2022,2766,-15
3706,4566,80
3260,4907,-76
3436,555,-59
1890,2141,50
1824,4978,-92
1475,2679,54
2243,4917,-50
3244,584,-44
3135,4942,-19
2071,1997,63
360,842,61
2042,2376,-88
1142,4039,82
1636,1805,73
4001,730,79
1944,4350,-73
4775,1464,-15
3362,4947,10
2981,2168,57
7,4918,-56
3268,1573,-63
1592,4967,-81
4929,1394,97
3265,257,-4
2607,128,74
3220,1383,1
3274,3729,-42
914,4652,41
2012,2701,-59
1443,3148,88
3055,2206,-42
3547,4181,-93
4222,322,-44
4913,2357,49
2929,4380,1
1830,3114,-17
576,1918,-80
930,3957,27
3760,4710,55
3700,2697,-52
1464,1517,50
3276,3294,-47
4929,4325,50
1055,3046,-33
1901,119,-55
1458,2372,95
1400,4416,55
3416,3919,-6
443,3261,-4
3651,2586,-51
4653,4797,-18
1179,2442,-38
4459,2700,-91
1258,1018,-12
3635,4502,64
1842,3048,40
2310,2069,-31
911,3666,-71
4341,4251,-21
4638,4963,-29
4010,4655,38
2170,194,22
2173,2447,28
124,1400,45
3159,2520,-1
786,3928,-90
2417,3688,-17
797,4898,37
4173,553,75
4155,730,-40
1937,2561,37
2157,3998,0
3808,4267,21
1302,4946,-41
4164,794,13
3141,125,49
3237,175,-26
2353,2552,-2
1933,3849,-92
2722,3457,42
365,2759,-18
4917,3840,-64
2391,3756,-31
947,3643,71
1378,4202,96
1440,1971,30
3181,1661,-91
4858,2576,31
341,38,-45
2990,4491,67
383,2525,-68
1557,4818,60
300,3577,87
139,1309,48
359,3536,2
4932,4461,96
1523,2229,18
3457,4830,-56
1628,2924,-44
1304,3042,67
1135,2709,25
2187,4340,91
3171,4409,26
3836,4172,-91
2152,3953,-27
1238,2310,-35
3736,231,1
2835,2751,-16
4261,2694,92
999,2805,57
2568,842,-19
1308,3584,-66
657,4612,-48
2661,2490,66
2212,4915,11
1910,3535,-79
3731,608,-34
2047,4619,97
3163,3961,-1
1141,4258,-21
267,2032,94
1846,202,-1
1709,1365,-26
3631,752,19
3212,1206,-84
2294,1321,46
3733,3888,87
3830,1331,-29
1511,431,23
476,2166,-11
977,4684,-50
1208,3118,75
1961,2275,-44
558,3366,37
883,1264,-69
2195,2396,-22
4762,4237,22
2668,4300,21
4960,3734,-33
4678,1666,-73
4791,861,31
1611,845,88
3489,3043,-24
2455,3341,39
4495,3490,-86
1947,1939,-72
4811,137,-14
4800,3233,-88
2809,2221,-63
3826,1154,85
3537,4175,9
3803,979,-66
4178,569,67
4700,2911,-25
1971,2411,9
3823,3407,-96
2820,134,-99
903,2062,-71
365,4379,-2
4259,2854,18
3120,3731,-91
2559,3493,-28
1864,127,23
116,1796,-63
2385,1850,86
4977,4314,-7
3936,3977,18
4936,4841,62
2491,2728,-30
943,3727,39
1725,3561,69
2335,260,-3
2768,1242,76
1138,1844,26
2528,1513,-34
4118,4195,-68
3421,4278,3
4779,2217,40
3907,2281,47
3638,956,60
2954,4568,-67
2368,1109,-51
4222,4775,77
277,1543,36
2000,381,-94
1228,1256,36
3753,2299,5
3736,2241,53
696,1659,29
1310,2985,-96
4153,2649,12
3235,3959,-35
4115,3372,15
2312,3430,37
2842,1581,58
4209,4861,60
3560,2933,7
3399,1587,10
542,2113,33
2695,3638,-87
4675,4562,-23
1089,4984,-86
3364,2522,20
25,3752,70
1573,2703,47
2959,19,-80
4237,2570,91
1768,784,-72
4744,1707,86
2236,415,-28
201,364,91
3199,2576,-8
257,1104,71
3748,4892,61
4643,1172,-54
2242,1699,-92
3176,443,87
3607,3944,11
3337,4746,-71
4898,4605,-84
414,4562,79
2015,2413,-42
1382,2590,18
1099,1840,31
3427,1504,67
3656,723,-5
910,842,34
188,2348,-63
4045,2222,-69
3757,646,-32
2016,24,-34
2093,3273,-45
3645,4827,-81
2131,7,91
358,3702,19
2423,3233,44
4258,2926,43
4546,1272,-90
1498,4262,40
2159,4524,45
2556,2193,-87
2343,2557,-67
2952,2955,-15
1239,1600,24
974,1667,53
4728,4920,69
3966,1062,88
1051,4662,66
3702,3802,29
2781,1164,84
1589,3880,-51
3879,1282,12
2369,2665,43
437,2896,-39
2829,1209,-3
1557,303,38
3859,756,26
1305,4260,90
2385,1227,-71
183,1234,81
1590,3518,98
1588,898,54
660,4879,-15
160,3311,91
3954,4823,-20
1012,3363,-22
53,2420,36
2308,2910,-25
1229,1455,99
1036,2328,29
3703,2364,-52
4046,2013,-53
4946,1101,-46
4450,816,-21
1265,4247,-34
1885,1321,14
1810,4765,11
3168,4503,58
3798,2335,6
2342,4588,-75
3415,1033,9
818,1156,-35
2438,1101,57
889,2786,0
668,997,-100
4729,1436,-31
2625,2546,49
4233,3701,12
4524,4985,-47
819,354,41
2189,2319,-87
1107,4528,98
2225,739,-82
198,2520,53
2672,4604,-42
3493,55,49
2449,2085,-95
471,900,-38
1949,2103,-24
3900,524,-27
2011,463,81
3801,4793,26
4119,1502,46
3797,3877,-6
3989,716,-91
235,3298,-64
929,2780,44
3608,3612,82
523,989,32
3524,1829,48
4527,212,17
4889,3147,66
1630,754,47
4629,3751,98
1317,3690,42
2858,3223,-22
1125,436,-48
2588,1902,-68
1024,4180,21
1379,1236,71
3375,779,93
1520,4930,77
227,3853,-69
4969,1961,-22
892,4273,98
4073,1807,82
2258,3231,55
2789,1725,-98
397,186,-48
2079,1495,69
4745,1980,-99
4425,4054,20
3238,246,49
3894,4048,52
2006,384,59
2017,285,34
3172,3995,-39
2669,300,-70
1879,901,-38
1197,1460,-64
1773,2922,-33
162,2534,-22
3977,806,36
1752,2229,97
776,1922,-55
940,4973,-6
3221,4790,-67
540,2388,7
4918,2539,-41
1462,1997,40
356,4826,-65
3605,2504,-53
3324,105,-8
235,439,-95
1549,1522,32
2097,1352,92
4214,2699,2
2102,3613,77
1674,509,-27
2101,4347,-27
3658,4975,12
4654,1275,51
3597,2823,-94
3749,64,-15
3174,3922,-43
1816,4416,48
3842,860,60
2006,2828,-57
4494,1548,-76
675,2077,-6
387,437,15
2159,3658,42
2662,763,56
2065,736,-18
3852,3665,-49
3254,4095,-84
4980,4729,-65
4637,1579,62
4267,3730,67
740,1077,50
1402,2281,61
3260,1831,85
2278,1899,-19
3905,4296,27
3924,674,-21
4215,549,88
3228,937,55
2832,4145,-41
3759,896,59
2513,2570,-43
2152,2088,-19
3676,914,-57
2746,1177,61
3867,4772,48
3765,4866,23
2223,4307,-100
2793,3274,82
1698,4243,76
3463,1523,-4
4064,2803,-80
1525,3123,-2
4761,4591,82
33,2457,54
4026,1650,47
2567,2321,43
2804,2506,-53
3897,1144,-69
3710,3773,-69
720,46,80
4580,3315,23
973,4407,80
3719,2610,29
4403,4427,84
4553,4107,-79
2208,3120,-49
4427,1401,-5
4321,1592,85
3031,8,61
3576,984,98
3117,3598,44
3286,1751,99
644,3512,-78
4712,3829,-68
195,566,56
3997,2321,-82
489,901,20
2205,2179,-32
2658,3593,-64
3277,2772,22
1103,114,53
1242,532,-77
516,1523,-47
393,3411,-80
631,1045,-4
3717,33,-11
1848,133,37
2656,2968,-59
980,1727,56
4530,26,84
3403,2649,62
3872,4641,-73
278,1262,39
233,2066,-43
1553,3346,26
3271,934,71
2410,1051,-94
3513,817,43
26,4204,-8
461,738,-66
3765,2915,-9
3432,3603,-94
3484,793,-87
1995,3176,-42
491,1356,-39
1073,1386,19
3174,3993,-35
216,4385,-79
1724,1061,43
1593,1372,-2
2607,4139,19
159,1150,-58
4782,3203,-4
3314,3354,-3
2842,2943,15
1777,4629,47
2053,3449,37
2296,3048,46
1697,2711,-89
2994,1501,37
2470,69,-30
1947,1867,83
3810,1949,3
2784,3902,-90
3645,3509,-40
2501,301,25
3646,4123,65
2646,2978,-84
2350,2601,-47
1933,2154,72
3295,4682,52
1758,4906,5
1117,4730,58
2568,4019,5
3500,3083,92
493,4755,-62
3307,1240,-81
620,2934,-28
3233,2369,-58
3824,460,15
2381,4029,93
1547,2627,28
4959,3764,-46
3564,2802,7
1606,4256,2
3753,464,78
4676,998,32
1891,3007,39
1276,1679,-87
2744,865,87
2494,1191,2
357,2698,-61
870,2375,7
886,865,36
2002,2577,69
1284,3916,-59
620,2927,-68
883,4430,-76
797,2398,17
3643,2222,-23
3426,1783,-92
1297,3999,18
4715,2804,18
245,4168,-10
2896,4548,71
930,2959,-43
520,1779,52
3213,826,15
2410,3662,-69
8,3370,-79
2526,3096,-8
3424,2158,-46
2020,52,88
4591,3362,7
4283,3516,84
3668,4563,-24
3672,3331,-40
2802,1675,21
86,2866,-9
3116,1362,-34
4233,787,29
2469,556,13
3620,2040,84
1637,1763,20
3584,2113,60
4010,2211,-38
3327,1702,43
2219,2087,28
2218,2713,-16
4968,2408,-37
2370,2317,19
3639,1611,-32
2504,4353,23
944,4706,20
2838,1128,44
2661,905,-61
2937,164,1
4445,1137,28
3948,4711,-88
1677,2026,-83
1197,106,-33
4106,4795,10
2788,4460,-87
1462,3093,32
3319,2022,-39
667,1153,60
2177,699,-75
3744,3868,88
601,3271,95
2653,747,-71
4423,961,89
3825,3492,-39
3907,3298,-20
980,2978,-31
2452,209,84
629,3317,-10
1630,1892,-65
3697,1177,-94
3431,3507,-36
3675,2040,-24
3930,3290,-60
2766,1453,-69
4370,4762,41
4781,3861,60
116,1618,-71
4957,435,-95
2004,2328,-91
693,1647,2
3163,3164,-81
1106,4763,-12
3009,1441,23
2162,4444,17
154,4861,-89
3700,934,-79
4411,4279,-25
3787,2556,-87
1065,1147,5
4201,3997,75
1914,381,81
1217,825,-65
2402,1539,88
1773,3376,-46
1961,1638,-87
2781,4288,-99
4805,525,-99
4747,3108,-40
2872,1094,6
661,105,6
2636,1740,33
2330,2361,52
3955,3127,94
2451,1677,-78
1133,2355,-28
700,4917,-6
2039,4132,-73
4648,2935,-76
4501,1873,-2
4558,1043,-36
2180,3435,93
2839,1442,-58
874,1846,-61
84,3502,-78
1423,1542,76
2676,467,-93
3181,2945,27
4317,4295,-94
3976,1592,-80
1392,2816,-66
3219,4073,0
4208,3573,-2
615,4337,-19
2972,1194,-40
3566,294,-27
3577,922,95
4571,1339,57
271,3199,8
4067,4564,-33
2469,2415,36
1391,4854,-84
3355,3476,-58
4136,1542,2
3608,2499,-13
2584,908,84
4074,2494,2
3076,2128,40
3907,3089,84
290,4648,53
2481,3991,88
3253,3752,-39
279,2098,-82
2925,3175,-20
581,388,-71
4959,299,26
254,4435,-88
4277,3461,76
4777,4062,-19
825,474,20
3833,4712,15
700,4888,78
1381,3214,10
3897,4109,-92
1674,449,-72
2728,2222,-8
3157,1983,9
3389,3612,35
4308,2643,7
384,1921,-20
342,2317,-86
1988,1275,96
4060,4869,61
4940,1616,79
3110,4984,77
4083,3619,94
4516,2307,-96
2799,260,-3
3241,3207,-92
1989,1513,-96
3415,4739,54
1850,2129,12
306,3439,16
3614,2177,-17
2750,4508,-54
4965,3509,-39
1136,4711,-56
206,4995,-35
4592,3081,-78
3451,232,-3
3812,730,88
3623,3013,-8
3600,2930,-58
2552,318,62
4309,1531,57
310,1111,-34
2709,716,37
1992,1342,27
272,3405,-45
3643,3313,-67
4087,3121,-36
1823,3088,-95
3274,202,97
4539,2141,70
4350,1673,-85
521,1057,90
977,3672,92
3723,419,32
3552,2599,-76
4106,626,-74
2774,4941,69
2553,3831,16
2833,1879,23
3908,1945,-46
153,2930,6
2965,2768,-75
2917,3384,-85
2801,3541,8
1753,394,7
2611,2857,-11
3876,2920,0
1105,2619,55
2537,632,57
4991,2857,25
4200,322,21
3855,3507,-12
3495,4670,72
1915,1694,46
3073,1064,-88
1007,3112,-26
407,1477,11
167,2918,50
509,3262,-87
1662,2794,-3
3665,3087,3
3490,3812,50
4859,3971,67
681,3352,-37
2525,959,86
2121,4144,-81
4678,1583,59
4358,3177,-23
1364,2417,-77
1332,460,-55
2293,2295,-83
1539,2312,10
3409,1230,-7
561,1531,75
1100,4626,41
1904,1388,81
175,2798,48
2157,1364,-3
2231,4503,-96
4288,453,27
4161,3905,58
3921,4910,94
1498,578,-14
3855,3920,19
3172,3013,86
1568,3265,71
1152,1932,-37
369,4243,-7
4947,4502,69
43,183,20
1908,3178,-1
3491,236,65
2536,638,34
4174,3006,-42
2874,4275,-32
1825,2480,97
1294,3473,-52
4770,525,-90
4797,2791,0
4855,2371,29
3387,1285,9
2973,1636,-74
3923,1724,43
4998,2447,-37
993,4433,93
2387,4215,76
2241,1582,-11
1477,2461,-85
3408,580,-28
390,3942,79
1000,196,15
4621,333,32
1856,3092,63
659,4719,-94
2764,658,-40
3664,704,-5
4987,4979,56
1482,1450,19
3732,1253,94
452,524,57
2476,2265,67
3223,2423,-70
1538,36,-53
3094,776,-10
883,28,-95
4409,86,89
4069,2236,-72
4936,2353,36
2567,3494,81
3278,4282,-17
375,4654,13
4547,2557,38
3698,4313,-82
3063,257,-27
4691,3807,32
3251,1448,2
4596,4420,-31
4560,2245,-6
113,4600,-83
3198,3344,-80
2379,694,42
1925,2066,86
140,3601,-95
1425,4221,-77
2950,483,-41
3169,3666,-73
517,3076,-27
2617,2675,-78
888,2399,-22
3105,351,-55
50,649,11
3952,3871,-64
3561,228,41
19,2064,-53
4822,425,-23
1474,2512,98
4062,4820,14
2607,1822,-65
452,4890,-41
3766,4273,81
2439,2591,-22
4311,2557,12
1550,1586,90
3475,1679,-4
128,4660,10
4856,2281,-53
2762,3750,19
4457,2539,49
4665,1017,-58
1416,444,-60
202,2068,44
2370,3683,-38
518,3799,45
1342,3628,-29
4777,111,-98
1989,2535,-47
3546,89,18
4521,3391,41
3803,1942,-67
3276,3311,26
3655,72,25
2435,822,-100
4874,3471,75
208,816,-2
2634,404,-91
4118,1699,-18
154,4347,38
3367,2917,18
4315,2043,26
4765,1954,-2
1519,4964,-35
2601,3294,-98
2196,3703,42
4499,3254,-42
4692,4992,4
3555,3802,91
2415,256,74
2850,1932,-9
1743,1112,29
1307,873,57
3850,4588,65
4169,1562,-96
4577,4729,33
4656,4458,32
4841,894,-89
4196,2685,31
2556,1247,51
2306,747,52
4509,4054,-75
1089,4086,-46
2643,1007,25
1178,2741,-55
4917,4311,73
4758,4323,-58
2995,891,87
560,2492,60
2965,2877,-80
1272,1632,64
1814,3704,-89
2916,2027,0
610,4108,48
2462,3323,40
4121,742,16
284,3009,-68
2929,1977,97
4397,3663,-25
1092,3801,88
817,3572,19
83,2912,57
1921,3085,-64
3492,774,-19
3145,2145,43
2094,993,-56
4714,1839,98
176,3814,28
2705,4908,80
4938,3322,-73
370,3843,80
1819,3254,-57
2102,1876,-34
4786,3238,6
3491,4,66
1780,165,-91
1365,4440,-50
4463,1898,8
3343,3241,41
4740,2568,-22
3677,3508,33
2427,2560,66
73,1339,-21
2963,4638,-19
860,613,-2
3857,4996,75
4139,1885,52
2425,4025,19
1065,3135,-68
2218,1056,-18
4018,1623,1
2260,3283,-26
3752,2611,19
2087,3070,94
369,1256,1
2805,2661,-36
151,4225,67
1135,1043,-76
2785,4453,-44
4165,1443,59
2347,3678,-55
4898,4177,-1
2251,3687,31
61,1905,18
3011,2714,50
3902,1878,-21
1338,791,-26
1185,225,49
4427,3035,2
1552,4876,25
4434,4233,-68
1630,226,-60
1328,3406,89
1527,3180,65
1674,812,83
1362,2493,-38
1574,4103,-16
2687,4224,82
4371,4067,78
2367,4363,-11
3758,4310,-36
2435,247,4
1994,1619,-44
870,1828,-15
1015,3446,54
1912,421,84
603,2765,82
3822,1372,-29
691,4239,-19
494,2189,-97
490,2613,-36
2557,2081,83
4486,4325,80
295,2736,-57
4028,830,-85
2844,3059,-7
2913,850,-78
1718,2781,58
2597,1154,55
4745,4941,77
1874,3830,0
4664,2683,-85
3259,3080,-60
2818,403,36
445,2976,-99
3642,1603,9
4459,4723,-58
742,981,-35
2042,2295,-5
680,2385,-24
2468,3353,76
3698,4129,24
1359,799,-4
63,2596,-80
2560,1367,46
3770,2939,11
4352,1263,-44
135,2777,-24
3645,3249,-41
4971,304,46
4918,1694,-2
2136,2317,91
3279,4496,-66
823,922,25
3075,421,60
2982,2179,-34
121,3810,-14
1638,1167,-53
925,4674,87
645,540,-56
2033,3500,-26
2762,1461,-33
2069,4688,95
242,4740,42
2669,328,-9
803,2860,-29
4165,2094,-3
196,2132,-86
2188,2842,50
3516,352,87
2331,4733,-10
2360,3909,41
4842,234,16
3607,3123,-99
277,4877,24
61,2729,-58
3391,933,-30
1914,1824,43
3928,3501,-15
2592,4074,-73
567,3346,59
3936,861,-30
1572,1231,6
4718,2196,29
1201,4396,99
4410,1477,-94
2855,2024,-63
2896,2597,75
1237,2431,6
137,3690,-15
1030,534,-19
2157,1257,-28
2595,1658,-99
662,1153,-59
2473,3894,69
2678,1753,-20
2309,1684,47
87,2979,-95
2513,4333,38
2943,3654,96
2774,3014,-27
2505,701,-61
3311,4671,27
1701,3065,-65
3671,4867,2
2701,1765,78
3630,4319,-54
4591,1123,-3
1648,3831,44
3319,2959,-75
3688,2321,80
597,1423,26
4546,1541,-53
485,4526,-74
646,523,-55
3090,3008,-34
4758,2499,22
4854,2090,46
4385,1739,-29
721,4190,-20
4734,2534,-36
499,2565,-30
4730,2765,-65
1674,499,-34
3068,2419,-18
115,2747,69
2980,485,-34
4770,665,-3
1737,3455,-32
3612,628,76
2254,1685,-64
2295,732,-55
3631,4288,-45
147,1245,18
3983,2175,-38
3454,3875,-23
4508,2775,-71
2411,3079,-5
137,4792,-38
3361,1140,14
3006,4660,8
3553,3118,-25
19,2441,53
2243,4119,-78
449,3203,12
1949,3199,47
946,4541,1
4237,4873,-55
1921,2045,58
2978,708,94
4189,433,48
4016,473,-50
239,48,66
205,1915,-38
2608,1106,-32
4341,3181,-81
4928,1891,18
3389,358,-78
2973,568,69
4391,480,30
2688,867,-74
4952,3261,-10
4167,4060,-21
1349,1029,51
4401,3358,-92
817,1814,29
821,3729,33
193,3527,-30
1777,4804,-22
3646,1051,-80
4625,127,-1
251,3607,56
1789,2379,-88
3701,1653,96
2464,8,10
1168,4709,2
3894,1285,2
1097,4694,69
2680,4482,8
1848,179,19
3905,3596,25
505,4911,28
1622,3818,47
2473,3255,70
2547,4454,-100
1388,2424,-61
2995,4798,-94
3817,1751,62
718,4878,79
3485,4178,-67
4435,3430,77
659,185,-32
4009,2336,56
4525,3134,13
4995,4979,11
4235,507,98
3765,4126,-100
2990,1933,-28
4638,1197,85
2105,3686,92
1256,4182,-84
2483,1339,89
384,2621,4
2608,683,-7
194,3515,69
3808,4368,55
3720,2161,-98
2582,1730,-96
2566,1418,93
2764,4015,-47
2799,19,65
2340,2653,-57
3407,3801,-25
732,465,84
2873,691,17
3121,1011,98
4781,3062,-77
4178,4021,-21
2605,163,86
2383,1636,-93
532,2747,-10
4317,295,-11
635,579,-6
1770,1586,-99
3805,3381,-60
2371,2350,83
3,2172,-53
206,195,5
4136,842,-79
2622,4008,-4
4740,4585,-83
2891,2932,-22
3194,446,68
2667,80,-34
3307,4841,-53
898,2746,21
1086,3689,-78
1280,1861,10
671,931,29
1506,1935,5
3576,4368,-97
4815,2172,53
1956,3295,-82
250,4782,-52
1893,4748,-27
3440,4393,-48
1854,2835,33
2855,4717,89
1504,1655,28
3386,2929,43
3572,3604,79
3793,1673,-94
3427,4351,-13
44,1288,-66
3613,2727,-33
2619,4125,4
4679,1059,42
3164,4845,7
1289,602,84
2943,3275,50
220,2979,-23
1926,131,24
2973,111,1
3514,2572,38
2449,3360,31
3472,2735,85
2775,831,67
991,666,-43
2947,1067,18
1813,4971,-13
4954,3789,21
804,1318,-34
490,285,-63
3557,4660,29
1494,4115,-14
3646,3579,-61
2892,4643,-45
1706,48,99
3517,1769,-66
3341,4315,-52
54,4862,6
2576,3260,94
3592,2079,-5
616,2307,21
955,3416,-6
2434,4404,71
1630,3143,-70
2782,568,24
650,4327,92
2348,4066,-25
4491,82,25
3279,3006,45
2641,217,-13
3802,335,-65
2562,559,89
3250,2912,56
371,874,50
858,753,-98
4887,3762,-71
4754,594,-56
384,2752,76
3878,1679,12
2553,3898,21
4335,4649,-82
4291,1483,91
2726,783,32
4035,2135,-45
3294,3587,61
4252,3795,-28
3989,4609,2
923,984,75
2916,4683,-75
2951,743,32
3047,4545,-13
975,4684,58
1231,4356,-77
2436,3609,-16
1815,3272,-79
2935,2511,1
4934,4011,49
1364,94,-44
3941,1376,57
204,1132,12
161,2517,-54
4488,4964,94
769,91,66
3749,1480,-12
2582,955,93
1094,2432,-10
4501,23,56
608,1726,41
1541,4119,-97
2876,3306,99
3192,1722,-96
1838,1441,-57
690,4671,-10
3760,2151,-77
2950,2548,-73
2104,4924,51
366,3555,27
3576,189,-96
4551,460,-88
4200,2237,-46
4173,4447,-71
4326,581,1
2379,2162,-18
1206,4716,76
4989,1532,12
3840,1369,-19
2736,2435,-11
3348,2992,-86
1676,2903,-71
299,2531,-73
957,473,31
1115,859,-33
2506,2990,0
1475,2441,42
4461,3707,-67
4447,1713,-2
3727,516,70
3472,2394,-40
2829,1376,90
2851,3670,-99
2507,2391,17
3771,3263,-49
2965,4639,-49
4595,2867,-86
950,1060,67
4604,757,-73
2851,3496,-5
166,188,-3
3487,2382,-46
2510,4579,77
920,2715,-79
114,296,56
3505,3534,-29
992,4141,39
3840,4043,-63
1259,2043,19
3427,4271,-99
515,3052,39
4805,1801,82
3197,3905,25
4435,3782,39
2585,2262,8
68,1523,-92
1597,4854,-69
4479,1421,-28
19,4593,35
2731,105,15
3522,3624,55
573,479,83
2259,693,-19
2903,3039,6
651,2970,-65
2588,194,16
3263,1490,64
1339,59,-69
4997,1887,66
3635,3610,-52
2828,4574,45
2218,2581,-78
3540,1969,-68
1038,4688,11
4384,4935,78
3979,4054,70
2962,4645,-97
3227,3086,-21
1099,221,94
2325,876,99
940,3463,24
3717,2726,-99
3415,1197,-56
1449,2710,-13
571,2732,14
2905,336,67
2506,225,29
918,3942,59
1875,4284,-100
4929,1248,-83
1679,2691,91
616,3958,59
4502,4590,-92
1750,1887,-46
3826,311,-34
4189,2569,-77
2478,1605,20
4750,3983,-90
3506,369,55
3476,3547,-85
4530,4842,-8
1136,998,4
4001,497,-89
375,964,20
207,2005,95
4876,1199,-11
1320,2346,31
1142,577,-26
4628,3161,-35
2691,54,-70
3256,3433,83
90,229,77
4109,779,94
3021,3831,-12
1858,985,-3
805,4469,28
945,469,96
2790,2468,-62
3876,1850,79
1611,532,-6
2924,3036,63
3883,562,94
3222,90,39
4392,1407,-40
4736,4465,-29
2388,3146,38
4724,1293,8
942,4111,-87
4926,3782,81
2567,4068,35
976,3506,60
955,2392,31
1263,1219,12
944,1946,-71
2203,2253,-17
3328,3892,-7
4275,1675,-10
2260,776,-12
1829,4782,-47
1258,3568,33
465,2766,-96
3295,225,-50
1231,64,41
2655,1788,-67
885,3851,68
3806,1376,-12
3857,3535,66
3136,3916,45
925,4453,-81
4590,93,6
1547,2743,35
1095,1678,-75
2412,3667,-16
2618,3865,54
763,2482,59
2324,4937,-59
4146,1402,77
2776,1607,-20
4660,3957,76
4879,3410,92
3156,3072,90
3971,898,-74
2041,2932,-1
584,4588,-66
4332,3714,-63
2104,3132,-63
1943,1533,-59
4456,1978,69
110,1799,76
192,1352,-44
904,1839,-1
862,2561,-47
1084,2992,37
650,1664,87
4135,2398,-61
3612,3204,28
637,4642,19
1037,599,-15
4132,2045,-37
2149,259,-20
3866,4572,-89
3158,1906,84
3588,3020,-12
3295,388,-75
4262,3870,-61
2431,1862,9
1880,3633,12
3967,798,-58
3714,2504,-29
4127,4021,40
4107,1926,-11
2012,3955,83
3374,1628,-84
2144,4313,-13
2501,789,-77
4582,2057,-25
1290,1064,-43
1448,4469,88
3200,1448,55
1944,515,94
3184,4460,-4
3217,1914,-50
3137,1952,-13
3319,774,-9
2783,329,10
991,794,66
4921,962,93
2154,4693,0
226,1411,67
777,1138,-88
2838,4667,46
688,1569,-95
530,4473,45
3443,3275,-92
2154,3274,-20
1295,3470,-33
1527,1964,-47
4775,2166,25
2897,4637,-51
3104,3573,-31
2441,1876,38
4136,1237,82
3803,2747,17
845,4209,69
447,4469,-11
3916,2347,38
3110,1043,-29
1235,4872,-34
227,4767,29
4144,4107,93
2960,8,-75
1831,3697,-25
3780,3732,-64
187,1574,-65
2878,461,-85
2536,3307,-23
1933,2303,-35
2925,2634,-80
849,1352,34
2033,362,38
1253,788,83
1882,209,71
270,267,-47
1631,4752,-8
4406,554,84
3204,1588,-43
1575,4517,-64
2893,1119,19
1696,1514,75
3259,1927,89
3263,3404,-62
1446,3062,91
220,221,3
53,2345,-33
1758,1972,-33
1667,4439,54
2786,4689,97
720,4065,3
406,1985,-41
2295,892,71
72,4803,57
2054,3527,85
1230,1206,25
1568,4853,22
3683,1219,-65
2954,1856,32
4483,2000,23
699,2436,46
827,2975,39
349,3099,-11
3909,3387,87
308,4544,-18
3417,1817,38
2335,1778,-48
4862,2505,-81
4821,2940,-28
2810,839,-17
3559,2702,-74
4479,4760,-43
3478,4861,22
4621,3139,32
2687,176,-27
2986,4606,36
276,3687,-24
2548,3163,24
2765,2753,24
337,1190,-69
1974,4698,99
2980,838,81
4577,3899,72
3969,3852,-74
911,2734,55
1997,3811,-83
3130,2654,-14
4205,3251,4
3758,3350,58
328,3311,-60
1800,4681,-67
315,2387,-94
3546,374,-96
1135,4676,-80
2747,4613,33
4877,1262,72
1521,121,19
156,3846,62
1725,2885,5
3344,2618,-14
887,4139,30
3074,3269,60
2806,2043,-63
722,2120,-14
913,491,-21
3358,4845,12
871,3046,43
4109,383,-12
498,805,5
1757,1178,-30
1118,2218,-93
3410,1296,30
2829,918,-32
1648,4247,27
2984,4527,-82
143,2415,34
2762,651,-15
3436,4916,-51
4661,2287,33
2432,2752,32
4513,3199,-40
1849,942,-6
2697,541,-43
1718,2681,49
3073,3728,84
1068,2530,-69
2787,1203,44
3792,4965,85
1289,651,68
3872,3007,-79
1807,4533,-21
1505,2905,-59
3309,314,-22
2952,4115,35
72,1184,-55
1691,4914,75
1345,122,14
3304,169,30
3114,3683,-24
883,4725,-71
4235,4122,-73
2663,3969,-28
1505,4018,52
2464,3698,64
2554,1730,78
733,3556,-62
1749,1119,-18
3925,2169,99
424,4222,-34
3479,4782,28
1592,3117,-63
4486,4731,79
4438,2430,90
4710,2008,-49
493,1051,-18
192,705,-16
499,2900,87
4918,3208,-88
1257,707,-84
1969,3833,-17
4323,2009,57
2187,4722,65
817,4622,38
3221,1598,54
1474,1067,-63
1087,1947,-73
4200,2800,53
1875,96,2
871,2075,60
4764,4932,59
2043,1919,81
273,1266,52
1030,2535,-77
3219,240,67
4070,1328,54
1052,1143,-55
4034,3224,-17
1574,3849,-4
3191,1416,-32
4389,2399,-32
3798,761,-62
3290,3643,56
3748,1553,-26
2106,863,-15
308,4036,-70
3360,1156,-36
3177,357,-86
1252,1672,-18
2748,1329,-27
1518,1030,-92
1379,2377,-88
4892,3242,19
4993,1992,-56
1962,3872,-11
4306,2386,33
2864,3141,3
2657,882,-57
2495,539,-99
4568,4833,56
4006,1858,75
3564,3558,24
923,4539,-89
4233,2197,13
4463,1951,-34
2960,1611,77
184,3164,-90
3359,4464,-96
1399,4008,-56
2797,4676,16
537,4752,74
1274,227,33
2968,592,-21
3050,4120,-7
1097,2076,-17
1306,4949,-12
916,2672,96
3082,1369,90
4248,2023,10
1029,2079,-34
1978,3951,74
3355,3882,61
2512,3322,-89
271,4146,-74
1187,2437,96
4556,1805,4
4201,3360,-15
3765,1731,95
2399,3663,16
4530,2974,55
4236,1030,98
4183,412,72
1712,1982,29
2231,662,36
129,1348,-70
1270,3471,63
3673,1306,12
1602,4287,4
4766,2834,-86
3971,4681,-4
4245,1854,89
4948,4596,-70
628,4676,54
3798,816,-99
2045,3506,-58
3553,1477,14
4980,3514,22
2342,2038,-100
3215,1331,-92
250,4876,87
2926,3807,29
975,1150,0
1326,7,85
984,1437,92
889,3251,9
2938,3540,39
2118,695,82
2673,2966,37
4971,3300,10
1327,4844,-36
471,4242,-36
1988,3368,-40
91,4953,-6
530,4383,96
4757,26,-66
4060,4548,38
4835,2154,95
2774,4336,-63
4968,3490,13
1687,332,-62
192,645,48
1987,1853,19
3624,4131,63
2186,2924,9
4441,2432,99
1009,3585,-81
3784,3810,-58
4299,811,48
4669,1312,62
4288,2796,-37
2053,1895,6
3309,3007,-69
1717,4301,-65
311,2071,4
4539,2657,-32
1261,4135,8
4966,4269,79
3933,4856,31
3269,3485,-94
585,414,-17
2800,692,98
360,2663,51
2867,4118,48
2012,2699,84
4940,4310,46
4007,920,55
1626,907,59
2765,3211,-67
891,3729,-85
732,2720,-63
3962,3667,14
4702,4896,-20
2505,2365,18
615,793,31
3807,576,-45
1720,1728,67
4770,3228,19
1588,3572,-51
1612,4187,8
897,3726,16
278,4857,67
4648,3367,5
1637,4866,-19
2159,1361,13
2433,2049,-52
3905,2976,-53
4857,3197,33
3263,1088,25
1450,206,32
4501,3487,-22
1233,3316,72
4118,623,43
678,1678,11
2659,3288,44
2029,3013,86
3759,3013,19
4625,3638,83
2038,2701,0
2650,1872,6
657,79,-22
166,1477,62
4945,4735,-93
4592,3229,-2
590,2336,-40
4525,1726,-1
2822,1115,-74
4259,161,18
1263,1426,-81
72,1734,-44
3517,4416,97
4751,2412,-78
3581,3961,-1
269,2523,29
1777,4862,54
2463,602,59
1269,2360,77
1016,1556,91
2723,4685,-61
1084,1521,3
4102,2391,-68
407,906,-72
3077,1651,-68
986,1118,-1
3604,1525,44
4486,4268,-27
710,4722,-36
2619,3081,21
4850,4778,-58
1412,3241,90
4622,4407,16
1486,3802,26
2951,1936,-1
4652,3628,85
2935,4381,-10
4115,3710,-58
4671,2543,64
1004,4451,-55
2467,200,-76
2467,2184,-3
1939,2676,94
1940,4037,-8
1636,3494,-2
1699,3973,4
4528,1365,78
2092,1853,-27
1896,4438,16
4241,3602,-63
3399,388,65
1074,4100,-100
2403,4773,-47
4896,1663,92
3213,2459,-5
4038,213,-79
1152,4656,88
2446,558,85
1957,2606,81
4559,3120,-82
3908,3704,97
808,2692,-67
187,1995,-57
4828,475,16
4525,1768,8
1308,42,-34
2285,2652,13
4867,2096,79
758,3993,-79
4232,1987,-72
4888,3866,41
3855,3658,-39
4267,4824,-86
2207,3518,41
3559,2269,14
1581,1645,94
962,940,49
3848,4439,-4
3576,3310,-14
876,2986,24
2419,4937,19
4199,2028,-94
1002,3128,-17
3385,4990,-94
4067,4134,-84
2846,1365,-69
1482,851,24
3302,231,-22
658,2500,83
2781,2305,-39
423,2482,-43
3682,4305,10
4267,3712,85
2711,2904,30
453,3466,-12
2398,2769,-21
1976,2893,17
1658,2084,-100
2542,1239,9
3076,2075,-34
3165,2066,47
2967,630,-39
2054,3209,-45
288,4675,80
3218,903,92
3855,1054,-45
1448,123,-23
608,957,72
4553,987,-22
1765,1252,-5
1226,4434,45
1236,991,-53
1030,2321,-63
2672,902,-79
3963,2087,98
4543,3993,-28
4931,4522,28
3178,4710,69
3723,3581,24
4907,2803,23
1476,2205,99
2897,872,-26
809,2825,96
979,2903,56
2464,4731,33
726,2504,-45
2502,3404,19
3363,2192,-89
1217,3883,-62
4052,4583,98
2198,3208,7
2807,3659,39
779,3098,-68
973,3079,19
2811,2639,-18
2124,3087,80
599,2947,-82
3342,3472,85
225,4303,-16
841,1625,27
1815,2958,-58
4810,3288,-28
1107,1526,72
125,1483,-15
3247,259,-82
2932,454,64
4126,799,-90
2972,4471,83
2018,2512,27
2416,4171,52
4591,242,-2
3097,1713,96
1610,4219,-56
718,2003,-39
3562,3328,-6
1017,2282,41
3566,497,-67
4702,3112,-3
4471,727,-41
1961,1832,-37
1049,1822,97
1358,1817,78
3427,92,-59
116,3433,48
2096,1970,3
1802,2385,32
2147,3680,-35
1621,4609,97
4781,603,13
2951,428,88
3793,2020,35
2942,1457,-35
4906,7,-14
978,2435,-39
3067,1374,47
784,641,31
241,3763,42
1554,4006,83
4579,2231,-81
1013,4661,-77
187,3812,-92
1882,3307,15
4587,446,48
431,3942,-60
239,4296,-88
2346,2996,32
76,513,91
1357,990,-55
4923,1402,-23
2331,1813,-30
4687,546,97
1903,2534,-42
4014,2010,-50
4671,3433,-85
4988,4086,-50
2060,2216,27
141,4986,69
1790,3666,-90
3627,828,-33
17,2185,20
4349,2163,79
465,1276,37
4472,1517,-29
1828,1313,90
3029,3524,63
520,516,-56
90,4784,-95
4816,1020,-95
2852,1296,-10
2844,1050,93
4726,2341,-28
1885,1258,-37
4172,2279,-63
926,2986,96
3735,3870,88
970,1145,-23
1095,4614,-38
3196,706,10
1405,2425,-30
3365,3572,-81
4291,1935,-24
3983,2485,-37
4324,1746,-64
4014,970,7
4557,2547,63
4714,2648,-91
3093,778,61
4160,1334,-56
2075,2118,-38
285,2389,-88
4934,3104,-76
4927,3115,26
1188,4214,-57
3970,2937,-27
2966,4111,15
4320,1346,51
784,2042,-32
950,2675,-54
3940,1556,-10
45,690,-51
1811,4870,15
4567,3453,63
2082,1535,-68
3499,120,-9
830,4160,3
1910,4556,30
2582,4055,58
692,2853,-41
4020,1614,-72
932,3034,71
4937,2784,72
3407,2937,15
148,4064,-59
1033,3889,48
1312,3785,-69
388,2627,55
3122,3545,74
1874,1150,-2
3589,4803,19
916,1710,-54
1879,3159,-84
3749,1367,-72
278,4050,-53
1978,4491,29
1860,4580,-68
3037,4762,27
3372,456,90
4714,4306,-33
2183,4621,-62
4676,676,32
1171,1002,18
490,4072,-33
2526,896,-49
1183,2355,79
4480,3094,56
4259,60,64
2489,4482,35
1877,2765,47
2463,1795,68
1631,3263,-31
288,2530,-65
4283,1943,-69
1908,3488,-96
1162,4892,3
130,4988,47
2364,3422,-33
144,4697,49
16,4079,58
245,1374,68
927,3554,-96
3179,3673,-91
2177,1083,13
887,4248,64
341,934,-45
2052,2588,-15
3399,4086,51
3951,558,-1
306,4714,43
908,4120,-99
2655,1543,42
3793,2383,68
4043,4099,-38
1372,1008,76
321,1282,53
4655,4359,-7
4060,121,-35
1132,4117,17
2579,905,-72
4043,140,97
3368,1816,87
818,4302,92
12,4139,-61
195,1029,-90
2538,2255,79
2843,345,25
2230,2420,-14
3010,3304,-11
4752,3236,-22
2078,2595,91
3868,1388,2
4874,4018,-20
444,984,-2
298,4431,-1
4904,2123,30
845,2995,-90
1016,2901,-73
1385,776,89
1398,3919,-53
554,4982,-73
2351,736,-55
4517,1487,91
1270,396,-46
1261,4779,-18
185,2002,18
4564,3448,-99
2411,364,43
4432,3288,-90
2210,1855,-98
3673,4189,82
4684,4362,-59
1882,744,56
4297,374,96
522,4190,-9
1888,4128,58
2553,3735,-24
3810,4085,52
4884,140,19
4156,3021,33
4674,3293,87
4417,1565,15
3480,58,-34
1410,3497,49
1695,2188,-60
4665,2949,80
527,4474,87
2661,373,-62
2173,3135,-46
4967,1588,57
280,778,-30
2965,4263,29
3978,3223,-93
2670,3679,13
2894,4680,-38
1752,2549,86
3982,2944,-4
4770,999,55
2362,560,-27
4428,3344,65
4132,3502,-83
1709,4015,89
2687,3679,-4
2896,4329,-78
4536,4656,92
2777,921,23
1120,1243,67
2989,81,-41
4260,3621,-16
4244,2662,-96
195,4799,-2
663,541,45
480,1275,65
4219,2786,10
1424,3487,56
2709,3158,53
3176,4718,-41
3815,2244,63
2015,3043,13
3790,1321,-19
4806,2994,56
2444,2092,58
912,4059,90
3214,3026,5
2365,4155,40
3630,479,17
3473,2666,98
681,1757,22
4652,1799,67
610,4880,20
2157,3121,97
3867,2988,-99
372,2579,17
616,1027,35
2254,4474,-27
4943,4668,26
4139,1955,17
865,3314,7
1269,1565,-58
785,587,76
4572,4453,11
4179,685,49
2238,3269,62
4055,3491,-82
4896,659,31
936,1297,-82
3981,1526,-81
2339,2083,-97
326,4608,-52
1535,1072,53
3481,2321,-98
3862,2575,-49
1986,210,27
4933,624,-65
4604,1806,68
2779,4269,97
1271,3750,78
641,4543,2
4704,11,-85
4079,761,-54
4662,1328,-21
1368,1178,-55
4043,2371,-1
2576,3609,82
3604,977,-3
1582,2493,23
1987,2390,66
2241,2458,33
3967,3674,-17
2106,2553,-40
129,4136,-92
4802,1483,38
3997,2311,-36
852,3742,-10
4104,3840,21
2077,2756,-42
2995,823,11
3745,3598,12
2757,461,97
1645,4313,17
4372,1741,-94
3145,2125,11
243,1445,21
4086,3098,-40
171,4470,-44
653,654,-15
3513,5000,61
1500,3542,-17
2100,744,-56
2159,853,-56
1973,4927,-86
3926,1562,36
2259,3946,73
4040,2677,73
2036,1319,-65
3272,122,-55
858,4255,-59
3824,3728,57
1050,307,38
3991,3983,17
299,1113,-68
924,4847,25
4233,1897,9
4307,4687,67
2800,346,-31
4876,3912,70
4063,149,9
4046,1040,66
1803,1391,24
2714,3905,-62
4507,4877,80
2854,118,-18
2658,704,58
4523,4384,5
3347,2956,-38
1472,2025,-76
2950,4539,-60
942,4997,77
1908,4397,-42
4838,4346,76
1244,1958,-71
4424,4782,-56
1467,2800,95
3958,998,-48
1967,406,53
376,2849,98
263,244,-61
4363,2415,39
3389,3857,-100
3396,1606,-31
1945,433,28
1894,4279,35
3635,2807,11
1653,1142,-68
4142,4127,95
3893,3025,14
600,1173,77
4816,3457,3
1913,4198,33
1293,1096,87
601,3906,90
381,2853,79
4214,2456,30
3638,3924,-22
2164,1391,97
4356,4926,-95
1099,2837,-64
366,618,78
2571,2597,-74
3420,4387,5
2477,2470,73
791,4277,-32
3570,2703,22
747,3166,44
313,260,-84
4634,3179,4
921,2292,17
1078,4431,-78
2830,1047,-62
2382,4367,60
3619,4058,93
798,3212,-91
4444,1408,-18
273,1401,67
3011,1010,-28
4816,3407,42
1774,3603,-58
2548,4228,-13
3165,2816,-89
4781,1745,-79
4718,2549,-83
947,1546,93
2666,135,-39
507,4863,88
244,2860,87
506,3479,-22
4518,4866,66
3159,2142,49
3591,1265,41
1873,1773,4
3794,165,-94
1193,4421,62
4426,2988,-67
4746,620,94
1465,231,-38
391,2781,29
4477,3152,8
3378,1378,72
4838,1892,-38
4916,3753,29
673,3973,81
2561,3233,-50
1212,403,-60
930,2775,32
1540,4481,-16
913,2608,-30
644,1191,52
4523,389,-100
502,3405,-92
730,1774,93
1284,790,94
2119,1495,7
4553,2752,0
4387,1548,21
3837,821,7
920,4037,-97
4051,4958,48
2340,1480,-40
756,2370,-75
1870,4066,16
4473,3131,71
508,1464,64
1437,1908,-23
2576,3066,37
3427,3646,-19
559,4029,-20
3103,3966,-26
4517,4847,-54
3623,1317,-13
4400,182,-18
4058,2655,50
3716,961,19
1302,4201,22
2156,2655,-47
693,3295,86
4351,990,46
1479,4580,-76
257,1726,-34
2431,707,40
442,4116,-80
1882,4848,-79
2647,4331,74
3821,1621,90
4678,4702,-72
1736,4650,-52
3736,3422,6
2646,4682,-76
19,3581,50
1125,423,-25
3986,4016,-52
2655,3197,50
2081,4554,-96
1548,1915,56
862,2602,-96
155,4011,-62
3495,4086,62
905,4942,-20
1270,3183,-71
405,4647,83
844,3751,-99
1783,2059,-86
1565,1646,-50
1185,4593,-78
747,3088,-75
1726,2793,-90
3189,2537,27
271,3260,-77
4866,2512,36
3957,2091,-30
172,4635,37
274,568,-4
2307,121,9
1159,316,-29
1707,621,-30
1772,4064,84
422,454,-11
1210,2735,26
4676,2672,22
891,4708,42
4818,959,-68
3268,2009,38
4977,4743,46
1474,763,69
3244,1361,-43
4479,4336,45
2182,2052,45
1450,197,-79
3097,261,-12
3257,3909,17
3157,4190,79
1591,1281,-57
4240,136,58
3982,2546,-92
1436,3486,-51
224,369,18
220,3663,-40
4275,4864,-82
1655,3455,-49
4529,4769,-46
265,4607,-76
954,4809,-32
4525,4916,-26
3734,545,40
2775,4600,61
3125,3424,-29
480,4901,-76
3515,4806,-10
1354,2373,-26
3323,4484,-37
3879,4336,-19
890,1098,37
3855,2079,-4
925,2527,-1
2171,4164,-84
1903,3712,-96
4874,3054,-34
2396,1944,0
29,1720,37
35,291,54
3590,3690,83
2671,975,34
3366,415,12
589,851,-72
3219,3778,-52
3139,2729,66
904,4642,97
4087,3961,-92
2170,742,99
340,592,88
4271,750,-23
1715,2220,81
4693,838,36
4547,3131,-41
557,3482,-49
3088,534,20
3267,4461,-26
3568,4463,-90
2057,1774,3
3900,2344,62
1017,2654,-26
2063,2571,-65
839,265,82
1638,3596,30
4322,2035,8
3497,3203,-18
1814,382,99
3480,3297,80
1452,1167,-73
2314,2479,-48
1515,389,-47
1232,2072,80
1646,395,-36
3000,3658,-48
3441,3257,-61
4057,4020,-60
306,2240,65
3537,4817,-26
1724,2860,-72
1690,2394,58
1518,4569,88
3918,2051,-61
420,3122,29
2937,925,-53
3863,4972,-100
4230,3576,-42
1451,3283,59
3097,3752,-13
3262,3355,-99
1165,4475,-42
1870,3398,30
1820,3769,-52
2706,4221,-25
3516,2982,-67
1343,4576,-39
2227,3473,-67
1080,2618,-78
4207,3500,-82
4564,3593,79
2780,432,-41
2529,1113,26
814,4697,-5
2032,4952,55
323,2054,-11
2970,4254,-52
904,4319,-56
1542,2450,-25
3504,545,6
2654,3159,-41
2477,2629,83
3341,3452,31
4244,538,45
1142,1437,56
850,2816,19
367,3766,66
2898,3063,-46
1090,260,85
4042,4922,74
2039,4412,-70
2861,4842,14
4271,719,55
1855,2728,54
4684,2902,-71
495,461,-52
3183,2855,69
1785,4068,-26
3511,1703,-33
3787,3248,-1
4131,2978,28
999,1815,71
4470,3481,2
1452,1742,64
1752,4072,60
2281,30,48
4801,3494,-13
4659,982,67
2935,231,88
3735,2777,13
3347,1252,-88
1874,4495,12
4535,4191,65
3804,1964,56
1980,4571,80
699,3167,-37
1313,1779,-65
2963,4871,3
2939,1148,10
4788,2848,-96
2301,3851,47
3198,2992,38
127,3071,-29
1192,621,55
2640,964,76
4390,2861,68
3917,2143,45
1367,1501,57
1020,3190,27
4080,1327,41
4515,122,-45
4540,4314,-28
685,1077,79
3630,3198,-10
2888,1183,93
1463,795,94
4087,1625,-72
2262,4272,27
4181,292,-74
2842,491,-33
1768,2809,62
4181,3429,-10
3561,634,-91
2113,3500,26
4759,2173,-75
627,3387,-30
4160,3908,-10
3415,4700,-7
1376,3469,-25
1182,491,3
491,4661,88
3730,4264,96
3535,759,83
3297,1198,-24
1941,3444,91
4409,1905,-60
1883,1651,31
4909,4276,-35
2988,3192,64
3160,28,-67
4776,2751,21
4531,2705,-51
682,2880,97
1074,4358,-11
2388,3726,-59
2395,2674,28
2694,2833,-67
1371,3110,37
4745,4293,-96
4341,3597,-11
2157,3696,71
2581,1461,46
4392,2922,48
2160,1434,20
3249,4429,61
3732,3537,-72
3830,1182,1
1628,3406,-61
3473,4175,14
28,3915,-83
1986,4293,22
4154,3192,-52
1522,1784,88
297,3723,-36
2182,4322,63
3403,2643,-31
2297,3712,-94
2598,2961,-40
902,4831,91
1099,1580,3
1678,1620,-13
2882,2967,57
4867,4316,-84
1379,2341,71
1249,1228,99
3736,1729,-25
4242,3586,-75
1265,202,44
1908,3161,62
1059,3274,73
2750,1714,7
2049,753,32
4249,115,-56
2477,3981,-26
4017,2819,43
4604,469,-43
3198,426,-59
4587,1576,-7
3554,1866,87
4441,834,83
1762,4107,33
221,3704,-81
4819,1409,-77
4624,3482,-10
2889,2171,94
1665,604,-49
3987,213,37
4577,3902,52
2978,3739,5
1872,2755,72
1463,4636,-100
345,4802,-76
45,1759,11
2069,4594,2
1515,3069,36
2599,782,69
1002,4222,90
1034,3431,4
2041,1527,52
274,841,-53
2648,1342,82
1780,4108,-35
4477,1501,-77
479,516,-19
516,3463,-10
4287,3080,71
1192,1148,83
2669,3444,-66
1412,3257,-67
3281,2595,-95
272,3657,76
143,1549,43
3333,2087,40
788,3156,-89
1682,2351,38
623,979,-54
3842,2306,-41
3677,3884,-52
2573,3048,-49
3261,2590,-40
4713,2007,-6
67,2600,19
4287,2509,-61
4617,4320,-11
1141,2140,-30
2315,280,80
2533,1194,-40
3581,1758,49
1188,2046,-63
4472,248,-40
4749,1385,-18
3340,1373,-1
549,2914,17
4088,3673,-54
73,45,-74
199,2086,45
3202,4512,24
1782,2541,-81
572,2371,-59
791,2516,-60
1639,4183,-29
1832,4324,-43
1856,623,-61
1175,3382,18
3741,485,57
3278,2888,39
179,25,17
2245,1815,-39
4087,1226,89
735,1249,-14
799,779,-31
788,2843,-2
2796,3701,42
4305,1583,23
4589,4849,-94
3085,1714,33
2919,3592,-74
732,4522,-99
1130,3139,33
3447,4756,-40
1606,1518,59
3779,2733,56
2746,4643,-36
3171,2964,42
4690,3864,37
2934,3769,-91
1216,1497,-91
325,3728,-64
1851,1736,-69
1491,1344,-65
894,2268,-37
1391,3916,42
3390,49,-28
4240,2511,-85
4480,3335,4
2264,3661,-18
3433,1747,73
2372,496,21
3087,634,71
4313,4698,-25
1516,2818,-66
2918,2721,24
2353,176,-50
1168,3161,6
111,639,85
4328,3358,-96
3656,4393,65
3794,475,-95
1756,3828,78
1578,1647,41
1297,1959,75
3775,4121,-89
2221,349,13
973,637,79
1031,3615,13
2594,3821,-33
3993,4323,6
4614,4134,-42
914,2618,-83
2182,1205,80
3198,2162,-70
1463,2180,-66
2379,348,-97
3455,1204,-92
3554,983,8
1308,732,42
4995,2601,-59
1190,453,86
688,4074,-16
4662,2895,-5
1208,2235,11
1895,164,-69
4923,1448,-21
1812,3870,-56
3184,102,-96
3798,4055,58
1645,3708,52
3969,1453,83
2717,4787,-100
191,2659,-40
1336,536,-34
4804,1701,-34
3107,1464,69
379,4220,-5
4483,4345,-7
3830,1972,-42
616,1453,77
2331,1594,-67
1755,713,11
464,3656,-33
967,4343,81
4268,4577,41
3159,4085,59
3625,1449,97
4939,3649,6
690,2014,-20
2623,459,-93
2213,2844,62
383,593,-77
2257,498,-98
3811,2135,-20
3504,2450,-65
1413,4293,78
1584,2812,3
372,27,-20
611,3917,84
116,1718,-42
447,2254,-7
1392,3643,-79
3325,3656,64
1341,3299,25
4511,4699,-89
2940,4458,48
3700,1284,42
1074,1087,-89
4814,2016,-15
3570,1716,2
3151,1727,-45
1606,908,5
4658,3464,43
2295,4342,-68
3663,4443,16
4483,4468,70
4798,809,-52
984,2897,-23
352,2171,-83
1725,3129,43
1952,4256,67
1280,1151,94
1908,3679,6
4849,1335,89
1025,518,-11
546,1289,-22
4175,746,-1
2382,4516,54
889,3968,17
1106,4236,19
2550,4803,26
1991,698,-20
3999,3035,41
3776,475,93
2813,3977,54
921,511,-47
4646,538,-13
2062,2261,87
4488,2945,67
3640,3875,72
3166,1367,-2
4436,1062,-33
2645,4329,95
4853,2308,90
1046,308,67
3557,4499,-60
2682,997,88
3200,1285,92
939,4846,-100
4944,1130,-92
442,304,-26
2551,3892,-21
4226,855,-8
597,1746,42
1506,818,-42
862,3650,93
2641,973,-91
3732,4134,76
1552,1179,38
3237,105,-71
1737,255,-78
1450,2536,-79
265,591,78
2660,525,-59
2722,370,-72
1463,4198,72
4253,2964,60
1446,664,66
2299,690,-36
2926,2647,77
1633,2589,11
2375,1536,-15
4991,2029,-53
513,1857,-64
216,3187,-15
3332,2770,60
2173,2988,33
3154,4476,-10
1707,1149,-31
2107,781,-46
1568,4406,71
2209,2154,-51
2332,556,-47
2154,3297,90
1129,3314,4
3511,4493,-85
4324,2584,27
3654,3708,-54
2366,3869,84
4898,3044,29
2922,3014,64
4568,3845,-8
1080,1170,-78
3512,3263,40
2742,4023,14
3021,201,-36
229,1891,-53
171,12,-94
295,1977,58
4285,1326,90
426,3372,72
919,4071,-45
3254,3557,91
499,4967,-79
2810,366,-38
4962,657,-21
826,161,-73
3780,175,71
1859,3471,2
2119,4061,41
146,545,-16
4566,3855,46
3578,1762,87
193,957,-24
3889,452,-99
52,82,-50
2411,1237,-23
1821,4912,61
2965,447,-19
2522,2166,-50
1870,1620,46
2569,1794,63
1868,3315,17
2739,4845,53
3270,1174,62
3200,646,-38
2580,379,3
4006,2656,31
4936,3585,-16
241,3734,-98
3441,1141,-96
4632,3736,56
1408,2014,18
3503,662,-82
4039,4972,14
83,12,44
3769,388,-67
951,3024,-81
611,3834,55
4670,1920,-28
3606,4492,94
4555,2593,37
3284,2709,48
2174,4736,15
3485,100,-97
1523,4553,-79
2602,4077,-30
2658,2772,89
2160,4170,-89
2450,2378,38
3831,1864,49
122,4020,56
4369,4271,88
1318,3759,-40
4494,4593,-74
2519,4524,74
1231,35,-17
1134,2167,41
1302,3640,-94
4035,3973,42
1911,3381,73
1506,3177,55
3186,176,70
1917,2154,-91
4916,4688,78
3549,1587,-98
2758,3659,2
1957,3003,-57
179,953,-47
897,4957,61
1552,2872,92
492,4330,-12
61,2715,-76
1078,3657,90
2896,2979,-31
4161,1810,-56
3684,2807,-33
586,4152,-75
3961,3760,-75
3771,3329,53
535,2971,89
3463,4909,11
4012,3135,-9
3399,1960,88
2156,806,29
1005,3101,-60
2500,1576,72
327,3731,-87
4704,600,64
2707,2616,29
2,3372,-96
1034,612,1
2482,1950,29
125,561,28
1105,2547,75
2700,627,-79
1862,2812,-60
2921,1611,52
129,3263,-55
438,3783,-7
4847,675,-92
2549,3723,88
3130,49,0
1222,1387,-54
902,1903,-27
3169,4723,-98
4487,3568,-93
3919,4373,52
1068,2095,-65
27,3843,-58
548,4312,77
2669,230,-38
567,3493,61
704,1686,37
4281,1311,-74
3141,4142,-12
1591,633,-88
4944,2423,-50
4695,2751,-33
806,333,23
3792,1880,43
1358,507,39
3226,4213,-76
3619,943,76
2127,636,43
2461,1590,2
546,1463,-99
2729,1992,-28
3735,4965,22
2563,1735,26
2080,2264,-24
2642,113,-23
3115,2264,-25
1927,427,62
617,1067,49
3645,2812,-53
1204,4380,13
1760,834,-37
2566,230,94
3175,4481,49
3082,4255,-28
2631,824,-54
3162,2519,-61
4322,3668,5
670,4304,80
3169,4270,17
2122,1824,-98
4079,1105,-6
4152,1042,0
720,708,33
2601,1384,41
3599,1892,-18
4670,1303,85
667,3022,-19
284,677,20
3904,2565,34
3566,3323,56
2235,4758,-98
4594,1564,-88
1466,1261,63
130,3204,4
4735,2354,-12
2061,358,-9
3673,3235,65
2495,419,-26
993,4738,-41
2122,3956,25
2585,1594,-28
4197,4603,-79
2224,1386,48
4523,4408,22
3189,2752,-68
3238,245,-97
4137,4573,71
4525,615,28
344,250,89
4462,3094,49
4705,1596,-42
4824,1930,-64
2277,511,50
4921,3968,60
3202,4870,12
889,1366,49
2044,924,91
1342,74,26
3721,809,89
2884,2879,17
4213,2268,81
2416,2127,85
1118,4331,39
4264,2205,11
3002,3680,45
1739,4738,94
1365,4717,87
2709,3659,24
4791,985,-1
925,1299,-100
152,3745,20
586,3281,-12
913,3956,-81
2322,2654,-84
496,3688,76
3796,2963,49
2149,2947,13
557,3046,60
1553,860,-75
2121,2086,-74
3086,2728,87
3505,377,61
157,4472,-14
735,4691,-21
4655,2795,79
3277,1066,-46
155,3683,-40
997,2008,77
2295,3202,90
4627,1052,91
2906,629,-87
4825,2374,25
1178,3975,8
154,1184,21
4188,4842,-50
1717,1278,12
3203,1952,54
2858,3922,67
787,3425,-33
4369,1326,-92
4273,1172,83
3768,4317,-62
2879,3770,42
643,1872,-12
4663,3632,-83
666,2311,-49
3427,2344,88
3784,3387,-64
3702,3068,-21
1070,2340,80
2350,684,39
4504,876,52
1213,1055,-22
1153,3754,-76
2512,2603,48
144,4015,21
2490,349,-13
3229,4315,34
4583,1023,76
4956,450,-62
3206,504,-26
4244,86,-4
3143,3323,-52
3305,523,61
1358,3152,43
2714,3693,-5
4186,2509,42
1358,630,-61
4295,18,-94
4634,1269,0
3193,1177,-61
301,1633,93
724,4596,-31
3011,4554,2
68,3770,-9
3837,3614,-79
3994,115,0
2507,753,86
1538,4865,32
398,2401,45
4716,1871,-90
3358,2589,18
1164,322,-93
4826,4322,-81
556,3828,-42
3662,4457,-10
1752,834,52
2942,4208,85
2658,212,14
2796,1257,-82
2330,159,24
1960,2620,29
1602,1348,5
2794,3165,85
1481,3213,-35
1103,911,-94
3277,2452,-50
1300,3804,-6
4995,404,60
3880,1842,-26
1536,2649,3
78,1691,-88
2832,3486,37
3411,1257,12
2722,4289,-42
3628,3185,-63
1533,1643,-81
238,3353,-87
1997,523,-61
3428,4446,34
278,1945,96
3090,3572,-95
524,1561,67
4276,4748,80
4219,4731,-92
3123,3595,5
4576,593,-36
1798,3894,47
2132,2669,33
816,3903,-5
2695,756,-62
443,1300,22
3141,497,-80
143,4869,-64
4288,2422,-89
1411,1599,97
4474,4280,-86
535,4128,48
1717,4379,-16
3365,4932,-9
1033,3591,-1
3343,4782,73
1411,462,98
4501,4967,8
1173,368,-15
889,2706,37
3339,3324,-19
4518,166,-35
1642,3687,17
472,4083,16
2941,3048,66
547,1729,-79
4727,4698,-15
3598,3670,69
2826,3175,33
3724,2174,9
364,38,79
2167,4444,64
3310,2022,-95
546,734,-28
3241,4522,56
4730,648,0
1937,3303,96
963,320,78
3006,4608,-24
3807,2554,-74
883,3179,64
3841,1723,73
871,1757,-3
4612,3679,-76
2986,3779,64
866,2516,50
4310,3848,53
3204,938,-25
2898,765,19
2245,653,79
19,4081,-98
642,3603,-28
3084,2130,10
330,4577,-22
866,3965,-29
774,4612,55
4488,187,-67
4733,146,-17
2355,4248,-36
3339,1387,-72
3519,4189,-97
2943,2588,95
2568,2697,18
1675,4013,89
2684,4698,65
3381,49,94
740,3330,29
1546,3590,12
4565,2589,-9
2260,3482,-25
1136,775,24
874,4642,-57
4556,1261,13
2301,650,4
752,3440,-6
854,3049,16
3733,2024,0
2284,1081,-69
1330,4271,30
478,2075,-84
2727,4243,18
3092,4964,39
4231,2313,-37
4506,3475,90
1270,2306,-23
4182,3261,99
2604,2875,-60
1470,4839,-99
378,4806,80
1681,3311,-67
242,1351,24
920,1094,-13
70,3777,11
3925,3097,-61
2087,1855,98
2008,2267,92
801,561,-46
2780,4988,25
4921,4693,-27
756,4546,78
1996,2384,-96
1322,1826,-45
2331,1684,17
110,1199,48
1017,1010,-43
3866,1772,-8
25,1708,-70
4939,4536,73
2839,2273,54
738,2613,97
180,4342,6
232,1543,58
1918,1238,68
343,2976,-56
4573,1725,63
2624,2264,-99
455,283,-39
4385,2621,48
4626,3287,61
2277,172,-15
596,3457,-88
3875,1883,-82
4531,2276,60
4978,2622,23
4498,601,1
2670,3791,3
2136,2024,-52
3965,467,-98
1566,3951,65
309,3890,-30
343,4393,-86
436,2593,-63
177,1020,52
139,1548,-40
194,4757,77
3258,4750,-91
3236,4898,-1
943,4437,0
4621,704,77
3880,853,22
3114,306,-59
2963,3579,98
4837,1934,79
4958,1788,73
954,3788,-61
1303,874,85
3382,1582,-77
2881,3958,-32
2188,4591,-16
4888,3333,67
546,1686,47
1928,1606,-72
4153,896,-64
5,3264,-81
3482,3425,45
3254,3854,-97
1363,2347,38
1821,3532,91
2664,2475,-15
2939,1862,-49
1274,2764,-58
3327,4853,41
3660,31,21
2946,4008,72
3019,3456,55
1132,243,31
4764,4782,43
2637,1499,65
3030,4669,90
3020,3423,50
4378,4004,-24
3160,1660,47
254,3229,96
329,599,-18
2592,2196,48
2831,70,69
3045,1394,-32
1421,3660,-87
3402,1650,-31
2893,2282,-96
655,3683,51
760,2684,56
1799,4563,-99
2972,4653,-95
4512,4990,-67
3427,4932,-79
255,1311,31
3824,4714,12
1877,4230,33
2758,4104,-34
2625,2076,-24
4996,783,90
4122,3807,-11
3005,1334,15
4517,3718,-14
3735,4637,-33
1245,1058,61
1009,2055,0
4315,3402,99
1511,2110,61
1960,3158,-44
2509,3797,64
4759,3649,33
2683,1321,-30
990,4418,72
4285,3700,68
255,733,2
4164,3634,32
4712,3550,-41
4970,3663,94
4453,4645,44
256,605,8
1008,1723,92
1756,2405,0
2572,3483,82
3909,2813,-92
2998,1582,31
2804,2279,69
3766,2351,73
4380,3624,-27
3384,715,-5
99,925,28
197,3163,-14
2530,4154,14
878,4530,44
1869,4079,15
2666,2570,27
1389,2816,-10
2416,4579,-22
570,4463,17
2638,889,-94
1066,3479,32
422,3590,79
2884,1724,15
1205,1259,2
545,411,-48
4167,2231,18
3640,3195,-98
1224,2206,-39
3173,2061,-69
768,3899,-99
3658,2614,-21
655,1813,23
2447,1803,-20
221,3907,-48
3667,678,39
4278,2911,23
4403,4714,32
2570,2252,-97
1014,3005,-45
2052,795,-21
3986,729,91
4944,1694,-56
4900,4735,87
4311,191,47
3020,4995,-48
3682,1997,-28
1444,2108,-85
4197,3867,-8
3011,1490,12
573,2110,-71
1333,638,-81
4754,4046,5
4003,4159,-14
3135,2820,79
4087,4112,-65
226,842,-79
4201,3952,28
1998,4059,-80
772,3248,75
4525,1217,99
434,899,-96
3100,2223,19
2730,1258,67
3408,1515,-19
3141,417,-22
866,4547,-56
2794,2884,58
2912,3827,42
2416,4376,-43
251,4340,80
4952,675,-56
3758,103,94
4657,2358,69
919,3994,51
1174,4028,-63
3204,3709,-50
433,4213,-77
836,1496,-10
2247,4859,60
2263,3393,46
898,3507,-76
3633,2786,-31
4568,2235,-52
3816,3660,-84
247,4881,48
2430,3733,-58
991,4803,-19
3311,4892,49
927,4569,-38
3439,3526,-77
2608,3518,-68
1075,4778,94
4023,4190,-84
3800,4832,75
4785,2530,-57
3152,1914,52
3439,2458,99
4574,1151,6
3492,3859,-2
707,4138,87
3065,4137,-72
754,1511,-89
588,3971,-1
1335,3916,26
1848,3253,36
3935,3750,-15
3927,744,-48
3318,2766,-40
4021,3939,58
3156,2512,12
4303,1074,-53
2199,3218,7
165,4394,-22
1999,2193,-54
3058,16,60
2085,3554,-34
4429,107,-37
403,4315,21
414,2969,44
45,4467,-57
4158,3046,-96
2468,2858,-7
868,4350,89
19,1429,90
365,2009,-22
3833,3102,-62
580,3637,99
546,3472,69
4151,3032,1
4874,2922,-9
3040,4446,-80
4138,879,74
4045,2513,-27
4327,311,-73
453,1115,48
3962,1322,12
1382,3397,-73
1468,4376,-15
2739,967,1
1217,3190,-82
881,695,-38
3815,2615,15
3150,271,79
85,1412,-63
4145,3028,-55
1169,3125,51
4165,1754,-9
3130,4937,72
3646,1822,-92
2527,4336,-92
2868,3286,-80
3517,361,-77
3368,3436,-6
2195,734,91
3556,852,-8
446,860,-61
3627,4797,79
4017,1351,31
3876,4085,30
3338,2884,40
262,3548,-80
1849,4919,-93
4993,4193,19
4026,327,9
2267,2121,28
92,994,-87
4223,1767,-25
4176,4429,-65
3310,1181,49
983,1965,16
3444,2782,63
2534,2906,-56
694,99,43
4121,2780,-90
156,244,-34
3589,4038,-3
1813,1501,52
4115,2710,-11
1408,3054,94
1217,4463,58
1411,3227,12
3498,1048,92
4373,4379,-11
4841,1316,-12
552,1387,-90
3395,3921,-21
1177,1738,-17
4735,422,5
4333,3802,15
998,1412,65
4077,3250,-99
2732,4571,-47
3938,2453,-8
4053,2084,-94
373,4454,76
2249,4654,-61
849,3679,-56
2557,1351,81
2323,2368,88
504,4834,31
3190,3341,6
703,2573,-67
3626,4121,-93
315,3845,-69
2377,640,45
1041,1575,67
4379,3229,-26
2991,4270,83
258,186,-64
575,1319,82
4670,528,-65
1553,3260,-91
4519,3484,-31
758,3020,17
2811,4780,90
1105,2234,61
4525,1568,-6
3460,575,-29
3993,2035,44
204,1325,22
2776,4405,-40
2333,1213,45
1993,1435,88
2244,538,-65
307,4954,80
1688,1575,60
4110,193,50
1861,1187,91
1962,4149,-63
723,475,96
780,4270,57
529,1814,43
4894,4796,81
344,2438,86
3787,3380,3
3683,4553,-9
209,1355,-95
4737,3401,32
3407,3755,-9
1312,3530,-100
2300,159,-87
3337,1838,-18
1948,4612,-70
920,1026,78
2045,659,20
419,678,-22
1750,4411,46
2843,4047,1
1100,3822,-69
3393,2376,-44
2773,276,-70
2481,4548,-43
1546,1589,53
1071,4582,-53
1851,4663,22
4199,246,-60
2940,889,52
1904,2212,74
679,4026,81
989,1,20
2476,2911,84
1608,2185,99
2870,4247,-40
1503,3252,31
1790,3052,58
1426,1511,19
2441,3772,-5
2043,1129,11
1279,698,94
2595,1089,-60
4690,2420,-75
2437,2629,95
3804,3790,93
2206,686,-82
1028,2757,-14
3540,1843,-76
3484,1733,-54
2242,4836,98
2766,4367,-93
1174,1973,-98
3231,711,-68
3351,325,11
4912,4894,55
404,2968,-79
4989,3800,-2
2726,2595,-3
3383,1093,-71
4164,2956,-54
88,212,63
1159,1582,-42
4274,3832,-87
2858,1444,-28
1382,4144,4
4682,4327,-87
2065,579,83
2375,2998,51
318,1755,-52
1503,2980,70
2043,3606,-98
4599,422,-78
2023,611,47
119,446,8
710,961,42
3558,131,-58
4141,2648,-30
4410,4080,60
3251,2435,-46
418,3730,25
2604,4432,-19
3855,1025,-60
1102,1653,45
4422,538,30
3429,4592,-98
2262,3084,-1
4170,508,43
3635,3925,70
509,681,-78
2380,2613,42
3165,4877,26
688,760,-43
4753,4224,67
1293,3148,17
3906,2194,65
3076,2547,16
3210,4656,-19
325,1223,1
1994,3575,33
3977,3024,7
4813,3281,-55
2771,1072,-95
4373,541,22
2584,511,-9
3558,4451,47
3588,345,-82
152,4243,-87
955,3370,-36
4355,3823,-5
2372,2380,56
4965,2481,58
1192,399,52
688,3407,98
310,3281,-55
1503,4683,79
3128,3767,-85
4569,1295,7
3368,3252,38
3396,3510,-83
814,2036,7
846,4834,83
1165,3850,83
4763,1778,84
1768,380,-32
355,3764,19
1873,1662,93
2025,3059,-13
2818,1307,-11
3833,2466,-85
4276,4452,1
66,16,33
4916,4411,79
4267,2581,24
4091,2593,19
2522,4790,82
2582,69,-25
1391,411,-28
1131,3124,76
2487,2860,99
835,919,83
227,4836,-60
3516,1491,98
4538,3806,5
2444,3344,83
728,2487,20
3687,2578,-12
3623,273,90
1037,4555,17
1833,820,55
2741,2616,58
493,4957,82
1549,2545,79
1144,3985,-35
3958,4891,-55
3408,4901,7
640,2982,-97
173,1891,49
4355,3040,72
3960,4936,55
517,2683,37
523,603,93
1918,3938,76
2887,1433,-6
2165,4463,5
1930,256,-21
3946,2488,-50
2210,1359,70
3784,3702,33
2591,2483,20
4935,690,52
4077,3533,-97
1094,308,51
3881,1697,83
2495,3167,-10
2580,409,82
2489,3952,-47
2786,826,-98
2759,1192,74
1575,2135,-71
2374,3095,-25
3991,4194,-60
4846,1775,5
1094,4417,82
1190,534,-42
2690,2868,-61
4096,1208,-56
1876,417,49
3407,2777,-86
1788,1238,-84
3933,4944,86
1608,4766,7
3749,1944,-76
49,2181,-58
3862,2101,91
2181,4837,78
3047,4119,-40
2834,3675,72
1398,460,30
3827,650,63
4575,4578,91
832,120,-73
2698,4769,6
4778,2256,23
2736,318,72
82,868,-17
87,3227,48
2064,394,-74
822,2553,-18
163,4409,-1
3740,3229,-25
2398,2062,-66
1933,77,75
2729,3411,-4
3536,409,-1
3447,4093,50
2791,2268,91
2708,744,-88
3934,4529,57
3386,2854,47
923,3835,-95
2176,3998,46
1583,1832,94
565,988,-27
3259,2702,-91
2598,3713,83
2501,3908,-80
4567,2865,26
988,755,-45
3637,676,-44
224,4928,29
351,4124,-62
1929,4512,-40
349,1711,72
4278,3476,9
4733,542,55
1018,165,45
2227,2256,-87
4868,985,82
4125,2662,-42
2420,4469,8
1894,618,46
3041,3914,-60
2069,69,39
1126,3425,47
3118,4197,61
4162,1,24
4043,2399,-65
4434,2055,-80
2171,4414,-45
447,186,-60
2659,4824,26
3363,2510,68
2719,4439,70
3484,4809,5
2945,3080,99
4377,136,-15
596,383,-63
1987,4282,45
2751,2687,-93
1075,928,93
3970,3444,47
4306,561,96
4222,1190,84
4588,898,5
3581,2369,45
3008,1739,7
970,4954,87
581,3046,29
2825,4381,69
4002,3873,-37
1212,2399,-57
230,4762,78
4285,1394,0
3186,2589,5
502,3467,-36
2133,2025,-36
49,3686,17
3567,930,23
3056,4310,81
689,4400,7
387,3227,-6
970,1404,66
3461,200,35
1006,3752,-34
3053,2286,10
3418,671,-25
2303,1729,-52
2284,3239,63
1608,1250,-94
4367,879,-86
123,4347,-16
1281,3352,52
3728,2524,84
259,498,-63
948,1988,-64
4959,978,21
525,3045,-85
888,2749,-100
208,4880,74
3383,2477,79
2795,539,-64
149,4041,-56
438,901,41
2203,1467,84
3750,3016,61
3162,4306,93
3902,1734,58
4454,491,-18
3246,1710,71
4552,1754,-78
2824,1919,-7
4725,2035,-20
3271,2712,-35
486,1487,38
200,1501,76
4467,198,-43
1983,1968,-72
1472,4617,-18
4344,1535,78
4884,1714,28
2312,1349,32
3374,4784,14
2079,4563,-67
1522,3845,24
605,596,-23
3849,139,-82
3343,1015,-13
1418,242,67
4598,2364,-20
3876,733,93
2934,135,-6
549,3260,91
839,3762,-29
3816,2627,44
848,3141,-63
4710,2487,70
4508,2125,-61
4774,1511,72
4255,1819,67
4469,4854,98
2273,2797,19
3321,4513,-13
2559,4303,-11
4699,1644,-71
4312,2769,62
1997,4407,93
3674,3365,71
1565,1400,31
4019,1551,91
1841,3412,32
3292,83,75
2888,1480,-35
727,2921,-6
1245,2284,-74
3461,2441,51
3719,1783,-45
1066,605,-56
4772,4334,-33
283,731,55
1082,1361,-96
3886,2079,7
2882,978,-54
2585,1638,32
2971,1982,-96
1153,2951,75
3498,3301,20
948,4005,-28
4761,583,-54
1718,460,89
67,136,54
637,1977,-97
314,978,76
3398,284,-10
565,2898,-36
1602,2399,-5
826,4113,-21
3671,1239,-14
1026,3467,-40
2252,2462,47
4758,3167,-1
805,3705,18
2452,2054,8
4632,780,35
1392,2135,-19
1236,2237,-88
4033,1640,64
3281,420,-58
4724,1827,-9
4845,3139,83
3550,3690,77
4201,4956,-81
4142,207,-53
1355,3391,-1
1837,3871,-82
2893,3797,-32
2497,2535,-84
2584,2181,55
2559,4211,-65
3619,4307,65
1560,4228,-19
1508,1398,-31
4072,4250,15
2064,1447,53
3643,952,-100
2001,4022,-20
1295,1718,29
4066,4243,63
2753,3806,83
1754,3199,-66
4211,4811,26
1604,1597,-74
1323,3734,94
2442,3217,83
1099,907,-55
1506,3751,47
1127,4059,-93
297,2155,-8
3050,4925,-29
2226,1338,13
4355,4107,-10
3788,2496,-75
2097,2975,2
3610,2443,-39
2209,4474,-7
176,361,60
2503,3065,-40
4000,4738,47
1668,573,-33
4372,1956,-72
2546,3045,-55
676,1585,64
1824,2234,0
1357,3293,-11
3073,3247,80
3260,1815,32
547,4042,-13
2084,1890,26
2041,1900,6
4535,2656,-35
1753,2330,42
1616,3719,-55
1850,1057,84
2643,2130,-93
1601,1507,64
3397,1631,0
4403,992,84
3606,4591,41
3800,1194,32
619,3969,-28
1133,703,22
2116,1031,-58
2340,4922,76
2740,2482,22
4277,563,71
1488,367,83
1558,794,-53
2114,3104,57
1045,4732,60
2432,987,64
1583,958,77
1309,3596,-94
4918,855,94
602,1570,70
1621,2257,-61
4881,3910,-69
4767,4104,4
101,4833,82
4272,2223,-7
238,4177,10
4026,238,-12
2919,3289,-24
2543,4283,-92
2004,4726,36
1538,1733,-37
755,3062,72
3369,815,-10
2259,4710,88
3666,1187,-6
4236,2226,97
541,985,-8
270,798,-7
3461,4163,65
3409,544,73
506,520,23
1130,2547,-31
2080,1455,2
3146,1059,-37
3243,2237,-6
4909,1113,62
362,3407,-89
3721,947,-53
1457,4031,-38
4068,136,72
4196,2594,-95
1682,793,-56
1053,1137,-11
2510,1363,0
4728,555,59
682,2573,95
3933,3404,3
2130,2255,30
4850,1367,26
4017,949,29
3303,104,-81
720,1047,-62
75,4027,39
1294,2615,88
1923,3332,-65
4158,964,-9
4970,3272,-92
320,838,-57
2150,2459,-26
1453,882,-48
4970,3189,-71
1556,4520,14
4208,2203,-35
3033,3335,-63
461,2199,-63
887,212,60
3534,1216,98
3937,881,-46
1116,755,-25
1076,701,15
3877,2220,-16
4616,371,-78
4908,1733,97
1925,802,41
927,990,-5
4653,4772,-52
2282,416,12
1056,2966,13
4675,3338,-56
542,3613,54
2162,1621,-5
2252,1536,94
1053,4345,-52
4570,2793,-99
2745,573,87
3870,4894,93
4482,4857,2
4158,3656,-42
4611,293,-41
4526,4294,-79
4676,80,-12
1561,4233,5
3763,4309,73
1165,1863,-48
2723,619,-82
2359,960,-52
471,3279,-84
1417,3736,26
1469,2214,54
809,3575,-82
172,3997,-71
4127,2478,-23
4143,3252,73
4226,2169,5
2400,3246,-37
1646,2379,-69
58,1723,80
1130,1162,50
1354,1890,-65
768,2041,-91
3896,3972,-42
683,3402,1
3455,3310,17
2009,1100,56
3143,4019,-90
1791,1689,65
1478,4133,-22
886,845,59
3907,1644,-10
4493,2334,1
1539,1264,79
2074,2935,28
313,3686,-87
811,216,30
2236,4777,-71
2858,3658,58
2764,2341,28
2033,1508,73
1508,2091,41
4546,3379,63
2571,1117,73
1895,2741,82
2706,2162,63
597,3257,70
2148,2969,4
616,1149,-58
948,3177,42
4652,4254,-63
4374,3346,-12
3765,3962,-57
2014,1141,8
3698,2934,-46
491,2108,-46
4351,2449,-23
2429,828,85
4988,1204,6
542,3304,-44
1288,845,83
1634,2972,29
4921,1269,23
2927,4734,61
1353,4745,-52
4377,1630,-37
1299,3531,-14
4869,804,35
3968,128,-32
4424,952,85
2259,2265,70
4648,20,-39
2074,3639,20
702,1782,-49
1920,3835,-68
2461,3132,-81
4263,4771,86
4265,4835,87
4325,557,90
367,2245,11
528,2984,83
4887,3564,-64
3719,2726,87
3610,4600,5
3936,4834,4
4620,4888,-50
2154,3332,-72
1909,197,36
3013,2829,-15
4229,4840,-61
3023,3989,95
3484,2470,70
2721,1631,-1
1771,3279,-78
4114,2039,2
1778,2480,-93
4213,4331,-27
798,4575,-37
3216,2476,50
3789,4762,-8
2977,3310,19
3738,3179,8
1712,1388,-5
753,642,83
2470,575,41
3970,3145,-21
1393,1722,2
2606,1019,-84
678,4059,-81
106,3421,14
3288,400,-89
4754,4691,23
1947,1457,21
1096,1596,-29
1783,117,68
4542,383,-16
3258,4955,59
1998,2130,64
4870,1851,9
1562,832,-83
4007,4969,-72
1676,2701,34
1123,2782,-61
3982,3482,0
1302,2118,19
944,4483,33
4551,2007,47
946,2572,-46
601,297,83
2701,719,-28
4821,3137,80
1418,3080,99
1525,11,-13
3767,4881,24
251,411,60
1545,2940,-79
79,2655,-51
3124,3187,-74
898,3451,-53
4877,599,-35
226,824,40
1210,2398,29
4899,4115,-55
4838,313,-30
2179,2975,27
2680,3739,-90
2886,2493,-75
2807,1946,90
704,231,-52
2545,3741,-38
2371,2673,-80
3282,3455,76
4711,3584,-22
329,44,-21
4229,2925,-92
4931,3694,48
121,2271,80
965,3458,15
4225,2950,19
3676,2319,-46
2077,3386,-60
333,2295,-95
3369,2996,-100
1317,3639,-6
1197,4917,91
3171,3368,32
1430,3285,-75
356,2343,-100
4235,171,-100
1527,4342,-8
3898,1640,-63
29,617,-60
1014,240,55
2703,4494,32
828,1857,48
4447,923,-38
2025,4888,-15
299,1905,-17
1866,3150,39
4017,813,33
2112,5000,56
755,1731,8
770,832,3
3736,3425,88
1239,2208,-66
4930,4840,-26
2214,3433,24
1907,4909,-49
1565,3369,-68
1219,2228,52
4602,2261,-87
1358,4626,-48
3840,2918,-40
1461,3521,-88
3986,4381,-86
1417,2709,-46
2854,1821,80
4857,649,99
4929,189,-54
1429,1223,72
4379,479,-4
4475,3063,-26
4294,2026,91
3063,4613,-86
3072,1889,-80
556,1551,-65
356,2917,97
1564,3256,52
3501,2807,-57
1041,34,28
2687,296,-59
4475,2501,86
4776,3780,-68
2554,3577,2
1780,1430,59
4995,2190,93
76,1988,52
4327,4744,-61
3320,2883,85
2350,1710,-4
2774,2778,14
2263,3698,1
3230,1548,-37
2117,463,46
393,3316,-73
1109,3305,-21
4363,514,11
611,4097,69
2776,3567,-15
3999,3804,77
673,3688,5
3678,3939,-53
31,3490,84
1401,1472,-92
4072,338,57
617,3082,45
4635,3413,72
2787,2393,9
871,977,-18
4197,4979,-23
3605,2246,-35
1413,4069,38
2740,1704,-11
941,872,-29
341,3410,94
2909,2590,-86
4134,4553,8
660,1550,-61
2034,3508,40
1561,4462,-15
3458,2622,-68
1657,2530,25
2976,2158,29
1050,2357,8
454,160,9
1705,4940,61
2785,2103,-85
819,2809,-87
4869,2000,-55
13,2582,-51
3980,2994,12
921,2935,32
4921,2312,-58
2419,2796,45
1315,4329,-53
3678,4329,91
2018,3589,53
1229,3117,97
4793,4654,41
2435,3748,93
2869,1950,88
2516,1460,-80
1439,4431,-46
4165,2452,15
3544,4352,7
3176,3068,-99
1782,4091,30
2264,2989,-88
1970,772,-80
212,1112,60
508,3312,47
332,4407,24
551,1595,45
942,2730,-63
728,1282,-76
4976,3586,65
2863,2829,42
3244,2374,56
649,4886,-4
2738,342,91
2748,4934,-69
1010,4724,99
1551,2819,-58
804,2926,-88
4081,1273,-23
4310,710,-76
4265,739,-52
3402,1779,-13
4242,4591,19
4612,4131,35
3162,3719,55
4549,4914,25
4156,10,-90
528,1738,82
3299,2579,-91
1024,1559,-42
3735,2143,-36
433,2624,32
1177,4001,-21
401,4546,47
2105,2144,-9
3051,865,32
2234,1801,11
2446,3453,94
4701,2717,57
2836,4303,-14
2514,1810,61
1774,4946,12
1097,4342,17
929,1998,-9
1952,2932,-100
1974,2131,11
1555,4413,54
2779,2693,18
4422,3177,19
995,2797,90
613,4696,-67
2594,1556,-6
596,3691,-69
842,4937,15
4440,3573,98
859,4444,73
445,331,95
1789,4706,84
4318,1945,-79
3455,4840,56
3953,3959,-3
4688,4665,-56
1031,1685,72
1296,2437,-34
2064,971,-80
1448,747,48
2046,2185,87
4620,1385,-72
2851,4031,-68
3825,1019,66
2069,2579,89
3762,4112,-11
2276,4664,25
1809,3941,98
1312,2025,-56
4056,1543,85
2452,2712,-28
1090,3047,-19
1673,1455,28
3676,3004,-90
4533,1703,59
4925,4421,6
4355,3874,76
2004,122,-10
4199,1477,57
4865,266,-41
1125,28,37
1222,2125,1
2861,432,48
2274,4975,-95
2991,3778,65
2511,4532,24
237,1086,15
1145,2095,85
3254,2486,-93
3783,101,-31
767,2155,90
2682,3049,61
2666,4983,76
1760,800,-61
3492,3823,-15
2816,1296,-72
3514,435,-92
496,3805,-80
3181,2614,-69
3931,916,-29
2073,2276,82
338,4641,70
3950,648,-91
3109,2296,76
1818,4079,-14
137,1432,-17
2556,2362,40
4416,4133,-15
916,724,-60
3539,1548,-70
2101,980,8
2908,84,-69
2915,3487,72
1983,1366,-88
3871,4815,20
4529,550,52
3568,3493,95
999,2763,17
2148,3854,5
4695,4683,-86
396,3200,-37
3599,152,87
4511,3499,16
939,2213,-93
1637,2986,44
2725,4095,-96
2511,1568,40
4637,212,-80
1650,4838,16
3691,2180,23
3436,3224,14
3202,4192,-57
4180,1527,-48
4367,522,55
2292,3947,-35
4484,1703,48
214,18,4
3238,3481,25
3863,1720,19
59,3317,-44
2931,4015,-46
4939,879,29
2972,594,-7
1528,4739,-36
123,4897,9
3720,4551,30
1437,1610,86
1163,876,90
3301,3232,-96
3346,2449,-35
2487,4558,-11
562,2137,45
3982,2054,36
1738,84,49
905,1440,55
3555,2669,87
4491,2220,39
1727,699,-64
2924,1821,18
3532,4626,-3
3907,4415,69
935,1099,-47
75,2895,69
295,3418,21
21,249,-34
3243,4483,-45
1039,1958,-55
4656,1891,-96
1110,4459,-45
3772,3368,50
372,2116,-39
4914,3064,40
1175,1807,-42
1165,296,-73
1093,2695,-95
1284,1992,88
2012,3940,-40
846,32,72
1992,4651,-8
521,3876,-89
4467,4401,62
4197,793,-39
4757,4192,11
243,1090,-96
2801,230,-35
4608,2781,-33
2897,4454,-15
2603,4498,92
2274,790,8
1542,4195,13
2766,4367,-21
2115,1799,-35
4492,3981,68
4708,4458,54
3084,3241,-25
1858,4636,-96
770,3857,32
1423,4929,-15
407,314,40
2973,233,-21
1873,3508,-11
2695,1030,36
2270,3607,75
4750,2712,-69
1182,4340,-18
1440,2289,-65
3054,4000,42
3334,2606,36
2898,3345,-85
2904,2123,-95
229,2331,-29
3960,3780,60
1894,4183,9
1314,881,-1
1071,2978,69
975,1173,-42
1739,160,-65
3286,2494,-67
758,2130,29
3096,3079,-88
321,2230,70
2322,2918,-44
556,3014,-94
4940,1550,86
1387,4574,-42
4764,3386,10
3048,1580,15
2428,3372,-50
2005,1961,-98
1931,3845,54
4842,4698,-47
4771,2391,-7
2164,1420,91
3868,3918,-67
2427,3836,-78
3794,4429,-53
2514,4451,-46
3804,3631,-84
2328,4943,-22
618,163,-39
2166,116,24
3309,1471,-40
993,3080,88
1378,3853,-57
4382,2839,-30
3175,543,24
4783,414,27
1306,682,-98
4834,642,-34
3079,3979,11
2687,1433,-2
2984,669,35
2524,2070,53
3583,969,19
1486,1181,42
2101,4820,32
4582,3236,40
3716,252,2
2002,4301,39
1388,2880,-38
3184,3999,35
1031,791,-67
1766,4561,99
4764,1496,-79
1221,4490,-51
4931,3069,39
4972,2708,49
3807,2578,-10
2415,1236,85
4346,1059,-19
1619,1171,-82
1264,3619,22
872,3660,32
835,3656,-85
2823,57,12
919,1893,68
1725,2570,-82
2414,4081,7
1314,4457,92
4499,1949,-79
2106,223,44
2569,1640,-66
1139,4423,66
210,1758,-28
1065,836,-46
4912,2537,32
2221,2526,-28
234,985,14
793,1358,-90
3111,4888,-23
2167,3061,9
335,4478,67
1360,1447,-17
1215,1372,-4
4420,3225,31
284,1875,26
213,2500,-21
1659,3362,85
4079,1143,92
4848,4310,14
1418,565,-37
2387,4828,-34
1795,4535,-5
105,1589,-67
4866,3986,12
3894,4725,-12
3846,4999,85
3691,1471,94
3293,3915,34
379,3114,62
3294,4491,56
3330,4343,-76
4809,3363,-73
3439,1637,-32
225,2913,54
738,1473,-25
236,1245,-19
4279,3738,35
712,2099,65
1889,2598,18
4719,2513,-7
1260,4515,36
749,259,11
3987,2359,-58
3552,3394,-76
510,3779,-7
1824,3412,-35
4881,1269,-84
2942,940,8
4233,2377,34
2135,3952,-79
1778,196,-91
1223,4158,-11
3668,3097,40
1778,3636,-59
1305,562,-73
4860,3450,-1
702,3367,86
2990,3124,-90
152,2892,36
1326,40,-20
1302,1768,-46
3723,2505,-96
1712,788,-32
807,1877,-63
4331,4098,-35
2723,1493,-37
4657,1130,52
1326,2264,79
4134,4873,65
1160,4510,-24
2870,4022,-82
4517,4306,-2
1243,2186,-76
348,1645,-53
1832,3561,-28
1570,2686,88
3936,4822,-66
1919,1413,78
3233,1222,42
3759,2250,-52
2356,2240,57
1398,4203,48
2781,4423,-12
1825,644,-15
2492,4453,68
4061,2549,30
405,4604,24
1722,3806,-28
2826,4291,51
3846,4143,10
4211,1386,44
3193,2585,4
65,1602,-13
1300,4943,-93
4921,4805,33
1416,3318,-92
3594,808,-86
969,2660,-37
369,115,77
233,2728,23
2243,4727,-90
3084,2267,-6
921,4293,19
689,4497,73
4273,3902,-56
1470,2729,-24
4726,4172,-7
4260,1450,-42
3623,4383,52
2101,1569,39
2266,1323,-16
3790,861,-75
824,742,13
3432,1731,-64
4152,4905,-78
4214,2934,-36
798,3519,-56
780,4510,-27
2851,4527,62
2893,3168,1
1894,1919,75
3307,2219,-73
2903,1341,28
4804,4640,-29
3719,1515,-60
22,1412,-78
1501,3037,59
843,4168,-14
1761,1023,-94
3642,4628,82
192,2287,-29
396,2759,-58
4663,4673,41
4327,3772,-87
874,1113,-1
2622,1946,68
4336,4809,10
90,1559,-10
2280,3880,-17
457,642,1
2281,2238,-87
4450,4908,-73
1005,3487,-71
4535,3226,-22
345,1015,-47
2712,2022,86
4753,2677,39
2463,1541,13
1117,2937,19
626,3107,-26
4380,784,66
1980,671,-31
3995,2770,-34
1679,2574,-86
223,2585,31
744,4943,-3
463,1278,1
1569,3044,71
3348,3173,66
1737,3783,4
4040,178,97
3952,276,-15
665,2360,-64
1357,3482,85
1015,4887,59
2133,3360,22
2669,1425,55
1055,4123,31
1765,2961,-91
4459,2470,-74
2870,3086,-17
1413,2373,63
668,4069,-96
3371,1591,77
1395,4381,59
99,1113,-2
4071,1069,50
422,2546,88
3651,3650,28
4158,1815,-70
1133,3908,-82
1703,3732,-47
3621,2193,27
3191,82,61
598,3707,31
392,3177,75
1076,1826,-53
2651,82,-52
2385,94,87
810,343,16
3310,2409,71
3739,1855,61
1160,4000,-45
1532,1090,-27
4977,624,-95
2683,868,-25
254,2477,12
3549,3473,25
3186,171,-65
1232,1783,62
2424,578,-76
3576,68,76
4262,1516,-46
1574,1,68
2909,2199,-44
4713,902,49
1626,4846,71
3999,795,56
3884,2067,-30
3516,1820,-53
3404,371,3
4599,2539,-98
4681,3908,-16
1959,2055,72
4010,2597,-81
2736,4467,-28
4492,1689,63
3175,4853,-41
402,3322,-23
975,1139,-83
224,2622,-4
4614,2729,-35
236,1166,-70
3499,1509,-92
4212,3842,47
3235,4559,47
226,4577,-54
2278,4919,-100
4278,524,-18
1342,2259,-1
4037,4340,41
210,239,28
3728,1221,96
3929,769,-91
4990,235,76
2804,2761,41
1110,4593,87
2027,1520,-59
394,1904,23
844,2235,86
1525,936,-76
604,1269,63
582,819,-6
1940,3568,-66
133,4118,38
2839,2116,-91
3386,2440,-93
3771,3388,4
2269,1089,50
976,1828,33
1814,4825,23
3264,2589,-37
1544,2616,-55
2836,1874,3
2739,4308,-63
1358,1774,52
4135,200,-15
1317,178,-99
162,931,-77
1910,3737,0
1128,2037,-34
3871,1486,-11
1659,2092,-7
3126,4264,-8
1964,2385,-30
2290,4089,88
967,4682,36
890,1916,72
3062,16,-85
3630,2935,18
3190,837,7
2749,2158,41
1667,1577,53
3067,306,73
1442,2054,0
1068,2891,85
4224,3345,-71
2924,4457,23
4254,1209,-45
3857,1859,-7
827,2704,-69
4608,1972,-23
3986,1114,-78
2093,984,-84
3180,3311,21
4539,4002,51
3902,2772,74
2363,3153,38
2225,2163,-60
1727,2128,-86
2007,3640,-10
267,4275,-49
838,561,61
4585,1810,-41
4798,4388,-44
687,2933,-68
3362,291,48
357,4638,51
3816,1910,-81
872,4690,12
1974,1429,-33
4648,948,0
1811,2528,0
4419,1349,87
2642,381,73
2229,1705,-68
3392,310,-70
4179,3415,61
2351,1499,-79
4358,2895,5
4880,661,-71
2740,3448,-96
2731,2274,68
1319,1498,72
1536,2073,-40
4785,3437,16
2444,2143,-88
1773,4661,36
3210,1606,62
4935,4740,-83
878,1432,26
2871,1951,39
3201,3923,18
4145,459,68
3748,2949,43
2837,338,-88
293,3944,23
1652,2014,45
4632,4021,-25
4407,345,17
537,4672,-3
2687,943,78
234,346,-68
2653,3895,97
2375,3320,-19
2273,3696,-34
967,325,-47
890,2139,-95
3864,4390,-65
3401,3613,-46
35,524,26
4543,2898,77
3524,3741,-30
1764,259,-7
3292,1111,93
2489,821,42
2701,2789,-79
1559,4665,-52
4691,4605,65
2277,1564,35
4007,4621,35
4440,1208,-1
1104,309,-64
1420,1840,99
1479,3353,-23
3915,1384,20
3743,2307,52
2957,1181,81
1383,2473,-80
2575,2687,0
3385,2968,26
1570,4446,86
1895,961,58
2244,3457,-95
1867,438,69
29,456,18
706,3818,79
1021,1570,74
2064,1104,55
1447,1619,63
3665,3613,27
2988,1513,-61
3603,4739,40
3686,392,76
3369,2622,31
3582,921,-3
2763,2458,21
4038,3601,0
573,4509,-37
4089,1789,-3
615,261,-21
4051,2014,-78
326,1336,85
3741,335,-14
359,2780,42
3778,804,-12
2372,2438,-8
1722,2808,-1
1350,941,26
3697,3164,-22
3897,903,0
4261,3433,-2
1597,1269,73
1628,24,-62
2503,4653,-54
3809,2749,-64
193,2451,68
2675,1397,-9
3846,3358,72
2578,3905,-71
92,2489,98
4235,3667,-33
481,1758,-94
2917,4978,-4
4436,1879,-54
1076,2533,-54
2514,3515,-22
799,3774,25
4571,2079,-2
3950,4662,0
605,2058,87
2980,678,32
4917,4947,75
598,2975,-14
1533,285,49
514,2201,-6
1878,4467,50
3973,1841,-9
3844,1879,72
1700,1611,-49
1030,3963,98
4596,4237,73
717,3160,-63
4087,3499,67
666,2132,42
2209,3315,12
1080,1379,96
228,3078,39
149,3015,-24
1070,3893,-34
4728,1716,84
1364,453,20
4509,342,-82
1756,393,-11
520,1270,-71
3545,3051,-9
2323,4060,-83
1103,971,-38
598,2206,-94
3274,4795,87
4050,166,-13
2606,255,15
2189,302,-38
4826,3104,84
589,3841,-13
4473,2557,-26
1408,1506,22
4847,1257,-62
4723,2263,70
3391,4341,83
3441,210,37
1630,3794,6
995,4522,-81
4799,3048,5
2060,981,91
4573,2120,66
2987,3746,-2
401,178,14
2856,1547,55
2225,2035,57
3413,299,-43
57,2568,-31
1876,3567,-39
4544,4040,28
4299,275,95
3769,2996,52
4834,53,66
4298,1424,38
1354,1628,-42
2411,489,64
4988,2355,56
4312,417,-3
2603,2557,-19
2935,921,36
23,1554,-55
2203,2686,36
1210,666,92
2297,4102,-30
749,2470,2
805,1475,-59
134,338,61
4417,3160,-73
2438,269,-1
434,1088,-40
4969,1294,-61
3672,657,81
3737,2829,-42
4040,3974,72
2099,4958,66
2918,1337,69
253,2357,38
4835,1668,65
1130,1826,-44
3265,4031,22
302,1213,39
1978,2769,69
2764,4416,90
4006,3059,36
3242,445,49
3058,1398,65
551,4382,-44
1588,2219,-34
1823,3677,-71
3218,2311,20
3497,4041,53
4410,3607,99
4280,1828,-47
713,3220,-69
2176,4689,-79
4073,4512,35
3850,2073,8
2434,4190,-35
3302,2331,-87
271,686,32
1795,4959,-88
4907,685,-14
2463,2938,23
4294,3712,-24
3395,341,-18
1080,4700,-77
2879,734,-66
4724,1497,-33
604,3894,53
1586,2955,-27
3058,1132,65
3986,4636,-67
4690,1733,-67
1396,3036,-82
3689,2714,-98
600,2480,15
514,1420,-65
1067,1990,-97
2887,4711,21
2654,488,53
4906,3820,30
1089,1442,27
4386,2391,76
4865,1385,-92
2515,2157,-55
3970,4945,93
3285,4397,-87
4567,1392,-98
2197,4801,-99
4184,3143,-15
790,269,60
3476,3918,-1
3154,1525,37
1665,478,10
1310,4272,-48
865,239,71
3864,610,65
3364,4588,48
3525,4425,62
3787,3398,94
24,4541,-18
3004,4538,-79
311,4891,-81
1232,1832,-1
3789,4987,9
2712,1155,-33
4802,1752,-5
422,3599,-93
1774,2486,-50
3569,3339,53
947,2334,-50
1187,4387,92
1835,4464,53
1565,4582,-54
4945,168,-58
1948,3543,36
1309,4010,62
2987,78,46
387,2899,75
1162,1109,-21
3259,892,55
4812,4757,-98
3934,1225,45
2848,4685,-88
4522,565,54
1440,2860,-61
3443,302,-62
4481,4390,-43
56,109,-44
3325,2413,-77
106,2648,18
3202,2726,-79
670,3339,-50
4472,2141,-25
743,4524,65
967,4734,26
308,3814,-40
2139,4201,-52
3465,2257,-78
4898,3646,-97
110,3060,-25
3633,2522,-64
4436,3418,-8
1916,12,33
4264,4745,55
557,3267,35
105,3146,47
2048,875,43
146,2434,40
2764,884,-22
874,4651,-39
299,3986,10
3239,1580,93
646,3772,19
4734,353,-48
3079,1507,21
2512,3488,-73
784,2852,-83
4993,2030,-94
371,1847,-80
487,2391,-60
2038,4031,66
3197,3439,7
1361,2384,37
4288,3368,-70
4826,4981,-59
2262,1466,96
2622,2152,-42
957,3484,17
381,574,3
3650,775,65
4894,3366,-58
239,4339,29
1106,3931,33
1387,2681,-24
2553,4961,56
2250,2221,57
1528,1440,-12
1668,714,67
4133,576,-2
2692,2982,-64
3673,70,17
1997,3765,34
1426,4939,77
2813,2377,45
3248,2206,35
2593,918,98
1491,2746,-1
1225,743,-46
2588,4151,4
3065,2534,75
833,1838,-27
4693,1377,-43
2441,410,3
4796,3008,-85
1647,2953,52
441,4243,-72
1530,1680,-93
2966,1715,-1
2368,1198,22
3287,2338,82
4664,3217,-49
4332,2957,-10
1305,3194,-24
3035,27,53
3689,3138,5
3974,2974,-76
1186,3166,-9
3263,1091,-28
2108,250,20
1841,142,-75
4321,267,-11
2748,4311,74
4678,489,-15
4265,496,28
3134,480,91
3421,2691,39
1466,4097,51
4110,3081,-71
2212,4937,-87
2805,2428,50
1544,844,29
1690,3216,30
1572,3912,-95
4542,4078,48
3280,2350,-81
3542,650,48
4812,1894,-61
3024,2857,95
819,3251,52
4522,2387,14
1125,1726,23
4946,1355,-30
1130,1294,98
1703,3047,-68
2002,3259,-50
3879,2714,-11
4373,404,99
1807,3973,-11
2948,4033,16
3210,1547,-22
2153,2607,-81
4642,2826,-82
4206,1853,98
545,4207,83
2402,813,-45
4839,3375,-100
2365,930,66
1290,4982,-64
3766,4076,-83
1876,3324,99
4429,175,-22
4688,1364,33
783,2896,0
540,1038,-79
2783,3012,-90
2669,2091,-29
4715,461,-92
3938,2753,40
2957,149,30
3723,4434,94
3868,1134,34
1834,354,94
2147,1108,-55
2171,2603,-43
3392,2114,-73
1617,4095,-70
4618,3686,-49
917,3207,36
4813,1110,-10
2757,4180,-93
1937,1978,7
4043,227,-15
3092,2940,-83
4656,1013,19
969,4116,-52
3365,3107,-90
3204,3937,16
890,2803,29
793,1467,56
3459,2989,82
982,270,-48
3532,3807,53
3530,1532,78
802,304,-9
43,4906,-95
3350,1933,-1
1778,2041,-89
3202,4022,61
350,142,20
1568,809,97
1130,948,26
2960,3952,91
3788,3413,-64
1781,2293,24
584,766,64
4528,2924,-93
3378,939,64
3402,2497,19
3186,3563,15
2195,1263,73
1163,543,-70
299,2680,38
3348,2955,63
1940,2932,95
789,2782,44
4946,4240,-85
2890,2992,-71
1378,2613,-62
1950,3649,-57
3273,1200,96
878,2118,15
3743,2681,-64
1578,2849,53
3140,4689,48
2493,4663,-9
2756,4787,-82
1904,3682,-1
1383,3496,38
4241,665,46
2323,4502,-32
2557,3163,29
1862,3366,-76
1867,1417,14
4048,3109,-11
3176,517,-71
1099,850,-84
1735,1902,-16
4664,908,45
3417,316,10
4627,3244,-9
681,1508,-25
2071,4123,-61
4825,1519,33
1730,4151,-13
2192,1935,70
668,4345,97
1613,1802,44
681,2623,69
973,857,46
2847,1877,10
2133,1526,-46
2464,1417,-9
2530,3480,56
2504,3872,12
4923,1795,81
4393,3066,98
3184,2721,-93
4034,4205,-93
3168,3677,-32
2998,353,-58
3228,3232,-3
2153,1428,-51
1729,2193,-97
2025,1778,7
330,3537,-65
2487,1117,32
1156,2321,-82
1891,534,69
4478,1218,9
2186,2989,42
4939,2229,85
2318,1980,-87
3622,2077,-53
4492,532,-29
2512,3077,3
450,1945,-26
1355,4236,7
1294,3100,9
2466,4358,-19
3103,3830,-38
1850,4115,-46
3176,2585,-69
4282,1549,63
3200,1489,8
1234,3660,-16
1438,228,11
3353,4472,5
4031,4832,-44
253,4353,-57
19,4929,61
2760,4797,78
223,699,96
3,438,-9
1260,1685,37
4950,2154,11
4324,4711,39
4595,2915,68
2569,3218,30
1886,960,-36
1300,1840,0
2339,278,-61
1077,4221,92
3759,3757,1
3182,1344,98
4811,4771,-71
948,715,99
3739,1506,94
2732,3922,4
4008,2715,-58
870,1348,80
94,2443,-10
2988,4869,-71
4656,3961,-60
1776,1753,-57
2261,2506,-64
436,1738,16
4948,4170,33
4301,1109,-18
3145,2680,23
3588,1038,64
77,912,-100
816,4890,-91
768,2097,-75
3686,3014,44
106,359,-37
3917,1077,54
2874,2104,-33
3347,4975,-83
3149,3528,-18
3149,2303,9
1466,4101,77
2588,1605,-11
245,1076,92
2626,4049,-81
3850,329,20
1406,3233,-39
982,3478,-26
3809,1003,86
142,4879,-76
893,577,23
2400,327,-18
4641,1528,-5
2961,2822,-36
2200,1466,92
1470,3226,-34
2701,2282,-43
3006,4748,-61
4859,2381,74
3375,495,-1
4720,1139,70
656,2417,35
2769,1357,2
43,1154,-39
2312,3250,61
1661,2143,-93
4692,3389,-76
2225,1125,53
2111,802,81
958,2043,68
561,208,-21
1331,2655,-29
1313,473,-38
1822,1639,99
3003,136,-26
3404,4357,-94
4946,1171,-3
2652,458,-16
1815,1437,-32
1742,3572,-51
4702,2149,70
3809,4243,21
2878,4813,-84
3271,507,48
4084,2606,-95
746,2384,8
558,446,98
3302,2782,-26
942,444,-19
4024,118,-63
2297,1541,-38
940,2771,27
1611,567,39
1726,3603,49
985,1937,-98
1588,4184,46
4022,1653,70
1337,4572,-14
3138,4391,94
662,4816,20
33,4782,32
3415,2687,-72
1157,1204,-3
3127,2938,7
61,406,32
3929,3908,72
1544,4215,81
272,4080,51
4077,313,2
3389,163,48
2753,1529,-69
2710,4389,32
1155,4786,89
4406,1566,45
3854,4769,-66
1746,399,1
3433,3587,-21
338,1048,-2
10,1943,-13
4145,3131,32
731,2797,-92
4891,240,31
1649,2359,-68
4229,672,-10
3655,2620,49
2131,2462,86
4472,3394,-90
2397,402,-32
4367,2107,37
1507,4149,30
2159,1088,42
2917,1143,22
4172,4382,9
3230,2066,64
3604,3909,67
1667,4256,-84
4425,3960,47
4137,142,31
2970,397,61
2690,2628,-6
2327,4630,61
2811,1556,-34
2517,2509,-73
3472,4382,4
13,1029,15
2971,2177,63
3622,671,62
3684,4595,68
3474,1856,-42
3123,3430,-27
3465,2079,44
653,2007,-71
621,1689,81
3791,4432,-49
1646,570,99
2244,4695,50
4513,1147,-82
4760,3775,-64
3492,865,86
3712,4901,6
3689,4410,-65
1380,28,-33
4244,1030,53
2046,1997,3
3049,1342,20
1389,1249,54
402,2137,89
2654,2088,89
4325,681,79
3924,375,-57
268,3370,-68
4222,3046,9
1726,2338,-11
1113,806,-38
2676,3040,-29
4785,279,-21
1281,1406,96
1233,788,-67
4377,1333,10
4539,4373,-74
1864,3148,63
4933,2346,31
4485,3450,5
617,433,-48
147,1010,98
4617,3850,-64
4726,317,-1
3678,4217,-22
289,1366,77
1410,4400,12
14,936,-31
257,3519,53
1722,3788,-11
1424,2769,19
4954,496,-76
2991,3593,60
1196,2233,94
4560,4019,64
4366,2936,65
1245,4809,-74
3224,4446,-88
3471,2368,50
4168,2585,94
3970,906,-14
1307,3228,-2
2122,1828,-13
2403,3723,82
497,2581,64
3400,4598,39
3607,1516,-47
910,4623,-81
373,4807,45
4458,3004,-94
1345,112,-11
324,1673,-7
2432,2303,29
4671,1651,-47
4832,4396,-93
2785,2475,60
2394,3996,73
3921,1891,69
1216,307,18
1696,121,27
1908,3102,-38
4815,1278,16
781,1428,8
1020,3103,-13
3266,1186,60
1404,1456,-32
1427,1180,23
664,1347,97
2648,629,-97
11,1215,5
1039,1962,6
2826,2996,85
3004,4613,56
4681,4941,-80
1076,1548,53
3089,4916,-15
1790,2859,-60
3037,762,-23
4839,2367,61
3654,4207,71
3176,1842,28
4300,4903,59
1077,1497,59
974,3920,-50
1866,3089,17
3126,1244,-77
1300,4583,71
3407,4907,-25
1159,2044,-17
3130,3377,-64
105,517,-17
3568,835,-35
4349,624,-87
4391,1048,44
1182,1565,-13
4645,3983,-86
3139,497,-40
4395,2430,76
3535,2264,-3
4197,543,16
3128,916,35
1775,1802,-98
3815,3083,-26
4970,82,54
92,1180,36
447,166,-86
109,2256,-69
4413,2072,-90
3240,807,30
4054,2739,-75
4538,332,-94
1246,3591,-9
2721,1535,82
278,181,-62
3057,1317,-97
4665,1107,-71
2923,1590,65
2514,2487,-50
839,2591,-65
2802,2241,-6
30,488,12
1258,612,16
365,3421,-41
1801,3195,-50
905,1398,76
4794,1457,-86
2179,2194,-10
2851,3075,23
2837,1338,-17
4447,4423,55
180,2201,52
3874,4498,63
3961,2868,-97
1187,4584,-80
3960,3883,-10
774,2115,92
4606,2137,-32
4461,79,37
353,378,-51
4508,165,-91
4831,4845,-11
3029,1721,43
118,2985,65
482,155,-34
4288,1147,-81
2638,1064,10
107,2217,-32
4478,2840,97
4879,1464,-76
244,3471,-12
2633,1517,-47
4564,3051,-89
866,4424,-36
2982,1527,81
1562,3611,-34
604,2393,48
3063,789,32
4019,2549,85
2016,4658,-22
1659,4609,31
3381,516,-82
3768,3063,-20
3771,4763,-46
1614,1568,-40
4956,1449,99
1880,967,0
4109,364,51
2347,108,95
1100,3095,46
1075,623,-77
787,4417,-47
149,510,48
1755,1065,-20
2170,3866,99
3757,304,-82
1180,969,80
3310,1439,77
2424,3522,50
4178,3872,-64
4588,3501,-73
925,2200,-21
1604,4355,-30
3053,3902,48
4219,2271,-80
4804,230,68
2378,2487,-66
3481,150,9
3183,910,-100
2818,3529,-9
3161,978,94
4806,635,-10
4890,4718,-31
712,2191,31
2587,4150,-100
2649,4940,48
1718,3475,-2
4353,3781,-9
871,1866,-19
3575,299,15
4905,2740,24
271,3726,-49
1544,3392,-2
550,4541,-48
4664,98,-16
4015,3198,-21
4455,2106,-45
1713,4273,2
3241,4815,-14
1363,3523,93
4894,4419,94
1285,846,-68
887,4186,-78
2259,4227,-95
4383,3882,-16
1786,1053,74
4839,3849,85
3544,3616,-96
296,3158,-24
2054,2106,-18
2598,994,-92
681,3097,-98
4891,190,88
4299,2124,91
325,2419,-55
2292,4995,83
4423,2899,-62
987,4602,-88
3119,1967,-60
761,4279,38
3694,4250,-60
1037,3412,-26
907,3947,74
365,1047,76
3414,2574,92
1070,606,-66
4370,1367,62
2256,2927,-34
3687,1959,31
4220,1065,-77
3082,518,-7
3259,2455,-5
2108,4234,12
2934,3808,-17
2830,2590,63
442,2273,-45
1560,2309,-97
1742,1103,67
626,4793,70
3864,811,-43
1691,3764,-39
2782,4569,34
91,77,36
3007,2310,-79
4303,1026,-97
1089,2065,27
4612,4440,63
1181,2742,97
1902,4942,94
4491,4000,-66
187,3229,-68
1598,4270,34
3409,3559,4
3748,846,82
2671,693,20
4826,4049,74
240,1333,89
2581,3038,94
4237,4333,-37
139,1275,20
2507,1245,70
4166,338,-83
4481,3295,-98
4726,337,-42
2246,1868,15
4301,4006,89
1750,495,-62
568,4643,-37
4901,3887,-20
882,161,-41
640,2037,4
3962,1742,69
4421,1508,8
4538,3561,-96
4900,1376,-55
2336,1554,31
4322,2282,-87
2986,1869,-90
560,1602,87
714,3828,-79
4594,3481,5
3989,1300,-96
257,711,80
577,4168,39
38,2047,48
2073,2882,-22
4506,1818,-77
461,2199,-88
1441,3333,-5
4479,1104,-75
1833,3178,-61
4665,3595,-75
3400,3475,72
433,4816,-71
4152,2178,-37
1752,1195,10
2048,4502,-28
4998,536,-13
2841,1070,23
257,4370,65
672,133,45
490,264,36
3715,4463,83
2097,2053,27
1683,4947,-63
4412,4090,48
2461,2848,-30
4530,358,39
3913,4421,-65
1976,751,21
3217,3251,-90
1390,4352,27
4516,2259,94
3857,911,-74
1585,3811,90
4940,584,98
2964,3439,93
4530,577,-27
977,2577,94
3365,1872,-20
46,1153,6
1194,4991,-36
3343,1784,61
4513,1094,26
4944,2100,-67
247,4533,-37
3220,2142,-84
4326,2134,78
792,518,4
637,742,83
3776,2478,-12
2422,4959,7
4834,2877,75
1089,43,89
4184,3442,83
3160,404,38
713,1327,47
4697,2217,-33
3645,2150,61
3891,2394,-59
2587,2651,68
4310,4538,89
2109,4346,44
4794,878,-89
3615,1887,-33
1243,1304,-60
2060,1741,41
3487,1113,-97
4333,3877,25
3811,1899,-24
3901,248,-27
2606,3261,41
4743,568,-92
3035,3810,70
4569,1189,47
4208,2596,-100
4052,1354,7
3364,3613,-8
4022,981,-29
1846,4966,-84
383,169,-12
4113,3165,-81
4589,2672,-42
3811,379,40
1897,1933,20
1510,194,-24
4213,264,74
1579,1472,-51
880,2016,-7
2163,4617,67
1573,1301,34
1649,3201,-46
4740,3374,-50
1360,574,-25
4432,1538,29
2970,1384,-87
3961,1381,5
3812,3538,44
4243,3160,-24
4218,1524,28
81,4992,18
2733,4613,10
2710,3933,-100
2423,3623,10
3642,896,-75
4600,3394,15
668,465,73
2497,1611,-88
3500,613,-67
3499,3213,-39
1445,605,-28
1346,621,-50
1190,2603,-60
459,2184,-46
1213,3801,55
4560,156,-7
912,3354,88
1026,3912,34
2412,2918,-99
72,3118,-99
2686,2716,55
1194,4340,-47
1849,450,-7
2385,4850,-43
2023,4502,74
3742,3962,-40
4749,1070,3
1299,4018,67
4103,4845,-83
905,3592,41
3027,2820,-76
2029,2286,37
4712,2036,-1
2621,1191,-53
2647,1400,75
4866,3741,88
2290,2249,-48
3873,2794,36
1486,724,38
3152,1442,-74
1441,4821,-42
766,87,85
4480,4150,40
2439,1752,92
4093,3421,38
4784,4838,-44
1150,2484,94
3566,3213,93
4143,3923,9
1973,2490,5
2667,1487,-77
464,3528,76
4219,73,67
2182,725,-22
1643,3755,97
3889,2996,-17
841,4366,-99
2655,219,81
4119,547,42
566,3730,-53
965,1969,-3
2283,4517,81
996,1260,-55
1188,2934,84
4922,2510,82
4312,4009,87
3255,4073,-6
657,4681,57
2983,1563,55
1114,2086,79
4407,1790,-4
557,3670,68
3020,2482,12
2305,3431,-80
2581,205,-14
52,742,-59
1362,2889,-88
1195,3495,-56
4020,4264,-11
3139,4738,81
1649,1106,46
672,1824,54
778,2648,67
4928,4198,34
2280,89,-76
3023,3382,76
1861,4704,3
3140,3512,63
1075,2207,-30
1717,3186,18
1284,4382,-17
4687,865,51
1987,55,88
2634,4672,-9
1002,2081,12
1047,558,-32
2177,4827,-49
2339,993,63
1856,4897,78
501,4292,-68
2234,448,-48
4575,1822,-63
2540,3820,71
4609,2973,-96
3715,92,17
2333,608,-70
601,1252,36
4285,286,-69
989,2922,68
1882,3307,-96
4484,102,78
1755,3836,-47
2465,4236,-73
2224,4931,70
4483,1679,-89
1495,3824,96
853,535,99
452,16,-84
2325,561,-93
1759,2926,-83
4309,2384,16
3354,910,-91
4137,1414,-62
4696,119,-60
3339,4063,7
2589,3114,-57
1783,3061,96
3521,1492,-58
1780,2097,74
3133,2255,10
3574,514,75
3219,1234,-82
3758,4133,-80
4017,1480,-98
2838,3350,3
2382,1541,-45
4240,130,26
3937,3717,70
4429,3744,28
1420,1772,-13
4151,4455,-65
1331,3076,-95
2918,506,-27
1447,4914,-55
1441,4890,50
3745,839,-81
2845,3872,80
4176,4719,65
865,2677,-66
472,97,61
1503,1964,77
4685,2867,-54
1411,4027,-65
3771,599,-85
1906,2982,7
4660,3964,76
4002,429,-36
3505,3782,-38
3484,1325,-49
4563,2591,-28
599,2415,-41
992,1768,0
1933,1517,-84
2785,1340,94
3042,4095,-63
67,4660,-72
3399,3404,-70
2751,2547,86
470,977,-47
1725,1615,1
3986,1585,80
1632,4062,-75
775,4652,40
3013,1271,84
2504,219,-82
1487,534,10
4020,1496,-74
4228,1374,-88
930,4140,-49
3013,3824,-3
1506,3950,91
4730,65,85
2945,4342,-82
2820,3143,-18
1185,1725,-98
289,2206,-34
1812,2986,-75
528,3914,-95
917,1049,40
1709,3655,-74
3575,2873,4
3320,4256,-13
1407,1005,-91
1242,2123,-85
3134,4575,-78
799,3982,-54
1524,4483,-89
4108,472,55
4929,3406,-24
2889,309,-83
2691,2935,-43
4092,4797,29
1242,3048,73
691,1922,44
528,3000,-14
1496,2018,-37
3826,4882,-14
2894,1479,92
893,2353,-47
387,4198,70
1250,4871,-23
2529,3460,82
4504,3755,-87
3529,1232,71
898,3121,-63
711,572,85
3696,3590,4
2687,148,76
4513,3444,-85
416,597,-19
1472,1071,-27
4181,3746,-71
4263,4251,-33
2432,4326,-30
2516,3372,-21
1096,158,14
810,923,-64
3045,3319,96
993,2347,-46
1282,4051,66
4371,1247,84
1774,766,76
3562,3652,-4
3817,2613,90
1757,4563,-2
2374,3829,11
2577,4582,17
892,444,61
4185,905,-44
708,2911,-4
2398,3210,-39
4483,1802,-62
2135,926,-27
2355,3722,-34
4536,4388,89
977,752,-72
735,1235,-70
2469,2923,-41
2541,663,-62
633,3196,-100
4269,1585,-45
4100,920,0
2902,4220,85
1664,68,-10
2016,4571,48
3182,4454,81
4064,1767,98
2631,1954,70
3873,2569,81
1055,3709,29
381,4929,41
3083,2672,5
2392,3400,30
1593,1354,41
4262,443,-96
2748,601,-20
2390,3167,66
3554,3943,28
3028,2810,19
1208,3389,-58
3854,4583,-9
545,2787,86
3082,2696,-23
3664,3649,-86
2240,2053,-55
2368,632,-94
3774,3443,69
2628,1755,14
3932,3034,-94
2475,1579,74
3131,26,-13
3508,2210,-11
97,2903,-82
3859,1130,-48
2709,4997,-11
3337,4105,-85
457,4146,-39
4369,442,93
2988,3896,-36
4089,4798,11
3885,4850,78
1032,1829,-65
208,1536,62
1938,4326,-77
1147,560,-32
4300,1174,18
2565,1879,56
443,2256,28
4785,1085,84
833,3915,22
1462,239,36
3517,2915,-1
1160,2096,-86
387,1472,-27
2042,2046,43
2554,4613,75
1719,3684,-65
4776,205,-48
4051,3601,-22
3410,2138,30
690,1214,46
1170,3835,-60
4989,3092,-64
953,1383,86
4880,3681,94
4591,1680,35
3497,7,-13
3918,1886,-87
4843,3499,88
2485,296,-66
1855,264,43
3440,2138,-30
3232,4949,62
2598,3866,-93
3984,4497,87
2192,4453,-89
2636,2547,76
657,4930,9
3813,4531,-21
3341,119,14
3912,2396,-33
1797,3368,62
4364,1703,-56
1763,530,-60
4473,3675,-40
3286,303,-25
1586,4068,42
3564,4252,-2
2441,3969,-34
4585,14,86
4818,2804,-99
3101,889,21
3245,3529,33
1041,1197,84
3128,4541,-85
2274,2170,-78
3630,3569,-6
2115,2232,13
1678,1844,-60
3095,3652,57
999,3877,94
2285,2719,18
1590,49,21
1162,181,-46
2521,3879,31
3856,1418,9
4649,3465,-1
695,3420,-73
4413,530,77
4864,4680,-73
3799,1287,22
3684,2191,80
1972,707,94
1504,3218,-75
3250,294,66
4219,1562,-88
3243,4518,-30
1869,2612,-47
1672,661,-88
1083,3179,19
1729,3390,-42
3852,2107,-97
2143,3064,-21
1149,2841,84
254,3497,-41
4103,2579,-54
3543,2052,-24
2776,2410,-96
4638,2954,-65
3334,369,-82
4185,539,-71
3280,2928,10
4309,2394,-60
2882,731,75
266,897,-73
2341,4660,-70
3149,2369,84
3360,4560,70
1005,2681,92
2095,2381,36
4718,15,-89
3272,3129,39
4523,1354,-59
210,3136,80
888,2278,-11
154,11,84
3594,1657,-85
415,1248,-2
3425,1661,77
1285,1764,31
3149,542,14
769,1530,-88
983,1181,-41
3203,2689,-73
4675,2618,8
3527,2755,39
2788,929,51
2211,1427,-9
1039,3660,28
3933,2234,61
542,3910,30
359,4991,-79
850,2062,-16
4523,4098,-74
2545,2564,48
4582,2804,40
1832,2294,-57
1473,1626,-21
1437,572,9
330,4532,-77
4355,2401,73
4239,1712,-84
4009,383,-96
4723,1084,-63
1389,1950,-42
4186,2518,54
720,4170,81
3236,3498,4
4577,3315,-5
2132,4931,-11
1101,2676,-30
673,3395,-1
517,1204,-46
2533,774,-30
3671,3057,70
782,2314,-10
3524,2598,65
3559,1404,11
2387,4173,-13
4783,3062,-40
1590,3326,72
4996,1404,85
1502,3321,7
3795,870,56
4319,1084,81
3081,974,-67
1077,1226,48
1101,1803,-56
503,2965,28
1340,1189,37
3886,3444,85
624,3935,-7
1887,4410,-73
3351,1322,88
1051,2024,5
3773,4732,-71
3917,4513,-73
4019,439,56
1330,165,-70
4115,3338,6
3368,3351,95
3952,988,-18
2498,2530,8
1574,4613,-70
2635,4178,-60
2769,4215,-37
1212,3846,21
776,1327,69
1161,3287,-57
2384,28,58
2655,2025,15
3541,4594,38
4698,194,-65
4636,592,7
1096,2490,-69
24,1858,3
4720,113,66
3557,1318,-34
1080,1738,87
4319,2062,-9
179,1691,-76
2848,3669,-73
1961,1395,46
1474,3169,56
4889,3560,77
4980,2237,-82
1213,3884,-45
810,3252,45
420,3933,72
3660,3015,12
3817,3487,-13
1279,1129,1
2524,1697,25
1441,133,-19
1341,4666,-60
2222,4221,25
2393,3540,-88
1362,2989,95
592,4303,-2
527,3294,95
2504,312,-18
1293,2430,-77
1655,1786,60
4907,4392,-4
188,402,-28
2759,1597,82
529,122,-98
434,751,-98
3513,106,-71
1805,1060,45
303,4168,93
4183,4664,70
438,3239,-35
2589,1245,-74
833,76,-1
797,1010,4
560,3283,9
3589,2276,-82
762,3809,-85
3575,453,-75
3786,766,-87
2515,4583,-54
685,2716,45
4234,1498,55
578,3947,10
4806,3733,46
228,4926,-71
2329,2839,4
2732,490,48
828,2424,48
431,1936,-53
1064,2750,82
1710,3297,57
1235,4571,-59
302,3692,64
1421,1104,-60
4629,1600,73
769,3282,-5
1405,3161,-7
444,3946,87
3105,226,-13
4356,4804,-100
3306,1715,-47
1539,4150,15
3931,2244,-66
1332,2893,43
70,2346,-96
3436,579,58
481,1699,8
4095,4596,-64
3497,2672,18
2794,4302,52
2893,2928,6
1199,279,12
2373,1469,89
1893,4773,52
1884,941,-34
798,2319,-63
18,4537,75
44,1784,91
155,1876,29
4963,4644,91
3449,3227,96
4839,3729,47
4081,986,-15
1426,2820,-90
4321,3971,18
4313,2067,-19
3640,425,58
4127,2106,-66
1893,2471,71
898,3795,82
3425,2892,-56
4541,1684,48
1259,3174,79
2016,3148,47
4834,4062,-92
1703,4052,-6
874,3652,36
566,4162,85
2019,4911,98
1886,1175,60
2124,2950,-100
4643,1810,-98
2315,437,66
4413,4886,39
3884,235,-7
3193,4771,43
1860,2146,77
25,3576,-13
3504,4857,-74
4256,3562,-72
1138,2475,26
4996,227,19
1190,2611,4
4799,2276,-23
4097,4802,-32
3158,1816,6
2368,3855,79
4478,3996,1
1742,1411,-95
3689,4765,51
3747,3380,-61
898,1846,-68
4024,1338,36
717,118,76
3968,1869,-34
4022,2098,50
3216,1814,-79
391,1588,-29
3885,3253,-23
1700,543,-7
3038,2375,15
233,1527,35
1927,3568,46
3132,1270,8
3307,602,65
2725,3615,33
4802,2150,79
234,3302,-67
1392,388,-27
2893,3681,-6
1256,1603,38
2539,3283,-58
3691,2697,-66
890,4435,38
4688,4152,67
746,3834,59
1720,1306,76
428,717,-11
732,3656,84
800,2992,-36
4298,314,-53
836,2281,79
135,2623,-62
2539,888,81
3719,4343,52
41,2490,3
3368,1923,72
2416,4030,56
2041,3064,0
4340,161,-69
2950,2188,22
4262,2352,-7
3467,1484,23
3089,3893,22
4824,1738,-19
1116,4221,7
4579,1909,-34
2591,1371,-89
3574,1978,85
2979,3396,-81
2448,2455,-51
1231,4260,35
2667,4958,58
4976,2288,51
4926,1237,25
4855,3175,40
4259,1207,99
2595,505,-59
3431,3768,-23
2918,4621,-22
2953,1404,-75
1996,1768,65
3892,3734,9
307,701,-63
1363,3205,82
2103,4146,-4
3031,3006,37
333,4791,-90
2753,4122,30
243,4083,22
1885,11,-78
1433,4904,-39
2551,2059,97
303,3678,-60
4331,2820,20
3110,973,68
2187,3793,-8
4291,2455,-97
1551,842,30
1793,4455,-50
647,285,82
4657,2436,6
713,2832,90
4509,4521,76
538,1030,-29
235,4452,-31
2397,2967,-32
1505,554,-93
1375,268,22
4512,1241,35
1910,4160,46
916,2490,11
3959,2589,82
81,470,-29
2084,3288,-93
2689,3937,84
1691,2020,-29
757,2024,-94
2671,1590,-55
3752,4974,49
3553,2061,-20
468,4318,71
1495,1420,-96
1020,881,52
902,839,74
673,752,70
439,270,42
4223,3370,91
2077,4828,58
445,4712,-18
966,3504,-57
3791,3961,74
464,2076,39
2199,1313,-37
2288,2285,-78
3766,384,-51
3177,4181,24
4009,4342,-65
3505,2809,38
913,804,-15
497,4336,74
1464,1097,-45
4254,3743,-32
4268,4484,-64
494,3720,37
1427,4772,83
1693,2697,-59
1794,4267,57
2724,809,-7
659,2152,-79
4762,3294,82
4463,1306,65
550,3460,-45
643,2420,98
4351,4225,13
208,1197,21
2498,4568,63
4191,3525,-23
1884,1526,38
2887,1600,34
478,1045,-5
762,2154,-19
190,1868,-67
756,1376,-38
1447,612,-99
4932,3317,89
1664,1599,34
1836,4950,-58
4229,1978,-6
4151,4398,-83
4061,639,47
4606,4167,-94
4766,1923,-49
3613,646,-64
1690,4270,-3
1317,1999,-55
4830,90,2
3187,3279,-59
4021,2367,-41
4355,824,27
1146,551,3
4395,60,-21
561,4223,-23
1913,4179,23
1865,1244,-69
297,3480,65
2410,946,66
2637,1641,-75
1462,1953,-71
4293,2634,68
2269,3502,2
995,890,36
8,574,-69
2592,513,83
2516,4161,-48
4416,1965,34
1418,4052,50
2317,2231,-20
3933,2284,79
1288,4985,48
2845,612,-25
1119,438,50
553,1460,-32
661,524,-83
716,3578,-64
3586,4896,34
3762,3399,-40
2530,2262,30
3971,1024,-100
3408,1580,-41
1459,322,33
3268,3127,23
855,2832,-30
4761,4276,-10
3538,2428,85
1898,2981,-70
273,3758,-93
4088,450,18
1273,1285,42
4375,3519,-94
4020,1661,34
816,904,60
4372,1178,68
923,330,84
4738,637,34
4601,1890,86
4868,1868,-81
1265,2516,-30
3725,413,77
2788,3834,41
2723,2416,17
4224,2587,42
2551,1565,37
2950,4611,24
1674,481,-36
4588,2276,82
3093,3841,55
2839,3312,-3
1667,2883,75
4512,3744,-98
2196,2520,87
1385,4614,30
4404,4401,-26
3955,655,-33
2900,1978,66
61,181,81
3948,4126,59
2291,3020,-85
473,765,-84
959,4136,38
533,2367,-1
494,3299,-69
82,2780,20
4975,4988,17
2971,2372,54
12,3391,11
4545,1783,-3
762,4781,-96
3186,1065,-12
26,2457,-9
1807,1347,45
4158,2228,-98
4325,1183,-73
4703,4133,93
3660,2454,-67
1526,539,-15
761,2424,49
595,2304,16
1056,249,-71
1855,4789,-53
3084,1041,-36
3917,1392,88
3676,2173,46
2049,1336,79
1459,2260,-60
1220,500,-8
4229,811,-4
4182,4985,-20
1500,3714,1
1831,3705,92
3396,1211,77
1204,3746,-60
4271,1987,22
2811,1492,-68
3093,4271,-19
3045,3049,44
4674,4920,-17
3515,2935,82
1799,4365,73
2576,1818,-11
145,4320,86
4858,1276,-30
3927,3023,4
1378,2878,-44
3147,4015,-81
1826,4088,68
794,1148,-26
1602,238,98
4415,2123,-63
1111,4596,-74
4054,1546,36
4794,3984,95
3938,4364,65
3964,987,12
4943,1624,52
783,3122,-87
1117,3727,-64
1751,3902,77
2577,723,-9
4028,1096,99
3337,3828,69
4388,4286,-47
1488,996,24
3876,4662,62
3632,993,22
4193,2784,-70
3959,156,-3
3398,1896,22
74,1777,73
1360,4769,44
1092,2117,12
4854,2421,-16
1942,55,-11
3149,85,-9
4304,2889,80
1245,4688,27
1286,2780,-79
4506,2670,85
3037,3837,68
771,1009,-98
1844,2365,-9
74,3687,-38
1661,4348,-35
4350,2200,-55
820,1360,35
3819,910,-62
332,3440,52
1422,2914,-7
3656,4696,-54
4932,1007,61
1692,3053,-33
4551,1144,-44
4409,4399,52
228,3221,-14
2882,1225,-39
4954,3879,-62
2866,4496,13
2576,68,21
4523,4250,34
465,1015,-6
278,182,-95
4115,4621,81
66,4116,22
4263,4947,-18
403,2946,-82
3984,2058,74
4505,2748,-82
3479,1881,-67
3445,3603,70
4693,655,40
4420,3687,63
3040,2289,-76
1438,2200,-4
429,2832,-45
2683,3409,-80
2778,2236,-67
3379,2512,9
393,722,-76
4542,3249,-19
342,1201,6
133,4977,-90
265,2463,-82
4189,4674,76
1686,310,76
1435,1026,61
1661,4413,29
3818,1533,-71
2355,3644,8
266,368,-63
4742,4651,-86
1137,2653,-26
4550,1250,-41
4927,2984,31
1391,4576,-18
1113,3029,-87
2235,3135,13
2867,4096,-20
3069,940,-93
2180,4110,-24
4968,4238,-8
635,4024,10
3632,3692,38
1400,590,-21
4787,1783,-51
2740,4569,-14
3171,1208,-25
1866,4413,-63
1956,4541,51
4678,2344,-6
2219,847,65
1390,2425,24
4880,4681,89
3131,799,83
4277,471,-36
4115,3910,-11
1250,4828,-84
3167,2095,-1
1246,2995,44
54,3130,-74
2911,1314,-12
2397,2879,-76
443,3516,1
4676,1048,-5
3612,1088,76
4378,3682,-43
2408,283,23
823,3649,-100
3703,1399,40
2940,2734,80
4737,4068,-80
1032,2358,-100
2017,2936,58
563,3819,-40
2539,3239,-98
341,1773,56
4568,4078,75
3776,4103,-19
2297,788,89
235,3225,-76
1117,43,61
1909,4297,-83
1418,2943,92
4920,4644,-73
1292,4322,-97
3489,3906,18
4728,4729,15
3655,3411,48
529,1359,-31
3325,1205,-80
1981,3605,-7
2940,2994,47
1330,2242,25
1234,538,68
1754,4012,80
2801,3869,20
2934,4577,27
2760,4526,89
2776,3584,-70
3488,1351,-1
3851,945,52
2528,3857,-32
4998,1824,99
891,2626,-84
2066,3899,47
1189,3488,-56
4298,4207,10
741,4308,-51
1370,851,78
1390,2926,19
2001,996,99
1472,4762,60
1537,350,-3
319,1538,15
2265,2978,22
1895,2729,-72
3712,4347,49
4820,2367,94
2823,2237,-98
4509,3876,-95
1276,3095,67
3084,3602,-25
401,4175,96
724,4642,-96
2330,924,-98
1136,619,-97
2771,4401,90
4847,3263,-96
268,3304,88
570,2602,-44
2557,1048,-2
1974,1699,69
546,2231,-18
2823,1869,83
4461,2655,99
4643,83,55
271,93,-46
739,3157,65
1258,3049,-78
59,1468,34
4182,2025,-63
4859,4870,8
390,3818,84
719,2699,-16
4245,792,-64
4679,476,33
121,504,37
2653,231,54
2304,1587,15
4862,1775,5
2912,3091,-44
800,2257,-9
3381,3971,-85
2107,4227,13
1110,4839,-42
1251,384,55
2641,3164,-98
1650,2410,84
1346,761,92
2957,3953,16
2447,943,94
4995,2696,57
3365,1297,-82
485,2403,-4
803,2148,35
1716,1640,89
1916,4397,-82
3484,609,-65
1758,882,11
1810,2251,96
3008,3093,-41
3226,2160,-67
3496,2429,82
2321,4851,54
1671,3002,66
4616,4892,-59
1152,1995,-59
4748,1324,-13
2224,4318,75
2668,1012,58
211,4039,-79
2495,689,-14
4682,4069,-60
4263,4214,-77
2508,4270,67
2964,1243,59
3429,3448,-50
3376,2045,-68
3956,441,-73
3706,1225,-11
3406,2463,-19
4039,4179,21
1053,2753,-22
714,1753,1
2889,4443,90
688,4630,-79
330,3003,-83
1747,4547,-99
1208,3217,-7
2143,3360,-12
785,3943,53
2697,3297,-62
3821,4310,-84
3719,4015,-85
2694,900,54
626,1190,76
4235,653,30
3709,983,-59
762,576,-38
3980,333,-72
3530,4308,29
1556,289,6
3634,2214,3
676,2174,-87
4188,3834,-89
37,1056,-77
3837,4370,-73
1788,1325,45
2728,3596,0
3881,3828,33
1895,2663,-71
137,2324,-67
3077,1883,85
3884,3064,55
662,1154,99
1811,3371,-26
415,97,80
343,277,-85
2730,2848,53
3451,332,92
3666,2253,84
3738,4199,58
3898,3052,-74
4242,3697,11
4419,2408,-52
2170,3203,36
1879,2087,-75
3971,307,-95
4697,884,34
4571,4290,-88
2618,3590,76
1516,3642,-91
575,4345,-58
4443,2163,9
2868,3148,76
3545,2784,11
4478,3142,0
72,4604,-83
2569,155,-90
3438,3631,-91
2981,461,55
1118,1397,-48
2387,791,-47
3509,3710,52
1360,1868,-95
4760,1689,5
1516,577,38
40,3765,-68
1383,2544,-32
2031,362,-5
2622,457,73
1901,3250,-13
2218,4225,-46
4797,3562,97
4607,3111,-50
1284,3530,-76
584,4908,4
459,4969,-78
2266,350,77
2667,2693,-55
816,4548,71
2512,4084,40
247,109,98
4826,1232,75
417,577,44
4464,241,-87
3718,2639,57
108,2042,4
2632,371,21
839,2153,57
4514,98,-68
4917,4192,19
1422,1949,81
4779,1496,84
3913,2094,-70
256,2938,-78
2828,2079,79
838,2456,14
2963,3447,-47
2283,1406,74
553,4812,76
181,2692,-17
4253,2746,-45
1478,973,-9
571,2749,-93
4953,1513,49
1728,2924,-39
592,809,-47
4517,4695,62
2261,4231,18
2948,328,7
348,4295,-13
166,683,-86
4444,3332,13
2897,124,-96
4494,754,-84
583,1607,-9
3507,3579,16
4404,4667,30
3039,1469,46
2846,2846,1
2767,2939,64
4195,1927,48
1266,2428,0
4254,165,-50
4650,1510,-47
4747,4711,38
2968,4093,92
2275,2811,57
2471,1201,-11
2291,3282,12
2578,619,70
3661,2713,-65
1069,4955,-11
2737,3724,84
4830,1687,19
1951,1607,-10
92,4733,53
3094,3933,-3
2220,3893,-41
1388,3804,-11
4275,4311,-79
2286,1354,-77
3207,4240,39
2925,619,-26
280,354,-41
1619,281,48
2788,3378,-21
371,4933,63
3184,3551,-94
3835,1960,88
1704,390,-48
2269,3868,55
304,4361,-77
3775,2054,-48
1349,168,-88
2423,4946,-23
3629,2167,-6
2429,4270,-29
3034,3007,-100
669,187,3
500,4047,14
1415,2941,-20
530,1298,-60
3622,2646,86
3457,1217,-88
755,4628,81
2348,3000,74
4911,1206,-74
727,228,22
4827,2614,-61
4924,4710,59
2650,2137,85
2047,3732,-25
2816,250,70
875,2273,-49
3280,2951,-21
2985,3019,-67
2179,4769,33
3808,2216,-53
608,2158,45
635,1797,-20
4580,3245,66
2728,297,-94
1075,1928,-95
1915,2257,-48
589,1458,-100
3232,3547,-72
2305,3128,-9
3839,2309,96
1974,3665,2
2056,1590,22
3481,96,1
2080,3933,-3
3053,1360,76
4483,1740,-42
1252,3795,40
3796,1353,-56
3823,4925,73
4303,1543,21
3390,2668,-78
1781,831,-69
2605,1606,-29
3689,4646,10
4889,2748,-26
1725,3811,40
2785,4659,-48
3720,222,-81
1678,3952,28
449,531,-44
4688,4127,-35
82,1382,38
1407,4118,-55
1481,754,-71
1080,4310,96
3599,4808,-94
4515,1189,51
4184,409,-6
3681,2486,75
2704,797,-58
4311,861,-22
3757,4172,-65
1759,366,28
2600,1515,-94
2551,4937,-57
3854,2935,-40
2747,1584,-75
2293,499,6
1502,3242,6
4405,1370,20
231,1252,57
4251,699,-100
1199,2728,-38
115,2251,-86
1414,2494,90
4407,132,-46
993,91,-44
2348,3895,16
1042,3198,-81
12,472,49
3677,1266,-12
4826,4598,77
3066,2809,16
2037,4483,63
3047,1112,64
2351,598,73
541,908,18
2861,2915,54
77,3217,46
3068,1355,-18
24,3947,-85
676,3236,-47
2395,2705,-6
4268,2390,61
3399,4076,-22
2760,3651,78
489,464,-65
1486,3939,26
3660,1073,80
3236,474,-11
2420,4984,-7
3496,939,89
757,1311,58
2525,2341,-12
4251,3521,31
257,4057,-89
1780,1087,80
4770,4664,-40
2116,3530,46
3349,4970,18
4769,260,83
1473,1657,-92
259,2956,-76
4076,4280,-47
307,3120,11
1119,592,74
3018,1433,-60
4342,2488,78
2781,229,-51
1659,2780,16
187,1369,34
1798,1625,-74
925,3980,75
785,740,10
3445,3175,-46
3197,2648,90
1361,2071,6
341,4572,33
563,4994,62
4747,2035,59
3000,4381,-95
1194,1186,90
3111,590,-83
69,4218,58
2429,1136,-49
3599,3421,43
2373,2559,83
4557,2,94
844,892,89
574,4895,-20
4215,4725,79
2597,4557,32
4742,3000,80
1479,3554,44
2074,3658,58
1514,972,-85
969,4150,84
2197,3743,-80
1512,4205,68
655,280,-62
2993,1699,-64
4651,2888,68
4521,2885,-48
293,3286,-27
2602,3580,-69
4527,2252,-76
4413,4641,80
4494,2357,-37
1589,4624,60
596,1932,2
2594,3415,1
2124,1009,-63
1944,4713,-9
916,2079,-22
3870,4196,35
2795,2715,-100
3079,1339,-42
976,4591,-66
1076,3690,-85
2990,742,41
3468,734,-96
1452,1807,-21
3824,2379,-80
3933,3266,-43
2029,1754,-44
363,1025,38
2430,1483,-30
3633,2566,20
2319,3555,35
3086,1780,41
2346,3717,76
3599,4819,7
4330,2117,60
1732,4567,51
27,2540,98
93,2966,-63
2665,2761,-22
309,2455,-51
52,3755,-12
319,1946,-37
1993,3369,24
4277,2630,29
3892,529,66
4743,4233,41
3957,1472,39
2693,2036,-20
3019,4035,-23
2025,1368,78
4432,1720,-91
1526,1042,-57
1279,3488,-61
514,560,8
4338,1565,87
1734,3225,-31
3371,1801,-70
3922,3271,-64
2501,1812,85
3465,3082,70
2260,4263,8
4764,147,-4
4690,3829,-30
2660,4541,-63
256,2118,-93
1503,2664,-67
4657,319,44
2111,3970,-84
407,4132,-7
2850,255,-19
3177,1337,-48
1861,335,42
4355,3092,-37
723,4394,8
1283,1045,-44
614,4574,47
3332,1792,-40
3117,2520,-76
1979,962,-23
813,3750,-74
1787,4566,74
331,2815,-2
2213,590,-73
1217,1989,33
4483,2840,-60
3338,3866,-42
2376,2434,-23
1241,2990,88
320,3949,-52
4495,4542,7
1915,1961,-1
4201,4195,-96
4792,655,-90
330,1079,-15
660,3075,-61
3689,1356,13
3119,1459,-31
4917,3283,66
1973,4913,-31
1794,4757,9
3219,4696,-81
4558,920,31
2534,1747,-88
2458,1759,-52
3101,1832,-25
4367,1172,-92
2734,3279,-42
4481,360,15
4156,3811,-98
220,1441,-90
2819,2920,-96
1907,1720,62
2612,3254,12
2594,556,51
96,1234,97
989,3921,-19
1113,4040,24
2279,2298,33
246,1536,-15
2159,4059,-59
4330,3303,-58
3350,910,41
2726,1962,-76
4078,12,-83
4899,980,51
2667,273,90
3200,4584,5
2755,1998,-100
1418,4634,-86
655,1689,81
2443,1596,-67
111,3243,79
90,4684,-99
763,1716,63
3173,4339,50
2180,1202,51
2505,2846,9
1465,257,59
98,310,-50
293,2564,-55
1840,3418,40
1735,1089,-4
2620,4732,5
4748,4893,-87
2197,1177,-84
3467,3098,21
1907,3231,43
1722,1725,59
3692,2629,6
1817,4175,-89
253,3300,30
4228,1351,-26
3520,620,80
1908,2549,-58
1911,1379,32
2522,4059,74
3850,978,-74
1059,1538,26
3539,3773,79
2323,3579,-45
187,2534,3
949,478,-21
2291,3655,-33
4360,1895,-10
4618,2381,-86
4879,1633,46
4631,2041,-75
210,1566,72
2094,4126,-91
3539,4823,-3
1564,4269,1
26,2840,53
175,468,35
1335,3548,-21
322,1976,-69
4151,3389,-80
4048,4221,-5
3228,2744,-56
1873,2575,82
2068,1420,-89
333,1878,75
2992,1027,2
911,4632,86
4497,601,-27
950,3593,-31
2076,988,-64
2515,606,11
3332,2748,58
3030,139,30
101,2058,-32
4647,3587,-3
2401,4226,86
3372,4497,-68
2344,1245,-65
353,642,-98
2956,437,30
1019,1424,5
1180,1137,86
3537,3722,81
3651,3290,-73
2503,58,36
3820,1137,-75
980,700,56
4835,1146,-91
977,2456,54
1372,1109,90
2281,4496,8
4577,108,-39
108,1985,-5
973,4248,45
1627,906,80
704,4946,-15
875,1993,44
3810,4123,-52
2412,4215,53
2108,4819,-96
3554,2148,-28
1274,4099,-57
560,806,51
117,1993,84
4970,3601,20
3047,4400,-94
44,4273,-81
509,4011,83
3440,84,7
3929,4359,99
4945,3321,46
917,2506,-37
2946,2457,-58
799,3063,-57
4972,3853,52
1761,4898,-84
2334,4991,-62
3276,4969,52
819,388,-2
2169,2004,-62
3736,1032,-62
3066,1541,86
3260,450,93
907,3548,-85
4109,4438,-48
603,1097,5
4296,860,56
2634,302,93
1792,2020,-91
3528,881,-99
4544,2282,40
1812,4162,81
3912,230,-99
841,922,69
3143,1833,-87
4686,51,-50
2091,3679,7
4616,4483,-52
1037,3782,65
725,753,61
988,1479,-72
803,2089,10
2583,2994,23
3838,3796,-37
527,3341,-78
1666,2344,-78
1139,1239,-85
460,4521,-57
2553,2237,-41
4421,4257,98
4675,2429,8
2809,4340,-36
2899,183,46
3244,544,72
4069,2827,-4
2332,93,-3
4571,2416,28
3686,4255,-89
632,2446,52
4799,4534,-14
2457,4402,-12
982,3033,-13
4655,1974,37
4318,3290,93
1557,2377,60
2206,4439,29
4444,3235,31
4985,1134,50
3956,3639,9
922,2398,-60
405,2774,-63
4773,4461,-45
4685,1921,71
1621,2063,91
2953,2201,-77
3119,4628,-8
1595,3015,68
566,3472,-73
4800,4951,-39
2869,469,42
858,1345,89
1285,879,-91
585,4463,27
4328,3910,-72
1246,3808,58
52,4737,-38
2164,4958,-14
538,2942,45
541,3346,-94
815,589,54
1416,3884,36
2839,1330,-81
1653,92,16
2666,458,-9
4515,3342,-51
4063,1885,88
2357,3122,-34
3811,2040,8
864,1404,44
186,3704,-2
4357,4483,48
1552,1982,59
2208,1793,-53
762,4467,65
4320,2232,-73
1280,772,87
4276,205,-31
4728,2220,-43
3695,4921,97
3282,222,80
1537,1192,-91
3165,3316,-99
2771,3290,52
1964,1599,65
3846,1909,-100
3436,4263,-21
4711,1543,-11
562,142,-28
2422,90,-88
4718,3986,-30
2136,4407,-100
2062,2264,58
2181,3513,94
1961,3707,-45
3880,1210,46
3280,4979,-97
3885,3225,-73
3271,4857,-57
4688,1360,-71
583,1539,-65
1614,149,80
1102,4811,5
289,1426,21
3860,1718,86
3061,1355,95
2927,2406,-97
4103,2636,-90
1184,2364,-48
4336,2933,23
1447,3108,-13
1750,1502,-47
1904,1452,-17
3176,450,-56
1078,1836,44
2378,4186,-37
848,2589,85
2877,4272,-88
1240,1444,78
1333,2949,-49
3507,3936,42
2380,3710,31
4792,3243,-19
4123,1290,6
3238,504,-92
2366,3098,11
2413,2148,19
3175,1466,-34
373,4521,-19
1950,1898,84
245,3717,0
1841,651,19
3428,3263,56
125,1211,74
4633,2188,15
2754,3821,13
1920,369,32
1636,2345,10
1426,3272,97
1541,2844,91
531,3451,-42
4350,3152,-66
3104,3519,-96
4757,4355,-51
1802,1637,-41
1037,3861,-86
3729,1145,7
4012,3127,14
3464,18,2
1143,1657,51
1756,4206,-80
4841,4427,-99
1630,1597,72
763,946,-19
4890,1288,-91
4840,268,72
3958,435,64
558,2036,50
4622,2498,72
840,3209,68
3,1614,-36
1052,719,-40
1405,3979,17
157,2232,33
1938,3673,92
511,741,-83
3405,805,-10
4783,4513,11
1138,4978,67
3915,4887,65
3322,3772,72
4667,1727,-84
715,3513,40
2287,1099,-91
2655,2622,-70
991,3806,-51
4430,3011,22
2161,2984,-17
4458,3705,50
2145,3384,-56
2064,1845,65
2604,3925,38
1978,3100,35
376,4522,-23
742,4979,27
4486,4882,-88
2668,535,61
1241,285,92
3471,2670,0
4920,3787,-91
2368,1130,-7
2244,504,-25
3550,4142,18
418,537,-65
607,62,-97
568,2384,21
544,211,48
884,2448,24
4799,4805,88
1224,2395,-7
2894,3270,-63
2069,377,-25
3710,1186,-62
1787,3280,-12
1458,3499,-47
1915,2848,-39
78,787,-82
3614,733,-99
1309,3869,49
648,2700,-7
2188,4618,-44
553,2159,-1
282,3621,-98
1282,3665,-78
1847,2656,-97
2488,1079,55
2794,3295,-23
3712,3647,97
4200,4620,-31
4862,2194,68
2777,2312,64
1597,4564,-94
480,1585,-100
3313,3007,-13
3219,4045,61
1964,1211,79
2143,3415,-91
3899,1987,18
2073,3171,87
1296,2727,33
939,1749,95
762,758,99
4750,1178,9
1670,919,24
3863,1120,75
2686,706,-56
3900,4930,39
1932,3431,2
3940,2862,10
1127,4495,-31
3298,1808,16
4671,1400,48
1204,2650,9
4136,4424,18
3773,1296,-26
520,1621,-65
2284,2443,-14
4559,2596,0
483,4173,-78
2478,1073,82
3094,4076,54
343,1450,47
1463,3943,-86
1203,1772,-59
1622,1018,31
2399,3693,-72
3597,4225,82
3536,519,-52
2878,2352,-30
2391,1136,-26
3352,2773,-47
2914,912,60
1190,816,-5
2341,974,3
3581,1963,-64
1604,2867,34
3298,2411,-77
598,3103,-46
645,1801,38
4544,809,7
2903,570,71
764,970,-11
4831,4080,92
1643,1880,-95
2298,3320,-70
4697,4706,70
2173,388,6
2161,4855,-89
3750,2490,92
2923,516,79
580,3845,-31
3805,2891,-71
4879,4141,18
2369,1443,25
3933,723,-46
4628,756,-62
3361,2251,-19
4708,1909,-95
1101,2587,83
1671,386,-93
2221,3016,-46
4971,4456,4
217,4088,-85
376,1492,19
1610,1968,29
4107,4301,-37
3840,3319,-90
2940,3039,-13
4063,1073,-97
1614,4462,30
3680,2301,-86
4914,769,3
1297,2680,-33
3997,987,70
4787,4513,-20
1156,3107,-92
4880,2360,-76
2367,197,-36
2892,3045,3
1973,2308,-35
785,1390,82
4493,3559,72
1082,2582,-68
2034,2072,-79
1615,2991,-59
4556,1670,54
2417,1418,-90
4642,2727,-59
3654,4133,-23
497,2870,3
505,1587,-79
3387,4668,36
2209,4403,-44
4814,4401,-18
3217,2227,-70
3667,3737,-83
1409,932,39
4365,1543,67
4078,1993,21
1478,3707,0
4961,4060,72
2398,3550,76
110,3145,28
3555,4893,-3
650,1535,34
1500,3137,29
596,4843,20
979,2675,-15
731,4549,-97
57,4927,72
2244,4854,73
1702,861,94
1287,1553,-92
112,4915,84
4807,1393,-85
1202,1880,-50
948,381,-49
4122,649,36
758,4342,-18
3389,3622,33
1842,4661,-57
3536,3418,16
2294,821,33
1105,472,-96
662,2017,73
909,122,-74
4618,4877,13
1857,2796,-56
2312,4217,68
790,2187,-11
172,2135,-73
4361,2178,81
1987,2300,-69
1886,1384,-48
476,3502,-30
1050,4143,-71
4130,1969,-48
2312,3663,58
1162,1834,39
816,3948,-92
3767,2473,-34
2923,4827,64
754,4207,13
4662,1251,55
462,3111,53
3240,135,-18
2703,610,48
81,1058,0
2805,3035,-91
870,1989,-21
4695,3775,-77
807,2247,-76
1935,4656,79
704,259,-11
2524,3901,28
2640,916,-48
4583,3943,95
3910,238,6
4802,3356,-77
1165,688,-74
620,1159,6
3067,2130,54
4873,595,-13
447,2702,92
2338,1751,23
209,403,-62
2461,822,-24
3443,3839,-17
2712,2236,1
2338,2541,63
1292,2303,-25
2199,1698,96
1401,3929,-96
4951,1614,-20
2656,4581,37
4013,3680,-85
705,3553,80
826,2228,41
1005,3679,-72
3461,4997,55
377,1465,17
973,4740,16
4214,4883,44
3077,3101,96
444,4114,93
755,1957,-65
3605,4094,3
4736,4852,73
2172,687,-56
2706,2037,2
3466,3580,-92
2712,601,63
2408,1044,-96
623,1380,-22
1724,4529,-28
3323,1042,-12
1920,1574,77
919,4472,-73
4216,1364,-74
582,1011,9
3882,4812,74
1687,1257,60
3910,1128,14
2000,1024,21
2712,3695,-4
401,2785,65
3649,4317,35
2629,1050,31
1657,2302,11
621,4922,63
247,1155,6
3340,30,58
3011,787,76
4720,4106,68
2369,3161,35
3995,1171,57
1840,3199,41
2904,2746,-56
4396,1365,9
4499,1542,-55
3692,4147,94
3842,4494,-8
4349,314,-85
1393,2696,37
3751,4610,-33
4256,530,79
3009,4956,-51
4301,2467,-33
3339,2242,-99
3515,312,-26
4954,996,-26
760,2524,87
2769,2632,77
3089,264,28
2116,3853,-4
4229,21,8
1724,2525,64
2967,4645,50
430,1197,76
2356,3134,16
2460,206,91
4193,1637,-84
1719,631,-30
1266,2227,42
1309,2390,-50
1051,4536,54
3474,1099,-92
2250,290,-37
2810,2605,90
2922,208,-16
4677,3815,80
4042,272,-8
2418,3679,-59
533,415,16
899,3469,-31
2655,4480,-12
1470,1285,-66
2921,4987,-84
1253,1663,-57
770,4015,70
834,1042,3
2210,4091,-12
4650,2295,6
3425,3714,17
1092,2462,-57
1197,1344,65
3915,2763,68
1661,2229,52
4655,3368,-52
261,944,-41
2265,4989,-99
4901,4157,-36
1186,4060,13
2450,166,-98
3534,1906,-8
4371,3057,41
4302,1324,72
3345,4751,61
867,351,63
93,2311,-86
3179,3310,-64
1352,932,37
365,3839,-92
4917,1114,-51
3719,2187,62
1925,1990,-55
3096,1386,5
2539,3485,-20
1297,1117,-54
2277,134,-83
3,3952,12
3493,1228,52
1754,3110,62
911,2505,-50
307,3606,8
4232,1882,-12
4016,4534,82
1439,680,-85
873,2695,-13
1142,2670,-89
666,1248,-2
209,1192,-42
952,1131,-28
1058,1404,11
4745,2072,64
4723,1331,-69
4621,1382,84
4009,370,-79
1869,3795,72
4865,2491,-3
772,1177,-18
4836,376,-89
4031,2761,-96
522,3291,-75
3356,1944,15
1401,958,-10
3739,811,-81
4344,4923,88
3724,1534,35
3248,4431,89
1859,410,81
4782,54,-21
4065,4797,-43
4682,1099,93
2399,2397,72
143,975,92
2852,4489,-96
3470,4650,58
3696,2895,-78
718,3280,48
643,4922,39
3441,4840,-97
2549,2225,-64
3694,2559,-26
370,3691,3
3651,139,16
787,3174,36
950,2521,-75
522,4638,-74
2944,2242,89
355,3828,77
2336,1338,-12
1483,4090,-19
1648,2853,99
3046,2295,29
4632,2678,26
2216,73,2
4717,2879,53
428,2142,-8
2538,4531,96
545,1807,-55
2765,2046,90
4920,3503,-31
3766,4553,50
659,3502,44
2828,2277,-13
2059,2078,3
3328,1649,-37
731,335,56
1833,4756,-49
409,4665,25
4180,4273,-7
3248,2872,27
4803,2616,-77
134,4873,62
4884,4173,24
4960,933,74
667,636,0
277,3230,-50
3308,1191,-99
882,12,48
2061,4003,67
2083,4927,4
1238,1450,-32
2453,449,-66
159,2497,71
2597,427,62
3816,916,-18
4375,3170,52
2527,4727,-21
111,4322,-70
542,447,79
1139,1911,62
3284,3736,50
3611,2251,-52
4456,4771,43
3558,2682,-43
2420,1402,-51
1757,3408,-23
3087,1044,-37
2307,3019,-49
976,392,-61
723,4820,4
2571,1286,-47
325,4110,13
1530,2435,-4
1946,642,44
4487,1046,31
2431,4321,-45
4112,4038,-71
3511,3048,7
846,1158,61
4965,3250,71
568,3628,25
3689,1544,96
2180,792,92
2020,437,3
3320,3515,80
2321,4677,26
1647,4783,97
4004,4461,-14
3910,3960,-68
3421,4365,-23
2532,1717,-65
357,3637,-83
3082,3365,18
2281,4174,-50
4132,189,84
2461,2719,71
2788,2406,-91
4210,3931,-62
1198,3166,83
1279,903,-52
466,341,-43
4001,2882,-25
3349,4507,1
1488,4994,50
4943,644,34
4598,21,-56
4537,3073,9
326,678,-12
1766,1100,-46
4163,2651,23
304,3470,82
4580,4184,65
1441,2065,46
149,3401,8
3035,2872,49
2632,2431,-90
96,2688,30
3456,1417,46
4378,4406,-10
2370,492,34
3468,760,18
529,3502,-67
2311,1,-90
4676,2089,-96
1664,3657,-30
3365,4768,63
2342,212,-96
4906,3723,83
693,3518,32
4331,1966,-74
952,304,-8
1361,4787,54
539,3773,59
820,1782,-12
3163,3226,13
3926,4712,-3
272,4619,-86
1029,2073,4
3666,808,-3
1243,4121,81
1142,1777,-81
593,3191,61
1606,4043,26
4211,4204,-67
3378,1354,14
4072,180,73
4303,881,-80
3695,1831,66
2351,4699,-61
4208,4003,71
1441,2801,63
3627,4264,-46
1883,223,98
3712,4565,-51
185,4374,85
4997,2238,-27
221,2579,-27
3189,1779,-63
1094,621,-77
2946,1214,7
2475,4055,-42
2616,4314,72
2013,4264,53
2491,2828,-18
601,2241,92
1161,1363,-90
4600,2839,77
4314,2503,27
2736,2241,85
2219,93,17
4708,1239,61
1153,4609,-85
57,3471,86
1205,3236,-100
4342,4202,-60
144,2765,55
368,3605,-86
1483,2836,-21
616,3902,73
3639,3235,-69
3329,3629,-62
3228,1769,92
1589,3510,-28
2490,2902,-8
3004,1542,-12
699,2092,38
4972,2651,97
2824,1732,-67
945,92,-51
3882,4855,71
923,731,-87
1747,4433,-29
4121,3815,52
2854,700,95
1560,3015,77
1084,2312,-6
3539,2017,-16
434,3491,59
2927,978,-46
1090,4211,-23
2958,1259,52
2613,3856,79
4192,1298,83
3760,1979,14
4264,4130,23
2090,1733,7
1903,2943,49
2568,2510,-54
1999,449,97
3115,1238,-50
2995,4501,93
2011,333,-31
4845,4324,18
1892,166,-14
831,4681,-26
49,4833,92
4211,4694,-79
1179,4689,68
3034,4028,-24
71,2775,74
67,1700,87
1778,1414,13
2229,1447,49
1790,3483,31
613,4745,-57
1887,1688,-60
1623,447,65
697,3475,44
1238,97,-84
2407,2427,72
249,2718,-55
638,3258,35
950,4727,42
1905,503,60
3588,4384,76
1112,4465,-91
176,65,89
723,4258,82
3843,662,-43
3675,3490,0
4867,481,90
1948,4663,38
703,3262,-66
2129,406,-5
927,4861,-15
4234,3561,31
3505,3384,16
2518,3668,-35
2398,4962,60
1150,1118,-28
3381,2438,62
1879,3483,-63
1254,3710,84
1484,3441,-6
310,742,-68
3953,3240,71
3050,2922,-48
1565,1832,47
1501,4139,-38
4866,911,78
16,4013,13
606,4703,41
1382,1419,-66
4909,4815,9
3384,4310,-56
895,4039,60
1568,3640,-40
414,3446,-8
4121,132,-29
2005,2057,80
316,153,14
4667,2479,-23
4821,483,-51
3056,305,42
1850,2520,-59
1954,993,13
389,2238,-81
2770,2560,-9
4540,4439,-33
3047,715,34
2416,1710,-35
2390,1058,-28
304,471,50
764,3466,-65
1974,741,39
816,3567,50
878,513,38
4799,3394,28
2327,3286,-62
2430,3838,-8
2061,2193,-31
4399,4655,58
1580,4888,36
4256,360,83
2202,285,-83
3598,3317,26
1204,3278,-42
2425,2632,-34
3876,1758,8
2824,2775,30
3286,1523,-71
2064,1246,91
1980,1413,97
4349,4839,-10
3132,1417,-99
3093,358,-81
4827,3466,-4
3665,4136,-72
2337,2950,-92
3615,3142,-97
498,2877,-61
3818,4554,82
4644,197,40
132,1875,33
858,938,-28
521,2195,-75
30,3531,2
3397,4126,-60
4605,390,-59
1261,2927,27
1559,347,-40
16,2845,-39
3606,119,95
1608,4616,-80
3518,1239,58
2017,2781,-58
3575,2128,48
1744,2467,6
3792,584,56
3635,2760,82
1089,1709,-43
1362,2705,51
3373,4838,-56
4474,672,-21
476,1772,36
1290,1686,93
329,2078,29
4045,2486,64
1840,1697,26
1187,3602,64
4534,4159,96
3415,1454,-55
3537,3207,-95
1774,4253,-53
2064,2991,26
1845,4873,11
4964,2302,35
2559,3259,-69
1263,1351,0
3292,4102,-24
1019,3950,94
1790,1280,-33
3525,821,-73
3505,1344,67
807,2296,43
2667,4,-44
405,2561,-46
594,2554,-18
3950,31,5
4108,1653,-15
3281,1299,66
2213,4805,-25
1543,886,82
614,1201,57
869,3359,3
812,1980,69
1823,4844,32
4863,4039,0
4178,2127,72
1745,2291,91
2257,3895,-69
4043,4597,-3
3668,205,-89
522,1484,6
1526,2771,-35
1470,4429,-49
2676,2651,98
1514,4262,-69
4877,2209,62
1452,6,33
4655,532,-79
3431,2093,74
3008,4553,40
3125,227,-78
1754,2100,71
4956,4567,-92
1613,897,5
3276,1321,-42
556,2662,16
4252,2560,0
2050,1665,-71
825,1526,-17
2850,3751,-57
3031,3655,76
1082,2568,-85
3326,4770,20
493,1097,-27
4765,3099,-17
75,3241,80
2992,2823,29
3361,2928,-34
371,4994,-59
4683,3615,91
329,848,35
4686,3617,-28
1791,2705,-9
777,3894,48
2023,3382,14
4675,3072,-4
4317,2995,87
1188,4743,-67
1504,4534,31
3292,1501,16
3326,2443,-39
188,1726,-5
1215,1566,-25
3287,1744,-99
3447,326,26
1110,4418,77
2522,2231,11
4940,2667,16
3880,1210,-75
531,4362,-16
1071,842,7
3137,4425,64
963,3902,-46
1406,3437,-1
3138,4779,-83
517,2072,-77
3165,1285,-71
1492,1379,-84
3690,2659,-59
4229,3562,-20
4410,1888,7
591,4013,39
1544,1979,-74
3057,4728,82
2207,4417,-97
3340,4299,62
2709,3162,92
4030,2225,-25
748,4723,56
801,2080,-29
1498,4823,99
1380,954,-25
680,2868,63
3771,2291,-67
3343,70,-65
897,1095,82
1547,4254,-97
3127,549,-90
684,1840,-42
1296,1952,-98
1386,1059,-89
943,3552,12
3281,2508,-28
1034,3908,48
2787,4982,49
2234,3491,45
3646,4607,-95
1621,4464,-12
3536,2960,13
3206,883,8
2883,2626,-22
4905,4765,-36
171,2154,-46
1554,4762,67
3898,3567,-19
1596,260,-49
1624,1509,19
4123,313,-57
1092,2679,-6
2838,1845,-39
408,2585,-17
4170,4015,-4
680,3252,-27
4945,1534,56
4966,4770,46
237,1424,55
2775,2021,21
3438,1692,22
3358,1729,46
2878,328,-70
2424,1589,81
4715,3754,-2
3148,2895,89
1033,98,41
2855,4755,-51
2941,2348,-42
3702,1098,97
4071,4735,85
3133,85,-92
3461,1278,-44
4943,2712,68
1924,519,-74
634,3524,-43
4104,184,-20
1393,973,-33
3447,3386,85
3099,2389,-77
4945,4323,-21
62,4933,-39
2470,3828,-20
1818,2312,94
633,2498,0
4888,3480,16
2599,4266,-98
3452,566,-50
1301,1936,4
2654,827,-2
1455,4702,-34
1139,3118,-21
3193,350,84
4621,99,47
4995,1770,-56
2211,1805,33
4883,1061,60
3760,3510,70
3030,3057,77
1361,4171,54
2427,2106,-71
4269,3091,-2
64,402,45
1346,188,57
975,3985,42
4162,139,-5
3629,143,-2
1623,4204,89
458,221,-80
3331,4241,39
1741,4606,76
3027,2424,-100
1955,4101,82
280,4029,-76
2392,388,74
1041,3839,-62
962,3032,-74
3846,560,-8
1218,1840,-51
3221,3235,82
375,1772,55
4131,365,-44
1393,417,-19
2077,1636,-85
775,2069,83
4317,517,-66
3425,4032,55
2124,1221,-55
4590,661,-34
3594,3417,-85
280,330,-22
4842,378,-27
2812,3283,16
2343,160,-52
1475,4754,95
1858,1264,49
2890,4175,-83
1060,2200,-79
1923,2565,5
3800,2431,18
4593,4789,-85
2474,2038,83
4140,2400,-98
1852,1225,22
3542,1989,80
4550,866,-66
595,391,4
507,1409,2
4890,4916,48
21,4031,92
1400,4436,-44
3202,1555,-54
2462,4048,61
3679,132,-53
337,3680,66
1668,3077,-14
3577,4473,19
910,4736,57
276,1522,77
892,3270,-4
13,441,43
4058,1742,-7
3026,1204,-98
974,241,-40
4271,3392,-99
3971,3722,-75
1409,4119,-83
1944,1204,-35
2289,1888,-61
547,4271,30
1219,198,-84
1421,3526,51
1455,4195,-99
3378,745,-31
2773,453,67
4099,3263,53
2739,3022,84
3748,499,-52
1843,3688,-44
747,3263,-45
2817,141,97
872,1715,-25
495,2821,-80
3445,2223,-85
4724,2468,-95
1076,676,-67
3995,3506,-42
4238,3603,-34
46,918,-60
3057,1823,46
2058,3823,56
664,2604,-69
4669,4804,-91
2030,1731,91
2697,3429,18
640,4657,-8
2664,4155,-24
2746,3719,-81
4965,1625,55
4949,1807,-74
4403,4359,52
2596,1455,23
3428,354,-72
395,2934,15
3598,941,42
4845,3946,72
2333,4143,-56
330,4849,-71
2098,230,-63
773,3483,87
1646,4853,-69
1733,4858,-51
4474,238,-30
1788,3773,62
1624,4174,-25
1000,2782,-14
1849,2607,-96
1562,1985,6
774,3096,18
1804,1053,-70
1099,351,-4
2051,913,80
1599,4446,-100
748,1305,-15
3974,2524,96
2323,292,95
1554,1213,-36
1616,468,42
3755,3278,2
4425,2526,79
2303,3576,65
4222,3200,-77
4863,4326,50
3656,1065,-54
3396,4889,34
217,3464,58
3317,4920,-94
1360,1694,-97
3775,4932,81
4928,2395,3
4278,2058,-49
4430,87,-19
4607,2593,-21
4479,4043,-53
1897,2921,-6
4428,4,-35
900,3095,9
642,1522,24
4730,2949,81
3628,3858,26
196,1978,81
1894,1475,-1
3276,1131,72
4051,881,-61
4554,1402,-66
4926,1976,-77
2305,1751,62
3601,2,-7
3344,1145,64
2057,1639,8
2809,149,61
1225,4248,2
887,2354,51
393,2044,-8
1676,1703,-97
3191,2930,4
2447,4571,77
3906,1388,-23
3339,4903,51
3592,1664,1
3767,2081,15
2528,1997,-3
2182,3693,-65
3765,3231,-22
355,1251,-66
2632,4463,-72
1522,2037,-65
2673,538,-33
3179,1555,38
2338,2153,-46
629,791,-52
2680,1949,-44
4423,4144,-2
1439,4756,-14
1422,1436,-46
1127,3250,-45
2684,2849,-27
1781,114,-97
1532,2344,8
1915,4534,52
1233,162,29
1957,3913,46
393,504,-13
826,2635,35
2964,2506,-37
2396,1395,33
4146,1510,-17
4896,2320,-87
1793,3251,3
3065,480,97
1364,4255,4
2349,755,25
3552,4000,-30
3629,1837,84
3337,204,8
1566,2843,-71
3668,3350,-93
2214,3215,41
4097,3592,-53
1020,4608,-73
1285,4212,33
63,392,57
2531,3415,31
3393,3445,-1
3273,2774,-34
2270,2417,37
4248,1239,1
644,2949,-74
4722,741,72
217,3884,-26
196,4133,-1
3865,2844,-66
3274,1536,-88
2695,369,19
3213,2272,-46
2756,1958,-58
1522,4910,-28
1081,1099,-33
722,2772,-58
1563,1392,-61
640,1648,13
4261,2032,58
4311,1679,-98
3788,2147,20
3737,2825,44
90,3297,-21
2922,4171,-62
1252,3782,93
1103,2232,96
4704,3365,-4
349,3129,-24
3914,1273,-25
4053,1980,46
2942,3698,-79
246,2188,-93
272,2407,7
2031,1577,95
4499,3480,98
3188,3546,27
3507,1470,-83
1466,980,33
1196,1256,-97
3088,3689,16
3009,1642,68
3824,300,78
1615,4522,-89
1127,3043,11
4380,401,-64
517,1281,-99
2666,4837,-98
1302,862,72
612,4590,-16
750,2574,-62
1857,2785,-24
400,4186,11
1527,4160,81
2025,1112,-83
320,1057,-88
336,1096,-87
2099,2301,-60
174,3992,-61
4020,514,-12
1642,4232,0
501,2677,98
3647,121,-53
2364,1502,-91
1857,2848,20
3153,4920,-47
1897,1118,62
1719,505,51
1779,2992,-52
4793,1624,69
3058,2239,-17
4828,2434,-51
2714,803,48
3829,4374,55
4748,1472,82
1095,827,54
46,1429,-4
1446,2444,-33
2197,4875,-2
3202,4307,-17
456,4986,33
1663,3782,85
2925,2026,33
966,2318,-41
4965,1007,-20
1529,1638,46
2977,845,12
3072,4494,88
4870,3288,-84
2522,3504,76
1127,2862,30
3405,639,9
4493,493,-67
2344,2999,-39
107,3658,87
2578,2176,95
3155,1486,-14
4384,4544,22
4054,559,22
4802,3749,26
215,970,-19
4440,4010,61
4290,86,56
4254,4973,-41
465,3129,71
2373,4302,42
592,2196,-56
2189,4887,-26
884,4054,2
4159,947,-92
304,3209,-66
4492,1994,-91
334,3441,3
2834,1546,65
4507,4653,26
2332,3508,56
4562,30,73
80,1472,97
3764,1410,15
2832,3761,-56
1978,3680,-24
733,529,17
3977,126,-48
1818,4909,-17
1385,3857,-99
2125,3259,31
1199,654,98
2293,4234,-82
4218,741,-2
185,2262,38
4128,291,-18
998,2992,59
1987,3642,41
2810,2578,76
4665,2740,-32
2358,1694,52
1680,4645,41
4926,1320,66
3040,2822,39
4887,3663,23
2512,3230,76
3528,1396,-17
3027,2968,17
2746,3962,16
4174,2615,-83
2582,1545,-100
4204,3902,6
2812,4498,-97
4091,1781,-89
370,2151,53
3744,4883,59
2005,4469,0
1704,4434,-22
3325,1057,-49
441,1446,-2
3258,1969,-11
2907,1097,-86
227,1882,35
2402,1205,-71
4719,1921,81
1025,3584,26
3492,3140,25
4257,3975,94
871,3420,97
3200,2039,-6
1746,1733,-93
444,32,90
4559,1969,-8
473,2975,44
80,3331,-85
240,3569,12
4653,2926,-56
590,2223,95
1361,3439,37
1885,15,46
2317,3123,66
4431,107,-51
312,3794,-41
1077,4565,-33
34,202,26
1842,1795,59
4482,1409,-21
249,917,-12
1135,4432,91
4890,1685,-15
4948,3167,51
376,65,-73
724,4649,50
1914,4320,-38
4298,3651,17
2493,2016,26
1943,1322,83
4005,4025,-28
2345,613,-35
1332,652,65
4589,4814,-73
338,1388,53
1866,2867,87
3138,2121,-41
792,4764,82
3612,3196,27
3701,4110,-76
1517,3829,48
3954,3129,-76
3909,4867,-43
2674,3106,-63
2123,538,-55
3786,2419,12
59,2208,-1
2434,3178,31
2063,2323,46
1255,2038,89
3689,4354,-77
3749,963,-46
4131,1244,52
4258,533,-29
3030,1870,26
2847,3131,-36
4991,1654,-33
471,113,39
4036,1300,52
2900,2305,48
1447,4425,46
4444,3307,-31
4790,4147,79
913,1702,-47
4243,3815,62
1712,221,-98
675,2831,-68
1440,2644,-94
2735,3881,4
3631,4318,54
686,3782,-100
1127,1959,67
4217,1297,45
2467,1033,62
2398,4323,-20
4138,2606,-62
3439,3184,23
4125,4951,-90
966,3229,0
920,1476,-56
4914,2366,30
2873,2408,79
1509,936,-41
1213,2968,-9
872,2950,-43
4391,2246,81
3255,2638,10
864,4338,-67
3954,3951,55
3109,2659,-40
3056,1815,93
3995,3284,20
2683,1297,9
4691,3156,93
614,1648,64
1873,360,43
3155,3453,99
4561,3612,24
3374,1165,72
3192,3245,-86
568,4026,-97
4134,3701,-78
245,503,99
21,4205,-21
394,4839,-85
3815,1344,-13
2056,3380,-48
3516,3813,-91
2376,811,61
1911,786,45
290,228,-48
2559,4948,-85
361,828,27
1623,379,89
4315,3812,79
4095,2026,14
2454,3365,-44
2016,3377,99
2041,2339,91
2045,1129,-78
2801,291,-61
2971,3549,41
832,2725,-21
1794,60,-83
3693,4202,63
1792,2671,66
2842,3340,3
4691,2790,68
2155,3655,-100
581,3191,-20
2854,4996,-9
2237,2493,98
4177,4402,69
2156,2663,51
1345,202,16
346,3162,-36
1887,471,-83
555,3027,-11
3771,3357,-87
4398,3755,-82
200,2357,-19
2941,3974,8
3491,4829,-94
307,2584,-37
3076,4472,-99
1657,3786,-94
2693,2547,-73
1765,2684,-9
276,4238,-20
3362,3124,-71
1402,3142,-16
4734,2308,-65
1776,3791,15
3382,3111,-79
4051,348,-22
3461,1602,-23
1881,3597,54
3836,3778,25
4279,4924,-91
1845,2554,-79
3378,4521,50
72,3779,-49
1677,322,69
1296,3662,68
1044,2298,-53
2626,180,-32
3043,3966,78
815,1713,-100
2195,29,-4
3501,3568,83
310,2034,-30
2062,738,51
4228,3720,42
1878,55,71
2803,2926,-20
2487,1434,-52
4836,2065,76
3746,3643,95
795,4184,-6
4015,3295,17
4354,3856,-3
3408,2752,-27
2457,3634,-64
1852,725,-27
975,1254,69
1048,1178,86
4367,1297,27
4238,895,-91
3790,2500,1
4998,1330,-48
3022,2475,69
4370,2628,35
4030,4347,-26
465,2451,-17
288,2969,51
3196,1170,-50
876,3440,-30
1993,2368,87
2926,4295,48
1121,1465,7
447,2193,80
2833,1731,-95
3569,3295,-70
2897,1124,39
722,4622,0
2164,1489,40
2583,265,-52
1352,2030,-70
3981,1244,-92
4503,3767,54
3385,396,15
1726,1481,80
694,108,14
3414,3564,-50
495,2907,-29
948,4732,54
23,3439,27
1129,3197,67
558,1186,-39
1617,4132,-43
3731,3076,42
1657,413,66
4174,3159,-31
807,483,-93
3313,2960,62
4864,3848,-38
454,603,-70
2976,1082,69
2325,4268,-13
1448,4356,14
2562,25,93
2512,198,-60
2872,2627,-100
363,423,-27
3455,1142,-68
2799,2054,7
4621,1121,-64
3454,4168,23
3256,4528,-44
1218,4476,-90
1486,1794,-17
2104,4904,-54
2537,56,93
1856,2264,-12
4818,21,22
1208,3699,31
1449,291,-18
1508,1995,-24
1004,835,82
926,4284,39
4952,4310,27
84,1915,-35
3743,2602,64
3928,1502,50
1543,3322,-46
986,4689,46
4232,4137,-34
909,20,50
2909,1033,-97
4686,825,-83
2738,3275,-89
2587,3662,-66
1144,3794,54
1332,748,-58
3349,4082,-23
1554,2367,-6
2343,968,-34
1807,3548,96
2101,4348,-37
806,4436,-8
4148,2799,2
2776,3016,-49
72,1805,-84
28,2679,-68
469,2024,-29
3984,401,79
764,2419,62
1425,4433,47
2249,1924,-20
3833,1369,-56
4916,2321,-24
4061,3325,-33
4071,1878,-51
1676,2688,85
560,1398,57
4475,3676,97
3832,1920,-99
1919,6,20
79,586,-67
4930,1522,79
3648,3879,-85
1032,3470,23
2073,822,70
4546,4334,-37
1485,3094,54
2246,3113,-36
1551,858,-88
4786,2306,-61
4683,2551,59
1830,2187,-34
3752,1226,-87
4723,2557,19
2032,654,19
4460,1340,-43
3857,4557,-9
2183,2718,-55
4470,3393,-11
2095,1063,25
3904,4529,9
3033,2533,14
1549,1609,86
368,1082,20
65,2649,92
3300,4751,-68
4850,2655,-55
2036,156,-19
2864,4297,24
1877,3070,-47
4852,1964,-35
2229,4595,31
597,1235,-47
3607,1477,13
2675,3756,-97
3890,831,44
3507,3729,-21
1835,1343,98
1396,2165,-28
1587,2745,82
112,4299,75
453,1845,76
2804,462,50
2632,2992,-74
2187,1579,-76
4349,201,-8
2005,516,51
1460,4840,-21
1943,4971,-9
3494,2397,-81
1858,3232,-48
62,3697,-18
1495,1276,-27
1181,3294,53
4902,1630,87
2789,4019,29
1876,4490,-98
2209,2017,2
4637,167,83
4722,976,-35
106,4548,52
1155,860,8
3429,3945,95
4088,210,-86
1709,4864,34
2824,1609,27
3926,214,-19
1909,3432,-30
2050,973,-60
4465,3800,25
1275,304,87
946,1836,71
3905,861,22
2228,4048,-68
3797,1856,93
293,3462,50
4680,2168,-37
2223,1634,33
3974,2475,-38
2492,2378,25
2476,1751,70
4861,2683,52
3730,3412,-93
428,4660,64
2973,4276,-8
107,4386,86
3620,4283,-73
4755,486,-48
3334,1361,19
3993,773,98
1226,3778,23
4005,1833,-46
4251,1300,63
3369,182,89
896,1263,42
3906,3906,-47
1621,146,-40
3864,3943,-4
2293,1840,-47
1386,4595,96
3900,803,-72
3593,1999,-20
2434,3951,8
2807,1319,-74
3384,4627,14
1302,3799,95
759,2259,39
747,2941,25
593,4062,-78
2887,2053,-51
4112,3853,-26
1069,216,-13
3308,786,54
703,1636,-42
4709,2300,-92
105,3753,-68
1498,3110,-31
3834,4324,78
396,285,67
3518,3582,-95
2654,2011,31
3292,2414,-98
2011,1644,40
3882,1128,-75
4947,3473,-67
1989,1270,80
4538,3779,-54
1669,644,35
4969,2779,-25
4763,26,35
1052,3323,46
2842,2046,-69
4724,3938,-80
3585,4808,91
348,1026,50
1264,3831,-10
4666,1069,-12
2743,939,-30
2074,4099,-59
3149,1473,-66
1352,3648,29
2822,2326,98
3828,176,5
670,1144,-25
4814,3511,-49
2647,4063,-84
267,951,-15
1439,4437,-92
2694,2745,79
1023,121,-98
2038,4671,-79
565,1921,81
1060,1685,-65
1425,969,66
4124,3809,-83
220,4781,-20
406,3316,-74
1638,4739,17
2319,1105,-5
1760,4390,94
1675,2506,40
792,4843,-84
3583,3885,-40
1310,733,45
3834,1582,-84
4930,3680,83
4413,3853,-53
1331,2428,-85
4447,324,52
511,3700,92
2573,2993,-74
3930,362,-87
492,2101,-9
1618,4498,10
2057,4777,15
1521,1893,16
1584,2755,-51
1576,1473,-72
3947,1107,-73
1762,2427,48
1992,1804,51
3180,2028,-55
3327,81,-41
1047,2969,-2
2893,2542,47
2614,3740,-49
3893,2989,49
4145,4837,-33
462,325,43
4432,2362,48
1382,1235,71
1146,103,-39
3516,4913,48
4455,747,3
193,4909,38
3535,3692,19
756,3486,87
1685,1248,-64
2526,3065,71
828,1720,23
890,2203,-79
4749,3306,93
2456,2537,70
2334,3486,-80
4947,1790,60
111,1765,44
4716,3358,-65
793,4683,41
4684,2998,64
2644,260,58
3415,1919,31
1310,1787,33
297,100,77
1630,3906,-16
569,2343,-63
4928,3234,-22
4706,3250,32
4112,328,65
72,1352,-77
4366,2812,-83
4383,2290,-8
66,1366,59
880,3163,-30
68,3100,1
1217,4555,-11
3028,3703,-29
3240,1409,-12
3481,1511,57
508,220,-13
3715,4955,57
2885,2169,32
1126,3187,-97
886,3240,78
2842,4531,36
3878,1270,-46
4871,4376,-68
2526,3818,14
926,68,-8
4216,1672,-70
1939,743,7
3815,2013,-18
3363,1706,81
4584,1447,88
3233,3070,-35
3745,291,47
3466,3680,13
441,3911,-16
3612,4652,88
462,353,-65
612,1264,-17
3472,1827,7
3164,4379,-81
6,1606,72
4777,3837,-1
3971,3399,-55
2859,4552,16
2607,3007,-83
99,1005,97
526,2079,-4
1181,2496,45
1690,2262,91
1139,3765,-67
4492,1738,-22
4866,3097,30
3072,2445,-29
2928,337,38
2793,2984,73
4779,968,69
15,4999,-84
2416,672,-54
2686,1304,-71
2901,4865,70
1237,2671,35
4101,2607,-61
3221,1715,98
1608,2596,47
3564,2971,-25
3298,3270,-16
2634,2602,55
3891,479,-73
4265,844,-42
2809,1626,89
792,1881,-21
1000,3652,-27
152,2118,81
3064,505,-94
4600,110,-33
2092,1406,-77
4600,4493,-3
4083,3481,-60
4027,351,-47
2978,1558,-87
843,3043,71
4447,2837,-52
3794,3629,-38
2071,2042,-56
1660,111,-29
598,4305,5
2514,1766,-94
4136,1202,-98
4271,2979,-13
3604,2473,74
1217,2376,88
2292,11,98
4932,4952,-71
3812,2302,-96
4994,1590,3
932,1502,12
2139,129,99
4003,3604,-94
2979,4196,66
3893,290,29
4596,1677,70
2919,1845,39
2565,3636,-73
1764,2694,7
2171,1828,46
336,4761,-73
1177,1371,-2
3022,4794,-25
779,3823,-9
1186,183,97
3286,351,46
3448,3587,-37
3992,1402,-10
2471,2756,16
939,4774,36
4900,2850,68
4007,4436,-51
1936,3213,-91
634,4207,-19
1254,3968,81
1083,3928,-91
2144,3430,34
1286,3489,3
354,1896,59
1886,2909,-47
1819,1412,-31
2521,3383,90
4009,1944,-67
3023,4000,-58
2585,3119,25
1548,656,32
4019,350,46
4205,3999,12
1369,1144,13
3338,398,-47
1758,646,41
1518,4509,37
4918,4133,-52
3485,2235,-90
3686,4516,58
3053,2773,93
2697,1484,37
191,2235,-80
933,1984,28
4238,1963,-55
3239,810,6
2216,3197,-27
566,4416,-81
1135,514,-80
744,334,64
673,2513,41
2912,4096,85
531,4820,-44
3022,8,-44
562,2004,-32
302,4260,97
3768,4877,51
4281,2129,87
510,1299,50
3446,2947,-54
2204,1845,65
2835,3612,79
795,3066,40
2480,1103,-93
1524,680,1
4857,4534,59
2195,3370,44
2529,4048,-96
435,2824,-29
2039,10,22
1707,4254,24
69,2832,77
1905,3948,-7
3960,4217,39
2952,2187,71
4650,674,-33
2714,2028,86
3370,1457,37
4596,44,-53
3728,4912,55
2405,4194,-96
3326,3610,-57
3547,1895,58
2304,3782,-85
3682,2287,22
3222,4571,-78
4375,2572,-8
1083,1416,10
446,9,-80
4932,1863,29
4851,1234,-78
1593,3126,38
2776,4712,17
3817,2458,22
3054,10,29
1591,3005,-19
2232,4648,40
1562,4976,-56
4273,268,-29
3647,3862,37
4943,2715,-10
3239,4547,-20
1601,2642,-80
2057,3807,-100
4332,1392,43
710,1083,70
2972,294,33
2733,4080,-25
794,2836,11
3100,4965,-90
2856,4206,93
27,2155,-5
3268,2345,76
85,3924,-81
3102,1855,-80
1123,3869,-65
12,3791,-63
1749,3033,-45
3110,845,-10
1877,1708,-90
2620,2008,-83
180,1274,-20
797,4435,-3
3814,2105,-56
2025,2968,53
3218,4243,25
887,4842,-42
2469,1213,33
3388,2296,-58
1520,2198,-7
2433,4810,79
4867,3285,2
917,2265,89
2071,1611,-84
3977,1419,-24
1782,1787,16
339,4400,-55
1517,3483,68
2871,1878,40
3583,2908,33
915,380,60
3291,3301,31
4571,694,77
1447,3577,-53
1380,4146,-2
1484,1448,-74
2075,2391,-95
801,1756,-43
1247,3085,90
4960,1880,-100
2738,2810,-73
3496,848,-72
4835,2972,-5
3258,4062,55
3878,1196,-10
982,1513,-33
2477,3903,-60
2089,3321,5
2953,2458,15
1012,3463,82
3465,3451,59
2751,227,22
2127,1808,96
4813,4309,49
3862,419,20
2592,1876,-44
1474,3156,-79
2522,919,-35
1166,4873,68
3323,4055,-58
610,3819,-67
2184,4272,13
2532,2632,-99
2862,3675,-42
4651,1346,-65
1656,4631,-93
1756,1830,60
46,1664,-68
1260,4420,95
4639,85,-83
3233,3813,-37
1452,887,-40
2119,3340,-18
2568,4208,-91
1993,2676,77
3124,2798,5
2341,4148,-79
4908,2132,-62
1489,3695,1
1574,2760,-36
4963,2779,-71
2428,741,32
1767,2877,10
3550,4521,-75
2310,1712,19
4676,56,-38
2405,3363,73
1443,2860,-70
4794,807,68
1977,3057,39
3974,4751,-84
2491,1007,45
726,4104,93
3804,1782,12
4382,990,-9
3828,3934,-62
4666,3165,-27
3620,3370,10
2888,2079,60
498,378,35
3977,2378,-10
705,282,-75
4658,4735,-25
4128,2920,-66
3682,4165,-44
4139,3595,-80
1917,1839,64
1375,4433,23
1846,2893,32
4655,215,-84
1437,4731,25
3091,4519,-3
1371,2121,-4
1929,3794,-19
1637,2871,-76
92,786,4
1844,938,-40
185,1690,-7
4824,3712,-64
1572,1257,8
832,3113,93
4441,4535,40
2126,1338,20
4263,270,-61
264,1491,69
1287,2122,-17
1530,1681,-31
1809,4770,52
1878,3854,69
1750,410,37
1910,1442,-6
2624,2259,-58
1198,792,95
2479,360,27
4864,4678,-12
2511,423,55
101,121,51
3088,2221,-2
1920,4130,-60
2292,2966,-40
3321,71,23
105,4641,32
694,3693,-4
3241,4631,38
3492,3730,-93
3393,14,48
4914,3901,91
2269,3620,-96
3784,271,-67
3513,3125,-92
890,1584,-63
790,4559,-58
4649,523,-5
4940,2818,37
659,4951,-89
1019,2840,-2
1954,443,45
1191,2084,39
3707,2928,-70
3658,1222,-90
4847,3450,-3
2297,2441,-74
775,2363,-80
2812,4504,27
1381,895,-88
3183,3903,-56
4788,2254,74
4815,2011,-76
4330,4994,-24
3098,4191,-37
1405,4636,97
3802,3216,-2
1370,4605,55
2065,2561,47
2293,2847,68
2766,1046,-97
2818,4834,-17
717,2935,96
4041,471,-77
1712,4380,44
1226,372,32
9,3404,-44
598,1404,53
4119,4603,-1
1609,3947,99
3032,4076,44
3668,4674,83
2247,2521,-93
3627,1008,91
4072,3347,96
2823,668,-91
92,1447,77
851,3967,23
1108,1908,82
300,2368,-87
2344,2106,-10
1478,4369,-74
1083,3030,-96
2957,41,-22
2919,4834,55
1366,4805,32
2801,126,-15
3537,778,39
3952,836,-93
2110,879,-42
776,4490,92
1453,4924,-41
1682,837,-21
2304,525,-46
1852,1252,-7
1898,4242,70
3419,735,-60
3598,169,-91
1328,1149,15
615,300,-17
245,3322,6
757,522,-94
824,618,-80
2828,3585,-26
3808,1718,0
2780,4602,-57
1847,302,-13
1241,653,-64
4612,3302,71
474,4160,-36
4132,2638,13
3250,2280,-95
1793,1623,-63
1735,4415,70
4926,1682,-44
3943,4925,-31
945,92,-36
1512,3707,82
4082,961,11
4527,4160,-66
859,844,-77
3561,219,-63
230,704,-98
2418,4715,78
178,247,88
3929,4038,67
2616,57,-47
1614,3960,-35
2841,4853,14
2948,1859,-41
1775,1913,-86
3872,4222,73
82,267,9
846,3483,82
2810,1681,-97
1217,3194,-77
4714,1532,-18
3261,2007,-7
3146,4706,2
2264,4565,-61
2338,4897,-74
445,4229,79
923,3451,-64
4289,1020,-100
4385,318,36
2631,1601,45
1168,711,22
3964,3197,-62
3442,451,-71
3513,1882,-81
896,1744,42
3723,1324,-37
2061,3561,18
3035,2681,52
2388,4238,76
1898,3052,-34
1800,4665,21
4408,2352,-75
2781,2705,72
1128,2641,25
339,4126,-95
4455,3449,-69
1173,695,-84
2809,4254,73
4864,2194,-48
3030,340,-1
2090,1769,31
4298,92,9
3018,4425,55
4560,172,-30
449,2750,43
4894,3103,0
794,621,66
437,989,-10
4627,77,57
4661,2199,-44
1621,4238,-45
3502,231,66
2920,2176,26
4309,2908,69
949,2545,-83
3945,3613,-26
1128,2858,-79
192,1554,31
4013,4365,-98
3761,2666,88
3731,3741,-77
1404,962,-49
1991,1628,-34
1105,1968,22
4801,3332,-70
549,1075,-48
3449,3205,88
1862,1029,20
4250,648,85
571,4834,62
1785,3163,-70
2288,4916,84
2422,903,-25
3973,4068,37
805,1504,-17
799,2863,45
3276,4479,7
611,2898,-45
1807,1346,-65
4239,490,-50
3261,426,88
4368,2732,46
3372,3992,-20
2474,1408,3
2094,423,24
2143,2956,38
4002,1215,-96
3081,3943,0
4555,1801,72
1433,4951,-1
2518,4461,72
2858,2070,75
506,4644,7
1097,2378,-87
4180,2104,16
4155,1272,-73
1045,4357,-92
2205,3844,-42
3903,435,-63
1353,3599,-8
1597,3550,52
576,3772,-29
680,535,-53
4299,381,46
3713,2151,29
3829,4125,-95
1130,3926,57
3905,3129,-40
3194,4050,-99
318,547,78
3697,3617,-18
4502,4423,-88
2997,1752,-52
3595,4825,-93
3210,3116,-92
2543,219,50
679,126,99
1890,4978,-28
1644,4415,43
835,1329,43
2242,1224,-89
2356,4181,20
1669,2771,38
2554,1575,-19
281,1943,40
2763,3341,62
4704,4458,6
4579,2415,70
1247,1255,0
1773,988,57
2165,1849,-41
192,3902,-34
2836,4927,-72
2666,3720,52
2564,1318,-35
307,1372,-96
532,4972,23
4218,361,-6
2697,358,-96
4688,3202,-16
59,3891,-52
1574,2784,-75
1141,64,-30
1811,2229,57
3199,2635,-3
3477,3850,55
4495,3939,25
2563,1516,-87
2853,580,-83
942,4418,-44
4624,2332,-76
1775,2414,-31
1422,2159,32
436,2126,80
840,3770,-16
4002,2284,-62
4456,3767,84
4960,3106,13
2682,3553,-90
1651,3476,96
1246,1839,1
2262,222,-76
916,896,57
2640,3412,-99
3890,3009,-65
4482,985,-64
1327,1633,-99
3359,3671,7
1586,2891,74
3369,2044,-10
389,1409,-5
2792,3873,86
3333,4678,-97
704,1336,-7
2821,3638,94
4960,3459,-55
1060,4398,8
4175,3601,1
1299,4887,63
1302,1376,-36
674,1534,-45
2360,1953,-66
4300,3258,18
4113,2992,0
4572,4691,-78
3583,3497,-23
1017,4158,-57
210,3473,-100
499,2918,93
429,1166,39
3640,4562,40
3152,2359,54
2106,3239,-81
1554,4912,10
3207,2151,11
2570,2076,-3
2629,3668,-95
1877,4604,35
4995,2182,-80
1068,59,2
1507,1959,48
3014,185,-56
1668,2620,-31
4589,1681,4
4701,578,71
4067,3955,86
948,4278,57
4390,71,37
1172,556,-26
172,852,-100
4627,1219,37
1144,3641,52
1860,1913,-18
2189,2731,-27
2494,2366,10
3578,4925,-87
189,267,30
4077,3917,95
158,4710,67
2718,1401,60
1971,4674,34
246,3694,7
2904,4728,-98
2796,2327,18
3825,2802,64
2378,2035,-8
850,2831,53
1811,985,-10
3987,4100,-76
2127,1076,67
4265,1024,-58
3031,3898,14
2308,4875,-7
3077,280,-57
2345,1112,98
620,1184,-72
2903,2076,-10
2408,3600,-44
4453,4906,7
3005,3943,36
3915,272,-79
2487,1124,-31
3403,3980,-95
3597,1228,54
1678,190,21
4040,546,17
1305,2342,-49
4094,3967,-31
1964,4015,76
3308,4944,-8
1362,4867,50
4295,769,-20
1788,3776,48
1074,2732,-27
1166,1011,6
3600,4799,35
2718,465,81
3154,2601,-87
4127,917,-70
3056,1453,78
660,3469,89
4643,4290,45
2583,66,74
1130,2603,-7
2275,1726,-19
4467,4697,79
1469,1500,64
2103,1905,-71
3267,4572,-71
2472,3965,-1
1152,2810,-53
93,4091,66
2567,887,-74
1282,3809,43
2901,4178,59
2800,1961,56
3178,2748,79
4512,44,-7
2605,3843,-86
3882,4706,-57
2414,1889,50
1545,3899,-53
3531,3893,50
2647,720,13
4785,691,98
2059,1946,24
4515,110,-87
1146,4315,-47
911,4559,-9
3307,515,97
1567,637,70
2396,3329,72
3006,627,49
4508,70,23
4249,2507,-40
92,3890,-83
3993,3800,71
331,1851,-15
955,4320,45
3781,2879,-44
2602,3353,-16
2978,3978,-86
4290,1635,5
530,3477,-43
2893,2544,29
1267,769,-87
1474,2604,-80
4735,992,70
1598,1729,-56
2526,2029,-67
4794,1530,16
3762,489,-30
2743,4153,-22
4636,512,-89
4426,3320,22
470,2152,-94
3831,2605,-32
534,2108,10
4563,735,2
4056,3310,16
3680,371,55
4088,2074,-3
762,4702,-76
891,4206,-35
2356,4869,-50
1956,2302,61
2972,1831,73
1673,1860,74
2837,917,19
4928,3176,59
4940,2663,24
3645,2635,39
2298,4693,24
4062,1238,46
3167,2161,-54
1320,1336,65
184,2617,37
1284,2944,-91
2847,762,-2
2234,3719,-60
4089,2701,-46
1433,2132,17
3141,4815,98
1797,1954,14
4723,949,-58
2056,302,65
3337,4025,54
783,2589,-69
1508,3695,14
4871,2702,-30
3855,1476,75
677,614,-75
1831,669,-43
4091,2129,-25
4307,218,51
1361,2932,81
4586,749,13
2687,4221,73
191,201,85
843,2622,59
335,722,43
1111,952,-11
579,1882,97
62,2228,92
387,1433,40
1170,2321,1
2201,1777,-95
4715,699,39
1684,2969,36
487,622,-17
3733,2588,-42
541,460,-34
2061,1085,51
4247,300,-86
1239,2545,-38
991,1276,-51
4468,1431,-5
2300,3453,-80
3908,2389,-100
4289,1822,25
1081,989,-90
198,214,94
2195,532,49
1599,2918,7
1601,3620,1
3693,1985,-13
3866,2259,34
684,2219,12
3084,4634,76
3990,4772,-1
333,4486,28
1772,2110,-36
4201,3061,90
2722,1609,-37
807,2525,53
1065,4416,-84
889,690,38
2924,2100,94
321,4753,24
3958,4924,-91
2383,1101,-35
3232,119,-69
2312,2769,-85
3602,506,11
1501,2201,-75
1569,1042,3
3282,3136,-27
1520,497,83
1919,4175,-1
4090,59,-7
1866,3133,36
1406,3539,-96
2724,1654,-94
5,1707,-36
1169,244,-89
2399,2256,75
2631,1675,99
348,2693,-76
4221,39,40
1814,3248,68
3343,1616,-91
2575,20,67
3826,221,-68
4594,3772,62
53,251,64
149,4308,2
503,4515,-85
870,507,-29
3522,4742,-68
4315,869,80
3872,3991,-66
1301,4588,82
2500,1170,1
4034,740,-25
3290,1791,-22
4834,424,-84
3854,3056,-74
2452,4388,13
4386,2204,-80
339,1984,48
2825,3923,-84
1694,2398,54
987,1958,-25
3491,4339,75
2734,1790,-57
3768,585,63
4077,3201,-73
2007,1343,-76
3108,4191,-54
4469,4397,0
3331,1209,-78
3042,2823,-26
531,3694,-51
924,2448,-36
4119,4786,-85
241,1166,23
1897,4757,-51
3325,2306,-88
814,1063,-21
4751,4401,-66
783,3355,13
4056,1848,-69
8,526,-14
3774,4503,52
4671,1383,70
3140,4982,55
3790,4969,8
4052,4107,-35
518,2723,94
3191,1988,-6
3103,4068,-4
4579,4105,60
2717,4124,-54
579,686,17
4483,2550,-66
4508,4678,-1
1866,3867,-37
1377,2826,-89
2939,3735,19
906,1242,80
965,3501,-57
1977,1662,73
4760,2051,-90
4921,4139,97
1888,3262,-12
2448,4138,-55
992,3844,86
3557,4826,-42
3960,1982,61
3605,648,-2
1084,3924,48
435,2705,99
21,1983,-49
2923,1929,-53
1926,2558,-23
1473,4133,46
1100,2020,31
2638,823,1
390,4675,-69
3414,2565,-11
2616,2833,55
1355,1021,-25
4522,1082,85
6,2023,68
191,4209,-68
148,3676,41
4501,2884,3
4354,1780,-48
3551,1820,7
4920,4697,-59
4106,4538,-65
1111,3762,-76
3834,228,79
4934,874,67
625,3651,14
4126,4767,-15
2176,3429,97
3150,1292,89
1079,4791,-92
3552,2917,6
2353,1028,-32
546,3550,48
1196,121,80
2070,742,-31
3359,3882,28
2439,1510,-70
617,1243,72
4245,4790,55
3344,4353,27
1812,2091,30
172,2918,1
4143,3782,15
626,1713,67
4064,2636,-97
2255,3765,97
453,594,39
1419,1034,21
754,2840,-39
3373,212,-30
2724,1406,-9
3011,3812,75
2912,3077,34
1226,922,84
168,2040,-45
3686,2200,-34
86,4063,40
1678,3239,79
1983,1494,-38
4945,4174,-60
1487,4508,50
442,1578,74
271,1598,-36
344,2429,58
1207,2996,-4
3082,313,-65
1258,2443,-87
2292,3982,64
1533,4076,59
3423,4,80
4363,4205,55
1654,886,92
4989,4189,-54
239,192,98
915,2381,-21
1439,1236,59
3017,3279,51
1461,4723,-87
3080,3034,74
2259,4669,-22
367,2404,15
2992,4292,-100
3742,262,-82
86,2370,20
2494,2468,-43
4716,1935,34
132,4428,-24
904,1260,14
3457,4777,-37
1222,2055,-83
1764,534,90
2805,2120,95
1227,1524,-51
1285,2666,-33
690,2187,-10
4783,3458,-85
4882,2590,41
4436,4420,89
4508,1941,-23
1997,3737,34
4382,73,-45
1110,2888,-87
4946,988,69
430,1346,8
4127,3413,-31
3782,1787,-39
603,1032,-58
440,2007,-44
985,1231,1
1919,411,-26
4508,2306,58
528,1820,-50
4406,3093,-34
2997,2592,28
3468,2503,-21
1362,662,71
704,1230,77
663,1357,-41
365,3093,-98
923,1674,-29
3857,1089,13
176,3649,-21
936,3551,10
382,1961,-47
306,3446,-99
4698,500,-72
2391,326,-85
2204,4649,-6
4808,888,-42
1466,996,38
3272,3674,-77
403,3041,-18
4710,929,59
2671,2969,-27
1802,4404,81
2651,1923,83
177,4566,-5
4545,3256,-14
743,1655,-4
2349,625,-7
4403,4345,-7
751,2372,-30
869,4700,70
4063,59,-48
3968,2317,13
214,1278,28
1618,687,-7
2531,4611,-3
3334,533,88
1598,3176,17
512,3905,-67
253,4498,-40
4134,3853,1
629,3405,-40
3477,2769,-93
987,2925,-47
1726,2656,80
2094,2141,47
1702,574,-55
305,1566,17
4079,1806,-8
2281,437,-70
4341,3082,53
2808,2504,90
2887,2463,47
3455,3590,-79
1025,1399,-44
4313,1555,84
2976,2752,3
507,2930,53
4857,4858,-84
2952,3828,-12
1054,3922,0
2675,3267,54
2568,2694,-34
1905,2945,-45
4371,3498,-77
4588,4072,-76
4923,4957,13
2895,1975,-91
1101,867,-65
3662,1054,24
1637,2535,72
1456,28,17
3614,3218,44
39,2336,-43
3085,4677,-18
4240,2998,-19
2732,2158,-78
2416,2692,35
759,3343,-51
4343,1556,43
3117,276,-12
765,2737,-58
2423,3683,-5
1315,1348,12
4303,3090,13
3996,2173,-19
4030,3392,-5
3694,153,-55
3186,1605,76
2867,2068,3
1318,1827,-86
701,247,-52
4384,1371,48
2202,3548,-26
1594,1692,-95
3988,2151,-46
4946,2645,-18
4146,3391,-25
1231,2399,-86
2613,2282,-90
3138,1671,26
1909,37,66
1791,3417,19
2929,1628,-27
1089,2340,-50
2382,1372,64
4128,677,76
4964,253,84
2946,2865,-13
3570,1617,-1
1166,2017,-36
601,2232,-84
2026,761,90
1585,3287,41
988,393,-63
1966,3092,17
1440,3543,52
4616,431,23
869,3731,-64
2064,997,-15
1130,1092,83
4379,1101,10
4457,102,34
3730,2700,-90
1935,893,-23
1077,2261,62
1640,1789,12
1393,2181,63
31,3097,97
704,4568,-49
869,3685,-32
233,1781,69
951,3615,-30
59,4014,-86
2819,1280,48
3601,4009,-19
3150,3287,-100
302,2682,95
2851,4518,38
2945,2629,-91
1924,539,72
317,1781,83
1889,3527,46
2716,2349,17
4786,1961,-59
1882,3092,-7
3899,3563,13
4114,4902,-60
1179,2305,25
3856,2501,47
4874,2486,23
4456,2446,54
332,649,-89
528,2270,25
2060,3816,-3
1099,1552,91
212,4722,5
1715,4872,13
2689,1303,65
2331,2633,93
3267,2533,12
1033,1269,-43
1333,1774,13
1841,3090,9
4687,3628,-90
2139,1167,57
4552,2549,91
4092,1551,26
444,2141,-18
4175,3521,75
1499,3655,-61
927,621,13
623,2524,-7
1480,4768,-2
3038,4897,-33
3386,171,48
3319,2420,-96
234,2780,63
1618,1417,34
2692,939,24
2031,4931,87
387,2032,83
1635,3178,-70
4134,2772,-76
1185,3797,1
1968,2885,83
241,1732,-20
562,1273,-22
2000,1753,18
4902,1957,61
1930,3488,71
4901,1692,6
2780,4166,-94
1676,1258,2
2516,432,-50
1678,4266,52
4142,2084,55
3747,3906,69
3357,4355,54
1652,2299,64
4178,2105,-46
3842,1185,-63
2442,437,-45
4886,4326,-9
595,4927,61
2613,4937,56
4097,4716,75
1497,2400,-29
3556,622,-24
4862,3714,-55
4767,635,-64
3359,3013,-98
1602,1994,-23
915,2676,-24
1845,2341,-51
1996,1410,48
95,3817,6
493,829,75
3070,2282,85
150,537,-70
1047,1403,-94
2804,805,-44
399,3282,-65
4951,852,-15
4477,2226,-77
552,556,-77
295,3144,-45
1144,4324,88
456,1865,-24
1554,4350,23
169,2095,97
4806,3479,-73
1947,2931,59
254,2628,-24
2377,254,-23
1321,3521,-5
2884,59,-56
3608,3703,-32
2126,1722,-2
3497,2608,19
2241,265,-33
401,1708,-23
2157,3215,45
2377,2294,-26
363,3288,-18
3939,2485,-99
3852,2736,30
3413,2524,56
2307,3456,-14
85,938,-53
1825,878,-36
3886,2705,-59
308,547,33
4358,2463,-42
1922,3204,-20
631,4494,-82
4776,3579,7
4961,3632,79
2372,2216,-40
3301,3847,19
3668,230,29
727,4799,-22
1649,1428,50
4313,1700,-82
1270,3970,-4
4544,3066,-31
319,2146,77
3476,7,88
2779,4273,46
3059,1230,-7
4135,4395,49
1603,1824,30
2257,3985,23
830,2277,32
856,2944,-34
2649,631,87
1859,270,-62
1103,4177,55
2482,3772,28
1821,4916,49
4938,501,8
2080,2751,72
3159,1313,-50
2441,2154,2
3685,4737,-20
1256,609,5
2958,3044,-50
3652,1664,-73
2240,3295,-71
1940,1998,-93
270,2430,-60
4831,4200,52
4065,2712,-42
4980,3186,-67
3776,1532,66
1113,4217,-30
649,3707,15
1180,3075,73
2143,4503,-63
17,676,8
117,1655,60
1546,4528,16
3152,4157,-79
2694,3545,54
4090,3819,90
1277,3444,54
3241,1048,-80
4943,2454,80
3789,1332,62
372,4083,-54
2808,2661,-51
156,2263,18
2662,4358,37
465,764,10
4879,2368,-73
4900,3409,-64
4316,1685,68
1774,4465,88
117,870,-50
2104,2734,-93
1375,914,13
3204,3132,85
4404,1631,88
3547,543,60
3978,2204,-82
4318,2936,-71
1197,752,41
3412,2112,-65
797,421,34
3893,2371,15
151,1487,6
3250,547,-67
112,4962,77
683,2558,-69
1162,1572,-59
2380,454,60
4989,2692,18
161,1758,-87
1426,4775,55
3662,4370,13
278,60,66
3392,4438,-7
1557,1418,-70
4593,2161,51
1916,1339,31
4751,467,-92
3108,2311,-1
303,2472,-31
4534,720,-77
2774,1236,-3
4282,563,-36
3246,983,44
4769,2967,-1
1001,2336,64
3835,4521,-51
4007,4650,72
4779,4855,-81
1719,1731,-42
3831,4340,-42
3182,3048,-11
2883,1358,38
999,2376,82
285,2763,-17
421,1786,-36
2161,1963,-24
3066,1189,-43
2276,2679,-1
1495,3008,22
3885,3124,-57
4624,3144,41
2544,2801,24
4127,324,-49
4258,3684,61
1842,2203,90
4801,1795,21
722,2249,54
1402,2343,-89
446,3394,-63
2792,3401,83
4523,1976,92
3768,3046,-11
2552,1308,67
1968,1456,3
3889,963,48
4817,1718,59
2732,2430,-12
2630,2540,-89
1965,3619,-12
1058,2379,53
4832,875,-65
758,3671,-85
1796,2206,61
1644,4528,12
4850,1140,51
24,3592,99
1240,4715,66
4151,4715,91
3098,2674,56
1305,4531,58
2543,1546,-38
3713,2844,-58
3956,4668,-82
4530,266,37
4304,102,-45
4229,2757,87
1306,3974,-58
4465,1535,-53
3175,2270,-61
3629,2963,-67
782,2484,9
567,1214,12
4623,4736,12
4133,2993,28
4274,4430,-82
639,907,-100
3701,1582,19
4168,1605,-13
2400,570,52
2671,1546,95
1173,909,2
1721,4463,-17
105,4084,-73
1683,3341,6
4317,2426,-56
1850,3219,-77
863,2166,-57
3446,1014,29
2566,3207,50
299,1873,-23
2909,4910,-39
4138,206,42
771,816,59
2540,66,-97
1463,4046,25
3855,2052,-70
3119,3,-42
2133,325,98
1710,605,-100
991,4892,-32
711,2583,-87
4305,2647,-78
39,3123,98
1276,3115,7
4858,3276,13
1437,347,17
2994,4155,43
1470,2728,36
2100,2559,18
374,3390,-3
4252,3444,58
4026,2255,88
1114,111,-56
2727,23,25
2399,3817,34
3235,1964,-44
1266,4883,-37
3124,1708,-99
654,3083,-95
4159,3816,7
509,747,-40
2340,515,61
3163,3040,-84
1688,2857,-75
1389,2342,-25
2198,325,47
3912,3363,-60
2929,3491,85
4800,2508,9
516,3179,-2
3659,3325,-2
1834,1563,-47
30,1545,56
3215,3230,-53
326,526,-6
3767,4634,-11
4112,1750,49
111,4723,-29
107,841,3
2427,2266,98
4379,4689,32
4365,713,-49
2532,67,-100
3145,761,-56
4694,465,17
799,4192,-61
2438,4504,91
2012,3190,-90
426,4900,25
3045,1468,79
3289,4853,-5
2915,2761,34
1240,4457,78
3392,1394,48
4214,3694,-62
3998,4308,-57
3007,1700,-44
3040,1121,-60
599,1572,-62
2088,4874,47
1185,729,-79
2751,3505,56
2585,616,-55
4760,371,95
3514,3465,-98
4746,4728,32
4055,4857,-45
4384,4943,-34
3937,948,-12
1700,1120,59
4508,1456,-4
2576,2549,8
136,2423,-60
2026,3612,-72
3536,2547,2
4855,1341,10
2891,3846,8
2758,1519,93
3774,1960,-90
381,711,86
1529,4571,-6
4902,574,31
4572,2844,-8
3629,508,-47
849,2223,20
4993,4788,94
4128,1295,-99
1928,1698,-1
2166,788,-23
4287,3790,-53
2122,4668,-33
4719,2234,-57
2919,587,89
4682,3166,27
473,3651,-7
1788,4610,-18
114,3250,-82
1337,2702,71
339,4037,58
2286,556,-39
1197,1710,42
79,3976,56
4560,4391,-34
2653,3308,-15
4658,1511,74
4381,2587,-17
4319,3547,24
2641,4077,-94
1257,3507,95
828,4344,28
2719,3634,98
4924,2407,-79
2811,1462,-44
3386,2172,-7
1966,403,24
2428,284,-28
2842,241,85
614,4263,-74
563,4657,-63
4827,2196,27
4353,701,-25
185,2671,40
2193,1920,-4
4066,4361,42
246,2549,-21
4087,2327,-3
2235,2797,-53
866,2207,-86
2088,4595,-2
601,1611,-61
3034,488,-71
2057,465,11
2132,4324,-78
533,666,-92
2043,1490,59
358,799,-66
378,2801,-52
2220,3299,-5
4489,3241,72
4798,3356,-85
3308,3930,-69
2597,4358,-76
784,3874,-7
2380,860,-64
3604,364,-64
983,3933,62
3943,2146,-56
2591,2832,35
1043,4679,74
2539,3573,-65
862,916,17
1877,1775,-19
1836,3366,2
4209,151,37
3527,4964,-100
1686,3221,95
3402,3022,42
1623,4238,-5
4958,3818,-9
2658,1071,-14
1933,3444,30
508,4190,14
4562,761,-69
3479,4452,47
2657,4628,-45
1122,2740,-23
290,2018,-2
2830,917,3
2210,3944,-59
4813,3461,-28
1401,1493,-41
567,3622,83
1474,727,74
1988,4862,51
3788,1610,-60
3866,4749,-97
3261,4842,-25
3548,940,78
3252,88,-100
1717,563,-87
1013,1269,37
1311,1491,-4
4571,4538,63
618,3080,-59
4737,1573,21
4258,4655,-53
1983,3172,-83
2229,2801,-12
4821,3414,-25
469,1258,-41
4117,4889,55
4356,4786,80
1140,4573,-92
1437,4781,51
537,2420,47
952,1144,96
2814,4638,-74
3007,4275,0
3995,3166,67
1841,2615,98
851,748,-18
1972,3490,-47
1192,2634,-15
3921,3489,-19
4629,1848,42
2063,4026,-4
3047,1146,2
4400,2105,78
3559,3857,96
4512,2769,-61
305,4060,96
4909,1809,70
2848,410,-37
2436,646,34
2805,3921,-99
1985,1552,-71
3937,1114,-49
713,3588,0
2896,62,2
1682,1236,-68
1334,4344,-92
3199,1728,-90
175,4593,23
3206,4555,-25
1417,2967,37
1988,3361,-47
4854,1413,-26
1773,3585,-4
4267,1734,47
1075,3631,-96
4761,3870,-77
592,2492,59
2979,2040,-70
3983,4888,5
2411,1308,-57
848,4013,46
494,1725,-77
546,4691,17
5000,2456,-89
2287,942,77
2698,2037,-16
3838,1814,14
1541,3062,-76
884,2395,78
3957,4368,16
3095,1285,41
2366,396,-29
3348,3764,-72
3072,4250,-76
3676,1091,-14
4716,2889,86
953,1723,-1
3301,4444,84
3736,4007,39
3180,1087,77
2964,1305,39
4028,3113,-19
3248,1015,-1
4416,4373,75
3358,221,77
4972,3806,-82
4849,1127,11
2705,3257,-48
1038,1931,-66
71,2123,12
2875,473,54
106,416,-34
770,1869,-50
2010,4113,4
2941,1534,46
2193,1463,-58
3496,1866,-66
4312,4010,-86
4356,3131,43
934,1737,-2
575,3187,-32
3931,472,98
4381,3178,-16
4088,2927,68
2532,2866,81
2420,3198,92
70,2462,-71
4475,3582,46
1303,501,-13
3815,121,-55
2350,1776,-41
255,607,-22
1708,4446,-77
4788,820,63
834,3265,76
2765,784,86
2472,1847,-87
3743,4593,-62
2036,392,-93
1968,3746,75
100,1133,-21
1853,2977,-20
3184,2518,96
2356,4446,-60
112,4871,-66
3159,2197,91
183,3461,80
3853,4440,-47
165,677,64
2138,595,79
2024,3885,-83
455,3152,-80
2286,3325,-59
4823,2935,-36
542,4334,35
2666,2986,13
2450,2364,0
4938,840,66
3934,2511,-40
2887,3770,87
4615,4688,96
4293,2888,86
3905,3044,-91
1689,1632,90
1638,1406,97
4729,4246,-94
4671,2490,-66
4083,4491,-10
1891,3437,-59
3206,6,-13
478,2582,-72
2367,220,54
2527,2919,-63
367,12,-99
1837,2843,-76
1716,458,93
13,2273,-63
536,167,-42
3240,1974,5
2318,1945,-94
4043,2196,76
376,4132,95
1725,3829,7
257,4738,-60
2265,240,78
450,917,4
894,2953,-7
3213,3439,-77
1185,856,-65
3224,2665,-21
1309,3239,37
4706,554,-80
917,2814,-74
148,1886,-46
4752,2946,-16
2115,1229,32
4017,195,16
3941,3688,-42
4072,1426,63
2796,3820,-27
443,2694,-67
2945,3754,-49
3937,1972,33
399,500,41
1152,4115,-42
3793,3774,-44
2996,3648,19
2217,2867,-64
1708,687,85
3332,2068,-69
1988,3922,-81
4603,448,25
2569,1767,-20
161,1125,88
4436,294,84
3905,4161,8
3574,2547,-49
3178,76,-13
1826,3776,-16
3925,2683,75
1624,3197,-22
1177,2075,38
4919,1300,0
3721,2728,57
4881,4179,-41
3221,3535,45
3260,2054,19
131,1700,74
3563,4464,25
1500,2519,-89
2789,1738,77
4877,1931,1
3709,370,11
1708,3740,-61
1770,4374,91
1319,340,-82
3380,2863,-14
2774,614,-1
2991,1104,54
3045,3778,79
376,793,-21
3037,67,-94
661,4311,90
1404,4512,-24
741,4648,-46
304,3796,-10
1086,571,58
4882,540,38
3180,117,44
1211,2199,-35
3035,3032,-34
229,3457,-3
3120,3052,13
1855,2482,59
268,2368,51
2775,1635,-88
2850,242,49
4350,465,46
4966,2251,80
2135,4645,66
3460,4954,-80
2270,1879,43
990,4882,34
4493,4637,-17
938,2535,11
440,1906,25
2359,3810,-23
2008,572,53
3346,2709,-15
4131,3642,4
4817,3505,-25
3744,3620,12
519,657,-70
269,3152,3
4734,949,-33
4186,4111,67
1389,3023,-74
1695,307,36
3274,705,-8
1390,4493,-85
3866,678,99
3030,2913,10
2336,3994,12
3675,211,-88
4577,4495,-41
501,1397,-22
1662,3461,87
2100,4354,36
103,2163,80
2747,4430,19
3277,4445,24
3086,2281,7
3538,4545,-69
1328,3149,-46
2475,4081,52
1680,828,68
3747,2656,-75
2563,2146,8
4164,3702,56
3318,4558,27
2437,500,-19
308,2679,-65
3997,1062,-4
1090,3497,-17
4556,4223,30
2395,1127,-42
4005,1990,61
667,2525,-95
4164,3301,58
2235,2771,59
1237,4181,-59
1624,1383,-44
1375,4882,-28
3312,4168,-55
177,3167,11
1354,2636,-13
2929,1030,-45
626,1619,77
2655,4248,22
3609,3629,57
3716,1236,63
4275,2631,-75
395,3984,-51
1169,1406,29
4972,4238,5
198,1548,7
969,1885,-94
3909,2185,54
3156,219,-21
4765,4351,-52
2505,812,-55
1277,270,53
4168,4979,-36
4319,4700,-99
1270,3206,-22
1365,1187,91
924,1734,-37
471,4797,-1
3017,2968,-41
2055,73,-12
4284,4994,36
2052,4639,-86
2955,4062,64
1149,631,-95
3087,2843,70
960,878,-56
630,757,-25
775,2666,98
360,4294,55
518,1451,79
1344,2541,5
1970,82,62
3228,1332,-35
2900,1723,53
935,357,47
1987,1320,89
4997,580,28
377,4396,-9
3561,646,80
1775,2234,-71
1506,2632,87
2655,3300,-91
1011,308,8
3478,234,49
1231,1035,-72
1178,2223,-32
3858,2821,35
2096,4739,80
1673,1736,38
1929,4278,53
3840,942,46
3179,350,46
4269,2687,57
2554,1406,-65
2446,3628,69
4390,1546,83
552,4321,-92
2898,1752,34
1040,1747,-83
885,4382,36
3052,1355,33
4230,3633,97
4867,4289,-56
3598,1169,49
2556,4767,-22
1090,4045,97
4576,2586,-14
4959,4708,59
459,901,94
4722,3342,20
4255,4147,43
2008,128,29
1921,1676,94
4528,1778,-60
1004,234,78
3084,2496,-87
2115,584,76
2590,1467,76
2144,503,-74
4311,4381,-20
2242,1156,66
4981,1500,-28
2087,936,63
939,2592,-91
4302,356,-8
3971,1995,31
4000,1446,-16
4651,2660,0
3409,3281,-99
771,3975,55
249,2505,-12
373,2147,53
2927,1211,20
3858,630,-71
4931,2718,-92
702,4883,28
2186,1495,-45
942,1108,-45
3915,3078,-40
794,4987,-56
678,3435,40
1562,3055,41
4054,2816,37
453,3782,44
2467,2036,44
3657,170,58
4147,3832,73
3755,2297,-52
210,4758,-11
4984,2788,-1
1927,3316,-8
4946,632,-83
3967,805,-90
1878,3035,82
627,3088,-5
2727,4481,30
1459,3413,3
2825,4989,43
1251,3870,36
4759,792,-33
4364,4142,72
2164,2552,-99
1624,3842,18
1854,3215,-12
754,3357,19
1869,4926,-79
182,2573,20
1514,3905,96
903,2095,76
3345,4624,48
3454,616,-27
3608,3994,-14
2557,4297,82
2140,2302,-97
4245,2231,-43
2165,1573,97
2613,3029,17
2022,2538,86
2822,505,-75
2282,1946,12
1571,1862,96
1973,3723,66
3987,3684,3
2245,404,28
2443,4332,84
714,1620,-3
3546,2907,-53
223,3014,99
864,3617,-80
4626,4729,58
1426,1570,85
2305,3717,74
654,140,-78
1160,4684,-10
1843,1844,-94
444,3379,27
2466,2965,-52
4670,4666,-2
4437,3170,-70
2858,2173,24
1281,3421,74
3040,3044,-8
3796,1250,95
3638,2698,-66
3759,2754,-67
100,4435,85
2087,4935,-86
2311,3885,-23
4246,95,-16
2738,4292,-30
1608,4288,-20
2954,4618,69
3982,4849,45
3195,1676,-63
4340,13,-37
4683,2302,-72
3093,4084,17
2963,373,14
2663,4490,-91
856,418,-84
2147,817,59
4926,4870,88
1387,1804,14
1717,3613,-17
4152,3405,-20
1726,2940,73
1954,1333,-30
185,3247,14
522,756,-45
2312,3526,-40
1249,1797,2
1659,3970,-57
1003,3060,65
3228,2178,3
3139,3557,77
1929,2051,-27
394,1990,-69
1618,555,20
3642,266,-11
661,923,-48
4165,2072,75
320,534,-100
2225,3984,2
584,1694,17
3601,4976,-71
582,2052,-92
3697,3691,7
1768,4904,-68
1557,2832,-75
1799,4328,-59
4207,2921,-59
999,4846,-5
758,4168,-62
283,4624,-40
4897,886,-54
131,1459,69
1294,3796,-53
61,3156,79
2212,3411,60
1549,4025,54
4368,563,70
1782,4027,56
38,2972,46
3632,345,27
2665,2717,-2
474,2679,10
59,1673,-73
2637,3128,-91
2615,4894,94
2615,3954,5
5000,1120,43
4479,1913,-1
1412,3003,-100
85,2263,17
1534,743,-19
3798,4154,31
2675,2453,96
2874,2769,31
3121,783,14
1091,97,47
2835,587,-38
4225,4637,-66
2077,4912,15
3191,2239,-56
4788,917,-44
4229,3350,20
1209,2587,51
3578,4181,-81
4742,2489,55
2582,3794,65
3788,2838,51
516,2387,-77
2213,1842,-31
2975,1203,1
933,4770,26
1664,730,17
557,317,-76
1672,76,-20
993,3047,96
1629,204,-84
1692,4289,-43
4853,3776,47
1105,2945,-99
1271,4356,-18
2903,3052,-92
4745,2664,90
1410,432,22
3647,2764,3
1331,4792,-18
4724,3163,8
2055,198,19
954,39,95
1843,2519,33
2803,2127,-90
10,729,48
2610,3900,5
122,3166,90
4783,4780,27
2561,4228,-71
3038,2125,-19
441,4135,14
2750,3772,48
591,3258,50
1369,3207,-40
1990,2599,57
1362,4436,73
3774,3314,87
2065,1245,-83
2416,4088,-39
2952,658,72
2769,2966,-40
3417,1700,-42
1577,4457,62
115,3044,9
1369,4425,49
139,1800,13
4924,4536,51
4942,3627,-50
3374,3978,-36
1316,1977,42
74,4929,11
3847,3670,55
484,4193,-59
4112,938,47
1550,1290,-58
1360,4671,96
1897,2151,90
4225,4925,70
511,513,-99
423,4762,50
2433,1517,39
1907,2083,73
4328,1405,25
959,4493,60
825,1932,-57
65,1886,52
4929,2354,-66
4711,3808,62
3349,2747,-36
801,581,70
278,2213,95
1718,3330,89
2414,102,58
1239,4551,55
4524,4289,38
1487,3843,-69
4682,2964,-35
3299,4994,-41
4471,4906,78
2996,299,86
93,4117,44
3532,45,14
1841,2544,-33
3528,3860,65
1622,4779,-37
1562,4395,30
1417,3553,-47
2965,3156,-25
4191,3132,71
1131,288,26
1414,3706,57
3598,517,9
3745,2202,-13
2119,4438,12
664,4182,-47
2635,3659,-53
2775,4287,-66
3970,3324,-33
3491,4077,-75
1572,3937,-29
1524,1170,-13
988,991,6
3239,4972,-45
3846,3706,-32
3694,1852,-21
99,2710,91
2289,4008,-5
1515,2622,56
4298,2179,25
634,839,4
4842,1556,-42
4586,1223,-76
579,4935,99
3960,2044,-74
273,1434,-2
4882,1169,-79
3955,948,98
3928,161,-54
453,4560,21
1176,3132,-46
4912,2628,-92
414,2536,-47
1551,2273,13
4527,3464,-37
4991,4805,17
1947,161,8
192,1785,-2
41,1945,66
1860,3183,-18
1333,3975,-93
3450,3625,6
136,3745,54
4202,767,96
4615,2028,11
1942,4007,60
1566,185,37
4222,1897,5
389,3296,43
1559,2405,-90
2122,2540,-82
1029,733,91
3535,1622,-49
82,578,42
776,2162,-59
3039,378,-1
4374,3849,-5
2888,1309,-18
1879,4193,-22
2272,842,65
1608,2172,27
3140,156,-15
606,4149,-52
4736,1703,-24
3415,2636,-17
3666,3386,-52
2145,4822,-22
4271,1414,98
3766,45,82
1377,1687,49
3463,2170,70
348,3242,-51
1,2726,-17
63,1424,23
1784,4015,-82
3815,4596,-10
226,74,-29
1043,3019,45
845,1561,-91
2681,892,-51
4120,3133,-52
1235,1890,68
1985,1247,-2
4257,3803,42
1279,473,19
1595,2218,-78
2552,701,-25
1953,2080,12
1696,53,-74
955,2988,-95
3292,139,-77
357,1398,-15
3596,2138,36
969,828,89
242,2084,-34
3447,2977,-31
4235,1249,-23
2145,4650,-59
147,4836,-41
543,4365,-18
692,186,75
1026,3443,83
4051,4965,-14
4006,3194,32
3360,4929,7
2952,1413,81
730,3189,65
4500,2917,46
2556,1016,96
1151,4538,-30
1736,4135,-77
1039,4262,4
2913,1936,-21
4841,1469,37
2541,4539,48
4415,4427,42
1243,1359,-37
773,1770,40
1917,2762,-30
3413,2883,67
2500,1190,35
3441,1193,4
3546,2817,65
1214,3622,-49
2932,4857,-99
419,1043,49
3782,226,18
4961,1979,17
789,3978,-97
1872,3832,-49
4591,2645,10
2026,1884,-94
2447,541,-100
4824,646,-18
561,4802,85
2652,4727,89
3905,4287,-7
540,1689,13
4756,855,93
3137,405,-46
3290,3344,16
2611,2478,-88
4913,520,-73
1945,2941,-87
3146,1408,30
2759,821,-85
3261,3675,-12
4108,4531,73
1896,3836,10
2501,4068,20
2830,3288,30
3874,2182,-3
48,4715,30
2365,3233,68
2257,425,56
4673,1552,67
754,358,-82
2803,3447,47
4650,1595,-80
3653,1011,47
403,197,-9
2087,1034,-54
2228,862,-10
3411,349,-57
2991,3778,13
4644,1659,-12
1150,575,-99
63,1820,70
4940,931,84
3154,4009,-13
1009,4683,46
2032,484,-11
1323,3913,91
2082,358,73
752,4481,68
4145,254,-34
658,3995,-10
1661,835,-87
701,1191,47
1081,1704,-66
2157,4892,52
1541,4565,27
3033,493,31
1984,3410,-44
315,4147,-99
3082,3128,-35
4734,2121,-12
2315,3866,10
2136,52,-14
1650,262,48
3220,3003,-12
3801,1909,-10
2479,3647,-49
4068,2378,17
1776,3395,42
1967,4337,73
1768,1626,14
3816,1229,-70
242,4387,-39
4798,1390,-67
2950,1488,-65
4837,917,20
4877,2142,3
2257,711,-57
4112,1887,90
3369,2217,-24
367,1321,-83
2828,2564,-56
1253,4446,7
2488,4832,66
4786,2627,-75
3604,401,11
3522,751,0
4943,4917,-26
4518,1888,-5
1644,3686,-77
1213,1419,16
4704,2604,85
20,3772,4
676,2019,77
4478,2037,99
609,1646,-62
62,3488,99
1266,814,10
2286,4734,58
1155,3170,-18
1629,1024,63
1627,1510,66
3717,2039,-80
1443,1394,-78
1654,2347,-47
2503,856,63
3270,1167,42
282,2755,29
4982,1666,-25
1025,4039,-31
4819,1973,65
3404,3688,-36
1236,1117,-51
4183,3369,16
4761,4543,-14
4958,734,-100
786,3784,-80
3318,2922,-44
1668,3330,46
3009,4618,-72
3195,1707,77
4790,3499,-67
3776,1125,-20
2447,4718,-47
3791,4855,-69
534,1859,31
402,2292,-71
3664,2514,-6
130,4961,45
2340,3516,-32
4372,2001,-72
2960,1798,39
1859,2317,-86
2974,2581,-22
4151,2015,-48
3650,2168,62
2787,3029,79
3098,1948,80
3513,1144,41
4861,4806,2
1221,4232,45
642,3149,65
3315,936,-15
724,3158,65
4898,1,-46
738,77,38
4854,2629,-34
1300,2196,-48
3481,574,71
340,1549,52
153,186,89
1422,4618,41
3052,3843,-54
427,3493,-6
3559,2244,-12
1136,34,82
2373,1621,39
3330,1897,-94
950,2456,76
1374,1801,41
957,4633,56
1702,2084,74
2942,1406,41
2483,3689,78
1304,2653,41
371,4539,-14
2981,1187,35
2297,4134,-24
4799,2140,-1
2126,2679,7
2967,3795,-36
4146,2720,-64
2743,4603,95
4022,2227,-85
2365,2332,47
763,4024,94
4063,4451,11
1005,3369,98
3756,3958,-69
2847,488,96
350,279,-16
2965,2592,57
687,650,47
4638,2979,85
3127,355,-72
4457,2243,51
2756,4900,28
3525,2481,-74
3625,558,-80
2733,3487,44
1694,162,-9
2893,699,59
3812,1974,71
4181,3545,13
685,3778,-3
4341,2206,-79
2920,492,-59
3757,1993,20
3284,1033,89
4692,3284,-53
4027,3511,35
1157,4920,29
3062,4775,32
4446,786,-73
2330,1834,31
1293,992,-48
1885,4207,-1
1561,1784,28
984,1185,-22
2068,2462,33
1864,1669,-13
1980,2314,82
1737,572,-49
2453,4301,-24
1919,3739,-77
701,584,89
4047,2221,83
2074,308,-8
4662,4546,51
3754,62,7
395,4571,-81
1957,3789,-67
3049,2134,-86
3453,1960,-50
523,2033,26
1563,3763,-97
2910,2787,-48
2850,1543,41
550,1676,92
1469,4622,60
833,34,23
4483,3962,-51
1422,2800,-38
286,1856,-51
2746,3681,-8
3766,2686,-27
4465,1058,63
1446,4502,-15
1467,2962,-4
1777,4389,98
3656,2628,-1
915,3821,77
288,3158,68
4191,3644,-3
2089,3763,97
4427,2132,54
1805,607,-71
1179,2356,59
2552,2300,-79
4371,3917,-32
1589,4276,48
1957,1334,-45
1776,4009,-17
4863,2474,58
988,3558,0
1204,3734,86
3331,2087,97
1120,3351,-6
197,4912,70
3976,376,81
526,1953,45
4728,3711,82
1411,2089,-72
4504,1694,23
1293,3556,88
1195,4281,-50
1949,72,-25
3656,1775,-89
4787,574,-8
2218,4665,88
4255,4067,-30
3581,3708,43
1018,153,27
3154,729,-89
3591,2280,-39
4208,1553,95
4070,3664,5
48,3568,-41
3664,4272,-20
4472,4345,-73
828,3107,-37
4723,4897,-6
2090,1000,-29
2057,1135,9
819,4743,77
4753,3146,-75
3985,2716,67
3681,354,9
1812,1303,82
4886,4083,11
3115,3732,58
1630,4622,25
1544,510,-30
3580,1538,12
1905,178,-96
1437,2377,40
3318,801,45
3521,3244,-19
3060,3667,18
4117,938,-51
999,3028,27
1432,2021,-17
4553,2783,12
3062,3541,63
265,1975,12
3732,1519,14
2275,2670,3
3876,1259,79
3318,3111,-68
2047,1243,91
3145,2754,98
3222,2676,-32
3141,3673,-5
4901,420,57
1254,653,-5
723,2872,-33
84,3246,-79
4836,4910,-42
3371,868,-93
3820,4209,93
3365,2988,-64
1758,174,-2
4319,4733,-45
2781,1560,88
3288,4128,-15
2453,4593,-36
329,2243,2
426,4624,69
770,2489,11
3976,1513,-4
608,2772,76
1853,1644,-33
2673,24,36
2125,2338,35
1301,2944,-43
466,4400,5
1965,4727,-47
1946,1717,-16
2540,4134,-53
2361,745,81
2040,4178,4
1185,50,55
3935,3050,0
3218,2743,93
2783,3890,9
778,1623,-20
3380,3398,27
2419,1788,58
4078,3356,40
4263,1014,-42
2440,154,-19
4832,2902,58
1990,2315,-68
1067,3457,17
945,2303,-48
29,4267,-6
1898,4014,21
1698,617,-10
2815,3050,20
3366,4644,-65
2489,1926,96
1666,2458,22
4620,1612,-67
1571,4242,20
1734,3110,-40
760,2538,87
2158,4358,-98
1352,1628,-95
3477,4441,47
1269,1999,-97
1786,2927,0
3950,1132,-48
2608,1993,2
399,514,-30
2631,713,89
2447,3162,65
1670,215,63
239,604,-67
3537,3770,-95
3862,4868,27
3104,670,93
1147,1081,45
1558,4655,-74
3739,1426,-62
2158,2270,-50
3452,475,-82
300,1132,-5
3699,863,-13
4054,812,61
4860,4273,-12
249,487,-77
2569,692,52
4130,3109,-25
4324,2623,-7
4681,268,97
2861,785,-71
724,3874,-47
570,2972,14
220,2402,-23
1395,4910,19
2835,3342,-76
2123,3072,24
4232,2317,-96
4001,1202,-99
4350,277,10
3090,307,-21
50,631,2
515,2586,90
2792,1138,23
2779,2182,81
2619,1714,65
1838,1049,23
4672,1584,-84
1166,3352,-70
4999,4909,28
2250,1835,33
415,952,-31
2269,2033,-65
1105,1225,35
4859,33,-8
4659,97,-28
3357,4359,37
2417,3142,-77
1935,2778,90
204,3279,67
69,172,-99
516,4854,-81
3564,901,-68
4457,4367,-87
1465,742,81
1653,2615,-46
707,1923,-64
1626,2698,4
4753,391,-17
3786,959,12
1346,4671,33
344,344,60
3787,3482,27
536,1570,-51
355,456,-17
3543,444,97
983,4293,99
1346,2916,-22
3010,2411,-15
527,3482,78
931,1418,93
2757,671,88
2283,2285,55
1947,4557,-1
3928,100,71
2542,2788,39
1917,408,-44
3361,978,53
1594,2799,-76
2926,143,-86
3626,3077,2
1224,720,-3
1960,1460,-24
966,418,80
4993,1105,3
3679,545,-36
4313,3289,12
623,773,22
4449,1694,10
4788,1069,22
4727,3704,-47
2373,4224,66
2949,1574,78
3300,4973,-81
1169,3794,91
4750,2654,-12
392,541,-90
3810,2212,26
2408,2697,-49
4865,1559,-47
4893,131,-32
4261,2744,-94
4829,4600,39
581,3821,29
821,2232,2
1248,826,48
124,2719,-32
4440,1023,-10
1875,2602,-6
524,4227,17
3124,697,20
4225,1038,-65
3199,814,-80
2786,3838,-48
2119,659,46
1211,2428,-98
1027,1084,87
4118,2975,-20
4262,1184,-7
498,2625,-1
4530,2733,61
2806,1998,56
4933,2012,15
1694,1249,84
4759,3737,-28
725,2414,-61
376,4344,-51
4399,12,46
2453,2011,49
3860,3608,78
1687,737,-52
4804,510,79
257,1269,22
4495,4267,49
3601,4817,12
51,3043,89
595,4911,-41
4914,1059,-94
4732,4301,18
3874,890,80
3437,2953,-70
1073,3338,31
1477,3682,-8
4871,2745,-94
3021,4846,30
1665,1509,-76
4493,3338,61
2731,3034,-68
1396,1768,-6
3898,1133,-13
4625,1202,25
4781,249,-63
4046,1896,9
2661,230,24
2234,2676,25
3323,1285,-97
4198,2876,75
4219,321,0
2102,28,-40
1307,2899,92
1638,510,-20
1141,641,9
616,4637,98
4653,3251,-23
4210,3748,-40
1567,2720,28
977,3904,-95
4797,1312,-80
1317,3337,94
2340,1491,-18
4357,1419,-73
2097,1459,93
379,3460,54
3466,4905,59
2272,2568,39
1047,1338,-36
1008,3693,73
110,4610,67
2772,3082,-8
3884,347,36
2601,117,-19
3244,2459,-39
1006,1421,8
4794,1855,43
306,3083,-2
959,1632,-1
954,2000,95
2669,2146,67
3539,4378,-66
2678,807,26
1631,1692,-18
1792,2705,87
2604,3436,97
1972,211,-10
67,1691,-98
835,1778,27
206,3148,-48
2834,2500,-1
4251,687,86
1715,2671,63
1533,930,93
3146,4114,-64
3121,1315,0
708,2834,-57
179,1774,-37
113,2246,78
757,1186,23
897,2465,-95
2869,384,-32
159,4991,48
786,3924,-44
1804,1522,55
1840,980,-16
3169,4178,-77
2299,3611,14
4079,3271,-9
1543,1954,-26
4209,1485,90
4355,884,-79
2155,2528,9
575,4824,-67
3039,124,17
1382,526,-64
1223,2087,-60
2475,2156,-22
1502,1377,4
859,4407,-58
3575,3462,-79
3730,4136,-10
2966,4877,42
3192,581,-80
1597,1994,-49
1562,4526,-97
2523,3936,74
2600,457,45
2392,2801,-30
2676,1452,17
2184,204,62
277,2827,-94
3883,4214,68
3605,1853,37
2079,3466,89
4343,4046,92
4507,4993,39
4078,2444,-10
4169,2053,55
1121,4604,-43
4769,2193,83
2524,2710,45
3371,1183,92
4383,2829,84
1909,959,77
3521,4075,26
4308,2059,-56
4497,69,89
4751,1638,5
3106,202,9
498,266,92
3588,3126,-46
4194,239,-63
2414,291,-97
3801,3395,-86
463,1809,48
2761,2090,48
3458,955,78
273,4729,7
1151,1931,-66
3390,4081,24
19,284,-97
1617,807,59
3179,1907,39
4082,2677,-47
412,3572,-71
742,4672,-92
2672,3760,-82
2780,4070,-21
2625,1619,57
515,4907,92
207,809,9
948,3787,-56
2442,942,-78
1829,40,-25
3599,1339,-96
2168,4653,94
1657,1322,18
602,1655,93
712,3069,-58
1204,4739,-99
1392,395,75
2697,792,85
3273,3634,-61
4926,1945,-2
3132,744,80
3731,4373,86
2667,194,95
550,4275,90
4742,3898,16
3983,218,63
1245,3583,-61
3887,4653,33
4013,3491,41
2550,2816,24
3205,3904,0
846,3924,-68
4546,1786,7
44,4173,46
659,4695,70
4824,3834,-47
3931,1183,-5
2868,524,-9
3648,3297,-9
2783,4480,23
1692,369,-6
2226,4384,-40
3067,399,40
1948,2152,69
1366,3881,-83
3131,127,8
4534,2088,-29
4522,3144,12
968,1771,92
1405,4054,-53
486,247,-6
1756,3319,-17
3631,2082,63
2969,2058,-14
1580,2990,72
2796,3598,37
51,340,36
1660,2729,73
4301,1592,44
2788,3162,94
4629,1309,-68
2156,4630,-36
4347,3339,47
4231,4905,93
3162,2699,25
1615,3124,43
2737,2298,41
407,2054,28
3380,4945,62
4198,1510,28
1385,3808,70
3696,13,-32
4500,4035,-26
4910,1581,-5
2903,3434,82
1630,4634,43
3263,2052,20
1027,3877,94
2990,4818,10
2225,1824,90
2921,3431,-29
4316,2741,49
4269,1789,83
2784,1953,-49
1414,2705,54
4598,952,-37
3649,4724,-56
2809,3421,94
3332,3028,-75
2179,3102,40
798,3961,57
2847,3589,-23
930,3846,-71
4819,1148,71
3092,3518,75
2263,3059,1
1334,1418,-92
1275,3910,75
4584,4746,-5
3481,3690,83
3343,2773,-33
1218,4908,33
1465,2829,92
4409,2170,-12
4175,2250,94
4771,3859,-80
14,1626,-23
2294,2750,-71
2046,2606,-44
1038,1848,-46
4129,579,-99
1460,1137,-53
257,3411,-79
4130,3134,40
4074,2275,-12
1284,2222,11
3488,1158,-58
2185,3859,-26
359,1650,-27
3792,4665,-52
4850,4373,64
3188,1587,7
4500,1959,-66
1226,2324,-82
2298,234,-73
278,1266,5
4208,32,11
1987,3439,84
3545,1372,14
2794,760,88
392,3204,70
969,1795,20
2191,4889,87
2229,762,37
2627,4361,-22
2846,4081,-5
4365,282,94
3308,4072,-77
2601,3904,27
2681,4626,71
4371,4056,57
4839,816,14
86,4560,-56
3135,1471,17
4500,3288,-41
2240,4260,15
3365,2586,-48
2046,511,2
1055,555,-76
3402,3706,1
3730,1307,31
2670,3143,-9
276,259,-70
4747,1225,46
4091,1666,-99
1106,1404,-97
4682,1866,-22
2933,766,-63
129,65,-68
4352,3450,-83
4327,2706,3
3569,4975,59
2403,196,14
1648,1384,60
3557,2436,-67
3892,4161,-50
2194,1451,-38
2048,223,-54
3105,442,93
4356,1438,40
2135,3188,-49
843,4999,-8
1972,2368,-49
4361,4866,70
3904,883,5
3614,451,-3
392,743,88
2280,1545,30
901,3351,95
4684,2830,-42
2495,2614,26
1153,1916,81
1295,1249,-32
466,528,25
2176,4820,29
3246,241,95
488,2143,-57
2939,365,27
2627,1209,-63
950,4121,87
4502,2366,54
1050,2962,-10
4076,4658,25
4460,4777,-86
1391,2148,66
1084,2418,65
4647,1617,81
1659,1036,-38
4388,720,85
1818,4683,-39
191,974,-23
461,1847,-83
2522,1372,56
3477,1467,-30
2706,691,84
4367,88,-77
1158,2513,-63
4267,3849,33
28,494,47
4232,1246,69
2973,1142,-79
3025,4232,60
4984,978,-55
1265,2235,81
856,542,4
4026,1403,69
1252,811,78
4605,4508,95
3871,3493,-16
1327,4313,-45
1026,4926,-24
362,1134,-59
1219,4381,-88
606,4866,-47
1671,569,39
4812,3001,-66
2298,1322,-18
2195,2745,-92
4444,4626,-88
1278,3579,-79
399,1768,-61
2173,2075,63
2811,2044,16
2653,1142,26
2940,1078,68
822,4600,-94
4998,152,-46
945,4833,20
3479,479,-22
2780,3234,40
4430,1686,-2
4451,3492,47
1197,1372,85
1213,3901,-78
824,4946,80
1897,2602,-64
4264,3424,-81
2416,1697,19
536,3658,46
3011,3977,45
2628,1399,-33
3778,3981,88
950,1402,99
3509,1709,-55
4303,1413,75
544,3231,-81
3901,2503,-29
3754,4723,96
4225,1265,4
2083,2260,61
2867,363,3
2247,2646,-94
1837,1533,-51
77,4753,-48
369,1384,-28
4622,667,-90
349,2813,35
4602,2476,-69
4739,3101,90
4334,3402,82
1456,3106,86
2186,2552,-38
3812,3900,44
3273,2152,53
3683,388,-50
1847,3162,-68
1855,2381,-75
2986,377,-79
4451,4336,94
2626,4278,-6
2895,1281,-23
559,744,3
2897,4937,90
1918,3487,44
1255,1069,-60
1682,1009,-25
1815,4694,-62
663,4297,60
4117,343,-69
3326,3284,48
1242,631,80
3144,298,91
3038,698,-23
162,1506,-35
4226,2761,76
1951,2826,-30
4321,379,-70
1782,2796,-9
4676,706,68
1478,2415,99
3031,771,98
3987,4002,63
107,1095,-27
2669,3465,66
4936,3595,10
1165,4445,25
1158,1232,-7
2247,1447,8
667,4189,3
2127,2403,68
2942,1827,-60
512,3848,-96
250,1093,-95
889,4678,-39
1024,1721,-85
4695,883,-13
4849,124,9
600,3491,46
3023,3595,-18
2531,603,22
2884,3832,64
2065,305,-37
1759,3229,86
3570,3160,-4
1243,1252,-32
4330,937,34
2296,3718,-59
1926,2314,52
2063,2132,-45
3396,3284,74
441,3290,-16
2744,4845,7
7,2199,77
1587,686,-16
826,4236,-10
3825,55,-68
1269,3213,-75
3437,4170,-84
3439,3207,-80
1311,2956,-99
4034,1945,-22
1628,642,-57
1037,4840,93
478,62,-30
2679,1224,-65
715,2538,-55
1677,493,77
2163,1140,-34
509,1256,-98
382,2496,18
1181,3286,60
1846,2256,-56
4371,1002,-76
1719,1126,64
1101,3882,63
1861,4106,-66
2092,3545,-82
718,1147,-56
318,787,11
4630,2052,45
1777,259,54
2285,3850,-7
1245,4617,-70
1334,716,66
3670,1644,-34
1201,124,49
1795,1774,79
2702,922,-91
1455,2178,16
1934,1504,-93
747,1853,-67
841,2125,80
2496,3255,45
1089,2414,-89
793,4388,91
1268,157,84
1551,1124,-5
2691,918,29
293,1703,-84
4023,1666,79
1405,4234,-25
1649,2112,-30
2817,3715,-22
3911,2555,-99
2919,3025,-74
1398,4036,53
1694,2837,52
1038,2398,39
3853,2195,44
1563,1556,92
1113,3626,-6
1292,2910,67
1162,4503,-96
1030,344,-73
4338,4748,-29
4258,1545,-49
2740,3997,41
979,2819,33
518,39,-83
4994,4383,-64
783,4987,91
2832,4758,-2
4181,3424,-66
138,1029,25
754,236,-84
2954,969,9
4809,1231,-13
2456,239,-91
2835,1855,-50
580,4925,11
3256,52,-20
3267,2156,-49
4650,1381,-37
396,1057,-68
1938,22,-4
4906,307,-84
2590,4107,23
3035,2610,76
170,4294,7
2338,3601,26
3240,1966,-94
3416,4647,11
3569,3579,92
3217,2544,26
3485,505,89
4836,137,-91
1842,1303,-70
3761,4015,-76
4553,3615,84
3027,4948,-36
3966,4807,70
1602,507,30
1147,4782,-46
4327,1534,-53
2685,3642,-36
112,4004,98
593,708,12
2440,1624,14
1239,4238,-41
2795,2329,-87
2415,3015,-14
2130,1708,-20
2854,302,-87
2870,2445,36
3599,318,-16
3804,2956,72
1527,2928,-99
1970,858,59
952,2721,-93
1503,3023,-65
4468,677,64
3337,379,-86
110,217,-67
3987,3701,48
2355,2897,-92
226,4964,-61
3012,4530,-75
4127,4852,49
614,2990,40
99,3831,-76
811,3657,98
3338,1507,14
2700,1291,-10
4910,1940,42
1020,4695,-56
3026,236,-80
3529,1784,-12
3887,4196,-61
2980,2787,74
3341,1378,-15
797,2756,-40
1958,2084,-87
3067,4410,99
3021,4096,-13
2681,4647,-34
4442,4613,-25
4820,2701,74
2949,4105,43
3732,3550,-30
1102,4153,-83
1038,2331,72
4232,4557,-78
792,3762,-75
4175,2012,93
1779,2642,29
4801,2113,49
982,3501,14
1266,4951,65
744,4232,69
2432,4858,55
375,1010,-38
1754,1630,-84
3898,3120,11
2537,850,86
1992,2868,14
2929,2040,-99
3447,3236,-2
592,479,-22
4629,1311,7
2570,4632,15
2873,2144,8
1177,414,77
1336,1657,42
4694,2632,45
113,3937,-24
3773,1395,-63
1846,2624,35
1988,2291,-21
4830,639,47
1986,3445,87
3293,353,-75
3243,4522,62
253,3149,20
124,4606,-20
1237,3589,53
624,140,-83
3157,252,71
3137,669,34
3390,3843,-66
3418,317,-89
1656,4019,20
1267,2927,12
2946,2010,-57
1161,2946,-60
2295,1053,-47
441,4637,28
2093,3564,-76
2706,1124,-21
3760,1344,21
554,570,-86
4905,4819,-26
1113,3722,0
2778,3917,30
1834,1001,72
1315,2924,19
3494,2237,-56
3139,4546,78
3113,3926,69
99,3253,66
3926,3393,-81
1480,2331,45
4397,3393,15
1223,2618,66
4584,4121,-2
1005,4356,-72
477,2014,-81
1136,1928,69
2857,2545,-22
1706,4548,-5
518,4796,-89
1221,3720,-45
2507,3674,14
4326,1552,-89
1192,1683,-48
3881,385,-3
3244,4709,-93
1978,3037,-43
2243,2267,-77
3091,4653,8
1888,4446,-40
4560,390,28
974,2919,-12
66,2114,-23
2907,1143,-31
571,746,72
3893,1731,36
308,4123,11
3409,4386,28
3743,4124,51
783,3231,-41
4217,3217,75
766,2515,66
3476,1770,-83
773,108,4
3858,4987,-9
3186,2487,-49
540,4299,-99
2050,777,0
3284,1934,63
4676,438,-53
1664,1035,16
1048,837,-13
3837,4703,-66
3440,642,97
506,3175,-20
3248,1809,-7
3501,3876,14
1911,643,-29
733,703,69
3514,2849,-21
1572,2918,-63
4610,3613,53
2943,1723,-70
4457,849,79
2322,2555,87
3336,1463,-93
4623,3830,88
4375,3783,-66
2754,511,-67
1373,2157,37
1445,2920,67
3377,733,7
290,2951,-49
2066,3961,39
64,1238,4
3946,1481,54
330,2466,46
4859,2011,-44
1964,4758,-47
3089,2736,-86
2491,4200,9
141,2760,64
4540,578,88
2474,3497,45
3904,819,-57
450,4175,-10
1826,1890,1
4447,559,27
4695,2934,-17
4807,1620,48
870,70,-72
3565,1190,6
3660,2903,-86
3603,4341,-15
393,3117,-14
842,684,-33
2449,3911,-13
2792,3773,-37
2954,71,-87
1359,1263,64
991,2156,-47
1039,4818,-42
28,4398,27
388,1372,86
833,1916,-46
250,3806,70
2028,4352,79
1529,1548,-62
4194,3899,-24
1839,4456,46
1361,3556,83
3110,1214,63
1324,2141,79
2227,861,-57
3681,990,-55
892,4580,-4
1306,2924,67
4549,1433,-21
4193,341,80
262,2378,84
2341,1199,46
1794,1468,-57
2297,4297,-7
2293,4839,47
2171,4194,-57
325,1292,70
986,4935,10
4783,352,-94
3853,1302,-59
1740,3640,-39
1861,3088,-99
3138,456,-24
3899,3251,-55
836,1158,-63
4155,258,-6
2779,2110,28
1397,482,74
1677,4731,6
4332,3114,40
4314,1397,-41
1838,2627,91
3722,648,95
3673,1612,-46
3023,3826,6
4685,4589,-70
1672,4587,-4
917,2269,41
918,3885,-15
1134,2755,32
1837,4983,18
2139,3587,81
4008,3385,80
1906,4590,64
3990,759,-5
3486,633,84
4798,3585,-98
2121,330,38
2733,3020,-59
2770,10,82
1322,4054,65
3717,2175,51
3355,985,36
1529,669,40
4744,2279,-15
760,442,45
3413,2926,-91
1358,4021,39
2191,274,-54
3482,4714,-18
949,1027,16
2080,2374,-91
1767,4349,28
28,1558,84
2471,3127,-30
2539,2934,18
160,448,18
2893,3369,38
4114,3694,80
3723,3807,26
3732,4565,-97
2472,3997,88
5000,3318,-15
4851,70,-91
1571,4577,32
837,2578,88
4990,4586,23
3939,4599,-25
2287,3057,57
3406,117,-44
2671,1814,60
4113,904,64
4748,4524,-19
4356,494,95
1628,3859,-78
1867,2684,-31
205,4176,-94
3580,3731,-82
3175,4691,42
792,1541,16
4093,626,-15
3748,4380,59
1106,4859,-22
1091,838,-42
1608,2016,-31
1840,2016,97
3398,3080,-95
67,72,-25
4780,3453,93
1279,4749,31
4159,3879,18
814,64,-31
403,30,84
2003,3972,88
4167,4653,14
2926,2326,83
2994,4373,0
1087,4766,41
4341,2880,10
2567,2189,-18
4489,2782,-94
772,4122,81
3673,2146,85
3249,276,-40
1670,1267,7
1557,3974,-29
2959,4105,55
1152,2944,82
1218,2981,-2
2232,2320,-48
4343,32,-18
3945,852,71
2043,605,-73
706,3200,-55
2670,2065,76
2114,3545,22
2978,2349,94
4350,1808,54
4379,3860,66
423,4138,-17
2022,2199,-74
3794,3873,-66
4132,3563,-54
531,3199,-49
91,4505,-32
3373,1893,93
1943,4440,-60
3806,3170,-51
1241,2948,-56
1759,4124,-81
98,3101,19
1480,3922,98
4627,4730,-65
1833,4308,99
2586,4784,-10
3648,3689,-31
80,72,51
4710,2158,63
2224,1137,32
2570,4328,47
1773,4078,80
4519,43,4
1124,4361,67
3812,1832,-3
3475,46,2
2624,3642,23
1404,1676,77
2579,3353,-27
332,1270,94
4749,3984,62
3609,3964,-37
740,3024,64
4607,2791,-56
42,3171,-63
4981,4823,9
3879,1013,0
1950,4590,-16
3461,3508,54
2129,4803,92
4498,2072,-28
2155,2006,-98
1238,2318,-42
1767,4834,-1
1842,2176,-71
506,4639,-85
1842,1787,-72
4816,3130,97
1395,2373,-1
257,1461,-77
1721,1465,-94
1072,3042,76
1623,1059,90
4993,972,0
2067,2391,-55
1070,3000,-53
451,2505,1
898,899,52
4837,1814,-58
3729,1503,-46
82,343,61
737,3861,-36
4175,3352,55
3945,2861,-60
2208,1249,56
3949,1209,59
2003,4391,96
1692,2140,-67
1180,1611,-42
2936,1980,88
2516,2798,79
4949,557,-38
462,3995,53
2902,4405,-89
117,3687,-79
1655,1153,-45
4562,3745,-95
1799,3622,-65
660,3360,25
3238,973,86
2123,3908,-42
3820,3729,-33
3344,3412,-49
2551,3067,19
4891,1292,95
1587,4314,-24
4683,2861,-21
2748,164,6
635,3920,78
2883,1715,-11
2812,3463,-4
4454,1441,-33
4016,2096,53
2740,801,-28
1885,2766,-60
1519,2661,32
622,1691,80
4578,234,65
1538,1877,15
2338,962,-8
1995,3371,1
2071,1046,3
4902,4482,-9
4931,4460,80
2366,1408,83
2846,208,-82
3039,4371,17
855,1753,-36
2729,496,-32
916,902,-48
4939,3599,46
132,2207,-35
1117,1750,75
3594,460,-35
861,4490,-83
294,917,-21
2689,4260,-62
1000,4735,26
2297,3402,-50
3686,4666,26
287,2195,50
450,960,60
2339,4864,87
3241,2158,86
2704,394,-3
3117,3633,53
4572,4539,44
253,4059,80
1420,4843,-23
2337,2178,70
1236,1867,-53
1000,1800,-19
3761,505,47
4117,720,62
4412,1988,-68
2612,875,-20
1447,2879,-2
2171,634,-99
2922,4378,61
3684,2421,-25
2262,1325,-11
1946,1009,25
4935,2334,59
1854,1140,-80
600,3221,-96
4888,404,-73
4136,3754,-14
3404,3191,-53
2991,696,-5
4744,908,96
4278,3848,-2
4361,3165,-31
2819,1927,-18
863,121,67
4528,2866,-95
4056,3732,41
1220,3916,18
3796,3592,24
4605,3577,-34
4543,4487,38
528,2415,66
2923,841,68
3205,2806,-77
1163,3307,70
4765,3434,8
3565,1466,-6
847,1857,53
2118,2236,-72
3087,404,-99
1771,413,-71
3284,1538,10
1826,4250,-27
3324,217,-25
446,1025,84
1026,2814,17
1772,4895,86
1360,806,-82
19,3350,-47
561,2817,97
472,2810,19
28,1272,50
560,434,-6
2656,429,-68
3237,1188,-35
4554,4258,38
945,2555,-11
3949,2313,45
3657,1996,-36
4964,2158,59
3064,4996,31
1980,1743,-15
2717,1343,-65
4922,1156,84
816,3205,13
2327,394,60
2331,3643,41
1003,4818,75
1543,2041,-64
4205,2079,32
1230,2865,-51
3306,3462,88
2530,4257,-32
1431,1330,0
3913,1647,65
1533,2656,73
1893,2386,-3
3125,2838,42
1422,4433,-64
391,3306,-74
2819,3321,11
1870,3877,-100
2961,3527,56
1196,4159,24
2606,4915,99
858,2305,34
3228,1272,-72
1517,1288,58
1154,4945,-63
843,361,-93
1683,1975,-6
295,2928,64
645,3465,86
3634,2227,81
2136,1851,85
111,2547,-5
584,2725,-75
3226,3675,75
1487,3906,12
4865,3776,-90
1649,4388,-78
2382,4684,61
106,818,-68
3554,2147,29
1695,181,12
1734,4470,-40
382,4720,31
2737,4959,-89
4357,442,56
1317,2293,6
2703,1663,2
4916,871,69
4075,2875,84
4805,2500,77
907,3213,-35
663,1657,34
463,1897,24
2903,1090,-44
4681,483,-55
943,309,-79
158,593,38
3310,3844,60
1327,1019,81
2718,4494,47
2669,4565,-96
2569,4713,-33
3393,4193,-87
2107,3262,30
4800,4291,13
648,1358,85
3323,83,-74
2939,251,-97
2484,1094,27
4242,2388,94
2907,1409,-37
3026,1482,-15
1376,3212,69
1824,1099,56
245,4196,-21
2349,3729,62
868,3893,-82
2862,733,15
480,323,-7
2463,2058,-32
1936,3061,-70
3374,3701,70
3022,3385,-6
3193,1262,48
88,806,9
1241,1534,92
573,2042,61
814,4226,88
179,3825,-65
1726,3457,-60
163,3665,61
2641,3097,52
1006,4660,84
2349,1354,-36
2422,149,-25
2756,1784,23
4299,2276,-79
4143,615,87
4559,1825,81
3742,240,20
4504,913,-79
1218,3014,88
2475,3754,25
930,159,93
317,4659,72
1503,4572,99
421,548,-32
4359,2901,91
1450,2266,-91
428,755,94
397,735,-90
796,3792,55
107,2829,-96
4050,4318,-89
98,2336,-57
1904,1925,8
3571,524,-8
3302,1511,-11
43,2747,-72
1578,4777,-65
4191,618,-66
4284,861,12
385,4489,-93
4915,1308,-85
3472,2901,-58
3578,2822,-32
3239,3866,43
1697,3315,-45
2135,35,-60
3893,2101,-24
2537,1380,-93
4322,4246,-47
2393,437,-11
4614,4546,19
3816,2573,32
296,4363,-92
414,3980,93
1996,309,-30
4,4361,-71
178,492,-20
746,522,7
4355,1915,-6
652,2926,-36
3890,1369,-71
3272,3291,-54
2483,2142,-6
290,3230,-13
803,4130,58
2531,2849,87
234,3578,-26
408,2572,5
694,233,-21
1170,1623,36
4658,2653,81
2478,1217,-40
432,3540,91
2545,522,-4
983,4733,-95
3161,2835,-56
3045,3067,-36
4993,3200,-64
3925,341,-11
3313,2745,44
4874,3947,1
4319,3939,9
1689,59,52
468,3254,-51
2617,4682,22
1346,243,-30
2423,228,10
4508,4614,-70
4722,2603,59
1012,127,14
1678,4431,-53
3698,4854,44
4898,1432,88
4067,2169,84
1893,3960,-44
2870,2749,97
4351,1309,60
1487,2126,46
3340,1594,-86
1417,4080,62
4858,1494,76
2847,2031,63
1358,3253,-47
4061,4361,-65
4661,4778,-48
1392,247,87
1579,4520,-27
3750,1083,-57
3626,4929,-68
2504,1482,71
3138,11,-46
2910,2007,-57
2665,3442,-50
400,3530,-2
4383,2293,-15
3958,945,-50
2234,435,34
1540,3492,28
237,2290,40
4911,3344,-53
928,2567,26
4510,1760,13
420,3876,-17
4125,2229,74
2396,268,-54
661,2199,-91
2624,3688,-75
3951,4478,-51
450,515,74
380,1744,71
1251,930,28
2460,3932,8
2999,1449,-38
4452,3888,44
2302,199,44
727,2056,66
1468,1781,-58
2729,4901,-60
3153,4423,-86
3521,1714,28
4906,3093,-43
3355,3505,-47
416,2568,32
600,930,-39
3075,4626,26
4175,1420,-30
1568,2006,-55
1095,1331,-11
2944,2558,92
4154,424,55
1448,150,21
1493,3464,-17
2672,1514,68
1459,2716,50
1209,2994,59
4935,139,85
2213,3726,66
1355,1871,-19
213,2062,-68
3895,1996,85
4603,2819,-12
2964,1914,59
2849,4281,13
3043,743,-51
3035,4182,78
1733,4234,-82
3082,3538,-98
1271,77,15
4869,1992,-10
1530,3706,44
1082,3023,-58
3532,4872,56
1152,1017,7
1723,97,-57
717,995,-49
4200,1555,-4
2191,1033,-73
205,83,8
3830,1536,61
3110,4526,-47
4095,513,-99
1333,1923,13
2049,1698,-84
1850,3486,45
4843,2561,-73
1238,1915,-73
2019,4754,79
518,3977,-85
1439,647,60
4087,798,-16
2053,77,-96
4369,2684,-56
4518,742,64
2313,1226,-49
2260,4203,91
3150,965,-39
782,4782,-96
2714,312,6
1245,2647,-90
2417,2732,-15
976,633,30
3492,4764,78
3426,4695,-41
417,3682,-35
215,415,84
3979,3207,-84
1136,1543,30
3776,772,30
1583,4480,-61
4524,2588,-21
733,487,-25
2747,1780,-38
2264,30,-50
4509,130,28
3805,4215,-50
2428,2375,-97
232,3984,31
4931,3142,74
4354,208,66
403,4187,-17
4866,4216,-52
65,982,84
2238,4303,-62
950,4502,95
173,2172,44
2676,112,42
1251,4710,4
3049,1410,55
4006,706,-85
638,2780,33
949,4200,-9
2261,2601,59
1695,2616,-76
4848,4858,-62
4758,2975,44
143,848,-55
4582,2944,15
1461,3221,-48
3888,169,13
293,985,-50
1644,1108,45
2719,2568,-81
838,107,-14
1038,4981,32
272,2706,-39
1959,2079,2
2370,3619,-89
806,4343,-20
3175,2974,57
883,1554,43
832,2003,-99
3172,498,24
2192,4950,16
2041,4400,30
1595,1422,-93
1627,3475,-64
3585,4412,80
274,4374,-46
590,542,-52
2701,789,-42
583,356,-41
3634,3975,-12
1991,1227,-23
1259,250,18
2867,4199,73
3739,3396,-1
572,3970,-38
545,532,26
4223,559,59
4829,1620,-35
4513,1292,-16
638,3125,-97
41,4881,56
4883,4114,76
4393,1128,-8
1621,4248,-78
3673,3912,30
4138,4969,-47
4129,1108,48
1300,4645,-21
4712,1688,-57
160,4472,47
1953,4304,84
1732,4556,96
2447,3476,98
3163,2578,79
1733,2533,44
581,4218,93
220,2030,-89
4475,1144,85
1750,4347,32
1471,4992,-21
4329,3744,25
1395,3591,-9
922,3799,-29
2774,1748,83
4463,4820,-55
4577,218,-29
3435,2811,-8
3583,3416,20
1119,1717,-83
1866,4700,-57
4312,290,-58
725,4698,-22
712,3269,-24
1826,2744,49
3927,610,-41
391,2354,-38
1071,536,-77
4488,3292,92
2766,3758,-72
4481,757,28
2429,3850,23
4495,354,-100
2148,4831,-28
3573,3892,-80
4479,4331,55
2755,306,45
3264,2996,-4
3826,3709,-49
3417,2215,-35
2058,4149,14
2312,1210,-13
2880,276,-39
3643,147,-82
2610,3549,-99
1431,4726,97
1914,1954,-46
758,852,-22
2135,4524,84
1913,488,-90
1740,1554,43
3218,1762,-16
4757,3184,89
1135,584,-74
3713,4712,-79
765,4311,-98
2726,4606,-98
3369,511,48
3498,4122,-58
1673,3814,97
3406,2241,-12
583,2151,-64
4767,3203,-7
4634,343,83
1822,1424,-62
1186,3868,47
4526,4396,-36
1638,146,62
2181,2818,-58
189,4558,-80
1747,916,-91
3827,4920,-56
2621,1912,-8
3946,3702,-98
2327,1340,-58
1185,2247,79
2794,3918,-60
2947,2952,20
2501,498,6
4947,2949,68
170,791,-92
4926,4201,73
2746,10,43
1081,3099,23
1264,2817,12
4865,327,20
4454,3567,-54
2249,883,55
3909,1672,-73
1326,738,-26
3178,2175,-7
3874,924,38
2149,4267,-72
1689,4483,83
2986,2825,99
2077,1154,-44
1530,2071,80
1462,4601,-27
1403,921,18
73,3483,-42
4350,1444,-66
4035,4508,79
4612,2802,-65
2797,1776,-24
4517,29,-43
2494,2293,-99
4975,3704,-73
4232,826,-31
3577,3742,-38
33,139,79
2695,4453,-41
4374,2260,-11
4846,1163,63
3599,3440,3
2393,2534,89
4113,1360,15
2872,2226,-58
2678,2561,66
1402,3673,32
818,2161,77
1661,283,-85
4563,1140,-49
4724,1798,96
2439,4137,-30
2984,2980,-98
1211,1191,-12
600,1245,37
1847,4409,-50
1856,1931,96
1888,2519,59
680,48,32
3253,134,17
1836,3047,70
4031,2365,39
2178,3510,58
149,3507,49
1496,2134,-42
4914,4095,-49
1745,2538,-54
1647,2472,4
2996,2435,-52
1673,4336,-45
1940,3523,-70
658,2306,86
3668,4140,-31
1054,1811,-25
4072,664,70
577,3055,-20
3096,4850,-27
3032,4201,8
4819,3493,-96
4780,954,-97
4838,1674,42
2973,1343,29
3949,3492,76
2046,2743,-45
3937,2105,35
2949,240,-85
1628,2625,91
1489,3050,-77
4146,2110,-46
4199,4248,81
4464,4226,-32
936,1464,-41
3564,400,58
3630,2722,-81
1715,1938,-47
1803,4637,36
1421,182,61
3592,1075,-21
3521,2574,92
3312,2398,43
2306,1082,-31
1996,419,33
1968,1161,-66
3715,640,4
4036,2085,30
4486,4590,-80
4869,359,34
3459,1804,-23
394,539,57
4779,4440,-79
3731,2219,41
4366,1714,82
4245,866,-12
4907,2068,-34
28,2351,32
3492,776,96
4262,3269,14
1174,4672,-42
339,3628,36
1069,1036,75
842,361,1
4285,2820,-64
4747,296,-33
294,1427,47
1858,3510,-16
1323,2817,77
1648,2866,-77
4899,693,23
3621,4596,98
4527,1068,25
3095,1133,-52
3492,1122,35
3496,1242,-26
4583,947,9
3802,3148,-95
89,1616,-61
4367,4660,-20
1957,63,81
900,394,8
3478,1527,44
1745,1502,-50
4374,520,-99
2254,389,57
3662,588,59
2961,3498,-51
1634,3062,98
862,4732,43
4702,2572,-18
1014,280,82
3300,3117,84
1507,3473,-56
3206,1985,79
4804,2282,98
978,4282,74
3462,805,-68
1818,75,27
3685,2986,-3
4059,710,51
2635,3663,-66
4902,4631,91
4816,1431,-16
3667,4992,-13
949,647,0
474,2039,-41
568,4134,-72
3433,3939,-83
4024,2216,85
2259,3357,-53
3145,103,-90
4311,145,30
4996,755,69
1983,4058,45
1097,4462,-85
3571,1831,-60
3391,3710,92
2673,83,-58
3647,1312,70
2420,3340,-10
4280,3695,-70
3349,3932,-73
674,3448,-50
2803,3669,-74
2370,1616,-92
4531,4247,20
1067,2804,23
688,4826,65
4984,2063,63
69,4197,-41
2104,780,-44
420,1059,74
3999,2399,13
2598,3005,-33
4339,2331,-50
2125,4733,-43
3893,1760,-53
440,4621,-42
1287,4261,-25
1209,428,-54
1079,3877,42
2564,2491,10
3624,2117,11
1254,2322,-29
3358,560,20
3210,4945,-6
3550,1386,-99
615,2618,-22
3079,1955,88
2724,590,-61
3491,499,70
3544,2823,-53
4516,1530,99
1901,1639,96
4372,1133,-44
1713,4484,95
2330,416,-89
3620,4997,-33
1195,1592,78
4907,4408,-27
1379,3884,-72
1313,1608,-9
2916,3725,-72
750,1716,-18
301,203,14
4696,3855,6
3983,3960,40
4625,110,84
3838,4178,-3
278,769,-55
4759,139,-81
2559,221,-42
3918,861,19
2162,3928,-65
4676,2388,-100
1390,2526,-11
691,1446,30
4733,1610,-57
3469,199,82
1849,2864,-41
4919,1161,30
4971,1370,-16
3817,3572,90
940,2223,-19
3183,489,58
3310,3541,-40
2051,2868,-52
1747,2428,-57
2452,1878,79
25,4538,-70
2557,865,-29
61,2181,-12
123,3029,76
2103,3099,-55
1187,3329,81
1731,3635,38
4642,656,3
4090,1380,-36
2473,236,44
2966,989,15
2278,1383,-73
4088,815,-19
2965,2967,-27
1311,1690,-92
155,3801,61
2213,2487,47
3254,1666,30
1263,2636,28
1363,3987,-41
938,1824,-4
512,4089,-51
187,611,35
1846,1336,45
1703,3869,-71
391,4326,-4
655,3693,49
4272,4436,-20
2822,3567,-92
764,2212,-79
3401,2164,37
4807,71,-34
3268,1750,-92
1086,4946,-54
1930,342,-61
4377,4684,-65
1964,2827,46
1786,3832,-3
2275,2380,-99
2687,3870,72
2969,4203,-18
4573,3274,60
716,2440,-37
243,4326,53
3916,2068,18
1524,3540,10
838,4748,61
3324,472,90
2954,3766,55
1346,4170,-9
2424,654,-23
2029,462,-95
1433,1174,38
240,1668,-55
139,3746,-81
3194,3322,63
420,640,12
304,4370,-85
2163,482,97
2027,82,99
4103,3304,72
2227,4127,-53
1169,2794,12
416,1108,-97
2714,3786,75
150,251,-3
2445,2435,8
839,1621,94
1697,1719,55
4340,266,57
1911,22,-72
1422,2124,48
4975,1511,-59
3002,3853,27
1321,4776,-51
4036,2939,-12
1524,3423,25
3879,240,-98
553,51,92
3757,3008,-78
3672,476,6
482,2005,-96
600,4990,-76
1165,157,-66
4679,4762,-36
4233,2784,-62
1004,2020,22
1983,1687,10
1635,4171,-83
2998,3859,-76
687,2415,-1
3415,2804,28
1760,3250,89
4938,2156,36
2481,1827,68
1338,3758,-6
115,93,-79
3958,4277,93
569,671,72
1554,2144,79
2690,232,-81
4591,3990,20
3341,1603,39
2989,2952,23
3152,1773,-37
3528,2067,59
3016,1311,-39
822,159,32
3575,3779,19
3788,1587,-57
1609,378,56
560,3296,-68
4064,714,-14
4436,4188,-1
612,2224,-88
2164,4072,-51
1882,2783,29
4170,738,55
3864,2501,-83
3709,3147,-35
1710,1864,73
1762,492,44
1693,3005,60
1246,3614,-2
126,1530,-68
4753,946,-5
1200,3641,-17
2712,702,57
3447,3957,-79
991,2485,24
3066,2756,80
4955,3269,73
1522,3103,-57
4729,1868,-26
2499,4126,13
2566,3806,61
4791,3034,-73
2598,4780,62
116,390,95
1032,1244,-92
1242,3348,6
1743,12,-79
3639,1517,88
4400,1621,-16
4091,1758,-76
1976,49,-20
4184,1716,-22
4404,261,68
4898,320,-94
164,4282,-42
3311,2277,99
3389,1928,94
996,2833,-68
1878,4117,92
1824,16,-1
4907,2528,3
2296,3867,-41
3265,4102,-20
1349,2346,21
1804,941,-43
2252,259,-57
2901,1064,20
1594,276,-53
433,2792,24
3818,2567,64
4918,4923,52
1071,1931,52
4601,3583,-44
115,1332,-88
1440,1557,-24
1791,480,-89
995,4510,7
4319,3047,90
4732,3595,89
4768,1489,15
958,2825,-73
96,2093,82
2155,830,15
632,4371,-59
3685,1935,88
1702,2701,-21
698,144,-63
32,4931,-20
4875,2805,8
549,1887,13
2249,2595,7
1894,784,32
2835,4274,-17
1704,2830,75
1157,2199,62
344,611,-53
4073,3519,-87
3463,541,-47
2249,2198,53
945,2310,17
3881,413,8
2051,1784,70
3286,4588,-59
2856,1728,-6
1331,1428,45
2004,3511,2
3616,1638,82
1788,4577,-51
2247,180,24
3673,3397,-15
2156,4678,48
3480,1643,61
3021,1295,-61
52,1583,18
2160,3537,10
4391,364,-71
3652,2117,97
3916,2356,16
2113,4519,-76
2622,2562,96
4561,3117,-72
4730,2543,-34
1355,4021,84
3755,884,-54
210,1173,4
238,1785,44
336,4675,76
3839,3969,8
1577,2163,-51
500,2676,-11
1565,4333,32
791,2095,-88
3541,2322,90
3123,113,-62
1136,792,95
3945,1316,72
2349,2364,-84
4325,3234,86
150,51,-2
3207,3496,-21
3529,144,-42
1625,3688,-5
2575,2576,21
4429,4486,35
4270,2021,-71
3285,3731,30
2109,749,44
3948,875,22
4915,2945,-50
2264,4804,51
1613,1209,-21
3816,3734,91
4720,214,-27
578,4109,22
423,1819,10
2764,3495,98
1230,486,11
3177,3016,76
754,3724,-81
4843,3480,-72
688,4215,-91
723,4028,-92
747,4938,98
4338,3119,7
2713,664,-38
708,1024,-68
435,4883,51
4877,4443,-21
484,237,-69
3519,3285,-97
1534,3344,89
170,2126,-23
1021,3218,25
4965,1956,18
848,229,-79
696,4939,50
3347,3413,-75
4014,2887,-52
32,4260,71
177,4478,49
2965,4678,7
2113,2820,94
3887,2990,69
1503,1087,-49
2316,1994,44
2645,4342,41
66,3046,-37
4229,3306,72
1929,1993,91
585,3600,57
1749,3588,40
2205,1306,53
3631,4460,59
1893,920,73
2430,42,-50
3094,1283,-67
974,3566,7
4025,2121,15
2643,3146,-73
1443,2683,-82
4330,4497,75
1478,3151,-3
771,3725,-29
306,1834,61
2,2518,5
271,3837,43
4517,3863,-30
3215,129,-74
864,4475,-50
2740,3187,-17
2915,1346,-47
107,2437,22
3169,2834,-84
4645,4560,-29
2600,4643,95
2236,4505,13
2800,4714,-6
1512,4857,28
19,3224,4
859,3477,-87
1417,2539,34
3033,2855,-37
4506,1436,99
1427,256,35
2532,2418,81
4720,1754,51
4752,4747,82
4864,3412,28
4039,76,99
4114,3612,-32
2232,505,-69
2453,3393,-100
2847,1993,93
3203,4758,69
1817,3379,36
1781,2395,-27
4104,1417,51
705,2230,4
1342,240,13
3463,1778,46
3591,4261,-50
1160,4159,-20
4627,2403,-99
3723,4147,-91
3439,2632,96
3561,3907,2
3083,3011,33
1716,3390,89
2244,4077,-35
1761,1215,-93
4008,670,-33
1797,3562,86
2676,616,-51
3237,4659,-6
44,1131,-65
489,1522,35
4277,4452,-6
3149,2665,44
4724,4863,86
957,304,-23
2115,3980,35
1116,1895,21
1782,1516,-12
2827,584,-58
651,367,-38
1877,2047,-20
341,459,12
2951,120,-89
3376,3285,-17
2446,3255,-3
2751,3566,-45
2145,3303,-52
1355,4460,79
3277,1969,38
449,2532,-74
4173,852,89
4992,1930,36
4645,1944,-19
798,764,-65
3497,3297,73
4911,2679,17
2183,3812,56
3327,902,95
646,1519,-22
720,3257,-60
1523,3987,-73
1070,742,91
4744,3554,51
4888,1694,0
4675,2130,43
3076,4012,-79
3808,3253,-54
3362,1366,-84
2157,196,28
4556,151,58
2314,4524,-12
3506,331,-89
4140,3111,-81
633,3325,46
2200,890,-96
3064,955,-86
2911,3690,-76
623,4450,62
361,2949,7
2368,3242,-46
210,2396,-38
3468,2045,-54
931,3600,94
4585,3991,15
3944,4015,-37
4697,2056,-79
4870,2671,96
878,1576,5
4796,1853,-24
2500,2214,-27
2524,1227,-21
4352,1664,26
392,364,29
3903,1948,25
2322,4754,13
4941,3633,14
3982,3482,52
139,1275,-40
103,1446,-96
484,4828,-73
4320,2958,-20
4074,3457,93
1849,2166,-86
1885,1010,82
3206,2820,19
2162,1729,-63
1465,696,50
644,4618,-87
3437,2385,-69
4554,1383,-57
611,2496,97
4303,3606,-9
1544,1848,17
3540,1729,15
1467,653,22
917,759,15
1182,1280,85
2147,442,1
2273,4505,-97
852,4906,14
4537,3489,89
720,3574,87
4681,4793,-42
2015,4194,-26
3473,3971,56
3643,4638,46
3871,1527,44
64,191,-97
4864,1874,71
560,3016,-97
1734,258,86
670,155,39
3895,2992,-54
1543,4094,34
1272,3903,39
2416,2276,-30
2792,3583,-47
4714,4170,85
3055,2413,-38
2459,24,42
3066,1742,64
1164,3161,-45
4560,3606,-28
2750,3372,-4
1949,2092,1
60,1061,-21
3103,3352,-70
333,461,-86
4172,2118,29
190,1607,-88
3561,72,-96
296,4924,75
2549,4273,60
177,707,-69
800,1929,80
806,4980,5
1743,2799,-80
215,1178,93
1880,154,88
2701,30,81
597,3312,-60
1718,3827,-14
1356,4787,65
4224,1875,60
1293,237,35
2599,2186,-65
3438,4726,-68
4715,618,-72
142,1572,-6
3217,2438,-44
2840,4456,-29
4341,582,88
3514,2255,-11
2751,601,13
1715,979,82
1136,515,79
3722,810,14
1910,2486,70
2248,1447,25
4517,469,23
4103,630,53
1549,3383,15
2640,114,2
4767,1226,-99
4512,4343,82
2832,1617,-11
1007,3318,-83
3222,4641,77
3063,2671,-56
4524,4814,-86
3053,4874,34
4430,3069,54
2320,2538,-61
3540,3175,-84
2367,2638,59
527,2223,43
2808,52,90
1196,2345,-23
1754,2223,87
1673,4696,4
2029,4267,-19
1655,3109,-15
4550,1659,79
4842,3558,-21
4042,4551,-52
848,4823,-52
868,887,53
774,3054,78
543,2803,-58
4418,2198,-31
786,4011,-30
3306,636,-92
4636,3015,71
2884,3886,91
449,2083,-11
3311,175,-99
4586,1057,63
1906,1749,-98
4560,2763,81
4410,3469,48
3252,2302,94
385,568,-92
295,4419,-89
1239,1784,99
4858,2144,64
2817,4439,64
1099,2241,3
1738,2559,94
2190,1475,-45
2766,4103,4
1223,330,-38
3243,4179,53
3900,2674,-55
4324,4623,80
411,890,-41
3000,762,-69
2946,1024,-10
4787,1681,89
878,3257,74
787,1062,-40
2110,904,-7
1987,134,31
879,1126,29
1608,1965,50
2404,2040,-46
71,4189,-60
2311,2850,95
4402,3212,64
3296,3367,38
762,2912,63
4684,4870,-86
2122,2592,0
3583,4284,-34
4198,2184,11
1630,4262,57
4289,3549,-44
1086,245,89
2458,1180,-68
4396,4926,-36
3267,1779,-100
454,2536,30
2622,437,-92
619,2271,-69
637,1825,-24
2349,794,-56
4875,4269,-6
3037,1281,84
2250,1739,-80
2722,450,-78
2350,1955,53
4433,615,16
1995,4322,99
2821,739,3
1072,1632,-71
2032,4172,14
1250,3666,-32
1296,69,51
3557,1875,-27
328,870,-37
797,1394,62
2862,3471,49
4761,3192,-62
2794,3120,-46
3095,2116,-94
2978,3966,89
963,377,-62
1269,2324,47
373,2816,3
4381,1942,83
2569,205,-5
4903,745,93
4743,3137,42
3694,1550,48
1605,4421,-67
96,2426,-66
4370,2865,14
3942,3974,-96
1201,4777,-45
3945,671,-18
4880,3418,-94
132,3066,-48
3116,1728,71
1391,4027,85
1150,2933,5
3511,3815,-59
3648,1704,-83
808,3087,-95
4840,3265,31
51,4542,96
3209,54,41
56,692,68
3665,4100,74
744,257,-4
4539,3433,-48
2877,834,-80
80,2530,40
4473,2897,93
3941,1162,42
2967,3523,-2
3729,473,72
4537,2027,-17
126,1638,92
219,3549,73
948,2241,30
4374,2355,44
595,4855,44
141,906,-81
2894,1184,-97
3056,2220,-26
1631,3645,-86
877,1089,-44
4206,1193,72
2661,2129,-74
3391,3452,-81
4892,3842,7
2030,332,-22
4825,1212,33
2553,1049,-83
3612,4089,-15
1041,2276,-52
315,1635,51
3460,3606,-90
4173,503,45
3026,3570,-66
2947,1080,-46
3237,1335,-6
3681,4648,-73
4808,4019,-13
3107,4217,63
1538,2074,8
3873,4055,-77
1868,23,60
4950,1850,15
1162,2164,64
3921,480,40
3883,2355,-85
2757,2749,11
1913,2540,70
265,4865,-28
4429,1144,-51
4916,2334,10
1303,2646,-88
1195,839,-30
1527,1850,62
3605,3387,-66
4395,2853,-77
2249,2210,80
1159,1393,-62
4368,3257,46
4631,1960,71
3514,276,25
2079,4625,73
1145,1460,72
69,3332,59
3718,959,-96
3009,1842,-25
827,4060,3
1170,4146,33
984,3378,-19
4577,2525,-94
3978,488,-86
3335,2128,-28
2341,1941,-81
2016,2454,-42
1453,4015,-97
2134,3798,5
1040,4351,-61
4724,960,-36
4214,2564,-66
3467,464,-57
3027,1937,-94
4258,4132,49
2748,16,-78
4263,4071,-36
4396,919,-13
3496,1614,-81
3856,823,-69
562,2121,-4
2204,3392,63
3420,1967,45
1145,1882,-4
2700,740,60
1552,4854,-32
4022,3067,-19
561,3844,-92
1188,798,-59
3134,3211,98
3412,1587,26
1690,3731,9
4408,1778,31
2424,2532,73
1370,2435,-29
581,3918,51
977,4554,-29
4273,2470,23
4610,2280,96
2357,1368,-78
119,2768,6
1543,1398,82
4863,155,-3
3044,3187,42
973,1116,-50
916,3666,22
1438,3597,-51
587,1115,74
351,700,-18
4592,4201,-76
2563,596,-62
1871,1014,-33
273,540,73
2928,12,-29
4359,1944,18
3440,4460,5
3042,662,-88
3949,4634,65
1765,4410,-65
4291,1423,64
1771,1246,69
1523,580,19
832,262,8
562,496,23
3541,4226,-82
4137,4888,-64
1480,2137,0
4467,630,92
1206,506,-16
657,207,-62
3941,3432,53
590,3131,-59
4327,1855,89
4905,1661,-48
1372,2582,94
4575,4980,-51
3752,285,4
3760,719,96
2101,3989,6
1885,502,56
748,258,29
464,4906,-83
754,2598,-41
583,1923,15
2206,1240,41
4115,3295,17
4151,3014,67
4028,4618,91
4817,888,-71
3354,3455,-72
2809,745,56
3604,3437,-82
3914,1705,-11
1420,211,9
2168,4065,-43
2145,1957,15
2168,2527,-61
1561,1703,-92
1177,4215,20
1269,486,9
3588,2157,7
1167,2502,58
3576,3311,-23
2842,4608,-6
1871,1067,42
3930,4228,-67
2268,1816,-39
2887,2799,-27
160,3630,-44
2659,4057,48
3764,198,2
4735,3372,-47
1056,4316,64
334,4964,67
3597,1316,-81
892,2573,8
2988,4863,98
4448,1182,45
1363,3342,71
926,257,83
2444,2749,-84
2578,2563,-59
3981,1668,98
2406,2649,55
1420,637,-80
2876,2823,64
60,8,50
2525,1580,10
3798,135,-53
2660,3832,-42
4097,4926,27
1579,4121,11
4407,2513,-49
3106,4470,-84
708,2244,-63
1781,2170,28
2414,4868,-26
4954,4655,60
3407,3958,-6
2162,1233,-57
3540,3373,-13
609,954,-81
309,1539,74
4308,908,-32
2365,1681,69
185,1910,53
246,4090,-52
239,619,5
520,2789,-30
3908,1910,-83
277,2845,1
4029,4302,-6
4310,4679,-92
606,697,-35
4574,3405,-41
4604,4304,7
4054,405,-64
2713,2436,74
142,1511,-72
3662,4963,-38
2370,2319,-86
1718,4089,-92
4557,2485,-21
4766,858,-35
3428,3730,-100
2325,2393,20
1845,4069,-92
400,4283,-44
4764,20,83
2564,2421,47
1523,3027,20
1335,67,-99
2624,3134,-100
239,3558,-27
3216,786,-47
3648,2133,-82
1617,1430,-83
2430,1419,-77
3653,3691,26
1722,1548,-49
1273,4272,-81
3140,359,38
2879,1563,-28
1536,4387,87
536,2178,-85
949,3811,40
4959,479,80
2643,648,-95
3942,264,-76
1022,3743,-38
434,2957,74
1404,1562,-86
3512,1437,-47
2936,2006,70
4879,3141,27
4265,908,-87
4805,130,-67
3334,938,29
1603,3719,-81
229,815,5
4523,3963,-85
4218,3382,94
2197,15,57
2900,2038,2
111,3489,-50
1245,707,30
4160,703,-24
2686,4842,27
3802,4132,78
3868,4843,20
1378,2556,-55
1772,4742,-61
13,2987,-72
4335,3940,50
3262,4952,44
663,3339,-8
3093,517,-32
694,798,-16
3391,485,-35
1182,3675,50
3019,2712,-26
1505,443,50
1903,1654,34
4172,1014,70
329,963,89
1440,573,-67
3847,4454,1
4168,4717,4
225,1831,12
2521,3843,-50
3715,4902,71
2408,816,-31
811,3672,82
3118,2537,-35
4774,1211,-5
3291,3135,-43
4387,555,19
2252,2793,70
4662,4921,10
2530,4063,-40
4607,3766,65
924,4303,55
3053,1265,84
16,894,-60
3597,2173,-51
2404,2305,-11
4452,3164,-11
4926,4833,88
4011,3959,-32
2647,4384,90
1102,1239,20
2976,1818,-20
1091,767,-75
2907,2560,53
1747,573,6
4310,4464,50
1721,2333,79
449,2111,-13
3013,4742,4
3505,751,-28
1569,2812,15
3187,4457,97
3492,3555,31
2547,2419,-100
4806,2989,33
4476,855,83
1048,2851,-72
4635,3380,30
4849,194,27
4631,1578,8
4769,1481,-13
1065,4429,69
3822,747,36
568,4962,-20
1437,3088,-42
4511,4741,-63
4545,150,-59
4706,3866,-51
2706,4898,-87
2484,4978,25
4801,2329,-1
4830,1676,72
3780,2587,-68
4896,2390,47
2795,674,61
1861,3702,-34
3337,1361,-17
1891,3067,-34
4827,3147,-31
4292,3618,66
1098,3068,70
1639,2163,66
1659,1445,12
1126,4026,-16
264,2161,14
2993,3354,-57
161,4820,28
1257,1771,-4
4866,4545,-51
311,1703,19
227,195,15
273,575,-39
4413,2630,-98
1923,4687,35
3158,4644,-53
2339,389,13
1602,1753,-5
3719,661,68
2423,2833,63
1926,4630,-44
567,297,-16
2916,331,-11
252,3850,18
2355,4951,-23
3502,1285,70
4771,1079,-73
2312,875,-9
2116,3867,-16
1603,4838,11
3271,2686,86
514,2490,17
442,1586,56
1,3808,-63
903,2941,61
1221,4487,-36
2322,4469,47
856,1503,-75
1018,746,-74
2221,2613,50
4681,1509,98
3505,1771,-79
4551,3780,74
196,1962,95
4695,1596,0
1333,4781,-34
4652,2534,93
1518,3659,-32
4535,466,-19
2698,2070,-3
4455,2444,-86
3108,1233,25
1058,145,13
2706,2353,3
2064,1808,71
2793,3049,-50
421,4043,92
4649,4140,52
2815,4203,88
2841,4246,44
1032,1288,-4
1492,110,-49
4976,4846,-43
1886,4820,84
4948,2791,65
510,4424,-32
1860,862,22
1859,461,-64
914,1105,-26
2066,744,7
2967,2411,61
4890,3793,-66
3838,4994,87
1597,443,-62
4443,1834,73
1056,886,17
1024,3605,43
3205,4357,-13
576,4376,58
199,3222,-87
1366,152,-54
1999,1597,59
1017,1672,6
3619,1535,-24
26,1566,1
1559,951,-84
3725,2915,23
3459,2493,23
3357,1342,83
2368,732,63
471,4334,16
2468,539,69
4747,769,-19
886,2857,46
876,3726,34
942,2122,-46
3042,1735,57
572,4392,-25
4150,14,19
605,4708,-72
4421,3675,94
3530,4491,61
4981,191,61
4361,2865,-15
382,4103,-99
1237,1105,54
2381,2813,-54
3780,652,-1
2106,1381,-44
1518,802,21
1534,4545,44
3295,2122,-3
3441,1985,53
3490,4141,24
3946,1553,37
4643,2793,-62
871,2724,-92
2151,2023,-76
3233,4671,47
3232,1431,-86
3767,4189,12
4961,2514,-10
3208,604,38
4494,327,43
4488,3839,49
3827,2776,89
1613,3640,51
1078,591,63
1301,1439,45
2159,3571,47
2272,851,-93
2530,440,-86
3261,2996,-24
364,4424,24
846,1666,-23
3033,2909,-54
1328,1258,18
3163,1545,51
392,1906,-54
3256,3680,-83
2060,1816,59
3238,2277,69
2047,3317,-5
4242,1451,64
1306,2048,-68
2895,4840,28
2033,3545,-9
765,4907,54
499,3635,-84
3369,174,-55
2945,1099,-22
3805,1123,-6
4214,2561,61
4461,2043,-98
136,3779,-45
1101,2177,39
1872,2422,-75
4034,4332,51
4114,4838,-41
4013,3773,-43
205,1693,90
4595,291,-93
2372,3932,-75
4691,1419,9
562,1989,85
3315,568,65
3961,3039,-52
2527,2346,-58
2212,3144,86
2372,2304,-80
4736,309,40
2682,2139,-2
2807,2197,30
3770,462,-12
2256,4731,59
4411,3821,-80
901,4733,-87
1751,646,35
4900,4614,-94
3296,1397,-2
3160,3269,86
1453,4286,29
1244,3875,-32
2323,4175,71
1671,1571,-35
2028,816,-83
1769,1906,43
3664,4168,-89
2303,2091,7
1170,4899,-41
4711,3205,-47
2433,3871,-61
387,1130,70
2431,2056,49
3349,1798,-97
1406,3415,-80
124,2485,50
3998,689,69
3453,3464,-10
3897,576,-60
1625,4996,43
1182,3011,-5
728,3903,-65
3885,4816,21
3671,4322,-84
1142,3871,81
2376,2840,-10
4032,3075,34
359,4641,17
3743,2526,68
2845,3482,1
4539,2018,-39
2212,3379,17
973,3286,-17
361,3102,-44
2633,4515,-2
3191,3609,-68
4949,1052,-75
1625,4705,-13
3929,87,-77
1757,3098,-70
241,4809,-74
4762,2440,-52
976,1278,-28
4319,520,93
2314,387,97
1306,14,58
788,4187,52
2429,3476,-85
556,3577,8
2110,4,33
4943,3070,-14
2650,3291,10
1560,3660,20
4236,4892,96
1364,3939,44
3960,4312,-92
590,1603,-11
1750,4800,89
541,4827,-88
2423,3974,34
291,2543,-83
2091,1643,0
3936,1490,-56
3959,4059,51
3860,3234,82
1256,1696,-69
8,1387,-94
1658,4793,-81
4579,1198,21
4429,2286,46
1257,988,9
3951,3990,89
1040,2960,-87
2117,1262,59
685,4726,-92
4019,1256,-1
1798,588,76
1825,1541,-11
3535,794,-8
63,3917,-85
261,2021,51
3572,119,57
3193,1214,35
4954,614,-22
1489,4582,13
1131,4418,37
4276,4235,63
355,3474,-77
2775,3298,35
589,1290,-100
605,2381,-27
2229,224,10
174,4668,1
354,2824,60
3291,3015,-70
434,2641,-24
2953,4905,-39
259,987,-66
868,1024,71
2607,1544,74
3646,1273,59
596,1780,90
394,1701,-79
4432,3931,34
2111,2235,33
3865,4345,68
4140,3199,-89
2201,3160,67
3998,3984,96
3854,1024,85
4950,3840,30
3755,826,-1
4371,2737,-58
3430,3407,-27
4522,2775,-93
4579,4633,40
214,492,83
2127,1860,46
139,2340,-78
4194,592,-58
3961,2735,-77
664,1493,30
2833,948,41
1074,1576,60
4575,683,-14
4023,629,54
162,4689,39
1501,4483,-55
3179,4748,10
4491,2241,98
4897,3755,-55
186,101,-19
4654,1094,43
1981,2492,-43
4542,3773,41
3989,433,-16
830,537,70
3520,601,-76
3512,1667,1
3329,2756,42
3349,319,-27
2486,4942,57
4612,1863,-57
1226,3733,36
4852,1528,-9
2845,71,-19
2734,444,38
4421,4695,1
3997,387,-35
2671,1870,-79
4783,4649,-14
1499,2012,47
1689,2922,8
2448,3352,56
868,280,-11
4313,771,90
3009,954,-60
3525,4425,22
2013,1560,11
240,2498,-8
48,3447,-18
4050,3368,-53
3458,3548,-74
3280,2441,-7
3229,109,58
1249,4455,-9
1168,956,52
3491,3361,76
4971,3490,97
1898,318,91
3537,341,-45
2180,4445,34
4721,2075,-31
1971,638,62
4697,4497,-80
2721,4464,-54
2382,2391,-41
1944,3989,11
3147,5000,44
3484,3194,-11
3697,3937,-84
2826,4282,98
1828,2367,52
223,3003,61
1747,4690,-75
530,1566,-95
134,793,-91
3804,3705,-20
4487,2401,30
102,355,-42
3724,4202,11
2729,3896,-21
2546,4514,96
2559,4018,-53
3042,4738,50
2001,2253,-10
949,565,32
1569,3454,83
4937,1303,65
2054,1751,-25
3006,2591,-16
194,258,-94
742,1596,44
3907,1047,-92
2960,2233,-12
4569,2595,73
2264,4078,-64
3421,3585,34
2924,1641,-84
3255,1712,18
3240,49,-60
3866,168,-37
38,1854,-18
1699,3855,-44
4567,3742,-56
4027,2069,-28
3214,392,8
1784,2951,9
1967,1450,35
103,229,9
42,3253,8
2995,352,-10
3219,2273,-14
2991,4038,37
4289,234,81
3370,266,93
1062,858,-57
2550,499,-53
1677,877,-30
3690,2259,-99
3998,4195,-21
326,1645,17
1121,2393,-95
108,3325,-21
2679,2952,-12
335,4620,-56
2040,2648,-91
804,4952,36
1849,2257,-69
767,1433,-99
3528,481,-80
2307,2971,30
2830,1666,-8
1489,329,20
4130,3255,-78
3567,417,64
2374,2302,99
837,945,-65
3310,2053,-87
3613,2351,-86
4835,980,-66
2792,1657,19
4213,2655,-79
3984,1452,74
3769,3012,-65
1505,2784,-86
2451,4004,20
3045,1587,-5
2034,390,85
1700,3729,58
2281,850,68
1308,819,-1
2528,3636,-12
3839,4108,-27
976,2655,-75
2057,3955,-71
4811,4107,21
2427,490,2
3675,2320,39
2429,2929,-70
4940,3164,8
3734,2935,10
360,1147,10
2224,2824,-19
485,2506,-99
1429,812,-23
2081,56,47
696,708,85
4661,1010,47
202,4119,-67
3858,3849,-41
1199,3317,-67
1268,4868,64
2971,3490,94
74,4327,26
96,4306,-82
4269,1401,-49
3478,1194,-57
2203,4995,-15
258,1498,54
3659,1251,-63
4426,873,-9
2807,2411,48
4257,3551,65
186,1579,-88
143,475,-8
3354,4291,48
640,3567,-59
3750,4049,-5
2075,4625,-53
3969,271,-55
202,3552,13
3093,4586,-23
3166,4458,-44
3080,3884,-49
4568,2620,-79
2103,995,-84
911,769,-4
1572,545,1
3449,932,-75
2160,91,66
4326,4334,-30
2545,851,90
1330,2969,78
3614,4873,57
461,3078,-60
807,2660,60
3700,634,-51
2274,3229,90
59,1225,66
2476,1249,-73
4824,983,45
1156,2511,-27
498,3851,86
4326,4759,27
4429,3994,-35
3977,990,13
1608,1617,70
721,425,-88
1275,1431,-100
3868,1636,59
691,4201,-12
4024,178,-91
4153,3777,42
3438,720,26
2356,3129,44
750,4505,90
3052,3002,-47
4774,2790,50
3565,654,-30
4656,2623,-51
1705,3557,-42
3446,3393,63
4445,4404,-95
2378,490,93
3232,1345,8
2216,608,-69
886,3592,-48
865,4120,7
3495,753,-32
3055,3049,-18
786,4445,-99
457,4121,-58
345,3462,-61
554,1015,95
788,4695,-97
1820,1769,-26
705,4897,73
4908,959,4
953,1592,47
815,3262,21
1549,2589,-87
144,2539,-2
2778,791,8
3767,4268,41
4959,4017,76
3826,4395,30
1217,3099,-80
1808,648,-40
4471,4844,-99
4773,1476,48
2740,2061,-91
1290,1124,-10
556,616,17
863,1285,46
2486,2326,80
4977,3138,-25
2356,3673,76
966,2856,-21
2396,1624,-93
476,3450,84
1339,2704,0
525,1141,-12
2572,2831,51
562,499,-54
3703,4683,-19
4665,1104,48
1206,3090,23
4034,1753,-93
3848,4015,46
4202,614,-71
2239,3048,-10
1161,644,53
4796,2869,47
3826,4154,15
72,1136,4
755,4693,-23
3853,3700,72
905,2363,-37
52,162,-71
2622,1822,80
3191,4420,77
3949,2766,89
1288,3403,69
4781,2628,55
1773,3994,-43
3903,4995,-70
3921,4856,-11
950,4598,-1
3139,57,27
2417,3238,-42
2280,2345,10
1426,4903,15
1585,620,-89
1047,4875,-56
2166,4875,-35
4024,2614,3
1177,4262,95
2161,2836,59
1032,666,68
3289,128,-3
4527,3558,82
1316,4172,-32
893,4983,-96
107,635,-38
3081,3609,-97
745,3690,14
622,4711,-60
4241,986,39
821,2574,64
412,1157,-3
114,4537,-46
2447,3869,-56
3347,244,55
4220,768,-42
86,3218,34
4143,415,87
1573,3284,80
2006,4345,67
4080,3107,20
804,2887,24
3335,862,-49
3350,4915,-90
1070,4958,-5
2670,3358,77
4142,3934,-51
2772,3765,-5
4636,210,22
4183,2158,-53
1409,2378,81
3741,2190,33
265,676,-51
3849,1356,-19
3094,26,30
4799,2694,-60
1474,1651,-73
4282,2959,59
326,4458,66
1207,1683,98
4493,4456,90
1505,1967,46
3535,3287,28
1441,996,60
956,77,-68
555,2143,-90
3255,957,87
4140,3045,-73
4997,218,89
4578,3947,-54
2037,2416,44
1287,3346,-27
1198,1468,-29
4662,4783,36
2268,2873,-18
3630,33,13
3466,2920,-93
772,3488,86
2457,425,-32
471,4883,-23
1371,3079,-56
3133,4835,60
672,4863,6
1175,1818,-63
111,3927,90
3560,4019,39
1027,4295,-34
3555,715,3
3234,3208,56
4440,3981,49
1473,4384,61
2380,2025,-31
4873,3874,-2
2972,3730,66
2382,2615,43
3291,811,58
4754,2456,76
1834,2031,-57
454,1786,-55
741,1973,28
2381,717,21
2358,825,-57
1444,1728,-17
3681,2233,-14
1749,763,-17
2402,22,-5
4920,2260,-55
3172,4562,-29
4241,3306,80
2007,4268,60
1787,4893,72
1410,1542,91
1763,4340,-7
910,421,30
761,3545,51
3241,4437,58
2690,1984,-30
531,123,-61
1360,4968,77
3819,434,-27
2028,4166,-86
2561,4747,18
2178,3483,-80
1538,2885,-80
1274,2639,-41
2782,3878,5
947,1616,-36
1299,3809,48
2512,227,82
2189,536,-32
882,1123,9
1848,4366,-75
1976,3535,-26
4269,659,-46
4569,3108,12
2965,2322,-55
3064,1167,89
3129,4992,-31
498,1972,81
2217,17,31
989,1904,72
2609,1613,-47
2476,3707,80
4515,436,71
1371,4072,-14
3589,3456,-5
2503,2005,19
4810,4954,-65
179,2734,-67
1930,263,79
2549,2442,33
4835,808,65
112,2513,-15
3220,358,-68
715,2402,-46
1402,1275,-78
2925,4472,24
1382,989,-57
3128,18,-1
4909,1739,-73
3012,2764,-37
1209,2998,-53
3126,914,-42
37,566,-42
1829,2913,-58
3061,1353,70
3342,1472,40
3942,3164,-29
810,612,-58
3073,1063,-88
4119,436,62
1527,648,38
3520,2410,48
4892,4018,99
496,2610,5
4996,83,53
425,1790,-7
2748,1051,-51
2066,3839,-52
1983,4117,2
1469,2742,-11
3801,798,-10
1234,2527,-15
1798,4752,-88
565,763,66
3020,618,82
1305,3881,-94
133,4807,70
449,4433,-59
1831,3864,85
2159,3687,39
3627,768,-88
850,3186,-89
3963,1021,-63
1481,3494,-98
901,1078,99
4855,3260,-39
1540,3611,58
1900,1776,99
2945,2879,-64
4958,1891,-77
3245,1627,-9
515,3619,-33
1592,4285,-37
84,1572,43
3743,4966,-83
4894,3676,-33
2128,1592,67
1602,2627,-43
4618,1193,22
1223,4774,-56
4330,4248,-48
1843,1129,-74
2292,3439,17
1590,1116,-65
2897,4809,95
4489,4901,-1
9,1909,40
4709,4528,78
715,3753,75
1928,1329,87
110,4124,5
4930,1312,0
266,4451,10
3224,4039,97
955,1863,78
1350,2005,-87
1575,3616,70
2224,2726,-98
3832,2184,52
3256,154,-67
1059,816,97
1958,1120,83
4945,3269,92
3148,2156,87
2520,1210,-53
3654,454,-29
2571,1107,46
2928,2797,4
3888,4545,-66
888,4417,-4
745,4374,8
3515,2660,8
2931,1038,-68
2680,3334,69
176,414,14
566,2542,-47
3218,4143,-62
4358,1940,9
4627,656,91
1395,4045,65
1221,2480,-63
948,3862,-28
585,1348,79
2863,1317,11
1621,3607,0
3356,3839,-54
2350,4059,25
3192,316,-36
3208,221,-1
2577,2262,-59
532,845,1
1232,1515,-46
1994,1109,-42
1698,1731,93
3371,3186,-27
1546,1239,81
3166,2925,-50
1438,1191,50
371,4383,38
4505,3567,-65
617,2432,83
4167,2895,-59
4015,1457,1
4180,1110,-2
2257,1931,27
4355,3117,-88
3311,623,-2
932,2338,-49
2330,1931,57
394,2745,39
2466,1259,48
3278,4502,39
1930,1969,-39
626,3296,19
4658,2024,-8
2880,877,66
3167,2245,-57
3423,2527,31
2110,3590,58
1166,4404,51
2782,345,69
1892,3673,22
3183,3069,76
1640,1914,-11
782,2446,47
4693,785,35
2057,1488,60
2324,4892,95
2275,3849,65
2234,450,63
2639,1428,-53
3288,2596,35
2481,2277,-41
2617,244,-77
356,2113,-84
4488,3309,-36
4675,946,66
3347,1027,5
3523,1524,-46
2468,3109,-24
164,3693,-40
3635,3050,-70
4734,3322,0
3664,3307,-73
3255,4239,-69
3382,61,-94
2065,4175,-87
4266,3399,-28
3985,2415,81
3888,3779,-31
340,3607,78
4822,390,-71
3782,4617,57
3591,1676,43
1934,1778,50
1646,253,58
4229,3167,-89
2688,1715,-98
4919,2051,-34
2127,696,65
4442,2094,-15
4705,4749,14
639,2573,7
1225,1506,43
3706,3669,-19
3911,4514,-97
4246,2744,-81
1550,4655,-56
4146,3278,40
1506,1299,-6
4431,4691,29
1376,3251,-7
668,2915,-70
2375,3869,-73
4091,2265,-28
1016,3793,-42
336,2881,38
4762,2854,62
81,3708,-52
2135,2829,71
1800,216,85
258,4566,78
185,180,17
123,2687,-84
4701,377,25
5000,2729,31
3515,1828,60
1395,3227,89
2353,2328,-20
3220,1503,5
1309,4945,99
3945,753,-11
1942,3170,70
491,250,-17
1055,2821,-59
702,4737,78
2935,890,65
4696,4867,70
1135,4003,-53
80,3724,-59
836,3087,84
652,2744,-47
417,4577,-4
3681,1757,44
3867,2623,78
746,1777,36
2003,4581,-93
240,3405,90
2894,2075,11
1945,3097,9
856,1086,83
3516,3730,-31
2647,4329,36
3195,1488,10
4516,349,10
4805,414,-96
2599,2454,-29
1354,3453,-37
2036,2564,79
2881,1010,-66
680,4383,-41
487,782,-12
3621,3080,-1
3651,4453,-62
4719,2629,12
1439,3976,33
4315,2187,-13
1485,3320,18
691,1207,48
1013,3797,63
4543,4519,-83
2348,4493,11
3709,305,-100
4471,3455,-84
1923,2274,96
638,851,20
3009,495,13
2234,3556,33
2126,2675,-43
3458,3431,72
4290,3150,-29
3175,3348,22
3689,3950,23
1400,505,-53
2335,4703,77
1506,2655,-45
250,3407,36
536,3518,89
3533,2705,20
3550,3765,-70
458,1580,-36
2739,1762,4
3370,4133,-40
4136,314,37
3697,4316,80
3412,2688,25
4070,1719,91
3388,4500,91
3186,3627,77
3239,4575,92
261,824,-24
1248,4316,41
3334,2415,-78
3323,4780,26
2574,3821,55
126,1970,-8
1230,3104,-43
3212,3067,67
3134,1760,91
1307,3126,-4
2102,4053,29
136,2282,70
2378,4925,-89
1460,4839,3
4232,3035,-9
813,1124,-66
852,1235,-27
1745,675,10
1939,2703,7
871,2306,20
635,1269,96
669,3222,90
1294,4720,68
3089,4195,-37
269,3795,-83
861,4079,97
482,2060,38
3291,1250,-36
3391,4030,50
1262,2861,-97
2333,3514,-94
103,3220,68
3795,179,76
4888,2200,44
4335,4931,-26
2693,4678,-46
3672,4292,21
882,2530,-74
2236,2256,39
4984,936,74
3035,957,61
4890,2474,35
2578,1086,15
676,4663,-78
2440,3435,-75
1682,2666,61
1277,2993,59
4768,1102,-95
3248,4983,92
4935,2977,20
3649,284,-42
1313,4472,77
1074,3791,95
4100,2820,-93
1655,788,-61
3748,4469,73
4089,857,-17
1894,1699,60
1286,2681,-43
535,2134,15
3448,4195,30
1380,2422,-22
646,2806,54
24,3932,-36
4653,625,-44
4452,4179,62
4966,1601,79
4671,1,78
4125,4782,-84
365,4346,-49
2656,4506,75
409,1410,-43
1315,3868,-25
219,4586,2
4704,2971,-75
1540,2588,-74
3434,799,-77
4954,943,-20
1603,3463,38
2705,1328,-15
3649,695,35
1106,3417,75
3412,4231,-69
2489,186,-72
617,478,5
4322,4097,-5
2419,2898,20
28,3016,3
3056,3816,32
16,1686,76
3349,992,40
333,2750,27
4579,4366,-12
4662,2946,-59
2162,3399,-91
2086,195,53
4550,2303,-75
3954,79,50
2790,3947,71
4262,1122,-25
2253,3222,-62
4974,786,70
245,2862,-49
1895,447,22
1357,4219,-43
943,2724,-25
3468,1582,-1
3193,359,59
1746,2287,-83
4506,1766,-59
2358,805,-99
3880,2731,87
3778,4765,-68
2116,4063,73
2268,143,-42
2268,2235,-1
1497,3560,84
2797,2170,89
4482,3422,90
930,1124,-28
3325,284,58
4501,384,66
4588,1579,-16
357,3873,-79
4311,2946,-84
4065,4283,30
3842,624,-69
3931,545,-68
4848,914,91
827,2138,-91
666,2544,-96
2029,3733,-33
3692,3996,65
2583,1748,1
554,2164,68
328,1044,-28
1189,2180,88
150,1316,42
4753,1378,-49
2854,3309,-93
1937,223,83
4389,4532,-3
2737,4423,-71
957,2154,-27
3249,2700,-23
416,3321,23
3455,567,61
2646,2043,86
3775,630,83
85,2736,40
1936,2518,78
1417,725,-42
1071,4361,-39
3413,4049,-72
1522,2899,-8
1502,1465,-39
4092,1308,34
2474,1955,71
736,4795,33
2839,154,-39
2563,3512,-33
3907,4067,97
1273,811,-84
4837,151,76
1863,2223,51
4227,1079,39
1764,779,-44
4419,4250,56
823,3969,-13
543,4597,-39
2766,2554,-3
2079,4245,-23
885,4104,-74
4287,4689,32
3650,4565,-61
4511,4547,74
3572,3679,36
3934,4224,43
3667,3706,-88
1722,3359,81
375,853,42
558,4183,52
1281,3966,43
3424,4630,-57
1129,3324,15
1361,4920,17
3598,4475,-6
1101,456,-54
1535,4414,60
2626,230,-17
4128,4604,53
1632,4886,-61
58,3478,-30
1128,3359,72
312,760,5
3718,1791,-6
2002,4542,70
2738,1367,99
3878,325,-78
2283,877,-54
3184,167,-57
1432,3665,-19
3126,581,69
4898,4935,-89
4335,1800,-7
1776,1110,63
1319,3628,-22
4208,2854,40
3160,1173,-20
1329,772,92
4386,928,19
3975,2909,0
4678,606,12
4466,3907,-74
220,4101,47
3303,4095,-83
2867,1002,-37
1897,3974,-92
4445,414,17
2303,4811,22
4548,2015,-76
4185,1488,12
4967,783,28
3727,527,-42
2043,1,63
523,271,-83
2708,2532,-54
2999,1072,-22
3922,694,60
910,2888,-79
4538,3579,-13
4134,1996,-36
1881,3578,38
3280,1710,6
4306,2100,53
2561,470,-11
3073,2291,97
3827,337,90
4477,756,-63
2876,2602,25
2907,1720,-52
4490,2100,4
4492,413,44
545,3613,-44
3098,3281,-87
3626,4104,-18
3506,2994,-93
1085,3463,83
553,247,-78
1154,3779,-57
3939,412,-35
2246,3368,-98
1687,4331,80
694,2690,40
3791,588,-32
498,1469,-19
2096,233,-100
613,1887,-80
3968,310,-18
376,944,-45
806,908,1
921,2749,29
4971,2526,-70
3605,1601,40
1444,2100,-87
1546,546,-25
1211,2349,84
2081,3824,-88
4688,2689,-13
2149,3315,-6
1509,4452,41
914,4931,13
2781,4973,-7
390,1842,54
4050,1637,-1
4256,1676,-31
4988,4833,25
3626,1791,17
1071,3145,26
4792,3521,87
4854,1842,-31
2571,156,42
3738,934,-45
2780,576,-13
339,1334,89
1977,3108,-88
3437,4344,34
795,1452,8
1723,4549,48
3220,940,1
899,3460,1
103,1094,41
2860,3942,-98
4189,2502,-38
1448,4363,70
4215,1462,8
2033,2414,-89
4033,3774,-46
3061,1211,86
1535,3299,17
2848,61,47
3210,2216,23
4571,4251,-10
3464,2832,-32
435,4818,72
1258,4103,-46
55,4619,86
931,251,-26
2800,1600,-41
312,2168,88
957,3141,-59
4084,1286,71
4853,1788,33
2513,1469,-32
1264,4034,-79
2748,1503,-36
2783,1255,-17
1094,4320,-13
2787,4815,47
2816,2901,-54
3764,3438,75
4036,28,-77
4840,901,-29
2324,849,-3
233,101,-62
2102,2106,-46
4353,4511,15
2029,3241,82
1930,3318,97
1459,1489,90
1649,1454,-24
408,1802,7
3341,4517,46
1978,4117,-43
2414,4732,53
4938,3441,0
1761,4560,-10
3598,1516,-13
1379,3922,74
621,3167,41
930,24,30
975,396,96
4488,1428,26
4448,3205,41
2854,1014,-93
1690,4518,-86
4672,4227,72
4619,420,72
726,3350,-98
162,3966,8
659,4871,38
2898,1427,-92
4620,4271,-97
4100,464,12
2543,390,77
1579,136,-21
3995,2457,33
1075,2272,71
3206,601,-96
4045,619,84
3434,1577,-52
878,3770,-18
1092,2926,-32
3060,9,55
1675,1204,19
1609,1722,66
2827,594,61
1218,3761,89
3053,606,-89
314,1470,96
730,1696,-47
4040,1307,3
384,1688,-21
1813,3984,-28
2325,3727,64
3430,1049,60
2746,1736,76
1865,4329,-100
3292,3360,74
4847,685,64
228,2339,36
2065,949,-83
12,3431,1
1523,2672,-16
692,305,71
3706,2398,14
1740,2001,97
1526,2527,-38
70,4226,-98
2249,187,11
3124,1565,45
4725,1910,64
3331,2283,-81
1288,278,-8
576,1483,-65
2173,4883,-97
4955,1878,19
745,4461,8
2528,4564,-23
3074,1649,-84
4211,1925,84
4577,2699,-52
1025,3800,8
942,1298,80
768,1352,15
2439,2909,-91
834,2232,56
2191,2029,19
628,1218,22
377,272,-25
3887,1324,22
90,2244,36
2856,2953,-11
1066,331,48
1059,3558,-100
3060,2668,63
4073,2547,-95
2601,3472,10
4220,1828,45
2105,1836,0
2854,2129,99
2656,4957,38
1516,3937,-32
3018,2174,48
4148,3710,6
1574,130,5
2537,1559,-92
3927,2262,-99
2053,3201,12
3797,3725,31
632,3534,-11
1862,1804,-89
3953,3129,-18
1233,4694,-18
2265,615,-8
2048,3411,-62
536,4519,87
3534,2382,61
4826,1865,-42
3098,1953,27
1276,688,-29
3074,3928,33
1026,4243,59
2052,3508,-73
3622,2060,-26
4564,2909,-60
201,3305,-29
4404,2210,-13
3324,1618,54
3359,4043,-48
2972,1900,22
4979,2035,-90
586,3572,-14
3346,3974,49
3855,2953,-96
4605,4648,11
3425,726,61
4101,3504,-39
360,3528,58
3670,1178,-54
4310,4086,-64
3478,3410,10
4659,2341,-75
2813,2484,-58
45,4262,-40
2751,3042,65
634,3524,27
1211,4880,59
1750,1560,-32
3242,401,89
2769,4211,25
594,4447,26
1425,3332,52
1927,2866,-68
857,4972,-37
552,1250,98
4139,614,43
2889,4227,76
4275,1955,-8
1481,4277,22
607,349,-86
672,2519,-81
3316,161,-79
17,114,-91
2874,1486,99
2595,1629,82
2485,4239,-5
616,3684,55
3206,2499,36
2850,1996,-70
4408,2110,-5
3808,596,-27
2073,940,84
525,1300,58
3174,3751,-26
1474,1153,70
2426,4460,-27
4984,2095,36
3275,3017,-59
3339,1398,-27
2008,2870,77
4558,4756,64
2413,1161,98
2152,796,-17
3183,4131,99
428,2918,44
4565,2540,75
1015,4354,-99
1605,2435,-59
870,4366,5
2728,2001,90
2853,3119,38
886,2742,26
2609,954,83
1274,1726,-28
4427,1511,72
1956,1587,72
587,1742,56
201,2459,61
4550,2893,96
3618,1975,-6
826,1393,-11
111,3338,20
2912,2833,-81
3900,790,-29
908,300,-31
3716,3851,45
3690,1322,99
555,4470,87
1904,2110,16
107,2386,82
3337,3447,-49
2535,4570,-76
2227,4208,-35
3294,619,-73
1394,4891,-12
2685,883,-81
2836,1704,-31
167,2796,-64
2711,2420,-85
3625,4692,62
2348,3829,82
1405,508,-1
1526,2036,92
4410,1418,-23
4912,2861,-87
4839,3580,-77
2775,2386,-18
826,1287,-63
1125,926,-19
569,229,-92
1959,1769,20
3740,2422,-42
2110,4913,-50
4465,3257,8
4190,4965,-50
4095,4543,-82
2931,3153,-39
764,4894,-91
3361,1234,65
3451,3036,30
2148,2597,75
3396,1310,68
4425,469,44
3720,2417,-14
4802,3796,-28
221,854,96
1862,1124,-18
2615,1621,-8
1022,3032,-86
110,4821,5
4245,3975,-1
3849,3030,83
699,1471,-25
108,2462,-23
389,93,42
425,1277,14
2495,3722,-6
2966,4657,32
2704,1657,-57
2000,3111,-98
3576,4642,-54
1528,3430,57
4054,4874,-89
2027,188,-86
2369,4704,65
2767,4771,-73
1856,2346,76
447,1104,-14
1598,2227,74
210,1281,-26
849,4314,-7
1652,4094,-89
1917,2315,-47
3530,1341,-18
1919,591,-69
577,679,28
689,616,43
790,850,-90
1356,2008,-4
1688,4823,-46
350,4171,63
2718,2785,-71
3540,336,-33
4522,804,-45
4423,4951,87
1130,363,-12
4351,2022,-3
4540,2570,-84
4209,3031,60
4785,2076,57
991,3387,-88
1874,905,39
4142,4459,23
4853,2086,-69
1377,2712,-14
1227,3705,-8
564,144,-67
2888,3650,-18
1341,3269,-89
3738,1070,-97
1438,2186,-12
95,2538,53
3297,4437,-19
949,302,91
4649,2166,27
2693,1761,57
4162,4247,21
3282,2655,61
1498,4868,-68
4761,1449,58
2732,632,-45
2744,362,-39
4276,4192,-70
2882,4388,-77
202,2075,-32
1499,4401,78
3087,2771,92
3114,2918,-3
2591,769,-92
1949,986,-93
3605,205,6
3964,867,63
694,2626,-8
1720,662,-32
3934,679,83
3733,300,-55
2660,258,37
1722,2763,1
4052,240,-27
2292,3301,26
4200,3546,38
2699,2266,15
3375,2513,-93
1011,4291,-33
1042,4452,45
1558,4661,27
1208,4404,21
1681,409,-98
3622,521,7
3353,2533,42
1679,3885,87
3597,1877,27
2746,2742,19
3546,3533,99
2994,651,-46
781,2845,-31
946,2159,20
3429,2652,-1
3099,2268,-69
548,1029,-95
2208,1556,43
2985,4765,93
2591,513,-85
2175,1236,-87
1798,119,-39
1881,4481,45
3057,260,-93
2258,1199,32
2198,2150,-13
31,2433,-60
612,960,10
4398,2949,-42
3011,566,-92
2913,4103,-59
3803,4964,-83
2813,2380,-55
683,3451,22
257,445,75
940,3540,-73
2895,2709,-64
3186,2336,-27
777,1036,-81
2733,3045,65
732,1287,68
2043,1459,11
970,2221,23
103,1631,89
1084,4028,47
4863,3117,50
3071,2955,-51
3749,4833,32
372,4513,87
679,264,-28
202,4200,-58
89,221,25
1997,334,4
4495,4514,-65
188,1325,0
4748,2683,-98
1555,961,88
4683,1481,81
230,436,-65
3553,2442,11
55,43,-56
4367,966,-1
4032,4107,56
1124,216,53
3141,3236,35
3371,4321,-28
1553,2706,49
116,773,-32
3614,1823,71
4419,4112,68
2611,3156,63
360,3281,57
28,58,-52
3838,4947,8
3534,3690,18
1419,4744,-84
4040,1844,57
2917,461,23
1295,3661,-97
3630,969,62
2076,3816,-17
4840,2740,44
3678,290,34
3154,3286,2
1779,1121,16
4676,733,-39
3895,3577,-43
2499,3783,71
4529,4672,-43
374,4938,80
2266,2792,5
1132,2039,-29
1843,3519,36
1574,3856,-95
4445,4059,-82
788,4436,-15
1546,3518,10
4122,2157,47
4955,2878,-37
370,1068,54
4980,4438,34
4375,3051,17
1703,3921,-77
1658,1128,22
1929,4068,-93
4056,991,-34
607,3487,-90
2577,4728,-1
4125,1426,-35
323,1458,28
1877,3455,-94
584,1052,-77
2810,2588,39
656,3258,-38
4882,2243,-29
223,4868,40
2123,872,97
2221,128,-13
3551,106,15
2443,1407,-77
4929,3795,-63
3986,3421,98
167,2362,-91
2017,3595,57
118,1001,-13
1810,3432,-74
2207,4480,-71
1251,4113,27
4007,1394,16
3110,1872,-99
4559,1090,-93
1672,4982,44
2152,4167,-53
2298,3133,-37
1037,4540,88
2615,3017,40
1880,2531,48
597,3316,6
621,3893,29
71,2565,26
1804,1394,-17
4534,3093,50
1068,2746,-85
1926,721,40
1038,4327,31
3443,3598,-99
3184,4960,13
1403,3766,-36
2362,3150,-75
1439,3881,-71
3812,4659,17
485,4865,-63
4265,290,47
4899,4019,-76
246,395,24
4945,376,-49
3372,4878,-18
1351,2140,-10
530,1975,37
4943,2459,68
3815,4502,-40
1789,2680,10
1703,3610,-99
3626,2201,-20
3321,4397,34
760,413,-41
1404,1379,88
798,1094,-21
532,4687,12
1918,711,-74
4960,3451,-100
4138,3487,-15
3417,4893,54
599,3500,-21
306,3228,-41
4905,1612,-48
2910,731,-65
679,610,51
3385,2341,-66
731,1468,-68
2026,1559,44
4999,2520,-32
4229,230,62
2767,4453,6
2099,541,74
392,2875,-3
2744,936,-5
3785,3093,-12
3838,3647,-42
4604,2693,-40
1686,4623,49
2915,3070,-74
1419,4719,99
4192,2899,11
4202,3408,-11
4091,4520,-86
3727,1899,63
4774,4,8
3630,4565,84
3314,4760,-60
4952,3626,72
4886,2935,70
4611,4634,-89
1085,2408,95
1008,2568,94
1318,1097,-5
2350,1986,-97
2694,3150,92
2279,1358,18
3723,79,-96
3694,1575,29
4393,1606,-55
4551,4252,-26
4336,4976,25
3248,2987,36
3135,28,35
2599,1911,-43
2186,4706,2
4053,1353,-38
4550,3735,88
3825,419,42
3521,4118,-28
1250,261,69
2075,2108,77
2505,2985,-7
4791,4292,78
4806,905,52
2015,2227,49
4945,3854,-79
949,4421,-7
107,568,16
2492,779,-27
4693,926,96
155,3239,96
3241,3480,93
796,1616,-37
4368,1850,49
1571,1944,40
1635,2371,54
1939,42,-54
1533,3191,-10
3029,4670,-80
4218,1821,-70
1441,441,20
1399,104,-63
3647,569,-62
3398,457,63
4246,311,-1
4803,1908,92
3043,1708,-90
1616,3456,-32
1514,1692,-67
2599,4503,-96
845,2893,-81
3420,581,-38
3531,2016,-56
2328,4056,69
3041,2645,-88
1977,1861,36
1836,3685,32
4900,3876,65
355,3292,-7
1606,3232,76
4474,187,-9
3196,2944,0
2128,4028,55
988,1623,20
4329,2512,23
154,2378,70
907,1891,97
3764,4586,68
1621,280,71
3629,855,56
3575,398,-33
4419,4524,-76
332,3504,95
4339,4471,-87
430,3872,86
2424,3796,-39
81,632,44
1574,3037,16
420,4793,46
467,928,56
3394,2028,-1
1566,1666,-35
1519,78,-56
4031,4584,-30
2036,3242,-73
804,1062,-42
1078,3362,81
1633,4267,-93
1985,4738,-91
4,1700,-80
603,292,-66
2368,581,-97
3676,4518,80
501,4201,-16
185,880,-76
3510,1483,-81
3252,2296,98
3148,3445,98
2941,1130,-5
1296,315,-5
55,609,26
1725,3926,-79
2911,2993,-52
1871,2587,-12
4173,2120,-95
2344,378,78
3291,134,54
3349,3246,45
1602,1817,-89
2794,4489,-73
3338,3136,-82
2091,4511,-58
1252,1137,-2
171,1752,42
2810,4962,96
2355,290,-65
1774,1507,-4
3755,1339,-16
3992,2892,-59
2082,4974,-10
827,1985,25
1666,752,-56
130,3590,-71
1418,749,-62
3788,365,73
1408,267,85
594,4502,-71
1038,3822,8
2129,4235,83
3279,1189,-13
4300,3178,81
23,3221,-15
1634,2831,-64
4002,4967,-11
4200,703,49
1406,1699,-4
1479,201,-77
1195,4714,-32
576,3799,-13
1607,2014,-2
4370,4953,21
452,3542,-15
125,2010,60
3455,3506,-84
2365,3101,89
1867,4160,-89
1684,3738,-71
907,1712,40
3535,4347,-95
430,1730,94
2752,3351,24
3826,4135,-90
362,69,27
4892,4373,23
432,3192,-41
2723,1110,-91
4955,3019,-85
3062,2654,-17
3224,341,69
1631,421,71
4672,2276,46
4989,1919,-1
270,473,-86
1124,2136,-16
3177,3422,-62
3393,4963,-96
4534,3029,-15
1043,2088,-70
1642,3359,55
2442,256,-63
3298,3870,79
1384,1444,42
3997,539,-82
15,3388,62
1675,1824,-86
3618,858,13
1481,132,-13
1746,2916,74
3047,4837,83
4211,2587,47
976,3375,-92
1686,2032,-96
2084,1926,38
2290,2002,17
1687,4378,2
4159,2328,-10
509,3572,-99
188,3372,79
2783,3982,47
4189,666,-80
4101,1647,-50
3510,4567,57
3518,4508,75
2073,4609,-100
98,1164,62
1292,2926,53
3465,4515,-92
1788,3999,12
684,825,67
1133,733,-80
4123,4487,-21
3205,1588,39
3124,3665,-64
3837,4757,-10
4877,27,-30
1615,2671,51
1042,884,77
2866,127,81
855,1480,9
2027,2329,3
1988,319,8
2551,2489,55
240,341,-97
490,4790,39
3852,4215,-34
1037,4874,64
1339,4096,-97
4781,4481,-86
3270,1606,55
2555,4182,-64
3501,2409,36
3863,3054,-87
1768,2840,22
4709,1109,94
162,4455,10
656,3205,25
3007,3213,-19
4717,4543,-51
3507,1926,-23
1257,1079,-76
2159,4401,-62
1952,1977,-75
750,2819,-41
709,4630,-49
1622,2083,-31
4137,3561,53
4656,2730,-53
466,1164,-47
3996,1015,14
1101,4737,68
1714,3445,15
4586,759,28
117,3095,13
2482,4380,-80
196,113,9
4715,2421,-29
1475,4293,52
2473,4989,-83
4130,822,-86
3055,3640,-59
1275,2446,-81
3710,2200,-85
339,4287,34
3512,1820,-6
4276,277,-8
4718,1267,-20
3300,276,32
1657,2912,45
643,1331,-23
1681,1894,-6
1351,2344,45
619,3306,-37
1170,2389,52
252,593,-75
302,4979,96
3142,1388,43
1567,3996,90
3165,1535,99
3958,4110,-24
2211,1064,-43
3153,3106,-5
3660,3905,54
612,3306,76
1944,1904,-54
74,3362,-30
2874,855,22
4638,3505,77
157,2896,-55
3559,4051,-93
256,3813,-99
3111,1916,45
1052,2999,-65
2418,1342,-13
2257,2688,18
2635,1862,-59
2897,2456,1
1892,3793,38
3684,2864,-42
4412,3152,79
3465,3879,-52
2492,3063,83
3740,1309,3
1776,1702,97
3937,4414,27
1971,4506,-27
3720,3214,-71
3954,2019,82
2493,247,-73
4666,2225,-8
649,2859,78
1641,1368,-74
4435,4360,26
529,4264,-3
2102,703,-49
419,1924,61
2353,1551,59
3510,1334,-57
85,1799,31
2300,3456,-53
1752,3366,-3
4222,664,-85
2658,2628,87
3976,2085,-54
2352,2936,9
3100,4643,-26
1290,4742,-86
3124,4974,1
2703,4769,-7
644,4468,83
2906,4832,43
4068,2150,28
4064,3427,52
4670,480,-37
2923,2958,-9
2022,3731,-58
3625,1351,-87
2871,4013,75
3119,700,-33
137,2648,-87
4226,1722,42
1219,3160,44
1018,334,-9
3701,664,79
4528,779,37
3141,1224,-84
3530,3455,35
2588,3500,-99
2383,2498,83
2606,941,-36
3088,2634,82
3528,1017,18
2558,4601,96
209,4534,-2
3811,3722,6
4154,6,16
2008,2267,63
2864,3988,-92
3377,3793,41
1369,513,-27
3801,4965,-79
1038,3261,-85
4473,975,68
2291,2817,94
993,977,55
2939,2734,-7
4511,621,56
394,4651,92
3687,4646,55
4825,3842,-15
358,594,-69
4005,1420,79
1182,1943,-90
2066,623,53
3903,3849,58
3419,4530,-81
3130,3920,-17
155,318,96
3559,2583,68
1555,1525,-34
487,893,-57
1383,628,87
2416,4254,-6
1071,3022,5
2255,1455,34
1507,2772,-7
1876,553,-47
2191,3591,90
1071,4958,-19
191,2506,-88
140,2086,-68
4711,676,34
4011,1594,57
3412,4398,-90
2973,2683,-31
1515,3779,-80
3121,3265,-69
3971,1938,32
4720,4994,5
3525,616,-8
1346,4228,-66
4183,1632,-54
1918,945,-89
4378,4981,-64
3911,3477,-57
453,471,-79
4143,1956,38
1612,2397,-14
3168,3907,-46
2079,2091,-91
2582,2824,69
2065,2530,16
1259,4174,-21
4488,1060,-25
354,647,82
4401,1354,77
3637,2700,59
1564,764,-13
712,4072,95
3503,2327,-4
2733,459,-83
4882,692,10
857,2573,-16
4273,2540,-36
1430,4170,22
2493,819,7
3199,4251,52
3421,519,22
2069,4471,-70
4807,3992,46
3492,343,-12
152,4644,12
3232,2794,-83
2907,3175,95
3552,4532,60
1467,444,-31
4192,4575,-94
3424,3705,-100
4058,1901,1
2926,1518,-2
3666,4133,-14
4736,1557,-21
3431,98,-42
1157,2862,-67
4208,1045,79
3409,468,38
1162,354,-93
1260,72,-13
4091,1376,-48
2842,1076,42
3203,1246,-73
2982,1024,41
3555,1821,-11
3473,990,85
1225,4556,-44
4388,2549,79
2390,4813,-64
1015,4463,-99
4681,3722,61
2027,3108,-67
3714,4703,-43
1493,2576,-28
4123,3047,88
1701,749,7
455,1700,16
918,602,81
14,4716,15
4375,255,13
490,2978,94
985,2725,-71
961,836,-18
1783,1851,6
1870,4765,-42
3305,3103,85
2645,3650,19
4346,2534,51
4836,2307,42
3669,4349,49
4402,494,59
1826,3306,-26
3308,1131,-8
3363,4432,69
3111,3785,86
2766,2101,-13
4279,4016,-18
3771,4041,-46
2693,1777,32
30,1868,68
767,2735,-44
615,3332,-48
1005,3441,65
2122,210,-100
3127,3114,-41
3010,2730,-25
3820,4990,-55
24,4070,-97
4060,4433,-86
3094,4771,-20
2911,4201,15
1971,3762,-89
1539,4799,-100
3142,1148,-24
4768,3782,-71
3970,1291,33
2925,3115,-28
571,3879,-51
4860,2701,29
1243,674,-95
713,2976,-26
4863,2372,-11
1294,757,-9
2867,4297,-24
1675,4338,65
3664,2902,-25
1360,1488,-18
636,968,-83
1210,3013,46
2613,2353,55
1298,4410,-89
358,2844,-49
241,883,-14
2605,498,-1
4065,3429,85
1827,1906,-79
3559,1541,1
3861,1999,72
4252,1333,-39
4448,3367,-59
4140,1573,-34
138,3665,36
3735,3455,91
1968,3817,42
4850,1361,57
143,564,53
3634,734,-7
2560,753,96
4158,2357,21
2020,4244,-6
2850,2975,26
1193,3987,-79
2314,2716,-47
2356,1786,24
2507,4788,-43
334,2634,80
2563,2093,-2
2721,1806,-82
2439,3364,61
1796,4360,41
254,3056,-79
3658,1249,40
1424,216,22
3238,3946,91
3332,4327,-45
1028,1726,99
2167,2702,-59
3995,1201,-35
470,3635,90
1094,1541,69
4790,4803,-67
2913,513,-72
181,3712,53
4068,3937,50
3077,2353,-65
1221,3833,17
4143,4447,-92
3624,803,-16
4730,4547,-59
1564,902,-34
4685,4159,-94
3633,1789,-78
2358,4601,59
1563,2313,-78
4936,1700,-85
1414,3151,-32
2507,1209,-88
4829,2994,-91
1018,2543,-42
3655,1595,-99
758,3442,79
3780,1839,28
621,4860,97
1889,3673,-47
3585,2903,-82
182,2340,-4
2729,4522,-73
2296,2343,32
2668,4929,-25
1800,500,57
1500,3628,-82
985,845,3
3554,3664,-59
2365,1061,52
3306,2682,-66
2216,1421,-92
2791,750,-62
126,1948,83
2621,1046,-63
4216,3412,-86
1452,4591,8
1009,3475,73
1214,1227,64
3705,2974,-11
3131,1370,24
697,1039,-41
2271,1788,-39
1516,1653,-70
1035,4716,-71
2841,4723,-35
1536,4368,-94
814,420,57
310,2898,60
1012,4585,11
1019,3303,2
3412,796,10
3719,2810,-63
4921,467,46
3811,4536,36
2045,1355,-15
1117,273,59
4724,2750,57
1157,3490,33
989,3869,88
2467,3652,64
1829,956,-22
2078,3410,98
2346,1920,47
1085,2933,-71
2506,188,-83
4045,208,90
2352,74,88
3006,4769,84
4436,2620,49
2496,1050,-13
77,4970,-6
2563,1882,76
1573,515,-83
4188,3329,-40
4562,280,-19
3671,2987,-23
3112,4856,95
2738,556,34
1353,3380,34
947,291,-36
4650,4881,-61
3869,2874,15
3138,3019,-77
3487,1623,59
4188,4838,-91
1003,3552,36
4464,4179,-62
820,3276,30
423,2012,7
572,2690,-32
2910,83,-94
4531,3996,39
1424,648,-78
1634,4247,-12
1754,3693,90
468,1758,-84
4888,4956,-23
2923,3340,91
2304,3658,-36
1707,4211,-15
73,3153,-73
147,726,-43
317,1108,-83
606,4983,9
575,2826,20
1178,4906,-57
3327,2202,-37
3423,1841,-64
2595,4349,-98
2883,2496,-87
312,3945,34
2856,825,44
765,4603,97
2996,1735,-18
3201,351,66
436,4914,32
3352,2174,-22
4454,3286,-49
2978,835,8
2931,1988,-75
2300,3822,66
135,3672,72
3915,4992,-24
4619,3003,-70
804,2510,50
2708,2673,-61
2367,3443,-69
4176,4159,0
3263,4847,-97
1477,4122,-20
3416,4097,-17
2462,1938,73
3943,298,-26
2041,2302,-59
4464,3939,-4
1007,1595,66
993,3366,97
4692,3216,2
1897,4305,83
3066,3298,-54
2749,1482,65
2662,4380,-83
2979,3675,-99
1824,3183,4
3408,4446,1
4507,3152,81
4483,3788,-13
1749,1774,57
2662,1352,-97
19,1318,-94
3359,4280,-44
276,2031,-71
4079,212,71
4755,1275,56
2946,4263,-11
4648,3615,-65
4775,3735,-2
4699,1186,12
365,875,75
1974,4503,46
795,3464,90
590,2486,-99
4295,4501,41
4314,4371,12
741,3399,-1
4746,4888,3
2195,136,11
670,333,-66
1438,1027,48
4761,3234,44
856,1536,-19
2378,2125,-69
4991,2233,50
4034,3958,33
1894,2618,-72
1187,953,-38
1843,3370,97
327,3354,24
3227,1987,-5
2401,4568,-20
4279,3464,31
4551,165,-43
4102,1992,58
4016,2706,49
4307,1740,54
51,4260,17
1469,104,-16
1010,4692,-17
4473,4216,-14
3558,1128,-85
1075,364,-95
154,1570,-94
582,369,-87
788,3950,-98
4887,3758,-52
3382,3398,-65
2268,4231,-72
4259,2093,31
971,1516,67
648,595,68
946,1446,49
4785,3623,31
1496,766,20
2048,3217,-78
1173,1341,1
4219,1587,31
4900,3651,95
2887,4632,-83
4159,634,-100
733,4757,-69
3088,459,48
3462,2473,65
1658,1681,53
479,4851,-60
1138,1894,76
3954,2116,-16
977,509,-8
237,736,16
2524,2752,68
4044,2172,-5
598,2844,-42
1703,292,31
2177,4517,40
2558,1919,-40
165,812,-50
2325,2098,62
3040,2010,-10
570,4279,-36
3329,4343,-52
141,650,76
686,2598,2
687,561,41
3281,770,64
2764,4652,-71
3591,504,41
2039,628,-9
1075,3385,54
2226,3863,-39
1342,3360,-98
1690,4257,97
3011,2175,-62
364,3528,-82
1068,2538,4
2641,2287,-3
3750,2224,27
2031,2258,66
618,3581,-91
4455,1996,74
3147,634,27
1983,501,-12
194,1564,50
4459,4076,-42
1120,1175,-18
4203,1599,1
527,2159,47
1953,3714,72
4880,1985,-57
1783,520,-83
2674,1918,-53
2398,1329,-26
3725,933,-100
2590,1542,59
3527,408,-4
3850,1532,91
1635,624,-94
3010,2767,-6
94,4648,-11
3795,2828,98
3367,4416,-1
2947,667,73
89,628,51
2551,3109,-32
2815,3277,7
1446,1785,63
4622,1134,94
1831,1510,-51
2742,3390,86
555,1859,85
3765,1616,-55
2435,3854,97
681,4706,-78
1632,4575,-89
203,4684,55
4543,3866,85
3919,4689,-40
3140,2412,82
4874,309,-67
2226,4363,-7
1687,1833,0
829,4782,-83
4655,2308,19
2023,2001,62
103,667,75
1558,1685,-64
4212,3077,-60
4955,446,33
4088,4384,27
2512,1082,-15
104,3144,-10
3439,4890,-62
2858,3752,-97
807,4871,43
4656,4373,-49
2075,1546,12
527,3646,-82
3437,4832,-9
298,3208,20
4873,2784,-84
361,114,72
3718,772,29
4600,1013,29
1977,3684,-13
2078,3251,-46
3412,1253,-10
2174,3103,-97
4692,4204,22
1590,4378,-1
1390,2669,39
3515,2577,81
263,4091,-41
2984,1428,-72
2920,3242,88
1864,878,-55
2,1199,-4
1934,454,-52
394,4605,19
306,1264,45
530,2144,-25
4624,3586,-27
3380,4187,51
965,4329,-84
4020,4755,6
671,3059,-5
4069,2857,83
2253,912,-12
2673,2772,-49
1714,1468,-30
4045,441,-81
4817,996,56
636,2112,-18
3500,4101,77
4653,3730,18
1118,3469,17
2155,4713,42
4224,3840,58
38,4461,-88
1633,2839,-45
4294,4721,-82
3776,4603,-31
2055,523,55
4086,706,49
3404,1760,55
519,250,-21
2242,4997,13
2364,4345,-68
1042,1375,13
4716,1827,72
1395,2131,75
2870,3479,14
3677,1104,-38
3722,3994,-75
3773,259,-14
235,4218,-100
3141,1148,89
447,905,-8
4706,2140,99
8,3179,5
4558,4148,30
1000,4390,-17
1335,2348,6
134,1592,15
2433,2242,-96
56,3629,72
3186,855,-89
1112,751,-53
3180,4050,-87
1524,2368,-48
144,239,-56
2917,2696,59
2104,4637,57
620,1317,-89
1887,2305,-1
2021,108,-18
1409,1605,-57
2922,1909,52
4735,2231,69
3374,3778,-80
3477,367,88
837,4927,-35
3903,2910,0
1586,3595,-80
4876,2922,-75
837,4269,59
2558,1741,-84
2860,2819,-97
4361,1354,-62
1398,452,-86
3823,4567,-68
4398,4417,88
3431,4537,41
805,2447,-11
1076,2236,-54
4195,3510,29
2641,885,-11
3085,3520,-35
1414,743,75
4453,2040,91
1664,2563,93
2976,1261,75
4107,4277,-20
4177,4506,-83
2054,2335,78
2421,386,31
2529,603,-20
4318,443,60
1941,3308,50
3153,2633,80
1947,3968,-88
515,3302,-30
221,2302,-43
228,4451,90
2338,3567,-36
4389,2477,3
3265,4571,-59
956,4011,-6
1498,2390,-1
1281,1831,-12
1979,4074,8
1530,3415,13
4484,4830,-61
2663,2267,-7
2414,596,1
2706,191,-80
3536,3463,-18
4285,644,60
918,4190,10
1202,1119,97
2423,3768,-59
1622,1668,-64
760,1106,99
4290,4436,28
1489,2856,-24
4259,2160,53
4372,4399,12
4460,4147,-62
1666,806,-54
2003,701,-45
460,3792,9
3022,4757,85
2291,1801,55
1366,1908,84
3202,1137,-30
4753,4132,9
1384,623,99
2136,2897,72
4838,4969,-36
3033,1416,-97
3710,2063,88
1522,2688,-40
1624,4263,70
682,1689,4
3135,4159,46
3262,203,-15
4995,1539,-1
4697,1125,28
3420,895,46
1868,1556,-50
3610,2451,-37
1200,787,-38
2824,976,-72
2949,4930,46
3979,4289,-58
3626,2947,-31
4579,2200,-62
169,3878,-78
2022,4482,-100
2195,3280,-40
439,3037,-76
3261,4076,31
4256,4268,8
4910,337,7
2450,3668,-100
4682,2940,-61
864,605,-80
140,2537,70
4424,666,37
225,2918,-35
558,1233,-84
1574,3788,23
386,352,40
521,1762,-10
3973,2896,12
2835,3767,25
3143,4571,-91
1834,2525,79
4543,1150,37
3162,4539,-54
3502,4351,-92
4203,70,-55
1500,578,16
2964,4591,2
1478,4085,23
904,4877,-33
1632,2451,8
3987,4947,81
1171,129,-33
2328,1507,31
4120,4089,4
1745,1649,28
2040,3168,-42
120,2549,52
3858,1480,36
1676,1803,-76
1321,8,-19
4951,220,98
1016,725,53
4544,4198,-45
1744,2050,-52
1943,3786,-36
3542,3913,88
1447,2743,-92
3617,771,37
3895,4930,11
1725,740,38
2273,4296,-5
4063,4122,-16
4282,2018,-65
72,4198,83
4170,197,59
2201,510,-18
2144,1996,99
3758,1015,62
3182,3102,31
1482,923,-39
2876,2347,-38
4861,3205,35
4080,1792,18
1097,1556,-25
4308,21,-32
724,1923,88
3240,1065,-7
2379,1984,-38
4847,1900,-40
3215,3544,-2
2872,967,-64
4490,2507,-97
4608,514,-45
4782,3575,-58
3920,3116,-80
1721,41,-43
3400,263,43
1858,1033,-48
2766,3125,-83
2397,1820,-44
3765,128,-6
4022,2579,65
3887,4621,22
2563,4853,-69
2447,3014,11
3668,3212,-82
2262,894,-17
3618,2807,-53
1313,2280,-27
1865,4184,53
2306,2814,9
1808,1788,-19
2742,4733,72
3337,2249,72
998,3034,-86
2320,2409,45
3208,2180,-70
599,177,42
1084,3124,1
3582,22,-86
3087,653,-36
2303,3391,4
2785,783,73
722,168,-26
1155,1062,1
17,873,43
992,1782,82
4974,1397,-71
2233,632,-60
3463,1602,-34
1447,2882,-84
1466,1451,-75
3768,1864,17
3628,722,-28
3084,4536,0
1544,3337,91
80,243,-6
3288,2649,-43
1272,4639,-6
1565,4373,1
1714,4646,30
1010,403,19
773,1454,25
483,997,12
2393,4172,55
3180,3151,31
1582,4414,67
2522,3502,1
1106,1187,-44
3710,1382,92
3362,4425,74
4271,1855,61
842,1905,72
3535,3667,-69
1873,1949,71
3506,4034,-4
3321,4572,38
2729,3528,-65
955,1753,40
1596,1738,-44
2289,1814,52
4436,1955,97
744,4010,64
1495,538,-11
3347,2391,31
4111,1790,8
1989,1191,-75
208,3937,-88
1084,1496,-29
2413,2188,78
3312,4524,-54
4011,3371,24
397,1260,60
1958,4076,69
4890,3031,27
209,4696,-70
433,97,67
2657,4574,15
2437,4587,43
4679,1320,-45
4528,4502,-27
4447,715,-65
134,2495,-5
639,2747,-21
1229,4044,83
3370,585,-53
4213,954,-43
4020,2898,-86
1291,2031,99
2197,594,42
1704,1832,48
2227,356,-37
2196,1677,34
4561,3119,-49
976,112,-82
1029,3735,24
526,4471,-15
2328,845,73
2547,2174,-63
836,3079,40
2484,2610,-57
2864,1384,49
2735,3971,98
1539,362,-66
1911,679,30
4050,2812,10
2643,2823,43
1304,1732,72
132,1288,43
393,4896,93
4577,275,1
3585,906,-20
2676,1883,65
2467,492,-77
1226,4755,77
2706,541,7
462,2887,-44
1802,4416,22
3274,456,-45
3986,651,-15
152,1313,-35
2270,1305,-23
4175,4513,-9
1786,3610,-24
3461,804,1
1837,798,-20
1398,3385,-28
1076,4705,-39
4507,2013,-87
2009,2841,93
1494,3063,87
1136,1081,-80
1549,1314,62
785,2646,-71
1421,3635,66
4839,2054,-76
2436,3515,71
3482,310,86
3652,785,-2
2064,1615,33
2021,823,30
4758,1328,63
2150,58,11
951,1249,10
25,1450,28
18,518,61
3826,2078,-36
570,151,-75
1356,4644,-83
1593,2158,63
831,3674,33
3083,2514,71
872,2285,-61
835,1395,-71
3313,1706,-23
4953,1173,-27
3117,2422,-70
970,600,85
593,3505,82
255,2300,63
2115,4016,-22
2966,1497,57
2662,3118,-53
603,4703,-23
1066,435,10
1840,2659,-14
2432,3700,-84
966,2324,-74
1738,2896,7
485,1532,90
4135,3167,25
11,4763,41
4720,782,53
4505,1426,70
2028,4929,28
3365,2552,-77
3088,3487,47
3039,2324,99
605,4422,-93
969,557,-71
4261,513,25
437,3219,-83
2775,4152,-24
1810,4116,21
4910,3542,25
2770,2900,10
1830,4097,-18
293,2961,40
3952,4944,75
462,1253,87
3885,725,53
3234,1307,23
2092,760,36
3937,227,-3
2940,4798,-48
4807,308,-6
89,3379,21
1664,3010,5
3302,1518,-30
2721,1532,36
2938,1845,3
422,2669,53
3750,4749,14
4972,797,60
4434,4576,60
266,1780,20
2851,4993,79
1379,586,67
1815,1379,31
2265,4358,55
4417,4791,-47
850,3811,95
4815,4032,-3
3737,2725,-52
992,1848,3
3765,2238,11
1809,1042,33
3275,4840,-68
717,3486,32
896,243,45
1177,2101,30
3754,1250,-3
1777,1738,21
2805,3670,-99
3393,1919,-36
1460,4415,-66
2544,2755,78
4638,1393,-33
4731,248,-66
3554,4273,-29
1350,1686,71
2987,1932,-72
3331,4017,63
4794,4109,-23
2123,3433,-59
3629,4385,12
498,4527,-7
3488,3985,13
722,3823,-94
1364,2082,40
308,1348,-79
2752,4737,-44
884,133,72
1265,3624,81
4349,1855,-99
2445,2945,99
3034,401,-44
1053,606,17
494,4707,-17
2022,132,-26
1748,4489,-67
3303,4909,-57
2280,4677,-32
932,4507,-48
1926,4441,89
757,804,-7
1055,3268,-68
3931,4290,-25
4552,3634,-32
4355,2677,28
4527,1216,62
3454,2478,-76
2517,2265,31
1965,970,-28
647,601,17
4543,4456,12
2831,1333,14
195,2717,24
1146,4517,94
2510,782,-7
4292,3809,26
2084,1435,37
4741,4339,47
3353,1017,-61
322,2220,94
2288,2703,-26
3132,3907,-86
4746,2817,15
1703,3992,55
2213,460,7
831,3641,-66
189,532,-94
4053,1978,81
92,3278,69
3878,3765,-63
1912,291,-37
2337,3576,-44
1581,4755,7
1409,4650,56
175,2476,23
474,513,93
3433,1640,-18
270,255,33
2045,4817,-20
3196,2638,-99
694,1966,66
4472,51,33
1416,800,-87
2084,100,45
1236,1748,-31
3968,2512,-25
1972,237,49
134,472,-23
2913,2205,-88
4786,139,-28
841,2863,13
1462,1384,5
4935,3096,-91
3473,4502,-74
4844,1713,-87
2876,951,-92
2510,3797,36
966,2374,84
2039,1358,4
4241,4425,-66
1851,1700,53
735,2137,68
2454,4111,8
3017,3373,5
3003,634,20
2316,1884,-34
4004,2317,-71
2314,1129,-72
4624,2387,-17
3164,392,-33
3320,169,-87
3462,3089,8
430,2053,79
2989,3966,-62
3797,3209,-80
1597,4715,-30
3363,1186,-95
2351,4865,82
1780,2728,-61
3989,3510,97
2449,4478,52
2871,4578,31
2911,3427,61
4614,4721,-12
4261,1714,-79
2073,2513,-45
3808,3262,-55
4225,4590,19
2865,2679,83
3619,282,54
1018,4927,-11
4691,430,15
1333,2629,62
2484,4954,43
182,4349,3
4840,4659,47
1839,3213,-86
2452,4633,9
1953,2946,99
4701,2318,-77
263,3985,89
661,3433,-21
1316,2664,-57
2920,936,41
4918,2343,-28
2195,1689,9
2073,883,78
2020,2520,49
2741,817,59
816,3233,-21
4778,3867,14
3419,2847,-76
4098,4976,76
3718,678,-78
4735,2255,-64
3630,2984,-98
2754,2490,-41
3368,2315,-42
4686,2447,50
202,1889,-68
1005,1721,81
1313,1904,-62
2026,224,52
3134,4761,-38
3574,935,-12
4222,1313,2
3672,1309,-16
4942,226,86
1797,200,58
4275,4600,-52
1605,4107,2
1903,2885,87
4000,2325,8
4589,3994,91
3505,3934,65
2620,1598,-30
2350,5,-10
4365,280,-24
4720,3020,-14
2673,2365,-93
819,127,-88
2678,4400,-75
548,2797,37
4433,4827,-10
359,3250,-45
3362,3902,31
1925,4586,5
4912,4533,-70
4456,3702,-84
4443,483,35
4648,3040,79
2702,4411,-64
1931,1508,24
422,3169,47
336,939,-54
1527,17,-50
57,4543,13
3951,4375,-43
3148,3943,-57
3538,4548,-3
722,2714,-90
4078,4702,-89
386,3886,37
2818,3618,-47
2888,1034,-67
2720,1812,57
260,2008,42
4489,4197,35
600,470,-1
3256,1325,67
1040,3278,-79
4049,1625,-96
756,1236,-81
3578,119,17
3158,1884,-52
2759,2005,18
477,788,79
1600,2476,93
2360,2768,46
1262,1428,41
1583,243,-94
2839,4039,84
4826,4723,-21
3571,3914,-91
1499,16,6
749,4612,49
4812,2783,32
2387,1824,-77
531,4924,42
4788,11,-13
2210,279,53
4064,2943,-46
3869,4429,-3
1109,2792,45
490,2086,70
5,1107,33
76,32,72
2729,3126,-76
473,737,43
3210,1849,82
1382,3033,83
838,3609,-72
603,4141,-37
1187,2678,28
1482,294,23
3273,3197,72
232,1572,8
328,3049,-75
950,2940,-16
1887,4263,-51
4096,269,54
2298,1148,-1
1308,3343,62
198,880,-21
4512,59,-72
2780,2498,34
3337,3892,-39
1339,217,-30
1692,4340,26
216,4613,-67
1650,2312,75
2863,4957,32
610,734,16
2559,2503,-93
918,4640,99
4253,2422,-58
162,3378,79
4138,374,-27
2812,112,-100
3422,2541,-63
4216,294,-94
1099,2470,-20
2722,2199,83
2709,3269,73
123,168,-77
2701,3154,-66
3254,70,-59
3062,1426,94
3962,2573,-57
789,1655,-97
257,2260,7
4026,102,18
3655,1732,-24
3252,1362,-77
3590,333,-30
4776,2253,46
608,4325,22
4427,3261,-10
3928,1123,77
2153,1958,45
547,1960,-7
4889,460,55
1905,1218,56
1683,4986,-28
489,931,2
1823,311,2
3122,2890,-16
3775,1759,72
3073,4342,1
3453,472,34
650,4418,-56
648,4237,-12
381,3181,53
2067,2361,-31
1864,1145,-52
2291,99,18
4225,3650,-17
1200,494,45
4505,2158,-61
4888,4580,-83
2991,2178,-54
1108,1424,-100
3448,4936,60
222,506,-62
1440,4306,11
618,361,-78
2571,154,-87
2756,533,71
2791,2012,-64
3943,2358,-30
3310,2784,-25
4055,1970,64
225,4972,55
2242,2348,22
4153,4437,-94
3697,635,8
3351,2602,20
3828,1193,79
1404,4516,44
4213,737,89
410,2437,64
1917,1209,-87
3439,2059,78
4068,608,-46
2860,3066,-44
1984,3750,-97
2052,4327,-52
3702,2038,-20
23,2186,-66
2969,997,9
745,2579,80
602,1180,59
3036,4703,1
1843,1921,20
2675,3232,-91
4177,1333,12
2663,2745,89
483,2261,-99
4037,3499,-38
2640,3414,19
3312,206,43
4129,1810,-85
4376,900,30
3826,748,-83
2200,4973,-59
1683,2630,59
4797,2443,23
3609,4433,-51
1019,1762,76
4761,4877,-98
2971,4375,-29
1312,2297,15
1419,4929,24
2501,1732,26
2668,3999,-96
1387,2960,84
1145,939,-17
2064,4620,71
4835,4556,52
1547,2165,97
2146,2874,-78
2164,1451,37
3013,1204,37
4445,1873,60
4328,4492,-28
3183,3025,45
3424,2056,94
4002,2192,-4
3560,1679,-27
1557,4383,-74
2687,2538,62
2333,1666,-39
1657,4729,45
545,4825,-94
392,4127,98
1989,3012,-91
4086,244,-74
297,140,-33
1087,2449,94
4366,725,82
3262,1565,-53
4606,4260,6
1117,104,-34
1077,4048,-12
496,63,53
2996,2063,67
94,3870,-30
4721,3566,-55
4325,2227,-3
721,1547,94
4363,4823,-9
4377,4073,-90
4027,4834,78
4056,3647,-69
1107,1791,-29
3933,130,47
3723,3016,32
1372,927,25
423,1981,68
2006,1726,-88
4550,1820,21
4603,4545,-3
4412,2208,30
764,3289,42
3369,4784,-4
898,2896,-45
953,1757,23
2923,2538,70
4480,2328,94
3198,2129,-55
4199,3197,16
900,2218,75
4024,3654,4
4206,3162,-4
3642,2428,63
3544,4956,50
3642,4260,82
4766,415,-46
3091,4095,-47
4480,4251,24
762,1836,-36
2408,2069,-50
886,2871,59
2644,1023,27
3244,399,47
1236,2978,-10
2934,2920,63
1469,3971,-69
10,129,2
792,1533,-44
1663,1051,-72
744,2953,73
2429,344,-14
3494,1425,21
4547,604,62
1117,1591,-22
2442,4829,6
1355,4252,-49
2481,2149,42
3002,748,-12
1187,500,78
4088,3357,-70
2832,386,-17
3662,4234,43
1749,4344,63
2864,1736,-62
1115,2558,38
3265,4823,47
3091,1179,-45
1064,880,69
3749,1506,-54
4546,1007,-95
2733,3658,8
1873,2306,-66
4721,273,35
1970,2896,-30
885,3096,-64
3964,2873,77
3679,1607,22
319,4691,43
3817,2448,-92
3718,2852,-26
3196,1325,-41
1375,2058,-50
488,3903,-55
451,3123,-30
353,2767,39
1941,2155,-37
2368,4867,14
3237,1730,-80
248,4586,-96
3504,2723,-95
568,4571,-58
684,4677,-75
644,2895,-8
479,3364,-47
2761,1841,27
4464,1962,30
4453,4425,38
1369,4863,-76
2227,4602,39
3497,2676,-36
3613,1940,-97
4008,4574,79
1843,14,26
3378,4823,92
2415,3059,97
1060,746,61
1645,2011,8
4924,2614,-85
1812,4571,41
2194,2947,1
2428,4620,12
168,3183,-27
4183,3487,88
154,4507,-48
2545,4079,17
3869,1908,85
315,3992,-38
723,1648,40
3632,4777,-56
3346,2664,82
2812,1883,60
2310,329,-39
2502,4368,66
3334,4271,40
2024,2206,-20
350,4718,-28
824,1688,40
438,4330,-85
169,4237,81
3820,2167,57
3415,382,66
3302,3593,-4
4119,1434,3
3036,4145,-37
4377,3882,-31
3591,3442,39
2770,3405,29
2301,4245,60
4500,2205,42
2181,2200,-20
3346,3533,79
2666,4472,62
232,2730,-6
2593,596,22
4175,3911,-63
1059,3497,-59
2543,3120,8
1134,3801,-20
3647,2637,-94
2376,3071,-45
3881,2824,32
2738,1493,67
2432,3317,-40
1388,3903,-36
3304,2310,93
1438,4938,95
3366,4585,92
4643,3861,-8
1730,3214,-16
2440,3297,69
3174,3593,62
3908,1524,93
1317,3556,-76
685,4260,-95
2589,975,-93
3544,1671,62
3088,4230,-48
1676,4806,-82
2114,3895,-92
958,2804,60
3544,1532,-93
3095,3817,-63
4798,2213,59
2808,4657,-78
821,4080,61
888,582,-14
3729,3558,73
3994,3530,59
3085,2383,28
876,2685,-94
4262,231,6
3997,1884,11
557,4099,-77
2215,1912,29
709,685,45
718,4177,-18
3666,1956,5
2145,1299,-1
2020,4484,-45
3780,4923,-9
291,1369,-69
2184,2267,-24
3880,652,-31
2937,2111,-8
2415,3099,-91
2296,2756,22
2814,3736,67
1238,4049,-27
2118,1178,-67
4842,2258,-17
3044,1043,10
3088,2557,-68
3559,3685,-13
699,2936,-4
2854,1624,-44
3809,2085,49
4620,2455,75
1846,2472,-69
4015,4779,24
3183,2386,7
464,1295,72
3861,4069,-99
451,919,82
1916,4748,-42
924,1604,-68
3623,2996,-5
316,3387,4
4767,1082,-87
4794,376,95
1377,1409,93
2816,2104,-42
1263,17,-86
1128,433,58
2926,4051,-72
1053,237,11
4185,307,8
2423,4529,22
3469,24,-54
4460,3310,84
4022,1014,-43
4410,681,-8
548,1849,-16
4892,1516,58
3524,952,-48
1530,415,-15
107,4849,-37
857,1424,-19
2985,4512,-99
4387,4972,-41
4713,4986,-17
1251,4773,75
1612,2448,-53
1791,2189,17
868,3192,88
2770,450,31
4254,2936,-75
328,3177,-17
3817,4946,49
3149,92,70
3382,4517,-81
2375,2600,-8
2556,2952,-53
4966,3126,20
1131,3719,-6
4337,1538,-40
2483,3169,50
3100,1896,-40
2752,185,-21
3321,1457,90
1557,1495,-82
3544,1149,-88
4509,3406,29
569,1288,78
1655,4948,-26
3237,2239,-100
3120,1874,68
3734,1751,37
3230,1245,-98
151,2247,-93
2273,174,-21
4352,4313,63
2109,3278,6
1796,2022,-61
2428,1397,66
3515,174,74
349,3395,18
2079,2624,87
397,2889,-93
2977,2247,-27
2610,3079,64
1159,3052,90
146,4730,-74
2227,1700,-6
264,963,30
4300,3092,66
3102,3785,-95
2107,1845,-91
3081,4694,56
988,3252,-72
1348,1751,47
1361,893,-22
2839,215,-35
1727,3430,-89
2290,4980,-88
908,3645,7
1184,2616,66
2825,606,66
1259,552,1
199,4415,72
1057,2514,68
2456,4825,-10
3366,1178,70
1261,4447,-39
3979,1484,30
2836,3312,-92
1314,4286,71
1903,1546,24
3976,1497,61
578,4783,-82
4431,73,-11
1021,4037,-14
3654,2227,-83
3845,1091,73
3574,1617,3
2294,4173,68
611,4803,25
329,988,-52
547,2116,1
339,1592,79
3182,588,-27
3042,843,70
807,3650,37
1034,3617,-16
3274,1566,65
3988,3610,-63
3334,2930,74
2741,722,34
4526,1805,-89
4902,4420,-49
1697,3195,4
3651,655,60
2083,145,-9
1999,1697,-77
4653,4240,75
1686,2712,-70
4587,893,-19
1604,2565,-78
4350,4291,-30
4113,3555,-29
261,1661,17
3797,3547,42
2776,4914,-63
501,2777,55
1016,3921,-10
2334,1137,26
2055,1300,-80
3964,2524,-74
3675,3250,74
4056,1661,-45
2707,1315,24
2100,434,5
2566,4513,41
3018,1859,-80
109,711,-87
3423,138,6
66,3561,-31
3082,1754,-73
4298,2857,12
2949,1185,64
214,734,1
4423,1852,-34
1041,1354,23
4619,395,-68
988,2518,-89
3196,3328,39
504,4055,78
756,2067,62
1342,4904,2
2589,247,-89
1382,3139,-82
2988,342,-6
2845,2972,-42
2520,3769,16
3727,2435,-88
1888,342,-82
1324,108,63
3810,4729,31
3748,4692,-88
2132,1797,-17
2425,4681,33
3385,2525,-57
2252,2385,-25
1009,3532,8
1318,2361,-20
3217,609,35
4635,2642,60
17,2348,20
4671,2740,-49
1803,4824,2
2624,4332,16
130,211,-11
1474,286,-18
950,2471,-88
3997,494,19
1069,1018,37
4312,3491,61
1624,2885,-6
2896,2815,54
2737,1990,85
2313,523,94
1947,4915,71
617,2367,-32
1870,3451,-96
301,1657,64
985,3065,-30
3692,2743,3
4502,590,-45
3427,635,-50
161,4041,-45
26,208,69
83,2234,40
173,977,-67
999,2065,-1
3142,1314,61
2883,4350,-48
4102,971,-98
2844,4707,-27
4621,1480,6
2111,1171,-2
3085,4980,-64
2046,3186,79
761,1400,33
205,4602,48
4993,3394,-56
3103,2376,32
2036,4445,-98
1553,199,-81
4973,3249,-40
825,1148,62
2957,4707,59
3749,4036,46
2446,2283,42
3897,1726,-27
839,1318,-44
4696,4881,53
3684,3969,-31
1962,3090,10
938,1427,-11
2932,2429,29
425,1842,-52
3311,4864,75
3052,3894,59
2906,2145,30
2138,1494,47
4047,705,-7
3211,1769,64
2695,1070,8
3596,3875,47
1268,2284,-41
3577,769,-3
422,3724,86
3267,260,-20
1658,2944,-59
2101,1588,50
3940,84,68
685,4506,-28
2227,3562,-74
4389,1640,-20
2423,2394,73
1078,2971,-84
3986,2685,12
3841,2231,29
3317,3399,-86
2844,3638,17
3440,814,84
4112,3748,68
4272,896,-28
1904,661,-87
4225,2850,-93
3295,2426,-25
4980,1111,34
426,3746,-34
2402,1159,53
750,2138,-98
4840,4916,73
4575,1841,31
44,1911,84
1560,3665,23
4195,2911,73
3469,743,-87
3952,3161,30
4267,1317,40
148,4542,35
2171,3806,83
112,1041,29
4164,1732,1
828,1656,15
1753,1568,-55
2940,1811,-70
3729,2329,-10
3617,3017,-66
3724,1495,-39
2278,605,73
160,478,51
3366,4706,-36
2234,142,-11
1014,4656,-57
4973,2099,-2
552,2571,-50
1176,4027,7
1164,1287,-13
1309,4805,73
1493,1210,-68
1242,808,91
4532,2129,53
4828,3806,0
1778,4505,66
60,974,-43
1634,2939,14
2452,86,-75
336,1797,16
831,1308,-26
1593,460,-8
4381,2509,94
960,1145,-44
4167,3889,-31
1122,4665,-28
2224,3261,-93
3817,4646,-10
4980,1410,25
1099,4267,-67
143,1354,-32
2979,4131,-91
1047,1225,-79
1069,1192,39
4188,1533,56
3341,1917,58
4774,3318,-95
3436,1248,9
3780,2618,-94
4478,4633,-4
966,2026,9
1180,3512,-88
2435,4640,-38
501,3693,-77
4555,4841,-7
50,4629,-4
970,3484,-17
988,3324,-82
4628,1939,-18
1116,1016,-13
3933,2584,-32
1480,928,49
4435,1512,-41
3125,1738,-79
3568,3039,-9
1659,1722,44
1877,2767,-6
2052,4703,74
4377,3420,34
2816,2826,44
971,4422,89
208,2735,90
260,219,34
4359,522,-72
783,405,99
505,580,-97
1574,4886,3
4299,1855,17
1760,4422,-85
3795,3698,-21
3591,1836,-15
4141,158,-26
1402,3176,86
789,1622,-60
3330,3678,-41
2845,806,96
3986,1306,-43
4013,2195,11
2093,514,-61
2968,504,-43
1070,4509,88
1676,2640,72
2613,766,-24
4397,237,-53
288,4492,-11
786,2005,-90
2317,1800,-45
2839,3388,-78
3638,4000,-68
2629,1447,79
1266,132,15
2984,3676,-73
3016,2035,14
71,4214,31
4931,4734,78
2461,2045,37
612,4435,-49
3524,1459,99
3703,2023,-92
2577,1949,-83
191,1621,93
1748,4772,-19
2126,3814,67
1629,2162,-35
4985,4402,-79
3373,1758,-21
2997,4719,0
17,4151,-5
4911,524,-27
1598,2482,4
1067,4286,61
3140,4485,75
3452,346,-85
2260,2313,-52
2251,1699,-3
2774,141,0
4205,4335,-38
284,1122,67
2989,2884,-45
4833,1035,-3
603,4274,7
1364,983,-24
3353,2445,75
4076,3461,-64
4587,2585,39
801,4734,-8
760,2314,-3
1494,1157,-69
4801,1578,7
3935,3033,50
815,1308,-27
4899,4235,-29
373,4165,-80
2999,2853,39
2892,2225,76
3792,3445,2
3320,4641,74
2190,1252,-3
2450,1672,-39
3968,1396,-63
823,1015,-3
222,4742,9
3938,3215,53
1388,757,-61
3889,2032,43
2161,2621,-82
3271,2430,77
1926,4567,83
4694,1232,-72
2952,4025,8
4581,35,65
3994,3675,88
2599,21,63
1667,2313,-16
3082,3472,-91
3886,457,74
4758,2998,71
2115,4479,15
2753,2583,7
3169,1063,89
1555,1591,-94
1081,1866,96
3935,47,-82
88,4842,9
2701,4635,-68
2704,4775,51
2960,3989,-78
2419,1654,-15
2423,45,-1
4148,4371,80
1748,3765,9
41,3033,48
2139,3383,-19
39,4328,1
3085,86,-10
3680,3177,-64
2152,4273,-52
3938,1614,52
2091,3292,-62
209,588,-71
600,603,-58
605,3517,81
2524,1257,-69
3710,2162,25
2157,4680,-6
214,3036,76
1577,2418,-99
2819,3023,-54
2125,2120,-2
269,4956,-78
2409,2401,33
2578,810,-16
4779,2789,-60
4258,638,-59
4561,153,80
823,2434,-29
3636,2739,66
2596,139,37
3954,726,11
3832,3543,-51
2100,2366,-26
4584,19,35
3603,1437,-100
3468,1962,99
651,2455,96
1635,1852,-100
4815,863,94
1168,101,-74
4077,593,8
199,3925,88
1356,4462,24
3506,2510,75
803,1956,-78
701,1655,71
503,4428,67
4565,4781,38
2414,1689,8
4720,911,38
2968,4642,-1
2871,1182,1
4759,2957,-70
4847,605,87
3468,2371,-46
1419,2011,51
1099,4136,-39
3170,203,46
383,243,-5
3941,1530,-61
1394,3741,1
3328,2722,-84
1653,660,77
4272,713,-2
4324,3896,-89
2395,1175,42
2039,247,66
1986,731,-88
1263,3928,-7
1712,3944,5
350,1561,-82
4027,985,-44
441,496,-9
2809,2663,-41
2563,2127,83
3153,2576,52
1385,1083,3
288,2754,31
2056,4995,79
998,2959,26
2334,544,0
1423,3064,34
74,1903,-33
1463,4315,-14
3195,3172,7
2206,2151,97
430,884,72
1472,2678,36
3482,2803,20
3181,3976,-92
4942,7,30
1731,2436,-24
36,1546,-38
1021,4924,18
1998,2090,-8
2761,4192,29
3118,2294,58
2536,4210,-63
4715,2592,-94
4266,4426,3
146,3575,37
4964,4041,-24
4516,3225,86
4669,1241,-100
1027,3830,-64
3666,3494,52
1287,3591,-7
2847,717,-35
321,264,-1
4096,318,-25
2294,2208,-96
1613,2525,-45
477,641,-59
3165,859,91
1827,4244,-52
783,1471,-55
4629,975,-30
1948,1286,-99
3332,52,-34
4675,4354,31
1594,1020,-39
1748,3623,11
2034,4344,-21
257,1913,-74
2992,288,-15
1418,4640,-34
4978,4739,12
4115,3902,21
110,4109,44
2553,4934,79
1058,2581,-30
4351,3517,-44
4734,1550,-71
2043,4935,99
2182,2667,98
4493,2454,92
3559,1568,43
1622,3753,13
3659,288,21
2695,2474,3
3885,436,2
4781,990,54
3285,3560,-27
2167,2406,-3
3887,255,74
4398,2010,-87
4323,1835,29
4452,4262,66
4797,465,-46
3393,4352,-75
2271,423,-57
3712,4294,-32
1587,4653,-63
1215,1896,-21
1646,1289,-89
1351,1349,4
3199,555,7
365,7,-84
3940,1766,-76
4615,2092,91
3200,3244,-13
1627,3174,38
3202,4831,45
1646,1658,63
982,812,-98
2396,1229,-18
2037,1963,-31
3553,491,-14
922,318,-30
3747,4314,10
3659,2549,7
3783,1841,-92
3996,1217,93
4457,333,27
4278,1177,21
1475,2601,-54
4659,3095,77
4410,2264,-37
2069,1067,8
3768,3433,11
2853,2791,-54
403,2462,-26
1148,3490,94
613,2670,24
1877,1674,-59
1614,2364,-52
3018,3969,-71
4789,3724,-93
1735,3502,64
3549,2815,-16
2920,349,-93
4936,2123,90
2151,4134,27
2381,3518,-90
1811,212,20
3202,3530,85
753,4881,20
2473,3637,61
1342,4101,66
505,1267,43
3483,148,-30
1970,1710,31
4050,3023,-5
4148,3991,0
3638,3465,73
2423,3837,-79
4485,3322,98
674,4524,-88
593,369,-19
2780,3981,69
3669,4744,61
2553,1471,-88
4179,3094,56
3139,2598,25
4510,4635,74
2501,3354,96
2794,1303,-6
4294,3325,-90
1713,1895,-38
2346,4063,1
300,2525,-50
4225,1089,87
1907,1327,-54
2486,4270,-97
207,1284,-94
294,3357,-14
1874,1103,-70
3759,1068,17
2089,745,-15
1773,3075,-71
2864,2491,56
4722,2127,-58
4374,3765,-16
3427,2863,49
529,3079,75
2134,883,3
1925,2561,75
4789,4792,11
1361,3835,84
863,2775,49
3217,77,54
2363,3115,-38
4321,3229,-97
3495,1013,-11
1968,4286,21
68,875,-98
1643,4358,-20
1021,3557,67
3144,2326,-18
1471,1726,-19
1383,3989,55
2931,2355,16
1337,3968,42
3167,2655,-50
1243,3228,53
1706,4396,-66
3200,2395,25
2595,4522,-21
3938,42,-86
1680,4734,32
1316,1849,73
4827,2125,-77
568,4192,-99
2705,2867,86
2452,4833,63
1749,1647,-56
4692,205,-6
648,3335,-7
2194,3660,22
2809,655,-64
125,2363,17
1538,1393,84
4576,3669,-16
4808,4840,39
1971,285,21
2763,1341,62
1818,512,49
815,3056,16
3102,4125,-29
4152,3812,54
1655,3366,-1
132,3079,-94
231,4638,-98
395,2263,-97
3574,4723,-93
982,4024,-56
933,215,47
1410,3242,32
2956,2269,73
4629,3332,-32
4651,2309,-66
2742,1838,92
2939,566,42
3421,3692,-84
2505,3899,-25
3034,801,73
3980,1279,88
3824,1302,70
4481,3631,21
712,4742,-22
2977,3505,-10
1472,992,13
3700,4725,-79
3187,2526,36
4750,2430,-54
1143,4915,-98
3982,2601,79
2569,3161,-70
1609,2140,-88
4634,377,-99
3823,1105,10
1898,2148,-94
2193,1614,-72
4073,2848,31
1092,3468,31
700,23,-13
4093,2704,48
1902,4012,72
2179,4866,26
733,3349,55
513,3770,-93
2688,919,-59
4097,1980,44
3757,377,36
432,1251,88
4495,1197,-17
808,1671,-32
1280,3141,-2
2222,3353,-60
855,2911,56
3213,4966,-47
2587,1357,59
4841,1767,92
2769,1366,20
4339,2365,-58
3341,3977,-32
3229,3842,14
1620,3245,-1
276,544,-85
4104,3272,48
3864,3664,60
715,776,53
2081,1621,30
810,4313,-78
3727,532,-12
3979,4545,81
862,889,-17
37,1914,-54
3812,4057,17
2082,393,63
455,1622,-66
4540,3458,70
3309,2364,60
4308,1349,-96
3212,2861,-97
2656,318,-43
982,4475,79
4392,705,99
152,3772,6
3295,1042,77
600,2875,54
1323,4245,37
1512,4654,22
2259,2510,-39
232,4007,21
2743,3811,47
4463,3025,-69
4577,4791,-53
572,4643,76
1203,2128,-75
1508,4614,21
1613,2750,62
3567,244,-73
4041,9,-36
1571,3655,18
1040,2694,53
1426,1324,85
4082,2297,-95
171,2371,-51
189,2604,-52
4882,3534,85
4679,393,-55
600,1252,-11
4942,2967,48
4018,4665,-5
3333,4340,-76
3577,3129,-5
2390,1167,24
954,2567,4
1626,3008,-38
1871,193,-18
4262,327,-35
2025,4121,62
4330,4198,-21
641,663,-68
1828,4313,-51
4703,4838,51
540,4026,-6
2366,4363,50
4439,4258,-20
3502,4774,-4
3948,886,-64
3027,3954,-1
4733,2295,-38
3538,3468,83
4175,1033,-38
2497,1472,-82
4287,2645,48
4740,4072,-62
2090,1149,3
3322,41,-18
3582,3757,99
2550,3757,53
1217,3411,4
4886,2967,78
3979,3797,-41
742,3281,-19
4186,3448,-9
1715,85,21
4045,4303,23
648,3419,-4
2798,4257,33
819,4546,34
243,2164,87
4315,4458,88
4105,2960,32
4526,2231,-10
3878,2724,35
13,2640,1
3018,1031,60
690,931,84
3139,4859,39
3741,2660,0
677,1822,24
3575,3810,-64
4304,1594,42
1324,1121,-84
2866,1682,-64
1003,1925,78
2503,2441,56
1766,4564,-98
1554,3443,53
2292,1208,3
1986,1167,20
4867,62,-56
238,163,33
3318,4648,-2
2393,1084,81
3556,239,46
1585,2616,-88
1308,2794,-44
2086,3787,-28
1820,2041,-18
32,3113,-16
292,438,84
3687,529,73
4388,105,-89
1643,4478,56
578,1239,-4
3910,3977,-36
1224,2265,-52
4077,151,26
2653,1794,31
447,631,-73
3420,4518,-51
4374,4742,-89
3042,1968,-18
2580,207,-83
1423,2823,6
2610,834,10
3082,3774,10
59,3742,33
3160,1501,-33
459,2636,-25
104,4322,-78
4927,804,55
789,1858,-61
742,3148,-3
3407,4612,-53
1573,1847,61
2702,4283,-9
4651,3720,89
4724,4035,85
3413,2587,61
2977,4744,-44
2135,2066,-72
428,4381,-11
1945,2980,23
1272,3971,79
4980,2953,-3
4582,4746,-93
4700,1243,-8
412,2692,6
1932,1968,3
2496,2405,43
247,256,-9
2818,2656,57
2172,1837,-14
3332,179,-8
2925,4184,-17
2061,4941,-20
3335,3467,53
4896,28,84
945,2745,-62
2248,54,-68
1263,321,-23
176,3631,-70
1053,3306,-80
2725,3825,77
2583,332,27
1318,1718,33
4573,3544,87
3368,317,-11
1675,3552,40
334,2909,-43
1265,2918,71
3178,4317,-69
2946,1363,-42
4781,148,2
4657,1733,-20
4219,2629,72
2666,4574,82
4936,4019,76
416,1210,-40
708,170,-61
2685,1568,-19
3367,4397,61
3504,3436,12
4443,1878,-12
2560,4053,-89
4945,3036,42
3972,3249,6
4631,3874,-92
2958,2192,47
1730,523,-12
1902,3553,10
4760,2707,-52
1042,2533,-87
27,822,32
2584,3509,25
1053,195,-53
1675,466,-44
3056,3026,-8
1659,3148,-41
4736,2538,99
3952,100,-20
3189,116,-58
1742,4476,-19
4088,2872,-10
4138,2111,-37
3232,1272,-99
1715,2691,-100
3197,1435,17
3332,1903,-37
3348,3024,-29
1987,2776,-16
3545,2594,-77
702,4940,29
1455,4394,-42
3787,4392,1
2472,3599,61
4261,4211,-45
3045,4048,13
3884,2927,-96
2941,3214,8
1821,2667,23
2803,1827,82
3796,1026,18
2464,786,-65
3372,4131,-29
336,1801,-7
1925,3290,82
4977,361,37
3861,4390,-16
2789,3398,73
4126,1227,-49
3607,2641,89
1541,3650,31
575,4357,83
221,3204,-90
4923,1801,4
2014,3397,77
2642,1417,88
754,4498,50
1021,336,25
1489,3010,12
1962,1962,-71
3484,844,22
438,1641,-13
479,4141,-76
783,1125,-71
4168,4712,66
4678,2310,-27
220,765,23
1028,1701,38
290,2340,-28
380,3728,63
3974,4630,11
2852,1093,79
1379,1605,-96
1959,1270,-25
2128,4671,41
66,4333,47
2184,3403,-81
4495,531,71
3775,2791,-1
4443,2513,-76
3920,1253,68
778,3942,9
2567,2430,26
1904,4223,-32
2762,658,-10
3852,1865,-99
79,1169,39
1582,2601,-73
2163,2487,-57
986,2456,40
1486,2844,-16
2621,1731,-58
965,3812,-46
2548,4043,35
829,3239,23
3174,2690,-37
2674,3334,16
1719,3333,-89
2433,1199,-60
1229,1381,-57
2411,4866,-90
3779,1191,-82
1841,1343,24
498,1655,-41
537,4754,99
3306,3407,54
1165,989,98
1972,3546,20
3528,3217,54
300,1078,-87
2387,122,51
4399,3196,-37
3964,2215,51
4688,2992,29
4172,834,79
3860,1679,-6
914,2070,-89
4876,1885,92
3696,4057,87
921,1963,-43
1524,4024,-7
1750,408,-59
3618,4578,-100
2701,2370,49
1006,2163,5
1702,2320,-29
3303,3240,40
804,1893,92
3367,2298,-63
2893,3839,91
3499,1490,-25
4968,2053,-49
3163,4010,10
115,1901,-21
3330,1822,-17
4469,2911,7
4946,4361,59
2138,1273,54
4853,1887,-3
31,1833,88
1806,2867,-15
3570,697,-39
1437,4837,-98
4786,2365,-20
3429,4870,25
457,4215,-10
449,1770,2
68,2842,9
4090,2250,-6
1863,3125,-70
1803,2365,91
4970,3745,69
4563,1118,-43
3432,3164,-58
128,813,59
4829,38,57
3826,2461,-18
1268,4339,26
4011,3720,88
1043,855,55
3739,3947,-56
368,2249,37
2605,2355,43
2641,4043,58
4908,1798,-91
59,175,-27
4257,1713,-9
103,3020,-89
4942,3064,55
4508,672,-83
786,694,79
4279,548,55
3946,1123,-73
2447,3298,91
957,3987,-87
2703,2597,-93
437,4369,-1
2366,3024,-98
4702,784,36
497,1210,-54
1367,940,-38
2866,4548,67
1852,1529,-24
1023,94,-15
3131,1331,20
2845,1762,51
1490,2222,98
2335,2743,-88
4433,1097,33
3390,2104,78
203,2743,-41
231,4730,-26
3635,2292,56
3129,4300,-85
2692,3663,91
3492,16,-16
2963,126,-46
2328,3423,56
4905,4175,-23
4562,3573,-46
2785,789,87
804,2353,68
4362,1512,-92
3724,4221,-95
2902,4714,1
176,4838,56
1445,3718,45
4004,81,-77
3533,1645,-50
4350,175,-84
1544,676,-80
4999,348,-18
2155,1913,-39
2106,1391,-10
3414,1559,16
3362,1439,-26
4180,2926,16
1141,4820,-47
4808,4704,38
1762,3793,70
1941,358,20
1807,3398,35
4997,1089,50
3174,293,20
657,991,-48
2504,3403,-61
659,2577,-92
2839,820,51
4947,3491,-25
4237,4226,-25
2454,3621,29
1055,3429,-31
3042,2508,-97
4004,4689,-40
2339,2990,25
111,1925,91
1719,4710,-65
4292,4635,-60
126,4357,2
262,3645,65
2935,3208,-19
2203,2657,42
1605,1685,-53
4204,1251,-4
2083,1813,57
3943,1843,90
655,228,-76
2464,3899,-97
285,2306,-83
2566,2874,72
3802,3292,19
27,1260,-4
2275,3461,-17
3868,2393,92
3973,2698,-28
1592,2515,-36
3382,4285,10
4944,3440,-74
1129,3170,-13
4114,665,87
2137,4117,86
157,1184,52
1290,4525,61
2182,2633,-51
2512,3066,82
1772,1890,37
1156,3119,8
2789,4319,85
2977,960,-12
3500,158,30
2914,2008,-15
204,4897,3
1823,722,9
1360,1255,19
2545,2346,-13
442,4541,-45
1316,105,54
4038,1662,-11
1149,4979,43
4967,1092,-63
1199,538,4
2917,2721,80
3886,4897,95
4176,1065,-78
2860,1572,-18
2963,3016,83
1368,3447,-13
4666,1430,-48
2910,242,99
2217,1363,94
3406,2068,46
3060,1879,-97
2284,2889,56
4495,301,72
821,4261,4
3061,2829,-80
2525,3763,-47
4941,3689,25
2633,2401,8
2663,3159,-49
2826,1021,45
4454,1550,44
3130,2919,-57
4015,878,6
4617,3081,51
4489,3535,12
1667,3608,33
3401,1321,54
3583,3104,74
2201,4527,73
893,2837,-10
3951,2118,-10
984,1135,62
583,3161,84
4116,4098,39
2641,3128,-72
1974,2718,-44
3418,2592,97
4115,190,-46
2416,2770,64
889,3555,-30
1884,3380,97
4822,4118,-48
3823,3558,-87
147,1570,-80
1717,3926,3
2478,1488,-87
4944,568,-48
1464,3824,14
2246,3505,-5
1311,2623,26
4661,4902,94
369,914,-16
1264,4864,-7
2850,48,75
2748,744,10
2566,2734,83
1819,2673,66
1888,4477,0
3784,4406,68
60,542,75
545,4863,55
3065,1207,-99
1231,184,-79
559,4010,98
1513,1982,27
670,4735,-5
258,4690,22
1071,1257,88
1051,2752,-21
4039,4097,-65
4023,3577,93
145,4815,-20
2635,3781,-52
2570,283,-98
801,3601,-78
1486,1210,86
3749,441,0
2430,3808,55
2824,4735,8
673,474,4
3975,1858,-29
3490,2780,-68
4423,4756,25
1415,4388,-33
3369,4343,-30
4726,1942,-90
3895,4284,35
3847,1547,-81
2029,3356,-39
1195,557,70
2025,4343,2
1358,3478,-9
2811,3231,-26
569,3339,13
1946,1827,20
347,2199,97
408,3357,-94
4229,4076,37
3754,4220,67
614,3812,-97
106,1895,1
2219,1753,-82
3800,4755,9
4358,3802,65
3914,2656,-79
494,3519,2
3869,1481,28
4386,2579,12
3335,4821,80
3921,1554,48
1869,646,34
1439,1827,-94
1353,1550,-24
45,1699,-78
4911,3571,87
2381,4614,-11
4561,3427,-83
200,3705,16
4425,3225,-30
2288,4425,-35
4894,4786,-48
4798,4575,46
2631,391,91
2769,4508,41
2408,1282,-76
3792,4965,-68
3294,507,75
2847,1723,-62
3312,958,21
2552,1735,11
1438,763,7
127,2556,32
1621,2612,12
3320,3694,48
482,1760,-42
4379,2890,19
2122,1343,-24
3136,4081,-87
2821,1637,90
2372,3510,-47
239,550,72
1421,2006,77
341,2184,68
3351,2566,-9
2994,759,26
4988,324,28
1487,1926,29
4558,111,-29
4076,1824,40
4894,3622,46
733,1139,-50
3479,1721,25
162,724,-99
2496,2413,-91
132,767,96
1858,4928,17
1243,3382,-71
3489,2161,-36
672,1294,8
505,2368,-57
2157,4018,-59
1262,4271,-98
293,1959,10
3651,4222,57
4924,995,64
4283,1852,-73
1060,2977,-50
2304,3872,14
2796,3224,24
1202,4011,-88
3314,4295,-61
2089,1223,53
3429,4783,3
2161,1477,57
4950,4878,51
719,941,-63
1847,3252,4
878,818,9
3268,3917,96
4498,2071,-85
64,637,9
2700,4807,-46
2934,2377,76
373,3676,26
4028,3402,-21
306,2521,-49
2515,2526,-52
932,2636,91
1991,4215,-53
3657,260,-27
1416,2997,-19
362,756,-63
2769,4102,-84
716,66,-60
1646,4078,-47
543,2779,-61
1548,1170,-70
2242,4125,-11
652,1667,53
1051,660,-25
4743,4996,45
1853,5000,-66
3002,3542,22
3085,361,19
2097,3798,-45
803,2074,16
2655,3362,-71
1681,2119,72
1608,3934,-26
3523,3761,-49
2058,177,95
2722,4041,-46
4822,1313,37
2564,4671,81
3613,4000,-67
203,3048,90
942,531,58
589,3556,91
571,3506,77
3005,4589,55
196,3418,6
1346,3651,-64
418,1262,59
1643,2887,-66
1366,4943,84
9,4389,88
532,256,-16
4245,1779,-69
1553,4761,-93
1036,4361,62
4572,1981,-78
1618,1588,-8
3717,3553,65
1077,401,-82
4302,4873,81
4016,3638,-56
2963,1215,-65
4841,1148,76
913,3949,87
4150,2451,-45
4071,3394,-37
3562,3143,-39
344,874,-42
1193,374,-100
1933,1195,-4
703,3528,-24
1899,4958,-96
3594,3482,46
199,4397,-43
3233,2150,-44
2823,2058,69
4485,3113,-28
474,2418,33
4861,126,-16
1655,2833,-79
592,4479,-48
1849,450,-44
3042,4619,25
168,1010,2
4380,3779,11
3271,942,-50
4008,3604,-96
4011,3981,49
4987,4369,13
3849,502,34
2182,3819,-37
1655,1251,84
4218,2389,-75
833,2320,-76
1022,3196,-32
1994,2958,59
3493,1197,-93
895,3275,-92
1516,1057,-47
3671,2259,-81
289,4909,95
1077,3049,94
1372,3123,71
1075,1907,68
4935,2940,69
2960,3479,38
40,541,11
4275,518,26
3623,4229,70
183,424,35
1760,858,73
1770,4178,-67
4801,2837,-33
497,1753,42
597,1667,45
2509,1864,38
3827,4462,46
4570,2414,-28
685,2119,-76
319,4422,49
3627,1350,89
1436,2892,64
2404,1071,37
2665,1754,-20
4325,2137,-49
729,3859,-24
1288,1421,-33
4002,3488,-73
561,2942,57
1376,4266,73
1466,1389,67
2507,620,48
3887,3400,42
25,1257,30
1155,4778,-20
4466,3719,-4
1460,1011,96
4707,2684,-93
1221,426,36
2157,4025,21
3292,217,-11
720,610,29
1106,4454,64
3770,186,39
2480,725,-82
1921,4966,-74
3080,824,51
4732,1768,93
3170,1978,-85
3173,4775,-99
3331,3890,48
4452,1185,-91
2059,4380,85
3322,184,5
1871,3609,-84
3622,3767,-94
1146,1620,-55
3992,4327,77
3374,2436,-91
125,735,-85
312,158,-100
775,1342,36
2921,3493,-88
1832,3255,88
694,1076,75
1377,1862,43
990,2630,68
2847,5000,-71
1753,2965,-29
2960,889,82
2454,1134,-90
3044,4239,12
1717,4303,79
1627,166,-26
3089,3757,-53
3332,4490,-94
4029,121,81
890,2998,-100
1379,4509,-14
4585,3212,-69
4276,1976,-39
1708,3156,42
2365,421,-9
232,1730,88
1813,2836,-23
1613,4364,-24
4427,2086,83
4657,2386,-67
2997,1778,47
248,2378,17
4379,4295,-77
2080,2858,-73
3742,4101,-90
4626,1456,57
4477,989,-63
63,4991,28
4224,1891,20
1552,2483,96
3006,650,60
3323,1829,8
295,2429,-36
4275,4675,71
4325,2318,-37
883,47,-92
394,4461,-69
2740,2116,-47
3468,2255,24
4168,73,-75
4414,3458,-39
3971,2023,8
4691,4086,69
4475,2078,75
4232,1027,33
2778,1544,17
3693,4617,-71
1402,4497,50
906,2037,2
530,4750,-76
4619,848,40
3722,4081,52
387,1496,-84
2622,935,7
573,1396,-74
644,539,38
4072,3420,33
1293,71,-22
3596,256,-64
4643,2195,11
2486,902,5
555,670,99
2159,1884,19
3394,140,64
2575,2703,-42
2225,2669,-91
3610,1447,-100
4720,2919,-49
1989,3904,45
944,4160,-14
4569,1295,-96
994,868,27
3460,2883,1
1122,4609,17
3447,1417,16
4266,3073,2
56,3333,-8
1757,4964,-53
658,4874,-68
260,2583,84
4737,359,2
2610,1501,-76
3910,1939,-57
404,815,-10
795,596,20
1562,227,10
1184,2996,-35
2642,3836,27
2665,4913,95
4810,3319,52
3608,2065,72
1958,2352,-78
2094,1538,-1
1753,1365,68
5000,2829,-14
3563,1085,19
1695,267,60
856,1271,20
1296,35,-73
4756,4882,-93
3622,68,56
4207,189,11
1039,4137,83
4597,4704,42
4514,683,-86
4371,2955,-64
3448,3139,46
3433,1332,6
3749,3191,86
2242,853,78
3531,3059,19
4895,757,-16
1964,3997,62
3016,1695,17
3568,1308,-9
3871,2596,-65
4865,1219,80
1485,484,-21
4235,4684,-89
4957,3989,-73
2340,3550,98
335,1122,-68
1859,282,-26
1208,630,-22
925,2467,82
2946,4319,-22
4440,4176,-51
4753,4922,-72
3586,2730,-43
4357,3465,-75
4028,2382,-78
4265,2937,-84
4756,1352,32
4296,2306,-42
4678,3439,43
4662,837,2
3843,3450,-7
2399,4551,48
28,2067,-96
3951,3002,85
1899,433,-75
4728,4348,70
2428,4892,11
1626,3915,25
2576,3634,86
2037,2958,-15
1311,2786,85
3356,221,8
3721,2161,-99
4903,4656,-57
2275,2245,5
2075,3809,53
89,780,8
3805,2263,-57
122,4732,46
4962,1040,-52
33,2281,-10
4699,1804,-20
696,1389,84
3842,3509,33
525,2119,50
247,3784,-19
3927,4056,-58
3102,1583,-57
2097,4018,-35
1963,3446,-56
2960,458,-82
2228,4307,-97
1394,2819,-4
1908,3332,-3
2024,677,-5
4834,2143,84
2479,1414,36
4460,906,0
982,3392,-53
3224,3992,63
227,2223,94
1267,112,-83
2058,3380,-61
2252,3874,93
2942,3152,-36
157,1945,51
2074,2501,80
4064,413,13
761,4069,69
774,2652,-48
1553,186,-39
958,1577,89
254,3159,95
1570,4078,25
3219,51,13
4214,1170,62
3237,4451,84
4646,36,-40
4966,277,39
808,2465,-52
4917,889,49
1782,404,-11
1222,4610,-33
3664,2614,-30
3201,2489,50
880,3986,-6
1,3040,34
167,2123,25
2064,1173,-79
2705,4610,2
112,2588,-61
3440,290,46
1126,2229,-48
2642,2314,-71
1430,4179,53
2044,1885,22
4603,3837,68
1635,1584,19
671,1670,49
3112,2247,-40
1691,648,-28
3958,3155,-55
965,266,-43
281,3489,-72
4447,2918,-48
1967,2779,45
2809,4957,58
1965,19,-69
4824,3602,-92
3391,4467,-64
823,3095,-93
1438,3828,51
2062,4715,-33
3866,643,-49
4295,1546,-55
4774,2427,-84
4037,817,-80
1465,2872,-53
78,2138,-92
2160,2192,96
4631,2669,-96
3188,864,-95
1166,4300,99
790,3628,75
1564,3592,-55
1323,3373,-4
1503,1931,11
1492,2201,0
1660,529,90
1316,4063,30
3063,4435,58
125,3584,22
3063,1533,2
519,556,34
2071,3893,-85
4258,2801,-9
2677,931,21
2554,2599,42
4978,4194,-94
3936,793,-2
1045,2470,11
1788,4036,65
3536,4176,35
4579,4384,83
1967,2895,-3
2357,1770,28
4970,3918,46
2251,3151,-82
3488,4167,-14
142,4359,-97
1004,712,91
2155,2578,29
2015,4881,-78
4625,4306,83
3609,4051,6
969,2165,-19
3926,3149,78
3959,4411,-20
2736,1947,58
805,1573,-43
1335,4357,63
3985,3646,-89
668,200,20
385,2378,62
3125,4069,-97
1609,90,-73
3255,591,-68
3441,92,-27
2749,3658,58
13,2104,-96
3008,3816,-91
2208,1966,52
4168,4157,68
2146,2165,-84
1866,590,88
101,4332,-41
4080,2081,-68
4377,3639,36
4979,3315,77
1313,786,58
2797,4117,32
4705,1889,73
450,4046,10
3440,3785,31
3502,1178,-70
3168,1278,-97
121,2966,22
3438,302,-83
3857,2345,-19
1076,4869,-67
4414,3216,-53
2723,3316,-38
702,4515,-87
3349,62,-11
3669,858,-14
3266,538,-68
21,1341,-20
2447,4792,69
2250,818,27
2514,3108,59
3223,975,11
4992,4638,-2
1183,3653,14
2358,3304,70
2552,1712,84
2074,790,42
66,2081,-51
4359,581,15
472,2042,-30
2215,352,-38
3226,2303,-31
343,1074,36
718,2032,40
2461,4369,3
3737,1883,45
3256,4346,62
3266,1261,-100
4090,232,24
2531,957,13
3633,4730,-65
1056,4338,94
15,2182,-55
3390,1095,64
3315,3930,99
17,3537,21
2582,3493,-19
1780,3382,56
1950,1303,-57
81,4315,-8
3080,697,-33
1019,307,-25
780,2024,-24
1825,314,41
3865,3475,-23
2470,1403,78
2514,4377,-15
2131,3399,-92
325,35,13
3491,2118,-20
677,360,-13
2012,408,-32
4889,4676,61
3617,4702,5
3134,3110,-36
2705,3934,-74
1195,2093,67
3076,137,35
905,2871,-95
4598,979,-48
4895,4916,32
2905,1485,81
3301,2415,16
1124,3377,45
4317,467,98
3058,4934,63
2271,975,-4
2725,4719,27
2259,1923,-47
3863,2598,61
931,2652,-69
3647,1800,-50
4982,1016,30
4358,1749,-36
1272,3318,-16
3813,685,-88
798,3151,-93
3135,1457,71
3464,369,57
2588,4447,-93
417,4614,-43
4134,1345,23
2356,4118,-10
4942,179,2
898,2756,-14
53,1133,35
606,1480,-40
3678,3067,80
4548,4029,98
461,4627,-25
775,2412,13
4031,1921,63
3328,2473,1
3323,959,6
2695,3288,-7
3519,1072,-27
485,1489,89
4188,4768,46
1188,1934,-83
3728,2017,71
3997,4975,12
2993,3938,47
1710,3036,-99
1990,3262,-71
4274,2200,78
4346,1400,71
4861,2303,-54
3639,4854,-58
2715,4283,-90
4187,879,69
339,4769,-82
1662,4972,30
4265,4214,-97
3695,3695,10
4876,871,65
170,706,99
4234,2690,61
3100,2260,-50
4615,4582,58
3013,3868,3
2611,1578,-18
2474,1968,-64
3762,1253,71
2689,1253,-42
4805,3050,7
1291,4439,4
2036,3129,-83
107,1667,-76
2608,4390,37
2186,28,96
1689,3610,-76
6,1620,-17
523,2907,-50
3344,1345,80
3896,3914,-91
66,3786,76
3411,4669,24
2982,3769,65
4594,3830,-9
2816,928,25
2018,1779,12
1743,3104,13
3510,2445,-55
4082,3089,-31
3535,4466,-90
2783,164,-18
363,4000,43
3282,2758,59
1635,3574,29
525,351,-43
4927,201,-16
1723,2553,65
420,3929,-22
4229,1052,84
3865,4433,-24
1068,287,-30
1401,2679,15
1420,1796,86
3134,3559,84
3637,107,-34
4003,2554,-86
630,3514,-17
4417,117,85
1835,1269,-98
4132,741,-43
2354,23,-74
3056,361,42
2941,4094,87
12,4796,-98
2131,1451,55
3104,217,74
1432,2755,-36
3158,628,80
1435,3268,47
957,567,-90
3859,3759,-76
4809,2491,90
3635,2021,-97
3904,3531,-18
241,2507,-47
1956,3556,-41
2013,2192,55
4992,4410,37
4066,2923,63
2804,729,-21
3904,3329,60
1025,474,-42
601,4781,72
2330,606,78
2699,3571,-55
4695,1243,40
3027,3603,-8
1143,3755,31
1012,4371,69
1104,3879,54
1647,1900,35
1701,3744,4
219,4848,-55
3589,2265,35
727,3146,-75
4614,676,-100
812,4054,11
4910,710,88
4710,923,-11
4522,3400,-62
1584,408,36
4038,4244,-74
883,1110,97
432,3593,47
4035,4599,92
948,1789,-85
3908,3960,95
1668,1491,-34
2983,3585,-79
2540,3851,-28
2114,4201,83
391,1482,19
83,1281,84
1003,3943,81
481,4855,35
777,875,34
4090,112,-25
1755,202,-100
1249,4714,81
1137,2654,39
2700,995,-87
3257,4121,46
1536,4753,-82
3245,1532,-24
523,1390,7
1695,531,-27
2253,1618,10
4838,4142,24
3610,365,-8
278,3372,55
148,2825,42
4874,1373,-38
4515,2858,-78
2586,2238,70
3655,3475,-91
3621,4445,63
2440,4469,90
940,3577,76
3710,3363,41
4338,4044,-5
1224,3976,-67
3364,985,-6
3024,2159,-62
1818,1527,59
3373,3373,-21
684,1037,49
1233,4619,-1
3386,3174,62
617,1990,-78
2074,2245,-76
2911,2103,96
2018,2231,33
4224,1043,-11
4509,4459,87
2185,2521,-95
1358,4105,-82
4667,2708,-82
3064,1330,9
2469,3656,10
3921,3906,-6
4237,1081,-14
1940,3606,39
3857,824,-88
51,3620,-15
2977,3251,77
1361,2116,94
3737,3568,-25
3803,48,58
3803,1441,-24
366,3736,-78
2956,945,-31
3046,3269,24
2004,3642,-43
2902,3120,94
258,1984,98
3460,355,37
45,3306,-33
269,4533,71
1335,4796,-31
672,1918,-19
3639,4186,98
235,369,-93
3208,2987,13
2401,1193,-73
1418,1387,82
4371,3994,-34
3255,3003,66
440,1897,60
4968,2548,13
651,4800,-21
34,1554,56
2753,2811,44
4963,3033,64
3033,112,33
4928,4073,73
1111,1064,-87
3282,4198,64
462,1393,13
322,1198,6
4511,3898,-25
1875,341,-18
3040,2862,-16
2238,4292,-72
4022,1206,-52
1257,1575,-99
2440,3307,97
4010,4601,-12
3241,1541,-31
4264,3585,92
3303,4054,-55
2712,1927,-38
1410,3520,18
2429,1406,-16
1833,2014,48
2025,448,-74
3347,1721,90
4994,3868,-78
3932,4094,-1
2912,34,-62
4958,497,-43
4246,2912,-56
3214,1404,41
2164,3220,49
4920,2711,-84
1453,1603,56
2754,4686,-63
2902,4773,-11
3072,3713,-70
4047,3603,-3
306,4097,-43
1385,2335,-10
3368,1280,-84
1575,3246,19
873,4950,-78
169,50,47
1604,2665,-5
1031,1775,-97
1735,3589,-28
4443,4047,-26
3668,66,-52
4831,4224,8
1277,2745,-75
543,188,-69
355,4674,-73
4809,4040,-50
4037,2889,67
3440,4858,-64
584,667,78
511,933,-44
947,1971,-21
3474,3853,-29
1199,4141,94
2872,2177,-98
3996,618,90
3922,4859,39
4174,793,10
4536,1251,-10
3304,3994,-50
2448,2445,38
3285,2323,33
1217,4234,39
1291,1351,-76
4222,2831,-75
502,2276,85
2872,2207,-21
387,1918,-65
412,3835,63
2007,2078,-80
2148,1122,-52
3869,609,-17
1339,769,17
353,784,-41
4965,2930,5
3189,2390,89
1303,168,22
847,4780,-82
526,3257,38
2525,2480,-23
1879,4135,-1
4106,980,30
3631,2435,84
3810,4023,27
2820,2817,6
2908,791,96
3078,4838,80
3831,1475,93
1059,3187,39
2490,4002,-39
3649,2449,-56
3265,3675,-44
3602,3381,29
2294,1127,0
675,1751,82
1879,4198,-82
1012,4751,-40
794,3162,51
233,3190,-96
3028,752,53
3610,1233,62
2174,859,-82
3385,4415,-70
4607,3861,71
2329,4729,46
798,3942,5
3685,2700,-20
4488,2001,39
4478,240,62
2590,2191,-11
4702,4215,85
4212,4692,16
509,2016,24
1464,163,-29
3363,4750,3
3111,350,-76
1048,31,52
4872,2139,40
4436,2176,-59
169,2827,42
1562,3620,-78
3173,848,-73
575,792,11
1743,509,-88
4571,4841,-5
4017,4836,-26
2359,4333,71
4025,1013,79
531,3025,-66
991,3071,-54
2121,1075,62
4965,469,-51
2442,1916,-14
2529,4484,-61
2521,736,-24
4409,4750,97
1462,2857,-59
952,4478,42
965,96,-41
2135,912,-43
4455,4883,96
695,4389,-68
2245,3307,67
2804,4437,-99
3912,719,60
3025,3005,52
1409,1374,-42
4594,2429,54
2979,3682,83
462,2810,11
1618,3220,-76
417,2614,32
1389,505,-39
4368,2266,70
4488,4061,3
2595,2985,95
4821,2797,-23
1747,4932,4
3502,3927,-10
2860,3809,63
3979,489,23
4491,2259,-3
4758,2714,37
853,4355,14
3291,1251,49
1712,3961,-15
2526,1415,-73
3647,992,-53
2031,400,87
237,4405,-17
1057,4056,-38
2261,4100,-99
2427,1568,-78
1026,3818,-50
909,2274,11
450,1126,-21
569,3324,55
3499,2604,15
2861,3500,-100
2327,1566,42
4310,919,-86
1309,4620,-58
718,4622,32
970,1316,99
3346,4120,2
2486,1655,24
3656,3459,-63
2719,1614,-38
904,242,70
1451,4299,-50
1456,4333,-23
4231,951,-18
532,3070,53
2268,294,-4
333,4306,73
1322,788,39
4053,1633,-8
1709,3074,39
3527,4071,-72
401,2277,4
3631,4506,-40
3038,3315,-60
3992,1492,47
1479,4554,-55
1915,2602,57
1058,2261,-62
2994,1832,-61
42,386,78
4897,528,-99
2171,1412,92
27,3351,55
3534,4198,-50
2619,390,19
1171,1226,-93
3699,3639,-70
711,3793,-62
3200,841,87
2424,1378,-18
2019,235,43
4761,114,-78
4879,3139,38
2899,809,20
2048,2151,81
1559,411,-32
3595,1319,-89
1723,4087,-65
4053,4904,-44
1652,1588,53
1779,1061,-9
684,67,93
1280,2254,-11
2295,341,-97
2011,3978,43
1216,2474,-79
2583,956,91
1894,4305,6
314,2011,-31
3995,1889,38
444,369,69
1672,1763,-16
2917,994,-62
3267,82,74
4678,1188,49
4644,377,-71
3096,3,57
4561,684,60
1865,3190,3
716,3728,57
892,764,64
3808,266,-48
501,2483,57
2783,2730,53
2641,725,33
4503,2841,-47
1354,2424,83
703,2414,31
2334,4863,-22
2195,2476,-65
2010,1065,-38
384,2292,30
2059,2893,-44
2324,4399,-21
886,4466,-85
1592,4947,67
4399,2323,80
2252,47,19
4441,2165,33
1784,3662,48
4922,2565,-92
4118,3326,90
2584,4928,70
1730,2667,99
263,756,-73
2632,3245,-56
3827,1453,-43
2431,905,-72
392,2455,-6
2937,3488,20
3673,4061,81
540,3764,-44
1116,779,-68
884,1791,97
4324,4928,91
2420,1602,7
1400,4740,31
1577,4509,-85
2085,3844,30
4787,3676,-12
1536,3858,90
4754,1006,-20
90,2701,49
4191,232,-19
1655,3654,-5
1902,4587,45
2680,2134,-44
2171,3837,52
366,1691,-73
3961,1224,67
2373,4971,50
519,2204,35
4992,898,40
3711,1870,71
830,152,20
2634,1352,-54
271,172,-91
2987,1430,-60
3539,4858,94
4565,3434,-27
4815,3200,76
1008,1899,91
2318,1360,-86
605,693,88
4474,100,-27
177,3443,-49
2322,3050,73
1715,1921,-42
637,428,75
2624,587,17
4156,2968,-62
2779,3205,25
3753,256,-59
661,1474,-50
4366,721,-51
3188,2001,-9
4341,3008,4
4756,2628,-35
85,4503,68
3671,2290,-43
907,4211,26
3522,1732,-97
1876,4902,76
3959,2178,30
2137,1581,-69
2597,3227,74
854,994,-39
507,1997,43
408,4591,95
524,1853,-83
3051,82,33
2398,3851,5
2900,3013,-36
328,2717,-21
1836,1456,-64
1310,1198,-28
4719,3113,90
2536,2917,-20
2042,1312,-1
2535,561,-42
2193,2105,-6
756,2054,61
146,1599,-64
3823,945,61
3575,579,72
1628,915,0
4924,162,28
1859,775,-48
4723,57,-39
3599,1190,42
630,4045,-50
3167,546,-87
3519,2981,7
4353,4907,-3
3915,4143,-42
905,1414,79
2618,2416,-100
2790,4084,44
108,3389,-45
1043,3204,32
1389,1413,44
1677,2630,-83
4256,572,-12
4196,1741,-46
265,3928,-54
3822,348,76
2798,845,50
3121,2666,3
677,4593,-80
4895,4792,56
3487,3591,87
2707,2500,73
3970,543,-1
608,216,-91
3426,2901,-17
2395,4394,-48
2860,1370,26
4897,286,34
1161,3060,-71
1848,4222,-8
4058,51,-46
1492,1726,-36
2022,4567,-80
4599,1400,-94
3016,3437,-57
4567,3304,-33
2738,2718,2
2049,1330,42
4206,4534,-3
3955,3323,-99
894,2899,0
1088,2390,30
4852,749,75
4149,524,95
2310,655,-54
3601,4602,70
2934,4495,-1
2282,2954,-74
73,3190,31
1381,2109,-65
484,1939,-18
1030,1205,-3
3782,4040,-21
4973,4083,79
3780,4063,72
1832,265,-50
4955,3335,-15
2021,712,59
779,913,-99
3476,1735,-84
4724,1446,-78
3278,2137,71
410,332,-55
1060,3850,39
2310,3835,-47
1601,152,-88
4988,708,95
4544,421,-30
2234,253,93
1653,999,-86
1298,3556,-39
352,293,51
3223,1241,-31
2432,169,88
465,2782,-30
2514,37,99
3167,1445,30
2210,4392,56
556,2368,-80
300,923,-47
3867,1821,33
356,2443,20
564,4745,-90
4010,4379,97
4889,1663,54
1023,999,24
1191,4182,87
3211,4303,-29
1905,3947,8
2037,2525,-74
1027,131,59
256,4232,-8
2419,3418,-68
2564,2218,-96
2952,3017,-92
270,1187,40
928,4295,-7
64,4835,17
4556,2813,-12
1043,1518,33
4189,4199,2
4869,4644,-27
810,6,63
2042,711,24
3089,12,77
1647,2151,88
4936,1714,-53
488,4523,-18
3082,4267,-90
1748,4185,44
749,3419,29
3838,4951,-94
528,3283,4
1168,3605,-44
4650,2648,-70
4611,3597,20
3542,3983,86
4473,178,73
3740,2611,-20
484,4514,-22
452,554,34
4070,3390,-7
4398,242,41
3134,4000,-6
1774,1380,-92
999,1597,-92
2066,3530,12
398,2005,21
1804,1947,29
2152,1301,7
1947,3090,-15
3718,3396,-85
3416,1071,-99
1395,4918,97
4129,3785,50
2422,1789,25
3920,4288,17
3084,1773,55
2789,3806,27
1845,2215,-58
1805,57,-38
890,238,24
2504,733,44
1894,3890,63
1667,2825,-82
4345,1228,32
3066,4238,-78
3642,2455,7
3076,4912,-82
1260,4306,27
2221,768,28
2419,3384,54
2839,2425,-58
2797,3425,-76
787,4549,81
3368,714,-95
4936,86,-20
2448,1579,-25
3130,2017,-76
1899,3487,18
4504,3428,21
3585,3715,73
4160,4740,2
3950,1272,-42
2468,3814,18
2194,1625,-46
17,2409,51
3023,4846,-26
4994,2852,51
1267,1398,30
479,1966,67
4297,4157,47
3978,3242,-14
3545,1531,96
4275,775,23
4549,2462,-24
486,116,97
4089,1350,93
4674,2746,-8
338,3244,96
861,2848,-22
2004,627,-93
1472,4619,-3
2043,1640,16
3429,2223,-46
3121,2946,-64
1520,2422,-11
702,4728,99
4389,237,-87
4036,3058,75
3745,968,-12
1174,4539,-34
1606,2832,59
1880,3928,63
3394,1020,32
2125,2007,-22
4992,2894,21
4643,1563,-83
1447,842,-90
3307,4731,-27
3402,2204,31
3784,813,25
2373,3900,47
151,3762,32
1660,3198,90
879,1710,81
2320,1065,92
2884,4282,9
3996,2509,40
2416,1719,-28
1516,3333,-98
3388,2594,-99
590,1473,39
588,699,-13
2620,945,-45
1196,137,-43
4354,1226,79
2327,4989,42
2606,2703,-100
2539,4717,99
566,2205,12
1757,3327,-30
4076,2229,1
1361,2457,-56
2569,4949,43
2374,3803,22
1196,3100,-84
2132,3735,-71
2889,4967,-64
1568,4708,-83
3411,1539,-90
2368,1569,-41
3344,3271,86
3098,4165,97
1261,602,53
1334,2065,-21
4329,4975,-63
4645,3907,36
3337,546,-55
3085,184,71
