1438,2704
2704,1438
2222,2786
2786,2222
742,1954
1954,742
1238,3289
3289,1238
302,864
864,302
2273,2687
2687,2273
3169,3239
3239,3169
17,1900
1900,17
664,1482
1482,664
1531,3282
3282,1531
313,730
730,313
321,2540
2540,321
1661,2345
2345,1661
1924,2984
2984,1924
705,961
961,705
1,1811
1811,1
1442,2651
2651,1442
616,2838
2838,616
1065,2701
2701,1065
1381,2412
2412,1381
2379,2746
2746,2379
507,1619
1619,507
257,690
690,257
126,2866
2866,126
2319,2816
2816,2319
321,338
338,321
3201,3204
3204,3201
1568,2359
2359,1568
1345,2058
2058,1345
42,2845
2845,42
1028,1856
1856,1028
575,1093
1093,575
2347,3036
3036,2347
246,1857
1857,246
96,341
341,96
628,1922
1922,628
5,2697
2697,5
1352,1953
1953,1352
865,1606
1606,865
961,2068
2068,961
1003,2213
2213,1003
781,2137
2137,781
126,1122
1122,126
828,1394
1394,828
1089,1435
1435,1089
867,2325
2325,867
3,5
5,3
3229,3279
3279,3229
178,531
531,178
1026,2089
2089,1026
2863,3158
3158,2863
516,526
526,516
776,3311
3311,776
1448,1903
1903,1448
44,2867
2867,44
1019,1497
1497,1019
1220,3244
3244,1220
1029,1690
1690,1029
2266,3289
3289,2266
1469,1962
1962,1469
872,1743
1743,872
2205,3050
3050,2205
1281,2665
2665,1281
400,701
701,400
1949,2077
2077,1949
130,2274
2274,130
445,1117
1117,445
1654,1900
1900,1654
742,2801
2801,742
470,2342
2342,470
315,3222
3222,315
62,827
827,62
700,2575
2575,700
611,1005
1005,611
898,2267
2267,898
946,2981
2981,946
503,2640
2640,503
1224,2962
2962,1224
666,1880
1880,666
1856,3138
3138,1856
326,2980
2980,326
1150,3161
3161,1150
91,373
373,91
427,1719
1719,427
337,779
779,337
738,1877
1877,738
1550,2987
2987,1550
2310,2712
2712,2310
1711,1858
1858,1711
1243,2278
2278,1243
1212,2699
2699,1212
1184,2866
2866,1184
1015,3094
3094,1015
494,2419
2419,494
328,2127
2127,328
173,3007
3007,173
272,2986
2986,272
1430,3272
3272,1430
1944,3264
3264,1944
175,609
609,175
1802,1868
1868,1802
1788,1933
1933,1788
2304,3018
3018,2304
945,2476
2476,945
881,2986
2986,881
1465,1694
1694,1465
646,1362
1362,646
954,1478
1478,954
1177,2984
2984,1177
2959,3134
3134,2959
428,3125
3125,428
254,1023
1023,254
541,2248
2248,541
1112,3003
3003,1112
1244,3159
3159,1244
2560,2836
2836,2560
1044,2576
2576,1044
1685,1818
1818,1685
1136,1347
1347,1136
637,1663
1663,637
2729,2793
2793,2729
103,975
975,103
820,1784
1784,820
2401,2964
2964,2401
498,2672
2672,498
2182,2516
2516,2182
1860,2236
2236,1860
1252,2582
2582,1252
13,385
385,13
297,1901
1901,297
390,2846
2846,390
1280,2829
2829,1280
1125,1723
1723,1125
2587,2686
2686,2587
2007,2111
2111,2007
1690,1946
1946,1690
1796,2867
2867,1796
1078,2587
2587,1078
1372,2768
2768,1372
670,3021
3021,670
1678,1828
1828,1678
1636,2585
2585,1636
1338,2891
2891,1338
1042,1846
1846,1042
1138,1554
1554,1138
1358,1557
1557,1358
2269,3171
3171,2269
469,1166
1166,469
665,2798
2798,665
207,3152
3152,207
33,1804
1804,33
506,2216
2216,506
1629,1764
1764,1629
896,1913
1913,896
106,2511
2511,106
445,1977
1977,445
825,1215
1215,825
253,3204
3204,253
661,2275
2275,661
327,938
938,327
3,2275
2275,3
2121,2640
2640,2121
1427,2717
2717,1427
1284,2668
2668,1284
7,2690
2690,7
172,771
771,172
3,3214
3214,3
245,761
761,245
899,2039
2039,899
821,2614
2614,821
965,3302
3302,965
1180,2732
2732,1180
511,2573
2573,511
551,3140
3140,551
312,643
643,312
1954,2476
2476,1954
104,3094
3094,104
389,1277
1277,389
0,4
4,0
2791,3121
3121,2791
1576,2264
2264,1576
1891,2541
2541,1891
1745,3012
3012,1745
1960,2146
2146,1960
241,2052
2052,241
920,1586
1586,920
479,2109
2109,479
1900,3300
3300,1900
279,1526
1526,279
299,2407
2407,299
1436,1853
1853,1436
216,2409
2409,216
520,1588
1588,520
270,2645
2645,270
199,2176
2176,199
2052,3024
3024,2052
795,2466
2466,795
2332,2785
2785,2332
2106,2213
2213,2106
1402,2097
2097,1402
810,2222
2222,810
548,1956
1956,548
1852,2562
2562,1852
66,2707
2707,66
685,2456
2456,685
989,1406
1406,989
1296,1297
1297,1296
542,1360
1360,542
339,506
506,339
2474,2501
2501,2474
1410,1813
1813,1410
2614,3006
3006,2614
1115,2161
2161,1115
5,2323
2323,5
1806,2981
2981,1806
170,441
441,170
899,2536
2536,899
1227,1584
1584,1227
182,3124
3124,182
822,1535
1535,822
691,2772
2772,691
2614,3127
3127,2614
41,2367
2367,41
1755,2642
2642,1755
3,1846
1846,3
276,2944
2944,276
1052,3165
3165,1052
185,2267
2267,185
1678,2809
2809,1678
618,1597
1597,618
2220,2863
2863,2220
2817,3082
3082,2817
602,2821
2821,602
1364,3107
3107,1364
474,1323
1323,474
568,729
729,568
566,2080
2080,566
213,2716
2716,213
2573,2843
2843,2573
1467,1663
1663,1467
651,3063
3063,651
2079,2981
2981,2079
1858,2982
2982,1858
881,1310
1310,881
330,1436
1436,330
209,3132
3132,209
1756,2476
2476,1756
300,1035
1035,300
1796,3043
3043,1796
1963,1988
1988,1963
282,1395
1395,282
1472,1899
1899,1472
1988,2984
2984,1988
706,2891
2891,706
307,3145
3145,307
107,1808
1808,107
769,3176
3176,769
1614,2248
2248,1614
302,3215
3215,302
50,227
227,50
31,1934
1934,31
3284,3325
3325,3284
2385,2512
2512,2385
380,3256
3256,380
837,2677
2677,837
1915,2482
2482,1915
1435,1845
1845,1435
743,3015
3015,743
2042,2523
2523,2042
483,1627
1627,483
1889,3247
3247,1889
3,7
7,3
2515,2706
2706,2515
400,1629
1629,400
355,2381
2381,355
1695,2415
2415,1695
279,3325
3325,279
57,243
243,57
1569,3013
3013,1569
2723,2857
2857,2723
1104,3142
3142,1104
1818,2256
2256,1818
701,924
924,701
1652,3132
3132,1652
790,1410
1410,790
198,303
303,198
406,2467
2467,406
2357,2426
2426,2357
1948,2901
2901,1948
822,1335
1335,822
1259,3029
3029,1259
311,1304
1304,311
1737,2839
2839,1737
1081,1222
1222,1081
549,2344
2344,549
1478,2844
2844,1478
1032,3023
3023,1032
643,3211
3211,643
61,311
311,61
235,1430
1430,235
1981,2152
2152,1981
2039,2322
2322,2039
681,699
699,681
796,3160
3160,796
1109,1405
1405,1109
118,2013
2013,118
2837,3241
3241,2837
877,3270
3270,877
165,1078
1078,165
1880,2450
2450,1880
806,2572
2572,806
1146,1408
1408,1146
2161,3143
3143,2161
2577,3058
3058,2577
1000,2293
2293,1000
2746,3015
3015,2746
3,383
383,3
486,3240
3240,486
1475,2522
2522,1475
943,2927
2927,943
304,2940
2940,304
722,1238
1238,722
1212,3051
3051,1212
1403,3033
3033,1403
1386,1403
1403,1386
2265,2274
2274,2265
1248,1698
1698,1248
198,679
679,198
1381,2227
2227,1381
2112,2971
2971,2112
582,2776
2776,582
1589,2112
2112,1589
1095,2543
2543,1095
1717,2563
2563,1717
2550,3318
3318,2550
3045,3260
3260,3045
1964,2403
2403,1964
2093,2813
2813,2093
296,2540
2540,296
1127,2468
2468,1127
137,1729
1729,137
885,1888
1888,885
2454,3206
3206,2454
2421,2800
2800,2421
554,1788
1788,554
412,2607
2607,412
1390,3228
3228,1390
2200,2279
2279,2200
1,3
3,1
789,1547
1547,789
2265,2637
2637,2265
804,2084
2084,804
654,1093
1093,654
2443,2680
2680,2443
337,1386
1386,337
373,3029
3029,373
1639,3114
3114,1639
410,1635
1635,410
205,3189
3189,205
1748,3286
3286,1748
970,1972
1972,970
2582,2694
2694,2582
6,2454
2454,6
512,865
865,512
1193,2017
2017,1193
343,1029
1029,343
1785,3060
3060,1785
96,1566
1566,96
512,986
986,512
2403,3109
3109,2403
2320,2586
2586,2320
859,3016
3016,859
1569,1900
1900,1569
525,2618
2618,525
1689,1901
1901,1689
2145,2706
2706,2145
1011,2777
2777,1011
120,1522
1522,120
2698,3269
3269,2698
1796,2185
2185,1796
1631,2606
2606,1631
8,1466
1466,8
1216,1344
1344,1216
491,2337
2337,491
1,2244
2244,1
690,1005
1005,690
958,2217
2217,958
378,2167
2167,378
1812,3068
3068,1812
0,6
6,0
1788,2445
2445,1788
136,2819
2819,136
130,1055
1055,130
639,3147
3147,639
330,3035
3035,330
910,1395
1395,910
2572,2648
2648,2572
230,360
360,230
1957,3018
3018,1957
2249,2372
2372,2249
888,1986
1986,888
3,317
317,3
536,780
780,536
837,1940
1940,837
1889,2739
2739,1889
2055,2250
2250,2055
780,2345
2345,780
1093,2805
2805,1093
551,1061
1061,551
456,1201
1201,456
192,1357
1357,192
1277,2333
2333,1277
497,3161
3161,497
722,3279
3279,722
656,710
710,656
1817,2728
2728,1817
578,3234
3234,578
507,2536
2536,507
1209,1825
1825,1209
407,3123
3123,407
773,2692
2692,773
1948,2393
2393,1948
1475,2698
2698,1475
967,1245
1245,967
1125,2585
2585,1125
261,2251
2251,261
469,2954
2954,469
1198,3100
3100,1198
502,2084
2084,502
1935,2575
2575,1935
1334,3109
3109,1334
267,2712
2712,267
1037,2593
2593,1037
1109,1715
1715,1109
683,2775
2775,683
8,1145
1145,8
183,1671
1671,183
704,848
848,704
1473,2113
2113,1473
1155,1309
1309,1155
189,927
927,189
101,3029
3029,101
1694,2755
2755,1694
6,3206
3206,6
632,2665
2665,632
611,1559
1559,611
500,1728
1728,500
2045,2460
2460,2045
847,1543
1543,847
267,2954
2954,267
2784,3028
3028,2784
1325,3302
3302,1325
681,1251
1251,681
297,2308
2308,297
1352,1715
1715,1352
205,1029
1029,205
708,2552
2552,708
2070,2345
2345,2070
1235,2712
2712,1235
105,1212
1212,105
2063,2342
2342,2063
488,684
684,488
925,2671
2671,925
1017,1442
1442,1017
1423,2884
2884,1423
951,3074
3074,951
192,2793
2793,192
2814,2920
2920,2814
1092,1737
1737,1092
1277,2722
2722,1277
657,2977
2977,657
65,3102
3102,65
3,9
9,3
2281,2541
2541,2281
345,1695
1695,345
231,1822
1822,231
570,2042
2042,570
1072,3192
3192,1072
2087,2941
2941,2087
798,1906
1906,798
5,2004
2004,5
244,2286
2286,244
1930,2957
2957,1930
1575,2766
2766,1575
751,1336
1336,751
2779,2939
2939,2779
583,934
934,583
1486,2199
2199,1486
3249,3319
3319,3249
1773,1963
1963,1773
687,762
762,687
704,2163
2163,704
2126,2761
2761,2126
1988,2531
2531,1988
634,872
872,634
551,874
874,551
2089,2613
2613,2089
650,2048
2048,650
1061,1619
1619,1061
2253,2950
2950,2253
2714,3052
3052,2714
2010,2441
2441,2010
1779,2020
2020,1779
1180,3152
3152,1180
2083,2660
2660,2083
175,1647
1647,175
311,2474
2474,311
926,1286
1286,926
2161,3253
3253,2161
12,1360
1360,12
172,1083
1083,172
2434,3119
3119,2434
1821,2367
2367,1821
457,1481
1481,457
1260,1805
1805,1260
1329,1410
1410,1329
126,1381
1381,126
2240,3253
3253,2240
55,683
683,55
1047,1697
1697,1047
424,2472
2472,424
976,3214
3214,976
1313,1816
1816,1313
7,1137
1137,7
1691,3196
3196,1691
2522,3124
3124,2522
373,2426
2426,373
300,1655
1655,300
154,783
783,154
291,3232
3232,291
1301,2637
2637,1301
752,1412
1412,752
845,2357
2357,845
141,1258
1258,141
2665,3028
3028,2665
309,1071
1071,309
729,2182
2182,729
758,2883
2883,758
415,1726
1726,415
938,1538
1538,938
523,1030
1030,523
1028,1660
1660,1028
503,2778
2778,503
1082,2162
2162,1082
2044,2802
2802,2044
867,2008
2008,867
1,3025
3025,1
378,1551
1551,378
780,2763
2763,780
123,278
278,123
391,1261
1261,391
210,3135
3135,210
1872,2466
2466,1872
468,1481
1481,468
297,3060
3060,297
70,388
388,70
228,3189
3189,228
706,1538
1538,706
728,1031
1031,728
932,2258
2258,932
1,931
931,1
1508,2391
2391,1508
1,2917
2917,1
2189,2523
2523,2189
1296,1488
1488,1296
1143,2414
2414,1143
1516,2925
2925,1516
454,2835
2835,454
559,2134
2134,559
113,2542
2542,113
528,569
569,528
409,1143
1143,409
2088,3087
3087,2088
899,2956
2956,899
341,1911
1911,341
1118,3000
3000,1118
153,2614
2614,153
2367,2687
2687,2367
216,2145
2145,216
1,5
5,1
78,2211
2211,78
2884,3142
3142,2884
2182,2870
2870,2182
1338,1727
1727,1338
1506,1540
1540,1506
1461,2063
2063,1461
31,1052
1052,31
1729,3046
3046,1729
2097,3213
3213,2097
414,2776
2776,414
23,2625
2625,23
881,2427
2427,881
1576,2952
2952,1576
963,2954
2954,963
111,1462
1462,111
1372,2664
2664,1372
771,1212
1212,771
743,1904
1904,743
2056,3296
3296,2056
1326,1730
1730,1326
2002,2013
2013,2002
918,2430
2430,918
56,708
708,56
1201,1964
1964,1201
382,3093
3093,382
337,1630
1630,337
289,2636
2636,289
77,2228
2228,77
250,2910
2910,250
2132,2244
2244,2132
2565,3294
3294,2565
1386,2131
2131,1386
753,2218
2218,753
414,574
574,414
171,816
816,171
1119,1558
1558,1119
1948,2837
2837,1948
731,1678
1678,731
2,2700
2700,2
1708,2303
2303,1708
1860,2845
2845,1860
1230,2678
2678,1230
507,2054
2054,507
357,1063
1063,357
1895,3068
3068,1895
1012,2455
2455,1012
0,8
8,0
1467,3264
3264,1467
531,1630
1630,531
357,2231
2231,357
68,142
142,68
1050,1929
1929,1050
2106,2204
2204,2106
1011,2203
2203,1011
849,3107
3107,849
1773,2031
2031,1773
921,3212
3212,921
1322,1341
1341,1322
2,1895
1895,2
644,1133
1133,644
717,1877
1877,717
656,1638
1638,656
1607,1860
1860,1607
13,2175
2175,13
82,2534
2534,82
243,3125
3125,243
1177,1983
1983,1177
1185,1349
1349,1185
214,623
623,214
262,2357
2357,262
36,2014
2014,36
2379,2726
2726,2379
1377,2687
2687,1377
49,2249
2249,49
1024,3057
3057,1024
898,2689
2689,898
313,1541
1541,313
1295,2096
2096,1295
1720,2797
2797,1720
1134,2407
2407,1134
626,3169
3169,626
122,926
926,122
1560,2515
2515,1560
1453,1635
1635,1453
1971,3318
3318,1971
679,2766
2766,679
1811,1868
1868,1811
1900,2849
2849,1900
603,1724
1724,603
1229,2415
2415,1229
2147,2726
2726,2147
275,2538
2538,275
626,3290
3290,626
179,2601
2601,179
891,2541
2541,891
1657,2340
2340,1657
2787,2793
2793,2787
283,1904
1904,283
1900,2970
2970,1900
2148,2806
2806,2148
2332,3152
3152,2332
2,164
164,2
325,3298
3298,325
8,3133
3133,8
1011,2579
2579,1011
2168,2677
2677,2168
616,737
737,616
595,1846
1846,595
311,2087
2087,311
894,2179
2179,894
964,1191
1191,964
573,3255
3255,573
2555,2793
2793,2555
120,2263
2263,120
1575,2513
2513,1575
609,1902
1902,609
531,2477
2477,531
2207,2460
2460,2207
1178,1830
1830,1178
223,2095
2095,223
252,352
352,252
671,1733
1733,671
652,1491
1491,652
1825,2580
2580,1825
1907,3107
3107,1907
2953,3189
3189,2953
873,2887
2887,873
5,1764
1764,5
1309,2370
2370,1309
1207,2359
2359,1207
935,1671
1671,935
1005,2144
2144,1005
491,3091
3091,491
1796,2121
2121,1796
10,14
14,10
2675,2992
2992,2675
981,1908
1908,981
3004,3167
3167,3004
1735,3013
3013,1735
112,183
183,112
304,353
353,304
729,1808
1808,729
1420,3123
3123,1420
161,304
304,161
558,1926
1926,558
437,882
882,437
561,1177
1177,561
2790,3036
3036,2790
1585,2143
2143,1585
427,1362
1362,427
2489,2815
2815,2489
92,820
820,92
837,2923
2923,837
210,546
546,210
683,2227
2227,683
1803,2258
2258,1803
650,2050
2050,650
513,1752
1752,513
594,657
657,594
2894,2985
2985,2894
366,1244
1244,366
1377,2271
2271,1377
105,2637
2637,105
184,1698
1698,184
886,2936
2936,886
2565,2665
2665,2565
1866,2664
2664,1866
166,1829
1829,166
816,3106
3106,816
537,2230
2230,537
2219,3196
3196,2219
2714,3175
3175,2714
18,2833
2833,18
1033,2582
2582,1033
644,1309
1309,644
1280,2688
2688,1280
203,1832
1832,203
2193,3180
3180,2193
2977,2996
2996,2977
1206,1692
1692,1206
131,680
680,131
626,3103
3103,626
571,3167
3167,571
2135,2155
2155,2135
901,3042
3042,901
1352,1517
1517,1352
572,1591
1591,572
89,390
390,89
1033,1885
1885,1033
1663,1823
1823,1663
1205,2931
2931,1205
936,1989
1989,936
1323,3152
3152,1323
1588,1649
1649,1588
1173,1407
1407,1173
591,1954
1954,591
637,2824
2824,637
881,3221
3221,881
881,1006
1006,881
1325,1949
1949,1325
994,3098
3098,994
223,2726
2726,223
2430,2840
2840,2430
2314,2665
2665,2314
32,391
391,32
556,1825
1825,556
1399,3268
3268,1399
2228,2332
2332,2228
3021,3200
3200,3021
1264,2585
2585,1264
1990,2460
2460,1990
1370,2752
2752,1370
1762,2044
2044,1762
186,2965
2965,186
2665,3272
3272,2665
51,2740
2740,51
352,2439
2439,352
2340,2923
2923,2340
3222,3311
3311,3222
311,866
866,311
2117,2393
2393,2117
828,1092
1092,828
2773,3192
3192,2773
2181,3051
3051,2181
1334,2132
2132,1334
833,2604
2604,833
864,1954
1954,864
160,1572
1572,160
1,7
7,1
1203,2817
2817,1203
1217,2486
2486,1217
943,1200
1200,943
1562,3164
3164,1562
2085,2939
2939,2085
1409,2427
2427,1409
221,1444
1444,221
777,1433
1433,777
37,1623
1623,37
1084,2078
2078,1084
139,358
358,139
1523,2125
2125,1523
680,682
682,680
2526,2574
2574,2526
776,915
915,776
311,2276
2276,311
1259,1557
1557,1259
1986,2300
2300,1986
262,1862
1862,262
1192,3193
3193,1192
1156,1321
1321,1156
1005,2320
2320,1005
3,66
66,3
1348,2430
2430,1348
453,2746
2746,453
1124,1490
1490,1124
2035,2313
2313,2035
763,2679
2679,763
507,1935
1935,507
2721,2991
2991,2721
439,983
983,439
674,2048
2048,674
999,1579
1579,999
1064,1974
1974,1064
2640,2773
2773,2640
2096,3060
3060,2096
1241,2280
2280,1241
2,608
608,2
2279,3181
3181,2279
1704,2950
2950,1704
2106,2206
2206,2106
280,1232
1232,280
1690,1739
1739,1690
1055,1228
1228,1055
413,1761
1761,413
1916,3250
3250,1916
727,1399
1399,727
1704,2842
2842,1704
513,2867
2867,513
645,2003
2003,645
559,2754
2754,559
1364,1690
1690,1364
164,3127
3127,164
1241,1475
1475,1241
2204,3249
3249,2204
7,147
147,7
626,2111
2111,626
206,3245
3245,206
506,2719
2719,506
1400,2407
2407,1400
1305,1352
1352,1305
2203,2502
2502,2203
1958,2671
2671,1958
74,1490
1490,74
2579,3018
3018,2579
1742,2558
2558,1742
1852,2918
2918,1852
2342,2553
2553,2342
1258,1950
1950,1258
74,2429
2429,74
729,2589
2589,729
1382,2925
2925,1382
1938,2096
2096,1938
1447,2990
2990,1447
60,400
400,60
1114,2063
2063,1114
641,2368
2368,641
1081,1886
1886,1081
16,2316
2316,16
1568,2004
2004,1568
986,2817
2817,986
1741,1932
1932,1741
1142,3064
3064,1142
677,3230
3230,677
622,3294
3294,622
1083,1437
1437,1083
1394,2053
2053,1394
139,1568
1568,139
818,1139
1139,818
819,2761
2761,819
34,2720
2720,34
1061,2294
2294,1061
1768,1890
1890,1768
168,3208
3208,168
1036,1483
1483,1036
74,806
806,74
645,1332
1332,645
1321,2369
2369,1321
900,1558
1558,900
2634,3209
3209,2634
2937,2981
2981,2937
158,2907
2907,158
1412,3167
3167,1412
1438,2136
2136,1438
89,3036
3036,89
2103,2755
2755,2103
1269,2300
2300,1269
1716,2531
2531,1716
1728,2585
2585,1728
964,1435
1435,964
2638,3035
3035,2638
40,3036
3036,40
1010,2719
2719,1010
1445,2418
2418,1445
1345,3234
3234,1345
13,809
809,13
507,1869
1869,507
84,460
460,84
354,2041
2041,354
58,996
996,58
1584,2203
2203,1584
1745,3060
3060,1745
511,1695
1695,511
1722,3076
3076,1722
154,2626
2626,154
2198,2776
2776,2198
61,2169
2169,61
1743,3135
3135,1743
624,1757
1757,624
3165,3208
3208,3165
553,3274
3274,553
1145,2920
2920,1145
1542,2327
2327,1542
14,781
781,14
2543,2932
2932,2543
561,1179
1179,561
1710,2140
2140,1710
144,2288
2288,144
1441,3184
3184,1441
844,2965
2965,844
1155,3315
3315,1155
1009,3032
3032,1009
1370,2257
2257,1370
30,2711
2711,30
2225,2771
2771,2225
2739,3221
3221,2739
1146,1280
1280,1146
2590,2603
2603,2590
2163,3290
3290,2163
494,2293
2293,494
645,1937
1937,645
583,1059
1059,583
2666,3123
3123,2666
2379,2541
2541,2379
278,1362
1362,278
168,1490
1490,168
481,1950
1950,481
613,2106
2106,613
1265,1803
1803,1265
351,2106
2106,351
22,2604
2604,22
781,2858
2858,781
1614,2041
2041,1614
2743,3060
3060,2743
9,2234
2234,9
2338,2782
2782,2338
595,1311
1311,595
1224,2502
2502,1224
1465,2628
2628,1465
2241,2849
2849,2241
80,1848
1848,80
236,2361
2361,236
327,1725
1725,327
377,1088
1088,377
1263,3167
3167,1263
578,3064
3064,578
125,315
315,125
1802,3152
3152,1802
1740,2274
2274,1740
162,611
611,162
469,1027
1027,469
441,965
965,441
246,2712
2712,246
1493,1764
1764,1493
995,1487
1487,995
2545,2563
2563,2545
2665,3153
3153,2665
1006,1124
1124,1006
1271,2590
2590,1271
1904,2274
2274,1904
1081,1941
1941,1081
265,860
860,265
645,2313
2313,645
1921,2857
2857,1921
598,1972
1972,598
873,2931
2931,873
451,727
727,451
220,565
565,220
1020,1143
1143,1020
2690,3304
3304,2690
1807,2462
2462,1807
722,2654
2654,722
32,2850
2850,32
1052,1482
1482,1052
1136,2644
2644,1136
726,1497
1497,726
1410,2358
2358,1410
1,9
9,1
2719,3079
3079,2719
1000,1965
1965,1000
523,2794
2794,523
829,2083
2083,829
85,2339
2339,85
1079,1965
1965,1079
1784,2949
2949,1784
3069,3084
3084,3069
729,1623
1623,729
818,2604
2604,818
1176,2083
2083,1176
2645,2756
2756,2645
888,1616
1616,888
1101,2663
2663,1101
844,3007
3007,844
1983,3051
3051,1983
1955,3218
3218,1955
885,1318
1318,885
2134,3220
3220,2134
804,1393
1393,804
1192,3195
3195,1192
543,571
571,543
630,3199
3199,630
1364,1437
1437,1364
551,2088
2088,551
747,980
980,747
1117,2499
2499,1117
2003,2363
2363,2003
1708,2186
2186,1708
2177,2893
2893,2177
662,3272
3272,662
1362,2717
2717,1362
805,3028
3028,805
757,2048
2048,757
614,1511
1511,614
634,2917
2917,634
1036,2143
2143,1036
410,1186
1186,410
748,1447
1447,748
923,1973
1973,923
1356,2269
2269,1356
2357,2837
2837,2357
1438,2567
2567,1438
276,590
590,276
1795,3070
3070,1795
940,2327
2327,940
570,1296
1296,570
1471,1926
1926,1471
1,1553
1553,1
1671,1728
1728,1671
2707,3071
3071,2707
2003,2726
2726,2003
387,2757
2757,387
1674,1733
1733,1674
1825,3134
3134,1825
2145,3304
3304,2145
710,1986
1986,710
1892,2895
2895,1892
722,1057
1057,722
942,1289
1289,942
983,1061
1061,983
14,3185
3185,14
1916,2434
2434,1916
1465,1744
1744,1465
223,555
555,223
1384,2573
2573,1384
387,663
663,387
134,1237
1237,134
244,2600
2600,244
849,2414
2414,849
768,1294
1294,768
711,2709
2709,711
1631,1928
1928,1631
1730,3102
3102,1730
496,1774
1774,496
1829,3081
3081,1829
1694,2627
2627,1694
2962,3310
3310,2962
2354,2902
2902,2354
104,1371
1371,104
1124,2218
2218,1124
68,630
630,68
1960,2638
2638,1960
1240,1760
1760,1240
2362,2389
2389,2362
701,1482
1482,701
6,2152
2152,6
714,1421
1421,714
1373,3043
3043,1373
1003,3244
3244,1003
3030,3198
3198,3030
165,1852
1852,165
3148,3190
3190,3148
1148,2817
2817,1148
776,2945
2945,776
626,1200
1200,626
997,1601
1601,997
637,3015
3015,637
512,3249
3249,512
727,2945
2945,727
2029,2458
2458,2029
1456,2825
2825,1456
407,2674
2674,407
390,3030
3030,390
111,1629
1629,111
2297,2623
2623,2297
55,1468
1468,55
1300,2433
2433,1300
558,1796
1796,558
2925,3094
3094,2925
1674,2351
2351,1674
1486,2300
2300,1486
1283,2200
2200,1283
484,2261
2261,484
384,3077
3077,384
766,3142
3142,766
2045,2937
2937,2045
1701,3127
3127,1701
462,1455
1455,462
630,1039
1039,630
1569,2190
2190,1569
8,2682
2682,8
2649,3051
3051,2649
1505,2434
2434,1505
2759,3219
3219,2759
2427,2480
2480,2427
329,3033
3033,329
1251,2783
2783,1251
1177,2605
2605,1177
287,3036
3036,287
663,1566
1566,663
1962,3060
3060,1962
2342,3281
3281,2342
2314,3219
3219,2314
380,2446
2446,380
1725,2595
2595,1725
1940,2483
2483,1940
1587,3119
3119,1587
272,634
634,272
7,1117
1117,7
500,2218
2218,500
222,1715
1715,222
5,3178
3178,5
1125,3209
3209,1125
1840,2144
2144,1840
3,486
486,3
2193,3171
3171,2193
2052,3195
3195,2052
290,1711
1711,290
863,1115
1115,863
541,3279
3279,541
2660,2822
2822,2660
366,1477
1477,366
789,2334
2334,789
202,322
322,202
5,1434
1434,5
1825,2142
2142,1825
2152,3025
3025,2152
6,1026
1026,6
1790,2794
2794,1790
565,3235
3235,565
1227,1634
1634,1227
2252,2559
2559,2252
500,1305
1305,500
1767,2029
2029,1767
2536,3257
3257,2536
1882,2504
2504,1882
2428,2906
2906,2428
1444,2278
2278,1444
1502,1694
1694,1502
1133,3288
3288,1133
438,548
548,438
1355,1940
1940,1355
890,2106
2106,890
895,1137
1137,895
933,1429
1429,933
418,1478
1478,418
2297,2315
2315,2297
506,2079
2079,506
769,2755
2755,769
330,1136
1136,330
1723,2457
2457,1723
1782,2808
2808,1782
1744,2287
2287,1744
751,2068
2068,751
2004,2857
2857,2004
932,1325
1325,932
756,1594
1594,756
1183,2893
2893,1183
1465,3222
3222,1465
52,1922
1922,52
494,3021
3021,494
845,1558
1558,845
283,1266
1266,283
415,927
927,415
1583,1938
1938,1583
1354,2832
2832,1354
1102,3062
3062,1102
2143,2763
2763,2143
931,3180
3180,931
547,2251
2251,547
199,2965
2965,199
404,2202
2202,404
1393,2945
2945,1393
1504,1766
1766,1504
955,2719
2719,955
1889,3297
3297,1889
177,1112
1112,177
2045,2763
2763,2045
2160,3238
3238,2160
1759,2894
2894,1759
1370,3119
3119,1370
869,1376
1376,869
1037,2909
2909,1037
618,2962
2962,618
382,2160
2160,382
2178,2999
2999,2178
708,2855
2855,708
9,868
868,9
1616,2478
2478,1616
1840,1957
1957,1840
2504,3169
3169,2504
480,2439
2439,480
1166,2915
2915,1166
457,2455
2455,457
529,1806
1806,529
2427,2656
2656,2427
333,2685
2685,333
675,1631
1631,675
0,1
1,0
27,1824
1824,27
1544,3248
3248,1544
2108,3290
3290,2108
1941,2130
2130,1941
575,1400
1400,575
103,1819
1819,103
523,944
944,523
573,2522
2522,573
285,3287
3287,285
1437,2304
2304,1437
294,2289
2289,294
1235,2089
2089,1235
1211,1503
1503,1211
586,1414
1414,586
959,2679
2679,959
1112,2692
2692,1112
664,2273
2273,664
416,2925
2925,416
25,3040
3040,25
1264,2268
2268,1264
1006,3141
3141,1006
431,2415
2415,431
964,2915
2915,964
7,138
138,7
2121,3242
3242,2121
1043,2161
2161,1043
2426,2831
2831,2426
187,2176
2176,187
779,1822
1822,779
4,1008
1008,4
91,667
667,91
719,724
724,719
192,1594
1594,192
2785,3006
3006,2785
204,665
665,204
1353,1397
1397,1353
1399,2038
2038,1399
647,2174
2174,647
941,2126
2126,941
361,1551
1551,361
3155,3182
3182,3155
2544,3028
3028,2544
325,1076
1076,325
1269,2867
2867,1269
904,2180
2180,904
2294,3267
3267,2294
391,2598
2598,391
138,203
203,138
14,2611
2611,14
2404,2617
2617,2404
318,2241
2241,318
2573,2840
2840,2573
504,2367
2367,504
2152,2517
2517,2152
352,2727
2727,352
766,795
795,766
1163,2417
2417,1163
1218,2124
2124,1218
1390,1413
1413,1390
731,2531
2531,731
2265,2579
2579,2265
1456,2935
2935,1456
1117,1254
1254,1117
117,1325
1325,117
494,1800
1800,494
214,2389
2389,214
2129,2920
2920,2129
1957,2584
2584,1957
3046,3265
3265,3046
301,2021
2021,301
512,2204
2204,512
954,3074
3074,954
783,2963
2963,783
2431,2625
2625,2431
876,2602
2602,876
2435,3269
3269,2435
1079,3190
3190,1079
215,2627
2627,215
1954,2407
2407,1954
3,4
4,3
1376,2430
2430,1376
2427,2590
2590,2427
701,800
800,701
128,3153
3153,128
697,1324
1324,697
69,1755
1755,69
1793,2718
2718,1793
1106,2017
2017,1106
994,1318
1318,994
2489,2687
2687,2489
1893,3070
3070,1893
373,1119
1119,373
780,3200
3200,780
1236,2019
2019,1236
959,1216
1216,959
1738,2903
2903,1738
184,2388
2388,184
113,1919
1919,113
1414,2025
2025,1414
273,3103
3103,273
1090,1147
1147,1090
2755,2927
2927,2755
1948,3127
3127,1948
52,1414
1414,52
1435,2313
2313,1435
809,1393
1393,809
1738,1856
1856,1738
1915,2721
2721,1915
338,990
990,338
313,408
408,313
578,1874
1874,578
960,1976
1976,960
327,2292
2292,327
711,2403
2403,711
881,2851
2851,881
129,2987
2987,129
2477,2582
2582,2477
921,3152
3152,921
962,2924
2924,962
1856,3137
3137,1856
2107,2719
2719,2107
942,996
996,942
871,2513
2513,871
193,612
612,193
645,2170
2170,645
1701,2216
2216,1701
1272,2039
2039,1272
429,2582
2582,429
0,2176
2176,0
1361,3316
3316,1361
249,3109
3109,249
1696,3306
3306,1696
517,1877
1877,517
474,3227
3227,474
1895,2203
2203,1895
1272,2978
2978,1272
1249,1274
1274,1249
915,1923
1923,915
1304,1469
1469,1304
187,955
955,187
1439,3091
3091,1439
1146,1526
1526,1146
1698,2268
2268,1698
1452,2801
2801,1452
1787,2791
2791,1787
548,1082
1082,548
2785,3061
3061,2785
1384,2522
2522,1384
465,2481
2481,465
365,3068
3068,365
1446,2582
2582,1446
23,3304
3304,23
1568,2050
2050,1568
124,3127
3127,124
1949,2910
2910,1949
533,1834
1834,533
254,2419
2419,254
1119,1406
1406,1119
1601,2348
2348,1601
1852,1930
1930,1852
1247,2759
2759,1247
373,1737
1737,373
1949,2802
2802,1949
1616,2104
2104,1616
1129,2474
2474,1129
2095,3270
3270,2095
339,3257
3257,339
14,1511
1511,14
1232,2114
2114,1232
171,448
448,171
1206,2061
2061,1206
120,1385
1385,120
140,2266
2266,140
1303,2933
2933,1303
370,513
513,370
2710,3142
3142,2710
1717,2923
2923,1717
108,2435
2435,108
1006,1599
1599,1006
378,2030
2030,378
1818,3234
3234,1818
392,393
393,392
2264,2274
2274,2264
1345,2233
2233,1345
81,1699
1699,81
734,1032
1032,734
1084,2084
2084,1084
760,1435
1435,760
3206,3322
3322,3206
1645,3060
3060,1645
7,1871
1871,7
1858,2121
2121,1858
555,3137
3137,555
1026,2493
2493,1026
2325,2755
2755,2325
1668,1731
1731,1668
360,2403
2403,360
186,2516
2516,186
318,457
457,318
1801,2260
2260,1801
1,484
484,1
1427,1790
1790,1427
645,1754
1754,645
853,2686
2686,853
658,2218
2218,658
1301,2553
2553,1301
0,3
3,0
678,884
884,678
511,707
707,511
109,2161
2161,109
2755,2874
2874,2755
564,2970
2970,564
1008,2452
2452,1008
1911,1960
1960,1911
863,1280
1280,863
125,2105
2105,125
2533,2946
2946,2533
1402,3022
3022,1402
2016,2427
2427,2016
102,3289
3289,102
1115,3194
3194,1115
482,2527
2527,482
191,2580
2580,191
2872,3287
3287,2872
1139,2504
2504,1139
2307,3249
3249,2307
2549,2782
2782,2549
369,1539
1539,369
2010,2733
2733,2010
1767,3012
3012,1767
17,828
828,17
1462,2376
2376,1462
650,2232
2232,650
462,720
720,462
850,2522
2522,850
129,1190
1190,129
1391,1799
1799,1391
770,1186
1186,770
2275,2785
2785,2275
302,2020
2020,302
111,1257
1257,111
9,1475
1475,9
2359,3129
3129,2359
1452,1930
1930,1452
533,1660
1660,533
1274,3321
3321,1274
820,2885
2885,820
1109,2759
2759,1109
1231,2456
2456,1231
240,2310
2310,240
625,2646
2646,625
1714,3098
3098,1714
604,1540
1540,604
543,3287
3287,543
674,2538
2538,674
1735,2403
2403,1735
1033,2885
2885,1033
468,1652
1652,468
2205,2554
2554,2205
603,793
793,603
9,320
320,9
95,1555
1555,95
241,1609
1609,241
5,2564
2564,5
1437,1635
1635,1437
1590,1877
1877,1590
691,1027
1027,691
399,2087
2087,399
225,739
739,225
1398,1828
1828,1398
195,2028
2028,195
872,1718
1718,872
607,2201
2201,607
172,2798
2798,172
395,2318
2318,395
1828,2809
2809,1828
675,2601
2601,675
2421,3323
3323,2421
2958,3033
3033,2958
2204,2571
2571,2204
628,2260
2260,628
1362,2521
2521,1362
2230,2974
2974,2230
2824,3218
3218,2824
1316,2755
2755,1316
681,1490
1490,681
2099,3164
3164,2099
1061,1482
1482,1061
1899,2581
2581,1899
555,3071
3071,555
1226,1549
1549,1226
1568,2481
2481,1568
299,2327
2327,299
1443,2715
2715,1443
523,2974
2974,523
1572,2307
2307,1572
423,1346
1346,423
1467,2025
2025,1467
1145,1745
1745,1145
1162,1914
1914,1162
655,3315
3315,655
496,2504
2504,496
1726,2895
2895,1726
1585,2956
2956,1585
332,1578
1578,332
1576,3136
3136,1576
259,2039
2039,259
1835,2838
2838,1835
1700,2650
2650,1700
1194,2024
2024,1194
2412,2590
2590,2412
1287,2215
2215,1287
925,3031
3031,925
390,2458
2458,390
1320,1840
1840,1320
384,2155
2155,384
1050,1750
1750,1050
575,1457
1457,575
1354,3144
3144,1354
1070,1399
1399,1070
612,1753
1753,612
455,1806
1806,455
2230,3229
3229,2230
1882,2482
2482,1882
28,1180
1180,28
2529,3232
3232,2529
2649,3068
3068,2649
296,1116
1116,296
20,3167
3167,20
1677,3137
3137,1677
2396,2595
2595,2396
2276,2944
2944,2276
856,2621
2621,856
2198,3253
3253,2198
1795,2082
2082,1795
1686,3078
3078,1686
55,2077
2077,55
292,1532
1532,292
697,763
763,697
733,2406
2406,733
769,2625
2625,769
578,1071
1071,578
347,2636
2636,347
1087,2934
2934,1087
1795,2203
2203,1795
166,1019
1019,166
745,1369
1369,745
2238,2894
2894,2238
173,1143
1143,173
1121,1885
1885,1121
639,650
650,639
1629,2557
2557,1629
189,3073
3073,189
2009,2024
2024,2009
448,2021
2021,448
1896,3315
3315,1896
1075,1890
1890,1075
47,2845
2845,47
1812,1860
1860,1812
2192,3084
3084,2192
2121,2386
2386,2121
290,1031
1031,290
959,3112
3112,959
1685,2987
2987,1685
1248,2986
2986,1248
499,3127
3127,499
2845,3319
3319,2845
364,687
687,364
1482,2106
2106,1482
2177,2631
2631,2177
1267,1952
1952,1267
597,666
666,597
244,807
807,244
772,1192
1192,772
1680,2764
2764,1680
1802,2232
2232,1802
877,1888
1888,877
1,2
2,1
732,975
975,732
502,1681
1681,502
538,1375
1375,538
585,2655
2655,585
924,2084
2084,924
1743,2941
2941,1743
1092,1668
1668,1092
1902,2934
2934,1902
759,2956
2956,759
7,1631
1631,7
939,1840
1840,939
915,1254
1254,915
1405,3296
3296,1405
2377,2934
2934,2377
933,2025
2025,933
1136,2650
2650,1136
1349,1711
1711,1349
900,1619
1619,900
1029,1504
1504,1029
1641,3280
3280,1641
2228,2582
2582,2228
2264,2276
2276,2264
364,821
821,364
279,454
454,279
542,3308
3308,542
1065,1134
1134,1065
31,123
123,31
2575,3040
3040,2575
580,2782
2782,580
511,2682
2682,511
172,2987
2987,172
777,2838
2838,777
1109,3311
3311,1109
2545,3053
3053,2545
536,645
645,536
114,3167
3167,114
1189,1964
1964,1189
2758,3282
3282,2758
1668,3130
3130,1668
2215,3299
3299,2215
1635,2724
2724,1635
7,8
8,7
638,814
814,638
994,2664
2664,994
772,1568
1568,772
25,816
816,25
276,1630
1630,276
756,3021
3021,756
1415,1674
1674,1415
589,2615
2615,589
284,1750
1750,284
0,5
5,0
2040,2894
2894,2040
257,304
304,257
1795,3063
3063,1795
2882,2917
2917,2882
1230,2796
2796,1230
2183,2421
2421,2183
420,2927
2927,420
90,837
837,90
722,3265
3265,722
290,602
602,290
441,2757
2757,441
2373,2666
2666,2373
1079,1287
1287,1079
2121,3125
3125,2121
2515,3015
3015,2515
975,2398
2398,975
696,997
997,696
1518,3320
3320,1518
523,2237
2237,523
2333,2486
2486,2333
1113,3271
3271,1113
1731,2152
2152,1731
739,2801
2801,739
666,3225
3225,666
2106,2443
2443,2106
1402,2098
2098,1402
2674,3129
3129,2674
735,2049
2049,735
604,1300
1300,604
800,2932
2932,800
164,210
210,164
566,1947
1947,566
1061,2155
2155,1061
956,2627
2627,956
1938,2199
2199,1938
2278,3021
3021,2278
1732,3033
3033,1732
615,3236
3236,615
365,2307
2307,365
1528,2974
2974,1528
211,1611
1611,211
25,1192
1192,25
30,3256
3256,30
1857,3149
3149,1857
1843,3214
3214,1843
2495,3140
3140,2495
372,2468
2468,372
931,1937
1937,931
659,1249
1249,659
404,2945
2945,404
1611,2864
2864,1611
78,3189
3189,78
1867,2790
2790,1867
1268,1707
1707,1268
1273,2051
2051,1273
1435,1820
1820,1435
1481,1707
1707,1481
1993,3279
3279,1993
1826,2644
2644,1826
310,2384
2384,310
2056,3106
3106,2056
608,1260
1260,608
2300,2685
2685,2300
3081,3250
3250,3081
1157,3165
3165,1157
3182,3302
3302,3182
1631,2526
2526,1631
729,1671
1671,729
75,3133
3133,75
2127,3107
3107,2127
3073,3251
3251,3073
2636,2984
2984,2636
2429,2920
2920,2429
780,3070
3070,780
1730,2424
2424,1730
2712,2750
2750,2712
2118,2240
2240,2118
1820,2583
2583,1820
984,1264
1264,984
2263,3274
3274,2263
613,799
799,613
2997,3269
3269,2997
2467,3040
3040,2467
1228,2829
2829,1228
2053,3171
3171,2053
1641,2180
2180,1641
2566,3167
3167,2566
23,1872
1872,23
441,1631
1631,441
418,1913
1913,418
810,1205
1205,810
2774,3052
3052,2774
1793,1904
1904,1793
1711,2774
2774,1711
88,173
173,88
1425,2676
2676,1425
591,649
649,591
2163,2238
2238,2163
1746,3118
3118,1746
1512,2951
2951,1512
406,2589
2589,406
818,3028
3028,818
391,1005
1005,391
549,2345
2345,549
347,2396
2396,347
223,2589
2589,223
1792,2712
2712,1792
1371,1635
1635,1371
2084,3234
3234,2084
54,2524
2524,54
1289,2505
2505,1289
1006,2153
2153,1006
1290,1683
1683,1290
1097,1288
1288,1097
651,1696
1696,651
135,382
382,135
1368,2505
2505,1368
473,2592
2592,473
290,670
670,290
42,2756
2756,42
37,2412
2412,37
71,1242
1242,71
566,955
955,566
31,1614
1614,31
1285,1874
1874,1285
707,2126
2126,707
170,2941
2941,170
1667,2922
2922,1667
1109,1877
1877,1109
77,683
683,77
428,2189
2189,428
57,3185
3185,57
2306,2801
2801,2306
364,1615
1615,364
1009,2585
2585,1009
1212,3173
3173,1212
744,853
853,744
566,2244
2244,566
1715,2976
2976,1715
209,960
960,209
1707,2105
2105,1707
203,1145
1145,203
416,2421
2421,416
2539,3130
3130,2539
1818,3104
3104,1818
314,2144
2144,314
1028,2719
2719,1028
1745,1808
1808,1745
2615,2859
2859,2615
219,1503
1503,219
2127,3041
3041,2127
809,3291
3291,809
1120,2658
2658,1120
566,1089
1089,566
1360,1593
1593,1360
619,1329
1329,619
2145,2802
2802,2145
326,555
555,326
1,4
4,1
38,1091
1091,38
1177,1364
1364,1177
2080,2858
2858,2080
1285,2358
2358,1285
1923,2874
2874,1923
1030,1839
1839,1030
517,2486
2486,517
2487,2687
2687,2487
252,2740
2740,252
2288,2743
2743,2288
655,1144
1144,655
1985,2705
2705,1985
1276,2245
2245,1276
1548,2704
2704,1548
1796,3220
3220,1796
953,1740
1740,953
371,3307
3307,371
135,1000
1000,135
330,2673
2673,330
720,3316
3316,720
7,936
936,7
860,2838
2838,860
383,1452
1452,383
333,1860
1860,333
1745,3231
3231,1745
1375,1446
1446,1375
150,1924
1924,150
63,1218
1218,63
2217,3226
3226,2217
154,2568
2568,154
1373,2541
2541,1373
2412,2647
2647,2412
73,364
364,73
518,980
980,518
141,239
239,141
516,2102
2102,516
0,7
7,0
110,1599
1599,110
3,1473
1473,3
2637,2886
2886,2637
2540,3182
3182,2540
664,2387
2387,664
113,3267
3267,113
49,1296
1296,49
1399,1789
1789,1399
475,1404
1404,475
8,1938
1938,8
1711,1795
1795,1711
1203,3311
3311,1203
702,814
814,702
351,2048
2048,351
549,2521
2521,549
1333,2337
2337,1333
1794,1914
1914,1794
1333,3276
3276,1333
403,2588
2588,403
1051,1577
1577,1051
58,2590
2590,58
987,1821
1821,987
25,3167
3167,25
1553,2498
2498,1553
1415,2039
2039,1415
1203,2385
2385,1203
1024,2117
2117,1024
172,1608
1608,172
797,2111
2111,797
468,1643
1643,468
74,1487
1487,74
550,3173
3173,550
132,1199
1199,132
87,1951
1951,87
1244,2278
2278,1244
202,3069
3069,202
124,3186
3186,124
1559,2289
2289,1559
1710,2687
2687,1710
189,2083
2083,189
172,453
453,172
2611,3088
3088,2611
429,1018
1018,429
1399,2273
2273,1399
249,3302
3302,249
307,1028
1028,307
1093,1183
1183,1093
2049,2274
2274,2049
280,1834
1834,280
882,1673
1673,882
2798,3301
3301,2798
1043,2530
2530,1043
1139,2992
2992,1139
1727,3162
3162,1727
813,1021
1021,813
189,2325
2325,189
1938,2564
2564,1938
2187,3268
3268,2187
2144,2403
2403,2144
315,1683
1683,315
526,2361
2361,526
841,975
975,841
51,819
819,51
318,2597
2597,318
2458,3209
3209,2458
235,2333
2333,235
407,1622
1622,407
92,564
564,92
1021,1027
1027,1021
969,2823
2823,969
1803,2231
2231,1803
499,2379
2379,499
137,980
980,137
1262,3304
3304,1262
53,986
986,53
668,1555
1555,668
1707,2644
2644,1707
2,1694
1694,2
172,2105
2105,172
3,347
347,3
1832,2824
2824,1832
166,1573
1573,166
255,1093
1093,255
585,1907
1907,585
1404,2498
2498,1404
87,1630
1630,87
1356,2427
2427,1356
733,758
758,733
1247,3194
3194,1247
980,1389
1389,980
1095,3325
3325,1095
2631,3271
3271,2631
2130,2989
2989,2130
480,2500
2500,480
2097,2583
2583,2097
1665,2889
2889,1665
939,2031
2031,939
2389,2691
2691,2389
565,2049
2049,565
1785,2432
2432,1785
1220,2660
2660,1220
1192,2561
2561,1192
1281,1852
1852,1281
393,932
932,393
1936,3015
3015,1936
103,2819
2819,103
1763,2269
2269,1763
2824,2888
2888,2824
64,3056
3056,64
657,1126
1126,657
1438,1691
1691,1438
1281,1973
1973,1281
1687,2432
2432,1687
1098,2791
2791,1098
1189,2155
2155,1189
1889,3024
3024,1889
1746,3012
3012,1746
2310,3054
3054,2310
2286,2431
2431,2286
1122,2330
2330,1122
2428,2780
2780,2428
2294,2965
2965,2294
311,2007
2007,311
366,1714
1714,366
1522,2156
2156,1522
551,1467
1467,551
950,3162
3162,950
213,2640
2640,213
969,2394
2394,969
1908,2084
2084,1908
1510,2223
2223,1510
2465,2675
2675,2465
1554,2266
2266,1554
1380,2867
2867,1380
399,3180
3180,399
1608,2731
2731,1608
992,2233
2233,992
2597,3245
3245,2597
1957,2390
2390,1957
2743,3299
3299,2743
135,626
626,135
458,1545
1545,458
960,2695
2695,960
593,3167
3167,593
56,1730
1730,56
49,2774
2774,49
2863,3071
3071,2863
89,3075
3075,89
309,2361
2361,309
278,796
796,278
2435,3304
3304,2435
2548,2952
2952,2548
2407,2976
2976,2407
2155,2203
2203,2155
1959,2328
2328,1959
2544,2981
2981,2544
2511,3033
3033,2511
723,2351
2351,723
1876,2293
2293,1876
593,2241
2241,593
2331,3102
3102,2331
2489,2493
2493,2489
484,1022
1022,484
1353,1471
1471,1353
1956,2932
2932,1956
1933,3214
3214,1933
2325,2506
2506,2325
2211,2404
2404,2211
17,3249
3249,17
1574,2049
2049,1574
1631,2583
2583,1631
1271,1782
1782,1271
1,6
6,1
804,2545
2545,804
589,1196
1196,589
663,1145
1145,663
1423,2819
2819,1423
284,2546
2546,284
1028,2963
2963,1028
1044,3173
3173,1044
1960,2125
2125,1960
64,2398
2398,64
304,1562
1562,304
920,1565
1565,920
808,1095
1095,808
517,2380
2380,517
2165,2759
2759,2165
1024,1622
1622,1024
1478,1829
1829,1478
1536,3231
3231,1536
382,1926
1926,382
2536,2702
2702,2536
913,1791
1791,913
2439,3264
3264,2439
606,3068
3068,606
338,3024
3024,338
219,2807
2807,219
979,2266
2266,979
2739,2923
2923,2739
925,983
983,925
987,2386
2386,987
1656,1727
1727,1656
494,2453
2453,494
2089,2777
2777,2089
1028,1340
1340,1028
720,995
995,720
2039,2367
2367,2039
494,1177
1177,494
849,2277
2277,849
2004,2531
2531,2004
355,2681
2681,355
0,9
9,0
134,992
992,134
423,829
829,423
3045,3171
3171,3045
455,1047
1047,455
739,2563
2563,739
965,1563
1563,965
621,1524
1524,621
1295,1963
1963,1295
730,1925
1925,730
312,1937
1937,312
697,1519
1519,697
325,1876
1876,325
698,2912
2912,698
493,1460
1460,493
1262,2688
2688,1262
96,3221
3221,96
2719,2755
2755,2719
1081,2798
2798,1081
589,2861
2861,589
742,1117
1117,742
1029,2113
2113,1029
424,1481
1481,424
2252,2501
2501,2252
507,2647
2647,507
1744,3263
3263,1744
437,2588
2588,437
332,3060
3060,332
846,1066
1066,846
794,2862
2862,794
2354,2899
2899,2354
254,373
373,254
407,1369
1369,407
126,3076
3076,126
962,1362
1362,962
2044,3087
3087,2044
5,2786
2786,5
333,2359
2359,333
2395,2792
2792,2395
177,3014
3014,177
175,201
201,175
223,2901
2901,223
2991,3082
3082,2991
1860,2404
2404,1860
98,920
920,98
302,2147
2147,302
245,1613
1613,245
164,2442
2442,164
458,2660
2660,458
1196,2589
2589,1196
1268,1940
1940,1268
1669,2809
2809,1669
1944,2748
2748,1944
1080,2414
2414,1080
1632,3156
3156,1632
1133,1257
1257,1133
1731,2640
2640,1731
798,2701
2701,798
1792,2327
2327,1792
99,2434
2434,99
1093,1306
1306,1093
1019,1128
1128,1019
76,2679
2679,76
297,1372
1372,297
383,1146
1146,383
1644,2348
2348,1644
343,2013
2013,343
2043,2582
2582,2043
866,2017
2017,866
2113,3321
3321,2113
2337,2800
2800,2337
47,2917
2917,47
2207,2690
2690,2207
211,1039
1039,211
407,2671
2671,407
44,2619
2619,44
2113,2274
2274,2113
2395,3155
3155,2395
913,1496
1496,913
455,618
618,455
820,1039
1039,820
1352,2297
2297,1352
261,523
523,261
2795,2981
2981,2795
780,3303
3303,780
1138,2782
2782,1138
1067,2313
2313,1067
986,1193
1193,986
2249,2993
2993,2249
5,8
8,5
562,3080
3080,562
273,2977
2977,273
932,1630
1630,932
787,1212
1212,787
512,1044
1044,512
336,3033
3033,336
458,1976
1976,458
41,870
870,41
2814,3152
3152,2814
1229,3021
3021,1229
962,2677
2677,962
2205,3273
3273,2205
2301,2752
2752,2301
1358,2088
2088,1358
2018,2134
2134,2018
2152,2888
2888,2152
2564,2573
2573,2564
1609,2609
2609,1609
843,1386
1386,843
1882,2246
2246,1882
1221,1975
1975,1221
1400,1977
1977,1400
2370,3232
3232,2370
735,3021
3021,735
936,3011
3011,936
1788,1793
1793,1788
184,1686
1686,184
1412,2482
2482,1412
1665,2662
2662,1665
135,2467
2467,135
419,1997
1997,419
47,368
368,47
1459,1739
1739,1459
2274,2891
2891,2274
806,1625
1625,806
393,1981
1981,393
3021,3054
3054,3021
600,2688
2688,600
4,1876
1876,4
1759,2381
2381,1759
1126,3148
3148,1126
233,2113
2113,233
531,760
760,531
1995,2550
2550,1995
589,701
701,589
475,1582
1582,475
399,2001
2001,399
645,1239
1239,645
290,2997
2997,290
173,2183
2183,173
2843,3290
3290,2843
40,607
607,40
296,304
304,296
2598,3230
3230,2598
22,967
967,22
786,1888
1888,786
2218,2420
2420,2218
2306,3021
3021,2306
2,3240
3240,2
296,1243
1243,296
1787,3136
3136,1787
1739,2156
2156,1739
20,1308
1308,20
775,2409
2409,775
1784,2572
2572,1784
1292,1881
1881,1292
2233,2435
2435,2233
2496,3303
3303,2496
464,1995
1995,464
331,382
382,331
723,3158
3158,723
2665,3260
3260,2665
315,2774
2774,315
1146,2931
2931,1146
50,1079
1079,50
1555,2641
2641,1555
2408,3311
3311,2408
479,2882
2882,479
302,3249
3249,302
453,1432
1432,453
2622,2782
2782,2622
2479,2962
2962,2479
1414,2638
2638,1414
68,803
803,68
99,153
153,99
2590,2978
2978,2590
1836,3270
3270,1836
1192,2939
2939,1192
1135,2176
2176,1135
2420,2503
2503,2420
1315,3046
3046,1315
451,726
726,451
659,1429
1429,659
1462,1753
1753,1462
1486,3278
3278,1486
899,2020
2020,899
1253,2518
2518,1253
207,2207
2207,207
1065,2992
2992,1065
215,570
570,215
84,1319
1319,84
1326,2996
2996,1326
1548,1648
1648,1548
49,803
803,49
2812,3269
3269,2812
1208,2896
2896,1208
1794,2468
2468,1794
1503,2521
2521,1503
264,3212
3212,264
534,858
858,534
1983,3279
3279,1983
173,586
586,173
123,2980
2980,123
484,2205
2205,484
562,1041
1041,562
1028,2268
2268,1028
1375,3315
3315,1375
1381,2837
2837,1381
980,2493
2493,980
154,465
465,154
61,2223
2223,61
2786,3266
3266,2786
2273,2415
2415,2273
1653,2478
2478,1653
794,2488
2488,794
625,989
989,625
349,3040
3040,349
1710,1965
1965,1710
1393,2258
2258,1393
808,3325
3325,808
658,2563
2563,658
1003,2746
2746,1003
1825,3120
3120,1825
2167,2820
2820,2167
1919,2489
2489,1919
1018,3256
3256,1018
1889,2960
2960,1889
640,829
829,640
913,2156
2156,913
729,2106
2106,729
1730,2149
2149,1730
1883,3182
3182,1883
1016,1116
1116,1016
91,2987
2987,91
561,1475
1475,561
576,2507
2507,576
1417,2857
2857,1417
858,944
944,858
640,950
950,640
116,1475
1475,116
152,1132
1132,152
462,3051
3051,462
1482,1912
1912,1482
1616,2141
2141,1616
133,1829
1829,133
258,1006
1006,258
100,2820
2820,100
210,3180
3180,210
1061,2040
2040,1061
2668,2832
2832,2668
870,1654
1654,870
1023,2687
2687,1023
1423,1574
1574,1423
2840,3060
3060,2840
2568,2601
2601,2568
2131,2563
2563,2131
104,1599
1599,104
1617,2113
2113,1617
256,2141
2141,256
1700,2498
2498,1700
600,3119
3119,600
858,1428
1428,858
2771,3310
3310,2771
1713,1942
1942,1713
379,1430
1430,379
1674,2216
2216,1674
777,1705
1705,777
816,2370
2370,816
1347,2760
2760,1347
70,2782
2782,70
510,2300
2300,510
1998,2986
2986,1998
967,1721
1721,967
1362,2516
2516,1362
1652,2992
2992,1652
1008,1200
1200,1008
1844,2933
2933,1844
142,2254
2254,142
1804,2568
2568,1804
2131,2697
2697,2131
1071,2717
2717,1071
1601,1714
1714,1601
1007,3227
3227,1007
1795,2748
2748,1795
625,2896
2896,625
1710,1886
1886,1710
70,2085
2085,70
300,332
332,300
43,2625
2625,43
1011,3053
3053,1011
1863,1872
1872,1863
347,3073
3073,347
2573,3200
3200,2573
1184,2715
2715,1184
721,2725
2725,721
1261,2181
2181,1261
340,1801
1801,340
445,1100
1100,445
1410,1486
1486,1410
575,2378
2378,575
7,3089
3089,7
3080,3152
3152,3080
129,2032
2032,129
282,3028
3028,282
554,1272
1272,554
608,1737
1737,608
556,1318
1318,556
714,1904
1904,714
729,980
980,729
16,3030
3030,16
2703,3286
3286,2703
1341,2712
2712,1341
97,2874
2874,97
205,687
687,205
3068,3155
3155,3068
659,1860
1860,659
13,2917
2917,13
209,2563
2563,209
1582,2774
2774,1582
618,3256
3256,618
2273,2362
2362,2273
1238,2146
2146,1238
1181,1383
1383,1181
982,1439
1439,982
1196,3088
3088,1196
2493,2752
2752,2493
189,719
719,189
39,1189
1189,39
2962,3230
3230,2962
735,1158
1158,735
372,3092
3092,372
637,2572
2572,637
158,2574
2574,158
624,832
832,624
166,2169
2169,166
355,644
644,355
254,3221
3221,254
1417,1636
1636,1417
921,2452
2452,921
161,1946
1946,161
1272,2157
2157,1272
2273,2725
2725,2273
2764,3228
3228,2764
147,2950
2950,147
910,1926
1926,910
502,2360
2360,502
352,1369
1369,352
709,3104
3104,709
850,2814
2814,850
2703,2844
2844,2703
1127,2570
2570,1127
1261,2799
2799,1261
349,1485
1485,349
1157,1695
1695,1157
61,2775
2775,61
9,2585
2585,9
1645,2910
2910,1645
117,1364
1364,117
1139,3038
3038,1139
40,2837
2837,40
1472,3103
3103,1472
1940,3208
3208,1940
310,1614
1614,310
1552,2574
2574,1552
1091,1950
1950,1091
2842,3016
3016,2842
1801,3278
3278,1801
1262,3000
3000,1262
417,2945
2945,417
1563,1945
1945,1563
1585,1704
1704,1585
1345,2217
2217,1345
316,1321
1321,316
2172,2669
2669,2172
787,906
906,787
585,1711
1711,585
846,1486
1486,846
925,1779
1779,925
3229,3317
3317,3229
183,3128
3128,183
389,1018
1018,389
1502,2056
2056,1502
1806,2467
2467,1806
1018,1714
1714,1018
2098,2575
2575,2098
873,2006
2006,873
616,2084
2084,616
2559,3091
3091,2559
603,3313
3313,603
1776,2187
2187,1776
330,2895
2895,330
1536,1946
1946,1536
932,2734
2734,932
371,3192
3192,371
49,926
926,49
312,1565
1565,312
2583,3155
3155,2583
158,3313
3313,158
172,996
996,172
944,2007
2007,944
27,1581
1581,27
307,403
403,307
1361,2066
2066,1361
645,1859
1859,645
684,1558
1558,684
2707,3046
3046,2707
780,3252
3252,780
451,2259
2259,451
2698,3263
3263,2698
1398,3301
3301,1398
2676,2686
2686,2676
212,2916
2916,212
2173,3297
3297,2173
562,1982
1982,562
863,3142
3142,863
450,1512
1512,450
1334,2727
2727,1334
1491,1664
1664,1491
1697,1732
1732,1697
551,1271
1271,551
2121,3228
3228,2121
1092,3315
3315,1092
1200,2619
2619,1200
630,2503
2503,630
1819,3307
3307,1819
1151,2619
2619,1151
564,3088
3088,564
1938,1952
1952,1938
2721,3115
3115,2721
1255,2676
2676,1255
2099,2543
2543,2099
67,1235
1235,67
1204,2859
2859,1204
545,1991
1991,545
1126,3205
3205,1126
2368,2704
2704,2368
485,3145
3145,485
845,1236
1236,845
1691,2196
2196,1691
1078,1444
1444,1078
641,3163
3163,641
184,938
938,184
406,3000
3000,406
409,3271
3271,409
73,3056
3056,73
2943,3285
3285,2943
1334,2043
2043,1334
788,823
823,788
108,1064
1064,108
1880,2741
2741,1880
3125,3181
3181,3125
266,2589
2589,266
1510,2161
2161,1510
801,1701
1701,801
357,2707
2707,357
690,1604
1604,690
1150,2757
2757,1150
1964,3270
3270,1964
439,1470
1470,439
809,2989
2989,809
2135,2334
2334,2135
283,2125
2125,283
1,978
978,1
355,2001
2001,355
338,371
371,338
1308,3050
3050,1308
1848,2506
2506,1848
1206,2810
2810,1206
2169,3086
3086,2169
692,1771
1771,692
129,2597
2597,129
51,691
691,51
1353,2685
2685,1353
2511,2742
2742,2511
62,557
557,62
1497,1646
1646,1497
1588,3225
3225,1588
2928,3296
3296,2928
870,2716
2716,870
691,3239
3239,691
61,857
857,61
1379,2593
2593,1379
1843,3222
3222,1843
594,1091
1091,594
160,2785
2785,160
583,673
673,583
1295,1404
1404,1295
1338,1774
1774,1338
2666,2737
2737,2666
945,3011
3011,945
473,1969
1969,473
774,914
914,774
1018,1540
1540,1018
1,173
173,1
1565,1938
1938,1565
1585,2819
2819,1585
198,983
983,198
2085,3105
3105,2085
151,642
642,151
357,2962
2962,357
1093,1310
1310,1093
296,2723
2723,296
640,2496
2496,640
542,1961
1961,542
722,3060
3060,722
240,2791
2791,240
2403,3158
3158,2403
427,2617
2617,427
626,1551
1551,626
1063,2077
2077,1063
2422,2619
2619,2422
1800,1818
1818,1800
1134,1957
1957,1134
2039,2063
2063,2039
203,401
401,203
780,2368
2368,780
1191,1673
1673,1191
2304,2748
2748,2304
645,1685
1685,645
1462,1944
1944,1462
1792,2573
2573,1792
223,2450
2450,223
1448,1780
1780,1448
1236,2126
2126,1236
582,1336
1336,582
719,1341
1341,719
2950,3273
3273,2950
1615,1893
1893,1615
2217,2227
2227,2217
1083,2032
2032,1083
1296,3308
3308,1296
2106,2359
2359,2106
1089,1783
1783,1089
2506,3269
3269,2506
1366,1539
1539,1366
1956,2536
2536,1956
1178,1259
1259,1178
1360,3185
3185,1360
849,1986
1986,849
314,1413
1413,314
496,2622
2622,496
1282,1316
1316,1282
562,2158
2158,562
1030,2263
2263,1030
837,2097
2097,837
799,1576
1576,799
140,2694
2694,140
976,980
980,976
9,1982
1982,9
880,1686
1686,880
2585,2636
2636,2585
685,1447
1447,685
2013,2410
2410,2013
1195,1926
1926,1195
751,2969
2969,751
1074,1407
1407,1074
249,2987
2987,249
512,1640
1640,512
1596,1977
1977,1596
2131,3304
3304,2131
1449,2718
2718,1449
205,2917
2917,205
805,2158
2158,805
1152,1448
1448,1152
469,1943
1943,469
950,1987
1987,950
2963,3053
3053,2963
1414,2387
2387,1414
1498,3024
3024,1498
1763,2275
2275,1763
656,988
988,656
418,1116
1116,418
2560,2821
2821,2560
394,2708
2708,394
2840,3104
3104,2840
2009,2947
2947,2009
2616,3130
3130,2616
828,3165
3165,828
310,3239
3239,310
3042,3238
3238,3042
602,644
644,602
2384,3238
3238,2384
1818,3086
3086,1818
869,2156
2156,869
457,2885
2885,457
9,2466
2466,9
4,2122
2122,4
78,85
85,78
2171,2837
2837,2171
1901,2976
2976,1901
7,555
555,7
507,2598
2598,507
2260,2276
2276,2260
596,2118
2118,596
1809,2111
2111,1809
436,1082
1082,436
1253,1341
1341,1253
132,1610
1610,132
33,1079
1079,33
1192,2004
2004,1192
77,102
102,77
1192,1775
1775,1192
32,2840
2840,32
963,2706
2706,963
2819,3300
3300,2819
1093,3230
3230,1093
1136,2634
2634,1136
241,2950
2950,241
1127,2814
2814,1127
2038,2856
2856,2038
2203,2923
2923,2203
2180,3205
3205,2180
26,2917
2917,26
2522,2905
2905,2522
2747,3252
3252,2747
2821,3201
3201,2821
1592,1951
1951,1592
286,1272
1272,286
2727,2785
2785,2727
155,974
974,155
1668,2885
2885,1668
1043,2833
2833,1043
1872,2126
2126,1872
160,759
759,160
1696,1937
1937,1696
808,1209
1209,808
6,1753
1753,6
2745,3219
3219,2745
112,459
459,112
89,3215
3215,89
1552,3060
3060,1552
1442,3188
3188,1442
2048,2180
2180,2048
2163,2167
2167,2163
138,1801
1801,138
1764,2421
2421,1764
632,1104
1104,632
585,3015
3015,585
315,3154
3154,315
1531,3122
3122,1531
1357,1545
1545,1357
352,1989
1989,352
1083,2208
2208,1083
1728,1946
1946,1728
2055,2112
2112,2055
224,2972
2972,224
2774,2994
2994,2774
126,1417
1417,126
1211,2888
2888,1211
2727,2919
2919,2727
589,626
626,589
940,1378
1378,940
1423,2020
2020,1423
0,2
2,0
91,1581
1581,91
256,1877
1877,256
2945,3226
3226,2945
730,2965
2965,730
241,2279
2279,241
1027,3188
3188,1027
319,3101
3101,319
618,1219
1219,618
712,817
817,712
1782,2488
2488,1782
1312,2044
2044,1312
150,2282
2282,150
889,2850
2850,889
2317,2768
2768,2317
1940,2781
2781,1940
2614,3220
3220,2614
651,1517
1517,651
1017,3035
3035,1017
886,2057
2057,886
1412,1844
1844,1412
423,835
835,423
1115,1328
1328,1115
586,718
718,586
871,1870
1870,871
184,2926
2926,184
2484,3002
3002,2484
2511,2839
2839,2511
310,2476
2476,310
2061,3313
3313,2061
3,2999
2999,3
1259,2396
2396,1259
1721,2427
2427,1721
570,602
602,570
699,2473
2473,699
2448,3200
3200,2448
656,3271
3271,656
1802,2271
2271,1802
441,1131
1131,441
831,1582
1582,831
1825,2669
2669,1825
777,2514
2514,777
1002,2861
2861,1002
608,3230
3230,608
88,1888
1888,88
811,2017
2017,811
2486,3024
3024,2486
282,2427
2427,282
1095,2944
2944,1095
59,2126
2126,59
2416,2965
2965,2416
1860,2518
2518,1860
289,2551
2551,289
640,1088
1088,640
3155,3304
3304,3155
503,2251
2251,503
847,2586
2586,847
2,508
508,2
1163,2526
2526,1163
96,1604
1604,96
1125,1776
1776,1125
1510,1587
1587,1510
2222,2318
2318,2222
1873,2164
2164,1873
2086,3211
3211,2086
1525,2878
2878,1525
5,698
698,5
338,3059
3059,338
16,564
564,16
928,1612
1612,928
2132,2280
2280,2132
1110,1360
1360,1110
1517,2421
2421,1517
1888,2859
2859,1888
1184,2477
2477,1184
73,1448
1448,73
4,1614
1614,4
743,1953
1953,743
1306,1541
1541,1306
2884,3204
3204,2884
1485,1772
1772,1485
1705,1775
1775,1705
774,2434
2434,774
1070,3250
3250,1070
6,1579
1579,6
888,2721
2721,888
600,1500
1500,600
113,1678
1678,113
615,2791
2791,615
11,1630
1630,11
699,3199
3199,699
1364,1374
1374,1364
13,2908
2908,13
1121,1616
1616,1121
1088,1439
1439,1088
389,1438
1438,389
692,981
981,692
2025,2288
2288,2025
1225,1444
1444,1225
1676,2134
2134,1676
947,1436
1436,947
2210,3236
3236,2210
613,2085
2085,613
715,3035
3035,715
268,774
774,268
930,2142
2142,930
1308,2502
2502,1308
769,2719
2719,769
1762,2709
2709,1762
564,3253
3253,564
1744,3069
3069,1744
1513,2907
2907,1513
420,2979
2979,420
19,2635
2635,19
14,2062
2062,14
2278,2710
2710,2278
1571,2094
2094,1571
8,1988
1988,8
2733,3290
3290,2733
919,1616
1616,919
9,119
119,9
714,3318
3318,714
752,1395
1395,752
258,3038
3038,258
1685,2731
2731,1685
940,2614
2614,940
981,2615
2615,981
480,643
643,480
1472,2852
2852,1472
1880,2677
2677,1880
826,2448
2448,826
1244,2207
2207,1244
232,1709
1709,232
1166,2287
2287,1166
1304,1928
1928,1304
1034,1057
1057,1034
1185,2916
2916,1185
1529,3251
3251,1529
1138,2346
2346,1138
279,1124
1124,279
338,1704
1704,338
1131,2572
2572,1131
4,2124
2124,4
1913,2315
2315,1913
727,1930
1930,727
780,2988
2988,780
1212,3170
3170,1212
7,2543
2543,7
102,565
565,102
800,1361
1361,800
146,2823
2823,146
289,2377
2377,289
500,840
840,500
183,3119
3119,183
1042,2880
2880,1042
1499,2567
2567,1499
1024,1254
1254,1024
1324,2980
2980,1324
2112,2501
2501,2112
1227,3047
3047,1227
84,1312
1312,84
2171,3081
3081,2171
2517,2671
2671,2517
2205,3079
3079,2205
724,1379
1379,724
245,3071
3071,245
954,2070
2070,954
2499,2802
2802,2499
1077,2177
2177,1077
1253,1585
1585,1253
515,1390
1390,515
1177,2529
2529,1177
2264,2612
2612,2264
160,1916
1916,160
1662,2049
2049,1662
595,3305
3305,595
268,695
695,268
1742,2981
2981,1742
1177,1711
1711,1177
615,1449
1449,615
2189,3111
3111,2189
2858,3206
3206,2858
617,2956
2956,617
1627,3115
3115,1627
109,2257
2257,109
1630,2366
2366,1630
551,3127
3127,551
1827,2651
2651,1827
5,3102
3102,5
3076,3321
3321,3076
1037,3249
3249,1037
1355,1609
1609,1355
2041,3105
3105,2041
164,2866
2866,164
2569,3224
3224,2569
1576,2251
2251,1576
2384,2690
2690,2384
1315,1658
1658,1315
157,877
877,157
196,2791
2791,196
655,2551
2551,655
163,2614
2614,163
598,1522
1522,598
7,1054
1054,7
1082,1837
1837,1082
1910,2662
2662,1910
1987,3111
3111,1987
72,136
136,72
660,1326
1326,660
1250,2323
2323,1250
1200,2731
2731,1200
1100,1746
1746,1100
914,3313
3313,914
2658,3171
3171,2658
1272,2203
2203,1272
4,2045
2045,4
41,126
126,41
189,778
778,189
391,1407
1407,391
670,1761
1761,670
2440,2840
2840,2440
941,2224
2224,941
1914,2730
2730,1914
257,2531
2531,257
2290,3246
3246,2290
56,2477
2477,56
283,719
719,283
186,3230
3230,186
16,1129
1129,16
2,1194
1194,2
880,2106
2106,880
6,3299
3299,6
1059,2108
2108,1059
33,1941
1941,33
1024,3282
3282,1024
1258,3220
3220,1258
659,2403
2403,659
867,1120
1120,867
1438,2104
2104,1438
1572,2858
2858,1572
391,602
602,391
239,2719
2719,239
172,1497
1497,172
2358,2491
2491,2358
737,2178
2178,737
1122,2514
2514,1122
1127,2629
2629,1127
2434,2486
2486,2434
1668,2687
2687,1668
1212,2178
2178,1212
389,1882
1882,389
1289,1644
1644,1289
683,1834
1834,683
2365,3029
3029,2365
2997,3242
3242,2997
2303,3090
3090,2303
243,451
451,243
1607,2340
2340,1607
55,400
400,55
1280,1945
1945,1280
1192,1832
1832,1192
1854,3200
3200,1854
2101,3077
3077,2101
210,1442
1442,210
710,1536
1536,710
1948,2754
2754,1948
1023,3164
3164,1023
1430,2764
2764,1430
43,403
403,43
1061,2638
2638,1061
1152,1773
1773,1152
1136,1765
1765,1136
1946,2802
2802,1946
184,1318
1318,184
1452,2644
2644,1452
1016,1030
1030,1016
823,901
901,823
2265,2932
2932,2265
1602,2359
2359,1602
277,2569
2569,277
645,750
750,645
796,1148
1148,796
39,940
940,39
271,280
280,271
782,984
984,782
419,932
932,419
1294,2593
2593,1294
993,2372
2372,993
1361,3293
3293,1361
2158,3048
3048,2158
1254,3315
3315,1254
2102,2658
2658,2102
758,1687
1687,758
112,758
758,112
2489,3040
3040,2489
1,661
661,1
589,1851
1851,589
1403,1610
1610,1403
0,1227
1227,0
3154,3164
3164,3154
2037,2650
2650,2037
738,1156
1156,738
2422,2986
2986,2422
283,2976
2976,283
2275,2707
2707,2275
1098,2896
2896,1098
215,2054
2054,215
2011,2597
2597,2011
1586,1667
1667,1586
2265,3187
3187,2265
1714,2081
2081,1714
2249,2425
2425,2249
1414,1560
1560,1414
4,6
6,4
97,197
197,97
1435,1619
1619,1435
1619,1965
1965,1619
1839,3200
3200,1839
760,1746
1746,760
730,1049
1049,730
2161,2433
2433,2161
886,1067
1067,886
2341,3303
3303,2341
954,1467
1467,954
478,3164
3164,478
404,2986
2986,404
99,135
135,99
2765,2934
2934,2765
1407,1799
1799,1407
775,2525
2525,775
2877,2882
2882,2877
1246,1881
1881,1246
1211,3321
3321,1211
282,2363
2363,282
1811,3316
3316,1811
995,1710
1710,995
2273,2852
2852,2273
1316,2556
2556,1316
1822,1933
1933,1822
158,1775
1775,158
1572,1758
1758,1572
534,1766
1766,534
1076,1820
1820,1076
675,1247
1247,675
574,1838
1838,574
469,2310
2310,469
1194,2980
2980,1194
60,570
570,60
385,855
855,385
1398,1992
1992,1398
2134,3309
3309,2134
985,2348
2348,985
2800,2904
2904,2800
2,565
565,2
2417,2614
2614,2417
1882,2041
2041,1882
1338,2880
2880,1338
597,2882
2882,597
952,2292
2292,952
1955,2970
2970,1955
1695,2336
2336,1695
0,2074
2074,0
2206,2286
2286,2206
1163,2475
2475,1163
244,2205
2205,244
1276,2352
2352,1276
684,2477
2477,684
1375,3297
3297,1375
93,3204
3204,93
2957,3130
3130,2957
670,1495
1495,670
1215,3052
3052,1215
1958,3325
3325,1958
912,1028
1028,912
456,1980
1980,456
158,3306
3306,158
777,3055
3055,777
268,468
468,268
1413,2478
2478,1413
1206,2414
2414,1206
2006,2992
2992,2006
31,2218
2218,31
1125,3243
3243,1125
290,1395
1395,290
1934,2106
2106,1934
1127,3060
3060,1127
1321,1613
1613,1321
92,2844
2844,92
890,2824
2824,890
639,1027
1027,639
1841,2817
2817,1841
60,1054
1054,60
1290,1482
1482,1290
3024,3133
3133,3024
1078,3060
3060,1078
789,971
971,789
570,2324
2324,570
22,1701
1701,22
228,1806
1806,228
1233,1850
1850,1233
954,2435
2435,954
166,699
699,166
1790,2707
2707,1790
1129,2961
2961,1129
1397,1958
1958,1397
443,2670
2670,443
1243,1262
1262,1243
424,2391
2391,424
1310,2255
2255,1310
200,697
697,200
1071,1155
1155,1071
1955,2407
2407,1955
188,579
579,188
3123,3152
3152,3123
7,9
9,7
973,1788
1788,973
783,1627
1627,783
14,2119
2119,14
1166,2331
2331,1166
1037,2217
2217,1037
1578,2541
2541,1578
587,934
934,587
217,1926
1926,217
941,3152
3152,941
178,1409
1409,178
1336,1732
1732,1336
1370,2777
2777,1370
737,878
878,737
16,1118
1118,16
1413,1915
1915,1413
64,1832
1832,64
332,829
829,332
1638,2033
2033,1638
1460,2670
2670,1460
1283,1576
1576,1283
1444,2433
2433,1444
1669,2551
2551,1669
382,1360
1360,382
235,2064
2064,235
825,1112
1112,825
2435,2993
2993,2435
2471,2650
2650,2471
1229,1461
1461,1229
2789,3225
3225,2789
1096,2100
2100,1096
227,1422
1422,227
189,3116
3116,189
951,2685
2685,951
256,1894
1894,256
820,1936
1936,820
1052,1276
1276,1052
1743,2621
2621,1743
1276,1923
1923,1276
1663,2103
2103,1663
9,189
189,9
1225,2106
2106,1225
142,947
947,142
842,1587
1587,842
1852,1975
1975,1852
1960,2969
2969,1960
2007,2034
2034,2007
565,2706
2706,565
821,2403
2403,821
1781,2216
2216,1781
884,1705
1705,884
2226,2603
2603,2226
481,2483
2483,481
1337,1421
1421,1337
91,1022
1022,91
2114,2281
2281,2114
66,1194
1194,66
1232,1341
1341,1232
1418,2285
2285,1418
794,1115
1115,794
985,2403
2403,985
954,2824
2824,954
945,3004
3004,945
2266,3025
3025,2266
366,1082
1082,366
1541,1803
1803,1541
345,2945
2945,345
753,2016
2016,753
350,3060
3060,350
1346,2530
2530,1346
556,950
950,556
89,2201
2201,89
1374,1811
1811,1374
2759,3308
3308,2759
235,1272
1272,235
2017,2671
2671,2017
533,2134
2134,533
2064,2931
2931,2064
1066,2368
2368,1066
105,381
381,105
215,512
512,215
1455,2823
2823,1455
25,2832
2832,25
1879,2333
2333,1879
714,2825
2825,714
375,3130
3130,375
324,1852
1852,324
341,3253
3253,341
898,2353
2353,898
998,1308
1308,998
462,2725
2725,462
350,2255
2255,350
2289,2389
2389,2289
1439,2936
2936,1439
382,2207
2207,382
2085,2293
2293,2085
697,2484
2484,697
243,587
587,243
361,2040
2040,361
261,870
870,261
617,1966
1966,617
62,926
926,62
1742,3280
3280,1742
689,795
795,689
778,1510
1510,778
497,1793
1793,497
1744,3060
3060,1744
196,1801
1801,196
208,3087
3087,208
686,1399
1399,686
1030,1209
1209,1030
323,593
593,323
2936,3317
3317,2936
448,709
709,448
415,532
532,415
1042,2616
2616,1042
70,1288
1288,70
902,2313
2313,902
1864,2724
2724,1864
1056,1733
1733,1056
409,1922
1922,409
273,304
304,273
1200,2909
2909,1200
1828,2249
2249,1828
608,3034
3034,608
699,2398
2398,699
1282,2490
2490,1282
1987,2013
2013,1987
1209,3143
3143,1209
2121,2242
2242,2121
2704,3051
3051,2704
1040,1910
1910,1040
2420,3063
3063,2420
2843,3166
3166,2843
448,1998
1998,448
993,1569
1569,993
874,1877
1877,874
1013,3204
3204,1013
1861,2547
2547,1861
233,1292
1292,233
1568,3197
3197,1568
4,8
8,4
150,1523
1523,150
615,1882
1882,615
1494,3019
3019,1494
1384,2622
2622,1384
1378,3073
3073,1378
700,3158
3158,700
3081,3159
3159,3081
554,825
825,554
486,1593
1593,486
560,1579
1579,560
1289,1688
1688,1289
1824,3015
3015,1824
1380,1806
1806,1380
1194,2619
2619,1194
404,3217
3217,404
2074,2668
2668,2074
948,2563
2563,948
839,1344
1344,839
1001,1931
1931,1001
1492,2397
2397,1492
3,2011
2011,3
142,3109
3109,142
989,995
995,989
347,774
774,347
2012,2325
2325,2012
807,2415
2415,807
2715,3236
3236,2715
693,3104
3104,693
1107,1401
1401,1107
1437,1801
1801,1437
1480,2171
2171,1480
1287,2005
2005,1287
2450,2672
2672,2450
1094,2630
2630,1094
1574,1806
1806,1574
436,2135
2135,436
2466,2616
2616,2466
938,3285
3285,938
1664,1699
1699,1664
3090,3234
3234,3090
748,946
946,748
955,1653
1653,955
984,2354
2354,984
1558,3151
3151,1558
775,1722
1722,775
1363,2121
2121,1363
1657,2864
2864,1657
729,2774
2774,729
271,3128
3128,271
780,3234
3234,780
1098,2348
2348,1098
2015,2693
2693,2015
748,1188
1188,748
801,2246
2246,801
3015,3302
3302,3015
1289,3232
3232,1289
2,809
809,2
1225,1490
1490,1225
485,1717
1717,485
1529,2692
2692,1529
6,699
699,6
460,906
906,460
2387,2686
2686,2387
126,1518
1518,126
1000,2311
2311,1000
100,2320
2320,100
1762,2634
2634,1762
2625,2743
2743,2625
304,1561
1561,304
920,1564
1564,920
278,2326
2326,278
345,2087
2087,345
1028,1326
1326,1028
267,447
447,267
1494,2590
2590,1494
2701,2738
2738,2701
1225,1382
1382,1225
1419,2416
2416,1419
6,820
820,6
123,2159
2159,123
742,1908
1908,742
501,2785
2785,501
1344,2013
2013,1344
721,802
802,721
380,2495
2495,380
2078,2237
2237,2078
1872,3300
3300,1872
232,1284
1284,232
595,3322
3322,595
1773,3294
3294,1773
2074,2468
2468,2074
1835,1957
1957,1835
2321,2345
2345,2321
1285,2722
2722,1285
523,938
938,523
311,530
530,311
894,2837
2837,894
1487,1890
1890,1487
403,1516
1516,403
566,2971
2971,566
2550,3107
3107,2550
562,1051
1051,562
1830,1963
1963,1830
2420,2997
2997,2420
362,468
468,362
251,3081
3081,251
416,3148
3148,416
822,1621
1621,822
77,713
713,77
495,1226
1226,495
221,3094
3094,221
496,818
818,496
177,543
543,177
1154,1986
1986,1154
152,1947
1947,152
690,2754
2754,690
946,2451
2451,946
839,2325
2325,839
464,987
987,464
407,2173
2173,407
935,2558
2558,935
1829,2017
2017,1829
2048,2549
2549,2048
305,1115
1115,305
547,3092
3092,547
2701,3114
3114,2701
1025,1404
1404,1025
801,1925
1925,801
775,2461
2461,775
2541,2832
2832,2541
2029,2428
2428,2029
2421,3181
3181,2421
670,1068
1068,670
207,1078
1078,207
2965,3052
3052,2965
3218,3232
3232,3218
2629,2837
2837,2629
708,2757
2757,708
1475,2929
2929,1475
521,1884
1884,521
1075,3224
3224,1075
1622,1636
1636,1622
2525,2901
2901,2525
66,2243
2243,66
2492,2724
2724,2492
2726,2891
2891,2726
105,1417
1417,105
405,2877
2877,405
162,675
675,162
946,2706
2706,946
1116,1131
1131,1116
1861,2039
2039,1861
1403,2393
2393,1403
689,1589
1589,689
2726,3012
3012,2726
238,2885
2885,238
207,3306
3306,207
2244,2743
2743,2244
1344,2752
2752,1344
706,2172
2172,706
1575,2621
2621,1575
1943,2522
2522,1943
2070,2563
2563,2070
2452,2628
2628,2452
172,1972
1972,172
1720,2450
2450,1720
2613,3256
3256,2613
249,1438
1438,249
278,2139
2139,278
1403,2285
2285,1403
1074,3241
3241,1074
2077,2458
2458,2077
177,1269
1269,177
1438,2242
2242,1438
18,229
229,18
847,1774
1774,847
597,3060
3060,597
1794,2520
2520,1794
1109,2188
2188,1109
153,1033
1033,153
1135,2820
2820,1135
1002,3230
3230,1002
2147,2271
2271,2147
8,571
571,8
8,2557
2557,8
1271,3125
3125,1271
260,1280
1280,260
2913,2972
2972,2913
5,7
7,5
1274,1824
1824,1274
720,2204
2204,720
367,2840
2840,367
97,764
764,97
776,1318
1318,776
844,3179
3179,844
2064,2128
2128,2064
1059,2838
2838,1059
816,2851
2851,816
545,1799
1799,545
1,652
652,1
1403,1601
1601,1403
747,2199
2199,747
998,1781
1781,998
660,1493
1493,660
78,1811
1811,78
384,1329
1329,384
389,1444
1444,389
270,1981
1981,270
1047,2841
2841,1047
154,1806
1806,154
582,2741
2741,582
2428,2647
2647,2428
2135,3068
3068,2135
172,2348
2348,172
814,3249
3249,814
205,1744
1744,205
1903,2947
2947,1903
1375,2562
2562,1375
2665,3004
3004,2665
2124,2357
2357,2124
20,2112
2112,20
259,408
408,259
2275,2711
2711,2275
1602,1908
1908,1602
1196,3206
3206,1196
1034,1158
1158,1034
2128,3186
3186,2128
820,1643
1643,820
800,2159
2159,800
1760,2201
2201,1760
796,2683
2683,796
2592,2997
2997,2592
56,2644
2644,56
1317,1631
1631,1317
601,2215
2215,601
1831,1852
1852,1831
365,1184
1184,365
2706,3284
3284,2706
846,3214
3214,846
2585,2994
2994,2585
2456,3109
3109,2456
1664,2614
2614,1664
100,657
657,100
950,1056
1056,950
2307,2491
2491,2307
402,3173
3173,402
183,1823
1823,183
241,1764
1764,241
66,2177
2177,66
16,2585
2585,16
2464,2825
2825,2464
521,2986
2986,521
2243,3122
3122,2243
2406,2591
2591,2406
1482,2206
2206,1482
1267,2281
2281,1267
1077,2157
2157,1077
1748,2096
2096,1748
2240,2558
2558,2240
2365,2967
2967,2365
1076,1932
1932,1076
816,2530
2530,816
2058,2258
2258,2058
876,1120
1120,876
2978,3167
3167,2978
664,2927
2927,664
386,2653
2653,386
1986,3321
3321,1986
3225,3303
3303,3225
2917,3187
3187,2917
2333,3136
3136,2333
1290,3325
3325,1290
1703,2740
2740,1703
2520,2962
2962,2520
1666,3087
3087,1666
4,1312
1312,4
2679,2726
2726,2679
681,2463
2463,681
1170,1193
1193,1170
1407,2863
2863,1407
218,746
746,218
74,967
967,74
690,3185
3185,690
260,1911
1911,260
731,1762
1762,731
1354,2707
2707,1354
174,3305
3305,174
1557,1989
1989,1557
1001,2525
2525,1001
2564,3311
3311,2564
65,1039
1039,65
2157,3152
3152,2157
388,497
497,388
2492,2913
2913,2492
1645,1994
1994,1645
2176,2384
2384,2176
1347,2007
2007,1347
125,1965
1965,125
9,2019
2019,9
382,2264
2264,382
1001,2538
2538,1001
2089,2994
2994,2089
1237,1731
1731,1237
1822,2421
2421,1822
2575,3153
3153,2575
622,677
677,622
1555,3245
3245,1555
2002,2473
2473,2002
565,1045
1045,565
1055,2141
2141,1055
962,1913
1913,962
1658,1882
1882,1658
1166,3140
3140,1166
1276,1551
1551,1276
2394,2704
2704,2394
300,518
518,300
1609,2663
2663,1609
420,2798
2798,420
345,3149
3149,345
1733,2177
2177,1733
2,6
6,2
1301,1500
1500,1301
50,757
757,50
12,236
236,12
927,1030
1030,927
27,2988
2988,27
2253,3115
3115,2253
1227,2719
2719,1227
415,589
589,415
543,3255
3255,543
1144,1903
1903,1144
392,2039
2039,392
249,1990
1990,249
932,1229
1229,932
1,1888
1888,1
262,2683
2683,262
654,3207
3207,654
88,352
352,88
100,1638
1638,100
2567,2874
2874,2567
2052,2428
2428,2052
2310,2989
2989,2310
77,1654
1654,77
9,1456
1456,9
2777,2869
2869,2777
2111,3008
3008,2111
760,3081
3081,760
1770,2486
2486,1770
1732,1965
1965,1732
2014,2846
2846,2014
1471,3321
3321,1471
34,1405
1405,34
839,2327
2327,839
1950,2309
2309,1950
389,586
586,389
912,2576
2576,912
506,1888
1888,506
1273,1801
1801,1273
453,1473
1473,453
1053,1734
1734,1053
10,903
903,10
469,3174
3174,469
99,194
194,99
2404,2600
2600,2404
525,2517
2517,525
468,1754
1754,468
366,2938
2938,366
1090,2969
2969,1090
2201,3180
3180,2201
1745,2671
2671,1745
327,731
731,327
3136,3165
3165,3136
1124,1506
1506,1124
1203,1570
1570,1203
1219,1285
1285,1219
1325,1415
1415,1325
287,1948
1948,287
1333,1764
1764,1333
104,2766
2766,104
551,1765
1765,551
564,1704
1704,564
1113,2700
2700,1113
6,2379
2379,6
7,1786
1786,7
316,555
555,316
1978,2626
2626,1978
1895,3086
3086,1895
1936,2858
2858,1936
520,2536
2536,520
632,2777
2777,632
72,1097
1097,72
1801,2404
2404,1801
961,3218
3218,961
396,3180
3180,396
347,2241
2241,347
5,814
814,5
2633,2907
2907,2633
692,3178
3178,692
981,1066
1066,981
1011,3160
3160,1011
1635,2758
2758,1635
532,1849
1849,532
1476,3115
3115,1476
650,3073
3073,650
254,858
858,254
1045,1616
1616,1045
154,2613
2613,154
971,2835
2835,971
136,3202
3202,136
2412,2692
2692,2412
5,9
9,5
536,1860
1860,536
308,1215
1215,308
1503,2817
2817,1503
1253,1888
1888,1253
564,2080
2080,564
2541,3223
3223,2541
48,2163
2163,48
829,2499
2499,829
2782,3285
3285,2782
562,2155
2155,562
1707,1950
1950,1707
1345,2537
2537,1345
1304,2499
2499,1304
2318,3043
3043,2318
913,3257
3257,913
452,2633
2633,452
2403,2821
2821,2403
1417,2790
2790,1417
318,3084
3084,318
507,1522
1522,507
438,1688
1688,438
233,236
236,233
639,1449
1449,639
207,1001
1001,207
243,3169
3169,243
111,2461
2461,111
687,1345
1345,687
628,1704
1704,628
1391,2895
2895,1391
205,3264
3264,205
1229,2567
2567,1229
813,2100
2100,813
648,2292
2292,648
2012,2195
2195,2012
73,1832
1832,73
2471,2709
2709,2471
430,2335
2335,430
2539,3109
3109,2539
2525,2945
2945,2525
1988,3006
3006,1988
1781,3201
3201,1781
2078,2899
2899,2078
1381,1510
1510,1381
1369,2210
2210,1369
840,2849
2849,840
1967,3068
3068,1967
1136,1450
1450,1136
1898,3197
3197,1898
771,1995
1995,771
1093,2046
2046,1093
1588,1988
1988,1588
624,2470
2470,624
1043,1636
1636,1043
45,3059
3059,45
163,3280
3280,163
918,2395
2395,918
1195,2178
2178,1195
300,1299
1299,300
1399,2439
2439,1399
583,2819
2819,583
576,1877
1877,576
882,900
900,882
725,3168
3168,725
1936,2563
2563,1936
387,2126
2126,387
235,2486
2486,235
2949,3141
3141,2949
2408,2494
2494,2408
1884,2494
2494,1884
1732,2396
2396,1732
13,1548
1548,13
245,2837
2837,245
1938,2501
2501,1938
9,611
611,9
163,260
260,163
1742,2037
2037,1742
911,2634
2634,911
1310,2114
2114,1310
353,1552
1552,353
1848,2692
2692,1848
912,1021
1021,912
2623,2725
2725,2623
1831,2230
2230,1831
1455,2882
2882,1455
2024,3039
3039,2024
269,807
807,269
754,2956
2956,754
165,3315
3315,165
1274,2928
2928,1274
264,2274
2274,264
925,973
973,925
1374,3051
3051,1374
209,1557
1557,209
1109,1319
1319,1109
78,2794
2794,78
1559,1784
1784,1559
2001,2883
2883,2001
2202,2644
2644,2202
1109,2487
2487,1109
92,1911
1911,92
423,2913
2913,423
2563,3037
3037,2563
840,1252
1252,840
1803,2531
2531,1803
2980,3096
3096,2980
2790,3201
3201,2790
66,811
811,66
885,1668
1668,885
647,2025
2025,647
1246,2613
2613,1246
566,639
639,566
1204,2845
2845,1204
2503,2878
2878,2503
89,1468
1468,89
302,1990
1990,302
2,8
8,2
1325,2088
2088,1325
40,300
300,40
1426,2665
2665,1426
1049,2449
2449,1049
1107,1902
1902,1107
756,3136
3136,756
940,1496
1496,940
112,819
819,112
1946,2179
2179,1946
1502,2431
2431,1502
1344,2488
2488,1344
2840,3035
3035,2840
1622,2203
2203,1622
383,2746
2746,383
1957,2422
2422,1957
1360,2203
2203,1360
1126,2036
2036,1126
85,3052
3052,85
2454,2999
2999,2454
1998,2719
2719,1998
43,1069
1069,43
1208,2334
2334,1208
3114,3274
3274,3114
239,486
486,239
1991,2945
2945,1991
488,2624
2624,488
538,1987
1987,538
732,2984
2984,732
744,2055
2055,744
45,1825
1825,45
1614,3143
3143,1614
841,3156
3156,841
2302,3251
3251,2302
868,3030
3030,868
975,1695
1695,975
610,1045
1045,610
352,484
484,352
976,2563
2563,976
1174,2844
2844,1174
829,2809
2809,829
2389,3112
3112,2389
1563,1986
1986,1563
2387,3187
3187,2387
575,2111
2111,575
1884,2078
2078,1884
841,2001
2001,841
816,1419
1419,816
2543,2882
2882,2543
321,2874
2874,321
49,2940
2940,49
816,2587
2587,816
2288,2777
2777,2288
2200,2435
2435,2200
930,1413
1413,930
570,3056
3056,570
886,2538
2538,886
168,272
272,168
665,849
849,665
2288,2669
2669,2288
3,1144
1144,3
1074,2185
2185,1074
783,2238
2238,783
1111,3272
3272,1111
2916,3140
3140,2916
435,508
508,435
747,780
780,747
1970,2215
2215,1970
2467,3021
3021,2467
2642,3022
3022,2642
2339,3021
3021,2339
1840,2105
2105,1840
1690,2575
2575,1690
725,2189
2189,725
1043,2764
2764,1043
1263,2767
2767,1263
2259,3257
3257,2259
206,3021
3021,206
2427,2804
2804,2427
2876,3081
3081,2876
176,3300
3300,176
1954,2742
2742,1954
1505,2650
2650,1505
1397,2824
2824,1397
2527,3314
3314,2527
2126,2970
2970,2126
646,2367
2367,646
109,213
213,109
367,508
508,367
2199,2694
2694,2199
544,1861
1861,544
2145,2165
2165,2145
1842,2164
2164,1842
3075,3267
3267,3075
828,2788
2788,828
805,3070
3070,805
1421,3302
3302,1421
714,2134
2134,714
91,2680
2680,91
1018,3070
3070,1018
200,866
866,200
864,2832
2832,864
1592,3305
3305,1592
71,752
752,71
458,1161
1161,458
1390,2124
2124,1390
2025,2406
2406,2025
2123,2941
2941,2123
1006,3181
3181,1006
320,2624
2624,320
1899,2940
2940,1899
734,1446
1446,734
1221,3025
3025,1221
379,989
989,379
764,1325
1325,764
1091,1454
1454,1091
1582,2186
2186,1582
1974,2710
2710,1974
1282,1665
1665,1282
83,1112
1112,83
904,1978
1978,904
396,2740
2740,396
155,1631
1631,155
478,823
823,478
407,2340
2340,407
1213,1686
1686,1213
1398,2671
2671,1398
80,898
898,80
2062,2422
2422,2062
675,2276
2276,675
1148,2496
2496,1148
1027,2435
2435,1027
526,1924
1924,526
2704,3057
3057,2704
319,2348
2348,319
202,780
780,202
1583,3067
3067,1583
575,2045
2045,575
1251,2328
2328,1251
2692,2939
2939,2692
2294,3307
3307,2294
1525,2567
2567,1525
319,1072
1072,319
2595,3006
3006,2595
637,1647
1647,637
2870,2945
2945,2870
1727,3196
3196,1727
777,1627
1627,777
1830,2385
2385,1830
575,1937
1937,575
3104,3297
3297,3104
1314,2505
2505,1314
610,2160
2160,610
584,710
710,584
446,480
480,446
1082,2384
2384,1082
1032,2792
2792,1032
2289,2303
2303,2289
417,947
947,417
1685,3091
3091,1685
2277,2737
2737,2277
84,2464
2464,84
389,2053
2053,389
2173,3030
3030,2173
2498,3086
3086,2498
794,3041
3041,794
644,2013
2013,644
150,724
724,150
1695,2439
2439,1695
1187,2935
2935,1187
1229,1885
1885,1229
1631,1636
1636,1631
1984,2434
2434,1984
0,1840
1840,0
1715,3212
3212,1715
41,2780
2780,41
321,2834
2834,321
966,2306
2306,966
2225,2910
2910,2225
2252,3272
3272,2252
311,1557
1557,311
512,1318
1318,512
1888,3261
3261,1888
1981,3223
3223,1981
1229,2127
2127,1229
950,2712
2712,950
594,1387
1387,594
1896,2627
2627,1896
146,3183
3183,146
646,1025
1025,646
1456,2291
2291,1456
1700,2917
2917,1700
2670,3152
3152,2670
115,571
571,115
1355,2882
2882,1355
245,3310
3310,245
2573,3256
3256,2573
2962,3031
3031,2962
104,1910
1910,104
9,3070
3070,9
945,2489
2489,945
2952,3252
3252,2952
1823,1940
1940,1823
255,1261
1261,255
2638,3092
3092,2638
1946,2276
2276,1946
1323,2822
2822,1323
638,1965
1965,638
1419,2530
2530,1419
1088,2659
2659,1088
310,1870
1870,310
456,1170
1170,456
1636,2235
2235,1636
516,1975
1975,516
2625,2978
2978,2625
1090,2476
2476,1090
505,1557
1557,505
252,3097
3097,252
2274,3165
3165,2274
500,2381
2381,500
378,1223
1223,378
1374,2356
2356,1374
259,2440
2440,259
710,915
915,710
6,8
8,6
1353,3236
3236,1353
1318,2195
2195,1318
833,3200
3200,833
1786,2300
2300,1786
504,1978
1978,504
196,1862
1862,196
2167,2931
2931,2167
7,354
354,7
0,1398
1398,0
889,2728
2728,889
2496,3106
3106,2496
1049,2680
2680,1049
1940,2888
2888,1940
302,2931
2931,302
1379,2326
2326,1379
418,2325
2325,418
1626,2203
2203,1626
108,3267
3267,108
1027,1093
1093,1027
963,1566
1566,963
1613,2385
2385,1613
1310,2613
2613,1310
702,2205
2205,702
150,2631
2631,150
330,1286
1286,330
146,1465
1465,146
1636,2490
2490,1636
2169,2953
2953,2169
980,3088
3088,980
1037,1407
1407,1037
1152,1394
1394,1152
490,2177
2177,490
1818,3140
3140,1818
1152,2562
2562,1152
252,319
319,252
2699,3303
3303,2699
2513,2884
2884,2513
2771,3179
3179,2771
993,3148
3148,993
658,714
714,658
1961,3310
3310,1961
771,2991
2991,771
1246,2052
2052,1246
1276,1931
1931,1276
59,2462
2462,59
135,2191
2191,135
715,2537
2537,715
393,537
537,393
2125,3310
3310,2125
2414,3184
3184,2414
1746,2725
2725,1746
886,1601
1601,886
829,1067
1067,829
1056,2278
2278,1056
3,1025
1025,3
667,1005
1005,667
1940,3264
3264,1940
116,902
902,116
2237,2962
2962,2237
1122,1585
1585,1122
925,1714
1714,925
912,2943
2943,912
1330,2702
2702,1330
1194,1875
1875,1194
1001,2463
2463,1001
753,2361
2361,753
1229,1832
1832,1229
50,440
440,50
666,2658
2658,666
690,1029
1029,690
1123,1298
1298,1123
405,1018
1018,405
2733,3142
3142,2733
1795,2859
2859,1795
2103,2975
2975,2103
1628,1699
1699,1628
1518,2056
2056,1518
1874,3152
3152,1874
231,865
865,231
261,744
744,261
184,2712
2712,184
690,2318
2318,690
500,2194
2194,500
1231,3167
3167,1231
1360,2823
2823,1360
873,1244
1244,873
714,1894
1894,714
1794,2526
2526,1794
1122,3116
3116,1122
659,911
911,659
1061,2877
2877,1061
3050,3320
3320,3050
1405,2421
2421,1405
2585,2732
2732,2585
183,393
393,183
522,1845
1845,522
410,1109
1109,410
1413,2541
2541,1413
778,1276
1276,778
349,3314
3314,349
884,2426
2426,884
237,2615
2615,237
149,287
287,149
345,2148
2148,345
613,1145
1145,613
3042,3092
3092,3042
2522,3322
3322,2522
2021,3040
3040,2021
304,2790
2790,304
906,3124
3124,906
52,1522
1522,52
649,1512
1512,649
1285,2891
2891,1285
1734,2717
2717,1734
5,1181
1181,5
1295,1889
1889,1295
1689,3240
3240,1689
214,2752
2752,214
1249,2416
2416,1249
3028,3315
3315,3028
318,860
860,318
1538,2024
2024,1538
771,2791
2791,771
1881,2134
2134,1881
1101,3191
3191,1101
667,2670
2670,667
1,1826
1826,1
1261,1608
1608,1261
2563,3107
3107,2563
1356,1616
1616,1356
1063,2791
2791,1063
619,828
828,619
1934,2761
2761,1934
368,2909
2909,368
1933,3061
3061,1933
1878,3125
3125,1878
976,2499
2499,976
434,2216
2216,434
2798,2987
2987,2798
286,2991
2991,286
184,994
994,184
2358,2651
2651,2358
2671,2882
2882,2671
1200,1870
1870,1200
1091,2866
2866,1091
1908,3125
3125,1908
1156,1275
1275,1156
1770,2666
2666,1770
316,1298
1298,316
1935,2962
2962,1935
304,1998
1998,304
976,1573
1573,976
47,2830
2830,47
1330,1576
1576,1330
1684,2333
2333,1684
2910,3285
3285,2910
1439,2273
2273,1439
1557,1740
1740,1557
547,2106
2106,547
4,366
366,4
1370,3082
3082,1370
2917,3180
3180,2917
765,2413
2413,765
252,2602
2602,252
2434,2659
2659,2434
1979,2493
2493,1979
214,3249
3249,214
1171,3222
3222,1171
1689,2690
2690,1689
150,2941
2941,150
2844,2944
2944,2844
1018,1933
1933,1018
1682,2916
2916,1682
782,2888
2888,782
1563,3224
3224,1563
98,1438
1438,98
1278,2274
2274,1278
77,2318
2318,77
1842,1858
1858,1842
467,2998
2998,467
2423,3035
3035,2423
2863,3307
3307,2863
785,2526
2526,785
2168,3196
3196,2168
308,3126
3126,308
378,2138
2138,378
2316,2801
2801,2316
2443,3256
3256,2443
1598,1703
1703,1598
1232,2814
2814,1232
2531,2847
2847,2531
43,468
468,43
2178,3217
3217,2178
2260,2990
2990,2260
632,2260
2260,632
2490,3223
3223,2490
2452,2931
2931,2452
1192,2368
2368,1192
161,1628
1628,161
1594,2119
2119,1594
2418,3320
3320,2418
497,3240
3240,497
1255,1377
1377,1255
571,2142
2142,571
829,2666
2666,829
2658,3157
3157,2658
2785,2969
2969,2785
2938,3211
3211,2938
2655,2859
2859,2655
592,1972
1972,592
206,2394
2394,206
1310,1434
1434,1310
969,1141
1141,969
1719,2127
2127,1719
1794,2944
2944,1794
266,1398
1398,266
780,1619
1619,780
245,292
292,245
555,2440
2440,555
9,1220
1220,9
769,2665
2665,769
126,2936
2936,126
415,595
595,415
260,1475
1475,260
1225,1861
1861,1225
1674,1724
1724,1674
172,1362
1362,172
1000,2682
2682,1000
2579,3227
3227,2579
2469,2601
2601,2469
1526,2203
2203,1526
2658,3291
3291,2658
2064,2781
2781,2064
2051,2061
2061,2051
189,3113
3113,189
1362,2482
2482,1362
1212,3211
3211,1212
155,2977
2977,155
408,3157
3157,408
998,2205
2205,998
2863,2878
2878,2863
172,436
436,172
39,2536
2536,39
94,1011
1011,94
1668,2673
2673,1668
1066,2110
2110,1066
1447,2970
2970,1447
1624,2374
2374,1624
359,1696
1696,359
2236,2901
2901,2236
467,2461
2461,467
2244,2725
2725,2244
1483,1846
1846,1483
198,2007
2007,198
1995,3189
3189,1995
235,2303
2303,235
1105,1405
1405,1105
43,3301
3301,43
1772,2622
2622,1772
1075,1233
1233,1075
1615,2675
2675,1615
1601,2740
2740,1601
942,1643
1643,942
317,1820
1820,317
1776,3266
3266,1776
2010,3204
3204,2010
1483,1738
1738,1483
1205,1464
1464,1205
1310,2160
2160,1310
2086,2381
2381,2086
2024,2735
2735,2024
308,2121
2121,308
1005,3281
3281,1005
956,3096
3096,956
1372,1991
1991,1372
2621,2661
2661,2621
2696,3249
3249,2696
1206,2224
2224,1206
485,2464
2464,485
2110,2859
2859,2110
470,2304
2304,470
444,2840
2840,444
1743,3102
3102,1743
2431,2722
2722,2431
1024,2597
2597,1024
942,2006
2006,942
755,1362
1362,755
46,2134
2134,46
2443,3082
3082,2443
1,1573
1573,1
1286,1937
1937,1286
2287,2505
2505,2287
2330,3141
3141,2330
1846,2274
2274,1846
2585,2613
2613,2585
887,2605
2605,887
1215,2407
2407,1215
1559,1951
1951,1559
1385,2589
2589,1385
1371,2654
2654,1371
2257,2518
2518,2257
2067,2623
2623,2067
549,1270
1270,549
490,1858
1858,490
1133,1964
1964,1133
1365,3290
3290,1365
2750,2801
2801,2750
2515,3163
3163,2515
467,3308
3308,467
837,2087
2087,837
1100,2726
2726,1100
2294,2706
2706,2294
885,2774
2774,885
1179,2726
2726,1179
2073,2185
2185,2073
508,2972
2972,508
2,3100
3100,2
506,2862
2862,506
2123,2945
2945,2123
428,3208
3208,428
684,690
690,684
28,1517
1517,28
535,2782
2782,535
263,2094
2094,263
1400,1503
1503,1400
729,1335
1335,729
562,2390
2390,562
825,1043
1043,825
892,2790
2790,892
3,1874
1874,3
920,3037
3037,920
2079,2996
2996,2079
167,1982
1982,167
1113,2614
2614,1113
366,879
879,366
4,5
5,4
229,352
352,229
1292,3030
3030,1292
502,1184
1184,502
656,3314
3314,656
888,2388
2388,888
55,1138
1138,55
1679,3183
3183,1679
253,3045
3045,253
1840,2956
2956,1840
1238,2393
2393,1238
1188,2801
2801,1188
179,1820
1820,179
311,3171
3171,311
56,2652
2652,56
353,2350
2350,353
23,260
260,23
1714,3261
3261,1714
2278,3303
3303,2278
1050,2463
2463,1050
241,2819
2819,241
1588,3270
3270,1588
652,1636
1636,652
210,1254
1254,210
444,667
667,444
1269,3261
3261,1269
1291,2791
2791,1291
66,3232
3232,66
1136,1685
1685,1136
307,2126
2126,307
926,1875
1875,926
1144,1280
1280,1144
1538,2402
2402,1538
1711,2559
2559,1711
665,787
787,665
971,2291
2291,971
2161,2795
2795,2161
27,1439
1439,27
1523,1986
1986,1523
595,1896
1896,595
1923,2859
2859,1923
1341,1457
1457,1341
1941,3142
3142,1941
136,2779
2779,136
2863,3188
3188,2863
1158,2238
2238,1158
903,3180
3180,903
471,1308
1308,471
1859,2285
2285,1859
759,957
957,759
721,2651
2651,721
559,2589
2589,559
110,2497
2497,110
2749,3022
3022,2749
674,1078
1078,674
328,3070
3070,328
419,3188
3188,419
2263,2267
2267,2263
257,2143
2143,257
64,2731
2731,64
439,3059
3059,439
1932,2103
2103,1932
1433,2456
2456,1433
2255,2793
2793,2255
2291,2450
2450,2291
157,1094
1094,157
567,2197
2197,567
1433,2806
2806,1433
115,2790
2790,115
423,691
691,423
1011,1127
1127,1011
2906,3140
3140,2906
132,1158
1158,132
1082,1946
1946,1082
1209,2953
2953,1209
820,1451
1451,820
983,3135
3135,983
1299,2883
2883,1299
807,923
923,807
3181,3200
3200,3181
1715,2532
2532,1715
1723,2127
2127,1723
715,1105
1105,715
1897,2014
2014,1897
494,1631
1631,494
492,3019
3019,492
307,758
758,307
432,938
938,432
2386,2821
2821,2386
1094,2077
2077,1094
547,2847
2847,547
1961,3059
3059,1961
2085,2600
2600,2085
1763,2549
2549,1763
1413,2961
2961,1413
533,1865
1865,533
264,657
657,264
509,2676
2676,509
2176,3105
3105,2176
1900,2712
2712,1900
303,1295
1295,303
2579,3000
3000,2579
1414,1506
1506,1414
2303,3065
3065,2303
926,1917
1917,926
1000,1866
1866,1000
458,1583
1583,458
657,2695
2695,657
1947,2908
2908,1947
393,407
407,393
158,2984
2984,158
1395,1614
1614,1395
48,143
143,48
1697,3147
3147,1697
1308,1874
1874,1308
566,1237
1237,566
976,2569
2569,976
828,2405
2405,828
2125,3301
3301,2125
1999,2667
2667,1999
557,2585
2585,557
414,2802
2802,414
37,2815
2815,37
2065,2203
2203,2065
243,439
439,243
2457,2727
2727,2457
316,2644
2644,316
889,2048
2048,889
1926,2044
2044,1926
625,1938
1938,625
1022,2806
2806,1022
1017,2462
2462,1017
1636,2965
2965,1636
211,2069
2069,211
961,3321
3321,961
221,2528
2528,221
1090,2977
2977,1090
283,1191
1191,283
269,2010
2010,269
1685,2103
2103,1685
1597,2219
2219,1597
1148,2918
2918,1148
1624,2847
2847,1624
299,906
906,299
2036,2791
2791,2036
2189,3033
3033,2189
470,2185
2185,470
725,1014
1014,725
1578,2916
2916,1578
1764,2103
2103,1764
275,1946
1946,275
2844,3001
3001,2844
1641,3201
3201,1641
1961,2388
2388,1961
1575,2847
2847,1575
166,498
498,166
1786,2801
2801,1786
344,2719
2719,344
184,1306
1306,184
304,1371
1371,304
1284,3048
3048,1284
179,2359
2359,179
1029,1775
1775,1029
220,2131
2131,220
1183,1195
1195,1183
1470,3211
3211,1470
652,778
778,652
32,804
804,32
2435,2550
2550,2435
324,912
912,324
389,1307
1307,389
1511,1936
1936,1511
2660,2668
2668,2660
5,112
112,5
1214,1420
1420,1214
91,2781
2781,91
944,1007
1007,944
100,1325
1325,100
1625,2802
2802,1625
265,2560
2560,265
1008,2604
2604,1008
789,1254
1254,789
297,563
563,297
1938,1986
1986,1938
2160,2587
2587,2160
644,2327
2327,644
717,3071
3071,717
1895,2289
2289,1895
2910,3021
3021,2910
303,3202
3202,303
160,1167
1167,160
553,2559
2559,553
307,1860
1860,307
1599,2412
2412,1599
1229,1381
1381,1229
3130,3209
3209,3130
623,1571
1571,623
2094,2354
2354,2094
208,3315
3315,208
2852,3201
3201,2852
207,3090
3090,207
1725,3167
3167,1725
913,1037
1037,913
1018,3305
3305,1018
1095,2505
2505,1095
575,2735
2735,575
578,2215
2215,578
525,2096
2096,525
1001,1796
1796,1001
2499,2645
2645,2499
1101,2377
2377,1101
170,3036
3036,170
2384,3109
3109,2384
45,1055
1055,45
1122,2436
2436,1122
1247,2616
2616,1247
2573,2981
2981,2573
47,2821
2821,47
4,7
7,4
2944,3153
3153,2944
322,2797
2797,322
465,2580
2580,465
43,1130
1130,43
2011,2719
2719,2011
601,1394
1394,601
2109,2244
2244,2109
1087,1287
1287,1087
448,1071
1071,448
1648,3017
3017,1648
1604,2193
2193,1604
849,2583
2583,849
1043,1631
1631,1043
2684,2825
2825,2684
399,1300
1300,399
15,2357
2357,15
235,2131
2131,235
1019,2442
2442,1019
555,766
766,555
1398,2209
2209,1398
1881,2622
2622,1881
1544,3202
3202,1544
568,2398
2398,568
520,1418
1418,520
473,3292
3292,473
2818,2882
2882,2818
27,502
502,27
1181,2332
2332,1181
1124,1569
1569,1124
967,3046
3046,967
683,3287
3287,683
712,2298
2298,712
3069,3174
3174,3069
1047,2517
2517,1047
1855,2690
2690,1855
1872,2105
2105,1872
970,1021
1021,970
1849,2912
2912,1849
140,271
271,140
308,2070
2070,308
1302,1696
1696,1302
350,1020
1020,350
2727,2777
2777,2727
1469,3041
3041,1469
1697,2639
2639,1697
353,1439
1439,353
2436,2978
2978,2436
951,2297
2297,951
1109,1193
1193,1109
1363,2241
2241,1363
1858,2449
2449,1858
1156,2702
2702,1156
1204,1430
1430,1204
13,2953
2953,13
1210,3167
3167,1210
1212,1550
1550,1212
1883,3152
3152,1883
268,1048
1048,268
2098,2932
2932,2098
1180,3301
3301,1180
1228,1248
1248,1228
660,2713
2713,660
1869,3230
3230,1869
2,3
3,2
1994,2178
2178,1994
60,1176
1176,60
390,1805
1805,390
709,804
804,709
2512,2814
2814,2512
1006,3242
3242,1006
194,1112
1112,194
727,1612
1612,727
446,1333
1333,446
140,1815
1815,140
1444,2421
2421,1444
5,1590
1590,5
1161,1315
1315,1161
1114,3189
3189,1114
184,3026
3026,184
1951,2602
2602,1951
1543,2319
2319,1543
1398,1901
1901,1398
1601,2489
2489,1601
400,3324
3324,400
2791,2993
2993,2791
2354,2992
2992,2354
1227,1790
1790,1227
1514,3015
3015,1514
843,2847
2847,843
1445,3181
3181,1445
3167,3280
3280,3167
1657,2542
2542,1657
779,2273
2273,779
829,1636
1636,829
378,1700
1700,378
575,1985
1985,575
1340,1788
1788,1340
806,1100
1100,806
1597,1858
1858,1597
943,1105
1105,943
1674,2078
2078,1674
1450,2333
2333,1450
1224,2781
2781,1224
35,2650
2650,35
683,3100
3100,683
318,2450
2450,318
552,2122
2122,552
653,2928
2928,653
1940,3136
3136,1940
603,892
892,603
1358,1697
1697,1358
1024,2346
2346,1024
984,3213
3213,984
1347,1804
1804,1347
566,3225
3225,566
1364,3205
3205,1364
1020,2577
2577,1020
3092,3240
3240,3092
1722,3034
3034,1722
2181,3319
3319,2181
780,3275
3275,780
1028,3111
3111,1028
1039,2977
2977,1039
66,1195
1195,66
2154,3078
3078,2154
912,1889
1889,912
60,3070
3070,60
3004,3248
3248,3004
172,1850
1850,172
642,1476
1476,642
3080,3243
3243,3080
709,2469
2469,709
418,1768
1768,418
687,1892
1892,687
1941,2152
2152,1941
1220,2392
2392,1220
1318,2927
2927,1318
542,1245
1245,542
652,888
888,652
2746,2845
2845,2746
989,2459
2459,989
1417,2411
2411,1417
87,1375
1375,87
123,3018
3018,123
1793,2927
2927,1793
2791,3261
3261,2791
98,2436
2436,98
1,2503
2503,1
123,2200
2200,123
1194,3278
3278,1194
69,688
688,69
928,2075
2075,928
1432,1874
1874,1432
819,1122
1122,819
1946,2095
2095,1946
435,1913
1913,435
732,1382
1382,732
824,2139
2139,824
2205,2211
2211,2205
13,914
914,13
564,2185
2185,564
5,6
6,5
439,2190
2190,439
74,3260
3260,74
845,1151
1151,845
1744,3169
3169,1744
290,1801
1801,290
1033,1616
1616,1033
124,2034
2034,124
401,622
622,401
862,1734
1734,862
60,2278
2278,60
593,792
792,593
765,1801
1801,765
1362,3225
3225,1362
2031,2300
2300,2031
1014,1724
1724,1014
2898,2905
2905,2898
1059,2958
2958,1059
2504,2520
2520,2504
1690,3175
3175,1690
21,458
458,21
759,1619
1619,759
126,1706
1706,126
172,2576
2576,172
160,1290
1290,160
3033,3214
3214,3033
971,980
980,971
623,1694
1694,623
1435,1609
1609,1435
1717,2756
2756,1717
2481,2923
2923,2481
805,1213
1213,805
2489,3272
3272,2489
530,2442
2442,530
299,1755
1755,299
395,1988
1988,395
1127,1614
1614,1127
196,2273
2273,196
2071,2880
2880,2071
2322,2462
2462,2322
220,415
415,220
771,3147
3147,771
2166,2888
2888,2166
483,2451
2451,483
1068,1155
1155,1068
4,9
9,4
154,2168
2168,154
1,906
906,1
722,2625
2625,722
1133,1176
1176,1133
1447,3029
3029,1447
817,2862
2862,817
543,1576
1576,543
242,2402
2402,242
383,1065
1065,383
2251,2945
2945,2251
186,1194
1194,186
1163,1405
1405,1163
2133,2660
2660,2133
302,2537
2537,302
1914,3030
3030,1914
1268,1872
1872,1268
1648,2093
2093,1648
144,3119
3119,144
2112,2493
2493,2112
1991,2203
2203,1991
0,3111
3111,0
1263,2696
2696,1263
1027,2685
2685,1027
428,1831
1831,428
1888,1967
1967,1888
1812,3140
3140,1812
2665,2790
2790,2665
691,1423
1423,691
2645,3077
3077,2645
1050,1770
1770,1050
55,687
687,55
504,550
550,504
2355,3015
3015,2355
461,1900
1900,461
271,3237
3237,271
2385,2894
2894,2385
2396,2494
2494,2396
276,2534
2534,276
379,1952
1952,379
699,3125
3125,699
329,2131
2131,329
2357,2916
2916,2357
595,1203
1203,595
1594,3159
3159,1594
1952,2638
2638,1952
869,1708
1708,869
2593,2671
2671,2593
3021,3081
3081,3021
1250,2302
2302,1250
288,1433
1433,288
284,1957
1957,284
203,3015
3015,203
244,2787
2787,244
868,2422
2422,868
460,1136
1136,460
1656,1943
1943,1656
680,1139
1139,680
955,3064
3064,955
2290,2983
2983,2290
282,2032
2032,282
827,1832
1832,827
3,402
402,3
771,1442
1442,771
268,3036
3036,268
2274,3160
3160,2274
238,390
390,238
1568,1951
1951,1568
1583,2754
2754,1583
246,2725
2725,246
1612,1994
1994,1612
777,2361
2361,777
660,1547
1547,660
2719,2729
2729,2719
1494,2941
2941,1494
1093,1843
1843,1093
377,2161
2161,377
2061,2234
2234,2061
758,3021
3021,758
978,3024
3024,978
1181,1663
1663,1181
1193,2949
2949,1193
2,5
5,2
1982,3109
3109,1982
1191,1856
1856,1191
39,72
72,39
1243,1494
1494,1243
2664,2685
2685,2664
1984,2926
2926,1984
232,1635
1635,232
154,2210
2210,154
1465,3004
3004,1465
49,2682
2682,49
104,2389
2389,104
1578,2652
2652,1578
1132,2831
2831,1132
1627,2773
2773,1627
699,2683
2683,699
360,1002
1002,360
2479,2989
2989,2479
662,815
815,662
132,2572
2572,132
906,1212
1212,906
755,2965
2965,755
996,3091
3091,996
446,2624
2624,446
2526,2697
2697,2526
2158,2301
2301,2158
484,2916
2916,484
267,2918
2918,267
1478,2313
2313,1478
1152,2786
2786,1152
942,1515
1515,942
1019,3196
3196,1019
1669,2783
2783,1669
428,2462
2462,428
1878,2139
2139,1878
71,1407
1407,71
697,2098
2098,697
940,3253
3253,940
458,2984
2984,458
1631,2612
2612,1631
99,1590
1590,99
1852,3025
3025,1852
164,1490
1490,164
1860,2620
2620,1860
1514,1983
1983,1514
2093,3316
3316,2093
2547,2769
2769,2547
1463,2920
2920,1463
141,954
954,141
91,1362
1362,91
953,2589
2589,953
230,2231
2231,230
1723,2507
2507,1723
962,1591
1591,962
794,1226
1226,794
112,374
374,112
1132,1221
1221,1132
996,1589
1589,996
2830,2949
2949,2830
1598,2448
2448,1598
183,2240
2240,183
1423,2861
2861,1423
820,2531
2531,820
579,1193
1193,579
1365,2102
2102,1365
723,2635
2635,723
367,1539
1539,367
1717,2261
2261,1717
1129,1596
1596,1129
1244,1583
1583,1244
36,2836
2836,36
93,3141
3141,93
492,1426
1426,492
758,1545
1545,758
724,1897
1897,724
1450,1543
1543,1450
2420,2798
2798,2420
210,400
400,210
1720,2572
2572,1720
2572,2788
2788,2572
77,1682
1682,77
235,1746
1746,235
1439,2939
2939,1439
60,2159
2159,60
3,1625
1625,3
119,753
753,119
1798,2468
2468,1798
1459,2773
2773,1459
1393,2419
2419,1393
1183,2609
2609,1183
2100,2806
2806,2100
2251,2450
2450,2251
52,2914
2914,52
450,745
745,450
137,285
285,137
2530,2804
2804,2530
1781,2945
2945,1781
5,1297
1297,5
657,1223
1223,657
3005,3033
3033,3005
1229,1385
1385,1229
432,2273
2273,432
238,2673
2673,238
2148,2823
2823,2148
983,3315
3315,983
2689,2918
2918,2689
2026,2345
2345,2026
823,2545
2545,823
1876,3303
3303,1876
17,2152
2152,17
626,1213
1213,626
1421,1447
1447,1421
618,2557
2557,618
1440,3123
3123,1440
898,2840
2840,898
1963,3164
3164,1963
867,3261
3261,867
2303,3003
3003,2303
2127,2777
2777,2127
2207,2477
2477,2207
8,9
9,8
3053,3208
3208,3053
486,2522
2522,486
52,2001
2001,52
100,2981
2981,100
236,361
361,236
1600,2479
2479,1600
1784,2559
2559,1784
1520,2715
2715,1520
815,2697
2697,815
608,1172
1172,608
1020,1345
1345,1020
142,1113
1113,142
238,2807
2807,238
747,2684
2684,747
2335,2820
2820,2335
2757,3186
3186,2757
155,1991
1991,155
562,1820
1820,562
2833,3181
3181,2833
546,3044
3044,546
286,2181
2181,286
5,1902
1902,5
1244,2793
2793,1244
2044,3142
3142,2044
1094,1573
1573,1094
1106,2859
2859,1106
882,3114
3114,882
691,2351
2351,691
1367,2634
2634,1367
937,2757
2757,937
507,729
729,507
1004,1764
1764,1004
431,1902
1902,431
1733,1910
1910,1733
372,541
541,372
2844,3060
3060,2844
953,2886
2886,953
2591,2614
2614,2591
839,1818
1818,839
2384,2550
2550,2384
863,1946
1946,863
1236,3211
3211,1236
355,1476
1476,355
1616,2449
2449,1616
2364,2837
2837,2364
1309,1703
1703,1309
1409,2055
2055,1409
1113,3225
3225,1113
1058,3060
3060,1058
1439,1934
1934,1439
4,2831
2831,4
3156,3187
3187,3156
1418,2814
2814,1418
1325,1603
1603,1325
2603,2974
2974,2603
495,3068
3068,495
256,571
571,256
2697,2838
2838,2697
744,1557
1557,744
737,2601
2601,737
666,2132
2132,666
112,563
563,112
1244,1880
1880,1244
2583,3261
3261,2583
1810,2520
2520,1810
1335,1998
1998,1335
1944,3274
3274,1944
2536,2920
2920,2536
1782,2458
2458,1782
2219,2984
2984,2219
575,1721
1721,575
1846,3153
3153,1846
640,1621
1621,640
564,845
845,564
2463,2792
2792,2463
1403,2812
2812,1403
2308,2918
2918,2308
2014,2700
2700,2014
341,2722
2722,341
613,966
966,613
478,2727
2727,478
2260,2877
2877,2260
67,160
160,67
738,3068
3068,738
938,2833
2833,938
1746,3272
3272,1746
1008,1616
1616,1008
297,1790
1790,297
331,3323
3323,331
484,1616
1616,484
42,2439
2439,42
976,1031
1031,976
291,3143
3143,291
69,2276
2276,69
984,2841
2841,984
2706,3206
3206,2706
249,931
931,249
1535,1897
1897,1535
2,7
7,2
210,2925
2925,210
600,3080
3080,600
3052,3321
3321,3052
2303,2937
2937,2303
450,1860
1860,450
279,1978
1978,279
164,2405
2405,164
231,1412
1412,231
2488,3104
3104,2488
1268,1445
1445,1268
2164,2485
2485,2164
2817,3279
3279,2817
45,3100
3100,45
1445,3185
3185,1445
954,1635
1635,954
1529,1543
1543,1529
2534,2819
2819,2534
460,1743
1743,460
768,1630
1630,768
675,1402
1402,675
1724,2950
2950,1724
1963,3232
3232,1963
499,3162
3162,499
2714,2871
2871,2714
1107,2264
2264,1107
2677,2989
2989,2677
762,997
997,762
839,2449
2449,839
2227,3197
3197,2227
2211,2435
2435,2211
547,2277
2277,547
1107,2614
2614,1107
1271,1813
1813,1271
66,1415
1415,66
102,843
843,102
1511,2963
2963,1511
1812,2137
2137,1812
110,2424
2424,110
2101,3179
3179,2101
1162,1762
1762,1162
1826,2974
2974,1826
57,319
319,57
2450,2838
2838,2450
1113,2809
2809,1113
414,3037
3037,414
1701,2161
2161,1701
684,1585
1585,684
2403,2433
2433,2403
1994,2679
2679,1994
593,2406
2406,593
1611,2389
2389,1611
1041,2007
2007,1041
719,2481
2481,719
266,3179
3179,266
1288,2638
2638,1288
396,2242
2242,396
2519,2914
2914,2519
1438,2582
2582,1438
1957,3147
3147,1957
2530,2551
2551,2530
1955,2320
2320,1955
1883,2969
2969,1883
1222,3223
3223,1222
1612,1688
1688,1612
2122,2204
2204,2122
608,2771
2771,608
2918,3306
3306,2918
1404,1658
1658,1404
884,1134
1134,884
170,330
330,170
92,3120
3120,92
1958,2217
2217,1958
2276,2792
2792,2276
1742,2333
2333,1742
82,1385
1385,82
1028,1263
1263,1028
61,1447
1447,61
2447,3024
3024,2447
174,2785
2785,174
1217,3121
3121,1217
2919,3019
3019,2919
684,1840
1840,684
556,608
608,556
1980,3036
3036,1980
2112,2926
2926,2112
2204,3158
3158,2204
311,2911
2911,311
545,2849
2849,545
137,1563
1563,137
825,3132
3132,825
352,1222
1222,352
467,1209
1209,467
170,2908
2908,170
1271,2660
2660,1271
1119,2303
2303,1119
155,2785
2785,155
2125,2986
2986,2125
241,2559
2559,241
2249,2527
2527,2249
1421,2604
2604,1421
2061,3230
3230,2061
304,2090
2090,304
2252,2532
2532,2252
2229,2814
2814,2229
337,3206
3206,337
886,2216
2216,886
1071,1444
1444,1071
2359,3045
3045,2359
2348,2361
2361,2348
1472,2727
2727,1472
1296,2730
2730,1296
2193,2460
2460,2193
1081,1795
1795,1081
1798,2833
2833,1798
561,1988
1988,561
120,296
296,120
452,769
769,452
885,2085
2085,885
1005,2150
2150,1005
1442,2676
2676,1442
996,2101
2101,996
2632,3180
3180,2632
20,1297
1297,20
725,3035
3035,725
1414,1796
1796,1414
328,366
366,328
2256,2785
2785,2256
1404,2505
2505,1404
227,1711
1711,227
251,3273
3273,251
1345,2083
2083,1345
1517,2338
2338,1517
644,3167
3167,644
327,1016
1016,327
1243,2974
2974,1243
792,2284
2284,792
1444,2735
2735,1444
2725,2832
2832,2725
1763,1926
1926,1763
1467,2867
2867,1467
1,213
213,1
2752,3231
3231,2752
1833,3190
3190,1833
1465,2269
2269,1465
1782,3144
3144,1782
562,1943
1943,562
182,261
261,182
1298,3031
3031,1298
995,2993
2993,995
1843,2565
2565,1843
325,1478
1478,325
201,1937
1937,201
1068,1522
1522,1068
1670,1856
1856,1670
125,895
895,125
2279,3132
3132,2279
708,950
950,708
2031,2801
2801,2031
1346,2698
2698,1346
1287,3286
3286,1287
638,662
662,638
1121,1533
1533,1121
2179,2901
2901,2179
1052,1699
1699,1052
983,1599
1599,983
824,3232
3232,824
230,2759
2759,230
1002,3275
3275,1002
264,3309
3309,264
1908,2559
2559,1908
1646,2559
2559,1646
22,2500
2500,22
1444,3098
3098,1444
1774,2973
2973,1774
2512,2673
2673,2512
260,1096
1096,260
306,1441
1441,306
1163,2590
2590,1163
1020,2770
2770,1020
428,2895
2895,428
844,2056
2056,844
1539,3106
3106,1539
424,1204
1204,424
656,2759
2759,656
1795,2803
2803,1795
740,3130
3130,740
382,1207
1207,382
1173,2231
2231,1173
2279,2327
2327,2279
2083,2452
2452,2083
106,1797
1797,106
503,679
679,503
78,1735
1735,78
308,2197
2197,308
1364,2701
2701,1364
1026,1659
1659,1026
279,2664
2664,279
628,2781
2781,628
2920,3033
3033,2920
1090,2583
2583,1090
862,1672
1672,862
1994,2989
2989,1994
1058,1318
1318,1058
187,2257
2257,187
816,1970
1970,816
1960,2358
2358,1960
1407,2640
2640,1407
1603,2057
2057,1603
1059,3125
3125,1059
1711,3051
3051,1711
1773,2468
2468,1773
1907,2697
2697,1907
627,1253
1253,627
2117,2278
2278,2117
1229,1321
1321,1229
1621,2074
2074,1621
632,3317
3317,632
1027,2126
2126,1027
1146,2491
2491,1146
6,7
7,6
1640,2245
2245,1640
1543,2541
2541,1543
1978,2240
2240,1978
873,1780
1780,873
2,9
9,2
177,2979
2979,177
886,1224
1224,886
923,2540
2540,923
312,2157
2157,312
1120,2330
2330,1120
2358,2582
2582,2358
293,3046
3046,293
347,2794
2794,347
128,1932
1932,128
312,2278
2278,312
699,701
701,699
1070,3088
3088,1070
1789,1792
1792,1789
562,1635
1635,562
8,66
66,8
99,2399
2399,99
1076,1627
1627,1076
2657,2770
2770,2657
869,2317
2317,869
2796,3114
3114,2796
48,2582
2582,48
1156,1327
1327,1156
1039,2728
2728,1039
723,1216
1216,723
2930,3050
3050,2930
2964,3048
3048,2964
230,2222
2222,230
1665,3311
3311,1665
780,824
824,780
647,1692
1692,647
595,778
778,595
839,1404
1404,839
5,3127
3127,5
172,1843
1843,172
505,3221
3221,505
1845,3255
3255,1845
2923,3289
3289,2923
2303,3315
3315,2303
2218,2719
2719,2218
1865,3318
3318,1865
1834,2692
2692,1834
3,1374
1374,3
760,1353
1353,760
715,1839
1839,715
825,1482
1482,825
417,2182
2182,417
1881,1986
1986,1881
778,1370
1370,778
1607,2915
2915,1607
51,3256
3256,51
350,2357
2357,350
150,3006
3006,150
1636,3094
3094,1636
1023,2342
2342,1023
142,378
378,142
238,2072
2072,238
3,448
448,3
2496,2905
2905,2496
512,2540
2540,512
278,387
387,278
2776,2959
2959,2776
780,1308
1308,780
334,1487
1487,334
2261,3267
3267,2261
364,1329
1329,364
2746,3201
3201,2746
831,1246
1246,831
20,1970
1970,20
1940,2808
2808,1940
9,91
91,9
214,523
523,214
611,2374
2374,611
547,2884
2884,547
1175,1958
1958,1175
304,2897
2897,304
2723,3190
3190,2723
659,2078
2078,659
635,903
903,635
793,2014
2014,793
1646,1701
1701,1646
303,3318
3318,303
48,2274
2274,48
581,2774
2774,581
2785,3142
3142,2785
2033,3278
3278,2033
1,1933
1933,1
4,2204
2204,4
727,1781
1781,727
1515,3288
3288,1515
1138,2318
2318,1138
2325,2339
2339,2325
336,1630
1630,336
7,408
408,7
589,1029
1029,589
642,1858
1858,642
2302,3294
3294,2302
416,2269
2269,416
2006,2249
2249,2006
347,1681
1681,347
1068,1966
1966,1068
6,1122
1122,6
702,1091
1091,702
1369,2308
2308,1369
1768,1788
1788,1768
1195,2155
2155,1195
2172,2403
2403,2172
417,1861
1861,417
663,3314
3314,663
3,6
6,3
502,1410
1410,502
2571,3051
3051,2571
2965,3207
3207,2965
302,1241
1241,302
704,992
992,704
1423,2665
2665,1423
1542,1862
1862,1542
845,2688
2688,845
984,3261
3261,984
2042,2414
2414,2042
2668,3105
3105,2668
1283,1867
1867,1283
2685,3045
3045,2685
1286,1613
1613,1286
861,3046
3046,861
2103,2774
2774,2103
1105,1457
1457,1105
303,2755
2755,303
690,2935
2935,690
805,1690
1690,805
898,1918
1918,898
1759,1917
1917,1759
869,2614
2614,869
1544,3197
3197,1544
2127,3252
3252,2127
308,2991
2991,308
1181,2327
2327,1181
1072,3094
3094,1072
1935,3203
3203,1935
2719,3056
3056,2719
494,2070
2070,494
184,2524
2524,184
98,269
269,98
1063,1180
1180,1063
1037,1945
1945,1037
1,336
336,1
2494,2793
2793,2494
639,3104
3104,639
2127,3265
3265,2127
2273,3319
3319,2273
1538,2870
2870,1538
710,769
769,710
1281,1524
1524,1281
596,1421
1421,596
909,1881
1881,909
1444,2979
2979,1444
936,1755
1755,936
1428,2217
2217,1428
1806,2806
2806,1806
1188,2235
2235,1188
983,2998
2998,983
3049,3173
3173,3049
523,1027
1027,523
492,667
667,492
741,1371
1371,741
18,2733
2733,18
265,2839
2839,265
1051,3290
3290,1051
2303,2686
2686,2303
2184,3260
3260,2184
118,870
870,118
1867,3324
3324,1867
766,3306
3306,766
469,2790
2790,469
936,3165
3165,936
1122,2123
2123,1122
360,1571
1571,360
712,1730
1730,712
1338,2421
2421,1338
1976,2412
2412,1976
744,1911
1911,744
682,804
804,682
150,1209
1209,150
219,3029
3029,219
19,231
231,19
153,1214
1214,153
452,1510
1510,452
140,1918
1918,140
441,3078
3078,441
1033,2724
2724,1033
1005,2891
2891,1005
444,2329
2329,444
2135,3115
3115,2135
460,2539
2539,460
656,3124
3124,656
1487,3052
3052,1487
1306,2186
2186,1306
401,2080
2080,401
64,997
997,64
2334,2399
2399,2334
1704,2232
2232,1704
6,9
9,6
2523,3052
3052,2523
2435,2976
2976,2435
1998,2709
2709,1998
7,1402
1402,7
1020,3256
3256,1020
1018,2429
2429,1018
2024,2587
2587,2024
167,1805
1805,167
2474,3052
3052,2474
2429,2528
2528,2429
1510,2487
2487,1510
1060,2961
2961,1060
494,3038
3038,494
1313,3141
3141,1313
667,2737
2737,667
460,687
687,460
599,1290
1290,599
17,2103
2103,17
51,2882
2882,51
367,1398
1398,367
2483,3114
3114,2483
1198,1326
1326,1198
729,1521
1521,729
2392,2474
2474,2392
2999,3152
3152,2999
341,3102
3102,341
944,2843
2843,944
1575,1663
1663,1575
1549,2428
2428,1549
2277,2901
2901,2277
2390,2549
2549,2390
1422,1569
1569,1422
472,1986
1986,472
1064,1632
1632,1064
252,1717
1717,252
1005,2449
2449,1005
1142,2454
2454,1142
2511,3189
3189,2511
113,1760
1760,113
975,1001
1001,975
1341,2556
2556,1341
717,1645
1645,717
276,1414
1414,276
1243,3152
3152,1243
123,906
906,123
992,2523
2523,992
1685,2221
2221,1685
1221,2989
2989,1221
1203,2154
2154,1203
1315,2395
2395,1315
2450,2963
2963,2450
2885,2891
2891,2885
428,845
845,428
109,311
311,109
196,2939
2939,196
339,2493
2493,339
5,3142
3142,5
1227,2632
2632,1227
28,2079
2079,28
2039,2281
2281,2039
612,787
787,612
2112,3025
3025,2112
135,2555
2555,135
386,1908
1908,386
1330,3174
3174,1330
1716,2163
2163,1716
1193,2876
2876,1193
377,3256
3256,377
7,47
47,7
227,2265
2265,227
72,2391
2391,72
1190,1824
1824,1190
264,346
346,264
1607,2112
2112,1607
2789,2792
2792,2789
122,3151
3151,122
1192,1375
1375,1192
1331,2702
2702,1331
2456,3077
3077,2456
30,2101
2101,30
1200,1724
1724,1200
1028,2435
2435,1028
724,3192
3192,724
302,3203
3203,302
135,582
582,135
1408,2841
2841,1408
2724,2747
2747,2724
2454,2923
2923,2454
241,1503
1503,241
217,3132
3132,217
500,2666
2666,500
149,1914
1914,149
1126,1142
1142,1126
981,2710
2710,981
981,2481
2481,981
1227,1719
1719,1227
1963,2807
2807,1963
1175,3249
3249,1175
528,1452
1452,528
1658,2171
2171,1658
969,2363
2363,969
253,2681
2681,253
530,2437
2437,530
2579,3160
3160,2579
535,566
566,535
396,2851
2851,396
909,2204
2204,909
1805,2719
2719,1805
798,2602
2602,798
2792,3160
3160,2792
484,3085
3085,484
2435,3273
3273,2435
850,3142
3142,850
1490,1782
1782,1490
1316,2420
2420,1316
3,8
8,3
1063,1974
1974,1063
1217,1394
1394,1217
924,1815
1815,924
3102,3214
3214,3102
1806,2432
2432,1806
2747,2986
2986,2747
1343,3196
3196,1343
59,290
290,59
513,2446
2446,513
769,2143
2143,769
35,2821
2821,35
48,2531
2531,48
2467,2824
2824,2467
1441,1674
1674,1441
1666,2021
2021,1666
1480,3322
3322,1480
1758,2778
2778,1758
27,607
607,27
132,660
660,132
1958,3068
3068,1958
1237,2517
2517,1237
1227,3263
3263,1227
1160,2041
2041,1160
1896,2604
2604,1896
62,1769
1769,62
123,3176
3176,123
2036,2843
2843,2036
998,2622
2622,998
102,1841
1841,102
728,2532
2532,728
1166,1940
1940,1166
703,2704
2704,703
355,1469
1469,355
723,1636
1636,723
1077,2393
2393,1077
550,2876
2876,550
2357,2790
2790,2357
538,543
543,538
746,1475
1475,746
1161,3151
3151,1161
1221,2936
2936,1221
170,2712
2712,170
2830,3131
3131,2830
1575,2912
2912,1575
2560,2718
2718,2560
2285,2513
2513,2285
1018,3223
3223,1018
2117,2148
2148,2117
2041,3321
3321,2041
1055,3290
3290,1055
1129,2007
2007,1129
2600,2790
2790,2600
582,1380
1380,582
41,1965
1965,41
658,1375
1375,658
2686,2978
2978,2686
1166,1256
1256,1166
964,2061
2061,964
518,2240
2240,518
1726,2118
2118,1726
166,3249
3249,166
756,2297
2297,756
2315,2927
2927,2315
49,220
220,49
1279,2072
2072,1279
124,1037
1037,124
203,1855
1855,203
589,844
844,589
2743,3081
3081,2743
1659,2478
2478,1659
1915,2175
2175,1915
246,1673
1673,246
1123,1946
1946,1123
1818,2996
2996,1818
3137,3156
3156,3137
64,878
878,64
32,1340
1340,32
586,694
694,586
489,1027
1027,489
305,1206
1206,305
1265,3234
3234,1265
1819,2588
2588,1819
1697,2073
2073,1697
1065,1833
1833,1065
139,355
355,139
1570,2234
2234,1570
295,3083
3083,295
816,3263
3263,816
151,365
365,151
1549,2067
2067,1549
2261,2761
2761,2261
507,2858
2858,507
1345,1779
1779,1345
156,1877
1877,156
2664,3151
3151,2664
971,1043
1043,971
2292,3279
3279,2292
878,2801
2801,878
1796,3112
3112,1796
1042,2909
2909,1042
474,1405
1405,474
737,2273
2273,737
1409,1619
1619,1409
2450,2589
2589,2450
1457,2370
2370,1457
1333,2563
2563,1333
451,2855
2855,451
169,1708
1708,169
64,194
194,64
14,602
602,14
1521,3257
3257,1521
1347,1680
1680,1347
1775,2127
2127,1775
579,3040
3040,579
881,1621
1621,881
298,1300
1300,298
98,2178
2178,98
872,1801
1801,872
1364,2263
2263,1364
803,1701
1701,803
1768,1858
1858,1768
787,2925
2925,787
367,2339
2339,367
1573,1619
1619,1573
2271,2415
2415,2271
1204,1227
1227,1204
889,2155
2155,889
335,2764
2764,335
1983,2951
2951,1983
1405,2974
2974,1405
267,2337
2337,267
1604,2137
2137,1604
219,374
374,219
2739,2934
2934,2739
29,2694
2694,29
2574,3126
3126,2574
115,253
253,115
543,2686
2686,543
1981,3026
3026,1981
657,721
721,657
1675,2956
2956,1675
114,1196
1196,114
2187,2313
2313,2187
1824,2261
2261,1824
941,1648
1648,941
2964,3173
3173,2964
2392,2947
2947,2392
685,941
941,685
2561,2904
2904,2561
1888,2138
2138,1888
1347,3211
3211,1347
2541,3191
3191,2541
909,2985
2985,909
1716,1802
1802,1716
814,1930
1930,814
1987,3019
3019,1987
566,1599
1599,566
2014,2627
2627,2014
1052,1987
1987,1052
455,1768
1768,455
388,546
546,388
780,1299
1299,780
245,1958
1958,245
327,2256
2256,327
920,2999
2999,920
486,2020
2020,486
1139,1353
1353,1139
920,1952
1952,920
1703,3152
3152,1703
942,2007
2007,942
1334,2760
2760,1334
1852,2457
2457,1852
2399,3084
3084,2399
1,635
635,1
651,2474
2474,651
1585,3281
3281,1585
2106,2458
2458,2106
1743,2406
2406,1743
172,224
224,172
763,2126
2126,763
40,1502
1502,40
1738,3230
3230,1738
31,1682
1682,31
1503,1872
1872,1503
102,1333
1333,102
647,904
904,647
1874,2229
2229,1874
69,109
109,69
263,1143
1143,263
304,3130
3130,304
2508,3269
3269,2508
161,2852
2852,161
1735,2528
2528,1735
1746,2165
2165,1746
3107,3305
3305,3107
58,630
630,58
72,299
299,72
541,1272
1272,541
99,927
927,99
1195,1796
1796,1195
1903,3051
3051,1903
337,3199
3199,337
239,2627
2627,239
409,1089
1089,409
304,807
807,304
173,2273
2273,173
1900,1935
1935,1900
2936,3315
3315,2936
2168,2918
2918,2168
1893,2713
2713,1893
537,2671
2671,537
2,1344
1344,2
540,1922
1922,540
1751,3303
3303,1751
1347,2661
2661,1347
441,2330
2330,441
477,1758
1758,477
2216,2292
2292,2216
1219,2368
2368,1219
1146,3021
3021,1146
2766,3109
3109,2766
75,933
933,75
1231,2607
2607,1231
1197,2205
2205,1197
2253,2480
2480,2253
1433,2189
2189,1433
880,1222
1222,880
424,3157
3157,424
2504,3230
3230,2504
1428,3013
3013,1428
583,2692
2692,583
562,1815
1815,562
1931,2321
2321,1931
2423,3012
3012,2423
1893,2029
2029,1893
8,1414
1414,8
364,783
783,364
1590,3196
3196,1590
603,2462
2462,603
78,1594
1594,78
2633,2714
2714,2633
3254,3290
3290,3254
1284,2860
2860,1284
7,667
667,7
3059,3236
3236,3059
1488,3040
3040,1488
734,3103
3103,734
936,1746
1746,936
76,622
622,76
2723,2994
2994,2723
1703,1918
1918,1703
2257,2440
2440,2257
206,3068
3068,206
500,1071
1071,500
99,2713
2713,99
1198,1867
1867,1198
458,3060
3060,458
98,2717
2717,98
827,2634
2634,827
433,3232
3232,433
187,1779
1779,187
1181,1405
1405,1181
924,1483
1483,924
1001,1703
1703,1001
231,2199
2199,231
1444,3212
3212,1444
184,663
663,184
2209,3015
3015,2209
1765,3267
3267,1765
562,3238
3238,562
780,2414
2414,780
1344,2227
2227,1344
64,2732
2732,64
954,1254
1254,954
332,2668
2668,332
1341,3097
3097,1341
1,582
582,1
173,1857
1857,173
178,2201
2201,178
647,2945
2945,647
292,2717
2717,292
1536,2289
2289,1536
2333,2798
2798,2333
582,2671
2671,582
1736,1761
1761,1736
428,2204
2204,428
868,1722
1722,868
1465,1712
1712,1465
314,2856
2856,314
2366,2867
2867,2366
554,1791
1791,554
657,2441
2441,657
989,1719
1719,989
25,2201
2201,25
215,3264
3264,215
429,3193
3193,429
209,746
746,209
1614,3124
3124,1614
1775,1995
1995,1775
820,2031
2031,820
591,2208
2208,591
1804,3221
3221,1804
365,2161
2161,365
213,2558
2558,213
156,1987
1987,156
1535,2952
2952,1535
877,2723
2723,877
271,2913
2913,271
665,2803
2803,665
546,637
637,546
274,3147
3147,274
64,1122
1122,64
1589,2370
2370,1589
272,1273
1273,272
776,3021
3021,776
392,1109
1109,392
748,2959
2959,748
132,2690
2690,132
950,1336
1336,950
544,648
648,544
1400,1801
1801,1400
474,2575
2575,474
756,1507
1507,756
1790,2252
2252,1790
1385,2203
2203,1385
469,1413
1413,469
1286,1672
1672,1286
1183,1988
1988,1183
539,691
691,539
1227,2260
2260,1227
1619,2491
2491,1619
924,3161
3161,924
593,1341
1341,593
264,2068
2068,264
2215,2256
2256,2215
246,1004
1004,246
125,943
943,125
1742,3241
3241,1742
165,3230
3230,165
2066,3072
3072,2066
1780,2449
2449,1780
1728,2555
2555,1728
814,2629
2629,814
1970,2317
2317,1970
1579,2432
2432,1579
2,1667
1667,2
468,1174
1174,468
497,1875
1875,497
399,2535
2535,399
1407,2325
2325,1407
2365,3260
3260,2365
379,3051
3051,379
1810,2449
2449,1810
430,1821
1821,430
741,1188
1188,741
333,1888
1888,333
629,2704
2704,629
1990,3090
3090,1990
141,2361
2361,141
3059,3304
3304,3059
32,1142
1142,32
3024,3054
3054,3024
714,2933
2933,714
1318,1879
1879,1318
1450,1769
1769,1450
1658,2738
2738,1658
271,2363
2363,271
288,2761
2761,288
1382,2803
2803,1382
2989,3181
3181,2989
852,2345
2345,852
1413,2641
2641,1413
2383,3142
3142,2383
483,1953
1953,483
639,2466
2466,639
465,2084
2084,465
1204,2652
2652,1204
1377,2580
2580,1377
611,3306
3306,611
210,2962
2962,210
2179,2975
2975,2179
615,1735
1735,615
85,752
752,85
2701,2791
2791,2701
2489,3137
3137,2489
830,2303
2303,830
386,1094
1094,386
1196,2131
2131,1196
1404,3063
3063,1404
1906,1998
1998,1906
1558,2749
2749,1558
434,1027
1027,434
566,3132
3132,566
979,2547
2547,979
917,1669
1669,917
5,2570
2570,5
1562,2639
2639,1562
1152,2475
2475,1152
1110,3232
3232,1110
1375,1729
1729,1375
891,1616
1616,891
2559,2684
2684,2559
2509,3092
3092,2509
2017,3155
3155,2017
2,3211
3211,2
1497,2365
2365,1497
292,1738
1738,292
378,1512
1512,378
467,2493
2493,467
1882,1883
1883,1882
416,1215
1215,416
1094,1544
1544,1094
545,2268
2268,545
244,879
879,244
66,2270
2270,66
188,984
984,188
1769,2127
2127,1769
1548,2424
2424,1548
166,2393
2393,166
1623,3241
3241,1623
1504,1829
1829,1504
1891,2009
2009,1891
617,1511
1511,617
188,1105
1105,188
95,877
877,95
2698,2977
2977,2698
712,2273
2273,712
214,1242
1242,214
1740,2715
2715,1740
914,2673
2673,914
1817,2181
2181,1817
1284,1452
1452,1284
1490,1786
1786,1490
1634,2962
2962,1634
519,831
831,519
211,715
715,211
1747,2610
2610,1747
623,3103
3103,623
347,990
990,347
1360,2844
2844,1360
481,1478
1478,481
484,1224
1224,484
417,1988
1988,417
1974,2020
2020,1974
311,2235
2235,311
1548,1619
1619,1548
264,1894
1894,264
901,2451
2451,901
495,1763
1763,495
407,1650
1650,407
1511,3134
3134,1511
556,3207
3207,556
2378,2719
2719,2378
644,3054
3054,644
387,1412
1412,387
681,1630
1630,681
566,1414
1414,566
1166,2870
2870,1166
1828,2023
2023,1828
761,2821
2821,761
1760,2791
2791,1760
134,710
710,134
1326,2041
2041,1326
1004,1761
1761,1004
627,1811
1811,627
1511,3255
3255,1511
1358,1764
1764,1358
855,1409
1409,855
722,2048
2048,722
341,2585
2585,341
919,2333
2333,919
2488,2604
2604,2488
630,2580
2580,630
1444,3093
3093,1444
850,2583
2583,850
616,2416
2416,616
328,3181
3181,328
562,3119
3119,562
2857,3117
3117,2857
1369,1872
1872,1369
2464,3307
3307,2464
3202,3236
3236,3202
813,2593
2593,813
1988,2560
2560,1988
783,2650
2650,783
1953,2044
2044,1953
277,1795
1795,277
1927,2809
2809,1927
1438,1598
1598,1438
789,1418
1418,789
1883,2214
2214,1883
2206,2638
2638,2206
175,3181
3181,175
756,2180
2180,756
1546,2299
2299,1546
1487,3153
3153,1487
319,2142
2142,319
1408,1840
1840,1408
99,1092
1092,99
1623,2933
2933,1623
2246,3326
3326,2246
671,1439
1439,671
573,2853
2853,573
1025,2196
2196,1025
713,2833
2833,713
47,2743
2743,47
709,913
913,709
492,3130
3130,492
1034,1198
1198,1034
486,575
575,486
670,3136
3136,670
2,4
4,2
327,1750
1750,327
1995,3047
3047,1995
1,8
8,1
1272,2194
2194,1272
360,1109
1109,360
2168,2746
2746,2168
499,1978
1978,499
1801,2952
2952,1801
1271,2723
2723,1271
873,1896
1896,873
790,878
878,790
2247,2746
2746,2247
354,1745
1745,354
279,2325
2325,279
126,1063
1063,126
1578,1833
1833,1578
1755,2957
2957,1755
561,762
762,561
756,2435
2435,756
871,2910
2910,871
938,1917
1917,938
91,998
998,91
1672,2370
2370,1672
691,1222
1222,691
551,690
690,551
3125,3284
3284,3125
100,1986
1986,100
649,996
996,649
1882,3119
3119,1882
2324,3235
3235,2324
2272,2816
2816,2272
1914,3071
3071,1914
202,3165
3165,202
109,759
759,109
439,634
634,439
7,2926
2926,7
1206,3250
3250,1206
1268,1913
1913,1268
765,1292
1292,765
697,2326
2326,697
229,2746
2746,229
19,2936
2936,19
354,3155
3155,354
339,2123
2123,339
416,2572
2572,416
75,2050
2050,75
235,2416
2416,235
1064,1975
1975,1064
1088,2332
2332,1088
1233,1518
1518,1233
625,3096
3096,625
206,897
897,206
1868,2968
2968,1868
431,3230
3230,431
1184,1518
1518,1184
2008,2719
2719,2008
413,1412
1412,413
2040,2671
2671,2040
450,2462
2462,450
1183,3279
3279,1183
1300,2632
2632,1300
2876,2943
2943,2876
603,1472
1472,603
2452,2844
2844,2452
626,1641
1641,626
66,2701
2701,66
1065,2442
2442,1065
289,1955
1955,289
2393,2422
2422,2393
607,2530
2530,607
710,1985
1985,710
920,2761
2761,920
1202,2861
2861,1202
261,2832
2832,261
701,1118
1118,701
25,606
606,25
286,610
610,286
5,2317
2317,5
810,1290
1290,810
1766,2381
2381,1766
302,1557
1557,302
410,1319
1319,410
1158,1478
1478,1158
428,2127
2127,428
1553,2273
2273,1553
2258,3257
3257,2258
178,969
969,178
816,3175
3175,816
2473,2916
2916,2473
341,438
438,341
654,2884
2884,654
769,1639
1639,769
304,2771
2771,304
555,2124
2124,555
2568,3190
3190,2568
1680,2462
2462,1680
97,2966
2966,97
878,1316
1316,878
1152,3282
3282,1152
137,1318
1318,137
97,2148
2148,97
2342,2554
2554,2342
2688,2962
2962,2688
1889,2986
2986,1889
75,1608
1608,75
494,2723
2723,494
418,1193
1193,418
2298,2403
2403,2298
5,465
465,5
925,1374
1374,925
703,1032
1032,703
1769,1995
1995,1769
26,2739
2739,26
1612,2048
2048,1612
1550,2365
2365,1550
811,2965
2965,811
1153,2931
2931,1153
638,2485
2485,638
2301,3209
3209,2301
1192,2778
2778,1192
1687,2986
2986,1687
2669,3083
3083,2669
709,3304
3304,709
317,1504
1504,317
1588,3128
3128,1588
1415,2419
2419,1415
84,3144
3144,84
748,2895
2895,748
2214,3297
3297,2214
2547,2689
2689,2547
2893,3097
3097,2893
384,632
632,384
642,1156
1156,642
2541,2874
2874,2541
1001,2028
2028,1001
768,2958
2958,768
257,1988
1988,257
65,771
771,65
187,468
468,187
1124,1546
1546,1124
1724,3002
3002,1724
1192,3141
3141,1192
681,2208
2208,681
6,2527
2527,6
1072,2029
2029,1072
2856,3043
3043,2856
1444,2840
2840,1444
996,1401
1401,996
1895,1958
1958,1895
217,1636
1636,217
32,3051
3051,32
469,1591
1591,469
1253,1444
1444,1253
644,2117
2117,644
1074,3162
3162,1074
845,2107
2107,845
2063,2481
2481,2063
1001,2620
2620,1001
825,1640
1640,825
312,597
597,312
418,2979
2979,418
142,1354
1354,142
1828,2025
2025,1828
126,2541
2541,126
899,2464
2464,899
167,1303
1303,167
1621,2634
2634,1621
531,2748
2748,531
880,2636
2636,880
1269,2448
2448,1269
8,1889
1889,8
908,1651
1651,908
2568,3124
3124,2568
2124,2144
2144,2124
70,1077
1077,70
1057,3208
3208,1057
625,1070
1070,625
1963,2721
2721,1963
368,1414
1414,368
1208,3111
3111,1208
1091,2297
2297,1091
2216,2901
2901,2216
2345,2786
2786,2345
13,957
957,13
1633,3260
3260,1633
1616,1630
1630,1616
1738,3276
3276,1738
2173,2450
2450,2173
5,2264
2264,5
1147,2054
2054,1147
2051,2726
2726,2051
979,1423
1423,979
2243,2667
2667,2243
562,2074
2074,562
355,778
778,355
93,283
283,93
160,2259
2259,160
419,1207
1207,419
1766,2449
2449,1766
274,2775
2775,274
513,842
842,513
857,2601
2601,857
2054,2098
2098,2054
1861,2457
2457,1861
379,1256
1256,379
2576,2668
2668,2576
1781,2168
2168,1781
1404,1952
1952,1404
1514,1595
1595,1514
665,2781
2781,665
503,1965
1965,503
308,1497
1497,308
1674,2752
2752,1674
8,2962
2962,8
1011,2408
2408,1011
971,3238
3238,971
847,1482
1482,847
476,2249
2249,476
3045,3267
3267,3045
2810,3141
3141,2810
284,3247
3247,284
475,563
563,475
724,3253
3253,724
424,746
746,424
2079,2104
2104,2079
2665,3167
3167,2665
2090,2936
2936,2090
1125,2550
2550,1125
3014,3321
3321,3014
1242,2546
2546,1242
1063,3069
3069,1063
1925,2576
2576,1925
366,926
926,366
1037,1619
1619,1037
1952,2184
2184,1952
563,1965
1965,563
439,2609
2609,439
581,3187
3187,581
1090,3064
3064,1090
2532,2880
2880,2532
473,2866
2866,473
486,590
590,486
957,2161
2161,957
583,1691
1691,583
282,2517
2517,282
1546,1738
1738,1546
1919,2249
2249,1919
713,754
754,713
67,1811
1811,67
1619,2253
2253,1619
858,2798
2798,858
816,2572
2572,816
934,2564
2564,934
2673,3098
3098,2673
1635,2611
2611,1635
2227,2257
2257,2227
1227,3311
3311,1227
965,3311
3311,965
1287,3096
3096,1287
879,1810
1810,879
2135,2668
2668,2135
753,1176
1176,753
1754,2010
2010,1754
2005,2824
2824,2005
824,3042
3042,824
1114,1569
1569,1114
1109,3211
3211,1109
1100,1405
1405,1100
1611,2146
2146,1611
12,2117
2117,12
2628,2658
2658,2628
112,2698
2698,112
637,1122
1122,637
1803,3255
3255,1803
1722,2098
2098,1722
521,947
947,521
1544,3260
3260,1544
1124,2674
2674,1124
100,2351
2351,100
2323,2961
2961,2323
745,3284
3284,745
2589,3117
3117,2589
567,2231
2231,567
1373,2560
2560,1373
7,847
847,7
292,1474
1474,292
1414,2103
2103,1414
63,2176
2176,63
959,2462
2462,959
2925,3187
3187,2925
932,1016
1016,932
187,899
899,187
324,904
904,324
168,1788
1788,168
2475,2843
2843,2475
136,2250
2250,136
1153,1402
1402,1153
2560,2658
2658,2560
1202,2984
2984,1202
1489,2748
2748,1489
66,730
730,66
2683,2728
2728,2683
262,376
376,262
613,3114
3114,613
2396,2671
2671,2396
123,2432
2432,123
646,2473
2473,646
1248,2578
2578,1248
1005,2820
2820,1005
1540,1932
1932,1540
2808,2844
2844,2808
1688,2813
2813,1688
1963,2789
2789,1963
2388,2672
2672,2388
1579,2799
2799,1579
70,1495
1495,70
496,3064
3064,496
1383,1840
1840,1383
660,1482
1482,660
92,207
207,92
250,1318
1318,250
1795,2050
2050,1795
860,1018
1018,860
1410,2882
2882,1410
85,1106
1106,85
317,446
446,317
1621,2247
2247,1621
170,921
921,170
1228,1306
1306,1228
1806,3232
3232,1806
3127,3253
3253,3127
1523,2880
2880,1523
3,3144
3144,3
1082,3174
3174,1082
259,626
626,259
147,2105
2105,147
954,1676
1676,954
625,2669
2669,625
927,2482
2482,927
1225,3078
3078,1225
2469,2650
2650,2469
1734,3184
3184,1734
2195,2347
2347,2195
1364,2190
2190,1364
2491,3163
3163,2491
465,2572
2572,465
1156,2426
2426,1156
1462,1715
1715,1462
932,2452
2452,932
1143,1669
1669,1143
245,704
704,245
202,2054
2054,202
1613,2786
2786,1613
418,2847
2847,418
215,303
303,215
1794,2309
2309,1794
1777,1847
1847,1777
565,2981
2981,565
609,2270
2270,609
1803,2250
2250,1803
1316,2657
2657,1316
2369,2661
2661,2369
1436,2722
2722,1436
1739,2494
2494,1739
596,1284
1284,596
1236,1910
1910,1236
1886,3187
3187,1886
2395,3064
3064,2395
2393,2466
2466,2393
222,548
548,222
2601,3169
3169,2601
754,2809
2809,754
1960,2089
2089,1960
2097,2589
2589,2097
5,3179
3179,5
564,2914
2914,564
1362,2894
2894,1362
1309,1341
1341,1309
633,1701
1701,633
793,1690
1690,793
134,2808
2808,134
1901,2384
2384,1901
1085,3030
3030,1085
101,150
150,101
1028,2230
2230,1028
187,3048
3048,187
1926,2562
2562,1926
553,2122
2122,553
2253,2728
2728,2253
355,417
417,355
1131,3267
3267,1131
205,2809
2809,205
1242,2051
2051,1242
446,2117
2117,446
2927,3059
3059,2927
1325,2988
2988,1325
196,1713
1713,196
226,3282
3282,226
2466,3078
3078,2466
1398,2685
2685,1398
1792,2841
2841,1792
1986,2626
2626,1986
644,2482
2482,644
1172,2867
2867,1172
1306,2867
2867,1306
2679,3078
3078,2679
2045,3206
3206,2045
338,2412
2412,338
1904,2035
2035,1904
2920,3140
3140,2920
426,1478
1478,426
589,718
718,589
40,1442
1442,40
1316,2215
2215,1316
1159,1248
1248,1159
152,1094
1094,152
615,855
855,615
88,1604
1604,88
1568,1941
1941,1568
203,2079
2079,203
767,1892
1892,767
88,328
328,88
1323,3049
3049,1323
1620,2747
2747,1620
2886,3017
3017,2886
804,2080
2080,804
996,2021
2021,996
249,3255
3255,249
2341,2399
2399,2341
646,2662
2662,646
162,1795
1795,162
843,2947
2947,843
2615,2638
2638,2615
1298,1541
1541,1298
551,2775
2775,551
1018,2426
2426,1018
1176,3012
3012,1176
1969,2648
2648,1969
928,1449
1449,928
2063,2283
2283,2063
2785,3207
3207,2785
407,1575
1575,407
501,2671
2671,501
41,2686
2686,41
798,2665
2665,798
478,1226
1226,478
629,1395
1395,629
92,1456
1456,92
663,2440
2440,663
360,2173
2173,360
505,2039
2039,505
2282,2303
2303,2282
1432,2658
2658,1432
77,249
249,77
254,1868
1868,254
393,2737
2737,393
966,2104
2104,966
1750,2186
2186,1750
492,2450
2450,492
238,2045
2045,238
1181,1211
1211,1181
2086,3303
3303,2086
2291,3183
3183,2291
577,952
952,577
697,1283
1283,697
1082,1619
1619,1082
268,611
611,268
660,2155
2155,660
623,2007
2007,623
1603,1735
1735,1603
985,2625
2625,985
2,842
842,2
561,2526
2526,561
2071,2254
2254,2071
2200,2893
2893,2200
2370,3304
3304,2370
1578,2321
2321,1578
284,2928
2928,284
2589,3119
3119,2589
546,1356
1356,546
3263,3292
3292,3263
284,1881
1881,284
656,706
706,656
2280,2485
2485,2280
465,2077
2077,465
1714,2747
2747,1714
201,2233
2233,201
1001,2811
2811,1001
1577,1695
1695,1577
1923,2103
2103,1923
419,1143
1143,419
256,3071
3071,256
799,1549
1549,799
2553,2620
2620,2553
