1,47131,-118
1,49654,-168
1,12929,130
1,42134,104
1,18312,146
1,42309,18
1,47384,142
1,20092,-72
1,3361,86
1,47876,-50
1,45632,-52
1,7887,60
1,19260,-16
1,45961,-12
1,1578,-66
1,44853,-138
1,37066,20
1,39484,60
1,36202,144
1,32654,154
1,32051,-166
1,31731,130
1,35193,42
1,32667,-30
1,16918,22
1,13786,18
1,7616,-76
1,3455,192
1,21528,-32
1,11806,192
1,11345,166
1,30615,72
1,36641,-158
1,34274,10
1,10483,-78
1,15003,36
1,9534,-48
1,1759,94
1,34713,182
1,21954,64
1,17940,60
1,48939,32
1,1603,94
1,18938,-44
1,47336,-192
1,8768,38
1,870,-100
1,34094,184
1,22972,172
1,42170,18
1,4248,-116
1,6051,-60
1,19991,-18
1,27144,-58
1,5334,-160
1,20112,-132
1,24518,138
1,5607,-20
1,10173,154
1,15348,162
1,20223,94
1,9535,-124
1,42650,146
1,25481,-164
1,44435,-196
1,10055,-106
1,37488,166
1,12057,-196
1,16920,-86
1,15399,-128
1,33455,188
1,20157,160
1,39525,-126
1,8930,-2
1,35682,-168
1,17172,20
1,17157,176
1,24812,-166
1,47524,-32
1,7547,-152
1,16062,18
1,33458,-136
1,7956,116
1,47755,-186
1,21973,12
1,5268,162
1,25350,150
1,30381,-162
1,47386,142
1,24727,140
1,29593,-84
1,28676,-150
1,26042,22
1,43784,-24
1,36788,-144
1,4212,102
1,5987,174
1,35356,76
1,27636,-60
1,47778,-190
1,43195,152
1,40414,-154
1,36241,26
1,21884,164
1,20513,4
1,46904,74
1,23357,18
1,5085,-144
1,10097,8
1,2061,192
1,7464,156
1,19710,18
1,37223,-2
1,33591,-48
1,18446,-24
1,27912,76
1,24736,-66
1,17291,-8
1,19171,86
1,32069,-124
1,46770,8
1,31789,174
1,14789,120
1,31554,-42
1,27290,-98
1,39710,-174
1,4429,-172
1,31612,168
1,1574,-116
1,11249,-2
1,10344,6
1,45211,44
1,36019,98
1,29071,-100
1,34110,32
1,21089,-198
1,2078,-184
1,46240,-146
1,4530,146
1,17415,-116
1,18215,-56
1,5565,-122
1,49936,122
1,25291,-72
1,5029,140
1,23861,-148
1,8782,-54
1,19095,16
1,21882,160
1,8379,46
1,40287,88
1,9244,-68
1,49642,182
1,43973,-82
1,9560,-38
1,4787,-170
1,18130,-38
1,27844,22
1,28887,-48
1,7881,142
1,6259,-20
1,4899,-74
1,25739,-142
1,46609,166
1,37943,118
1,25170,192
1,35354,-6
1,49711,78
1,25086,102
1,19953,-136
1,3610,10
1,313,-70
1,40145,126
1,11486,26
1,20047,-96
1,47607,66
1,32751,136
1,44826,-10
1,7209,122
1,46748,106
1,22517,-8
1,30099,186
1,34560,-174
1,28706,128
1,13158,-172
1,27049,-40
1,24408,44
1,36818,-18
1,46847,-86
1,17994,92
1,37380,-164
1,37823,-194
1,13333,18
1,13120,140
1,30874,-188
1,15206,40
1,43252,80
1,46149,-54
1,6095,-42
1,29592,-44
1,9738,132
1,15825,114
1,8224,8
1,2633,-136
1,6377,178
1,37263,164
1,40114,-70
1,23043,92
1,32872,-118
1,6179,178
1,33395,-148
1,39222,-188
1,31437,-122
1,48240,184
1,43719,-66
1,48229,86
1,26010,108
1,29267,-60
1,7522,-104
1,38691,-166
1,12956,-72
1,16125,168
1,40674,54
1,3697,184
1,16763,-114
1,19600,-180
1,28592,194
1,20723,100
1,43488,-84
1,3921,166
1,44376,-188
1,49221,140
1,17100,-78
1,35734,126
1,13324,-84
1,46173,150
1,3642,26
1,23335,-96
1,21254,-104
1,27656,142
1,38455,56
1,25950,-98
1,6205,98
1,2387,-12
1,7006,-46
1,22489,144
1,35120,36
1,48450,120
1,42862,136
1,35435,186
1,40088,-172
1,38264,-50
1,6428,-186
1,11298,-120
1,15673,2
1,11843,-38
1,49434,-176
1,43711,-20
1,41622,110
1,8672,60
1,6763,142
1,39844,-14
1,41509,108
1,8835,-172
1,30554,158
1,16330,48
1,23616,26
1,49516,-90
1,40154,68
1,3688,-40
1,15303,4
1,37946,-142
1,16214,122
1,13876,188
1,13579,42
1,31621,-116
1,25926,-110
1,30279,20
1,47726,-194
1,42130,42
1,47055,-26
1,39280,146
1,591,112
1,46902,90
1,30089,144
1,44476,-84
1,25260,132
1,49283,88
1,43781,-124
1,10902,-96
1,23350,60
1,34741,26
1,16318,106
1,39346,-44
1,34923,126
1,18458,-178
1,4009,110
1,2687,-38
1,24200,60
1,23576,106
1,15336,108
1,8461,24
1,2379,180
1,45165,86
1,37611,-88
1,5262,146
1,19502,-34
1,38639,-20
1,30861,92
1,5272,-194
1,27024,-124
1,21021,-104
1,2067,28
1,28604,172
1,3551,-136
1,8413,184
1,47392,-80
1,24145,-70
1,33351,148
1,24294,168
1,20805,118
1,46040,170
1,43960,146
1,23163,-24
1,29168,-44
1,31182,2
1,18811,166
1,8381,48
1,12737,152
1,17026,-6
1,31069,156
1,4794,-46
1,37705,124
1,4124,-118
1,6817,132
1,3668,72
1,35615,148
1,11312,-140
1,19839,86
1,1019,-86
1,25133,-6
1,43315,-28
1,41775,32
1,25123,-166
1,42895,-182
1,45007,72
1,3493,50
1,42040,-104
1,1595,-160
1,1945,-164
1,8880,68
1,10326,54
1,29332,62
1,2959,-38
1,41534,-110
1,46094,-168
1,37993,-144
1,14514,-146
1,10449,-146
1,29765,8
1,911,62
1,11327,-14
1,5291,-194
1,31102,20
1,47933,76
1,17718,184
1,16059,-104
1,38905,126
1,40660,12
1,25600,-86
1,45685,82
1,45289,-28
1,32931,-22
1,47608,-44
1,26475,180
1,35451,-196
1,21566,116
1,36607,14
1,25744,-26
1,20880,154
1,30560,-92
1,12832,180
1,8550,-84
1,45543,-148
1,45303,-152
1,10278,-42
1,17063,66
1,16830,74
1,15807,-150
1,34409,-190
1,6160,96
1,24630,54
1,24318,-158
1,21229,148
1,36751,-56
1,40978,134
1,17156,-108
1,23077,130
1,42280,-146
1,40004,-98
1,23953,-178
1,15313,102
1,47992,-154
1,6832,192
1,49171,48
1,45654,16
1,42919,72
1,27371,18
1,11713,-8
1,16693,124
1,10386,-164
1,19239,168
1,40028,56
1,5581,152
1,19875,12
1,37193,170
1,34129,134
1,33551,48
1,14921,-78
1,7015,96
1,12051,-34
1,33752,68
1,44117,56
1,15039,-160
1,45394,-188
1,25370,-170
1,9974,-94
1,772,-76
1,48578,-98
1,7313,82
1,47092,2
1,15489,-198
1,41549,94
1,17098,-66
1,42065,2
1,27255,138
1,46293,-146
1,35947,96
1,40031,48
1,35939,78
1,37770,-8
1,27313,164
1,49200,-196
1,47280,44
1,8591,-4
1,26669,92
1,22842,56
1,37030,-8
1,19971,-200
1,46810,-194
1,21496,-194
1,4977,-52
1,38360,-194
1,37563,12
1,27233,86
1,26815,-40
1,27396,-10
1,33005,136
1,36541,-134
1,44886,-200
1,49969,-74
1,8724,94
1,20309,-156
1,41645,198
1,35473,-174
1,25154,-124
1,46306,-108
1,36758,26
1,2482,-122
1,27078,146
1,32537,126
1,3199,136
1,45698,172
1,6135,-170
1,37291,52
1,21905,-132
1,6565,112
1,29108,-82
1,3663,-36
1,2330,116
1,29081,88
1,41280,106
1,23967,32
1,19358,88
1,10609,174
1,7590,188
1,3708,-166
1,11861,42
1,32668,160
1,23924,174
1,31717,146
1,42136,162
1,8152,-76
1,46097,106
1,5733,-132
1,9286,166
1,7018,124
1,12133,64
1,33183,-16
1,14393,-100
1,21934,-24
1,11394,118
1,41577,32
1,10834,-126
1,12338,-152
1,8124,-12
1,49622,54
1,33577,-152
1,44890,-54
1,36338,-32
1,206,40
1,6234,198
1,26483,-122
1,170,194
1,1424,196
1,29862,-142
1,47758,-100
1,49572,14
1,33165,102
1,11451,-186
1,23816,-186
1,13399,174
1,35125,116
1,29387,-112
1,47237,24
1,14071,-76
1,16115,8
1,8472,-66
1,37065,58
1,4587,8
1,1995,-158
1,37162,124
1,8640,-124
1,27739,-10
1,48777,-88
1,8013,-64
1,41811,116
1,49224,148
1,15159,-22
1,33220,-28
1,16236,-168
1,3865,16
1,24775,188
1,23352,22
1,6120,-64
1,25751,172
1,19496,-24
1,12659,112
1,10233,140
1,12765,-4
1,4154,24
1,35364,72
1,31997,-182
1,8906,170
1,47520,-44
1,10479,12
1,22912,-162
1,31912,22
1,42416,162
1,8088,34
1,18133,46
1,18733,-164
1,3949,-4
1,14939,-130
1,40463,160
1,14041,-86
1,43650,128
1,30714,-142
1,18786,-38
1,33409,-144
1,12921,-24
1,39094,174
1,15485,-130
1,16494,-94
1,3458,120
1,28394,-66
1,39076,-102
1,44996,-152
1,42524,132
1,40151,-184
1,10343,36
1,29076,58
1,44197,-122
1,42555,104
1,39980,130
1,38028,20
1,48160,104
1,13094,-104
1,45599,180
1,13981,-88
1,46818,186
1,32563,-54
1,2461,12
1,46683,60
1,41791,108
1,18167,-142
1,8162,54
1,23377,90
1,26271,-148
1,13343,-80
1,48103,-76
1,45447,54
1,18656,-36
1,17911,-86
1,48908,88
1,41943,-194
1,48061,96
1,36395,-86
1,10749,-180
1,43057,-42
1,21867,-166
1,49960,-168
1,710,46
1,10144,82
1,44735,-78
1,32486,82
1,35855,8
1,41306,-134
1,21972,54
1,27404,174
1,12009,28
1,6637,-70
1,49007,-170
1,47343,126
1,33694,110
1,19293,-178
1,31646,112
1,34238,-56
1,47638,-36
1,45803,-98
1,25577,62
1,20753,-54
1,6039,-16
1,1049,-18
1,37621,-98
1,27462,-154
1,31990,-12
1,45605,66
1,43482,124
1,36309,16
1,7958,80
1,5841,-120
1,46539,-16
1,18948,18
1,34874,114
1,2220,-46
1,30993,-158
1,21941,110
1,11539,-44
1,21334,-190
1,5689,-122
1,36175,44
1,26924,-74
1,47251,138
1,39833,22
1,31741,-174
1,21562,14
1,9484,172
1,16416,44
1,2479,-94
1,1962,-14
1,47068,114
1,38489,-200
1,22579,198
1,21289,-156
1,44006,128
1,44494,144
1,4991,-154
1,45859,-200
1,6741,-194
1,30149,16
1,35880,88
1,30262,-40
1,3026,38
1,38053,140
1,29612,-4
1,48925,28
1,22866,94
1,10101,-48
1,10764,198
1,17813,-4
1,25630,-136
1,20777,-36
1,39759,14
1,40675,-88
1,1948,-88
1,16990,-152
1,6576,-98
1,42297,170
1,35705,168
1,35547,-70
1,22032,-62
1,12172,-132
1,12780,186
1,34703,-186
1,19091,-110
1,730,178
1,10187,10
1,41950,36
1,13212,-2
1,49615,-24
1,14192,-74
1,49163,-142
1,6571,44
1,39765,112
1,39808,146
1,26925,156
1,4135,-30
1,15327,-128
1,8783,-164
1,21465,-42
1,3224,62
1,46075,-94
1,33709,-98
1,19748,130
1,29548,40
1,23044,-2
1,21185,56
1,49766,-134
1,21387,-140
1,45653,-132
1,38553,16
1,44794,76
1,14898,44
1,36722,-166
1,2612,-62
1,30982,142
1,48430,-116
1,24278,-52
1,34575,-132
1,1654,82
1,34237,-12
1,49441,-14
1,1405,-104
1,37151,-68
1,48099,-28
1,2594,-182
1,45088,174
1,11845,-138
1,36802,54
1,23931,-88
1,30092,-52
1,48999,-144
1,31726,-68
1,42900,-154
1,25870,108
1,29515,-172
1,38367,-36
1,38113,20
1,13914,-146
1,36279,14
1,33827,-62
1,10267,36
1,21125,56
1,11339,-200
1,17331,2
1,8935,94
1,31324,196
1,48528,-146
1,34164,-198
1,42328,-104
1,35012,-64
1,43218,30
1,34423,-78
1,12201,68
1,35344,70
1,35445,140
1,13610,152
1,18836,22
1,28862,-18
1,21876,134
1,49259,50
1,45724,104
1,6588,182
1,17705,18
1,1409,100
1,31248,172
1,21814,-30
1,40928,104
1,15389,56
1,23240,120
1,1218,-8
1,38638,16
1,6808,82
1,24639,56
1,28472,160
1,27118,-92
1,35086,4
1,36789,102
1,48766,78
1,42156,-176
1,18091,-156
1,17537,190
1,21366,122
1,8832,108
1,39563,-10
1,10388,12
1,41721,172
1,23631,46
1,34012,184
1,47509,-96
1,23369,78
1,44650,4
1,8127,178
1,9807,196
1,47852,156
1,7274,-100
1,9313,146
1,39390,-102
1,20304,166
1,45929,-76
1,2609,10
1,17830,54
1,3800,-114
1,44633,72
1,15771,128
1,9541,-102
1,44978,36
1,26069,-60
1,11691,128
1,23907,44
1,28998,194
1,18441,-20
1,19437,108
1,29787,112
1,18718,-134
1,13455,-2
1,43424,-12
1,29396,-80
1,48060,36
1,9143,196
1,18210,-88
1,45040,-166
1,46141,-178
1,35156,188
1,6963,-138
1,49338,198
1,15452,186
1,34023,-182
1,36377,-88
1,38027,-4
1,882,76
1,49928,-42
1,24347,-100
1,44908,50
1,29334,136
1,24929,128
1,10279,-12
1,33865,-148
1,7030,118
1,4118,22
1,49865,-138
1,40991,198
1,19746,-196
1,19268,178
1,11707,-48
1,17845,-38
1,30057,60
1,10211,-192
1,10966,-192
1,4150,132
1,3654,178
1,16481,-108
1,9077,-96
1,41490,-44
1,36488,-100
1,44679,-30
1,16263,-32
1,6462,-64
1,13682,118
1,39987,-180
1,49119,-42
1,6431,-150
1,37514,-84
1,36436,-10
1,28915,-42
1,38179,42
1,33181,118
1,10462,110
1,26465,-196
1,9064,186
1,30449,-170
1,23522,32
1,43793,-184
1,17890,152
1,96,-140
1,16609,190
1,42533,-160
1,11610,196
1,13279,-52
1,23836,-20
1,48382,140
1,34470,48
1,20204,-70
1,8330,-126
1,11118,-80
1,15076,-56
1,4691,4
1,21020,-144
1,20165,132
1,31832,-186
1,32117,-82
1,19066,-6
1,30087,166
1,45396,52
1,9730,186
1,16107,-26
1,11530,-6
1,22610,158
1,41826,132
1,21194,-88
1,35174,-112
1,43808,36
1,32949,134
1,38403,-196
1,29687,90
1,14896,126
1,25736,-64
1,5385,98
1,203,-70
1,21986,164
1,42840,-110
1,43141,68
1,1121,-14
1,49146,146
1,3959,-160
1,32862,134
1,25616,-18
1,49626,122
1,21964,-90
1,211,168
1,41059,32
1,28692,-64
1,24597,118
1,40117,-34
1,39606,30
1,49713,-42
1,40336,50
1,36112,-108
1,13335,112
1,108,-138
1,21316,192
1,5797,64
1,18456,-64
1,32573,126
1,19208,-42
1,42603,-92
1,30237,148
1,2163,-76
1,22922,-98
1,33720,50
1,46962,-64
1,2668,102
1,42569,-142
1,28310,130
1,29450,-48
1,19028,-98
1,30100,198
1,48947,130
1,13915,-124
1,46069,-98
1,19558,-180
1,28938,-4
1,32040,-162
1,4342,-100
1,811,-72
1,1011,-110
1,29848,-166
1,13686,-98
1,40282,18
1,12959,2
1,15855,112
1,8190,-140
1,18235,34
1,1142,-24
1,41667,-200
1,4031,66
1,7542,-168
1,47233,46
1,31947,-184
1,36845,38
1,28485,-72
1,20679,-172
1,17151,88
1,1101,-90
1,42431,54
1,3498,154
1,9887,184
1,14093,108
1,17857,-100
1,23665,-62
1,13863,94
1,30719,192
1,12668,-140
1,32935,90
1,10602,-166
1,19910,4
1,22121,194
1,2807,-132
1,4553,130
1,17243,60
1,41885,-144
1,26265,-124
1,41675,158
1,35593,-124
1,16035,-86
1,29467,42
1,45997,-90
1,19693,36
1,22515,-86
1,9643,62
1,24637,-88
1,38597,44
1,35728,-82
1,25474,-72
1,45290,-172
1,33738,94
1,2579,-182
1,37882,-162
1,9212,16
1,30652,-12
1,32112,-12
1,1261,2
1,3363,-100
1,5481,-176
1,31882,40
1,27248,-182
1,26866,110
1,20772,-44
1,32632,-144
1,25336,46
1,35894,-72
1,6672,30
1,36914,42
1,11039,126
1,22717,-152
1,48042,2
1,11777,172
1,42967,-100
1,19633,46
1,14555,-40
1,27283,-58
1,23248,60
1,38144,180
1,11065,12
1,14984,2
1,2238,104
1,5968,-146
1,34252,-112
1,21513,126
1,39792,126
1,13992,88
1,30181,190
1,13501,-148
1,39959,94
1,297,14
1,47432,-76
1,16023,86
1,21460,-10
1,1776,-168
1,16395,30
1,19598,122
1,10759,90
1,5243,188
1,37308,152
1,28184,-52
1,31463,-178
1,9092,-128
1,21743,88
1,22683,-114
1,11198,-86
1,41991,-34
1,12726,-196
1,40408,56
1,26057,-18
1,7617,54
1,42722,-108
1,6760,40
1,29535,194
1,8807,142
1,14167,-30
1,23491,-88
1,45716,-176
1,25786,-194
1,4784,-182
1,20378,10
1,41256,72
1,39429,-78
1,522,68
1,48612,-170
1,36384,-78
1,14269,-198
1,1621,-126
1,28586,106
1,22386,-46
1,505,198
1,40218,76
1,8087,120
1,19849,-48
1,48581,4
1,6199,-100
1,37512,-62
1,23532,160
1,23608,92
1,25527,-18
1,9966,-154
1,26443,102
1,8248,124
1,12452,-188
1,24466,-200
1,20255,-98
1,2537,194
1,43016,-178
1,23140,-146
1,24563,6
1,32915,-126
1,30102,-150
1,43147,28
1,4291,90
1,16842,-88
1,29101,-88
1,8387,-102
1,30331,-182
1,41255,-108
1,32505,86
1,28069,-58
1,34866,-82
1,7438,140
1,45876,196
1,47482,-48
1,5724,-94
1,32286,-84
1,49310,-114
1,28793,-106
1,23195,182
1,35394,-96
1,32869,124
1,13645,-64
1,9511,112
1,21930,-28
1,15444,-98
1,23359,-128
1,33639,42
1,22583,-134
1,34466,-104
1,49849,-176
1,18800,164
1,5293,182
1,1617,64
1,7063,-12
1,19487,-106
1,25993,-42
1,27427,96
1,38297,102
1,47783,-12
1,14238,130
1,20741,-194
1,17052,-190
1,40565,122
1,7687,146
1,5994,100
1,29942,152
1,25464,90
1,35641,-138
1,20198,24
1,27072,-76
1,36476,98
1,41177,48
1,37394,16
1,34933,46
1,44634,178
1,19373,76
1,46356,-162
1,40768,-54
1,47902,-146
1,13052,-82
1,27242,148
1,47479,132
1,49442,32
1,21374,-60
1,30917,170
1,32569,60
1,47631,102
1,7631,68
1,1564,-64
1,32780,-100
1,37059,-54
1,1290,42
1,1799,-160
1,22187,-168
1,47441,-46
1,45871,-90
1,49905,-14
1,21998,194
1,3317,-20
1,44060,-194
1,31506,180
1,2413,106
1,37811,-200
1,27685,198
1,37836,-66
1,30088,124
1,20222,24
1,41832,72
1,23145,42
1,3068,-36
1,23795,18
1,14291,132
1,25542,190
1,2012,-80
1,47148,70
1,11442,-16
1,29843,50
1,25137,118
1,42051,146
1,3486,74
1,24485,-164
1,12123,160
1,1478,90
1,43629,178
1,8401,-22
1,3887,-142
1,25566,-114
1,44239,148
1,7251,100
1,45342,-78
1,47976,176
1,7625,162
1,1659,-184
1,29090,-160
1,9454,-12
1,24922,-10
1,4462,-120
1,20837,-170
1,12349,-182
1,27008,194
1,37442,-34
1,14349,-132
1,10812,138
1,19563,-52
1,1289,-198
1,14229,-164
1,47017,106
1,11372,124
1,13121,-86
1,35505,178
1,27461,58
1,49420,-166
1,39147,114
1,13205,-160
1,38717,80
1,6359,108
1,20936,-70
1,19034,46
1,17103,-144
1,17573,-20
1,5161,44
1,5333,-86
1,19591,150
1,22561,-42
1,49667,-38
1,15911,-200
1,35561,-196
1,21493,60
1,8872,-96
1,4596,-50
1,26098,-4
1,5399,-122
1,36290,102
1,44768,154
1,8494,122
1,17685,38
1,1475,-196
1,45850,122
1,42649,-148
1,11478,192
1,21105,-150
1,42352,138
1,20436,140
1,10933,178
1,23581,44
1,33125,30
1,31123,-48
1,13928,-118
1,21599,-60
1,40078,166
1,39915,-150
1,45181,60
1,49039,14
1,42047,-52
1,30068,-64
1,30924,-6
1,26944,-24
1,6283,116
1,42159,86
1,16137,8
1,1516,94
1,31329,-12
1,21686,-114
1,35446,-170
1,49051,-64
1,19170,-84
1,16881,-28
1,23681,-138
1,22026,140
1,1677,28
1,17053,-156
1,34415,-112
1,21765,-86
1,28619,192
1,48181,62
1,3163,32
1,38567,132
1,4532,-196
1,2779,-74
1,14059,28
1,45671,100
1,11822,-176
1,25689,154
1,22823,6
1,19498,-30
1,29360,-56
1,10823,32
1,31193,36
1,49227,-54
1,13267,166
1,49540,-76
1,45596,152
1,976,-120
1,12290,32
1,19994,198
1,17224,-8
1,42155,-84
1,15834,-170
1,22037,-144
1,43826,-162
1,47889,42
1,22814,164
1,6899,-166
1,29483,66
1,4221,8
1,31035,-18
1,32315,-86
1,20524,146
1,11807,86
1,42732,-178
1,10405,-164
1,28006,70
1,43771,-82
1,15872,-74
1,29383,4
1,11483,88
1,33434,-74
1,6328,86
1,42367,-2
1,49555,-102
1,37305,52
1,12865,-82
1,31099,90
1,39586,-164
1,48800,182
1,46550,110
1,45332,-64
1,44986,170
1,9052,-2
1,3629,-16
1,43123,72
1,49288,-108
1,32111,-90
1,47125,66
1,45586,38
1,49514,78
1,3343,-110
1,2954,-142
1,24795,24
1,26943,172
1,22994,-114
1,16446,134
1,2022,98
1,1006,146
1,36276,-148
1,13187,-182
1,40065,14
1,26634,-48
1,577,-90
1,11248,148
1,39671,-178
1,15777,-146
1,24925,-84
1,27043,-78
1,25779,126
1,20534,84
1,16703,-184
1,29742,50
1,4526,-20
1,27001,102
1,43527,148
1,40532,22
1,39403,34
1,18134,-184
1,29930,112
1,2060,-106
1,14886,-38
1,43871,110
1,16365,-160
1,24213,-104
1,28055,-156
1,31199,-144
1,20140,-34
1,21470,-180
1,22742,180
1,10989,-126
1,25621,-160
1,21353,116
1,32604,30
1,49895,-92
1,445,166
1,4816,-110
1,35027,-18
1,31384,-190
1,8299,106
1,25247,126
1,6661,-76
1,3537,-66
1,19137,-10
1,9893,58
1,31008,164
1,16066,80
1,28450,-178
1,21533,34
1,19574,188
1,4229,-58
1,32926,134
1,11437,-16
1,24210,166
1,26958,-30
1,40357,-76
1,5380,104
1,49110,-186
1,19313,-138
1,13870,-112
1,28540,-150
1,48003,-136
1,14133,80
1,40600,54
1,39778,140
1,16520,82
1,20696,-88
1,6608,78
1,38534,128
1,31968,120
1,30439,92
1,42838,-162
1,7663,-100
1,48841,156
1,33810,-150
1,5324,178
1,43355,-136
1,28780,-188
1,27047,158
1,34671,-192
1,1537,158
1,43023,126
1,48782,46
1,20045,-98
1,28783,88
1,8309,-18
1,44914,58
1,19524,-30
1,22312,172
1,40851,90
1,9707,-168
1,31336,-76
1,12415,-74
1,48714,68
1,42109,-124
1,28930,-128
1,43359,-126
1,17196,-16
1,11513,150
1,5638,-66
1,11307,-28
1,36605,84
1,34195,-168
1,47250,102
1,40222,42
1,32967,134
1,32145,188
1,28277,-136
1,2229,-86
1,8132,-128
1,20611,104
1,17817,-174
1,32932,144
1,43342,110
1,29847,138
1,35577,-126
1,42674,114
1,18546,44
1,3676,102
1,25548,48
1,1992,-198
1,42654,86
1,33596,-140
1,39273,192
1,26813,-18
1,49382,-92
1,47854,-112
1,17158,-58
1,41477,172
1,16131,130
1,20554,76
1,35870,24
1,43344,198
1,19723,-174
1,39555,18
1,12303,118
1,9782,-200
1,20097,-140
1,9229,-100
1,42296,128
1,28583,152
1,36710,-74
1,11331,98
1,20382,86
1,38508,78
1,6569,82
1,44122,-152
1,45451,-92
1,34380,-52
1,8144,-60
1,23158,146
1,38486,136
1,45846,12
1,29350,-128
1,37388,-60
1,2866,-58
1,42257,-108
1,38120,-178
1,18080,192
1,38821,-138
1,25283,-102
1,18201,92
1,16229,-150
1,32370,28
1,27750,-10
1,14441,-154
1,43825,-30
1,42027,154
1,44271,-142
1,47379,-54
1,47952,128
1,12385,116
1,3381,-10
1,41189,-152
1,10772,68
1,27456,80
1,8624,-10
1,17320,6
1,2046,-180
1,18200,-58
1,33606,-60
1,33676,-6
1,37504,-160
1,5892,54
1,8816,-114
1,28621,-96
1,13295,62
1,46485,56
1,26309,-96
1,17805,142
1,8556,94
1,23645,-46
1,32407,196
1,29002,74
1,38356,-136
1,33113,-200
1,17060,46
1,40458,80
1,6706,-32
1,11029,-14
1,36950,12
1,30209,50
1,30773,-170
1,40341,-104
1,21617,178
1,17824,40
1,24590,62
1,28455,-6
1,44670,-40
1,17706,22
1,43801,-58
1,23965,-158
1,37629,164
1,5408,-46
1,11,-146
1,20636,-36
1,1792,-188
1,41699,116
1,20532,-190
1,24233,-50
1,21683,-166
1,42631,-146
1,15265,144
1,9179,122
1,38969,180
1,23510,170
1,24587,-14
1,48966,168
1,17884,132
1,13673,-122
1,21201,-124
1,19251,174
1,14853,86
1,21298,-6
1,41216,-4
1,3244,124
1,16248,24
1,8719,8
1,24066,54
1,20150,-122
1,45438,-170
1,14377,64
1,28975,78
1,341,-106
1,26365,-72
1,27101,158
1,40570,-94
1,39779,-106
1,11174,130
1,42522,-44
1,28180,-12
1,2880,12
1,49707,166
1,35496,-134
1,47634,-28
1,24781,18
1,528,-46
1,23001,-182
1,20227,-94
1,31847,-80
1,6241,-30
1,34728,70
1,7684,-12
1,32427,-110
1,614,-182
1,30706,-142
1,43828,-174
1,49400,46
1,10036,-80
1,23157,190
1,44354,-182
1,7614,-192
1,36435,130
1,48191,166
1,33984,-14
1,47826,-180
1,46716,-82
1,27576,190
1,21515,-112
1,44939,-16
1,4513,152
1,17400,142
1,21889,-26
1,33,158
1,20557,-128
1,11931,-44
1,21953,62
1,17258,170
1,2269,166
1,38061,-48
1,38998,-114
1,16231,180
1,14932,-126
1,49452,-134
1,5928,64
1,43565,-190
1,22146,4
1,39953,-104
1,24575,30
1,43512,20
1,25456,-70
1,13993,-128
1,22960,98
1,8973,46
1,25762,62
1,4919,8
1,47020,84
1,10956,146
1,25446,-34
1,13069,-10
1,14708,-140
1,41817,-4
1,20392,12
1,5564,-104
1,10735,-154
1,14373,-104
1,10773,-86
1,48629,-18
1,38733,-144
1,25177,-122
1,25808,194
1,33901,-22
1,19194,-120
1,3772,-42
1,49838,-144
1,18646,100
1,17068,8
1,37516,-52
1,21824,-72
1,10714,44
1,24220,-60
1,49079,-104
1,31831,196
1,6759,48
1,15966,-46
1,21348,-22
1,4006,-168
1,12686,-16
1,9978,-188
1,39583,-162
1,36940,84
1,32623,58
1,42443,150
1,4484,164
1,24427,-102
1,8537,-66
1,5484,108
1,5396,-104
1,31768,-196
1,11090,-200
1,40230,160
1,6473,68
1,39921,-122
1,45381,122
1,47536,60
1,19501,-82
1,44365,-86
1,15765,92
1,24393,-106
1,1730,-86
1,36277,-190
1,34672,40
1,36289,-8
1,26072,-50
1,19490,156
1,5258,-46
1,41837,42
1,16769,-130
1,30883,-162
1,14697,-58
1,7671,10
1,5687,130
1,47642,104
1,46660,190
1,13957,112
1,27223,-108
1,28130,-86
1,41039,-196
1,787,116
1,3371,-54
1,3623,-178
1,49383,-68
1,37275,-106
1,20886,72
1,21297,-46
1,38202,-174
1,7786,-164
1,5903,-168
1,40224,128
1,19807,22
1,30196,96
1,16440,116
1,11367,4
1,22481,-178
1,37940,172
1,13301,164
1,19405,-118
1,35536,-182
1,41244,-10
1,13282,30
1,29792,100
1,22264,-126
1,1432,74
1,46757,-166
1,10942,62
1,3756,188
1,41266,-144
1,39893,194
1,641,-154
1,28109,38
1,38636,128
1,49295,-98
1,21997,-164
1,41706,-120
1,32101,-64
1,33321,62
1,22335,-142
1,33710,108
1,277,122
1,32705,-62
1,24947,84
1,10292,96
1,48327,-6
1,20946,-142
1,13092,64
1,46581,-174
1,25187,102
1,32836,-130
1,19705,-172
1,1794,152
1,16722,40
1,26050,-154
1,39737,44
1,21319,68
1,33534,-54
1,32095,-84
1,8809,-112
1,23778,22
1,10503,-136
1,18558,-56
1,43101,-32
1,11385,-104
1,43912,-86
1,28163,182
1,2720,112
1,18131,194
1,39236,12
1,14098,-194
1,33973,-36
1,16972,-104
1,33675,140
1,44704,-164
1,20998,-94
1,18086,22
1,49946,-60
1,44022,140
1,12874,-34
1,13526,-188
1,25826,-178
1,42099,84
1,12544,144
1,9814,-42
1,12694,38
1,19974,140
1,6623,-42
1,48420,-24
1,15999,-56
1,35595,56
1,26962,-82
1,22392,-176
1,41219,-32
1,21233,-22
1,36467,-170
1,15140,56
1,9937,152
1,13918,84
1,4638,60
1,31294,-174
1,27379,94
1,29803,-6
1,26162,-20
1,8415,126
1,5240,-86
1,13168,168
1,7168,-10
1,40817,-140
1,45328,-62
1,36262,-136
1,36243,2
1,12126,182
1,39503,-160
1,4056,134
1,29929,-108
1,3669,-152
1,40572,158
1,45483,84
1,36426,70
1,16362,-162
1,16883,-136
1,47321,126
1,44321,42
1,41650,130
1,3349,-102
1,39322,10
1,43601,-188
1,44179,-154
1,38595,168
1,16962,-42
1,32681,136
1,49216,124
1,8557,100
1,6561,98
1,12906,-44
1,30197,40
1,48793,104
1,7555,94
1,24426,64
1,13107,-16
1,26631,-194
1,36465,104
1,1213,-128
1,45849,104
1,30551,198
1,6398,-6
1,40690,-30
1,38399,92
1,35609,30
1,30143,-66
1,28900,148
1,22432,-10
1,31285,126
1,25881,124
1,23560,-138
1,24773,162
1,20459,-24
1,16258,-62
1,31891,-102
1,38851,196
1,46796,-90
1,42471,-152
1,7904,-158
1,40134,-86
1,37640,-170
1,3259,44
1,8325,68
1,37709,176
1,14495,-104
1,23949,8
1,3190,188
1,29057,-134
1,36398,-146
1,19588,82
1,45430,-68
1,47508,86
1,9248,76
1,10337,-188
1,28544,-198
1,22094,142
1,33651,-56
1,10627,-132
1,37684,20
1,12043,-8
1,27401,-184
1,2233,124
1,35774,150
1,17592,80
1,34686,-2
1,30771,60
1,2780,-108
1,10242,90
1,13389,-56
1,3043,56
1,47979,-200
1,4495,-134
1,44869,-116
1,1063,-110
1,37410,54
1,8934,-68
1,14402,192
1,17837,-140
1,17761,-18
1,16767,-122
1,29723,160
1,67,182
1,20288,48
1,12788,70
1,42882,-168
1,21235,-154
1,1436,118
1,34422,-2
1,14302,-16
1,39593,-60
1,21874,-156
1,9825,110
1,26382,42
1,8253,166
1,12238,84
1,38962,-194
1,3597,-172
1,5316,108
1,42259,134
1,18648,-106
1,21796,-152
1,27974,138
1,44873,176
1,10765,56
1,23064,110
1,49326,-178
1,11122,-196
1,10846,-160
1,608,108
1,14304,104
1,28707,112
1,23442,146
1,24271,-12
1,19224,-116
1,7046,-46
1,44196,-62
1,17802,166
1,12692,-44
1,35877,56
1,48239,26
1,41448,166
1,30945,-172
1,32524,162
1,48993,148
1,20809,-92
1,32865,160
1,15808,-18
1,29854,-78
1,37905,142
1,5667,-46
1,8616,-28
1,14739,192
1,18236,-78
1,41391,132
1,1918,-2
1,45954,-128
1,35526,110
1,27562,138
1,25417,160
1,21019,128
1,15630,-74
1,18019,-30
1,126,196
1,32468,-180
1,22650,-68
1,352,-76
1,41328,-160
1,48203,140
1,450,112
1,7173,144
1,3069,-188
1,13470,-52
1,49388,-106
1,40425,-44
1,6864,140
1,24345,-120
1,20842,-112
1,33561,-150
1,43329,100
1,5857,-122
1,37121,98
1,13487,162
1,35145,-110
1,38171,-22
1,10534,-112
1,27027,64
1,37585,114
1,48780,188
1,33346,58
1,5320,-128
1,44065,100
1,42492,-68
1,35539,-164
1,22946,66
1,21278,-138
1,13588,48
1,35922,168
1,38520,-198
1,37639,44
1,43785,34
1,18477,-180
1,8818,-22
1,44545,96
1,42980,-142
1,46829,30
1,18254,-86
1,32072,142
1,44052,-154
1,44383,180
1,34759,-76
1,20666,-164
1,35448,-12
1,13353,72
1,15270,168
1,8492,-158
1,16619,-22
1,8079,60
1,45937,78
1,31615,-134
1,15779,36
1,46101,178
1,39208,-120
1,33526,12
1,11820,-26
1,27482,8
1,36012,-104
1,38753,-58
1,49532,178
1,31665,-34
1,24261,98
1,45788,-60
1,27797,-108
1,47624,-144
1,3906,88
1,9079,-26
1,48293,36
1,11150,-170
1,43426,50
1,18805,-136
1,7276,-168
1,1017,54
1,1340,44
1,10725,140
1,42645,-152
1,8411,30
1,9714,-148
1,26898,144
1,31088,-76
1,829,-82
1,45253,34
1,30370,-40
1,8018,182
1,47030,-90
1,3578,44
1,19043,14
1,49821,-8
1,24412,116
1,4806,-86
1,12378,194
1,13010,-16
1,12190,-66
1,25535,-6
1,35826,102
1,26330,-110
1,46806,34
1,39202,98
1,1143,186
1,44663,-24
1,41009,12
1,47628,4
1,6294,-2
1,44501,184
1,312,-102
1,12953,74
1,11714,-38
1,8187,-56
1,26241,186
1,20682,100
1,40310,-58
1,46754,-104
1,11653,-190
1,8977,-160
1,45697,-188
1,462,-150
1,17414,46
1,39755,128
1,38951,12
1,31675,-82
1,17044,62
1,39764,-38
1,20181,-8
1,32704,28
1,7798,-156
1,37929,-190
1,44151,196
1,1626,174
1,12611,134
1,15142,166
1,19689,-66
1,3110,62
1,38172,128
1,39690,24
1,27800,-94
1,30526,126
1,46696,38
1,22196,64
1,10608,164
1,7239,-94
1,215,162
1,42847,-16
1,39164,-180
1,8102,-176
1,40850,-144
1,26568,-172
1,20835,146
1,6128,50
1,49841,-58
1,7185,26
1,27596,-148
1,17783,132
1,15591,192
1,26198,54
1,34678,156
1,18229,148
1,18428,92
1,14214,-192
1,36546,186
1,4741,100
1,4994,-126
1,21182,-20
1,12387,-150
1,41861,-32
1,47519,-186
1,1727,-152
1,2011,198
1,15091,96
1,19786,114
1,46412,90
1,31862,-78
1,30226,-184
1,22733,-54
1,35257,170
1,10952,-120
1,38755,32
1,10615,-122
1,32062,-78
1,37631,144
1,39300,-174
1,33726,90
1,41877,58
1,31548,-74
1,36716,-52
1,47183,136
1,8674,112
1,39574,-86
1,47297,-164
1,49414,-106
1,39507,-80
1,36736,-46
1,11726,-128
1,15913,166
1,11424,-154
1,35267,112
1,5683,-74
1,1134,-56
1,32848,90
1,40453,8
1,37690,184
1,38801,102
1,46704,-66
1,23657,-174
1,34878,-98
1,22535,82
1,6269,-74
1,38420,-150
1,14275,-114
1,38256,44
1,46514,-96
1,12103,2
1,43615,-192
1,29105,-64
1,16643,-192
1,20342,-166
1,31168,178
1,4654,10
1,38737,-32
1,23411,156
1,30614,-152
1,19892,48
1,48165,-86
1,24189,170
1,40899,2
1,43422,-104
1,33579,12
1,6282,6
1,11591,138
1,43984,-106
1,40800,-88
1,24527,114
1,26096,-30
1,13123,-166
1,30164,28
1,3298,-18
1,7407,22
1,8366,-56
1,31913,172
1,46084,86
1,15752,172
1,26122,-180
1,48241,152
1,40038,180
1,35333,-184
1,30794,-82
1,41562,-56
1,33872,-102
1,29115,180
1,43450,178
1,49559,-136
1,9105,24
1,3356,-196
1,26770,184
1,35636,-130
1,8762,22
1,27305,42
1,32459,-162
1,32482,-154
1,39406,-16
1,35585,54
1,43361,-134
1,15433,64
1,32364,8
1,4559,186
1,27908,140
1,31845,78
1,29510,178
1,2455,22
1,34398,48
1,32129,-122
1,24061,178
1,19133,88
1,42902,124
1,33985,42
1,31611,30
1,26425,134
1,35865,-54
1,922,-148
1,31452,-180
1,16901,170
1,20336,26
1,27798,-74
1,18889,194
1,39551,30
1,29408,-58
1,11078,84
1,32529,-40
1,5377,-72
1,8338,54
1,20043,-146
1,35851,138
1,35420,-56
1,39692,90
1,29264,-178
1,39926,124
1,46794,-14
1,35578,-178
1,12142,50
1,17662,184
1,41575,46
1,25480,40
1,41962,-92
1,30506,180
1,43150,22
1,20873,104
1,18515,108
1,3426,80
1,47983,6
1,11686,-160
1,49053,-188
1,11037,64
1,9968,72
1,27889,196
1,7512,-198
1,4202,-168
1,26348,136
1,42106,-196
1,8962,-56
1,41842,-126
1,35175,-166
1,3359,192
1,4792,-126
1,6824,94
1,9868,110
1,15097,50
1,26337,-102
1,30393,104
1,16751,-22
1,10925,-34
1,4121,100
1,21650,-46
1,33438,-136
1,2834,156
1,1671,102
1,26191,134
1,5509,-194
1,36144,40
1,45928,168
1,40589,-44
1,13299,146
1,30314,12
1,794,150
1,49073,-190
1,13844,-94
1,36064,84
1,6770,-40
1,19941,84
1,22465,-148
1,985,-58
1,32217,18
1,35509,54
1,36483,132
1,9621,138
1,47403,166
1,25369,-168
1,13812,22
1,21871,-156
1,9704,-192
1,41693,-2
1,16291,-112
1,5183,170
1,29283,164
1,7763,36
1,13429,154
1,11727,-18
1,7962,88
1,5991,2
1,16889,112
1,27985,-18
1,25182,-136
1,24866,-152
1,37097,86
1,31371,-68
1,44696,-80
1,3543,-142
1,26009,54
1,39141,-112
1,47693,110
1,36755,128
1,29677,162
1,26914,-72
1,11638,84
1,40957,188
1,44866,148
1,29896,-196
1,13445,180
1,18754,-94
1,8038,-140
1,44824,152
1,2790,-184
1,35152,108
1,24755,150
1,20120,-140
1,41833,-74
1,29110,26
1,18900,-2
1,26097,184
1,29214,146
1,24751,138
1,36138,-62
1,47382,174
1,32819,120
1,41944,-64
1,47960,190
1,26509,-44
1,43609,-102
1,49311,-130
1,32885,156
1,42452,24
1,43047,-164
1,10588,-8
1,17369,-58
1,19622,-104
1,25362,172
1,40487,184
1,1528,-76
1,5443,-176
1,1833,-28
1,46235,-70
1,44055,146
1,30755,62
1,34022,-200
1,31211,34
1,34957,28
1,46362,-112
1,28878,-164
1,1187,168
1,42409,48
1,28806,196
1,27208,168
1,7656,-76
1,13877,-184
1,46575,-24
1,26063,-92
1,48815,-66
1,14416,-128
1,15453,82
1,27134,-158
1,27933,-50
1,38307,150
1,25290,-182
1,11892,110
1,2241,-182
1,39365,-84
1,11623,22
1,33792,-122
1,37874,-6
1,16782,68
1,39086,-64
1,13339,96
1,4014,68
1,21018,-82
1,14741,56
1,24344,182
1,20781,120
1,6868,-152
1,44445,30
1,31762,-114
1,9859,102
1,33715,10
1,26496,70
1,623,-142
1,10368,-46
1,1761,-184
1,22674,-200
1,19365,94
1,13176,-128
1,33983,-142
1,49772,-82
1,36371,54
1,23703,20
1,26452,40
1,38583,18
1,4888,166
1,4250,-22
1,26849,194
1,38880,-26
1,10744,4
1,35382,60
1,42595,-44
1,37537,-116
1,20440,-24
1,15994,134
1,10633,-62
1,16485,-148
1,46912,-6
1,5861,-16
1,26827,90
1,28245,166
1,30779,194
1,7377,-136
1,49918,-104
1,36173,190
1,36335,-144
1,37434,176
1,6726,-60
1,45797,-54
1,17791,170
1,24124,-162
1,26905,34
1,36695,-94
1,49931,-136
1,17757,74
1,24895,50
1,43674,-180
1,31785,124
1,26933,174
1,41957,-132
1,6859,36
1,38630,-148
1,47256,-174
1,45905,188
1,36297,168
1,39368,96
1,34910,-90
1,36231,136
1,12928,-38
1,1253,44
1,1521,18
1,16969,-24
1,43091,36
1,12012,108
1,39104,-198
1,14792,138
1,17264,-20
1,14382,-96
1,16846,94
1,3635,-52
1,7111,152
1,26502,142
1,43664,82
1,45291,-52
1,14199,24
1,17721,8
1,33729,-2
1,42346,24
1,6973,28
1,14097,156
1,22773,142
1,18680,-28
1,45319,-158
1,7331,-30
1,19653,144
1,48670,-108
1,21098,78
1,8675,6
1,35024,-2
1,24454,-2
1,23504,62
1,24120,96
1,4232,2
1,28628,-36
1,46461,142
1,20703,-30
1,9673,138
1,37150,130
1,47550,86
1,7194,52
1,40514,-46
1,31293,-182
1,21949,-38
1,14893,-42
1,21294,122
1,13080,138
1,20813,128
1,35856,124
1,13650,-8
1,20624,64
1,39553,-126
1,48665,-180
1,39890,26
1,47751,-122
1,44053,-86
1,44893,48
1,3633,160
1,15884,-36
1,42006,-62
1,40808,-140
1,18082,-40
1,410,6
1,35996,128
1,9375,76
1,11022,152
1,24663,136
1,48465,-170
1,45777,-188
1,37384,120
1,15014,-112
1,2058,-124
1,31495,124
1,23810,-38
1,3205,-110
1,26563,-118
1,13509,188
1,21048,118
1,41236,-16
1,25053,48
1,2246,116
1,23876,40
1,2532,-4
1,5305,-48
1,12367,-66
1,32795,138
1,44711,94
1,7507,114
1,27100,-6
1,32470,-76
1,49523,-24
1,26993,120
1,22214,-184
1,12279,-42
1,32223,72
1,26637,-172
1,23153,-74
1,12898,-184
1,26418,154
1,9866,98
1,44136,158
1,26796,-20
1,6613,-200
1,14117,-122
1,38180,196
1,43000,-26
1,1628,-132
1,11469,132
1,45604,-22
1,8321,-184
1,23723,-102
1,11145,-132
1,29169,-130
1,12244,194
1,10603,136
1,23402,-56
1,48081,40
1,41155,98
1,12147,20
1,33763,32
1,1606,-8
1,17722,-8
1,21940,106
1,8390,42
1,1369,-24
1,2332,160
1,28903,-38
1,14017,-86
1,43472,118
1,25492,82
1,7119,146
1,22643,180
1,3722,72
1,1470,-128
1,6437,-60
1,32483,156
1,10044,-164
1,43085,144
1,9566,-30
1,46451,160
1,33091,198
1,19636,136
1,42403,150
1,26302,-4
1,31116,-54
1,25330,168
1,25117,8
1,6430,-102
1,22166,-198
1,30033,-96
1,26843,-62
1,2838,110
1,39868,-48
1,7089,2
1,8583,34
1,2064,-190
1,7350,166
1,26297,8
1,25124,44
1,33843,-8
1,4246,-158
1,34280,-186
1,12709,-198
1,42243,-76
1,40227,-162
1,625,74
1,22310,-142
1,23914,118
1,48695,190
1,39206,-52
1,20184,-48
1,13174,190
1,24738,-92
1,16355,98
1,16907,-122
1,25807,-56
1,10510,148
1,3053,190
1,43345,-30
1,40469,174
1,42396,104
1,40555,-164
1,3174,6
1,32598,-4
1,43580,-164
1,546,130
1,23617,124
1,11479,-36
1,4064,60
1,22889,102
1,40006,-24
1,30544,-48
1,41994,176
1,4312,32
1,40700,60
1,40842,48
1,14527,-190
1,24161,-74
1,47323,-136
1,34201,20
1,13693,138
1,34009,-66
1,34592,-148
1,12394,-140
1,38968,76
1,11332,-108
1,19913,-10
1,24265,74
1,26092,186
1,26214,178
1,39611,-96
1,12519,18
1,47241,24
1,44887,-60
1,28512,-44
1,4665,98
1,17366,90
1,18482,-132
1,24570,-140
1,45536,-18
1,2897,-96
1,26364,-196
1,24784,-2
1,47214,194
1,19169,-116
1,37035,-52
1,15143,-48
1,41676,-152
1,13218,-188
1,36505,-20
1,16974,-48
1,35721,-76
1,25979,120
1,24460,-132
1,2826,32
1,216,44
1,11938,56
1,588,-82
1,2586,-74
1,2016,150
1,45603,152
1,34893,172
1,32696,-188
1,7992,136
1,19414,-100
1,5168,-62
1,35863,148
1,2113,-14
1,27367,140
1,44533,-132
1,23925,180
1,36578,-132
1,39053,-52
1,36588,60
1,40113,148
1,24319,172
1,19587,-38
1,8732,106
1,1365,-24
1,46296,-154
1,41996,136
1,5802,196
1,19296,-36
1,44608,-96
1,43292,-60
1,35226,184
1,43869,76
1,35508,-6
1,47562,126
1,17284,-56
1,38038,66
1,26890,68
1,7044,-16
1,25223,-122
1,21746,-178
1,1219,114
1,41048,-50
1,19823,-38
1,13797,184
1,26526,84
1,49513,192
1,49268,56
1,19888,160
1,43499,-92
1,31683,28
1,46436,98
1,49632,22
1,48649,-24
1,19880,-90
1,30450,-190
1,15744,-196
1,21718,146
1,25572,146
1,20192,66
1,20155,-184
1,48965,-106
1,37572,-66
1,37808,-200
1,2749,-120
1,10501,-148
1,7,134
1,45927,142
1,14259,22
1,16337,-160
1,2076,134
1,4921,-138
1,33491,-48
1,14897,-100
1,18188,42
1,10963,-94
1,36321,-198
1,28973,102
1,36229,-48
1,23459,150
1,37027,-72
1,5231,-194
1,19103,44
1,1270,-184
1,22308,2
1,22952,154
1,40183,-52
1,19164,-110
1,16141,190
1,45470,6
1,16936,18
1,17297,60
1,28745,-142
1,24982,-42
1,23358,-82
1,49721,-160
1,17039,166
1,42360,-68
1,17974,134
1,31376,174
1,9940,-114
1,4057,98
1,27507,-174
1,27344,48
1,13439,52
1,9134,-64
1,26497,20
1,27058,140
1,29819,132
1,19634,-64
1,20209,-14
1,33908,-166
1,2887,-56
1,18150,-198
1,37724,18
1,34791,-138
1,7836,-18
1,9376,-86
1,19976,118
1,31532,-72
1,36960,-52
1,46108,174
1,29552,-112
1,40643,86
1,38022,-26
1,2525,118
1,47661,184
1,2221,-88
1,46779,124
1,41896,88
1,48723,98
1,43694,8
1,24891,-72
1,28505,-106
1,5925,48
1,21586,132
1,22468,188
1,28225,62
1,32097,-162
1,22428,-146
1,5971,56
1,3169,-60
1,11023,178
1,21741,-126
1,2391,-14
1,33230,-100
1,37058,-102
1,18765,196
1,13288,-162
1,21132,-160
1,2317,-96
1,14911,170
1,36211,184
1,15424,26
1,23884,178
1,32597,88
1,30530,-130
1,38096,-104
1,25952,-70
1,32713,-28
1,40593,-192
1,10296,172
1,22642,28
1,17107,136
1,18951,-86
1,19364,172
1,23848,122
1,44289,-40
1,1194,-160
1,20644,-66
1,38695,32
1,39041,-84
1,21232,106
1,38616,-82
1,28234,-24
1,2891,176
1,28518,-150
1,15160,-120
1,14751,-84
1,15617,108
1,37417,-106
1,41611,156
1,40173,168
1,29024,-128
1,16245,-122
1,32516,154
1,33839,74
1,45974,118
1,22877,84
1,2858,16
1,5071,-144
1,32921,-188
1,34419,180
1,20355,-4
1,34099,-38
1,47372,-150
1,29984,-6
1,26930,186
1,27716,178
1,33053,-104
1,18975,110
1,5600,-22
1,28696,182
1,44043,-92
1,6783,-134
1,27934,-90
1,27633,196
1,21267,98
1,36516,-154
1,13062,62
1,37607,-8
1,5907,-10
1,36270,86
1,24816,-150
1,7720,178
1,24722,118
1,9508,78
1,38830,172
1,30008,-174
1,49460,92
1,26853,38
1,47617,122
1,36631,16
1,18692,118
1,7153,168
1,12902,178
1,37254,166
1,27265,-58
1,40064,50
1,35775,104
1,19663,146
1,2896,120
1,24407,190
1,31849,-110
1,49078,-52
1,17093,-76
1,33963,162
1,16645,76
1,42950,152
1,44810,96
1,26486,96
1,19620,-100
1,42222,-86
1,25251,82
1,44734,80
1,30885,-134
1,24490,-8
1,17648,88
1,31272,-114
1,13840,-58
1,32965,-24
1,34059,-168
1,1075,-22
1,38621,-64
1,23920,-160
1,19822,-166
1,44368,170
1,33714,190
1,35755,76
1,39917,-50
1,16174,-24
1,21856,-80
1,13644,2
1,49319,-136
1,42726,-10
1,44629,26
1,48318,-22
1,35932,52
1,36832,-180
1,43675,-72
1,18225,100
1,13169,-198
1,38415,110
1,16161,-22
1,20576,-76
1,45282,44
1,11764,-158
1,5750,-16
1,29325,42
1,8885,-98
1,14503,64
1,28614,194
1,40051,-124
1,39740,124
1,23433,-98
1,1130,82
1,29562,-38
1,47108,-6
1,47349,18
1,15500,-8
1,33869,172
1,39806,-174
1,10290,108
1,4788,90
1,44023,-122
1,28123,-196
1,348,-100
1,43986,-174
1,39397,-82
1,49360,68
1,13941,102
1,47765,184
1,40119,34
1,1546,30
1,49783,-14
1,10332,-194
1,46191,-146
1,43403,52
1,44712,-14
1,41137,154
1,19751,-34
1,42581,120
1,40650,98
1,16031,190
1,35474,22
1,773,54
1,20893,-58
1,32708,-74
1,15544,-72
1,9288,-188
1,36530,-30
1,38003,-176
1,37290,-46
1,38499,174
1,33356,48
1,28947,76
1,20215,84
1,39907,-22
1,49234,-116
1,21288,146
1,4856,192
1,28287,-166
1,48384,-72
1,19234,58
1,37500,44
1,31751,60
1,3622,26
1,5933,132
1,42644,182
1,10715,30
1,42713,-40
1,10104,-144
1,15490,-162
1,12253,-12
1,6175,196
1,41199,86
1,22058,-24
1,46342,122
1,18030,-156
1,11221,140
1,2017,-130
1,6858,-180
1,2044,-198
1,47702,194
1,1205,-30
1,24950,148
1,21865,-42
1,11212,80
1,10470,138
1,21517,172
1,21926,146
1,41359,-198
1,15378,-172
1,23952,20
1,4265,186
1,1074,-14
1,47210,-158
1,19675,50
1,48256,128
1,7874,-152
1,41,136
1,7538,-74
1,1656,-172
1,10939,102
1,47487,-86
1,931,8
1,14615,-152
1,26091,56
1,45078,130
1,26139,66
1,29106,74
1,42850,-2
1,8163,-92
1,3413,-110
1,18535,-12
1,41859,-4
1,45721,-198
1,43503,-150
1,24900,132
1,38713,154
1,3779,44
1,6659,58
1,5108,-150
1,48658,-118
1,878,-164
1,6837,66
1,26889,-16
1,49487,-30
1,22632,-46
1,34632,-116
1,6056,-120
1,6584,4
1,40637,140
1,32074,126
1,33388,52
1,40670,-130
1,9605,10
1,5462,82
1,45923,-2
1,28410,192
1,10636,194
1,49059,-74
1,2645,-138
1,20890,-44
1,38273,-54
1,22666,-120
1,12710,-86
1,152,-84
1,40052,-186
1,6879,-128
1,5869,134
1,16431,-84
1,40791,-92
1,8021,116
1,11522,-148
1,7541,78
1,42591,-160
1,48508,20
1,42626,-102
1,3225,-18
1,22897,-186
1,38483,-126
1,39102,-164
1,19198,124
1,9473,-50
1,19932,-138
1,9407,-118
1,47060,-80
1,33979,-74
1,18032,-58
1,19766,190
1,18871,-72
1,8151,-124
1,37851,-146
1,6965,144
1,234,84
1,35905,-112
1,47218,158
1,26675,-52
1,34010,148
1,12662,-130
1,19472,92
1,8006,108
1,24766,-178
1,46826,164
1,30757,-180
1,6589,26
1,17081,-36
1,173,-124
1,44364,-200
1,5374,-100
1,8057,-182
1,12674,-22
1,10719,-12
1,35621,144
1,11190,-46
1,10525,154
1,42817,-130
1,21228,34
1,49358,-66
1,5032,-36
1,36977,26
1,33547,114
1,11194,130
1,7392,106
1,28948,-160
1,20162,30
1,415,-50
1,10592,48
1,23602,108
1,36351,-4
1,24074,26
1,42997,-50
1,47281,196
1,22938,136
1,37996,88
1,32323,38
1,43044,170
1,35166,-40
1,6459,-136
1,26391,44
1,5035,98
1,8804,-156
1,27417,-24
1,37948,128
1,102,154
1,1697,172
1,32929,32
1,31718,-106
1,31535,2
1,18977,56
1,36134,-116
1,9368,72
1,44489,-108
1,34143,-142
1,29542,30
1,49116,118
1,26327,144
1,34590,22
1,37330,24
1,9274,-90
1,48858,-138
1,4449,-174
1,46011,-188
1,46224,176
1,19421,74
1,21799,46
1,47662,-38
1,11759,-52
1,10662,4
1,42135,-150
1,40986,32
1,41553,136
1,6765,-92
1,10859,-154
1,24403,24
1,5290,-184
1,3198,132
1,6683,-48
1,13940,-76
1,38024,-186
1,6991,-44
1,24957,154
1,45737,132
1,18573,-148
1,32859,142
1,43670,138
1,4673,60
1,28869,30
1,8605,-120
1,37199,160
1,25374,-150
1,27386,-148
1,43310,64
1,16262,-136
1,44585,104
1,23956,-118
1,6174,150
1,1584,148
1,16060,-106
1,6779,-68
1,4247,-28
1,15720,-104
1,3004,-158
1,2932,186
1,44045,146
1,14446,130
1,12260,-42
1,26346,-98
1,39719,184
1,36199,70
1,45459,182
1,10932,80
1,49577,-102
1,24668,110
1,2075,-186
1,38271,-106
1,24595,144
1,39248,-28
1,20869,76
1,36741,18
1,41053,134
1,22790,16
1,4137,-136
1,40745,-170
1,30390,134
1,40364,-192
1,45808,-140
1,34864,-46
1,23973,-74
1,49757,-110
1,19640,-62
1,10496,110
1,21025,90
1,17827,98
1,34918,-62
1,22504,40
1,15238,-50
1,31022,48
1,3658,-100
1,41974,62
1,27684,-44
1,43436,102
1,28807,42
1,14215,16
1,44317,-170
1,44752,16
1,6721,-118
1,36131,188
1,697,20
1,2077,102
1,24358,-82
1,9716,-100
1,18664,166
1,15191,-42
1,39534,114
1,1870,-50
1,24912,60
1,6534,12
1,44580,66
1,34868,-82
1,20312,112
1,9587,-2
1,3867,-102
1,39449,174
1,41311,52
1,2563,32
1,17037,-16
1,15684,56
1,23691,-52
1,18864,4
1,41935,16
1,9020,-132
1,4098,-76
1,18287,-120
1,12045,182
1,10787,-32
1,21299,-142
1,40684,-116
1,34924,76
1,37489,174
1,28712,184
1,21453,36
1,40972,58
1,25897,54
1,40947,-86
1,29588,-38
1,1597,156
1,38861,-10
1,44578,196
1,2323,-88
1,46253,126
1,7197,-2
1,39443,2
1,7707,68
1,27048,2
1,45505,-106
1,5198,168
1,14049,-192
1,47071,-34
1,25502,92
1,41625,38
1,31281,-26
1,14069,-100
1,36161,138
1,19743,66
1,316,152
1,7842,182
1,35869,168
1,28143,12
1,19800,-146
1,5246,36
1,48232,30
1,15455,-102
1,4255,-180
1,9804,-164
1,20616,-188
1,18667,-168
1,21243,-178
1,24858,94
1,43469,-80
1,10362,126
1,49023,-188
1,37182,26
1,27182,110
1,33974,-102
1,6921,-92
1,6488,190
1,11159,130
1,36876,-6
1,18985,-184
1,20908,10
1,36538,-130
1,33291,-76
1,12947,50
1,6587,-116
1,4169,-130
1,13477,-146
1,44170,-80
1,15689,38
1,39969,-40
1,22221,-42
1,37012,-12
1,40876,66
1,37195,-116
1,1647,74
1,17021,-80
1,27260,156
1,7437,92
1,19580,6
1,6892,-70
1,25407,168
1,37518,-116
1,44745,38
1,36918,-86
1,39338,-30
1,43942,52
1,45139,-114
1,35434,96
1,46703,-140
1,26110,-102
1,6984,-172
1,9042,-174
1,48354,94
1,4388,146
1,46089,-30
1,10960,-104
1,24307,-116
1,14991,184
1,37375,-10
1,9280,154
1,9196,-158
1,39851,186
1,32409,-98
1,40656,-20
1,41302,-184
1,23922,-86
1,39632,-158
1,48353,38
1,34693,-166
1,16828,134
1,21879,162
1,30866,88
1,43136,-34
1,11014,6
1,33036,-192
1,32108,58
1,40609,36
1,6138,82
1,11962,-198
1,38098,-94
1,48078,-152
1,44254,12
1,47406,-182
1,17667,192
1,26553,-60
1,1077,-132
1,25485,186
1,37349,164
1,21907,80
1,44475,108
1,2469,192
1,25293,192
1,40335,-38
1,11354,38
1,31302,86
1,32347,-48
1,35596,50
1,7664,-22
1,16818,-38
1,37423,-100
1,2414,-14
1,34192,-22
1,39107,66
1,7158,104
1,35050,198
1,14126,4
1,2647,-84
1,36928,40
1,37342,-32
1,35761,188
1,20158,-4
1,20433,134
1,25270,-130
1,37103,-4
1,30672,-70
1,2598,66
1,3406,-86
1,26715,-18
1,17059,-8
1,49105,-90
1,37204,-12
1,27846,30
1,28122,-126
1,455,164
1,34150,154
1,25420,56
1,34065,94
1,18325,150
1,12358,126
1,28463,138
1,43941,44
1,48089,-134
1,38710,198
1,33801,-46
1,29699,-98
1,33037,190
1,27654,-110
1,5354,82
1,4997,-40
1,34370,-110
1,25558,104
1,10336,152
1,41085,52
1,32254,-110
1,35369,-62
1,27570,14
1,6151,176
1,26901,40
1,44241,84
1,20405,-56
1,8385,-50
1,2208,44
1,36448,180
1,5578,-88
1,4343,-198
1,36870,32
1,553,-26
1,7114,6
1,34072,144
1,44940,-96
1,19435,6
1,32677,-18
1,45811,-108
1,14442,-160
1,22025,64
1,40541,122
1,27262,-122
1,5187,28
1,49156,172
1,28726,-120
1,23893,-184
1,44965,-82
1,24621,-132
1,29921,-52
1,19284,76
1,10411,120
1,33218,-172
1,24943,192
1,43911,182
1,311,-106
1,37541,152
1,14540,134
1,48625,76
1,21776,176
1,255,92
1,12417,-140
1,49666,114
1,16735,92
1,47188,170
1,11387,-160
1,36513,-114
1,35649,-192
1,36147,162
1,27809,-20
1,10755,-140
1,46821,-106
1,9788,-150
1,14803,198
1,26284,-60
1,27002,-38
1,30176,128
1,9135,6
1,21035,-156
1,6959,158
1,31238,-26
1,21692,-98
1,36773,110
1,15734,-130
1,48588,2
1,39430,-38
1,20254,-94
1,39013,72
1,42878,-152
1,35036,-6
1,18570,-130
1,21148,-174
1,2310,-2
1,14616,-182
1,20951,40
1,41931,60
1,49870,-182
1,34061,158
1,13575,104
1,26401,-156
1,22840,24
1,28901,-180
1,28616,98
1,23854,-96
1,36627,-148
1,1124,42
1,46308,-108
1,14406,80
1,35579,34
1,11776,114
1,15095,146
1,18226,38
1,41793,-6
1,6445,114
1,13391,-26
1,6985,172
1,13559,-200
1,22845,-130
1,32187,-178
1,45186,-162
1,21662,38
1,19630,58
1,36862,-24
1,17143,176
1,20548,118
1,10387,16
1,10708,-140
1,10245,94
1,29257,-90
1,37076,-154
1,24121,8
1,8639,-16
1,123,190
1,20859,-66
1,38641,-44
1,14298,-2
1,5772,76
1,15253,96
1,6650,-124
1,23191,78
1,20884,178
1,5079,-158
1,12849,90
1,15023,190
1,48198,-62
1,22783,86
1,49453,118
1,13516,-96
1,21667,-104
1,40776,42
1,27512,156
1,17784,-178
1,26927,36
1,4341,164
1,43296,-188
1,9245,66
1,4295,106
1,14389,110
1,25693,-184
1,19673,-88
1,45355,146
1,24164,38
1,38000,60
1,48772,-166
1,17856,-64
1,37847,-126
1,11927,-158
1,44348,122
1,34078,82
1,21720,110
1,47920,134
1,37840,-22
1,29783,-100
1,28390,186
1,21622,-10
1,12010,-44
1,10259,152
1,36916,-46
1,27375,150
1,9722,-160
1,46916,-2
1,18937,166
1,27782,182
1,24316,40
1,4986,2
1,23868,-2
1,6493,136
1,31372,-16
1,39078,180
1,29180,100
1,12316,192
1,11269,176
1,1198,-152
1,9006,-158
1,42046,132
1,32964,184
1,6728,-156
1,28762,92
1,44641,-186
1,41600,74
1,41356,2
1,9677,80
1,39092,26
1,40869,-18
1,33831,92
1,48275,-200
1,32845,-34
1,49075,-96
1,19245,-58
1,44488,-124
1,48557,-118
1,3202,6
1,22430,36
1,41283,-104
1,49818,126
1,5649,-186
1,8742,-148
1,36675,-18
1,29753,-98
1,11425,-104
1,5982,-156
1,38351,136
1,7518,162
1,39232,140
1,24935,-102
1,18416,30
1,16166,42
1,19489,-166
1,20912,194
1,19809,188
1,26699,108
1,23403,26
1,7539,-108
1,46379,-148
1,41241,84
1,4623,162
1,21908,90
1,48995,-200
1,11362,46
1,12501,78
1,42809,108
1,5166,146
1,40815,196
1,35320,90
1,11496,-134
1,2177,26
1,46873,-168
1,41006,-130
1,15806,170
1,33747,-94
1,29225,130
1,24402,140
1,48383,124
1,25217,76
1,28897,-118
1,15553,20
1,42101,160
1,388,-64
1,40322,24
1,43431,84
1,19711,36
1,48778,164
1,34090,66
1,9773,-10
1,22117,12
1,12698,-104
1,2843,20
1,33689,108
1,25373,58
1,6510,4
1,14802,-158
1,40470,-158
1,49596,-62
1,33114,-160
1,1716,-140
1,21077,-188
1,30101,-146
1,1160,40
1,322,190
1,14562,44
1,2066,-72
1,31569,-184
1,40591,68
1,49923,164
1,23381,-62
1,8787,-66
1,5435,144
1,8314,-142
1,32160,146
1,38866,100
1,39325,-176
1,26435,138
1,32242,-12
1,16772,-30
1,220,-200
1,9353,-44
1,48294,-174
1,24327,-170
1,33199,6
1,43042,-104
1,12607,14
1,27913,104
1,12563,-98
1,17818,-124
1,25774,78
1,9528,-58
1,21163,-148
1,11678,112
1,37416,-108
1,7652,198
1,28855,-48
1,33210,-24
1,38687,-8
1,33258,176
1,48175,170
1,3021,192
1,43301,104
1,28638,192
1,20153,118
1,10319,36
1,21689,36
1,21379,-98
1,18077,-20
1,3544,142
1,2377,-86
1,47101,-184
1,26114,114
1,399,176
1,8160,-106
1,20125,128
1,42721,-44
1,5434,-60
1,21831,-6
1,18651,-18
1,40614,84
1,6815,-96
1,1662,-132
1,32449,-86
1,10539,148
1,2203,-180
1,27613,150
1,1027,12
1,24221,194
1,16361,-174
1,4967,-74
1,2036,112
1,653,46
1,31585,-42
1,41556,190
1,46278,-62
1,849,152
1,39803,186
1,16324,-164
1,23713,-98
1,22976,76
1,46926,116
1,13294,94
1,31739,-14
1,24390,-184
1,19379,196
1,18755,-168
1,37733,-156
1,9622,74
1,48102,16
1,32200,98
1,49473,-28
1,13440,-136
1,2148,74
1,23328,-48
1,18417,14
1,242,-124
1,37920,-148
1,23068,-82
1,38241,-116
1,47886,142
1,6797,66
1,20445,168
1,11432,-154
1,32175,152
1,26737,176
1,43633,-188
1,47579,-90
1,17694,-62
1,26146,-74
1,24110,154
1,35841,-98
1,34695,116
1,4545,2
1,24547,-50
1,4850,6
1,40983,162
1,17494,-38
1,2980,32
1,12209,188
1,31432,58
1,34745,38
1,43968,-126
1,9355,-142
1,24361,150
1,35051,56
1,33542,-102
1,25450,150
1,19434,186
1,9202,92
1,34513,34
1,24658,8
1,673,-188
1,20498,-12
1,33799,-148
1,29981,76
1,45456,184
1,21215,-2
1,16458,130
1,12287,-84
1,41373,170
1,46096,-186
1,24836,-88
1,33857,52
1,33756,-100
1,12794,56
1,22236,6
1,42115,-72
1,7744,-180
1,35570,-84
1,16450,-14
1,23353,132
1,17765,-156
1,5579,-108
1,41838,-128
1,29160,-46
1,9337,16
1,37460,106
1,22737,168
1,19207,-188
1,29623,-10
1,45168,-178
1,17809,-142
1,10820,-112
1,38692,-176
1,41852,164
1,25310,-24
1,49153,-166
1,45815,-82
1,29987,54
1,12689,100
1,20048,60
1,39580,44
1,16160,92
1,37614,-104
1,35619,-114
1,17280,-150
1,27155,106
1,48221,-176
1,28253,-32
1,31219,-112
1,31492,34
1,20595,-180
1,48244,-40
1,48236,-128
1,25818,24
1,13004,94
1,7825,-176
1,24613,82
1,10276,-54
1,12189,-82
1,26949,-74
1,3686,-54
1,41603,6
1,18831,114
1,27587,-194
1,36757,48
1,32105,146
1,47383,-100
1,12335,-168
1,31958,10
1,22313,82
1,47834,-158
1,38703,-180
1,47263,-62
1,24611,124
1,18311,10
1,39400,-64
1,16173,128
1,47929,-88
1,18144,150
1,4606,34
1,2677,-152
1,7791,86
1,28486,186
1,1383,-70
1,26161,-54
1,11311,154
1,10139,28
1,35414,52
1,36268,10
1,37266,32
1,38852,-104
1,9965,4
1,11238,-156
1,43556,-172
1,47812,-114
1,8429,-126
1,30282,50
1,39659,-48
1,12618,30
1,8651,192
1,46706,-198
1,46823,126
1,26249,-148
1,48141,-64
1,8377,64
1,13290,-188
1,36946,-48
1,31909,-120
1,2991,122
1,37387,16
1,26524,120
1,22022,-124
1,43695,198
1,18205,2
1,46735,154
1,5957,172
1,3414,22
1,26612,190
1,5279,10
1,43795,142
1,11410,-66
1,44218,-76
1,19657,184
1,8222,42
1,33297,188
1,35562,-150
1,7056,2
1,31044,-32
1,34271,60
1,8993,-100
1,23034,-148
1,17138,-20
1,38132,60
1,40127,-58
1,5363,170
1,9408,-56
1,43861,-22
1,23245,-40
1,30340,-192
1,44058,12
1,32275,-32
1,45093,168
1,8843,8
1,18498,-38
1,9600,-170
1,29727,94
1,41362,28
1,46080,-44
1,47480,-90
1,39418,-20
1,42480,68
1,35798,-184
1,37540,152
1,38152,-42
1,15396,190
1,26649,150
1,29096,10
1,44413,106
1,46559,158
1,28420,154
1,35815,30
1,46701,114
1,27307,-156
1,24522,58
1,25755,-140
1,16873,-80
1,31142,2
1,36305,26
1,32877,156
1,47736,178
1,36288,-176
1,2383,-162
1,11888,-184
1,6680,2
1,28423,90
1,4544,148
1,41965,40
1,31807,-122
1,38652,-74
1,10858,104
1,6474,-172
1,24545,-96
1,34060,132
1,13479,18
1,35375,32
1,1580,196
1,17424,26
1,31216,-98
1,34850,196
1,12206,146
1,33742,140
1,966,174
1,2615,120
1,45944,194
1,18173,-136
1,2122,2
1,38424,172
1,37487,-38
1,42226,76
1,12745,154
1,30960,82
1,31874,-22
1,47775,2
1,18963,-124
1,39947,-8
1,3926,-48
1,39289,30
1,49226,160
1,43142,-140
1,20127,-40
1,5731,36
1,4402,42
1,14184,-154
1,21754,16
1,23721,-174
1,1221,-46
1,11599,126
1,8632,138
1,2844,-182
1,36002,84
1,16333,-168
1,8375,-44
1,11680,190
1,32636,-106
1,15363,128
1,11250,-102
1,27403,-122
1,26366,-54
1,39088,198
1,7989,-138
1,40248,-124
1,17333,50
1,9370,38
1,16777,196
1,9580,-130
1,32715,96
1,2029,14
1,13368,80
1,42268,184
1,30359,138
1,18335,162
1,21693,-68
1,30290,-150
1,5136,-46
1,14523,62
1,27824,-54
1,47377,-180
1,31215,-194
1,24099,32
1,22499,48
1,3515,158
1,5413,168
1,30833,150
1,10270,88
1,14674,-132
1,11664,-16
1,20329,130
1,27695,24
1,35733,188
1,45097,78
1,9469,172
1,10029,130
1,29025,76
1,32969,-110
1,47320,-70
1,10893,-108
1,38894,122
1,44203,-84
1,49377,-64
1,5230,-164
1,6005,16
1,39384,-162
1,3348,-198
1,7282,-82
1,7359,-140
1,17921,-102
1,17953,-126
1,43705,88
1,43702,-10
1,40571,184
1,36511,86
1,45494,-196
1,7333,24
1,20728,-48
1,18404,158
1,31489,98
1,24542,110
1,30122,-140
1,27431,68
1,40267,122
1,8829,8
1,16509,-142
1,26086,-68
1,16581,186
1,35277,-20
1,10769,188
1,28359,-18
1,8460,162
1,17623,-52
1,20144,-88
1,20919,192
1,37686,-168
1,9800,-148
1,21519,-56
1,37918,168
1,39479,-8
1,11413,-68
1,6460,-146
1,30670,94
1,25224,-140
1,38063,148
1,40696,16
1,7076,110
1,36378,164
1,39654,160
1,35654,110
1,47164,126
1,7319,152
1,45793,150
1,21117,160
1,36437,-154
1,32425,-116
1,32090,4
1,15429,-152
1,25161,-98
1,47484,-134
1,15917,-192
1,14397,-112
1,49569,98
1,27097,-200
1,38580,86
1,39279,-128
1,49489,-124
1,24936,-50
1,43027,-164
1,49099,-26
1,46856,104
1,7878,150
1,646,-6
1,22969,150
1,40024,-144
1,42556,-190
1,20343,-170
1,34941,116
1,44212,52
1,9129,-180
1,31067,152
1,37332,34
1,49830,-70
1,41511,-24
1,46282,10
1,11141,-46
1,24692,50
1,8275,58
1,10686,-44
1,49961,162
1,14531,-14
1,20539,-6
1,34549,-178
1,24400,-22
1,26174,-70
1,31413,-66
1,18370,90
1,40712,52
1,4910,-162
1,29030,-76
1,44097,-50
1,4631,136
1,2343,112
1,49708,166
1,4844,-136
1,35740,-190
1,1943,-120
1,44916,158
1,22041,38
1,11824,-178
1,29505,46
1,14182,-138
1,138,180
1,28361,140
1,33674,90
1,32018,-122
1,45042,-152
1,3260,-64
1,18761,2
1,45722,-16
1,14217,-60
1,18468,170
1,22936,140
1,22440,130
1,39554,-190
1,7556,162
1,4838,-134
1,45407,114
1,46612,112
1,43687,104
1,20269,-144
1,22682,-92
1,42428,-134
1,16452,108
1,15190,-198
1,44102,32
1,46198,-150
1,19231,-180
1,22911,2
1,46471,30
1,15358,-110
1,3273,-138
1,12837,-116
1,12977,-118
1,44817,198
1,21521,156
1,22000,100
1,18739,-14
1,17880,24
1,21965,-24
1,21370,96
1,3630,128
1,13677,60
1,45674,-158
1,8407,-118
1,30295,94
1,39782,170
1,11665,-194
1,36542,-168
1,47059,-146
1,13948,148
1,38764,-76
1,34523,-190
1,22525,-56
1,46457,-82
1,47760,-12
1,45372,-140
1,49076,190
1,39958,-18
1,37965,-156
1,42439,60
1,47481,42
1,1601,-194
1,47795,-118
1,9046,-34
1,13695,-66
1,16143,178
1,2335,42
1,19356,136
1,15001,-140
1,801,-176
1,30305,66
1,35164,94
1,29493,-118
1,22672,-170
1,16805,-196
1,33419,100
1,22805,124
1,6546,-20
1,19093,-150
1,2536,26
1,32665,-4
1,35875,112
1,37951,130
1,9364,-176
1,6463,-124
1,44738,56
1,47222,118
1,27391,-28
1,48639,-168
1,33011,156
1,16928,-94
1,49456,-34
1,29663,16
1,26593,110
1,7422,-12
1,23928,190
1,42171,-30
1,47721,62
1,6949,130
1,16503,-22
1,37821,-196
1,42552,-88
1,46862,-6
1,204,-160
1,15706,-172
1,2566,-148
1,33326,-88
1,14029,34
1,36471,2
1,41315,20
1,19539,-108
1,14309,-124
1,17559,-128
1,26176,-122
1,41568,-126
1,5292,62
1,8203,-136
1,35404,-40
1,20024,2
1,21171,-32
1,20543,-164
1,31975,162
1,29171,-10
1,3032,128
1,13825,-186
1,13872,62
1,14492,-136
1,20717,-102
1,33909,26
1,20291,-42
1,18818,170
1,1641,92
1,32938,196
1,1809,-100
1,41381,-184
1,10156,-144
1,33815,164
1,10536,-64
1,11948,-128
1,30284,-198
1,26845,8
1,8666,-186
1,20961,-152
1,30484,-158
1,11951,124
1,49150,-112
1,37642,-196
1,10433,-182
1,4415,22
1,17022,178
1,45142,176
1,39474,40
1,38465,-104
1,32008,-160
1,26873,-36
1,12311,-80
1,39676,128
1,11511,-94
1,47062,-186
1,13550,-168
1,702,-146
1,19456,166
1,8919,172
1,2625,-32
1,8142,-114
1,46772,12
1,2673,-186
1,19494,76
1,17274,-48
1,12200,-172
1,47474,-146
1,20256,186
1,9922,26
1,27917,84
1,2171,36
1,23579,110
1,18094,-8
1,40963,-188
1,13141,172
1,4033,-114
1,20625,-68
1,40346,60
1,1309,-32
1,43080,-56
1,10150,-196
1,5163,-14
1,9416,-98
1,27400,44
1,15594,22
1,45418,112
1,30198,2
1,5244,-94
1,26935,-46
1,26797,100
1,6979,-18
1,6969,28
1,32305,14
1,46325,-144
1,42086,-42
1,30193,42
1,37400,-158
1,6755,62
1,20637,-154
1,7176,188
1,39371,-178
1,1296,-16
1,18299,160
1,6464,-36
1,17663,86
1,17565,-114
1,38193,108
1,44141,-46
1,30808,-82
1,43714,-144
1,18437,-196
1,42421,120
1,34348,-22
1,29935,60
1,18944,64
1,37446,148
1,47941,-12
1,6555,126
1,36451,-76
1,8758,30
1,22910,-116
1,23319,138
1,28305,-108
1,42583,48
1,39527,108
1,17885,-48
1,39227,76
1,11879,160
1,11326,172
1,48075,130
1,12941,-158
1,32012,108
1,1538,-8
1,38954,-118
1,45425,86
1,28238,162
1,213,70
1,10349,26
1,16561,34
1,18469,-122
1,46884,62
1,32747,-128
1,5809,14
1,29242,-182
1,7427,118
1,9154,26
1,37025,68
1,20479,-118
1,19346,-96
1,10160,-168
1,12363,-170
1,47141,124
1,39460,-182
1,48923,110
1,20374,34
1,40223,88
1,43446,-122
1,5952,2
1,12998,86
1,48886,-32
1,17781,2
1,1845,-96
1,7094,38
1,39137,148
1,22471,26
1,29366,-194
1,30273,46
1,42982,132
1,18602,-192
1,32492,-146
1,28235,4
1,32220,-128
1,32680,-34
1,45071,-54
1,2334,168
1,3095,178
1,21260,-74
1,27127,74
1,25180,164
1,41823,42
1,28318,90
1,24699,-72
1,34064,150
1,25758,156
1,35396,-124
1,40225,90
1,47573,-28
1,1743,-42
1,5658,-4
1,37390,-4
1,22159,-138
1,35109,86
1,30971,-64
1,30475,-130
1,29451,60
1,4257,-10
1,36098,56
1,44095,24
1,22403,-140
1,16154,68
1,49954,96
1,7604,6
1,13149,68
1,8434,-124
1,34248,112
1,48331,90
1,18804,-44
1,8798,30
1,32758,100
1,14823,92
1,5297,156
1,25903,-108
1,1941,-44
1,3271,-74
1,25812,-60
1,11581,90
1,40305,-94
1,12019,176
1,26510,-100
1,26117,178
1,37432,178
1,48568,-170
1,49346,140
1,27162,-20
1,1506,-156
1,15333,-166
1,21780,80
1,10946,-68
1,30115,112
1,44367,-70
1,39731,-110
1,49904,-126
1,45326,64
1,48439,106
1,44913,-48
1,17205,-166
1,22198,-84
1,9206,86
1,10687,82
1,19166,-70
1,38043,-116
1,25090,194
1,14196,-44
1,46158,-136
1,40405,-82
1,27927,-132
1,23203,-122
1,8510,-150
1,4424,98
1,34875,-2
1,10188,-180
1,40640,-180
1,20316,18
1,33705,-102
1,27553,-78
1,45281,144
1,4478,30
1,36682,106
1,42289,40
1,45826,44
1,12419,40
1,14538,80
1,37609,-10
1,41635,116
1,9449,-64
1,12214,162
1,12937,46
1,17631,-152
1,13662,28
1,3301,-82
1,41906,-126
1,22540,36
1,853,-150
1,20785,-42
1,36598,134
1,36750,38
1,16567,182
1,45571,70
1,28888,-166
1,1248,-74
1,17272,-116
1,1608,-140
1,14691,40
1,8855,-26
1,40804,132
1,34505,36
1,48935,2
1,29498,-130
1,12818,-66
1,6326,-10
1,6943,-86
1,10560,-152
1,37925,-118
1,21615,150
1,14306,160
1,22255,-34
1,38726,148
1,2916,-88
1,16737,-56
1,35699,-40
1,22314,-126
1,40915,26
1,9757,56
1,373,62
1,48582,-36
1,24195,-134
1,38813,150
1,10804,-26
1,48501,170
1,25642,72
1,7476,-98
1,36260,-22
1,29919,98
1,20360,-46
1,30928,-58
1,44159,184
1,18434,54
1,563,122
1,17295,106
1,42637,-192
1,34998,8
1,41344,-182
1,7395,12
1,11978,-88
1,12875,-8
1,42913,-54
1,1634,-190
1,40086,-90
1,644,58
1,45420,18
1,25754,82
1,22145,-166
1,39946,-148
1,14948,64
1,28674,-2
1,1565,162
1,11161,-96
1,44503,8
1,22518,56
1,12669,-42
1,29500,16
1,7257,46
1,25357,-124
1,23202,-102
1,22095,-114
1,2599,-136
1,3307,180
1,45047,-144
1,13966,-186
1,40275,142
1,21078,124
1,49661,-88
1,8615,82
1,28446,128
1,34526,2
1,49607,-122
1,5566,-92
1,35069,-138
1,159,24
1,27783,-182
1,17142,30
1,25651,-12
1,14297,-94
1,8909,14
1,19696,70
1,25593,-156
1,48307,170
1,18270,-62
1,25543,148
1,30734,-160
1,49246,64
1,7723,-128
1,6712,-64
1,44139,64
1,45982,-96
1,14796,-200
1,43765,-104
1,12653,178
1,26134,162
1,37250,66
1,919,164
1,44247,170
1,2518,56
1,26814,74
1,38882,-186
1,21963,-98
1,4829,104
1,40997,26
1,43334,122
1,2576,56
1,27772,190
1,22548,-48
1,35658,-156
1,30566,76
1,38218,8
1,30011,-64
1,23254,92
1,26272,60
1,21722,148
1,43402,162
1,38033,-106
1,14914,66
1,10478,36
1,1915,176
1,9405,156
1,19386,-84
1,49314,164
1,1176,-14
1,40187,178
1,37209,132
1,41065,-190
1,6425,98
1,44764,-28
1,45214,84
1,951,68
1,45657,-194
1,23546,184
1,26856,-112
1,24447,-162
1,33191,-198
1,43536,-196
1,7344,-90
1,43160,-106
1,40882,-42
1,23682,156
1,37341,-178
1,23591,106
1,1233,152
1,48571,-132
1,24215,26
1,11341,-86
1,22671,98
1,42485,-14
1,8252,-142
1,21378,-80
1,46022,-142
1,13527,154
1,27394,-36
1,22277,198
1,23592,-124
1,28624,152
1,13351,70
1,8867,-28
1,41122,42
1,32659,-134
1,38618,-150
1,29482,-184
1,10091,-68
1,43025,64
1,29809,-30
1,2083,38
1,25804,86
1,5283,-4
1,4453,-26
1,9652,-38
1,34890,80
1,23339,30
1,22644,26
1,38325,18
1,32195,122
1,9410,-22
1,45474,152
1,24483,-108
1,1490,24
1,1691,-114
1,11761,72
1,36507,120
1,12262,-42
1,41408,-54
1,9404,-184
1,20689,-18
1,42057,154
1,32864,12
1,49047,-194
1,43854,-18
1,46603,44
1,15364,108
1,20531,146
1,37427,-82
1,24528,-74
1,28452,-110
1,27929,132
1,45189,36
1,17226,192
1,24133,162
1,30569,24
1,29559,-178
1,21527,90
1,37350,74
1,32270,-162
1,3764,-2
1,42032,-134
1,22329,-194
1,21153,-122
1,3878,-108
1,35265,184
1,35867,108
1,46405,-2
1,12763,-100
1,22010,196
1,45548,-84
1,49798,78
1,41768,-82
1,37017,110
1,35315,-26
1,12990,152
1,79,-196
1,44078,-18
1,18854,-164
1,15933,-152
1,36433,70
1,7441,-10
1,39972,4
1,7990,120
1,34691,194
1,37977,180
1,37741,126
1,7828,-30
1,31332,-54
1,14367,-122
1,15381,-66
1,18789,166
1,35558,6
1,17593,112
1,23205,104
1,43777,94
1,8503,78
1,40607,122
1,39447,-72
1,43377,102
1,12619,-186
1,21479,164
1,19248,172
1,29029,98
1,3975,-162
1,27266,94
1,20731,114
1,16097,-132
1,16680,186
1,47512,2
1,39271,-100
1,12922,-106
1,26923,162
1,34657,166
1,13013,-80
1,25550,-130
1,37426,172
1,46423,-102
1,48332,-42
1,46230,-178
1,23132,20
1,25610,80
1,38872,-168
1,11652,-26
1,13342,-18
1,26774,-168
1,13001,108
1,24873,-78
1,1513,-158
1,28304,-76
1,15288,-178
1,6629,-60
1,25157,-86
1,25230,28
1,33806,110
1,11024,-76
1,14891,110
1,1604,-112
1,37797,-182
1,23182,-150
1,46121,-58
1,41047,112
1,9033,154
1,21579,-22
1,40924,112
1,22483,-20
1,44642,-72
1,22668,-166
1,5022,62
1,40122,-172
1,42351,54
1,47283,34
1,29539,-136
1,11791,-162
1,9003,-86
1,6550,34
1,11101,30
1,44071,172
1,231,-48
1,27111,-74
1,21457,-70
1,5444,166
1,20537,196
1,2102,-68
1,10661,24
1,4042,164
1,26578,-96
1,11676,-100
1,10670,126
1,9635,94
1,10099,136
1,3285,120
1,36410,-82
1,7897,-76
1,19085,-36
1,44934,-58
1,47316,-198
1,35629,180
1,24709,-56
1,7334,120
1,31660,-146
1,46312,-194
1,18457,-12
1,31704,20
1,7567,154
1,45768,-162
1,3917,-22
1,32816,-46
1,22580,-118
1,34876,186
1,6617,168
1,8983,62
1,21957,-168
1,47924,190
1,1878,156
1,47855,62
1,3862,-182
1,15897,-146
1,43072,-132
1,47425,-24
1,32260,194
1,30516,-94
1,30261,-174
1,28186,-194
1,37476,-24
1,42703,-132
1,15267,-124
1,4070,198
1,23259,36
1,46606,-4
1,3490,-144
1,37436,-102
1,6911,198
1,27035,-18
1,28340,-128
1,45510,10
1,21987,-4
1,42138,106
1,13303,-94
1,28303,-148
1,22533,8
1,22490,-44
1,2721,-162
1,27545,-54
1,6777,64
1,11985,108
1,19116,-150
1,21268,84
1,45802,-152
1,19063,-166
1,8712,100
1,6995,28
1,28736,-110
1,9885,34
1,11696,-140
1,2632,164
1,24591,-72
1,13636,-148
1,1343,84
1,44301,82
1,1504,-74
1,3171,2
1,10228,146
1,42286,-130
1,38922,-120
1,5559,94
1,44567,44
1,39191,92
1,4012,150
1,33284,-180
1,8606,-78
1,12513,178
1,25840,24
1,24296,-72
1,37773,84
1,5238,-198
1,24082,-70
1,4512,194
1,20897,-84
1,39738,-138
1,48958,-184
1,38599,90
1,20366,192
1,18024,-30
1,30832,70
1,13326,-108
1,42939,-68
1,31973,152
1,7854,-24
1,14226,34
1,8595,-108
1,34792,64
1,10218,112
1,7973,-156
1,15599,80
1,20216,-2
1,48055,150
1,17031,-40
1,16711,120
1,11828,144
1,37302,-64
1,29734,-192
1,37439,-80
1,6134,-42
1,12283,-188
1,13688,-104
1,33408,106
1,48250,-174
1,14508,136
1,25920,26
1,44279,134
1,46273,-64
1,18305,-108
1,33200,-128
1,28837,-134
1,48379,-8
1,25948,166
1,38961,66
1,36151,-22
1,5159,120
1,25794,80
1,38338,140
1,31812,36
1,44802,-134
1,15345,-160
1,26216,172
1,274,190
1,2729,-30
1,17250,166
1,45796,-38
1,43511,160
1,9383,-188
1,32410,-38
1,9675,-66
1,27240,-56
1,17923,164
1,4785,-96
1,45028,20
1,18576,196
1,12771,6
1,25723,-76
1,14358,-138
1,20065,106
1,16717,-98
1,23601,-112
1,5629,24
1,3308,-198
1,38288,122
1,16448,10
1,36034,10
1,23578,-134
1,33962,30
1,5507,2
1,47381,2
1,18208,-10
1,44742,-154
1,8389,-152
1,16408,24
1,16961,-24
1,4887,-124
1,8784,-136
1,18440,-148
1,46731,26
1,22073,-148
1,29708,30
1,45037,-84
1,3144,-120
1,45119,-182
1,18982,164
1,36117,182
1,5010,-104
1,47506,128
1,28154,34
1,8058,192
1,8858,-42
1,24084,30
1,13791,128
1,27858,-16
1,18677,16
1,43437,110
1,40184,-134
1,29626,-20
1,2027,178
1,24624,190
1,26638,30
1,48892,-164
1,19569,-106
1,21789,154
1,17495,-102
1,33263,98
1,15082,100
1,42609,174
1,44215,-68
1,26541,-192
1,47490,114
1,44125,72
1,42690,-46
1,6610,184
1,39018,76
1,11876,-76
1,47140,36
1,41656,-34
1,47253,-172
1,20193,170
1,45631,122
1,11647,-148
1,19087,-162
1,35262,-20
1,12547,146
1,33022,134
1,16260,70
1,16814,-12
1,17962,46
1,39967,-90
1,25765,98
1,37643,-26
1,3773,-10
1,45339,-122
1,29614,-188
1,8262,-98
1,29931,82
1,35115,-96
1,26514,-166
1,37682,-172
1,3334,-148
1,43149,156
1,17638,184
1,4876,-84
1,15623,-86
1,14990,98
1,1737,-150
1,29795,176
1,8495,-44
1,27911,144
1,26296,-80
1,5755,-44
1,9012,-112
1,46076,42
1,13198,106
1,30497,-170
1,49260,-180
1,31062,-14
1,34626,78
1,43997,166
1,38552,-42
1,8908,60
1,13495,150
1,23551,118
1,7733,46
1,17346,88
1,13160,22
1,38526,-118
1,557,-132
1,33152,28
1,15718,-142
1,11945,58
1,17303,72
1,23080,136
1,24062,-132
1,45477,-30
1,40021,114
1,45754,110
1,43931,62
1,5003,-112
1,18142,10
1,40639,-104
1,33620,162
1,18607,-6
1,31981,182
1,33327,-164
1,15470,-8
1,4582,126
1,7442,98
1,28156,146
1,27229,-138
1,40868,-108
1,20059,-156
1,47365,114
1,34808,82
1,40564,-20
1,48390,100
1,31804,-72
1,16484,-132
1,1669,148
1,12960,-138
1,31999,-130
1,29421,80
1,27231,40
1,34856,158
1,15597,152
1,37674,112
1,39647,-162
1,4955,24
1,43037,4
1,6990,134
1,29188,128
1,10484,40
1,12834,-148
1,42813,-28
1,12447,-6
1,3971,-162
1,26077,68
1,34637,68
1,33435,6
1,40107,-170
1,11196,108
1,32352,-16
1,40750,60
1,48881,12
1,13443,-136
1,20941,114
1,37771,-40
1,26869,46
1,1612,38
1,10807,92
1,3705,-46
1,19863,164
1,26304,58
1,32735,196
1,17397,-72
1,26915,-188
1,2694,-136
1,30297,-184
1,3039,-46
1,21247,-22
1,29406,178
1,17788,96
1,46062,-90
1,31555,114
1,4178,4
1,4085,32
1,49784,-164
1,44856,124
1,23889,-144
1,45116,-134
1,782,112
1,33552,-62
1,23835,-56
1,46827,170
1,8613,198
1,39905,-170
1,27709,-190
1,4889,10
1,31922,134
1,6714,-96
1,41550,24
1,27045,26
1,34122,180
1,48138,166
1,17673,24
1,7457,-190
1,32733,-94
1,22011,-168
1,23609,-162
1,15015,-24
1,37036,42
1,43440,92
1,15555,80
1,35888,82
1,174,-142
1,26976,-52
1,39898,66
1,38659,140
1,16332,62
1,49550,-32
1,49917,90
1,2308,90
1,34559,-48
1,8566,96
1,48368,186
1,17411,78
1,637,134
1,48871,-166
1,49450,184
1,29945,-44
1,35280,-28
1,41933,104
1,3219,-162
1,29990,-44
1,38392,18
1,3721,-196
1,44728,-116
1,10350,52
1,41873,180
1,32391,170
1,48584,-104
1,43621,196
1,23671,-116
1,54,56
1,18972,-176
1,46464,36
1,3522,86
1,35072,178
1,45081,-102
1,30555,-86
1,34915,-30
1,25295,-80
1,2428,-186
1,31971,-170
1,43951,-10
1,33185,176
1,29164,86
1,23067,-128
1,2278,-96
1,47294,194
1,12660,-24
1,35750,-86
1,31603,-28
1,19460,-36
1,9392,104
1,18885,-200
1,44944,-138
1,44861,-112
1,21753,-102
1,29613,-40
1,8978,80
1,13192,102
1,5269,30
1,47926,-142
1,22063,-116
1,44226,-78
1,43952,-92
1,4812,-160
1,9296,142
1,19545,-156
1,14653,82
1,26804,166
1,12842,-136
1,20019,-40
1,26350,18
1,11449,172
1,14082,-18
1,11031,192
1,43708,70
1,23016,16
1,26299,-102
1,48322,-60
1,48171,-84
1,35259,-132
1,35018,74
1,35037,-190
1,31708,-124
1,44900,116
1,14177,152
1,18820,-110
1,35470,-94
1,16880,-32
1,2953,-6
1,35928,34
1,10430,-136
1,33927,156
1,45550,-44
1,24540,68
1,33029,-60
1,4974,-82
1,15373,174
1,8442,84
1,38391,-150
1,49748,10
1,3701,170
1,40636,16
1,22354,130
1,32954,38
1,48696,4
1,44519,-166
1,41936,194
1,15731,94
1,47552,116
1,27284,16
1,44850,-166
1,20278,34
1,47087,-138
1,16424,180
1,18584,-90
1,30191,-24
1,28665,138
1,26197,-46
1,46700,-64
1,5919,-76
1,630,172
1,20658,196
1,38026,86
1,23310,68
1,48158,-88
1,46393,-162
1,47126,-86
1,49990,-186
1,45995,44
1,18145,-40
1,33171,52
1,20997,-56
1,7650,-104
1,23828,148
1,35215,24
1,38438,172
1,8822,50
1,24149,84
1,45373,-180
1,48718,-154
1,28561,192
1,22653,110
1,41036,-156
1,34075,58
1,11760,70
1,41753,48
1,16731,160
1,5037,-84
1,18562,-200
1,25238,190
1,12086,100
1,1169,-46
1,33784,14
1,485,-162
1,23106,-168
1,44277,-124
1,42228,-44
1,25719,-144
1,30136,28
1,30369,-62
1,2600,6
1,17579,90
1,16684,180
1,9406,-82
1,47396,148
1,31655,56
1,5081,192
1,29581,-194
1,34599,-110
1,9854,-128
1,533,180
1,34903,58
1,4877,-132
1,7955,-164
1,32675,40
1,37422,-52
1,22434,138
1,26100,138
1,25790,184
1,9784,68
1,1153,-132
1,35950,24
1,26454,-6
1,42652,-122
1,8324,20
1,38373,-184
1,5195,-196
1,35752,-100
1,41013,-20
1,6183,-144
1,23843,-174
1,37202,-120
1,5116,-74
1,10291,102
1,11126,106
1,46272,-180
1,31857,-90
1,10355,-124
1,14083,70
1,15181,144
1,44783,84
1,31761,28
1,15357,32
1,2881,126
1,4353,104
1,36153,22
1,29195,-74
1,23107,136
1,17207,128
1,7254,-118
1,11305,170
1,25193,-62
1,12219,90
1,43289,-94
1,37120,-60
1,32711,-2
1,42304,134
1,13415,90
1,21913,-198
1,40610,68
1,42240,-128
1,30593,74
1,25234,-56
1,41744,-78
1,40120,-132
1,15050,-72
1,42143,-130
1,20983,-120
1,18253,122
1,45730,196
1,11498,-156
1,24952,90
1,45608,-180
1,17041,-34
1,25400,-162
1,40911,174
1,49037,-10
1,23726,156
1,36753,-148
1,13864,-66
1,38062,-32
1,21536,-74
1,7788,-156
1,20148,44
1,16138,-76
1,19820,64
1,40379,-62
1,31631,118
1,250,172
1,45576,-22
1,8976,-84
1,26903,72
1,6968,182
1,3944,-72
1,4903,-160
1,14211,-158
1,2693,-32
1,40283,-182
1,34769,38
1,381,-54
1,36925,140
1,22318,-188
1,48786,-184
1,35004,-90
1,28850,-10
1,6142,30
1,5447,102
1,16498,4
1,26615,118
1,39788,154
1,42717,148
1,34350,40
1,33895,106
1,40542,-38
1,49049,64
1,41614,124
1,32022,46
1,42868,-136
1,8270,190
1,36899,160
1,25164,-6
1,25003,-6
1,46411,170
1,38327,28
1,32019,-138
1,14250,-150
1,35773,112
1,2327,-166
1,30980,-24
1,33376,110
1,28609,-72
1,33796,190
1,23739,-170
1,18280,46
1,24862,158
1,36198,58
1,46288,92
1,17825,-176
1,34783,48
1,14384,-52
1,22043,184
1,16032,124
1,6614,-34
1,15332,-144
1,29851,134
1,14105,-6
1,43074,-48
1,8174,176
1,4326,142
1,41646,30
1,49394,-24
1,15870,-120
1,16597,-92
1,31856,-86
1,11114,8
1,13515,114
1,29013,-114
1,3109,-108
1,13956,-184
1,27069,164
1,14663,-198
1,12207,-58
1,20955,-62
1,35345,16
1,1824,-60
1,9098,64
1,25547,-70
1,7099,-130
1,786,-122
1,37283,-92
1,39971,-158
1,27887,-150
1,27213,-2
1,41574,102
1,41538,-96
1,47740,-146
1,13000,-180
1,167,178
1,14175,-138
1,3889,-138
1,6319,-28
1,5412,-34
1,13271,-100
1,27469,152
1,34531,48
1,32451,-84
1,7357,-176
1,13811,44
1,2352,-84
1,23826,-52
1,39002,138
1,8574,-54
1,19613,-12
1,6064,92
1,28300,140
1,16147,36
1,39960,172
1,3052,-138
1,44332,124
1,33630,-188
1,45151,-158
1,14035,-32
1,3541,54
1,38511,148
1,20938,12
1,7742,30
1,11708,2
1,2669,-150
1,26238,-86
1,16704,198
1,1637,-110
1,44436,64
1,17076,-2
1,31422,130
1,18736,4
1,34037,110
1,14905,44
1,30265,132
1,49396,62
1,37723,-82
1,43096,-94
1,27037,-192
1,18983,68
1,49746,38
1,45066,-28
1,2031,-106
1,21560,136
1,36105,-28
1,18098,-162
1,34763,142
1,41346,-122
1,9690,184
1,35857,-48
1,26659,76
1,14254,-200
1,46787,-48
1,48983,-94
1,2851,54
1,39375,154
1,4296,14
1,4386,-58
1,16238,176
1,44931,-6
1,7901,-76
1,24332,-154
1,32219,-196
1,2934,134
1,49331,-182
1,42073,154
1,37484,136
1,514,144
1,36997,-118
1,40598,-174
1,30200,52
1,35745,-154
1,24044,8
1,31045,-104
1,26268,38
1,5774,-184
1,7784,144
1,5227,196
1,29234,-74
1,22218,138
1,16553,140
1,24207,4
1,43978,124
1,27972,10
1,38839,150
1,25393,154
1,6653,164
1,35665,64
1,35225,54
1,19852,-112
1,15287,-180
1,43823,50
1,35797,98
1,31697,142
1,34883,-114
1,21191,-104
1,1889,164
1,23770,20
1,11476,88
1,939,12
1,5280,184
1,3555,-172
1,34996,86
1,15925,-176
1,1278,-132
1,25596,178
1,23736,-184
1,39298,6
1,18675,122
1,1956,152
1,37002,162
1,36188,-198
1,6737,-96
1,48894,102
1,24702,176
1,7375,-132
1,11666,-154
1,36700,184
1,3839,184
1,49410,110
1,38016,62
1,47769,102
1,38529,-172
1,26322,-154
1,6821,-98
1,29221,-84
1,12999,-140
1,16754,-60
1,20205,76
1,16074,64
1,1334,114
1,46126,-106
1,420,14
1,32375,166
1,27459,-134
1,38782,150
1,791,118
1,24893,-118
1,19165,-80
1,16065,-198
1,47134,154
1,41104,72
1,5870,126
1,830,90
1,31292,182
1,2675,-72
1,3465,-82
1,39834,-134
1,14698,190
1,3395,194
1,9487,102
1,30476,-138
1,25107,20
1,25743,-146
1,11531,176
1,18495,-156
1,28867,2
1,2731,-18
1,45051,56
1,38020,126
1,41813,114
1,5972,-18
1,28882,84
1,20021,-124
1,419,4
1,409,96
1,47282,120
1,24077,-40
1,6435,44
1,44505,-148
1,11191,-152
1,42014,-112
1,11886,-138
1,33822,10
1,38074,168
1,25178,-44
1,25953,20
1,42056,58
1,21516,76
1,28040,-68
1,14414,-40
1,17682,104
1,1128,-90
1,20033,138
1,24277,-152
1,25304,126
1,24442,-90
1,40236,28
1,48036,138
1,18336,-28
1,18406,-24
1,14701,-164
1,1556,-2
1,27426,144
1,24055,-72
1,25954,-186
1,36025,110
1,34168,-154
1,30442,190
1,18706,-74
1,6802,90
1,12955,-172
1,15457,160
1,33935,-116
1,32173,150
1,36399,10
1,46611,-186
1,30563,-50
1,33504,-26
1,9261,184
1,21498,-170
1,14588,122
1,15929,16
1,14156,86
1,11895,162
1,9373,96
1,36322,182
1,1174,-126
1,28556,-88
1,10896,-20
1,27439,86
1,34300,-104
1,44827,-132
1,10236,104
1,14959,-114
1,5219,102
1,20875,62
1,45915,194
1,36385,82
1,28871,188
1,2775,-32
1,45412,122
1,19478,58
1,26433,-188
1,25146,124
1,11723,-34
1,25587,-152
1,20108,52
1,3516,44
1,39381,14
1,26061,-66
1,48357,-2
1,26145,68
1,29298,-166
1,38082,168
1,34074,-94
1,24237,162
1,43375,-170
1,12468,76
1,49545,-198
1,46333,-112
1,43983,158
1,48377,50
1,13447,-26
1,9529,-2
1,119,-62
1,21406,110
1,13875,104
1,19759,-32
1,9072,134
1,9199,14
1,16822,-160
1,17047,-32
1,31418,160
1,38200,-24
1,7711,196
1,10564,76
1,979,-180
1,8764,-22
1,23809,70
1,5417,-150
1,34527,42
1,32360,10
1,42412,70
1,25379,-26
1,42184,176
1,19794,150
1,10793,-30
1,47076,154
1,18909,60
1,7602,-128
1,534,-64
1,29736,14
1,25730,186
1,38698,96
1,7582,-54
1,8167,-62
1,4327,-102
1,47341,130
1,16979,70
1,2132,166
1,46527,-12
1,7064,-72
1,1926,-22
1,29051,-8
1,5776,-100
1,10742,106
1,10087,198
1,21096,-50
1,44432,194
1,34408,-166
1,14159,-34
1,12160,124
1,36200,144
1,17094,132
1,7137,-46
1,39152,-142
1,1988,-100
1,38368,-128
1,12850,-114
1,47261,16
1,27578,-154
1,9863,-40
1,15585,104
1,27397,188
1,48890,-126
1,21456,42
1,32293,86
1,21067,-84
1,10427,138
1,43845,-192
1,11421,18
1,11703,64
1,19033,-72
1,7648,-152
1,36894,-8
1,42284,-64
1,34360,-128
1,49231,50
1,37820,-106
1,15529,-18
1,13134,-44
1,46888,-12
1,3857,30
1,6159,-176
1,13917,-164
1,34485,-46
1,46562,134
1,10185,-34
1,23603,30
1,43729,42
1,15426,2
1,35622,30
1,35709,182
1,25886,84
1,13035,-78
1,37513,108
1,27672,-60
1,37078,-120
1,38974,40
1,15998,144
1,48462,128
1,27700,148
1,20779,-10
1,45664,-82
1,21130,-132
1,45378,92
1,39239,8
1,30657,-18
1,45669,-188
1,39243,146
1,47700,152
1,1330,6
1,36924,102
1,1702,-16
1,29140,-174
1,14714,108
1,14730,38
1,21092,-96
1,24498,192
1,44991,88
1,12603,2
1,31884,-50
1,23098,52
1,12505,62
1,45065,-48
1,29617,-188
1,18513,158
1,6616,52
1,47667,-96
1,34322,-136
1,24295,162
1,6322,48
1,40906,92
1,35206,-152
1,771,90
1,5745,-80
1,20054,178
1,27468,8
1,24441,-112
1,40833,24
1,37989,188
1,141,-196
1,8736,-80
1,13209,186
1,6643,-100
1,9638,-194
1,44421,78
1,914,176
1,24714,196
1,31925,-20
1,26323,-112
1,40354,-4
1,14240,148
1,21131,-182
1,4694,-200
1,2206,-12
1,38918,-90
1,28344,-56
1,43066,-24
1,41959,-6
1,46287,158
1,38495,-98
1,21760,48
1,7678,48
1,9084,48
1,30867,-90
1,33725,-66
1,13118,4
1,8007,-20
1,2979,6
1,7339,-160
1,13829,56
1,21283,-76
1,26980,-136
1,1660,-82
1,41687,70
1,16292,6
1,38146,36
1,45157,-102
1,6702,-26
1,39675,18
1,5680,-118
1,5496,-84
1,1540,24
1,44049,64
1,19129,-90
1,46037,-128
1,47052,192
1,43655,12
1,48048,36
1,35676,156
1,13133,-26
1,5611,-184
1,46241,84
1,19944,-196
1,25421,62
1,3268,-166
1,17536,-112
1,16824,116
1,37875,-114
1,35924,-150
1,48486,-32
1,39335,-122
1,6167,96
1,37259,138
1,7247,-92
1,24303,42
1,40273,10
1,14255,-4
1,39155,-22
1,9506,-10
1,26753,-78
1,42233,152
1,42884,40
1,23960,84
1,1356,-146
1,34033,170
1,17315,-56
1,28785,98
1,34972,-88
1,45034,-32
1,15663,-40
1,12713,26
1,34833,42
1,28152,-12
1,23593,-74
1,21126,70
1,1964,-134
1,46232,-68
1,13366,148
1,15048,-82
1,9065,-166
1,6491,-2
1,25865,62
1,20178,110
1,41781,14
1,49788,-20
1,24578,72
1,19670,-102
1,27878,168
1,16044,-190
1,6974,52
1,38036,-122
1,12212,-12
1,21638,152
1,43663,106
1,8189,16
1,39488,-26
1,47614,-64
1,30302,160
1,46244,-26
1,33115,168
1,41182,-4
1,40059,-64
1,40925,-172
1,45478,130
1,33748,-190
1,6189,-164
1,4286,-40
1,34517,-198
1,42194,-100
1,14953,-144
1,2936,-152
1,10847,150
1,43032,-132
1,36222,144
1,15854,-162
1,31578,22
1,34799,-96
1,39412,-58
1,49794,184
1,12826,22
1,48172,106
1,5093,22
1,7393,174
1,41374,186
1,4443,-74
1,47211,90
1,12194,120
1,3815,74
1,27906,66
1,45662,132
1,24304,-124
1,37251,-120
1,27007,140
1,20638,40
1,2149,-50
1,41437,180
1,3747,32
1,14970,-24
1,19686,58
1,38139,34
1,21074,-68
1,40766,-104
1,7789,-116
1,13794,-36
1,48621,58
1,21030,176
1,20500,-100
1,2512,-160
1,7748,-176
1,10206,-130
1,33991,-66
1,46086,-132
1,16273,-176
1,13581,158
1,43579,-26
1,40698,80
1,25980,-68
1,42104,128
1,49690,-168
1,6688,-40
1,37816,70
1,41411,-46
1,17803,136
1,19318,6
1,32564,-76
1,31901,-174
1,1259,-170
1,11716,112
1,32736,-196
1,3121,-110
1,6513,158
1,41365,94
1,15469,130
1,13866,-132
1,5808,90
1,41631,94
1,49537,-96
1,34391,-108
1,38516,6
1,39415,-28
1,21328,196
1,37067,62
1,24165,-36
1,17083,54
1,37437,-146
1,24695,-28
1,21809,18
1,30505,-66
1,44774,-138
1,13512,-104
1,30585,-182
1,23317,-124
1,49192,-136
1,15304,198
1,23389,88
1,9806,98
1,38502,-132
1,9674,-114
1,28379,-86
1,8091,90
1,10088,-26
1,13562,-104
1,33251,-30
1,12708,-114
1,5621,168
1,293,-128
1,48620,-66
1,24716,-184
1,36761,56
1,11228,46
1,26999,62
1,41464,190
1,10706,-38
1,27914,-174
1,7994,-54
1,32871,170
1,5635,-166
1,12997,-86
1,26423,106
1,14286,-164
1,3753,-90
1,3424,-46
1,48810,178
1,30241,196
1,39750,-72
1,4574,-12
1,46598,140
1,35994,136
1,18480,-140
1,40672,-22
1,42053,26
1,32176,-194
1,41067,114
1,21684,-36
1,10511,-12
1,8405,-46
1,16741,132
1,24085,146
1,38809,-106
1,46881,-80
1,37673,-192
1,1921,90
1,28067,124
1,28080,-98
1,7207,148
1,49300,14
1,18911,-176
1,26790,18
1,18455,-160
1,908,120
1,19718,-38
1,47832,-144
1,13410,164
1,46561,-90
1,29191,-124
1,46899,38
1,2318,46
1,38628,-126
1,28398,-102
1,3346,130
1,49373,-10
1,38468,160
1,14881,-134
1,2611,52
1,48919,42
1,4914,144
1,3733,154
1,31719,-100
1,575,38
1,30842,-36
1,2587,-190
1,31953,-4
1,29685,-40
1,17683,-130
1,11489,150
1,8250,-118
1,18672,-4
1,17908,118
1,7135,4
1,48194,-90
1,14818,-166
1,2094,-136
1,8025,-92
1,42992,-192
1,9931,122
1,40492,134
1,38515,146
1,26756,-40
1,31013,100
1,9050,-198
1,21365,-138
1,40226,-92
1,32080,196
1,30313,84
1,21551,-42
1,32374,-174
1,35664,-106
1,34374,2
1,1569,98
1,48178,10
1,20239,100
1,43796,-158
1,28108,92
1,38909,-72
1,43903,-132
1,36952,-112
1,31264,-30
1,6633,124
1,31344,-124
1,21230,164
1,49676,120
1,21691,-64
1,29256,194
1,16132,-58
1,12315,108
1,7610,50
1,35835,30
1,16935,-4
1,15759,-58
1,18707,-40
1,37493,-14
1,49166,42
1,19783,-94
1,1954,46
1,21273,-158
1,1449,134
1,3890,-22
1,36975,18
1,44623,-32
1,22186,90
1,33636,138
1,48662,6
1,30364,162
1,48992,-172
1,17255,-196
1,8409,-12
1,33281,-190
1,42924,-198
1,14743,-192
1,26224,-142
1,41571,-122
1,29771,-4
1,9871,-108
1,27564,-172
1,27593,122
1,42172,152
1,8134,82
1,28206,152
1,795,78
1,22958,-136
1,16491,-102
1,48162,44
1,30109,164
1,21088,-172
1,30847,-90
1,44983,-138
1,28217,82
1,33404,-162
1,49915,-6
1,23439,8
1,37403,74
1,29244,100
1,17739,-182
1,41032,-40
1,42901,-32
1,8485,166
1,28568,114
1,17006,60
1,15349,58
1,37179,-64
1,31247,-188
1,42520,-200
1,843,-138
1,23505,-8
1,47880,-128
1,48746,-68
1,22374,92
1,11434,-78
1,29811,24
1,21499,102
1,40959,100
1,43380,182
1,2200,198
1,32027,36
1,26085,24
1,10879,-54
1,24941,-114
1,43568,-48
1,16102,-146
1,10134,-154
1,43944,32
1,42288,-20
1,39089,182
1,11549,54
1,37383,-138
1,9507,138
1,22184,90
1,7875,66
1,33997,-16
1,38353,108
1,14887,140
1,27516,-20
1,48742,-132
1,19818,136
1,47255,-200
1,6004,-66
1,14369,22
1,48217,-12
1,9699,-104
1,43550,138
1,21257,-68
1,20318,80
1,27774,154
1,29767,-176
1,22590,176
1,26312,-158
1,3399,-106
1,43754,-164
1,4827,-44
1,9369,-108
1,5295,162
1,5427,-62
1,32540,-158
1,29026,-40
1,9588,-112
1,5322,192
1,29604,-186
1,48829,40
1,30054,-8
1,16195,20
1,8097,164
1,2714,58
1,46016,168
1,37368,32
1,22249,192
1,28599,194
1,40718,32
1,48753,-130
1,23346,-34
1,38987,138
1,38644,-28
1,38131,-70
1,41655,-32
1,43196,-92
1,37038,-166
1,5055,-54
1,43388,-36
1,235,162
1,44481,-184
1,17200,14
1,40326,190
1,10191,-42
1,161,62
1,18631,-106
1,3400,96
1,31349,-100
1,17322,-24
1,38430,-2
1,45575,164
1,11176,124
1,47421,-60
1,10382,-172
1,46269,76
1,19884,-182
1,49978,-66
1,44194,70
1,36352,-168
1,38366,116
1,1465,-136
1,37533,106
1,46245,178
1,10308,96
1,41985,-80
1,46792,-86
1,7993,188
1,8514,46
1,6993,70
1,27625,-24
1,46397,-8
1,36660,58
1,22065,-4
1,21015,-60
1,6869,-22
1,47837,-32
1,47429,124
1,34490,196
1,3337,126
1,8391,36
1,11346,-46
1,45135,60
1,34746,-140
1,15065,-48
1,49328,-182
1,10576,-102
1,44989,122
1,41684,44
1,10733,156
1,38949,102
1,6114,126
1,18547,82
1,13317,180
1,31649,4
1,2497,120
1,9514,162
1,3388,-126
1,2381,188
1,15971,-2
1,6034,-138
1,29812,110
1,37501,84
1,12267,-16
1,17330,34
1,28270,-182
1,35531,88
1,1805,-24
1,26603,134
1,18719,144
1,16871,-108
1,10538,-78
1,19314,176
1,22667,-104
1,21653,-42
1,19098,192
1,26639,6
1,44440,170
1,25938,-14
1,28104,-138
1,4201,90
1,26531,-80
1,35485,-20
1,6964,110
1,37486,-162
1,12478,118
1,26882,-94
1,41153,-196
1,48447,60
1,23100,18
1,3437,168
1,8590,40
1,41756,72
1,14380,-40
1,11129,-170
1,28092,-30
1,7573,112
1,43476,74
1,31202,-104
1,41220,52
1,49899,-170
1,39068,80
1,4936,-6
1,28988,102
1,10640,158
1,15923,-102
1,45613,-68
1,1823,-132
1,41769,-100
1,46709,164
1,34372,100
1,35594,128
1,22115,-36
1,11073,156
1,15619,-178
1,17835,144
1,1105,-50
1,14842,-110
1,840,126
1,37235,-154
1,38138,-62
1,42739,28
1,47058,98
1,27988,40
1,24436,-48
1,47909,-52
1,8453,182
1,28580,-104
1,2776,116
1,12789,38
1,6071,12
1,41524,172
1,15266,126
1,3310,-36
1,37892,-6
1,43001,172
1,39270,-28
1,43720,88
1,21545,-20
1,27120,196
1,5879,24
1,32287,-84
1,36959,82
1,20540,-172
1,1459,-24
1,3880,-66
1,26055,104
1,49177,-46
1,10949,138
1,11069,72
1,49140,-168
1,43847,116
1,40870,-166
1,12650,-172
1,45048,120
1,45869,-46
1,14014,40
1,1076,-126
1,32952,194
1,27795,106
1,41084,-90
1,42678,100
1,22116,48
1,42427,-150
1,41790,10
1,39090,-48
1,5130,138
1,13475,100
1,45848,-4
1,49762,-14
1,46409,156
1,46434,-124
1,33487,-172
1,41051,188
1,47451,-58
1,35455,-118
1,237,30
1,40475,-106
1,44689,148
1,22416,-110
1,9882,-126
1,2270,34
1,9706,196
1,48722,-28
1,3292,-94
1,40194,-104
1,29652,92
1,46963,-52
1,41627,40
1,3209,-112
1,43988,-134
1,20647,138
1,12451,-32
1,23201,-40
1,11661,-12
1,9038,164
1,28085,-14
1,17409,-42
1,34994,126
1,16199,128
1,36783,178
1,44513,-186
1,3062,102
1,35060,-184
1,692,-158
1,48245,132
1,9564,118
1,42100,136
1,37336,-110
1,17999,-6
1,10843,-164
1,47655,96
1,46014,6
1,28490,44
1,4300,108
1,5289,-20
1,30877,-30
1,14024,64
1,35786,-180
1,905,136
1,16874,124
1,27130,-34
1,3855,50
1,4100,62
1,14997,100
1,44615,-194
1,32688,150
1,904,-146
1,21038,74
1,19156,-180
1,46727,196
1,13422,56
1,38086,122
1,12681,-8
1,43982,-134
1,31152,-90
1,2100,-78
1,38301,-40
1,31903,8
1,3135,96
1,19608,-146
1,13488,86
1,44835,42
1,46966,172
1,34329,42
1,45240,110
1,26983,142
1,48375,-144
1,31253,-198
1,38019,46
1,1034,86
1,43186,152
1,719,-36
1,22352,8
1,3820,-92
1,48513,-198
1,5807,-38
1,48378,78
1,15415,170
1,968,-150
1,39184,-102
1,39472,-142
1,17699,82
1,42940,-172
1,7785,-168
1,30043,-58
1,18860,-12
1,11184,-22
1,30081,-100
1,1899,28
1,20830,-174
1,20991,160
1,32650,-104
1,18783,152
1,17932,-98
1,14883,-110
1,20706,-62
1,41639,164
1,28288,30
1,36192,-100
1,19148,24
1,18861,-160
1,49875,-30
1,30616,-176
1,48020,132
1,8662,58
1,36124,108
1,24557,-2
1,744,-36
1,32788,52
1,8133,88
1,30451,-114
1,15732,-152
1,7482,-14
1,45864,122
1,38309,-124
1,46848,28
1,11241,-32
1,47517,80
1,10316,-200
1,21853,74
1,18070,-74
1,5561,8
1,5206,120
1,41555,-166
1,1481,154
1,48211,-126
1,40550,50
1,30217,116
1,47923,-54
1,15570,138
1,14874,14
1,28819,-124
1,36708,26
1,4164,70
1,35121,-56
1,20506,50
1,34605,-78
1,49475,144
1,19061,-22
1,31844,-66
1,48775,172
1,4589,-110
1,36548,-100
1,23190,4
1,43998,-174
1,24022,-10
1,24373,128
1,10269,8
1,10123,-140
1,33919,118
1,38079,122
1,46032,-132
1,16061,164
1,20280,72
1,15481,174
1,1260,36
1,31545,194
1,31781,102
1,36109,152
1,25825,-100
1,46579,98
1,1480,28
1,15040,-26
1,23468,100
1,36328,-160
1,29166,36
1,44903,16
1,3730,-4
1,17526,164
1,24480,-18
1,48873,102
1,14258,-134
1,33339,74
1,47363,82
1,35854,-6
1,46176,142
1,33225,132
1,11973,-14
1,30910,-118
1,40397,10
1,44731,-110
1,26975,120
1,35989,192
1,39625,-92
1,23637,174
1,46281,-72
1,21417,-118
1,43276,-192
1,38859,136
1,8404,-184
1,5618,184
1,8576,-106
1,45311,188
1,19879,-142
1,30912,40
1,37805,-168
1,33649,-8
1,39624,20
1,43857,-88
1,15934,144
1,22061,-146
1,48566,40
1,5503,-154
1,19825,-88
1,4943,140
1,39810,12
1,13556,-2
1,14237,120
1,29852,-6
1,14088,-6
1,45055,110
1,13852,-44
1,41942,-30
1,10330,116
1,22246,82
1,20346,-164
1,14712,122
1,21771,-98
1,21542,128
1,20930,72
1,9663,-84
1,7200,162
1,18202,-138
1,11487,-34
1,15136,130
1,15523,130
1,36482,-110
1,49825,64
1,4103,-186
1,7381,44
1,5040,-28
1,41561,-166
1,6224,-62
1,48023,-52
1,16721,-22
1,41319,-70
1,15683,18
1,17571,56
1,36670,-134
1,39672,142
1,12878,74
1,28166,134
1,47190,-68
1,28804,-140
1,14324,-166
1,19371,22
1,2042,180
1,48068,194
1,38739,172
1,4454,-82
1,22704,118
1,15578,-2
1,11558,120
1,32716,-36
1,23187,-180
1,11466,112
1,42420,76
1,40205,-20
1,19943,114
1,39526,-132
1,18334,-148
1,28538,-166
1,35372,110
1,46596,130
1,3832,-156
1,10476,-194
1,15924,-110
1,9418,-12
1,42856,-144
1,26171,142
1,33966,-38
1,21024,-50
1,31893,-112
1,25885,-80
1,48030,-58
1,16135,-58
1,35370,198
1,25343,58
1,1526,158
1,37462,-126
1,45564,178
1,935,2
1,33489,-62
1,26466,190
1,6057,-150
1,30746,122
1,43097,42
1,5604,-140
1,47051,-180
1,32579,-196
1,18476,-196
1,1088,-98
1,48039,-200
1,22200,146
1,12164,-30
1,18716,166
1,32251,176
1,47435,2
1,14047,-62
1,13853,-12
1,5832,-108
1,17227,-158
1,44664,60
1,36127,-150
1,17217,-70
1,24647,-158
1,14154,-88
1,6281,-146
1,17471,84
1,8781,194
1,19227,48
1,4626,-160
1,27536,-152
1,10116,78
1,42662,2
1,21652,-110
1,2985,-24
1,47692,48
1,28188,-170
1,21313,-76
1,41609,132
1,13674,-146
1,40097,-88
1,757,-82
1,1985,58
1,9225,178
1,3798,-96
1,30021,58
1,33910,18
1,14722,-2
1,43214,-154
1,34508,74
1,9424,84
1,5424,-28
1,12083,-122
1,12064,138
1,32629,152
1,37784,32
1,42357,-172
1,36282,-72
1,35220,138
1,20085,-198
1,47338,-128
1,7595,102
1,38277,-178
1,39380,126
1,2768,-180
1,26444,-114
1,23650,-174
1,47515,-144
1,35113,-2
1,45436,186
1,47858,-132
1,24234,-76
1,11369,118
1,13891,162
1,14313,-118
1,7645,-30
1,44781,-22
1,15100,174
1,16467,-2
1,16917,-106
1,5836,52
1,49132,-174
1,25047,-36
1,6847,122
1,11200,-82
1,11788,6
1,28546,64
1,39867,-174
1,21772,-198
1,26343,-158
1,47378,-80
1,6393,76
1,10622,84
1,45708,-128
1,27791,26
1,6663,-72
1,13533,-42
1,14394,-82
1,48333,-36
1,23997,22
1,24800,72
1,43660,92
1,19993,-134
1,38547,32
1,41770,72
1,18679,-134
1,16908,-118
1,31715,80
1,39064,172
1,23329,-46
1,16804,-136
1,132,-86
1,23986,-154
1,6262,182
1,45426,-132
1,45757,-172
1,21000,-40
1,4743,96
1,13721,164
1,33712,188
1,31311,184
1,5778,-16
1,37131,-110
1,5342,-188
1,21917,-40
1,30975,8
1,4563,-108
1,19997,30
1,42176,-166
1,42863,66
1,26854,148
1,22743,-42
1,48760,-120
1,2189,6
1,5588,186
1,33863,42
1,9216,56
1,26291,150
1,43733,58
1,46620,-60
1,40599,-46
1,18557,112
1,27989,4
1,25457,-72
1,7425,34
1,13604,-148
1,3598,14
1,8376,16
1,5735,-34
1,28157,150
1,4238,88
1,21014,-124
1,43501,-124
1,17009,70
1,30749,-110
1,48715,184
1,6494,-144
1,35515,24
1,19286,-140
1,21007,-60
1,16495,156
1,5721,28
1,47351,6
1,12109,170
1,38983,96
1,8305,-150
1,38284,-76
1,33597,-6
1,49199,176
1,43802,174
1,8648,-64
1,18615,18
1,5445,-190
1,30038,110
1,47063,178
1,16034,150
1,27590,-8
1,11003,176
1,19070,54
1,44210,-146
1,25209,82
1,15441,-62
1,42831,-36
1,21910,58
1,45331,-14
1,46134,44
1,40135,122
1,21506,-182
1,9551,170
1,31766,-130
1,2542,-72
1,12454,18
1,49001,108
1,289,46
1,24914,-180
1,7303,-72
1,28987,-184
1,7896,-26
1,47589,-28
1,23937,-64
1,49085,-160
1,21625,156
1,2037,-96
1,25371,-198
1,8439,160
1,24396,28
1,40256,64
1,46641,76
1,23409,4
1,5063,-186
1,24314,82
1,48291,188
1,18361,68
1,3664,-128
1,18888,126
1,10992,-28
1,28422,30
1,30052,4
1,7279,162
1,39516,186
1,14627,-42
1,41647,58
1,39198,-130
1,756,-92
1,2057,-40
1,35885,4
1,15425,112
1,42124,-154
1,14673,108
1,32384,-150
1,13590,-60
1,29706,-78
1,19802,56
1,13710,-44
1,3567,180
1,26251,-100
1,31979,120
1,21811,-14
1,48156,-92
1,22811,-170
1,10748,-44
1,45963,-80
1,2198,-120
1,48281,-58
1,35806,-66
1,24339,148
1,30144,2
1,36103,-14
1,24201,-64
1,48758,-78
1,46495,138
1,36550,48
1,39229,-166
1,26798,158
1,33013,-26
1,24918,-6
1,37343,48
1,49429,-72
1,43775,168
1,5021,52
1,19541,-156
1,12341,110
1,46654,10
1,48826,106
1,35901,34
1,29347,34
1,45911,36
1,20904,62
1,22508,-142
1,13394,-96
1,37435,28
1,769,-170
1,9715,90
1,19628,24
1,43190,80
1,24457,-168
1,5913,174
1,13222,158
1,49561,184
1,25006,-100
1,9552,-36
1,2678,120
1,44579,78
1,20413,-182
1,11265,-20
1,11668,-170
1,7921,174
1,11995,82
1,30501,-46
1,21912,-174
1,18033,-162
1,40581,-62
1,28555,114
1,31383,88
1,41418,178
1,7134,116
1,48206,66
1,35659,-114
1,40769,106
1,24236,14
1,15258,-66
1,9400,20
1,3604,-70
1,21537,-88
1,9718,108
1,36653,140
1,8877,54
1,25297,-6
1,1804,12
1,10552,-148
1,39830,-192
1,22438,-94
1,26339,-116
1,27500,72
1,36443,-190
1,23057,-146
1,35044,-188
1,32991,-36
1,22123,152
1,15757,54
1,36061,-148
1,31572,86
1,1329,38
1,8001,14
1,43884,32
1,525,56
1,4308,-114
1,15388,-48
1,47022,90
1,33070,-170
1,2697,94
1,22974,-138
1,28461,-134
1,42657,122
1,6660,56
1,5517,-4
1,15412,-200
1,44334,110
1,11441,60
1,16915,58
1,40529,120
1,16894,16
1,31924,-84
1,7591,-84
1,11454,144
1,45609,50
1,48276,-20
1,24301,148
1,28319,-36
1,2135,196
1,21100,-134
1,36860,68
1,43283,152
1,22850,-108
1,8486,2
1,45004,-146
1,42077,-154
1,43677,-166
1,33373,96
1,3048,-192
1,39564,-170
1,43010,-48
1,45096,120
1,7270,6
1,8511,160
1,45729,146
1,2925,-64
1,15278,154
1,20969,162
1,15243,110
1,264,72
1,2933,176
1,8878,-148
1,1284,152
1,41564,-166
1,20818,18
1,12360,18
1,8318,-44
1,36021,-34
1,45079,-182
1,49814,86
1,28016,-162
1,41077,-122
1,1979,70
1,11074,-92
1,8868,-168
1,14364,154
1,47340,112
1,7127,-150
1,26094,156
1,12489,-196
1,13893,196
1,37662,78
1,34744,94
1,38460,-78
1,47959,-54
1,45973,140
1,36906,4
1,29801,110
1,3945,-108
1,39062,156
1,28612,88
1,27977,130
1,42079,166
1,32447,160
1,22192,-164
1,34231,-162
1,19403,-34
1,35613,-170
1,15844,-122
1,6754,38
1,23727,98
1,22578,166
1,9737,190
1,7756,168
1,40533,-112
1,46087,12
1,3318,138
1,19955,-126
1,4611,-128
1,38543,172
1,41300,42
1,46415,-14
1,7371,26
1,4,-38
1,37188,146
1,3620,-64
1,35918,166
1,37548,-84
1,32320,68
1,11971,180
1,38393,-30
1,13332,66
1,20296,54
1,3257,-86
1,44800,-82
1,13070,-2
1,24193,-110
1,33108,78
1,22542,-12
1,23900,-16
1,18279,-40
1,42361,-186
1,34683,-128
1,36617,74
1,27479,-80
1,37328,-94
1,10800,2
1,31131,130
1,37576,124
1,32184,70
1,19106,-92
1,39927,-70
1,36938,66
1,11048,86
1,33019,-44
1,23877,48
1,18499,32
1,6708,-156
1,11047,74
1,38471,-94
1,493,130
1,33791,-114
1,7253,-158
1,48653,-172
1,11639,-82
1,37506,116
1,42494,60
1,15810,30
1,41922,-70
1,6415,104
1,27579,118
1,7237,42
1,3418,60
1,2126,178
1,5544,92
1,44437,-180
1,25963,-68
1,23304,22
1,12038,-88
1,28868,-4
1,39651,100
1,35769,62
1,34651,118
1,19051,30
1,5701,-48
1,28299,116
1,6910,146
1,4139,-68
1,46068,176
1,45694,-26
1,7459,-152
1,44427,-86
1,48434,-170
1,28037,52
1,10981,-48
1,27763,-16
1,12645,188
1,20634,-130
1,41633,-188
1,38039,-192
1,43962,54
1,37856,-28
1,9097,-174
1,9488,-184
1,43755,194
1,16924,-126
1,39319,56
1,1676,118
1,25609,82
1,10572,-164
1,48329,-120
1,36499,-50
1,26276,-78
1,32077,-162
1,39784,120
1,24377,-160
1,45337,114
1,8333,-144
1,5307,172
1,29608,96
1,28389,162
1,29779,16
1,21846,196
1,8372,-56
1,36497,-4
1,41139,-198
1,10754,28
1,10977,160
1,48284,-86
1,19418,-32
1,9113,96
1,1004,28
1,41883,44
1,17907,-114
1,13676,158
1,14779,112
1,44801,-62
1,37217,-70
1,47009,92
1,12844,-74
1,35557,-12
1,8911,-24
1,40669,190
1,31209,32
1,12885,-174
1,41746,-86
1,38800,154
1,20471,-164
1,47069,190
1,33769,142
1,38708,40
1,6255,176
1,2825,-40
1,23324,116
1,4674,10
1,11989,32
1,39776,78
1,4374,22
1,2595,-136
1,425,-46
1,47824,-166
1,671,-94
1,21819,84
1,35466,160
1,21540,158
1,44245,190
1,22575,-10
1,47082,-18
1,25530,-126
1,28207,186
1,5729,102
1,21736,82
1,22038,-4
1,14127,174
1,32892,56
1,9963,-32
1,40630,4
1,12688,64
1,26378,-102
1,1188,26
1,30815,-60
1,14290,-4
1,43665,-76
1,21600,-86
1,6567,-4
1,5112,-164
1,26986,-148
1,43639,-196
1,30685,34
1,8256,-42
1,9636,-56
1,9127,6
1,33138,-144
1,27915,-44
1,14902,178
1,14465,-168
1,35541,130
1,40401,-96
1,37282,-14
1,4637,-20
1,9923,-6
1,13681,134
1,48536,-46
1,42978,192
1,4703,-76
1,17896,190
1,32383,-136
1,28403,-142
1,17245,-102
1,12277,-156
1,7411,84
1,42411,-80
1,27509,194
1,18521,-126
1,42195,80
1,45899,126
1,23085,-106
1,22307,-122
1,14625,52
1,42565,16
1,21475,-190
1,4932,126
1,3186,-152
1,10482,154
1,20787,190
1,30661,178
1,5644,102
1,31641,-24
1,12696,-158
1,19065,56
1,15577,-66
1,18092,108
1,41145,-136
1,4730,-190
1,1298,-176
1,13716,82
1,24413,32
1,797,-34
1,13503,-92
1,42146,-176
1,11844,-198
1,49925,140
1,7540,108
1,28150,50
1,38778,160
1,3990,-188
1,2681,164
1,46270,-158
1,8577,-90
1,23208,-42
1,32031,128
1,36981,140
1,31441,162
1,44236,164
1,9989,156
1,23270,172
1,29616,48
1,16103,96
1,30835,160
1,32841,-100
1,19763,-110
1,5943,20
1,10154,154
1,28241,-104
1,48494,38
1,24468,102
1,38135,-170
1,21502,-12
1,2492,-16
1,3187,184
1,9456,112
1,22461,-172
1,48576,56
1,41172,150
1,12154,-96
1,49845,14
1,13491,-114
1,35569,-100
1,16288,-8
1,4660,64
1,10892,116
1,48484,-158
1,21781,-22
1,40616,68
1,23101,134
1,33228,34
1,27909,90
1,18802,-78
1,34239,58
1,31136,-154
1,14633,142
1,32676,74
1,13390,174
1,40809,116
1,21385,18
1,8702,68
1,5457,152
1,7212,2
1,41734,-118
1,5008,156
1,15554,-180
1,43466,-90
1,11328,-86
1,7429,30
1,8295,58
1,26778,62
1,10910,120
1,23923,20
1,22418,-48
1,47367,-52
1,20334,172
1,36463,-200
1,41977,-8
1,49812,-36
1,21263,-110
1,21428,-116
1,23414,-198
1,4764,-108
1,42944,168
1,10563,-94
1,1155,96
1,36919,86
1,39481,176
1,39304,-132
1,35491,170
1,17790,196
1,21923,136
1,33144,160
1,37273,62
1,45057,-130
1,44809,-172
1,2680,26
1,39757,-18
1,16925,-52
1,21792,-72
1,35034,-162
1,49000,-2
1,23000,-90
1,27855,-72
1,47466,178
1,13175,174
1,32499,-196
1,24326,88
1,17296,-90
1,22136,166
1,26248,-48
1,29131,124
1,49003,178
1,44631,140
1,20894,-64
1,23247,174
1,34712,164
1,1103,-100
1,17597,78
1,31340,106
1,110,20
1,15536,-16
1,45466,142
1,48493,-86
1,27621,36
1,9240,-140
1,20694,-134
1,38738,10
1,37449,-66
1,39264,-18
1,48233,-104
1,729,-40
1,32526,126
1,23705,14
1,5901,-12
1,3533,-8
1,11143,-94
1,23438,-14
1,25724,34
1,42596,168
1,37864,150
1,22789,36
1,30733,14
1,7196,102
1,15987,10
1,40143,-128
1,17831,164
1,30485,102
1,5830,-14
1,46702,-20
1,537,-62
1,26062,-44
1,32787,80
1,12148,174
1,39968,-110
1,45295,-110
1,43635,130
1,35317,-6
1,39005,34
1,16989,-86
1,35030,28
1,45390,46
1,36417,-160
1,12018,56
1,21068,-42
1,14335,-156
1,23108,-124
1,39697,-104
1,13493,60
1,14576,78
1,6547,112
1,10874,-56
1,49716,-162
1,17378,182
1,954,-118
1,28990,126
1,46497,-138
1,17222,34
1,23860,146
1,49760,-100
1,47836,-136
1,6976,170
1,27755,-66
1,40404,-164
1,44990,70
1,13364,42
1,38354,128
1,14435,48
1,47285,-86
1,3385,-34
1,13938,114
1,7140,-14
1,3961,-26
1,30458,-158
1,36343,-70
1,49172,24
1,13436,126
1,43632,-98
1,715,-84
1,20628,-46
1,33377,174
1,13962,14
1,13374,182
1,44249,118
1,39626,12
1,33816,24
1,11049,-104
1,41377,-70
1,9935,-186
1,8168,-72
1,19288,72
1,24305,16
1,7845,-146
1,49815,138
1,18175,-190
1,7242,124
1,10102,-172
1,48790,-182
1,14710,-110
1,8150,40
1,14629,-72
1,8731,38
1,25601,94
1,25023,4
1,37899,114
1,37200,-118
1,6568,-182
1,36318,158
1,30236,-156
1,14621,-26
1,47248,-162
1,17727,122
1,16947,-126
1,11646,56
1,34515,46
1,35098,182
1,13763,-112
1,45101,-112
1,39228,88
1,22420,184
1,5651,174
1,16015,160
1,35305,-136
1,23750,-142
1,8440,-122
1,23361,-36
1,19725,-94
1,49720,196
1,22317,-96
1,1352,-50
1,48343,-50
1,23841,138
1,3938,86
1,12386,-106
1,24425,-90
1,4843,-114
1,40053,-164
1,21414,18
1,12444,-44
1,37201,-136
1,22886,118
1,6011,-148
1,34928,-44
1,22558,-152
1,20444,172
1,45442,122
1,48737,-10
1,37191,198
1,22640,-54
1,35762,168
1,13287,176
1,16658,196
1,9479,174
1,2237,-86
1,37246,-6
1,18116,90
1,3729,58
1,40531,2
1,29381,78
1,29879,-200
1,21734,-66
1,34829,102
1,8140,20
1,42085,-80
1,13017,42
1,12767,134
1,20623,158
1,36892,98
1,47545,-82
1,31936,-158
1,22263,46
1,1227,-18
1,24797,-162
1,5253,28
1,11070,-56
1,34986,110
1,22102,-30
1,1960,38
1,29595,-114
1,9492,-182
1,42938,146
1,32880,-100
1,30275,84
1,21704,12
1,15044,4
1,11399,-4
1,30360,-70
1,12578,6
1,47817,-112
1,33396,124
1,28239,70
1,35185,-164
1,30220,-64
1,28153,-188
1,10237,-18
1,8635,-120
1,19012,78
1,15121,-100
1,23753,144
1,39669,120
1,6591,58
1,4030,-192
1,15890,154
1,10915,-180
1,41937,-118
1,23129,190
1,5302,-136
1,12629,-72
1,29198,-176
1,40623,124
1,11356,122
1,22628,36
1,13370,178
1,45917,72
1,32139,-184
1,39934,-130
1,37685,-130
1,37635,134
1,36596,-126
1,28746,-160
1,14985,-38
1,29091,-176
1,39237,126
1,3920,52
1,27358,182
1,19595,132
1,48249,158
1,46961,170
1,17301,-152
1,34052,-110
1,29665,-132
1,42487,174
1,5791,-80
1,7275,-34
1,19062,-10
1,42,-20
1,13106,12
1,29211,-126
1,29913,160
1,32362,136
1,22611,-176
1,20354,164
1,44353,144
1,12396,42
1,19094,164
1,44881,78
1,6846,134
1,49952,-160
1,2209,4
1,13761,136
1,5929,-68
1,23794,-14
1,32827,-188
1,6243,120
1,31162,46
1,48516,-40
1,19531,-190
1,11505,-198
1,39427,68
1,30786,140
1,33783,-176
1,25380,-170
1,36503,16
1,22775,-84
1,37626,-18
1,36125,-178
1,16701,-28
1,12295,18
1,40467,-72
1,33488,-192
1,17275,-54
1,2869,150
1,38795,20
1,3937,90
1,20552,-124
1,11748,-58
1,11771,68
1,21362,96
1,24793,46
1,3619,-200
1,10125,-174
1,32198,158
1,32878,-172
1,41789,-102
1,2546,-176
1,37444,-38
1,47531,-70
1,2432,160
1,48554,56
1,38672,-114
1,28939,2
1,29272,-6
1,28366,-30
1,48488,184
1,1087,-76
1,478,92
1,14790,-134
1,7863,132
1,44929,174
1,31654,-172
1,28600,-98
1,44879,-18
1,9071,26
1,13152,-64
1,23180,-130
1,12235,-12
1,22562,162
1,49218,-174
1,18604,-24
1,34646,-194
1,45589,-126
1,15046,188
1,21510,12
1,38668,120
1,31239,-122
1,41694,170
1,9735,-32
1,49392,164
1,37935,46
1,8982,194
1,32923,-90
1,26876,12
1,30435,72
1,9766,196
1,23640,154
1,41230,68
1,42664,140
1,6500,138
1,9933,-64
1,4709,186
1,46196,34
1,28722,122
1,12747,-124
1,2080,68
1,2309,152
1,27258,196
1,25384,154
1,30374,130
1,35784,70
1,2523,-190
1,766,6
1,5310,144
1,8775,8
1,23023,24
1,15945,-78
1,48366,-38
1,7931,-114
1,23910,168
1,46104,-82
1,18642,180
1,25498,100
1,6375,-64
1,36303,-164
1,26936,146
1,18262,-170
1,6953,-2
1,36441,132
1,43481,-32
1,22279,-72
1,26408,92
1,46840,-156
1,34668,-140
1,31640,-188
1,28243,-156
1,28974,30
1,15956,148
1,40447,-124
1,44372,126
1,5120,-172
1,15275,-14
1,46438,-22
1,13707,2
1,12319,18
1,13029,-86
1,5376,110
1,22426,140
1,18890,-192
1,27617,82
1,13639,-188
1,26084,160
1,31917,-36
1,18618,-196
1,40512,-176
1,26900,-48
1,10063,60
1,34659,-86
1,33982,34
1,10197,-88
1,10038,190
1,19235,44
1,1640,-26
1,11905,-20
1,32777,-98
1,19561,-198
1,36373,-44
1,12310,-178
1,31084,-198
1,44748,-124
1,27173,164
1,26879,-100
1,27620,-74
1,9648,-18
1,48108,-130
1,21221,100
1,39528,196
1,35122,178
1,8573,84
1,12055,-86
1,46691,-68
1,8710,-96
1,44733,20
1,12068,10
1,6806,24
1,7102,28
1,10722,30
1,31354,-130
1,31701,-132
1,16461,36
1,19117,-54
1,47314,38
1,8109,-176
1,42668,-154
1,42846,-64
1,11480,-40
1,30337,-24
1,37093,78
1,44828,-16
1,4430,-24
1,38603,-144
1,18519,-196
1,8686,42
1,30156,118
1,47418,-160
1,26735,170
1,3840,-188
1,31475,-196
1,49704,-58
1,12542,-188
1,8266,86
1,33671,-160
1,13954,84
1,42274,-128
1,12150,114
1,33548,164
1,5944,-88
1,5964,146
1,13549,196
1,12048,198
1,26282,148
1,15793,-18
1,34955,-84
1,48062,-170
1,36851,-146
1,15242,192
1,21010,154
1,28233,-178
1,41586,136
1,34950,-198
1,18897,-128
1,36762,174
1,15109,160
1,604,-44
1,350,-102
1,35646,-192
1,4655,-8
1,49447,142
1,41787,-196
1,36307,-100
1,9924,54
1,3443,70
1,32510,144
1,23718,110
1,21176,-188
1,5518,66
1,26448,-98
1,11958,-190
1,5221,-158
1,30368,100
1,20639,-18
1,9413,174
1,39940,120
1,26840,84
1,35846,-180
1,24556,-178
1,4939,80
1,6747,134
1,13577,158
1,49560,-154
1,49165,154
1,13111,-196
1,8796,170
1,42719,42
1,46688,126
1,24291,46
1,36115,38
1,41263,-48
1,2300,164
1,25159,26
1,35651,-148
1,23336,-182
1,10334,-156
1,32799,160
1,28144,24
1,12598,132
1,8521,-82
1,25698,-178
1,3542,-166
1,33179,18
1,8244,-36
1,35383,2
1,33819,58
1,27489,-120
1,30061,190
1,2475,38
1,4650,-120
1,27398,-164
1,19995,10
1,27808,-152
1,24230,-112
1,4438,-80
1,22477,10
1,48736,-72
1,17691,44
1,33064,-140
1,8286,190
1,38051,-14
1,44493,-50
1,39542,94
1,5505,4
1,27882,152
1,10395,-52
1,278,58
1,32637,-184
1,42776,170
1,16535,-8
1,30537,68
1,30619,114
1,28167,144
1,5528,74
1,30848,28
1,20503,184
1,6632,-88
1,8797,-16
1,19206,12
1,46623,60
1,26217,118
1,40421,-66
1,29630,-42
1,30584,-118
1,4710,22
1,26125,134
1,31333,42
1,923,180
1,33360,116
1,43055,-192
1,3513,190
1,30542,-92
1,12014,186
1,46695,-74
1,18838,152
1,5999,-78
1,32310,-72
1,20197,-2
1,9345,-160
1,32766,70
1,22997,-190
1,20594,140
1,4671,-94
1,32542,90
1,18011,128
1,40430,68
1,34845,122
1,24132,-124
1,30689,190
1,45881,174
1,29132,-36
1,22817,148
1,35182,-170
1,44134,156
1,31185,-44
1,49256,68
1,50,-190
1,37718,108
1,31537,74
1,475,176
1,45775,96
1,48312,-58
1,13143,182
1,7308,92
1,30427,114
1,113,-10
1,44600,194
1,41714,4
1,39049,168
1,35439,114
1,17309,142
1,29861,-50
1,47436,-68
1,9793,-176
1,40216,90
1,32088,70
1,47650,118
1,44156,-194
1,483,140
1,5170,-36
1,33034,52
1,5848,150
1,44123,2
1,31467,-90
1,3379,-50
1,12652,-176
1,26811,184
1,29001,156
1,15354,-108
1,5927,-166
1,22959,-4
1,48161,-20
1,37409,-96
1,48166,156
1,4832,-126
1,14869,-26
1,43589,28
1,25515,90
1,23005,172
1,38076,-2
1,9598,6
1,35272,52
1,731,-72
1,11320,-66
1,5614,-136
1,10025,108
1,19755,192
1,9780,-116
1,37168,-76
1,39559,160
1,43107,156
1,47238,140
1,49002,84
1,31120,-158
1,25995,92
1,40507,-162
1,37468,100
1,17389,144
1,3700,170
1,11324,150
1,33275,152
1,14993,130
1,47271,-160
1,21995,-24
1,22660,104
1,15815,-30
1,46640,136
1,338,-38
1,28149,102
1,23404,-172
1,24638,66
1,31871,68
1,28695,44
1,46268,162
1,33958,112
1,31571,8
1,19442,-88
1,20538,142
1,49599,-70
1,18875,82
1,34303,98
1,19330,154
1,24395,140
1,12557,-176
1,31721,-116
1,20700,-200
1,19473,-48
1,19765,2
1,35821,-176
1,18914,-186
1,14321,76
1,42021,-62
1,27278,-66
1,30918,150
1,11448,-154
1,40854,-74
1,2900,194
1,27031,-168
1,5804,-172
1,33184,-176
1,38614,34
1,29810,70
1,19799,-126
1,15866,72
1,16037,34
1,14336,-68
1,33387,-122
1,46498,-84
1,42447,-116
1,16981,-46
1,19713,-4
1,25766,30
1,26306,78
1,37780,-24
1,7210,146
1,17644,-90
1,17267,34
1,9037,-190
1,15880,174
1,26683,46
1,9611,118
1,23796,42
1,4380,134
1,16465,170
1,35400,118
1,6657,-108
1,8628,-98
1,1293,-120
1,35095,-52
1,17111,-48
1,23842,-126
1,18074,-30
1,36613,-108
1,42888,24
1,23121,-182
1,43901,190
1,24217,14
1,4567,-6
1,29111,184
1,26140,118
1,3848,2
1,26347,-136
1,19324,116
1,11571,-192
1,31494,2
1,10509,-64
1,43060,-184
1,2553,150
1,20727,-200
1,2903,-166
1,12395,-166
1,5057,-78
1,32299,-166
1,35981,-84
1,41052,48
1,27504,102
1,39623,-104
1,36453,-46
1,10281,-38
1,30123,144
1,703,98
1,43529,-160
1,10982,-176
1,4756,162
1,48996,148
1,42731,-52
1,38892,178
1,21888,-66
1,16968,110
1,3609,114
1,14592,158
1,41630,136
1,34253,26
1,4127,14
1,8800,22
1,42276,30
1,29245,-156
1,33693,156
1,10224,-16
1,38818,-86
1,7699,-94
1,6106,138
1,43668,-196
1,15310,-174
1,9451,4
1,20820,122
1,21017,-68
1,24809,-170
1,5560,154
1,31645,156
1,29938,70
1,1321,-196
1,32898,28
1,8420,2
1,4283,190
1,5313,-154
1,7455,162
1,17773,40
1,11365,-70
1,7214,-94
1,21761,104
1,30599,12
1,12704,8
1,26851,-128
1,42208,166
1,26939,172
1,17377,-182
1,44804,-104
1,47328,42
1,36120,162
1,45401,156
1,32689,20
1,13018,-174
1,6421,184
1,1734,62
1,14486,38
1,34925,184
1,43723,-72
1,26405,-134
1,11551,168
1,11553,-184
1,45933,80
1,13723,16
1,35066,-178
1,2815,114
1,37749,156
1,48704,-26
1,29690,168
1,19565,42
1,1905,-170
1,17640,-194
1,48605,-14
1,43546,-162
1,49580,-172
1,35371,-172
1,8241,-126
1,180,126
1,12615,-40
1,42602,-100
1,7991,-28
1,49682,-4
1,44155,2
1,38870,64
1,4027,-52
1,13984,-196
1,37046,-98
1,45553,-136
1,8873,94
1,37768,126
1,35763,76
1,22141,-122
1,7689,-48
1,33082,22
1,19678,178
1,24926,-124
1,15592,-190
1,40863,-88
1,38853,-182
1,13162,-24
1,24448,64
1,20965,174
1,24906,-188
1,39552,148
1,18337,-164
1,16829,62
1,9304,-54
1,16933,162
1,32753,-152
1,9432,70
1,9265,-190
1,22251,-60
1,40378,-126
1,43770,170
1,34781,-56
1,32679,-200
1,33285,-34
1,21486,-42
1,6887,154
1,11245,144
1,6447,-50
1,33768,94
1,19449,-106
1,36824,-76
1,8430,-94
1,44598,-14
1,18660,100
1,31693,114
1,43813,50
1,29102,42
1,44306,-24
1,17988,20
1,46564,168
1,8790,-2
1,5995,110
1,27115,-168
1,16204,24
1,28056,24
1,5935,48
1,2085,-4
1,28872,-84
1,34260,-166
1,18475,72
1,48338,160
1,34073,8
1,47590,-18
1,2706,-170
1,30643,14
1,37166,-106
1,47035,-28
1,40103,60
1,49486,14
1,8048,168
1,33622,-192
1,28909,14
1,23974,-70
1,6839,-76
1,32881,134
1,37554,114
1,32554,-148
1,43682,72
1,14645,-120
1,12240,112
1,21805,168
1,39904,-44
1,30268,34
1,11795,180
1,34642,14
1,6905,154
1,5718,96
1,35038,148
1,29964,-36
1,21169,-46
1,22220,-198
1,3075,42
1,18536,-10
1,48480,48
1,33500,150
1,30162,72
1,29337,-6
1,24063,122
1,24463,122
1,40429,4
1,35568,-70
1,46107,-126
1,36623,160
1,46795,-24
1,27323,-154
1,18349,-172
1,44892,-14
1,11464,-104
1,39357,188
1,12555,58
1,20558,-188
1,16051,126
1,42710,28
1,38090,68
1,4324,-56
1,28071,42
1,13336,-64
1,24198,22
1,43414,-14
1,40764,36
1,15764,-40
1,11275,8
1,39715,-54
1,44394,-94
1,38746,-58
1,33858,110
1,39342,20
1,27269,166
1,24655,54
1,45789,-192
1,9651,34
1,2453,-8
1,44198,-134
1,31220,192
1,15780,-48
1,20238,66
1,35233,14
1,23063,58
1,45128,-98
1,23764,84
1,49318,130
1,36655,-4
1,27434,-72
1,42958,188
1,6860,-126
1,26137,-182
1,29040,-90
1,16569,-6
1,21383,-102
1,38823,54
1,38995,-30
1,40087,28
1,45174,136
1,49802,82
1,13164,8
1,32712,-70
1,33444,122
1,16327,-4
1,12151,-86
1,17027,-154
1,7240,-42
1,27610,-10
1,32322,-18
1,19075,196
1,17983,180
1,6077,-190
1,31889,108
1,48614,-94
1,779,-22
1,2883,-152
1,28439,126
1,40511,-18
1,21892,-90
1,17135,-182
1,41105,156
1,33759,-126
1,19107,10
1,11605,20
1,33879,42
1,22832,4
1,20447,-160
1,21441,42
1,5323,104
1,1281,188
1,13959,-164
1,34388,150
1,30406,136
1,46878,158
1,26481,70
1,16244,-108
1,15458,16
1,16995,134
1,30804,-112
1,6302,-80
1,37363,164
1,42256,92
1,35099,-32
1,35428,-36
1,26390,-8
1,17454,-158
1,14721,-76
1,28260,38
1,14303,60
1,4409,-56
1,1732,26
1,46010,150
1,20996,108
1,17159,94
1,17371,154
1,18745,76
1,35718,-168
1,23863,154
1,23872,-102
1,20900,60
1,19829,188
1,33802,74
1,25240,-70
1,39267,152
1,27554,146
1,43442,16
1,14977,-2
1,36357,166
1,18439,-174
1,13554,-170
1,3173,-52
1,29172,50
1,8422,-124
1,18177,174
1,14624,-120
1,24850,100
1,6724,-144
1,28209,-180
1,7949,74
1,42308,-170
1,34366,166
1,5188,-76
1,36430,-152
1,35506,-66
1,6146,-30
1,28585,-86
1,43840,-190
1,31404,-136
1,8756,92
1,4162,-172
1,12264,-18
1,17500,-42
1,33976,132
1,10439,-114
1,30375,30
1,4840,-82
1,33140,-110
1,6230,-60
1,22332,16
1,18744,-24
1,11640,126
1,25473,46
1,46633,170
1,2147,22
1,8117,-178
1,14753,136
1,21893,20
1,17440,104
1,29739,-14
1,13521,58
1,9074,-160
1,23307,44
1,16041,180
1,41243,80
1,9292,-106
1,3085,48
1,8543,136
1,49699,116
1,36830,16
1,33572,30
1,661,-42
1,2359,100
1,6180,-42
1,27803,-112
1,9612,130
1,28637,-178
1,28550,-22
1,13273,86
1,17928,-172
1,23371,-62
1,38525,74
1,30118,-110
1,39151,-36
1,27853,66
1,42665,-6
1,2643,-180
1,4170,60
1,33564,78
1,16869,-136
1,19609,116
1,44880,134
1,1061,164
1,45723,106
1,36795,10
1,34664,28
1,21361,-188
1,33525,-182
1,38589,-166
1,1663,138
1,3579,-40
1,23009,-146
1,35702,68
1,40938,-150
1,17212,-174
1,28096,-68
1,9760,22
1,44909,-136
1,47078,70
1,47469,-8
1,47404,132
1,43130,112
1,36677,-186
1,2375,128
1,41634,-154
1,632,-48
1,12565,194
1,35731,-112
1,31284,-60
1,15480,14
1,37927,18
1,42329,188
1,12115,-126
1,49526,-30
1,16071,158
1,17887,-86
1,17602,-130
1,9860,-140
1,41716,82
1,11375,40
1,42880,-120
1,17714,156
1,24919,-88
1,12118,-192
1,31395,-198
1,14856,-38
1,43576,-168
1,26300,38
1,4359,168
1,4377,-122
1,41459,66
1,5656,92
1,7794,-18
1,22625,-106
1,48587,106
1,13920,-66
1,34141,20
1,39489,-108
1,20653,-190
1,22559,-170
1,46905,-28
1,16543,-122
1,17005,74
1,19644,44
1,36024,-36
1,38560,108
1,19038,-164
1,30013,82
1,20928,164
1,42394,122
1,45655,150
1,19785,-60
1,13409,36
1,43262,-24
1,11045,4
1,2244,-38
1,1886,174
1,28191,90
1,36358,172
1,21569,176
1,47865,14
1,36554,-60
1,41858,4
1,3576,70
1,17801,-188
1,37457,86
1,13762,-28
1,22371,128
1,4828,22
1,9403,-26
1,13031,4
1,20058,6
1,2294,28
1,8002,190
1,8156,-48
1,45439,60
1,5143,-56
1,32399,12
1,12198,-154
1,15928,-84
1,1758,-92
1,27201,-158
1,19817,-146
1,33616,-42
1,27865,144
1,4720,108
1,25582,-116
1,21961,-172
1,41872,-150
1,3825,-126
1,1292,-30
1,26199,36
1,45640,2
1,44160,-94
1,36948,172
1,39452,-124
1,7627,50
1,14737,-180
1,5080,-116
1,22879,68
1,24239,-154
1,46111,-6
1,8549,76
1,48805,126
1,24737,-70
1,31369,-112
1,26499,-198
1,42481,-162
1,30989,2
1,21916,-92
1,16948,128
1,3992,-76
1,16394,198
1,49834,-134
1,31082,68
1,8869,-192
1,21307,190
1,49092,176
1,488,-200
1,8478,-58
1,25844,142
1,25411,-58
1,42260,-180
1,1123,-90
1,19966,-162
1,7024,168
1,35980,132
1,2157,126
1,36560,172
1,38112,-148
1,43059,-126
1,43088,-146
1,46621,142
1,21376,54
1,48287,92
1,5229,168
1,16838,-62
1,42270,102
1,8282,-152
1,25896,-190
1,35771,-82
1,1163,30
1,18308,128
1,1789,-26
1,46305,-82
1,5893,30
1,38285,126
1,41405,170
1,3893,-148
1,39134,-86
1,46271,-154
1,32744,-150
1,5641,-92
1,27327,-190
1,6456,38
1,34125,56
1,20448,180
1,28032,136
1,48843,-22
1,25087,-98
1,2561,-92
1,37952,-24
1,23772,10
1,19016,122
1,36367,112
1,36244,96
1,11353,-186
1,47272,46
1,28251,-124
1,46941,-80
1,20364,-140
1,24244,-80
1,30471,186
1,7557,86
1,11105,-98
1,31592,-80
1,36651,-114
1,39048,-178
1,4786,118
1,45942,98
1,25166,-56
1,20361,118
1,21645,100
1,27744,40
1,47950,86
1,47267,-146
1,22553,-170
1,36895,-68
1,30455,-198
1,29233,-146
1,33451,-110
1,10541,-62
1,47732,42
1,10452,166
1,5127,150
1,24053,178
1,1226,178
1,37510,-14
1,1241,194
1,25030,-106
1,22829,-78
1,47798,-96
1,10876,128
1,25745,-152
1,40790,52
1,29015,72
1,17088,22
1,7623,-8
1,43619,-108
1,25208,-52
1,38292,72
1,47898,88
1,31197,-104
1,41343,-50
1,38050,62
1,25093,136
1,39392,84
1,35499,102
1,5921,-64
1,29907,-148
1,10089,-46
1,33938,-144
1,2983,-180
1,44962,-128
1,33951,12
1,41041,-38
1,5461,120
1,18774,-6
1,6422,104
1,19543,-116
1,49343,-26
1,48574,144
1,13568,66
1,20014,132
1,39646,-2
1,43181,188
1,33232,-30
1,9741,-50
1,9711,-112
1,46020,120
1,40741,-148
1,1630,194
1,11226,-160
1,25742,12
1,12581,-78
1,21977,-120
1,41307,50
1,21774,86
1,41666,-196
1,43906,86
1,19712,6
1,30389,90
1,24153,-26
1,22309,114
1,48283,-22
1,3252,-170
1,23535,-154
1,29311,132
1,23610,-54
1,21127,-132
1,25741,180
1,22576,-128
1,28531,36
1,10908,80
1,37293,192
1,20152,150
1,3548,-24
1,22744,158
1,47779,-2
1,21629,-74
1,40801,42
1,23461,4
1,5257,-174
1,28547,172
1,23668,62
1,5250,4
1,22970,80
1,24854,-198
1,20990,-44
1,37144,108
1,40142,-124
1,6881,88
1,913,-72
1,44730,40
1,14522,50
1,41151,60
1,42355,-162
1,38700,92
1,3496,88
1,35915,-194
1,4325,50
1,41308,-130
1,28278,-186
1,40131,18
1,20943,-68
1,17560,54
1,7145,-144
1,16819,68
1,7779,-42
1,14590,-118
1,988,68
1,39274,32
1,22404,-184
1,10106,-150
1,27902,-8
1,38559,90
1,35777,70
1,16670,-144
1,36808,-126
1,1576,104
1,41589,196
1,29228,-100
1,13020,-164
1,2692,-172
1,49151,40
1,29912,-60
1,1435,-178
1,28970,-164
1,21627,140
1,19762,164
1,49717,-78
1,13971,-82
1,42311,-34
1,5153,58
1,11085,18
1,11899,-48
1,23123,4
1,15927,-128
1,19977,152
1,41955,-118
1,23870,-116
1,41843,-12
1,45402,178
1,25156,-52
1,42395,-86
1,15671,138
1,18759,46
1,15796,-158
1,37218,-132
1,25591,26
1,33464,172
1,29194,-116
1,47809,172
1,11208,52
1,45312,-118
1,5165,-54
1,32046,140
1,28391,-18
1,20562,-24
1,14464,158
1,40307,108
1,33612,136
1,31934,-176
1,32324,-18
1,49315,12
1,5059,190
1,39988,120
1,20598,-114
1,14437,106
1,35440,184
1,859,-192
1,10042,162
1,35283,16
1,49723,-14
1,28198,-152
1,9186,-86
1,28687,-2
1,9360,-142
1,25399,-142
1,4346,-118
1,22810,176
1,10991,-12
1,3367,-70
1,30591,118
1,31104,-182
1,41007,180
1,48602,74
1,46000,32
1,20145,90
1,25662,-130
1,12861,-24
1,16865,-192
1,41992,-22
1,44838,16
1,28964,-128
1,11821,188
1,32562,114
1,33300,36
1,12223,14
1,6327,-160
1,5026,-118
1,42859,-70
1,31068,86
1,9929,110
1,7211,-50
1,19458,180
1,31677,-14
1,9428,130
1,28558,92
1,31402,192
1,34909,128
1,36986,44
1,49877,186
1,49546,58
1,17848,174
1,42933,-164
1,18682,-102
1,13929,-110
1,19258,158
1,12757,14
1,26467,-190
1,4561,110
1,26362,-8
1,43065,60
1,31483,154
1,2180,128
1,17486,80
1,21352,-136
1,16224,-96
1,32722,174
1,38306,156
1,22304,34
1,31566,86
1,33764,18
1,9378,84
1,48070,198
1,18216,78
1,6691,94
1,16911,188
1,43827,-56
1,14812,-182
1,48933,-60
1,5158,42
1,1240,16
1,10250,-30
1,100,60
1,8293,-164
1,7448,178
1,3076,-26
1,24492,-156
1,18474,68
1,6163,58
1,35732,-194
1,5532,4
1,3608,196
1,16347,-92
1,11500,-150
1,16130,164
1,47609,-4
1,4220,-70
1,35329,102
1,1419,142
1,7859,142
1,47804,-64
1,10911,34
1,39966,-134
1,8378,164
1,29175,170
1,27409,84
1,39214,-164
1,14355,82
1,11276,-70
1,48346,144
1,26604,-40
1,23530,-188
1,29634,-106
1,43412,82
1,35334,46
1,32730,-150
1,38279,132
1,24928,88
1,39223,82
1,6625,62
1,10186,-48
1,29549,-14
1,43535,34
1,19295,50
1,12573,-168
1,39111,140
1,38690,18
1,17876,-136
1,2143,-60
1,20883,192
1,16279,-92
1,14407,50
1,33527,26
1,23517,34
1,567,64
1,7117,-104
1,13095,134
1,48409,26
1,49250,-196
1,6404,-46
1,15576,-90
1,49474,-140
1,35714,-102
1,2446,-128
1,690,-38
1,24331,-128
1,44966,-152
1,4316,42
1,45866,-80
1,17889,-76
1,41401,144
1,27342,172
1,7846,-182
1,34057,-126
1,13144,-114
1,33733,-132
1,25002,-166
1,2471,124
1,14171,196
1,38204,-128
1,22453,92
1,20094,124
1,20586,146
1,28821,160
1,14000,-94
1,37641,156
1,21377,30
1,39234,-188
1,4540,54
1,5298,-104
1,30012,48
1,20286,124
1,22183,110
1,16240,160
1,9146,-144
1,3140,-50
1,6686,-30
1,9283,92
1,28228,-14
1,14413,-68
1,18958,-10
1,41098,-184
1,48918,-36
1,41663,150
1,41134,-92
1,789,-114
1,44419,150
1,42387,104
1,32975,-126
1,11032,160
1,46025,96
1,30026,-34
1,30640,162
1,23904,-98
1,32570,72
1,9351,22
1,38875,56
1,41086,-32
1,17807,52
1,36332,194
1,8917,-142
1,44106,-164
1,16471,36
1,44549,136
1,30961,182
1,30134,-106
1,20499,-146
1,38001,118
1,40462,40
1,6023,-158
1,4303,88
1,8854,164
1,45358,164
1,6997,40
1,27135,-10
1,26902,50
1,36846,-122
1,41326,54
1,15404,102
1,20926,112
1,49608,-150
1,37095,40
1,35378,-10
1,35386,-174
1,44720,98
1,6885,-88
1,10080,-76
1,32840,-98
1,35680,-108
1,21590,154
1,8084,-96
1,29869,164
1,16410,136
1,47697,-90
1,33642,-156
1,18402,126
1,47186,98
1,28219,-8
1,7954,64
1,27476,162
1,9109,-122
1,44515,112
1,34346,-36
1,2366,162
1,4126,-114
1,32829,-114
1,41527,92
1,10500,-58
1,14960,-92
1,42183,-140
1,4192,10
1,14655,-30
1,17229,32
1,5440,-80
1,48632,-194
1,19174,156
1,16454,-142
1,48255,106
1,35323,152
1,33842,118
1,32015,-12
1,21576,134
1,23970,-34
1,43766,50
1,48371,-142
1,30622,64
1,1495,-14
1,42392,-198
1,29192,122
1,4537,116
1,40306,114
1,39193,162
1,10209,-184
1,19982,-174
1,30086,-32
1,10020,-186
1,33828,166
1,8185,180
1,49920,-32
1,39913,100
1,31065,-44
1,4368,-14
1,2124,100
1,40495,-124
1,34486,160
1,32826,98
1,25598,-28
1,32414,44
1,29156,-190
1,19984,172
1,1757,32
1,30925,54
1,37841,2
1,23452,78
1,22932,-26
1,8247,-192
1,24883,194
1,21573,12
1,26456,-152
1,20681,64
1,27042,4
1,16795,198
1,25189,-170
1,16993,132
1,5488,174
1,35110,116
1,31005,-98
1,8166,-42
1,13091,188
1,22163,138
1,13594,178
1,7022,-48
1,26547,66
1,8386,14
1,31421,-156
1,18989,-120
1,42758,176
1,698,-190
1,6017,42
1,36907,154
1,23626,168
1,36915,124
1,43312,22
1,30348,124
1,23238,-168
1,45347,130
1,1222,138
1,30214,36
1,29027,138
1,38124,-152
1,20747,172
1,14246,-144
1,24411,-190
1,42568,-174
1,12377,142
1,21587,150
1,30514,-132
1,18362,-62
1,1562,-90
1,40423,114
1,31180,110
1,21784,-148
1,6989,52
1,47291,-112
1,10731,40
1,1665,86
1,139,-174
1,20756,-76
1,34335,174
1,44199,174
1,31750,-100
1,37219,-12
1,947,184
1,13365,-34
1,17524,50
1,38188,-110
1,3137,52
1,1232,-158
1,5873,-154
1,16493,-102
1,33352,128
1,39876,56
1,11001,104
1,25710,-102
1,1443,26
1,48518,-70
1,24094,-40
1,42365,142
1,41736,190
1,42060,-118
1,16683,-34
1,26157,170
1,746,-2
1,16116,38
1,6615,-12
1,14830,-108
1,28787,184
1,164,94
1,2841,176
1,18645,138
1,38009,148
1,396,60
1,10177,-74
1,8044,-166
1,21390,-192
1,25016,26
1,22854,-110
1,37161,-96
1,26051,150
1,33292,-196
1,41057,84
1,11185,-178
1,10226,122
1,26221,60
1,39681,-58
1,2707,-116
1,4439,50
1,27885,-198
1,4222,-10
1,45960,-156
1,17946,-130
1,10593,182
1,15147,16
1,35693,-64
1,43048,104
1,48818,172
1,19145,140
1,12490,12
1,27165,82
1,25847,-172
1,35198,-30
1,24818,8
1,4086,42
1,20117,36
1,22334,166
1,49248,158
1,32874,-46
1,4317,176
1,13850,-70
1,34171,-30
1,8720,-52
1,32578,-10
1,10803,-156
1,4583,-158
1,44315,106
1,26690,-106
1,38462,-16
1,27528,-130
1,23046,-164
1,31352,54
1,37887,-178
1,14907,-120
1,38479,2
1,1976,182
1,14573,14
1,26590,26
1,14509,-12
1,13151,136
1,2753,60
1,10418,146
1,35232,-16
1,8070,182
1,45506,-138
1,4842,-50
1,7545,-142
1,38889,24
1,38443,30
1,35794,128
1,12141,28
1,23286,-180
1,30421,-188
1,22421,178
1,1639,24
1,27806,-196
1,9769,-152
1,40069,128
1,46793,-20
1,18507,140
1,20454,142
1,8112,70
1,32104,22
1,47878,-56
1,26298,24
1,3854,54
1,49096,-140
1,7902,142
1,6593,38
1,37389,-152
1,46747,64
1,2744,64
1,39007,-26
1,44721,-72
1,17361,6
1,19659,182
1,8195,-140
1,16953,20
1,39711,8
1,36362,100
1,32771,114
1,46092,-152
1,43626,14
1,36190,-196
1,9425,-152
1,14350,-118
1,27751,132
1,1779,-40
1,331,168
1,30401,44
1,20878,-20
1,39696,-168
1,34448,178
1,42837,14
1,5533,78
1,25045,68
1,49993,14
1,15741,-136
1,37855,144
1,20541,-106
1,33701,160
1,32109,-104
1,27647,-128
1,36411,-194
1,9816,124
1,13743,-88
1,40710,-40
1,800,-96
1,48891,24
1,886,38
1,44272,-170
1,35849,188
1,24067,-36
1,44005,-164
1,19866,66
1,9101,82
1,26274,142
1,12613,-90
1,30287,-76
1,1860,180
1,33767,-180
1,40805,176
1,15407,26
1,21733,-56
1,7776,-144
1,9944,-194
1,10580,44
1,9136,-122
1,32809,52
1,14696,86
1,4073,-152
1,1291,-46
1,44649,158
1,12353,34
1,41799,-176
1,8705,176
1,18887,-196
1,35365,-64
1,34190,190
1,14980,60
1,44994,-108
1,11435,150
1,26650,-54
1,27860,-112
1,29327,128
1,3974,62
1,43173,-132
1,7807,-38
1,24491,-44
1,36621,-198
1,2704,-108
1,49706,-80
1,13350,-28
1,42689,16
1,45663,34
1,44459,-168
1,5152,74
1,44483,194
1,31939,12
1,35114,52
1,49534,180
1,27141,8
1,11747,-112
1,32443,58
1,42263,-30
1,11626,172
1,27016,-188
1,6125,34
1,5395,174
1,27754,-6
1,21932,-80
1,31468,176
1,23031,16
1,34598,-168
1,36608,14
1,49730,56
1,18427,10
1,19307,-180
1,16186,116
1,44442,48
1,19740,-72
1,171,-118
1,16113,118
1,31307,-188
1,27352,16
1,41488,20
1,4455,-176
1,10531,68
1,9433,134
1,3709,-46
1,46249,-56
1,20853,192
1,21869,18
1,41366,68
1,11649,-26
1,10234,42
1,12566,76
1,19744,6
1,15006,-198
1,12282,26
1,31343,-14
1,339,50
1,10651,114
1,9114,156
1,12434,24
1,4188,-68
1,10059,-94
1,23490,-126
1,5713,-144
1,17070,-66
1,42525,118
1,31392,-100
1,36594,86
1,35471,-158
1,35026,168
1,23708,-38
1,32155,-52
1,6313,-132
1,48755,198
1,31009,138
1,15922,-38
1,47370,-96
1,29080,-56
1,2682,-62
1,4971,84
1,29531,96
1,20,80
1,17177,44
1,23607,194
1,35243,44
1,18357,188
1,1714,150
1,45111,-192
1,17293,136
1,17585,150
1,3553,-58
1,23676,-116
1,32394,86
1,15329,-178
1,10507,-40
1,35447,-184
1,37070,92
1,14057,140
1,18504,-170
1,32591,110
1,31713,78
1,14128,172
1,44108,-140
1,45969,16
1,29972,-108
1,49582,42
1,29286,-36
1,43955,18
1,41278,48
1,5036,-130
1,17101,-130
1,39590,-20
1,5937,62
1,45377,164
1,33051,190
1,12773,-164
1,46311,-100
1,21440,112
1,9409,40
1,2575,30
1,44882,-128
1,16363,-98
1,44377,58
1,21688,-56
1,34594,64
1,3648,-144
1,24330,-144
1,45900,-116
1,39100,-120
1,38637,-34
1,33056,-138
1,9267,-126
1,15130,-24
1,34999,76
1,26374,158
1,27143,100
1,35153,88
1,44186,44
1,20831,192
1,12919,-14
1,49362,178
1,21737,128
1,12503,-146
1,37889,104
1,8532,74
1,27261,186
1,32321,-164
1,36087,-166
1,45234,-78
1,4933,-80
1,29993,-32
1,30701,-74
1,46157,-186
1,2360,-168
1,2276,-38
1,31490,-34
1,31200,-108
1,43404,-104
1,47510,-10
1,3530,116
1,16084,106
1,9278,-86
1,23033,78
1,34240,34
1,38745,-28
1,15857,138
1,43524,-108
1,4954,-194
1,40034,114
1,31213,134
1,45805,154
1,30653,72
1,31828,-22
1,19354,120
1,3422,-196
1,23174,-2
1,43750,-198
1,47949,62
1,47544,-88
1,11236,-80
1,26267,-28
1,47395,76
1,2529,-6
1,23541,54
1,31954,96
1,23226,44
1,38740,162
1,24255,124
1,13427,-118
1,44449,72
1,15199,82
1,44883,-198
1,27217,176
1,18465,-172
1,34344,24
1,25850,-16
1,10523,76
1,18567,34
1,526,-34
1,45956,-68
1,9842,68
1,28017,-200
1,42832,156
1,21851,-120
1,4518,20
1,26516,44
1,35840,174
1,31278,-164
1,16531,178
1,31980,114
1,22167,-170
1,27070,90
1,20080,-140
1,34644,124
1,34640,-146
1,46413,32
1,48515,78
1,11983,22
1,41087,102
1,30798,-10
1,15905,136
1,43165,192
1,23741,-78
1,15105,-48
1,10559,186
1,43515,158
1,44658,-148
1,686,168
1,13227,102
1,6666,52
1,43730,-74
1,17470,-162
1,29782,-184
1,20013,4
1,33993,-76
1,42600,42
1,1837,176
1,25274,60
1,44127,168
1,17651,-184
1,32280,-116
1,225,140
1,46027,100
1,16321,-30
1,28343,88
1,2161,80
1,43699,-56
1,200,94
1,47893,154
1,18223,90
1,34088,34
1,48561,162
1,5401,86
1,16082,-176
1,6268,178
1,39691,-2
1,15449,-2
1,6882,54
1,15448,-80
1,10032,-122
1,15520,-94
1,7043,190
1,31321,192
1,41082,162
1,19053,-86
1,19704,-164
1,34611,112
1,30801,-134
1,31764,64
1,42450,-174
1,14201,40
1,48654,54
1,19682,-44
1,16208,-88
1,45690,-20
1,4048,136
1,7079,-154
1,47014,-124
1,46784,-18
1,29700,-34
1,44259,-8
1,37084,32
1,47339,-176
1,4925,180
1,44522,66
1,45902,-18
1,19333,134
1,7725,-116
1,46168,32
1,41091,198
1,27671,-96
1,4902,-182
1,48065,-150
1,35078,184
1,36166,148
1,49114,122
1,39679,-194
1,20877,114
1,13849,60
1,22230,158
1,7761,182
1,4046,106
1,11587,82
1,15222,170
1,42927,-112
1,46812,-102
1,49835,-194
1,35330,72
1,42029,74
1,33702,70
1,44591,-40
1,14852,-84
1,19132,34
1,34543,12
1,30769,-164
1,31266,-4
1,13100,104
1,3817,-34
1,32606,-96
1,32732,-152
1,5938,190
1,22725,-148
1,9442,64
1,10075,-152
1,24131,190
1,1068,130
1,45092,-184
1,29307,-76
1,18104,146
1,35186,-60
1,23096,-162
1,20263,112
1,27547,-20
1,2115,166
1,38629,-6
1,25921,86
1,28618,126
1,3587,-110
1,34175,-4
1,31875,118
1,18139,124
1,7832,54
1,48326,-136
1,49217,122
1,31865,-22
1,5754,52
1,36170,-68
1,28652,154
1,38590,-156
1,12215,92
1,40740,-110
1,43429,-6
1,15666,-154
1,18237,34
1,7569,40
1,19326,-86
1,7709,56
1,28941,-14
1,21937,-28
1,17433,-46
1,17752,-124
1,11364,128
1,18084,44
1,41680,-100
1,35914,-36
1,6201,86
1,16475,176
1,16578,38
1,44528,188
1,20680,-200
1,30729,-100
1,15604,106
1,10824,114
1,18203,88
1,4927,-94
1,17621,146
1,32041,68
1,10658,-170
1,39376,58
1,23469,-176
1,26333,48
1,7574,-84
1,5798,124
1,4131,158
1,40642,-20
1,16565,68
1,28703,-192
1,14746,-94
1,32543,40
1,40136,148
1,26508,128
1,41141,148
1,42680,114
1,22099,-170
1,9662,-34
1,47660,12
1,27706,-66
1,37825,-42
1,49805,-126
1,9533,66
1,14916,146
1,42989,86
1,19376,-74
1,29887,-20
1,34888,-84
1,48603,-22
1,21832,68
1,20344,-154
1,42803,112
1,40856,-88
1,15361,170
1,49004,-62
1,8288,8
1,3284,-142
1,29697,24
1,15257,102
1,6825,10
1,39575,84
1,26090,-198
1,24293,134
1,37464,-172
1,2547,-158
1,999,92
1,30257,154
1,7649,-2
1,3315,58
1,26209,-154
1,34832,-86
1,38656,-64
1,43163,-56
1,39093,80
1,10404,70
1,30582,-18
1,30702,-164
1,30074,192
1,43841,-160
1,516,-8
1,9242,-176
1,41395,8
1,4813,-24
1,43658,-196
1,25352,-34
1,15250,-54
1,37888,66
1,13457,-196
1,11333,10
1,3679,46
1,26193,28
1,4715,-172
1,20939,34
1,8484,-76
1,3749,96
1,49726,198
1,33600,-4
1,20391,162
1,45274,64
1,33122,120
1,2763,128
1,23542,-132
1,17164,-82
1,13448,156
1,12357,-16
1,3181,-166
1,13258,172
1,45611,-128
1,2564,-90
1,39866,10
1,15496,-138
1,20958,-70
1,47113,-18
1,49025,162
1,14700,-126
1,16836,114
1,6895,-2
1,25614,8
1,21211,-104
1,15215,160
1,11240,-44
1,15613,-174
1,15746,-22
1,23312,-100
1,13532,186
1,37364,-164
1,21820,-154
1,41183,156
1,28610,-152
1,3732,-198
1,12158,18
1,39995,-134
1,18591,30
1,17028,44
1,28928,-90
1,11163,144
1,15740,44
1,31250,-106
1,23916,-56
1,12511,122
1,47015,-22
1,12610,-112
1,12110,194
1,45931,-178
1,24183,-184
1,7470,74
1,22748,-160
1,6310,52
1,4035,178
1,2205,-128
1,46009,124
1,28596,112
1,16573,50
1,8643,152
1,40926,34
1,37970,76
1,26376,-178
1,20182,62
1,7491,10
1,3453,22
1,18190,-80
1,32512,36
1,15919,84
1,7515,76
1,21946,122
1,46842,-196
1,41378,132
1,8667,-160
1,4141,-6
1,10397,124
1,11165,-50
1,29294,-172
1,1215,-54
1,34802,96
1,37807,130
1,29890,148
1,49278,192
1,22573,-112
1,3583,-174
1,32269,-56
1,11593,-100
1,42781,-156
1,23754,62
1,27365,124
1,36765,10
1,27014,104
1,25206,-28
1,2219,-184
1,29158,-154
1,25041,104
1,20191,-30
1,47305,-188
1,18970,-188
1,18110,-166
1,37362,42
1,16646,178
1,12606,50
1,44610,114
1,12827,-102
1,44114,94
1,33378,-166
1,19157,42
1,48303,-200
1,8555,140
1,12450,8
1,3503,-150
1,47221,72
1,27406,62
1,42501,-132
1,40823,120
1,42532,88
1,37502,-70
1,16630,30
1,21613,-80
1,17305,142
1,26158,74
1,9085,164
1,33897,6
1,47373,-108
1,49213,-156
1,30238,-64
1,32354,-166
1,26450,-68
1,22247,-158
1,26819,-162
1,11719,-200
1,46951,-136
1,3895,-8
1,5730,48
1,1672,-170
1,41914,76
1,21864,60
1,3335,-110
1,41748,-128
1,16021,14
1,23453,-180
1,4550,116
1,27174,56
1,21097,66
1,3459,-116
1,21009,-60
1,37386,-110
1,39461,58
1,22655,-60
1,13729,-122
1,5883,-126
1,46364,-96
1,43735,-192
1,43178,12
1,24942,-90
1,38970,-68
1,7039,72
1,12723,192
1,34158,-76
1,39818,2
1,30600,-80
1,20704,108
1,29758,72
1,11697,-36
1,20111,-148
1,37866,72
1,45265,10
1,25627,-110
1,29231,-76
1,5274,-136
1,30152,176
1,18857,-120
1,35177,2
1,14857,142
1,3612,-56
1,19422,84
1,15422,-162
1,5193,192
1,25279,-174
1,38093,108
1,32560,-174
1,5498,64
1,3967,24
1,37618,-162
1,15285,-168
1,47985,118
1,17686,194
1,10860,44
1,32292,-126
1,43464,-36
1,22305,-130
1,3546,-38
1,34047,24
1,44381,-172
1,31389,-164
1,24890,16
1,2319,-164
1,35919,68
1,47687,58
1,22586,50
1,46513,58
1,38837,78
1,36346,34
1,38685,-28
1,25134,52
1,20478,112
1,24661,172
1,33287,-156
1,2540,128
1,21553,-30
1,12638,46
1,23987,148
1,6024,-184
1,44343,-110
1,15041,-36
1,12770,100
1,27220,-100
1,23647,-172
1,49679,78
1,3763,-128
1,37922,160
1,29253,-176
1,38646,-50
1,23766,-192
1,3757,54
1,21151,92
1,12438,26
1,40008,20
1,41788,-62
1,284,152
1,11595,-44
1,5591,122
1,37098,96
1,41293,-16
1,20523,-126
1,33559,52
1,26721,48
1,12661,-82
1,28068,186
1,30581,34
1,19750,-186
1,28663,-106
1,28432,108
1,15946,-194
1,47472,54
1,47028,170
1,21265,104
1,31028,184
1,48427,-160
1,7959,72
1,28673,-56
1,26717,140
1,281,-110
1,4584,-70
1,407,-88
1,49080,-82
1,21407,-44
1,41447,-34
1,15463,38
1,33574,-30
1,9619,-122
1,9593,-32
1,39482,178
1,41297,-82
1,48032,74
1,37474,140
1,25313,24
1,39852,-186
1,16635,-78
1,48630,72
1,21861,68
1,2264,58
1,44167,36
1,5164,4
1,45728,144
1,38761,18
1,38816,134
1,24651,14
1,17236,54
1,14575,24
1,12914,-102
1,9917,170
1,33854,-184
1,46045,10
1,34975,-4
1,4383,-116
1,7971,-40
1,25578,-106
1,2361,160
1,12175,-30
1,9694,100
1,24484,42
1,25966,-112
1,28640,-144
1,1100,-78
1,36939,-120
1,20739,22
1,39197,112
1,11318,172
1,26022,-38
1,44472,164
1,5781,-154
1,7918,16
1,42537,-182
1,47350,142
1,20028,40
1,16075,106
1,25531,24
1,37322,-10
1,2307,-194
1,7804,80
1,36848,64
1,16654,-106
1,4909,2
1,2399,42
1,35318,198
1,38065,-106
1,48521,-132
1,23990,-72
1,29694,-144
1,11758,126
1,13375,52
1,1781,-80
1,49332,24
1,42518,-186
1,12828,-162
1,1477,158
1,40638,186
1,23840,-10
1,49617,-152
1,9291,180
1,8294,-54
1,511,-148
1,11823,-50
1,34340,-156
1,40595,-110
1,26747,46
1,33913,80
1,22760,150
1,7775,-134
1,23575,-88
1,46755,6
1,10829,-182
1,29988,172
1,4824,130
1,45665,156
1,27505,152
1,41159,160
1,44402,-42
1,41120,-36
1,28121,-10
1,27329,50
1,18891,162
1,42320,-12
1,19099,160
1,10256,-64
1,10542,-54
1,25959,-8
1,44609,162
1,27226,124
1,22202,150
1,26039,112
1,47413,-80
1,14383,-42
1,2136,-26
1,12630,74
1,30782,78
1,12327,30
1,14153,-120
1,38049,-68
1,45847,-92
1,44706,-78
1,31357,110
1,19761,-12
1,16736,-122
1,6978,158
1,6215,-162
1,24311,-98
1,32807,92
1,9316,150
1,9691,-104
1,16897,134
1,36526,72
1,4772,24
1,23515,192
1,30588,172
1,39596,130
1,26143,146
1,29793,-132
1,8814,-146
1,21178,-6
1,45241,-76
1,26034,178
1,23301,-90
1,20102,-56
1,35197,-128
1,10076,152
1,3005,-50
1,31127,102
1,21139,-182
1,11182,-178
1,33440,-40
1,44884,170
1,13614,6
1,7004,18
1,44342,-4
1,14333,-188
1,16252,194
1,31447,122
1,40771,-200
1,6062,108
1,25136,112
1,15166,44
1,37606,62
1,20030,146
1,33126,-162
1,1358,-108
1,833,178
1,16385,-40
1,39858,166
1,35368,170
1,49736,-4
1,8337,-90
1,27649,-188
1,23019,2
1,23020,-96
1,37699,-174
1,44535,88
1,20259,-26
1,2872,194
1,27006,26
1,5006,140
1,42541,104
1,30550,-30
1,8481,-104
1,41880,104
1,22213,-134
1,953,132
1,48258,80
1,32059,-18
1,48638,-26
1,30446,20
1,13085,66
1,28381,128
1,20452,142
1,41822,72
1,18582,-28
1,30583,148
1,31409,-146
1,12168,-116
1,25057,-82
1,49320,182
1,21677,198
1,43584,-10
1,34495,-64
1,40627,-64
1,14412,-80
1,27769,-150
1,19399,-76
1,2901,80
1,30264,128
1,21462,148
1,34377,56
1,16397,-104
1,6208,-74
1,45784,184
1,43678,-96
1,16180,-10
1,33334,-156
1,39442,-160
1,38425,-98
1,37557,-4
1,31508,76
1,28171,-70
1,48808,26
1,29154,198
1,18010,176
1,7665,120
1,45743,120
1,33848,-18
1,2849,-60
1,16994,-92
1,31514,-16
1,34117,138
1,30174,142
1,43885,-130
1,35132,50
1,9717,66
1,15306,-32
1,34476,-20
1,2466,32
1,16733,102
1,8743,64
1,26259,138
1,29,26
1,28354,-116
1,45658,-96
1,29165,-66
1,43888,92
1,33523,156
1,11596,-102
1,12217,68
1,29537,-168
1,18185,198
1,32759,196
1,20994,100
1,6690,-88
1,13006,-86
1,18769,106
1,440,-86
1,34181,-52
1,27414,4
1,39848,-164
1,5204,160
1,37852,122
1,23743,142
1,41888,-182
1,16685,-24
1,17747,46
1,25308,-190
1,35287,52
1,4581,26
1,45930,-152
1,41324,8
1,7898,30
1,37732,188
1,35179,130
1,38938,152
1,15063,-44
1,10212,66
1,43936,32
1,25681,-168
1,25529,14
1,34512,-134
1,24176,72
1,30186,-78
1,15483,110
1,19325,-46
1,27359,-148
1,30800,178
1,24192,-36
1,41967,160
1,18506,-48
1,40386,190
1,42281,78
1,4182,-38
1,21314,146
1,9920,-140
1,13063,176
1,26537,172
1,34939,-34
1,40365,-16
1,44972,-194
1,3614,12
1,20390,196
1,4263,152
1,34451,-114
1,42750,-62
1,45487,-6
1,33169,96
1,30309,186
1,3013,-66
1,47206,-94
1,34283,-196
1,28515,-114
1,6609,-120
1,26222,26
1,26006,-172
1,30085,32
1,11452,-8
1,35876,68
1,23398,62
1,30932,86
1,3438,180
1,49465,-84
1,14839,-188
1,13165,-24
1,39886,-42
1,41050,40
1,26244,-158
1,35123,36
1,22439,186
1,8298,24
1,18635,-96
1,21815,-18
1,18028,104
1,26711,150
1,12144,-136
1,13967,102
1,48193,-196
1,49930,68
1,10840,92
1,14671,-138
1,19632,196
1,16854,-104
1,37912,-182
1,5066,-158
1,42647,-144
1,11041,-36
1,38948,54
1,36442,-26
1,1346,-22
1,27874,140
1,40735,-110
1,39272,-154
1,19372,72
1,11455,102
1,1197,-112
1,30329,-136
1,49618,58
1,22194,72
1,42819,-192
1,37063,190
1,43863,16
1,31461,-86
1,10369,184
1,3911,24
1,37206,146
1,47043,-20
1,21342,-50
1,16547,156
1,21146,106
1,37043,-74
1,35993,-134
1,40504,68
1,7975,-110
1,40579,-92
1,5598,52
1,22078,6
1,46917,194
1,45023,190
1,31620,-62
1,1224,-128
1,18747,-16
1,8870,-108
1,6872,178
1,43295,-44
1,20404,68
1,366,130
1,41975,-134
1,34784,-18
1,24881,182
1,27354,76
1,37988,-124
1,29207,192
1,14619,12
1,36853,102
1,30851,12
1,104,134
1,28653,150
1,35518,148
1,49404,108
1,31502,-88
1,44008,-176
1,47156,124
1,49910,128
1,11682,130
1,37655,128
1,33683,136
1,39032,108
1,19948,98
1,28929,-20
1,32202,40
1,21697,82
1,40574,-98
1,26757,-148
1,17558,-28
1,38315,166
1,10988,-122
1,1415,-142
1,38768,112
1,33045,-168
1,32071,-184
1,11835,-122
1,28425,26
1,28792,-122
1,30632,66
1,12873,-56
1,251,96
1,32883,154
1,46476,-36
1,13804,64
1,13924,136
1,44617,-134
1,39050,184
1,45681,68
1,47690,-120
1,44780,164
1,31462,108
1,6720,-82
1,36496,-156
1,30001,118
1,34288,144
1,45668,116
1,49768,50
1,36361,-88
1,13114,-102
1,17148,64
1,34214,-110
1,5150,82
1,925,-94
1,1756,-40
1,7967,-50
1,14033,-190
1,38769,114
1,39037,174
1,7222,164
1,16175,-132
1,32928,88
1,42140,144
1,16779,54
1,21324,12
1,18803,-20
1,29863,92
1,9972,78
1,40730,96
1,8516,-188
1,42643,-12
1,37149,178
1,34614,150
1,35401,-146
1,45738,-120
1,40680,-186
1,13511,-170
1,21703,42
1,20501,-28
1,28937,88
1,6829,-18
1,48539,-54
1,42800,-192
1,35157,-92
1,44165,4
1,2888,-100
1,49741,10
1,17327,-126
1,19492,-150
1,1713,50
1,48565,-8
1,23698,-36
1,25431,128
1,23934,-172
1,21634,42
1,8607,-118
1,4165,16
1,44177,-190
1,3527,-74
1,40082,86
1,42751,134
1,49951,110
1,39196,44
1,20163,124
1,32796,118
1,1938,-156
1,35589,-82
1,32475,-154
1,17609,40
1,16757,-54
1,19778,82
1,20088,-104
1,17587,168
1,14463,10
1,12432,-182
1,1266,-160
1,48185,4
1,37297,112
1,10287,118
1,30120,-126
1,21902,72
1,2464,146
1,35800,-124
1,1831,-34
1,15973,122
1,44705,-176
1,27038,68
1,31864,188
1,33323,142
1,43116,72
1,16771,-80
1,38458,54
1,41482,-122
1,7338,-116
1,18466,-86
1,30418,20
1,42114,136
1,6857,-186
1,12845,84
1,8197,160
1,6170,-28
1,6644,-158
1,6889,12
1,17743,28
1,19865,184
1,34586,54
1,45098,120
1,32228,-188
1,11423,76
1,46435,-38
1,25076,68
1,1873,70
1,32481,156
1,44246,56
1,5483,112
1,24026,-52
1,5540,10
1,33008,-92
1,5570,-110
1,29472,66
1,14200,-130
1,22898,148
1,22807,-2
1,30770,-112
1,28844,-154
1,5118,132
1,47802,-56
1,28345,118
1,34834,34
1,4707,98
1,9846,156
1,43930,94
1,31530,90
1,24792,-136
1,38555,46
1,20406,-140
1,48339,-18
1,5723,24
1,29305,-198
1,19838,-176
1,33027,98
1,4775,8
1,35655,-156
1,3468,120
1,27681,56
1,5390,-130
1,45523,176
1,7637,124
1,28541,26
1,31145,80
1,33197,16
1,10821,-30
1,15968,-76
1,37130,-116
1,22665,188
1,39642,76
1,45205,112
1,127,-96
1,42224,-120
1,43287,-22
1,39997,-126
1,26207,-42
1,46458,60
1,22967,-114
1,28525,180
1,39350,66
1,47663,128
1,48809,38
1,37007,44
1,16699,112
1,14365,-48
1,31465,4
1,23514,-28
1,15058,-144
1,10866,2
1,41692,66
1,22709,-94
1,48643,156
1,7693,106
1,41382,-178
1,43846,-168
1,19832,-110
1,6551,-170
1,43505,12
1,7224,146
1,49041,94
1,13435,6
1,42362,26
1,21843,14
1,19683,-42
1,44508,66
1,10990,178
1,40015,36
1,20755,-196
1,11223,78
1,17628,-66
1,48559,6
1,22943,-188
1,42851,104
1,8581,134
1,5409,-200
1,38048,42
1,25982,8
1,36976,22
1,14320,-58
1,6075,-6
1,32357,-66
1,11490,-78
1,8128,92
1,13961,-102
1,43369,-104
1,11427,-84
1,36911,-36
1,24631,14
1,43275,-82
1,12833,184
1,18374,62
1,4024,126
1,9536,-8
1,35805,88
1,35898,42
1,49044,-4
1,47438,146
1,43693,-142
1,40491,-16
1,18580,190
1,14649,-110
1,2805,146
1,21403,-10
1,21253,-196
1,30598,98
1,1380,-180
1,44496,-32
1,41958,170
1,43175,88
1,5405,126
1,21858,34
1,36547,56
1,46869,-92
1,9865,-116
1,47276,174
1,16574,194
1,44766,-44
1,15171,-122
1,14449,34
1,37359,60
1,2494,-66
1,36540,-180
1,4529,-156
1,681,196
1,306,26
1,13841,-126
1,34170,-18
1,4302,-28
1,38731,84
1,27064,76
1,25345,-98
1,48052,-4
1,16396,52
1,25517,-84
1,31929,-156
1,40746,34
1,32446,30
1,33553,-26
1,8910,50
1,10699,120
1,31060,-120
1,4417,134
1,13944,90
1,35056,-32
1,16399,-146
1,5474,-112
1,48585,178
1,32065,-192
1,7618,14
1,45747,-184
1,40828,-42
1,49891,-62
1,208,92
1,17299,-30
1,27497,-192
1,194,-110
1,24676,8
1,44912,194
1,37573,-54
1,44576,-102
1,4038,52
1,22178,-20
1,42756,-80
1,31916,-106
1,36143,-110
1,27848,-48
1,34795,-100
1,45746,-160
1,9270,-122
1,12940,116
1,49501,-82
1,17792,38
1,38240,-194
1,28308,-92
1,12744,-186
1,4093,86
1,41253,-90
1,45874,152
1,47665,130
1,14814,24
1,44638,-76
1,13945,34
1,7003,126
1,20899,168
1,39949,168
1,13385,-24
1,14488,-66
1,254,152
1,43779,46
1,30606,96
1,21134,104
1,38577,-144
1,24698,198
1,24609,-120
1,9476,160
1,10790,-168
1,7983,-130
1,38133,102
1,38029,104
1,47989,66
1,12518,18
1,49353,-190
1,19491,-166
1,5109,8
1,30301,16
1,33719,-70
1,49970,-176
1,41806,10
1,43298,-46
1,22108,-110
1,40798,182
1,37623,96
1,38565,114
1,42735,98
1,45122,-90
1,45909,116
1,35874,150
1,34771,-96
1,927,-138
1,41626,-200
1,19788,-146
1,39902,38
1,40895,-8
1,48816,-156
1,21631,166
1,36989,-8
1,1887,122
1,4464,112
1,48676,94
1,45193,-116
1,7889,88
1,26054,94
1,31737,-120
1,29392,96
1,45270,-128
1,48437,40
1,42151,-96
1,18628,-116
1,17097,-56
1,39118,100
1,15712,-100
1,33355,26
1,23731,-160
1,16748,-158
1,44605,-16
1,22808,-4
1,13972,-156
1,49652,62
1,21994,178
1,17505,56
1,22005,152
1,25424,-168
1,33875,-106
1,17313,-88
1,19497,-50
1,35778,58
1,47602,72
1,27238,36
1,36529,98
1,8067,-78
1,21752,10
1,24129,2
1,18553,12
1,47986,-136
1,10696,116
1,15234,-160
1,37289,122
1,39312,26
1,26208,130
1,46959,44
1,27556,162
1,46743,-22
1,8623,-78
1,25271,-82
1,8030,20
1,11004,-76
1,47967,-6
1,6682,-146
1,23216,70
1,41450,4
1,35230,20
1,42422,26
1,1267,170
1,17659,154
1,3238,178
1,48405,-182
1,46580,-122
1,1058,-54
1,20247,44
1,25332,-80
1,29518,-92
1,23719,66
1,9845,24
1,24649,148
1,5421,-146
1,27455,18
1,32741,-160
1,38791,26
1,12062,8
1,26124,96
1,2836,-128
1,28352,134
1,42252,-76
1,27158,84
1,19351,164
1,30896,174
1,4397,90
1,13338,132
1,40303,64
1,4892,-92
1,31159,122
1,44229,110
1,40962,142
1,2666,60
1,43341,126
1,12469,-196
1,16558,-170
1,6478,-92
1,6467,120
1,34762,-82
1,18933,-92
1,42182,90
1,29219,-194
1,27568,98
1,4152,174
1,27756,-142
1,2051,-164
1,3979,174
1,36713,-86
1,2937,136
1,34555,46
1,48727,110
1,30166,-150
1,49364,198
1,15167,152
1,2685,-42
1,6566,152
1,14002,-78
1,43399,122
1,38808,148
1,5119,-166
1,29797,-164
1,1454,-188
1,32153,100
1,20942,-68
1,17219,-196
1,49511,-96
1,45277,-144
1,7318,164
1,9045,172
1,23689,32
1,16305,-124
1,11246,10
1,19695,130
1,6116,108
1,24794,12
1,40964,-130
1,44969,-132
1,20843,32
1,5902,112
1,42508,22
1,19244,130
1,26761,-14
1,41126,-80
1,15456,128
1,9090,-20
1,24944,174
1,12526,-36
1,48492,34
1,41026,126
1,25050,68
1,14521,124
1,5364,146
1,25664,-192
1,1752,174
1,17717,-58
1,1467,172
1,13300,24
1,21110,130
1,26696,124
1,24799,-26
1,7394,-12
1,33348,-118
1,32113,-10
1,34333,192
1,43638,58
1,7593,38
1,6273,134
1,36251,50
1,13826,16
1,28339,-122
1,5494,-118
1,74,-130
1,9630,40
1,27103,-54
1,5603,86
1,2288,26
1,28617,40
1,22827,112
1,15401,54
1,9163,-6
1,29017,76
1,28346,170
1,25998,-126
1,49193,102
1,34230,40
1,49926,-26
1,14894,122
1,49357,164
1,9089,-72
1,11772,-44
1,39884,66
1,19323,-30
1,49562,2
1,23738,126
1,4951,-140
1,23683,-148
1,22414,60
1,30999,-72
1,27326,124
1,43012,20
1,36903,176
1,21962,-146
1,21336,174
1,5336,156
1,49272,16
1,33049,86
1,20856,196
1,43913,-58
1,17513,12
1,13302,38
1,25375,-62
1,33272,-44
1,45109,152
1,37108,-62
1,2442,-110
1,9387,148
1,35986,-88
1,34107,-132
1,17740,20
1,86,-144
1,1201,142
1,27020,132
1,15133,-84
1,14553,104
1,2648,-190
1,4667,-106
1,11588,-170
1,45413,162
1,38915,116
1,32857,92
1,5487,-18
1,44453,176
1,30783,142
1,10519,-160
1,433,166
1,25686,-114
1,13955,190
1,34414,-44
1,12657,52
1,15908,-142
1,46200,18
1,31497,84
1,49976,16
1,26551,-196
1,11155,-152
1,22344,98
1,36897,110
1,15252,-192
1,49955,-108
1,8571,-88
1,13779,-198
1,17527,110
1,21582,-90
1,45834,160
1,28995,-86
1,10402,174
1,13276,28
1,7635,-120
1,12506,-82
1,2970,12
1,48071,12
1,29561,172
1,41090,154
1,49184,32
1,2099,118
1,24956,-42
1,8459,-46
1,42784,-196
1,48636,12
1,13760,-172
1,9679,-170
1,41014,54
1,41478,30
1,49032,106
1,1318,-140
1,2696,-30
1,11793,152
1,42323,-144
1,2429,72
1,28469,88
1,45945,66
1,35424,140
1,9440,150
1,16369,94
1,14654,-66
1,25909,-36
1,21435,-122
1,40702,-100
1,17278,-90
1,32083,-22
1,22179,-120
1,34062,-116
1,30065,-192
1,25569,10
1,38564,-110
1,22356,196
1,6678,198
1,13219,-156
1,27651,184
1,21900,-188
1,10987,-190
1,14757,-24
1,48954,184
1,38658,-160
1,30590,2
1,36180,-30
1,49468,118
1,29737,130
1,31651,-176
1,20724,-126
1,20954,-114
1,22708,192
1,38206,38
1,48911,16
1,552,-40
1,15369,-38
1,20082,-150
1,42438,174
1,37009,-84
1,28383,18
1,28752,-20
1,2646,-22
1,26256,-24
1,4269,82
1,40137,192
1,3972,92
1,37478,88
1,6307,164
1,49269,28
1,19731,-138
1,2331,-134
1,41099,-200
1,49705,22
1,29355,-78
1,38940,36
1,33343,-40
1,22339,100
1,13005,-166
1,16841,-86
1,47075,-166
1,11386,-50
1,34349,32
1,28477,166
1,46251,-116
1,31696,58
1,42793,-186
1,23087,-166
1,29335,168
1,32032,94
1,46154,8
1,44729,84
1,17485,-124
1,19215,-86
1,34317,126
1,22658,10
1,44093,-198
1,24385,-24
1,41438,164
1,14934,30
1,37813,-68
1,43630,72
1,27096,174
1,45713,-30
1,7310,188
1,33512,-140
1,24039,14
1,32803,-164
1,32218,-128
1,36539,-96
1,20449,130
1,22193,-184
1,45067,-150
1,7558,80
1,866,-62
1,3881,22
1,3744,-18
1,21525,-110
1,30539,-22
1,38136,-12
1,27525,-90
1,22940,-14
1,14815,112
1,21106,4
1,41211,-32
1,31053,-94
1,14699,-100
1,2971,-30
1,39774,32
1,3765,68
1,37424,182
1,1491,-174
1,6606,136
1,24634,-74
1,29833,56
1,7479,-186
1,48025,-166
1,2811,-64
1,48446,64
1,23748,-42
1,32963,46
1,48546,-70
1,16277,-4
1,43985,-166
1,3404,-196
1,1753,-8
1,44309,42
1,28708,138
1,19014,8
1,8660,28
1,11891,-114
1,5726,122
1,5379,-64
1,12808,-28
1,8149,-136
1,9008,-100
1,12695,-110
1,40566,-8
1,34305,196
1,16386,-82
1,20042,-98
1,11002,98
1,35934,-172
1,23704,156
1,28832,198
1,10034,56
1,34430,-196
1,21326,-106
1,44222,-24
1,43143,-116
1,36689,16
1,26601,168
1,5275,40
1,40166,-36
1,10263,-112
1,3232,-58
1,29186,68
1,46283,148
1,35490,-200
1,19645,-82
1,28030,-54
1,34567,38
1,41226,164
1,41433,134
1,12930,-196
1,38045,-180
1,39122,-116
1,23790,-112
1,24892,-186
1,26641,30
1,184,140
1,21427,-144
1,44953,194
1,48596,90
1,41113,40
1,34063,146
1,6223,62
1,39506,144
1,1573,-172
1,38528,-96
1,30785,188
1,2179,-74
1,9521,176
1,8886,-46
1,32873,98
1,3099,-158
1,2436,142
1,21731,50
1,34945,-92
1,27293,-184
1,11798,-184
1,11415,42
1,22741,-58
1,18952,-158
1,19536,142
1,20963,164
1,2619,-132
1,32025,-44
1,22013,176
1,30822,-192
1,14554,124
1,23194,64
1,46238,60
1,33148,-158
1,22581,-140
1,31433,108
1,679,68
1,43915,126
1,14287,-88
1,9856,-48
1,22706,-172
1,26680,136
1,25000,118
1,10095,156
1,28560,92
1,28849,144
1,44320,-82
1,11637,62
1,27053,-176
1,35717,-60
1,18816,-50
1,16556,-44
1,1633,150
1,41301,-200
1,29891,178
1,37834,-52
1,49021,102
1,39883,132
1,48370,186
1,9817,172
1,22492,-168
1,25266,182
1,26324,20
1,38878,144
1,23437,-198
1,45002,156
1,1784,190
1,20257,36
1,19305,-200
1,14512,-176
1,41934,-50
1,43900,132
1,48072,172
1,10204,-200
1,36473,180
1,18062,-30
1,49214,-170
1,22222,-96
1,49279,-98
1,3665,-196
1,48533,72
1,39421,106
1,1884,8
1,5926,-100
1,20489,10
1,2796,-144
1,10979,98
1,46395,54
1,17645,-146
1,22326,-104
1,22521,176
1,13296,12
1,38484,134
1,36858,84
1,42509,-68
1,18379,-32
1,41587,-26
1,29995,6
1,25052,180
1,2312,-10
1,8596,190
1,12411,-108
1,13522,132
1,44349,10
1,11706,94
1,40395,-14
1,44928,196
1,19191,166
1,36333,110
1,23892,-182
1,33381,8
1,36574,110
1,4498,-56
1,15840,94
1,38503,-72
1,16546,-40
1,16428,22
1,21983,176
1,34394,124
1,18324,176
1,5448,84
1,14450,-186
1,823,-130
1,23716,-124
1,469,-130
1,42952,-154
1,2263,-152
1,43848,-68
1,38981,194
1,24897,-114
1,46974,-60
1,7765,32
1,17324,144
1,2347,-78
1,3146,-142
1,39189,16
1,24717,-42
1,16377,98
1,17436,-32
1,5226,2
1,46722,150
1,41786,148
1,46291,176
1,17754,-152
1,5294,-6
1,26841,32
1,6681,94
1,45545,-96
1,26937,-172
1,6804,-174
1,15110,186
1,44818,100
1,23217,-82
1,21458,62
1,12180,84
1,1418,142
1,24865,-172
1,20083,6
1,37815,-144
1,19121,-158
1,24606,-86
1,13799,16
1,32979,-64
1,10555,78
1,27382,172
1,34284,-30
1,22815,-120
1,4373,100
1,29969,170
1,7166,190
1,11189,108
1,37299,38
1,16792,-70
1,18661,-122
1,16296,126
1,7401,92
1,34479,106
1,14608,194
1,826,-170
1,11313,142
1,38314,148
1,24972,176
1,36521,-154
1,48058,-190
1,26172,-44
1,16152,-68
1,29986,108
1,10685,18
1,14566,-78
1,25685,-66
1,41461,-188
1,5739,-22
1,32998,-188
1,246,-70
1,2857,140
1,39914,6
1,49409,150
1,17511,-118
1,9308,184
1,40694,-166
1,25837,-164
1,22110,22
1,25108,144
1,46103,-162
1,49135,-188
1,15220,-156
1,33626,-172
1,46030,124
1,47112,-104
1,5252,-112
1,40845,42
1,2141,162
1,5771,-94
1,26918,-22
1,2781,196
1,46509,126
1,12730,158
1,21102,132
1,44744,44
1,463,86
1,33389,-160
1,34279,-176
1,36775,-22
1,27876,-56
1,11056,-62
1,7927,174
1,48525,-158
1,45058,-162
1,22127,-24
1,1242,-118
1,26899,-82
1,936,132
1,30741,-186
1,9530,-178
1,19914,-146
1,4900,140
1,44032,-142
1,12096,148
1,22555,-94
1,23176,-62
1,19071,168
1,16457,-152
1,42375,-90
1,31196,176
1,39349,-118
1,40820,128
1,39056,100
1,37578,-18
1,40344,-150
1,40266,-198
1,18606,-66
1,20381,10
1,34227,132
1,20179,-122
1,19957,32
1,34334,98
1,3362,-60
1,10515,88
1,40907,-140
1,30108,-24
1,41563,126
1,47268,-192
1,24065,138
1,44176,-40
1,29743,-32
1,23,-140
1,47840,122
1,19651,-146
1,44478,192
1,40940,22
1,33347,-128
1,43475,-154
1,24456,174
1,21875,-186
1,40546,44
1,45228,-8
1,12774,-62
1,29379,-108
1,21664,164
1,13770,38
1,24010,16
1,31985,66
1,20959,82
1,44169,-108
1,7728,116
1,2950,90
1,37105,-82
1,11830,134
1,7295,-98
1,49785,28
1,39862,-28
1,40419,-154
1,40290,128
1,8791,-26
1,3203,-162
1,9088,118
1,7935,22
1,23613,88
1,45547,70
1,32143,-8
1,25539,128
1,7837,-162
1,17695,78
1,38087,14
1,27975,-134
1,21047,92
1,38896,30
1,11374,6
1,24424,172
1,38865,-10
1,40824,-130
1,43558,32
1,43836,-18
1,6836,110
1,47050,-136
1,25798,-20
1,27724,142
1,25553,-156
1,33965,158
1,41572,14
1,29440,160
1,5765,50
1,26026,-150
1,42853,-72
1,19998,-122
1,44620,-20
1,49103,102
1,46853,-74
1,1830,122
1,11604,100
1,23837,180
1,5850,90
1,482,168
1,29433,-158
1,36073,-50
1,35801,-194
1,18471,-198
1,23612,74
1,49378,-118
1,2967,-96
1,18912,-30
1,39318,136
1,7126,156
1,39635,-156
1,43415,-72
1,5854,-98
1,21526,118
1,49791,-90
1,34684,-178
1,49178,126
1,40452,-86
1,13580,-62
1,14428,134
1,13605,144
1,387,-118
1,32412,-138
1,41940,176
1,9144,-20
1,24513,188
1,12078,162
1,24687,38
1,16100,-154
1,32172,196
1,23786,-10
1,41526,-56
1,28441,-66
1,37759,130
1,31059,-196
1,13502,68
1,26353,-60
1,2239,-54
1,5934,-22
1,13426,-66
1,3098,104
1,4206,162
1,18883,108
1,8981,-70
1,17396,-46
1,11878,-120
1,28009,36
1,4289,-158
1,29597,-4
1,6944,-62
1,17775,-174
1,29569,-112
1,19384,-94
1,16335,-22
1,28523,106
1,328,-118
1,5711,-160
1,5908,-162
1,2500,58
1,11711,176
1,45500,104
1,18250,96
1,48880,-132
1,4669,138
1,39311,182
1,21152,-54
1,42080,-54
1,19264,88
1,3416,-76
1,39533,26
1,28137,-28
1,45584,-120
1,47041,-186
1,32471,178
1,46624,-58
1,26227,114
1,27573,-192
1,22756,78
1,33155,-108
1,28557,108
1,28636,-172
1,40493,152
1,4019,-2
1,31757,-50
1,38481,22
1,49330,152
1,39839,-136
1,43870,-198
1,35683,-182
1,9295,-6
1,45243,66
1,7543,88
1,37964,136
1,9982,88
1,11106,166
1,599,48
1,36787,108
1,18387,196
1,18555,-16
1,26068,-186
1,15551,-58
1,41215,-170
1,32477,-54
1,8476,102
1,23294,130
1,48406,-70
1,22998,196
1,3240,-196
1,3275,92
1,46984,-184
1,23648,120
1,43953,114
1,37480,156
1,11925,-10
1,36224,34
1,29805,-66
1,27986,52
1,12266,100
1,33850,180
1,37822,-140
1,38573,-178
1,39247,-68
1,7149,54
1,17167,-116
1,21491,-100
1,7796,130
1,14068,66
1,1368,-94
1,9927,150
1,31625,-184
1,17099,-90
1,14288,-134
1,17351,104
1,14926,124
1,12225,22
1,30513,46
1,44262,-38
1,6946,-146
1,4297,-178
1,7164,54
1,35572,-152
1,49621,138
1,44646,46
1,1341,-70
1,40055,-146
1,10208,192
1,20688,106
1,33781,-72
1,45673,-106
1,24534,-34
1,11882,-160
1,41318,58
1,2733,80
1,47948,-18
1,7305,16
1,42639,50
1,6700,-86
1,3704,-70
1,49548,38
1,35739,-118
1,9107,-56
1,48367,194
1,47257,186
1,2019,-104
1,19308,168
1,48012,-162
1,3122,96
1,41725,-138
1,44872,20
1,8039,24
1,48407,4
1,44607,-90
1,39572,14
1,34137,26
1,3594,98
1,40560,130
1,18877,126
1,14813,32
1,38449,-66
1,2097,198
1,25594,-8
1,7500,-174
1,46679,-170
1,17230,-118
1,37045,40
1,28965,-172
1,37654,46
1,17629,98
1,916,128
1,23557,-38
1,16859,-34
1,5590,-194
1,21709,72
1,41402,98
1,16356,-176
1,8135,132
1,31784,-98
1,29830,-188
1,41157,-110
1,46329,-86
1,18771,100
1,12233,-74
1,5426,6
1,31406,132
1,39753,-168
1,1162,-188
1,12913,-106
1,47409,-82
1,23566,-56
1,18478,-92
1,22056,-196
1,43993,148
1,34930,-32
1,2290,-48
1,28904,-28
1,1394,-182
1,39369,-150
1,16577,194
1,44326,150
1,19302,64
1,43879,4
1,26769,-146
1,20605,-24
1,32523,-138
1,16181,146
1,19602,-56
1,30573,-158
1,4837,-178
1,26019,-86
1,25099,190
1,2314,68
1,19810,104
1,43366,62
1,1646,-74
1,27360,46
1,22536,-8
1,49840,-64
1,41168,-66
1,39009,-16
1,13043,-164
1,23143,-6
1,33030,-42
1,35899,40
1,31255,-122
1,612,-88
1,27254,-70
1,44963,-184
1,185,-36
1,28221,68
1,21878,70
1,16600,-44
1,15390,164
1,9471,84
1,15643,-92
1,28125,-186
1,4964,94
1,21687,-196
1,21797,172
1,37796,108
1,43228,144
1,15935,148
1,9125,114
1,2483,-130
1,9028,-6
1,44524,124
1,5838,-198
1,3775,84
1,37357,198
1,25893,-158
1,627,168
1,44543,196
1,38606,-158
1,17561,-128
1,25753,-182
1,49556,-66
1,385,84
1,34959,-192
1,27669,110
1,31243,72
1,8306,6
1,8116,16
1,40862,180
1,23177,92
1,6725,-94
1,17647,26
1,5794,152
1,3962,164
1,9395,158
1,29135,-94
1,18847,102
1,6523,-54
1,45368,194
1,31948,32
1,24007,-174
1,23597,94
1,41505,-44
1,21472,-144
1,26163,8
1,3717,-42
1,18053,-94
1,24632,8
1,4945,-86
1,14937,192
1,26521,54
1,44324,18
1,25976,108
1,43671,-92
1,29576,110
1,3903,118
1,39445,-190
1,9827,158
1,13289,-116
1,3690,198
1,7546,-160
1,46898,-46
1,27549,104
1,48956,82
1,49091,110
1,20780,136
1,32985,76
1,2818,72
1,22882,-110
1,17832,8
1,33967,2
1,42188,152
1,12120,-198
1,18054,-34
1,46790,170
1,3770,-66
1,43109,-8
1,7386,-98
1,2400,-140
1,14510,192
1,18578,62
1,38305,-196
1,28448,-134
1,24652,194
1,45925,-10
1,2773,-40
1,8578,-150
1,2215,166
1,16831,94
1,4497,-114
1,2082,86
1,28478,26
1,6962,12
1,33366,110
1,13810,-126
1,29485,98
1,41338,72
1,14418,-152
1,19945,114
1,3394,-128
1,23720,12
1,26776,188
1,7732,-112
1,8194,-40
1,34715,-200
1,22210,-52
1,36183,-66
1,49057,16
1,47010,80
1,958,96
1,31287,118
1,13083,28
1,36044,56
1,36628,-184
1,9489,158
1,3693,148
1,35105,-130
1,35019,72
1,43337,54
1,18530,138
1,6137,-68
1,17899,58
1,30608,40
1,22363,-82
1,21583,74
1,11633,150
1,41128,12
1,2234,62
1,1013,152
1,21095,116
1,17927,20
1,43451,-82
1,7277,118
1,25403,122
1,16370,-52
1,3442,88
1,6915,-82
1,43294,-74
1,47868,-106
1,27018,-4
1,1122,182
1,23053,-176
1,46669,-12
1,14784,-160
1,42265,-54
1,22754,-124
1,15678,154
1,12328,-12
1,8680,84
1,16820,-50
1,47355,-110
1,8022,-40
1,20284,124
1,48797,118
1,31624,-196
1,16226,2
1,2550,8
1,36095,78
1,13719,-80
1,4505,16
1,12130,104
1,38214,-66
1,10348,56
1,7480,164
1,49411,152
1,35221,-104
1,23763,70
1,49329,180
1,42798,-66
1,45026,116
1,28535,188
1,8479,198
1,15661,-108
1,37809,-188
1,4868,74
1,22224,-124
1,6585,-60
1,35128,154
1,48978,-154
1,11160,96
1,2996,14
1,30114,-144
1,15400,164
1,15608,-70
1,29864,130
1,17372,88
1,19506,106
1,46576,-112
1,21259,106
1,7886,-160
1,48955,-114
1,44954,138
1,35612,-46
1,28372,-132
1,43776,-170
1,26969,80
1,16959,22
1,5110,-128
1,30027,178
1,45210,-60
1,38551,118
1,25778,36
1,42727,14
1,8463,150
1,49168,162
1,2964,-72
1,4243,-58
1,39367,-112
1,23955,-132
1,33800,146
1,26301,-188
1,48728,178
1,17610,-8
1,41619,22
1,45490,162
1,44439,-188
1,42937,-44
1,20330,164
1,24417,62
1,10398,30
1,5086,-52
1,48613,136
1,43581,-60
1,20003,-108
1,17776,-112
1,3178,176
1,29504,-168
1,35187,102
1,23543,-108
1,46344,172
1,10664,-132
1,43232,50
1,18605,-72
1,43304,-42
1,22684,118
1,49504,136
1,44680,-38
1,7890,-186
1,36295,78
1,11376,-2
1,45772,52
1,28749,-14
1,34379,-130
1,36944,150
1,20012,154
1,23630,66
1,37776,36
1,11957,-50
1,7894,-92
1,20242,-140
1,3261,-68
1,29255,14
1,28955,54
1,35549,42
1,26762,6
1,45643,20
1,25061,-172
1,10998,-60
1,40141,6
1,48464,52
1,2534,76
1,23227,40
1,49090,-104
1,5557,-22
1,33930,-40
1,12294,-58
1,23765,54
1,35935,60
1,11170,172
1,4381,10
1,16762,110
1,14838,-118
1,31137,-16
1,25318,-182
1,41745,-140
1,561,-78
1,27405,-86
1,22228,-192
1,42303,180
1,29648,162
1,7497,-80
1,47851,-28
1,43909,164
1,26440,-74
1,41331,-108
1,9803,-172
1,47942,30
1,20736,-196
1,37853,26
1,34373,-198
1,46721,32
1,854,140
1,9439,72
1,16003,-114
1,7367,130
1,43137,8
1,21290,14
1,44888,-168
1,7156,-84
1,23264,-78
1,4960,-182
1,13909,-154
1,40688,10
1,22992,174
1,46340,70
1,46587,92
1,45645,142
1,29112,14
1,49675,-198
1,27609,8
1,4749,8
1,3319,-134
1,6354,-116
1,45374,124
1,1009,146
1,22062,28
1,40150,-86
1,9415,-26
1,24703,-12
1,13694,-46
1,31106,138
1,7938,-18
1,33627,172
1,37352,130
1,28162,-158
1,26555,102
1,4804,118
1,49469,184
1,27310,80
1,36168,12
1,16688,158
1,18313,-178
1,35218,126
1,21810,166
1,49901,-74
1,3227,-200
1,41376,96
1,15682,84
1,39490,-8
1,16606,-82
1,11606,42
1,46970,84
1,41968,154
1,14704,-140
1,49809,88
1,5207,-74
1,6148,56
1,44959,196
1,36102,154
1,24507,134
1,34134,-26
1,1054,14
1,31546,-44
1,12374,16
1,41262,-148
1,23498,-180
1,6001,6
1,30845,-180
1,7681,-56
1,18426,-64
1,4845,42
1,1396,34
1,24159,-172
1,36023,-126
1,9001,192
1,19402,4
1,8650,-148
1,22085,158
1,38770,-22
1,42477,-168
1,9298,118
1,16697,-144
1,36744,42
1,35512,30
1,46490,-170
1,19735,-42
1,1249,150
1,10495,18
1,11538,86
1,29673,-198
1,14023,-46
1,8328,-172
1,5746,-154
1,30138,-130
1,23509,-70
1,13500,74
1,32430,130
1,21782,66
1,19488,-106
1,23537,156
1,47857,-166
1,32904,-30
1,209,-90
1,5805,72
1,26368,-86
1,26417,94
1,21744,54
1,13041,108
1,27167,118
1,5087,-36
1,45107,44
1,32454,128
1,33964,80
1,27674,-12
1,42319,82
1,41708,-172
1,13308,56
1,29683,116
1,18462,-106
1,19024,26
1,27771,-80
1,20715,-64
1,36283,188
1,41830,-38
1,4054,-8
1,838,-140
1,5620,190
1,47720,56
1,3269,-28
1,40757,-106
1,16030,-196
1,10888,-194
1,15144,26
1,48785,36
1,46179,154
1,40400,64
1,2084,20
1,27215,188
1,14327,114
1,43089,14
1,20173,-176
1,619,132
1,40580,-104
1,40428,112
1,9725,2
1,18057,-74
1,37679,-188
1,42218,172
1,46347,-142
1,6018,-56
1,49118,-90
1,46871,-182
1,27823,-98
1,37196,-46
1,29675,-62
1,49598,46
1,2852,-194
1,22093,66
1,38873,-114
1,30040,188
1,4776,-72
1,22925,128
1,36701,108
1,2795,-2
1,18981,144
1,21138,-132
1,26530,-192
1,9594,56
1,42271,118
1,43868,-70
1,36420,-102
1,13242,146
1,45952,-30
1,32096,38
1,48053,188
1,5719,28
1,62,70
1,11343,36
1,28935,104
1,880,18
1,12543,-150
1,9056,188
1,46670,164
1,7858,-160
1,35816,-72
1,8073,-32
1,24769,130
1,30344,-94
1,41613,48
1,22211,40
1,11117,-8
1,34743,-190
1,28487,-68
1,7354,86
1,22153,-176
1,1559,128
1,4621,-196
1,1501,88
1,20383,-50
1,44360,158
1,38675,-120
1,5125,116
1,46503,154
1,44408,-180
1,34702,-78
1,21654,38
1,3478,-166
1,37310,76
1,26036,-26
1,37658,-20
1,14453,92
1,11704,-34
1,37260,-168
1,45032,186
1,26252,-122
1,22917,-114
1,4708,116
1,32246,-124
1,28284,146
1,47863,-132
1,19972,186
1,12135,62
1,9171,172
1,37657,-2
1,22243,-70
1,42168,166
1,40727,-130
1,31583,-42
1,18003,-82
1,25184,86
1,44237,-176
1,21063,-90
1,11309,30
1,39640,176
1,31353,68
1,20258,178
1,40547,-120
1,29746,-34
1,13687,-28
1,651,-162
1,30552,-168
1,27306,194
1,37885,70
1,16443,-118
1,35839,74
1,27276,136
1,31689,128
1,11950,6
1,25443,76
1,40435,-162
1,32400,168
1,48896,-158
1,11054,-32
1,44252,28
1,2845,-188
1,3624,122
1,27142,154
1,3237,144
1,48022,24
1,48391,-10
1,36016,148
1,34700,-144
1,14761,-200
1,107,-96
1,31607,-36
1,34105,-6
1,24916,64
1,20707,-10
1,36123,-20
1,45745,-64
1,5574,-124
1,43591,-20
1,46861,6
1,46374,-150
1,5094,-156
1,356,124
1,22657,168
1,36723,124
1,42347,-22
1,24212,-134
1,33737,-48
1,807,-146
1,34324,52
1,20889,182
1,31628,-12
1,9656,-172
1,19926,180
1,25985,150
1,30897,-32
1,7107,56
1,26345,42
1,38186,180
1,13603,-72
1,45677,12
1,41507,106
1,5655,-80
1,12011,-198
1,49454,-24
1,20559,6
1,14920,-18
1,25185,-48
1,1768,-138
1,21938,54
1,49567,-174
1,42695,142
1,6996,46
1,9126,134
1,20793,28
1,10852,78
1,14862,-88
1,33971,-176
1,39433,-134
1,3725,16
1,10434,146
1,1557,-176
1,45652,160
1,33970,-96
1,35520,50
1,12559,-92
1,19381,20
1,43189,188
1,24519,30
1,45315,42
1,22359,-70
1,35111,-198
1,42957,42
1,12812,-108
1,34145,-106
1,42747,-20
1,48946,106
1,9059,-180
1,17191,140
1,4355,-158
1,1579,120
1,333,-72
1,28158,-102
1,42607,-182
1,36954,-142
1,11018,150
1,1524,172
1,42244,-22
1,268,-152
1,38965,10
1,48819,-172
1,8464,158
1,45201,-78
1,15848,160
1,27487,170
1,18178,88
1,32797,-14
1,40444,-170
1,11614,58
1,17904,80
1,13999,-16
1,33442,192
1,9447,-90
1,41953,-144
1,2225,168
1,24923,-116
1,12625,-156
1,5027,-62
1,14388,-124
1,14873,-198
1,6888,154
1,4332,-68
1,29163,-2
1,47547,148
1,45516,76
1,39797,-110
1,45994,-76
1,38832,-124
1,24283,78
1,45485,62
1,16456,-98
1,43231,-2
1,34480,-44
1,46360,134
1,28906,42
1,36355,-168
1,47770,-50
1,5665,136
1,8226,-42
1,2086,-32
1,9934,-158
1,40586,80
1,22484,12
1,47265,-64
1,48173,-34
1,48140,164
1,30416,156
1,22795,-56
1,29845,-12
1,2764,84
1,11972,138
1,24511,196
1,38035,86
1,49836,-66
1,43248,-152
1,31098,62
1,10682,-178
1,18035,16
1,26665,8
1,20632,-130
1,20651,134
1,44406,-58
1,7915,190
1,46298,-34
1,33952,124
1,25611,124
1,23489,72
1,18548,166
1,25317,-142
1,27922,-128
1,3080,126
1,11547,-94
1,30930,54
1,45570,16
1,13905,194
1,30380,2
1,27050,-76
1,25971,72
1,5592,50
1,47262,132
1,3375,74
1,23076,114
1,21218,142
1,6956,-78
1,28231,-62
1,9873,-162
1,37536,-104
1,24009,-54
1,27789,-110
1,27353,184
1,48813,-134
1,12785,-104
1,4062,86
1,25112,-128
1,26235,-54
1,9713,-104
1,49138,-106
1,8227,-28
1,35336,-132
1,12107,-62
1,6736,-146
1,19476,134
1,4571,40
1,11512,-166
1,7190,158
1,47563,176
1,34001,-48
1,4467,-68
1,4177,-108
1,24523,-130
1,21200,80
1,17749,-100
1,18401,84
1,40049,118
1,43773,-100
1,27677,-182
1,39562,112
1,41871,84
1,47611,-140
1,40525,-10
1,20992,-64
1,32252,-32
1,15158,60
1,34478,-52
1,7978,-58
1,9709,-96
1,14544,-186
1,49286,-4
1,26498,18
1,18947,134
1,8501,190
1,15472,-74
1,16801,-134
1,42324,-72
1,35094,-10
1,35645,122
1,25822,-28
1,34627,84
1,5299,88
1,9732,-28
1,33575,-180
1,5151,-2
1,38329,-104
1,29533,-140
1,36313,-34
1,36007,-146
1,21091,-160
1,12313,48
1,44602,-126
1,27877,-92
1,45530,102
1,2350,138
1,13145,-126
1,33154,40
1,33513,132
1,31775,196
1,13700,58
1,12099,-74
1,41413,-194
1,45521,198
1,49137,160
1,6029,136
1,16251,-60
1,43585,-64
1,31319,166
1,34805,20
1,43762,100
1,31961,34
1,49055,60
1,41117,42
1,29501,90
1,25160,-38
1,18232,-108
1,17121,40
1,16169,-82
1,5593,74
1,22950,68
1,9697,-58
1,28646,-108
1,436,98
1,21840,94
1,44024,-8
1,27387,138
1,8352,80
1,11650,6
1,2196,-74
1,45113,4
1,3670,-98
1,4608,-200
1,45703,-154
1,30787,-92
1,35634,-168
1,19196,-56
1,43810,12
1,45161,-152
1,19525,110
1,26947,44
1,8792,182
1,1323,-72
1,22028,-38
1,7855,-22
1,1393,122
1,40406,-64
1,34146,66
1,47703,-74
1,43319,26
1,37313,-180
1,8004,-162
1,5905,16
1,3935,88
1,12647,134
1,7329,-154
1,476,-188
1,12426,62
1,46948,-20
1,43977,16
1,802,-116
1,37774,-122
1,34266,98
1,26079,4
1,30703,80
1,9510,-46
1,23088,130
1,48555,192
1,16412,-122
1,5033,-116
1,25836,-188
1,11192,-134
1,31308,12
1,19516,148
1,20705,-162
1,26053,122
1,12340,-162
1,7781,-62
1,8924,114
1,14586,180
1,46487,46
1,4421,-32
1,22863,-144
1,24693,156
1,34914,-14
1,26874,122
1,37755,-22
1,1767,-38
1,46894,120
1,18193,40
1,35790,152
1,5983,66
1,3645,-20
1,28602,-122
1,43202,-158
1,41277,-188
1,29049,108
1,15562,-192
1,46680,198
1,31188,156
1,46250,194
1,49342,168
1,46199,34
1,27241,24
1,31270,-136
1,16316,114
1,34993,72
1,1770,176
1,2962,78
1,32099,102
1,46437,146
1,26628,198
1,14693,142
1,47165,-176
1,1907,-20
1,36555,88
1,21103,-180
1,29914,-140
1,25634,-14
1,16,-70
1,37968,18
1,5392,-42
1,47988,176
1,7027,110
1,30178,-98
1,11348,-32
1,33934,46
1,21114,68
1,30523,182
1,2750,136
1,10690,-110
1,43225,-126
1,40211,46
1,31616,194
1,41681,-36
1,18974,-140
1,30805,-104
1,2728,-152
1,20937,118
1,21714,54
1,36951,66
1,6586,-178
1,38220,60
1,10978,88
1,5317,-28
1,6231,140
1,13903,102
1,42528,156
1,49728,120
1,11135,-110
1,35681,92
1,44240,76
1,11127,-160
1,12583,66
1,19152,88
1,37677,178
1,28813,-70
1,38804,-58
1,31802,-10
1,915,188
1,43211,14
1,17104,-48
1,29005,-176
1,22494,-18
1,13623,126
1,6907,86
1,3447,-200
1,38545,198
1,41918,180
1,23518,150
1,8157,154
1,11068,-198
1,37762,142
1,35824,-116
1,41027,-36
1,46996,108
1,9217,74
1,2181,150
1,39294,126
1,9815,160
1,49220,-54
1,25449,64
1,4193,66
1,35614,150
1,11009,74
1,22512,-8
1,25907,-62
1,45892,190
1,16970,-114
1,23728,178
1,10549,-168
1,43367,196
1,23330,-94
1,28886,-86
1,19967,-144
1,135,-10
1,21285,-46
1,15799,164
1,22799,-4
1,384,48
1,613,6
1,4722,152
1,40046,-152
1,32690,-12
1,42777,58
1,156,-56
1,45778,166
1,13040,-40
1,28963,72
1,44266,-2
1,7926,-172
1,7605,-94
1,41127,-102
1,1339,78
1,38977,-200
1,38255,-68
1,31361,110
1,23273,54
1,27630,-16
1,25264,-6
1,5553,-114
1,14537,-4
1,6926,78
1,8308,26
1,47099,26
1,49857,-66
1,49477,-174
1,39978,142
1,33823,-198
1,1466,-168
1,19303,-122
1,27936,94
1,19845,154
1,18421,-2
1,17029,162
1,4166,-80
1,21311,-48
1,47626,18
1,18158,78
1,22206,-148
1,12719,-116
1,6480,12
1,21816,70
1,26396,34
1,56,-106
1,39150,52
1,42804,84
1,45164,-72
1,4266,-140
1,32943,-40
1,25718,-78
1,15901,-166
1,25055,-112
1,25167,106
1,2639,-18
1,15005,-194
1,47217,-30
1,46891,166
1,43093,-190
1,28902,-196
1,6695,108
1,1931,4
1,43872,194
1,9371,124
1,18213,-32
1,31553,-166
1,8992,-136
1,26733,-50
1,33286,118
1,6329,152
1,14943,152
1,22597,-170
1,11966,-128
1,42582,-166
1,12030,160
1,4740,-190
1,46590,24
1,22148,20
1,7869,-68
1,24991,120
1,36266,-94
1,434,76
1,29646,-128
1,49379,158
1,30929,12
1,49208,-146
1,15460,4
1,290,-66
1,7910,44
1,20477,-148
1,14550,-172
1,6954,158
1,17218,-40
1,9382,174
1,20261,138
1,29044,160
1,38328,98
1,11656,90
1,40413,24
1,40359,130
1,7088,46
1,44690,32
1,25151,-66
1,11987,-70
1,29577,188
1,23867,-144
1,18487,-102
1,40355,140
1,26821,-192
1,38190,62
1,29650,-152
1,16557,-82
1,31030,178
1,459,84
1,42921,-72
1,42385,-66
1,46719,-38
1,48749,-122
1,27484,184
1,43914,198
1,33560,-78
1,40929,-52
1,46843,74
1,43832,64
1,21883,78
1,17048,-102
1,15532,116
1,8012,2
1,16057,-78
1,16359,24
1,9964,108
1,49444,-114
1,27665,94
1,42770,-174
1,41282,-58
1,15293,12
1,9614,-108
1,25775,-130
1,9015,146
1,49372,66
1,21656,198
1,43646,154
1,758,38
1,42536,22
1,24767,-90
1,37737,80
1,49885,144
1,32941,56
1,11913,22
1,8943,146
1,49803,-32
1,49237,72
1,12312,-82
1,5859,166
1,13795,62
1,6461,74
1,5359,-46
1,23493,-24
1,4885,36
1,24122,-18
1,5341,160
1,27015,-184
1,49605,-10
1,42061,-174
1,3520,132
1,23419,-34
1,14396,-120
1,497,-80
1,42495,-132
1,24830,-58
1,27990,-134
1,29705,-6
1,7753,-136
1,7040,96
1,25005,-158
1,46930,192
1,14855,102
1,1936,-78
1,22809,32
1,38678,18
1,16823,-78
1,14114,-174
1,48015,-144
1,3856,-116
1,18704,76
1,18726,-76
1,32605,-94
1,42656,148
1,46507,-58
1,14936,64
1,44905,-152
1,17879,-128
1,40121,28
1,2071,172
1,33754,-138
1,8626,88
1,27234,150
1,15245,-72
1,38254,-114
1,24181,194
1,44836,-76
1,34516,4
1,37839,72
1,45950,158
1,14646,144
1,2702,100
1,27196,-16
1,15676,78
1,27073,134
1,3999,98
1,13281,-150
1,22209,10
1,11366,-120
1,46808,62
1,14567,-60
1,17533,-154
1,40407,-192
1,3010,-38
1,15871,110
1,6601,144
1,18436,158
1,217,148
1,13519,144
1,8664,-40
1,48744,176
1,36296,-164
1,24219,-116
1,5851,-152
1,1965,16
1,23229,-194
1,6502,-136
1,35165,-140
1,5886,-20
1,35077,-12
1,4434,-108
1,38490,-24
1,40759,94
1,9979,-92
1,33538,12
1,11517,76
1,5209,-66
1,8634,178
1,39604,60
1,31946,-196
1,22973,-8
1,21988,-192
1,9231,-176
1,21575,72
1,32158,-126
1,7566,-106
1,16622,-10
1,22903,180
1,20526,-178
1,72,46
1,44684,-148
1,9157,-106
1,45068,102
1,15858,38
1,45606,8
1,7718,28
1,28634,82
1,41808,32
1,35173,166
1,15406,152
1,6088,74
1,5881,-172
1,6221,-164
1,13539,-50
1,6090,-26
1,24429,178
1,41847,138
1,17894,186
1,7221,-188
1,12430,-176
1,49189,144
1,6669,-132
1,15849,26
1,29492,82
1,18378,-200
1,7553,-46
1,10739,180
1,14547,-126
1,14808,-8
1,22710,156
1,15606,176
1,23633,-80
1,24572,72
1,40232,-190
1,13347,-130
1,236,192
1,15272,66
1,26714,-172
1,5608,126
1,11533,68
1,29744,-74
1,18896,-92
1,9325,58
1,6222,-6
1,2024,-88
1,8546,126
1,14925,-22
1,26727,-96
1,10598,-24
1,49861,-112
1,45904,-126
1,17283,-188
1,2885,-186
1,23747,-142
1,19791,8
1,9954,102
1,20123,-40
1,29261,38
1,21474,-48
1,32416,-50
1,452,96
1,19906,-128
1,47774,-32
1,35252,-160
1,5343,-62
1,11577,24
1,4782,64
1,9023,112
1,24162,96
1,19918,188
1,41853,-108
1,24887,46
1,8254,76
1,40655,-176
1,4371,178
1,12369,82
1,27880,164
1,47289,-122
1,3477,98
1,11883,18
1,5889,-170
1,6994,46
1,33048,-56
1,24254,-164
1,21787,62
1,18128,198
1,36269,-78
1,8889,184
1,13697,-102
1,38956,144
1,49773,112
1,871,176
1,7363,-104
1,15493,-120
1,31453,-168
1,20276,-48
1,45579,-76
1,46866,-44
1,36126,160
1,22190,70
1,46814,118
1,48222,32
1,16551,150
1,21584,-44
1,9666,-40
1,48600,-108
1,42629,140
1,3331,-40
1,160,-80
1,13734,182
1,16357,62
1,30382,-76
1,18385,168
1,20051,124
1,29069,82
1,49817,158
1,21490,136
1,13424,-44
1,34956,178
1,31263,-30
1,40033,182
1,18955,-76
1,25191,-142
1,37280,-146
1,20233,-198
1,14931,-56
1,46348,124
1,38848,-18
1,48713,16
1,25637,46
1,11397,-54
1,12297,-192
1,28857,-12
1,40084,-14
1,2280,184
1,14206,-154
1,17232,-170
1,14804,-138
1,30341,144
1,7851,-160
1,20817,160
1,9910,58
1,24382,-124
1,3230,-184
1,32007,148
1,8392,116
1,47135,-4
1,13936,-116
1,9305,-68
1,15802,164
1,11100,188
1,45462,40
1,47306,-134
1,23086,-116
1,19857,-118
1,16720,26
1,47995,-118
1,43379,10
1,45296,16
1,6769,-158
1,14611,-156
1,48341,194
1,49981,198
1,13881,168
1,13359,-188
1,19279,62
1,19616,-88
1,26319,-138
1,724,-112
1,4767,124
1,27540,-192
1,20271,-52
1,48168,4
1,27124,-70
1,8522,194
1,18814,170
1,18525,-192
1,42185,-16
1,48372,-62
1,957,54
1,11778,50
1,3351,-80
1,25426,14
1,29067,186
1,2405,-92
1,36856,-118
1,38781,-66
1,38463,70
1,1977,-160
1,35673,2
1,9791,-74
1,36566,-96
1,45089,-178
1,49839,-114
1,34323,84
1,930,-20
1,6935,86
1,24150,166
1,33889,-158
1,2507,-112
1,40020,-172
1,28402,-44
1,11392,176
1,693,-86
1,40847,16
1,13785,-4
1,15633,140
1,9110,88
1,417,-90
1,27161,114
1,27758,40
1,12594,122
1,15382,138
1,15974,46
1,18180,-54
1,8264,24
1,18221,38
1,29952,4
1,47591,134
1,37404,176
1,18102,-188
1,4949,108
1,46913,-90
1,33531,184
1,45989,190
1,2955,16
1,21991,190
1,14542,40
1,20732,44
1,22977,-56
1,9055,-44
1,15019,198
1,28913,104
1,7116,84
1,8529,190
1,16464,-176
1,40528,-112
1,28248,180
1,5788,-90
1,7070,168
1,25439,2
1,10969,156
1,1095,-140
1,33629,-74
1,40483,90
1,11870,-38
1,11690,20
1,5043,194
1,24911,-64
1,26621,44
1,17936,196
1,26632,124
1,48957,56
1,7772,-174
1,28200,10
1,32977,166
1,39097,194
1,18165,-164
1,24782,156
1,10837,72
1,13746,-154
1,283,2
1,32085,-52
1,34256,80
1,37788,-14
1,43127,60
1,42929,-58
1,48292,44
1,10621,116
1,30839,178
1,49493,-174
1,27303,-32
1,17288,122
1,28498,184
1,8339,116
1,11942,-40
1,29978,34
1,18524,-98
1,48364,86
1,17581,-182
1,37157,18
1,6870,154
1,30559,-172
1,6406,18
1,29343,36
1,38908,136
1,32204,-134
1,49731,-6
1,35754,182
1,40110,-10
1,27781,120
1,39965,138
1,9314,-56
1,15262,-170
1,10445,34
1,32485,-158
1,35003,40
1,4337,136
1,3639,116
1,15813,112
1,40954,-98
1,43210,-6
1,27832,-170
1,14323,156
1,15677,32
1,3845,-146
1,31629,150
1,7414,-184
1,23309,194
1,3312,118
1,24805,-146
1,41088,104
1,49301,86
1,40264,34
1,24354,-176
1,32053,76
1,14018,98
1,7680,154
1,23384,-52
1,26955,12
1,9668,-118
1,4506,152
1,45710,120
1,9726,52
1,43242,-172
1,34916,-114
1,34151,-134
1,18762,-80
1,31203,-164
1,3264,146
1,35909,-80
1,42820,134
1,33905,-58
1,2430,88
1,48855,106
1,46429,-186
1,11229,-26
1,9120,-4
1,17238,-56
1,20214,58
1,45127,-190
1,33761,-148
1,22422,-92
1,39465,-118
1,12090,146
1,46267,42
1,27861,148
1,24100,-30
1,15787,20
1,28371,40
1,1914,166
1,20107,12
1,13486,6
1,1869,192
1,10547,80
1,10035,-10
1,43569,-130
1,7440,20
1,5007,-146
1,9654,-10
1,26894,-96
1,38122,170
1,36392,182
1,42514,44
1,37786,-46
1,502,-20
1,33682,94
1,26640,-106
1,28005,-80
1,43976,-176
1,20980,178
1,36739,166
1,44296,30
1,9468,20
1,36370,138
1,9818,122
1,42521,-172
1,44056,-116
1,16202,16
1,39948,-18
1,35724,38
1,23777,154
1,2528,118
1,46085,-44
1,8215,10
1,44216,-136
1,23768,78
1,45642,194
1,4097,-148
1,32397,-34
1,19236,-198
1,47427,80
1,424,76
1,25904,-60
1,46766,108
1,2457,118
1,47910,150
1,8669,92
1,30545,-146
1,1618,92
1,17868,126
1,20909,-46
1,34460,92
1,36606,162
1,48693,112
1,1846,-128
1,41056,64
1,37140,164
1,27112,42
1,30519,-18
1,8332,-196
1,38075,68
1,31335,-152
1,30185,88
1,2911,102
1,9446,94
1,17382,116
1,8540,-164
1,13257,114
1,25863,192
1,41284,104
1,38008,-170
1,39213,112
1,30090,12
1,26474,16
1,38869,128
1,29316,70
1,31512,-172
1,21914,-10
1,13128,-76
1,14601,86
1,31769,-88
1,26852,70
1,23175,30
1,36193,-172
1,4795,-190
1,46910,-170
1,8593,-52
1,314,152
1,23069,-54
1,7615,196
1,29496,-70
1,10570,-122
1,45176,140
1,47417,-22
1,49254,-174
1,47310,-18
1,9554,168
1,2859,2
1,39977,182
1,13900,-60
1,20029,-110
1,33886,-126
1,15893,-4
1,12195,44
1,19015,180
1,31798,-68
1,27498,-166
1,40787,-88
1,3046,58
1,28626,158
1,18828,74
1,11430,194
1,40018,196
1,27910,54
1,44624,-180
1,31066,-34
1,6226,36
1,15397,194
1,1882,-94
1,1317,-68
1,49366,18
1,34067,-70
1,17869,-192
1,803,124
1,49236,122
1,10414,58
1,40611,182
1,47061,-102
1,25056,144
1,27790,100
1,22687,82
1,34577,100
1,12859,32
1,10841,-176
1,6971,-60
1,13442,126
1,7770,188
1,25978,-74
1,12556,-154
1,41738,-174
1,10872,-56
1,35586,48
1,7803,-176
1,5924,-186
1,46563,-94
1,46588,180
1,9833,-134
1,3821,8
1,16099,76
1,45845,38
1,41580,192
1,19922,-22
1,28073,128
1,12525,-96
1,48008,176
1,1519,26
1,19086,52
1,39501,-46
1,35339,-6
1,30730,-142
1,34796,36
1,14850,124
1,32339,168
1,32121,-100
1,3134,-186
1,37837,-126
1,25046,-20
1,28240,172
1,49013,186
1,34510,-18
1,12496,144
1,33890,-198
1,33514,-2
1,48748,16
1,1139,-188
1,15899,-104
1,2493,132
1,38410,60
1,39695,-94
1,15730,78
1,39565,-186
1,43553,-58
1,46018,-180
1,26728,146
1,15883,-16
1,18988,-18
1,40897,170
1,36593,-182
1,25770,64
1,19813,-152
1,19397,140
1,27056,28
1,31118,-194
1,37596,-26
1,23455,-176
1,49239,-76
1,31647,124
1,32148,188
1,42399,-162
1,29449,34
1,15419,-76
1,7790,50
1,8210,90
1,19327,-136
1,46877,-78
1,37761,-166
1,26998,116
1,24620,-146
1,21665,68
1,4333,140
1,25872,-98
1,32038,126
1,9443,136
1,37210,10
1,25316,96
1,38741,130
1,25555,-70
1,411,-120
1,27872,-134
1,9993,-66
1,49964,-186
1,14545,-38
1,41201,172
1,15804,-36
1,34126,24
1,29735,-32
1,49843,-22
1,48680,96
1,22150,-194
1,25638,-184
1,20790,170
1,23669,-66
1,41696,180
1,34801,-118
1,21666,4
1,40156,-170
1,46294,-40
1,42016,196
1,35219,-68
1,28020,-130
1,46650,-130
1,9837,-94
1,39185,168
1,37180,-128
1,23911,-106
1,21104,-126
1,5077,-40
1,1704,162
1,23262,-188
1,37211,-194
1,11295,18
1,17168,44
1,49581,-182
1,9381,-166
1,34219,178
1,34121,100
1,29769,178
1,31692,84
1,5020,164
1,2364,36
1,9024,110
1,37924,-48
1,26543,42
1,37542,126
1,3106,-150
1,21142,-176
1,13305,66
1,15027,-24
1,14125,-144
1,47034,16
1,2444,94
1,36635,106
1,42082,164
1,48532,-74
1,22443,50
1,36128,-164
1,34522,18
1,5271,-134
1,24105,176
1,37890,106
1,18494,102
1,46825,-10
1,12920,140
1,33849,-176
1,24633,-74
1,39175,-94
1,17844,-180
1,16534,180
1,22276,42
1,48133,104
1,18941,-114
1,2408,68
1,40068,128
1,8045,-4
1,42364,134
1,9616,72
1,39610,-56
1,20769,-74
1,6374,-26
1,33004,164
1,42277,-50
1,31096,82
1,19396,-4
1,4643,76
1,49066,182
1,16640,24
1,30548,-56
1,31326,72
1,34665,154
1,5270,-16
1,39332,78
1,418,132
1,43483,-90
1,14759,12
1,44757,-114
1,25010,188
1,41021,54
1,47495,20
1,11411,-10
1,36500,-122
1,22661,-138
1,25203,-60
1,40711,124
1,28052,6
1,16047,56
1,30453,8
1,45515,68
1,11092,56
1,23104,-46
1,11586,-18
1,25351,96
1,36955,32
1,44815,-88
1,46786,108
1,6411,-58
1,45254,144
1,42936,-102
1,48535,-128
1,28129,144
1,49048,-34
1,35260,28
1,45843,192
1,43336,82
1,2284,26
1,43557,-128
1,24604,174
1,22828,84
1,20677,-50
1,27256,-110
1,40291,76
1,134,-34
1,48074,36
1,35701,154
1,36060,166
1,32373,-118
1,42383,-124
1,22979,116
1,11172,196
1,13569,-152
1,48456,-6
1,12507,-178
1,17716,116
1,41515,-112
1,39207,130
1,39627,178
1,24747,84
1,5558,186
1,3189,-30
1,31759,80
1,33371,-180
1,17133,162
1,3408,160
1,1228,188
1,20275,-110
1,34162,-166
1,44280,192
1,46841,8
1,13038,6
1,28918,-6
1,26718,146
1,18832,126
1,48188,134
1,48297,-166
1,1429,-196
1,45310,78
1,41479,-4
1,49115,84
1,8939,-142
1,43308,16
1,27707,86
1,19690,124
1,10028,190
1,22097,-88
1,40916,-68
1,23170,-144
1,49853,180
1,25109,-114
1,29324,-132
1,47356,-152
1,8141,-166
1,24142,-184
1,47327,-106
1,37976,178
1,26932,-36
1,9945,-86
1,24292,138
1,12814,142
1,27538,-56
1,11197,-44
1,11840,-128
1,28840,58
1,29380,42
1,13627,116
1,12923,-40
1,46177,-82
1,2626,-192
1,30106,138
1,22281,160
1,8455,40
1,8041,122
1,17839,-40
1,41658,126
1,15124,166
1,1615,42
1,8120,-164
1,15869,132
1,49522,-102
1,38754,2
1,47219,66
1,42712,172
1,37570,102
1,15892,-88
1,42893,6
1,13081,168
1,40057,-80
1,31780,-174
1,23555,10
1,31791,-66
1,20620,32
1,41660,82
1,8988,126
1,29807,-122
1,10317,-4
1,3434,176
1,45700,-164
1,27183,-160
1,634,136
1,21364,6
1,4503,110
1,28094,-56
1,42037,-20
1,49806,118
1,1554,-128
1,25923,-80
1,25709,46
1,21219,58
1,253,152
1,41879,-90
1,11359,-80
1,19900,-26
1,48315,164
1,31282,-142
1,29329,-62
1,36699,188
1,34569,-16
1,12448,6
1,23830,-132
1,14632,56
1,40270,138
1,17656,112
1,45364,-62
1,1486,-82
1,47532,-130
1,25526,38
1,23265,-10
1,13616,-138
1,17197,158
1,33052,130
1,4163,-52
1,25070,-106
1,15959,-20
1,8198,-154
1,1678,-44
1,47652,144
1,4652,184
1,35566,156
1,49609,-200
1,48041,-58
1,18182,-156
1,17799,-158
1,18643,152
1,10591,-152
1,48355,40
1,1071,-66
1,37617,160
1,46077,96
1,21608,-118
1,22029,-162
1,27660,-104
1,26629,184
1,2765,-36
1,10679,132
1,34636,98
1,17935,94
1,26178,96
1,32464,102
1,31799,62
1,1327,178
1,28669,-104
1,4366,66
1,18424,-76
1,39402,112
1,1679,48
1,9379,144
1,14754,-168
1,20467,34
1,38906,-168
1,37079,118
1,39438,-2
1,45173,98
1,23545,-180
1,7155,40
1,31252,-10
1,2656,-26
1,1211,162
1,24710,-148
1,7335,36
1,7818,-78
1,31906,-18
1,40779,-176
1,8779,102
1,35131,198
1,24430,-130
1,7947,12
1,23410,10
1,16455,154
1,19697,-54
1,17430,-188
1,26662,82
1,654,-96
1,20718,-28
1,3965,-10
1,29747,-130
1,21891,142
1,3092,86
1,29831,-138
1,1850,46
1,14066,-174
1,40410,-114
1,38413,106
1,44520,-34
1,45121,-136
1,34981,28
1,30354,178
1,36099,-48
1,25513,-92
1,6784,-78
1,6366,-188
1,36576,156
1,39502,-62
1,40765,-192
1,12868,134
1,2968,-22
1,43439,176
1,4090,-36
1,12793,152
1,37247,-100
1,44544,-50
1,33607,-22
1,6723,30
1,21728,-52
1,21250,40
1,25873,-2
1,39594,-12
1,49277,-60
1,32023,-178
1,10545,-158
1,42090,146
1,43540,-106
1,35181,-164
1,43761,100
1,25060,170
1,49604,152
1,3102,-172
1,25398,-184
1,42154,-56
1,5787,110
1,43079,-64
1,29643,30
1,28258,-10
1,33402,-190
1,9952,-178
1,11373,-56
1,36340,-136
1,48242,182
1,27495,112
1,32574,6
1,7362,-128
1,35838,-198
1,30216,-148
1,27055,68
1,43448,108
1,27961,-120
1,13261,138
1,32366,182
1,22894,104
1,46337,-4
1,4769,178
1,18620,-50
1,11337,198
1,32617,-34
1,5192,-148
1,44516,-6
1,3660,164
1,11620,2
1,47585,-182
1,6635,178
1,16068,-68
1,32132,112
1,43756,-76
1,41595,-10
1,39130,-52
1,29829,194
1,5692,-194
1,42456,148
1,26768,170
1,24786,-68
1,27980,-76
1,14875,12
1,35381,-66
1,5205,-148
1,42160,-78
1,25645,138
1,21123,4
1,21966,-154
1,26781,34
1,6305,-156
1,15995,42
1,24386,92
1,44834,-40
1,4319,104
1,48016,176
1,28396,24
1,49065,-114
1,10364,192
1,13462,48
1,32174,180
1,36743,-94
1,31538,2
1,43893,22
1,3460,-108
1,24093,-40
1,38194,158
1,36880,8
1,4609,2
1,20834,-86
1,38352,164
1,13416,32
1,46369,48
1,16527,-54
1,26403,102
1,29688,170
1,6045,184
1,7372,-198
1,30778,28
1,48789,-62
1,8753,182
1,16171,-76
1,33112,64
1,14669,140
1,17764,22
1,5047,-178
1,33614,186
1,32208,196
1,36422,22
1,44418,-8
1,45421,-38
1,25074,124
1,5712,180
1,19451,132
1,23619,-36
1,35416,154
1,40443,8
1,2006,180
1,26891,170
1,1391,88
1,5406,6
1,42468,-40
1,35395,-92
1,36528,32
1,17568,-142
1,15038,-172
1,18662,-132
1,31446,-142
1,45554,-200
1,23500,-116
1,26830,-188
1,49351,84
1,10562,-134
1,43368,-200
1,25478,62
1,12441,-180
1,48645,106
1,45366,158
1,28099,34
1,35084,-136
1,31962,90
1,33670,168
1,13606,146
1,5285,-46
1,508,30
1,13372,-14
1,2628,62
1,25252,64
1,17689,40
1,13854,130
1,9843,-78
1,45391,128
1,4284,-80
1,21293,-62
1,34533,-30
1,16943,-36
1,2090,-28
1,24554,-18
1,28265,-4
1,26285,144
1,13087,-82
1,23725,-68
1,18435,-160
1,33245,124
1,40019,-122
1,48900,-4
1,28731,104
1,27827,68
1,18586,-92
1,41329,-2
1,44100,-94
1,7586,132
1,46339,-82
1,43245,-122
1,48530,106
1,41689,-82
1,46304,172
1,5716,-160
1,32783,-40
1,19650,118
1,41726,-76
1,44789,182
1,29726,160
1,11431,150
1,832,-110
1,20463,192
1,30727,62
1,41175,42
1,10938,172
1,18073,-84
1,3483,64
1,14877,-192
1,36827,20
1,27968,-16
1,34160,80
1,39467,-70
1,12644,68
1,16861,96
1,29340,-118
1,35803,94
1,31525,58
1,12643,-190
1,1812,110
1,20927,-96
1,10953,-126
1,41123,196
1,20794,134
1,38777,44
1,46651,198
1,2709,34
1,34091,-88
1,15593,144
1,30507,-76
1,5479,18
1,29823,-2
1,16235,-42
1,25503,128
1,2623,-54
1,26030,-76
1,47081,-172
1,27692,-96
1,23692,-62
1,29923,-20
1,36201,-178
1,47227,-148
1,41394,18
1,26752,100
1,41144,38
1,5584,152
1,12973,-30
1,354,172
1,13464,-124
1,45709,174
1,45491,52
1,9220,-4
1,30429,-72
1,41890,-178
1,21577,20
1,23449,-182
1,26729,-20
1,43328,178
1,14361,74
1,26494,178
1,36648,140
1,28949,-74
1,31394,56
1,2139,-46
1,3836,154
1,28362,76
1,14967,-100
1,29295,-80
1,27209,-6
1,19784,40
1,26414,130
1,41894,-48
1,47918,-180
1,43029,160
1,3024,126
1,28718,110
1,22801,34
1,27714,6
1,31471,-88
1,1993,-166
1,13805,-174
1,41178,-136
1,3505,-110
1,46371,112
1,35900,-170
1,31606,118
1,22953,-128
1,7369,114
1,46001,26
1,22090,-24
1,20458,-168
1,16453,-10
1,18410,-174
1,40969,34
1,17960,-142
1,21699,6
1,8985,158
1,8499,-112
1,20345,-98
1,16530,-144
1,3566,170
1,16827,-124
1,15547,94
1,48802,-180
1,24885,-66
1,45538,-8
1,38296,66
1,38461,-128
1,20425,60
1,12342,-198
1,25845,-168
1,32553,26
1,43673,-164
1,21044,-156
1,20305,174
1,36088,148
1,37959,96
1,37520,-4
1,9946,-196
1,19951,-112
1,949,-44
1,9211,-116
1,31634,114
1,30483,-80
1,1439,-16
1,36800,78
1,6037,174
1,17422,-126
1,49154,142
1,45458,198
1,8722,46
1,4858,10
1,18514,-108
1,32135,-184
1,9702,106
1,45625,138
1,13772,54
1,18230,-174
1,28176,-72
1,3476,176
1,34949,-54
1,6047,2
1,2840,-176
1,47232,-148
1,36525,132
1,41388,-142
1,16728,140
1,25725,70
1,40016,-190
1,3695,28
1,45852,80
1,11644,-106
1,2683,128
1,14085,158
1,37903,78
1,13417,4
1,7940,186
1,5646,98
1,38282,-106
1,10839,42
1,6501,-158
1,35116,-70
1,26445,82
1,5485,-130
1,12261,-72
1,40001,112
1,16064,-164
1,26116,-144
1,25810,80
1,23375,-2
1,35497,32
1,16681,178
1,3082,78
1,42467,-152
1,1924,-116
1,18629,-42
1,46764,76
1,678,-20
1,12568,-120
1,11928,6
1,46867,-8
1,45020,60
1,40523,178
1,22395,8
1,21079,140
1,597,6
1,23167,130
1,14221,104
1,20000,-22
1,43835,4
1,37678,-24
1,47717,120
1,26491,94
1,26919,-146
1,38067,16
1,13968,-166
1,37159,-154
1,48444,46
1,32645,-112
1,28388,-40
1,38963,22
1,622,-100
1,48282,-50
1,36372,38
1,14541,44
1,16536,-172
1,42563,-56
1,29174,-144
1,18448,-44
1,22734,126
1,39417,134
1,23218,-114
1,28249,156
1,6530,-36
1,15309,-158
1,27839,130
1,20434,-198
1,3390,84
1,41044,-12
1,374,-66
1,9102,14
1,26967,-58
1,17441,-198
1,34459,-182
1,18187,-152
1,28434,-164
1,49756,92
1,46569,-158
1,11629,170
1,5194,-34
1,44714,-4
1,27424,-46
1,28196,160
1,40503,24
1,40391,-52
1,17854,-88
1,32162,-156
1,43061,-72
1,11740,-92
1,30218,68
1,29021,-102
1,29825,-128
1,18224,-122
1,3556,182
1,20713,-50
1,10312,182
1,47930,176
1,32775,62
1,10219,-130
1,44750,20
1,45001,-132
1,9236,192
1,32692,-48
1,46169,-62
1,8692,42
1,27079,24
1,3518,120
1,37668,166
1,14100,142
1,18926,-94
1,40338,-126
1,9755,196
1,48005,36
1,40366,162
1,45141,-104
1,13626,-136
1,1370,16
1,43519,-48
1,6622,58
1,47001,-32
1,48114,158
1,32452,-176
1,33912,24
1,17193,62
1,39142,-150
1,9505,-90
1,13028,70
1,8230,134
1,2486,60
1,25649,4
1,3389,-26
1,29484,12
1,46851,-76
1,42458,-12
1,15064,-168
1,4234,196
1,15417,86
1,9117,86
1,10406,-136
1,3047,24
1,47838,-100
1,29415,-4
1,8068,-40
1,6061,8
1,40743,-132
1,32768,110
1,34970,-10
1,2274,142
1,46482,-102
1,32457,152
1,15013,-192
1,48495,46
1,42733,-176
1,26672,56
1,16633,-172
1,8218,-116
1,27793,-166
1,38148,88
1,43017,178
1,18932,26
1,46897,-128
1,24104,54
1,26801,-174
1,44502,-84
1,41491,136
1,39729,-186
1,4486,-18
1,34112,-62
1,33687,-128
1,39455,-84
1,43041,-164
1,30668,22
1,49325,-136
1,14564,-176
1,49385,144
1,23280,102
1,26661,124
1,26907,-4
1,28111,164
1,39850,38
1,3180,84
1,21574,-56
1,1715,186
1,15822,-26
1,26791,-88
1,49529,-68
1,28010,-16
1,6703,-136
1,37551,198
1,46130,-90
1,10015,-74
1,28873,-106
1,25852,-146
1,27330,-148
1,2095,-194
1,24048,24
1,9692,-90
1,44388,-10
1,12823,-98
1,10657,92
1,16222,2
1,5350,-178
1,28262,50
1,49147,-82
1,4231,-180
1,31038,168
1,35500,150
1,36356,14
1,11021,-108
1,36267,176
1,38796,84
1,22478,-154
1,48105,146
1,8515,92
1,46599,10
1,24363,-166
1,40624,66
1,23258,-170
1,4762,-152
1,9659,194
1,21108,154
1,10306,-90
1,49196,-78
1,17826,64
1,25740,46
1,16010,-70
1,1968,108
1,5463,102
1,19431,40
1,15239,98
1,1916,-24
1,36366,188
1,1893,-84
1,13125,-38
1,18710,4
1,15174,-12
1,13101,-110
1,48903,52
1,12274,-146
1,46052,76
1,18181,192
1,42588,22
1,26159,-162
1,10071,-136
1,13890,-156
1,39912,180
1,11641,116
1,42754,22
1,36071,168
1,44763,154
1,49966,138
1,29326,126
1,14998,90
1,42816,-134
1,39091,20
1,34464,10
1,38111,-176
1,21719,150
1,8849,-46
1,6526,60
1,4770,-156
1,37829,-156
1,4778,-46
1,40498,4
1,45560,114
1,49261,-4
1,3038,-172
1,47118,92
1,579,-142
1,18964,-4
1,12439,110
1,3989,-100
1,42373,38
1,3636,170
1,9417,140
1,24487,110
1,24086,140
1,8773,-144
1,42692,150
1,4562,-90
1,29317,180
1,40381,46
1,8446,188
1,43738,-114
1,5756,184
1,6667,132
1,32835,-104
1,30046,-144
1,31036,-156
1,13756,136
1,22074,-106
1,22604,46
1,22271,-92
1,47153,40
1,44941,100
1,14485,-180
1,8005,-32
1,8273,52
1,22839,-184
1,46529,52
1,11280,196
1,15703,90
1,28820,66
1,36273,-26
1,35430,8
1,14558,54
1,46658,-158
1,45630,128
1,6265,-142
1,22207,-136
1,24019,-112
1,48088,-28
1,43786,-70
1,39087,-184
1,15557,-30
1,6363,48
1,34236,-80
1,1469,-200
1,10490,-10
1,7705,146
1,40519,68
1,10620,-54
1,2878,-114
1,48701,144
1,42669,-194
1,22324,-114
1,43989,-164
1,31829,-152
1,30767,-164
1,37659,54
1,49669,148
1,44352,-20
1,8072,-4
1,31280,-36
1,14680,-42
1,29568,-146
1,6127,-96
1,39877,-56
1,44688,18
1,17493,134
1,15249,154
1,35756,-168
1,27937,184
1,14501,196
1,22091,-152
1,33308,190
1,48235,-146
1,1694,132
1,41390,100
1,24179,-16
1,7083,116
1,30549,28
1,15072,-84
1,11355,198
1,7421,186
1,45922,-26
1,29448,-198
1,7141,-146
1,9018,162
1,25924,-124
1,41964,-52
1,30041,160
1,45203,-128
1,3691,40
1,49694,198
1,1052,148
1,49219,40
1,45626,-10
1,37373,-94
1,35652,-106
1,38323,-110
1,19782,124
1,40705,-90
1,24455,-186
1,42200,74
1,8064,184
1,44304,-108
1,40647,28
1,37234,142
1,16271,-170
1,4647,106
1,20439,32
1,33411,154
1,15244,98
1,25091,122
1,31767,-112
1,36055,94
1,23989,-44
1,14910,36
1,5597,14
1,25939,-174
1,14744,-48
1,2007,-132
1,31057,-172
1,28681,168
1,2047,-62
1,48573,-162
1,31377,166
1,31809,154
1,39923,-136
1,38793,-44
1,18152,-146
1,18703,-178
1,25071,60
1,29586,198
1,27383,24
1,35442,60
1,36978,174
1,17630,186
1,8915,48
1,26972,-94
1,49624,-138
1,12276,-58
1,587,4
1,8062,-144
1,14750,188
1,16774,-6
1,42999,48
1,20511,-168
1,41739,-172
1,12100,26
1,12046,168
1,9285,-68
1,28314,186
1,21500,-36
1,36454,130
1,3523,196
1,22132,-174
1,3474,-4
1,3571,132
1,44062,34
1,23554,198
1,9665,-128
1,11769,10
1,46006,86
1,6172,-48
1,39200,74
1,25158,58
1,10054,126
1,7839,-186
1,11976,-114
1,38920,-70
1,46548,54
1,14591,-46
1,35136,164
1,13950,-176
1,22389,12
1,13831,64
1,35325,6
1,24648,-54
1,45787,50
1,32913,182
1,32700,154
1,7241,162
1,38259,-24
1,3142,26
1,38828,-116
1,28756,-114
1,282,90
1,48067,182
1,29118,194
1,36353,130
1,19661,-168
1,12196,-64
1,42241,4
1,29078,114
1,20325,-74
1,44606,78
1,47347,84
1,27180,8
1,40537,-90
1,10262,-120
1,33026,94
1,11875,-42
1,20056,176
1,24754,-70
1,32664,-152
1,49900,-12
1,19887,-162
1,35502,-198
1,20170,158
1,41588,2
1,21196,-122
1,16572,78
1,40471,198
1,33598,-62
1,18141,-112
1,10553,80
1,19780,128
1,49195,-168
1,40880,-148
1,15786,-166
1,4534,70
1,32207,172
1,7019,174
1,32168,-74
1,40605,32
1,49498,-178
1,41995,-62
1,30332,52
1,4716,-92
1,47240,-152
1,25773,16
1,10607,124
1,26434,-118
1,3262,54
1,2743,94
1,3494,150
1,30676,4
1,30223,192
1,43809,86
1,6923,6
1,18264,-160
1,15951,-10
1,901,-172
1,40682,-118
1,48243,-82
1,46093,-76
1,20629,-92
1,35083,-84
1,15820,130
1,34042,-76
1,45637,62
1,38165,-86
1,24521,16
1,35767,160
1,7249,54
1,13147,-18
1,30145,106
1,30745,112
1,606,-150
1,1328,22
1,34779,76
1,21841,-74
1,15747,48
1,48305,-176
1,12193,28
1,32303,32
1,4937,20
1,26113,154
1,582,-200
1,34437,-116
1,16899,2
1,23397,70
1,30440,120
1,34246,166
1,36619,92
1,34635,-18
1,1320,-12
1,4198,96
1,3136,-158
1,35540,36
1,35290,-158
1,43235,-104
1,4586,-42
1,2713,-80
1,25113,28
1,28682,-30
1,30009,194
1,4771,52
1,30972,166
1,413,154
1,16739,-38
1,2197,-200
1,41129,-118
1,39327,146
1,5024,-72
1,47182,-148
1,43603,-46
1,17456,152
1,7037,-84
1,43272,-198
1,31365,-164
1,6321,32
1,14022,118
1,10851,154
1,28981,-68
1,34251,-140
1,3469,56
1,12121,156
1,48631,154
1,5411,190
1,9306,-60
1,16755,2
1,13908,-154
1,13484,116
1,45356,146
1,11398,-62
1,1912,162
1,11561,-72
1,15827,106
1,26336,174
1,14505,82
1,42015,176
1,36475,-12
1,899,-152
1,3152,-116
1,25232,194
1,10309,-36
1,9436,52
1,42515,144
1,595,128
1,28931,92
1,44808,-28
1,10003,154
1,30327,58
1,821,-134
1,26381,-62
1,9787,112
1,27833,-108
1,28587,90
1,22626,-40
1,408,-46
1,42377,38
1,3737,-38
1,19223,-52
1,46439,38
1,4797,106
1,22648,50
1,44042,182
1,20317,68
1,3905,-122
1,17878,-46
1,12089,190
1,5335,50
1,474,110
1,23332,-52
1,40191,48
1,34048,-38
1,17228,50
1,38736,-188
1,8136,136
1,38060,-116
1,37710,-60
1,29047,-84
1,11724,128
1,24856,12
1,19970,-112
1,39812,124
1,48489,-140
1,39336,-200
1,34285,196
1,46540,-90
1,12716,160
1,26103,-44
1,42451,30
1,5572,-110
1,14466,72
1,5371,-92
1,26825,196
1,19579,-64
1,28701,-104
1,17891,-148
1,47936,-198
1,26264,84
1,39169,172
1,2420,62
1,9646,180
1,13194,-164
1,35407,-140
1,2635,-30
1,17384,-94
1,48033,-178
1,22496,-94
1,22566,-132
1,43763,-46
1,36661,160
1,24119,182
1,11281,-170
1,39854,-80
1,39524,-138
1,41456,70
1,33268,126
1,47714,-184
1,13451,164
1,14090,-20
1,37208,-32
1,29740,-140
1,19703,-24
1,14185,-188
1,17308,-48
1,32630,-4
1,1023,72
1,21056,-178
1,2351,160
1,20975,44
1,48126,-52
1,33325,186
1,29761,66
1,42366,152
1,47344,-60
1,41584,-4
1,3674,-82
1,43815,-132
1,46657,94
1,7537,-80
1,18746,126
1,7412,-110
1,40229,76
1,22306,-164
1,41866,-130
1,31014,84
1,6652,-70
1,23114,66
1,15328,146
1,8221,78
1,9906,-118
1,46401,-176
1,42348,140
1,40185,-96
1,35588,-50
1,28769,126
1,8942,66
1,13976,-190
1,41641,44
1,4618,-108
1,1178,-118
1,44172,-94
1,43028,194
1,19938,186
1,41251,-132
1,28013,80
1,16598,-6
1,25233,162
1,1872,186
1,45298,114
1,49887,76
1,47247,-18
1,33750,-30
1,49614,-134
1,17991,164
1,35625,-94
1,46071,-196
1,3531,-56
1,48928,186
1,29557,156
1,2023,120
1,1856,-170
1,42462,92
1,14659,198
1,12139,94
1,42463,-116
1,22197,14
1,19978,100
1,37939,-46
1,46752,108
1,36033,-160
1,2760,-172
1,103,-56
1,34442,128
1,41299,168
1,11381,158
1,35785,74
1,29494,-112
1,24275,-98
1,5917,54
1,23824,144
1,22289,-148
1,48849,-196
1,32740,-86
1,11360,10
1,32247,158
1,19104,-118
1,37862,162
1,32205,136
1,23471,164
1,30780,110
1,38924,-70
1,18037,32
1,43798,-24
1,34496,24
1,15756,98
1,2404,-98
1,20956,-148
1,19912,144
1,41492,172
1,8727,-180
1,17763,-48
1,44577,122
1,49198,96
1,27683,4
1,16406,122
1,46114,-40
1,18533,-84
1,25062,-58
1,49509,144
1,1489,112
1,36423,-46
1,18027,-118
1,33533,70
1,34529,34
1,10886,-130
1,32814,-2
1,42576,-118
1,36110,-100
1,40994,102
1,30266,-200
1,10210,-168
1,22745,82
1,36694,-40
1,31337,38
1,34687,-20
1,15826,-90
1,26040,96
1,47230,92
1,2909,-188
1,38742,-84
1,33837,170
1,17862,82
1,49710,-184
1,39548,-54
1,29575,-20
1,10283,-200
1,4947,-88
1,30063,-158
1,40724,94
1,22757,-24
1,33174,26
1,44347,-194
1,38191,70
1,15954,20
1,45935,194
1,34205,156
1,12497,68
1,49426,66
1,40884,-2
1,37531,198
1,46677,88
1,46109,-44
1,47319,-42
1,22122,-160
1,362,104
1,30849,-16
1,3902,-152
1,2268,-74
1,38585,-42
1,31614,-126
1,43683,-88
1,28565,16
1,37477,-148
1,46255,-80
1,29544,166
1,35126,64
1,10143,-130
1,6122,70
1,32393,-180
1,16197,-64
1,11180,8
1,14829,-60
1,41712,130
1,43746,-76
1,17292,108
1,19044,6
1,11438,102
1,47008,-138
1,27953,-132
1,5189,160
1,1514,-156
1,33270,184
1,40855,-28
1,12281,-148
1,6338,-156
1,29167,128
1,16868,158
1,33198,22
1,1191,168
1,846,-188
1,10693,-62
1,22118,-28
1,23037,2
1,19217,60
1,41191,176
1,6766,-22
1,4309,-30
1,39423,80
1,43279,-130
1,14073,162
1,34995,-140
1,13453,-166
1,31840,-18
1,42702,64
1,17152,48
1,45779,-164
1,2199,76
1,3564,-22
1,21392,28
1,16691,-130
1,47477,182
1,46218,68
1,35194,-194
1,8130,192
1,17594,16
1,38976,156
1,47788,-78
1,36159,110
1,21144,-80
1,27440,-12
1,42036,66
1,6399,98
1,38950,140
1,24334,-42
1,43491,-168
1,2248,108
1,16648,162
1,48262,-188
1,21451,-2
1,6315,-14
1,49651,-102
1,8653,-50
1,48920,172
1,4675,-82
1,44038,-194
1,48097,-164
1,17552,78
1,39353,124
1,30683,78
1,1170,142
1,10491,-102
1,27761,114
1,10832,72
1,46502,-10
1,37522,114
1,37646,82
1,5702,34
1,45835,142
1,20218,122
1,49603,-28
1,17658,184
1,8094,-100
1,17417,-194
1,12702,180
1,12778,142
1,30860,-164
1,21034,-72
1,36988,56
1,33461,-136
1,24222,20
1,39259,92
1,27362,88
1,9276,-52
1,14884,-112
1,5940,74
1,40243,162
1,38493,82
1,6670,60
1,31434,-62
1,17318,70
1,27768,108
1,26997,-42
1,4387,-88
1,49884,-136
1,11954,78
1,43360,-114
1,22891,-2
1,39639,178
1,36597,-170
1,36348,104
1,14577,140
1,47096,6
1,32193,162
1,27586,-42
1,30437,-168
1,3423,-34
1,6762,-134
1,38207,-62
1,3984,6
1,19210,182
1,37902,172
1,28405,160
1,34405,-60
1,44115,-180
1,14251,152
1,22641,-68
1,47204,86
1,11731,192
1,31635,184
1,17514,136
1,14833,70
1,38281,-194
1,36591,-194
1,26352,-150
1,4922,-132
1,2806,52
1,4067,6
1,15008,-180
1,5768,-156
1,48867,50
1,14870,24
1,20379,140
1,26837,158
1,7860,-48
1,5277,100
1,20109,50
1,6373,-194
1,12414,-44
1,12330,134
1,9320,-20
1,4002,-78
1,18806,-126
1,29939,146
1,43082,132
1,17178,152
1,43316,-184
1,47027,108
1,48836,-36
1,5437,-190
1,20898,134
1,30825,-18
1,43011,130
1,33255,176
1,16230,-10
1,4801,-140
1,23821,-134
1,5714,-186
1,44527,-80
1,31610,-116
1,17482,80
1,14490,4
1,39323,-156
1,5654,190
1,29281,2
1,23538,90
1,2603,86
1,14574,-156
1,36523,6
1,40029,140
1,2026,-136
1,39135,102
1,33529,50
1,19211,24
1,19054,82
1,7013,-172
1,48906,46
1,32264,90
1,48798,90
1,31908,66
1,12216,110
1,41321,94
1,36805,110
1,16787,116
1,24689,-108
1,6394,-192
1,38333,16
1,20377,-120
1,37326,136
1,33986,-158
1,32707,-154
1,48609,-74
1,16785,-64
1,22003,44
1,43676,124
1,41557,-156
1,31488,-186
1,41779,-100
1,14330,86
1,29715,86
1,21857,-114
1,33751,20
1,6791,16
1,6536,42
1,30447,146
1,16954,52
1,7920,104
1,19030,188
1,21531,-20
1,43364,-172
1,31835,-8
1,23992,56
1,21016,42
1,12446,164
1,9458,56
1,13489,-26
1,4043,142
1,3731,-12
1,345,-174
1,32790,110
1,40945,-136
1,43159,142
1,9880,-72
1,36135,-64
1,36015,-188
1,11692,-66
1,12509,-2
1,29865,-46
1,44458,118
1,14922,178
1,44616,112
1,21993,-86
1,7609,44
1,23378,-112
1,29724,124
1,30889,-112
1,35850,-12
1,3892,-92
1,45163,152
1,4408,-26
1,32248,76
1,43717,-118
1,22316,72
1,5149,126
1,35444,138
1,4593,-98
1,25620,146
1,21183,104
1,4104,-192
1,18137,-42
1,45761,150
1,33892,-196
1,34092,-10
1,4880,-38
1,23181,166
1,12993,130
1,38728,-46
1,2433,38
1,23060,-116
1,44647,178
1,45341,-180
1,30973,-76
1,45330,40
1,27090,142
1,8024,28
1,47686,30
1,21596,74
1,23102,112
1,24116,180
1,39179,80
1,49685,-170
1,37061,-112
1,24109,172
1,35949,-176
1,20251,162
1,36514,-94
1,18994,114
1,7406,-160
1,12671,140
1,3781,-40
1,43418,-114
1,37859,122
1,7246,18
1,16780,34
1,33293,28
1,15600,182
1,14811,-52
1,46608,48
1,28083,168
1,836,146
1,14733,-170
1,32332,-114
1,30355,-108
1,49127,74
1,48129,-160
1,30048,74
1,18078,-196
1,29615,30
1,46622,160
1,23283,90
1,22852,-46
1,8795,-186
1,8365,-168
1,49510,138
1,22523,-70
1,2649,4
1,21464,-78
1,24509,86
1,48183,86
1,19123,118
1,37995,82
1,38992,172
1,25321,114
1,49864,98
1,9862,2
1,25829,-116
1,23988,178
1,46859,174
1,6854,-186
1,40872,24
1,8888,140
1,32589,74
1,47613,-80
1,21248,-134
1,34977,-190
1,926,78
1,44314,144
1,27850,78
1,1036,-180
1,39157,2
1,24828,-60
1,33143,114
1,31204,-160
1,28658,6
1,42070,114
1,16967,-62
1,21172,68
1,36964,-114
1,42220,162
1,2910,38
1,18622,108
1,378,52
1,43996,188
1,28521,-162
1,31544,-10
1,41497,2
1,11257,-2
1,32702,6
1,41719,88
1,48127,-44
1,11383,28
1,24188,78
1,8553,-130
1,24997,-184
1,7492,86
1,19161,18
1,13344,-24
1,21262,-174
1,37339,-134
1,3263,-22
1,26910,-98
1,47309,52
1,24821,-108
1,48949,184
1,48413,-124
1,14716,20
1,7758,74
1,19443,-200
1,46257,-80
1,47358,198
1,46715,-144
1,25690,110
1,10660,138
1,34548,-142
1,639,118
1,33209,154
1,18076,168
1,12398,64
1,1836,-32
1,17403,-138
1,1112,158
1,28777,68
1,37787,156
1,3627,-132
1,47173,126
1,6537,-178
1,38723,-14
1,31058,196
1,47996,16
1,31758,-112
1,15086,2
1,14533,-14
1,25127,-128
1,1175,-54
1,10492,-32
1,6642,122
1,38619,-64
1,25501,-104
1,25210,-38
1,46206,32
1,15982,104
1,37016,2
1,30940,-134
1,5135,142
1,17723,178
1,42757,-38
1,14863,-12
1,23652,134
1,36462,-186
1,18647,-156
1,4435,120
1,10253,30
1,45549,60
1,37421,-52
1,2850,78
1,40687,8
1,48673,-56
1,13423,-184
1,11709,-176
1,27523,84
1,35163,24
1,15675,138
1,4214,-122
1,4142,-96
1,22469,-24
1,26488,20
1,40298,-76
1,3274,26
1,37565,76
1,38298,186
1,46078,12
1,15439,34
1,18409,-126
1,35967,76
1,30814,-138
1,16140,-94
1,10367,-184
1,2762,52
1,9592,-136
1,49173,-136
1,19511,182
1,36781,116
1,45009,64
1,41617,144
1,2854,-74
1,1446,-136
1,25329,-14
1,8206,-100
1,11494,54
1,5575,48
1,43563,-136
1,41354,-72
1,29309,-36
1,36374,-134
1,46656,-116
1,2554,188
1,1581,112
1,18943,58
1,37957,-52
1,7579,-12
1,2468,106
1,4025,-18
1,31501,64
1,13935,132
1,42503,114
1,15763,68
1,6671,42
1,39255,-160
1,3184,64
1,49206,116
1,9450,104
1,36600,68
1,12548,-140
1,22690,-198
1,10471,116
1,10011,-172
1,19183,194
1,46992,-66
1,37433,-154
1,37317,-110
1,45115,4
1,33953,-146
1,28741,-152
1,47461,4
1,36735,82
1,42272,-132
1,48334,-118
1,25461,-52
1,3105,-66
1,49131,-106
1,44195,-194
1,12521,-126
1,8303,170
1,10726,192
1,33494,76
1,41463,-60
1,19432,-46
1,26946,-74
1,6025,-8
1,34789,168
1,49022,12
1,33427,-6
1,7603,92
1,35973,-16
1,26074,-194
1,11086,120
1,19615,62
1,24993,10
1,44584,4
1,35825,-72
1,19583,148
1,22239,-88
1,22355,122
1,2856,50
1,23295,-194
1,19627,158
1,25454,62
1,3018,166
1,13658,46
1,2820,102
1,27451,126
1,24625,-70
1,33149,-38
1,47966,-154
1,6277,48
1,40709,168
1,5366,-142
1,39395,158
1,36407,-32
1,49742,-64
1,42610,-22
1,35514,74
1,9543,170
1,5898,40
1,30169,-26
1,49463,86
1,30298,-26
1,40390,96
1,10692,-150
1,14280,-112
1,17933,192
1,14173,152
1,9819,-144
1,43145,-58
1,27598,198
1,10877,-52
1,36284,-2
1,1739,178
1,27735,156
1,12231,-176
1,15081,12
1,41960,22
1,10737,-86
1,17810,132
1,4681,52
1,15991,-110
1,14831,-146
1,35312,118
1,30985,172
1,31978,146
1,46911,24
1,2380,74
1,19985,-18
1,23448,-94
1,30962,-56
1,36685,166
1,35441,162
1,25918,172
1,19474,-12
1,32245,-54
1,26492,8
1,14972,168
1,40960,42
1,42469,-90
1,45889,52
1,20746,114
1,2940,24
1,12037,-134
1,32489,96
1,11744,-142
1,30047,154
1,8357,-58
1,23774,-142
1,40039,-24
1,47114,-46
1,21952,60
1,39615,150
1,25763,-164
1,40497,8
1,47260,50
1,27703,168
1,41097,-62
1,37865,164
1,19360,-90
1,26025,-34
1,44693,-40
1,10819,136
1,45044,192
1,33541,-130
1,6750,-110
1,828,-174
1,6009,88
1,21396,52
1,4602,-56
1,23815,-106
1,3802,68
1,31073,114
1,21554,22
1,40671,-38
1,42604,116
1,11790,130
1,39663,138
1,31966,166
1,18723,18
1,35007,184
1,43323,-142
1,40786,-144
1,11584,170
1,6656,-178
1,47318,78
1,38156,188
1,41874,-20
1,30658,184
1,11396,136
1,12797,-96
1,15876,-88
1,49941,-124
1,38208,74
1,31320,-32
1,17051,-184
1,32891,108
1,37312,-154
1,36388,196
1,47707,170
1,48604,74
1,35247,-70
1,6370,-110
1,40832,-78
1,27970,136
1,28969,-2
1,49370,18
1,3501,82
1,16463,120
1,27389,-194
1,536,-98
1,24979,30
1,15428,28
1,13796,170
1,24670,-88
1,192,-74
1,3755,-174
1,38078,78
1,36814,118
1,31146,-10
1,10683,-176
1,12590,-78
1,28213,194
1,45844,128
1,14314,4
1,6198,-54
1,42202,-118
1,49638,-154
1,38932,-50
1,42960,148
1,5185,-136
1,7816,-112
1,19080,72
1,21420,126
1,4112,102
1,2033,92
1,12608,-18
1,33916,-10
1,39432,118
1,26402,42
1,36644,106
1,15030,92
1,41397,-166
1,45842,58
1,26153,86
1,34281,160
1,42724,-200
1,3108,118
1,49655,-134
1,23813,-110
1,25521,-48
1,16708,52
1,15491,-158
1,23732,42
1,32326,-160
1,24859,140
1,16802,-194
1,13049,-80
1,29684,-68
1,14628,4
1,31579,184
1,21001,-6
1,26988,-54
1,10318,-96
1,31729,-188
1,49435,64
1,40457,-16
1,42638,74
1,26196,-106
1,8891,26
1,26416,-156
1,9669,-190
1,31258,32
1,39277,22
1,43013,122
1,40796,158
1,38935,-6
1,38536,-140
1,169,-158
1,6982,-56
1,3405,-160
1,4017,-112
1,34178,-62
1,25919,14
1,24461,-144
1,4471,4
1,12904,142
1,5661,54
1,32587,142
1,49389,-68
1,41327,18
1,43757,-86
1,31063,176
1,31267,44
1,22718,-176
1,43321,156
1,27572,146
1,39497,100
1,44592,-156
1,34836,-20
1,17368,14
1,35025,-92
1,20589,-92
1,11148,194
1,2118,194
1,43054,-36
1,38535,100
1,46106,118
1,48323,-116
1,39705,-2
1,2243,-22
1,28327,-28
1,49732,198
1,42925,-66
1,43126,-170
1,42806,-34
1,30093,172
1,13996,22
1,35338,28
1,27838,-140
1,40993,-144
1,1141,-180
1,15438,-74
1,24003,54
1,44935,104
1,21028,-66
1,43878,40
1,37238,136
1,13003,116
1,593,90
1,22547,-134
1,2211,-92
1,5414,132
1,8368,-138
1,31734,18
1,14183,28
1,3931,-60
1,43707,98
1,7219,24
1,9333,30
1,335,-184
1,29046,12
1,14657,-190
1,45484,84
1,25563,-176
1,26920,82
1,47704,-174
1,48050,-20
1,44147,132
1,25942,-176
1,24335,132
1,4344,-86
1,11541,16
1,45147,-178
1,47,-140
1,21710,174
1,20804,-12
1,589,24
1,34426,-132
1,23405,146
1,39736,80
1,17703,-102
1,27987,-132
1,15850,-58
1,18899,142
1,19534,186
1,41711,-122
1,39045,150
1,39174,186
1,40424,100
1,28773,-12
1,3689,-30
1,41594,-62
1,21971,-178
1,17898,-22
1,14763,-50
1,21202,-172
1,24341,-166
1,34149,192
1,25788,-18
1,27947,-56
1,2513,-40
1,37589,96
1,29629,-144
1,14409,174
1,39027,158
1,33588,-124
1,11846,188
1,8340,190
1,20078,-6
1,43590,82
1,912,-140
1,19485,130
1,8470,26
1,25500,-68
1,21967,-176
1,47169,92
1,14494,-6
1,1978,188
1,42242,66
1,5573,-96
1,14050,-186
1,12492,118
1,40703,-48
1,12059,-132
1,27202,-198
1,36017,-8
1,40932,-170
1,27181,-128
1,32294,142
1,19812,-88
1,31560,-12
1,36662,-86
1,44701,130
1,34797,54
1,5977,-88
1,43249,54
1,49659,-150
1,2052,-66
1,14775,84
1,22154,-114
1,37932,-126
1,17345,168
1,2947,108
1,32830,-18
1,41310,40
1,32773,108
1,39307,100
1,28847,172
1,16398,-136
1,5645,186
1,7103,-52
1,48363,110
1,29250,-134
1,27422,-70
1,2240,158
1,45383,-174
1,29341,114
1,35726,-10
1,35275,88
1,1057,-30
1,27741,162
1,19270,18
1,34570,80
1,2004,98
1,40676,70
1,40070,48
1,26679,-108
1,35201,-18
1,3435,-34
1,13713,174
1,30921,14
1,25141,98
1,4187,-140
1,44521,-46
1,22792,-22
1,3529,38
1,9219,-164
1,8502,-106
1,25144,-130
1,30868,-134
1,31841,82
1,46989,192
1,42618,124
1,45016,14
1,27480,-16
1,18715,-102
1,28060,-152
1,4068,88
1,44671,-62
1,30752,150
1,30215,-20
1,34211,-54
1,3112,134
1,4087,-110
1,44270,100
1,26011,158
1,27552,22
1,47884,-14
1,49775,178
1,5720,-20
1,11990,-12
1,15620,-66
1,23507,54
1,12249,-122
1,18949,-152
1,33156,18
1,49629,94
1,8329,-154
1,6707,-112
1,27110,66
1,36040,-64
1,13259,-72
1,36590,138
1,2912,172
1,29088,-184
1,15025,-168
1,7941,-12
1,24096,-62
1,27104,142
1,48961,-54
1,18407,56
1,32846,70
1,47177,-36
1,16882,-6
1,600,-114
1,22473,58
1,16420,18
1,21735,-186
1,27493,-44
1,41713,-198
1,490,-156
1,14136,-168
1,31650,-48
1,45635,-182
1,32277,-16
1,41893,88
1,5796,-10
1,39746,16
1,45585,-64
1,21046,-82
1,22633,-120
1,48029,66
1,6557,-190
1,26599,110
1,30540,120
1,48876,-120
1,48799,50
1,48328,-132
1,14499,66
1,2172,-82
1,17916,176
1,15359,46
1,47514,-162
1,25243,70
1,12152,-96
1,279,20
1,38108,140
1,19702,-162
1,48973,86
1,1000,170
1,44775,166
1,20314,-160
1,495,76
1,5782,20
1,42741,-114
1,29641,-190
1,4476,-156
1,6145,104
1,11407,182
1,5214,30
1,12984,-42
1,15641,-22
1,1355,160
1,14478,-192
1,24945,-178
1,36379,-162
1,41728,-102
1,44265,102
1,27448,-176
1,18624,-80
1,16149,92
1,19048,164
1,33602,30
1,46584,-200
1,39283,-82
1,41916,-98
1,24594,176
1,28916,-156
1,48051,-36
1,37597,28
1,35357,144
1,8129,-104
1,22379,14
1,49738,-128
1,7981,-166
1,28983,164
1,34169,-194
1,14339,-172
1,34730,150
1,26361,-32
1,48187,-150
1,18950,76
1,23533,8
1,25590,-26
1,6742,-14
1,4179,-4
1,13228,-14
1,43607,-140
1,46105,-128
1,14529,42
1,22337,132
1,15477,152
1,32271,-28
1,15195,196
1,17980,-100
1,27849,-86
1,40025,190
1,4642,52
1,43816,156
1,15727,-166
1,5643,-174
1,3279,-124
1,5619,112
1,2782,116
1,23051,186
1,5585,-64
1,37835,-114
1,43421,112
1,47295,-188
1,26606,-100
1,7884,-172
1,9708,-74
1,32036,110
1,35529,-66
1,29279,-52
1,32473,164
1,28732,32
1,27682,-188
1,19134,164
1,12304,-94
1,31639,-26
1,21793,-78
1,15486,146
1,41984,10
1,9941,196
1,49692,-178
1,46222,118
1,21269,92
1,25816,30
1,12665,-114
1,6983,-162
1,46239,82
1,8214,34
1,36889,-8
1,9774,46
1,1066,60
1,42934,-172
1,4911,-150
1,33235,54
1,43506,72
1,3384,-136
1,49305,-84
1,28874,8
1,32612,-196
1,29232,100
1,36971,-58
1,40138,148
1,11151,-12
1,2417,30
1,47330,-104
1,5038,88
1,6248,4
1,5942,-178
1,15311,98
1,14840,-158
1,39358,-24
1,44486,-194
1,41107,44
1,45574,-172
1,4548,140
1,1674,-120
1,37496,-6
1,16555,40
1,45623,98
1,2679,140
1,49896,150
1,42633,6
1,5816,-94
1,39900,-156
1,9073,-120
1,47465,26
1,15207,186
1,22288,138
1,2607,-2
1,20924,-48
1,10303,-44
1,21790,-110
1,20485,-70
1,5775,-190
1,40826,-54
1,24351,98
1,20907,-164
1,36875,136
1,18176,-140
1,18483,-194
1,34188,178
1,5523,-126
1,42881,42
1,9870,48
1,36177,174
1,47682,64
1,33190,62
1,7125,30
1,9623,28
1,14430,162
1,11471,168
1,17828,-186
1,47606,-146
1,17214,148
1,6594,-96
1,46261,-46
1,34571,-68
1,12907,-70
1,2672,20
1,20484,64
1,32474,72
1,466,192
1,4670,170
1,43948,-138
1,42496,-96
1,28449,122
1,7563,38
1,7892,164
1,7643,-108
1,43151,124
1,26576,148
1,19572,76
1,28914,-158
1,45187,68
1,10371,-148
1,36439,-198
1,13122,94
1,2236,-48
1,44157,116
1,1666,-76
1,4196,126
1,26595,10
1,10848,40
1,47978,60
1,26867,158
1,4175,-154
1,11930,94
1,825,-182
1,46803,-74
1,4924,44
1,42516,-148
1,36979,152
1,36122,-98
1,39929,90
1,27584,162
1,22030,-84
1,14422,194
1,734,194
1,24156,60
1,35366,126
1,32552,-170
1,36595,24
1,11139,-80
1,41720,88
1,27875,-24
1,12228,-130
1,37863,-148
1,10955,8
1,15012,168
1,40606,-150
1,26528,-42
1,44751,-8
1,8111,18
1,16526,-190
1,7130,156
1,39,128
1,36383,138
1,9474,116
1,33067,-138
1,12032,-138
1,29524,-74
1,2560,-160
1,44500,126
1,42092,56
1,42207,-116
1,25495,-158
1,747,34
1,20702,56
1,32493,104
1,24905,-164
1,37546,6
1,42792,-112
1,4095,-188
1,12364,90
1,39628,38
1,25114,-54
1,33163,90
1,19464,-186
1,8871,24
1,38927,-128
1,20673,160
1,45557,86
1,6,152
1,40002,60
1,12383,-2
1,2771,98
1,26519,130
1,40905,112
1,9150,-162
1,24840,174
1,2425,90
1,19803,178
1,39480,32
1,21798,-162
1,40719,126
1,40207,-20
1,2522,-42
1,14502,142
1,5281,-140
1,37731,-136
1,2459,-156
1,28084,-90
1,31564,134
1,17676,42
1,6522,-86
1,17146,182
1,28678,56
1,8655,-144
1,19804,-28
1,11042,6
1,48084,-114
1,4614,162
1,37052,118
1,28799,-60
1,11156,-36
1,14329,-126
1,27585,-22
1,20055,-122
1,1854,80
1,16272,58
1,20903,-116
1,9096,-134
1,2712,170
1,28688,136
1,42381,106
1,46194,178
1,17549,-38
1,26325,134
1,33260,90
1,40998,-144
1,11443,38
1,29328,-118
1,41900,-176
1,39026,-2
1,13745,-84
1,32011,-136
1,22480,44
1,23570,154
1,45795,92
1,15170,-106
1,23838,98
1,17771,-136
1,33631,186
1,34807,-142
1,32738,126
1,28647,-26
1,2544,102
1,929,44
1,32100,46
1,25012,140
1,13148,176
1,10311,166
1,29728,88
1,8361,18
1,33188,-48
1,28758,-6
1,38673,-184
1,23562,166
1,14688,-124
1,37610,128
1,41261,-118
1,2905,-84
1,47231,-158
1,49681,-62
1,3706,30
1,28215,134
1,39119,72
1,46341,142
1,44795,168
1,41002,166
1,14684,168
1,8323,-18
1,40933,-50
1,31676,-178
1,24014,-152
1,1644,170
1,9394,-122
1,17625,-42
1,4489,16
1,30396,-18
1,4613,-180
1,36317,-130
1,34407,22
1,16669,152
1,9463,-48
1,11361,-136
1,36092,16
1,43874,-4
1,31071,146
1,39930,34
1,12673,-74
1,9683,-106
1,1015,-158
1,38574,50
1,12599,76
1,12203,-188
1,20437,160
1,32329,-162
1,10785,-164
1,28853,10
1,4362,64
1,32577,66
1,1377,-94
1,20967,96
1,15853,-104
1,24252,18
1,35482,-44
1,21489,-100
1,47147,22
1,6932,-118
1,6816,166
1,41483,-118
1,29804,-144
1,45672,-38
1,4414,150
1,48751,-128
1,48640,142
1,33911,-196
1,26625,14
1,49894,42
1,33081,18
1,3145,-158
1,39240,-62
1,30203,92
1,48340,6
1,39031,-22
1,27604,-106
1,45177,90
1,19010,110
1,44292,-118
1,12958,78
1,44982,-70
1,20293,-162
1,10345,-124
1,40494,-74
1,31950,158
1,24771,-198
1,36823,-134
1,41176,-164
1,42977,-10
1,35715,-144
1,38342,126
1,22368,-198
1,45752,-114
1,39531,130
1,23620,132
1,19597,-72
1,27569,-154
1,34027,72
1,38243,28
1,4588,28
1,7481,78
1,39278,50
1,3302,30
1,19269,42
1,7487,-190
1,16190,-184
1,43463,114
1,48414,-22
1,49089,-76
1,38786,-80
1,33016,126
1,47599,28
1,19694,-100
1,8177,122
1,39814,-166
1,43628,60
1,43617,-178
1,16101,142
1,28426,-160
1,47862,-118
1,48792,20
1,29924,102
1,5763,-176
1,13240,154
1,31797,-162
1,31440,118
1,8016,-140
1,24336,-174
1,36337,-138
1,12527,100
1,12082,-76
1,5464,134
1,24576,26
1,42870,92
1,21860,-186
1,37024,62
1,21974,-140
1,3554,114
1,27148,-2
1,40681,22
1,13735,92
1,19446,-96
1,47558,-32
1,29491,-20
1,34719,138
1,28985,188
1,33050,-160
1,20509,136
1,2127,38
1,14519,180
1,13026,-46
1,34685,-72
1,18000,84
1,30567,60
1,28148,-140
1,25442,176
1,38845,-54
1,43926,64
1,1145,134
1,17951,-164
1,41250,168
1,37429,-146
1,42597,-164
1,4629,-68
1,26008,62
1,20064,162
1,22336,152
1,19685,60
1,8491,-196
1,48787,-170
1,21426,92
1,1947,46
1,28709,-192
1,13919,-92
1,34330,-150
1,28091,166
1,18113,96
1,20385,16
1,49276,72
1,13154,-24
1,20800,-140
1,27106,-76
1,32661,60
1,34173,-152
1,31367,130
1,47296,-140
1,35296,158
1,7647,-164
1,2176,-78
1,7933,72
1,36050,-14
1,31760,176
1,23883,-160
1,894,60
1,22720,100
1,745,160
1,14170,-24
1,10890,-134
1,23115,10
1,7799,162
1,36934,6
1,22550,34
1,10638,116
1,2348,26
1,6207,96
1,6834,76
1,19450,136
1,19831,-6
1,30333,192
1,8642,28
1,24172,38
1,36495,30
1,46725,-170
1,32801,154
1,25981,-170
1,40100,-6
1,5478,-160
1,10743,-200
1,30371,34
1,8512,-114
1,8393,-98
1,23277,-12
1,45659,94
1,17298,120
1,48523,110
1,17502,94
1,317,-190
1,20299,76
1,20556,-156
1,20762,192
1,34643,46
1,961,92
1,36085,-132
1,45758,196
1,38228,122
1,27916,-160
1,10720,-24
1,16353,184
1,7676,120
1,39754,132
1,45718,-198
1,24496,44
1,41212,-114
1,8175,-170
1,5326,20
1,3588,-200
1,34359,-136
1,615,-56
1,41206,-46
1,24497,88
1,11400,44
1,2406,128
1,32480,130
1,35889,172
1,1986,-56
1,32663,-60
1,17780,-112
1,41387,-186
1,24723,-132
1,24876,66
1,5146,-82
1,19350,150
1,5766,-54
1,43470,-112
1,6312,22
1,30937,64
1,43829,-98
1,16020,150
1,8061,154
1,17567,70
1,6649,-100
1,41616,146
1,38245,24
1,30790,-174
1,37163,-110
1,41083,90
1,3339,-94
1,12208,-198
1,26177,-12
1,36026,8
1,24313,56
1,38757,-70
1,3538,152
1,8182,154
1,45781,-122
1,29785,198
1,33805,108
1,46116,-26
1,11857,-74
1,30958,82
1,28074,-122
1,32982,-12
1,12423,-28
1,31380,80
1,4523,-80
1,44570,28
1,10780,-160
1,43053,144
1,34600,-108
1,47625,-192
1,46151,56
1,16270,162
1,44003,-200
1,19709,-4
1,30607,-56
1,15556,126
1,36592,-180
1,4594,116
1,34963,90
1,35960,146
1,45562,160
1,25628,-154
1,1452,4
1,36886,-196
1,46166,-110
1,23010,-162
1,10540,-80
1,33264,-164
1,25691,-96
1,36101,-138
1,29162,-188
1,7581,-86
1,32895,26
1,1874,134
1,22069,-70
1,11933,80
1,22503,-106
1,20709,-152
1,46496,-30
1,2353,44
1,14429,28
1,26112,72
1,39804,50
1,33667,40
1,15146,54
1,6350,24
1,16663,-118
1,47258,198
1,4075,-170
1,16217,158
1,7147,-8
1,14092,-28
1,26618,68
1,12251,-118
1,17008,16
1,46420,182
1,9104,134
1,15546,114
1,43121,-18
1,38799,18
1,9703,-180
1,9861,-160
1,20971,-60
1,45155,-80
1,41809,98
1,47401,150
1,29572,22
1,39855,-58
1,13237,166
1,11792,146
1,28727,94
1,49125,-130
1,25819,-186
1,44639,104
1,22934,-14
1,29741,-68
1,1972,138
1,42876,-80
1,46522,180
1,45239,-116
1,19311,64
1,31033,116
1,10770,-102
1,35418,-192
1,32344,-52
1,46452,-22
1,18894,-122
1,9826,-154
1,15286,-96
1,32304,42
1,12397,-190
1,30460,104
1,33773,-144
1,30754,176
1,28631,188
1,10945,-116
1,16139,-18
1,33136,106
1,49415,26
1,35749,-192
1,11635,-174
1,26788,-14
1,375,-82
1,22004,-50
1,11654,2
1,25842,104
1,11193,-198
1,27084,-2
1,38611,20
1,45103,-126
1,40871,-158
1,48381,-102
1,35639,86
1,11157,-32
1,47587,32
1,25977,-58
1,23050,-74
1,23865,-76
1,21115,46
1,37000,-10
1,22853,172
1,16368,32
1,34404,-174
1,46320,-154
1,12323,186
1,10199,-84
1,38532,92
1,28629,10
1,18556,60
1,20018,-196
1,44540,-106
1,31420,-32
1,35178,-6
1,1250,122
1,6438,150
1,3599,18
1,40860,186
1,31547,28
1,8265,174
1,29161,76
1,43222,-94
1,18812,186
1,31055,2
1,29053,186
1,31779,-172
1,20627,-174
1,45898,-4
1,14001,180
1,30939,-110
1,2128,52
1,2336,158
1,37286,-106
1,5986,-112
1,44466,-30
1,6628,-134
1,35550,114
1,40005,32
1,4758,-66
1,47974,-128
1,41217,-130
1,1611,-132
1,42278,190
1,34487,-80
1,17664,-106
1,25874,164
1,41810,84
1,19527,58
1,12192,152
1,33654,150
1,7862,-100
1,8588,-66
1,38434,-10
1,13119,14
1,19404,-56
1,36645,-112
1,26896,118
1,14227,-62
1,24257,-54
1,30739,26
1,42213,4
1,5245,70
1,16172,164
1,8452,130
1,7571,116
1,10728,-116
1,1297,-170
1,44945,58
1,15582,-32
1,21620,18
1,1648,120
1,11609,24
1,35213,190
1,10339,-156
1,9281,70
1,34207,92
1,34962,-174
1,15384,-40
1,47759,-158
1,19826,-174
1,532,-144
1,28159,-162
1,23604,104
1,20601,72
1,9227,34
1,16938,-22
1,34041,74
1,49241,-188
1,5623,-164
1,25255,-72
1,19681,-198
1,39303,-46
1,25042,-170
1,24940,52
1,8611,-74
1,5834,-178
1,24279,-76
1,28022,34
1,33294,156
1,6131,26
1,49374,136
1,6213,186
1,28205,-76
1,44082,168
1,20077,24
1,16540,30
1,23025,-134
1,41156,66
1,13051,68
1,33259,-154
1,43227,62
1,45569,-128
1,38933,104
1,22636,154
1,44878,26
1,6452,62
1,10497,-138
1,31157,48
1,8771,-28
1,39329,-96
1,36265,-70
1,41148,44
1,34272,78
1,12718,-172
1,16162,26
1,44568,-72
1,31351,-60
1,27119,-170
1,1348,-108
1,9118,-40
1,24001,-148
1,22171,118
1,35295,162
1,9997,158
1,41174,166
1,36999,-82
1,25552,128
1,20750,28
1,37249,-98
1,36883,120
1,35139,-14
1,6831,-184
1,5097,196
1,10738,-88
1,13191,-158
1,9545,-134
1,3296,-56
1,32498,170
1,35920,44
1,28578,192
1,29536,-146
1,32934,72
1,39521,164
1,32213,-126
1,42616,-64
1,10701,198
1,28199,-144
1,30207,-52
1,20626,144
1,27530,150
1,12472,112
1,14103,80
1,19896,-140
1,36257,-104
1,46156,-60
1,21716,-86
1,42363,156
1,40866,-24
1,10118,-84
1,21670,174
1,3500,-158
1,12484,-102
1,9830,-72
1,49126,-140
1,16929,-2
1,26743,-138
1,27107,-166
1,49856,-22
1,10403,-38
1,49525,132
1,12257,44
1,35923,-50
1,47578,-70
1,20542,-66
1,49247,170
1,10506,-186
1,37298,-18
1,35959,166
1,15688,30
1,28468,72
1,1927,148
1,5034,196
1,45369,-86
1,33007,126
1,32726,-116
1,12461,-34
1,9363,-102
1,14816,194
1,6498,146
1,24364,56
1,20798,-148
1,6891,-6
1,16086,-110
1,48177,-20
1,12384,176
1,40014,24
1,42683,154
1,26534,194
1,26082,-24
1,48709,54
1,10377,-74
1,33044,122
1,743,52
1,3233,94
1,41116,98
1,30366,-144
1,7346,-156
1,26602,184
1,22155,94
1,42897,-180
1,6778,-174
1,39602,168
1,18464,-124
1,22701,-144
1,28465,102
1,11535,36
1,30996,-58
1,1440,154
1,5547,126
1,2898,-84
1,29796,12
1,3350,186
1,32660,148
1,35811,-122
1,37930,136
1,24372,116
1,47086,146
1,29660,98
1,38847,-36
1,8673,-132
1,13912,90
1,25714,-130
1,20414,-6
1,47037,-64
1,39807,-46
1,8831,16
1,48441,66
1,29768,178
1,46572,10
1,910,-40
1,30594,178
1,34468,32
1,36186,14
1,18300,68
1,46864,-26
1,8824,-162
1,4072,-54
1,10264,-168
1,23583,36
1,29287,98
1,39301,52
1,15758,170
1,40292,58
1,16193,80
1,35472,186
1,875,-116
1,4695,22
1,7307,-72
1,38513,2
1,13380,172
1,23327,128
1,1229,42
1,17901,-58
1,2621,-200
1,45714,24
1,48637,-44
1,26109,64
1,40975,-10
1,13045,-66
1,29871,182
1,11975,-4
1,26313,-146
1,17019,-128
1,32546,-184
1,34071,30
1,22007,-194
1,18068,-146
1,36983,98
1,16676,26
1,48686,-166
1,34697,-176
1,47374,182
1,26957,12
1,37309,-196
1,45883,-180
1,10016,8
1,22788,-184
1,3281,36
1,2517,-134
1,33106,-68
1,29999,70
1,37966,130
1,48310,24
1,26102,124
1,14780,64
1,30570,-56
1,13400,184
1,35088,18
1,40171,144
1,24894,-46
1,14081,-172
1,2730,-186
1,15504,-14
1,7410,-56
1,34946,-128
1,11701,-76
1,31826,-74
1,33100,-60
1,24762,-196
1,38441,-56
1,27734,-128
1,34838,-10
1,3644,104
1,49524,124
1,2183,-32
1,24844,-68
1,12682,60
1,4491,-96
1,2070,140
1,34601,-86
1,39747,34
1,49810,-68
1,40982,-140
1,44614,188
1,21897,-186
1,9234,-12
1,45293,-74
1,37568,136
1,3809,-58
1,19507,108
1,20246,-160
1,14008,-122
1,11254,-180
1,17004,182
1,23223,-50
1,43396,-98
1,27812,128
1,21450,-24
1,12320,16
1,39136,-36
1,30420,-104
1,4882,116
1,30659,168
1,40914,-72
1,32621,-38
1,7283,-92
1,4934,-126
1,36994,84
1,33998,-140
1,35524,-164
1,43818,-118
1,19593,-52
1,33031,96
1,49973,44
1,17615,116
1,8155,-168
1,35322,178
1,15915,40
1,47557,90
1,7767,6
1,13965,-40
1,42310,22
1,20399,72
1,21354,178
1,42338,-138
1,17666,-192
1,22921,-186
1,32406,180
1,48090,18
1,21245,140
1,20668,-74
1,27275,98
1,48757,-146
1,29032,188
1,17106,172
1,40501,92
1,6877,78
1,5490,126
1,11615,192
1,31898,-30
1,17607,176
1,17316,22
1,19237,160
1,5266,174
1,45130,-80
1,18153,-180
1,33887,-174
1,9491,-94
1,46394,84
1,26429,52
1,40948,-68
1,32151,-92
1,44612,-16
1,16441,78
1,8725,92
1,24011,-48
1,41596,76
1,38097,-196
1,8937,86
1,22129,182
1,31117,38
1,25183,114
1,22212,-2
1,26121,-156
1,43947,-162
1,35102,184
1,37994,-152
1,36864,-10
1,4157,160
1,26691,-134
1,2295,-56
1,16997,-78
1,6924,-4
1,35504,-160
1,10774,-110
1,31480,-138
1,35571,62
1,18516,128
1,29900,86
1,44294,10
1,2302,88
1,5529,6
1,46717,72
1,48085,160
1,16768,182
1,30818,110
1,20457,42
1,6787,52
1,12736,46
1,9095,170
1,18668,186
1,16198,66
1,4864,-92
1,49578,136
1,36404,4
1,40881,-16
1,10351,-132
1,19426,-76
1,115,-58
1,38331,192
1,32808,122
1,19890,162
1,49262,-72
1,28584,-128
1,16921,-18
1,30470,108
1,10971,-24
1,6080,-28
1,7523,194
1,21036,-26
1,34817,76
1,13189,-84
1,5548,-132
1,21818,-168
1,7469,98
1,36394,-76
1,20482,8
1,23314,8
1,9494,-100
1,41903,146
1,15000,-54
1,6176,-48
1,24561,46
1,49381,-4
1,778,-160
1,31191,96
1,33139,150
1,16486,-196
1,39431,128
1,45872,-188
1,4685,32
1,19147,-76
1,7139,-182
1,18568,38
1,37335,-22
1,43015,106
1,8970,2
1,49631,-80
1,25509,102
1,41114,-116
1,24581,-62
1,40883,-172
1,775,138
1,26023,-84
1,48426,-146
1,18788,8
1,39666,28
1,3254,-186
1,3029,180
1,30722,-92
1,17678,-128
1,23525,118
1,18405,128
1,48720,174
1,27776,4
1,18742,-10
1,1661,94
1,49829,-146
1,4311,62
1,28606,124
1,26795,-164
1,7007,-170
1,19770,192
1,3107,138
1,11503,72
1,20714,-164
1,560,-58
1,17484,-200
1,5594,-42
1,23343,-68
1,28559,-170
1,47072,-22
1,49693,170
1,6908,172
1,41167,-92
1,16732,-144
1,30160,152
1,11210,138
1,48930,-100
1,21640,-106
1,9984,-152
1,35192,-54
1,11894,136
1,39409,-98
1,8544,-126
1,26712,176
1,1171,64
1,3147,-188
1,47185,32
1,13468,196
1,36006,-44
1,26399,46
1,33735,-126
1,8936,182
1,42755,76
1,25832,-144
1,47212,-94
1,26413,-186
1,19377,-56
1,25083,-110
1,13277,-168
1,32592,-172
1,19275,-70
1,20838,-88
1,28190,-46
1,20604,-60
1,11209,-200
1,28822,108
1,33692,24
1,25036,-180
1,15315,112
1,31407,-176
1,42068,-2
1,8806,-196
1,20143,184
1,19504,188
1,2437,-96
1,25928,-108
1,4651,106
1,46799,-98
1,15226,-16
1,46734,14
1,39662,-20
1,5663,38
1,36018,-110
1,30604,-78
1,8752,-180
1,24276,164
1,6261,-82
1,36319,-78
1,35449,88
1,44193,-166
1,13270,2
1,14507,160
1,46065,62
1,26318,148
1,26200,156
1,11658,-2
1,21769,74
1,44029,-140
1,43819,-114
1,37986,-138
1,3547,116
1,11753,-140
1,5145,-36
1,44305,-88
1,47042,-14
1,30222,-160
1,33481,98
1,20549,-146
1,39437,170
1,42069,-90
1,39770,-106
1,38057,-68
1,32725,-54
1,5470,-88
1,11274,-76
1,34208,186
1,4678,-174
1,27930,10
1,34520,-150
1,42996,-76
1,28462,6
1,29997,-142
1,33946,-192
1,18020,84
1,27655,-90
1,677,178
1,41188,-86
1,29618,166
1,13268,76
1,18282,-176
1,46456,-50
1,3316,10
1,15031,158
1,16649,-110
1,19555,24
1,20061,2
1,40094,-146
1,47181,196
1,8587,86
1,6810,-198
1,33357,66
1,7840,-28
1,28003,-14
1,8861,168
1,1699,-170
1,25140,-80
1,5236,-176
1,46061,-54
1,8277,-14
1,10805,174
1,13649,-172
1,6317,8
1,29297,-62
1,44833,36
1,10184,-162
1,12562,-92
1,38544,182
1,6751,12
1,45616,-186
1,31529,36
1,35921,-54
1,32017,68
1,26024,-198
1,32648,-34
1,16049,6
1,11944,196
1,3197,18
1,16642,26
1,17077,-150
1,55,-102
1,23196,-174
1,2472,160
1,16323,98
1,18039,-106
1,2301,26
1,23800,-120
1,9867,94
1,10863,-22
1,27289,150
1,834,10
1,43709,96
1,38099,116
1,18619,-136
1,36247,-64
1,28289,16
1,38903,-156
1,22631,96
1,16111,132
1,24071,-140
1,2214,44
1,16388,-14
1,36406,196
1,4348,-162
1,472,-170
1,23454,128
1,43507,102
1,26550,-34
1,5748,32
1,32519,-186
1,22278,-86
1,18174,134
1,3170,180
1,37783,158
1,44547,62
1,17180,-24
1,23443,-136
1,7738,-150
1,29290,-100
1,19029,78
1,20867,-12
1,34215,70
1,21788,126
1,14315,150
1,44255,-136
1,29009,-186
1,20517,-56
1,44002,12
1,29458,-24
1,3602,-152
1,28748,-42
1,4857,-54
1,48752,66
1,43522,-122
1,2320,172
1,49251,56
1,47394,82
1,16482,30
1,9748,-46
1,28236,-46
1,4089,164
1,15649,86
1,43634,82
1,19535,-22
1,28408,78
1,43790,-184
1,18155,186
1,946,64
1,25960,186
1,8236,-70
1,48661,-160
1,18649,110
1,17419,158
1,43487,144
1,41854,114
1,105,84
1,30696,118
1,41581,-18
1,16028,-158
1,2055,-140
1,43938,-12
1,30764,-186
1,2710,180
1,37112,54
1,3969,148
1,8229,14
1,23179,-14
1,21053,24
1,42971,-74
1,9809,116
1,46824,182
1,17263,-122
1,28395,-184
1,33508,-198
1,29882,-82
1,7972,-174
1,27140,-74
1,45385,-108
1,353,-198
1,29384,98
1,4687,-184
1,16614,-104
1,47005,-112
1,321,28
1,18918,138
1,45134,-114
1,46536,-74
1,28496,194
1,6988,-132
1,809,156
1,11850,-192
1,18218,-90
1,4515,130
1,17201,-34
1,12300,-70
1,35195,104
1,31012,-72
1,11050,154
1,45920,-20
1,33663,-60
1,2975,172
1,11028,138
1,29558,-54
1,39974,-2
1,15632,-132
1,572,2
1,5728,176
1,15049,-170
1,33914,-34
1,36068,-88
1,45382,-96
1,23136,168
1,21764,-108
1,22700,-26
1,12963,2
1,7778,192
1,28536,16
1,14882,-48
1,4261,146
1,36240,-18
1,10213,-80
1,28860,64
1,31852,58
1,46289,152
1,46079,110
1,36747,-36
1,23155,142
1,6745,-88
1,31444,-98
1,42857,154
1,9239,2
1,36537,-182
1,10323,-96
1,24323,-78
1,41751,50
1,14337,-184
1,7152,-70
1,43077,166
1,5005,66
1,32734,-174
1,15129,104
1,27131,150
1,34030,48
1,43970,-134
1,31728,-190
1,15138,-198
1,5691,38
1,13537,-34
1,37074,-20
1,15029,-2
1,40479,-22
1,37186,68
1,14551,104
1,38147,-128
1,3758,110
1,32600,56
1,25817,190
1,19625,-126
1,28222,-110
1,13702,-18
1,13765,-180
1,22951,-182
1,33109,122
1,37243,-200
1,10024,26
1,15939,-90
1,16191,-16
1,10220,-94
1,38747,-182
1,38454,-28
1,6775,12
1,44450,32
1,970,-144
1,42935,28
1,44676,-176
1,28119,54
1,18687,-156
1,33807,2
1,5273,24
1,45260,-200
1,15432,140
1,24245,-56
1,28739,-38
1,806,36
1,29373,118
1,20583,150
1,11296,-134
1,20220,16
1,1493,156
1,7458,190
1,38210,-100
1,25397,-56
1,43679,-12
1,25162,132
1,35542,-160
1,48691,12
1,49313,22
1,25525,-48
1,24401,30
1,34493,-24
1,14243,164
1,36076,-178
1,12427,56
1,39146,152
1,48402,-104
1,31390,-76
1,43346,62
1,1386,164
1,45680,-58
1,31944,152
1,8466,198
1,48289,-156
1,46686,-118
1,37385,186
1,18100,126
1,3083,98
1,19908,120
1,27419,158
1,7570,100
1,10914,80
1,39159,48
1,1474,122
1,45343,-126
1,28728,-72
1,7402,68
1,147,-78
1,29092,-200
1,36494,-100
1,31405,196
1,24833,154
1,11444,176
1,23714,-90
1,40848,98
1,44674,-160
1,29516,-86
1,47503,-48
1,48592,84
1,31504,8
1,7068,160
1,11910,94
1,6939,22
1,37192,-36
1,40985,168
1,15660,-140
1,16682,-184
1,19088,4
1,6520,36
1,42512,-174
1,31790,30
1,4446,-104
1,18934,182
1,43889,6
1,5356,-62
1,29409,34
1,49335,58
1,46500,136
1,25138,-68
1,19228,176
1,2068,-186
1,34471,-190
1,14077,44
1,31918,-22
1,18120,12
1,2928,-128
1,39794,4
1,21804,6
1,19369,178
1,6740,-144
1,23561,68
1,41333,-184
1,16845,30
1,1062,-40
1,3934,76
1,20005,-80
1,27799,178
1,46556,-38
1,36466,-118
1,42088,-104
1,11419,-144
1,46538,176
1,19246,-42
1,22036,-182
1,42331,-120
1,25430,146
1,15789,4
1,18720,34
1,7456,-8
1,39543,172
1,20657,192
1,49455,-194
1,27688,-120
1,14341,-168
1,3176,-94
1,25353,42
1,29127,182
1,10898,-18
1,34734,-108
1,28392,198
1,13553,-92
1,36218,38
1,3790,-120
1,728,80
1,1745,-102
1,19025,134
1,22764,-86
1,13845,120
1,36208,-138
1,31523,-112
1,33978,76
1,34530,-42
1,22670,110
1,20862,22
1,34776,34
1,14740,118
1,32279,-196
1,34830,-28
1,7510,-48
1,24273,106
1,40755,106
1,3842,-164
1,2787,-8
1,43698,-82
1,18574,146
1,37396,98
1,10460,82
1,41273,-132
1,39161,64
1,1772,-6
1,46005,-44
1,38836,74
1,34619,6
1,25653,164
1,39183,148
1,35666,76
1,20228,190
1,15778,198
1,34005,10
1,36562,-22
1,19252,116
1,15034,-52
1,26850,-148
1,24494,-48
1,44457,-176
1,4508,34
1,48438,-70
1,9374,14
1,30239,184
1,26598,58
1,13255,-50
1,21330,6
1,26544,30
1,47290,-124
1,6229,-136
1,29280,-130
1,1616,-160
1,38162,36
1,34582,-42
1,8475,82
1,31820,-94
1,12265,78
1,46013,-68
1,27466,-58
1,4260,50
1,32199,172
1,32899,-90
1,33868,118
1,22079,2
1,2419,84
1,16734,140
1,38822,-158
1,8212,-70
1,15375,-180
1,23957,34
1,10079,-120
1,403,36
1,3720,146
1,18036,186
1,43502,-56
1,45388,138
1,14609,-46
1,24938,82
1,30732,-74
1,40573,-72
1,43839,-112
1,35656,-188
1,23806,100
1,48059,-26
1,40496,176
1,2258,-72
1,12138,164
1,18549,-130
1,49579,140
1,18630,-182
1,8594,-86
1,14317,-140
1,8811,140
1,33593,-10
1,20473,100
1,3812,-12
1,21045,-14
1,8205,-92
1,2711,110
1,30443,-46
1,44375,-32
1,43560,150
1,13535,86
1,2346,-124
1,26088,-68
1,39682,64
1,33486,128
1,20855,-146
1,7062,52
1,18734,106
1,28370,-134
1,48840,-66
1,33646,-188
1,1256,-40
1,46208,122
1,34376,-114
1,47353,-122
1,10130,-54
1,31810,-152
1,20848,-182
1,37656,126
1,39567,96
1,41150,-50
1,23757,138
1,1777,-126
1,43764,62
1,4195,6
1,24924,-12
1,44234,-94
1,33207,92
1,13349,-92
1,30308,-26
1,24002,100
1,37818,64
1,25340,-184
1,9781,196
1,22377,-200
1,26751,14
1,2956,128
1,11093,108
1,47332,172
1,11371,138
1,22245,198
1,36459,122
1,696,88
1,40098,-154
1,33540,-30
1,26948,-16
1,32284,-130
1,19175,6
1,18782,112
1,26293,-66
1,33194,-30
1,15691,160
1,1433,-14
1,39010,8
1,1115,-148
1,13834,34
1,12530,-68
1,5061,106
1,16070,-48
1,4440,-16
1,2861,18
1,16559,-180
1,21694,-142
1,3291,6
1,32261,112
1,36577,20
1,43152,22
1,37558,2
1,1407,-128
1,28466,78
1,37566,-148
1,46343,160
1,27964,96
1,25383,110
1,29773,38
1,46643,-60
1,46549,180
1,33485,108
1,29196,-104
1,42312,-60
1,12784,-114
1,36719,170
1,44154,-120
1,49175,-66
1,47095,-118
1,24861,168
1,11414,-46
1,28172,-14
1,4979,196
1,34852,8
1,20022,30
1,8458,102
1,10297,-66
1,19660,160
1,30750,-118
1,33589,4
1,42573,186
1,34087,178
1,14220,142
1,41353,-2
1,39131,-118
1,18012,30
1,24600,98
1,27204,-64
1,39166,-120
1,11932,172
1,40478,-14
1,5571,-8
1,6803,160
1,22677,-14
1,42261,30
1,45824,106
1,12065,188
1,6194,30
1,42025,-120
1,31604,-166
1,48047,142
1,20122,-168
1,49588,6
1,17373,-94
1,15322,150
1,36872,192
1,44291,4
1,18242,-116
1,19841,152
1,39252,14
1,4688,-40
1,33584,-74
1,1987,98
1,45351,54
1,45894,-22
1,24555,138
1,29605,-132
1,27881,-48
1,26148,160
1,12098,192
1,22905,98
1,30376,-132
1,18511,-62
1,44415,18
1,5793,-56
1,28866,-28
1,22872,16
1,24155,-16
1,17523,-106
1,7263,76
1,17434,42
1,49405,86
1,2498,36
1,10128,-164
1,35159,-54
1,20465,116
1,6952,-164
1,42249,-32
1,43386,-112
1,37845,-32
1,13960,-164
1,13331,-144
1,8184,-34
1,6776,12
1,22229,46
1,9422,-102
1,18636,44
1,6780,40
1,8630,180
1,28613,-78
1,30777,52
1,19639,-130
1,19911,74
1,23267,162
1,22622,140
1,9130,-170
1,40092,146
1,42892,-18
1,3874,-192
1,5973,46
1,10704,190
1,26838,70
1,12474,170
1,37645,-94
1,14061,142
1,22383,-188
1,9544,-190
1,12759,-90
1,49,92
1,15498,40
1,35945,-126
1,40913,178
1,20147,-42
1,9032,74
1,35689,-170
1,28522,128
1,32368,82
1,25131,150
1,21158,6
1,26156,-168
1,29514,70
1,8432,80
1,29594,112
1,43774,-68
1,27099,198
1,9302,-52
1,24760,178
1,13998,126
1,753,124
1,34085,-176
1,8612,-154
1,30173,-36
1,38518,-24
1,23243,-152
1,49068,2
1,547,162
1,33153,194
1,46762,-30
1,25537,-166
1,5089,160
1,3947,-82
1,13656,72
1,49145,156
1,39523,-36
1,1403,-64
1,2640,154
1,29423,176
1,4714,66
1,44401,-120
1,1102,-78
1,27017,160
1,14458,98
1,13002,46
1,49589,-126
1,10126,160
1,24205,-150
1,35943,192
1,16449,110
1,12663,94
1,25218,128
1,26647,136
1,22818,168
1,42305,74
1,42601,-10
1,26666,-46
1,14149,174
1,3040,-12
1,22730,4
1,32216,-18
1,33503,182
1,6188,-62
1,40436,-52
1,2864,-150
1,38384,104
1,8010,108
1,10017,-174
1,1552,54
1,45829,-44
1,14764,-162
1,35952,-104
1,8462,140
1,32714,-56
1,40797,-34
1,22479,54
1,70,-156
1,42799,58
1,8029,176
1,19676,-156
1,14483,36
1,20536,-94
1,14572,-180
1,41566,-70
1,30288,32
1,25991,-142
1,32565,-72
1,16016,-56
1,35516,158
1,5248,-12
1,33673,-86
1,5041,-16
1,36132,-174
1,17696,-184
1,750,-106
1,16730,-122
1,33653,178
1,2701,-108
1,27886,-134
1,1712,-164
1,1456,172
1,3784,-38
1,64,-198
1,25039,4
1,43229,-108
1,41884,108
1,29103,-186
1,40506,-34
1,28306,-66
1,28679,128
1,4818,100
1,13546,-64
1,1843,162
1,18339,-174
1,26470,-114
1,14868,-146
1,29642,-8
1,4725,-190
1,33706,136
1,21439,-34
1,21619,26
1,39726,190
1,41919,-88
1,26489,-56
1,26384,184
1,6605,-142
1,36831,110
1,35236,-154
1,1963,76
1,38423,74
1,3056,-74
1,25089,-172
1,48336,-150
1,40592,16
1,44187,-6
1,33867,-184
1,24839,68
1,10022,-128
1,2354,-100
1,4552,-100
1,49466,-24
1,48902,-158
1,21277,-188
1,39809,62
1,38991,102
1,4431,-54
1,26636,92
1,30520,78
1,33664,176
1,6912,22
1,9140,-106
1,25704,-78
1,30263,-114
1,28100,-118
1,33290,184
1,39687,-188
1,47011,-76
1,37879,-108
1,7506,-20
1,8199,104
1,13832,134
1,893,-54
1,48938,24
1,16538,36
1,20306,-138
1,22330,12
1,12646,40
1,32778,-140
1,40265,106
1,36108,140
1,44061,-152
1,32149,196
1,6165,-68
1,26459,64
1,7466,16
1,1868,-6
1,20722,-60
1,29555,48
1,32365,142
1,22169,-22
1,35279,-166
1,13467,114
1,15492,-172
1,48469,18
1,16724,-104
1,42679,154
1,10856,82
1,18980,-144
1,38289,-106
1,34161,-16
1,24300,50
1,44026,-76
1,45504,-152
1,12473,54
1,42871,40
1,5131,-78
1,3217,118
1,39903,20
1,5075,-82
1,25245,164
1,9293,-102
1,34965,172
1,25957,70
1,12101,-150
1,17407,-152
1,6813,-18
1,38667,-100
1,46515,86
1,47780,52
1,29659,72
1,35958,28
1,37991,-114
1,17465,100
1,24965,-128
1,35669,-196
1,42089,-84
1,26261,86
1,35258,-164
1,35304,-198
1,44145,-156
1,49502,-198
1,33824,-88
1,48019,2
1,23903,120
1,41412,54
1,5963,-110
1,12230,-8
1,13452,-102
1,2079,-30
1,25220,178
1,34447,100
1,34054,80
1,42814,14
1,25567,92
1,23271,-166
1,21950,-194
1,45988,84
1,31363,-148
1,37683,98
1,10912,176
1,14532,-92
1,26833,-86
1,30528,50
1,29632,-104
1,43850,-28
1,11871,4
1,10644,-26
1,3365,-108
1,34937,-78
1,16058,-160
1,46297,100
1,14849,-162
1,33743,48
1,43485,-164
1,49778,-154
1,11589,88
1,59,114
1,41783,146
1,17679,124
1,10359,84
1,17049,-24
1,25941,-60
1,37287,20
1,24610,-196
1,12777,-104
1,33969,156
1,47029,-134
1,49851,-34
1,40438,-102
1,1598,-72
1,38554,112
1,31298,64
1,46946,188
1,36585,114
1,31230,184
1,12900,88
1,49890,44
1,25514,42
1,9124,-194
1,40822,50
1,28101,-122
1,41831,158
1,47742,40
1,39203,164
1,36637,-44
1,9061,-98
1,44927,78
1,12862,48
1,8913,66
1,43406,22
1,3487,-80
1,27319,-120
1,29701,176
1,36242,162
1,43858,34
1,47539,120
1,43445,114
1,15221,-182
1,15099,54
1,5500,-156
1,11667,62
1,46292,120
1,47694,190
1,41417,-162
1,8469,178
1,37880,26
1,37110,-132
1,47163,-140
1,46285,12
1,21162,-90
1,18296,-60
1,29925,16
1,39070,-74
1,26287,118
1,32980,-156
1,33516,40
1,42004,16
1,46594,-132
1,8948,152
1,44643,-32
1,48299,52
1,49308,154
1,44298,-194
1,28182,78
1,36601,78
1,27722,14
1,42551,40
1,8561,144
1,8050,-60
1,6516,-156
1,7850,120
1,37278,132
1,31356,182
1,46882,166
1,13077,38
1,15650,88
1,16672,-50
1,34638,36
1,15134,-6
1,20905,-186
1,31003,-90
1,35353,-38
1,10358,-34
1,6140,92
1,25943,144
1,32052,-170
1,46165,136
1,4452,16
1,15753,-166
1,16338,-42
1,6124,18
1,14631,82
1,43395,-114
1,6264,150
1,46460,190
1,18809,-104
1,17897,18
1,7801,-134
1,44523,-6
1,27618,-60
1,5823,-90
1,15943,-64
1,29791,-2
1,38666,166
1,7011,62
1,7223,100
1,1783,-8
1,33322,-166
1,15117,190
1,45064,28
1,25051,196
1,11809,-110
1,24748,56
1,23939,62
1,6110,-18
1,24678,-136
1,33418,-138
1,27835,160
1,47458,-2
1,41710,-192
1,44961,82
1,39186,170
1,38238,192
1,41198,-118
1,7598,78
1,44805,-138
1,44628,-128
1,7885,-42
1,22017,-126
1,37878,22
1,20582,-62
1,47689,-62
1,29089,-170
1,21413,-80
1,20087,16
1,45361,-106
1,42775,78
1,31397,76
1,42322,28
1,49500,-6
1,32511,16
1,9835,102
1,367,122
1,11436,-18
1,27867,-198
1,35234,-184
1,44009,-78
1,752,-178
1,49317,-112
1,24596,-172
1,31425,-104
1,47735,134
1,37319,134
1,42810,136
1,44875,40
1,41063,10
1,20180,146
1,35567,-54
1,36770,186
1,1788,106
1,24312,134
1,35608,134
1,28861,114
1,33161,-186
1,13207,-64
1,12241,-88
1,42535,152
1,32610,134
1,10883,-200
1,25205,40
1,36838,198
1,13054,-20
1,47424,-34
1,6675,-86
1,23269,104
1,22939,148
1,3787,138
1,3536,-18
1,8952,140
1,9613,-6
1,49223,-124
1,969,-72
1,23322,124
1,22678,-116
1,31132,134
1,592,-188
1,17881,-110
1,41501,20
1,46442,-180
1,28481,126
1,47710,-142
1,34841,106
1,26356,-134
1,40629,-138
1,48619,198
1,43325,-94
1,38749,26
1,940,16
1,10009,-182
1,35511,128
1,14822,78
1,29866,-112
1,4159,-134
1,35321,84
1,32203,-170
1,44188,-172
1,5631,-68
1,4619,-24
1,22944,140
1,2870,-62
1,40062,142
1,32750,-150
1,3792,-24
1,36227,134
1,22413,-28
1,19512,198
1,27443,18
1,45813,60
1,3678,154
1,13838,-14
1,2424,-46
1,47478,102
1,38260,-158
1,27817,-134
1,38304,128
1,5867,56
1,32615,-50
1,5430,-96
1,21128,56
1,9156,-136
1,16812,108
1,41432,170
1,16775,-62
1,13356,-164
1,25678,-162
1,26951,-70
1,28817,52
1,37519,20
1,470,-82
1,40096,132
1,37850,170
1,44698,48
1,11179,-68
1,43656,-142
1,34174,-150
1,17730,60
1,40132,-116
1,19515,126
1,4590,-120
1,46383,144
1,33282,-198
1,46145,-148
1,30411,-88
1,49471,158
1,29676,-192
1,4645,-98
1,49018,186
1,9532,-138
1,7957,180
1,20527,-88
1,6579,76
1,4802,122
1,27395,-86
1,37116,-6
1,16011,60
1,34043,-62
1,31024,192
1,34825,-46
1,23380,146
1,19954,4
1,17215,-70
1,23898,26
1,29428,-36
1,15127,58
1,2638,80
1,47870,84
1,11733,-58
1,17239,-72
1,25676,2
1,42500,-110
1,22838,-14
1,15668,20
1,48164,128
1,31103,92
1,24054,-144
1,45590,50
1,45476,60
1,28254,142
1,41801,-112
1,33782,-86
1,36160,-122
1,40076,46
1,18652,-184
1,8697,-116
1,41926,196
1,32418,-176
1,41208,-8
1,34823,8
1,49312,118
1,38833,96
1,31851,-32
1,38198,156
1,4010,-106
1,31322,-88
1,8929,-64
1,10195,-32
1,33524,164
1,27046,-154
1,6512,194
1,7867,-182
1,3819,78
1,33238,-118
1,27442,-142
1,33399,-200
1,4365,128
1,13204,98
1,13640,52
1,16570,-124
1,17220,10
1,4055,4
1,25668,-12
1,25075,130
1,38578,-68
1,28475,-166
1,36929,70
1,9162,-126
1,36728,-54
1,12942,-188
1,35475,-106
1,29038,-164
1,48157,112
1,35556,110
1,36155,176
1,43094,-130
1,28994,102
1,20775,14
1,49965,-52
1,5640,116
1,36704,40
1,36460,-186
1,28027,-178
1,45035,-18
1,40177,156
1,40950,170
1,30967,44
1,35674,-186
1,42123,-164
1,3572,118
1,7236,26
1,46852,76
1,12033,58
1,8509,-146
1,30875,76
1,49735,46
1,30210,12
1,6000,-58
1,30500,-116
1,46327,68
1,39382,104
1,43753,-86
1,19163,148
1,30515,-70
1,8597,-70
1,12786,82
1,996,36
1,37143,42
1,44980,4
1,46195,-4
1,31125,-86
1,30230,-164
1,5860,-2
1,38219,-108
1,19902,-132
1,45129,66
1,460,-142
1,23207,140
1,29273,86
1,20699,-160
1,13994,-60
1,12097,-180
1,13991,108
1,20466,196
1,33414,-18
1,4527,128
1,46615,-68
1,49765,46
1,6658,144
1,4356,-22
1,31539,-90
1,49111,-102
1,34453,154
1,9754,-136
1,32488,166
1,596,14
1,14791,-24
1,29417,-124
1,16185,74
1,35848,10
1,14225,-24
1,48220,162
1,11785,-6
1,37676,172
1,39140,92
1,24880,122
1,40417,-32
1,38222,66
1,7670,-194
1,7719,12
1,37376,44
1,6578,-124
1,412,-28
1,13413,-100
1,45152,184
1,32731,-184
1,15172,130
1,13667,-32
1,20832,-62
1,8971,54
1,31093,-126
1,45591,-40
1,8879,-6
1,32828,8
1,29543,-96
1,37329,-12
1,817,154
1,34155,-132
1,15218,48
1,8358,-90
1,16837,64
1,19827,-38
1,48197,114
1,21346,-46
1,40725,-96
1,45763,-48
1,37592,2
1,27270,64
1,48296,-42
1,40090,-36
1,21996,86
1,41272,-136
1,7297,-110
1,27322,-18
1,45387,42
1,5012,-76
1,36774,174
1,26922,6
1,35606,-174
1,32424,-16
1,37778,106
1,6021,-144
1,8103,20
1,25934,-186
1,28363,34
1,30045,16
1,42307,80
1,28045,-78
1,19834,42
1,49628,-2
1,1894,2
1,40422,-180
1,513,-74
1,11616,150
1,5352,-184
1,37503,-150
1,22231,82
1,20921,-138
1,11630,20
1,44284,14
1,8754,-32
1,33304,60
1,42380,-12
1,38605,88
1,18966,-136
1,48861,-70
1,29425,116
1,22532,-20
1,43193,178
1,41754,18
1,4630,110
1,17982,-188
1,20243,184
1,18089,-12
1,22,-84
1,48667,-34
1,19221,172
1,1929,188
1,24223,136
1,11949,126
1,23585,178
1,21589,-108
1,42614,20
1,31813,-6
1,7578,-34
1,29462,168
1,47567,48
1,24802,100
1,9358,86
1,21335,116
1,4465,144
1,42094,138
1,16602,-138
1,3118,192
1,35927,-88
1,3830,186
1,32658,90
1,33795,188
1,39936,-198
1,14938,-134
1,9498,-136
1,11300,-92
1,42738,142
1,27892,132
1,33302,-164
1,8894,28
1,43822,48
1,28883,192
1,2303,152
1,35433,100
1,33279,94
1,46314,132
1,44422,-142
1,40567,182
1,41443,-78
1,18571,100
1,29436,-72
1,44842,116
1,26461,192
1,21633,174
1,17562,146
1,8178,-172
1,19741,-104
1,4874,-192
1,21189,68
1,42974,-160
1,32882,-114
1,38382,52
1,24580,184
1,49863,178
1,29430,148
1,16852,24
1,18268,102
1,36811,150
1,22705,64
1,11965,-28
1,42696,98
1,18995,42
1,43510,-200
1,14075,-146
1,33880,18
1,6835,-46
1,31860,-134
1,2477,-96
1,14864,120
1,30111,48
1,40147,-112
1,16122,-150
1,40399,72
1,36360,-82
1,25356,66
1,37867,-16
1,11096,-2
1,18342,-164
1,16055,142
1,46546,-146
1,12670,82
1,4074,108
1,26232,114
1,45639,-184
1,48905,-60
1,39218,-112
1,25787,174
1,47823,-104
1,2745,-66
1,19343,114
1,35429,-4
1,38771,-118
1,8834,74
1,28889,-132
1,27253,116
1,7029,-14
1,1043,-198
1,24734,160
1,38986,-46
1,40927,-152
1,48558,96
1,49637,-50
1,24847,-120
1,10596,-18
1,46876,-102
1,21281,130
1,14124,-14
1,47159,-142
1,39033,16
1,29732,166
1,6342,70
1,33410,-182
1,3563,106
1,44604,178
1,20358,-30
1,16957,52
1,30051,-108
1,2401,144
1,4890,54
1,31705,158
1,40717,20
1,29777,180
1,26000,-126
1,25727,168
1,158,4
1,20610,-168
1,7373,-38
1,49702,-154
1,24017,-194
1,26653,110
1,25072,108
1,24777,-194
1,20290,-172
1,1245,168
1,14690,-196
1,11854,-6
1,15962,196
1,45794,124
1,25490,-50
1,22500,-12
1,33543,-6
1,46181,138
1,380,18
1,7907,28
1,41889,114
1,38274,-74
1,41165,66
1,39869,100
1,5090,-148
1,38475,-152
1,15665,32
1,49485,-158
1,42886,48
1,32522,-110
1,38881,152
1,15295,-100
1,37764,-24
1,22181,-148
1,32695,-42
1,38617,176
1,47551,-32
1,36172,-32
1,29134,66
1,36080,-40
1,45409,-152
1,17357,-108
1,46056,-98
1,17119,-158
1,23984,-28
1,49517,182
1,30315,-112
1,12418,-76
1,48433,192
1,2530,-132
1,7808,-18
1,29302,-200
1,35352,48
1,45333,98
1,10957,-92
1,13888,184
1,30349,112
1,38283,-42
1,9847,148
1,5382,-26
1,11187,168
1,23825,90
1,37379,100
1,39394,-48
1,41860,90
1,9633,-198
1,27551,-112
1,48915,22
1,23028,190
1,36687,-42
1,48113,-44
1,13058,-196
1,30492,-82
1,17698,26
1,23688,-130
1,13055,20
1,31552,-166
1,11900,110
1,3347,-184
1,22975,-40
1,25772,-32
1,15479,-40
1,44556,24
1,27847,-180
1,31378,-156
1,16807,-50
1,13471,-194
1,14581,42
1,23323,86
1,13683,48
1,25257,142
1,3850,-116
1,36045,-36
1,49823,146
1,18587,-6
1,22797,-120
1,19002,54
1,35581,154
1,32866,-8
1,19503,-188
1,39724,-116
1,15749,186
1,19046,-166
1,24467,-194
1,3149,-134
1,34722,-44
1,4799,-178
1,2786,12
1,24285,-34
1,28589,-150
1,25484,186
1,7042,-196
1,5039,-32
1,17508,-128
1,42293,92
1,8274,-130
1,11998,16
1,17336,82
1,23062,154
1,16505,-100
1,19083,184
1,18023,60
1,24362,156
1,36615,86
1,24391,-4
1,47647,120
1,38456,8
1,22618,-114
1,21412,6
1,19453,138
1,19641,-26
1,13215,122
1,14837,-90
1,49576,-164
1,17118,186
1,37914,92
1,2371,-38
1,44950,140
1,31658,-124
1,24749,-94
1,41673,-102
1,27399,-114
1,37833,-34
1,28700,-110
1,36987,104
1,30966,140
1,30269,-188
1,45376,-90
1,36311,-46
1,7513,126
1,44755,-180
1,45684,10
1,32285,-136
1,34277,-68
1,32920,138
1,36794,48
1,38602,20
1,27979,-182
1,48642,170
1,25854,-82
1,12112,-192
1,14123,178
1,40582,192
1,25341,-126
1,29463,62
1,34661,88
1,938,-118
1,35467,-16
1,38232,106
1,9170,26
1,12699,-40
1,30133,146
1,2311,114
1,5368,178
1,34383,134
1,30037,58
1,16200,178
1,19036,-96
1,26594,-176
1,16847,-104
1,47269,-30
1,49781,-118
1,1243,-24
1,6732,28
1,14426,-128
1,5433,-130
1,38548,150
1,36520,-140
1,11153,-42
1,35393,56
1,37133,168
1,500,-84
1,31573,-128
1,25100,-16
1,15116,-196
1,3354,154
1,49820,-190
1,15788,-128
1,8661,16
1,36274,-176
1,20721,-170
1,9161,22
1,24356,-116
1,48285,-52
1,24616,100
1,3985,-14
1,23333,148
1,32624,-156
1,17073,-94
1,7861,88
1,39276,-86
1,40559,4
1,3909,180
1,29591,-172
1,44086,-54
1,33001,44
1,46159,-156
1,24475,140
1,3104,142
1,3304,108
1,12467,178
1,21357,-114
1,39909,-110
1,24479,80
1,36643,20
1,35141,-44
1,41071,66
1,44997,-194
1,5542,198
1,47712,182
1,44299,86
1,8683,92
1,37553,-36
1,17420,-196
1,44718,-176
1,44575,136
1,43614,68
1,25940,170
1,20633,-192
1,5554,68
1,34851,152
1,36342,110
1,26303,50
1,13931,-8
1,39030,-48
1,3151,72
1,847,6
1,7036,-58
1,168,-32
1,32843,-182
1,23811,6
1,48589,-30
1,36215,128
1,13949,-76
1,39670,-100
1,43696,-186
1,4153,44
1,38623,-18
1,34209,-22
1,43792,-76
1,32465,-138
1,39931,24
1,12017,172
1,9272,60
1,14752,-50
1,21391,-106
1,20748,-42
1,33681,148
1,24202,86
1,13146,144
1,12460,76
1,48860,-58
1,28572,30
1,2484,-166
1,46331,-94
1,36469,28
1,35278,-18
1,33128,-140
1,29550,122
1,37147,-10
1,48729,-88
1,831,-100
1,41452,2
1,12070,-34
1,49515,24
1,28385,-138
1,35507,128
1,80,-160
1,1265,-124
1,20871,-44
1,27725,-150
1,32607,142
1,13406,50
1,38531,180
1,2651,-134
1,16303,-10
1,40198,114
1,31097,-162
1,1982,42
1,11784,24
1,9167,-94
1,19213,104
1,35814,-80
1,41287,50
1,40901,-32
1,15516,-28
1,6693,134
1,39645,98
1,4731,16
1,47239,152
1,10426,198
1,37738,-32
1,32212,-12
1,8031,166
1,42246,-132
1,3023,-152
1,19544,-20
1,4161,-114
1,22927,126
1,26246,10
1,48230,154
1,740,160
1,18382,-118
1,14889,-184
1,3632,-198
1,16206,32
1,35074,-190
1,14762,-74
1,46470,12
1,24994,54
1,18394,10
1,25254,70
1,19382,132
1,8789,164
1,30708,-2
1,10265,-88
1,32234,-16
1,5884,62
1,48804,54
1,33196,78
1,29130,132
1,36796,54
1,17888,178
1,28816,-4
1,17886,148
1,22971,-46
1,581,30
1,43867,100
1,1125,-8
1,31091,146
1,11648,28
1,29897,162
1,49942,-36
1,20733,-80
1,30589,148
1,15692,-86
1,2727,48
1,4689,-22
1,23888,106
1,30949,20
1,16905,-126
1,40524,62
1,37794,36
1,33033,-138
1,28651,-190
1,22989,166
1,121,100
1,30959,-188
1,30146,-168
1,30493,-86
1,16825,86
1,44971,38
1,12245,132
1,6767,24
1,31366,170
1,32441,-18
1,8599,114
1,38900,110
1,45245,-6
1,37448,6
1,25355,92
1,49160,180
1,42783,118
1,39112,-176
1,21705,38
1,42660,-126
1,20518,54
1,32078,-56
1,26855,148
1,20040,156
1,14687,-156
1,4066,130
1,17796,-184
1,11147,144
1,31205,48
1,9342,-140
1,27011,92
1,40416,2
1,26432,-100
1,21982,-116
1,17569,-52
1,40361,78
1,43162,2
1,24870,-76
1,18978,-34
1,26190,-130
1,35053,158
1,16014,-82
1,10078,-126
1,29873,134
1,31027,176
1,42275,104
1,26803,40
1,48627,-172
1,20084,72
1,41460,22
1,808,114
1,34213,-62
1,3827,98
1,5562,-106
1,19484,-112
1,12533,-194
1,28684,14
1,26985,74
1,23622,-94
1,34401,-164
1,41989,112
1,2441,4
1,48702,-2
1,9184,70
1,44968,20
1,40923,-96
1,3429,146
1,34428,4
1,27766,-136
1,37897,182
1,16110,144
1,36129,-156
1,20528,42
1,3409,-42
1,22391,74
1,34421,128
1,363,174
1,26732,-126
1,11592,196
1,42912,-20
1,3833,-76
1,47526,20
1,15653,6
1,12270,-168
1,3746,196
1,10639,162
1,35405,194
1,9661,-58
1,40449,-24
1,38293,-78
1,31960,24
1,19027,-102
1,5360,166
1,28335,-38
1,37467,178
1,32075,-66
1,11520,-156
1,46167,-28
1,9519,192
1,22100,24
1,40192,-178
1,40474,56
1,3294,-154
1,12725,176
1,47300,-176
1,39998,130
1,22466,22
1,34609,32
1,24683,-116
1,18103,-24
1,30795,24
1,34454,-34
1,28459,-18
1,48904,-88
1,27518,-42
1,49833,70
1,44456,-56
1,14266,-18
1,43666,-68
1,14294,2
1,31894,136
1,7529,-132
1,39487,4
1,31439,-114
1,35411,-192
1,40521,192
1,19272,10
1,34153,-110
1,49365,108
1,3393,-78
1,23475,172
1,30846,16
1,1372,62
1,35337,-80
1,37018,-106
1,43794,190
1,11829,-194
1,42693,-56
1,1252,192
1,9189,-140
1,46534,-128
1,45851,-4
1,20683,-108
1,5466,170
1,3849,114
1,40657,10
1,9649,-62
1,1390,22
1,37767,154
1,35878,-112
1,43685,-146
1,34269,176
1,49734,138
1,33047,-140
1,15461,182
1,26522,120
1,21075,-20
1,17458,90
1,39891,-90
1,16716,-116
1,7757,112
1,15106,-32
1,29563,-200
1,20712,40
1,37245,-40
1,40734,-22
1,37803,68
1,43191,160
1,7229,-170
1,9027,-40
1,42779,26
1,13232,136
1,38416,102
1,30612,-148
1,31290,58
1,12932,128
1,4470,-90
1,18905,-172
1,1548,94
1,39263,106
1,3915,-104
1,26592,14
1,9287,-32
1,15681,26
1,46681,-70
1,29513,-98
1,12637,-158
1,7797,52
1,36536,-186
1,43478,122
1,29402,160
1,29606,-196
1,27273,-120
1,7780,-96
1,5810,-150
1,5616,116
1,28798,138
1,21730,-122
1,4634,-54
1,41078,-58
1,7398,-108
1,18673,110
1,25069,82
1,34633,44
1,36731,-160
1,27612,-114
1,1991,-8
1,48218,-100
1,17729,176
1,24169,-16
1,10093,-92
1,18025,-76
1,37714,74
1,48120,144
1,24691,94
1,38877,2
1,20172,62
1,8456,36
1,49482,-2
1,11746,46
1,22703,182
1,38100,-190
1,46800,76
1,27193,-70
1,47455,144
1,29427,-184
1,22916,-120
1,31994,102
1,11946,-150
1,21606,144
1,48762,10
1,22570,144
1,34534,126
1,28542,-38
1,23938,-58
1,10950,-22
1,21181,148
1,2490,-16
1,15616,-30
1,21327,-88
1,42158,-172
1,40778,62
1,9764,76
1,23126,-190
1,4575,72
1,26289,-62
1,36806,134
1,26195,68
1,1179,6
1,2,-4
1,45050,166
1,4599,-62
1,21509,192
1,30028,14
1,20931,42
1,6386,62
1,17487,164
1,30285,-136
1,33569,2
1,3061,88
1,38829,-34
1,42785,148
1,41298,-16
1,18659,40
1,20370,-68
1,38776,138
1,35016,-134
1,33071,-70
1,43641,-156
1,46953,42
1,19596,-140
1,46560,-176
1,11059,66
1,20663,66
1,18588,-10
1,44180,158
1,7085,134
1,9297,-118
1,16414,-40
1,41392,-48
1,44648,-42
1,25388,-20
1,27721,46
1,34987,-110
1,22647,-44
1,20508,196
1,19871,-182
1,45261,144
1,44651,56
1,18316,120
1,18038,-104
1,9279,4
1,992,-178
1,43398,68
1,12707,-56
1,27036,-108
1,32081,122
1,48190,-184
1,48526,80
1,1847,-6
1,44531,-56
1,28097,134
1,47499,-2
1,8563,-164
1,4078,80
1,47955,44
1,18867,-192
1,32,158
1,16902,-6
1,38046,82
1,29342,-36
1,48877,68
1,7554,54
1,27138,34
1,18722,-148
1,45807,-182
1,12021,-42
1,49956,138
1,5688,178
1,49169,-22
1,1494,-122
1,32901,62
1,25618,-136
1,35214,60
1,23646,184
1,16781,186
1,35222,156
1,1561,46
1,40748,-96
1,8989,58
1,18942,152
1,40840,-178
1,28790,148
1,47621,-114
1,33474,166
1,1238,-106
1,7633,-14
1,39080,98
1,29885,-94
1,41049,-96
1,44423,-68
1,20505,184
1,15314,186
1,2170,86
1,29710,-114
1,17943,-46
1,41636,176
1,33731,-200
1,6573,12
1,8645,-76
1,21632,-130
1,49164,-136
1,31928,-80
1,41493,166
1,44424,-116
1,47500,2
1,13974,84
1,26633,-56
1,28582,-90
1,10052,-114
1,29400,-178
1,16000,160
1,9346,-52
1,46467,-94
1,18063,-110
1,14472,122
1,44015,-32
1,10757,-24
1,27687,-8
1,7534,-148
1,45919,-72
1,39038,-104
1,47867,106
1,33920,-162
1,14231,-84
1,10727,162
1,13042,-50
1,13773,-194
1,15289,184
1,43309,58
1,12892,-192
1,20656,-74
1,5647,-144
1,19110,92
1,48814,58
1,8701,182
1,6479,-86
1,32167,-64
1,17075,-166
1,21524,196
1,10092,166
1,3628,-76
1,23061,84
1,17155,-200
1,47830,-26
1,5725,-184
1,48472,126
1,35161,16
1,1172,-128
1,32551,-172
1,3222,-16
1,40238,-66
1,31827,-182
1,27680,-118
1,1050,-112
1,20235,32
1,30720,82
1,19176,54
1,16912,-46
1,17257,-130
1,44283,-38
1,20027,72
1,20483,10
1,47565,-92
1,7632,74
1,5704,188
1,47422,-52
1,7430,-174
1,4883,-48
1,43046,-112
1,20952,-198
1,13607,-42
1,17787,82
1,35970,-78
1,47844,-88
1,30864,30
1,24711,-28
1,46012,-52
1,49187,198
1,38183,-2
1,45968,80
1,33424,2
1,42904,-68
1,24974,170
1,29712,-146
1,38727,186
1,9303,-176
1,7113,-38
1,9632,122
1,29398,170
1,10258,-74
1,45143,72
1,45275,-144
1,35810,94
1,11721,-12
1,46421,-94
1,16867,118
1,17920,138
1,25361,-6
1,35584,38
1,7903,-178
1,34811,-182
1,42540,168
1,29403,-48
1,38310,-42
1,49610,102
1,12477,154
1,24725,66
1,22002,-142
1,3595,90
1,35725,-2
1,47598,2
1,19151,-102
1,46530,122
1,38104,-58
1,10189,-46
1,33475,-156
1,93,30
1,524,172
1,38149,-74
1,17203,174
1,42567,14
1,45895,-198
1,1020,-106
1,34778,-88
1,27705,-56
1,37715,-56
1,36961,114
1,4036,160
1,35553,64
1,26929,-162
1,34820,-130
1,38613,112
1,18496,196
1,41544,-48
1,22208,194
1,17970,-130
1,9925,-136
1,29948,-104
1,46459,16
1,6123,190
1,30409,28
1,27575,-12
1,19219,36
1,17054,164
1,42991,174
1,28133,88
1,33608,-40
1,29686,-50
1,21484,64
1,18429,76
1,47763,-134
1,3086,-62
1,5904,-156
1,43599,-20
1,26600,-62
1,36575,-130
1,38129,-126
1,40488,-40
1,12301,52
1,25929,174
1,1863,-120
1,34276,-18
1,6427,108
1,40235,-48
1,2698,-72
1,49919,158
1,7478,-158
1,30357,64
1,46050,-56
1,1571,-42
1,42078,-54
1,27467,-92
1,25342,186
1,20510,-108
1,18874,-130
1,48681,-56
1,8046,88
1,32453,-126
1,26033,-104
1,12250,134
1,45507,32
1,2010,118
1,12080,-26
1,3791,-130
1,14234,138
1,9166,-38
1,38835,-32
1,17398,188
1,26075,-198
1,13033,-66
1,20640,-66
1,39493,-186
1,41662,-54
1,25286,164
1,35628,120
1,38919,98
1,24500,166
1,10736,110
1,19197,112
1,38701,150
1,14981,182
1,32398,-176
1,28244,-62
1,25078,-196
1,14858,-74
1,44552,-108
1,13009,-10
1,26676,58
1,40806,176
1,34035,-92
1,1828,52
1,27230,170
1,12541,182
1,21224,146
1,37455,192
1,38762,-122
1,29528,64
1,39603,-8
1,11521,-136
1,6930,-78
1,21107,-150
1,25298,-30
1,25573,180
1,28828,-162
1,12213,-124
1,19618,-114
1,37561,20
1,44393,84
1,34816,-140
1,1167,36
1,5049,68
1,16322,-124
1,21442,18
1,35783,68
1,11288,196
1,46802,72
1,39212,-52
1,1818,100
1,46276,24
1,49356,146
1,42062,-192
1,29598,30
1,33313,-14
1,7793,26
1,49807,166
1,46399,28
1,23484,190
1,40543,196
1,4915,142
1,29473,88
1,2018,82
1,491,186
1,3692,36
1,35787,40
1,23908,-8
1,17545,36
1,24863,60
1,1693,-122
1,13449,134
1,31021,16
1,32515,-192
1,18002,-200
1,416,-24
1,41224,-80
1,36813,18
1,49232,72
1,47577,-142
1,6893,-186
1,13691,-146
1,43780,-40
1,3873,158
1,16350,52
1,15942,-160
1,33167,90
1,12751,32
1,33959,74
1,29564,-38
1,10709,82
1,26275,-96
1,45675,64
1,38492,124
1,35168,180
1,3786,70
1,15745,-150
1,47696,118
1,30895,-134
1,37908,-126
1,4369,188
1,6468,-70
1,13404,-116
1,28797,80
1,18510,-124
1,29206,86
1,7374,-118
1,2831,24
1,4468,-106
1,10815,106
1,24080,-54
1,38081,-86
1,29554,80
1,4360,164
1,14460,132
1,48503,-8
1,15864,-190
1,7999,-192
1,45528,-16
1,35135,-38
1,49898,82
1,47209,-54
1,23355,138
1,29546,-36
1,40818,-126
1,37347,-28
1,2516,-180
1,8833,24
1,16810,122
1,40584,-116
1,13585,-194
1,46031,-38
1,28023,16
1,13456,130
1,25432,176
1,15214,156
1,47352,-90
1,35492,-168
1,44059,-196
1,15602,-114
1,19885,-54
1,11672,84
1,13414,122
1,40257,178
1,13698,-6
1,22412,152
1,14989,-188
1,47176,-10
1,23820,90
1,10103,-78
1,22227,164
1,28482,-94
1,31727,100
1,14272,-134
1,49355,-200
1,35417,70
1,40163,70
1,27105,-24
1,3675,68
1,13973,28
1,36663,-132
1,37872,180
1,25663,-30
1,20585,-20
1,16657,-52
1,34254,-184
1,45424,40
1,31122,190
1,49888,46
1,9324,20
1,2499,16
1,48869,132
1,19495,72
1,1680,-160
1,30876,-116
1,16382,-84
1,48734,-60
1,22265,86
1,36051,118
1,42071,-10
1,6130,154
1,3685,124
1,7575,32
1,12585,100
1,21712,56
1,48987,116
1,12095,196
1,39899,36
1,46402,-106
1,12365,-148
1,22662,-198
1,3634,100
1,46947,6
1,24128,170
1,21029,50
1,5070,-114
1,5064,-182
1,43253,100
1,28671,-76
1,15035,-46
1,23930,-24
1,24031,-176
1,24526,58
1,3823,14
1,46008,162
1,39129,-18
1,48577,72
1,39935,110
1,33015,182
1,23197,126
1,21512,-130
1,10590,-64
1,8617,-174
1,32472,-68
1,40269,92
1,44660,112
1,34737,-34
1,20493,-52
1,19986,-50
1,1084,-182
1,48442,188
1,45720,-74
1,41516,-38
1,16488,-72
1,34004,-138
1,44542,82
1,5256,-194
1,47576,36
1,1448,36
1,11261,38
1,10645,-90
1,1901,62
1,10049,52
1,19769,-92
1,35142,-122
1,8412,168
1,1959,22
1,9063,-188
1,33937,-64
1,17402,-100
1,45108,-50
1,5916,-8
1,34000,164
1,13250,-152
1,1428,92
1,8535,62
1,4975,118
1,23430,6
1,29099,-158
1,49309,-34
1,22537,170
1,39853,148
1,47440,46
1,3593,-2
1,43844,-168
1,11137,-146
1,31400,-198
1,38268,164
1,9889,-194
1,33492,-2
1,23651,138
1,11848,16
1,42382,-126
1,2125,140
1,8186,-100
1,10934,-174
1,21256,-200
1,24028,-156
1,16349,-158
1,20250,138
1,19060,-94
1,33222,144
1,45910,82
1,9575,-4
1,48583,156
1,17439,-18
1,30481,-40
1,49551,-104
1,20450,60
1,272,86
1,22396,-146
1,15521,190
1,39209,30
1,9604,14
1,22731,164
1,2986,86
1,38642,194
1,6212,10
1,46937,-154
1,15107,44
1,13265,-184
1,10299,-50
1,17165,4
1,39535,82
1,16445,40
1,35205,-26
1,25564,-170
1,22978,-158
1,49733,152
1,14941,20
1,25097,-122
1,7871,-108
1,43427,-16
1,20797,106
1,48784,18
1,33096,-136
1,12734,-38
1,29100,-164
1,5853,-162
1,39231,-192
1,13508,-74
1,46417,22
1,3592,102
1,23284,2
1,15537,-18
1,19571,82
1,30541,132
1,9599,70
1,3777,60
1,43516,2
1,24117,-184
1,22595,-4
1,23099,76
1,47984,68
1,20641,8
1,32003,-36
1,10477,-104
1,39109,-130
1,31773,-46
1,14620,146
1,38073,108
1,10619,-160
1,40182,2
1,16490,-174
1,33814,198
1,37177,170
1,3841,-192
1,42842,-188
1,40061,98
1,19127,138
1,32073,190
1,24406,-176
1,6542,-120
1,12595,30
1,37538,134
1,26377,32
1,45676,182
1,7521,130
1,4129,144
1,20231,102
1,18595,42
1,45767,162
1,28019,-164
1,46634,100
1,23173,-44
1,22460,96
1,36869,14
1,32984,50
1,14582,-38
1,37804,-108
1,3789,-52
1,602,-16
1,16562,194
1,25303,106
1,12119,66
1,48524,-64
1,18438,-40
1,45998,-166
1,12352,-94
1,14470,-16
1,12852,-4
1,13490,-180
1,3345,-38
1,49832,126
1,43999,154
1,40010,-14
1,20827,-58
1,36049,86
1,3103,-198
1,21070,178
1,14444,148
1,26215,-16
1,14031,-72
1,10828,-66
1,15969,-10
1,17340,112
1,31700,-64
1,27814,44
1,1787,92
1,49876,138
1,8604,174
1,33891,-96
1,42430,94
1,18879,128
1,22987,-14
1,24530,62
1,3150,-48
1,27662,98
1,14774,-180
1,43389,26
1,5966,-98
1,23365,-200
1,16976,-194
1,42928,148
1,46998,-168
1,28113,162
1,37042,-116
1,36786,-108
1,21482,134
1,13513,108
1,47439,138
1,45236,118
1,14638,-116
1,35465,-128
1,8609,-188
1,21561,-180
1,21237,8
1,38655,22
1,31690,-44
1,38651,44
1,295,-168
1,8914,6
1,18764,178
1,17216,-86
1,689,174
1,26816,-124
1,25201,136
1,40342,192
1,1342,26
1,47213,-142
1,35119,4
1,28173,32
1,29802,12
1,47057,94
1,13727,134
1,858,-190
1,5167,-158
1,11607,2
1,32752,2
1,6379,88
1,39275,-98
1,16144,-132
1,46398,174
1,34562,92
1,30796,-18
1,26836,-154
1,46993,-54
1,22791,-106
1,12604,-156
1,32640,-144
1,2285,-24
1,9926,-174
1,45100,38
1,8095,138
1,8473,-192
1,28000,-46
1,17463,52
1,46832,-142
1,5923,-148
1,15053,132
1,3575,174
1,11663,158
1,11057,-112
1,25520,184
1,42028,128
1,40486,-126
1,47216,-148
1,14604,-66
1,34108,-70
1,9430,-70
1,5030,-112
1,24256,114
1,26107,174
1,21854,-10
1,18212,-136
1,17860,-98
1,7258,64
1,27214,18
1,34139,-32
1,18552,-174
1,46698,-92
1,41458,176
1,22449,-180
1,5325,146
1,18792,-34
1,36803,-192
1,18217,112
1,1464,30
1,19408,8
1,20622,90
1,23184,132
1,45531,24
1,2766,188
1,38575,-92
1,9609,152
1,7950,-122
1,38840,-46
1,32947,194
1,36791,-22
1,45863,154
1,26420,-126
1,18749,14
1,40775,10
1,30748,-200
1,34469,138
1,46831,198
1,25292,-78
1,40158,148
1,29750,-76
1,28784,-190
1,41435,100
1,49104,-194
1,37973,28
1,26581,108
1,12935,198
1,13383,-126
1,25666,-186
1,33665,180
1,5121,100
1,18467,78
1,45555,94
1,44168,-136
1,3333,74
1,32507,-162
1,13402,66
1,36567,-102
1,37261,-134
1,38432,-146
1,3525,-96
1,44339,170
1,19548,-30
1,22908,-72
1,19514,-100
1,20974,-128
1,30894,-146
1,33288,194
1,43290,-140
1,39805,-148
1,34434,42
1,44593,56
1,20203,14
1,5398,-28
1,6624,-90
1,30819,-46
1,28076,-52
1,42981,174
1,997,-80
1,7891,102
1,29977,-88
1,29644,30
1,47391,198
1,41416,-54
1,10375,164
1,17605,46
1,4181,-106
1,21069,70
1,9002,198
1,18240,72
1,9233,142
1,538,-154
1,39011,-96
1,33276,90
1,40149,44
1,23905,-10
1,41901,-36
1,26875,-112
1,49855,8
1,9756,-80
1,20264,6
1,10546,110
1,29037,-142
1,13776,126
1,18920,18
1,49015,150
1,29478,-134
1,36434,118
1,23261,-50
1,12731,-46
1,48037,164
1,44640,-28
1,24421,-110
1,44001,-86
1,34104,72
1,21978,170
1,3586,28
1,37505,96
1,17759,180
1,33711,82
1,49813,-78
1,31051,-158
1,42698,168
1,24059,174
1,10573,-68
1,11980,112
1,22609,-110
1,48708,-70
1,30784,-2
1,7783,-132
1,3656,10
1,43791,-64
1,25040,-180
1,16039,18
1,8480,-16
1,23558,-12
1,30098,-118
1,4972,24
1,42442,178
1,22237,-158
1,39821,76
1,48741,170
1,42632,-64
1,44213,-8
1,31178,38
1,8974,-190
1,32793,44
1,31401,-176
1,25802,48
1,6790,88
1,1797,-182
1,37781,198
1,44209,84
1,22565,106
1,25777,198
1,7380,88
1,45695,22
1,22624,184
1,37085,60
1,25064,6
1,29020,-78
1,44848,166
1,8659,-196
1,36854,106
1,30826,-154
1,14718,-66
1,4499,172
1,8280,78
1,30946,-200
1,2370,-48
1,13421,-24
1,4477,144
1,23486,-32
1,44233,158
1,31095,28
1,42055,96
1,48424,-160
1,13472,-86
1,46440,98
1,21251,-38
1,7336,122
1,35757,-14
1,33254,-198
1,28334,28
1,15539,-40
1,42675,54
1,23519,28
1,8069,80
1,22134,120
1,21085,52
1,12370,44
1,28782,76
1,40970,164
1,41686,96
1,6413,182
1,4520,132
1,13180,152
1,426,-46
1,33431,-102
1,35648,-6
1,18798,148
1,44131,138
1,6454,60
1,42504,30
1,15351,30
1,2145,146
1,5092,-22
1,12685,-12
1,23672,178
1,13618,34
1,26548,-118
1,35299,-54
1,29187,-98
1,48832,-18
1,10261,-176
1,2297,-30
1,11853,96
1,22881,6
1,26340,156
1,27373,-166
1,9119,24
1,40912,142
1,23116,-140
1,23536,-190
1,10155,42
1,31795,20
1,2874,-118
1,26316,-32
1,27653,86
1,48386,-192
1,8158,68
1,41489,-90
1,12675,176
1,14268,-8
1,28615,-74
1,19454,108
1,9548,42
1,27510,134
1,36474,-162
1,27666,174
1,36610,-58
1,688,78
1,28683,-162
1,30334,138
1,48091,-172
1,16216,88
1,4217,-50
1,25665,-76
1,2356,114
1,49922,-154
1,23582,126
1,11046,44
1,31451,156
1,46366,-96
1,2174,-22
1,844,2
1,45049,-70
1,18333,64
1,41173,-88
1,34406,86
1,34393,72
1,23476,98
1,16610,-50
1,45692,28
1,20530,192
1,4656,4
1,13613,-154
1,34895,-6
1,38743,-32
1,17965,66
1,25414,150
1,49043,132
1,29306,98
1,48302,6
1,11855,118
1,6950,-108
1,37721,90
1,11836,-160
1,27211,-30
1,12884,88
1,13311,-82
1,1722,-38
1,26133,-46
1,38364,-114
1,1375,136
1,15509,-48
1,20821,-30
1,15581,-140
1,7968,56
1,19130,104
1,8817,78
1,28826,136
1,1549,-50
1,36354,-72
1,241,-190
1,10401,-64
1,30751,166
1,17985,-10
1,16079,-64
1,30902,-180
1,6773,112
1,6287,-188
1,33972,-20
1,1195,94
1,5900,168
1,17542,-138
1,31595,-146
1,8431,146
1,31558,-16
1,4854,104
1,44510,-140
1,1710,120
1,1984,-138
1,28699,92
1,43474,60
1,42860,-122
1,32633,-12
1,39128,164
1,40695,14
1,29989,-118
1,27286,148
1,28333,98
1,7163,150
1,1642,-48
1,41166,122
1,40240,-98
1,27151,172
1,5764,22
1,32033,182
1,17905,-94
1,47965,-132
1,44312,156
1,895,112
1,7058,-128
1,30935,94
1,38365,-114
1,36042,-72
1,22896,-200
1,25990,26
1,23715,-32
1,49749,-146
1,38178,-72
1,29349,90
1,21301,80
1,41920,100
1,8721,-144
1,44073,-48
1,39791,-178
1,10751,-72
1,12346,128
1,34564,92
1,44463,20
1,47207,104
1,38261,-64
1,22520,26
1,23289,-26
1,14431,32
1,20784,90
1,31040,90
1,20244,58
1,26895,-46
1,30461,-14
1,12691,144
1,5215,-152
1,5349,46
1,9111,-108
1,48150,-62
1,4076,-162
1,35359,-166
1,26678,106
1,46488,-124
1,37397,-16
1,31698,104
1,20806,-108
1,8823,60
1,5790,-28
1,12750,-164
1,5497,-12
1,6041,126
1,36011,144
1,26974,-188
1,7695,12
1,15280,102
1,4579,-154
1,30504,172
1,48151,8
1,32683,106
1,101,-58
1,20778,20
1,23376,28
1,29019,82
1,36234,38
1,63,26
1,42255,-30
1,25519,-172
1,7636,-122
1,11569,-130
1,7691,-12
1,3738,-38
1,42864,-52
1,10585,-192
1,34221,196
1,5073,128
1,438,94
1,5697,-84
1,41970,28
1,27711,-44
1,39450,-126
1,17653,-90
1,36923,-174
1,18042,-32
1,1144,-14
1,10379,66
1,41379,-132
1,35207,-6
1,37985,134
1,24669,42
1,1119,172
1,31269,94
1,21850,-130
1,21739,-172
1,18529,-36
1,28458,40
1,20823,-36
1,22113,-8
1,2282,-160
1,47575,-150
1,18961,38
1,37019,90
1,16432,154
1,39334,-170
1,7998,20
1,49071,120
1,27514,58
1,3161,-116
1,12987,-4
1,15501,-22
1,43180,46
1,13196,12
1,26684,-102
1,23209,106
1,43465,-60
1,48712,174
1,13541,-128
1,287,140
1,27492,-174
1,5472,30
1,5015,-132
1,23649,-46
1,41470,-108
1,41882,32
1,40744,-76
1,34765,118
1,42418,-150
1,27163,-164
1,12588,-128
1,47446,-178
1,32311,-130
1,11919,-126
1,28716,56
1,16856,-172
1,9568,-196
1,36037,166
1,1686,156
1,15344,-150
1,20403,-80
1,39079,-120
1,4658,-68
1,22454,-14
1,38883,-68
1,31346,12
1,47756,-22
1,19390,-166
1,11621,-174
1,15355,150
1,46659,-64
1,30662,68
1,6851,-10
1,24962,-198
1,6046,194
1,16249,-4
1,27368,156
1,48698,-20
1,42317,-162
1,10203,-148
1,7226,-72
1,30468,116
1,725,-196
1,41763,88
1,6525,-30
1,44573,-178
1,22638,-64
1,28885,30
1,11964,-74
1,45169,-200
1,8714,58
1,24627,-74
1,43251,-104
1,3031,-196
1,2736,96
1,41814,50
1,37591,-126
1,19468,84
1,31522,166
1,12982,118
1,12690,-36
1,30561,174
1,18183,-172
1,42918,-186
1,32779,-56
1,48487,94
1,27271,158
1,18790,-164
1,42723,74
1,11832,98
1,43352,-152
1,48738,-12
1,45855,182
1,20372,68
1,34235,-94
1,22045,174
1,44924,-48
1,8428,70
1,1444,-6
1,11611,90
1,24349,-88
1,41371,-166
1,47925,124
1,26987,-78
1,2372,-8
1,30132,-38
1,27852,-144
1,31436,26
1,4851,-168
1,38592,34
1,20786,-128
1,4307,-32
1,22284,-88
1,5386,-198
1,18263,32
1,23506,-136
1,45077,144
1,22390,172
1,28301,24
1,26878,88
1,7826,-70
1,19312,84
1,8096,158
1,28141,186
1,22311,144
1,41698,-96
1,4863,-160
1,5930,46
1,20037,24
1,38185,-174
1,14354,-158
1,2689,186
1,22168,86
1,26799,86
1,25425,-114
1,49266,126
1,13534,152
1,3495,172
1,30743,78
1,20826,182
1,25312,142
1,4525,106
1,29124,18
1,8726,172
1,24904,-48
1,39020,-14
1,19335,146
1,36300,192
1,26559,10
1,18551,148
1,42205,114
1,34381,144
1,4213,150
1,3128,-22
1,39840,118
1,1909,-168
1,40539,124
1,37272,-170
1,45965,-64
1,22621,160
1,9435,-18
1,45197,-68
1,33478,-84
1,33595,96
1,46610,186
1,21552,186
1,16477,20
1,11303,-148
1,6027,154
1,45836,-120
1,31260,176
1,48101,120
1,35768,-64
1,17285,12
1,37005,-194
1,10669,-124
1,36425,-154
1,24502,76
1,37844,124
1,48687,26
1,29832,-54
1,19120,-20
1,13504,76
1,6450,-190
1,12435,-124
1,37931,-134
1,26597,76
1,38491,-64
1,24152,-190
1,48837,192
1,5301,-28
1,39718,152
1,8249,-42
1,43273,168
1,7001,-170
1,655,-150
1,1563,130
1,10229,16
1,12061,-176
1,35041,-72
1,4237,-82
1,44564,-90
1,23394,-172
1,25214,182
1,43975,8
1,37413,-12
1,39566,-20
1,19656,38
1,48865,84
1,31482,198
1,48478,-84
1,20535,-152
1,28704,34
1,18962,164
1,27429,174
1,35603,-154
1,32056,62
1,14785,96
1,35014,96
1,5329,-170
1,8584,-192
1,38716,-116
1,49496,142
1,46152,114
1,33123,-106
1,11344,124
1,43571,22
1,3511,60
1,49170,-80
1,16544,162
1,4171,-196
1,42670,-118
1,32844,132
1,39199,72
1,48389,174
1,39508,198
1,13032,86
1,6507,118
1,23215,30
1,12536,18
1,17066,54
1,16129,2
1,24715,-68
1,37499,198
1,5628,-42
1,41257,-198
1,2902,-68
1,28713,-172
1,18127,-178
1,31843,-50
1,32209,-18
1,26655,-124
1,26398,42
1,31165,-188
1,31173,-20
1,17865,-180
1,9461,10
1,47973,-188
1,7287,74
1,11473,-130
1,25018,70
1,34557,116
1,14150,-132
1,31414,-22
1,15342,138
1,33116,178
1,2661,96
1,9005,96
1,48311,108
1,9796,124
1,7193,128
1,16638,58
1,2156,-8
1,38696,-16
1,35415,-72
1,24666,140
1,32462,18
1,22296,134
1,14846,-50
1,4536,-124
1,29153,-174
1,39148,-56
1,15596,44
1,12943,102
1,7182,162
1,13670,-104
1,37613,124
1,21157,-82
1,13856,88
1,40450,-156
1,23393,-96
1,39314,-6
1,37999,154
1,9466,-126
1,44889,-70
1,29018,40
1,27792,-190
1,8300,142
1,38224,44
1,48648,62
1,36291,-16
1,12085,2
1,2256,-36
1,30338,150
1,1891,-196
1,42217,-138
1,43979,-148
1,61,142
1,45753,8
1,1825,170
1,9399,12
1,49451,26
1,33265,58
1,223,-92
1,13573,58
1,17540,-8
1,8269,-164
1,9106,176
1,43236,162
1,12425,150
1,16922,198
1,14424,84
1,20126,154
1,49403,142
1,47426,168
1,21258,176
1,21658,-126
1,26120,158
1,13377,12
1,28815,42
1,15341,168
1,15914,-112
1,16745,-184
1,5369,-140
1,34900,-82
1,26393,-30
1,38759,-136
1,46934,-170
1,3822,-56
1,22510,-190
1,1164,152
1,30384,78
1,42606,8
1,37877,164
1,6112,-200
1,21642,140
1,42199,44
1,39477,58
1,26793,90
1,13163,-14
1,37917,180
1,30527,-86
1,14210,-10
1,28588,-160
1,11699,2
1,4088,88
1,2511,128
1,32437,-82
1,10444,-16
1,45854,196
1,49348,-130
1,26587,-106
1,41521,154
1,38371,114
1,28890,68
1,19936,24
1,23844,64
1,36712,-184
1,15225,-136
1,14956,154
1,10578,44
1,11493,90
1,33680,-198
1,34617,-126
1,17969,146
1,48941,-82
1,360,-188
1,39763,142
1,45375,164
1,25031,88
1,40434,138
1,14395,172
1,48205,134
1,12093,6
1,17329,-84
1,49939,142
1,8119,34
1,44089,-16
1,19519,70
1,38041,-126
1,18459,156
1,19395,-100
1,42166,150
1,15926,-160
1,31156,-156
1,34573,-176
1,4724,16
1,1118,-102
1,29754,38
1,31594,2
1,10085,16
1,33838,-164
1,10844,184
1,11453,-124
1,26132,-38
1,1725,-112
1,49179,134
1,35065,-118
1,24535,-130
1,14067,128
1,44081,30
1,40465,42
1,38899,38
1,10181,-24
1,22071,-80
1,4833,124
1,45006,-138
1,45727,-88
1,2369,-54
1,31749,58
1,26995,102
1,8679,-134
1,38021,112
1,22529,4
1,22024,6
1,30813,-42
1,2597,-4
1,46190,-86
1,11765,-112
1,6595,-90
1,29152,-44
1,4039,-144
1,17459,2
1,37806,-194
1,11340,-170
1,8445,174
1,42706,40
1,37529,-76
1,48038,-170
1,22082,-192
1,30625,-24
1,18366,-72
1,42987,-66
1,31816,-196
1,38679,-86
1,10284,-188
1,49086,100
1,42955,14
1,32813,56
1,27464,58
1,25796,-10
1,6449,-138
1,23756,-20
1,3034,-200
1,34793,-144
1,18686,146
1,6013,90
1,47869,76
1,19688,160
1,20600,176
1,35796,-2
1,44759,74
1,19508,-86
1,36213,-110
1,42493,170
1,27175,68
1,3001,-114
1,8180,-198
1,15852,196
1,12479,-18
1,15609,-62
1,4976,-14
1,48950,134
1,26175,-94
1,36519,-98
1,15736,154
1,46142,-130
1,11007,-196
1,17251,14
1,17078,-114
1,14569,188
1,19790,188
1,39042,-114
1,48131,-146
1,28563,110
1,47938,86
1,19854,-138
1,12013,-150
1,7171,68
1,38324,146
1,45453,-134
1,47677,-146
1,24486,-84
1,13820,192
1,12191,-152
1,11681,-176
1,23797,-154
1,45780,-18
1,4803,-92
1,45999,84
1,1567,118
1,17811,-74
1,34858,160
1,4363,144
1,25289,-180
1,23432,110
1,27298,82
1,30316,-114
1,12336,-16
1,45443,-56
1,9517,-200
1,46258,-72
1,15651,-74
1,16794,-22
1,18559,98
1,25880,-2
1,34861,-26
1,19022,148
1,28117,-46
1,17035,-146
1,24434,94
1,13561,-172
1,30882,-134
1,8995,142
1,16513,-126
1,47776,-40
1,20578,-114
1,35510,-88
1,1138,-156
1,45765,192
1,3916,102
1,43842,-152
1,2783,-180
1,48024,124
1,12186,-92
1,7201,-92
1,44297,-20
1,25721,-182
1,45144,74
1,22042,-56
1,49974,108
1,45206,-188
1,44512,-196
1,46991,-16
1,12758,162
1,31184,-194
1,4441,-42
1,32281,120
1,41573,98
1,17777,-154
1,7291,-108
1,1744,-24
1,36658,-80
1,26513,156
1,23866,180
1,6069,-124
1,35460,-72
1,4274,26
1,47160,110
1,44357,32
1,14391,-158
1,31138,-90
1,45837,-44
1,2908,114
1,20105,50
1,11034,-176
1,5431,130
1,42571,114
1,22961,-40
1,43597,-108
1,20752,128
1,9203,-10
1,48989,126
1,19040,-188
1,5372,152
1,12256,-116
1,18052,112
1,49962,128
1,31725,-62
1,19082,104
1,40139,28
1,27788,-154
1,38440,140
1,27605,-8
1,33762,-132
1,32504,-14
1,32566,-106
1,21443,-134
1,21894,-152
1,15335,78
1,19540,-16
1,19375,-42
1,30467,-36
1,2995,-176
1,47277,-152
1,25326,-152
1,10300,-86
1,7348,-156
1,40140,110
1,32116,16
1,45946,64
1,12976,-144
1,9485,90
1,35346,154
1,39413,160
1,7611,188
1,41535,-104
1,14484,-20
1,11918,-182
1,11088,128
1,33939,72
1,14119,-104
1,48733,44
1,17798,-12
1,22554,16
1,33457,-42
1,9881,174
1,23755,70
1,25043,-192
1,4167,86
1,34445,-150
1,43608,108
1,84,68
1,48951,-114
1,12254,-16
1,40620,-94
1,14270,136
1,49129,-70
1,20902,88
1,4410,-14
1,4983,-54
1,12174,-138
1,39865,176
1,10752,-126
1,31052,-82
1,12049,16
1,10120,-142
1,34967,6
1,40197,-92
1,3051,2
1,8176,-180
1,47914,112
1,32042,-150
1,20761,196
1,39529,-132
1,33368,-94
1,38311,174
1,36156,170
1,46,172
1,3502,18
1,33686,-148
1,29010,10
1,10705,-84
1,25687,118
1,47326,-16
1,49387,-34
1,41037,-154
1,47615,98
1,21111,-28
1,25372,104
1,46578,-40
1,30890,20
1,45857,-74
1,35223,-150
1,41537,-104
1,18855,126
1,11898,-62
1,43411,-120
1,5124,-194
1,25200,146
1,38375,-152
1,45661,28
1,2824,-140
1,32045,22
1,6719,136
1,5450,-76
1,38664,-106
1,22777,-24
1,30124,180
1,43416,-140
1,33922,-74
1,47903,186
1,4396,174
1,7075,72
1,10320,-54
1,6166,-2
1,36339,-38
1,7951,44
1,34452,-198
1,8374,-64
1,37622,-18
1,46958,170
1,11527,102
1,11124,-128
1,18147,94
1,11996,-66
1,41978,-186
1,13600,24
1,35564,-2
1,46286,120
1,6564,-46
1,24187,196
1,20608,-196
1,5423,-38
1,41350,74
1,20596,38
1,28011,-134
1,15372,86
1,18258,-146
1,14707,-78
1,1682,-144
1,7366,128
1,2821,194
1,44807,-148
1,25901,58
1,38372,54
1,15916,52
1,24867,-190
1,13995,-156
1,31993,-6
1,30424,190
1,13458,-160
1,29877,104
1,1848,54
1,45158,-122
1,29444,178
1,1707,-192
1,44327,68
1,29611,-140
1,14368,8
1,28912,34
1,47116,-102
1,49789,4
1,29838,48
1,34877,-110
1,37183,-154
1,3780,-178
1,34622,-26
1,20328,-84
1,38482,-56
1,22191,-192
1,28272,144
1,19568,-32
1,21434,192
1,7115,50
1,47312,62
1,23081,-130
1,37,70
1,18569,-78
1,39308,100
1,9390,136
1,40162,-162
1,49270,-40
1,31556,-188
1,34969,56
1,48552,20
1,7230,46
1,27606,136
1,6242,-8
1,26802,52
1,49494,140
1,39919,-198
1,41705,30
1,17701,82
1,26692,44
1,44741,110
1,25932,182
1,16329,144
1,17343,-96
1,9855,-40
1,43486,82
1,2228,46
1,33315,166
1,21550,166
1,44036,-92
1,15165,-130
1,44225,-176
1,39398,138
1,23641,20
1,25560,122
1,16151,58
1,17746,172
1,18486,160
1,23696,36
1,30944,160
1,24321,196
1,35426,-196
1,41404,-172
1,14278,-8
1,3081,-76
1,14879,-198
1,24886,-44
1,9412,146
1,17737,-10
1,38546,-90
1,27699,102
1,26031,-164
1,7208,82
1,37647,98
1,14148,-180
1,165,122
1,31519,26
1,18256,56
1,23488,-30
1,16725,-174
1,36477,-180
1,15112,66
1,6689,84
1,45086,-180
1,20211,74
1,23035,-108
1,17268,-158
1,46248,-146
1,4779,-136
1,26035,34
1,631,26
1,37779,126
1,45110,-70
1,19262,112
1,33193,64
1,35071,-156
1,35852,-56
1,33885,-130
1,35253,-102
1,45327,178
1,29468,-78
1,7944,112
1,35555,74
1,15036,68
1,1158,130
1,37567,-104
1,521,152
1,19764,154
1,2521,-108
1,3894,22
1,37967,-20
1,41829,-162
1,21567,58
1,24987,-94
1,22567,48
1,41749,10
1,11142,52
1,14264,72
1,18029,96
1,41608,-60
1,37082,128
1,27374,-142
1,47077,-108
1,29867,4
1,10799,-194
1,27920,-16
1,33546,38
1,10468,-122
1,6487,-164
1,49975,24
1,2515,-68
1,12074,86
1,18922,-140
1,18998,-156
1,2926,192
1,5074,104
1,48264,-52
1,30538,28
1,43167,-56
1,16419,192
1,13310,-98
1,8631,-26
1,11993,-70
1,40089,186
1,35688,-34
1,45423,-66
1,45422,-134
1,5141,-172
1,14906,10
1,25833,-136
1,20106,54
1,46175,-200
1,41530,-66
1,22340,64
1,13744,-62
1,38419,168
1,7568,-148
1,10675,-104
1,23882,-138
1,784,-168
1,43778,-130
1,31557,32
1,34824,-172
1,4556,54
1,42429,176
1,19240,-70
1,9971,110
1,35431,-82
1,46129,-190
1,23695,138
1,43112,-194
1,21303,-66
1,9091,-122
1,35248,50
1,8931,-90
1,43706,-44
1,38127,-94
1,42538,190
1,43177,-138
1,48538,-58
1,2812,-130
1,20188,-86
1,37321,198
1,13411,-154
1,31877,134
1,30003,82
1,15610,-66
1,14973,-164
1,10954,148
1,3402,-108
1,15652,-44
1,45918,170
1,38469,36
1,39105,-150
1,29265,68
1,5142,198
1,9249,46
1,9348,-76
1,15494,-166
1,5997,-90
1,34804,36
1,43114,-150
1,24365,126
1,7317,68
1,23415,-140
1,1273,-76
1,27962,-116
1,9266,58
1,14880,14
1,47201,-138
1,28033,56
1,19552,-126
1,10668,-112
1,43020,-56
1,45248,-106
1,40340,76
1,7124,176
1,15791,-62
1,16695,70
1,46137,92
1,45955,-152
1,9116,-4
1,15561,184
1,37338,148
1,34053,-114
1,43959,-152
1,48622,-2
1,12642,78
1,26619,-144
1,41406,44
1,26723,54
1,9083,132
1,43981,-92
1,9749,158
1,16004,138
1,16480,78
1,6811,-140
1,25438,124
1,12840,86
1,35231,92
1,35080,170
1,20093,-42
1,963,112
1,163,114
1,42740,-58
1,33776,82
1,43124,-166
1,36254,118
1,7265,-166
1,42752,78
1,2053,4
1,10983,-36
1,9213,92
1,24380,-126
1,3741,110
1,17109,-130
1,16537,-198
1,29011,184
1,36030,108
1,49020,28
1,43661,138
1,16294,186
1,26913,-114
1,1279,90
1,17804,-44
1,18683,-94
1,42973,138
1,3132,-20
1,26945,74
1,11416,70
1,23621,-60
1,45497,-192
1,22688,-152
1,35525,40
1,555,-142
1,1147,-182
1,46223,-114
1,37158,76
1,37136,-124
1,17381,156
1,5824,186
1,17632,100
1,14587,184
1,40249,54
1,19687,152
1,15904,-22
1,35402,-184
1,400,-92
1,44933,78
1,26388,46
1,25899,-76
1,40831,68
1,8276,140
1,2957,70
1,40044,-66
1,17394,-28
1,27599,182
1,48795,-144
1,7530,150
1,29649,132
1,3364,78
1,21043,164
1,22448,94
1,9526,-190
1,44047,4
1,10217,128
1,27841,174
1,19975,-120
1,10238,-16
1,6761,114
1,13104,-164
1,46952,-82
1,13671,-118
1,34894,162
1,42707,-166
1,21203,-188
1,28573,168
1,2605,-128
1,7100,8
1,3574,-122
1,29413,-132
1,2620,64
1,29717,-22
1,44603,-60
1,12517,16
1,30617,42
1,14334,134
1,8003,-118
1,8747,150
1,32831,70
1,45957,72
1,44569,-90
1,1760,196
1,13894,82
1,26070,-168
1,24462,-100
1,10053,14
1,4935,22
1,37688,-140
1,20201,70
1,22165,-122
1,46745,20
1,45359,-74
1,45384,-124
1,12182,-200
1,13675,154
1,15045,-162
1,49479,28
1,25155,-196
1,5998,12
1,32049,90
1,42410,78
1,38604,4
1,33835,170
1,41674,26
1,42628,32
1,12872,-182
1,34055,-110
1,32657,114
1,2438,176
1,35477,-150
1,15362,144
1,30240,-102
1,30413,-8
1,45686,-180
1,11773,100
1,998,-88
1,31186,-88
1,15087,-100
1,10180,116
1,45769,-64
1,12155,114
1,8367,42
1,45419,72
1,47656,-76
1,33353,-52
1,21002,-2
1,7059,142
1,37060,-76
1,45907,134
1,15495,-114
1,12891,-34
1,19872,26
1,34389,130
1,20421,124
1,39251,96
1,12403,126
1,17445,32
1,34098,-40
1,13193,-188
1,21040,106
1,8526,182
1,44220,78
1,49995,-154
1,3154,168
1,665,104
1,14606,-164
1,47387,-166
1,43625,164
1,9490,174
1,5362,-146
1,5264,194
1,1438,168
1,39537,-166
1,13321,8
1,32893,28
1,5855,-22
1,29970,18
1,42198,-156
1,17906,134
1,19779,-118
1,40879,166
1,34652,-8
1,41567,-106
1,14261,18
1,38451,-112
1,429,-40
1,30452,140
1,17015,178
1,1106,-178
1,47311,-188
1,26978,140
1,49197,72
1,2652,194
1,26047,158
1,37056,176
1,33452,20
1,15075,156
1,9617,-172
1,24139,-70
1,19773,-118
1,12502,-102
1,40949,144
1,43049,-52
1,12783,96
1,20841,-90
1,26765,166
1,2114,-102
1,34880,-126
1,6600,-186
1,8406,-138
1,6014,22
1,16996,44
1,12143,-114
1,15108,-162
1,41400,108
1,10681,-90
1,35256,-188
1,47945,-42
1,39043,-32
1,27356,-144
1,5300,-104
1,25104,126
1,38376,-142
1,26059,160
1,41247,-146
1,18433,-34
1,46060,-196
1,21943,102
1,33310,-46
1,11215,-162
1,27736,-104
1,4264,88
1,45073,-74
1,48118,30
1,45667,-194
1,39288,100
1,35610,-102
1,47907,122
1,46479,-200
1,3528,-132
1,44019,-156
1,43457,-72
1,3590,-192
1,37577,-8
1,39976,-40
1,9290,156
1,31822,-4
1,47991,-52
1,14351,-106
1,16360,100
1,24985,-100
1,34974,170
1,20415,-108
1,49375,168
1,23186,138
1,39363,-54
1,28677,8
1,13401,110
1,17449,192
1,20566,20
1,5388,84
1,39066,154
1,41332,26
1,30050,146
1,41869,-96
1,15836,-148
1,27826,-72
1,30328,-146
1,9824,62
1,34032,-176
1,656,-84
1,21168,-44
1,23945,-76
1,32415,-114
1,7330,-178
1,42558,-112
1,13492,-138
1,4920,-96
1,34503,-74
1,31359,66
1,23156,80
1,36632,-80
1,49113,-62
1,21758,68
1,20876,162
1,39028,62
1,3699,-10
1,18670,78
1,44370,176
1,32593,-116
1,15024,-142
1,40109,8
1,49879,-100
1,43153,-144
1,11247,-112
1,28053,40
1,30850,-68
1,5383,10
1,36868,176
1,21193,-112
1,20572,-150
1,10610,8
1,44345,-168
1,32388,136
1,45393,68
1,32944,20
1,30256,-122
1,18613,18
1,15246,192
1,36599,-156
1,6206,-190
1,9252,136
1,46547,-130
1,4739,-4
1,34588,26
1,29139,174
1,10967,100
1,5370,-158
1,18398,34
1,44146,-184
1,4011,-116
1,25391,-176
1,34024,-146
1,44084,-28
1,14256,16
1,3958,12
1,15085,172
1,20023,-4
1,35999,-16
1,29722,22
1,748,36
1,24817,-52
1,9010,-96
1,7868,40
1,11651,-6
1,34677,-172
1,25831,-126
1,7133,100
1,307,48
1,26694,-12
1,21768,-154
1,5046,40
1,10314,-98
1,24428,194
1,38647,-142
1,40247,16
1,25344,-122
1,5996,-84
1,21430,52
1,15902,26
1,49285,-78
1,49035,66
1,30454,-136
1,4970,42
1,29079,-134
1,14834,170
1,12218,66
1,45301,-178
1,12889,-130
1,31227,-14
1,2144,46
1,39962,-70
1,34314,188
1,20816,84
1,22956,194
1,22530,28
1,29292,148
1,898,-158
1,14923,130
1,44451,88
1,864,-154
1,11119,-78
1,960,-34
1,9349,36
1,26828,-54
1,19336,150
1,43133,-78
1,4886,-140
1,27932,166
1,39469,48
1,30613,58
1,17671,64
1,9958,-56
1,27465,-24
1,10082,-152
1,36219,118
1,34630,18
1,22778,164
1,20389,-186
1,48761,-8
1,4146,122
1,23852,-100
1,27775,-24
1,26487,104
1,34116,-166
1,33907,158
1,12488,130
1,29947,76
1,12457,52
1,19604,-192
1,48879,190
1,14419,-60
1,7343,132
1,33392,-18
1,24764,-128
1,18612,-86
1,22341,-194
1,48110,-22
1,35489,-48
1,9235,12
1,48964,-166
1,12459,126
1,5685,-126
1,26438,136
1,20375,68
1,17641,-44
1,19727,182
1,34735,74
1,6850,136
1,5469,76
1,760,-78
1,16641,88
1,32850,140
1,34552,154
1,22900,-130
1,27952,-112
1,22995,146
1,22088,126
1,5105,-10
1,41819,96
1,28517,-26
1,41130,-32
1,39816,64
1,21612,140
1,224,150
1,32380,116
1,9994,-164
1,26560,182
1,8100,-56
1,18691,30
1,43862,76
1,28659,102
1,49750,190
1,17374,-106
1,12866,-12
1,3016,102
1,11815,-136
1,44454,166
1,15721,-100
1,7588,-68
1,30069,120
1,30080,-194
1,22457,-188
1,19631,-120
1,28211,194
1,39571,36
1,5196,76
1,47932,-192
1,49880,-50
1,9258,54
1,32531,-72
1,33087,-28
1,23168,66
1,36571,172
1,17410,-124
1,2489,-62
1,16983,52
1,43594,-114
1,41878,170
1,42767,88
1,13244,152
1,30142,152
1,13352,-90
1,7844,144
1,36203,-82
1,7696,26
1,26616,-136
1,928,10
1,13528,80
1,38805,190
1,12724,-66
1,2984,22
1,36817,134
1,17713,154
1,23233,20
1,30147,160
1,14447,84
1,32328,194
1,30737,-146
1,35388,-192
1,1336,194
1,27157,84
1,26719,-72
1,22486,-60
1,21690,190
1,27857,150
1,10466,-14
1,5051,146
1,6067,46
1,49648,-194
1,12401,-180
1,26359,28
1,41081,88
1,3885,84
1,7217,64
1,44200,-60
1,49929,164
1,12782,-66
1,1420,-198
1,8801,144
1,26093,42
1,34167,-188
1,45432,2
1,24810,-178
1,19292,-188
1,35984,78
1,5715,-46
1,17064,-154
1,38662,-8
1,7771,-98
1,24546,-54
1,30353,146
1,21280,194
1,41368,-146
1,36405,2
1,4005,154
1,41367,-62
1,25861,-194
1,32595,10
1,25544,166
1,15940,-148
1,44901,38
1,16266,-148
1,15154,150
1,9724,-42
1,37745,166
1,34790,14
1,17270,164
1,3467,-132
1,15947,156
1,49719,172
1,44066,64
1,43721,-190
1,20398,20
1,18322,-16
1,9309,100
1,39253,106
1,42894,-158
1,44816,-32
1,26741,100
1,4448,-76
1,11098,-110
1,40613,90
1,23435,120
1,37178,-66
1,5686,24
1,12402,-8
1,1803,122
1,35010,144
1,33241,-54
1,35380,-76
1,26188,-46
1,17249,72
1,3488,196
1,17478,40
1,10347,192
1,22785,132
1,6630,-146
1,24101,68
1,40658,170
1,40081,158
1,2664,36
1,32618,-84
1,33567,-174
1,13629,96
1,12632,172
1,39556,156
1,37189,8
1,23413,-198
1,22139,-16
1,5546,106
1,48835,196
1,26335,26
1,44446,144
1,40022,158
1,20495,-168
1,24506,116
1,17922,134
1,1089,40
1,12116,-154
1,41132,-20
1,43400,118
1,36947,-182
1,28266,-38
1,26562,10
1,46557,-94
1,29008,54
1,28734,-24
1,26422,-50
1,13357,90
1,48685,-168
1,38013,48
1,20412,160
1,30251,-36
1,2173,-168
1,6848,-174
1,13393,-60
1,39230,-154
1,11351,-98
1,49142,164
1,22156,174
1,4928,-134
1,19592,182
1,11133,148
1,36557,-186
1,28643,198
1,13418,-48
1,10864,-150
1,6771,-2
1,14915,-30
1,45711,-116
1,6279,-180
1,47292,-44
1,4744,116
1,4894,-194
1,31853,-72
1,45908,-176
1,30976,176
1,13725,-48
1,21598,-148
1,12791,64
1,42622,-164
1,21388,96
1,25605,10
1,46274,126
1,891,-100
1,2467,36
1,15696,182
1,45104,-38
1,46128,50
1,15271,-150
1,2434,188
1,23291,-58
1,9686,98
1,10481,66
1,19623,156
1,2092,184
1,24745,44
1,6219,-40
1,33562,-8
1,35891,20
1,15967,112
1,45814,-82
1,19787,-136
1,20849,38
1,14038,30
1,43484,152
1,33621,-176
1,15178,-130
1,23846,-176
1,37401,58
1,16931,58
1,22089,-16
1,35530,-124
1,36298,-76
1,13505,118
1,6506,-98
1,4551,110
1,40480,-170
1,47324,38
1,19518,186
1,35842,-18
1,14589,16
1,13951,132
1,35707,-24
1,11485,94
1,32924,116
1,24588,-40
1,21317,172
1,31521,136
1,26549,154
1,45977,88
1,27851,168
1,1080,122
1,22039,70
1,46822,74
1,44668,-4
1,40955,-114
1,28924,106
1,30014,-30
1,19026,-124
1,45903,34
1,28364,102
1,5373,-122
1,39388,-112
1,1426,-122
1,2279,34
1,30031,-90
1,37369,-14
1,15639,-120
1,22291,68
1,1826,194
1,12392,34
1,9523,-180
1,27437,-142
1,44657,-142
1,35498,-30
1,40763,-198
1,35377,-6
1,18735,174
1,27818,-10
1,12587,-86
1,29318,-112
1,9947,28
1,31479,-84
1,30059,-126
1,29853,-82
1,978,142
1,14009,-66
1,11510,-48
1,31580,172
1,4357,-196
1,10289,128
1,27825,168
1,305,-10
1,8290,148
1,44101,-142
1,30324,144
1,22596,-120
1,39178,86
1,35453,-110
1,17085,-144
1,29098,6
1,17624,6
1,46264,-16
1,30325,-70
1,7531,12
1,92,-182
1,30419,-170
1,46262,-192
1,2242,118
1,5563,-52
1,8451,-10
1,46535,122
1,21593,-34
1,45647,-142
1,21049,-30
1,1154,-148
1,27477,-80
1,46205,-112
1,35862,184
1,46516,58
1,23054,160
1,6058,-88
1,32241,-22
1,25285,152
1,29839,90
1,31438,172
1,16189,-110
1,46426,94
1,13254,16
1,44976,-102
1,44335,30
1,38858,-158
1,3374,64
1,32278,54
1,42067,192
1,20768,-104
1,34066,-136
1,503,-120
1,24338,-180
1,3485,-30
1,27295,164
1,5251,48
1,3153,-26
1,3581,-12
1,29915,-78
1,4557,-150
1,39698,-42
1,34942,80
1,42157,142
1,18060,-50
1,35879,60
1,4798,-190
1,20151,-194
1,25363,-156
1,23093,-82
1,46047,106
1,26577,-16
1,45124,172
1,26247,72
1,37264,-56
1,17498,140
1,4228,-158
1,30397,152
1,24685,-160
1,40502,-44
1,27868,90
1,17934,-112
1,30410,-54
1,15264,-104
1,15612,150
1,46723,-156
1,47646,-116
1,10214,-106
1,35599,120
1,35039,22
1,6827,198
1,38361,70
1,6781,76
1,47168,-32
1,44438,-8
1,38032,-54
1,29841,84
1,16212,-32
1,13732,-28
1,11181,142
1,18345,-150
1,39910,150
1,39405,90
1,907,128
1,34767,-6
1,11677,194
1,38788,82
1,37236,198
1,34301,-18
1,45501,82
1,20164,-26
1,22244,34
1,34142,84
1,8313,-24
1,29358,40
1,28864,60
1,9182,84
1,14144,58
1,16005,12
1,25126,-96
1,14062,-60
1,12371,144
1,26281,-106
1,43324,-138
1,43271,168
1,38990,136
1,4576,-140
1,3879,-26
1,21066,58
1,7974,-180
1,47046,186
1,23547,198
1,32527,26
1,44,60
1,20984,36
1,42019,-146
1,1946,-150
1,34680,-80
1,6729,-86
1,1717,-26
1,48309,128
1,25607,140
1,26355,-140
1,34345,30
1,33449,-70
1,2328,-20
1,16128,-22
1,32863,144
1,24260,-24
1,31265,-200
1,32884,186
1,15026,104
1,48231,62
1,43280,52
1,10611,-176
1,8015,-118
1,48388,-170
1,41863,-84
1,1047,62
1,41180,94
1,43559,138
1,39446,82
1,35005,-196
1,21956,-164
1,21179,-70
1,38130,198
1,18657,-92
1,31733,74
1,34985,106
1,21881,132
1,29060,-184
1,4595,-6
1,33947,30
1,12183,18
1,25101,194
1,39546,92
1,26437,-142
1,16864,-36
1,42812,-188
1,30125,32
1,33954,-36
1,16268,22
1,12002,-196
1,19124,-158
1,9992,-64
1,32916,122
1,41800,8
1,49437,-110
1,29620,150
1,8319,-44
1,12855,-142
1,6355,100
1,456,-20
1,26904,-154
1,19505,62
1,5441,78
1,42087,108
1,37896,24
1,44554,-168
1,818,134
1,22370,70
1,4053,-30
1,10249,-56
1,42623,154
1,11814,38
1,40707,-8
1,26266,-112
1,14727,-188
1,12404,-8
1,35427,128
1,20142,-54
1,31459,-186
1,11991,88
1,41109,-32
1,45125,78
1,43176,-14
1,35563,190
1,47670,-10
1,13345,60
1,40641,-12
1,8036,-144
1,27859,-46
1,10294,80
1,9987,90
1,27566,98
1,19730,-74
1,45827,-140
1,35955,-90
1,40072,-192
1,31582,142
1,19475,-174
1,28489,-54
1,36062,100
1,35000,80
1,18758,-196
1,44063,4
1,38058,106
1,32183,138
1,1771,16
1,5419,76
1,6458,-154
1,47270,-158
1,38860,-2
1,4726,152
1,8291,-80
1,6826,-184
1,16426,-128
1,34332,74
1,41193,-88
1,31114,-54
1,34818,-50
1,35202,10
1,20561,182
1,24040,42
1,11889,-160
1,49337,118
1,11316,-44
1,10202,122
1,20213,28
1,25202,6
1,7122,42
1,12656,38
1,24030,-162
1,42406,90
1,42489,120
1,12008,186
1,781,162
1,46804,38
1,8965,198
1,16651,-188
1,23075,-168
1,39378,-116
1,9525,54
1,40442,-186
1,36583,-128
1,24838,-68
1,38109,-56
1,44891,150
1,26588,138
1,49027,82
1,44183,76
1,47962,-150
1,31771,-84
1,43681,118
1,25422,22
1,25460,28
1,11779,108
1,16275,78
1,43624,50
1,18354,50
1,26099,48
1,8106,-164
1,16179,-46
1,29033,126
1,34754,-86
1,49422,-20
1,47004,146
1,22694,92
1,1180,-116
1,27149,-156
1,48633,-136
1,13201,88
1,25471,172
1,4783,-136
1,28267,196
1,49535,-152
1,39321,50
1,33394,114
1,24514,-68
1,21866,144
1,24286,-108
1,44433,-66
1,42148,-50
1,1806,178
1,10357,-172
1,34694,66
1,26566,124
1,19153,92
1,16843,158
1,42983,82
1,22353,128
1,31503,-182
1,15776,-114
1,6072,-34
1,45250,-52
1,20592,-20
1,34499,-94
1,15115,-54
1,31623,54
1,40903,-154
1,37354,-136
1,27951,-44
1,35307,148
1,1613,140
1,43526,-58
1,4425,98
1,36137,8
1,19052,-42
1,36691,90
1,13309,-158
1,32419,48
1,1542,-122
1,43129,46
1,38448,38
1,32774,-134
1,12325,20
1,37090,160
1,41704,-34
1,6515,-66
1,1258,-154
1,32308,140
1,38867,98
1,22707,30
1,45696,-90
1,26523,-180
1,10244,-12
1,7020,-70
1,38709,-74
1,36647,78
1,31684,-82
1,6193,178
1,42688,-38
1,44727,64
1,32875,-128
1,20676,-196
1,27954,184
1,24216,-130
1,18834,74
1,37405,-48
1,29357,-54
1,26385,144
1,23434,-10
1,11718,90
1,11083,-2
1,21061,126
1,37590,-112
1,10689,146
1,21212,126
1,9890,-26
1,19388,-162
1,38715,-124
1,24508,-72
1,47195,146
1,15232,-60
1,4361,-174
1,34980,-90
1,14711,152
1,10717,170
1,30388,-106
1,2907,-46
1,41024,-170
1,28012,-36
1,30843,-30
1,6065,174
1,13034,88
1,8054,-96
1,11969,-86
1,39029,30
1,5410,-110
1,37633,76
1,7996,98
1,146,-122
1,29894,-44
1,4315,142
1,21671,-182
1,27302,-96
1,24963,192
1,12564,-172
1,46201,-96
1,42823,136
1,42117,50
1,18666,132
1,53,182
1,6349,-100
1,7749,30
1,7235,34
1,30596,-58
1,5139,6
1,21333,192
1,47287,174
1,14359,104
1,3844,-156
1,10282,92
1,13210,-54
1,9595,32
1,38467,-164
1,11619,44
1,2963,-72
1,43610,76
1,29004,-110
1,46759,158
1,25142,-20
1,34472,78
1,16095,-48
1,4253,4
1,38984,-82
1,38159,148
1,34842,-106
1,39677,112
1,2674,180
1,47244,192
1,14770,182
1,32821,-182
1,14927,18
1,43724,60
1,28488,-200
1,28951,44
1,23661,-44
1,1827,-62
1,34165,110
1,36545,132
1,46090,-8
1,47604,-150
1,12510,96
1,26234,-26
1,16501,-148
1,21360,62
1,11460,142
1,535,90
1,12540,-80
1,12722,108
1,33359,196
1,19201,-26
1,6572,170
1,47681,-174
1,33266,140
1,46585,-26
1,20664,144
1,10068,132
1,14186,12
1,17385,164
1,29934,-126
1,29093,-128
1,19078,-56
1,47939,198
1,4835,134
1,14260,196
1,26015,50
1,17358,-2
1,36176,32
1,26179,6
1,13958,70
1,15881,-164
1,25065,-88
1,21312,-124
1,29116,-66
1,34115,170
1,6249,110
1,47944,144
1,43030,-2
1,21241,-56
1,27773,6
1,41952,-40
1,20580,-186
1,39617,-94
1,28082,46
1,26664,-72
1,29048,-34
1,21322,190
1,19276,-14
1,14924,18
1,13775,154
1,11979,66
1,32330,-186
1,27591,-120
1,38729,96
1,5906,-150
1,21807,44
1,4682,130
1,42437,134
1,4754,154
1,23213,160
1,44275,-118
1,1668,-142
1,10850,48
1,32024,-94
1,12550,-32
1,24472,-106
1,45819,180
1,26656,74
1,39001,-186
1,37575,114
1,25115,182
1,14216,50
1,36003,60
1,28690,-84
1,36157,64
1,754,-178
1,7597,6
1,4736,-92
1,3386,-196
1,32276,174
1,47825,-14
1,8364,30
1,35691,-48
1,48510,190
1,34509,98
1,19961,140
1,27321,-70
1,4774,-88
1,44396,54
1,667,126
1,33648,-126
1,13008,100
1,16207,-166
1,31656,60
1,45666,-38
1,8301,112
1,47716,116
1,8986,154
1,27019,34
1,26794,-116
1,34295,-90
1,292,-22
1,30977,-86
1,33295,-138
1,1217,-190
1,11289,42
1,343,136
1,2119,-28
1,2384,38
1,45039,144
1,32137,-138
1,27565,112
1,14487,-194
1,20446,104
1,4091,72
1,1204,-12
1,25830,-80
1,38562,88
1,30623,-82
1,25887,74
1,25258,190
1,43452,-16
1,23055,164
1,6886,4
1,29628,8
1,9864,178
1,44000,-120
1,4836,118
1,14046,-90
1,43031,-4
1,11812,-184
1,3239,-138
1,48277,-40
1,29974,172
1,35719,26
1,35662,66
1,46890,96
1,33349,-198
1,22373,-200
1,40500,186
1,25259,16
1,33380,-30
1,12882,88
1,19862,84
1,31710,118
1,31431,-28
1,19646,86
1,7942,-14
1,7864,52
1,2548,52
1,31527,180
1,42350,170
1,36389,-126
1,25077,-12
1,34318,-60
1,46674,124
1,4426,126
1,35992,4
1,14006,-10
1,23370,78
1,34766,134
1,45561,-108
1,8536,18
1,16418,44
1,34863,-192
1,17842,46
1,11657,124
1,35180,-194
1,8884,-22
1,40394,-40
1,43917,78
1,33274,140
1,49680,-162
1,47366,-76
1,40667,-186
1,38348,90
1,39973,116
1,14026,-148
1,17620,-120
1,25120,64
1,45105,-46
1,20621,114
1,15084,-34
1,38,-138
1,8496,-36
1,43873,10
1,38600,-44
1,29184,2
1,12199,160
1,18908,164
1,40921,198
1,12232,-88
1,12382,174
1,48445,160
1,33652,-58
1,42729,2
1,10901,-64
1,19925,-200
1,30248,74
1,43021,96
1,40890,-152
1,27742,38
1,37315,56
1,34352,100
1,46039,-88
1,22821,-40
1,7405,-70
1,12197,-62
1,21927,-96
1,47475,162
1,17042,32
1,48564,70
1,34315,-108
1,40170,-70
1,32646,32
1,6168,184
1,34018,-132
1,38834,-124
1,10019,-106
1,6917,6
1,18795,22
1,28788,-46
1,45627,136
1,37479,-110
1,48845,182
1,37145,-82
1,8895,-106
1,45621,34
1,38437,-134
1,11819,122
1,38275,50
1,18392,-30
1,31303,-36
1,39167,96
1,10854,-116
1,28571,22
1,8315,178
1,28946,58
1,15615,-78
1,20648,-164
1,24946,160
1,37137,-12
1,11243,2
1,26048,134
1,1502,112
1,49643,-10
1,24443,-144
1,19897,-16
1,13937,-198
1,20131,52
1,1152,94
1,2665,64
1,21156,190
1,21306,-178
1,7577,-74
1,8739,-8
1,13911,146
1,45602,192
1,30809,-14
1,4653,-110
1,16631,-152
1,25084,20
1,37006,-70
1,25835,10
1,25843,98
1,36020,162
1,15411,-138
1,9898,-48
1,44448,-190
1,4580,-6
1,28075,72
1,6883,-34
1,45452,-140
1,41192,190
1,42749,-126
1,39296,-124
1,14195,-122
1,22044,52
1,35169,122
1,47908,-4
1,32867,142
1,24433,140
1,34679,-130
1,42187,98
1,34787,148
1,37532,82
1,10399,178
1,34932,-166
1,13964,-44
1,24435,156
1,5742,-60
1,34457,-74
1,49512,188
1,26490,194
1,36932,2
1,18191,-142
1,6157,-182
1,30715,-54
1,24006,-170
1,17977,-194
1,4790,-154
1,15710,-104
1,48415,-184
1,41229,-198
1,37944,74
1,770,60
1,43830,96
1,45204,190
1,19929,160
1,37458,76
1,17814,122
1,27645,-166
1,44400,46
1,39707,138
1,30260,34
1,42269,46
1,13318,-168
1,37861,-184
1,16018,-126
1,43623,34
1,25011,136
1,8569,168
1,45888,-182
1,3782,-38
1,37165,-192
1,26809,70
1,1104,-162
1,11467,24
1,43056,122
1,31661,-12
1,17108,28
1,17233,72
1,3060,124
1,14768,-22
1,48520,-194
1,37938,76
1,7561,-124
1,36165,-162
1,35245,34
1,48866,128
1,9169,188
1,43577,-100
1,6298,80
1,32084,120
1,27232,94
1,11745,-86
1,46396,-26
1,23563,120
1,3631,-190
1,20395,34
1,9895,-2
1,5706,-132
1,39004,-130
1,49141,40
1,21449,122
1,46797,-20
1,24603,54
1,27635,-164
1,37530,22
1,30602,-134
1,38257,82
1,45578,-46
1,17995,126
1,36982,-36
1,21399,-146
1,6919,-14
1,47592,-188
1,25900,196
1,35458,-156
1,36866,162
1,47226,-130
1,15442,76
1,36565,-182
1,47683,130
1,47917,-68
1,16566,-52
1,23968,-114
1,9531,106
1,16904,-154
1,39282,156
1,1695,32
1,37440,108
1,12293,68
1,25780,-64
1,20661,-94
1,37901,-144
1,43935,-40
1,2277,-170
1,14975,106
1,21601,90
1,2653,126
1,9307,68
1,36612,112
1,33483,188
1,10360,96
1,12421,68
1,16435,-138
1,1997,-164
1,41592,-34
1,39399,182
1,17375,-46
1,28875,56
1,27145,102
1,14603,66
1,14053,-86
1,471,-194
1,22861,-44
1,35276,-26
1,12205,98
1,15733,38
1,31498,186
1,31511,110
1,44152,-46
1,47388,62
1,31895,4
1,13253,-24
1,414,56
1,30064,42
1,25506,146
1,42564,90
1,15618,128
1,10822,-84
1,17304,34
1,36456,42
1,29470,22
1,21976,-52
1,34455,-158
1,38355,136
1,2810,-92
1,43384,152
1,4926,-62
1,41314,54
1,15083,-172
1,6914,4
1,5425,118
1,18317,116
1,20851,150
1,9067,110
1,30686,-138
1,6544,128
1,47964,172
1,41420,-150
1,43068,104
1,45429,68
1,10094,-110
1,47748,162
1,31986,-164
1,47133,46
1,28409,-34
1,11020,64
1,14347,120
1,13230,-164
1,17352,-64
1,41143,18
1,8297,166
1,49767,-196
1,49566,-8
1,1319,-156
1,39871,-26
1,41615,28
1,46386,-84
1,6325,-52
1,31549,-42
1,7269,52
1,15204,194
1,46781,58
1,1890,-158
1,2251,-64
1,20096,-26
1,4444,-6
1,10857,-68
1,14561,-200
1,40079,152
1,8551,110
1,43263,34
1,5106,198
1,45595,-110
1,21059,74
1,34983,96
1,26419,144
1,13913,-8
1,5186,116
1,45520,94
1,41679,-50
1,14279,-142
1,27340,-86
1,41857,108
1,3883,162
1,24317,-194
1,12609,-90
1,29780,-98
1,8400,126
1,33317,122
1,8213,-112
1,22298,76
1,10254,112
1,42531,186
1,39158,-118
1,30224,-18
1,2552,16
1,984,-120
1,19881,-174
1,35092,16
1,22397,110
1,33383,-54
1,3314,70
1,16274,-40
1,32163,112
1,3512,92
1,14949,40
1,49418,-118
1,32070,-74
1,24360,146
1,46932,198
1,41691,52
1,38730,-72
1,44518,-100
1,14408,-96
1,28552,-60
1,22301,104
1,48425,-92
1,23745,80
1,39990,-166
1,41348,-170
1,5845,160
1,10944,6
1,18473,118
1,37370,-52
1,11817,114
1,20695,-136
1,26228,-176
1,31931,136
1,20866,60
1,49347,-192
1,21756,90
1,30190,-48
1,38077,146
1,30667,144
1,4973,66
1,3213,-176
1,40583,-156
1,34444,170
1,29609,-194
1,20792,-180
1,10148,114
1,3011,14
1,10353,154
1,26693,192
1,11839,120
1,10595,166
1,559,170
1,37216,-60
1,27252,40
1,707,42
1,36970,-176
1,23021,-24
1,47701,-118
1,10947,90
1,38943,-96
1,49630,152
1,29367,-154
1,34077,-72
1,19340,64
1,48278,98
1,5052,-90
1,48846,-154
1,29759,78
1,12359,78
1,48134,-180
1,17184,-32
1,20283,-20
1,20186,-152
1,20139,-168
1,7233,160
1,47993,-36
1,37014,50
1,15888,-120
1,17736,134
1,852,-160
1,13809,70
1,29784,12
1,17519,60
1,12824,114
1,7939,138
1,23119,176
1,5416,-76
1,7722,38
1,11710,-106
1,32262,38
1,28838,108
1,49384,-12
1,34711,154
1,43254,48
1,47848,-154
1,31087,-178
1,8802,-118
1,22738,-64
1,5347,-60
1,29540,-186
1,39836,120
1,34532,-132
1,22252,-196
1,20199,-18
1,12978,74
1,25849,172
1,41421,52
1,8644,110
1,13982,134
1,36674,-60
1,15742,-126
1,15161,32
1,39123,94
1,27779,134
1,26169,-42
1,12830,-42
1,2917,-70
1,11763,-160
1,30953,88
1,45469,-122
1,32429,-58
1,7238,-50
1,26130,-156
1,11304,150
1,47242,-42
1,5865,6
1,18129,120
1,19092,42
1,15541,-94
1,46607,-98
1,24464,140
1,17480,-26
1,46807,-68
1,19776,-198
1,11484,194
1,14010,48
1,45556,104
1,36917,-80
1,24726,-66
1,2407,172
1,15445,-164
1,9546,-102
1,13758,86
1,26520,-124
1,22096,-46
1,45821,-154
1,45052,-120
1,16914,-184
1,32805,168
1,23501,134
1,29220,134
1,18015,188
1,23954,-148
1,12420,-186
1,4492,32
1,38164,10
1,18117,34
1,3643,80
1,38798,-8
1,30415,-122
1,15695,146
1,20587,122
1,24182,-48
1,49594,12
1,28575,126
1,7533,94
1,43419,14
1,20521,184
1,17588,156
1,16164,-112
1,42737,-4
1,13428,136
1,28791,-144
1,7814,124
1,22436,20
1,20496,-14
1,7596,-60
1,35107,-174
1,14267,-16
1,1338,-106
1,12237,160
1,21275,-46
1,31657,-18
1,1441,154
1,6884,-154
1,18784,160
1,8654,-46
1,26472,140
1,40749,12
1,9727,130
1,6102,128
1,5829,130
1,21321,140
1,46256,10
1,46664,-62
1,11459,-112
1,5760,-168
1,13753,24
1,42300,108
1,44104,18
1,7467,74
1,21592,158
1,21981,-126
1,9357,-110
1,7370,180
1,18927,-110
1,38767,-80
1,27976,194
1,15189,-44
1,30189,176
1,12351,76
1,38748,-20
1,10904,160
1,1599,30
1,47021,-126
1,15698,-180
1,9256,-188
1,20564,8
1,13188,-98
1,43489,-50
1,8148,166
1,39083,-32
1,14120,-30
1,3403,-120
1,11067,166
1,38123,106
1,38379,120
1,7434,78
1,20115,146
1,30872,-66
1,46197,-10
1,15208,-48
1,18135,22
1,29815,-130
1,35902,20
1,49753,-52
1,44877,-200
1,34984,118
1,701,-130
1,21195,-48
1,34826,-116
1,27369,-192
1,47922,-74
1,7916,-30
1,3214,-132
1,17046,-114
1,9465,-120
1,28036,92
1,29465,-192
1,43394,36
1,10810,-62
1,44350,184
1,20901,140
1,38609,-138
1,15231,64
1,47799,-46
1,33918,74
1,31228,-146
1,48496,-94
1,30913,-152
1,8707,38
1,44988,-134
1,3810,-86
1,35103,-48
1,34120,56
1,16409,22
1,39708,142
1,473,72
1,45309,-56
1,48500,152
1,8449,62
1,19792,122
1,29547,-2
1,9264,166
1,23408,138
1,48476,-72
1,3837,158
1,30635,34
1,31935,48
1,49499,74
1,12950,-84
1,15694,10
1,19895,66
1,11575,52
1,34232,-102
1,4254,-16
1,9501,106
1,10855,-108
1,2939,156
1,18418,54
1,47489,-120
1,5013,136
1,45027,-184
1,12298,-76
1,27021,124
1,24798,68
1,45517,20
1,191,66
1,29522,182
1,10652,50
1,30105,-126
1,38412,2
1,23722,-108
1,47389,-110
1,28470,-38
1,9563,-60
1,48726,90
1,22292,-114
1,30459,-118
1,19745,194
1,32996,146
1,116,-170
1,24971,36
1,39257,90
1,27178,22
1,14191,140
1,43860,-76
1,43234,-40
1,18422,-92
1,3954,-54
1,13263,-154
1,49563,-152
1,22605,-190
1,24617,132
1,27870,82
1,13717,28
1,1484,6
1,26231,-44
1,13369,114
1,1736,168
1,30970,-52
1,15182,-162
1,12368,104
1,21042,-146
1,26387,-176
1,36836,-156
1,18371,-52
1,17432,-106
1,43704,-100
1,3329,-148
1,19019,44
1,4985,-16
1,14728,184
1,21405,4
1,33054,-172
1,29953,-46
1,19419,40
1,28776,-120
1,8761,178
1,32534,140
1,4727,68
1,18699,42
1,38340,-10
1,4203,-190
1,6722,-18
1,1462,196
1,2040,-152
1,28375,14
1,24537,76
1,42505,172
1,7919,-112
1,19209,192
1,573,136
1,43772,178
1,22506,30
1,34432,190
1,8545,36
1,46742,24
1,29668,-8
1,33405,84
1,17910,16
1,17795,-20
1,26926,190
1,37941,-70
1,33336,198
1,33861,4
1,25972,40
1,14594,118
1,1018,-90
1,29764,80
1,11164,-110
1,36922,164
1,28730,16
1,41234,-154
1,32494,-84
1,20159,108
1,18572,144
1,38088,182
1,20350,70
1,25153,-172
1,39982,150
1,8759,-96
1,42765,-104
1,3188,-78
1,14518,-62
1,30525,-186
1,36455,62
1,4051,-112
1,6324,-96
1,11897,-140
1,38964,-150
1,20512,116
1,8830,-22
1,5504,-198
1,3508,162
1,36263,-88
1,49042,22
1,36363,-162
1,40522,-80
1,12350,-196
1,1922,22
1,13731,-36
1,20487,126
1,22841,-134
1,26150,-6
1,24367,28
1,30319,172
1,46099,-86
1,49069,190
1,27170,-94
1,7431,-26
1,34837,-58
1,36121,-182
1,10221,24
1,31315,-74
1,26730,92
1,19283,150
1,28341,110
1,26421,32
1,15809,130
1,14798,28
1,21143,-120
1,29731,66
1,48279,42
1,35118,136
1,40007,58
1,6236,-144
1,4132,-170
1,13793,-170
1,11904,-118
1,38657,20
1,13199,188
1,32346,-146
1,40930,-138
1,40157,-130
1,32263,60
1,26863,-10
1,13788,106
1,25277,178
1,30558,60
1,15534,-112
1,15298,56
1,18211,164
1,34906,168
1,1045,108
1,6293,-174
1,34927,-118
1,28250,-154
1,41628,196
1,34148,-142
1,44461,-182
1,10031,16
1,16707,34
1,29961,24
1,4420,-56
1,34656,92
1,25536,112
1,19921,90
1,35742,180
1,11277,44
1,8774,-78
1,38722,-114
1,14115,96
1,17598,-110
1,16851,-136
1,47861,194
1,34502,178
1,5679,-130
1,39918,-170
1,17312,128
1,43899,66
1,19716,28
1,42150,-118
1,18770,-50
1,42869,-156
1,30465,48
1,26257,14
1,21800,-164
1,23921,46
1,8351,-152
1,23417,-126
1,25937,60
1,45702,164
1,11705,146
1,82,-84
1,12809,60
1,8238,64
1,38072,-96
1,9401,70
1,26596,172
1,32392,74
1,8154,-18
1,357,132
1,43480,-94
1,44389,-26
1,7016,170
1,16863,-26
1,38269,-120
1,25793,12
1,8853,84
1,38195,168
1,12551,132
1,14859,186
1,32602,64
1,11216,134
1,44274,96
1,39060,-14
1,7098,112
1,48247,-124
1,2582,-136
1,42760,90
1,941,-102
1,47881,194
1,41760,122
1,3769,-154
1,41233,82
1,40403,-80
1,29348,80
1,14679,148
1,44386,76
1,28384,-36
1,8618,192
1,4761,32
1,16952,116
1,17423,-128
1,38912,76
1,11566,48
1,20221,-6
1,32274,-154
1,10762,160
1,26165,-134
1,34604,172
1,41386,148
1,3042,-70
1,20079,-108
1,25019,-38
1,11446,54
1,15020,90
1,28435,94
1,1508,-152
1,47360,-196
1,9981,-140
1,40460,-108
1,43734,-62
1,33025,110
1,28952,54
1,20301,168
1,31025,-108
1,49633,110
1,5722,96
1,7449,-18
1,40864,176
1,22006,-198
1,13901,54
1,16459,164
1,13997,-156
1,18505,76
1,11492,174
1,3094,-82
1,3908,192
1,48358,108
1,49907,-6
1,26996,60
1,27200,-60
1,38571,144
1,49611,-48
1,40255,114
1,21424,-178
1,21393,-76
1,37239,150
1,20331,40
1,7528,-54
1,33075,-148
1,15059,-64
1,29490,-180
1,33473,-102
1,46671,-182
1,12720,-152
1,27160,66
1,10941,94
1,8245,84
1,16689,-194
1,38012,-66
1,29530,-34
1,12456,-114
1,26495,12
1,15302,-8
1,24920,-152
1,25700,72
1,20999,20
1,35635,70
1,29466,-36
1,19946,116
1,35624,-170
1,48929,190
1,2551,154
1,19282,114
1,31079,110
1,27919,-76
1,34025,82
1,3177,-110
1,11749,156
1,18413,-72
1,37696,-84
1,26973,30
1,27267,98
1,21740,-180
1,48945,196
1,28772,108
1,270,46
1,668,60
1,1709,-48
1,21497,-8
1,6225,-122
1,34481,-100
1,49924,160
1,21821,92
1,31668,180
1,49185,134
1,41322,136
1,172,180
1,4896,-154
1,20319,-34
1,20103,-62
1,6603,-144
1,33703,198
1,11406,-68
1,16618,-172
1,16973,70
1,34576,-22
1,41820,-44
1,14919,-168
1,10514,-72
1,27983,-150
1,26834,150
1,19915,-90
1,31271,-174
1,27281,12
1,4385,-120
1,20597,40
1,1719,-104
1,41669,-146
1,45719,6
1,16848,12
1,38683,30
1,28943,-52
1,28474,94
1,8427,88
1,34176,-94
1,10146,182
1,39374,72
1,5314,-126
1,34973,188
1,45148,-194
1,22018,-178
1,33539,164
1,41264,128
1,31825,-174
1,46073,190
1,19738,126
1,44467,6
1,21795,-194
1,45033,56
1,17344,-136
1,11881,-130
1,3886,-198
1,13602,-116
1,20574,-184
1,19677,-34
1,5239,186
1,11516,60
1,41772,56
1,34498,-28
1,17213,-94
1,5822,-72
1,41429,-116
1,30161,194
1,12537,192
1,43340,138
1,13529,-22
1,49913,146
1,47399,98
1,21855,-84
1,17578,-84
1,30,-54
1,39908,78
1,1585,112
1,37481,114
1,10794,42
1,9820,52
1,26016,18
1,25648,162
1,18274,-120
1,16587,182
1,34328,192
1,3875,-114
1,26020,-20
1,14530,52
1,17606,90
1,43783,174
1,25652,-104
1,38699,132
1,37765,162
1,10786,-54
1,26953,-54
1,6655,-112
1,5028,188
1,28945,-152
1,44341,-182
1,19039,78
1,2708,54
1,8696,94
1,42590,-52
1,23246,146
1,29284,-90
1,6853,-102
1,48988,-152
1,45060,188
1,37498,-74
1,22673,-196
1,11317,-78
1,19374,-6
1,45558,140
1,9017,8
1,2074,172
1,8341,136
1,6192,-198
1,15210,-142
1,27187,-54
1,26046,-142
1,20295,-8
1,14379,128
1,16002,-58
1,37438,-64
1,45132,110
1,24908,106
1,16383,-82
1,47023,100
1,25906,44
1,49641,-78
1,26739,-68
1,37915,92
1,49595,-58
1,2556,-2
1,38426,156
1,26682,148
1,32136,-188
1,4422,34
1,34492,-60
1,23516,90
1,28454,-116
1,45799,28
1,13057,62
1,43063,-22
1,7911,28
1,36107,-98
1,48857,-120
1,42908,-18
1,48594,-34
1,47882,188
1,46133,-64
1,6527,128
1,16978,62
1,34938,-34
1,30073,74
1,17481,-30
1,20119,-60
1,35289,-128
1,2545,30
1,40210,-32
1,22109,-198
1,6927,-108
1,41582,-110
1,10897,144
1,13787,-122
1,19265,-42
1,23160,-126
1,49568,-122
1,41040,-180
1,4998,62
1,5228,68
1,33803,-26
1,34507,-48
1,36299,88
1,22918,136
1,38928,-184
1,36397,94
1,1035,-182
1,3212,100
1,8586,-14
1,45059,60
1,340,146
1,30032,98
1,22204,38
1,6904,-194
1,18538,-94
1,45638,-192
1,18166,16
1,32673,176
1,15131,168
1,46225,-154
1,45346,-60
1,23951,-14
1,20825,-108
1,37978,-148
1,37552,-174
1,46326,-108
1,44202,146
1,33244,-104
1,30254,-118
1,41551,10
1,30082,-104
1,37933,126
1,37766,-184
1,15368,38
1,35590,126
1,9960,72
1,6457,-88
1,44743,82
1,5328,-94
1,43690,16
1,13096,-144
1,15531,176
1,4873,192
1,7501,-176
1,16686,150
1,40380,-36
1,1349,30
1,21381,-156
1,41076,-198
1,22963,-120
1,25894,-14
1,6360,136
1,35023,40
1,14954,132
1,23832,-56
1,19520,-122
1,27052,134
1,19726,-166
1,7327,34
1,40036,66
1,2802,-102
1,32030,106
1,36479,-88
1,7925,2
1,37304,98
1,38887,192
1,14613,84
1,11934,-24
1,44814,156
1,18492,38
1,33950,170
1,46744,-94
1,5017,66
1,39313,-76
1,28499,178
1,48412,116
1,14055,196
1,23183,38
1,29636,88
1,14584,178
1,2340,-74
1,46777,-176
1,8085,-158
1,34310,-22
1,45750,198
1,22147,174
1,36764,18
1,12464,-50
1,14189,-96
1,26277,-100
1,30998,74
1,28601,-6
1,35020,176
1,6970,18
1,8959,104
1,10530,-20
1,11941,120
1,13140,-130
1,7982,-82
1,49991,4
1,26990,122
1,39436,-58
1,6434,-38
1,43374,-50
1,35302,-178
1,49950,-174
1,4370,170
1,16752,-184
1,18554,190
1,29012,108
1,7739,168
1,26858,-42
1,41653,-94
1,22080,74
1,22226,-2
1,49916,154
1,40299,-4
1,19214,124
1,15416,16
1,16548,80
1,1632,-70
1,21147,-166
1,3828,10
1,32720,-10
1,40316,56
1,36885,126
1,31342,156
1,39999,184
1,36586,126
1,33085,168
1,34660,24
1,23618,128
1,14325,144
1,12449,-28
1,16529,-14
1,5885,182
1,47511,104
1,1098,-92
1,24983,32
1,34308,-16
1,24932,-176
1,38229,-30
1,44007,14
1,27854,104
1,5126,-68
1,7551,-36
1,17427,154
1,27710,60
1,8211,18
1,41979,-62
1,36768,-98
1,46577,42
1,28377,94
1,17413,154
1,15735,44
1,22286,-18
1,29045,60
1,11235,40
1,18902,-32
1,13293,-88
1,45025,-22
1,9477,-162
1,38154,92
1,30139,-32
1,36178,-146
1,15580,70
1,22826,-20
1,30084,50
1,6545,-146
1,31006,54
1,565,-200
1,36063,-46
1,8997,144
1,13867,38
1,21767,-74
1,33961,44
1,7426,4
1,35087,-132
1,34907,24
1,44691,132
1,29094,72
1,23958,138
1,27285,-42
1,23571,-94
1,19188,-196
1,5512,38
1,24622,110
1,29095,-120
1,34612,-142
1,8260,-118
1,18626,30
1,17287,-48
1,26164,18
1,4659,106
1,30155,-110
1,16512,26
1,11482,26
1,29422,130
1,40300,148
1,35978,74
1,35941,-8
1,26831,-2
1,33906,138
1,12592,176
1,19370,-28
1,17328,10
1,46489,40
1,38025,-96
1,9572,-116
1,48300,-160
1,41015,182
1,48563,-92
1,6272,76
1,8487,-56
1,10763,-32
1,3955,42
1,27154,-52
1,58,196
1,37015,-54
1,31983,-136
1,19795,-6
1,40042,-172
1,6583,-188
1,14003,108
1,16764,-124
1,40937,-98
1,43616,124
1,7244,128
1,4322,142
1,14946,36
1,8704,-42
1,49428,-52
1,45242,-98
1,26441,112
1,18160,-78
1,39345,124
1,30272,130
1,41453,66
1,22843,12
1,23801,-90
1,2249,26
1,40418,-150
1,14776,142
1,12602,-18
1,21529,182
1,46033,-160
1,37003,-10
1,29149,108
1,9695,94
1,17173,-14
1,38959,26
1,1412,104
1,44452,-118
1,38447,136
1,30044,190
1,32150,140
1,12278,54
1,29205,-148
1,35513,6
1,27150,-42
1,43545,-94
1,39106,114
1,29579,154
1,20428,192
1,10455,-18
1,48237,124
1,37854,190
1,31177,16
1,5675,-150
1,22890,142
1,20917,172
1,31577,-78
1,42175,-188
1,1264,136
1,24903,18
1,44565,-92
1,25512,-190
1,35432,32
1,33032,114
1,47234,24
1,20035,66
1,41347,-12
1,31672,198
1,22331,-170
1,28046,-38
1,41923,68
1,6472,-104
1,1675,-186
1,10831,-2
1,31121,-12
1,9232,132
1,24111,-22
1,10285,-116
1,1955,100
1,37740,-118
1,25586,-28
1,35494,144
1,37790,-182
1,27675,-74
1,5308,122
1,5387,-112
1,6840,-48
1,25575,-96
1,14766,128
1,2329,-38
1,48429,148
1,23130,-30
1,18711,-12
1,41066,32
1,26622,-74
1,34068,-194
1,1116,134
1,36709,-62
1,18708,-164
1,3410,-24
1,14622,28
1,40892,-26
1,44482,176
1,14835,-50
1,10529,196
1,13206,110
1,17438,36
1,4180,108
1,4952,106
1,39281,22
1,33018,-80
1,4646,-182
1,942,106
1,46543,128
1,27013,168
1,7225,42
1,39841,76
1,17231,54
1,26771,-2
1,23528,92
1,17583,-178
1,41179,-156
1,3091,174
1,41001,-38
1,21979,-82
1,2699,-94
1,47553,-128
1,29511,-60
1,35298,176
1,12455,2
1,10000,-154
1,256,160
1,37050,-54
1,32599,138
1,15089,-112
1,34028,-160
1,34978,36
1,5001,-92
1,275,-84
1,9720,-110
1,3084,-86
1,44238,162
1,16127,-30
1,2634,-164
1,12700,-196
1,12117,-104
1,10973,-176
1,45993,-20
1,45839,196
1,368,-20
1,23382,-188
1,28633,-76
1,32210,-74
1,13647,-44
1,42796,46
1,19466,148
1,44490,-114
1,26245,-160
1,1590,-106
1,45136,-6
1,44867,8
1,40446,152
1,48123,-26
1,18503,-154
1,46924,6
1,11786,-162
1,32976,-94
1,47940,-156
1,11270,-58
1,29714,-128
1,21915,144
1,26708,-176
1,35216,-82
1,43300,-110
1,2292,156
1,13067,-96
1,43789,-116
1,35694,52
1,2421,70
1,39453,-150
1,44217,-18
1,5456,12
1,30699,-190
1,13979,-184
1,49531,-184
1,15155,10
1,25265,-108
1,11887,-132
1,26076,-80
1,42714,114
1,38335,96
1,49284,-182
1,40437,-128
1,48043,-174
1,16168,-94
1,14342,-90
1,44069,-26
1,49011,136
1,8508,-42
1,20357,146
1,24134,-198
1,15279,140
1,36763,84
1,5249,-186
1,20569,-52
1,14917,78
1,22759,-40
1,38993,30
1,22441,-48
1,1515,-140
1,10158,156
1,10127,22
1,8518,-30
1,29892,-124
1,38106,82
1,11000,60
1,32021,-42
1,47901,-72
1,38346,160
1,12728,24
1,44116,24
1,17492,-66
1,7559,64
1,18991,128
1,44498,-164
1,3156,-162
1,24813,-160
1,48663,52
1,37525,184
1,37937,94
1,7524,-194
1,38436,32
1,46506,60
1,8122,-32
1,49506,56
1,29070,62
1,177,-144
1,19573,-44
1,2969,48
1,5806,196
1,30821,146
1,20948,12
1,3008,104
1,31850,86
1,19011,32
1,40245,66
1,14143,86
1,25364,-146
1,3932,-90
1,32250,-198
1,29794,-14
1,9367,-118
1,11552,154
1,25296,2
1,7724,164
1,3653,-104
1,22901,-172
1,16858,-92
1,17262,-54
1,18695,98
1,5475,94
1,17570,46
1,11548,170
1,34309,92
1,10268,-134
1,27676,142
1,28021,136
1,49743,102
1,38505,94
1,4123,-152
1,31754,32
1,30990,160
1,2741,84
1,13097,2
1,36909,128
1,1117,-34
1,26689,-82
1,30225,-66
1,31801,-6
1,3582,126
1,25333,144
1,42436,122
1,39163,78
1,31064,-166
1,8519,-192
1,18355,194
1,23933,-26
1,46284,-8
1,38189,-180
1,14715,-126
1,14755,-2
1,10656,26
1,14113,-6
1,36602,134
1,1165,-42
1,40995,88
1,21090,90
1,7066,82
1,28567,-46
1,14043,78
1,42250,-80
1,42788,-42
1,6626,-124
1,11169,166
1,18081,-36
1,19319,42
1,71,-16
1,42953,-168
1,19344,-100
1,6878,188
1,4288,-180
1,23667,-108
1,2013,-190
1,45255,-102
1,46110,56
1,17715,158
1,45146,-42
1,26003,-124
1,28427,196
1,41541,184
1,8729,118
1,21721,-86
1,14137,134
1,49344,28
1,1667,-162
1,24612,-98
1,8312,-152
1,10721,118
1,21742,172
1,45651,-114
1,14637,118
1,29426,58
1,43438,94
1,21431,-88
1,45252,-20
1,31996,196
1,34931,-96
1,37083,172
1,27634,22
1,45269,176
1,4313,118
1,49368,-160
1,7499,76
1,9897,62
1,46675,166
1,23962,162
1,17861,64
1,32358,-120
1,33829,196
1,6087,102
1,15074,-38
1,30112,16
1,25737,156
1,17289,176
1,26471,-144
1,4044,-94
1,27712,114
1,32549,-130
1,36457,156
1,35464,-110
1,37450,-150
1,15247,-152
1,47605,70
1,12666,138
1,3412,-130
1,43468,-148
1,19064,76
1,31923,-96
1,3600,162
1,5961,-104
1,12302,-76
1,16413,144
1,6798,32
1,25004,128
1,30030,-110
1,43490,194
1,43338,116
1,19856,70
1,28664,30
1,12800,-20
1,42943,-44
1,11138,-154
1,5501,74
1,27646,-126
1,33465,-124
1,6966,172
1,18601,168
1,7177,-144
1,3863,194
1,17875,-150
1,35269,12
1,28095,70
1,1333,80
1,45427,174
1,19648,100
1,16146,158
1,8026,-114
1,11283,14
1,34128,-32
1,39261,-112
1,1458,188
1,29582,56
1,39448,-28
1,13066,124
1,10797,156
1,45238,-140
1,46828,-120
1,28661,168
1,38704,-58
1,36009,-136
1,43221,-154
1,47498,122
1,37173,-88
1,16971,-98
1,15164,-62
1,29173,-66
1,78,18
1,16896,18
1,14386,-60
1,17964,112
1,37730,126
1,14865,-46
1,42484,-156
1,40612,-38
1,737,56
1,34399,-54
1,13330,26
1,18827,-12
1,4351,-184
1,10010,-174
1,369,118
1,1414,-136
1,11286,104
1,46682,-118
1,6685,-34
1,18984,48
1,36046,-76
1,35887,88
1,3968,100
1,38588,62
1,28072,-138
1,20311,-90
1,27116,-110
1,20982,194
1,24857,190
1,26027,174
1,8777,130
1,9689,-146
1,17649,-62
1,38233,30
1,42369,106
1,29870,64
1,9049,-72
1,36968,-60
1,43703,176
1,25820,-10
1,29251,-176
1,25868,48
1,36091,-118
1,20470,-64
1,25007,-118
1,31765,-112
1,22603,-12
1,13837,-178
1,41495,-86
1,5970,-168
1,39996,-152
1,12390,-130
1,17636,-64
1,30626,-178
1,43307,142
1,4661,110
1,41154,50
1,13782,-150
1,29464,38
1,1094,-110
1,22405,-104
1,34016,48
1,36428,-2
1,40123,-134
1,20684,-72
1,29260,-2
1,45329,-200
1,4773,-134
1,10783,-8
1,39689,4
1,46591,-6
1,49376,-14
1,36611,10
1,11104,-62
1,13387,96
1,28064,-146
1,5537,-172
1,44462,-192
1,4433,42
1,1853,-116
1,2998,62
1,14758,136
1,40172,10
1,42464,156
1,47871,122
1,49436,-190
1,22393,-34
1,24728,192
1,23014,-150
1,24672,108
1,24238,150
1,46893,-30
1,24577,-162
1,49552,54
1,3694,42
1,7876,102
1,49827,-62
1,8903,30
1,45597,116
1,25278,70
1,26194,-162
1,3973,-146
1,22357,-166
1,26785,92
1,41246,-66
1,32356,86
1,47777,-154
1,43700,152
1,5637,120
1,32724,90
1,13269,-182
1,1700,-100
1,42830,82
1,21331,-142
1,1150,22
1,13714,58
1,41161,90
1,35904,184
1,2670,-24
1,41010,112
1,17589,-24
1,47486,64
1,45371,-164
1,27030,14
1,18072,126
1,48717,180
1,4746,92
1,24241,-144
1,34385,52
1,37472,6
1,24999,172
1,20481,170
1,3022,-4
1,4204,-102
1,27410,-110
1,11409,-158
1,23991,48
1,36698,-168
1,9886,-76
1,41954,-186
1,23710,14
1,42951,-46
1,32789,194
1,9176,174
1,22467,-144
1,48481,56
1,40516,68
1,20104,-102
1,36841,-90
1,27026,102
1,8035,-44
1,26201,-70
1,16444,176
1,40934,32
1,32721,-120
1,8770,128
1,26262,-122
1,34670,100
1,1300,-104
1,46504,58
1,29689,98
1,5169,50
1,867,68
1,42343,122
1,27708,162
1,34076,34
1,34488,114
1,10251,154
1,8956,-72
1,16560,178
1,18106,170
1,9190,138
1,11306,14
1,23288,-166
1,30343,-60
1,43332,168
1,49600,62
1,44223,-162
1,10600,74
1,46217,-120
1,5178,170
1,47921,16
1,9872,100
1,35951,100
1,43691,-20
1,3055,-94
1,25585,24
1,23268,-78
1,26687,126
1,40250,126
1,42875,10
1,20187,-60
1,47637,-42
1,44020,-94
1,31085,82
1,46202,76
1,38579,118
1,21270,-14
1,49947,-154
1,34109,-44
1,24718,-118
1,43498,-64
1,24231,-66
1,21844,-66
1,27377,-72
1,29133,-78
1,18368,-26
1,4966,-52
1,37212,-86
1,42007,-156
1,15255,-180
1,25888,-22
1,26278,-190
1,40631,6
1,21459,196
1,5042,-118
1,33094,8
1,43923,50
1,18500,76
1,44480,-102
1,6433,112
1,7396,162
1,16955,-196
1,48692,-154
1,10845,164
1,28203,28
1,21438,180
1,12052,10
1,239,-122
1,40485,54
1,2039,-44
1,2949,-28
1,3071,-194
1,39370,70
1,40203,-24
1,18099,88
1,6909,-142
1,30863,-126
1,24539,84
1,37360,-128
1,22893,-34
1,48400,70
1,22410,-174
1,4704,74
1,17453,188
1,33189,108
1,14600,-40
1,24136,-34
1,45015,-72
1,20417,-20
1,4479,-118
1,28757,18
1,47013,-16
1,41569,92
1,46263,-152
1,45153,32
1,21187,-110
1,42491,-90
1,34400,-184
1,15403,174
1,20154,146
1,1892,160
1,13115,20
1,32671,-180
1,46392,18
1,2757,160
1,30884,-164
1,8307,-98
1,18967,-80
1,47143,-76
1,15203,190
1,22400,154
1,26789,-28
1,29243,196
1,40133,-88
1,44682,4
1,22459,-190
1,45633,-22
1,9014,190
1,5690,90
1,10919,26
1,13666,-174
1,26565,-148
1,17359,-48
1,37473,38
1,32152,110
1,18611,-190
1,44119,36
1,10878,-128
1,7630,-110
1,37094,-142
1,5357,50
1,45013,98
1,25671,46
1,33656,82
1,1867,-118
1,46699,-198
1,25654,62
1,19045,108
1,49505,100
1,34343,98
1,35845,192
1,17442,94
1,7032,-84
1,35412,-30
1,23568,-40
1,35706,22
1,24158,-126
1,17563,14
1,35789,-138
1,6786,-104
1,4061,-140
1,29709,-136
1,37119,-160
1,26349,94
1,49657,84
1,47507,102
1,8554,198
1,30518,-94
1,26862,-158
1,6330,-46
1,39306,28
1,6195,-16
1,47538,-174
1,28161,-166
1,21847,-80
1,25791,-188
1,13098,22
1,15436,98
1,1535,-70
1,26806,136
1,1156,92
1,37220,26
1,447,-116
1,10084,198
1,43905,128
1,49724,-154
1,19479,172
1,24653,162
1,49538,182
1,20046,-70
1,41427,-142
1,19526,116
1,45018,166
1,3734,168
1,48942,148
1,21918,-112
1,25092,-30
1,30941,28
1,44130,98
1,41337,-134
1,25875,94
1,37848,-64
1,35644,136
1,34014,2
1,33021,-100
1,178,-14
1,20260,194
1,30258,-138
1,16188,-50
1,49776,76
1,17942,102
1,40885,-58
1,40829,40
1,10557,58
1,4081,162
1,46892,194
1,4285,20
1,8699,-18
1,19181,-34
1,34940,-80
1,13595,148
1,12597,120
1,17760,-78
1,30991,20
1,29868,144
1,38155,-146
1,47049,76
1,21149,28
1,29488,-114
1,25231,-48
1,3326,-58
1,15997,-114
1,15248,120
1,6155,142
1,5866,92
1,46551,-108
1,7309,-118
1,37459,-176
1,9778,-148
1,6162,136
1,35047,116
1,8652,-16
1,11528,-196
1,39789,-32
1,6144,-94
1,45991,-4
1,49906,58
1,5552,132
1,6074,188
1,515,94
1,28365,86
1,23004,34
1,33557,-172
1,29880,88
1,12683,-120
1,42627,-106
1,46450,8
1,47111,76
1,29508,46
1,3569,174
1,24599,32
1,39870,20
1,39258,-128
1,39633,84
1,25171,-192
1,49645,-172
1,2583,40
1,46389,56
1,33472,-178
1,36812,-130
1,22941,-136
1,32917,2
1,46728,148
1,11618,64
1,3464,-44
1,35028,-188
1,33873,98
1,2247,88
1,13741,46
1,26527,-34
1,3457,-14
1,31618,146
1,23862,-120
1,48909,68
1,46595,-6
1,19017,-2
1,43554,114
1,25423,-164
1,10865,44
1,21830,110
1,1917,-138
1,14188,82
1,21207,176
1,885,-180
1,7404,-62
1,26773,-184
1,12111,-78
1,10775,-24
1,41648,196
1,34233,-42
1,25413,-192
1,11542,10
1,2688,-48
1,29042,-198
1,17509,64
1,8225,112
1,21539,90
1,43383,20
1,38803,20
1,40578,46
1,12822,-72
1,25781,156
1,12883,-86
1,48392,-108
1,23869,-52
1,19289,-22
1,5053,184
1,12399,-100
1,37004,-170
1,29846,-120
1,27764,-78
1,35677,-102
1,14443,-114
1,19920,80
1,24877,-18
1,45972,14
1,435,-124
1,30859,-36
1,35286,6
1,36683,6
1,458,-48
1,24910,22
1,13073,108
1,45748,194
1,7397,-54
1,13769,-76
1,23285,82
1,43293,24
1,21425,94
1,16411,150
1,31664,-66
1,19420,-18
1,37334,-74
1,3012,-162
1,22784,-158
1,36810,146
1,48146,74
1,17091,98
1,19789,178
1,19100,24
1,14675,170
1,23313,176
1,38587,164
1,33243,40
1,41480,-120
1,7202,146
1,5545,-72
1,17652,-182
1,9472,40
1,12317,-28
1,7195,-104
1,11766,24
1,3250,118
1,49306,92
1,2034,16
1,25334,-184
1,24989,-18
1,32037,-66
1,982,-86
1,47120,124
1,9731,12
1,40867,18
1,36393,108
1,46478,184
1,42545,-186
1,35288,30
1,36634,12
1,8394,-44
1,6795,-144
1,35144,180
1,21055,150
1,45190,-126
1,46221,-100
1,42074,192
1,42097,-182
1,27339,22
1,30055,154
1,40943,66
1,15211,-192
1,16381,-174
1,25962,122
1,47079,-122
1,10999,-86
1,40439,142
1,30336,124
1,40509,-2
1,22046,-132
1,20431,32
1,22796,194
1,35988,-28
1,6417,50
1,3309,-136
1,2558,192
1,15751,-172
1,17821,70
1,32761,-30
1,36396,-110
1,1610,168
1,932,-154
1,2188,-110
1,44839,-106
1,17546,156
1,43877,156
1,1388,154
1,12658,56
1,27005,-18
1,43991,124
1,8901,54
1,45566,50
1,19664,-70
1,47235,88
1,42359,-168
1,33035,64
1,15331,-4
1,3647,-184
1,31217,-14
1,23460,136
1,24268,148
1,7589,-98
1,1059,162
1,8467,134
1,45943,68
1,23399,-16
1,2617,-122
1,37712,48
1,22083,150
1,12952,60
1,28136,-150
1,37142,92
1,16833,-190
1,24005,172
1,21429,172
1,30286,66
1,7503,-194
1,18138,-156
1,21829,162
1,45486,-102
1,32851,22
1,11429,-10
1,24783,20
1,49148,-42
1,27280,-66
1,46004,-84
1,607,72
1,37810,112
1,285,58
1,9271,82
1,19767,-86
1,4519,184
1,41606,136
1,20086,162
1,33280,-34
1,23467,-168
1,6200,-170
1,7157,140
1,40118,-54
1,6618,-184
1,13379,-94
1,13800,160
1,733,-116
1,13395,76
1,41108,110
1,42397,-168
1,7179,108
1,30345,-104
1,35538,-164
1,46533,116
1,6108,-70
1,26835,-2
1,40,98
1,36949,74
1,2819,114
1,44491,132
1,19578,102
1,24098,134
1,3272,56
1,33374,94
1,21762,24
1,21136,-2
1,9029,-178
1,16373,72
1,30797,84
1,19363,-184
1,48417,-154
1,48459,188
1,23687,-96
1,27673,32
1,17338,-182
1,19649,194
1,19003,-182
1,48618,-190
1,5191,-12
1,14677,36
1,17892,-146
1,22151,-128
1,2876,32
1,15519,90
1,24449,8
1,10921,-20
1,39459,194
1,32818,-32
1,37743,-48
1,46531,152
1,18678,-190
1,42708,-182
1,31782,120
1,46122,-178
1,14202,174
1,39518,-38
1,37638,-164
1,21975,6
1,10732,48
1,16788,186
1,16518,108
1,13012,50
1,7390,-160
1,18639,-140
1,4022,176
1,7272,8
1,32385,-30
1,38004,40
1,24027,-158
1,18001,42
1,32060,104
1,37526,32
1,46729,-42
1,14011,-110
1,45971,10
1,7829,32
1,47492,182
1,49417,34
1,10410,90
1,30681,-74
1,46178,38
1,4578,-176
1,48145,192
1,20160,120
1,43994,42
1,45682,-140
1,22904,-18
1,40294,156
1,6341,-152
1,4510,-24
1,34124,-4
1,28059,-188
1,34753,58
1,33469,-90
1,45258,-176
1,4514,-24
1,2410,182
1,36863,-94
1,17728,6
1,4172,-186
1,48765,66
1,21729,-124
1,27595,86
1,25319,92
1,23446,176
1,31880,-100
1,8687,-164
1,31930,-94
1,38157,124
1,22177,156
1,21135,98
1,36468,14
1,24843,122
1,42786,10
1,39101,-142
1,2555,-36
1,9985,114
1,34710,186
1,46059,-62
1,44150,120
1,7074,-198
1,2286,190
1,8558,-106
1,1214,114
1,35229,-132
1,4372,88
1,33069,132
1,28224,-2
1,8418,-172
1,1885,114
1,48153,-46
1,39426,-184
1,41513,134
1,11080,-192
1,23918,18
1,3799,100
1,26468,198
1,26160,-124
1,14147,-198
1,13661,44
1,40987,26
1,44572,-98
1,16134,148
1,46328,-2
1,7486,-116
1,22696,166
1,37127,-8
1,39933,-128
1,3981,-48
1,5471,128
1,8081,-72
1,14662,-80
1,40569,48
1,21166,138
1,37203,-96
1,25021,-136
1,43258,194
1,1530,132
1,38444,-190
1,4262,-102
1,15657,164
1,30183,-48
1,33510,-180
1,7549,66
1,48136,160
1,24422,110
1,25869,-66
1,34616,102
1,10164,-130
1,1357,190
1,17681,8
1,27390,60
1,25149,-106
1,26658,-112
1,45085,-134
1,3852,128
1,32194,134
1,9655,-32
1,42655,170
1,7049,-116
1,11006,10
1,41939,-112
1,3420,-118
1,25945,162
1,24814,126
1,24376,-14
1,4306,160
1,34742,68
1,26507,34
1,15414,68
1,49265,-62
1,14155,108
1,4496,-38
1,41468,138
1,30761,170
1,23125,-26
1,29682,198
1,43954,-94
1,44443,-176
1,4442,-124
1,14524,-138
1,15233,12
1,12272,140
1,8414,78
1,39843,-126
1,27898,-46
1,17235,-90
1,44700,178
1,37207,-178
1,25848,-74
1,35548,150
1,17386,8
1,16849,36
1,26037,-162
1,17013,-154
1,34733,20
1,11774,52
1,41868,106
1,20730,94
1,4624,82
1,9840,34
1,44092,-96
1,45601,-80
1,30647,-122
1,24901,-56
1,24730,-136
1,41268,156
1,36993,-128
1,32635,176
1,14091,-22
1,8304,-120
1,31018,98
1,40271,-42
1,10974,152
1,46051,98
1,566,-160
1,2021,180
1,35675,-186
1,8311,-102
1,45568,108
1,46424,96
1,27428,-90
1,30126,134
1,34264,150
1,8998,-154
1,47094,146
1,35154,152
1,31011,136
1,14285,80
1,42995,-150
1,26469,-136
1,32994,126
1,49457,-80
1,11956,140
1,3258,50
1,26609,-34
1,27973,-102
1,6715,54
1,48337,176
1,45678,-186
1,33604,76
1,24357,-138
1,2723,-130
1,47127,100
1,26767,148
1,37132,-92
1,8921,-42
1,11167,-154
1,24397,46
1,6109,-60
1,13608,180
1,21837,188
1,45171,140
1,13690,14
1,30323,94
1,8310,130
1,40499,-180
1,1983,-50
1,12721,-130
1,4391,-16
1,34718,18
1,29720,16
1,2368,-170
1,43036,190
1,17993,-88
1,17061,136
1,25396,-74
1,24567,70
1,27370,164
1,6668,156
1,35300,80
1,40220,42
1,42388,-46
1,13987,114
1,24262,138
1,13886,-198
1,33466,-118
1,38688,32
1,41187,-114
1,27822,78
1,31872,-160
1,12934,142
1,3666,150
1,30253,-10
1,40214,-34
1,18509,48
1,47671,196
1,34003,-58
1,34896,-138
1,31956,170
1,32625,-84
1,1322,158
1,19140,168
1,22160,100
1,38689,24
1,15565,-134
1,17504,-176
1,45542,114
1,48092,96
1,37101,162
1,9577,-32
1,23206,-182
1,2358,-84
1,2573,-190
1,24586,-32
1,36253,132
1,7668,-74
1,32348,160
1,20253,-108
1,16668,82
1,36850,36
1,42549,-52
1,43256,-178
1,2223,-64
1,45526,-20
1,48049,168
1,22867,-168
1,13806,36
1,19400,136
1,41929,-178
1,42009,-162
1,36145,168
1,36620,-4
1,35347,142
1,2739,176
1,30899,-132
1,30141,-138
1,17989,-36
1,26911,-64
1,1482,-46
1,10469,42
1,9386,-148
1,47644,-30
1,37412,72
1,49060,-32
1,18112,-194
1,34550,110
1,46666,-150
1,19349,-64
1,38390,154
1,11700,-106
1,49530,-96
1,4059,182
1,6749,-50
1,25522,68
1,4041,84
1,13668,-40
1,7012,-106
1,36492,2
1,45288,-36
1,5407,-106
1,47157,56
1,47753,-60
1,21239,42
1,17515,-140
1,24907,142
1,48759,76
1,38431,-8
1,43804,176
1,6960,100
1,34154,72
1,47220,48
1,22361,108
1,41276,140
1,30232,-28
1,29655,12
1,33581,130
1,36069,-118
1,20492,184
1,594,-54
1,35861,-48
1,26643,36
1,44967,160
1,36732,-42
1,42630,-198
1,16264,144
1,26236,2
1,13910,68
1,34101,-164
1,19037,124
1,19273,-80
1,20742,112
1,48000,178
1,6466,32
1,26759,120
1,38944,40
1,37279,-164
1,41717,-160
1,19109,-116
1,11574,142
1,16157,30
1,9750,-60
1,47158,-86
1,41209,134
1,30300,74
1,25546,196
1,43922,-122
1,16121,150
1,48280,140
1,17688,154
1,45598,-114
1,35486,4
1,44932,-16
1,46189,20
1,12422,-96
1,24917,-40
1,44487,-106
1,43760,-112
1,15503,-18
1,5263,-146
1,4109,-2
1,31774,-188
1,41620,-68
1,20920,-114
1,3096,-128
1,39720,-196
1,26032,120
1,32314,-176
1,14630,-90
1,19777,166
1,40204,84
1,43219,-106
1,19499,70
1,11687,-142
1,2186,-150
1,11556,-66
1,10467,120
1,19801,94
1,3002,-22
1,20095,150
1,3451,-156
1,37075,-170
1,14087,22
1,6295,-92
1,48077,-82
1,43992,-102
1,11060,152
1,17392,-14
1,45454,-164
1,5319,-28
1,42753,38
1,31735,34
1,36065,72
1,16176,90
1,46220,-24
1,39190,-164
1,38612,-144
1,37894,70
1,43820,-44
1,22913,-152
1,32231,162
1,23039,164
1,9066,10
1,6539,-74
1,38363,162
1,36974,28
1,31297,160
1,40047,-6
1,34857,184
1,33121,126
1,28263,164
1,32256,-30
1,14273,-60
1,16109,36
1,33142,-192
1,32539,-162
1,11207,58
1,13376,48
1,44227,108
1,42498,10
1,24073,-194
1,24253,-146
1,39143,122
1,3534,-146
1,44558,32
1,5495,114
1,22614,110
1,29979,164
1,38095,82
1,11546,40
1,30603,132
1,40891,-54
1,7008,94
1,20814,-60
1,15970,196
1,47860,-114
1,19876,-158
1,5104,198
1,34293,-130
1,48641,172
1,17166,-56
1,42554,62
1,42237,-100
1,41602,134
1,16319,14
1,25866,38
1,27804,-90
1,38586,-106
1,15440,168
1,20177,-58
1,46132,66
1,27222,76
1,1126,-108
1,543,26
1,22572,-148
1,24423,-102
1,26136,-98
1,35006,172
1,34357,-96
1,21514,-146
1,11166,102
1,24719,96
1,41543,14
1,22048,194
1,8647,-96
1,16006,94
1,45868,72
1,48591,178
1,17893,-130
1,26950,138
1,40060,76
1,35753,-6
1,47018,84
1,49872,-172
1,31257,82
1,17206,-100
1,41285,62
1,18197,184
1,48385,132
1,22215,54
1,22598,-18
1,33532,58
1,26126,-166
1,25094,188
1,23049,-108
1,30688,12
1,33058,-10
1,14729,-52
1,1994,154
1,4522,168
1,8691,-12
1,23901,-48
1,1790,198
1,31174,80
1,45061,-190
1,14415,128
1,4390,112
1,45987,-54
1,27831,-60
1,3131,126
1,13177,198
1,23596,64
1,46945,2
1,1207,182
1,9452,-60
1,44626,-90
1,32206,170
1,37703,50
1,25132,-130
1,30395,162
1,5160,154
1,37470,152
1,2108,-36
1,3138,86
1,40054,-22
1,20015,-22
1,14951,-72
1,29263,-144
1,24214,-166
1,37226,-112
1,39881,54
1,29512,162
1,27393,-144
1,19547,-100
1,18045,-158
1,33233,-92
1,19154,-104
1,17617,126
1,43119,80
1,22966,-126
1,37904,2
1,38719,134
1,38318,-164
1,14851,-182
1,31902,-104
1,34732,198
1,27291,90
1,5650,-68
1,26478,122
1,20273,172
1,34228,-126
1,27732,134
1,40878,-164
1,3127,-136
1,20004,-192
1,9705,36
1,44504,72
1,26871,78
1,11729,36
1,21437,-24
1,13711,34
1,721,-50
1,19480,-162
1,31385,144
1,43267,-190
1,23982,192
1,17665,186
1,23549,56
1,32159,98
1,47623,-190
1,25643,188
1,5827,-10
1,16665,-18
1,45117,48
1,12102,110
1,13652,36
1,19606,-130
1,3866,-78
1,4077,26
1,43552,-156
1,65,-12
1,44366,88
1,6291,-6
1,38850,-88
1,47727,-70
1,13983,30
1,39950,64
1,48422,-22
1,23760,-32
1,9676,186
1,29352,-172
1,4566,144
1,8685,-78
1,5197,86
1,46211,-156
1,14427,70
1,46942,106
1,48116,-132
1,15977,34
1,24446,-196
1,18685,-112
1,31559,46
1,32133,-130
1,30830,126
1,41761,166
1,45008,-188
1,36104,-114
1,42345,-150
1,6796,-122
1,26726,124
1,544,-114
1,14399,-182
1,23729,-50
1,6376,24
1,1471,-198
1,29304,2
1,14841,-168
1,32169,194
1,15907,22
1,41807,-76
1,9222,-4
1,23912,-172
1,36589,148
1,8371,96
1,22546,-52
1,21343,-114
1,25302,-160
1,24378,-102
1,1839,-154
1,29718,-32
1,33206,28
1,43855,154
1,7181,-196
1,31609,-156
1,15726,-184
1,29755,148
1,45783,-98
1,26652,-184
1,39419,-170
1,33968,120
1,29016,-14
1,16284,-170
1,17383,-54
1,17819,-158
1,32781,164
1,26626,-26
1,19858,-46
1,18778,-198
1,14788,38
1,45231,2
1,11655,176
1,28622,24
1,15175,134
1,35403,-70
1,38187,-32
1,46057,66
1,45017,-190
1,42547,84
1,20575,198
1,13990,-54
1,14421,-170
1,26585,-180
1,24846,-86
1,29222,-34
1,31988,114
1,36053,-94
1,32956,-164
1,1183,132
1,32239,94
1,820,-120
1,42391,74
1,28445,-110
1,32824,-88
1,5477,116
1,34806,-50
1,26909,-60
1,5208,-138
1,33770,62
1,20635,8
1,41279,12
1,44907,178
1,46472,-150
1,7599,-36
1,7953,-30
1,32395,-66
1,40398,192
1,32034,-12
1,44662,-10
1,28443,-50
1,1231,-134
1,19220,50
1,26846,-128
1,11125,-10
1,8239,-130
1,21990,-42
1,34263,-54
1,37910,-110
1,22142,-20
1,19056,-124
1,2129,-50
1,31226,182
1,22394,-48
1,10409,-114
1,21834,106
1,24569,-144
1,40105,-82
1,17363,106
1,7787,54
1,44786,-140
1,49243,-106
1,24251,-78
1,33945,-54
1,13363,-86
1,24274,-58
1,33088,-54
1,43528,102
1,27580,-34
1,5511,4
1,30705,34
1,38670,186
1,27559,96
1,4376,82
1,16632,136
1,32318,50
1,9586,16
1,30135,-128
1,18425,186
1,39486,-90
1,40917,20
1,33797,18
1,10781,-172
1,40853,-6
1,14676,-52
1,29692,-144
1,7736,-116
1,26484,118
1,12528,138
1,33992,146
1,16227,144
1,49449,-128
1,11632,-184
1,21901,54
1,30317,38
1,40723,-104
1,40278,-182
1,35468,-176
1,3499,-186
1,26583,188
1,18599,138
1,3278,82
1,13749,-100
1,785,168
1,33406,92
1,902,124
1,33592,114
1,41465,-156
1,25688,178
1,33618,-182
1,16951,12
1,4507,-60
1,37198,22
1,3956,-114
1,45978,70
1,36905,174
1,967,-90
1,47175,86
1,26844,-160
1,24753,-146
1,44507,66
1,5969,-6
1,14982,-106
1,47569,-104
1,28812,-58
1,23880,82
1,3123,-64
1,29370,114
1,1310,144
1,36996,42
1,41560,14
1,674,198
1,38203,48
1,39925,20
1,2121,168
1,33576,-122
1,39938,184
1,1643,-82
1,31399,-174
1,28693,-90
1,45518,-82
1,3626,72
1,13102,-124
1,36344,-94
1,229,22
1,35592,-22
1,487,148
1,49291,-84
1,37013,-188
1,1311,-116
1,23940,-182
1,24831,48
1,13584,100
1,19315,136
1,34920,136
1,43306,-154
1,39760,148
1,18265,46
1,37230,-134
1,35843,-26
1,43797,56
1,25864,70
1,6896,78
1,10056,4
1,43238,194
1,15284,126
1,37258,88
1,1958,-196
1,43934,-12
1,37160,-134
1,44719,2
1,2751,134
1,7047,40
1,35487,10
1,7296,104
1,46918,-176
1,7508,76
1,7160,-148
1,44732,-102
1,25470,162
1,31218,20
1,44636,88
1,44948,-60
1,25768,-190
1,47900,182
1,44999,-46
1,32541,6
1,11214,-162
1,15587,-184
1,35780,36
1,47006,26
1,30379,80
1,40772,-108
1,18172,84
1,1274,132
1,38258,186
1,23354,76
1,28594,54
1,49350,128
1,3899,24
1,10948,176
1,16604,-112
1,49613,34
1,43618,-24
1,11890,148
1,12226,-136
1,21213,-88
1,28625,-48
1,31510,-58
1,26442,-112
1,2440,84
1,1620,108
1,26041,34
1,17712,168
1,17528,-72
1,40919,120
1,12202,138
1,39748,-20
1,13861,-30
1,149,72
1,39194,-196
1,29146,172
1,32253,46
1,49401,84
1,3585,-104
1,29054,-66
1,45865,-170
1,47595,172
1,35776,-136
1,9108,42
1,19481,12
1,15418,182
1,8963,192
1,37284,-52
1,19958,144
1,35091,112
1,39113,56
1,39826,98
1,27065,172
1,47684,192
1,8082,70
1,19322,92
1,11091,-136
1,1684,-116
1,36819,148
1,41146,-188
1,34021,-68
1,29035,70
1,22592,38
1,24958,116
1,23508,-108
1,7082,122
1,40554,-34
1,20914,-188
1,7288,48
1,30212,60
1,31042,-124
1,22615,-6
1,47473,198
1,19781,112
1,24992,-50
1,33055,-50
1,41558,18
1,48225,124
1,14745,-182
1,47530,92
1,18799,-14
1,17812,-76
1,3030,110
1,39067,-58
1,37728,50
1,4989,56
1,15938,164
1,42012,76
1,10916,62
1,29437,-172
1,2855,188
1,25508,2
1,36449,114
1,31575,64
1,26782,-58
1,38262,-152
1,47254,-168
1,11974,-32
1,38975,112
1,33176,-36
1,23966,184
1,29114,126
1,10697,-122
1,36000,80
1,15770,24
1,24740,-4
1,6533,-172
1,14848,-32
1,26173,-190
1,6026,-166
1,8665,88
1,49098,-122
1,12847,-134
1,25608,-96
1,49796,-12
1,19720,-24
1,26017,-190
1,8805,-172
1,27770,-172
1,5311,62
1,3933,130
1,18728,-190
1,33436,108
1,18275,-62
1,41342,-166
1,48569,176
1,30487,92
1,12204,-70
1,5182,-10
1,13138,152
1,16478,44
1,43277,-4
1,42058,94
1,42302,-194
1,30644,22
1,44468,150
1,824,156
1,30312,-4
1,30694,-84
1,25761,66
1,46083,38
1,30807,76
1,42423,154
1,49696,-166
1,46880,-142
1,25606,176
1,33236,-190
1,28778,90
1,39892,-174
1,29435,140
1,41237,-70
1,20970,-18
1,15410,-168
1,39686,-82
1,20101,-138
1,9626,-50
1,7067,-134
1,32568,-48
1,34770,-164
1,27557,28
1,48149,-88
1,26805,190
1,2593,-34
1,47208,-142
1,44930,28
1,732,162
1,21559,-76
1,32306,-140
1,34859,136
1,40659,-70
1,33135,198
1,36141,142
1,12029,-180
1,44276,-40
1,39085,-112
1,40358,136
1,27171,118
1,24381,90
1,23941,-178
1,17190,124
1,46494,-152
1,27738,66
1,4912,100
1,13708,-58
1,13153,116
1,41664,-198
1,20100,18
1,7872,-114
1,43644,-180
1,14595,104
1,3093,-62
1,28373,-122
1,45948,-124
1,3179,8
1,31938,142
1,36327,134
1,44987,198
1,37583,-174
1,10192,-192
1,14378,120
1,22381,-44
1,31927,-8
1,25459,34
1,44201,-32
1,1425,-194
1,17576,-42
1,20210,-150
1,44526,124
1,44295,186
1,1230,-176
1,25059,-4
1,34647,-18
1,3521,2
1,23845,-34
1,889,84
1,41510,-124
1,29820,-156
1,1485,-140
1,45024,186
1,43969,-166
1,16433,-102
1,10928,-94
1,48228,-10
1,35349,-50
1,45705,-94
1,32196,178
1,25930,180
1,44361,-16
1,26611,-118
1,15009,-122
1,9684,-184
1,5895,-126
1,49416,-118
1,23556,-96
1,37524,196
1,39044,-64
1,4950,-136
1,22955,-18
1,41011,-90
1,9687,108
1,6495,108
1,14165,142
1,23242,-42
1,2570,20
1,2788,60
1,49620,60
1,27418,-30
1,42815,132
1,2604,46
1,23758,-198
1,11645,-122
1,22608,172
1,24069,-30
1,9553,-58
1,6361,40
1,12628,128
1,17582,-122
1,10628,-162
1,30091,-166
1,17466,-192
1,39054,-192
1,42193,-86
1,13167,6
1,22516,66
1,763,-194
1,17512,-146
1,36415,-58
1,11255,-190
1,7811,-58
1,49703,-30
1,17734,58
1,13182,20
1,24779,64
1,37146,60
1,36839,198
1,3481,-86
1,30853,2
1,14979,-98
1,1335,78
1,11475,-140
1,47445,-42
1,24980,-108
1,8693,-28
1,15524,-180
1,32582,24
1,2871,142
1,18589,132
1,40302,-108
1,1042,104
1,6086,-92
1,7600,68
1,30167,134
1,13297,-200
1,36472,-150
1,17376,-190
1,17950,-174
1,25199,-4
1,26453,122
1,13496,-190
1,18320,66
1,4403,134
1,26956,22
1,49573,12
1,14999,106
1,42625,80
1,2808,48
1,26892,146
1,40783,12
1,23345,142
1,46015,-138
1,41112,102
1,3948,-188
1,49739,-134
1,16165,8
1,41947,-38
1,15847,128
1,3846,86
1,28534,36
1,7312,54
1,29647,132
1,18318,-158
1,22446,-84
1,30245,-200
1,3667,-178
1,30187,164
1,7660,196
1,43391,134
1,48421,190
1,35184,-156
1,49903,78
1,46017,132
1,17984,118
1,5180,96
1,25235,4
1,1331,-116
1,48466,-32
1,45264,-188
1,40252,82
1,19102,-52
1,10798,158
1,11525,82
1,44845,136
1,49665,-4
1,14207,58
1,35076,28
1,11043,22
1,31386,68
1,28041,112
1,26545,-10
1,12485,124
1,23634,-104
1,42854,-30
1,24675,198
1,20052,44
1,46653,-190
1,34961,-140
1,4107,-62
1,49958,188
1,11217,-146
1,44128,100
1,31128,104
1,8916,182
1,25394,-154
1,5710,12
1,27730,-20
1,22986,-4
1,24232,-14
1,21715,-162
1,39885,190
1,7562,64
1,7045,40
1,14748,46
1,36330,-180
1,1681,20
1,33771,104
1,23531,-52
1,30445,-146
1,5375,90
1,22133,130
1,31776,-58
1,376,-106
1,18450,-170
1,27597,44
1,31056,192
1,48271,-154
1,46234,-192
1,32655,8
1,38250,44
1,23373,14
1,22613,-138
1,5954,-192
1,7677,-184
1,26229,-8
1,2804,166
1,35582,170
1,28088,-104
1,25975,148
1,12339,-68
1,41190,-24
1,42476,176
1,31783,-200
1,16345,-82
1,33813,84
1,37276,56
1,3372,198
1,13396,-140
1,19680,152
1,48010,-148
1,17599,-82
1,3072,68
1,1303,-126
1,39428,112
1,46920,82
1,36216,134
1,151,150
1,18901,40
1,10756,10
1,14810,144
1,48174,184
1,1729,-36
1,3651,40
1,11867,-198
1,23095,14
1,7703,90
1,18352,-186
1,13814,-56
1,14219,-38
1,42301,-22
1,44922,-124
1,44973,-176
1,8258,-76
1,27025,112
1,42843,-32
1,32335,16
1,29181,136
1,8717,-32
1,43317,-164
1,22201,2
1,42577,-68
1,22526,188
1,6511,-86
1,9147,20
1,47546,130
1,4200,-180
1,2642,166
1,29622,56
1,7870,154
1,16988,-104
1,34902,70
1,15092,120
1,28058,26
1,13245,-76
1,21707,-170
1,47739,110
1,28775,-48
1,23464,154
1,22538,-90
1,48895,106
1,5428,-142
1,24250,-98
1,8627,36
1,11334,36
1,25516,-16
1,12991,-84
1,23401,-158
1,35306,-178
1,9044,72
1,39036,-128
1,10062,-86
1,34780,-142
1,2526,-174
1,48144,-56
1,12487,32
1,3196,-196
1,4349,-172
1,15321,170
1,3617,188
1,43642,10
1,3251,-100
1,48361,162
1,21076,-156
1,5989,184
1,7741,12
1,6187,-8
1,19528,162
1,18776,120
1,18945,6
1,27966,-112
1,4878,112
1,7077,-120
1,33643,-142
1,46597,-6
1,31659,58
1,8243,-188
1,25080,-84
1,23255,196
1,42903,160
1,16123,162
1,29213,-48
1,15482,-178
1,37669,14
1,36835,26
1,27652,26
1,4870,-70
1,41358,22
1,36089,-88
1,46783,188
1,1607,44
1,15033,-176
1,13947,62
1,12946,-180
1,14241,182
1,47093,-136
1,34540,-184
1,26734,108
1,11613,150
1,28839,-160
1,21054,92
1,10111,90
1,346,-196
1,40221,-66
1,10740,72
1,7532,-156
1,30457,-184
1,26917,154
1,47012,108
1,6101,162
1,3673,-112
1,12514,-108
1,18199,152
1,26321,180
1,13637,-126
1,41802,198
1,32079,-116
1,32295,28
1,41239,-84
1,24114,134
1,20968,-134
1,46115,-176
1,32244,84
1,8828,-72
1,23677,152
1,13476,-18
1,48286,-194
1,694,-136
1,6948,-8
1,7073,-108
1,28257,-172
1,17325,-96
1,48828,-108
1,24592,-70
1,17564,178
1,23235,138
1,9776,118
1,18161,30
1,35061,-84
1,47806,90
1,41798,110
1,13129,-150
1,12137,158
1,18246,-114
1,24642,98
1,10194,-18
1,2622,36
1,9499,14
1,13355,188
1,9798,124
1,26777,-6
1,3446,-112
1,5489,18
1,33820,-132
1,28779,-80
1,26439,-28
1,6016,2
1,7516,6
1,32186,84
1,13699,-114
1,24645,-138
1,26211,178
1,39096,-168
1,30153,188
1,7471,20
1,22697,178
1,22369,130
1,18760,-172
1,10723,114
1,3811,-68
1,1307,-86
1,49152,-16
1,12128,14
1,21422,-170
1,26184,-24
1,18343,188
1,38110,42
1,2392,94
1,44034,-104
1,49584,-58
1,30663,44
1,14845,132
1,39725,74
1,44300,134
1,33928,-18
1,48531,92
1,29374,-140
1,17590,-106
1,18447,110
1,1817,-12
1,35008,170
1,36236,-178
1,16963,-78
1,21920,162
1,43622,70
1,39532,-198
1,46387,34
1,34140,-196
1,41431,124
1,37139,-200
1,39727,-138
1,20854,66
1,40782,164
1,11801,118
1,46301,172
1,23239,180
1,44709,-44
1,33002,74
1,14950,-22
1,25956,186
1,12498,-4
1,3711,108
1,13873,60
1,27068,102
1,45321,-192
1,8246,-176
1,32810,-116
1,49349,-134
1,5743,142
1,17388,-170
1,13591,-190
1,38457,-184
1,35882,156
1,877,-146
1,36432,154
1,26058,-50
1,38797,160
1,28297,-72
1,24352,144
1,23440,-176
1,35936,108
1,11005,-96
1,6400,-164
1,25455,-102
1,11222,-106
1,21679,22
1,30601,14
1,40652,68
1,31590,-194
1,4122,-96
1,1721,-50
1,36766,-112
1,20133,-12
1,38645,-106
1,25759,22
1,47574,-106
1,682,24
1,34384,-142
1,29998,114
1,18111,-8
1,2833,-90
1,12149,-190
1,29911,-70
1,38330,162
1,3218,-130
1,43373,108
1,16539,-142
1,6252,-12
1,45921,194
1,47674,-14
1,9317,74
1,48393,-112
1,46088,-198
1,47640,114
1,18954,24
1,41848,-68
1,39016,176
1,18109,118
1,30517,142
1,31883,-124
1,15101,108
1,30840,-70
1,39772,-44
1,11636,-178
1,37987,-18
1,20338,164
1,34039,-42
1,20691,36
1,43455,140
1,34835,-136
1,4379,-156
1,6753,76
1,9853,52
1,28926,164
1,13412,-196
1,24,-150
1,1275,70
1,36491,106
1,17244,16
1,22926,-152
1,5123,-4
1,20795,156
1,17211,94
1,48907,-192
1,32642,196
1,8074,-194
1,49263,104
1,6358,-178
1,35930,26
1,16067,-152
1,22740,146
1,1507,-44
1,48335,-12
1,40313,36
1,32006,20
1,2207,42
1,2093,-136
1,24601,14
1,30104,112
1,219,-198
1,46995,186
1,3063,-28
1,19934,150
1,43260,28
1,16282,-22
1,9069,-42
1,46626,-118
1,15398,34
1,2748,-80
1,46933,-140
1,33467,-126
1,33884,148
1,14665,8
1,3914,188
1,4407,-24
1,12576,-180
1,36980,-118
1,9642,138
1,49779,-30
1,43745,-186
1,13046,-32
1,22143,-46
1,48825,-142
1,29480,-150
1,47411,90
1,16563,154
1,47307,8
1,42885,92
1,45138,10
1,27029,72
1,47676,176
1,16334,192
1,48644,138
1,47462,94
1,24981,100
1,26812,-140
1,28070,-24
1,19760,-114
1,46837,8
1,3888,6
1,37722,-138
1,22081,132
1,33517,-78
1,29633,22
1,49799,32
1,7358,-86
1,38244,88
1,25314,148
1,6819,-154
1,31567,100
1,36248,84
1,39714,-96
1,25656,36
1,18880,2
1,27862,-120
1,17580,-60
1,9039,44
1,47784,-174
1,48719,-18
1,40314,-48
1,32802,-172
1,37528,-50
1,19306,10
1,15814,-162
1,29364,22
1,8530,-94
1,45184,-116
1,21401,-44
1,48304,164
1,39945,-40
1,48921,68
1,36652,10
1,12655,156
1,20241,60
1,10365,-72
1,39187,134
1,9858,-126
1,6391,-138
1,14353,86
1,27318,8
1,14635,-146
1,8786,30
1,36517,-166
1,37080,-74
1,4603,-168
1,13896,126
1,28269,-158
1,38396,58
1,38812,12
1,22964,130
1,31951,-138
1,18737,-166
1,27060,-186
1,46919,-174
1,32772,-102
1,24729,-122
1,27251,-104
1,38936,-170
1,10419,118
1,17266,-132
1,33774,-180
1,8844,24
1,49334,162
1,49036,164
1,49842,-130
1,14262,-98
1,37950,30
1,28927,110
1,8528,168
1,47442,192
1,3045,134
1,41274,-72
1,38295,-194
1,41228,58
1,3681,28
1,23552,-120
1,38069,90
1,9496,44
1,29695,-98
1,44761,98
1,18565,-162
1,45981,72
1,36424,-54
1,15634,-200
1,1657,110
1,6301,-28
1,19706,144
1,34081,-150
1,1065,-194
1,33855,158
1,31824,-138
1,16895,-186
1,17123,194
1,34040,42
1,15506,54
1,35653,-20
1,1582,194
1,46730,-30
1,1815,58
1,10277,-138
1,88,-28
1,16358,102
1,6216,-178
1,33423,140
1,33130,-42
1,7730,92
1,10964,50
1,20176,-126
1,16267,-36
1,31842,-102
1,40846,-84
1,20674,24
1,33133,188
1,20302,170
1,37453,142
1,44051,-192
1,19417,-2
1,43787,90
1,46710,-114
1,2480,-92
1,2913,166
1,20070,48
1,29031,102
1,46193,-20
1,28181,170
1,29937,-142
1,23084,182
1,15487,-182
1,36559,44
1,24696,-190
1,29202,-190
1,40071,98
1,39888,26
1,43834,2
1,43058,-166
1,7838,196
1,35143,-102
1,35281,192
1,15697,186
1,19559,84
1,25015,-12
1,38649,-62
1,3797,84
1,26409,174
1,26106,-156
1,19607,46
1,18644,-156
1,1247,-40
1,11986,168
1,13403,52
1,31015,-150
1,40126,-174
1,33896,-70
1,22125,-178
1,14020,116
1,25647,-100
1,10951,-108
1,48184,4
1,21898,-136
1,42795,196
1,3185,74
1,47497,78
1,4893,-164
1,8331,-94
1,35598,-36
1,21801,56
1,35601,60
1,22256,-192
1,9273,-18
1,13625,14
1,14236,178
1,37325,156
1,35907,140
1,1351,170
1,1090,182
1,41008,72
1,40376,-100
1,6598,68
1,33779,-20
1,4151,-50
1,14398,-136
1,49862,-46
1,6636,-94
1,30168,42
1,13777,-16
1,11873,-132
1,31466,-104
1,45873,-148
1,17900,42
1,7109,70
1,9048,140
1,14218,-72
1,39170,-128
1,40385,74
1,36498,-22
1,19216,-186
1,20791,22
1,13651,84
1,49395,-66
1,4328,-82
1,37971,-148
1,19589,-36
1,2069,-190
1,11218,-6
1,19411,-10
1,1022,124
1,17253,20
1,7341,46
1,20514,-48
1,14781,-192
1,16192,-8
1,40445,-36
1,39592,196
1,31788,-28
1,918,190
1,33066,-122
1,12807,96
1,20416,106
1,45300,-62
1,46260,-198
1,10137,-12
1,26810,122
1,28493,-6
1,28323,-174
1,34106,30
1,20913,-110
1,17959,-24
1,6823,122
1,10322,140
1,40677,90
1,33003,192
1,1496,-64
1,21204,-200
1,13742,84
1,39618,-112
1,41776,-140
1,48651,100
1,40130,-84
1,4378,-126
1,42371,56
1,32983,18
1,42994,-62
1,30823,118
1,41610,18
1,46676,146
1,22513,-18
1,20401,-136
1,14782,-62
1,761,-106
1,20272,-156
1,47999,66
1,25130,80
1,971,80
1,15180,154
1,49712,116
1,34536,76
1,10745,194
1,33338,-20
1,32912,-112
1,46449,-26
1,22806,134
1,18329,-32
1,23426,6
1,6876,-154
1,44021,-32
1,17555,50
1,45966,-182
1,12088,-184
1,7843,-62
1,23744,72
1,13065,74
1,28437,-32
1,28338,42
1,19167,-172
1,15530,104
1,3637,136
1,30957,52
1,3745,-68
1,39287,140
1,13195,-168
1,18399,-6
1,33812,-58
1,10416,-66
1,24151,16
1,1673,-106
1,22574,-150
1,14034,-182
1,40754,90
1,48506,-124
1,42299,-56
1,12539,64
1,27829,-96
1,10806,-94
1,10703,42
1,25877,-122
1,240,-192
1,18044,98
1,4392,122
1,16866,98
1,30508,76
1,46024,-166
1,44398,26
1,30869,126
1,1012,-196
1,2754,124
1,24825,-58
1,1939,-144
1,37663,-126
1,22557,168
1,46667,78
1,28114,4
1,28411,96
1,44874,-124
1,112,28
1,28218,-52
1,11084,10
1,19018,176
1,17321,-200
1,18893,10
1,3718,140
1,39822,34
1,44951,16
1,32233,188
1,6482,62
1,15948,-164
1,25458,104
1,3482,96
1,15371,122
1,18590,-88
1,6684,14
1,20212,-10
1,39994,-154
1,16297,188
1,46408,-96
1,18214,-170
1,5613,156
1,39894,-12
1,42534,60
1,27012,-146
1,24194,78
1,32063,22
1,48124,190
1,18384,70
1,48878,-194
1,11849,132
1,11061,-132
1,12846,-120
1,44132,48
1,26210,-180
1,22120,14
1,12989,-68
1,2657,-50
1,23244,-60
1,37071,186
1,44387,-154
1,35081,104
1,32838,-56
1,20453,-26
1,22723,-130
1,45292,168
1,5480,124
1,17294,-152
1,19185,-184
1,9060,36
1,40664,36
1,18522,30
1,12839,-94
1,20298,-16
1,16709,92
1,20665,-190
1,11440,138
1,20872,118
1,6602,-180
1,27499,114
1,38681,-124
1,30066,-102
1,23875,-188
1,3035,184
1,5740,-200
1,25823,-62
1,30532,-60
1,18380,-94
1,6641,-74
1,10107,-54
1,629,-18
1,18195,102
1,6353,-138
1,1239,98
1,13563,-64
1,1748,-84
1,6947,-164
1,20420,142
1,5403,-106
1,1308,-118
1,10632,-132
1,40886,194
1,4502,38
1,1864,198
1,43239,86
1,8424,-182
1,44767,8
1,45522,154
1,22819,158
1,49892,-56
1,1658,2
1,1840,-36
1,39520,60
1,43382,60
1,30267,42
1,30956,144
1,21027,22
1,792,-148
1,39585,-2
1,26610,46
1,44140,-200
1,45691,-158
1,24043,-92
1,28256,176
1,18171,90
1,9667,-176
1,6483,56
1,39688,68
1,38524,70
1,45499,-184
1,16009,34
1,3939,-34
1,28989,-176
1,22771,-126
1,18122,-12
1,49678,-64
1,19577,48
1,391,172
1,20923,-76
1,30407,20
1,6735,-74
1,44860,-140
1,39422,-86
1,6278,-86
1,40219,-108
1,38581,12
1,14904,-96
1,23829,-106
1,46428,-98
1,41407,-12
1,40484,148
1,41133,-56
1,33717,-108
1,647,152
1,2451,90
1,21276,-184
1,40770,44
1,18118,124
1,36833,62
1,32298,-126
1,24046,94
1,43990,166
1,25119,80
1,34563,-124
1,2895,-76
1,22008,-142
1,22505,-56
1,48200,-94
1,49683,-182
1,24533,192
1,33479,138
1,2758,80
1,4447,-100
1,49808,-174
1,27153,48
1,21402,50
1,45284,-108
1,9133,88
1,22769,-152
1,4723,-86
1,39454,76
1,130,-90
1,48301,184
1,19266,106
1,21696,-108
1,19772,138
1,37135,64
1,40402,146
1,29941,-20
1,12915,-48
1,38527,-32
1,42794,96
1,20989,-134
1,42579,62
1,1534,-142
1,12636,132
1,20631,-84
1,17925,-178
1,8862,164
1,33881,-32
1,39761,64
1,24398,188
1,4305,44
1,7187,-196
1,48767,-118
1,18757,80
1,5393,-146
1,12641,2
1,4853,-180
1,40849,114
1,34593,36
1,22556,-128
1,22634,100
1,7454,-46
1,5210,-164
1,18488,150
1,3843,-48
1,19000,-114
1,20711,-34
1,12813,100
1,14161,66
1,14556,168
1,11880,-34
1,29828,-48
1,36904,-30
1,13560,52
1,44083,-108
1,32820,-22
1,15145,-88
1,18489,92
1,41777,168
1,36421,168
1,34591,-54
1,23950,-168
1,31756,-134
1,32035,-96
1,42083,138
1,21672,26
1,16878,136
1,23482,-34
1,6083,-32
1,36552,130
1,46834,66
1,22763,42
1,5002,-82
1,26685,42
1,23864,86
1,33118,120
1,12949,-32
1,14695,98
1,37599,-198
1,44798,2
1,24196,-90
1,48213,142
1,30535,108
1,20550,-58
1,3398,66
1,17225,-178
1,30165,-60
1,19465,-174
1,34382,-72
1,33073,-72
1,37534,94
1,47364,82
1,21597,10
1,40272,-102
1,14096,-52
1,11388,148
1,13789,46
1,956,-20
1,26080,104
1,30060,114
1,22057,-50
1,2210,-74
1,5282,-52
1,5633,-34
1,14423,-190
1,25427,96
1,427,-42
1,40563,58
1,20801,126
1,40193,-104
1,19629,110
1,49046,64
1,12538,-46
1,23388,-154
1,48953,-16
1,26064,130
1,45970,188
1,49722,110
1,49982,-82
1,35948,30
1,24248,-34
1,6053,-54
1,27642,-124
1,43910,176
1,24763,-184
1,19317,-8
1,23936,-170
1,7626,106
1,10255,-172
1,10,-80
1,38665,52
1,18878,-180
1,35040,78
1,5519,166
1,35015,94
1,11866,76
1,39825,48
1,24909,174
1,49673,-142
1,19532,-50
1,3113,184
1,10887,52
1,48697,42
1,1881,108
1,26380,128
1,24835,164
1,46967,32
1,32282,124
1,22993,174
1,17379,-104
1,35813,88
1,21344,-114
1,10114,-10
1,6414,138
1,33787,74
1,12954,186
1,11970,140
1,39986,176
1,7495,152
1,33745,-14
1,10970,162
1,20006,-60
1,34123,108
1,41186,-192
1,25746,-102
1,34639,142
1,25323,52
1,14157,142
1,45352,54
1,9728,36
1,31151,-84
1,33599,-48
1,4428,46
1,49521,-166
1,18083,64
1,8887,-130
1,37812,-170
1,34152,188
1,49275,-130
1,12648,184
1,34355,154
1,36225,194
1,48419,-4
1,30707,-174
1,27959,-128
1,19072,-64
1,39601,-182
1,23164,-178
1,10005,194
1,6267,174
1,13392,194
1,39932,-140
1,49691,-80
1,35987,-120
1,16447,-112
1,38141,-64
1,16625,-144
1,39235,-46
1,34017,-160
1,5103,-168
1,1575,-52
1,10240,14
1,42619,-92
1,15007,156
1,10363,-186
1,48580,-78
1,32290,120
1,28025,94
1,44346,-22
1,11805,52
1,24566,134
1,8326,198
1,34843,-88
1,44673,134
1,9801,-110
1,47103,-74
1,9141,24
1,9516,76
1,39364,-146
1,20474,30
1,12988,-188
1,11234,152
1,46275,2
1,45840,58
1,15773,112
1,35293,142
1,29059,-44
1,46102,164
1,34287,-148
1,4869,124
1,36315,-124
1,39316,142
1,13291,116
1,45399,-50
1,33566,102
1,4292,36
1,34749,-102
1,12413,76
1,3231,138
1,15566,28
1,29063,-4
1,31738,-60
1,35351,106
1,48706,-170
1,22779,-124
1,6640,60
1,22333,2
1,5276,48
1,16511,-170
1,13634,-102
1,19612,4
1,37378,-106
1,9426,186
1,28856,176
1,19701,-2
1,33299,26
1,15454,-166
1,28605,-140
1,7428,-118
1,26808,-112
1,12678,-174
1,23230,-64
1,40909,112
1,34748,-32
1,42093,-12
1,20529,2
1,11818,162
1,20697,126
1,6254,134
1,40176,-34
1,35348,-18
1,42356,34
1,20863,144
1,7762,-22
1,17902,2
1,12817,-58
1,19724,170
1,33340,-174
1,18849,24
1,35108,-86
1,43543,-104
1,5365,-158
1,40515,-14
1,2222,164
1,9811,18
1,34226,-188
1,44416,-50
1,16098,-18
1,22582,-132
1,19159,84
1,44790,-124
1,22293,58
1,27501,-176
1,26344,-150
1,30157,-192
1,43247,-58
1,9914,136
1,17204,168
1,22860,12
1,24438,184
1,38044,126
1,14890,198
1,42030,152
1,27328,-196
1,28252,48
1,28135,-194
1,29441,-26
1,23385,66
1,35837,122
1,2562,60
1,32283,-112
1,42976,-12
1,49653,-144
1,2341,-64
1,16331,58
1,30641,-140
1,3357,-168
1,16589,-106
1,16613,190
1,20833,-68
1,25475,-192
1,7304,82
1,29121,-146
1,47564,38
1,49759,182
1,16210,30
1,6115,32
1,6518,90
1,18047,12
1,233,92
1,37167,-40
1,30022,182
1,7856,48
1,46358,-148
1,31716,-180
1,47038,-116
1,7169,128
1,15312,-174
1,25795,-184
1,15549,-24
1,4480,62
1,25145,56
1,10512,102
1,29074,130
1,36490,84
1,45011,-178
1,9356,112
1,39305,62
1,16877,-78
1,12531,118
1,11504,18
1,49754,-192
1,5550,66
1,12677,190
1,26142,98
1,13068,152
1,41759,-64
1,42828,84
1,23257,128
1,34839,-94
1,37726,144
1,42042,166
1,16552,-66
1,39665,48
1,49664,-168
1,31360,102
1,23694,-30
1,17626,186
1,13685,-194
1,35910,118
1,23135,-18
1,4570,-124
1,21817,-24
1,14213,-116
1,7092,-76
1,15021,188
1,46885,-20
1,37969,116
1,45192,54
1,1254,4
1,26702,-38
1,10605,-142
1,38433,64
1,19824,-66
1,30227,20
1,40067,140
1,49423,-66
1,42203,144
1,26149,8
1,36780,40
1,5864,-144
1,5826,162
1,18940,76
1,33382,118
1,2250,152
1,43038,-54
1,9900,46
1,41598,6
1,41794,-98
1,36668,80
1,9215,174
1,43320,-188
1,29584,108
1,32856,96
1,34692,-76
1,24118,12
1,33009,-12
1,30356,34
1,42599,10
1,30019,-156
1,45120,138
1,41163,64
1,23128,-102
1,27334,8
1,44949,-70
1,21058,-22
1,24898,100
1,47968,-52
1,24820,-80
1,45313,94
1,36419,76
1,19523,-164
1,32782,156
1,49067,-176
1,3019,-128
1,43435,18
1,4521,-34
1,47171,-166
1,49709,112
1,27667,-178
1,30400,106
1,31443,-164
1,31942,-86
1,1251,-104
1,28285,-56
1,6662,152
1,3649,-154
1,6852,92
1,49687,150
1,14404,82
1,38242,14
1,20515,56
1,22794,-168
1,34547,-80
1,36142,180
1,9155,128
1,32746,-108
1,26151,-12
1,16496,10
1,31261,22
1,17782,56
1,40683,-122
1,1225,66
1,30017,-128
1,2705,-72
1,39410,-162
1,43108,44
1,13615,176
1,12577,166
1,10013,48
1,36184,-18
1,21340,-110
1,47002,150
1,34729,-166
1,33305,-198
1,21939,-70
1,40041,-136
1,16460,-192
1,48853,-54
1,37087,30
1,6560,-40
1,42096,152
1,7026,4
1,12124,178
1,6485,128
1,47178,86
1,33217,188
1,33289,4
1,20957,-124
1,16045,-64
1,17874,100
1,2860,-70
1,39984,-96
1,36182,-72
1,44242,-98
1,4617,108
1,40169,122
1,48671,28
1,35191,-196
1,38071,-82
1,49094,-40
1,27834,86
1,3983,-128
1,257,-38
1,25032,184
1,16853,-158
1,15152,162
1,45150,84
1,18738,-94
1,40691,-14
1,31078,-186
1,9915,8
1,34045,14
1,47556,180
1,6469,-70
1,33057,-184
1,5717,-158
1,1269,154
1,43542,70
1,26884,-186
1,37644,-26
1,3716,190
1,14310,182
1,15674,-60
1,11233,-12
1,6505,-164
1,44858,102
1,37106,-44
1,6535,-146
1,27074,20
1,28759,78
1,23799,-138
1,19182,48
1,5693,-122
1,41500,160
1,21581,-56
1,8350,72
1,25613,150
1,24961,-74
1,24113,-70
1,27601,134
1,17575,-174
1,23030,-118
1,29336,-66
1,47555,90
1,18260,66
1,34724,-72
1,47743,-142
1,39612,52
1,45951,-108
1,4649,-144
1,40813,122
1,5976,-28
1,24064,164
1,4252,102
1,26290,-152
1,33433,148
1,43806,-110
1,45244,196
1,5674,-164
1,48740,-162
1,42743,166
1,47198,-84
1,15886,-108
1,28892,32
1,15912,36
1,1460,2
1,13178,-46
1,2813,78
1,4230,124
1,33650,-136
1,1304,-8
1,32528,192
1,7701,110
1,5009,-180
1,14516,84
1,21968,32
1,31777,196
1,4347,54
1,23853,-186
1,38706,194
1,44120,56
1,33535,154
1,5541,-116
1,25713,-52
1,30579,140
1,28808,-182
1,40174,-64
1,2038,-56
1,18360,-80
1,39956,-174
1,36604,-32
1,1900,96
1,46638,50
1,10853,-144
1,48001,94
1,6987,6
1,6631,-52
1,35203,-194
1,27086,46
1,20978,-34
1,39799,46
1,36527,52
1,6256,142
1,44708,-148
1,49873,-180
1,6149,180
1,46330,160
1,44654,128
1,10958,-176
1,5345,22
1,18356,132
1,18616,112
1,6465,-94
1,20308,176
1,15194,18
1,38615,-146
1,22348,152
1,35129,-102
1,26738,166
1,21404,86
1,1044,74
1,2452,76
1,8882,166
1,47246,-156
1,36638,-94
1,18146,70
1,46720,-138
1,15699,4
1,23808,48
1,7364,-146
1,34267,124
1,1591,154
1,6444,-68
1,27300,-120
1,386,166
1,12134,14
1,30208,114
1,24665,-8
1,24964,-22
1,37461,-70
1,37555,-38
1,4721,140
1,44325,188
1,31147,-56
1,41267,-44
1,43521,-152
1,14224,-98
1,40977,18
1,4310,24
1,16077,126
1,4615,76
1,25970,30
1,30709,74
1,22630,54
1,10522,-84
1,30762,-10
1,20789,-2
1,40339,-170
1,23587,108
1,44562,8
1,9693,-14
1,9051,70
1,19637,-72
1,32005,150
1,16568,-60
1,31630,-18
1,9896,-120
1,38349,112
1,44465,-156
1,22984,-196
1,12627,-182
1,42126,-40
1,40241,-136
1,36990,-122
1,29064,-22
1,7337,-26
1,32469,82
1,44035,140
1,43206,54
1,27921,60
1,25692,-164
1,9561,-156
1,32594,98
1,15283,14
1,43230,-174
1,15645,-162
1,18209,-136
1,14491,160
1,26067,-114
1,15782,-166
1,29883,-152
1,48783,-34
1,22645,30
1,5877,126
1,10110,-110
1,23026,62
1,20669,172
1,37171,-58
1,2254,-8
1,6133,-106
1,4241,178
1,11796,78
1,46375,46
1,12445,-180
1,41389,-144
1,24913,70
1,556,162
1,35818,-18
1,15716,-78
1,29471,-164
1,44014,-138
1,27548,104
1,46855,52
1,39126,128
1,16756,190
1,49752,-70
1,12494,74
1,13904,52
1,14506,116
1,1159,-70
1,33023,-74
1,40545,44
1,38196,148
1,34402,-94
1,16351,182
1,14546,176
1,40576,-64
1,30575,22
1,48948,30
1,40726,-64
1,45031,142
1,26189,-178
1,27971,-92
1,31528,82
1,45820,152
1,16698,-2
1,48167,156
1,21925,6
1,48666,-100
1,49064,-40
1,41735,-172
1,47708,-58
1,42923,56
1,20480,-48
1,17521,180
1,17120,-46
1,7639,110
1,39605,12
1,42965,-78
1,25337,-64
1,37181,-166
1,14074,-142
1,25311,-74
1,16289,-152
1,4546,-134
1,1132,146
1,1653,-14
1,45207,-66
1,13494,-18
1,31170,34
1,30803,78
1,32296,-146
1,47299,28
1,3804,30
1,41981,-72
1,28315,-78
1,15772,-26
1,33212,116
1,38533,-2
1,27807,-118
1,42048,174
1,28993,20
1,26367,118
1,38947,128
1,28001,-124
1,15434,-138
1,37605,-94
1,13078,-158
1,12362,92
1,45022,-78
1,1711,-72
1,11935,-188
1,42546,-156
1,6812,-110
1,15443,86
1,36195,-66
1,15217,-78
1,66,-182
1,1898,88
1,31237,198
1,33412,-132
1,24978,64
1,38494,-150
1,39385,-194
1,47117,-134
1,49307,-84
1,1166,40
1,6311,74
1,38235,-16
1,22023,26
1,1593,58
1,6711,102
1,3027,-184
1,20944,-8
1,5237,182
1,42384,64
1,30562,-86
1,35519,-78
1,14432,-112
1,44495,-126
1,33941,178
1,30175,8
1,42407,80
1,48764,-136
1,27607,194
1,44103,136
1,29086,-84
1,29834,58
1,22287,-146
1,42298,192
1,6679,72
1,37666,-158
1,22351,-82
1,9315,116
1,20929,188
1,30586,-154
1,12970,160
1,28735,40
1,34412,10
1,30351,-188
1,49800,150
1,17062,54
1,28504,88
1,21713,-134
1,8382,160
1,49380,-30
1,18059,-174
1,777,82
1,9829,-112
1,15941,-84
1,4277,-116
1,31949,76
1,37700,-22
1,32906,-88
1,16876,88
1,20735,-92
1,3293,178
1,46985,-34
1,39751,62
1,42336,-158
1,5882,176
1,10903,178
1,12761,36
1,23073,-130
1,44004,-28
1,48862,118
1,20426,92
1,183,-156
1,3759,-114
1,31886,60
1,19470,-124
1,46552,94
1,42572,-30
1,20649,-62
1,40602,72
1,29420,178
1,20362,-92
1,6289,20
1,16256,-122
1,18186,10
1,1981,-80
1,11914,56
1,4450,112
1,19905,-170
1,38724,176
1,3101,20
1,1053,-200
1,34809,80
1,35217,-58
1,22676,-180
1,44594,-162
1,15269,-174
1,33117,-174
1,44715,-74
1,43278,-152
1,30510,-30
1,30922,-30
1,41473,-104
1,28667,16
1,15988,162
1,19023,-12
1,39160,-12
1,15173,-10
1,49959,-46
1,30983,64
1,36727,182
1,25559,-62
1,28957,-116
1,22323,174
1,30499,94
1,46433,70
1,43578,-16
1,31940,-6
1,12500,150
1,46973,44
1,46313,-4
1,41425,134
1,25827,-40
1,10166,-188
1,37753,-82
1,39887,144
1,32338,198
1,37190,140
1,43146,182
1,23628,-154
1,10064,180
1,9549,-152
1,47891,168
1,27558,4
1,13781,-176
1,37681,138
1,47100,-156
1,43575,-134
1,29950,92
1,10659,-190
1,16237,56
1,17032,82
1,38549,196
1,6830,180
1,40649,-122
1,7106,-94
1,41963,140
1,19909,170
1,21806,-198
1,41200,92
1,10599,14
1,47643,-144
1,21852,-190
1,26613,138
1,1533,-84
1,43115,-44
1,11263,-50
1,3831,-152
1,6710,36
1,16439,124
1,17339,142
1,17286,-78
1,36256,-58
1,33403,152
1,8572,120
1,7760,100
1,46445,-116
1,36093,162
1,2875,-8
1,12816,-118
1,3236,-198
1,45075,102
1,41767,182
1,9205,-28
1,13589,-104
1,11445,-14
1,2655,-30
1,12407,-172
1,47444,112
1,5525,114
1,3471,194
1,22266,12
1,32119,106
1,23730,-24
1,42415,-40
1,25684,46
1,603,138
1,29390,-188
1,45706,154
1,41930,-190
1,34641,-40
1,34844,10
1,8191,32
1,4504,58
1,46444,-34
1,47368,-88
1,4815,-192
1,17772,138
1,1631,146
1,26383,180
1,40003,-108
1,7172,-36
1,3433,-110
1,21338,94
1,10400,16
1,31680,136
1,48288,104
1,26038,-124
1,24937,18
1,32509,62
1,37169,182
1,43732,178
1,49101,-4
1,32849,-168
1,9464,-40
1,15713,80
1,37320,94
1,18069,-160
1,17462,84
1,13692,26
1,7934,-176
1,19367,-142
1,8755,-164
1,39019,-48
1,19135,-106
1,39377,110
1,3463,40
1,14417,72
1,2216,-94
1,7764,-116
1,35284,84
1,17510,-26
1,38820,-108
1,29538,-4
1,16862,-176
1,28400,24
1,29393,-188
1,23850,30
1,47648,-156
1,26886,188
1,13768,86
1,38817,-48
1,23885,32
1,47781,-98
1,8541,52
1,30618,-18
1,35241,-152
1,41576,194
1,6744,-118
1,12601,158
1,29893,-54
1,25025,88
1,12027,40
1,2447,66
1,18508,54
1,36629,148
1,46048,28
1,42562,186
1,5378,-166
1,40941,182
1,31221,80
1,27315,44
1,33990,100
1,38763,146
1,1855,36
1,21757,-122
1,42145,-170
1,18460,64
1,12345,114
1,12515,150
1,47249,-188
1,49194,50
1,145,30
1,47529,-134
1,21192,140
1,44630,-110
1,3256,150
1,2931,148
1,31642,-54
1,46486,2
1,34222,-42
1,539,22
1,10145,-88
1,31742,-24
1,30873,-180
1,6150,-150
1,45149,52
1,36286,178
1,40050,-16
1,46484,84
1,26013,-120
1,20464,-140
1,21323,88
1,10935,146
1,30595,196
1,24060,64
1,25574,166
1,11800,32
1,30430,42
1,49361,-104
1,41312,78
1,40920,76
1,31229,-178
1,15297,-142
1,7564,-18
1,13048,-64
1,44627,92
1,1381,-70
1,37122,-110
1,13089,-194
1,46346,-110
1,48416,-118
1,27486,-178
1,25469,12
1,44302,122
1,4101,-150
1,48635,-112
1,10072,56
1,12391,-142
1,27077,92
1,28230,2
1,17517,172
1,39039,100
1,35385,-150
1,22726,140
1,34473,96
1,334,-194
1,45140,-118
1,7041,-168
1,49045,186
1,24921,160
1,42043,-126
1,7619,102
1,11242,54
1,40713,-80
1,837,20
1,8601,112
1,42529,-128
1,37125,162
1,30412,164
1,28944,-192
1,12035,174
1,12408,198
1,44563,126
1,3724,160
1,35559,10
1,40023,168
1,13798,32
1,8360,22
1,49571,20
1,45114,150
1,27212,-198
1,32649,-152
1,42773,-8
1,24927,-74
1,12220,134
1,14498,-102
1,44013,-82
1,22425,-4
1,5306,112
1,29578,-14
1,15878,186
1,39730,66
1,40212,-64
1,32686,-198
1,25947,50
1,15260,-100
1,42613,-24
1,44278,132
1,22464,-58
1,19658,-158
1,31570,10
1,34810,184
1,49190,-18
1,7519,50
1,11108,168
1,22076,170
1,44773,-126
1,38169,60
1,2355,94
1,27890,8
1,35261,-170
1,48875,-138
1,25661,-54
1,4375,68
1,28774,190
1,2365,-100
1,35545,26
1,17276,-16
1,48373,-196
1,18658,-10
1,26371,-170
1,48774,114
1,41969,20
1,35459,-98
1,28999,-76
1,633,60
1,26004,16
1,33061,34
1,36756,-184
1,8183,194
1,31442,176
1,27109,80
1,20686,164
1,37649,170
1,46981,-16
1,41445,164
1,29951,-142
1,46940,-24
1,33089,146
1,9158,10
1,13075,102
1,40626,-40
1,10070,160
1,46236,44
1,48979,88
1,9973,22
1,11550,194
1,28836,-36
1,31818,172
1,4733,98
1,361,24
1,10450,50
1,42358,-108
1,49134,48
1,42353,-154
1,28754,-136
1,18523,-72
1,28744,-64
1,6563,192
1,48820,-108
1,40032,30
1,38911,170
1,21373,-66
1,40843,40
1,33520,52
1,9513,74
1,36382,-168
1,22476,-82
1,23279,-18
1,20925,-102
1,15898,2
1,20993,172
1,27147,-148
1,265,-154
1,43631,156
1,12806,168
1,45045,4
1,39238,-78
1,27092,76
1,24439,46
1,34865,88
1,1005,-134
1,7216,-198
1,22957,82
1,31678,150
1,35340,-196
1,34435,130
1,41732,-146
1,21775,180
1,1990,194
1,32989,168
1,29241,-144
1,2601,-178
1,32999,-176
1,45246,-24
1,26127,-182
1,45074,148
1,18198,-16
1,12381,114
1,38470,66
1,10869,20
1,12631,28
1,48128,-124
1,19084,-22
1,27203,-80
1,19160,-134
1,4393,-174
1,1288,100
1,4701,92
1,27080,122
1,19662,142
1,4699,52
1,2835,180
1,16694,-154
1,37197,-90
1,45320,-12
1,17080,-150
1,30148,-116
1,31277,-192
1,38317,-138
1,34723,64
1,10152,-54
1,48011,162
1,39466,-72
1,43363,-166
1,6432,-90
1,29940,26
1,4463,12
1,26912,-82
1,30628,-140
1,28242,-58
1,14583,78
1,23109,144
1,13816,-106
1,31119,72
1,248,136
1,34556,188
1,35982,114
1,24023,114
1,40327,-82
1,5659,62
1,36272,-172
1,18826,-60
1,10881,-190
1,41727,-14
1,29150,-34
1,27123,-48
1,7550,82
1,12971,-182
1,6592,-198
1,38814,58
1,14489,56
1,29844,-92
1,1411,-178
1,33785,56
1,47525,-80
1,45043,122
1,43335,-88
1,31289,104
1,12465,144
1,6476,-130
1,31896,50
1,40852,-190
1,13622,-62
1,45687,74
1,1509,166
1,27749,150
1,33730,-146
1,9081,-160
1,18031,84
1,2982,-148
1,35263,184
1,15518,-80
1,454,150
1,38211,128
1,31477,130
1,40251,30
1,27472,-124
1,22268,170
1,8695,-4
1,49984,-56
1,42417,-12
1,16476,-106
1,1733,128
1,34673,-24
1,7120,-76
1,35190,-80
1,41235,96
1,14935,154
1,49672,124
1,35883,-24
1,1038,198
1,48263,-162
1,21849,92
1,4294,-190
1,9578,-124
1,42699,-134
1,21511,-64
1,37634,124
1,17690,-136
1,43095,-118
1,32729,-48
1,45760,-180
1,22804,-196
1,25696,112
1,25299,126
1,19684,78
1,13653,-8
1,21933,78
1,9591,-108
1,29382,-60
1,31016,46
1,36799,176
1,5990,-42
1,9672,-152
1,38876,-24
1,36487,-90
1,43051,-62
1,27661,-26
1,25851,106
1,6143,138
1,47654,-78
1,10457,-18
1,44430,190
1,2935,-16
1,21794,-148
1,46188,32
1,24224,-110
1,47193,-32
1,19189,-16
1,4861,138
1,4830,2
1,16579,16
1,29432,56
1,48356,-142
1,5795,20
1,20879,126
1,9969,-98
1,34218,182
1,49889,-128
1,10098,-80
1,16148,46
1,2930,86
1,12132,-188
1,43069,-128
1,19564,8
1,3159,-106
1,1280,-144
1,2644,78
1,44894,-100
1,27948,142
1,37099,-76
1,24414,-18
1,16986,182
1,21086,24
1,18594,14
1,27950,-82
1,3603,140
1,12318,110
1,40200,-138
1,2014,-148
1,46354,184
1,9175,198
1,28760,-42
1,4908,152
1,2568,-34
1,42147,-170
1,37860,-118
1,6961,-36
1,13660,-60
1,38230,50
1,23751,-22
1,12854,-150
1,17404,-122
1,22487,-46
1,43736,-124
1,11290,-26
1,8813,26
1,33644,-50
1,2654,-148
1,14805,110
1,34440,100
1,11325,-14
1,30466,124
1,35630,-106
1,19261,-122
1,5510,-82
1,49565,-84
1,2111,-196
1,44138,-186
1,26954,-174
1,16664,70
1,15282,148
1,48716,-146
1,15281,-132
1,34474,166
1,25347,-162
1,21208,28
1,20861,-150
1,40464,-6
1,774,148
1,14452,-70
1,25451,-156
1,24756,-178
1,11465,-94
1,18517,98
1,16532,-58
1,48313,-74
1,46295,2
1,45707,32
1,27622,-170
1,10487,28
1,9743,124
1,37763,-6
1,11225,52
1,32907,-68
1,47636,-92
1,47728,110
1,30231,126
1,41886,138
1,37827,-152
1,2073,104
1,8848,-56
1,5737,76
1,48914,176
1,13654,-62
1,14651,-152
1,43449,-128
1,25619,112
1,1782,-112
1,1949,144
1,29627,-26
1,16317,40
1,6880,4
1,42911,102
1,38143,-186
1,5837,-94
1,22942,98
1,4995,138
1,6838,168
1,47085,-186
1,36725,-160
1,45912,-102
1,45615,184
1,17452,-182
1,2814,-52
1,40129,-192
1,13525,-112
1,33039,-84
1,47122,184
1,18251,-162
1,30205,118
1,29667,-166
1,42474,96
1,11131,-96
1,35210,-44
1,17153,66
1,4705,28
1,43539,-32
1,29507,-124
1,28967,54
1,33385,-148
1,26315,66
1,49914,-186
1,36239,-128
1,16118,136
1,19774,-168
1,48540,-150
1,15057,196
1,46875,-100
1,13857,132
1,14493,30
1,186,6
1,31736,-180
1,27491,-140
1,21087,-64
1,40146,158
1,20716,-150
1,23424,-54
1,4432,122
1,5535,76
1,243,100
1,7906,-40
1,24108,112
1,46493,-48
1,27614,-74
1,4982,-120
1,25339,-84
1,16975,-96
1,42822,-50
1,24851,-150
1,27061,-40
1,46819,146
1,34553,-134
1,14021,-6
1,35271,-20
1,40412,144
1,2473,-108
1,37608,168
1,47415,118
1,42197,-98
1,25033,178
1,35620,148
1,41357,-54
1,7777,164
1,38402,-118
1,8975,62
1,31574,-160
1,21071,108
1,49412,-64
1,13200,46
1,14971,172
1,33760,70
1,12129,-138
1,16194,184
1,28374,-144
1,31426,98
1,8,96
1,14636,-178
1,17342,-54
1,18303,-108
1,35138,52
1,48251,10
1,31358,-46
1,17426,178
1,39494,40
1,4130,-148
1,9228,-120
1,16661,-82
1,38972,156
1,48394,-72
1,22223,198
1,48874,78
1,18837,-110
1,30394,-196
1,22539,-40
1,26389,-146
1,15737,74
1,28833,-36
1,29282,16
1,7284,50
1,14436,-38
1,43987,62
1,28984,-26
1,44163,-160
1,12535,-138
1,22751,116
1,29664,172
1,33744,8
1,39425,130
1,7400,-144
1,41780,-172
1,28313,-64
1,35916,-42
1,18087,-144
1,36402,-104
1,16425,156
1,4301,174
1,9629,-62
1,36693,-122
1,12974,-172
1,49182,-86
1,48916,-140
1,31306,-38
1,39975,192
1,2794,-148
1,2543,-90
1,21065,-92
1,24125,-122
1,5676,-4
1,35743,-50
1,31160,-94
1,23812,-170
1,13251,16
1,10225,184
1,2726,-62
1,26213,-162
1,22716,20
1,133,32
1,4045,-22
1,2422,158
1,13750,-36
1,46164,76
1,33866,-34
1,42266,-188
1,41932,70
1,20533,-162
1,36312,132
1,35829,-166
1,25307,76
1,26087,134
1,49837,164
1,32154,114
1,49761,10
1,31520,-130
1,11754,-84
1,44441,-50
1,12916,154
1,16367,38
1,35933,90
1,22727,184
1,5213,144
1,33634,16
1,17186,-186
1,32567,-58
1,13037,152
1,43003,-68
1,38686,-122
1,19808,8
1,13112,54
1,34813,-142
1,6033,136
1,4275,38
1,46780,110
1,3672,16
1,45717,-92
1,33601,-184
1,46960,112
1,35685,-182
1,43805,30
1,24939,-108
1,39655,-162
1,25204,94
1,12684,144
1,14318,-198
1,4149,-16
1,37702,-116
1,35209,-122
1,8471,-2
1,28194,192
1,34083,-24
1,12753,-80
1,19989,76
1,28227,-188
1,16371,196
1,46350,82
1,47142,56
1,42506,-164
1,6052,-184
1,32313,116
1,26219,-108
1,9509,56
1,21778,-12
1,43940,4
1,24583,-102
1,9892,154
1,40263,-112
1,46976,-80
1,10066,-152
1,16293,-58
1,25814,-44
1,43949,-172
1,16025,-186
1,31224,-162
1,5200,10
1,35591,190
1,12504,-178
1,33178,64
1,46582,124
1,38118,84
1,10340,162
1,8169,120
1,48694,178
1,36558,-150
1,29917,126
1,28591,-178
1,48319,20
1,5872,144
1,30887,-184
1,19699,140
1,20310,128
1,33818,132
1,41476,-156
1,23221,-154
1,28317,-136
1,39008,46
1,29405,-152
1,24757,188
1,21445,74
1,13334,-130
1,21969,122
1,35462,114
1,40189,-178
1,19556,8
1,24879,14
1,27981,-54
1,18930,138
1,42214,-70
1,20844,36
1,43286,-166
1,36164,-152
1,2799,-68
1,9603,86
1,16073,-114
1,31072,156
1,10994,-28
1,43725,140
1,349,48
1,717,132
1,46002,-26
1,25129,-24
1,12843,-196
1,49026,-184
1,1392,152
1,47518,-162
1,2732,-112
1,49010,152
1,23065,82
1,19271,-180
1,22322,-50
1,4473,-104
1,33316,-94
1,18022,56
1,4174,76
1,24091,-124
1,49636,66
1,16311,48
1,33836,-146
1,44162,138
1,26447,-106
1,14146,114
1,4825,4
1,24157,146
1,33157,76
1,24033,164
1,3079,-136
1,33623,102
1,31110,-114
1,9151,134
1,46226,188
1,19118,116
1,32301,-110
1,22001,176
1,18048,-126
1,40990,126
1,37077,198
1,22858,-4
1,35597,88
1,25576,-178
1,44028,194
1,21636,-82
1,14060,190
1,38937,180
1,14525,-180
1,453,84
1,3119,-42
1,27185,-114
1,7000,122
1,13726,36
1,44831,50
1,26379,-46
1,47859,-10
1,6237,-96
1,22367,128
1,8763,-18
1,2839,12
1,2133,-66
1,7021,50
1,25013,-40
1,196,76
1,44548,52
1,26539,-184
1,11259,40
1,20602,-18
1,14094,-56
1,14580,-78
1,39558,26
1,49811,176
1,245,62
1,26818,192
1,38030,78
1,12077,144
1,1192,108
1,23118,70
1,13718,44
1,31879,188
1,29268,-150
1,9414,-168
1,20341,196
1,621,112
1,33086,182
1,10073,118
1,33386,-188
1,30367,68
1,4684,-156
1,33303,74
1,21738,-196
1,42513,28
1,17584,-108
1,40625,-176
1,33446,6
1,30620,-24
1,21023,122
1,11968,198
1,48111,2
1,32556,124
1,31189,70
1,44760,152
1,14132,100
1,39153,-96
1,45166,-184
1,13517,-114
1,34727,120
1,32596,144
1,33429,-180
1,28686,-82
1,27991,-40
1,2848,104
1,3995,158
1,4734,-22
1,45809,40
1,4604,122
1,40834,154
1,49159,-170
1,29966,58
1,27777,-180
1,23496,-68
1,38907,166
1,17269,-50
1,20915,94
1,26921,108
1,35611,92
1,42179,-162
1,14476,-32
1,7697,-114
1,49787,138
1,47762,174
1,17851,18
1,42769,-198
1,30870,110
1,48490,-156
1,9480,-164
1,3462,-24
1,46473,-124
1,8746,166
1,12354,-74
1,33856,162
1,15755,2
1,24933,138
1,42052,-144
1,49980,98
1,18845,-90
1,28407,-180
1,15875,-34
1,13801,-108
1,36956,-150
1,35834,-128
1,12575,-60
1,36873,-18
1,34960,134
1,37782,80
1,49902,-132
1,9908,140
1,48827,46
1,6285,20
1,43740,46
1,30631,-114
1,37799,16
1,49443,10
1,13643,78
1,2914,-76
1,38707,-18
1,40988,150
1,18328,138
1,3682,174
1,2325,-148
1,23539,30
1,22009,-14
1,10825,-132
1,16528,-90
1,36878,-24
1,9174,78
1,1834,98
1,7087,128
1,6865,148
1,37581,110
1,22968,-184
1,22585,154
1,5018,-168
1,36013,10
1,12424,-166
1,16786,-52
1,28168,-142
1,22128,190
1,24178,-76
1,39211,-174
1,3211,18
1,9836,-34
1,33862,104
1,26839,-118
1,32973,32
1,22883,-74
1,24837,146
1,15669,-194
1,45259,10
1,28183,-184
1,8173,-84
1,17767,10
1,18004,-184
1,13722,-170
1,25325,148
1,27648,-96
1,31808,190
1,40441,188
1,30931,54
1,7669,-122
1,23664,118
1,29394,-66
1,8954,-150
1,18136,156
1,25935,40
1,15079,2
1,30568,56
1,507,-86
1,26144,-52
1,18992,172
1,2663,134
1,27629,138
1,1362,-130
1,19114,64
1,29312,58
1,431,112
1,44287,-174
1,49257,-84
1,30431,-84
1,43282,-34
1,14025,-108
1,11755,72
1,39498,22
1,23425,142
1,29624,-114
1,47259,94
1,32249,20
1,25172,-180
1,34245,188
1,3193,46
1,38895,158
1,38236,172
1,49228,-134
1,38598,144
1,218,114
1,42449,42
1,18314,-26
1,29786,196
1,49488,-150
1,8416,-18
1,48848,162
1,10521,76
1,29377,-136
1,21980,196
1,13975,-120
1,26511,-86
1,43564,-100
1,15466,88
1,26822,-198
1,45046,-104
1,43284,-34
1,12756,-64
1,40922,-192
1,42459,-14
1,2508,92
1,8750,140
1,3368,18
1,4817,-140
1,24541,-92
1,43744,-198
1,34367,-90
1,10649,52
1,46019,-140
1,32297,94
1,43494,-100
1,27139,162
1,22158,-124
1,36807,50
1,13450,70
1,44906,74
1,33549,184
1,7965,-110
1,35112,-2
1,33625,10
1,5965,-8
1,5657,68
1,6556,122
1,44979,-190
1,18575,44
1,6972,-68
1,17986,-190
1,33062,-144
1,611,84
1,8622,-118
1,45740,-52
1,33708,-54
1,45688,-84
1,40692,-188
1,43213,-74
1,35063,104
1,33794,-4
1,22104,112
1,20882,-98
1,18696,118
1,23428,12
1,42066,176
1,13759,-24
1,32532,170
1,8145,-18
1,46117,-134
1,11628,82
1,276,-64
1,2747,-118
1,269,-144
1,33685,-6
1,16366,146
1,20323,-168
1,12876,-22
1,11378,50
1,18227,190
1,26970,58
1,25253,-182
1,22270,-120
1,2868,-30
1,14517,56
1,32014,-134
1,35488,6
1,12337,12
1,28336,188
1,19599,-150
1,38249,-166
1,13701,-42
1,12781,-164
1,36028,-158
1,35903,194
1,22176,18
1,13583,186
1,16506,-140
1,19316,-194
1,46378,6
1,7654,-146
1,11422,-88
1,21389,154
1,14027,158
1,23802,44
1,42922,36
1,5327,82
1,7847,40
1,44373,-84
1,12005,50
1,9899,-184
1,16832,-156
1,19590,140
1,42761,152
1,41472,-44
1,47390,-46
1,37628,-144
1,11474,56
1,21380,116
1,11491,48
1,34881,-192
1,28298,118
1,4862,150
1,7023,-20
1,22639,42
1,24024,-42
1,827,152
1,29956,-108
1,30277,120
1,28532,10
1,3552,76
1,17553,-116
1,1400,138
1,18079,-150
1,6364,22
1,21469,124
1,15446,70
1,14563,-162
1,40556,-120
1,19990,-160
1,19378,170
1,24355,-80
1,38226,-82
1,2117,-88
1,11787,-4
1,46886,124
1,19899,34
1,7980,-50
1,23056,146
1,19068,-42
1,19619,-24
1,15096,4
1,45572,186
1,46418,-146
1,16053,-78
1,20219,-146
1,23349,138
1,39511,-102
1,44290,-14
1,28579,-126
1,26579,-120
1,16223,138
1,8933,136
1,38884,196
1,9557,-70
1,34511,146
1,7053,-82
1,17364,162
1,21011,70
1,38885,-14
1,759,-102
1,24619,-140
1,41730,166
1,13274,64
1,36111,180
1,41003,-48
1,24432,88
1,4032,-16
1,49689,-130
1,31772,164
1,29200,-150
1,35605,136
1,22267,-172
1,39801,-58
1,6063,192
1,41697,-194
1,3286,116
1,20950,164
1,8542,42
1,17341,148
1,36214,-92
1,3577,-90
1,31150,70
1,42580,-92
1,17672,16
1,7638,148
1,4635,-156
1,35503,130
1,6424,152
1,14660,34
1,24328,34
1,23548,-90
1,45185,148
1,2298,130
1,38939,96
1,13738,182
1,6381,192
1,15563,120
1,41349,148
1,6992,176
1,17160,-168
1,21503,-118
1,35392,24
1,36041,-12
1,27696,130
1,36409,146
1,44164,-196
1,46335,-72
1,6235,18
1,25488,196
1,13082,-136
1,15873,-6
1,16662,-102
1,43620,78
1,7661,130
1,31861,-154
1,7536,-80
1,33239,-26
1,2602,-146
1,640,132
1,37057,72
1,20267,176
1,20613,-200
1,41700,148
1,48943,36
1,4136,52
1,11794,-4
1,17018,-64
1,45131,154
1,46809,-106
1,48883,38
1,43460,192
1,18898,2
1,11428,44
1,9625,-192
1,45481,30
1,13570,-70
1,5630,-86
1,18009,-190
1,26351,-162
1,7323,50
1,42039,36
1,43043,108
1,43788,-192
1,17096,-50
1,29587,174
1,4003,-74
1,44846,84
1,10665,-30
1,44399,134
1,857,166
1,87,-20
1,35802,166
1,35668,58
1,12114,36
1,27623,182
1,38280,-30
1,39361,72
1,6204,-22
1,48647,-164
1,36484,96
1,24732,144
1,44678,-178
1,16250,-38
1,33306,132
1,46053,72
1,605,142
1,401,78
1,23017,184
1,7835,-40
1,25612,96
1,38714,-70
1,4993,-52
1,10458,80
1,40058,-134
1,10788,160
1,7673,120
1,49235,-22
1,39684,-110
1,21072,-38
1,24036,182
1,8359,42
1,46915,4
1,2158,98
1,36825,26
1,3425,-38
1,21214,-162
1,17074,-180
1,29456,48
1,17829,-118
1,22931,-192
1,1796,112
1,21960,-194
1,42807,144
1,45831,62
1,6347,94
1,25895,-48
1,8827,-88
1,42985,-22
1,16017,28
1,19329,-130
1,40979,-188
1,47138,60
1,20189,-120
1,48842,-66
1,35140,102
1,3297,-10
1,9398,30
1,32404,50
1,24029,182
1,36294,24
1,9486,52
1,41599,114
1,31910,148
1,40762,122
1,3036,172
1,12006,-164
1,43769,130
1,18248,-96
1,42119,-34
1,19081,-132
1,18064,-30
1,22659,176
1,2150,-6
1,34102,-112
1,38170,-46
1,33826,-94
1,14140,-132
1,649,56
1,1785,80
1,23306,174
1,38459,-38
1,30693,14
1,22721,-134
1,19089,-88
1,43473,-76
1,11408,66
1,2631,-4
1,15338,-50
1,47535,-120
1,32791,112
1,32134,132
1,21227,156
1,37398,84
1,3557,26
1,13926,90
1,23917,-84
1,32039,152
1,16054,194
1,32622,-36
1,31819,-68
1,28630,140
1,39699,30
1,31375,42
1,39173,194
1,11757,-30
1,2059,-122
1,25695,-4
1,8086,-74
1,11872,-136
1,17319,-12
1,21037,-138
1,44919,-4
1,12003,-126
1,12050,62
1,48743,144
1,47513,-98
1,25135,178
1,40733,-20
1,34901,-42
1,44777,-186
1,45353,22
1,33098,-122
1,25771,70
1,23018,-150
1,15276,162
1,390,-8
1,47771,128
1,30934,-88
1,32377,8
1,8019,50
1,342,120
1,26775,-84
1,3276,-168
1,28155,-168
1,27350,-132
1,25437,-86
1,30909,24
1,43430,-104
1,49795,78
1,8348,94
1,47542,-166
1,37826,186
1,26961,-90
1,29346,-32
1,33413,26
1,40075,-44
1,27879,-186
1,9975,58
1,10243,-192
1,32971,-190
1,9879,-166
1,39297,86
1,27314,-180
1,40180,110
1,32098,-200
1,15725,34
1,22399,-108
1,28047,-30
1,37998,-116
1,43972,-4
1,26667,-160
1,28246,-182
1,8852,-36
1,39638,124
1,9996,-94
1,17635,118
1,44244,-66
1,5065,-166
1,6420,26
1,35642,-196
1,1871,-110
1,40160,-124
1,35398,170
1,29601,-16
1,48057,-72
1,48195,-48
1,21349,114
1,36535,64
1,14468,-96
1,20916,-68
1,19691,-122
1,12894,26
1,48169,-64
1,23762,-164
1,22417,-124
1,11909,-114
1,6141,-50
1,46161,-80
1,30759,4
1,33755,72
1,17496,114
1,41265,-164
1,24209,-2
1,2324,114
1,33226,-90
1,28576,-172
1,15605,112
1,27899,-24
1,17726,-38
1,39324,184
1,38988,-196
1,28325,-40
1,40164,30
1,47994,-106
1,17639,-150
1,16220,128
1,336,-162
1,6582,126
1,28668,-200
1,3139,30
1,28623,158
1,10436,-162
1,13524,-138
1,49294,-182
1,4632,-14
1,10635,146
1,46782,-164
1,5536,-8
1,14795,196
1,7809,-184
1,48485,-8
1,4323,32
1,36387,-196
1,22646,-100
1,34782,74
1,36726,126
1,7162,190
1,39331,-38
1,41339,-72
1,34607,116
1,33301,-64
1,19055,-162
1,35425,-64
1,12321,-108
1,39717,-182
1,24758,192
1,37155,102
1,13090,-176
1,45199,128
1,18801,14
1,46542,-92
1,48851,96
1,35832,-2
1,34020,172
1,27335,2
1,36626,140
1,5681,-126
1,29711,-118
1,2735,-50
1,8826,196
1,4564,22
1,47434,198
1,15447,46
1,20307,-98
1,2465,146
1,15952,80
1,49304,122
1,27624,-148
1,33137,-142
1,13315,-42
1,5891,196
1,39052,36
1,17574,34
1,2338,50
1,48773,176
1,8649,-172
1,37232,-76
1,48298,-188
1,38857,-200
1,44318,-162
1,23540,124
1,28358,-140
1,10830,68
1,155,-168
1,8966,102
1,37037,-24
1,15800,-130
1,36264,186
1,4099,174
1,2591,188
1,26476,72
1,48073,42
1,25936,-194
1,10090,-26
1,20161,170
1,6019,-96
1,48556,-64
1,48838,78
1,16554,8
1,31181,38
1,11112,-132
1,25453,112
1,20208,-134
1,26586,-66
1,21570,-176
1,3497,124
1,49467,-78
1,6371,-78
1,45804,-114
1,20128,92
1,12911,100
1,40324,-54
1,40277,-156
1,22217,60
1,43916,-116
1,33893,8
1,39125,38
1,16639,-70
1,35341,-72
1,14004,80
1,8138,-138
1,36331,76
1,8417,26
1,39393,80
1,19669,-122
1,23131,86
1,43350,-168
1,21507,-50
1,32050,174
1,28501,-128
1,47192,116
1,10175,110
1,37128,-4
1,13706,-172
1,9123,86
1,461,-198
1,42948,-80
1,5758,-148
1,13632,-8
1,44208,-118
1,12667,30
1,46846,-50
1,1652,150
1,31049,52
1,47972,62
1,69,146
1,9204,194
1,45644,54
1,468,-122
1,9259,-142
1,47658,162
1,22761,-56
1,13724,-68
1,40896,8
1,32369,152
1,45749,-16
1,26554,120
1,44812,140
1,337,176
1,44395,146
1,33804,180
1,46693,-124
1,3980,-164
1,25401,-158
1,4052,92
1,37049,-98
1,35687,50
1,3484,-140
1,8204,130
1,43712,182
1,28608,-190
1,6503,-40
1,42959,-14
1,14039,30
1,28971,-72
1,27819,124
1,16232,-24
1,35137,-138
1,18206,180
1,43356,80
1,4644,72
1,7090,-126
1,26558,150
1,47731,-8
1,4821,-198
1,36877,-172
1,3311,-198
1,3607,26
1,39457,-104
1,33365,-130
1,40260,-90
1,42045,-154
1,18915,-80
1,7988,58
1,28332,176
1,8233,-194
1,35893,-60
1,16269,-46
1,5668,-68
1,5610,-96
1,18295,158
1,4663,-194
1,44057,174
1,48159,-150
1,39317,-146
1,14942,-200
1,5,-124
1,8592,116
1,2700,-130
1,27563,2
1,16797,48
1,20016,-144
1,3397,-92
1,14456,70
1,19445,150
1,23623,-102
1,11743,-78
1,20174,-4
1,24986,118
1,46391,92
1,35017,134
1,39416,88
1,17240,8
1,46860,-20
1,20588,-64
1,13329,-6
1,41993,4
1,39568,52
1,5315,-168
1,11205,-170
1,18149,164
1,6008,-14
1,41741,-200
1,5677,140
1,14448,24
1,13437,52
1,8023,92
1,2690,172
1,14440,-66
1,46836,50
1,6639,-170
1,20183,-50
1,46160,-108
1,12066,96
1,16919,-74
1,38916,168
1,46774,-90
1,20036,-142
1,39733,-50
1,398,98
1,27759,52
1,45434,-116
1,7150,-106
1,13507,-94
1,25783,170
1,40821,92
1,24348,126
1,38400,58
1,15502,-128
1,40819,66
1,157,108
1,39874,16
1,49627,-158
1,36314,160
1,7909,-120
1,44261,-36
1,13902,-118
1,25493,176
1,564,-82
1,11302,-70
1,20039,-164
1,35183,-62
1,26186,-134
1,3378,50
1,8488,-28
1,39882,-160
1,20520,34
1,37466,134
1,15380,28
1,46082,-102
1,44910,164
1,39895,30
1,21911,-84
1,32953,-98
1,29338,-132
1,32584,96
1,37447,-76
1,18490,38
1,16306,-26
1,46925,-104
1,5751,122
1,41258,154
1,33704,-116
1,20034,130
1,27179,-20
1,8143,30
1,2088,-162
1,4988,-122
1,16892,-114
1,15812,-86
1,28202,50
1,18653,104
1,39514,-178
1,49597,-100
1,17124,-116
1,49695,-140
1,28401,-42
1,16586,-58
1,26056,-120
1,11940,156
1,45062,-94
1,42519,178
1,21591,92
1,17700,18
1,47470,-62
1,18775,192
1,841,-42
1,29926,130
1,37285,-60
1,33957,-8
1,14141,-66
1,17488,82
1,24650,62
1,15603,-20
1,38253,38
1,21607,-56
1,37720,-96
1,48449,-60
1,11917,-122
1,19359,-84
1,26959,-150
1,37374,196
1,11220,-170
1,39796,198
1,29023,6
1,10385,-14
1,8708,-92
1,12252,-70
1,4765,38
1,47036,-184
1,31323,10
1,11015,28
1,22822,86
1,28212,-50
1,47561,-176
1,29455,174
1,11390,-112
1,7292,-36
1,28835,-42
1,40971,32
1,19861,118
1,6113,-2
1,3966,-178
1,28554,-46
1,37560,-178
1,47048,-38
1,21210,158
1,21549,-94
1,15163,78
1,2755,118
1,10140,-38
1,27473,-142
1,32170,4
1,40077,-194
1,37693,112
1,12026,-30
1,9903,-116
1,41369,86
1,17976,-76
1,28201,24
1,11937,-66
1,28140,40
1,9034,8
1,46303,-10
1,27658,-90
1,14496,124
1,9627,-180
1,26574,-190
1,14473,148
1,27195,52
1,28755,-64
1,49967,-78
1,21644,-74
1,11902,198
1,2846,120
1,30385,152
1,20407,-94
1,16906,-196
1,38784,-104
1,20770,-36
1,41028,-24
1,5988,34
1,39216,-168
1,20773,72
1,31327,156
1,20708,-54
1,5556,-2
1,5922,-124
1,19721,180
1,46593,54
1,43649,-26
1,25190,104
1,41851,-42
1,22874,90
1,6333,62
1,24608,-72
1,34056,96
1,47829,-134
1,326,-166
1,22185,102
1,17741,-120
1,25641,166
1,10654,-30
1,46136,-130
1,19923,-168
1,12366,-10
1,30321,140
1,9500,60
1,3591,-192
1,7148,162
1,32603,-176
1,47166,60
1,34846,-56
1,39634,-4
1,7928,-192
1,10161,38
1,37170,-168
1,11310,2
1,46950,166
1,46376,30
1,13548,-88
1,4382,74
1,19601,128
1,22602,-116
1,47278,-110
1,16718,106
1,22376,152
1,40312,-182
1,15437,-64
1,23297,-96
1,12324,-160
1,29107,52
1,29385,64
1,44583,84
1,20935,-64
1,37138,48
1,32484,-48
1,14612,72
1,47065,-44
1,24629,138
1,23416,-130
1,27541,122
1,36603,76
1,9419,-122
1,197,-168
1,22328,10
1,3606,-48
1,15707,-8
1,7262,176
1,21839,-22
1,9515,-192
1,13367,42
1,33995,52
1,22498,62
1,15016,-80
1,48352,-150
1,34185,-76
1,3195,-128
1,31487,-112
1,38005,-146
1,48549,-88
1,44536,-66
1,16999,-152
1,46586,-124
1,9932,-154
1,31974,168
1,13858,122
1,47866,8
1,35627,-196
1,27843,6
1,20603,-18
1,23985,-196
1,12962,-126
1,4811,162
1,12106,-8
1,650,-142
1,47998,108
1,21637,-126
1,33840,198
1,20217,-182
1,46901,-30
1,39650,80
1,36508,136
1,32706,-86
1,45299,-108
1,30711,-150
1,24389,-74
1,27657,86
1,32804,-102
1,7667,-42
1,81,156
1,48724,6
1,7692,48
1,3986,50
1,27871,92
1,44133,-168
1,45947,-44
1,40237,-144
1,10407,80
1,17627,-118
1,19869,-100
1,39292,-48
1,28801,-18
1,25228,28
1,35399,-192
1,46120,2
1,16793,-60
1,17169,62
1,12053,-6
1,22502,170
1,4485,-162
1,18841,-4
1,37692,-158
1,3115,-192
1,49797,-166
1,25434,76
1,36543,86
1,15715,160
1,44771,20
1,31617,174
1,4941,40
1,44596,-164
1,49801,-66
1,40693,34
1,432,120
1,25428,100
1,14732,-68
1,16339,-182
1,41643,-22
1,10451,96
1,24123,128
1,35937,-30
1,42177,-38
1,38002,22
1,1532,186
1,193,-98
1,12177,-72
1,29826,180
1,23171,-178
1,3650,-120
1,43856,-72
1,7489,120
1,32376,136
1,799,116
1,22140,-130
1,22240,150
1,11643,-34
1,34990,-150
1,14872,-142
1,10826,102
1,6574,-70
1,41475,126
1,34425,44
1,11583,-36
1,49997,-88
1,16310,-78
1,18501,-2
1,34220,-30
1,26861,-168
1,13156,-4
1,3000,182
1,9786,50
1,19542,-172
1,12703,190
1,23149,112
1,11470,144
1,24247,170
1,30358,-76
1,19674,-36
1,21302,-38
1,35616,-18
1,7714,174
1,38634,192
1,4494,42
1,28899,90
1,31481,-78
1,27925,-22
1,21337,174
1,3116,60
1,42553,52
1,46639,-30
1,34015,184
1,28131,94
1,49601,-88
1,11433,164
1,47170,86
1,10641,-176
1,14778,184
1,42624,62
1,13454,-112
1,35361,-92
1,23429,72
1,45496,106
1,44581,102
1,20297,12
1,41921,-118
1,23855,-94
1,32102,162
1,2230,162
1,14129,54
1,16415,-80
1,23979,158
1,20490,-86
1,42801,-192
1,7853,-84
1,8780,-8
1,4763,-160
1,34411,-34
1,13285,-82
1,10900,-26
1,49249,172
1,17360,168
1,35521,-136
1,49005,124
1,10713,170
1,40756,-112
1,37345,-82
1,28516,-44
1,23228,138
1,37126,-196
1,25467,38
1,27935,198
1,2943,-44
1,22980,170
1,43161,-14
1,44263,-54
1,38653,124
1,42113,-78
1,45216,-120
1,19440,-104
1,48432,50
1,37582,116
1,37187,136
1,24565,118
1,17529,18
1,3794,-76
1,47044,-138
1,13298,-62
1,27955,-146
1,41729,136
1,29954,36
1,29285,-140
1,38239,178
1,22172,-158
1,33095,-100
1,43824,-162
1,40646,38
1,16673,112
1,25192,188
1,6782,84
1,31164,128
1,2178,-120
1,9070,146
1,15324,136
1,18244,22
1,12255,16
1,45897,30
1,25410,-52
1,45577,-40
1,23445,-124
1,28841,-96
1,43758,-18
1,35331,-110
1,43544,66
1,9527,192
1,49225,56
1,22875,178
1,37619,118
1,27837,-96
1,38287,-22
1,12802,-20
1,35389,-142
1,9913,176
1,8794,130
1,19638,-10
1,20981,-152
1,34482,186
1,46316,68
1,22493,168
1,8716,194
1,15843,-88
1,49747,-72
1,17966,198
1,13970,116
1,33201,-12
1,17751,-180
1,21605,8
1,31991,68
1,16462,122
1,14909,-132
1,28107,-144
1,39341,184
1,20348,186
1,30158,-164
1,17349,-28
1,19537,-46
1,24882,86
1,41383,24
1,8657,-124
1,3126,-142
1,2050,-64
1,6320,154
1,38209,-76
1,12023,-60
1,12621,-196
1,1862,104
1,39845,186
1,6496,-40
1,344,-46
1,3344,192
1,10488,66
1,1064,30
1,2287,54
1,4957,120
1,5666,150
1,2686,16
1,20138,4
1,14661,178
1,12775,-192
1,33809,-148
1,25175,46
1,11554,42
1,30177,48
1,17040,-188
1,46980,148
1,13408,-178
1,48226,34
1,16243,96
1,17391,154
1,25320,180
1,40451,-66
1,45610,-108
1,10183,94
1,13544,48
1,48997,26
1,28189,140
1,4459,112
1,9431,-174
1,35807,-192
1,28380,138
1,9597,-20
1,43531,172
1,47067,14
1,12520,-146
1,24618,158
1,38904,168
1,43102,146
1,35573,32
1,2427,-106
1,30219,110
1,35097,-66
1,713,-74
1,26506,64
1,19415,48
1,43654,-56
1,10048,196
1,39790,-10
1,46711,-158
1,28378,4
1,32215,42
1,24573,-20
1,42161,22
1,10616,-32
1,4063,40
1,7583,-122
1,22382,-198
1,15047,-110
1,29766,-54
1,33923,98
1,20041,100
1,4805,-166
1,45508,84
1,2195,60
1,32662,-44
1,1173,-154
1,8994,132
1,464,148
1,45162,-122
1,30154,100
1,18862,-30
1,7351,-182
1,11403,104
1,23638,-76
1,12980,-68
1,44713,-88
1,3194,-166
1,22848,122
1,3287,-162
1,4531,130
1,22527,54
1,25197,46
1,3421,48
1,49985,56
1,20229,182
1,30927,-132
1,34822,-158
1,49063,-198
1,29899,118
1,1625,-146
1,29910,154
1,43817,134
1,16710,196
1,14983,150
1,48155,118
1,10167,162
1,40753,16
1,24875,-166
1,20277,-74
1,31345,-126
1,42219,84
1,590,178
1,19173,-68
1,16790,-82
1,45861,112
1,49897,56
1,37113,32
1,19939,58
1,10464,-12
1,8836,-188
1,26095,-128
1,40388,174
1,22497,-164
1,47673,-112
1,24154,-186
1,32355,-44
1,13275,-108
1,35244,-68
1,27745,166
1,20881,58
1,25889,130
1,28992,-90
1,33657,-56
1,17086,-38
1,38037,182
1,6416,-166
1,7494,-32
1,21985,-90
1,43837,30
1,3988,-56
1,41069,74
1,2504,-4
1,42283,10
1,7052,48
1,32350,-14
1,37587,-162
1,42262,28
1,17758,-56
1,18665,54
1,45683,-34
1,5446,86
1,33740,-140
1,5896,-124
1,10172,34
1,27454,-102
1,17195,-12
1,4028,120
1,13747,190
1,28480,136
1,2886,92
1,26928,-22
1,5140,-34
1,23436,-72
1,26608,40
1,18721,-188
1,38316,-184
1,25169,-144
1,49293,-176
1,14058,-48
1,10417,-196
1,41204,68
1,7031,24
1,19158,180
1,18393,112
1,4115,-100
1,29271,-114
1,20824,-192
1,48678,-40
1,2738,162
1,24258,34
1,20874,106
1,12188,-98
1,40830,-126
1,39693,-164
1,37928,-32
1,36233,58
1,10372,6
1,16304,144
1,3834,-140
1,4565,178
1,12743,-98
1,15976,-172
1,37729,-90
1,25229,-12
1,42718,-122
1,23300,152
1,45828,-6
1,12857,162
1,19021,-44
1,27544,56
1,16080,-180
1,39451,-148
1,20949,-84
1,10913,-182
1,27726,94
1,7929,90
1,33766,192
1,17209,-34
1,47750,-52
1,27206,166
1,33124,92
1,30311,-166
1,9138,-24
1,46243,-116
1,45817,68
1,44417,-200
1,37174,70
1,44885,90
1,40317,136
1,49663,-92
1,27205,180
1,8900,88
1,40520,-90
1,39355,-28
1,32334,-94
1,36798,-136
1,11013,-142
1,24418,-8
1,9007,98
1,37365,110
1,43726,160
1,41131,-10
1,8940,-20
1,5000,-84
1,18766,-198
1,27247,4
1,4483,92
1,28958,-98
1,7985,-118
1,46143,-132
1,24469,-136
1,44205,8
1,17973,-150
1,14169,-46
1,21822,198
1,31671,6
1,14933,-130
1,39333,20
1,33102,-86
1,38541,104
1,23139,-120
1,49427,-172
1,21610,16
1,28429,72
1,31638,116
1,11025,76
1,48872,-196
1,31870,-154
1,47115,-188
1,16421,8
1,10216,-136
1,16580,-6
1,39802,64
1,17702,176
1,8637,-124
1,1373,-18
1,48707,166
1,27325,-140
1,12560,6
1,44184,146
1,49120,-154
1,31970,192
1,8533,-66
1,25715,-96
1,8454,116
1,21206,20
1,32601,98
1,26713,-14
1,44076,-106
1,18925,-102
1,6164,-88
1,1687,-198
1,6499,-180
1,14988,-150
1,32421,-76
1,39356,68
1,16117,196
1,13847,10
1,28416,30
1,46589,-116
1,22654,-144
1,42791,-22
1,22868,-8
1,10753,-174
1,45314,-32
1,41457,-164
1,359,76
1,31976,-112
1,609,-16
1,20011,156
1,8741,-106
1,41941,24
1,11379,-134
1,29918,-144
1,18610,176
1,40411,-186
1,39075,-18
1,34681,-12
1,47528,-186
1,35057,-26
1,26500,198
1,2103,156
1,42049,-126
1,16956,-90
1,45414,176
1,28195,142
1,18400,82
1,11981,-70
1,31449,76
1,10108,98
1,29028,118
1,7419,192
1,8972,-50
1,17314,-180
1,638,-100
1,35413,166
1,36572,-72
1,25194,-188
1,14639,-146
1,30522,140
1,43662,146
1,13105,184
1,8489,18
1,43148,-44
1,33450,-134
1,35484,-98
1,7594,186
1,33658,34
1,13884,-134
1,23406,124
1,13518,166
1,11524,-132
1,8060,-70
1,43701,-144
1,22711,-30
1,7188,166
1,15236,144
1,30592,-128
1,38252,-98
1,35343,-148
1,33439,-178
1,13757,-80
1,41999,-52
1,48013,92
1,42164,-102
1,36792,176
1,6999,-50
1,20419,132
1,4199,-116
1,31869,-48
1,14860,148
1,12589,120
1,22387,192
1,27033,34
1,26716,74
1,39249,152
1,43604,16
1,46492,92
1,29137,108
1,10906,-60
1,30954,-116
1,9207,-84
1,25188,-56
1,41976,-30
1,24970,-90
1,19679,-42
1,46365,-186
1,19859,18
1,45160,-98
1,40329,146
1,49968,52
1,38561,166
1,14634,-132
1,6308,126
1,31310,-146
1,1108,-134
1,38478,120
1,27632,52
1,13434,-78
1,25236,-74
1,1246,-64
1,23712,-188
1,47317,-178
1,35633,146
1,11712,-44
1,9555,108
1,16320,190
1,27184,-64
1,43138,-36
1,17362,-172
1,38971,-128
1,26564,-148
1,2606,-184
1,41399,120
1,7105,-56
1,1363,130
1,40373,42
1,6318,-156
1,27345,-24
1,16984,-112
1,39233,-94
1,9455,100
1,17234,-108
1,14174,130
1,11659,-174
1,42341,190
1,31778,80
1,35522,158
1,13988,100
1,38408,10
1,30543,-168
1,48257,-16
1,45535,162
1,3009,174
1,43652,130
1,48650,128
1,11079,-102
1,15985,-12
1,22419,126
1,1437,72
1,25679,84
1,14190,10
1,670,-54
1,17489,198
1,8049,174
1,24453,160
1,46713,142
1,4173,38
1,24135,-76
1,46785,120
1,41815,84
1,27490,-24
1,45527,184
1,13030,88
1,11349,-134
1,7923,-72
1,16285,32
1,13039,-146
1,5932,-108
1,16265,-22
1,34847,-6
1,42990,-4
1,36326,148
1,3661,-122
1,19500,142
1,18451,-30
1,24796,22
1,33065,-120
1,23032,-178
1,22698,152
1,16081,-170
1,32701,158
1,3860,-198
1,28956,-42
1,26105,-100
1,21951,190
1,14230,-68
1,14111,-174
1,25946,84
1,20617,-4
1,47288,50
1,39127,174
1,34080,-86
1,22112,64
1,28290,-152
1,10718,38
1,19668,8
1,22225,76
1,29224,70
1,31803,116
1,40732,164
1,48517,14
1,31190,46
1,35968,44
1,7721,130
1,41249,-94
1,17112,-108
1,20435,-62
1,26695,128
1,34521,62
1,14958,-8
1,33215,24
1,38945,168
1,12558,-160
1,34740,-46
1,14481,-62
1,40686,28
1,19903,-188
1,31848,-166
1,10712,-144
1,2829,-168
1,16616,-56
1,37545,110
1,8188,-150
1,13597,-182
1,33628,-4
1,32854,-90
1,31900,96
1,30831,-176
1,13481,184
1,13460,-54
1,34731,42
1,42024,98
1,3352,152
1,27664,170
1,43169,158
1,33495,64
1,15352,144
1,15685,-142
1,28128,38
1,39081,-188
1,2253,-62
1,21859,-94
1,14301,-86
1,30339,-102
1,5582,-82
1,38221,90
1,6540,-150
1,49848,58
1,8289,148
1,21899,44
1,28818,186
1,14899,132
1,43880,-74
1,16887,78
1,20584,-26
1,9310,178
1,15842,-86
1,30194,46
1,12307,162
1,18807,178
1,15894,-150
1,29696,-32
1,32815,-50
1,10096,12
1,624,172
1,17926,94
1,30660,34
1,30744,-42
1,22507,162
1,23700,-196
1,37838,16
1,39478,186
1,42231,-124
1,38445,158
1,21945,-120
1,30916,184
1,1184,164
1,18791,152
1,28397,172
1,38663,6
1,14454,26
1,18865,-136
1,24370,26
1,1969,-60
1,47846,6
1,25416,72
1,24515,176
1,30378,-170
1,36220,-128
1,27376,182
1,21463,-124
1,45624,136
1,22999,-122
1,21571,-10
1,22364,-160
1,19979,44
1,9453,-72
1,14116,-80
1,642,-182
1,39069,112
1,15575,-134
1,28800,140
1,23858,78
1,17732,-136
1,14078,-42
1,24191,104
1,44338,72
1,33851,-102
1,43241,-90
1,36688,56
1,40155,100
1,11252,32
1,31681,194
1,749,-172
1,5415,-76
1,4533,-132
1,44185,-36
1,32825,90
1,5939,114
1,48657,88
1,41722,78
1,12463,-136
1,11683,-84
1,31312,170
1,13466,72
1,42321,50
1,2345,196
1,31070,-38
1,22669,-198
1,13197,-18
1,22560,76
1,25655,-180
1,42896,34
1,29963,130
1,22385,84
1,35737,-88
1,33006,98
1,9901,138
1,4809,164
1,38398,82
1,266,68
1,18856,106
1,15123,-180
1,28349,140
1,48365,130
1,480,30
1,5931,80
1,18541,-170
1,14158,-18
1,19406,94
1,15535,126
1,9330,198
1,19963,-84
1,15337,-86
1,28932,172
1,43170,-190
1,24791,8
1,42961,132
1,42196,-42
1,45660,174
1,22262,50
1,2569,30
1,47091,-176
1,3618,-8
1,9512,-102
1,1182,110
1,10533,10
1,22577,-164
1,28898,158
1,16800,18
1,188,18
1,6920,86
1,10329,92
1,4140,90
1,27519,18
1,10105,-168
1,31811,-176
1,46663,52
1,32585,146
1,10930,-178
1,15655,38
1,45790,170
1,25969,-80
1,31153,20
1,48209,18
1,5894,-2
1,49299,116
1,2462,62
1,35390,118
1,11742,-172
1,16576,170
1,43943,46
1,5358,96
1,25163,-132
1,35463,-60
1,662,-70
1,6158,4
1,31669,-146
1,32496,-150
1,32371,-146
1,20891,94
1,12236,144
1,27641,-168
1,42401,-94
1,42441,-146
1,1810,170
1,46216,170
1,28765,-156
1,13684,-70
1,42414,56
1,4751,68
1,4404,62
1,12162,194
1,24967,-126
1,34707,-28
1,38734,82
1,24778,-114
1,42229,168
1,49944,-18
1,26994,64
1,12877,-90
1,4119,38
1,32694,128
1,12466,66
1,29362,10
1,31945,24
1,27900,70
1,43425,-154
1,49527,-50
1,20134,-134
1,29034,28
1,48477,52
1,3864,-102
1,8349,-38
1,47493,-132
1,17793,90
1,29412,118
1,25764,-196
1,47669,60
1,23675,-174
1,39057,-82
1,10432,-96
1,15824,64
1,22847,-24
1,37420,120
1,22424,-24
1,26205,-42
1,2431,122
1,20494,-142
1,1235,-32
1,40259,154
1,38192,114
1,9246,64
1,18278,190
1,406,72
1,9585,-88
1,28641,118
1,25366,156
1,40104,-158
1,45286,70
1,4185,-46
1,45916,110
1,33224,-20
1,14164,-192
1,24984,4
1,23480,186
1,34929,130
1,14664,88
1,3740,-104
1,25838,82
1,47600,-16
1,14713,-84
1,2212,66
1,29227,-130
1,35892,-170
1,29274,162
1,26029,86
1,23431,-140
1,27753,110
1,13482,-142
1,48606,-104
1,18239,26
1,23595,50
1,41068,32
1,47659,36
1,1032,-6
1,47793,78
1,14166,42
1,17102,-52
1,11543,198
1,45618,78
1,179,-26
1,25267,-106
1,4191,-54
1,23249,-12
1,33845,142
1,43716,-52
1,40816,150
1,46618,164
1,32189,46
1,47369,12
1,39756,168
1,34327,-132
1,16497,-110
1,13514,140
1,13161,158
1,12462,186
1,6519,144
1,47548,164
1,29391,-72
1,19457,-42
1,27691,174
1,41762,-184
1,44625,66
1,40621,26
1,1209,190
1,25806,22
1,23260,-160
1,10613,120
1,36204,-114
1,12945,4
1,83,164
1,21827,-62
1,32950,-122
1,3155,-158
1,35976,-156
1,33083,22
1,18414,-4
1,18895,-120
1,24083,-154
1,17144,14
1,21880,178
1,10231,-178
1,34086,170
1,49302,84
1,19341,116
1,42778,62
1,19050,154
1,20001,-34
1,45810,62
1,32379,-70
1,25377,-128
1,21609,28
1,11495,150
1,14277,-74
1,30947,106
1,41094,-98
1,25436,76
1,21477,-144
1,34518,-120
1,25699,38
1,1206,98
1,19864,-120
1,1876,22
1,47090,-12
1,4738,-2
1,22124,-112
1,883,182
1,44758,-58
1,32164,184
1,12895,-14
1,11292,84
1,19383,-138
1,11961,162
1,41715,34
1,43104,-136
1,25878,-72
1,47653,-28
1,15921,-68
1,25483,-104
1,17938,-26
1,9445,38
1,44514,-70
1,228,142
1,2271,94
1,24574,-138
1,34525,44
1,48122,-144
1,43595,-8
1,695,64
1,49933,-36
1,23444,-194
1,2904,170
1,8938,108
1,43504,-46
1,1594,172
1,8860,194
1,18560,74
1,38654,94
1,934,-124
1,44269,148
1,44091,94
1,25058,-124
1,34862,118
1,17129,-72
1,49492,198
1,9943,122
1,35833,-104
1,34197,86
1,30502,-82
1,31249,-54
1,33426,182
1,23383,132
1,6439,184
1,7461,162
1,11103,-80
1,13664,-194
1,48410,58
1,36821,-18
1,18767,158
1,32317,198
1,24801,-86
1,42426,-68
1,15387,-120
1,9200,-48
1,7865,-98
1,14596,-6
1,34386,-52
1,8621,152
1,1199,120
1,38780,178
1,10018,132
1,11393,74
1,42578,184
1,25294,40
1,34008,160
1,5211,86
1,1301,114
1,46646,-100
1,6389,-168
1,48529,-82
1,33940,34
1,39435,-162
1,30004,116
1,5753,40
1,11405,56
1,1312,-22
1,3640,-56
1,34095,-178
1,2160,-62
1,41046,114
1,42635,42
1,42899,140
1,9137,-178
1,11679,198
1,31423,176
1,5521,58
1,36568,88
1,27218,-182
1,16916,-190
1,24640,-198
1,32066,-4
1,17154,-80
1,15739,150
1,43339,94
1,6015,166
1,12995,158
1,4591,-108
1,19992,66
1,30289,160
1,9936,36
1,31963,-50
1,9558,-158
1,19205,44
1,11802,52
1,28644,-150
1,13473,76
1,19968,-182
1,10835,-54
1,14944,-182
1,4143,-40
1,14974,-72
1,28656,-168
1,22442,-4
1,10513,62
1,45010,174
1,34289,-178
1,17447,-178
1,17731,68
1,2501,-190
1,45285,198
1,6627,-104
1,1592,-188
1,4664,-112
1,27888,110
1,13621,62
1,11089,-2
1,34418,-166
1,28921,132
1,44384,-148
1,19047,-164
1,42945,-138
1,36148,-82
1,38066,-128
1,42905,-20
1,42473,198
1,26273,160
1,10917,-160
1,32222,-172
1,37750,-132
1,30335,192
1,37393,-148
1,11693,46
1,5133,38
1,5157,-178
1,29254,-166
1,5696,168
1,16667,-144
1,23222,-96
1,10695,106
1,47885,144
1,36879,4
1,22051,162
1,36759,-166
1,27348,-146
1,28834,100
1,41912,-196
1,12635,-198
1,19073,126
1,33361,-188
1,43166,-154
1,21508,198
1,31694,-36
1,10431,190
1,38385,-82
1,5082,10
1,3589,192
1,29442,16
1,37650,186
1,21467,-128
1,16677,158
1,40011,10
1,34696,-154
1,9247,-108
1,23251,110
1,991,-10
1,7446,110
1,24743,-142
1,24037,-10
1,47066,104
1,17113,-58
1,29580,4
1,34704,90
1,2972,196
1,8658,170
1,48994,128
1,25533,-138
1,3943,166
1,38760,16
1,19796,-160
1,18338,-164
1,7248,-94
1,44303,-162
1,41997,-150
1,22205,176
1,40633,-174
1,12347,150
1,37475,-28
1,17443,-88
1,43493,158
1,29529,-126
1,36445,-56
1,37625,102
1,23594,-80
1,42557,-12
1,47229,-106
1,31653,140
1,27415,-66
1,47766,20
1,41522,-16
1,7355,-76
1,10502,-130
1,42972,-4
1,10795,-16
1,1220,-164
1,35148,-168
1,18917,-168
1,24949,124
1,37010,88
1,37602,-198
1,38774,-90
1,7964,176
1,36673,108
1,19090,-154
1,23564,-136
1,17867,20
1,5351,50
1,40144,76
1,32138,-156
1,6543,-102
1,12179,166
1,18123,48
1,35308,-178
1,33476,98
1,18423,96
1,21750,196
1,18169,92
1,479,64
1,8656,-46
1,18583,34
1,29418,80
1,28996,126
1,975,-58
1,47150,-94
1,33358,-118
1,10868,-166
1,2259,-166
1,21222,176
1,27257,-46
1,25965,92
1,28430,-58
1,22864,84
1,37441,190
1,7622,-180
1,19837,94
1,49989,36
1,48830,-52
1,43034,92
1,5801,182
1,6900,82
1,33899,108
1,20427,48
1,43648,-132
1,14807,-20
1,22427,-36
1,48397,-122
1,40549,148
1,18997,118
1,31212,136
1,25128,-60
1,2349,114
1,19581,-154
1,6210,36
1,7997,154
1,36966,-52
1,27928,-36
1,28483,138
1,9930,22
1,16692,126
1,45118,146
1,23296,-32
1,19355,52
1,29204,30
1,40432,-108
1,29691,78
1,46207,104
1,22534,38
1,31305,44
1,6078,-98
1,43291,-90
1,29321,-90
1,16036,148
1,37601,-104
1,20146,-6
1,8047,-56
1,7657,-130
1,12910,140
1,4884,156
1,17090,188
1,7014,-132
1,32748,-92
1,8042,190
1,2827,-14
1,9230,58
1,22248,-14
1,12591,-28
1,29003,-108
1,762,192
1,29781,182
1,20166,-64
1,44541,98
1,44876,36
1,46183,10
1,48859,-86
1,45699,24
1,47167,-76
1,14497,130
1,32089,172
1,17996,62
1,40254,-14
1,4881,-168
1,41750,40
1,27366,92
1,12334,158
1,32966,-56
1,5530,184
1,20710,-124
1,35912,70
1,17116,176
1,34296,-54
1,49459,182
1,29043,-158
1,29534,-48
1,28789,-22
1,48924,-32
1,43927,-142
1,37111,92
1,37294,68
1,23697,52
1,44725,40
1,49972,182
1,4906,-184
1,8216,-126
1,49542,38
1,736,-24
1,31911,98
1,17815,10
1,3509,130
1,16401,198
1,36679,-188
1,18286,164
1,296,-172
1,11601,8
1,36618,148
1,29906,-6
1,9610,-116
1,4907,70
1,8912,-196
1,39928,86
1,2098,128
1,37980,72
1,36681,-182
1,37040,-116
1,38550,-4
1,37092,68
1,21448,-186
1,26546,34
1,39217,90
1,25784,-182
1,30056,-114
1,7726,-96
1,34413,-158
1,22802,22
1,44703,-158
1,46228,-114
1,35266,88
1,13633,-164
1,4948,-138
1,36401,-192
1,10153,86
1,41147,104
1,19143,116
1,43050,36
1,14844,128
1,9518,144
1,6768,-108
1,19868,130
1,23041,18
1,40736,-120
1,47819,176
1,42684,184
1,12779,12
1,10313,94
1,39952,100
1,2418,-146
1,49912,4
1,12512,194
1,35926,180
1,44012,16
1,29957,198
1,12136,-82
1,20911,78
1,7378,-158
1,37697,140
1,46791,78
1,35604,-144
1,7932,-20
1,7819,104
1,44191,-54
1,17162,-96
1,15986,-156
1,4389,-74
1,39389,40
1,11267,-38
1,4183,14
1,33668,-26
1,10926,-128
1,39071,-134
1,42050,90
1,4457,-50
1,30736,104
1,48087,94
1,7050,172
1,24744,122
1,8071,108
1,42448,-114
1,22034,-104
1,29489,-8
1,39372,-148
1,5144,-124
1,31643,-30
1,39015,78
1,40074,20
1,23250,-198
1,32229,-36
1,42872,-68
1,37452,-98
1,2165,32
1,27939,-22
1,11075,144
1,9362,-80
1,7484,-54
1,16427,168
1,32909,84
1,15379,-166
1,49419,-88
1,24976,-120
1,23761,-172
1,18067,-182
1,3392,54
1,5031,-2
1,18346,2
1,2616,-74
1,8398,-54
1,48898,-52
1,39581,-140
1,41548,142
1,47056,114
1,26784,48
1,17785,-10
1,24614,-58
1,42267,170
1,47768,74
1,25179,42
1,11253,128
1,24404,52
1,22219,134
1,40153,-106
1,3148,-108
1,2641,-184
1,37318,8
1,13895,-188
1,31210,-164
1,39864,184
1,7071,-108
1,11534,-2
1,3807,-142
1,43205,118
1,26623,-94
1,42253,-106
1,43052,-74
1,12299,60
1,39291,-106
1,47047,-168
1,31000,10
1,3739,164
1,16091,-6
1,33227,-162
1,27679,-64
1,39470,-200
1,8196,66
1,25922,-80
1,31317,120
1,10420,188
1,37934,-78
1,8251,-182
1,36671,-150
1,24826,184
1,31679,62
1,14787,20
1,40661,-174
1,32503,32
1,25711,94
1,20168,100
1,11231,-170
1,32890,-50
1,27039,-100
1,42979,118
1,9645,-132
1,44517,-58
1,13074,-72
1,25629,98
1,32837,-152
1,37224,-110
1,8896,-6
1,46150,-148
1,41529,142
1,45581,-116
1,25227,30
1,48931,-114
1,19643,86
1,43270,86
1,46635,-154
1,44898,78
1,42612,-124
1,25281,-10
1,2778,-132
1,49911,122
1,34971,142
1,22294,44
1,23379,-58
1,44429,-122
1,7922,4
1,32609,28
1,2524,-52
1,14106,-98
1,20402,-86
1,13689,32
1,18709,-12
1,45467,-74
1,5420,142
1,2266,-198
1,17877,-2
1,12007,160
1,40085,176
1,28418,62
1,25239,54
1,46454,-164
1,29842,100
1,39597,-78
1,34669,144
1,30423,80
1,32432,86
1,31412,4
1,40043,60
1,35058,52
1,48747,132
1,23231,-184
1,13328,42
1,20667,-158
1,36207,-180
1,17931,196
1,5508,-110
1,4930,-144
1,43739,2
1,20987,-64
1,32431,-106
1,40996,-28
1,30968,40
1,31169,164
1,22084,-144
1,37870,-100
1,12796,-16
1,8620,114
1,19816,-6
1,5117,198
1,39591,68
1,24829,-176
1,47853,18
1,1896,-32
1,19482,14
1,19285,132
1,31370,-148
1,25562,-156
1,5460,152
1,1816,-92
1,31714,88
1,33507,110
1,24808,-136
1,14955,-94
1,49472,-172
1,22098,150
1,9339,122
1,42890,168
1,47149,-76
1,20840,12
1,19835,-152
1,29351,-18
1,41546,58
1,29983,44
1,39570,-12
1,23024,-64
1,18304,194
1,4918,-64
1,8980,78
1,17194,30
1,28028,-172
1,11536,-18
1,29757,174
1,49340,-82
1,49281,84
1,41305,-18
1,22752,150
1,3466,-142
1,47733,-54
1,48769,-44
1,25213,168
1,35617,178
1,7806,160
1,42891,-110
1,33460,160
1,11920,26
1,16637,22
1,12769,-32
1,10157,-16
1,49207,-36
1,42372,-132
1,24560,-172
1,5899,-8
1,2650,152
1,48750,96
1,9569,8
1,46370,100
1,30233,108
1,44054,-92
1,40951,-148
1,12679,-84
1,44313,24
1,9021,-72
1,46726,34
1,489,178
1,25584,-146
1,30723,56
1,13843,-40
1,26786,132
1,32067,190
1,45649,-156
1,44264,-122
1,1911,2
1,16183,-92
1,22652,-92
1,43963,92
1,20129,-42
1,23090,142
1,40262,-110
1,26627,-124
1,498,-38
1,11811,-144
1,7104,22
1,23144,-140
1,6441,-104
1,28805,-100
1,23567,6
1,24208,36
1,38913,34
1,17866,30
1,32423,-198
1,26787,32
1,30881,-40
1,31029,-110
1,704,-136
1,45513,98
1,27931,-2
1,8808,100
1,49070,136
1,16159,122
1,43405,172
1,3868,112
1,14109,126
1,1952,-178
1,11011,-180
1,3015,112
1,24284,116
1,23022,188
1,33490,-46
1,1503,196
1,42510,-108
1,27638,196
1,47533,-102
1,18906,36
1,1177,-84
1,10882,-72
1,46038,178
1,7979,-74
1,443,130
1,25528,24
1,41222,-104
1,47215,122
1,17762,-104
1,17011,108
1,3249,-188
1,1447,94
1,10135,-56
1,14271,130
1,26877,66
1,44947,-56
1,27087,-86
1,34976,-166
1,21308,60
1,42374,-14
1,2293,-22
1,46351,-68
1,12732,-70
1,14511,64
1,14307,90
1,48917,46
1,12025,-100
1,46146,-114
1,49255,128
1,29878,56
1,2112,82
1,41160,70
1,48823,-116
1,29776,-126
1,25441,-86
1,39600,180
1,27760,186
1,31830,-64
1,9894,-88
1,42121,-104
1,4105,164
1,35650,-28
1,709,100
1,31518,-190
1,41316,20
1,17675,164
1,36898,-100
1,45744,168
1,4358,194
1,39961,-108
1,22772,-152
1,31888,-134
1,49714,-158
1,15340,-16
1,7613,-98
1,33443,102
1,36742,-190
1,4413,4
1,24246,-60
1,48054,-166
1,39706,148
1,49391,-66
1,11462,14
1,48882,-40
1,40330,-180
1,21310,102
1,15149,-118
1,15540,-46
1,37456,132
1,25497,-36
1,1961,-28
1,23012,-172
1,25747,154
1,15538,-8
1,19883,40
1,35607,-74
1,23807,110
1,20947,12
1,17132,186
1,23544,-168
1,33173,74
1,5465,14
1,43587,-32
1,26705,-162
1,20475,-154
1,49701,-152
1,5576,-114
1,28160,-100
1,3288,-48
1,38979,150
1,36179,-176
1,47400,-138
1,2020,-120
1,19459,34
1,41100,24
1,31887,-200
1,30817,-178
1,28654,166
1,8436,-100
1,13316,188
1,5749,164
1,39290,-12
1,1350,-62
1,33221,-162
1,10895,174
1,29372,-190
1,15350,-148
1,49408,122
1,19009,-34
1,27446,-58
1,31001,-102
1,44681,-68
1,15845,-90
1,25933,142
1,38886,-32
1,31043,24
1,29971,124
1,28979,-32
1,43297,-30
1,38369,4
1,11285,-70
1,23520,-96
1,36058,-78
1,14767,-152
1,8242,-142
1,47744,60
1,20113,-156
1,44257,138
1,37871,-34
1,5232,-134
1,46938,82
1,73,110
1,15964,134
1,48560,-60
1,43477,86
1,26736,-168
1,13566,-92
1,33421,112
1,20289,-44
1,18907,12
1,6799,148
1,20522,-92
1,27998,88
1,2636,-154
1,42914,170
1,39847,-90
1,18793,-96
1,7203,186
1,14742,-18
1,27089,106
1,45798,-184
1,12087,22
1,21174,-158
1,545,-70
1,48551,66
1,17387,160
1,49264,-96
1,22681,-44
1,26938,-152
1,2478,44
1,23586,164
1,32048,-36
1,742,16
1,7227,184
1,39673,16
1,46857,-124
1,5069,54
1,42472,52
1,25479,62
1,30283,186
1,10551,98
1,42523,68
1,47657,-142
1,1614,152
1,35722,-132
1,18291,86
1,39631,-2
1,39716,-136
1,6337,108
1,29270,68
1,44958,-148
1,30700,180
1,47791,-32
1,23256,-90
1,41924,120
1,48219,190
1,10700,28
1,32190,-40
1,40716,-40
1,22755,-78
1,44469,50
1,23316,124
1,881,-54
1,15931,136
1,7815,50
1,28464,100
1,24602,196
1,7607,-82
1,19510,-184
1,6022,-58
1,12569,96
1,8946,28
1,29459,2
1,41428,54
1,39728,72
1,22837,-36
1,20313,60
1,40309,98
1,46246,-16
1,10985,64
1,23975,-62
1,45885,-106
1,42964,60
1,35618,138
1,23976,94
1,36926,-66
1,35954,-178
1,32631,-142
1,1136,-184
1,29320,168
1,21766,-42
1,9352,-78
1,35127,174
1,35704,-120
1,32918,58
1,1434,172
1,46144,-62
1,31542,-108
1,13011,-58
1,26436,-14
1,8610,178
1,14172,-34
1,28035,-136
1,10361,-126
1,13783,158
1,5114,-140
1,37515,120
1,19128,-200
1,6903,-22
1,38826,34
1,20240,148
1,14705,108
1,38648,40
1,28077,-40
1,26755,138
1,19575,-154
1,19142,152
1,20397,-100
1,19241,-186
1,26630,14
1,33641,112
1,26758,176
1,17612,-158
1,17619,6
1,2809,84
1,18690,114
1,30903,102
1,48017,-158
1,13923,114
1,36855,-166
1,27659,-148
1,9335,-58
1,17464,-2
1,15936,-148
1,2213,-40
1,44358,-36
1,21101,170
1,46357,-188
1,9628,160
1,47025,-64
1,20643,-158
1,18228,-40
1,32508,-110
1,4516,-54
1,46613,126
1,32709,92
1,36059,-92
1,42561,-166
1,35270,10
1,6232,-112
1,36945,190
1,12229,74
1,32763,190
1,11081,-162
1,10045,100
1,34489,-84
1,17838,78
1,20118,-90
1,3444,78
1,10295,-32
1,45350,82
1,22107,-90
1,10378,-154
1,15583,-184
1,22888,-32
1,1724,-36
1,5330,-74
1,12867,42
1,2316,148
1,35211,40
1,38831,194
1,21073,164
1,28865,132
1,17182,-198
1,15098,152
1,11810,-10
1,29365,-34
1,20369,-48
1,2262,110
1,25022,-198
1,14892,156
1,16617,122
1,17256,-76
1,38506,-94
1,43428,132
1,29991,-190
1,19603,196
1,28632,46
1,9573,-196
1,29857,-164
1,34491,24
1,26400,40
1,48202,154
1,12091,30
1,47033,12
1,29674,154
1,31223,16
1,23315,168
1,32047,-104
1,12453,-80
1,17001,112
1,25486,64
1,48779,-102
1,21711,76
1,24166,152
1,22591,-70
1,30137,4
1,49844,-162
1,8706,-60
1,37689,122
1,16374,196
1,19187,-154
1,25020,4
1,38167,130
1,35748,-108
1,1193,-136
1,4287,176
1,38011,134
1,47895,142
1,35237,196
1,23775,136
1,35831,-126
1,29439,-52
1,47953,86
1,1841,-54
1,43588,-188
1,25633,64
1,35335,-130
1,18859,-66
1,31037,128
1,44250,98
1,15451,92
1,4493,134
1,906,74
1,7548,-96
1,22319,-144
1,4209,-90
1,39824,-138
1,32530,106
1,9103,192
1,18397,144
1,45021,-18
1,11450,64
1,12742,186
1,46887,120
1,46112,-128
1,23351,56
1,42370,-174
1,10630,24
1,11738,-94
1,25435,-162
1,15648,184
1,1811,74
1,24790,16
1,4747,64
1,26960,-164
1,41583,10
1,4742,-72
1,10601,-174
1,38973,-6
1,27075,-26
1,11027,122
1,15573,-154
1,37407,-28
1,24452,198
1,109,-48
1,3898,-70
1,14962,-80
1,48273,-198
1,44917,38
1,24499,80
1,45323,146
1,19259,-78
1,31622,-44
1,38790,142
1,28169,-14
1,17800,-58
1,29457,42
1,13124,-110
1,22472,-138
1,5975,-180
1,37495,116
1,2426,70
1,22923,40
1,14644,-36
1,7218,-116
1,37303,-40
1,46645,-46
1,17769,70
1,14772,-90
1,31338,-78
1,41451,166
1,46119,-74
1,42620,64
1,49822,-136
1,17150,122
1,28127,46
1,7716,100
1,23150,-192
1,11622,18
1,45886,-180
1,36570,-96
1,34342,-72
1,42142,-56
1,27088,48
1,32442,110
1,3370,134
1,47954,10
1,20356,-196
1,35985,-110
1,6717,-182
1,29201,178
1,7376,-142
1,16178,-22
1,31770,-176
1,30188,4
1,36458,162
1,40685,134
1,21358,198
1,42962,156
1,35406,-48
1,15196,22
1,3671,-10
1,14771,152
1,34897,48
1,45287,-154
1,35235,42
1,31339,-18
1,42585,80
1,40213,-34
1,16376,-40
1,25315,-158
1,12258,-28
1,41434,-192
1,41054,68
1,9844,-72
1,8506,-142
1,25631,26
1,28896,12
1,39168,76
1,6251,-58
1,45465,72
1,17870,192
1,19477,-22
1,18285,116
1,22762,-136
1,31148,178
1,39545,140
1,36440,-166
1,33700,136
1,18608,84
1,3568,186
1,4268,-60
1,46416,8
1,49133,-116
1,17065,120
1,30119,-36
1,28467,76
1,37324,2
1,44107,-38
1,10567,-148
1,31691,94
1,27349,-88
1,48475,22
1,8996,-62
1,4240,16
1,33012,-132
1,6392,24
1,42906,-6
1,23117,156
1,27957,28
1,8881,78
1,40825,80
1,35246,160
1,34848,188
1,42527,-4
1,16515,94
1,38446,82
1,47322,-158
1,24684,146
1,27094,142
1,19585,60
1,14969,188
1,2187,44
1,44148,-80
1,43851,-10
1,33331,162
1,24811,180
1,29645,140
1,25994,198
1,37953,192
1,35363,-160
1,46775,-192
1,36676,188
1,1285,100
1,39440,46
1,21332,152
1,37926,20
1,6181,-86
1,44722,-80
1,10171,-162
1,32611,-4
1,46811,-114
1,19310,114
1,726,-158
1,32997,76
1,26372,-92
1,16326,68
1,27999,-190
1,45806,128
1,26204,12
1,40274,-140
1,43198,-2
1,25815,-124
1,7475,56
1,9058,-76
1,26670,136
1,41782,48
1,36056,-170
1,42248,-152
1,42326,146
1,38414,160
1,40597,-164
1,38055,46
1,46518,110
1,25589,60
1,9911,-10
1,7930,-176
1,1751,154
1,6388,112
1,26360,12
1,33662,70
1,2201,32
1,43423,-32
1,48471,138
1,30988,-140
1,18870,40
1,43924,134
1,23565,-2
1,23978,190
1,29751,60
1,47007,-198
1,41784,-22
1,47098,44
1,22119,-176
1,24042,144
1,15760,102
1,1002,-160
1,27794,-134
1,3735,72
1,39963,66
1,920,-136
1,43007,162
1,21624,162
1,42479,190
1,2374,154
1,36888,150
1,16753,-108
1,1529,-132
1,4732,118
1,45302,166
1,44566,-166
1,18267,90
1,15205,-198
1,42393,-12
1,47620,-116
1,48268,-42
1,46964,40
1,38182,-200
1,17725,-134
1,46740,22
1,14806,-132
1,32902,46
1,11357,-180
1,45785,-104
1,48121,74
1,26710,46
1,47534,158
1,48970,192
1,26824,86
1,34438,-184
1,15944,-148
1,10838,-142
1,44362,24
1,27236,114
1,21205,72
1,2574,-84
1,35729,94
1,23372,16
1,12869,-150
1,2989,32
1,22053,-52
1,3924,-168
1,21520,84
1,19538,-182
1,36035,-110
1,21485,-134
1,4923,182
1,8575,-50
1,42818,-12
1,36847,162
1,16985,-108
1,15900,-198
1,46868,48
1,17058,168
1,25378,-54
1,32957,28
1,35760,-96
1,13755,44
1,39204,-88
1,6335,80
1,25657,-46
1,7966,-40
1,19338,150
1,8208,-196
1,44582,110
1,11035,100
1,31858,54
1,9057,24
1,1560,98
1,21175,158
1,25624,194
1,13166,166
1,17003,126
1,34501,124
1,10629,-148
1,44859,186
1,8425,134
1,45379,-62
1,41508,126
1,9620,-52
1,44974,86
1,23577,48
1,39872,-124
1,13137,-124
1,12344,46
1,36221,124
1,38265,88
1,27301,100
1,36630,-42
1,25406,-120
1,11336,-116
1,31074,128
1,36706,104
1,42594,92
1,32115,38
1,11597,-104
1,28428,-106
1,17532,-82
1,30810,122
1,21538,-96
1,42144,-134
1,48912,162
1,32762,34
1,2791,80
1,29526,-166
1,33793,-124
1,13319,-58
1,47641,2
1,22736,30
1,47666,-164
1,31208,138
1,13547,-80
1,19162,138
1,8738,64
1,46805,14
1,3683,140
1,20367,-68
1,26744,-126
1,37739,42
1,29197,136
1,8681,-182
1,32378,64
1,10716,88
1,5078,68
1,25152,108
1,8284,144
1,29658,-94
1,46642,-118
1,38893,76
1,37801,-138
1,25565,42
1,34006,-200
1,12567,-20
1,32434,146
1,27425,-166
1,37828,160
1,27194,100
1,38721,188
1,32672,156
1,12651,-76
1,19797,-194
1,36163,-156
1,47089,-86
1,14900,80
1,23290,152
1,14208,2
1,46355,-158
1,29681,-106
1,34663,4
1,24874,38
1,10196,120
1,37418,118
1,38313,-80
1,1093,-82
1,30113,-26
1,15476,110
1,24750,56
1,10396,100
1,17847,112
1,23305,86
1,1337,72
1,1277,-190
1,30249,132
1,20726,-64
1,42963,198
1,13665,-60
1,1014,42
1,25635,-118
1,42771,32
1,26668,102
1,48977,-58
1,5960,38
1,30428,90
1,9838,-64
1,18750,-146
1,26760,176
1,1353,168
1,8748,-2
1,20860,-72
1,38711,-56
1,176,-60
1,31419,-20
1,6756,-160
1,45480,-10
1,48768,94
1,21835,94
1,9618,-86
1,4482,-4
1,44822,-178
1,16523,-116
1,21924,-116
1,23072,-106
1,8760,70
1,39024,6
1,24806,174
1,23822,-72
1,2800,-126
1,12400,-200
1,2015,-142
1,7674,48
1,19983,148
1,35457,-66
1,36579,-6
1,989,-128
1,40369,-72
1,29856,-14
1,39500,190
1,20811,-90
1,33633,22
1,29509,194
1,7347,-2
1,36717,36
1,35808,168
1,18916,100
1,24752,168
1,44030,-6
1,2966,66
1,5912,60
1,10446,128
1,20774,-114
1,32476,-150
1,16700,-38
1,42419,88
1,25580,118
1,15861,84
1,33679,116
1,28509,-16
1,20410,52
1,20195,-140
1,42108,-46
2,25006,116
2,22623,-188
2,38969,-82
2,33803,-152
2,4682,98
2,6693,78
2,17352,196
2,35472,64
2,13893,-152
2,3904,-132
2,11213,142
2,2189,-38
2,8453,32
2,41953,-36
2,15091,-10
2,36838,-2
2,18204,-48
2,45264,-78
2,46048,66
2,28427,154
2,22459,-120
2,29389,194
2,15621,58
2,45517,-186
2,15382,24
2,25730,112
2,44392,-12
2,5725,186
2,14074,-56
2,29576,-178
2,18417,-132
2,1897,6
2,48262,-176
2,41601,-92
2,3944,106
2,30156,38
2,41922,110
2,40425,-124
2,6073,-158
2,39268,-112
2,13605,4
2,33789,-148
2,13800,-50
2,15668,178
2,38409,28
2,40483,22
2,17257,-78
2,22189,-154
2,40232,140
2,25978,-32
2,2056,-28
2,7311,-72
2,7538,86
2,7255,2
2,25188,22
2,44273,182
2,42099,-186
2,9573,58
2,41996,190
2,27188,26
2,40120,-148
2,30034,-6
2,9178,64
2,34874,-136
2,21685,176
2,24754,-166
2,29354,-2
2,38796,-192
2,42238,144
2,2510,-152
2,30197,-6
2,45633,76
2,23867,10
2,12635,82
2,38818,90
2,19656,-32
2,36298,78
2,21564,-150
2,21605,92
2,36446,-30
2,32857,32
2,29749,184
2,46622,108
2,44122,-70
2,8256,152
2,46354,166
2,14474,8
2,41735,-122
2,20678,-184
2,33412,-60
2,21032,14
2,18186,46
2,16154,-18
2,6889,64
2,14811,188
2,16765,176
2,48864,-42
2,18374,162
2,28957,148
2,46503,-52
2,10163,6
2,41367,28
2,10975,14
2,5944,-178
2,47781,-110
2,38021,172
2,6790,-182
2,4338,-46
2,28572,-112
2,716,10
2,10401,80
2,23950,104
2,1572,-8
2,5654,-124
2,38366,-16
2,449,74
2,11916,86
2,10166,-184
2,13830,-134
2,30350,-198
2,25075,18
2,25059,-182
2,36092,86
2,28337,-196
2,9752,180
2,47015,28
2,25411,-106
2,47440,120
2,28746,-114
2,45452,-14
2,7273,-90
2,36691,-94
2,26933,-62
2,23223,58
2,18963,-110
2,24898,-156
2,26107,-4
2,20111,186
2,11191,32
2,34052,176
2,15182,-72
2,22619,160
2,10836,-132
2,31360,28
2,44352,66
2,42629,-120
2,15783,138
2,382,-172
2,2778,128
2,41241,102
2,48200,-52
2,12577,-82
2,4776,-198
2,42017,-126
2,27742,-10
2,23244,130
2,32271,188
2,29804,54
2,17433,20
2,11238,-10
2,12337,-56
2,37569,-106
2,19238,164
2,28431,-132
2,36903,8
2,34888,88
2,14641,-54
2,15134,50
2,40660,-196
2,17501,-184
2,834,-52
2,30638,10
2,29107,158
2,36559,178
2,35294,140
2,2161,-190
2,38332,-66
2,38314,-8
2,44628,-194
2,22585,-60
2,46404,96
2,42587,-78
2,22332,42
2,12549,56
2,39061,-84
2,24803,192
2,2211,152
2,17271,104
2,14051,-144
2,31715,-132
2,36192,152
2,8046,188
2,30344,-172
2,1306,-158
2,32257,74
2,33211,182
2,20249,-42
2,19077,-194
2,10394,116
2,4644,-74
2,39431,-66
2,4328,104
2,14939,140
2,26632,124
2,8968,-110
2,41626,106
2,1323,-162
2,14996,-32
2,40264,-46
2,1911,-198
2,19315,-16
2,3586,8
2,35311,-148
2,24260,56
2,44739,4
2,20215,102
2,1321,-190
2,11059,-92
2,38932,110
2,13977,-136
2,22578,180
2,35495,56
2,28607,174
2,43854,48
2,18311,80
2,13430,10
2,54,-140
2,31688,-190
2,24233,-14
2,47700,108
2,18990,88
2,11616,-2
2,14618,12
2,15206,180
2,28239,-156
2,49930,36
2,28429,-66
2,13180,96
2,32778,-158
2,39737,-90
2,12564,-180
2,9624,106
2,31120,-132
2,39258,-84
2,47035,-126
2,33758,76
2,2710,116
2,34861,186
2,9980,102
2,46553,-136
2,14738,-156
2,40932,34
2,49289,-126
2,18,-92
2,21952,-130
2,13463,-188
2,42124,148
2,33537,122
2,38081,-198
2,31515,66
2,9671,70
2,44088,-168
2,2258,-68
2,39151,-192
2,42301,-82
2,29094,186
2,42372,80
2,14046,140
2,17193,-68
2,42409,40
2,23955,-82
2,19825,-152
2,11973,-128
2,4265,150
2,9445,82
2,6684,-184
2,8593,-146
2,36368,54
2,5329,-140
2,45935,58
2,11834,-168
2,20865,180
2,38829,-174
2,44919,-62
2,19491,-100
2,9893,184
2,41520,32
2,35762,-26
2,45182,-154
2,46626,148
2,34814,52
2,27329,-106
2,41115,162
2,34424,16
2,18136,18
2,39317,36
2,27432,10
2,35653,-130
2,28089,106
2,1490,-28
2,1519,4
2,5823,-8
2,8365,-2
2,45035,-86
2,29703,-10
2,39186,106
2,11737,18
2,15904,-98
2,34113,14
2,48750,-80
2,12810,174
2,16126,102
2,12256,-156
2,30729,-142
2,37332,-90
2,17884,110
2,35216,48
2,20884,-22
2,12414,-92
2,40759,-82
2,45915,-30
2,14106,-148
2,42842,186
2,2010,-6
2,14438,-52
2,9412,-156
2,17508,62
2,889,-56
2,45735,-22
2,29349,-8
2,23433,-102
2,36590,-142
2,35499,-70
2,9413,-20
2,14945,-44
2,20840,-60
2,14332,-70
2,40035,-10
2,20183,-26
2,44399,192
2,27953,90
2,3482,26
2,42018,102
2,21166,152
2,18406,-40
2,13019,-194
2,47542,-128
2,40998,8
2,47753,-86
2,22078,90
2,10298,6
2,14161,-148
2,43641,136
2,13590,134
2,35726,122
2,10956,12
2,18129,52
2,26509,186
2,16922,88
2,47194,122
2,9367,62
2,24091,64
2,9167,-50
2,13582,-112
2,6507,-38
2,33539,-128
2,30811,18
2,33133,-138
2,36521,52
2,10550,-98
2,12805,-40
2,43394,-128
2,31015,-160
2,5771,22
2,43544,48
2,8927,-6
2,20693,-90
2,11301,-126
2,2054,28
2,42216,-28
2,26822,154
2,44246,192
2,41467,-124
2,39627,46
2,19813,100
2,19144,-16
2,9575,-156
2,25597,154
2,12667,2
2,28731,-12
2,41280,-104
2,17863,32
2,48358,-82
2,39790,198
2,1241,-122
2,6045,86
2,46259,-132
2,36074,38
2,5499,-86
2,1724,-22
2,29864,64
2,894,-154
2,1600,168
2,27499,-38
2,22635,-8
2,39103,182
2,18741,-62
2,505,120
2,21871,-108
2,43179,-166
2,28211,-118
2,31763,-184
2,46479,-140
2,15523,-114
2,4298,170
2,10574,-102
2,45789,-22
2,8851,-190
2,24686,158
2,43840,-100
2,11487,106
2,220,134
2,40268,-104
2,874,80
2,39660,-26
2,34432,12
2,1589,154
2,24676,-42
2,10942,122
2,35422,164
2,43656,-188
2,47263,156
2,49666,184
2,48393,-196
2,32103,-58
2,14466,18
2,2202,60
2,29282,198
2,21471,194
2,10933,-140
2,39122,38
2,31131,-6
2,33404,-122
2,46280,-36
2,22443,-176
2,41261,18
2,6646,130
2,20974,-198
2,1066,-122
2,7469,-138
2,38644,88
2,43009,74
2,48057,-6
2,32398,32
2,18951,10
2,1730,-148
2,34055,-82
2,41477,64
2,33787,94
2,12800,-50
2,41536,-40
2,42035,-168
2,44020,122
2,7855,138
2,4392,194
2,16118,2
2,29343,54
2,17747,-126
2,16860,72
2,27673,-8
2,33273,-142
2,11425,146
2,24095,172
2,33031,16
2,15774,146
2,786,-200
2,48908,-2
2,28216,42
2,24857,-148
2,24766,-124
2,13809,108
2,12623,170
2,40228,-40
2,35150,6
2,31242,-68
2,20985,32
2,45963,-84
2,949,-194
2,29440,82
2,13072,140
2,26098,-170
2,823,32
2,49154,174
2,21216,-112
2,41220,-164
2,35109,40
2,24978,12
2,19657,-126
2,18110,100
2,5998,-8
2,43686,170
2,23537,-100
2,5684,-178
2,23698,-186
2,18279,146
2,40990,106
2,3967,72
2,40026,134
2,17579,110
2,35358,124
2,42705,-174
2,36588,38
2,30670,-172
2,24988,-98
2,34329,-164
2,45664,-8
2,44280,70
2,14580,108
2,3439,12
2,32070,46
2,49343,-142
2,46632,146
2,5428,102
2,32130,126
2,13229,-196
2,14022,128
2,30854,-110
2,29298,-122
2,17470,184
2,5066,188
2,21978,-20
2,13108,-10
2,34668,-98
2,19334,36
2,29268,140
2,15573,-4
2,17354,54
2,23000,90
2,30863,-130
2,20204,4
2,41978,-122
2,30114,-82
2,19660,-80
2,31548,-188
2,4080,170
2,24077,24
2,47644,-52
2,41414,110
2,24514,36
2,25806,106
2,29051,142
2,34298,-46
2,23704,-152
2,21057,50
2,8930,-44
2,26366,-12
2,18314,-14
2,15928,26
2,24400,112
2,32922,-16
2,1968,-80
2,27705,142
2,32815,76
2,38628,32
2,41064,30
2,33002,-36
2,16550,124
2,27516,24
2,38261,92
2,42941,80
2,9401,-24
2,15138,-124
2,24284,-186
2,23276,-60
2,3957,10
2,35287,-128
2,48727,114
2,41069,-166
2,42120,-54
2,45385,-192
2,7066,-130
2,44617,40
2,29833,-184
2,2535,120
2,13524,-138
2,49029,-166
2,31801,-40
2,5582,-182
2,7294,160
2,37266,58
2,13946,-94
2,5984,-64
2,27765,-92
2,27181,146
2,31982,-6
2,40957,160
2,3607,76
2,38246,38
2,43535,-48
2,25830,112
2,3532,76
2,31612,52
2,47202,-84
2,663,70
2,28260,20
2,35771,158
2,15736,146
2,25917,-10
2,46816,-190
2,29416,186
2,42606,112
2,5434,124
2,42650,118
2,7089,48
2,43312,-30
2,16720,148
2,29708,62
2,9376,-134
2,11835,-134
2,16180,16
2,38806,150
2,43096,-64
2,35549,124
2,12344,-124
2,30691,-2
2,41748,-104
2,8717,76
2,453,14
2,16230,92
2,14162,76
2,31225,-140
2,31180,-198
2,42480,-152
2,2590,116
2,19820,128
2,5087,72
2,43960,-182
2,39567,174
2,45779,56
2,16366,156
2,26373,176
2,15184,-160
2,13702,158
2,8637,-94
2,24778,-12
2,6672,98
2,5111,-76
2,26357,184
2,15813,-88
2,37430,-196
2,39276,86
2,41413,198
2,15244,-154
2,10224,-96
2,35878,158
2,27621,-194
2,49684,48
2,36679,46
2,17886,-82
2,10284,144
2,35328,182
2,5683,68
2,2515,-72
2,22223,20
2,45939,-64
2,18876,-136
2,45169,46
2,34743,166
2,1089,26
2,15705,106
2,42999,-160
2,34659,182
2,18012,114
2,11733,114
2,48192,-4
2,10013,-114
2,5985,-84
2,36442,18
2,11638,92
2,41860,-90
2,22369,92
2,3348,40
2,30246,176
2,14559,-184
2,36386,60
2,12363,180
2,16667,156
2,9095,-38
2,25073,126
2,49935,-84
2,36286,52
2,47671,152
2,39499,-154
2,38402,-58
2,37515,168
2,30894,-30
2,39533,-156
2,9399,-58
2,39106,22
2,40982,-110
2,46154,16
2,24518,16
2,21563,180
2,16973,-54
2,23328,164
2,44418,94
2,20365,64
2,16967,-108
2,12091,-70
2,14201,164
2,40992,-84
2,18788,116
2,36253,48
2,25397,-158
2,22987,-170
2,26188,76
2,29554,-180
2,39396,152
2,13851,-200
2,23003,-18
2,3703,-110
2,47834,178
2,11107,-20
2,20540,190
2,20488,66
2,44764,-48
2,30084,96
2,17503,-140
2,5114,-106
2,36094,-120
2,17341,48
2,46521,-10
2,49484,146
2,34673,-50
2,10898,6
2,2274,22
2,33366,-102
2,18729,-156
2,36771,-130
2,26842,30
2,12706,-138
2,46285,132
2,25520,2
2,10563,-92
2,32827,138
2,27837,198
2,48443,-138
2,6200,-26
2,9699,-192
2,17130,26
2,34809,56
2,3845,-10
2,49765,8
2,16632,122
2,24178,122
2,35479,70
2,13932,148
2,45895,-88
2,39900,-44
2,34207,-198
2,4746,104
2,25957,180
2,27567,178
2,42467,82
2,37785,-152
2,10162,-198
2,15366,-98
2,44710,-20
2,38381,-40
2,48863,198
2,25142,20
2,31525,-186
2,36610,-112
2,18604,-82
2,9793,-26
2,46809,26
2,29048,82
2,10344,-40
2,31813,2
2,2237,-196
2,33106,76
2,7776,100
2,4057,136
2,44674,20
2,6431,18
2,17696,2
2,42133,16
2,16365,-164
2,17929,12
2,29783,198
2,23639,160
2,17783,-58
2,41744,-38
2,9487,142
2,39832,10
2,18740,68
2,16623,44
2,30057,-96
2,39120,94
2,939,72
2,18970,182
2,1315,48
2,666,-122
2,27632,140
2,39140,188
2,18883,108
2,9479,116
2,24343,164
2,30313,18
2,14519,-90
2,6035,146
2,39053,20
2,18391,56
2,30273,-74
2,5510,68
2,44616,-114
2,27366,136
2,46044,50
2,25948,144
2,31605,2
2,6462,-108
2,23302,-6
2,15047,112
2,27207,-188
2,39869,-8
2,23177,-130
2,1882,128
2,9711,30
2,48339,10
2,731,-50
2,21289,-198
2,17741,60
2,46293,-28
2,24554,110
2,19583,-158
2,10116,78
2,17608,-6
2,21025,-38
2,33337,-8
2,44276,-128
2,2055,-164
2,17350,-130
2,16448,12
2,49971,-120
2,33555,120
2,37428,-198
2,26213,38
2,5887,-190
2,4923,56
2,26170,-160
2,31124,-96
2,25464,-38
2,5239,-48
2,29903,80
2,26377,-164
2,42375,122
2,6885,84
2,36355,-190
2,23167,-30
2,41557,164
2,44126,188
2,3986,170
2,442,-134
2,44880,28
2,7761,-12
2,27569,-110
2,39451,-82
2,46794,-156
2,3646,162
2,39631,56
2,28299,-196
2,36618,-108
2,22030,-190
2,22713,66
2,10605,30
2,23671,-150
2,31088,-24
2,39167,-56
2,2736,84
2,15433,-8
2,44909,-158
2,43374,-168
2,34974,68
2,49233,66
2,41014,-44
2,43232,64
2,14241,-84
2,35600,192
2,38227,104
2,34611,92
2,23609,-12
2,38916,58
2,11909,98
2,46118,-186
2,14650,112
2,5864,-48
2,6040,-186
2,13343,54
2,1787,-96
2,8189,-84
2,12693,-52
2,25159,-152
2,3395,-38
2,17434,88
2,18460,122
2,3667,158
2,8333,-44
2,5947,-74
2,19649,-30
2,4646,38
2,10889,8
2,4565,144
2,2753,-40
2,11336,16
2,21142,-68
2,29247,-180
2,37980,-76
2,26833,44
2,22589,-146
2,13404,-74
2,42834,50
2,11809,176
2,12125,-44
2,44255,-174
2,6668,34
2,14326,-144
2,8507,-134
2,32225,-146
2,22134,178
2,1286,58
2,38804,-176
2,5750,2
2,13597,-126
2,15541,-96
2,14581,174
2,10403,168
2,13850,-198
2,44311,142
2,15259,-180
2,6064,-194
2,15511,-198
2,22430,-22
2,45937,-160
2,4459,114
2,48362,-38
2,11826,112
2,19136,70
2,28894,188
2,41043,-164
2,621,126
2,16042,42
2,39364,-118
2,29265,196
2,27813,194
2,20038,-172
2,30824,182
2,48625,-116
2,42860,6
2,1906,-114
2,34281,-18
2,23673,118
2,4895,-72
2,45350,-4
2,42262,128
2,4309,156
2,20950,-164
2,13427,108
2,28333,-54
2,1187,-4
2,36476,130
2,3421,146
2,12561,40
2,996,138
2,32562,-106
2,38396,70
2,42519,-86
2,45642,-52
2,20189,174
2,47717,-46
2,12699,-144
2,36006,198
2,10554,-42
2,16838,4
2,15798,-178
2,22746,44
2,37614,-12
2,27842,158
2,10368,-142
2,26052,90
2,49922,-142
2,44025,14
2,446,114
2,37565,-134
2,19104,-86
2,18950,20
2,36666,-106
2,14442,-170
2,37494,172
2,46877,154
2,41209,-152
2,27400,160
2,19255,12
2,47915,-36
2,41176,136
2,9910,-154
2,6413,-126
2,6028,-96
2,29125,-194
2,7571,188
2,37330,-100
2,11023,-84
2,35950,168
2,30213,108
2,29331,170
2,49828,-130
2,21385,-180
2,46203,-106
2,31176,-52
2,34079,74
2,38447,-8
2,10680,34
2,48654,-106
2,6843,70
2,3095,-90
2,41287,198
2,35784,158
2,36292,-26
2,43720,144
2,46104,-166
2,25737,-24
2,48593,-130
2,45842,-24
2,34733,194
2,21090,156
2,5201,32
2,45461,56
2,13015,-26
2,4268,-110
2,30077,-156
2,25124,4
2,27874,62
2,19274,60
2,15198,134
2,47259,-126
2,8696,156
2,11585,-88
2,45265,-192
2,26668,92
2,3273,-58
2,18642,188
2,39262,144
2,11768,100
2,22268,118
2,46314,-190
2,8167,154
2,36815,162
2,25072,26
2,46144,-162
2,18316,90
2,14575,86
2,43953,-160
2,41410,192
2,34496,58
2,44439,180
2,38148,112
2,35686,94
2,10730,134
2,16073,68
2,20051,50
2,25079,-192
2,45075,-104
2,7937,164
2,3701,76
2,19015,-194
2,32714,98
2,13554,-144
2,1349,72
2,19591,-80
2,22182,146
2,25972,40
2,29450,88
2,23320,-116
2,46086,64
2,18924,-50
2,22391,-22
2,39518,-132
2,48560,-58
2,32219,-18
2,15905,94
2,12474,-110
2,39488,-66
2,39420,-72
2,9125,56
2,69,106
2,34591,-122
2,3880,-188
2,8621,-170
2,47062,164
2,10025,186
2,44488,52
2,10400,112
2,3408,20
2,9614,-166
2,8624,192
2,18020,88
2,18502,-158
2,2059,-142
2,32346,118
2,44305,-110
2,10655,-150
2,26318,-124
2,30324,-158
2,19105,116
2,33282,192
2,27326,78
2,33510,38
2,26550,-170
2,16933,-34
2,2946,170
2,25252,-112
2,2267,24
2,16909,22
2,32472,126
2,16755,2
2,30168,-76
2,32395,-142
2,38417,114
2,45351,156
2,42711,-194
2,19367,-42
2,35940,70
2,11492,-20
2,19051,-44
2,34117,136
2,7966,132
2,6077,166
2,40194,-174
2,13928,-86
2,29854,182
2,3370,44
2,7773,74
2,38062,10
2,41593,142
2,1931,106
2,10055,-164
2,32915,-90
2,23390,-104
2,15929,38
2,48704,32
2,14246,-94
2,2567,78
2,38134,-124
2,9380,48
2,35416,158
2,24139,-126
2,1904,130
2,49319,-96
2,2587,-56
2,922,126
2,9458,192
2,1785,56
2,45769,-32
2,32200,-152
2,29582,16
2,11580,-144
2,43144,82
2,47531,-24
2,2653,172
2,23124,80
2,27821,124
2,39382,158
2,48726,-142
2,23227,2
2,12193,124
2,18793,-178
2,43039,80
2,6863,126
2,20212,-22
2,24623,-18
2,33622,-142
2,8850,-162
2,25802,-106
2,8668,192
2,34130,-164
2,25224,98
2,39942,190
2,1242,44
2,46127,26
2,34335,-180
2,18273,-154
2,44253,-176
2,32339,-42
2,13627,94
2,32855,-72
2,32648,88
2,18584,-156
2,40139,60
2,6649,42
2,37398,-102
2,23169,186
2,32277,196
2,3891,-92
2,22873,62
2,14437,-24
2,12896,164
2,17080,186
2,34916,-124
2,8578,-98
2,22685,180
2,30640,-190
2,27758,78
2,20880,-184
2,17737,-176
2,39416,142
2,41320,-176
2,7277,-94
2,30207,-20
2,2233,-2
2,11917,68
2,36077,28
2,901,-98
2,18926,-92
2,36489,-120
2,48177,144
2,11923,84
2,41989,-100
2,899,-134
2,10027,132
2,31498,-104
2,4180,158
2,33685,-192
2,38803,98
2,42318,-100
2,11586,-6
2,44768,-134
2,43429,40
2,1389,-120
2,16296,-144
2,32024,-28
2,12587,-164
2,38895,62
2,2981,162
2,32372,108
2,20115,4
2,1869,-84
2,9620,-132
2,24273,-96
2,31347,96
2,25348,-176
2,5692,128
2,18010,60
2,16165,-190
2,43050,-168
2,44112,160
2,34683,-56
2,47074,40
2,7465,-132
2,9880,-110
2,45093,190
2,40186,-88
2,9259,104
2,30404,-72
2,12531,72
2,19321,-118
2,33928,-126
2,6779,-142
2,4432,182
2,16369,28
2,16107,-6
2,7803,100
2,37897,162
2,48873,134
2,23384,-150
2,3879,108
2,17281,170
2,25225,132
2,41648,-150
2,22894,58
2,34223,-184
2,22500,-24
2,44207,-138
2,39162,-34
2,47281,-148
2,47145,190
2,28599,184
2,29955,-68
2,25314,-100
2,9315,140
2,6480,28
2,27203,-40
2,22640,162
2,46322,-136
2,21638,56
2,42000,-14
2,48052,80
2,20989,78
2,33121,-76
2,25308,-196
2,44178,-56
2,36149,-2
2,21413,-134
2,32769,122
2,27120,-80
2,47773,-22
2,22363,-20
2,398,-102
2,14080,78
2,16024,128
2,22351,-50
2,28874,-140
2,49247,-146
2,17053,-86
2,15753,164
2,39588,-104
2,6731,40
2,36617,22
2,10421,96
2,28123,172
2,610,-96
2,12755,182
2,13000,-186
2,36219,8
2,39927,88
2,11220,-30
2,14121,84
2,12299,160
2,141,-158
2,3281,-160
2,43819,150
2,36274,-104
2,10124,188
2,13129,-130
2,27611,-12
2,28761,-142
2,5847,-184
2,17545,26
2,28889,-198
2,4825,14
2,24842,24
2,8572,158
2,31923,-14
2,10755,-80
2,7674,2
2,21490,2
2,7457,22
2,32515,6
2,7992,56
2,1990,110
2,49232,-10
2,27043,-122
2,24465,76
2,32709,-76
2,10686,190
2,27350,-130
2,5008,32
2,23415,74
2,38925,-102
2,15211,24
2,34890,-158
2,18996,-10
2,10096,-200
2,9934,158
2,35937,78
2,22439,166
2,31337,144
2,43885,-16
2,11433,22
2,10140,-132
2,14806,-178
2,8143,148
2,38033,-126
2,43085,-2
2,2126,188
2,5993,-170
2,25103,4
2,30658,-200
2,17115,-84
2,3106,66
2,39168,188
2,6151,-130
2,13603,164
2,48499,-84
2,44993,134
2,19029,-122
2,26985,66
2,31828,-58
2,26003,-130
2,45205,116
2,24827,-104
2,29117,-14
2,10258,52
2,45287,-84
2,26585,194
2,31508,-32
2,3685,-124
2,37919,184
2,32021,-24
2,13063,-156
2,26665,94
2,7784,30
2,29035,116
2,15136,102
2,16391,-136
2,5672,-186
2,24396,-110
2,2933,-2
2,11125,88
2,13882,144
2,26322,-56
2,1485,-156
2,18945,-178
2,14264,158
2,32546,-74
2,35265,-176
2,48694,-168
2,24585,-28
2,25788,-82
2,26567,-108
2,41974,-148
2,29267,180
2,9823,20
2,47265,84
2,42140,176
2,48246,112
2,24597,114
2,35255,148
2,11558,-118
2,46211,-158
2,30444,148
2,39637,176
2,1419,-126
2,48999,142
2,30462,-88
2,39534,126
2,48693,152
2,36571,-44
2,37667,-62
2,15701,-62
2,10743,-190
2,44192,174
2,7959,24
2,30821,140
2,13046,-22
2,14730,-132
2,18233,132
2,2809,22
2,43510,190
2,47767,-170
2,5031,98
2,25541,22
2,34542,-84
2,555,-112
2,20392,64
2,35011,-56
2,23590,76
2,13489,-130
2,42924,196
2,31492,-92
2,24632,-118
2,17675,144
2,31883,-84
2,23739,-136
2,22960,-50
2,47876,-60
2,11488,-136
2,9325,80
2,12068,-32
2,41523,-54
2,27090,-92
2,765,24
2,32818,140
2,40161,90
2,46790,-58
2,23562,14
2,17771,-44
2,15617,-94
2,2659,-180
2,31188,-190
2,2633,-28
2,6858,-82
2,23029,36
2,20623,-16
2,19174,120
2,47589,194
2,4926,-88
2,17749,-200
2,48929,192
2,20799,106
2,35350,-106
2,10651,136
2,43383,112
2,47861,-78
2,35987,-116
2,45835,-106
2,20493,-48
2,28379,170
2,27672,-26
2,2990,-74
2,43417,-14
2,35543,46
2,49983,154
2,1957,-48
2,4246,-72
2,4630,186
2,49411,154
2,47819,154
2,48920,168
2,36057,130
2,18925,-156
2,27730,164
2,18227,-80
2,47900,156
2,19111,78
2,13642,-60
2,8959,100
2,24410,-124
2,44388,-76
2,4568,46
2,49812,-60
2,33519,70
2,4321,-16
2,37796,104
2,44697,-160
2,13037,178
2,46774,190
2,8966,-46
2,1504,92
2,37048,-190
2,47618,-6
2,5194,4
2,25518,-66
2,39921,120
2,24993,190
2,9519,190
2,4410,-42
2,32324,126
2,43128,62
2,47123,180
2,23242,68
2,44675,-36
2,43517,-22
2,18535,174
2,47562,-168
2,47572,-188
2,29447,-130
2,33550,172
2,36682,-42
2,18574,18
2,4257,92
2,32457,-148
2,42104,10
2,4883,68
2,45542,-60
2,29717,-150
2,8502,-156
2,20339,-134
2,24380,-100
2,10911,-78
2,9717,60
2,41632,-116
2,39215,196
2,37811,108
2,31181,-176
2,46282,-92
2,18193,126
2,28568,24
2,48948,82
2,6561,98
2,18566,88
2,23787,184
2,22710,4
2,38324,14
2,28642,-20
2,39976,-176
2,3505,-46
2,2420,118
2,38393,130
2,2800,-94
2,41619,-156
2,6692,68
2,35457,-198
2,39211,18
2,665,-158
2,18764,24
2,34717,-88
2,47323,198
2,2138,174
2,14664,46
2,18072,-144
2,1300,-180
2,20948,130
2,18241,-24
2,44120,4
2,47338,46
2,33751,-168
2,37114,-142
2,3810,-66
2,14954,-100
2,17667,126
2,42849,-138
2,13005,-72
2,26086,-76
2,10249,24
2,26625,30
2,23573,158
2,2379,154
2,37797,-174
2,34125,94
2,19106,22
2,49857,96
2,10549,-64
2,1093,104
2,18024,-18
2,39443,122
2,39381,12
2,18144,34
2,12932,168
2,33216,-100
2,19522,68
2,7739,186
2,2372,160
2,3991,56
2,46287,156
2,2467,98
2,7148,-62
2,36918,-140
2,29890,66
2,1885,52
2,26062,-136
2,22423,60
2,947,188
2,33816,-200
2,11603,194
2,5059,-150
2,28770,-140
2,43298,-104
2,21115,134
2,4783,184
2,32749,-22
2,27215,4
2,22586,-118
2,36405,-144
2,3922,184
2,47704,-46
2,41311,-170
2,3332,82
2,7230,-14
2,1991,10
2,49718,124
2,3575,-16
2,41566,80
2,30275,30
2,4984,160
2,30144,-94
2,14199,4
2,32968,134
2,49075,144
2,27028,180
2,41248,42
2,26513,40
2,38950,-52
2,49534,-84
2,48109,-156
2,25703,180
2,35032,12
2,12441,132
2,33078,-158
2,9384,174
2,331,26
2,16602,44
2,12169,-188
2,43672,-158
2,37132,-86
2,13097,-126
2,480,-146
2,40297,22
2,18545,126
2,13164,-16
2,27015,30
2,17175,-94
2,45648,-38
2,19826,116
2,7484,-106
2,11842,-142
2,27125,-100
2,15542,100
2,813,-62
2,42478,8
2,10112,-106
2,12943,-140
2,23470,36
2,13459,42
2,3420,162
2,9499,120
2,9688,116
2,27063,20
2,31415,-98
2,1253,154
2,25651,48
2,23519,74
2,42986,-192
2,32166,-142
2,23231,150
2,16739,96
2,15678,54
2,16435,-144
2,35670,-152
2,48039,-16
2,49408,190
2,3813,-100
2,42452,148
2,30807,-18
2,596,24
2,18230,114
2,41980,-78
2,45847,-84
2,30283,148
2,49153,82
2,39555,76
2,36528,-196
2,37447,144
2,33264,-158
2,27134,6
2,22801,-172
2,17920,-6
2,3308,-72
2,8458,-130
2,24868,-74
2,26534,22
2,16101,-24
2,7977,46
2,4907,-130
2,3271,-194
2,49598,-70
2,40669,-38
2,15289,-124
2,49317,78
2,44153,42
2,47390,14
2,2582,-188
2,14506,48
2,37008,118
2,22968,-42
2,40003,-150
2,1454,94
2,8168,-60
2,36600,146
2,48203,22
2,4572,-142
2,11123,-130
2,38508,26
2,7006,28
2,25815,98
2,8934,48
2,13190,-156
2,13585,-56
2,25165,-172
2,29802,-114
2,12223,-42
2,3489,-190
2,27394,-72
2,25151,-64
2,11372,-46
2,35607,-46
2,21707,-130
2,7168,186
2,15883,-118
2,41668,30
2,47517,18
2,905,-156
2,17534,38
2,36754,-102
2,21266,124
2,19513,34
2,23579,-196
2,45254,-160
2,22116,-170
2,12838,12
2,521,-144
2,29138,108
2,10205,-50
2,35832,-54
2,40791,-34
2,14112,-126
2,46896,90
2,15032,-134
2,5231,-148
2,37072,168
2,12411,-14
2,42534,128
2,40245,62
2,48601,28
2,17851,112
2,14911,18
2,2480,-164
2,1025,198
2,12203,-150
2,28417,-24
2,46945,-10
2,8330,126
2,35846,-126
2,9705,154
2,3224,-24
2,27401,182
2,5281,136
2,18959,-186
2,15398,-60
2,19940,-128
2,38280,-52
2,41330,174
2,23495,-64
2,38410,60
2,34450,14
2,39962,12
2,46761,-198
2,27371,-26
2,3272,-88
2,46937,180
2,42500,-108
2,19307,-124
2,4104,-86
2,25735,-38
2,17906,54
2,47916,-188
2,42241,-14
2,5918,98
2,11504,34
2,2624,-106
2,1506,-124
2,17978,-198
2,32061,-138
2,37313,72
2,11866,124
2,31719,98
2,23839,146
2,19134,76
2,26792,-32
2,14952,50
2,33346,-50
2,34699,-140
2,13161,-188
2,40189,14
2,32606,-10
2,21117,74
2,49205,-98
2,28880,-112
2,16603,156
2,21561,98
2,9687,-90
2,11128,18
2,43809,-38
2,32551,128
2,21968,-168
2,3076,-100
2,35502,-116
2,31342,78
2,44027,-158
2,27025,-194
2,13607,170
2,41699,-196
2,24918,166
2,13891,-116
2,14517,-168
2,26586,-190
2,32483,48
2,8435,176
2,3674,128
2,2852,-118
2,5973,-200
2,9904,42
2,20344,72
2,2673,2
2,10823,54
2,16325,-146
2,16159,190
2,21711,-12
2,21373,20
2,4847,144
2,43650,112
2,32952,-26
2,3210,-170
2,22132,104
2,13378,-128
2,3082,12
2,9915,-186
2,4940,140
2,34921,-176
2,10033,-180
2,19548,-10
2,42755,-14
2,17834,-198
2,22940,74
2,9925,-90
2,45897,-106
2,42622,40
2,34277,124
2,17654,172
2,33399,-54
2,19197,158
2,39839,168
2,9471,188
2,36215,-192
2,22734,154
2,14953,36
2,15411,-128
2,16411,-116
2,42901,114
2,20055,22
2,1638,-154
2,47428,-10
2,37999,-50
2,23533,-154
2,14579,-76
2,14751,-176
2,11758,148
2,7228,102
2,12175,-116
2,17512,46
2,19697,162
2,24328,6
2,47550,114
2,47822,-24
2,4037,104
2,44050,152
2,34514,82
2,47507,-120
2,49011,56
2,10192,-82
2,6398,-50
2,655,-158
2,19384,-80
2,13227,-8
2,48221,-52
2,22503,98
2,42617,-64
2,49728,-194
2,17249,-84
2,4261,-114
2,47503,182
2,18973,88
2,24223,166
2,21543,-188
2,31359,-40
2,23482,108
2,40103,-84
2,16088,-32
2,9203,-164
2,24569,-72
2,9728,174
2,42782,164
2,14012,-116
2,42543,108
2,11601,-160
2,41949,170
2,40345,20
2,44462,-8
2,29571,152
2,17046,-112
2,1908,-166
2,49572,184
2,46454,40
2,3333,88
2,47559,124
2,5915,-22
2,49644,28
2,7996,150
2,30655,82
2,43598,-108
2,13772,52
2,1103,80
2,35247,-140
2,27820,-184
2,8171,112
2,14107,-170
2,16242,-180
2,20229,146
2,36391,-90
2,25237,-62
2,48441,-114
2,46514,46
2,48343,188
2,40344,-132
2,7224,32
2,10309,-120
2,21794,120
2,5221,-154
2,49315,-122
2,47358,102
2,12727,-116
2,38426,136
2,3324,96
2,9318,-44
2,10927,-158
2,30716,-126
2,17919,-4
2,22014,94
2,18806,-102
2,24356,-88
2,30127,-184
2,26128,-198
2,44878,-120
2,25512,32
2,1684,60
2,15606,120
2,3859,-140
2,47157,156
2,46684,122
2,46967,118
2,36150,-6
2,18213,-196
2,42937,-26
2,46968,-42
2,7695,32
2,48100,-116
2,16858,-16
2,33652,-102
2,30567,116
2,31089,-122
2,25664,46
2,7582,-70
2,28236,-130
2,18863,-184
2,44708,-76
2,26486,-144
2,23685,102
2,15005,80
2,4320,182
2,24190,-128
2,8387,-198
2,23833,-46
2,46690,-104
2,20925,62
2,15455,130
2,5103,18
2,43733,-152
2,14444,-52
2,8879,-152
2,2570,136
2,41634,-198
2,25565,126
2,20309,138
2,4109,-58
2,2300,-194
2,33888,-32
2,33785,-134
2,20370,-168
2,2855,-108
2,18617,-100
2,28250,-94
2,27800,-190
2,29686,114
2,16287,110
2,22117,54
2,43421,-122
2,11276,-180
2,45445,-8
2,44727,160
2,32876,-80
2,11338,-188
2,49587,6
2,41932,-190
2,19356,156
2,33153,-94
2,3758,-198
2,49450,70
2,36186,96
2,24149,-38
2,25905,198
2,31058,-136
2,29277,164
2,25546,170
2,11702,-166
2,41897,108
2,47380,54
2,46345,108
2,1767,-58
2,20972,130
2,47989,58
2,32824,-130
2,3934,-26
2,32662,6
2,37380,-76
2,12293,54
2,22452,64
2,40435,148
2,33232,30
2,46576,104
2,41143,188
2,6136,-68
2,18384,-38
2,30861,80
2,29727,-32
2,6732,-150
2,31127,68
2,27834,110
2,47857,116
2,37128,-148
2,775,196
2,4147,-94
2,21270,-28
2,30916,128
2,39725,64
2,18557,162
2,40694,-200
2,22285,74
2,22815,76
2,38323,166
2,15489,32
2,48627,108
2,12372,-44
2,31429,10
2,13340,-200
2,15779,2
2,12476,-30
2,42930,-172
2,4968,-108
2,15560,-158
2,41717,-168
2,13866,-196
2,2333,-48
2,31007,96
2,6188,-136
2,31116,-180
2,20005,-140
2,49224,-20
2,46912,120
2,48376,120
2,15484,-154
2,47084,50
2,10863,-28
2,14564,-80
2,25714,-132
2,6575,46
2,39030,182
2,23074,48
2,18175,-22
2,18531,-46
2,14571,-162
2,23693,24
2,39275,-156
2,32575,124
2,19550,64
2,15273,84
2,30403,-80
2,36711,76
2,7707,42
2,43546,130
2,8059,34
2,27164,74
2,29248,144
2,10454,78
2,1650,-196
2,23708,20
2,17264,-154
2,31426,-20
2,26238,-142
2,22760,192
2,30752,20
2,18184,-104
2,22554,26
2,8638,-114
2,5544,50
2,42729,-196
2,2451,154
2,27728,24
2,2708,76
2,15226,-62
2,28832,-184
2,26748,-58
2,34217,-26
2,44489,-164
2,44800,102
2,16910,12
2,13023,122
2,49579,106
2,28617,152
2,1115,132
2,8109,34
2,40055,10
2,8901,24
2,42271,-56
2,33490,-46
2,44066,-24
2,7935,66
2,18600,-62
2,30587,28
2,4872,-62
2,37914,122
2,12123,82
2,31885,24
2,9973,32
2,41423,48
2,49802,-102
2,40422,-118
2,23049,28
2,22865,-150
2,39266,-116
2,11659,-64
2,21206,174
2,44250,80
2,8585,168
2,30494,-12
2,13971,100
2,4495,138
2,7112,50
2,6332,-110
2,18494,182
2,13699,-76
2,2350,-20
2,28854,-74
2,3850,-98
2,43956,-184
2,22871,-96
2,38106,58
2,21362,-106
2,33916,-126
2,47801,160
2,40690,-78
2,3671,40
2,30988,-162
2,6228,106
2,48553,-48
2,15685,16
2,20817,-126
2,40509,180
2,39705,-164
2,13853,-102
2,42487,-10
2,5439,116
2,27428,32
2,43309,-96
2,8974,178
2,8577,4
2,6534,-92
2,2176,-42
2,440,68
2,23192,-176
2,40784,56
2,21566,-28
2,14416,50
2,162,46
2,29033,12
2,27785,-138
2,31716,-76
2,24921,194
2,24579,-92
2,38459,120
2,41476,62
2,15277,-108
2,10866,-24
2,28119,-20
2,33608,62
2,28208,144
2,42892,-74
2,27949,116
2,6549,138
2,40403,10
2,29644,-184
2,15221,6
2,10430,-88
2,38714,-164
2,36026,-186
2,13516,154
2,23499,140
2,43134,-84
2,36243,172
2,4915,44
2,47215,114
2,42737,162
2,47606,-2
2,45052,-168
2,14554,180
2,9275,-180
2,37606,136
2,26243,58
2,45131,188
2,40885,140
2,39727,6
2,20456,170
2,18780,6
2,19542,-152
2,30479,76
2,30270,142
2,3959,82
2,5280,-160
2,25792,194
2,4810,-166
2,15096,24
2,11074,-116
2,1238,12
2,3524,-172
2,35200,-92
2,30616,-196
2,36254,128
2,16939,-70
2,20033,-132
2,34899,82
2,28700,-120
2,15632,-86
2,23543,-166
2,38779,48
2,16961,60
2,43898,122
2,17474,-98
2,7281,166
2,5279,2
2,37522,-170
2,42862,-140
2,49515,-2
2,29296,-2
2,20156,78
2,34657,72
2,45116,12
2,22251,14
2,6736,16
2,6895,12
2,31856,58
2,17625,170
2,4339,-166
2,46020,22
2,22692,-184
2,961,-66
2,419,88
2,43492,134
2,47341,144
2,1619,136
2,19992,178
2,29574,152
2,30795,192
2,3965,-18
2,41396,-90
2,8232,-90
2,34556,52
2,1642,188
2,30798,140
2,7532,156
2,6382,4
2,14754,44
2,6167,-190
2,42753,-42
2,5997,-36
2,9391,-46
2,1564,170
2,27106,-178
2,49632,-8
2,26199,-106
2,1891,196
2,21532,124
2,18885,110
2,42960,98
2,18612,192
2,11968,-76
2,19589,146
2,39097,14
2,48020,-64
2,46789,136
2,28611,146
2,9184,138
2,36825,6
2,9634,-150
2,41522,-12
2,45514,52
2,8082,-188
2,40973,-22
2,18838,-196
2,647,-70
2,17090,4
2,46891,-148
2,22321,48
2,11844,16
2,47870,64
2,14639,-38
2,31097,-76
2,15176,22
2,14541,-158
2,46784,-120
2,17822,-94
2,4150,98
2,22814,176
2,40688,-4
2,24081,-14
2,31952,-174
2,4576,-174
2,44419,-72
2,3417,118
2,18335,-64
2,11243,-128
2,28155,-40
2,17627,54
2,16712,120
2,4537,54
2,47059,-188
2,18194,-140
2,9079,120
2,27565,136
2,22947,-174
2,12067,-112
2,17995,76
2,45260,126
2,13584,-56
2,18749,-108
2,8264,-116
2,11759,-138
2,26689,-32
2,10566,-86
2,10311,154
2,32811,154
2,18753,-8
2,39836,190
2,39745,-140
2,27172,42
2,32930,60
2,38424,-200
2,18028,82
2,15208,-78
2,43359,60
2,7589,-46
2,25997,178
2,37663,-128
2,30104,104
2,8131,56
2,37293,54
2,48765,162
2,36614,-142
2,11704,186
2,39267,62
2,30221,56
2,20730,134
2,24744,74
2,42955,-142
2,25194,70
2,5566,-64
2,37101,22
2,2780,-44
2,29124,140
2,37846,-116
2,1462,64
2,26801,64
2,15909,50
2,37906,176
2,14328,194
2,17131,-178
2,2245,156
2,36364,166
2,38842,-8
2,37138,-4
2,7195,162
2,23919,30
2,42744,-28
2,10459,182
2,47053,198
2,31298,-32
2,14361,-124
2,25377,-84
2,24792,-40
2,1273,150
2,34221,-106
2,16193,-188
2,28275,-70
2,24217,-84
2,11762,108
2,45749,-84
2,13773,66
2,13501,-74
2,43170,-82
2,37318,-200
2,46930,-162
2,24938,-22
2,3740,106
2,44523,-18
2,31752,182
2,37816,-170
2,11928,72
2,49420,-136
2,10392,92
2,42625,180
2,46952,184
2,28145,-82
2,2042,-22
2,22172,-188
2,44168,156
2,15476,68
2,41915,198
2,36979,-122
2,17774,-146
2,15465,-112
2,12834,162
2,12436,126
2,25235,-26
2,34416,156
2,21110,-56
2,33993,-142
2,12966,138
2,1945,-140
2,34785,174
2,21803,8
2,29293,142
2,8718,68
2,20191,-38
2,14009,-108
2,9341,-26
2,9179,-188
2,34970,-184
2,46990,144
2,49346,134
2,28230,96
2,47002,160
2,7842,-74
2,20279,-88
2,47508,-192
2,16489,104
2,15592,-52
2,28068,-94
2,29884,-130
2,12931,106
2,39865,42
2,29942,104
2,3172,-4
2,41883,62
2,7540,-88
2,20573,36
2,12089,104
2,17907,-128
2,8266,-192
2,40914,10
2,12663,64
2,12065,190
2,40666,40
2,31827,-128
2,19175,22
2,29418,-108
2,11769,-62
2,3458,84
2,5786,134
2,498,-128
2,31905,-68
2,48156,-116
2,45443,42
2,2229,-144
2,17981,-80
2,29506,168
2,40827,92
2,21760,24
2,22447,-6
2,10845,146
2,44846,140
2,33567,110
2,38159,76
2,5514,186
2,16491,196
2,27128,-134
2,756,-60
2,6242,140
2,29994,22
2,6248,72
2,35001,194
2,4041,-190
2,24660,122
2,47203,70
2,24129,-82
2,16912,-44
2,12496,-90
2,25258,94
2,1395,-192
2,36505,88
2,34411,-6
2,16207,62
2,10501,14
2,40915,-192
2,8425,74
2,24459,-52
2,8924,54
2,38124,126
2,43629,-166
2,43138,-132
2,46177,102
2,36245,-58
2,37803,-102
2,7208,-60
2,12241,-56
2,48716,-172
2,42665,26
2,26871,-112
2,9439,-50
2,40985,62
2,21687,-30
2,48212,26
2,19327,-130
2,3896,66
2,49324,-30
2,7063,196
2,22086,-180
2,41155,-190
2,46065,24
2,16523,68
2,16259,58
2,3735,122
2,27886,124
2,18023,-10
2,48209,-136
2,27136,-22
2,31690,74
2,11738,-74
2,33000,196
2,6554,-62
2,21556,-36
2,1596,78
2,4448,-192
2,32091,118
2,15549,14
2,21078,28
2,20262,-46
2,39891,-154
2,11016,104
2,41599,146
2,11173,76
2,40738,-16
2,44189,62
2,32443,52
2,6947,166
2,26618,154
2,6505,-174
2,7768,-192
2,10672,-104
2,18239,8
2,21648,-150
2,38769,110
2,32577,-62
2,1150,-84
2,31267,44
2,14533,-64
2,44235,112
2,31961,110
2,43124,92
2,712,60
2,7101,66
2,21223,-138
2,25155,152
2,3612,144
2,15452,162
2,36685,-12
2,36281,168
2,47110,188
2,1284,40
2,12660,66
2,28258,140
2,4584,6
2,15529,136
2,4976,158
2,17483,154
2,31519,6
2,36928,-48
2,13502,-50
2,26404,52
2,31732,-166
2,1036,-114
2,24152,-130
2,40163,-52
2,12806,104
2,15298,22
2,46906,94
2,5140,-46
2,27769,-144
2,10090,16
2,7692,-2
2,27146,170
2,40752,54
2,35687,80
2,3455,-182
2,24067,142
2,6193,106
2,27604,38
2,8942,140
2,17575,28
2,46075,-56
2,19387,-72
2,45635,-72
2,16111,196
2,49814,-94
2,15412,-200
2,6111,50
2,9483,150
2,35516,-10
2,17688,-146
2,11783,70
2,24647,156
2,16948,172
2,46424,32
2,42548,24
2,47087,18
2,26325,60
2,14801,134
2,39968,-142
2,8620,-184
2,18739,-156
2,11873,76
2,31697,-4
2,33752,-176
2,8950,-28
2,19575,180
2,42022,-174
2,33521,190
2,4260,-196
2,21942,-184
2,42009,-76
2,27547,-94
2,3046,-176
2,4683,190
2,8221,-100
2,32795,-106
2,19271,168
2,29186,194
2,3593,-146
2,9839,-8
2,47022,104
2,16787,-52
2,13820,-22
2,15618,-72
2,3889,-176
2,40846,-68
2,22162,-174
2,27722,-44
2,21254,-124
2,40415,-104
2,8213,128
2,38439,-132
2,32306,-114
2,31943,174
2,6802,-196
2,21283,144
2,38251,-52
2,34371,178
2,9347,38
2,11279,64
2,27003,46
2,29070,178
2,22006,-24
2,29969,166
2,15475,-154
2,18704,-198
2,31005,-54
2,3987,134
2,34008,-34
2,40980,80
2,20316,50
2,5783,-158
2,1396,78
2,5503,-140
2,23368,48
2,34187,186
2,9917,-22
2,33553,136
2,28531,44
2,17681,146
2,7526,-200
2,15147,150
2,34714,-14
2,38040,-74
2,22978,-100
2,22818,120
2,44785,-146
2,49240,188
2,3313,-180
2,22272,142
2,27870,-164
2,16698,150
2,40060,138
2,14166,62
2,3328,180
2,12786,98
2,2132,-50
2,26824,142
2,35458,112
2,19672,-132
2,5840,136
2,48576,108
2,24528,-88
2,40578,-114
2,34544,180
2,8196,-132
2,11031,164
2,3146,14
2,47583,-8
2,1819,-118
2,25180,-82
2,42759,110
2,11303,-156
2,13510,18
2,2851,44
2,9616,-32
2,37530,-160
2,37225,-100
2,5018,114
2,31245,-110
2,41077,-194
2,18376,-196
2,6075,2
2,9898,144
2,656,48
2,24498,54
2,48803,64
2,17531,100
2,23446,4
2,9159,-44
2,2528,-100
2,23131,-196
2,11602,-120
2,24879,-6
2,42635,56
2,19832,-180
2,32755,88
2,20839,-98
2,29428,128
2,7943,-144
2,30271,118
2,13166,92
2,34577,-86
2,12530,30
2,20858,-124
2,3131,118
2,23270,32
2,14373,-188
2,33252,62
2,26732,172
2,6255,-200
2,28624,-26
2,40698,-24
2,2572,156
2,38665,-72
2,35307,128
2,35816,-116
2,2848,-30
2,37103,-88
2,28242,-160
2,38841,4
2,12760,14
2,26504,112
2,28267,104
2,32929,68
2,28834,-142
2,49128,-56
2,28289,-154
2,35229,-178
2,21637,-48
2,2581,114
2,37947,50
2,14200,176
2,21086,-8
2,17172,-78
2,47064,-154
2,14379,-44
2,16616,86
2,14654,26
2,13058,-162
2,8010,-36
2,28459,144
2,33765,92
2,39427,-152
2,12899,-102
2,32385,114
2,44673,-56
2,42724,84
2,14988,-104
2,14137,158
2,32652,-138
2,36758,-188
2,15699,-80
2,30157,-128
2,23156,-62
2,37799,-44
2,35668,-168
2,27570,198
2,30436,-126
2,2670,-56
2,36847,-32
2,29628,12
2,2468,108
2,45402,62
2,10712,-38
2,36798,138
2,32335,-26
2,48954,-14
2,46248,-2
2,35196,124
2,99,-52
2,45375,-4
2,22293,54
2,37730,-176
2,22084,-188
2,45576,78
2,46482,102
2,38295,-148
2,17445,28
2,24656,188
2,38618,82
2,8410,144
2,25682,-186
2,15027,160
2,9507,-48
2,22548,84
2,26747,-88
2,44820,-52
2,24480,10
2,25675,182
2,8767,-164
2,40525,18
2,8546,-182
2,45837,-6
2,15860,48
2,36828,-90
2,25927,-40
2,29025,184
2,18518,-60
2,29535,-52
2,41384,194
2,37830,104
2,33768,-64
2,21307,2
2,21917,8
2,36766,160
2,43811,154
2,25070,-178
2,1207,-136
2,9541,160
2,170,114
2,28460,-100
2,2419,100
2,6351,144
2,9410,100
2,38583,114
2,44063,106
2,34465,-170
2,29665,132
2,4750,16
2,45045,-32
2,10462,72
2,7266,182
2,22961,128
2,28680,-38
2,42545,52
2,18576,60
2,7659,118
2,5537,-138
2,24039,174
2,22531,40
2,10982,24
2,14254,126
2,4122,-62
2,29323,-68
2,47393,-34
2,29397,92
2,15703,64
2,23464,-106
2,213,-88
2,7463,176
2,6603,20
2,12753,4
2,881,-74
2,45610,76
2,34945,-168
2,21827,94
2,6085,86
2,4818,-88
2,47214,62
2,45494,10
2,37997,-132
2,32688,130
2,43906,82
2,33416,-54
2,6978,-142
2,20596,152
2,18685,16
2,24821,44
2,4216,-62
2,41162,138
2,47555,-156
2,31532,-162
2,47216,54
2,26163,-48
2,25109,-116
2,7888,120
2,12112,-4
2,28861,138
2,13122,140
2,36880,-10
2,29968,-170
2,11507,-138
2,439,-114
2,13704,36
2,623,126
2,48923,68
2,28164,192
2,16821,-72
2,27296,150
2,17237,152
2,17651,46
2,8306,-34
2,41587,2
2,19269,18
2,15966,198
2,16612,-76
2,853,-122
2,42974,-124
2,8984,178
2,2135,14
2,45856,-126
2,19674,-66
2,26682,134
2,43704,2
2,25218,-194
2,47689,-176
2,22543,56
2,25281,34
2,41391,-158
2,25897,10
2,27814,-198
2,35056,-152
2,24697,-62
2,10290,-84
2,23828,-32
2,11862,94
2,26129,-90
2,47166,66
2,25394,54
2,40770,28
2,36927,80
2,15183,-28
2,9585,82
2,49069,62
2,21153,-76
2,42628,34
2,6849,144
2,36745,66
2,10440,140
2,32748,-82
2,41576,-144
2,8522,-134
2,2937,30
2,22167,192
2,35691,-152
2,2526,182
2,12159,94
2,38401,-128
2,14224,-124
2,45894,-6
2,24979,102
2,49521,-80
2,16977,-60
2,26684,78
2,47423,78
2,1073,-74
2,40267,-150
2,32227,30
2,6204,108
2,29212,38
2,589,100
2,14516,134
2,34102,52
2,29200,118
2,22868,158
2,35582,-36
2,3942,150
2,27301,-66
2,6231,66
2,46766,-112
2,22454,110
2,21539,-8
2,27831,106
2,4742,-82
2,12415,66
2,40682,70
2,17914,-200
2,28675,-184
2,1581,112
2,45135,-38
2,1022,-170
2,21602,-164
2,26649,150
2,11345,174
2,5687,82
2,31944,-36
2,45122,-158
2,1798,60
2,45207,122
2,39986,22
2,49741,160
2,37258,82
2,19689,100
2,9214,-18
2,37709,78
2,37737,-64
2,39308,34
2,6743,-2
2,27825,118
2,37995,-32
2,44637,-122
2,24322,-122
2,23510,-94
2,28818,136
2,45592,20
2,33038,154
2,24614,104
2,43049,60
2,10786,-150
2,16452,134
2,22344,58
2,6847,90
2,44830,176
2,27175,-134
2,16797,-180
2,12586,-22
2,20145,-172
2,33528,-154
2,8543,-124
2,22035,-118
2,37021,-108
2,25552,126
2,16599,-60
2,48679,-48
2,25765,-130
2,37005,-122
2,13713,66
2,4397,-124
2,46481,-102
2,18891,-60
2,9190,56
2,12365,-80
2,46562,-162
2,15254,-12
2,28756,154
2,5540,48
2,41695,22
2,31,94
2,30226,88
2,22748,178
2,30654,48
2,1826,30
2,6678,-178
2,7602,-116
2,7496,18
2,9208,46
2,40342,42
2,3203,-112
2,22011,-192
2,32410,-22
2,45056,120
2,19201,-108
2,44157,36
2,17461,-16
2,47696,116
2,16551,-14
2,6912,94
2,31775,56
2,26542,-174
2,36993,132
2,13112,48
2,41518,-60
2,344,16
2,20792,138
2,11854,-162
2,6679,176
2,2608,-130
2,40126,162
2,41096,-70
2,21826,44
2,19973,112
2,6438,128
2,44897,-116
2,42116,154
2,42151,-76
2,44296,-176
2,19549,108
2,6493,18
2,14592,-2
2,45990,-156
2,13790,-70
2,44664,52
2,4463,70
2,8076,90
2,21096,-58
2,33992,-72
2,14907,-152
2,6511,-48
2,44307,106
2,15683,-172
2,35095,-116
2,17138,44
2,5870,-102
2,40604,-58
2,34610,88
2,23852,-124
2,2520,98
2,24179,-2
2,34033,42
2,23314,-136
2,45804,-132
2,13628,78
2,30039,-26
2,14735,184
2,20918,86
2,5315,-122
2,16959,136
2,3451,-112
2,37815,-150
2,43688,-78
2,22410,-68
2,26976,-152
2,17481,144
2,34669,-26
2,41787,-80
2,17134,-158
2,342,126
2,3650,-146
2,35373,128
2,36474,154
2,40737,-160
2,31968,116
2,36171,-96
2,13338,114
2,33296,190
2,22225,-154
2,41432,-42
2,20408,-168
2,32442,-146
2,48773,134
2,12445,-32
2,23335,-142
2,26224,-132
2,13200,92
2,36992,38
2,2774,-40
2,3625,-100
2,49452,190
2,27913,34
2,22465,-160
2,43283,-192
2,14673,174
2,6229,-32
2,23056,-66
2,8495,128
2,2900,148
2,18726,-188
2,3651,-188
2,38730,10
2,14752,-100
2,26057,-106
2,21795,42
2,27290,-200
2,16770,-78
2,13366,-22
2,22660,-30
2,11102,90
2,48964,-24
2,15973,-10
2,13257,64
2,447,-128
2,46679,-76
2,40928,176
2,7957,-64
2,18145,-142
2,23719,180
2,2651,-70
2,44012,150
2,45189,-126
2,1975,96
2,22445,-108
2,12133,180
2,9071,174
2,23721,42
2,40618,-178
2,8608,-84
2,6532,182
2,38595,194
2,43614,-6
2,47351,-164
2,42382,80
2,8185,-60
2,41757,-52
2,24045,134
2,4972,-174
2,22652,186
2,45618,-160
2,39409,192
2,12676,-28
2,45497,140
2,31760,48
2,15499,66
2,42936,98
2,31204,92
2,6941,36
2,34250,120
2,4390,50
2,24812,-34
2,48732,18
2,33891,-46
2,39009,166
2,6879,-6
2,2928,-24
2,38966,-10
2,999,-72
2,29798,92
2,47736,-56
2,469,108
2,48619,-96
2,8601,6
2,18953,-102
2,4501,-178
2,33591,114
2,7234,4
2,36197,-12
2,36934,-150
2,43284,152
2,35203,-192
2,15721,-138
2,46838,-104
2,45993,38
2,5273,-46
2,45107,-196
2,20586,176
2,19149,-66
2,39068,72
2,1723,-70
2,41284,-200
2,47590,-118
2,3373,18
2,22739,-198
2,46365,28
2,4764,36
2,25379,138
2,17421,-48
2,14829,-74
2,16353,42
2,38853,96
2,14,-132
2,22089,-150
2,7108,154
2,3266,-106
2,3829,46
2,8526,-54
2,39171,190
2,20484,186
2,11693,-46
2,41743,-118
2,49332,-150
2,25052,-36
2,41924,46
2,10828,44
2,13329,-134
2,1809,-76
2,38662,158
2,4012,190
2,26160,102
2,31756,-118
2,32566,182
2,14336,170
2,15924,24
2,16261,-178
2,21574,-150
2,46863,-56
2,41877,-184
2,22848,-92
2,3440,36
2,7458,20
2,11272,-74
2,37348,-60
2,40581,12
2,48474,-84
2,7881,-92
2,21781,68
2,8023,-30
2,29271,168
2,21852,94
2,36322,-126
2,728,42
2,34487,-182
2,22939,-24
2,19127,160
2,17941,66
2,17100,-164
2,36225,-82
2,34679,-40
2,42121,-190
2,8746,142
2,46166,16
2,16038,90
2,38913,-176
2,24016,72
2,14410,86
2,41565,168
2,41326,-164
2,15950,78
2,22958,-138
2,42637,-82
2,24130,106
2,23956,22
2,20983,-42
2,22082,-144
2,21522,-26
2,21317,132
2,1434,-138
2,39236,86
2,1401,158
2,29407,-32
2,43516,-52
2,8964,86
2,36269,-194
2,43006,-56
2,18185,10
2,5197,-62
2,32888,-192
2,9130,18
2,11509,26
2,20368,94
2,14034,156
2,39584,-2
2,41469,-158
2,32594,130
2,7515,-102
2,47438,180
2,47369,-130
2,26466,-106
2,28823,-108
2,35993,124
2,42194,58
2,43368,42
2,673,-154
2,39675,190
2,48349,-110
2,29958,-104
2,44036,68
2,15953,-118
2,39404,184
2,23057,126
2,24809,100
2,48924,150
2,8066,88
2,49866,-76
2,38693,-36
2,4307,10
2,15339,56
2,42998,112
2,44346,46
2,39412,-36
2,41457,164
2,24026,-74
2,39791,196
2,9700,106
2,4834,152
2,23634,-108
2,36095,-140
2,651,172
2,28334,-118
2,39693,26
2,22562,36
2,4305,-26
2,14099,-40
2,22942,56
2,5629,-86
2,28783,-156
2,18941,-90
2,27283,-58
2,12235,-140
2,15376,-34
2,8147,-100
2,32444,114
2,44213,56
2,48451,126
2,7426,-38
2,2798,-70
2,12011,-138
2,34572,-134
2,18834,-132
2,18816,66
2,21449,122
2,26997,-14
2,9648,186
2,5053,114
2,25850,-132
2,5534,142
2,3444,76
2,35123,-14
2,37369,178
2,2641,162
2,37903,90
2,3114,-118
2,29366,62
2,7745,-134
2,39184,-166
2,46692,-170
2,22698,148
2,32044,22
2,33793,44
2,5170,-66
2,37361,116
2,20325,16
2,29398,-190
2,16092,6
2,22770,-172
2,41234,120
2,27319,170
2,38320,-36
2,47148,42
2,13201,-18
2,35623,-156
2,49445,-112
2,14175,-122
2,45097,-128
2,42039,112
2,35936,-168
2,27070,-166
2,33136,-110
2,30118,-60
2,23696,-56
2,3918,90
2,24079,-144
2,19000,-150
2,44473,152
2,8137,-130
2,22094,-194
2,42969,-58
2,24900,-108
2,8849,-58
2,3196,142
2,27328,-56
2,33669,-82
2,30922,-110
2,22820,-12
2,37856,118
2,29625,-120
2,18901,36
2,496,-130
2,38496,-28
2,27746,60
2,26441,-86
2,11367,168
2,26029,-66
2,13638,42
2,17883,98
2,30588,128
2,6664,108
2,16916,-128
2,33722,144
2,18982,-86
2,38547,160
2,48505,-170
2,18622,-66
2,348,-126
2,25201,-132
2,37028,-200
2,35349,86
2,49090,162
2,29556,194
2,16217,-50
2,16170,48
2,7014,164
2,44265,96
2,45658,-100
2,48269,-156
2,2212,126
2,21213,138
2,14932,50
2,34261,188
2,13225,72
2,5704,62
2,255,-96
2,34391,-102
2,34271,164
2,8590,-32
2,22929,62
2,11508,174
2,2760,50
2,21694,90
2,38591,-104
2,11407,196
2,18106,118
2,2455,-42
2,28450,164
2,16597,168
2,11466,138
2,18198,-34
2,45725,70
2,4017,140
2,14236,66
2,27560,104
2,19479,154
2,18860,-190
2,35585,74
2,47914,-76
2,4674,-58
2,18705,-60
2,15117,30
2,2951,162
2,27066,14
2,15196,130
2,49735,182
2,14025,-24
2,22233,-8
2,38718,70
2,14889,-34
2,36780,110
2,12296,90
2,40199,-44
2,8006,-170
2,27803,-184
2,17236,-192
2,25347,176
2,31989,84
2,34782,96
2,42208,88
2,35167,50
2,24012,-10
2,28980,114
2,9806,188
2,38256,106
2,8392,-76
2,13264,20
2,35642,110
2,20337,170
2,8129,78
2,46775,182
2,18245,-20
2,25303,-172
2,49340,66
2,8338,-72
2,20771,-28
2,40388,30
2,2805,54
2,10333,66
2,40663,108
2,28357,-80
2,48112,-44
2,38720,70
2,2817,-24
2,44843,118
2,15713,134
2,4521,-138
2,3954,-112
2,31740,-44
2,18528,-150
2,14610,28
2,40200,168
2,39421,90
2,28697,154
2,38550,-100
2,3527,82
2,8672,38
2,4416,-52
2,17599,-152
2,13342,-194
2,14020,-14
2,292,-40
2,43923,52
2,27930,-70
2,31310,-44
2,37007,-84
2,26659,-12
2,14540,124
2,9348,-4
2,1011,-178
2,9292,-154
2,31008,184
2,9600,138
2,27745,-200
2,38745,-84
2,30763,-28
2,29995,190
2,13032,196
2,21312,130
2,31121,-58
2,9642,16
2,14314,18
2,2477,-142
2,5711,90
2,16715,-140
2,47602,182
2,32016,-70
2,36138,186
2,20354,-116
2,26459,152
2,41651,-194
2,27922,38
2,14061,110
2,14010,158
2,1477,-6
2,20097,-50
2,49469,110
2,35471,20
2,34583,172
2,30262,-38
2,29018,48
2,19268,-170
2,4055,136
2,45695,32
2,8412,-136
2,14447,132
2,37035,30
2,10317,-74
2,15888,128
2,33034,-120
2,36907,152
2,27438,88
2,39353,170
2,21120,-136
2,28374,116
2,40508,-112
2,17789,28
2,49820,-64
2,27910,156
2,37468,4
2,2281,-34
2,5108,-130
2,5341,-68
2,21062,-48
2,1281,80
2,1693,158
2,46085,84
2,21106,96
2,7929,-188
2,24332,180
2,49402,-130
2,27016,102
2,25451,-78
2,44103,-38
2,5702,154
2,28096,-66
2,24291,-120
2,24218,-66
2,25345,52
2,6811,-108
2,34463,-164
2,42359,126
2,9066,166
2,11957,88
2,43890,-8
2,30768,122
2,6794,182
2,27804,-128
2,38156,172
2,34882,4
2,21842,58
2,13429,-124
2,25981,12
2,11454,64
2,25900,158
2,45227,-126
2,10775,2
2,17290,156
2,19345,-142
2,47290,126
2,35082,-66
2,37572,32
2,3941,-182
2,49725,36
2,46221,-128
2,48220,190
2,209,-48
2,44021,-156
2,40867,-94
2,35716,186
2,32718,82
2,19941,136
2,39905,152
2,22156,16
2,25538,-112
2,18758,140
2,10925,132
2,11903,160
2,29154,78
2,13426,30
2,48808,88
2,6859,74
2,32120,146
2,27364,168
2,16979,-102
2,31032,124
2,43330,-90
2,2813,-68
2,47519,78
2,6721,108
2,31053,-170
2,7343,70
2,46575,4
2,41177,140
2,36475,174
2,21094,28
2,32478,-170
2,4113,-178
2,38400,52
2,44134,132
2,22993,104
2,30070,20
2,41789,120
2,14058,98
2,16713,-134
2,47491,186
2,19629,158
2,17083,122
2,16314,-158
2,40686,-104
2,44064,-66
2,5443,142
2,23297,162
2,38686,-164
2,10467,56
2,8411,-164
2,7607,116
2,34872,196
2,21965,-168
2,18080,-156
2,12099,66
2,8557,172
2,26327,66
2,37389,-164
2,9815,42
2,16195,-44
2,2943,-16
2,26406,-126
2,32245,-180
2,37656,-56
2,23809,14
2,29588,-130
2,36945,-84
2,41760,10
2,48197,110
2,42987,64
2,18418,-186
2,1144,40
2,36071,76
2,10677,-80
2,46492,-56
2,27399,-30
2,4488,-176
2,23447,-156
2,44807,134
2,40600,-124
2,14256,-144
2,24791,52
2,11085,76
2,1288,-150
2,13485,44
2,28887,-126
2,45865,8
2,28392,44
2,44143,26
2,13706,-16
2,1034,-136
2,27116,24
2,1352,80
2,42156,14
2,35468,-124
2,20154,-16
2,48280,-134
2,21767,-14
2,39874,-52
2,30180,-192
2,24335,166
2,22795,-140
2,1538,-124
2,38825,122
2,4806,-50
2,31536,6
2,19753,146
2,8191,70
2,9080,198
2,24213,186
2,43329,-164
2,6287,10
2,23477,114
2,39218,196
2,25363,96
2,24849,14
2,47506,-194
2,36209,32
2,188,-40
2,27546,-184
2,13541,-116
2,19786,90
2,22690,86
2,850,-32
2,3645,-72
2,6714,152
2,39669,22
2,16055,-120
2,7316,-128
2,11252,68
2,29866,-196
2,14897,-122
2,40721,126
2,46162,50
2,48195,36
2,40824,140
2,5084,-90
2,33233,60
2,46039,150
2,8995,148
2,4323,188
2,11552,-164
2,19572,-174
2,26937,138
2,4157,-128
2,13231,-152
2,7122,140
2,13675,-130
2,44298,-162
2,24607,62
2,10515,40
2,6984,126
2,10160,44
2,328,12
2,34108,86
2,390,-168
2,7032,-178
2,29391,-18
2,31289,40
2,4801,4
2,42789,92
2,8626,-30
2,3334,86
2,29143,166
2,49207,-32
2,22382,-50
2,31421,44
2,20717,96
2,45281,-176
2,28184,198
2,24115,-30
2,683,-16
2,6387,24
2,46209,-116
2,12752,-10
2,47791,-18
2,12196,26
2,32830,-148
2,29916,-162
2,1541,100
2,3376,-184
2,19026,102
2,41292,56
2,28486,-124
2,31873,-8
2,15850,-146
2,11009,58
2,33444,98
2,24732,-44
2,12275,-40
2,790,166
2,13676,-142
2,8069,-16
2,36174,-160
2,48592,-188
2,10623,26
2,43276,190
2,39335,48
2,14548,-162
2,35090,-68
2,26470,90
2,40500,166
2,30274,6
2,48897,186
2,30737,-160
2,49147,-78
2,30280,174
2,18073,-120
2,8634,72
2,22348,-196
2,10578,36
2,45024,-158
2,32360,-52
2,6696,64
2,39003,154
2,1777,76
2,44300,-154
2,34740,-166
2,49837,-182
2,27774,-22
2,18025,-56
2,17007,88
2,41235,-178
2,16090,-126
2,36182,48
2,19237,152
2,26727,120
2,20436,-152
2,32500,-192
2,30201,-128
2,42938,-14
2,23047,-22
2,27327,-108
2,4835,8
2,44650,-52
2,3468,-54
2,25504,-100
2,23741,84
2,44441,-138
2,16584,98
2,21759,24
2,335,84
2,27433,106
2,28774,158
2,26064,-12
2,20871,-144
2,22383,156
2,34862,64
2,46768,42
2,13758,-38
2,35952,170
2,25157,6
2,22110,112
2,29369,46
2,21740,-168
2,24820,94
2,5866,-52
2,8610,152
2,32202,158
2,18215,80
2,24314,-172
2,1464,118
2,19319,96
2,48409,28
2,38383,42
2,13733,182
2,16423,-6
2,49870,190
2,45381,-132
2,26841,-80
2,2954,-116
2,27240,14
2,11782,180
2,15210,70
2,45427,-58
2,7834,86
2,21462,-96
2,32334,-86
2,41278,-146
2,18284,90
2,26226,100
2,44695,-164
2,32080,-164
2,35417,-108
2,24171,-94
2,15018,84
2,45259,-50
2,38558,142
2,18112,76
2,16785,150
2,23642,102
2,38406,170
2,9985,-96
2,35149,196
2,47435,-100
2,29540,90
2,43488,-168
2,36419,154
2,26011,28
2,2128,140
2,22885,84
2,11547,-142
2,37634,-86
2,17200,-172
2,43545,-48
2,34003,-138
2,44633,20
2,48743,-66
2,32341,-6
2,23846,-182
2,19980,36
2,2205,28
2,15968,142
2,36427,-20
2,17189,-172
2,21327,-162
2,218,-96
2,45634,128
2,28445,70
2,44740,24
2,29557,170
2,44899,-134
2,20042,-48
2,23906,46
2,11760,60
2,26840,-62
2,38888,-38
2,18309,-126
2,7669,-8
2,19892,62
2,13823,-158
2,19978,94
2,47856,-168
2,34367,164
2,41035,120
2,36497,-158
2,41025,-138
2,37176,-56
2,12281,-82
2,564,36
2,49213,-124
2,11742,62
2,23331,-160
2,24243,-88
2,38785,58
2,31767,100
2,14925,20
2,32802,42
2,37483,134
2,26869,-140
2,11275,122
2,46427,42
2,7005,148
2,27201,-198
2,11261,14
2,5785,-146
2,39687,18
2,31841,-138
2,21043,52
2,48152,100
2,3594,-126
2,1503,62
2,23570,-146
2,3211,98
2,42493,2
2,6048,32
2,49173,122
2,28988,106
2,46963,108
2,46554,-2
2,31278,126
2,44118,-86
2,34121,-184
2,4589,-174
2,16901,-122
2,8179,-146
2,43903,84
2,1678,-150
2,2093,-52
2,31435,-144
2,13107,70
2,7751,132
2,6101,70
2,11449,-192
2,41324,34
2,14539,-152
2,47477,-184
2,6630,-110
2,22029,-100
2,49068,-58
2,8619,146
2,15065,-38
2,29553,-52
2,25138,-34
2,4280,108
2,25662,-128
2,7863,-42
2,48997,26
2,1950,64
2,20676,152
2,9129,-102
2,17420,114
2,26957,-76
2,18229,-184
2,30692,-46
2,43543,-156
2,28458,-84
2,10196,138
2,10358,102
2,11075,-126
2,12043,98
2,25950,80
2,30858,16
2,44621,160
2,40095,-46
2,3244,-158
2,27045,6
2,42393,-56
2,4330,-86
2,19831,4
2,7051,24
2,47586,-186
2,15345,-6
2,44845,130
2,19610,-150
2,35890,40
2,35608,-132
2,16752,-122
2,17632,20
2,6482,-80
2,28652,6
2,11290,-138
2,47913,-150
2,23993,-104
2,29541,-110
2,25403,-114
2,37327,132
2,30660,174
2,39670,-36
2,33064,-92
2,46028,-12
2,37027,-76
2,15642,-198
2,33097,38
2,22992,10
2,7355,148
2,40527,156
2,20052,-114
2,18819,-60
2,1448,-72
2,37559,-134
2,20455,90
2,28749,162
2,45488,-28
2,15325,30
2,3822,126
2,13767,58
2,37813,92
2,34552,-50
2,38948,182
2,18471,-12
2,5579,-78
2,42809,-152
2,164,150
2,5234,154
2,22023,46
2,20629,-126
2,2831,112
2,36654,-96
2,31663,-194
2,29883,52
2,16317,6
2,25257,-118
2,30006,-188
2,5655,26
2,41199,-152
2,36130,-170
2,340,18
2,4971,18
2,22880,-100
2,5517,-172
2,46567,8
2,36884,-58
2,1862,-164
2,27235,-90
2,9881,-72
2,28641,72
2,2491,-124
2,30515,-158
2,12432,-148
2,32630,78
2,37734,-54
2,7913,-64
2,42740,-66
2,44582,64
2,28618,172
2,11489,162
2,43152,-84
2,14687,194
2,43757,74
2,46233,-158
2,16206,66
2,11572,132
2,25195,-38
2,31610,-70
2,10697,-128
2,32590,14
2,37135,128
2,39221,76
2,7991,86
2,19444,154
2,4606,128
2,14861,38
2,45379,-94
2,40545,-134
2,10259,18
2,29792,-102
2,11061,120
2,35394,92
2,5328,-62
2,5490,-180
2,21888,36
2,1285,104
2,26002,-124
2,10345,-98
2,46897,52
2,42552,32
2,30881,-54
2,25474,-78
2,7682,186
2,17568,-184
2,8716,-166
2,46631,-8
2,47667,32
2,48143,-148
2,3296,-66
2,34607,-148
2,31533,24
2,2319,14
2,25423,-38
2,37991,178
2,33647,136
2,8035,-172
2,16869,108
2,46932,-12
2,11423,-178
2,39280,16
2,6473,-166
2,3067,136
2,33229,70
2,36730,50
2,25577,62
2,8856,36
2,18165,-176
2,40025,-182
2,18747,-200
2,6110,110
2,472,-160
2,27721,-30
2,6301,-42
2,12238,134
2,32854,-52
2,13741,24
2,47734,-124
2,21768,52
2,27580,-104
2,43971,36
2,7962,198
2,20244,-140
2,32593,132
2,39327,-72
2,18381,84
2,28074,-56
2,36914,-42
2,23027,-24
2,41120,-164
2,12576,24
2,36363,178
2,38421,-12
2,42261,-106
2,1161,-148
2,27020,160
2,48928,134
2,45781,-32
2,6962,136
2,27815,170
2,39365,144
2,47493,170
2,22456,180
2,10062,196
2,47977,-96
2,46870,-68
2,4065,-48
2,21987,-2
2,17629,-102
2,39887,60
2,48860,-124
2,43282,-76
2,18440,38
2,8097,-78
2,49005,74
2,44687,110
2,39075,-96
2,8690,10
2,12072,74
2,30437,-80
2,27725,30
2,1257,158
2,28028,134
2,20594,-30
2,27479,16
2,14589,56
2,27827,116
2,37038,70
2,19200,162
2,17521,14
2,27524,-104
2,39020,-30
2,12794,-62
2,33826,118
2,36782,76
2,13959,-112
2,34085,82
2,12052,-36
2,44515,-70
2,20125,64
2,7905,-98
2,27556,-154
2,7879,6
2,32184,-132
2,16389,-84
2,11065,164
2,31759,-34
2,2678,8
2,24053,-146
2,23085,16
2,35382,-26
2,9144,-118
2,12516,-90
2,27009,58
2,29712,138
2,45318,-194
2,43848,-34
2,7376,-110
2,28748,52
2,27109,-126
2,35248,48
2,39656,76
2,34763,-138
2,6589,14
2,14475,-72
2,27018,-54
2,8938,-130
2,40546,64
2,42112,-148
2,41918,-34
2,3956,68
2,47754,124
2,16480,-100
2,17911,98
2,21763,-92
2,21933,64
2,4638,186
2,23586,-180
2,31299,58
2,9529,-62
2,26858,150
2,23445,68
2,15785,-154
2,39896,-22
2,38709,20
2,38883,-20
2,12584,-196
2,29773,158
2,10488,86
2,48373,52
2,4194,-130
2,47193,120
2,38627,190
2,406,-54
2,23960,136
2,39875,84
2,8715,-86
2,49980,-40
2,11536,-12
2,43162,80
2,29427,-182
2,21395,132
2,5020,-178
2,39270,116
2,24448,-4
2,28245,-192
2,20530,90
2,26705,-94
2,29238,20
2,30491,184
2,15102,-44
2,44335,-60
2,44314,32
2,29162,176
2,20862,126
2,769,-46
2,33900,-144
2,39516,36
2,4520,-130
2,31293,64
2,47524,-80
2,34194,164
2,34152,52
2,34179,-136
2,19115,84
2,8494,-6
2,1744,22
2,20801,-154
2,14927,128
2,34828,40
2,29024,136
2,47129,-54
2,22255,192
2,41621,56
2,45311,14
2,20718,-72
2,10188,10
2,46030,-106
2,27071,148
2,1307,96
2,36277,-20
2,39666,176
2,2552,10
2,4555,-50
2,40783,168
2,49957,-98
2,31028,-110
2,26855,-116
2,47330,62
2,38774,-48
2,40252,-96
2,34593,-36
2,22753,-134
2,31233,10
2,42669,-80
2,9740,156
2,26266,-20
2,29896,34
2,15922,-104
2,45408,50
2,13622,-78
2,37520,12
2,45299,-152
2,47452,84
2,43965,-52
2,1475,-90
2,25472,-136
2,10662,188
2,46400,16
2,811,58
2,29029,58
2,10962,54
2,43967,-152
2,27612,-142
2,7621,88
2,43057,-38
2,9672,102
2,10745,-58
2,35735,8
2,25207,182
2,1440,-112
2,20272,100
2,31500,-126
2,25274,38
2,38387,198
2,7939,106
2,29014,-188
2,13570,138
2,45272,-146
2,2312,-122
2,8293,52
2,4225,14
2,25341,124
2,24549,12
2,12590,116
2,47364,-108
2,47688,-128
2,43792,-186
2,29611,142
2,14989,186
2,21187,54
2,2547,-2
2,49646,-132
2,26938,138
2,11196,150
2,38119,-194
2,2923,-52
2,29155,146
2,37457,128
2,42080,-30
2,5007,50
2,416,-36
2,48764,-198
2,29700,162
2,1502,-72
2,31722,-34
2,9873,-134
2,12113,172
2,7887,198
2,4878,-138
2,29711,-48
2,37133,-2
2,28962,-30
2,29957,44
2,32116,66
2,15942,-132
2,49071,28
2,33792,-14
2,41693,-86
2,43,156
2,45537,162
2,16378,-144
2,23832,-54
2,47921,-184
2,3037,-84
2,16642,-184
2,24866,44
2,10206,-110
2,4543,128
2,3966,126
2,17616,-154
2,7050,114
2,13805,-188
2,11381,172
2,47783,-100
2,19507,-152
2,44943,-52
2,42331,-144
2,5524,168
2,3655,24
2,14170,124
2,11967,-56
2,5467,-184
2,34741,-90
2,43150,186
2,33421,-74
2,47182,40
2,36052,-88
2,22956,-20
2,48450,12
2,1872,142
2,13522,-156
2,28860,50
2,34209,-34
2,25953,10
2,15663,62
2,16093,-54
2,8954,10
2,40665,-12
2,22432,124
2,17930,-106
2,17229,112
2,2051,-30
2,41660,84
2,11351,72
2,37085,-104
2,12448,-170
2,8064,16
2,42274,72
2,17255,150
2,991,-72
2,2549,90
2,5708,-126
2,19541,-158
2,662,-110
2,37334,-96
2,14837,72
2,44930,-92
2,17607,94
2,1337,-114
2,45857,-28
2,19377,14
2,26588,170
2,3868,186
2,45822,-62
2,26294,152
2,40031,80
2,17956,4
2,9334,-136
2,27795,180
2,21382,92
2,1954,-178
2,3080,12
2,21894,-120
2,9897,140
2,41071,134
2,883,-98
2,19702,-132
2,23311,12
2,8342,62
2,32644,-78
2,12886,-194
2,17170,-182
2,49133,-174
2,34923,98
2,9443,-82
2,1369,194
2,9812,-2
2,16473,-170
2,18621,-128
2,40270,52
2,18270,-18
2,41516,138
2,49384,144
2,4892,2
2,35102,36
2,11315,-100
2,47905,118
2,26578,-78
2,38684,110
2,41445,14
2,7109,26
2,12003,66
2,19254,48
2,177,-154
2,19440,-148
2,23559,94
2,13936,-8
2,21486,-28
2,37804,62
2,828,58
2,16947,116
2,30701,58
2,6115,-22
2,45862,-120
2,25154,122
2,37233,-32
2,27588,66
2,23626,14
2,42083,-164
2,22715,182
2,23778,-76
2,16128,-84
2,25278,-88
2,26279,68
2,19179,130
2,6207,-194
2,48800,-170
2,44437,102
2,9813,48
2,33658,172
2,32996,-90
2,49167,-62
2,24705,-144
2,42653,20
2,1118,-90
2,45812,104
2,40339,198
2,5921,-38
2,42363,-56
2,11078,22
2,41647,-30
2,41911,-176
2,530,96
2,11554,-152
2,32354,-138
2,26203,-144
2,42435,90
2,38898,-164
2,31503,28
2,3047,-68
2,5027,-24
2,37685,2
2,35841,-128
2,34190,-30
2,17139,24
2,44137,172
2,7412,46
2,8598,92
2,23508,-114
2,24254,-54
2,26916,144
2,48483,-160
2,11502,12
2,11526,184
2,30870,90
2,13447,-4
2,47071,20
2,16273,160
2,13136,48
2,46770,20
2,23483,106
2,38826,-142
2,41640,70
2,46537,18
2,36340,-162
2,27957,-14
2,40584,112
2,2395,-16
2,36980,18
2,44859,42
2,11848,122
2,28103,-182
2,6335,-160
2,37199,-10
2,30423,16
2,14685,152
2,47579,78
2,42939,176
2,32139,88
2,17993,-54
2,34466,104
2,40097,-84
2,6250,126
2,20893,84
2,2638,-174
2,16762,124
2,13364,-50
2,2299,-36
2,20966,-124
2,21031,138
2,20077,-174
2,7231,172
2,37881,60
2,41051,86
2,8146,2
2,37411,20
2,29714,52
2,2323,-14
2,40187,136
2,31580,-116
2,48258,32
2,37294,-64
2,11808,2
2,10134,158
2,28622,-182
2,18249,34
2,10036,80
2,39695,98
2,47302,-90
2,19948,-56
2,11993,48
2,32432,-172
2,44456,-66
2,1514,6
2,29333,128
2,1468,98
2,1731,-140
2,38951,-10
2,29952,130
2,18398,-142
2,458,-188
2,28986,118
2,41742,-150
2,19593,124
2,16102,100
2,46723,-6
2,13763,-148
2,43110,8
2,34598,22
2,45481,72
2,34766,-152
2,16174,-12
2,19434,114
2,4112,54
2,47769,68
2,48428,-32
2,15482,-74
2,44416,-130
2,37915,-88
2,1080,-188
2,24677,-4
2,8891,144
2,26835,20
2,12243,66
2,23902,40
2,48712,156
2,3166,-32
2,36280,-4
2,18355,-78
2,24165,184
2,35613,-190
2,17294,-64
2,27378,-172
2,740,28
2,868,-2
2,13452,-120
2,42765,-40
2,44172,88
2,33964,-128
2,42683,-116
2,18824,98
2,48792,192
2,13989,148
2,33451,130
2,857,30
2,5384,20
2,29888,-182
2,42563,16
2,33192,126
2,47599,-94
2,41774,148
2,3539,-146
2,10332,120
2,7570,184
2,23250,38
2,39657,86
2,232,140
2,2184,-118
2,16571,-36
2,10276,194
2,20320,-134
2,14357,194
2,47363,-86
2,12888,32
2,24592,-182
2,39635,-130
2,37431,-138
2,14614,40
2,44657,12
2,44543,-184
2,16205,-44
2,41356,-166
2,18888,-80
2,45652,-112
2,15300,-64
2,17944,-100
2,40320,-118
2,40365,-22
2,34054,146
2,34752,-98
2,25960,-120
2,24975,138
2,31700,-66
2,15771,-36
2,12514,44
2,25717,136
2,48826,50
2,1802,84
2,41417,-140
2,14920,-184
2,31223,76
2,14011,-78
2,5074,-96
2,41001,-16
2,11354,84
2,6542,-70
2,4509,-156
2,22771,-184
2,17917,-176
2,11465,-108
2,16892,-86
2,40050,-92
2,34966,82
2,34392,-32
2,22755,-166
2,38009,46
2,34015,-198
2,15503,-164
2,43197,-134
2,25827,182
2,1132,100
2,10410,96
2,43746,126
2,48153,24
2,44921,136
2,29762,-78
2,16615,28
2,1550,-88
2,16163,140
2,5453,-158
2,36090,158
2,31453,80
2,11890,190
2,44194,168
2,49306,130
2,44007,-94
2,8504,-42
2,30042,46
2,10108,-42
2,47352,44
2,26479,-118
2,1411,-66
2,26071,-50
2,40072,-116
2,5036,172
2,19290,72
2,28110,130
2,44286,-86
2,41605,54
2,6330,148
2,7423,-114
2,22723,168
2,40685,96
2,34910,110
2,32788,198
2,1313,-78
2,40397,152
2,29678,174
2,8779,-130
2,42394,194
2,37978,76
2,35587,62
2,4993,124
2,17141,-42
2,35345,178
2,30092,92
2,26993,-30
2,26193,-50
2,30591,-116
2,9831,132
2,20946,114
2,45306,74
2,15992,56
2,23451,82
2,47721,66
2,41086,58
2,12599,46
2,7794,132
2,19983,-28
2,21292,80
2,43237,-44
2,41157,-134
2,11103,60
2,42857,-102
2,42303,-22
2,19685,-38
2,33059,148
2,1717,-160
2,43228,140
2,20482,-156
2,11748,-70
2,20660,-14
2,9074,-116
2,19443,66
2,9603,22
2,264,-176
2,11304,-32
2,14860,-32
2,42161,-70
2,41588,56
2,43281,140
2,23362,150
2,25573,-40
2,41596,-116
2,44055,128
2,16039,-190
2,2331,34
2,40979,-168
2,13484,-16
2,2170,12
2,39200,118
2,37665,-144
2,15531,-134
2,37117,108
2,36584,56
2,6670,158
2,26832,-142
2,29538,-116
2,33726,-184
2,19752,88
2,48943,58
2,14164,-114
2,39788,-72
2,19502,168
2,23658,-196
2,33908,-98
2,39453,-84
2,25851,20
2,35249,-148
2,8245,-10
2,4745,128
2,33609,56
2,22575,58
2,26034,100
2,20807,134
2,24869,-160
2,6522,-58
2,46866,8
2,10663,-138
2,22478,-120
2,26296,-104
2,29266,84
2,32392,-38
2,34417,84
2,4665,-158
2,4953,196
2,27156,-182
2,34677,14
2,45953,86
2,16494,-98
2,47741,-18
2,39384,-148
2,2635,58
2,21044,116
2,37222,-106
2,10849,176
2,22046,-80
2,15610,-64
2,17233,-144
2,24046,64
2,32133,76
2,42087,-192
2,11646,-160
2,45775,-124
2,15946,112
2,3151,-52
2,40234,-54
2,38208,48
2,19535,-122
2,3555,96
2,48069,-126
2,14867,126
2,17935,-70
2,24755,-176
2,723,112
2,47835,-32
2,39735,-8
2,47871,48
2,2071,-170
2,11940,-30
2,1837,-180
2,14168,78
2,29127,34
2,18521,130
2,7408,126
2,9452,112
2,26797,-156
2,1031,-174
2,35525,-110
2,9944,98
2,17492,-72
2,2261,-160
2,11978,-126
2,17879,46
2,6901,-10
2,31265,-44
2,46114,98
2,33359,-104
2,32645,56
2,34569,168
2,3419,138
2,10560,66
2,6409,-12
2,24228,22
2,20745,164
2,40699,8
2,30239,-192
2,24299,-32
2,14637,-160
2,40719,-16
2,25333,-184
2,46505,134
2,38466,30
2,17015,-180
2,11258,176
2,24174,126
2,42603,-140
2,34784,-120
2,14964,-170
2,40475,94
2,3264,-18
2,4601,-22
2,12600,178
2,21390,-10
2,23773,124
2,45992,196
2,46868,-20
2,32615,-32
2,12165,134
2,34258,-56
2,4786,84
2,1223,-16
2,6588,-18
2,1366,-92
2,49051,-38
2,8320,-82
2,4352,-24
2,27257,70
2,40143,-178
2,31766,98
2,6179,82
2,39629,-134
2,20188,-62
2,11357,-60
2,37763,122
2,16512,116
2,24901,148
2,6653,-48
2,47480,88
2,23996,18
2,32532,160
2,31255,30
2,28172,12
2,17649,162
2,49969,188
2,23392,26
2,3570,60
2,7835,-100
2,31809,-162
2,31027,-44
2,16844,18
2,29517,-116
2,19448,140
2,47020,-168
2,29597,170
2,34599,108
2,18437,130
2,34426,-134
2,12459,148
2,27117,132
2,17465,6
2,25318,-194
2,22368,18
2,34480,-40
2,14002,134
2,41474,-150
2,15730,104
2,423,-10
2,40383,152
2,28265,-140
2,30476,-38
2,38903,-68
2,32785,176
2,29782,-158
2,10448,-192
2,46827,-100
2,2330,-98
2,44464,50
2,42607,186
2,36136,-34
2,18079,-170
2,37826,-64
2,16216,124
2,7771,132
2,5756,12
2,42917,-158
2,42742,122
2,49508,-20
2,35729,42
2,46060,18
2,28648,62
2,2685,-86
2,36318,52
2,35908,66
2,40553,112
2,15419,18
2,4306,14
2,14120,-158
2,20959,-98
2,41977,-130
2,32486,66
2,29160,-86
2,34956,194
2,44132,168
2,24858,-92
2,45297,-78
2,33293,46
2,42475,-84
2,7057,178
2,28969,154
2,44320,80
2,9701,-98
2,40726,-182
2,4728,-58
2,37486,-48
2,32121,140
2,44387,-90
2,47410,-152
2,25086,-70
2,38126,-200
2,7574,-8
2,21435,166
2,2655,4
2,33090,98
2,32552,32
2,6584,-80
2,24248,54
2,30222,-90
2,48958,4
2,31343,138
2,37957,32
2,17563,-188
2,36846,146
2,19530,-38
2,47761,-66
2,47723,44
2,32487,180
2,29723,116
2,28776,176
2,20275,124
2,955,-38
2,24635,88
2,13411,84
2,24717,-102
2,44614,-150
2,33734,-144
2,31796,110
2,8288,-38
2,41173,94
2,44821,-80
2,5278,-26
2,39827,-114
2,6523,-44
2,40239,-20
2,29378,-194
2,42164,-152
2,1212,44
2,10876,-150
2,31920,150
2,32842,94
2,8663,-32
2,10356,-46
2,4048,-114
2,33207,50
2,14595,-64
2,48502,-172
2,27202,-88
2,27270,154
2,17814,-194
2,30531,112
2,39189,-200
2,38309,-18
2,161,46
2,44801,-2
2,17018,4
2,15725,196
2,10567,-114
2,20389,86
2,23592,-106
2,27967,-158
2,28212,104
2,24475,154
2,24302,-82
2,49588,-200
2,4910,38
2,31810,-14
2,22318,54
2,42451,124
2,19393,192
2,20409,130
2,45596,-104
2,14226,126
2,7448,118
2,48051,-6
2,29213,94
2,38675,-118
2,30707,114
2,33439,-188
2,17247,-108
2,46237,86
2,22596,110
2,37550,-106
2,24851,154
2,10887,-198
2,19856,106
2,40628,-148
2,24875,-72
2,20587,-140
2,1236,140
2,17796,-50
2,18703,90
2,8747,14
2,44318,-36
2,41767,-30
2,8299,-180
2,4110,-192
2,3782,-98
2,43606,-88
2,32620,-88
2,21503,168
2,19758,-62
2,46415,102
2,9548,88
2,39387,-52
2,45245,120
2,5323,-34
2,18841,122
2,10739,-176
2,30425,58
2,39377,192
2,6727,-138
2,10016,190
2,18864,-30
2,6251,-166
2,8227,-150
2,31948,108
2,35815,142
2,9038,-58
2,46344,-200
2,4886,-100
2,20172,54
2,23968,56
2,21550,-94
2,43612,-130
2,41027,-168
2,18289,-52
2,11344,90
2,17842,126
2,49278,84
2,6636,192
2,13322,172
2,2433,34
2,20399,-172
2,14599,-154
2,48494,196
2,958,106
2,1716,48
2,38233,186
2,18949,-48
2,20791,-104
2,25017,72
2,21347,-100
2,5195,28
2,29772,-68
2,24823,98
2,37415,160
2,80,30
2,8553,-54
2,27563,-36
2,36551,38
2,30677,86
2,4618,146
2,891,78
2,4434,-188
2,27904,142
2,29439,90
2,39454,124
2,17005,76
2,41455,-36
2,11791,114
2,40793,-56
2,43036,-98
2,36193,-168
2,38649,38
2,9999,160
2,7801,-126
2,20518,-112
2,7523,-116
2,10528,80
2,2766,10
2,8013,22
2,37592,-110
2,26324,130
2,37695,106
2,31745,114
2,12686,-90
2,48136,-154
2,44588,-38
2,7483,90
2,10485,-36
2,22412,2
2,38612,-10
2,31562,-182
2,6933,100
2,28867,-88
2,19588,10
2,30936,76
2,21174,-22
2,33435,60
2,19056,180
2,37599,12
2,253,82
2,25290,28
2,34116,-36
2,33740,-68
2,14415,-184
2,10714,-64
2,27298,-190
2,37761,-100
2,17709,-124
2,15634,-118
2,20335,-52
2,29951,-80
2,1330,120
2,12342,-120
2,1206,112
2,22836,-10
2,3486,194
2,33845,-150
2,19762,-120
2,38717,2
2,6234,-146
2,34806,4
2,30446,-174
2,1523,52
2,25645,-18
2,15957,62
2,23277,164
2,17394,58
2,13299,-146
2,9250,12
2,18571,74
2,12205,-32
2,20529,130
2,6568,86
2,35763,-180
2,27975,-32
2,14455,184
2,31388,32
2,4030,110
2,7823,-148
2,44070,174
2,4969,-140
2,27441,92
2,42802,12
2,14990,-2
2,9327,102
2,45078,56
2,41785,-84
2,29013,78
2,48037,74
2,37065,-120
2,40679,-130
2,5604,46
2,48671,-78
2,15247,-66
2,10330,-178
2,32029,6
2,30171,-32
2,17109,4
2,23587,172
2,11703,-84
2,44258,160
2,29217,-48
2,16682,182
2,16727,28
2,18312,30
2,15462,-110
2,44627,-64
2,28026,-108
2,40947,156
2,47075,-78
2,31451,-186
2,11765,-68
2,25471,-130
2,4254,14
2,3693,-170
2,3924,-192
2,14617,-58
2,30110,152
2,525,10
2,23052,182
2,31046,122
2,16934,-102
2,12084,4
2,27974,-158
2,19455,76
2,1059,-58
2,14364,-200
2,5765,-200
2,41684,-170
2,46358,142
2,32947,-52
2,7511,80
2,29305,140
2,4300,-114
2,23471,-110
2,10081,-78
2,41590,50
2,24953,-186
2,35268,-166
2,2479,58
2,18288,-114
2,14567,120
2,48380,12
2,7240,-72
2,6390,-136
2,41264,130
2,6578,20
2,15153,-164
2,43468,110
2,33982,-166
2,32035,116
2,38472,12
2,23813,96
2,47013,-58
2,38377,2
2,11593,-108
2,38057,132
2,30556,150
2,40573,-52
2,48186,-26
2,20168,-38
2,11522,-12
2,28850,20
2,30453,-32
2,895,-32
2,8303,94
2,42101,-142
2,21912,46
2,603,-164
2,43297,26
2,16326,-132
2,11162,70
2,35278,-12
2,47327,90
2,45584,196
2,4117,-36
2,22914,142
2,17339,-52
2,35975,54
2,27610,170
2,1746,132
2,16897,-126
2,4315,-172
2,36616,-142
2,13186,198
2,36116,92
2,17102,-72
2,27555,162
2,40892,-36
2,47647,158
2,27305,-152
2,6595,140
2,40776,168
2,45018,-50
2,16229,172
2,43215,-14
2,33013,-150
2,11756,166
2,37880,-56
2,32294,-18
2,25297,-100
2,29560,136
2,12404,-172
2,9183,-88
2,38917,-80
2,31706,-144
2,12198,-126
2,35877,-116
2,48266,160
2,33499,-24
2,30536,-76
2,36347,-196
2,6243,-150
2,39064,-58
2,39263,74
2,5380,122
2,43048,64
2,21902,-16
2,1892,190
2,30490,26
2,26508,172
2,1563,50
2,25870,48
2,37654,-108
2,44564,176
2,2435,-10
2,6089,-82
2,20816,-88
2,49130,158
2,33737,-126
2,47897,22
2,12059,-80
2,41691,40
2,41494,-26
2,12866,-30
2,304,70
2,34997,-80
2,39031,-42
2,22401,26
2,39862,-36
2,45032,-116
2,21002,96
2,933,-140
2,46382,-34
2,21265,-186
2,21232,186
2,31387,-166
2,18149,-42
2,12717,-152
2,49705,-76
2,4803,-132
2,20869,184
2,28066,-54
2,49599,34
2,47970,-100
2,47957,-58
2,16525,164
2,19033,88
2,31502,102
2,25042,48
2,33597,-68
2,46840,-66
2,33667,4
2,39811,-80
2,48685,78
2,7662,44
2,9696,-178
2,6956,178
2,13671,-126
2,18725,38
2,2147,-28
2,6427,84
2,17048,56
2,2488,144
2,38820,-84
2,35811,-8
2,47238,-38
2,22983,196
2,45262,52
2,31761,-86
2,35773,-40
2,20123,114
2,39658,-190
2,32766,108
2,41004,-94
2,17022,90
2,19843,-2
2,48423,-54
2,9635,-74
2,17602,56
2,46419,-166
2,7402,166
2,25559,88
2,11409,-6
2,33929,196
2,42531,92
2,15113,-198
2,2883,84
2,23040,30
2,14037,-60
2,5561,134
2,32988,-42
2,24290,24
2,40875,-94
2,49381,44
2,28092,52
2,30878,-4
2,28191,-72
2,49652,-88
2,739,-196
2,47169,-28
2,5825,170
2,33495,-14
2,20178,-34
2,260,152
2,16650,-16
2,795,180
2,16495,-2
2,10498,100
2,18999,-192
2,43588,-42
2,36705,140
2,19945,134
2,2696,156
2,3133,62
2,38023,-90
2,12669,8
2,29422,-32
2,43486,-72
2,2712,90
2,16404,114
2,27191,154
2,20485,166
2,29191,178
2,30208,-160
2,21242,-72
2,33869,-20
2,34837,22
2,693,48
2,28558,-88
2,49789,-178
2,18997,-84
2,35254,86
2,29976,176
2,13262,-4
2,30642,104
2,7128,198
2,12253,154
2,17178,-146
2,33186,-64
2,30764,-72
2,5573,44
2,1762,160
2,40965,100
2,3541,-110
2,12763,-44
2,14704,60
2,40501,138
2,36104,-52
2,23748,-58
2,37958,-102
2,44639,10
2,15173,168
2,44908,-38
2,23686,-100
2,12545,-164
2,30014,-34
2,41047,92
2,16110,-44
2,4843,-72
2,42898,-136
2,20176,-182
2,33764,-174
2,28447,90
2,21526,-30
2,28027,-30
2,34824,-154
2,30694,6
2,13085,-24
2,20560,24
2,36490,-6
2,32696,180
2,32187,-60
2,7152,172
2,26336,30
2,31639,-168
2,45455,58
2,36732,24
2,2681,140
2,5658,162
2,29376,56
2,49,-190
2,46319,100
2,42728,-52
2,21962,-18
2,49883,-162
2,37432,28
2,15039,70
2,44789,156
2,14272,2
2,18322,8
2,17251,80
2,49074,138
2,9869,-98
2,47012,-62
2,35222,-114
2,3711,-2
2,23892,14
2,10375,-70
2,30799,6
2,24925,-90
2,4848,-60
2,25736,102
2,21911,50
2,48756,-48
2,35469,122
2,11141,-146
2,48211,-72
2,40711,18
2,18298,198
2,7013,-190
2,49545,-192
2,21011,-14
2,3265,-50
2,28907,4
2,41796,38
2,33234,8
2,1747,168
2,47284,-114
2,37847,112
2,2076,-6
2,2013,110
2,18800,-70
2,26669,6
2,23037,50
2,43834,92
2,35390,-94
2,8758,-134
2,3864,-148
2,21984,-130
2,19531,-90
2,1438,158
2,5755,-196
2,36570,-64
2,44368,-186
2,2489,-88
2,12926,-94
2,32089,146
2,39124,-186
2,22666,-30
2,46823,106
2,4206,-64
2,23611,84
2,47764,-4
2,19276,20
2,19132,8
2,7040,-106
2,22160,-86
2,9039,-14
2,27838,-88
2,31194,150
2,971,76
2,36483,-142
2,9602,114
2,20652,-66
2,24189,-30
2,25171,58
2,2912,176
2,19543,-62
2,42997,102
2,23064,176
2,33805,-4
2,46081,88
2,25639,78
2,37253,134
2,32757,-72
2,14443,84
2,6285,158
2,8165,-184
2,46385,188
2,37552,-132
2,10024,164
2,32286,-164
2,18092,138
2,32732,136
2,28125,-54
2,22180,-58
2,19540,-12
2,18501,148
2,21670,-190
2,32903,10
2,14411,-198
2,18171,90
2,8395,146
2,5844,78
2,4385,82
2,47951,-8
2,33604,-56
2,4403,-34
2,23946,162
2,31654,-178
2,11779,-104
2,20632,-138
2,21634,116
2,18455,-32
2,27451,-42
2,24618,-184
2,48531,70
2,49434,-110
2,8530,42
2,18560,186
2,33708,-90
2,816,76
2,31817,156
2,38248,-56
2,40356,76
2,35593,-142
2,22625,42
2,2443,-160
2,25066,-116
2,16472,138
2,9248,146
2,37549,-10
2,10434,-172
2,39630,6
2,29015,4
2,30820,76
2,2881,42
2,15941,-36
2,24484,-140
2,27158,-64
2,20549,142
2,3837,88
2,35252,102
2,13379,196
2,26904,54
2,10588,20
2,36181,10
2,29648,-174
2,29363,-142
2,26579,-190
2,6758,-108
2,44536,-172
2,33362,50
2,34988,-200
2,46090,-62
2,2807,92
2,24817,64
2,1569,-80
2,783,-136
2,10237,150
2,25548,-172
2,33970,-112
2,34425,126
2,30593,-42
2,21286,172
2,19042,-44
2,29196,-108
2,16670,106
2,9995,92
2,45129,198
2,11308,-74
2,45230,118
2,26183,-68
2,46801,136
2,43034,190
2,31713,-162
2,18727,-66
2,49541,128
2,17893,-66
2,20169,-12
2,40151,-198
2,38652,170
2,18142,198
2,49665,-180
2,37640,132
2,32007,-32
2,9126,190
2,33083,-42
2,26947,-160
2,490,38
2,48509,-54
2,6408,50
2,49186,-84
2,24232,-46
2,19242,-64
2,45792,-118
2,26016,-12
2,12229,-174
2,47707,32
2,4458,140
2,23925,-164
2,40631,26
2,42636,-92
2,38858,112
2,47873,60
2,36437,-170
2,39035,-18
2,16263,54
2,31626,130
2,21969,-60
2,5374,-6
2,26032,-182
2,47041,6
2,26538,-128
2,20631,-142
2,20977,192
2,47417,132
2,42204,48
2,2282,174
2,1811,-16
2,27474,-68
2,24456,-104
2,32144,-98
2,48500,-108
2,13475,46
2,10042,-140
2,26865,46
2,19888,-16
2,432,-176
2,29559,-166
2,8727,74
2,25448,176
2,14647,-178
2,41973,116
2,33530,128
2,2994,-6
2,41142,-86
2,4423,-50
2,33527,88
2,18070,-198
2,16742,188
2,16560,-58
2,21191,-102
2,29234,14
2,24576,-52
2,24147,196
2,33979,146
2,39868,-20
2,19931,-84
2,35601,48
2,13095,72
2,44920,-4
2,7848,70
2,32242,-96
2,40889,116
2,26221,160
2,34448,134
2,41085,-70
2,20761,-88
2,1413,90
2,23937,38
2,9982,-54
2,27365,-106
2,40942,120
2,47243,152
2,29472,-110
2,13523,76
2,13735,-100
2,42348,-166
2,9389,140
2,37714,92
2,14116,138
2,49066,-96
2,40792,-122
2,35456,-102
2,31328,-10
2,6773,-124
2,45903,-70
2,24813,-192
2,40406,-140
2,38626,24
2,17211,172
2,10506,-178
2,6018,-188
2,45354,-46
2,40327,54
2,22913,142
2,43145,-162
2,12458,162
2,4378,26
2,31951,166
2,39548,118
2,22329,198
2,25366,108
2,48215,160
2,33027,-4
2,11147,44
2,9016,-14
2,24307,108
2,21628,32
2,13910,-160
2,17598,-148
2,16552,20
2,8654,-26
2,16877,156
2,35728,110
2,1378,142
2,31237,118
2,34869,160
2,46664,-64
2,1858,84
2,39563,-178
2,24691,50
2,32873,-166
2,44540,-176
2,22718,10
2,21481,-12
2,49137,188
2,18007,112
2,14922,-40
2,23619,152
2,43987,70
2,4893,18
2,14159,-32
2,30513,168
2,18952,16
2,31734,60
2,49112,76
2,8972,50
2,46721,-90
2,19972,30
2,29543,136
2,13534,62
2,43234,-186
2,31864,78
2,19644,-162
2,29867,192
2,4193,150
2,16044,-98
2,24845,84
2,27038,-104
2,11028,-52
2,45247,-14
2,373,168
2,24388,-68
2,5238,126
2,22551,-182
2,24959,52
2,10271,-182
2,11212,194
2,21033,174
2,39138,106
2,23097,-88
2,26142,128
2,9424,28
2,9568,22
2,11620,-190
2,16978,-8
2,24200,64
2,5028,-146
2,35021,174
2,30162,-54
2,29246,-150
2,11171,-126
2,23929,170
2,8070,-6
2,3834,58
2,23343,164
2,40108,-168
2,12359,54
2,37968,-200
2,19001,-30
2,21935,122
2,38489,-92
2,27482,-182
2,15962,142
2,31250,-102
2,1510,-52
2,8596,20
2,44252,104
2,14531,42
2,17278,162
2,41529,72
2,20328,-130
2,1375,-98
2,17416,-80
2,26810,-164
2,33472,-36
2,43961,184
2,44467,-80
2,21731,22
2,491,-16
2,25128,36
2,23299,-76
2,10943,156
2,35898,-16
2,41676,14
2,45162,166
2,34410,160
2,5640,134
2,45782,-166
2,32980,-64
2,28559,32
2,22175,-192
2,5422,38
2,14558,142
2,48424,150
2,12930,-40
2,28032,-2
2,29774,-76
2,47514,86
2,26593,98
2,27993,-182
2,33829,-68
2,46300,18
2,4730,6
2,18631,22
2,1851,122
2,23872,-188
2,46865,-158
2,23515,-32
2,4223,-200
2,30384,118
2,14146,12
2,24564,-28
2,43020,38
2,26320,-22
2,12960,116
2,36926,42
2,8208,-20
2,40837,48
2,47896,-20
2,39157,176
2,9137,-4
2,2752,120
2,37879,-176
2,45144,44
2,8270,72
2,49388,174
2,20068,-116
2,16986,74
2,22340,-104
2,31876,180
2,3424,-114
2,48336,-60
2,1704,6
2,33876,-132
2,29777,-100
2,48817,-14
2,23136,-52
2,34160,138
2,32011,44
2,8766,-106
2,33117,106
2,1051,64
2,4583,-108
2,30749,184
2,29818,34
2,36128,-114
2,22835,72
2,26394,6
2,26293,96
2,48661,42
2,14879,152
2,5639,-14
2,42593,6
2,443,-144
2,22824,-118
2,22418,64
2,44085,-186
2,40825,164
2,13121,-106
2,16980,-86
2,725,90
2,35437,26
2,7550,-132
2,19750,-170
2,6520,-56
2,15616,-128
2,21014,-134
2,25852,88
2,46496,102
2,22074,-134
2,47952,-190
2,21816,108
2,32119,134
2,31571,-34
2,12015,152
2,8953,-60
2,14479,54
2,22257,22
2,45025,-108
2,28475,-148
2,30643,-78
2,37773,16
2,29430,-102
2,37469,134
2,21136,-200
2,22193,184
2,49772,-172
2,26853,-76
2,41232,-124
2,9771,168
2,47463,124
2,30062,198
2,30296,148
2,21301,84
2,38654,130
2,40469,-36
2,17825,98
2,14779,16
2,16027,194
2,18037,38
2,49185,166
2,22884,-136
2,9906,-6
2,20782,16
2,4337,-74
2,36122,22
2,14512,26
2,39087,74
2,43583,48
2,7750,-174
2,30483,132
2,31953,-160
2,33171,-122
2,30659,-96
2,19281,-86
2,49070,148
2,8912,-62
2,34870,-128
2,44894,22
2,13688,136
2,20657,-166
2,18488,-34
2,17836,-110
2,34796,98
2,24267,66
2,44365,-26
2,24108,160
2,9239,-146
2,4394,-20
2,8098,-174
2,7907,-62
2,1014,-16
2,18347,172
2,8038,-34
2,20180,-100
2,27224,-88
2,19738,144
2,36866,-132
2,7693,-12
2,387,92
2,13415,92
2,11236,88
2,46476,-112
2,20379,62
2,31946,14
2,26089,-48
2,19830,52
2,37542,174
2,39372,172
2,49202,-34
2,5826,-92
2,6154,88
2,42861,168
2,36151,178
2,10154,-178
2,22077,28
2,29846,4
2,23983,-96
2,26515,2
2,18991,130
2,14555,166
2,26358,100
2,15242,-66
2,23283,152
2,32017,190
2,12879,-140
2,1292,180
2,37844,40
2,9280,190
2,36222,154
2,47824,68
2,3284,-92
2,1714,-12
2,31899,-48
2,8470,-18
2,9947,-92
2,32965,-158
2,36066,136
2,44694,-96
2,26334,-174
2,9667,-60
2,11975,150
2,17905,72
2,1095,-92
2,49283,170
2,29853,132
2,47025,-194
2,45505,-12
2,17137,18
2,17078,116
2,24738,-106
2,24250,-188
2,9817,-134
2,40591,96
2,26662,-122
2,23307,12
2,11337,164
2,26829,158
2,20044,-158
2,31755,6
2,6135,-46
2,20899,168
2,34348,-14
2,42681,14
2,44949,60
2,27261,132
2,2972,-196
2,47879,20
2,30413,-104
2,44881,90
2,10227,110
2,9816,-56
2,13812,-134
2,36048,174
2,36453,26
2,9094,-158
2,15884,108
2,47632,-128
2,9721,-124
2,27507,150
2,38242,-92
2,38501,-118
2,42682,50
2,45531,-20
2,36741,-48
2,33270,-200
2,26763,96
2,14245,152
2,24255,-62
2,35051,2
2,47880,-66
2,20789,172
2,41227,-76
2,40769,-104
2,38481,-76
2,40816,138
2,39985,-68
2,14489,-114
2,41015,-120
2,30063,-132
2,49523,-164
2,45722,28
2,49826,82
2,25360,-6
2,48918,-112
2,86,-8
2,35616,56
2,4294,-74
2,9858,-74
2,33607,114
2,907,-108
2,41011,-106
2,12455,-178
2,1211,-200
2,35555,38
2,49997,-14
2,6890,80
2,15436,-14
2,7672,-16
2,9597,140
2,36974,48
2,9675,-130
2,31842,-70
2,23961,56
2,1495,-144
2,21320,8
2,11627,164
2,5868,150
2,30514,16
2,8442,188
2,21508,-44
2,30142,68
2,18904,-6
2,25919,-158
2,30733,134
2,27645,74
2,7145,-46
2,33600,-36
2,20878,2
2,15845,112
2,18774,-30
2,38723,146
2,30597,6
2,41312,-22
2,31564,-116
2,37463,184
2,49092,-126
2,32102,-62
2,9005,166
2,28681,-54
2,19209,-184
2,32605,-132
2,34361,-26
2,593,146
2,23123,-100
2,28482,-26
2,49120,24
2,22582,142
2,18319,-10
2,42217,-12
2,46926,124
2,22768,78
2,38752,94
2,22375,100
2,24881,178
2,27276,174
2,6362,68
2,32548,48
2,19404,182
2,6129,-38
2,43866,-132
2,36749,-90
2,22568,148
2,30940,-182
2,14646,146
2,34665,164
2,5587,146
2,49782,-20
2,39150,-134
2,4313,28
2,10723,178
2,16384,132
2,8134,-148
2,5912,-14
2,28595,-90
2,30302,-76
2,35996,-40
2,41674,14
2,34772,-18
2,46000,38
2,48740,52
2,30672,-130
2,15415,-144
2,37402,-168
2,29,116
2,8824,100
2,24560,106
2,7702,120
2,45460,70
2,7648,-188
2,37405,-6
2,49277,-164
2,24688,24
2,35641,-34
2,9932,-48
2,19283,-180
2,18688,176
2,45671,96
2,12799,102
2,45654,56
2,33656,-26
2,6597,-156
2,42497,6
2,35546,-12
2,12121,-82
2,34509,168
2,42215,-192
2,19751,-116
2,28846,174
2,30348,184
2,3476,-78
2,11654,104
2,43922,-84
2,27266,152
2,26185,-184
2,8573,-144
2,20769,62
2,40374,174
2,41089,148
2,27595,-110
2,36091,-48
2,43286,148
2,27204,82
2,33557,-40
2,38676,-128
2,19525,164
2,9267,-2
2,5147,-98
2,19947,-38
2,29586,18
2,11798,174
2,5740,-112
2,10537,66
2,39717,-156
2,30866,188
2,13062,62
2,49615,56
2,30574,166
2,45323,108
2,22827,-188
2,17751,108
2,22591,-60
2,38843,-68
2,9698,-30
2,23322,140
2,36184,-46
2,16309,130
2,38185,128
2,14941,34
2,33310,-142
2,48463,-128
2,7506,40
2,7321,122
2,43503,20
2,33468,104
2,8587,120
2,20084,140
2,22448,10
2,49843,-150
2,20297,-10
2,24460,90
2,16630,104
2,19567,-164
2,34904,106
2,40659,-88
2,29071,-172
2,26462,-82
2,41135,-26
2,30634,50
2,48512,-180
2,1706,174
2,10029,-48
2,36028,-40
2,11803,-188
2,19141,-122
2,38795,-44
2,36486,-78
2,30787,36
2,31818,134
2,1960,18
2,45431,-134
2,8466,-90
2,19426,-126
2,17666,182
2,16397,-142
2,25656,186
2,26286,-78
2,8956,-56
2,24949,174
2,12222,-26
2,48077,-88
2,47919,-70
2,8666,14
2,35136,126
2,1932,-66
2,24972,62
2,33164,88
2,17004,194
2,15767,-42
2,30738,120
2,49560,78
2,16943,124
2,8744,-110
2,19011,128
2,29299,-156
2,32570,196
2,17523,-122
2,8313,184
2,42848,-52
2,27228,122
2,26633,10
2,39484,64
2,44476,196
2,6762,-108
2,28755,-186
2,20474,80
2,29134,78
2,9000,-130
2,27987,42
2,588,-162
2,48607,2
2,46884,42
2,7610,108
2,18046,170
2,37902,-24
2,13831,-190
2,31450,18
2,674,168
2,47079,52
2,31795,-190
2,18507,-108
2,45004,-16
2,15486,-2
2,14674,-200
2,4021,16
2,5309,72
2,1367,104
2,9138,144
2,23048,-138
2,48075,-18
2,19347,-170
2,36009,72
2,24667,104
2,5407,136
2,19729,4
2,25708,-30
2,34146,-60
2,10507,4
2,5332,14
2,17466,-96
2,11592,122
2,26111,6
2,36708,42
2,45604,106
2,46379,162
2,30803,-192
2,37374,-18
2,5908,-74
2,25605,-140
2,26074,-90
2,23894,46
2,18871,18
2,10266,-2
2,16050,-190
2,3658,44
2,2100,98
2,47332,54
2,19424,72
2,8793,-28
2,5135,110
2,45927,-102
2,19125,108
2,12524,-60
2,31376,-150
2,23532,-78
2,4990,-18
2,49650,-146
2,9087,22
2,28870,-124
2,17646,-108
2,1644,-190
2,33018,-96
2,48239,44
2,17321,-154
2,24021,102
2,46125,-162
2,42370,92
2,15974,-88
2,37353,128
2,15270,-178
2,1131,-36
2,17517,4
2,24977,98
2,34438,-38
2,25392,120
2,428,12
2,2107,112
2,4593,8
2,22927,116
2,41819,-16
2,29347,126
2,49363,58
2,1044,-76
2,41133,14
2,39102,174
2,12989,106
2,41569,22
2,24145,68
2,20200,158
2,29112,68
2,49257,-162
2,45624,-100
2,3596,-58
2,42643,14
2,35894,76
2,28997,104
2,1006,-68
2,45776,-34
2,31878,-166
2,47979,110
2,9306,-94
2,3043,174
2,16663,70
2,31286,134
2,8305,-132
2,26240,140
2,6162,-12
2,11562,-86
2,18133,-16
2,36986,-190
2,43184,-198
2,26765,-42
2,27932,30
2,29966,6
2,21993,-58
2,2782,196
2,33507,-54
2,17717,2
2,21673,-70
2,48680,196
2,5142,60
2,32998,-152
2,41296,114
2,38477,-150
2,29842,118
2,6729,58
2,31880,136
2,49555,34
2,12240,28
2,19787,-98
2,35115,-74
2,47232,-96
2,47196,-196
2,38048,-98
2,5383,-40
2,26776,42
2,11399,112
2,25704,116
2,11432,-186
2,30053,-70
2,43927,114
2,23119,-12
2,40953,162
2,3785,-8
2,44645,-70
2,35572,144
2,35606,-84
2,22934,168
2,6548,-102
2,41109,106
2,40462,72
2,36309,172
2,10774,30
2,24654,-34
2,19853,138
2,31346,-106
2,17147,-52
2,48854,54
2,39115,178
2,33661,34
2,36896,132
2,1271,-16
2,15505,-52
2,28647,10
2,11517,-4
2,2146,132
2,2136,-174
2,32892,-90
2,48447,166
2,10710,4
2,18711,4
2,26198,156
2,38868,98
2,42060,-76
2,43345,160
2,36328,-38
2,19245,-120
2,27576,136
2,13313,44
2,18981,-154
2,29940,80
2,35958,-44
2,28438,116
2,21776,-168
2,41739,138
2,21145,-164
2,14169,166
2,48647,-186
2,49046,-92
2,48985,70
2,36367,-172
2,18552,120
2,7434,2
2,27269,-4
2,25222,6
2,32899,60
2,26143,22
2,7979,64
2,21832,84
2,44193,-140
2,19836,-60
2,48919,80
2,29964,4
2,7946,-196
2,18849,16
2,9459,140
2,16245,162
2,31512,54
2,35611,-62
2,40924,154
2,10520,72
2,37940,148
2,11634,-166
2,36938,52
2,4656,-30
2,16454,92
2,11951,-68
2,33288,86
2,6104,-196
2,28505,-54
2,27151,-150
2,12915,126
2,18294,-154
2,27723,-64
2,9640,-58
2,27460,-136
2,23875,180
2,885,168
2,20704,76
2,31011,-190
2,16513,62
2,23161,58
2,24082,-66
2,7675,134
2,39686,-62
2,35999,-138
2,9008,186
2,11320,-104
2,18097,-176
2,39304,138
2,30790,-194
2,10199,-32
2,29380,-46
2,48749,182
2,22668,194
2,32708,92
2,19850,110
2,43550,-122
2,4199,108
2,25774,-48
2,42794,148
2,27069,-154
2,45950,18
2,40529,20
2,11991,-32
2,44338,-146
2,49031,142
2,7009,62
2,135,-28
2,33120,92
2,15604,-68
2,44152,-142
2,9293,-46
2,13878,40
2,49446,18
2,11503,180
2,46843,-112
2,5350,-18
2,18206,74
2,9490,54
2,41790,196
2,30306,-76
2,47389,16
2,38449,84
2,48557,10
2,33715,-156
2,43156,-138
2,8239,98
2,44115,92
2,34886,-82
2,11577,-116
2,34263,-70
2,4865,4
2,16759,94
2,40247,-30
2,13042,-194
2,17343,198
2,26599,-90
2,47978,-166
2,21304,94
2,48056,-146
2,4072,32
2,39521,-98
2,32944,-46
2,1941,-182
2,41040,-14
2,34224,-194
2,26600,176
2,18221,-68
2,47304,48
2,7978,-136
2,35264,88
2,41439,-118
2,35959,-192
2,28380,-186
2,4276,8
2,26944,152
2,4454,-160
2,6579,120
2,21065,48
2,25620,-76
2,30788,188
2,47932,-2
2,35126,84
2,25024,56
2,31531,-2
2,25082,66
2,41097,-84
2,10871,-168
2,7807,178
2,37662,106
2,18225,172
2,30977,54
2,26533,-20
2,62,122
2,37650,170
2,42966,58
2,4663,-126
2,40787,-36
2,42384,-86
2,12266,138
2,21109,-198
2,36785,86
2,638,-178
2,3520,-134
2,12985,-80
2,42052,-76
2,19087,196
2,19724,-106
2,48208,82
2,11328,-90
2,35805,114
2,985,-68
2,15053,6
2,18836,-180
2,21538,-54
2,29843,-126
2,7031,22
2,49244,64
2,41170,80
2,2225,130
2,1821,-142
2,5404,-58
2,47240,110
2,11619,18
2,7849,-14
2,17113,148
2,7636,-162
2,30919,18
2,40217,76
2,5946,84
2,7030,-44
2,46054,108
2,17485,14
2,18654,182
2,20583,34
2,45640,-160
2,46403,-84
2,36234,-40
2,44294,-2
2,39974,-92
2,4570,-196
2,15508,68
2,46062,10
2,40326,100
2,18547,180
2,11417,158
2,25872,10
2,7238,-186
2,32677,16
2,32188,-26
2,30953,118
2,39863,-40
2,35331,34
2,31479,-102
2,5474,10
2,11677,-20
2,1016,-126
2,10068,194
2,10316,-146
2,10595,-64
2,29694,-110
2,46922,140
2,23566,-94
2,23608,-192
2,18454,188
2,47593,-180
2,13835,90
2,26184,34
2,23453,122
2,34505,-14
2,4134,-182
2,28102,192
2,15324,-120
2,22618,36
2,32521,70
2,49753,-178
2,31998,-54
2,39814,96
2,6716,140
2,13115,-28
2,46825,118
2,14859,-180
2,48017,-42
2,18483,106
2,40640,126
2,25399,-8
2,30352,-200
2,37589,142
2,9421,-162
2,7990,156
2,27318,106
2,20986,72
2,28344,-46
2,23032,-68
2,2823,-64
2,27775,8
2,3552,46
2,48653,-88
2,8800,-178
2,17785,-146
2,31315,78
2,27948,44
2,33320,-152
2,24773,60
2,19996,74
2,35921,-90
2,2856,-162
2,22622,130
2,33595,-88
2,33074,-192
2,29805,-108
2,42639,-154
2,3940,-182
2,394,10
2,6292,-2
2,42339,158
2,49888,10
2,39483,156
2,30394,146
2,1535,26
2,45836,-20
2,38958,-144
2,6023,8
2,40466,168
2,15516,124
2,12653,174
2,29067,72
2,39522,76
2,42828,-118
2,1039,180
2,47030,-88
2,5139,70
2,34472,-128
2,14773,-26
2,650,108
2,38600,170
2,41878,72
2,11797,60
2,18068,124
2,7877,-60
2,5241,-58
2,13467,74
2,44324,-14
2,10785,178
2,19546,-54
2,43199,10
2,45198,112
2,40812,86
2,6816,138
2,39947,190
2,16870,138
2,36189,-110
2,26570,-74
2,7027,134
2,39028,38
2,12865,-44
2,49895,-134
2,46164,156
2,606,72
2,11170,-38
2,11837,188
2,29290,132
2,18354,2
2,41452,104
2,26091,-168
2,45687,132
2,14110,106
2,32880,-126
2,31975,-136
2,32803,-166
2,14645,150
2,5432,-102
2,13341,-50
2,22440,62
2,3393,170
2,29365,-68
2,26467,-10
2,40896,-124
2,30801,-58
2,30972,-172
2,18954,-84
2,24906,194
2,49921,-178
2,25612,16
2,49551,-124
2,14250,32
2,43361,196
2,2886,-114
2,12318,-174
2,17948,100
2,18538,82
2,36127,64
2,35041,28
2,34773,-156
2,26035,-160
2,15447,190
2,26307,-58
2,27057,-166
2,36188,-158
2,2769,-172
2,18446,-142
2,38352,-60
2,29273,-168
2,3843,-74
2,33989,4
2,8031,-112
2,35319,42
2,35140,-22
2,39543,44
2,47043,-68
2,10556,196
2,10983,76
2,12387,-190
2,47813,-66
2,45646,136
2,30498,-66
2,48759,-136
2,39938,-44
2,23038,26
2,32847,-2
2,32034,144
2,1156,60
2,22122,-138
2,29837,-140
2,41545,-130
2,3204,106
2,35359,132
2,15788,108
2,16696,32
2,16134,34
2,24007,-38
2,41022,-154
2,32870,-130
2,26355,-192
2,27670,-88
2,23908,-136
2,268,20
2,6576,-78
2,27080,16
2,30843,128
2,21118,108
2,47415,110
2,1561,-26
2,26960,-138
2,32694,26
2,48490,-34
2,38084,-134
2,25712,-48
2,10238,32
2,33690,78
2,4210,192
2,42581,-66
2,44992,-122
2,33209,88
2,16072,-154
2,47044,-114
2,16130,36
2,45395,-50
2,42791,74
2,26435,-96
2,36809,-20
2,41712,130
2,37735,174
2,25198,-6
2,34380,32
2,16652,118
2,19196,192
2,5113,194
2,1191,-148
2,11720,14
2,49770,198
2,14323,110
2,12566,186
2,4187,194
2,36018,-162
2,38317,-102
2,27323,-178
2,27052,154
2,11882,-60
2,43038,-134
2,32868,126
2,6930,-196
2,9108,-188
2,37308,-46
2,37608,-188
2,28527,88
2,2036,186
2,23601,-134
2,1655,-150
2,35955,136
2,3846,22
2,234,-20
2,41400,116
2,42776,-46
2,1864,168
2,17530,158
2,49655,-192
2,7157,-82
2,4726,2
2,37969,-174
2,9666,-192
2,15766,28
2,2355,64
2,14899,78
2,24976,-72
2,6440,-152
2,41864,-28
2,32704,30
2,2887,-144
2,30212,-62
2,8251,88
2,32326,-78
2,11983,180
2,3413,-142
2,18303,146
2,20094,-20
2,41799,-116
2,9859,32
2,41701,-154
2,47743,102
2,22038,154
2,17946,10
2,9724,-44
2,772,-110
2,39798,-180
2,3775,-30
2,47742,-2
2,17809,192
2,35347,168
2,36596,18
2,38991,116
2,36418,-182
2,21815,172
2,11624,180
2,39149,-160
2,38392,42
2,36881,-40
2,28839,-148
2,22024,-118
2,2105,-38
2,36842,34
2,5431,-194
2,14324,-54
2,6682,-40
2,10207,118
2,49953,140
2,4702,120
2,30741,24
2,29093,174
2,9877,50
2,44040,172
2,13492,174
2,22183,168
2,44869,164
2,43790,-54
2,8277,192
2,14976,-42
2,39823,28
2,49054,-84
2,43299,-150
2,21417,-68
2,11189,150
2,43069,-34
2,31486,-18
2,49197,178
2,25691,-132
2,33409,-34
2,39841,-92
2,36731,186
2,12694,188
2,45875,-48
2,48183,124
2,40876,-76
2,8527,-44
2,41559,-126
2,11836,162
2,6453,110
2,38289,142
2,23262,150
2,19202,164
2,353,-78
2,25876,78
2,25610,192
2,21445,140
2,570,-68
2,25903,66
2,33983,-188
2,13043,-22
2,34471,46
2,45118,132
2,7378,12
2,3132,24
2,24565,-20
2,8521,108
2,31744,2
2,46880,166
2,34239,84
2,41472,20
2,13458,-144
2,1680,-98
2,28111,122
2,47539,-70
2,30548,176
2,47670,16
2,3768,156
2,35688,116
2,5615,68
2,32318,52
2,12776,-148
2,16711,150
2,38226,-70
2,11225,-160
2,44877,102
2,29640,-192
2,48475,192
2,10260,74
2,41024,6
2,41058,6
2,41167,-200
2,20941,-108
2,12209,-88
2,7766,86
2,28954,170
2,4850,-184
2,17844,-138
2,1597,-10
2,28415,74
2,46076,-80
2,32265,140
2,11269,96
2,31902,-130
2,17668,84
2,5791,-120
2,49934,8
2,24345,-178
2,4721,112
2,2626,-86
2,29207,-54
2,5424,-36
2,16796,108
2,37256,-142
2,41380,-96
2,33154,-150
2,26006,-176
2,30744,90
2,29950,156
2,24005,12
2,44891,122
2,49121,38
2,17493,-46
2,19153,102
2,41146,22
2,16419,-84
2,33015,108
2,14775,-38
2,6446,86
2,45209,-168
2,47317,34
2,25336,48
2,46731,98
2,43800,-86
2,29262,-18
2,26953,-8
2,36870,6
2,34585,-166
2,39328,-156
2,11831,-96
2,17117,-66
2,8612,162
2,17277,-114
2,26743,-52
2,28285,-60
2,21432,26
2,892,-88
2,28579,120
2,19772,-134
2,29979,132
2,20230,90
2,49208,-136
2,17066,-94
2,8158,-170
2,3809,-120
2,14374,56
2,31159,172
2,17427,2
2,1013,182
2,39789,60
2,29910,-38
2,12135,192
2,5700,154
2,44638,150
2,20185,-28
2,6159,-64
2,4236,-26
2,24402,180
2,10491,74
2,24268,102
2,37937,-68
2,16413,-176
2,11198,86
2,48406,-196
2,39163,74
2,1512,-68
2,15967,-24
2,34967,86
2,21045,74
2,48511,-20
2,43391,170
2,20008,100
2,45175,74
2,49220,-156
2,42758,-26
2,14090,4
2,33055,-164
2,26439,-30
2,49550,-8
2,10870,-6
2,10630,112
2,39397,-124
2,29498,-18
2,1652,30
2,18287,146
2,28178,-150
2,35292,-72
2,17259,-76
2,9217,-112
2,36027,186
2,8090,96
2,18613,-36
2,32914,-196
2,40550,-6
2,3096,-186
2,21778,94
2,39663,70
2,15567,-52
2,31652,120
2,18522,176
2,18132,114
2,10310,-130
2,19547,38
2,15487,-88
2,23624,118
2,47190,70
2,24226,30
2,36080,-56
2,9628,-78
2,11711,26
2,1566,-46
2,30950,76
2,48169,-122
2,15624,-58
2,5129,-128
2,15595,92
2,31586,-144
2,49305,-150
2,27529,106
2,12035,174
2,5625,92
2,39392,44
2,45595,-154
2,46206,58
2,44098,-50
2,35445,198
2,39762,58
2,27304,6
2,14104,-90
2,30973,-134
2,14129,58
2,42178,88
2,7741,198
2,3049,-86
2,7232,30
2,47010,140
2,26907,64
2,30784,-148
2,2415,80
2,13116,-184
2,42787,178
2,15413,32
2,42362,162
2,39680,-78
2,42108,-124
2,49223,-22
2,10381,128
2,26060,174
2,43635,-6
2,6733,22
2,15669,22
2,11281,182
2,1209,94
2,30012,104
2,34979,60
2,37010,-140
2,25105,-10
2,1829,-194
2,459,196
2,2183,-196
2,33175,-36
2,45659,40
2,30933,72
2,34965,-144
2,8160,-160
2,946,120
2,2716,40
2,7269,24
2,40002,74
2,14706,30
2,6665,-16
2,29731,108
2,33511,118
2,42863,-8
2,34877,196
2,12868,-4
2,470,-38
2,4486,12
2,49252,-140
2,49620,-46
2,36851,-92
2,35131,184
2,3905,28
2,44841,92
2,8318,80
2,29355,82
2,12920,162
2,25813,102
2,24258,-20
2,14432,60
2,24861,40
2,5295,-78
2,44508,-194
2,41185,118
2,43930,-104
2,4349,120
2,16015,-184
2,45357,114
2,29658,-144
2,42185,-24
2,15829,112
2,41364,14
2,43291,-126
2,43785,14
2,25980,-18
2,4026,-18
2,8499,-172
2,36774,196
2,42580,-36
2,7545,-84
2,27915,-92
2,1406,-36
2,25422,-142
2,44249,62
2,22604,-170
2,24493,154
2,46439,198
2,18686,178
2,49616,-80
2,3390,-84
2,33291,44
2,6017,-2
2,42093,-44
2,28978,2
2,23551,130
2,37600,8
2,47482,22
2,389,-28
2,21923,-106
2,14987,144
2,32001,-164
2,49927,-12
2,43478,12
2,9489,-178
2,3602,56
2,20559,154
2,9469,172
2,28535,194
2,11893,-30
2,29158,124
2,25955,-108
2,34640,-56
2,24681,-16
2,24675,-172
2,44689,122
2,26447,-200
2,41130,142
2,7410,-116
2,29467,116
2,19230,16
2,46332,104
2,22597,-28
2,17601,-94
2,4612,168
2,49291,2
2,778,-116
2,23541,-72
2,39640,86
2,29140,-106
2,22103,174
2,45673,70
2,47786,-16
2,25772,-198
2,15195,90
2,13135,-76
2,42648,130
2,23838,114
2,22977,-80
2,33533,30
2,7235,-130
2,13799,136
2,32280,-60
2,35460,-138
2,40961,86
2,47496,-18
2,38190,-150
2,32908,-52
2,11393,-188
2,4302,-12
2,7641,-114
2,668,-108
2,24776,148
2,35904,-118
2,38312,-130
2,21209,-170
2,35895,146
2,2391,38
2,38716,30
2,48748,26
2,30761,-152
2,13008,184
2,39995,76
2,38340,-18
2,6945,-152
2,31085,-90
2,1521,-186
2,43230,194
2,37933,-166
2,22393,-32
2,23602,-18
2,34476,-158
2,4036,184
2,37720,-10
2,17685,-182
2,3041,110
2,17582,-192
2,48353,-38
2,48543,-42
2,4830,8
2,38160,6
2,16438,-184
2,3363,-18
2,16857,110
2,18588,2
2,27421,-128
2,47546,8
2,16020,130
2,45723,66
2,30433,182
2,18778,-136
2,22076,-158
2,18541,124
2,29499,-104
2,32475,-98
2,5211,-104
2,42264,60
2,8632,-46
2,11956,-114
2,33321,56
2,31074,188
2,9110,16
2,29810,182
2,10984,12
2,8298,-162
2,25304,-132
2,47910,-160
2,49512,142
2,37078,182
2,9027,-52
2,1770,-174
2,12453,-56
2,35202,-20
2,42425,-130
2,24877,-152
2,2101,-58
2,35917,-22
2,2516,70
2,35192,-70
2,1855,-150
2,13998,14
2,49371,-164
2,40160,152
2,45570,-156
2,48271,164
2,40453,148
2,259,110
2,18266,90
2,45859,-62
2,4052,68
2,45632,-98
2,27093,-200
2,26528,-68
2,24321,-148
2,18045,180
2,21552,182
2,48402,-152
2,10385,36
2,43551,-120
2,11229,108
2,14262,-96
2,7117,-52
2,49468,-138
2,3839,56
2,8265,10
2,2134,150
2,35178,-172
2,3090,90
2,3346,-146
2,3437,120
2,20582,-166
2,40127,-104
2,6429,-114
2,5843,-200
2,33023,132
2,18000,46
2,17587,182
2,1568,72
2,27413,-146
2,16286,10
2,31526,-164
2,33420,-162
2,26299,-58
2,35164,30
2,48455,-82
2,41489,-86
2,28237,80
2,2554,8
2,16635,-200
2,32389,-144
2,38531,-170
2,6325,22
2,15491,-16
2,36232,98
2,15410,180
2,18542,-198
2,30279,10
2,40011,-18
2,11224,-194
2,10261,98
2,30100,44
2,46685,-178
2,34634,110
2,15824,-18
2,48586,16
2,28966,-172
2,22817,-182
2,9850,162
2,8133,-8
2,44603,-138
2,34135,-198
2,11952,-10
2,15043,172
2,28665,130
2,35874,76
2,22407,-200
2,22357,152
2,18796,102
2,30538,194
2,33760,-154
2,45389,190
2,39893,26
2,83,-168
2,14651,50
2,29054,36
2,2493,-142
2,7474,-178
2,18299,112
2,1108,-176
2,38300,-104
2,37578,98
2,49773,174
2,6165,-140
2,8822,-190
2,39525,194
2,7468,64
2,6991,-184
2,40774,122
2,18723,-90
2,21560,-90
2,6263,-6
2,17877,-182
2,5914,-126
2,2367,152
2,43463,54
2,20228,-66
2,7421,-170
2,23050,-36
2,23527,152
2,17848,36
2,20976,196
2,15395,94
2,27169,174
2,45231,104
2,19439,-126
2,20002,122
2,38052,60
2,29073,126
2,48652,-104
2,18640,-176
2,33377,-122
2,34762,-70
2,30989,20
2,30319,-112
2,37719,168
2,9431,182
2,4772,-150
2,1733,-174
2,39271,76
2,19928,-92
2,3852,104
2,42579,156
2,49266,32
2,461,70
2,41982,186
2,14325,-42
2,49740,-20
2,28226,176
2,6804,-140
2,14376,114
2,25634,-10
2,5263,-108
2,7874,60
2,26787,-96
2,15458,14
2,7259,-154
2,35487,-116
2,13493,188
2,13278,-196
2,23552,196
2,34522,-182
2,43352,110
2,6841,14
2,17473,72
2,35059,-8
2,22887,-150
2,31446,84
2,31370,-124
2,33326,26
2,29821,-42
2,47658,-130
2,26298,-32
2,42259,92
2,27582,26
2,13963,-176
2,16879,-98
2,24974,-158
2,26095,-140
2,7969,102
2,37932,-26
2,22034,24
2,46110,-140
2,27139,-186
2,14223,100
2,22231,78
2,16482,18
2,33198,160
2,15849,-120
2,22918,140
2,27216,44
2,9574,-156
2,25649,-38
2,37018,28
2,40888,198
2,17664,-76
2,24423,174
2,44208,-32
2,15925,50
2,4077,34
2,9984,-8
2,28193,-14
2,35060,-20
2,9216,92
2,27778,30
2,43341,-130
2,2658,198
2,6479,148
2,16516,22
2,39598,188
2,14496,-110
2,37201,144
2,36229,-90
2,26093,-112
2,27047,-30
2,43740,108
2,43277,-174
2,1933,122
2,14300,2
2,23803,24
2,2408,170
2,12568,198
2,32775,40
2,35941,132
2,25466,62
2,6500,168
2,13078,144
2,22659,18
2,19016,-98
2,2052,-108
2,5099,-102
2,11054,58
2,616,112
2,27193,-196
2,22147,190
2,47633,-112
2,37194,54
2,20719,104
2,6972,176
2,26984,-104
2,47143,162
2,37759,-50
2,25389,6
2,29790,-68
2,40540,128
2,34180,184
2,2002,32
2,30083,30
2,10049,-110
2,14433,-130
2,11822,112
2,19194,-142
2,49335,-16
2,676,-110
2,27231,78
2,23716,-64
2,16559,128
2,27440,170
2,31114,-102
2,26390,80
2,11292,36
2,38176,20
2,6669,-108
2,25250,-150
2,43455,-80
2,44097,116
2,26075,-136
2,48790,118
2,37535,-160
2,4528,-34
2,13462,-126
2,1863,-84
2,31031,174
2,29352,154
2,36686,-94
2,27513,40
2,9025,-126
2,41090,196
2,27602,-46
2,18307,-26
2,16461,62
2,7217,-88
2,36591,-164
2,11675,-44
2,35962,118
2,46652,-16
2,16835,-158
2,37829,26
2,17662,154
2,11941,160
2,36736,22
2,12541,-84
2,19046,-88
2,17346,-104
2,25310,-158
2,42267,-122
2,19533,-168
2,9524,24
2,10938,-34
2,32281,-200
2,12379,-106
2,33598,94
2,12720,-120
2,14260,-134
2,33347,26
2,10383,22
2,42449,34
2,6083,128
2,28354,48
2,19566,2
2,3269,-36
2,31455,14
2,43308,-8
2,39367,154
2,43135,-166
2,42649,-78
2,45844,100
2,19573,174
2,12505,44
2,37514,-56
2,9010,46
2,23793,-192
2,42822,162
2,35697,108
2,14173,-104
2,12955,-172
2,30703,-104
2,29738,-6
2,2084,80
2,38189,88
2,13537,92
2,28927,-148
2,35128,-84
2,40869,-106
2,11462,-14
2,45095,-2
2,9096,60
2,38220,54
2,14255,-34
2,39619,142
2,11947,54
2,48372,116
2,23792,146
2,20833,-194
2,42738,-200
2,43788,-34
2,5285,-70
2,44679,-146
2,25988,124
2,4567,146
2,11459,148
2,34141,114
2,27741,-100
2,11429,184
2,27259,-106
2,40939,4
2,43386,96
2,12110,118
2,14194,162
2,40532,-50
2,12248,-4
2,19933,90
2,48316,-116
2,49345,64
2,3338,104
2,1299,74
2,5805,62
2,46256,-80
2,24806,-14
2,27463,68
2,42070,198
2,11024,190
2,26987,-190
2,46535,-128
2,1201,-54
2,39504,10
2,28651,28
2,37526,-180
2,13854,166
2,672,162
2,27691,-122
2,15092,-178
2,5137,-150
2,11228,32
2,18109,8
2,10118,48
2,3081,176
2,46139,-198
2,22506,20
2,28042,-148
2,13670,118
2,21921,86
2,29699,180
2,18653,82
2,47925,114
2,4988,-4
2,47401,-170
2,16655,66
2,20727,132
2,17377,140
2,15271,-74
2,49131,-158
2,35597,-14
2,33491,-28
2,28939,90
2,15035,196
2,28342,156
2,24637,-144
2,22874,-102
2,45755,-78
2,2922,-86
2,28049,120
2,2545,-148
2,35981,180
2,12012,-104
2,48779,-162
2,41729,-144
2,49699,124
2,3794,182
2,45436,80
2,43066,-10
2,11137,-82
2,40130,-96
2,18014,-40
2,6837,-146
2,21330,82
2,41153,110
2,24192,198
2,46851,-40
2,10874,-64
2,13770,-20
2,47759,-68
2,31811,-158
2,16333,-122
2,23614,118
2,21464,-128
2,38247,138
2,42526,172
2,44030,-122
2,9527,-160
2,4770,112
2,9191,146
2,32867,-150
2,13079,40
2,8882,172
2,11058,164
2,9565,112
2,16808,-190
2,36210,86
2,16172,-42
2,39436,2
2,33348,70
2,42349,126
2,36010,64
2,27882,-144
2,3400,-10
2,26575,-88
2,47475,-64
2,38532,132
2,6835,198
2,43324,52
2,47269,-22
2,27674,-124
2,24887,-76
2,13490,100
2,11551,104
2,30406,-16
2,21374,40
2,7577,-128
2,41343,-106
2,43068,-98
2,7302,-122
2,38291,58
2,13829,32
2,48049,-168
2,26900,-104
2,34032,130
2,4430,-24
2,45167,-48
2,34519,-4
2,43998,88
2,1727,46
2,31826,-158
2,7250,100
2,14052,-62
2,13006,2
2,36748,194
2,47911,-144
2,36699,54
2,43321,132
2,11741,-178
2,49351,42
2,48591,-16
2,12041,102
2,43732,-188
2,26992,122
2,20716,-168
2,37668,18
2,29920,104
2,33923,-86
2,18192,22
2,8140,98
2,23768,-36
2,1175,-200
2,41464,92
2,23841,-6
2,15677,102
2,35494,-132
2,9161,-58
2,49768,84
2,14141,70
2,29857,-34
2,17765,-194
2,33987,132
2,44733,168
2,32101,-40
2,20209,-6
2,22278,-48
2,12000,-78
2,16246,14
2,42800,132
2,2834,50
2,33060,-68
2,40271,-50
2,23539,-46
2,15189,-168
2,30983,-26
2,45508,-136
2,34106,176
2,41837,-34
2,14947,198
2,42310,166
2,45536,-56
2,1763,-100
2,3118,126
2,44822,182
2,24520,-38
2,49282,-76
2,36406,-150
2,36930,-74
2,11199,174
2,21403,86
2,31884,-136
2,6793,102
2,17622,36
2,41618,156
2,2791,142
2,4060,158
2,5926,-168
2,23422,-92
2,48930,118
2,8646,-114
2,19963,-48
2,22799,44
2,49397,110
2,1657,198
2,31473,94
2,46935,128
2,26429,98
2,15098,-2
2,40557,100
2,23323,126
2,25018,108
2,26104,-22
2,9235,190
2,38046,94
2,48103,80
2,42943,190
2,2878,180
2,15691,-192
2,42874,118
2,39721,-26
2,41665,-180
2,29685,-28
2,26191,-12
2,3669,-134
2,4549,-118
2,22990,172
2,8772,-140
2,13289,136
2,47711,-46
2,6531,180
2,18971,-84
2,24201,-30
2,27613,-62
2,6626,98
2,25245,84
2,34927,-138
2,37706,138
2,21569,-134
2,17120,24
2,24602,-184
2,27255,-140
2,40993,104
2,10079,120
2,30408,-86
2,21372,-56
2,28313,-184
2,38241,-130
2,24449,-82
2,40960,50
2,34561,154
2,3908,178
2,43813,76
2,6444,-2
2,43608,-162
2,29446,182
2,32295,172
2,7105,-76
2,605,128
2,1997,-112
2,15040,-30
2,27935,-2
2,32726,-190
2,1681,106
2,48666,60
2,3405,-74
2,5417,56
2,7085,84
2,30289,-8
2,35994,98
2,47411,-90
2,5468,-24
2,48166,-128
2,23986,-158
2,24490,148
2,19413,24
2,22895,188
2,18441,188
2,17011,8
2,21125,-30
2,43430,162
2,49033,192
2,34383,104
2,21202,-26
2,4165,-122
2,15356,-20
2,21929,30
2,18506,14
2,9680,-116
2,15085,50
2,36379,-98
2,33649,-198
2,21160,14
2,39755,-82
2,9860,-72
2,1092,6
2,35920,108
2,8477,-70
2,27885,100
2,9361,-84
2,25798,110
2,749,12
2,24338,68
2,20478,68
2,17085,-130
2,43939,32
2,37081,146
2,4919,-132
2,24995,-150
2,31530,54
2,14197,-148
2,48054,100
2,40014,-120
2,27504,-74
2,20860,-104
2,40418,-82
2,4411,190
2,13156,-118
2,1465,-98
2,44329,94
2,17028,-126
2,34951,16
2,22803,66
2,18324,14
2,9365,-184
2,44797,-124
2,45849,-6
2,40849,160
2,38507,-140
2,30176,-24
2,11265,144
2,3535,182
2,13505,-88
2,49087,-170
2,15522,64
2,17708,150
2,22982,-154
2,19300,154
2,13569,60
2,39119,102
2,3861,28
2,24653,-74
2,33448,-38
2,38801,-76
2,23697,94
2,14668,74
2,8866,-180
2,19560,-36
2,49739,-146
2,15886,196
2,25679,-198
2,33879,162
2,44449,-114
2,26326,182
2,28064,-62
2,47872,-98
2,3841,-172
2,34169,176
2,23238,50
2,2210,-192
2,14067,-16
2,29384,10
2,29388,-128
2,2094,-116
2,49432,132
2,19173,184
2,4815,64
2,10658,100
2,23845,178
2,44813,2
2,15998,-30
2,9360,176
2,31012,-102
2,35526,182
2,5362,-4
2,41698,-200
2,12364,-126
2,36518,114
2,6065,-186
2,6308,26
2,36672,-190
2,34751,-198
2,22379,94
2,20504,-116
2,19012,-32
2,10585,-58
2,37875,102
2,49454,160
2,42499,92
2,39303,26
2,16182,-48
2,5240,-110
2,23563,50
2,25153,-70
2,36649,-38
2,4023,-148
2,2665,-14
2,4283,98
2,47345,8
2,24346,-180
2,29326,6
2,16012,-12
2,40507,170
2,3744,58
2,45533,-176
2,44855,-162
2,47945,-74
2,18931,-70
2,24153,186
2,34323,-102
2,9353,-94
2,10482,-186
2,10573,-108
2,33705,50
2,11400,138
2,42125,134
2,37069,108
2,10551,-108
2,25492,-148
2,22341,38
2,31129,-70
2,35371,-132
2,43683,-34
2,3978,18
2,42981,26
2,1141,162
2,29156,-146
2,17989,32
2,13905,116
2,38398,-94
2,42307,-30
2,1914,-106
2,41214,-16
2,34214,94
2,37757,84
2,44047,40
2,13064,-58
2,32508,192
2,2097,-28
2,37336,176
2,11878,90
2,5022,14
2,20406,128
2,39763,110
2,6559,78
2,3926,-70
2,26535,-10
2,12349,-72
2,12548,-116
2,3506,-186
2,2926,-122
2,19893,-122
2,30364,110
2,5030,-60
2,41604,94
2,19088,174
2,18346,-198
2,48299,28
2,22252,-22
2,6464,16
2,24655,168
2,36873,148
2,21988,-52
2,36819,148
2,18210,32
2,13272,-164
2,7563,66
2,26780,-58
2,35676,146
2,36134,-188
2,46434,-138
2,17807,74
2,32701,44
2,1928,-56
2,36073,134
2,26601,-4
2,40129,172
2,3992,-38
2,21170,192
2,1162,-126
2,29672,68
2,12305,-94
2,30030,10
2,20491,48
2,32490,156
2,5440,38
2,45400,196
2,29284,38
2,8736,-16
2,6041,-164
2,13659,-68
2,34991,142
2,30033,190
2,30847,120
2,47954,-2
2,43595,52
2,6185,-140
2,14248,10
2,29163,-20
2,31909,-46
2,32330,142
2,49338,154
2,49890,-160
2,31210,-108
2,38024,56
2,31596,-184
2,37629,-18
2,26383,-198
2,7517,-76
2,49743,-6
2,24568,-144
2,20736,74
2,37593,116
2,42701,128
2,49482,-58
2,4273,-86
2,27651,122
2,12946,-194
2,7754,-10
2,12283,-46
2,24365,-84
2,49557,188
2,14242,56
2,45149,34
2,30282,96
2,5276,196
2,7094,-72
2,37770,84
2,33568,-154
2,39758,-170
2,49184,-30
2,49653,-156
2,34040,-144
2,14622,12
2,37110,72
2,24086,-128
2,115,-56
2,2648,38
2,12572,104
2,36265,44
2,36037,118
2,33353,168
2,20027,4
2,29624,-152
2,11115,-84
2,36946,-128
2,47733,22
2,40720,-52
2,11026,-120
2,42410,166
2,2686,52
2,31313,-156
2,2050,188
2,466,156
2,33856,-182
2,7435,136
2,31287,-48
2,24194,-6
2,8505,-182
2,361,-48
2,14363,158
2,43242,-18
2,44177,48
2,25339,-138
2,17158,-96
2,36698,120
2,2284,140
2,10173,-196
2,43610,-82
2,39307,116
2,46560,78
2,37638,104
2,43663,2
2,47095,-74
2,33554,-42
2,41442,-62
2,33069,8
2,43392,-70
2,1181,-118
2,36331,-106
2,325,184
2,40190,26
2,6688,160
2,31493,50
2,18018,-22
2,3634,-118
2,16210,-134
2,37886,-164
2,27898,122
2,45077,-80
2,47510,46
2,44989,-166
2,5799,178
2,35683,-64
2,23301,-26
2,9377,20
2,32455,154
2,36632,-200
2,12406,-134
2,6128,-24
2,19062,-96
2,33319,-182
2,42568,20
2,47887,-126
2,17222,20
2,14853,98
2,23767,26
2,7600,30
2,49428,-94
2,48618,86
2,35798,24
2,28610,-18
2,40222,10
2,23815,-132
2,11365,22
2,28690,-100
2,35260,160
2,3548,10
2,20342,10
2,15917,80
2,48839,6
2,43928,-194
2,17116,-70
2,49605,-40
2,30459,-40
2,34276,-74
2,39294,16
2,8382,170
2,31238,48
2,29030,-80
2,1994,-122
2,44470,-46
2,24843,104
2,11396,-68
2,30343,46
2,20065,-130
2,35050,102
2,34460,-180
2,35574,-192
2,9513,196
2,9394,-50
2,26851,-92
2,32807,168
2,33104,48
2,13895,-10
2,12551,-200
2,36058,-80
2,13214,6
2,11787,62
2,20167,-72
2,12217,166
2,2454,176
2,11606,-4
2,18242,-200
2,23742,102
2,5940,-198
2,9103,-110
2,35847,-152
2,30007,182
2,14629,28
2,12270,-130
2,34774,-134
2,36769,-40
2,797,4
2,10603,-84
2,31891,160
2,11077,-124
2,25230,118
2,1775,-58
2,21129,-110
2,5253,158
2,11939,66
2,2941,-110
2,30955,-196
2,18989,-90
2,7280,-162
2,32843,198
2,36426,-72
2,10471,-186
2,30139,-48
2,8503,-174
2,19003,176
2,16322,-38
2,14435,-166
2,25055,152
2,49932,-18
2,46495,136
2,8273,-42
2,40574,184
2,43449,-66
2,45704,-144
2,2195,-64
2,46389,84
2,34443,-168
2,36460,-198
2,4293,-170
2,32412,-130
2,35586,-94
2,30334,-162
2,26251,102
2,8000,14
2,43154,86
2,18223,-128
2,3697,44
2,24629,-44
2,10629,-174
2,14611,18
2,25043,-178
2,13276,44
2,40558,186
2,15792,138
2,22295,-32
2,36407,-86
2,40098,144
2,20705,-54
2,8250,20
2,1229,34
2,11259,-94
2,26845,166
2,2559,52
2,26270,48
2,21565,88
2,36152,-164
2,3939,190
2,39044,-116
2,41669,-24
2,30759,178
2,3791,188
2,26606,40
2,15945,-86
2,46830,-8
2,34354,-8
2,17480,-6
2,26860,68
2,24342,-18
2,10840,-200
2,34454,120
2,12279,-98
2,39458,-12
2,14289,40
2,30340,-134
2,41585,162
2,41279,-48
2,35837,40
2,15262,-4
2,28865,102
2,12641,-78
2,19803,16
2,18692,124
2,43955,54
2,39544,6
2,3698,142
2,28662,-12
2,47556,96
2,17762,-112
2,17998,-136
2,6491,-158
2,36216,-116
2,27626,-130
2,36063,-98
2,1441,-24
2,14299,-8
2,31132,-8
2,8478,-100
2,12261,144
2,6818,-182
2,8316,86
2,3380,-4
2,28813,46
2,28370,-98
2,37129,122
2,32838,-42
2,39795,18
2,31816,82
2,20824,74
2,45437,130
2,39539,76
2,7706,-106
2,25191,78
2,31656,56
2,16162,154
2,37000,36
2,24430,-56
2,28944,68
2,9692,-30
2,6418,-78
2,31914,-146
2,11731,-18
2,5408,-26
2,23998,-50
2,32874,110
2,43248,-76
2,33109,-70
2,29149,106
2,46533,-62
2,8404,114
2,21745,-90
2,28024,-62
2,5121,-92
2,41357,172
2,49377,-6
2,13031,60
2,14726,-98
2,24771,24
2,11685,-60
2,17648,192
2,43724,84
2,36061,-100
2,20798,-164
2,36247,16
2,36036,-68
2,24089,-188
2,39551,-14
2,30583,-174
2,18362,-62
2,33177,-82
2,33156,-142
2,12487,-12
2,49442,-176
2,38037,160
2,17543,-70
2,11234,-196
2,16505,-76
2,31227,-146
2,40106,132
2,29237,-78
2,377,134
2,10674,-166
2,13393,52
2,30718,72
2,8975,52
2,4744,-166
2,3633,-84
2,7221,106
2,34419,-146
2,41509,-198
2,27357,26
2,37729,-152
2,29084,-58
2,44551,36
2,3811,116
2,36808,-32
2,44295,20
2,29677,-6
2,31125,-168
2,19953,46
2,5827,-160
2,18976,130
2,27232,114
2,31042,148
2,46765,-122
2,7223,-40
2,2748,4
2,30473,88
2,20563,-2
2,32544,70
2,32983,108
2,16083,46
2,21774,156
2,5796,144
2,48874,-176
2,40586,130
2,591,-96
2,13049,-118
2,41059,138
2,39468,14
2,29178,-128
2,4485,162
2,43868,66
2,20465,-32
2,22504,144
2,12782,-36
2,25487,-32
2,5854,-200
2,42376,-12
2,2231,-104
2,45945,-92
2,44308,-112
2,44678,62
2,11131,-6
2,23978,-174
2,42673,84
2,6756,180
2,39130,-132
2,23268,134
2,3001,174
2,40977,82
2,8895,-80
2,23800,-124
2,12093,-96
2,43599,140
2,15748,86
2,20699,140
2,13985,120
2,12180,-96
2,42389,-42
2,22090,32
2,2240,-190
2,39333,-24
2,38653,-138
2,12570,42
2,1430,38
2,34866,-116
2,44237,8
2,5705,90
2,21477,-160
2,28138,-44
2,7335,18
2,47888,-38
2,24394,-64
2,858,58
2,26180,86
2,46429,120
2,5849,-178
2,25335,-118
2,25684,-140
2,10991,76
2,6239,172
2,16025,-192
2,44959,-50
2,28345,12
2,15959,-190
2,2741,-174
2,37841,-10
2,19650,162
2,30520,178
2,9282,-102
2,22235,-124
2,8726,110
2,6609,128
2,12725,-22
2,19641,152
2,14586,94
2,14717,10
2,23441,-190
2,1835,44
2,21980,-104
2,27002,156
2,1676,-36
2,30407,-188
2,33145,34
2,46904,40
2,49437,-116
2,21259,96
2,16779,100
2,7264,-66
2,46374,56
2,46197,180
2,18002,-156
2,190,-108
2,25721,-112
2,37882,-124
2,7759,192
2,37907,-132
2,2181,-6
2,48871,22
2,25092,108
2,11230,-158
2,22142,-152
2,38571,56
2,18532,196
2,39838,122
2,10731,194
2,23410,26
2,3620,-190
2,8193,102
2,6264,-150
2,48413,-88
2,19492,-84
2,44606,-34
2,18003,134
2,46674,-146
2,42381,178
2,40495,-150
2,36577,-94
2,34161,26
2,23168,34
2,8759,66
2,41450,42
2,3884,-130
2,48862,148
2,36661,-2
2,37344,-8
2,10873,-40
2,43351,-14
2,29353,148
2,12301,158
2,34310,110
2,26881,170
2,8760,126
2,26991,130
2,1989,-114
2,4061,14
2,13206,-82
2,44946,84
2,46390,112
2,13633,-144
2,43992,-90
2,45750,-80
2,18160,-168
2,22688,-10
2,10010,-32
2,27189,86
2,5493,-200
2,30891,-20
2,40105,64
2,36908,-88
2,40655,108
2,37655,30
2,4062,34
2,37687,-72
2,17734,-106
2,28157,38
2,45934,-152
2,40051,-106
2,19184,-24
2,3648,36
2,49294,98
2,19486,-176
2,44550,72
2,8231,-100
2,25907,-106
2,27242,92
2,5623,-20
2,8761,196
2,46267,44
2,5265,54
2,28897,80
2,36902,162
2,44581,-30
2,31889,166
2,17499,-80
2,47135,60
2,44814,-66
2,26117,-124
2,1832,-174
2,9926,-8
2,20886,-152
2,2830,62
2,212,-60
2,12481,-46
2,33201,-82
2,11811,-42
2,28645,-104
2,33460,192
2,38108,140
2,10909,52
2,23738,102
2,22266,114
2,13672,-184
2,11080,2
2,47570,26
2,34847,16
2,14101,26
2,42374,-198
2,46601,-162
2,6942,20
2,8556,-54
2,22558,-172
2,23033,48
2,44860,124
2,45239,144
2,32379,-100
2,6666,-62
2,28408,-18
2,41869,-86
2,32297,158
2,6914,-188
2,42245,-136
2,3009,-76
2,36645,4
2,46397,-82
2,36108,28
2,15401,-18
2,44572,122
2,2340,-170
2,23594,-8
2,44982,-108
2,11591,132
2,24645,108
2,1210,8
2,15331,8
2,11343,162
2,6025,-146
2,23600,-144
2,10487,-78
2,4723,4
2,47116,-64
2,42779,66
2,38606,164
2,34937,36
2,1918,-70
2,27300,-130
2,8309,-188
2,6004,-166
2,15337,100
2,31820,-146
2,29106,66
2,43058,34
2,19990,122
2,38149,-130
2,41323,-104
2,45039,-162
2,15250,68
2,7394,-172
2,10583,24
2,27345,132
2,28009,28
2,7984,16
2,5505,-118
2,48061,-200
2,32949,-58
2,13407,184
2,291,64
2,5196,-14
2,36101,-192
2,27011,94
2,12876,4
2,37497,164
2,43530,46
2,26158,-90
2,17086,-50
2,21905,-144
2,46520,-12
2,46124,34
2,32619,-162
2,19602,26
2,27901,162
2,41777,-38
2,25632,-168
2,247,-190
2,31764,34
2,45141,-94
2,25068,-170
2,58,36
2,5904,86
2,8878,50
2,36768,-178
2,14094,60
2,2702,74
2,11347,22
2,14273,-48
2,19737,-188
2,26154,-88
2,33005,-28
2,25613,74
2,11452,162
2,7892,-46
2,34372,148
2,4649,30
2,3606,14
2,41629,166
2,20711,-170
2,17218,-104
2,22308,-4
2,14453,146
2,47319,140
2,19219,6
2,8592,-34
2,20056,6
2,9919,-14
2,32971,-180
2,29692,148
2,41102,70
2,19477,164
2,22490,-42
2,45236,-188
2,49254,-48
2,19919,6
2,2005,-50
2,14196,-56
2,27902,146
2,898,92
2,29482,162
2,3778,10
2,26268,-100
2,38905,166
2,16776,-84
2,35401,22
2,9425,-184
2,12400,10
2,22570,-70
2,6298,28
2,18399,114
2,44642,84
2,44362,180
2,29242,164
2,18059,198
2,32865,-92
2,40502,-20
2,14429,-18
2,24489,152
2,25301,-194
2,32680,-158
2,21264,-134
2,26650,-178
2,27102,128
2,5080,58
2,37742,-32
2,33299,-76
2,6423,118
2,27006,-192
2,9241,-52
2,31093,108
2,6402,-122
2,1117,-70
2,3642,24
2,25782,122
2,10242,-46
2,8325,126
2,12029,-122
2,21494,-82
2,4372,110
2,17541,186
2,6194,94
2,5832,126
2,47328,84
2,48768,-158
2,3062,-58
2,20441,-36
2,47018,-40
2,24059,-30
2,18935,124
2,10219,-68
2,44851,132
2,7735,28
2,34343,-172
2,397,-110
2,41952,-26
2,15340,110
2,7856,78
2,13548,190
2,28964,-78
2,645,-78
2,23407,-38
2,48642,-146
2,3167,-88
2,21884,148
2,43161,50
2,25784,134
2,31978,76
2,5969,12
2,29206,50
2,18465,198
2,32698,-134
2,6866,126
2,17471,132
2,27075,-176
2,33674,2
2,35646,-72
2,40895,-66
2,30848,14
2,38840,-128
2,19103,122
2,3428,154
2,22945,-150
2,41802,80
2,46271,192
2,23718,-42
2,12826,-166
2,30224,188
2,44952,172
2,36888,186
2,43593,152
2,16793,84
2,4640,162
2,5679,-76
2,45270,162
2,16409,-84
2,19131,196
2,10678,-28
2,19208,-32
2,21896,14
2,42463,-182
2,12645,-186
2,4351,-82
2,24293,-104
2,4961,-22
2,44960,4
2,17504,-66
2,27029,154
2,235,108
2,21246,122
2,18762,-92
2,11628,138
2,19497,84
2,35242,-8
2,2361,88
2,36542,74
2,41801,-40
2,40673,184
2,30047,50
2,14476,-132
2,14904,-158
2,1697,10
2,45458,-138
2,2601,-156
2,45292,164
2,44672,-110
2,17214,-144
2,7226,-126
2,1540,20
2,11021,40
2,2591,-180
2,41238,176
2,20728,30
2,36263,-56
2,46266,-4
2,8990,82
2,19704,-44
2,19295,152
2,35462,128
2,28593,184
2,11341,-170
2,20061,180
2,12338,-122
2,16538,-176
2,17959,188
2,44758,-84
2,19252,190
2,1699,30
2,44188,18
2,5141,172
2,16969,-54
2,183,-164
2,42913,-122
2,29317,28
2,36129,22
2,20561,42
2,43974,132
2,21979,170
2,48366,-186
2,34181,54
2,3153,104
2,47465,-198
2,37575,26
2,36901,-86
2,28030,90
2,8093,6
2,38257,-52
2,40183,152
2,28514,138
2,43952,102
2,45475,-198
2,660,-142
2,37215,22
2,40174,-104
2,42028,-192
2,16570,44
2,13277,-64
2,12206,190
2,49034,-44
2,40211,128
2,33895,184
2,15784,24
2,10280,-80
2,7204,-128
2,6327,26
2,17638,108
2,39897,-40
2,21165,156
2,21461,2
2,510,-134
2,37567,50
2,45787,30
2,21250,180
2,36998,16
2,39188,-36
2,32244,156
2,28513,112
2,28335,-20
2,26461,-92
2,47105,104
2,24641,-160
2,41658,-138
2,10458,106
2,12236,-88
2,48050,-150
2,7572,112
2,19338,-142
2,26250,-172
2,28831,150
2,25561,176
2,5037,196
2,19743,80
2,1001,138
2,44297,116
2,38517,-74
2,28632,12
2,34789,-180
2,27309,-10
2,33688,192
2,9678,16
2,33224,130
2,10865,-164
2,49021,66
2,30954,142
2,14814,-130
2,3442,70
2,44008,102
2,42810,138
2,20429,90
2,45852,128
2,3636,42
2,49394,-20
2,3396,-14
2,30360,-22
2,28282,152
2,24831,188
2,42041,180
2,44803,-198
2,47405,-16
2,787,182
2,27111,-90
2,15281,-166
2,649,44
2,13782,34
2,28822,-98
2,1719,128
2,16784,-84
2,20088,160
2,42440,-110
2,46545,28
2,2032,-170
2,40101,130
2,16923,-78
2,33955,144
2,18595,58
2,41524,102
2,16203,-148
2,21088,-166
2,41236,102
2,32256,-130
2,44718,-14
2,12094,-68
2,24330,18
2,40307,44
2,34292,-20
2,5724,-166
2,38408,-12
2,33269,-174
2,35286,-16
2,20572,-120
2,25488,-84
2,2321,60
2,6184,-50
2,36145,130
2,488,-28
2,6718,-194
2,6931,-76
2,4657,88
2,31094,-104
2,22610,-78
2,26405,-142
2,43357,-170
2,25615,166
2,1927,-72
2,25715,-102
2,40868,-22
2,10992,-130
2,19447,180
2,22437,-124
2,23110,-30
2,9768,128
2,33358,-2
2,47404,-2
2,20266,160
2,31277,-64
2,10670,-182
2,45668,-170
2,22583,-100
2,18930,-166
2,36629,-22
2,23941,54
2,7930,-156
2,30038,174
2,9896,188
2,23895,190
2,37370,110
2,32249,-124
2,20749,-18
2,22616,92
2,1387,142
2,45532,-8
2,18500,96
2,45809,-130
2,27396,-180
2,49832,-12
2,5437,-40
2,47956,-110
2,38929,96
2,29056,-164
2,15512,110
2,9712,-42
2,7903,58
2,20448,-186
2,10939,-112
2,1599,-32
2,46557,-46
2,5556,-80
2,49462,78
2,20367,-18
2,17645,-160
2,17094,54
2,10038,-158
2,46336,82
2,40289,-98
2,13245,94
2,34604,-190
2,43521,24
2,20031,-198
2,16515,-56
2,34445,-38
2,15933,72
2,780,2
2,8144,16
2,49193,178
2,17156,184
2,28376,-44
2,26031,174
2,47212,-14
2,45511,90
2,13139,-30
2,2169,-192
2,2980,166
2,42554,24
2,27478,102
2,27331,-90
2,48133,-12
2,32100,188
2,26079,-74
2,27767,188
2,47762,-126
2,29218,192
2,23797,-62
2,12156,140
2,27336,-10
2,39772,112
2,29255,-164
2,33599,148
2,5730,172
2,17049,-198
2,27894,28
2,45249,-68
2,47211,-8
2,37435,-174
2,38722,160
2,22242,194
2,44812,-174
2,43318,-92
2,28826,-168
2,39734,-6
2,34390,-174
2,21473,72
2,22408,62
2,18256,20
2,43086,-68
2,25028,-142
2,19480,-114
2,19411,118
2,21883,186
2,38006,170
2,39193,-168
2,25647,-138
2,41840,-48
2,3601,-100
2,10596,-90
2,10349,-138
2,13034,164
2,49800,86
2,13054,-60
2,6949,86
2,11013,84
2,4270,-52
2,46596,-102
2,34619,196
2,34096,140
2,38973,-66
2,7477,184
2,41966,132
2,38604,-46
2,10521,172
2,45519,198
2,19904,194
2,34254,-86
2,43078,68
2,26724,-174
2,34115,-88
2,493,-82
2,25883,136
2,12817,-4
2,1524,26
2,15488,110
2,12707,186
2,11589,54
2,33470,30
2,29566,-78
2,17874,22
2,14804,-150
2,46252,-188
2,42065,144
2,17612,82
2,26557,-46
2,21251,-150
2,30862,166
2,40621,140
2,18343,54
2,2456,46
2,21950,-112
2,18178,-86
2,31940,-182
2,46948,58
2,1547,188
2,29585,102
2,19212,-176
2,21493,-128
2,34643,-136
2,30285,-14
2,38228,-2
2,35640,-134
2,19999,-58
2,6303,-48
2,8005,170
2,19112,-172
2,42676,120
2,13848,-106
2,22846,24
2,36191,-98
2,20994,-168
2,31962,-86
2,12092,96
2,11447,22
2,13259,-164
2,23416,-76
2,29111,-6
2,16756,180
2,41690,-86
2,28126,4
2,14676,20
2,11083,86
2,3364,164
2,36763,-46
2,22923,198
2,35224,182
2,12619,-110
2,19501,-184
2,35376,-106
2,3540,98
2,7166,-108
2,22813,20
2,46334,92
2,594,164
2,17787,-52
2,26426,78
2,13436,-78
2,44684,92
2,49312,-188
2,26364,-138
2,26975,-168
2,32008,84
2,23935,14
2,47883,-116
2,40730,-62
2,44585,14
2,38588,-16
2,6547,-84
2,38576,156
2,2239,-104
2,15882,-120
2,14975,-110
2,48563,18
2,32028,-128
2,16402,-136
2,9312,-88
2,46500,190
2,2942,90
2,31568,-90
2,14339,-38
2,23942,82
2,47312,-168
2,45868,-160
2,19959,176
2,9857,-94
2,39932,174
2,3205,-82
2,17730,104
2,19899,198
2,27615,-64
2,12927,110
2,36238,106
2,47657,110
2,25065,-40
2,7243,154
2,20947,158
2,35274,-34
2,26548,30
2,722,-32
2,22460,-10
2,45046,132
2,4480,-58
2,26969,192
2,23951,24
2,4079,-10
2,19309,-34
2,36001,-164
2,30885,-26
2,15791,104
2,32942,-84
2,19508,-48
2,6256,188
2,17528,-32
2,21367,190
2,11930,38
2,2077,114
2,34050,-74
2,6680,-100
2,34578,22
2,46881,112
2,23278,4
2,23253,-144
2,38742,-176
2,20897,112
2,12705,-116
2,7950,46
2,5402,-148
2,39579,-104
2,7178,48
2,35685,36
2,721,-70
2,43051,198
2,22782,-138
2,49040,-100
2,24157,-30
2,46386,90
2,19279,196
2,14270,-134
2,5212,-166
2,1204,-36
2,27538,-36
2,16264,-90
2,35465,84
2,24763,162
2,21702,120
2,15817,-190
2,20621,32
2,31784,-160
2,25669,-64
2,14951,-148
2,5988,198
2,1816,-42
2,22828,-182
2,29230,48
2,13356,176
2,36156,62
2,43626,20
2,35694,90
2,6218,-174
2,38275,-104
2,48145,134
2,26995,-80
2,41463,-60
2,7016,64
2,21586,192
2,38107,-60
2,48730,-34
2,41913,-158
2,32845,-20
2,20924,188
2,5938,-120
2,46800,110
2,24392,64
2,42386,170
2,33697,44
2,5952,114
2,49518,-198
2,365,-60
2,39070,-64
2,14847,104
2,47040,160
2,24362,-40
2,42189,114
2,16232,-14
2,44714,-148
2,12014,-92
2,46949,140
2,20943,-20
2,159,-144
2,6744,-158
2,6082,148
2,10951,36
2,36213,192
2,19558,-134
2,5128,152
2,30645,-146
2,15390,-4
2,6521,82
2,10195,194
2,11813,-160
2,22100,-106
2,21549,-64
2,8812,-136
2,36621,194
2,14198,-156
2,5747,114
2,37646,50
2,22229,184
2,3797,-112
2,15536,38
2,49438,146
2,7781,-170
2,11084,-28
2,27706,-200
2,6667,60
2,12617,-78
2,27880,-42
2,24786,-176
2,48510,-160
2,44546,78
2,3186,-102
2,35275,-114
2,36607,86
2,20663,68
2,46022,-164
2,24461,40
2,11921,144
2,4121,-160
2,23877,-6
2,30900,118
2,9502,76
2,30732,186
2,28895,154
2,49775,-34
2,12765,176
2,15835,-78
2,34429,138
2,20933,134
2,29449,-90
2,25462,-144
2,17947,-22
2,44495,-54
2,5602,-198
2,14082,106
2,13102,182
2,33135,42
2,49651,24
2,2121,-140
2,7283,-12
2,19280,78
2,6572,-200
2,531,76
2,2120,-194
2,27692,-66
2,34511,72
2,9794,198
2,12433,-78
2,21328,72
2,47485,-190
2,41329,154
2,42025,-156
2,42437,80
2,23863,172
2,10389,62
2,32720,90
2,48927,88
2,19920,-20
2,41592,-72
2,30448,-96
2,12553,-168
2,49976,66
2,49928,-168
2,9496,150
2,8272,-72
2,30815,-44
2,44436,10
2,43954,-144
2,39277,112
2,11138,-18
2,12739,102
2,23098,-112
2,25952,-82
2,30937,166
2,8862,-164
2,3087,166
2,47965,132
2,47076,-128
2,40058,18
2,15638,-64
2,26310,38
2,31837,-50
2,46910,196
2,28753,38
2,26777,100
2,45802,-92
2,31406,-136
2,35269,132
2,21311,190
2,46262,-198
2,19325,-32
2,1324,-164
2,45758,56
2,27078,118
2,34024,-84
2,28701,-110
2,25824,16
2,32254,-196
2,5445,-24
2,29500,24
2,48121,-190
2,48382,10
2,5143,-134
2,28990,58
2,49036,-38
2,26837,18
2,3094,-22
2,13370,134
2,1213,-66
2,42642,62
2,37571,-196
2,32547,-124
2,4250,-70
2,47121,156
2,49970,188
2,6304,90
2,10352,-68
2,1113,14
2,21744,60
2,7072,104
2,17624,-84
2,35704,198
2,42540,46
2,4853,-190
2,1403,-148
2,36085,62
2,27385,74
2,8128,182
2,32229,94
2,44109,-168
2,18462,-48
2,17990,-58
2,15710,48
2,31330,54
2,38639,-18
2,21393,-142
2,5577,-84
2,43411,144
2,10783,180
2,49003,18
2,8345,-184
2,7521,92
2,27942,94
2,2487,16
2,35634,-170
2,5925,96
2,19705,114
2,19310,42
2,12384,56
2,13440,-144
2,44502,42
2,31683,-140
2,6498,-176
2,19599,48
2,22951,22
2,27131,180
2,1379,-176
2,27434,54
2,40908,60
2,75,8
2,31915,134
2,21200,-180
2,34701,90
2,17285,-138
2,44402,164
2,16730,-144
2,46149,-132
2,41571,-54
2,40119,20
2,19841,72
2,3943,148
2,41667,-118
2,3977,-160
2,25882,-164
2,14428,186
2,49300,188
2,16142,-166
2,19834,18
2,44053,-148
2,3603,-158
2,22031,32
2,42272,-100
2,34980,56
2,12750,-140
2,32610,100
2,24037,-150
2,41625,172
2,20170,28
2,26082,102
2,21553,-108
2,27503,-182
2,32450,20
2,1766,-50
2,6846,86
2,29722,92
2,18464,-70
2,28350,-180
2,11060,192
2,49760,22
2,25204,194
2,25515,-30
2,12410,-22
2,16859,112
2,10063,-154
2,38715,-180
2,48566,150
2,26328,156
2,33365,48
2,36737,-42
2,46421,186
2,37270,140
2,14514,-162
2,43642,188
2,41906,-12
2,1949,-4
2,36519,6
2,7279,128
2,39489,-32
2,4402,76
2,5906,58
2,28649,-58
2,37169,-128
2,40779,-8
2,26863,-12
2,30325,-174
2,28709,158
2,21108,32
2,23116,16
2,17129,-150
2,31659,-148
2,24257,190
2,42667,142
2,47938,-10
2,37795,-76
2,464,-116
2,19368,26
2,21828,110
2,32345,-98
2,5562,-102
2,41892,-94
2,46242,-40
2,25420,-144
2,48405,120
2,41389,-92
2,6458,-190
2,2191,176
2,26551,-150
2,26076,-86
2,3487,-112
2,44268,70
2,16927,172
2,32085,142
2,24417,-4
2,31029,176
2,34571,178
2,15544,-164
2,4977,-82
2,9378,-12
2,49116,128
2,35780,78
2,10371,-92
2,28430,112
2,285,-166
2,46202,2
2,38869,98
2,29713,158
2,27058,192
2,44357,164
2,24650,176
2,44933,-22
2,5916,-98
2,24135,182
2,30524,-136
2,24540,144
2,46582,-12
2,33249,-12
2,23399,-102
2,9116,-178
2,15094,-170
2,36770,-126
2,5131,40
2,44148,-114
2,48038,170
2,41188,154
2,6191,-190
2,1386,-28
2,18897,-156
2,16223,-130
2,33029,-122
2,16832,-66
2,31062,-156
2,12469,-36
2,7326,182
2,28570,72
2,46422,186
2,36106,40
2,2445,142
2,23321,60
2,1017,24
2,39425,76
2,5233,-92
2,22051,144
2,49299,-180
2,25484,162
2,14537,8
2,16724,2
2,2898,6
2,22656,184
2,28532,-58
2,4613,176
2,11660,-98
2,13239,188
2,18174,54
2,30362,180
2,48691,-122
2,49567,-184
2,16518,140
2,23582,-196
2,13280,-68
2,25298,-28
2,6499,62
2,16703,110
2,3142,90
2,21636,6
2,24990,60
2,24749,46
2,21786,100
2,40266,-122
2,33606,-136
2,28186,104
2,12871,110
2,8072,-74
2,45629,-52
2,45815,60
2,5158,164
2,784,-92
2,48387,96
2,43582,62
2,47427,144
2,24419,-118
2,39383,148
2,30949,180
2,44413,194
2,46477,-146
2,26895,-136
2,35719,-28
2,24984,140
2,27637,64
2,4163,-96
2,22194,-6
2,6117,-38
2,21227,46
2,19316,42
2,10176,20
2,6320,-126
2,2424,-84
2,36017,-200
2,26836,20
2,9535,-164
2,45420,-168
2,43632,-120
2,33058,-28
2,45391,-198
2,4554,-14
2,39594,96
2,11861,104
2,34503,128
2,48552,-92
2,24435,80
2,32009,-128
2,6903,-198
2,12651,28
2,6463,-190
2,34070,-86
2,30637,162
2,44151,180
2,38044,198
2,36602,-104
2,14982,42
2,15608,-176
2,20965,-30
2,136,2
2,21383,122
2,19664,62
2,3761,122
2,36167,6
2,23094,-168
2,14331,-16
2,7052,56
2,12969,30
2,17891,-128
2,7938,70
2,39508,198
2,30517,-46
2,28087,-110
2,38931,40
2,11757,34
2,12698,-36
2,5005,-178
2,12730,-78
2,43515,96
2,13207,180
2,23503,-92
2,14414,-150
2,26348,18
2,30353,-180
2,1274,-118
2,6662,-186
2,20308,62
2,2318,32
2,12187,46
2,25140,-194
2,48752,-74
2,48429,-8
2,11970,-44
2,29753,-60
2,23599,56
2,45482,22
2,7999,196
2,21231,-188
2,12438,-118
2,10837,38
2,4918,-64
2,42594,-66
2,6395,184
2,40404,154
2,11297,-62
2,46190,80
2,18602,-178
2,37581,6
2,35213,14
2,32759,180
2,15976,-132
2,6144,186
2,2117,132
2,26209,-74
2,15418,-88
2,433,-122
2,17202,176
2,31361,-96
2,46887,194
2,24326,160
2,36660,-192
2,33343,180
2,37338,48
2,48770,134
2,24125,196
2,24216,112
2,30528,6
2,10802,-64
2,18359,-2
2,4274,-188
2,47061,122
2,32073,-64
2,37633,184
2,26603,-24
2,2803,-116
2,35147,70
2,45600,80
2,48141,162
2,9372,12
2,138,16
2,6530,154
2,44805,106
2,7292,120
2,839,62
2,35454,-50
2,10977,-58
2,967,-60
2,18937,40
2,17778,136
2,44562,94
2,9579,-88
2,29941,-156
2,37269,46
2,12062,-12
2,36131,-64
2,3635,-74
2,31698,-180
2,2034,174
2,2828,-88
2,48074,40
2,6182,8
2,49539,-142
2,6830,-34
2,28400,160
2,8633,-150
2,31130,58
2,23342,140
2,24368,32
2,1554,120
2,11839,32
2,41772,-64
2,38457,-102
2,15079,-62
2,48059,-32
2,35134,-4
2,1710,34
2,21370,92
2,9557,-56
2,17295,-2
2,18167,86
2,22203,-98
2,43647,-148
2,23898,-72
2,16247,-180
2,5100,-24
2,44784,-106
2,1498,-48
2,5014,20
2,45200,-100
2,34560,186
2,44600,186
2,23106,-124
2,4645,-134
2,14483,-134
2,42846,-118
2,18940,192
2,32877,84
2,10821,168
2,26982,-62
2,24022,156
2,49329,-88
2,11560,22
2,25040,-154
2,13662,-130
2,35838,2
2,45003,-98
2,35420,-90
2,11678,-60
2,31077,-18
2,35865,-170
2,45692,14
2,39142,-34
2,41570,54
2,27229,144
2,42001,-128
2,15093,134
2,6770,-14
2,47639,166
2,16358,-144
2,31090,-14
2,16582,-126
2,10073,64
2,16177,-52
2,1297,110
2,11041,-54
2,46112,-150
2,23300,194
2,44287,118
2,28222,128
2,22745,112
2,26739,190
2,23112,-134
2,18748,26
2,1452,-14
2,8102,-36
2,8186,78
2,30160,12
2,26068,-32
2,48202,82
2,33717,74
2,227,134
2,24767,-104
2,27669,188
2,46572,-22
2,41122,6
2,17676,-72
2,23755,-186
2,19639,78
2,29252,122
2,13473,182
2,35617,124
2,3470,62
2,34178,-148
2,52,-166
2,36498,156
2,37365,32
2,18372,90
2,42504,28
2,26412,-12
2,48282,188
2,3595,16
2,43065,22
2,18162,94
2,25966,160
2,30228,-142
2,23011,-134
2,48338,-74
2,9358,48
2,21718,54
2,310,-110
2,23557,70
2,5742,-198
2,33753,106
2,18191,-188
2,14287,168
2,41487,130
2,48676,58
2,49493,136
2,36877,26
2,13918,102
2,40208,170
2,21180,40
2,18064,-44
2,23152,-90
2,24113,122
2,6024,-182
2,20571,-128
2,40165,-62
2,6725,80
2,18140,180
2,28522,154
2,49390,-64
2,29108,14
2,42135,-192
2,5546,-186
2,20938,152
2,6772,52
2,4506,-190
2,10695,-136
2,24274,-130
2,38786,-142
2,48172,-176
2,10435,72
2,45559,154
2,34502,-62
2,48110,156
2,20443,-200
2,49237,-42
2,8575,2
2,26642,-14
2,43425,-36
2,6318,-80
2,38480,-24
2,5733,-44
2,4290,-108
2,46253,-126
2,43687,96
2,35100,146
2,42396,-26
2,30561,-42
2,39572,-146
2,38118,128
2,21003,130
2,47594,42
2,2660,-66
2,25867,-4
2,11943,-10
2,1158,-156
2,25023,122
2,35103,152
2,41126,44
2,48018,-48
2,17033,-72
2,17706,-74
2,27121,102
2,29468,-60
2,40842,-178
2,26882,146
2,26521,-110
2,22851,148
2,34985,-12
2,32517,104
2,46330,24
2,38231,98
2,14918,6
2,329,-140
2,47313,-16
2,9219,-158
2,40649,118
2,28302,154
2,22339,-102
2,47396,188
2,41134,2
2,30290,-14
2,9345,160
2,34580,68
2,22909,2
2,28544,-90
2,41440,116
2,3219,142
2,11205,-88
2,9433,62
2,15016,158
2,11132,-76
2,47164,-64
2,48668,-76
2,35577,-108
2,43419,-132
2,35061,-162
2,43275,24
2,10587,178
2,19782,178
2,29739,88
2,23036,76
2,33423,-142
2,7169,172
2,10100,196
2,24017,-50
2,1789,-182
2,35992,12
2,22823,-124
2,13899,-78
2,40028,-180
2,2917,6
2,26713,62
2,8202,-8
2,23777,-60
2,31349,150
2,37931,-118
2,21721,-152
2,35470,-148
2,44171,182
2,8910,154
2,1884,98
2,47419,-56
2,15291,68
2,40904,-144
2,24860,-122
2,47976,66
2,27990,-164
2,32018,122
2,5630,194
2,5706,124
2,33380,98
2,22151,-76
2,18939,164
2,35449,190
2,18791,176
2,28025,-56
2,47597,-116
2,33522,-60
2,26473,56
2,14385,64
2,33103,134
2,8247,-62
2,18577,-126
2,10125,138
2,1752,-74
2,45454,58
2,49081,-110
2,27272,-70
2,2762,100
2,47068,160
2,25648,-182
2,12311,10
2,48459,-132
2,15615,-146
2,37054,-138
2,3649,174
2,38422,-174
2,28121,-190
2,23504,-162
2,3215,-138
2,17733,88
2,43416,-170
2,23643,144
2,44403,48
2,42914,124
2,35329,10
2,8873,182
2,32794,-50
2,33481,72
2,29729,54
2,20315,142
2,18804,94
2,32954,110
2,35114,168
2,49103,2
2,39139,56
2,6975,-134
2,2354,-194
2,22328,-152
2,2201,-52
2,26197,-132
2,17221,126
2,46517,60
2,2145,10
2,27320,128
2,32415,76
2,3295,-178
2,41219,104
2,24674,116
2,20905,68
2,3870,38
2,17611,-24
2,9257,40
2,16037,60
2,43349,170
2,38413,134
2,29368,-84
2,37358,-80
2,8914,168
2,29181,24
2,17320,-46
2,31676,94
2,12378,-148
2,27387,-126
2,27074,-66
2,46609,-2
2,30827,30
2,35290,140
2,21919,176
2,29269,-136
2,2977,124
2,4331,-16
2,6860,-74
2,20934,-156
2,4633,142
2,10418,-60
2,6624,-174
2,4635,-126
2,4924,-64
2,49736,178
2,40224,-184
2,24574,46
2,20486,60
2,42652,-30
2,13843,-198
2,15478,78
2,36320,-192
2,2027,20
2,21073,58
2,40536,-90
2,41419,22
2,35367,-10
2,35035,184
2,27976,-140
2,13476,22
2,37778,114
2,21521,-182
2,19736,-150
2,44559,8
2,46925,-120
2,10841,180
2,5160,-184
2,3214,98
2,1217,112
2,10019,-194
2,42073,-70
2,30673,-86
2,31895,-134
2,49993,104
2,37893,-82
2,6374,188
2,42739,-182
2,4833,32
2,24501,-120
2,30204,-30
2,10808,-142
2,8451,184
2,5787,126
2,39958,-2
2,43251,168
2,10544,54
2,49037,180
2,16094,-72
2,6925,-88
2,38959,-76
2,48083,154
2,25,82
2,47484,-74
2,43625,2
2,41433,-40
2,29922,-90
2,3367,-92
2,10737,88
2,21831,8
2,85,-170
2,13610,172
2,25206,-136
2,38851,28
2,29695,12
2,18980,-118
2,9581,68
2,11318,126
2,26132,-18
2,37441,30
2,21589,-168
2,29356,82
2,42817,-154
2,31787,108
2,39323,80
2,14026,-162
2,13142,56
2,21955,-60
2,46900,74
2,21805,198
2,25587,-136
2,49906,-76
2,29396,-46
2,13326,-154
2,43393,68
2,35808,-172
2,6294,-200
2,11838,-66
2,21194,-184
2,13332,150
2,44006,186
2,36338,-86
2,14237,58
2,34023,-84
2,19462,-52
2,29166,-86
2,40379,-68
2,22178,-18
2,15146,142
2,41868,-16
2,35861,-92
2,28616,-160
2,29654,14
2,33642,136
2,30097,26
2,5319,132
2,34804,-24
2,44802,-172
2,31018,-68
2,5608,-50
2,8351,118
2,1098,62
2,5948,162
2,32127,78
2,25836,66
2,18371,104
2,20588,142
2,23785,-28
2,13119,-90
2,11974,-70
2,3903,146
2,8040,34
2,10681,-84
2,31640,-190
2,37386,-140
2,33701,104
2,19400,-124
2,23001,-20
2,45891,-86
2,45015,194
2,14390,32
2,8310,-124
2,46792,138
2,31609,-124
2,41771,94
2,6550,90
2,4591,134
2,32859,70
2,15118,-96
2,5169,-180
2,46797,-82
2,7576,-186
2,3140,-2
2,24341,36
2,34459,40
2,35295,56
2,2175,18
2,2067,134
2,11922,-20
2,35827,-56
2,40319,196
2,24427,-62
2,15750,-120
2,19658,-112
2,35400,80
2,13252,114
2,30411,-10
2,26056,-172
2,41825,-80
2,43477,-4
2,11025,-110
2,49270,172
2,38229,158
2,10928,48
2,41852,-110
2,41995,104
2,41136,-180
2,21377,-108
2,23916,-194
2,19735,-122
2,5251,78
2,6226,-156
2,38668,-64
2,10109,-28
2,42731,84
2,45382,-192
2,22931,-190
2,31436,-174
2,43016,-50
2,44292,-84
2,38886,-90
2,28678,-118
2,46200,196
2,25145,-32
2,16155,16
2,19901,-184
2,7998,68
2,7894,-76
2,28218,74
2,31253,40
2,43962,24
2,31625,90
2,33181,-196
2,46799,142
2,14621,84
2,2785,-144
2,20046,116
2,47613,-2
2,27869,-106
2,32890,110
2,46811,-88
2,44166,-194
2,28995,148
2,39847,76
2,45051,156
2,23175,-44
2,46383,176
2,28215,42
2,33626,-174
2,14995,-72
2,1149,98
2,35637,-88
2,21454,186
2,39749,-72
2,1466,-180
2,46089,40
2,34674,-16
2,5247,-200
2,890,82
2,16964,-132
2,32932,60
2,5879,-132
2,25003,-94
2,26963,68
2,32470,126
2,36966,192
2,34230,12
2,17496,-170
2,9495,-182
2,35036,136
2,33379,-102
2,41412,196
2,16425,52
2,4281,-62
2,14128,28
2,4881,28
2,121,102
2,25517,-198
2,23306,-52
2,27250,-132
2,46116,136
2,37254,46
2,47686,194
2,23546,12
2,14905,-140
2,11280,-150
2,24116,-180
2,18933,-76
2,18987,-140
2,39733,16
2,20759,134
2,27757,88
2,40122,-196
2,17217,-114
2,44478,-22
2,48957,22
2,14338,-18
2,22105,-52
2,45241,16
2,20818,182
2,6044,28
2,30623,-100
2,29599,68
2,5974,-50
2,42993,94
2,38161,-18
2,7955,16
2,24503,148
2,44496,132
2,34170,-50
2,35383,-32
2,15934,-188
2,3951,-26
2,46418,158
2,28785,172
2,28879,148
2,17009,-92
2,26135,-106
2,48159,144
2,41213,140
2,32682,130
2,27973,42
2,38651,190
2,3605,-160
2,32332,-50
2,24504,-50
2,29074,-44
2,47217,-70
2,40171,100
2,15759,-90
2,1517,42
2,19876,-8
2,45112,-200
2,8778,-196
2,35760,-110
2,46511,-38
2,27878,-134
2,19524,70
2,5751,-128
2,13557,-134
2,29039,-70
2,16689,144
2,27830,-98
2,16481,196
2,10827,-182
2,43338,-86
2,27104,172
2,37945,172
2,17802,112
2,3792,122
2,16763,-138
2,25758,-48
2,14468,-88
2,10643,-60
2,10553,106
2,28600,110
2,27381,-126
2,36580,32
2,8482,-54
2,12683,72
2,37455,-172
2,45383,160
2,10699,68
2,21855,152
2,18261,138
2,25463,-120
2,9494,24
2,3343,-56
2,42659,192
2,13906,-112
2,5831,80
2,37955,88
2,30664,136
2,34973,122
2,2342,-120
2,32879,-2
2,37263,28
2,19344,180
2,36567,34
2,43888,-24
2,4711,8
2,22326,-70
2,6742,152
2,47698,12
2,19204,-132
2,29652,8
2,49102,-132
2,23636,32
2,17547,-10
2,1665,194
2,2832,-152
2,37230,4
2,567,-138
2,25781,-176
2,34880,-150
2,22079,-198
2,14402,-80
2,36696,-120
2,39172,26
2,41666,-64
2,21416,104
2,49151,-82
2,48841,-46
2,22483,144
2,38354,42
2,16009,162
2,381,-162
2,28881,180
2,48117,-176
2,37851,-110
2,7212,64
2,1679,-48
2,16875,-148
2,28478,-86
2,25685,-182
2,24347,78
2,44759,-170
2,15245,-194
2,44757,-148
2,35380,192
2,49594,-76
2,2631,-90
2,17742,70
2,32046,48
2,5617,124
2,12606,22
2,38090,-184
2,46178,-26
2,40723,-10
2,26657,16
2,8390,-152
2,22129,196
2,16429,-64
2,25819,26
2,23475,-2
2,1939,180
2,3573,162
2,11226,-110
2,38137,-146
2,43847,46
2,20039,12
2,18918,18
2,2217,144
2,30519,74
2,3691,70
2,13185,-172
2,24892,-26
2,3673,148
2,29488,-126
2,42895,130
2,33699,192
2,35879,-8
2,29131,-158
2,24241,-124
2,27908,168
2,48312,84
2,18009,152
2,23272,134
2,5126,40
2,27515,-14
2,4476,130
2,19119,-42
2,33382,-98
2,12882,16
2,25724,-100
2,27492,192
2,42925,128
2,20048,-152
2,26067,54
2,34554,196
2,20305,48
2,40457,-150
2,3246,-192
2,854,18
2,34311,-92
2,46273,190
2,26255,48
2,34066,-132
2,21229,132
2,35344,34
2,3024,-36
2,37579,-54
2,21769,148
2,32236,88
2,20612,-68
2,36674,92
2,278,94
2,24070,2
2,48124,94
2,16396,108
2,33938,180
2,13696,66
2,29079,122
2,35308,30
2,46634,-4
2,15365,18
2,22781,-106
2,18672,-94
2,26638,-4
2,36404,-102
2,46981,-186
2,11030,184
2,35478,10
2,6899,172
2,33213,-18
2,7004,-58
2,10947,16
2,12662,-138
2,34394,12
2,46670,90
2,32138,-146
2,3120,-138
2,16743,-134
2,36401,-40
2,44241,90
2,49189,30
2,46148,150
2,26884,146
2,45476,-148
2,37972,-20
2,37108,-200
2,20329,34
2,5538,166
2,45900,-182
2,32264,-112
2,29732,-146
2,19102,-176
2,1177,142
2,7374,158
2,43233,142
2,22049,130
2,39378,58
2,41244,72
2,45062,128
2,29794,-50
2,19935,130
2,21016,178
2,32180,104
2,18867,-76
2,25733,58
2,10921,-54
2,15343,48
2,15831,4
2,47547,122
2,14819,-30
2,32585,160
2,4198,-130
2,31723,-108
2,27457,-38
2,5862,-70
2,19282,-170
2,10367,-174
2,36394,-24
2,18985,160
2,47132,60
2,30379,14
2,40857,180
2,21836,-122
2,39632,-30
2,40632,-68
2,33415,18
2,3261,12
2,23411,198
2,9363,44
2,15403,-134
2,31971,-74
2,627,-108
2,960,-170
2,2884,-168
2,12862,196
2,30697,24
2,46798,56
2,34393,60
2,35055,8
2,8650,-164
2,16983,-168
2,33429,146
2,25434,-106
2,22948,-30
2,10512,-14
2,2840,138
2,49096,192
2,18677,-64
2,16200,198
2,20566,-148
2,18603,30
2,40572,34
2,68,-26
2,35946,178
2,8765,-180
2,29292,-38
2,34793,104
2,31932,174
2,35663,152
2,26663,106
2,16113,162
2,32750,92
2,26856,-98
2,4466,-194
2,7684,52
2,13598,124
2,9351,80
2,6715,108
2,14767,-118
2,36042,-140
2,49803,-108
2,34441,-6
2,11398,-90
2,7830,-30
2,42766,102
2,43024,108
2,47622,-158
2,29152,188
2,14723,-166
2,6013,-146
2,21729,2
2,46754,-54
2,5391,52
2,13693,4
2,28764,22
2,42605,62
2,21645,70
2,16631,-172
2,11404,74
2,36257,34
2,30421,-12
2,684,80
2,14894,-140
2,35823,-198
2,5691,140
2,9606,-102
2,21342,174
2,44584,28
2,47310,184
2,23899,112
2,10757,-36
2,21140,124
2,42066,10
2,24781,82
2,49214,82
2,10254,-90
2,16608,-68
2,38217,-170
2,16520,130
2,40852,-196
2,19096,-74
2,9321,174
2,17779,-44
2,1781,4
2,17576,36
2,24312,-16
2,49766,178
2,29302,-102
2,45329,80
2,2337,-150
2,112,60
2,5492,-80
2,43799,140
2,27464,-110
2,38497,90
2,40513,128
2,37828,104
2,45102,118
2,26411,-146
2,20184,68
2,32856,60
2,14692,156
2,15539,74
2,10450,-32
2,31772,-122
2,15374,-142
2,925,82
2,19308,66
2,11412,122
2,28577,186
2,3430,12
2,46677,72
2,48294,-80
2,28654,186
2,21817,-92
2,7163,136
2,33261,144
2,44865,-16
2,29064,-160
2,42470,-14
2,42557,-136
2,16662,114
2,29638,120
2,23901,176
2,23061,-70
2,49911,-182
2,6443,-142
2,9682,156
2,37210,-160
2,44850,-76
2,3569,42
2,9549,98
2,9653,-184
2,26721,-158
2,43526,-14
2,40155,68
2,9283,-90
2,1659,106
2,18680,144
2,21009,154
2,44110,-154
2,3923,140
2,19409,184
2,21236,122
2,32525,-112
2,41082,72
2,41427,38
2,11437,78
2,17712,26
2,10941,66
2,42071,-6
2,919,-140
2,18244,-8
2,25936,-192
2,45806,-48
2,43314,-66
2,46265,-10
2,31781,180
2,44443,-102
2,19858,-190
2,29981,150
2,32712,24
2,35727,182
2,14019,-36
2,39126,-192
2,29221,-68
2,5907,-74
2,44839,-150
2,4884,-54
2,20352,-154
2,30680,-192
2,14667,162
2,25425,56
2,45500,-102
2,7047,140
2,17665,-142
2,2108,-88
2,36656,-106
2,4938,156
2,36272,-66
2,42015,100
2,15923,-112
2,17468,-34
2,23776,-12
2,6223,-96
2,47299,196
2,10470,-98
2,21983,72
2,22935,-84
2,2935,128
2,28231,150
2,13821,30
2,30710,-114
2,31150,-184
2,34548,16
2,14526,-14
2,49795,-142
2,2562,152
2,29878,68
2,32307,-38
2,39779,168
2,14822,160
2,24595,98
2,37525,8
2,2548,-26
2,37503,16
2,7829,-58
2,5712,28
2,42525,108
2,18721,-102
2,20746,18
2,26005,90
2,49297,100
2,45898,-138
2,6918,136
2,34442,-88
2,5934,14
2,13639,-58
2,49675,-108
2,29626,64
2,23959,36
2,25213,-20
2,36569,-194
2,13251,-198
2,3209,-160
2,11314,-76
2,23493,-182
2,40013,-14
2,35913,6
2,34235,90
2,33515,132
2,4804,74
2,11116,-58
2,22491,22
2,43773,-140
2,28044,-144
2,28720,4
2,45160,-164
2,9907,62
2,3496,174
2,37538,84
2,46958,-54
2,24198,138
2,7785,72
2,19526,-32
2,37597,34
2,6896,-138
2,32006,178
2,2478,58
2,36264,-142
2,26500,174
2,12032,-180
2,47384,122
2,1970,4
2,42549,110
2,46451,-164
2,20373,-54
2,45042,18
2,10277,-44
2,19247,-186
2,22526,50
2,38687,96
2,5611,-88
2,40486,-178
2,44364,-170
2,29321,46
2,41813,172
2,28246,64
2,26630,-182
2,28943,-84
2,31154,138
2,48331,162
2,41610,16
2,45023,60
2,14100,-50
2,14596,-114
2,34990,6
2,4044,-48
2,28315,128
2,21937,96
2,3590,-26
2,39861,136
2,5619,192
2,44517,-98
2,39159,160
2,16089,142
2,1312,-62
2,9805,-120
2,25652,108
2,29645,90
2,30005,122
2,43165,194
2,15201,44
2,18463,-140
2,21662,-92
2,18071,94
2,4580,100
2,35297,-80
2,29945,-66
2,36008,176
2,26912,-16
2,4073,-52
2,38746,140
2,40727,8
2,17038,72
2,31049,-116
2,9992,56
2,9933,-24
2,7353,-96
2,47574,-28
2,45876,12
2,34444,-2
2,19511,134
2,30789,-42
2,36910,180
2,39585,-4
2,10251,2
2,33463,52
2,21157,-92
2,10519,-98
2,10084,-4
2,43597,74
2,14295,56
2,11124,-44
2,5497,-10
2,39293,-50
2,43079,-120
2,5982,104
2,16241,76
2,12188,6
2,41795,-2
2,32003,188
2,31072,-32
2,150,64
2,9878,-70
2,13141,-142
2,5553,-180
2,44631,74
2,42819,180
2,44163,114
2,22025,-18
2,39578,126
2,12435,76
2,10973,184
2,25174,-92
2,47543,-32
2,39773,-22
2,17,-170
2,29415,94
2,23692,4
2,48859,-176
2,48579,-18
2,34768,160
2,9889,-34
2,25797,-170
2,32423,-48
2,32419,-68
2,10533,-58
2,5392,-92
2,1840,-80
2,18053,28
2,3304,196
2,17424,80
2,14001,166
2,4219,14
2,23511,-98
2,33860,118
2,14808,192
2,47151,14
2,14283,38
2,2228,-2
2,13592,40
2,18607,84
2,47052,180
2,7104,-128
2,12732,84
2,15448,-194
2,43562,180
2,41379,68
2,9852,158
2,14427,-76
2,22974,72
2,40448,-106
2,10970,42
2,6799,58
2,40739,-160
2,9811,8
2,2045,-70
2,1720,-120
2,30011,-170
2,25542,142
2,7206,-100
2,23914,-140
2,21084,80
2,23812,82
2,16463,-130
2,32649,-182
2,46296,-52
2,39349,26
2,34678,46
2,17546,32
2,5542,-110
2,38831,-122
2,19505,90
2,48304,130
2,22773,-98
2,2606,-8
2,1142,44
2,5209,-76
2,25376,-6
2,37791,56
2,43825,-30
2,8687,12
2,40905,82
2,8836,-20
2,11215,-100
2,43380,-174
2,44577,-88
2,42196,-40
2,5967,130
2,44648,-70
2,15988,64
2,48079,4
2,22003,-2
2,31268,-122
2,43217,-8
2,32934,-148
2,7007,168
2,40680,72
2,35817,22
2,20856,-48
2,32584,56
2,3825,142
2,31771,38
2,15582,-70
2,40658,-168
2,23102,-164
2,32401,-84
2,3003,164
2,7210,166
2,2064,-92
2,22247,146
2,31386,180
2,29078,-144
2,41689,-164
2,31584,-160
2,45215,-188
2,34132,-106
2,28100,-150
2,2276,-60
2,39305,-158
2,44071,-152
2,14240,44
2,16119,-144
2,22556,94
2,12716,-8
2,26452,-120
2,42030,154
2,43862,-92
2,39078,48
2,6341,-192
2,45124,88
2,17817,66
2,14448,178
2,17915,-32
2,12063,120
2,9385,-84
2,7755,110
2,38577,-160
2,6072,-186
2,4244,-192
2,6267,2
2,1393,-158
2,5017,-102
2,34529,82
2,19581,-44
2,5919,186
2,39185,154
2,16099,-66
2,49711,-44
2,48284,-76
2,14971,-64
2,49421,16
2,40539,-196
2,16185,-200
2,11387,18
2,40195,-24
2,38807,30
2,36473,-144
2,44466,98
2,4819,86
2,28048,182
2,39036,134
2,3712,-68
2,43717,-46
2,11648,94
2,28143,22
2,5773,106
2,45472,-118
2,3434,-8
2,48723,-188
2,49473,-132
2,13433,64
2,30152,52
2,29765,-78
2,15162,-126
2,35212,-30
2,12840,92
2,31557,-6
2,42322,-180
2,4654,164
2,36230,-26
2,5481,-176
2,6269,68
2,22855,-94
2,615,-112
2,41646,136
2,30546,-180
2,36251,-36
2,18691,-58
2,26227,90
2,7908,58
2,18530,-32
2,36826,96
2,5228,-102
2,21410,-110
2,38824,136
2,49423,54
2,24004,52
2,17310,132
2,21008,154
2,1533,78
2,1164,-92
2,5344,132
2,31401,-26
2,1151,196
2,10351,-88
2,27160,74
2,27548,136
2,22754,102
2,17450,-98
2,24150,170
2,27729,104
2,31118,12
2,21235,-182
2,22607,-190
2,9018,-140
2,33729,-16
2,12049,-126
2,19277,-142
2,27380,60
2,9872,-124
2,44847,186
2,36841,8
2,41174,34
2,46908,-84
2,34226,128
2,21219,46
2,4563,-62
2,32526,-50
2,244,92
2,20750,20
2,4207,-156
2,14445,174
2,1702,-162
2,30481,-24
2,32821,154
2,9558,176
2,45352,170
2,21931,-158
2,3187,-4
2,9064,72
2,23989,128
2,41865,54
2,42687,-16
2,15131,-46
2,19609,112
2,22539,-106
2,35476,-38
2,17284,62
2,47591,178
2,3678,-70
2,21669,44
2,25410,-92
2,49707,-66
2,15172,82
2,31993,58
2,30322,128
2,17265,-172
2,41288,-122
2,41931,194
2,31572,106
2,98,46
2,25272,-86
2,25869,152
2,37165,-152
2,46992,-192
2,12216,-168
2,14785,138
2,45172,-104
2,30154,166
2,19962,-62
2,19469,100
2,42677,78
2,42358,126
2,12793,132
2,38144,12
2,17960,96
2,44340,48
2,30608,20
2,41515,-132
2,17273,-162
2,8883,-150
2,36161,-188
2,10684,-22
2,35638,-84
2,17326,120
2,36628,-70
2,5098,24
2,43022,-70
2,10326,-180
2,31477,-38
2,48967,-106
2,20863,34
2,17125,-98
2,38304,156
2,16272,-192
2,40948,-12
2,11422,20
2,27490,154
2,21524,-178
2,10428,66
2,42785,94
2,37732,-200
2,32015,-158
2,40084,-84
2,47402,-112
2,41070,-140
2,25816,32
2,12713,26
2,2835,146
2,6514,134
2,9205,116
2,49313,176
2,32758,32
2,11911,-40
2,4140,-40
2,7442,-116
2,46384,158
2,39833,196
2,18237,-70
2,44876,-198
2,29346,-148
2,1621,-4
2,2503,-28
2,9246,70
2,11856,64
2,35515,14
2,7737,-146
2,23414,180
2,37264,170
2,24261,40
2,25545,-178
2,31836,114
2,32123,12
2,41834,-158
2,21012,-88
2,40850,-82
2,39249,196
2,3150,32
2,7409,188
2,41822,142
2,27114,-52
2,26059,168
2,34374,2
2,35110,-152
2,45651,-138
2,46675,10
2,17355,34
2,23607,-134
2,4422,84
2,28814,184
2,29898,-142
2,48613,18
2,39770,194
2,29609,-46
2,47967,10
2,41901,-42
2,25522,178
2,42555,-176
2,26420,4
2,43300,-96
2,18714,-24
2,39434,-98
2,16852,124
2,35899,-182
2,10099,196
2,11788,76
2,28365,112
2,8939,82
2,6812,-66
2,33076,-188
2,34251,-36
2,46890,58
2,15868,-184
2,33226,-112
2,21489,170
2,20507,166
2,2204,126
2,29706,-200
2,22275,14
2,14049,18
2,35153,154
2,47387,-18
2,19044,142
2,26935,-156
2,49947,-176
2,18515,106
2,45130,128
2,19022,-146
2,26218,-134
2,32107,-50
2,4097,66
2,25922,10
2,29330,-54
2,1126,-196
2,23089,-72
2,19160,32
2,2389,168
2,43982,-114
2,43617,132
2,47848,20
2,20433,-78
2,19618,82
2,15385,186
2,5818,122
2,13170,-80
2,13884,100
2,2556,-162
2,14327,96
2,153,138
2,26532,40
2,33954,50
2,26210,-182
2,45115,120
2,15525,148
2,2214,-42
2,11565,174
2,32150,28
2,21699,132
2,6192,84
2,19872,44
2,20332,154
2,5271,82
2,49230,-30
2,43795,-28
2,19415,138
2,485,36
2,40085,196
2,17035,-196
2,10916,190
2,24361,114
2,18443,142
2,33208,-98
2,27600,-56
2,33240,-8
2,9240,144
2,24364,40
2,39662,-40
2,37976,58
2,10769,-92
2,49786,-24
2,18920,-132
2,44690,30
2,6152,64
2,26304,-66
2,8487,90
2,9757,56
2,36743,112
2,8089,48
2,40357,-142
2,48915,-118
2,27594,38
2,28301,102
2,16129,184
2,41397,-170
2,23943,-34
2,24552,6
2,16382,-14
2,38992,96
2,3079,14
2,34642,-176
2,23743,-182
2,43473,-148
2,29463,-78
2,34072,86
2,27989,-174
2,46298,144
2,48164,52
2,38839,194
2,14535,6
2,13880,-74
2,47185,-196
2,22839,118
2,46617,-4
2,24880,-106
2,27187,74
2,41992,-114
2,41348,-66
2,49139,-166
2,1993,196
2,10597,64
2,19489,90
2,17618,8
2,10362,-2
2,1482,138
2,29005,4
2,31854,38
2,25408,-196
2,21880,-74
2,33518,162
2,20376,-118
2,3248,-88
2,44278,-132
2,19829,78
2,44884,-66
2,2179,98
2,40059,-54
2,20874,-34
2,24538,78
2,16485,186
2,33852,108
2,39376,96
2,38634,-16
2,18052,-170
2,28261,156
2,32576,-4
2,929,50
2,21540,50
2,40693,-60
2,1532,28
2,44490,-106
2,20475,74
2,25175,190
2,48095,46
2,18497,68
2,20564,-198
2,3013,138
2,40091,-98
2,35054,50
2,34746,166
2,46687,124
2,12652,44
2,46850,-152
2,28921,18
2,10396,50
2,2070,-156
2,16648,-142
2,4851,-186
2,20784,116
2,32342,-102
2,3329,-166
2,31686,38
2,30166,118
2,30904,-134
2,29634,-74
2,43399,-92
2,4733,124
2,38881,-178
2,1104,64
2,24864,-140
2,47253,-156
2,48763,-142
2,35442,114
2,34293,-136
2,43462,190
2,3854,-60
2,46420,-200
2,42812,126
2,12354,36
2,36558,-22
2,19161,68
2,5736,-110
2,38598,-64
2,4380,92
2,49177,140
2,8976,-172
2,9875,-12
2,24834,156
2,11613,6
2,10972,36
2,32520,-34
2,32467,94
2,43422,-168
2,8811,-54
2,29308,32
2,8183,-130
2,29938,-184
2,6916,-70
2,30067,140
2,20642,178
2,22941,10
2,1259,192
2,49732,8
2,46883,-178
2,44316,-40
2,7190,46
2,39165,-112
2,36634,-182
2,16006,170
2,23108,-190
2,21806,-2
2,16592,18
2,5157,-184
2,12695,78
2,17079,-104
2,49749,134
2,40843,-54
2,48168,46
2,32661,-150
2,49349,-2
2,10031,-98
2,40940,86
2,46459,-44
2,2431,-198
2,5155,-198
2,40879,-144
2,21808,4
2,20250,-114
2,34319,44
2,38855,74
2,5256,-140
2,35881,146
2,34177,-174
2,38403,12
2,40272,-64
2,17432,-56
2,3426,-16
2,41444,52
2,3378,-64
2,15770,-152
2,22705,16
2,23501,174
2,6880,-4
2,33706,-88
2,7114,166
2,24788,18
2,30898,138
2,40012,140
2,21973,158
2,31403,186
2,2165,120
2,19677,-46
2,9040,-146
2,32191,12
2,47372,72
2,19121,-146
2,41006,-178
2,10815,176
2,12044,-46
2,47552,-4
2,15190,-82
2,35752,-16
2,14441,116
2,1559,130
2,16721,116
2,39650,146
2,12508,-114
2,33513,6
2,19626,-26
2,26949,-130
2,29503,176
2,27010,-60
2,16758,124
2,12596,58
2,6810,52
2,4574,-96
2,34336,-124
2,26503,-114
2,15728,-88
2,43490,152
2,7549,-152
2,21123,-190
2,8039,-142
2,47058,136
2,48772,-122
2,33963,112
2,13395,-106
2,45721,186
2,9329,-176
2,16546,194
2,24888,136
2,35306,52
2,26772,-178
2,18549,-122
2,31707,54
2,9436,-178
2,39027,82
2,23345,176
2,23424,72
2,33418,-40
2,12982,170
2,28330,60
2,4362,-2
2,15186,18
2,15551,156
2,15698,-118
2,22300,68
2,43443,-160
2,34436,60
2,25172,-200
2,46182,-28
2,37211,-72
2,48252,-98
2,41857,-114
2,23373,146
2,24087,-136
2,45988,-48
2,9457,28
2,45280,-4
2,13608,-186
2,20731,116
2,4285,-114
2,25568,122
2,47178,98
2,36627,58
2,32558,-172
2,27972,-130
2,10510,-148
2,20845,166
2,27956,54
2,14653,-164
2,4370,-178
2,28533,14
2,26389,-46
2,45017,-128
2,3083,-76
2,15977,36
2,42169,-172
2,39694,24
2,34700,36
2,7810,-164
2,42268,-120
2,26315,-104
2,12640,38
2,5631,40
2,47920,-152
2,49416,-122
2,5353,70
2,45396,194
2,47702,-18
2,22419,-106
2,29172,-42
2,20992,-4
2,14500,164
2,15354,46
2,38237,64
2,34798,150
2,7033,-50
2,5498,198
2,32512,-50
2,14477,-78
2,27412,110
2,47014,114
2,37026,6
2,566,110
2,2882,152
2,7995,-84
2,9437,198
2,8004,-34
2,47034,-20
2,16846,72
2,46605,-30
2,735,16
2,12998,58
2,16108,116
2,16173,-6
2,4807,-130
2,5057,-62
2,20190,134
2,45374,-186
2,3168,-32
2,23810,-96
2,27630,-74
2,18470,-174
2,6336,88
2,42839,-50
2,48650,-92
2,16771,116
2,33374,-64
2,18852,70
2,27082,-100
2,13861,-196
2,14955,86
2,26996,-76
2,18769,164
2,43858,104
2,27991,-90
2,19779,-52
2,36864,-72
2,10282,-78
2,14031,-26
2,21958,116
2,37044,-96
2,5697,-188
2,22264,130
2,43748,44
2,24436,-52
2,13508,106
2,2291,152
2,12773,-32
2,39174,182
2,40499,132
2,47106,-40
2,22473,-100
2,31420,-118
2,27196,-200
2,20395,-164
2,14816,-136
2,47798,34
2,48130,116
2,49229,-170
2,46972,110
2,14833,100
2,33738,18
2,11208,-180
2,11962,174
2,44389,-196
2,30071,60
2,13943,-4
2,41954,-16
2,12521,-118
2,45194,-162
2,45304,-72
2,2063,58
2,23467,-120
2,13160,120
2,22850,-158
2,38135,142
2,31073,-136
2,70,-192
2,8030,80
2,38485,-32
2,6776,108
2,6270,166
2,6360,186
2,28554,62
2,21571,40
2,13075,-2
2,38042,-180
2,30072,-58
2,15787,-96
2,27592,32
2,24470,-56
2,31681,20
2,15145,-68
2,20600,-58
2,32641,138
2,37324,-172
2,34873,-16
2,20956,-106
2,4144,176
2,49281,118
2,6161,160
2,4525,-128
2,43339,134
2,3682,-96
2,24416,136
2,48567,38
2,37855,-48
2,24756,48
2,42365,-96
2,539,-48
2,11879,-94
2,20306,46
2,17636,-90
2,620,182
2,1705,-156
2,24899,44
2,18134,-200
2,47252,144
2,48346,52
2,6222,-114
2,24837,-166
2,12442,-70
2,16672,198
2,29420,-24
2,13348,-96
2,4335,178
2,761,-16
2,39511,120
2,25958,170
2,296,-46
2,37251,56
2,24687,116
2,10355,-176
2,44220,-198
2,24971,-48
2,49002,178
2,20296,-72
2,29639,196
2,1936,-168
2,43123,160
2,41405,-148
2,9744,-168
2,16028,-102
2,30391,-108
2,47130,-84
2,27140,92
2,7317,194
2,43997,66
2,44149,-60
2,33248,-178
2,18514,-180
2,37934,-166
2,1074,100
2,46245,-182
2,12482,-24
2,46430,42
2,25178,116
2,4857,-70
2,25479,26
2,37420,76
2,48535,134
2,17044,-80
2,26778,124
2,34622,-114
2,40113,134
2,23558,-96
2,9608,22
2,32993,78
2,36801,-144
2,8897,-140
2,7479,-42
2,6420,-12
2,36855,194
2,23142,-100
2,37224,12
2,23473,-16
2,26248,8
2,35081,138
2,29688,50
2,22594,128
2,13056,158
2,41506,164
2,5889,-74
2,44127,-144
2,27926,-190
2,13512,-50
2,14565,-94
2,13771,70
2,37109,104
2,26602,-134
2,8344,-130
2,37703,64
2,6957,58
2,27026,-114
2,22007,-168
2,17615,74
2,47886,30
2,24280,166
2,33784,40
2,16782,-162
2,13390,74
2,5235,-120
2,44015,-106
2,15187,-138
2,6497,-172
2,15265,78
2,34527,-90
2,32220,52
2,39728,-108
2,13978,-176
2,11312,176
2,6389,108
2,46010,-88
2,20868,182
2,27884,-42
2,18419,26
2,18269,154
2,42131,-102
2,27284,84
2,5856,-162
2,39731,124
2,40811,-46
2,5798,122
2,47394,-104
2,29002,168
2,45840,-54
2,31931,150
2,34982,-46
2,23092,-186
2,13857,152
2,26153,-190
2,35559,-114
2,33605,122
2,14403,-174
2,10348,166
2,23646,40
2,6929,96
2,48044,132
2,33318,-110
2,14417,100
2,16996,-110
2,25786,34
2,22056,126
2,38836,-196
2,29128,-172
2,30147,-166
2,30195,-136
2,47487,-162
2,14551,-60
2,48006,178
2,9004,-116
2,32086,-164
2,42379,100
2,18593,114
2,20457,176
2,38168,-46
2,20135,-30
2,18915,-86
2,45644,-90
2,25268,12
2,7989,-130
2,35363,102
2,30294,-108
2,12778,160
2,36707,104
2,41263,44
2,10612,-64
2,20576,-104
2,30533,76
2,6581,-64
2,25601,-160
2,9472,38
2,6781,194
2,16318,-146
2,42702,120
2,28433,-200
2,41764,-52
2,30254,142
2,31527,96
2,47449,24
2,43080,132
2,30833,34
2,32518,56
2,40306,28
2,6574,-128
2,4013,-76
2,39366,-78
2,9,130
2,956,198
2,13723,122
2,20713,126
2,39681,-92
2,3027,-34
2,27056,-200
2,46708,82
2,44760,96
2,36353,52
2,36952,-66
2,35673,-44
2,9063,30
2,26574,-20
2,32353,30
2,8139,6
2,6525,-198
2,21887,142
2,39625,28
2,25912,-30
2,25710,-106
2,20841,-164
2,13499,-84
2,47292,34
2,34836,-30
2,5601,-184
2,29709,32
2,38982,54
2,33128,170
2,4719,42
2,31743,-136
2,15224,-40
2,45145,-120
2,47494,-144
2,29534,160
2,4181,54
2,31499,-74
2,31374,162
2,4558,136
2,42873,26
2,16958,-96
2,42049,-112
2,23984,190
2,34898,34
2,8948,24
2,20192,16
2,40760,-86
2,43206,68
2,37765,-148
2,15837,84
2,14597,120
2,16904,94
2,47631,158
2,24061,-158
2,27726,136
2,43127,-96
2,22704,146
2,34662,-188
2,34484,134
2,32602,134
2,1627,-88
2,37626,72
2,23633,180
2,37118,28
2,12783,-46
2,16905,192
2,34375,62
2,47420,138
2,30049,-18
2,22488,-134
2,33440,104
2,5810,-170
2,41563,60
2,12310,76
2,8512,-32
2,45546,-116
2,4670,-178
2,8471,-50
2,32465,142
2,24703,-148
2,22943,-142
2,16268,118
2,29229,122
2,19326,96
2,22516,184
2,10328,-160
2,29083,-24
2,47716,-170
2,21401,-114
2,49943,106
2,39646,44
2,20058,106
2,45761,-22
2,17556,98
2,16694,-60
2,16641,-152
2,24559,92
2,17097,-86
2,25549,170
2,13422,132
2,37396,124
2,15466,86
2,4727,-198
2,38877,8
2,14803,-184
2,42364,-24
2,35625,-80
2,29768,192
2,32355,50
2,4824,110
2,28076,-152
2,11876,52
2,9637,142
2,2166,-6
2,46527,-122
2,4170,-140
2,5302,-188
2,41459,-162
2,41010,-98
2,14577,40
2,42686,46
2,8460,-90
2,2429,-62
2,25650,82
2,47540,-20
2,24318,58
2,44746,130
2,18561,174
2,42910,154
2,28640,-192
2,12103,126
2,7375,100
2,27312,-152
2,3403,84
2,48453,120
2,31362,-174
2,16799,126
2,22286,-162
2,28841,122
2,6217,-112
2,4470,-94
2,445,-136
2,46012,-8
2,47373,-134
2,22148,140
2,18042,42
2,29687,-186
2,32509,4
2,46440,28
2,19025,2
2,48788,-118
2,46207,-192
2,17630,-110
2,20961,122
2,5270,-198
2,14358,64
2,37892,134
2,7175,-88
2,8157,128
2,2580,-24
2,3568,136
2,12744,106
2,46665,136
2,14758,-48
2,48710,70
2,7839,-178
2,29591,-156
2,40442,-50
2,17876,-58
2,3639,-136
2,47713,-40
2,31367,150
2,4129,-2
2,16829,42
2,6820,86
2,18065,-168
2,40063,102
2,28793,-126
2,685,-172
2,23726,94
2,2749,-44
2,43401,-176
2,13092,126
2,16280,-46
2,8946,-136
2,36470,-2
2,43523,140
2,4205,110
2,20326,172
2,24826,-50
2,25621,174
2,18594,56
2,8234,164
2,67,-116
2,2620,186
2,32099,52
2,26627,190
2,3469,32
2,36816,-116
2,26078,-192
2,37001,22
2,21869,-122
2,7245,110
2,10948,58
2,40366,-160
2,36915,-4
2,25630,36
2,41910,158
2,25026,170
2,40518,-162
2,10230,-184
2,38201,-182
2,9783,-160
2,26769,-128
2,36595,34
2,37516,-172
2,22717,190
2,24850,-14
2,20081,14
2,12987,-156
2,21271,-172
2,33565,198
2,47943,-60
2,13750,80
2,4456,140
2,33526,-42
2,45355,-80
2,44186,38
2,30629,-96
2,31247,-94
2,15323,-30
2,48032,-26
2,3720,60
2,25332,64
2,1143,142
2,23341,160
2,44521,66
2,23104,118
2,22870,194
2,1856,70
2,1718,-148
2,12324,-48
2,36779,-10
2,20000,-48
2,16985,-2
2,32253,-74
2,45150,82
2,22854,-16
2,20330,-160
2,976,6
2,1755,-154
2,22743,182
2,47636,58
2,23139,-22
2,29203,-190
2,4242,-130
2,20695,-120
2,18127,136
2,4376,-120
2,20059,-12
2,18118,150
2,45321,24
2,16220,142
2,16077,68
2,28195,-170
2,19819,-42
2,28706,-100
2,20432,144
2,1952,162
2,35283,-188
2,30903,-80
2,45682,110
2,32642,-32
2,15809,-126
2,4586,160
2,22643,26
2,42152,86
2,31146,42
2,4,30
2,41156,66
2,28495,124
2,13555,166
2,1530,-34
2,11260,168
2,16598,-188
2,26757,-42
2,25100,-108
2,12431,6
2,9346,-24
2,41009,-148
2,48558,-92
2,16437,26
2,38805,-172
2,37472,-56
2,12506,52
2,47805,42
2,936,-176
2,5025,92
2,46970,184
2,42144,154
2,13183,186
2,41369,-2
2,22791,28
2,4214,54
2,20581,130
2,45250,136
2,49060,-36
2,981,8
2,28276,170
2,32045,124
2,23155,50
2,45853,58
2,15303,182
2,38685,92
2,29145,-182
2,403,190
2,4184,48
2,19855,2
2,42646,-78
2,13365,-66
2,33815,-76
2,36178,-200
2,26176,-10
2,2927,-82
2,5173,138
2,28073,-146
2,23725,68
2,15062,-110
2,2862,-102
2,9067,188
2,32266,-48
2,39295,-110
2,15006,96
2,20259,184
2,47098,148
2,42077,102
2,3195,98
2,44977,28
2,3994,-42
2,45643,-86
2,49860,-166
2,11017,-32
2,41289,-40
2,34010,40
2,3676,-48
2,14696,-72
2,34595,-120
2,23763,-22
2,15446,146
2,8806,-170
2,7466,-32
2,20199,-186
2,27095,-108
2,29036,-164
2,28041,10
2,41697,-52
2,13193,-164
2,33819,48
2,33485,-104
2,47986,174
2,48306,-190
2,18586,136
2,26376,150
2,14963,-34
2,14271,4
2,31668,-82
2,19861,-58
2,27871,-10
2,49509,18
2,2969,-60
2,38296,90
2,2740,-88
2,14156,156
2,31351,-84
2,48868,-12
2,45520,-20
2,17958,30
2,13643,168
2,18111,62
2,38369,-86
2,11250,-118
2,34027,-60
2,33455,124
2,29276,-166
2,19727,142
2,48263,148
2,23024,42
2,41327,144
2,2730,116
2,9043,92
2,39231,-178
2,1,-150
2,2180,-192
2,33915,46
2,40391,-178
2,34025,70
2,12423,-32
2,14275,-170
2,23564,-28
2,44043,-180
2,11858,-178
2,12226,-114
2,10682,-4
2,11221,-116
2,37613,104
2,35532,176
2,33683,188
2,2448,42
2,1427,-108
2,37314,-112
2,27442,-166
2,47740,-160
2,33047,-76
2,3466,28
2,48434,-40
2,13824,-66
2,39355,168
2,49704,36
2,36776,124
2,34620,-152
2,29072,-186
2,18035,-146
2,34734,-34
2,23631,-80
2,11186,10
2,49952,30
2,45718,78
2,43193,-94
2,31731,148
2,21777,-134
2,37492,-140
2,36865,82
2,14485,-96
2,23310,158
2,49382,32
2,33107,136
2,7663,-126
2,33372,88
2,27443,-110
2,48832,84
2,19323,74
2,47662,-38
2,42670,-70
2,37320,78
2,40473,110
2,9750,66
2,5334,6
2,22244,170
2,35813,-88
2,40198,48
2,31992,50
2,32251,-18
2,27477,-164
2,18320,-90
2,12369,-66
2,14132,44
2,48621,130
2,10132,26
2,44277,-200
2,21425,64
2,34191,96
2,13050,-104
2,14679,80
2,4921,-58
2,49288,4
2,38132,-118
2,26886,130
2,22449,4
2,21211,-156
2,31144,-104
2,30495,130
2,4167,18
2,43489,-112
2,25700,-160
2,33170,52
2,23988,-148
2,14060,-128
2,42078,16
2,8906,-26
2,26072,28
2,11299,170
2,37042,148
2,27523,8
2,26697,94
2,11713,96
2,33369,-54
2,37900,182
2,23163,112
2,31566,46
2,41885,124
2,39609,126
2,12060,56
2,16171,-14
2,13640,-162
2,19694,102
2,39173,-142
2,37929,98
2,31419,-166
2,34000,-136
2,29791,-156
2,21053,-88
2,10819,-88
2,1460,36
2,22878,160
2,24036,80
2,47260,12
2,6927,-88
2,20755,54
2,20440,-116
2,24679,106
2,19842,180
2,14648,-76
2,42064,12
2,97,164
2,11582,-10
2,38452,112
2,11331,-46
2,40625,136
2,14574,90
2,17621,-120
2,41564,34
2,1290,-190
2,32129,108
2,2692,-150
2,45338,-56
2,23861,166
2,44405,-26
2,17154,110
2,2292,-66
2,40833,-94
2,44233,160
2,49492,-10
2,10165,180
2,9258,-184
2,6809,-46
2,43146,-68
2,4497,-164
2,49285,-4
2,36287,-180
2,11877,-14
2,49636,36
2,16214,-36
2,2566,-148
2,12272,112
2,8452,74
2,5642,-78
2,23513,2
2,8210,116
2,44654,92
2,9034,-170
2,16131,142
2,39973,-70
2,6635,138
2,8071,-190
2,33049,-180
2,19909,-80
2,46814,138
2,29433,-48
2,32623,164
2,33263,-34
2,42063,-152
2,38587,56
2,30873,-166
2,20495,106
2,12102,-134
2,25375,-40
2,5171,64
2,35534,144
2,40065,180
2,4282,52
2,13224,-100
2,29894,-98
2,18830,44
2,11020,-68
2,38661,-6
2,37143,-176
2,32896,128
2,3901,36
2,41179,-6
2,27981,-10
2,13317,-178
2,42308,-158
2,38538,-134
2,49645,-38
2,42037,4
2,25053,148
2,12621,114
2,42132,-166
2,19902,90
2,19047,-8
2,41484,88
2,5842,10
2,18745,-20
2,4149,48
2,36701,-16
2,34972,94
2,12997,-170
2,386,-176
2,7752,140
2,46167,102
2,16507,66
2,9552,62
2,48400,-184
2,41443,158
2,8291,156
2,14585,-42
2,16539,146
2,17619,162
2,32614,104
2,3716,174
2,6379,-78
2,26,88
2,28483,2
2,29637,-96
2,39265,-10
2,847,12
2,24535,-106
2,7430,182
2,8014,192
2,3130,142
2,23794,-100
2,34300,146
2,21151,18
2,4186,-16
2,8177,-162
2,48068,44
2,6483,-52
2,26113,152
2,47752,142
2,15192,180
2,46728,-26
2,21013,-136
2,2565,164
2,1020,2
2,18776,108
2,10594,-96
2,1958,66
2,19679,-194
2,20447,-4
2,19371,-166
2,19700,-118
2,12418,28
2,44691,158
2,11532,-24
2,3254,138
2,4317,86
2,49881,2
2,49464,160
2,25918,-138
2,13082,-106
2,33882,72
2,35276,-96
2,10149,102
2,42327,-22
2,12105,-200
2,36440,-190
2,367,-182
2,30999,94
2,37039,-78
2,16051,-50
2,6430,-56
2,23923,-132
2,17375,162
2,6535,88
2,37918,180
2,8569,-72
2,19333,198
2,23391,-156
2,11770,120
2,13551,166
2,46614,-4
2,28737,-46
2,20197,-72
2,12138,160
2,30478,132
2,6882,-136
2,11050,-200
2,35989,108
2,34073,6
2,34196,-72
2,3616,50
2,9954,42
2,44371,132
2,11777,-140
2,46246,-56
2,18282,156
2,13778,138
2,27177,-136
2,34288,-164
2,16651,22
2,47437,54
2,47789,136
2,33804,-108
2,14524,196
2,7564,-138
2,26979,38
2,19207,-164
2,26195,194
2,30726,-26
2,18979,166
2,22785,74
2,7720,-46
2,18300,-158
2,12456,188
2,38681,36
2,39169,176
2,29150,-196
2,34944,170
2,13283,130
2,15645,-148
2,15814,-68
2,40548,-188
2,18784,20
2,29627,-62
2,21598,184
2,43055,20
2,32314,78
2,41159,-26
2,37221,-30
2,15124,82
2,2266,-20
2,19140,114
2,3890,82
2,28377,-6
2,18833,70
2,5480,-136
2,23694,70
2,45473,42
2,14926,184
2,875,-152
2,48102,-8
2,28902,-74
2,48107,162
2,33464,-98
2,36817,100
2,48609,98
2,2574,-54
2,23581,122
2,28188,148
2,45880,-54
2,17283,46
2,26726,98
2,5624,98
2,26790,-12
2,13344,-32
2,26806,-174
2,30652,-144
2,21877,182
2,20681,-196
2,40429,-106
2,49968,50
2,39602,-10
2,14117,-148
2,11643,-72
2,3945,132
2,41839,-48
2,17337,-140
2,28183,176
2,43099,-178
2,23376,106
2,7544,-38
2,24863,-164
2,18988,-70
2,41458,126
2,11448,110
2,5508,94
2,3618,-118
2,38701,176
2,9921,-96
2,1343,22
2,23970,-152
2,27214,-178
2,40511,52
2,16189,62
2,22072,-84
2,49733,66
2,5491,-76
2,26434,-16
2,37819,136
2,1842,100
2,48656,146
2,41975,90
2,32336,-136
2,20235,-134
2,18734,170
2,25284,-122
2,4398,150
2,39360,-164
2,812,186
2,28358,34
2,46472,160
2,37684,140
2,23494,-184
2,41194,88
2,40678,34
2,38175,96
2,35557,4
2,44747,-82
2,24939,-124
2,28684,98
2,42494,-20
2,29728,-48
2,8483,40
2,9774,150
2,15301,116
2,2047,2
2,23663,54
2,17169,-116
2,154,-184
2,37853,14
2,20148,146
2,48012,184
2,17827,-108
2,39767,-52
2,10295,76
2,34641,-84
2,8983,152
2,43313,-30
2,6746,40
2,15739,150
2,7657,156
2,5894,10
2,37036,-32
2,10250,-16
2,36339,-96
2,38567,178
2,38521,-32
2,4794,-104
2,39243,184
2,5118,-180
2,22373,-6
2,24083,68
2,33922,-70
2,34457,-186
2,47234,184
2,46975,114
2,14171,94
2,13110,-68
2,30258,22
2,26065,62
2,9279,108
2,191,78
2,23378,-184
2,41303,38
2,27984,52
2,77,104
2,17697,-188
2,26118,-138
2,45886,172
2,19299,-60
2,4731,150
2,6840,-88
2,11885,-150
2,6467,132
2,4090,124
2,46929,-180
2,18998,146
2,44901,-26
2,24349,-126
2,12700,16
2,4779,180
2,4641,-120
2,41645,-48
2,18664,-70
2,39877,-106
2,2820,160
2,45394,-12
2,33556,-8
2,42854,82
2,12601,198
2,2341,54
2,28551,-58
2,14352,-198
2,13969,-76
2,45551,30
2,49475,32
2,27422,-138
2,5824,124
2,37418,72
2,8065,138
2,486,-4
2,13474,-196
2,42556,146
2,26275,-64
2,36856,190
2,1735,2
2,38225,154
2,13382,140
2,36625,-58
2,22569,-172
2,48452,72
2,23479,-138
2,27251,164
2,46782,-6
2,5451,-54
2,30816,20
2,23769,142
2,28667,-80
2,11746,188
2,39614,172
2,18278,8
2,11240,-198
2,1023,-68
2,47336,-14
2,49697,192
2,19240,188
2,25501,154
2,27348,-110
2,47959,-156
2,32829,84
2,26930,-80
2,4707,-170
2,23269,-184
2,31006,-88
2,29049,-74
2,27653,-64
2,12562,8
2,39486,-78
2,15156,-136
2,12006,178
2,26544,170
2,6782,144
2,18069,-72
2,38983,112
2,4687,68
2,46192,56
2,25493,-174
2,18598,8
2,37694,160
2,21642,-40
2,21429,158
2,34377,2
2,3099,-70
2,27849,-100
2,37536,-152
2,46137,106
2,39195,4
2,28542,190
2,27159,176
2,30806,44
2,13199,180
2,35562,16
2,25658,158
2,31653,-90
2,24838,-12
2,13265,4
2,19519,-184
2,45997,104
2,38000,-54
2,34118,-168
2,848,-100
2,21467,-116
2,37453,-166
2,13860,-188
2,22629,82
2,21124,-130
2,30997,18
2,44175,196
2,43796,-28
2,41898,142
2,14854,-4
2,41125,172
2,22126,192
2,49104,-40
2,8919,-154
2,40284,20
2,42115,-152
2,18797,-176
2,28185,178
2,9274,-184
2,15071,88
2,43537,-24
2,697,126
2,16183,30
2,8750,28
2,49072,-200
2,41991,-30
2,27625,-114
2,871,-118
2,42518,158
2,42285,144
2,39329,80
2,22226,-158
2,45535,36
2,36872,-76
2,45941,-64
2,38727,58
2,18822,188
2,14296,112
2,1671,-156
2,45544,-70
2,23525,-152
2,17419,196
2,45833,-198
2,16385,182
2,46398,160
2,38186,188
2,40355,80
2,39059,-96
2,39055,142
2,41271,94
2,29087,8
2,1518,-26
2,32424,186
2,43159,44
2,31518,-150
2,16812,-4
2,47321,68
2,46286,-154
2,38133,16
2,25181,-172
2,9169,-44
2,46134,42
2,6953,-116
2,2966,-200
2,27854,-168
2,26049,-2
2,10974,14
2,46564,-160
2,37713,-172
2,17345,-140
2,34268,-184
2,343,-100
2,29057,-46
2,1287,56
2,8497,-40
2,3070,74
2,42490,22
2,17533,20
2,10026,62
2,5136,114
2,29824,-170
2,7899,-92
2,42979,152
2,13580,32
2,26382,198
2,37643,-182
2,42858,78
2,19322,-76
2,34650,-148
2,20186,54
2,33422,-78
2,7569,60
2,34388,-148
2,49779,156
2,15806,118
2,16343,88
2,8844,74
2,37471,-190
2,2030,46
2,15635,-142
2,2343,-50
2,944,10
2,5266,88
2,37172,172
2,49517,74
2,10446,52
2,14770,-60
2,12647,70
2,34690,154
2,2558,-42
2,42931,12
2,14013,-198
2,746,170
2,43204,12
2,37433,110
2,3479,-42
2,45946,16
2,43302,-128
2,3748,72
2,36824,12
2,6854,86
2,27392,46
2,38614,-188
2,17161,42
2,49172,122
2,46244,18
2,2099,-182
2,49633,-192
2,40564,-196
2,43362,56
2,18252,-186
2,24203,-76
2,36704,-170
2,11761,82
2,37456,60
2,33693,-174
2,2646,144
2,41553,-106
2,49576,-116
2,22000,36
2,29663,-186
2,47222,70
2,15231,112
2,16952,190
2,30234,138
2,10398,178
2,16428,2
2,24702,112
2,49958,-60
2,12178,182
2,6600,96
2,26343,136
2,39948,-146
2,46234,-76
2,21488,-64
2,36840,170
2,42433,26
2,26968,-186
2,39581,-68
2,30667,28
2,18395,96
2,45902,92
2,42675,-178
2,13999,160
2,22311,188
2,28863,174
2,35289,40
2,45088,-10
2,15643,182
2,43493,-78
2,40202,-182
2,36647,16
2,23613,-168
2,26989,136
2,23090,-148
2,2597,-170
2,32315,-90
2,49600,194
2,39463,-2
2,13931,82
2,43451,20
2,35320,-92
2,1153,174
2,34538,-118
2,28252,6
2,27096,-104
2,28362,118
2,40608,-144
2,20726,70
2,47917,-60
2,16278,32
2,15168,64
2,7832,-134
2,6516,-90
2,31301,-38
2,18716,-26
2,46857,-16
2,8615,-68
2,23005,120
2,27526,180
2,41845,104
2,49264,2
2,11442,-102
2,46254,34
2,1673,128
2,17365,-130
2,8331,-154
2,10830,-14
2,46497,172
2,33383,-154
2,18036,-162
2,17179,58
2,41000,150
2,24374,-92
2,26475,198
2,20591,-30
2,34430,-174
2,12357,54
2,18120,104
2,20553,-100
2,42128,68
2,22436,-116
2,31098,-4
2,4522,-164
2,23418,104
2,23888,184
2,27917,154
2,30115,58
2,48812,130
2,29919,-88
2,43579,-170
2,49347,182
2,25557,116
2,28485,-128
2,48498,194
2,36630,-4
2,19597,-42
2,3173,154
2,48564,-84
2,46705,116
2,49850,60
2,37384,-194
2,23010,94
2,28493,-90
2,11895,-112
2,32343,38
2,8054,188
2,6386,-134
2,11348,138
2,5051,12
2,45528,106
2,31467,130
2,22535,-186
2,9261,120
2,5614,-102
2,19239,-122
2,987,46
2,40788,-54
2,15841,-60
2,14744,-182
2,14393,4
2,3183,-24
2,4604,-30
2,33040,-186
2,29249,-98
2,26903,88
2,6844,-40
2,1205,-134
2,19686,78
2,1778,-162
2,22829,94
2,18807,72
2,49742,182
2,22012,104
2,20144,68
2,9434,-150
2,48974,-158
2,46072,150
2,15702,-82
2,36587,-46
2,3115,50
2,23534,-110
2,14863,58
2,27927,16
2,8790,60
2,137,-134
2,33880,-82
2,5304,42
2,47081,196
2,7334,44
2,15532,192
2,45114,106
2,17977,-134
2,48973,-4
2,8075,-32
2,6277,110
2,39104,196
2,17670,2
2,42714,-44
2,6943,-130
2,9115,-76
2,33911,-108
2,46793,-196
2,19776,86
2,9912,156
2,33967,-102
2,15752,198
2,6195,-44
2,20843,60
2,48917,114
2,17976,10
2,41811,74
2,38129,-194
2,49855,-182
2,13304,76
2,37111,-92
2,26122,38
2,18683,118
2,46819,-184
2,40087,54
2,22875,-78
2,12388,152
2,22372,-42
2,31708,-10
2,22661,-2
2,35381,56
2,28300,142
2,47367,194
2,13168,52
2,43499,12
2,38436,60
2,13591,184
2,23598,66
2,46544,126
2,3764,-8
2,14786,-152
2,31418,-168
2,43008,14
2,47297,-156
2,42546,-190
2,31549,-196
2,21663,164
2,15326,20
2,22493,-116
2,42162,30
2,18810,-66
2,11918,-16
2,9061,-24
2,18005,154
2,34184,-80
2,9163,-192
2,9727,132
2,6054,166
2,39608,110
2,15975,-54
2,33028,50
2,3851,-76
2,47635,-76
2,30836,12
2,17738,72
2,48774,58
2,38937,-34
2,7805,96
2,16968,-184
2,33741,-198
2,35932,-66
2,38055,-98
2,38333,-36
2,25419,70
2,36336,110
2,31703,106
2,3563,-146
2,9855,138
2,4344,-86
2,6944,46
2,48440,22
2,13394,-102
2,24649,154
2,31377,188
2,34385,-110
2,20821,-58
2,762,90
2,42615,78
2,11786,-42
2,41114,-74
2,26888,66
2,16806,88
2,8401,98
2,31674,-118
2,18363,-122
2,27170,96
2,19835,90
2,18652,-162
2,42624,102
2,1824,-114
2,35925,-48
2,26700,-60
2,1907,-118
2,31511,18
2,46009,40
2,13780,-76
2,18854,174
2,706,-98
2,38630,170
2,4504,-124
2,6197,174
2,24987,110
2,25875,-146
2,9695,122
2,29493,-194
2,29880,148
2,39653,102
2,5718,130
2,8217,162
2,15389,54
2,33026,-152
2,34750,-54
2,15139,-200
2,38597,-126
2,31741,10
2,32161,194
2,29339,62
2,758,152
2,15862,-170
2,12922,-188
2,32274,138
2,37704,50
2,29481,-64
2,9099,-78
2,43026,-56
2,3773,172
2,6540,176
2,43262,34
2,4325,98
2,35019,-58
2,38816,-192
2,48698,-112
2,4224,-134
2,36268,-18
2,12756,-200
2,22387,58
2,26084,128
2,36967,-130
2,3950,156
2,32783,166
2,28802,-194
2,12465,56
2,35071,-170
2,43121,100
2,25904,-144
2,31307,70
2,18737,86
2,25665,126
2,20006,-166
2,10835,36
2,4914,88
2,21331,30
2,41859,-74
2,18948,-80
2,38852,36
2,21967,116
2,41118,142
2,14593,144
2,5473,78
2,7880,-174
2,2198,94
2,39441,184
2,18125,152
2,32655,182
2,37247,166
2,24042,68
2,40919,-178
2,5415,-92
2,38013,-126
2,12005,-30
2,16709,-84
2,49097,182
2,14113,-78
2,9322,-104
2,26043,34
2,17773,-174
2,8652,-122
2,29496,-198
2,17002,168
2,997,-170
2,41406,6
2,37228,186
2,46518,-72
2,48495,110
2,9419,34
2,40005,78
2,33431,166
2,8686,-188
2,180,128
2,30291,198
2,45133,-56
2,2072,-18
2,39339,174
2,33205,112
2,36043,52
2,32864,-64
2,27292,184
2,32659,-130
2,15853,174
2,18078,150
2,27835,124
2,39612,58
2,13431,-104
2,45975,-30
2,18872,98
2,17012,156
2,4575,46
2,32700,-54
2,9890,166
2,5929,-8
2,21925,100
2,30326,-22
2,16490,92
2,12230,64
2,3314,144
2,20098,4
2,2827,112
2,33442,136
2,16424,-126
2,39566,-182
2,39432,168
2,13282,194
2,34801,14
2,45278,-126
2,37659,38
2,41535,86
2,25660,178
2,22696,38
2,46165,-186
2,5071,142
2,21499,2
2,14640,-160
2,26000,-110
2,30046,-146
2,45770,116
2,3702,-60
2,46803,170
2,49556,-54
2,35708,36
2,32779,-94
2,31501,-180
2,9622,178
2,27060,96
2,44719,102
2,46578,6
2,2611,82
2,10093,34
2,9497,190
2,34884,158
2,9945,-144
2,43149,142
2,32713,-118
2,38488,148
2,30947,18
2,16324,-112
2,33482,94
2,5287,-56
2,7793,172
2,10570,-28
2,10598,60
2,25857,108
2,45567,-160
2,44504,76
2,46506,166
2,32647,-4
2,36060,-114
2,28045,172
2,37883,-172
2,9611,158
2,10631,-148
2,11450,-170
2,29537,-156
2,17689,-128
2,34186,-108
2,40534,194
2,35804,-28
2,23681,96
2,39545,56
2,49962,2
2,29478,-196
2,28293,2
2,10222,138
2,32323,-98
2,24998,36
2,156,-52
2,38802,-104
2,24058,-76
2,25603,-24
2,41873,34
2,42416,-140
2,7044,-114
2,48368,190
2,31849,38
2,24167,-108
2,32000,-148
2,6689,-166
2,29570,-178
2,21681,-160
2,29126,38
2,6433,-192
2,34202,14
2,4979,90
2,25089,-194
2,26380,16
2,23781,-40
2,24360,82
2,18156,-198
2,2872,-84
2,19089,-36
2,45066,54
2,46468,-98
2,49542,142
2,9441,-196
2,41456,78
2,43496,86
2,26701,124
2,9862,-82
2,33524,28
2,22946,24
2,22217,44
2,123,68
2,9828,-200
2,43567,8
2,8991,42
2,4573,176
2,24163,6
2,39883,-80
2,25914,-44
2,1252,32
2,38529,68
2,9977,-44
2,19380,42
2,27439,168
2,40893,128
2,39937,-180
2,6227,-44
2,5548,34
2,44875,164
2,12116,-164
2,1748,154
2,9093,162
2,13874,60
2,10070,-104
2,14731,116
2,27696,-24
2,10370,-72
2,37781,40
2,36637,-200
2,45740,46
2,49763,-26
2,47176,-62
2,43480,110
2,18143,-96
2,37106,106
2,49179,128
2,32813,52
2,41719,-78
2,47718,170
2,4383,-20
2,4031,46
2,21338,-6
2,15012,118
2,19452,-120
2,27403,14
2,43659,-70
2,20105,40
2,26192,-64
2,44849,-94
2,15861,-110
2,30978,-156
2,6545,38
2,6560,-190
2,5096,-104
2,38142,158
2,27278,118
2,12013,16
2,15601,22
2,15294,-198
2,15400,110
2,7595,54
2,42814,-64
2,219,50
2,12360,164
2,17561,154
2,15344,-62
2,9770,-68
2,40901,186
2,49286,-76
2,45923,178
2,44509,114
2,40936,-184
2,23595,196
2,19538,-20
2,28443,140
2,42038,28
2,47918,-82
2,34297,-20
2,1195,-116
2,20113,-28
2,44393,-82
2,20160,-12
2,27426,174
2,49872,-116
2,18212,44
2,40465,186
2,15282,136
2,42784,-150
2,41894,-106
2,19794,-22
2,35399,-18
2,40237,-180
2,33009,-192
2,25098,-170
2,22371,160
2,7827,182
2,40925,-194
2,45881,116
2,10525,-158
2,48762,142
2,7568,102
2,19937,-116
2,22307,154
2,49713,146
2,28581,12
2,10003,58
2,12419,78
2,37043,-2
2,15855,-102
2,36011,36
2,43856,112
2,49929,-70
2,28844,124
2,10636,148
2,26510,-106
2,47934,102
2,29817,-98
2,16152,-114
2,48435,138
2,45011,-140
2,24846,142
2,8595,-70
2,28910,-94
2,24983,-170
2,3344,-148
2,41543,76
2,11784,10
2,25382,-196
2,35467,48
2,23463,-138
2,41198,-182
2,24989,-28
2,20273,-120
2,13377,102
2,22557,-184
2,43466,90
2,49439,-128
2,4944,22
2,7650,118
2,4942,-156
2,11636,-150
2,12723,186
2,28432,92
2,39081,-70
2,1876,-4
2,27614,12
2,26448,-148
2,45645,-66
2,14268,182
2,42566,126
2,49376,180
2,48058,-114
2,1640,196
2,687,140
2,23926,-94
2,14742,182
2,18965,156
2,40923,-198
2,49998,-102
2,22092,88
2,15368,156
2,43315,76
2,46281,-32
2,36499,162
2,30584,144
2,30015,-132
2,12402,140
2,26109,186
2,48815,84
2,30426,168
2,39894,-160
2,26756,-134
2,120,84
2,26474,146
2,15165,30
2,3008,-174
2,41581,124
2,26115,-66
2,5764,118
2,2074,-174
2,14681,-174
2,40616,-94
2,39015,-156
2,4559,94
2,38430,146
2,25499,42
2,46898,-190
2,45968,-8
2,22549,18
2,1741,-64
2,25817,102
2,47003,-86
2,33303,108
2,5616,-96
2,24962,-52
2,3283,-142
2,9866,10
2,4826,24
2,45154,4
2,43202,38
2,3832,78
2,19732,-90
2,25265,10
2,41638,142
2,46181,-186
2,44450,118
2,8380,76
2,204,168
2,4154,186
2,25761,-142
2,18932,-10
2,25263,-192
2,11518,-94
2,46068,-22
2,19086,138
2,17297,-60
2,32950,-106
2,29052,8
2,48737,64
2,9631,102
2,36424,140
2,49158,96
2,49936,-32
2,27816,168
2,46269,128
2,14623,192
2,8872,46
2,26217,158
2,31964,170
2,26200,-76
2,39455,-56
2,10184,108
2,28031,180
2,19224,56
2,5770,40
2,18746,24
2,12274,-2
2,38270,-96
2,21234,32
2,11327,72
2,6607,-86
2,2789,124
2,5550,178
2,11378,66
2,31243,192
2,20653,-104
2,47413,-30
2,29457,10
2,16526,-56
2,26156,-180
2,21845,106
2,27671,-64
2,25671,30
2,17328,-194
2,38327,-58
2,21849,-110
2,28790,-86
2,39712,32
2,37896,-32
2,21397,-88
2,44000,58
2,47516,-24
2,45507,-74
2,24740,-32
2,20605,40
2,34803,30
2,27808,110
2,44245,140
2,25369,32
2,16596,156
2,42833,-180
2,46960,-122
2,17858,-190
2,15377,198
2,14093,22
2,36941,138
2,18722,-6
2,11204,114
2,35171,132
2,40248,-178
2,10255,-96
2,31987,-36
2,17371,-128
2,16885,178
2,11192,98
2,31802,26
2,13720,4
2,34594,-54
2,42537,16
2,923,88
2,24790,62
2,34495,-88
2,42944,-34
2,46645,-62
2,21051,-166
2,28317,-160
2,35421,192
2,31976,-22
2,49331,-46
2,32413,-166
2,2812,174
2,27036,-44
2,10305,74
2,4025,-128
2,19332,-104
2,34688,-128
2,6312,142
2,35232,-78
2,15405,130
2,43619,-130
2,19838,-48
2,26141,-8
2,19665,-126
2,22237,66
2,47776,38
2,40022,-82
2,13546,-192
2,6557,20
2,28843,98
2,31575,162
2,13556,122
2,21500,-136
2,20104,54
2,42699,-86
2,13736,-80
2,47881,-34
2,35405,-130
2,23154,-164
2,43828,-34
2,24373,136
2,39601,-16
2,21323,-158
2,43749,136
2,4105,-92
2,47797,12
2,28928,-108
2,17720,-66
2,13176,196
2,25299,-130
2,23745,182
2,3018,138
2,22104,-50
2,23933,-70
2,36324,-62
2,32291,134
2,6441,128
2,18909,-64
2,8162,106
2,9512,170
2,17475,-132
2,35070,10
2,20303,-40
2,42458,-20
2,46001,54
2,15101,12
2,27978,62
2,42805,-68
2,46600,162
2,11003,-46
2,4671,-86
2,34623,104
2,43678,140
2,7489,-122
2,33990,58
2,20116,70
2,42378,152
2,24426,-90
2,25121,-130
2,12944,-176
2,41454,174
2,8156,74
2,46974,-178
2,47425,76
2,37288,192
2,30633,84
2,27629,-116
2,5094,-42
2,27285,-66
2,5653,-124
2,43509,112
2,20415,128
2,29504,-184
2,44035,-104
2,32210,198
2,26710,-66
2,30931,-186
2,40340,90
2,13367,26
2,45591,-24
2,31066,70
2,30957,-4
2,32136,-32
2,18062,172
2,36545,110
2,1999,44
2,10907,182
2,1624,42
2,35042,56
2,15864,36
2,12678,50
2,2746,-196
2,46478,-162
2,47436,14
2,1701,-194
2,49838,66
2,44986,-90
2,35709,-160
2,12604,-190
2,8415,156
2,5236,186
2,29408,90
2,9619,142
2,9627,106
2,47197,-100
2,21668,18
2,38541,-172
2,11594,-82
2,7471,-14
2,9091,-6
2,42422,182
2,14714,196
2,11483,198
2,37789,90
2,8110,-50
2,45871,178
2,28875,178
2,41556,130
2,44610,4
2,17554,-180
2,5343,-8
2,35757,-4
2,6856,56
2,16253,104
2,25877,130
2,28439,-158
2,44918,-156
2,454,-164
2,42195,-70
2,49562,126
2,12803,160
2,38001,-92
2,22651,106
2,34062,140
2,42186,44
2,2141,-38
2,18908,-14
2,21,160
2,7994,-42
2,49455,92
2,20179,198
2,23403,86
2,9197,122
2,6648,108
2,103,98
2,41246,94
2,28287,-22
2,2073,92
2,26309,140
2,41370,34
2,409,44
2,25576,-104
2,30051,74
2,46087,2
2,35778,-192
2,28304,142
2,22305,-6
2,42031,-14
2,700,-74
2,20991,90
2,34963,-12
2,36839,76
2,27643,-142
2,36783,-28
2,760,60
2,8324,-118
2,45263,-56
2,9694,-174
2,49624,96
2,1772,144
2,33997,-112
2,44044,-144
2,27288,12
2,41258,-54
2,20378,-46
2,41773,-118
2,29109,-118
2,5077,-68
2,32270,-72
2,24678,56
2,19748,70
2,23114,-174
2,31552,42
2,9809,106
2,17410,-92
2,23288,162
2,27553,42
2,32048,-142
2,22463,-116
2,6832,-140
2,27628,196
2,47350,-194
2,49065,100
2,32786,-10
2,32058,-66
2,16723,-28
2,40112,-74
2,47008,188
2,14408,-8
2,38140,40
2,11571,-82
2,38499,144
2,22778,86
2,23661,-102
2,40594,-178
2,15322,90
2,31398,136
2,48885,-128
2,2701,100
2,37255,48
2,42212,-4
2,26055,166
2,32752,18
2,11043,-50
2,26085,188
2,17374,-66
2,2203,-196
2,779,-82
2,35538,-80
2,19586,82
2,34362,-70
2,200,-72
2,21336,6
2,4609,-8
2,14900,-120
2,21104,-156
2,431,48
2,36306,-108
2,3362,28
2,229,-140
2,39559,4
2,3863,-150
2,41169,94
2,49592,-176
2,1606,54
2,29386,46
2,43160,124
2,8875,-8
2,13212,148
2,35615,-52
2,12214,-130
2,2721,-40
2,22464,-28
2,14980,156
2,30022,14
2,30368,48
2,32474,106
2,31911,124
2,26090,162
2,47045,-10
2,32195,184
2,21737,52
2,28154,-140
2,16370,84
2,16841,-80
2,38936,-188
2,9798,28
2,29750,68
2,1725,-98
2,25457,-166
2,4209,-42
2,33294,166
2,3751,-98
2,25182,56
2,43783,-4
2,1076,-192
2,21568,-92
2,42174,94
2,4841,-152
2,20418,-26
2,20763,-6
2,25536,-12
2,21158,166
2,41493,-64
2,2015,98
2,28530,-84
2,25161,86
2,13012,-60
2,5357,-164
2,25424,-48
2,20064,124
2,33277,-198
2,42780,122
2,39226,-70
2,306,56
2,9172,64
2,32276,118
2,36861,188
2,39808,122
2,33957,-30
2,34379,176
2,11042,-192
2,270,-86
2,31958,26
2,39700,-98
2,46119,130
2,42253,74
2,34492,-136
2,40086,-132
2,3626,-64
2,29382,-6
2,3707,-22
2,22461,54
2,11727,186
2,1879,132
2,10858,28
2,41740,-42
2,11691,92
2,26408,76
2,2865,198
2,27375,-74
2,40040,-42
2,26123,-28
2,16664,94
2,36414,-52
2,45363,166
2,48250,96
2,27238,26
2,27252,-98
2,47567,-86
2,15994,-142
2,1682,94
2,14562,-114
2,29182,-62
2,19655,50
2,6723,-104
2,10794,14
2,11899,-2
2,45067,-34
2,3467,-36
2,20412,-104
2,11022,162
2,1332,-18
2,838,-116
2,7339,-156
2,24782,184
2,17985,-10
2,35576,-144
2,11664,124
2,42184,-76
2,35561,12
2,27411,-88
2,40971,-182
2,3054,156
2,25192,-186
2,29257,-178
2,6965,-68
2,15243,-178
2,25995,126
2,2924,122
2,37438,-68
2,3717,28
2,13151,-28
2,48731,-160
2,29251,196
2,12107,-100
2,48690,-108
2,28734,194
2,19275,2
2,38657,148
2,13386,174
2,16687,64
2,24919,-198
2,46474,188
2,35569,78
2,16577,-128
2,37341,-146
2,48663,-126
2,30073,86
2,16677,46
2,25732,-120
2,14217,182
2,48695,112
2,20958,184
2,1545,6
2,16239,66
2,23842,-198
2,37296,-108
2,39487,64
2,48827,18
2,4038,-114
2,15656,82
2,20281,16
2,33311,-84
2,31100,24
2,20206,140
2,38437,172
2,48418,-58
2,15514,134
2,26460,176
2,6928,10
2,38603,44
2,49016,14
2,43247,-18
2,20655,-62
2,2521,-84
2,1227,-62
2,29487,-82
2,48174,-186
2,27135,120
2,43803,6
2,35722,-154
2,11475,12
2,5782,174
2,29193,126
2,23831,148
2,14309,-32
2,42033,-30
2,7083,148
2,2930,-192
2,101,-126
2,13302,20
2,20669,-152
2,36415,-68
2,44602,-78
2,44532,122
2,33345,-170
2,16064,14
2,39816,8
2,18251,166
2,8943,-184
2,8050,132
2,40566,-18
2,992,-146
2,1455,182
2,35122,-78
2,30205,-80
2,40613,-160
2,18775,-56
2,30948,12
2,37084,-52
2,13816,-100
2,15812,-160
2,26584,-92
2,30461,-128
2,13888,118
2,37307,-94
2,14956,134
2,44472,112
2,33417,68
2,9449,-140
2,18248,-136
2,4861,36
2,40962,-140
2,30165,190
2,47250,88
2,32205,144
2,3543,-158
2,1422,-92
2,9231,88
2,30449,-102
2,17301,94
2,30570,-38
2,23100,92
2,21753,70
2,19449,-60
2,36506,-168
2,759,-102
2,27383,56
2,16842,20
2,40912,132
2,33004,-200
2,33070,30
2,983,-172
2,43665,-38
2,32481,-92
2,23753,146
2,20742,160
2,48840,-132
2,26229,-56
2,45195,58
2,36655,156
2,14866,-128
2,18386,-30
2,4178,20
2,31035,-20
2,24915,-10
2,44783,-194
2,49056,-184
2,26920,110
2,3077,46
2,2411,-152
2,32734,-68
2,23981,108
2,15087,104
2,27321,130
2,39697,-136
2,35820,-48
2,27493,-56
2,39433,54
2,3909,2
2,5673,52
2,10318,-100
2,38348,48
2,42816,-90
2,35790,194
2,9588,-68
2,22343,-114
2,45502,-76
2,8002,-10
2,44204,-188
2,11105,-14
2,9366,134
2,3628,-46
2,36552,70
2,11716,84
2,20949,-114
2,23443,86
2,16167,194
2,25465,-40
2,12088,-200
2,48554,-160
2,9119,138
2,48983,110
2,22088,80
2,33972,100
2,36554,118
2,5180,110
2,35228,144
2,27699,36
2,43293,-14
2,47628,-70
2,14039,92
2,14422,-148
2,13957,-10
2,5112,-72
2,37064,-178
2,42276,-174
2,25139,66
2,44541,-56
2,41196,172
2,9758,198
2,30959,-18
2,39259,134
2,160,-104
2,43336,76
2,35609,-88
2,24911,-20
2,27068,168
2,7372,-116
2,23747,20
2,33756,-82
2,17366,96
2,14999,124
2,12791,-176
2,19852,-42
2,2242,-146
2,30108,-126
2,28124,-170
2,12580,96
2,23947,94
2,25437,8
2,28557,186
2,47039,194
2,32407,120
2,18754,-4
2,35030,154
2,23059,70
2,25193,76
2,22749,106
2,47280,78
2,21765,194
2,10950,-174
2,18327,-128
2,33257,182
2,9967,14
2,46636,-96
2,13455,154
2,47522,-112
2,13877,-70
2,49030,74
2,44022,22
2,43651,-156
2,10997,-196
2,12234,-44
2,49701,-168
2,1049,-172
2,36996,-134
2,14389,160
2,21423,58
2,327,84
2,26418,-116
2,33937,22
2,10805,28
2,22653,-48
2,15267,168
2,47895,-190
2,21592,-32
2,18896,-14
2,32982,148
2,18961,138
2,24492,-178
2,45843,-124
2,6893,190
2,29683,38
2,3996,-106
2,4930,170
2,25134,-56
2,18666,176
2,23965,-176
2,30849,76
2,47693,-26
2,48884,-4
2,17620,138
2,5822,28
2,21686,146
2,42020,-148
2,19875,-112
2,36900,-102
2,36909,134
2,15599,-188
2,6577,-180
2,22159,74
2,14157,-106
2,29510,-68
2,29770,-2
2,38768,88
2,5079,-76
2,24446,130
2,42754,54
2,34799,-62
2,10628,-94
2,9976,6
2,11067,-182
2,39089,38
2,8015,24
2,47983,180
2,16676,188
2,47378,50
2,39395,-134
2,18393,86
2,37909,198
2,44629,126
2,8204,-144
2,3249,130
2,27836,-12
2,37775,42
2,33168,58
2,15311,138
2,2403,82
2,2792,148
2,47847,12
2,4668,196
2,46303,-176
2,4239,64
2,5734,104
2,3874,-108
2,26667,54
2,19837,-82
2,29827,-152
2,24080,-94
2,38120,-2
2,12611,42
2,35237,-106
2,17208,-192
2,17054,-48
2,42400,2
2,30838,-100
2,17338,-164
2,7627,-130
2,16915,2
2,5698,66
2,32390,190
2,39485,-90
2,10321,174
2,25069,138
2,38623,108
2,8970,118
2,43456,-132
2,8799,144
2,11174,60
2,31263,74
2,37425,154
2,27112,-60
2,45767,88
2,30748,20
2,41863,-178
2,37733,76
2,48833,-62
2,48962,-76
2,14985,178
2,34461,16
2,34402,82
2,17724,90
2,11520,164
2,1691,-172
2,39234,108
2,805,-2
2,37758,168
2,26168,162
2,26675,180
2,30447,180
2,24161,84
2,38906,-142
2,31365,6
2,624,36
2,31400,68
2,16115,184
2,8353,-20
2,4855,6
2,43900,32
2,18180,-58
2,32668,-64
2,47089,-66
2,10523,98
2,10773,184
2,46499,-102
2,8399,-90
2,34636,-40
2,6615,-80
2,47056,136
2,25999,52
2,14950,14
2,21865,-84
2,10151,36
2,23520,162
2,12130,46
2,17379,-172
2,30397,132
2,17447,112
2,29475,142
2,45303,32
2,35732,-108
2,13140,28
2,25864,-158
2,45060,124
2,23084,-28
2,19975,-176
2,8061,-44
2,7189,-32
2,21559,188
2,2339,192
2,9981,-44
2,48318,-104
2,3723,-114
2,32507,186
2,21476,4
2,21633,-170
2,23127,90
2,38520,30
2,4911,160
2,17226,188
2,40592,-64
2,48633,84
2,24136,-114
2,39074,10
2,3556,-70
2,5386,-44
2,25002,150
2,11763,-180
2,38,118
2,15031,-60
2,39444,-106
2,43323,-66
2,16136,32
2,41741,108
2,41738,116
2,16955,-10
2,18075,166
2,45545,-116
2,24183,-180
2,10729,-44
2,44038,112
2,1371,-178
2,708,-130
2,48383,150
2,7527,-114
2,8881,-68
2,39012,4
2,12740,46
2,29793,108
2,37752,112
2,15671,-174
2,23891,66
2,9987,-158
2,21262,124
2,42510,-126
2,13022,120
2,30511,92
2,22453,118
2,11142,-16
2,41938,194
2,1666,114
2,40118,6
2,16068,52
2,14469,42
2,680,194
2,12684,-32
2,24816,-36
2,44477,30
2,13405,-18
2,39334,-26
2,4937,-50
2,16589,-22
2,15995,-138
2,21126,134
2,43379,180
2,7307,-134
2,41300,72
2,38502,-128
2,3045,64
2,46676,98
2,45614,-144
2,9659,-48
2,9792,82
2,2797,14
2,35971,-200
2,25456,-194
2,31276,106
2,12078,4
2,20425,-104
2,19627,144
2,19172,-32
2,27962,22
2,9243,-42
2,45917,-174
2,2315,-184
2,21122,38
2,36357,-162
2,18332,-136
2,410,62
2,12376,-4
2,6032,-128
2,49759,-162
2,39411,48
2,31459,90
2,6372,-90
2,20137,-120
2,18942,-94
2,39148,-196
2,48953,-182
2,19054,-30
2,12485,10
2,37762,152
2,3178,-170
2,1516,194
2,23616,-120
2,29851,-20
2,42719,180
2,36724,-150
2,14471,-10
2,47765,-30
2,39287,-12
2,30630,166
2,40077,142
2,42891,-178
2,39592,-168
2,6435,124
2,19891,-24
2,8376,-84
2,29602,-6
2,47450,4
2,17815,4
2,33836,-132
2,37890,-154
2,45638,-24
2,4666,-172
2,47828,142
2,25441,-172
2,2850,-78
2,22472,-154
2,23827,-74
2,34909,4
2,12715,-80
2,41003,-180
2,5371,-92
2,44663,198
2,27906,-90
2,47481,-190
2,33883,-144
2,25874,-28
2,36947,22
2,29424,-4
2,19253,-40
2,1061,-128
2,3732,-38
2,42567,-34
2,42445,58
2,37939,192
2,15179,-170
2,37548,-22
2,3122,-4
2,35624,-90
2,10756,-184
2,11984,32
2,2490,-144
2,12614,-184
2,20403,-168
2,42597,196
2,3613,4
2,29375,14
2,18469,138
2,21135,156
2,29771,162
2,10813,-116
2,31013,-184
2,44686,82
2,20500,194
2,3345,-166
2,7777,88
2,5815,56
2,47756,-108
2,7559,106
2,11697,-180
2,42110,164
2,30580,-20
2,12522,-174
2,29215,8
2,19266,124
2,21112,114
2,36744,-10
2,639,-44
2,30059,-144
2,46,-134
2,44199,-22
2,5162,-14
2,2133,-24
2,16148,190
2,7870,-20
2,26020,194
2,45358,110
2,14401,76
2,25753,-170
2,22119,126
2,16884,116
2,36611,-28
2,29202,-16
2,46268,2
2,31738,66
2,21005,-94
2,48707,148
2,43754,8
2,51,-96
2,5291,-134
2,9843,-162
2,34422,166
2,22431,-160
2,25440,68
2,7370,174
2,29205,132
2,802,66
2,26101,110
2,37373,182
2,30227,118
2,38682,196
2,34153,2
2,18271,-36
2,5046,-126
2,11680,-50
2,3559,-74
2,27501,-98
2,12277,14
2,14307,128
2,31334,112
2,19349,34
2,42877,56
2,45827,-6
2,45434,14
2,25789,60
2,11495,178
2,40814,-180
2,24154,166
2,24462,-112
2,38313,96
2,45575,146
2,22021,-62
2,48241,-182
2,13134,198
2,7949,-20
2,28410,170
2,14140,44
2,13080,18
2,36350,84
2,37594,-154
2,12136,-152
2,40882,122
2,3483,154
2,46024,-192
2,10455,-142
2,33770,86
2,47385,192
2,9546,-32
2,1294,184
2,1346,46
2,34163,-2
2,15017,48
2,15306,50
2,49387,14
2,43675,-10
2,14316,178
2,48926,-54
2,47534,-40
2,5675,112
2,17152,-4
2,47649,-48
2,4741,198
2,41017,-52
2,4959,14
2,38949,-152
2,21590,176
2,741,-76
2,20265,-42
2,13472,-122
2,49222,-92
2,39132,144
2,18436,116
2,7341,144
2,40285,98
2,35299,22
2,27759,172
2,8432,-42
2,17344,-44
2,37446,126
2,3803,194
2,36829,-128
2,26291,110
2,12131,132
2,17794,28
2,2703,172
2,16234,36
2,36190,134
2,42356,40
2,42927,58
2,28949,-132
2,27652,172
2,6347,134
2,18709,42
2,28549,128
2,5345,-148
2,37619,-42
2,40838,-34
2,13986,110
2,36067,160
2,23909,150
2,25446,188
2,14282,106
2,49007,52
2,41810,-138
2,19460,66
2,12967,-166
2,41769,-22
2,42040,18
2,31319,80
2,21913,-54
2,44834,-198
2,20124,-162
2,27050,-166
2,25975,2
2,11179,-34
2,2833,88
2,31540,22
2,34761,24
2,45120,144
2,37936,-90
2,19879,-74
2,18520,132
2,26596,156
2,5026,-140
2,32012,16
2,29962,18
2,14661,-162
2,45398,-76
2,22806,-22
2,13178,-158
2,44995,-172
2,6735,106
2,40697,-154
2,47566,-60
2,36078,124
2,261,-178
2,33465,-100
2,9245,-106
2,47845,-180
2,43846,-164
2,22703,14
2,42129,128
2,6397,-112
2,47037,48
2,27361,4
2,46625,174
2,43064,-132
2,38655,132
2,8702,122
2,40240,-170
2,13189,-170
2,48101,2
2,14978,156
2,48631,-110
2,24716,-70
2,11667,-52
2,7115,-20
2,33927,-8
2,10113,-174
2,31921,-24
2,48782,168
2,27558,170
2,10256,86
2,41478,-100
2,38041,-112
2,31865,-92
2,7603,12
2,20806,-66
2,36384,114
2,42680,-122
2,3525,-186
2,40743,-46
2,37884,-88
2,46991,6
2,41643,70
2,41770,-168
2,44221,-54
2,10688,92
2,39177,78
2,43224,-112
2,10847,-166
2,37102,-74
2,46513,40
2,6510,-166
2,37541,-196
2,38399,-92
2,94,-88
2,47412,116
2,45978,34
2,34355,-22
2,46171,4
2,584,-126
2,40959,-54
2,35794,170
2,42685,120
2,47065,120
2,13621,-114
2,6686,-20
2,6354,72
2,49170,152
2,39719,-178
2,7725,138
2,10020,60
2,25862,190
2,45954,-120
2,1813,-192
2,5513,98
2,31857,-80
2,11101,-190
2,11493,-18
2,18974,-76
2,26595,126
2,1331,62
2,20234,-40
2,28298,178
2,12473,-52
2,41517,-10
2,25563,-180
2,48224,126
2,28694,-92
2,37821,-136
2,5264,6
2,28129,-132
2,35717,-106
2,18405,-12
2,17069,-124
2,32364,-8
2,1708,-92
2,2858,-80
2,47629,74
2,49259,82
2,12,-46
2,12315,176
2,12109,-16
2,6385,-40
2,47274,-54
2,27865,-140
2,6393,-98
2,26891,136
2,13076,-76
2,35392,126
2,42967,-36
2,6905,-134
2,19939,22
2,3665,-158
2,30089,-88
2,48397,-2
2,6258,-144
2,41598,138
2,41123,-38
2,38522,-114
2,37660,-2
2,44373,-104
2,29931,44
2,1216,158
2,31484,-156
2,45700,22
2,47851,132
2,14538,-48
2,49658,-4
2,44570,-30
2,12731,-172
2,13714,-108
2,38552,174
2,30050,-26
2,38455,116
2,15613,-192
2,15914,-112
2,15540,112
2,21996,136
2,24648,-18
2,49146,-152
2,26915,-164
2,40359,-22
2,16840,42
2,46498,144
2,6058,6
2,24736,50
2,10584,-122
2,3529,-172
2,10514,-112
2,19603,-178
2,49099,54
2,13198,-170
2,11317,132
2,34039,-166
2,32356,86
2,23205,-70
2,31497,180
2,5767,-76
2,23051,12
2,46943,-146
2,11358,108
2,26725,58
2,6181,98
2,22261,46
2,17388,-96
2,18238,90
2,33952,-148
2,11081,-84
2,48733,144
2,37239,12
2,36589,-62
2,47409,-16
2,43209,150
2,13530,96
2,40934,152
2,46185,14
2,32488,34
2,7286,180
2,35856,122
2,30487,50
2,30000,-88
2,26729,-54
2,33564,-132
2,29558,78
2,4133,-114
2,49435,96
2,31543,164
2,5583,68
2,35374,192
2,1063,-172
2,29311,-72
2,41451,54
2,7345,180
2,31913,50
2,43780,102
2,31620,-112
2,45606,82
2,13133,128
2,45765,-100
2,7518,102
2,31441,-92
2,8787,-186
2,31218,-152
2,18699,24
2,34133,20
2,87,-152
2,33246,-76
2,3438,-196
2,24969,168
2,35901,44
2,5013,22
2,25097,74
2,27489,-186
2,7205,-28
2,23974,-48
2,28736,-126
2,43259,-132
2,2731,128
2,46923,36
2,8745,-126
2,7729,96
2,11460,64
2,48348,-94
2,11356,58
2,2104,-68
2,1043,-80
2,10009,110
2,34685,-192
2,33079,54
2,42835,-152
2,16764,188
2,20826,40
2,29668,-64
2,33547,-92
2,8203,188
2,42726,-164
2,5056,152
2,26347,94
2,13664,-160
2,3912,142
2,39091,110
2,9189,28
2,571,4
2,33612,-158
2,43969,178
2,21359,56
2,3663,-150
2,23201,-118
2,34421,-64
2,44558,132
2,31955,-132
2,47614,-2
2,36492,-186
2,29275,-10
2,20779,186
2,42551,-134
2,49453,72
2,5972,-184
2,34881,-20
2,24573,144
2,10637,76
2,38153,16
2,6767,-198
2,29781,50
2,22121,-104
2,23437,-92
2,6156,-18
2,27133,-86
2,7267,-90
2,49404,118
2,43428,180
2,40004,-58
2,4475,-88
2,40764,66
2,37083,130
2,8052,64
2,34337,-74
2,25240,-20
2,36537,-134
2,5494,42
2,24275,158
2,6338,-130
2,7853,-184
2,29531,62
2,2772,16
2,31679,4
2,14566,-138
2,8541,160
2,1658,-100
2,47528,88
2,49854,116
2,4932,-52
2,17349,-82
2,44596,-100
2,33008,-192
2,17527,-182
2,8647,142
2,31950,-190
2,41641,104
2,22052,196
2,37091,194
2,6172,4
2,40463,-160
2,41533,24
2,40590,-48
2,2405,-84
2,33212,-12
2,1317,-6
2,35173,198
2,8801,158
2,30210,10
2,16302,96
2,2438,-154
2,26478,166
2,10955,82
2,35353,144
2,2625,88
2,43331,-102
2,45061,74
2,5260,124
2,29961,4
2,43140,-162
2,42250,104
2,41871,-132
2,7123,-114
2,20075,102
2,21276,-10
2,12552,-198
2,33638,24
2,43041,-40
2,11001,86
2,38212,-162
2,24924,-28
2,21804,104
2,5768,68
2,14828,-36
2,6923,46
2,46331,-190
2,29745,-182
2,6273,110
2,8230,-154
2,44668,-110
2,9295,-198
2,25177,26
2,17482,16
2,13149,96
2,10442,192
2,40802,-178
2,12772,184
2,39290,128
2,5289,40
2,10789,82
2,33691,64
2,47295,-108
2,43047,122
2,43012,106
2,35146,104
2,24006,98
2,20964,140
2,18377,-126
2,21928,24
2,43491,-188
2,25571,-92
2,10842,168
2,4467,176
2,16899,-100
2,36380,124
2,35919,178
2,6778,14
2,21847,-18
2,9153,50
2,15627,58
2,38357,60
2,15692,152
2,9776,48
2,43618,130
2,17163,170
2,15431,42
2,14760,20
2,7149,-154
2,43253,-158
2,34786,44
2,3071,-176
2,34326,170
2,26735,-96
2,18394,80
2,49111,16
2,8515,152
2,16578,102
2,38710,-76
2,49124,118
2,9088,-46
2,1611,-42
2,5605,-46
2,35604,166
2,6642,-10
2,42703,-80
2,13315,-68
2,48367,132
2,16807,122
2,28872,66
2,8985,-38
2,13594,-158
2,46828,-46
2,27176,-24
2,48365,132
2,29115,42
2,16260,-60
2,8498,-138
2,34418,-140
2,18768,-74
2,44420,-8
2,21421,164
2,42530,182
2,8892,12
2,10505,186
2,1174,-132
2,10253,-26
2,25370,130
2,41008,-60
2,34470,198
2,15174,-44
2,47114,-64
2,20569,-76
2,7305,-164
2,44500,-184
2,39599,176
2,13981,136
2,16486,124
2,2588,132
2,3250,6
2,41597,-94
2,46861,28
2,49105,70
2,44299,-56
2,35434,-200
2,17464,174
2,43781,-146
2,15940,166
2,27506,64
2,3463,132
2,8730,-112
2,24289,-186
2,43964,98
2,5643,-6
2,2518,196
2,41481,-140
2,25779,108
2,15810,88
2,38775,-70
2,45327,50
2,20922,62
2,21644,60
2,13305,102
2,20915,132
2,49540,78
2,34588,-126
2,9841,-98
2,26941,-44
2,9775,-92
2,8107,44
2,34099,-130
2,49178,-124
2,21352,-130
2,46083,128
2,20641,-196
2,140,56
2,25317,164
2,35718,96
2,16691,182
2,27180,82
2,18403,-40
2,12449,-126
2,4069,-186
2,21315,-170
2,32592,-30
2,18358,-118
2,39498,100
2,42804,184
2,40128,42
2,14840,144
2,42717,112
2,10241,28
2,47690,-150
2,16697,182
2,19223,-74
2,25167,138
2,48961,-112
2,26222,196
2,33190,-74
2,25011,-32
2,48468,-32
2,45407,86
2,25169,-170
2,26331,130
2,6246,-92
2,49966,-132
2,6700,-22
2,24292,82
2,20787,58
2,13172,178
2,37280,144
2,6143,38
2,16498,90
2,8854,-90
2,22067,178
2,27342,84
2,41933,26
2,12263,56
2,10314,-84
2,18826,112
2,4842,-188
2,31819,98
2,25170,56
2,47334,-68
2,10875,-122
2,26066,-12
2,47617,-68
2,39922,180
2,47518,106
2,21217,-114
2,11370,-130
2,44191,-126
2,36913,140
2,40717,-24
2,38783,28
2,48801,-120
2,16856,-138
2,32638,136
2,28361,94
2,17093,84
2,47826,10
2,32964,-74
2,28644,-140
2,12802,118
2,11736,190
2,7058,-36
2,45901,68
2,25358,-124
2,47117,-72
2,192,76
2,8029,116
2,31019,-94
2,28971,196
2,33155,-52
2,41983,-96
2,48151,-108
2,9273,-184
2,20463,90
2,41208,-162
2,12728,140
2,8651,-112
2,42421,-138
2,25196,-60
2,48938,-162
2,12643,72
2,35929,-72
2,27735,-192
2,33552,-84
2,39684,74
2,24689,168
2,30566,-130
2,47950,-68
2,2916,18
2,33400,-72
2,23207,-20
2,38943,-134
2,7971,-164
2,47004,-178
2,31592,-174
2,7554,-174
2,38789,102
2,43307,140
2,39923,-176
2,40243,-114
2,7696,12
2,12428,166
2,2875,-116
2,12923,152
2,22317,-104
2,31442,-44
2,43827,-68
2,49703,-52
2,35239,140
2,35571,-160
2,45030,26
2,47293,-96
2,9650,50
2,37490,-158
2,20795,174
2,27220,154
2,28548,-118
2,49142,-172
2,34506,48
2,44394,32
2,35199,58
2,31169,38
2,49781,86
2,46301,122
2,5950,164
2,40221,-142
2,28319,-144
2,28479,-144
2,11008,-30
2,11766,88
2,34582,40
2,39604,-110
2,19921,158
2,47104,160
2,902,160
2,13753,88
2,17745,12
2,7671,-22
2,46041,78
2,44647,170
2,3259,44
2,3425,-188
2,38163,142
2,40242,156
2,44089,-140
2,38416,36
2,49166,-182
2,41204,190
2,47172,-130
2,28284,-12
2,46320,136
2,14018,14
2,26681,126
2,22026,80
2,24375,90
2,15682,-114
2,48623,-8
2,35753,38
2,727,-90
2,48990,86
2,16310,-62
2,49353,-98
2,40983,-74
2,48944,160
2,3528,100
2,11092,62
2,40991,-180
2,582,142
2,6153,-150
2,34437,94
2,13901,-190
2,36248,166
2,22073,-110
2,21924,98
2,28240,-22
2,6638,-20
2,19193,2
2,7404,-162
2,23973,-142
2,23083,-80
2,7420,-126
2,43918,-140
2,11457,6
2,43035,18
2,16306,88
2,47748,166
2,37908,-162
2,7499,-120
2,24353,184
2,34878,-114
2,35935,82
2,39025,-58
2,35080,-128
2,1588,-16
2,38355,-90
2,49841,-34
2,12285,-188
2,12501,-106
2,27843,-96
2,18337,82
2,2241,176
2,44190,158
2,46461,-38
2,17721,-166
2,34431,-178
2,8229,-46
2,3021,34
2,38530,-170
2,42441,184
2,37766,12
2,16243,-106
2,20307,-24
2,19155,44
2,41513,182
2,2502,102
2,36147,-148
2,16574,106
2,26145,-148
2,5633,38
2,35518,-154
2,23516,-72
2,39071,134
2,12443,138
2,21034,26
2,31800,190
2,37052,-66
2,13729,16
2,47200,-34
2,23691,140
2,28219,-8
2,35270,18
2,4900,-40
2,9810,-18
2,49226,-148
2,22039,-56
2,46969,10
2,33531,16
2,25163,106
2,17942,4
2,9879,-180
2,34905,-148
2,46130,-36
2,40402,132
2,2684,-12
2,28254,-178
2,21656,92
2,43003,148
2,48385,-142
2,18536,-28
2,23030,-140
2,399,-80
2,38066,4
2,16791,86
2,39040,-172
2,28782,140
2,20513,108
2,6713,-24
2,48277,106
2,24242,158
2,20453,-192
2,17484,-2
2,28771,140
2,35129,126
2,31830,-136
2,40496,22
2,7788,164
2,47527,-14
2,46749,64
2,27937,-134
2,17052,190
2,49858,-148
2,10735,182
2,46716,78
2,2062,-84
2,15214,-146
2,12183,-114
2,11,-178
2,24424,144
2,29432,-192
2,20095,-196
2,43886,124
2,17426,162
2,19932,52
2,47468,50
2,35844,28
2,25890,-80
2,23280,-124
2,25945,-188
2,9854,-60
2,29098,-186
2,45593,-190
2,25574,-184
2,18627,-74
2,42856,-14
2,24841,-136
2,42900,-188
2,45821,74
2,15393,-62
2,26047,98
2,38794,-180
2,34935,-158
2,5163,-104
2,48540,-186
2,35963,-144
2,4137,132
2,26924,-38
2,9765,-82
2,23924,128
2,9505,156
2,30822,-176
2,45753,174
2,26381,-84
2,2155,-178
2,37602,12
2,23656,-164
2,10087,94
2,41181,-96
2,37460,114
2,39310,166
2,49125,-186
2,47941,94
2,6053,80
2,17122,-200
2,20537,-6
2,2365,-50
2,31585,86
2,20932,8
2,35428,70
2,24707,-86
2,8961,190
2,36517,-70
2,29170,-188
2,42760,48
2,42663,198
2,20400,-48
2,30218,148
2,21874,136
2,47860,152
2,17705,168
2,28747,6
2,35433,60
2,42146,104
2,33114,-80
2,7826,-38
2,15310,-16
2,44681,40
2,9383,136
2,36249,66
2,42582,142
2,10066,-156
2,37034,136
2,30450,102
2,26004,-38
2,45541,100
2,738,168
2,20752,86
2,41161,156
2,10085,24
2,11117,120
2,26140,116
2,15816,170
2,36465,-6
2,3796,178
2,33006,96
2,38252,-30
2,7395,-152
2,26641,-78
2,35231,122
2,28146,174
2,1263,80
2,5346,-136
2,7137,-124
2,13663,-24
2,14521,-102
2,35530,182
2,22780,178
2,26562,196
2,23138,-100
2,11445,-54
2,38262,-94
2,2540,-142
2,42485,140
2,16143,102
2,7947,66
2,3675,64
2,1881,80
2,45479,24
2,20237,-22
2,14515,-120
2,40274,126
2,4286,160
2,27037,78
2,47112,6
2,11392,-24
2,14048,108
2,15802,28
2,28820,-142
2,43814,-52
2,30971,10
2,6359,-96
2,11384,-12
2,19078,102
2,43180,-190
2,48065,104
2,44589,90
2,29060,16
2,17707,-58
2,33247,160
2,39296,46
2,24844,-82
2,25810,78
2,44516,112
2,8998,-108
2,9323,-102
2,6968,16
2,14594,-160
2,7087,-86
2,39531,-50
2,6969,132
2,32453,-14
2,37807,-22
2,40181,-30
2,15042,34
2,37031,104
2,21176,34
2,30751,180
2,9264,166
2,543,-90
2,15287,-98
2,34845,-38
2,34504,-84
2,44649,180
2,36848,-72
2,34301,158
2,23772,66
2,49748,-62
2,11474,164
2,30086,152
2,39347,56
2,11150,-78
2,5860,166
2,44936,88
2,14699,52
2,37448,84
2,32473,-200
2,7858,-142
2,35489,-84
2,16123,-120
2,4016,-36
2,49389,160
2,22787,66
2,30233,-88
2,10661,-198
2,26988,168
2,41286,-76
2,8016,-20
2,36031,46
2,34107,122
2,42270,86
2,42592,192
2,18650,-96
2,6544,-158
2,48597,148
2,15693,62
2,24377,124
2,44379,154
2,20649,6
2,5316,-32
2,25777,118
2,16913,98
2,11330,32
2,9300,-166
2,9057,-6
2,49480,68
2,34089,-196
2,37595,128
2,9562,-144
2,34164,-36
2,11217,56
2,45002,-104
2,8993,-56
2,23890,-172
2,14450,182
2,27893,8
2,30578,-78
2,11218,198
2,12096,-86
2,34816,-154
2,40321,170
2,22224,-200
2,11436,16
2,14844,136
2,20672,176
2,11232,176
2,13684,-196
2,24117,-164
2,38545,112
2,5067,-100
2,36859,188
2,32325,-114
2,1099,-176
2,41815,106
2,16995,174
2,46416,-178
2,43263,36
2,21800,-68
2,2439,-188
2,11987,-134
2,47340,-108
2,40488,46
2,46226,-42
2,18031,16
2,43750,-118
2,49311,-44
2,37351,94
2,5047,22
2,8913,118
2,11864,-162
2,18022,72
2,33307,-198
2,6955,162
2,48011,-24
2,36301,6
2,26643,68
2,14712,40
2,16383,80
2,19847,88
2,9584,18
2,42875,-138
2,14015,-72
2,28270,-112
2,42799,-88
2,32921,196
2,49367,20
2,26608,-122
2,27149,130
2,44282,80
2,3509,70
2,8122,-148
2,49280,84
2,11814,198
2,17551,48
2,19792,174
2,9515,-194
2,38263,86
2,29811,52
2,47136,38
2,20261,-54
2,40521,172
2,280,78
2,37377,52
2,21792,58
2,46017,98
2,13450,-64
2,21870,184
2,44565,174
2,35855,70
2,5968,50
2,32308,-128
2,41737,-94
2,24068,198
2,5338,196
2,16345,42
2,28589,-128
2,5296,-82
2,29037,-190
2,5652,24
2,32927,68
2,396,-2
2,6618,-86
2,6783,22
2,32640,-54
2,18856,-50
2,30823,-36
2,37168,-38
2,29050,86
2,14253,-144
2,7077,102
2,35930,20
2,27618,-2
2,34080,-64
2,4678,-28
2,32561,170
2,32441,78
2,25731,-2
2,16534,-118
2,12368,-136
2,13972,110
2,29735,-172
2,7360,106
2,45972,52
2,19186,-6
2,41479,-84
2,3184,20
2,49325,-56
2,47751,-76
2,9633,38
2,24020,-94
2,21388,-186
2,19889,134
2,29882,80
2,13416,182
2,32352,-180
2,8804,-78
2,16769,42
2,12801,-32
2,13626,-130
2,48686,102
2,41429,16
2,39510,-146
2,13807,114
2,37699,-56
2,25508,32
2,28904,118
2,1125,96
2,3833,146
2,6334,110
2,39406,164
2,237,-84
2,33643,50
2,326,-50
2,20016,-166
2,1768,-180
2,16321,108
2,46996,-168
2,20012,70
2,4854,-8
2,34501,24
2,40405,98
2,44334,196
2,40148,-20
2,24265,-182
2,31187,6
2,35745,26
2,4637,-10
2,15357,-176
2,18338,4
2,7605,-194
2,5484,56
2,21578,94
2,44051,164
2,22228,-14
2,21186,26
2,36117,-28
2,2790,14
2,26877,-190
2,31551,-200
2,29309,120
2,49025,64
2,38643,-72
2,32571,-38
2,11439,26
2,12164,-24
2,16337,-2
2,35923,74
2,11245,-106
2,35774,-74
2,33151,86
2,43155,-100
2,22386,-90
2,23874,50
2,22832,-74
2,6486,152
2,41715,60
2,42832,50
2,17312,-26
2,25881,-32
2,25031,94
2,7315,176
2,6396,-70
2,8756,112
2,4014,-42
2,39954,-80
2,39000,144
2,2501,-152
2,12719,-150
2,48127,-86
2,4639,-176
2,24120,98
2,49038,-196
2,5156,-186
2,11926,-64
2,36943,-160
2,25313,42
2,10810,182
2,4814,90
2,8335,-148
2,11825,-124
2,28738,-92
2,21876,130
2,7165,-116
2,39062,144
2,36237,118
2,19143,-124
2,25217,44
2,35970,24
2,32179,-184
2,32989,-200
2,32994,112
2,30970,-68
2,46998,62
2,14127,144
2,2167,-158
2,41960,22
2,31618,-12
2,45277,50
2,1859,-96
2,28741,-16
2,20709,-152
2,41165,50
2,14292,-10
2,6839,196
2,38719,194
2,22048,188
2,37712,198
2,45955,10
2,49689,-86
2,6851,-126
2,10798,176
2,7513,-36
2,41052,50
2,2308,84
2,4994,160
2,8044,-120
2,41151,-100
2,4029,192
2,45966,186
2,22322,-12
2,27091,180
2,32064,-132
2,41723,198
2,48850,64
2,44406,-30
2,8243,82
2,31928,148
2,30770,-86
2,31433,-76
2,32735,-24
2,44455,-88
2,18663,-58
2,32321,-130
2,27682,-176
2,49899,94
2,31264,-8
2,36608,116
2,8900,-158
2,11253,56
2,1508,144
2,3577,-28
2,46586,98
2,19263,-30
2,22292,-176
2,20015,-82
2,13406,-200
2,26131,70
2,20258,-134
2,37302,-58
2,45892,-92
2,49504,188
2,14394,108
2,5690,116
2,10469,90
2,40873,-142
2,27497,66
2,44032,112
2,46455,-96
2,24517,22
2,23801,104
2,28492,-104
2,3858,-30
2,41266,-20
2,29341,-34
2,6421,140
2,2290,-10
2,47466,20
2,9511,-50
2,44754,6
2,12467,-88
2,5456,-104
2,16497,84
2,30554,174
2,33042,48
2,41449,126
2,21230,-2
2,24376,-128
2,49386,60
2,30602,196
2,1077,42
2,6938,-46
2,4275,-26
2,19741,128
2,26207,-86
2,15722,-170
2,5081,-88
2,13465,-112
2,48662,-190
2,29261,126
2,48569,-150
2,16716,-182
2,35176,-106
2,31364,-40
2,49219,98
2,32808,-68
2,1546,130
2,1266,-114
2,40491,-60
2,42228,-90
2,21068,-20
2,19952,-136
2,30895,-12
2,31494,132
2,16291,196
2,39285,184
2,21353,-40
2,40444,-138
2,46142,-46
2,25156,-10
2,48060,-86
2,14463,164
2,34086,-118
2,16569,-168
2,13775,-74
2,28083,124
2,10905,164
2,9664,20
2,17291,160
2,48085,-98
2,5535,32
2,43029,44
2,19967,2
2,14909,174
2,6428,178
2,643,-92
2,41331,-170
2,27123,180
2,46637,144
2,48834,-136
2,15893,166
2,36168,-32
2,36912,20
2,41745,-28
2,21105,-160
2,104,158
2,11206,108
2,43095,6
2,43106,32
2,43985,-186
2,38139,-176
2,23596,68
2,37953,-116
2,10590,16
2,116,-194
2,17569,-64
2,22199,-124
2,21994,4
2,44612,120
2,12779,148
2,26150,-174
2,11267,112
2,42689,84
2,44159,176
2,5294,164
2,41078,-56
2,45081,170
2,6774,10
2,19635,-16
2,26374,86
2,3715,-96
2,3432,26
2,14377,136
2,19331,-60
2,12239,146
2,24109,-52
2,38712,-24
2,32223,74
2,49514,-114
2,3899,-88
2,11605,-116
2,17793,-198
2,37850,48
2,46656,-36
2,33731,-72
2,34423,96
2,19484,-160
2,30188,194
2,33287,26
2,14387,-62
2,37476,86
2,13293,-106
2,585,198
2,34719,-80
2,11166,-20
2,28481,8
2,30464,110
2,35006,-140
2,31896,-162
2,17408,186
2,49695,82
2,43227,-112
2,14698,132
2,36231,64
2,21660,42
2,3137,-110
2,793,130
2,48933,-32
2,43771,-174
2,19023,-72
2,7268,16
2,24229,138
2,21848,8
2,2921,2
2,42911,-66
2,46747,-54
2,36004,154
2,38034,148
2,3521,-54
2,17623,158
2,16647,36
2,28147,-14
2,3020,-70
2,39729,198
2,4008,80
2,2474,60
2,44400,156
2,36479,38
2,37871,66
2,25123,-62
2,33349,-10
2,48181,-106
2,39314,184
2,47815,-44
2,10395,40
2,37195,-178
2,9451,-38
2,35698,-192
2,3410,4
2,40206,132
2,28010,-96
2,22722,-6
2,35430,96
2,3220,142
2,15723,38
2,44087,120
2,1875,-140
2,26277,-94
2,43475,88
2,32681,172
2,8794,24
2,16557,-116
2,43187,122
2,44483,-72
2,35769,48
2,28069,-110
2,15212,94
2,11306,94
2,47009,66
2,19849,-106
2,8611,154
2,33899,14
2,18921,-178
2,12079,74
2,6208,-112
2,33024,116
2,2585,84
2,43133,136
2,29431,76
2,35755,70
2,29173,-196
2,46006,-166
2,49671,-20
2,16058,-188
2,4652,-200
2,17856,180
2,5418,-166
2,36481,46
2,38527,-170
2,23857,102
2,20527,-50
2,43536,86
2,47854,14
2,8033,170
2,15280,-40
2,15521,-66
2,23555,12
2,4827,-198
2,44547,48
2,49916,-196
2,49747,40
2,7868,156
2,9674,-124
2,18620,20
2,40047,-178
2,30831,144
2,5125,-174
2,9786,-196
2,41779,12
2,569,16
2,41817,-164
2,18655,-18
2,19870,190
2,16468,146
2,8080,114
2,42778,136
2,34306,90
2,15334,138
2,44069,-120
2,37558,-122
2,5910,52
2,26490,160
2,37676,24
2,35219,-30
2,8644,-152
2,32628,188
2,26818,-128
2,17092,-130
2,11049,62
2,28940,-200
2,43482,28
2,36935,110
2,49109,128
2,5151,-90
2,7070,-160
2,33203,-118
2,40396,108
2,17937,-152
2,7346,-118
2,11382,138
2,30927,110
2,19958,52
2,19129,114
2,43940,154
2,25985,-34
2,49721,-118
2,26543,-24
2,26814,-52
2,8398,140
2,6741,-168
2,33621,90
2,18368,78
2,37413,32
2,4812,-196
2,30493,-178
2,33077,104
2,42403,156
2,2920,-186
2,11241,-80
2,14885,118
2,48206,82
2,14612,-82
2,44463,106
2,15832,106
2,22168,-96
2,17201,-180
2,11985,-192
2,17177,-44
2,46093,-86
2,17589,-56
2,15457,180
2,2190,82
2,236,-42
2,2369,136
2,49643,-84
2,40256,172
2,14901,86
2,35053,-86
2,43435,2
2,17672,52
2,34296,20
2,393,-134
2,25256,-18
2,40423,-50
2,49519,-144
2,4928,162
2,36282,180
2,1155,130
2,28683,-22
2,33162,118
2,23305,-24
2,17133,-120
2,14464,38
2,42302,146
2,29806,120
2,33813,-188
2,12356,42
2,40512,-104
2,22727,-126
2,26559,190
2,44929,10
2,28809,46
2,11726,12
2,32084,4
2,20510,24
2,18777,6
2,37693,-22
2,44904,-166
2,695,116
2,38765,-170
2,46810,-24
2,43084,-152
2,38438,-88
2,45134,-12
2,13949,-190
2,48725,-54
2,6833,-88
2,4039,-84
2,25067,-130
2,34045,170
2,48341,-38
2,32941,184
2,830,-80
2,47515,22
2,44369,60
2,34817,-50
2,15686,104
2,777,56
2,26901,-108
2,26540,64
2,20353,34
2,29975,-26
2,3731,-140
2,6562,54
2,32502,-8
2,8274,-70
2,26048,-40
2,12040,-128
2,31496,92
2,5955,10
2,30981,-64
2,12381,-140
2,27824,-28
2,47884,-106
2,37624,-142
2,35058,198
2,47442,182
2,23568,-78
2,8321,50
2,47237,-96
2,35379,42
2,8063,-50
2,34838,-34
2,5735,128
2,30424,-84
2,3502,112
2,25589,-22
2,19873,-102
2,16997,20
2,3643,4
2,8962,-26
2,45100,-28
2,2964,62
2,12057,160
2,49426,-64
2,38372,22
2,5200,100
2,27395,170
2,27317,120
2,21378,-130
2,25979,-62
2,25926,-192
2,14365,142
2,38733,-66
2,27349,112
2,32093,12
2,9182,-50
2,26282,132
2,41783,-100
2,38688,70
2,17758,-100
2,46583,178
2,49413,6
2,30388,-126
2,17157,-76
2,30412,-170
2,18438,80
2,22750,-150
2,3819,-20
2,34546,94
2,29235,-56
2,13320,92
2,48329,108
2,13420,-34
2,30818,-116
2,31059,-108
2,8658,-186
2,5061,72
2,14086,-62
2,45268,78
2,13310,-180
2,42672,156
2,40829,-60
2,29129,-90
2,14643,2
2,10638,172
2,44034,-168
2,16002,196
2,10881,-42
2,16476,-82
2,39573,50
2,9147,120
2,22,-194
2,46021,-166
2,49165,-156
2,27603,70
2,13908,130
2,20099,-178
2,18873,-124
2,33998,-124
2,21775,-6
2,42517,-52
2,27429,94
2,11793,-2
2,13159,-164
2,31737,-198
2,14105,30
2,5682,-178
2,15821,18
2,24839,56
2,21070,-158
2,45681,-48
2,34384,-188
2,9567,104
2,23117,4
2,40386,50
2,39199,166
2,10516,-68
2,27997,98
2,44474,112
2,17183,142
2,18687,-2
2,3928,42
2,7060,86
2,3990,-136
2,15600,12
2,20851,-192
2,41341,172
2,15075,-78
2,44376,126
2,5488,-118
2,43267,-94
2,6417,94
2,29104,-174
2,14233,-128
2,17476,-108
2,24210,-58
2,36137,-58
2,32937,194
2,34434,102
2,3102,-76
2,26428,182
2,19699,106
2,23128,-92
2,32414,96
2,41538,-30
2,46834,-168
2,3387,76
2,5932,70
2,3377,-16
2,28135,192
2,10374,-72
2,5661,-70
2,7556,-34
2,48142,-136
2,30480,130
2,28566,-140
2,16053,-174
2,46999,114
2,18113,-20
2,38817,190
2,28204,166
2,4629,152
2,32408,24
2,14491,98
2,22996,-64
2,35825,-16
2,12726,78
2,7433,128
2,33215,-118
2,240,156
2,10576,54
2,11086,174
2,13680,22
2,16761,-86
2,11801,164
2,21483,112
2,26512,64
2,17803,-12
2,13852,-132
2,139,-66
2,34856,170
2,36448,-114
2,1172,122
2,23324,-52
2,2432,106
2,40039,-198
2,3975,60
2,40732,54
2,23251,-64
2,45523,124
2,15707,-110
2,37261,-102
2,45214,90
2,6015,-178
2,36548,-112
2,29495,144
2,26483,104
2,28201,-138
2,47223,172
2,47209,94
2,17032,-24
2,33584,30
2,49201,158
2,38659,16
2,26598,60
2,4880,110
2,1277,-78
2,10981,-90
2,48577,106
2,13834,158
2,31304,-160
2,537,-64
2,21580,106
2,44853,-154
2,21354,66
2,24832,58
2,41554,-194
2,42050,148
2,14530,-120
2,7918,-64
2,21418,96
2,38602,-144
2,44618,122
2,26136,16
2,2351,-4
2,21818,-16
2,29287,92
2,31991,-4
2,4619,98
2,20203,134
2,47111,-178
2,2513,84
2,24999,-16
2,15373,-156
2,49086,-82
2,24219,138
2,27642,174
2,13321,-72
2,16392,2
2,30163,110
2,30252,100
2,14102,148
2,30445,-20
2,38777,-50
2,19667,54
2,27593,162
2,33068,-136
2,35087,144
2,9381,76
2,2546,-110
2,16745,10
2,34788,-126
2,21576,-170
2,18219,110
2,4664,-144
2,47069,144
2,10569,34
2,38281,-118
2,10908,-8
2,7142,34
2,38456,178
2,48684,36
2,37700,-8
2,1847,142
2,10547,-30
2,41294,6
2,41994,124
2,4749,196
2,24263,182
2,48231,192
2,12129,54
2,8719,168
2,27697,-18
2,6645,-46
2,48988,136
2,21588,64
2,46355,42
2,16045,-38
2,26759,130
2,30668,162
2,34858,-152
2,49654,100
2,1505,-44
2,17380,134
2,4107,-116
2,41029,132
2,1961,-14
2,39786,-84
2,21391,16
2,29823,192
2,18911,116
2,38370,-164
2,16998,188
2,1308,-186
2,43528,-168
2,19091,88
2,32901,170
2,45627,-66
2,18375,104
2,767,148
2,34149,-54
2,34850,128
2,11479,-12
2,5793,96
2,5526,-174
2,31358,12
2,19800,104
2,4034,68
2,42043,-12
2,17971,-16
2,25594,-148
2,3587,2
2,17992,120
2,28441,-168
2,21910,-186
2,10779,154
2,10051,156
2,2043,166
2,36853,-170
2,48781,96
2,19265,-176
2,21750,-138
2,20338,-152
2,11158,-18
2,36921,-54
2,2346,-50
2,44182,-166
2,41098,-188
2,16532,90
2,37812,-124
2,6939,182
2,24886,80
2,16529,-52
2,13797,112
2,30516,-66
2,48281,-70
2,11934,82
2,8828,-40
2,30128,-172
2,20910,188
2,48272,30
2,4443,14
2,911,-198
2,46463,-126
2,45938,148
2,28180,-196
2,4627,70
2,28591,192
2,29260,-66
2,34839,-66
2,33335,68
2,6201,94
2,18373,144
2,41664,-22
2,863,-166
2,12502,-34
2,10409,-196
2,30639,-86
2,6134,150
2,12302,-164
2,19191,36
2,41149,-12
2,47878,130
2,39302,-124
2,43238,-198
2,39461,112
2,30609,174
2,20737,20
2,15695,-172
2,5246,-132
2,20967,-36
2,3384,130
2,37011,-38
2,37274,40
2,5427,140
2,39845,136
2,17335,-54
2,8890,122
2,7795,-26
2,8117,148
2,29116,76
2,45594,-62
2,28712,6
2,19746,-100
2,32809,-10
2,42081,126
2,41314,-8
2,17743,134
2,30082,104
2,10926,104
2,20890,154
2,30119,144
2,20377,114
2,2826,-182
2,16458,76
2,47088,-94
2,42292,94
2,35739,-2
2,30644,126
2,22345,-166
2,49738,148
2,46140,80
2,223,-182
2,17850,44
2,28702,-104
2,36433,176
2,7069,-56
2,7497,148
2,11283,174
2,16018,146
2,511,-50
2,19683,34
2,2880,-114
2,45049,-20
2,32559,-6
2,7246,-70
2,5472,42
2,18301,6
2,1812,152
2,34162,-74
2,1328,-186
2,28355,104
2,31021,-16
2,7986,126
2,31577,112
2,1867,-40
2,6238,48
2,46493,150
2,45000,-122
2,29776,-142
2,13804,-76
2,4700,154
2,25803,58
2,41002,56
2,21239,-14
2,39467,166
2,37030,100
2,38771,144
2,434,-78
2,30116,-32
2,3229,-20
2,82,74
2,11408,86
2,36951,-36
2,21134,112
2,23459,-172
2,25701,-38
2,11568,-166
2,30393,40
2,24646,18
2,39620,148
2,318,-198
2,23157,-116
2,41416,160
2,38528,78
2,47433,110
2,28383,132
2,26922,-78
2,6232,-108
2,29841,170
2,25436,54
2,1850,194
2,48736,14
2,30945,26
2,41908,-88
2,27620,-152
2,14478,-30
2,45773,160
2,30901,-146
2,17136,18
2,25884,68
2,2777,-38
2,27539,108
2,20813,10
2,8104,-136
2,29241,-142
2,28067,56
2,35578,140
2,49604,-16
2,41548,26
2,23620,42
2,26518,-6
2,31705,124
2,18290,198
2,49918,58
2,42868,150
2,22772,-158
2,26272,-138
2,33492,-128
2,10137,-162
2,24308,-104
2,48605,-144
2,14977,-108
2,46953,-40
2,7836,36
2,43413,-156
2,31306,28
2,10406,-154
2,16925,172
2,41830,84
2,5447,-188
2,19361,-128
2,8909,16
2,9607,-108
2,42408,-82
2,33641,58
2,31933,-4
2,32780,-36
2,22926,110
2,4987,-22
2,14508,66
2,32128,-36
2,30454,-60
2,28158,164
2,8518,-144
2,22577,-176
2,39192,-58
2,29659,170
2,23348,42
2,5191,-10
2,1402,-164
2,30666,-100
2,37756,-60
2,29985,198
2,21321,18
2,37545,196
2,37873,160
2,31583,-46
2,43319,96
2,14728,-26
2,15807,126
2,34871,-110
2,16098,76
2,5300,166
2,32674,144
2,48222,-144
2,39914,-4
2,11579,92
2,41503,134
2,45419,-80
2,6612,122
2,20715,154
2,1925,24
2,31112,-86
2,13747,-106
2,48545,108
2,21478,-80
2,19598,132
2,28825,146
2,15104,-172
2,37066,146
2,23216,-24
2,2065,-122
2,11227,-92
2,27599,162
2,6738,-30
2,15952,4
2,8928,-128
2,26849,108
2,43873,-196
2,30961,188
2,28699,80
2,40984,-148
2,20181,-46
2,43364,190
2,718,-138
2,34401,14
2,42387,14
2,10790,-194
2,42468,-138
2,49720,190
2,44778,-34
2,26529,190
2,42352,140
2,41436,18
2,3518,-154
2,31471,-64
2,44988,-120
2,31341,-64
2,23266,154
2,29578,-64
2,26410,-120
2,36807,-46
2,18625,-152
2,33241,-200
2,13938,-94
2,25416,-146
2,40370,-2
2,19587,-126
2,48003,142
2,20567,182
2,21322,-2
2,40138,-58
2,37033,188
2,29090,140
2,16166,-36
2,19474,18
2,5945,86
2,28372,-70
2,30864,-42
2,37378,-172
2,36154,-56
2,43882,-194
2,25209,-192
2,12539,130
2,43397,-4
2,31999,136
2,19545,58
2,15524,-24
2,28760,-106
2,1183,-56
2,41920,16
2,10579,-150
2,30702,54
2,1409,-108
2,19608,154
2,48337,-148
2,28781,46
2,34128,30
2,46213,184
2,35310,190
2,32429,-190
2,38940,-162
2,7036,-184
2,17289,-14
2,21600,-156
2,1169,-180
2,20286,66
2,40713,-94
2,49250,138
2,30853,-14
2,22399,-2
2,1668,40
2,19055,-116
2,38194,-76
2,49537,68
2,26096,8
2,22320,114
2,8120,-180
2,12374,-44
2,21099,198
2,10904,108
2,6436,-152
2,23474,196
2,37979,138
2,17642,-30
2,5277,162
2,40813,118
2,504,-138
2,21722,44
2,49708,-128
2,4155,-20
2,16196,186
2,43304,32
2,11160,-162
2,38223,-96
2,48253,90
2,9145,-102
2,28830,12
2,14705,-78
2,18258,22
2,38311,90
2,9781,94
2,19698,12
2,24404,-118
2,20990,78
2,44503,-142
2,24027,-96
2,31798,-102
2,32349,192
2,25655,-116
2,41291,-44
2,3275,-112
2,11744,-192
2,14768,76
2,13106,100
2,42585,168
2,39282,48
2,11324,4
2,35180,-116
2,33095,22
2,20891,-174
2,8737,8
2,23309,56
2,24783,-16
2,39239,-192
2,25600,-102
2,39714,16
2,20256,120
2,37652,134
2,18216,64
2,2728,188
2,40725,-18
2,10659,140
2,4364,-190
2,18468,132
2,25357,158
2,18540,-192
2,24497,166
2,563,-104
2,1562,-62
2,14071,198
2,19808,-138
2,19375,-86
2,9210,-140
2,30396,-104
2,19407,130
2,45471,-66
2,30179,-28
2,33322,-146
2,47414,-54
2,19611,-64
2,19248,64
2,16580,-102
2,18091,140
2,17026,-112
2,49614,112
2,39316,-110
2,34711,76
2,29891,132
2,5409,64
2,24753,-18
2,4245,-140
2,28646,112
2,29977,42
2,40605,-4
2,37246,46
2,23319,-40
2,5089,176
2,32754,56
2,21629,-56
2,36813,-130
2,25921,-52
2,7183,6
2,33853,-102
2,30497,-162
2,21210,46
2,1293,92
2,35084,126
2,5663,134
2,44001,-52
2,33286,-70
2,11211,94
2,42206,-8
2,38544,98
2,28108,-158
2,40399,130
2,13691,-184
2,25325,-118
2,36345,48
2,23666,-112
2,4237,-38
2,34136,-42
2,5500,124
2,33858,154
2,26261,-108
2,20984,52
2,22630,-12
2,13690,152
2,26256,-172
2,36202,-160
2,14532,158
2,45010,-16
2,3805,2
2,21167,-6
2,47930,-18
2,38329,150
2,25695,48
2,30912,6
2,26716,198
2,26302,8
2,22852,-88
2,26432,-58
2,30958,6
2,31606,-90
2,44260,-104
2,4253,144
2,10155,-28
2,26977,46
2,41328,184
2,12098,-190
2,17268,182
2,21736,-12
2,19504,-172
2,11426,-184
2,15045,-54
2,36303,20
2,6660,-80
2,47011,-128
2,38122,20
2,41917,-144
2,26730,-74
2,19763,-10
2,47231,154
2,5541,-182
2,23578,-178
2,6585,-90
2,23075,-124
2,16675,70
2,1057,152
2,4175,-48
2,29980,78
2,42707,114
2,6573,156
2,20080,-30
2,38158,-174
2,31045,-92
2,28992,6
2,45609,50
2,37753,74
2,8405,60
2,6105,-100
2,49573,-192
2,20134,40
2,40799,126
2,40470,76
2,48000,-4
2,7084,42
2,22282,94
2,4722,36
2,10231,-80
2,41941,124
2,34396,-80
2,4891,80
2,17617,16
2,8420,148
2,15579,-130
2,7003,-142
2,20092,-136
2,15533,-96
2,39959,104
2,20686,-170
2,48720,-2
2,41814,114
2,31219,102
2,13073,182
2,38198,50
2,23150,76
2,7301,22
2,16340,118
2,42820,-188
2,7038,-28
2,3544,-136
2,33096,170
2,47300,180
2,3197,-50
2,37416,-162
2,10098,-58
2,44,36
2,36822,-44
2,21092,-124
2,6631,164
2,6448,-10
2,10438,130
2,8533,-42
2,46126,-182
2,49265,182
2,26784,-166
2,22069,108
2,5930,20
2,34943,-8
2,37443,-128
2,32032,60
2,33807,-104
2,28136,70
2,38911,198
2,48274,14
2,21583,84
2,41304,-196
2,46040,-28
2,14893,-98
2,29080,-78
2,45345,162
2,43575,190
2,36050,90
2,3399,-106
2,14793,-90
2,4888,144
2,34655,82
2,40715,64
2,17383,14
2,28744,134
2,3141,90
2,10640,20
2,37787,96
2,3121,-120
2,29610,-6
2,43977,162
2,11954,196
2,23122,-166
2,47233,-166
2,28062,-78
2,13542,44
2,18400,90
2,37219,40
2,38376,-172
2,22709,-106
2,17703,-34
2,24604,-140
2,25920,-56
2,13677,46
2,32796,106
2,8960,48
2,8055,80
2,14886,-56
2,22680,-66
2,33988,88
2,43504,-28
2,21814,96
2,8045,2
2,2690,-120
2,18661,-18
2,34134,-24
2,12656,188
2,44743,-58
2,28088,-22
2,33767,124
2,14626,32
2,43464,12
2,25062,-178
2,46525,56
2,12373,-72
2,48254,132
2,28859,96
2,38986,-176
2,29814,10
2,23752,16
2,33846,174
2,22903,-184
2,5883,-26
2,24231,-50
2,24041,-92
2,30111,-156
2,10522,-106
2,47303,-162
2,15218,14
2,13837,12
2,27408,-102
2,38335,14
2,11203,-184
2,13333,112
2,15572,-98
2,20637,-88
2,36734,48
2,49447,-22
2,4010,-122
2,7076,-10
2,39203,-90
2,31064,52
2,47184,-66
2,27118,-116
2,41395,-48
2,39849,-40
2,39503,122
2,29705,50
2,17565,142
2,7976,104
2,15534,-74
2,12661,192
2,34790,-84
2,23569,126
2,21620,132
2,48830,-192
2,3406,56
2,8571,-198
2,47928,180
2,48913,146
2,42139,196
2,16257,-152
2,41361,46
2,2622,-52
2,10131,64
2,20260,114
2,14098,16
2,34510,22
2,39344,-110
2,37077,80
2,1451,-128
2,11284,-170
2,16891,190
2,45766,-142
2,19068,-28
2,1953,-160
2,19391,110
2,27041,174
2,41514,-86
2,35324,50
2,45005,-72
2,21195,4
2,43713,-32
2,49915,182
2,45674,122
2,1645,92
2,27405,38
2,12709,-198
2,43908,44
2,19081,4
2,18701,-174
2,63,134
2,25208,92
2,33276,172
2,16224,-78
2,49987,-86
2,17522,-40
2,43681,-194
2,49192,54
2,48769,-142
2,26402,-136
2,24015,-10
2,15276,120
2,35822,-84
2,6775,-88
2,22114,-4
2,18147,-24
2,37710,-34
2,29195,-44
2,16673,128
2,35767,34
2,40809,-196
2,43126,150
2,14088,-182
2,29838,154
2,10892,104
2,35539,96
2,2401,-180
2,12391,196
2,48377,-184
2,4099,62
2,31762,192
2,28952,-166
2,27273,184
2,3349,-34
2,40763,-66
2,48596,10
2,25439,120
2,39796,2
2,2605,-92
2,25385,-4
2,7244,16
2,6865,132
2,5393,-180
2,16380,-34
2,21700,32
2,22522,192
2,28564,-54
2,29231,-56
2,3549,-82
2,24852,32
2,9408,-120
2,33012,-54
2,6687,90
2,23143,-174
2,47563,146
2,199,-198
2,40921,-152
2,7253,20
2,41820,-136
2,35622,6
2,48683,-162
2,25168,-100
2,22633,-66
2,34971,132
2,47788,-34
2,8554,-50
2,14620,-48
2,8907,-186
2,10236,-158
2,42034,40
2,46621,54
2,24942,46
2,17806,166
2,29673,-68
2,29007,-48
2,45298,164
2,35905,-196
2,8074,-74
2,38971,10
2,36032,122
2,17964,162
2,30314,-24
2,7514,142
2,12426,174
2,15568,142
2,3802,70
2,19509,-72
2,23880,-12
2,16707,88
2,24589,-34
2,29370,-120
2,4084,78
2,31789,-160
2,941,92
2,16379,14
2,27584,-100
2,34087,-116
2,46574,-188
2,7091,42
2,21854,58
2,28529,168
2,33274,-32
2,27713,-14
2,25189,18
2,22986,160
2,30220,-134
2,41495,-196
2,3780,20
2,38069,126
2,33115,-104
2,24018,192
2,12213,18
2,37412,-16
2,26766,124
2,8433,-90
2,42096,176
2,33094,14
2,24366,138
2,25453,146
2,14096,-168
2,43296,-64
2,24071,182
2,28351,-142
2,32534,50
2,25096,84
2,45684,-98
2,29385,56
2,30255,-4
2,1045,124
2,22561,2
2,8118,-76
2,21198,-160
2,14184,138
2,32999,-44
2,42256,-118
2,40754,114
2,30019,168
2,48886,-122
2,17965,-116
2,35107,44
2,13944,154
2,5405,140
2,45563,132
2,4348,112
2,8797,-60
2,10053,-138
2,38909,62
2,21613,-62
2,5666,-60
2,43092,-76
2,11463,8
2,15074,36
2,44435,-100
2,17813,-12
2,6710,78
2,17686,120
2,10760,24
2,48713,4
2,40556,-58
2,47349,194
2,34555,46
2,36098,-168
2,18597,-122
2,9006,66
2,31378,-154
2,43942,-188
2,27271,-196
2,39913,166
2,211,56
2,2799,-66
2,28303,-14
2,42109,-114
2,10198,-82
2,19038,4
2,27487,-174
2,2196,-154
2,30102,2
2,24084,-122
2,24580,178
2,49334,-102
2,12380,86
2,40459,146
2,46208,-100
2,48042,-182
2,9703,-150
2,41847,-80
2,15421,-152
2,35357,-2
2,31269,34
2,39082,-192
2,44131,138
2,40331,196
2,34946,72
2,13255,34
2,19406,-194
2,45246,-184
2,4805,-68
2,10803,72
2,23676,-32
2,27772,-134
2,23760,66
2,40329,102
2,3039,48
2,10217,-62
2,2038,80
2,19473,108
2,354,10
2,40817,122
2,16455,2
2,45562,-90
2,12687,192
2,14440,-172
2,6461,96
2,9430,130
2,43444,134
2,10404,16
2,30722,34
2,46593,112
2,44544,-20
2,13654,112
2,23442,112
2,46902,174
2,26427,-98
2,34084,-198
2,13726,-76
2,18199,26
2,46229,-28
2,30148,170
2,46628,40
2,6821,68
2,42368,-186
2,13057,136
2,6426,-76
2,33450,-156
2,24566,168
2,36721,158
2,14321,36
2,5370,120
2,49342,-130
2,28144,-156
2,40748,-34
2,40447,-194
2,49316,6
2,40196,120
2,15986,156
2,34805,-36
2,31249,-32
2,27920,172
2,2089,-54
2,23920,54
2,32092,104
2,33081,80
2,25126,-144
2,9298,-178
2,21554,-20
2,44983,10
2,18060,54
2,22837,-16
2,49853,-126
2,43533,118
2,22702,-78
2,16528,-30
2,39784,68
2,8301,-200
2,24390,-104
2,29522,-64
2,23062,128
2,41944,-6
2,29141,-88
2,41065,160
2,48201,184
2,8391,82
2,7413,16
2,47168,-38
2,17537,100
2,15769,-102
2,32097,-162
2,6345,182
2,35426,-80
2,28919,180
2,3157,162
2,40549,-164
2,9037,72
2,44444,-66
2,30563,136
2,1334,-188
2,49405,-156
2,33590,132
2,8917,144
2,27731,-54
2,36041,184
2,46951,164
2,44661,-66
2,5806,10
2,17452,-6
2,4879,192
2,22216,196
2,28550,-170
2,23291,114
2,24859,44
2,6855,182
2,11611,174
2,5032,-120
2,8281,-30
2,40071,-6
2,30068,16
2,35364,196
2,40654,194
2,5252,172
2,41422,146
2,22751,178
2,31843,32
2,22481,-120
2,46100,-4
2,38793,-26
2,10817,116
2,48163,-160
2,34286,16
2,31324,-44
2,33467,148
2,42284,-148
2,21654,78
2,9244,-194
2,48699,150
2,21679,104
2,22417,36
2,10214,120
2,25449,60
2,20832,66
2,36895,-136
2,21518,184
2,109,120
2,7783,-30
2,17347,70
2,533,70
2,46283,58
2,13308,30
2,15587,-46
2,2482,16
2,22540,50
2,6127,70
2,29760,132
2,6472,-200
2,8370,92
2,6148,-166
2,43784,-168
2,49241,186
2,20722,90
2,25924,-76
2,5935,150
2,3036,-42
2,25581,-102
2,13550,-182
2,27293,-168
2,38859,44
2,48053,188
2,28792,194
2,5250,16
2,22565,154
2,43081,-14
2,37576,162
2,460,-90
2,29889,-88
2,38193,-152
2,24239,76
2,39812,98
2,32134,-88
2,17895,154
2,16415,74
2,32162,-42
2,20906,-152
2,28008,-130
2,27258,-198
2,15317,98
2,43508,-160
2,39610,166
2,43221,-132
2,33253,-62
2,17336,-172
2,18101,-6
2,20284,172
2,1839,-172
2,38617,136
2,43926,-56
2,26233,-8
2,3687,154
2,46745,-186
2,37279,-50
2,9836,-30
2,24545,78
2,31447,100
2,9964,-44
2,19168,190
2,7942,-116
2,24215,-20
2,14968,-110
2,16035,92
2,272,-2
2,33898,-122
2,1479,190
2,40704,-28
2,32143,-174
2,21695,192
2,13583,162
2,15379,68
2,39771,-172
2,5726,-198
2,3688,-74
2,12819,164
2,47357,50
2,49978,-44
2,10721,-174
2,34969,-178
2,47818,126
2,16984,-22
2,31638,180
2,29065,28
2,634,148
2,16588,92
2,6934,128
2,7519,-78
2,3788,-186
2,24769,112
2,8885,158
2,43917,80
2,11046,28
2,6282,110
2,24047,142
2,24854,-188
2,44349,96
2,24378,-44
2,18017,-12
2,12746,128
2,26581,74
2,21102,-186
2,21337,-82
2,18569,92
2,37586,-186
2,20766,-154
2,8981,-200
2,28082,-174
2,13992,-30
2,35325,-62
2,28656,20
2,64,190
2,903,-144
2,26264,136
2,13576,-190
2,37736,110
2,39667,36
2,22747,122
2,34948,118
2,41154,74
2,24133,148
2,20287,184
2,36773,-178
2,33225,10
2,1992,-150
2,40911,32
2,24865,140
2,11708,58
2,22267,-10
2,43838,-158
2,45387,146
2,689,-152
2,48043,-62
2,46899,-142
2,20552,58
2,18170,-10
2,9218,-24
2,5586,22
2,45783,-94
2,11359,20
2,36054,-26
2,31149,-44
2,15188,108
2,44198,-40
2,39981,-92
2,35830,142
2,39321,162
2,32147,-40
2,18425,-36
2,18820,-116
2,37963,-162
2,39156,-104
2,18257,-186
2,7019,-86
2,42255,98
2,8908,2
2,4288,52
2,5520,174
2,13424,170
2,39888,-58
2,24835,150
2,37368,-124
2,2396,-196
2,22904,62
2,28234,126
2,19257,-4
2,31587,-42
2,5869,-162
2,41471,-54
2,3683,-68
2,46175,20
2,44736,-18
2,43756,-98
2,33850,140
2,9007,-180
2,29733,-176
2,21190,166
2,12518,110
2,21998,-178
2,21204,-32
2,6008,-64
2,30441,116
2,46073,-98
2,5223,-46
2,9207,-188
2,13904,-46
2,18148,-124
2,3842,174
2,1937,-46
2,22732,194
2,41034,-146
2,7340,76
2,32837,-6
2,44344,-194
2,25533,146
2,34900,120
2,5363,194
2,9784,-176
2,43991,-192
2,6807,-46
2,36461,120
2,8087,-74
2,13875,196
2,23193,-168
2,17715,128
2,7198,-76
2,45128,48
2,12718,-112
2,4836,60
2,10453,-200
2,20542,-106
2,37917,-186
2,8869,-194
2,19949,20
2,10365,-108
2,42167,-184
2,13947,188
2,16890,156
2,3191,38
2,45734,-200
2,23774,-144
2,27754,20
2,22106,42
2,26021,180
2,31037,76
2,36434,-158
2,39830,194
2,18293,120
2,5213,-82
2,26488,-42
2,26674,-34
2,2908,150
2,9827,-2
2,31211,-96
2,26612,-16
2,4547,-22
2,43402,42
2,33278,34
2,45858,-156
2,17317,84
2,29635,-8
2,39118,72
2,3164,-192
2,38464,96
2,412,22
2,48412,94
2,4690,-136
2,25771,96
2,38095,20
2,33678,198
2,9054,-164
2,275,-184
2,4992,-148
2,3239,-2
2,45985,14
2,3086,116
2,36706,190
2,41623,84
2,8019,-92
2,20427,-170
2,3423,-168
2,28543,90
2,31593,188
2,40310,2
2,22892,70
2,27103,102
2,19395,12
2,16276,162
2,7608,92
2,24719,28
2,40249,-92
2,41631,-66
2,16965,-2
2,31485,42
2,17235,-138
2,49258,44
2,128,-116
2,44330,-166
2,27079,178
2,17656,-128
2,6789,76
2,4050,82
2,27407,-162
2,43804,36
2,27809,-30
2,13412,148
2,2901,20
2,15800,-16
2,45762,114
2,37942,96
2,14465,-52
2,41808,-78
2,27237,-122
2,37607,172
2,46892,64
2,37716,148
2,16894,104
2,29379,116
2,33536,16
2,46662,54
2,9453,-46
2,40806,104
2,48877,-116
2,5727,56
2,20221,162
2,23458,6
2,16470,94
2,22564,66
2,8657,-80
2,7936,150
2,18033,34
2,26522,-120
2,40395,182
2,44626,-88
2,32625,126
2,46777,66
2,4685,176
2,30244,-156
2,25670,152
2,10156,78
2,27277,198
2,44659,-194
2,45490,-200
2,38450,8
2,6708,86
2,24367,-134
2,13739,16
2,10634,-114
2,37234,-94
2,25642,-166
2,4127,108
2,21992,2
2,46317,-156
2,17818,-116
2,40588,-148
2,34446,-160
2,49961,152
2,45099,32
2,38174,128
2,12276,-114
2,37925,-36
2,18844,-170
2,5886,6
2,12869,-4
2,24968,6
2,3789,-66
2,22486,-96
2,41544,-196
2,29789,-18
2,34592,-196
2,16492,104
2,3542,58
2,48587,26
2,30064,-120
2,532,58
2,37364,108
2,19569,156
2,41728,-200
2,29897,198
2,26430,146
2,45666,82
2,18426,-78
2,31461,-148
2,5127,-28
2,41465,-38
2,32480,-130
2,30962,-78
2,1009,-200
2,40173,26
2,8547,-74
2,7418,-4
2,19063,-144
2,16845,-196
2,38631,-16
2,42793,28
2,7347,-4
2,48293,-126
2,30777,-96
2,25848,40
2,34534,178
2,43766,-200
2,13581,-10
2,19053,18
2,42583,134
2,10426,166
2,16540,-166
2,35945,-74
2,30367,46
2,44737,178
2,45598,2
2,39414,-66
2,18742,-44
2,49750,-170
2,13300,116
2,18444,-136
2,3000,-98
2,4238,88
2,10209,6
2,29547,-180
2,36389,-88
2,28985,144
2,36082,-82
2,6455,38
2,14937,144
2,28500,-54
2,12108,2
2,18765,162
2,24578,82
2,21015,150
2,11440,-80
2,12649,136
2,214,-52
2,28292,144
2,48628,12
2,47684,-28
2,31427,72
2,15469,164
2,20852,-52
2,23574,14
2,24764,168
2,2737,-114
2,45657,-90
2,28961,162
2,42061,-60
2,18643,122
2,46449,22
2,10758,-10
2,44828,30
2,1887,110
2,21697,8
2,27596,-22
2,41166,-134
2,22380,-180
2,44895,-166
2,42811,46
2,11719,182
2,10248,-174
2,4686,56
2,13578,-114
2,3414,146
2,33360,182
2,35632,4
2,9778,72
2,34351,174
2,35849,-114
2,12017,-102
2,7746,82
2,837,16
2,38288,-26
2,13192,154
2,26134,-6
2,39325,2
2,48161,-36
2,11219,-84
2,29863,28
2,23395,64
2,38414,-176
2,8999,-42
2,3033,34
2,37543,160
2,27678,80
2,37623,-98
2,25236,138
2,19270,182
2,31177,26
2,37780,-112
2,45719,-176
2,23079,-156
2,14486,-88
2,42584,124
2,317,-192
2,45525,-168
2,29512,-38
2,7095,-68
2,19189,-100
2,35066,-98
2,13380,148
2,31645,194
2,29877,-132
2,16950,94
2,27,-56
2,31648,166
2,3359,124
2,3040,40
2,14439,166
2,17755,-110
2,35105,-180
2,18492,158
2,41108,-98
2,9864,-100
2,5878,-94
2,478,-130
2,21690,-14
2,9107,-52
2,42293,-100
2,39313,-18
2,4040,-64
2,32568,-26
2,19273,118
2,39182,-188
2,40300,62
2,49053,-146
2,19229,188
2,15944,136
2,30851,136
2,23481,58
2,36593,98
2,26417,4
2,28713,-80
2,2652,78
2,39346,-200
2,31554,-110
2,22184,-20
2,42645,-136
2,25825,-56
2,29893,-192
2,6442,-48
2,2012,-6
2,16883,-32
2,42008,8
2,39227,-166
2,28906,-98
2,26959,54
2,24450,146
2,45028,-200
2,43531,-64
2,7082,120
2,32997,-104
2,26940,-164
2,49292,-198
2,6183,-10
2,12540,124
2,32683,-30
2,34567,190
2,28496,78
2,6993,-56
2,46453,-18
2,33437,192
2,39615,-40
2,42123,-108
2,48001,-34
2,21623,16
2,37006,52
2,27303,134
2,8729,-70
2,11427,22
2,13268,8
2,40543,164
2,49274,118
2,12327,-148
2,30951,-126
2,1667,-14
2,45433,-36
2,10097,-170
2,44013,192
2,47268,-110
2,14293,182
2,30295,-10
2,23060,60
2,34246,110
2,31988,-48
2,32185,32
2,13876,-90
2,20804,-168
2,11910,184
2,26155,124
2,43808,46
2,27883,112
2,42138,-108
2,32448,-18
2,391,-172
2,41063,-12
2,26414,-132
2,15443,-40
2,29681,162
2,21496,160
2,21356,-134
2,11087,-22
2,3497,122
2,5585,-52
2,8712,-120
2,1844,-22
2,26446,-82
2,1163,170
2,38028,-20
2,17653,184
2,5939,-138
2,34308,-60
2,19058,-200
2,29329,-130
2,37661,32
2,46584,56
2,39552,10
2,16524,-132
2,6704,144
2,12020,-74
2,17887,80
2,22796,-184
2,24279,18
2,29023,-144
2,20995,-64
2,39803,-192
2,17150,22
2,37833,-134
2,3230,36
2,5931,6
2,49169,-138
2,6142,-68
2,18344,-126
2,9922,66
2,7048,142
2,36326,-128
2,21735,142
2,14658,-172
2,39042,-34
2,17020,146
2,31107,144
2,36103,-96
2,9903,26
2,8182,-58
2,47569,-74
2,16830,142
2,2991,-172
2,49015,-140
2,15121,-186
2,47090,-22
2,16289,-66
2,33405,-58
2,39850,-100
2,49328,-62
2,5219,138
2,12403,172
2,25271,-182
2,30164,24
2,8358,-80
2,44890,-152
2,38645,40
2,2919,112
2,1084,-30
2,4628,84
2,12211,154
2,5354,-60
2,15558,2
2,45623,-154
2,17966,-14
2,41558,96
2,37190,36
2,37774,158
2,32212,-186
2,28037,50
2,24954,80
2,3930,92
2,45738,-168
2,36854,82
2,8105,130
2,242,190
2,25738,98
2,6634,52
2,31106,14
2,952,-192
2,18351,64
2,16254,156
2,24391,176
2,19923,-182
2,44019,-122
2,40204,-140
2,49999,-80
2,36278,-78
2,13632,-6
2,10431,-110
2,11845,190
2,38609,32
2,30456,8
2,42571,92
2,7809,-168
2,42188,-196
2,33582,-8
2,26816,34
2,34213,6
2,15434,-42
2,2705,-52
2,32217,-176
2,49864,-70
2,27062,-66
2,14008,-44
2,21257,-176
2,38475,86
2,30791,-66
2,46393,72
2,35848,114
2,47179,26
2,16363,20
2,13731,-106
2,18609,58
2,37878,22
2,38663,-136
2,31528,34
2,38758,46
2,11088,-112
2,7414,10
2,45378,106
2,618,-20
2,2358,-172
2,46913,-160
2,5317,40
2,48634,-104
2,27944,-32
2,12938,-188
2,25473,-176
2,3865,34
2,2530,-190
2,2286,-126
2,36373,-114
2,16861,144
2,24372,-108
2,17544,-12
2,4158,164
2,45791,-112
2,36349,-158
2,7126,82
2,320,70
2,43774,-4
2,27753,102
2,9068,-16
2,4365,-42
2,2738,-140
2,515,-194
2,28000,-156
2,5215,114
2,4590,-30
2,38183,-128
2,14864,126
2,47492,48
2,18043,-68
2,36266,-32
2,42412,-136
2,28576,-186
2,36142,186
2,14588,-132
2,43769,-180
2,35020,32
2,37831,196
2,3877,-144
2,36311,84
2,15362,-78
2,32707,164
2,42693,-84
2,30354,46
2,33496,-118
2,25300,-178
2,24718,-54
2,986,88
2,11857,-108
2,20775,44
2,46549,-146
2,16414,-118
2,29411,-170
2,8469,-16
2,38984,32
2,49373,-190
2,23775,136
2,20072,50
2,10772,-132
2,21056,136
2,3988,-180
2,11257,174
2,19783,-146
2,31594,-174
2,44729,-94
2,29515,144
2,8125,30
2,13757,2
2,27110,8
2,45539,110
2,40623,12
2,19918,-38
2,15951,168
2,19232,102
2,46805,-14
2,36228,160
2,8606,104
2,37347,150
2,37680,-58
2,35395,-46
2,35398,-74
2,30339,-106
2,4278,186
2,3814,-68
2,27414,-150
2,16893,-200
2,46726,-142
2,49988,-18
2,47033,24
2,37410,48
2,11497,8
2,27444,-12
2,3065,20
2,26939,-108
2,3112,150
2,21058,114
2,6302,-102
2,45572,-34
2,49472,-26
2,29721,-58
2,581,150
2,49323,164
2,23439,-60
2,462,-28
2,5258,-16
2,16408,112
2,14122,-50
2,24148,-80
2,5838,-88
2,25074,-4
2,10665,52
2,28528,-102
2,48178,160
2,11464,60
2,28368,-152
2,15133,148
2,10719,-124
2,3689,78
2,7987,-146
2,43594,-196
2,43407,-160
2,18474,72
2,8163,194
2,36086,-16
2,33855,154
2,18611,-118
2,49824,16
2,39320,70
2,40938,76
2,4267,170
2,9821,182
2,24651,90
2,35806,58
2,32710,-144
2,33051,-158
2,48702,-190
2,26314,188
2,12613,-48
2,42514,-44
2,16705,138
2,47023,180
2,41926,80
2,16833,148
2,49606,-90
2,5563,-120
2,10912,-156
2,15278,114
2,3974,172
2,39549,-102
2,12513,172
2,35969,-78
2,21074,24
2,38862,-18
2,7897,130
2,41602,-66
2,27792,-172
2,30417,-86
2,49716,-186
2,29978,172
2,12952,-44
2,25116,2
2,16614,-96
2,49586,20
2,13451,-62
2,19006,-30
2,37120,174
2,4196,-34
2,10575,-80
2,3402,-8
2,8241,-124
2,37768,-172
2,42797,-56
2,2163,-6
2,17062,172
2,146,-14
2,11584,-160
2,43495,76
2,12495,82
2,40389,-146
2,25744,-92
2,29225,134
2,34289,-132
2,13974,-128
2,18163,-176
2,45368,-30
2,27450,54
2,42230,-6
2,15733,-82
2,27398,-120
2,22915,-88
2,33574,158
2,18310,-124
2,25327,84
2,46882,108
2,40997,-110
2,24013,144
2,14983,-128
2,30299,86
2,45091,104
2,28489,160
2,30905,-74
2,40244,114
2,46668,-12
2,20150,-104
2,1373,84
2,40967,-50
2,46411,-24
2,37480,52
2,24936,34
2,47262,76
2,20707,94
2,27522,-178
2,19430,184
2,43388,26
2,48235,-18
2,6405,182
2,46357,-32
2,32672,82
2,24639,196
2,23249,-92
2,1140,-186
2,29082,-100
2,15372,-68
2,11812,64
2,730,124
2,21573,118
2,19425,-42
2,8784,-44
2,17422,-64
2,29387,194
2,3125,-34
2,7683,124
2,32148,-130
2,1590,154
2,33775,-40
2,48735,-136
2,402,-32
2,7024,-14
2,19289,198
2,37062,-160
2,39641,150
2,40946,68
2,158,154
2,33559,186
2,45603,198
2,12696,160
2,5193,198
2,25210,30
2,13144,68
2,43373,-104
2,25063,-6
2,29533,102
2,26733,-48
2,10035,-142
2,1165,-8
2,47974,-100
2,7392,86
2,37920,176
2,18458,54
2,48179,-172
2,43812,-126
2,8808,122
2,10133,-122
2,32909,-168
2,39477,-44
2,42654,-80
2,38224,144
2,19520,154
2,15258,-184
2,19563,-6
2,34155,6
2,46618,-104
2,42975,-160
2,12425,-2
2,34018,158
2,34993,-100
2,19336,142
2,8783,44
2,22866,42
2,7287,-100
2,24743,194
2,42090,-52
2,36598,-92
2,42294,150
2,11294,102
2,8528,34
2,46105,-120
2,3931,94
2,44518,-186
2,46760,34
2,49101,10
2,3869,166
2,7081,42
2,2400,8
2,5259,-78
2,17570,-160
2,33999,12
2,16087,166
2,8738,-72
2,23228,124
2,15899,-50
2,11950,194
2,25558,94
2,27677,-132
2,23545,56
2,34067,118
2,826,18
2,40498,128
2,7002,22
2,49908,-24
2,25747,124
2,39108,138
2,16462,198
2,48968,-64
2,3558,32
2,10210,128
2,34629,-30
2,35284,110
2,7382,118
2,928,-50
2,34154,-200
2,30598,94
2,40894,42
2,35023,-158
2,36985,-58
2,28556,108
2,23517,-90
2,26926,-46
2,10791,-142
2,18782,90
2,713,-126
2,27210,136
2,267,144
2,46414,130
2,45255,46
2,19352,40
2,25856,-132
2,10777,-96
2,4396,-198
2,40762,-118
2,10376,30
2,5049,178
2,37792,134
2,17962,-56
2,3498,-38
2,10486,-124
2,29736,120
2,10952,170
2,13532,-176
2,12949,134
2,14660,-148
2,34467,160
2,12672,26
2,6639,-148
2,31774,142
2,44290,-134
2,19457,-86
2,24269,70
2,46552,198
2,21906,-114
2,48811,2
2,43637,-136
2,25349,6
2,17532,-200
2,9730,-18
2,36070,-62
2,21201,146
2,12127,8
2,3742,106
2,22959,-166
2,27661,76
2,43897,54
2,48427,160
2,39131,-178
2,3855,14
2,34747,-198
2,2078,-200
2,14862,-188
2,28470,-170
2,27032,-92
2,39936,-46
2,15763,-58
2,30840,32
2,5780,-136
2,17036,96
2,6702,104
2,45625,-98
2,8028,-138
2,36883,-114
2,12312,64
2,19050,142
2,30247,78
2,34330,-190
2,41726,-104
2,9336,-180
2,28140,164
2,24634,-88
2,745,128
2,18855,50
2,49187,172
2,30551,122
2,14776,-66
2,26127,56
2,15442,-82
2,36146,-96
2,16005,-56
2,35968,-102
2,18877,86
2,48847,46
2,23677,-66
2,5229,-30
2,36250,130
2,48506,44
2,21233,-148
2,35336,46
2,25722,-150
2,5857,144
2,28090,-174
2,1586,94
2,3728,124
2,6119,114
2,33791,30
2,4620,74
2,41216,-74
2,35068,112
2,14693,-12
2,17797,190
2,36015,176
2,19977,72
2,4375,-80
2,30679,-188
2,49543,-66
2,21970,-76
2,22071,106
2,42751,62
2,33694,168
2,18798,-66
2,339,-190
2,44138,-116
2,35077,162
2,39092,-4
2,6586,-20
2,41681,134
2,30307,-108
2,47273,56
2,15903,-58
2,21624,-68
2,28063,174
2,48896,-184
2,35648,-150
2,38407,-100
2,46173,-38
2,38462,-188
2,8764,48
2,3307,-36
2,33067,-62
2,36917,-54
2,11194,6
2,18825,-124
2,24570,-156
2,40858,-54
2,18903,-54
2,36075,-172
2,48955,-74
2,8597,52
2,44973,192
2,39331,14
2,39677,-120
2,1603,52
2,44927,162
2,1262,6
2,15103,-200
2,25990,98
2,6019,-84
2,18563,6
2,21712,-154
2,18634,68
2,7841,158
2,45185,-138
2,8520,116
2,3490,-78
2,37746,-170
2,14756,100
2,8244,-110
2,23652,-142
2,6964,36
2,19556,-188
2,29188,168
2,15019,194
2,36802,68
2,21077,-126
2,20314,-96
2,12682,184
2,6329,16
2,48190,-184
2,17934,24
2,108,-88
2,6403,-178
2,10666,82
2,10216,-108
2,41424,172
2,17479,116
2,45372,56
2,47929,160
2,29492,-118
2,26698,-68
2,9596,-188
2,29539,74
2,2125,14
2,39626,34
2,43524,196
2,48105,-180
2,35076,98
2,20764,150
2,34565,84
2,45912,58
2,36891,160
2,46442,10
2,3511,10
2,26258,26
2,48614,-188
2,10078,-166
2,48878,-70
2,23338,-134
2,12849,-32
2,40766,88
2,36565,-184
2,8978,-32
2,15520,120
2,10150,-28
2,12860,100
2,9808,124
2,47817,-20
2,7160,-104
2,6299,-192
2,30920,-98
2,17411,-156
2,48487,-192
2,49667,-144
2,36314,-196
2,23206,74
2,19233,98
2,22825,50
2,49912,188
2,31174,26
2,15204,-178
2,26565,130
2,38754,196
2,46921,82
2,25507,148
2,9463,-166
2,3398,-60
2,20822,166
2,48912,-102
2,46889,-38
2,34364,-38
2,9735,-178
2,48950,-138
2,8260,-98
2,17059,-20
2,26616,178
2,40269,-182
2,20321,172
2,18260,-110
2,42483,86
2,2888,-178
2,30917,64
2,1983,126
2,26811,98
2,36040,50
2,36609,-16
2,14938,96
2,42252,-156
2,30158,-170
2,32215,-28
2,23705,-46
2,12004,136
2,14568,146
2,14091,-28
2,4221,-118
2,16504,-136
2,39337,160
2,28596,112
2,35681,-174
2,44113,-146
2,29345,28
2,14997,-120
2,12639,116
2,15009,166
2,46841,-74
2,39402,30
2,23913,80
2,40417,-186
2,14871,12
2,19718,24
2,9442,-102
2,45422,-180
2,47360,102
2,47509,-48
2,33991,-54
2,43142,-26
2,28932,156
2,32626,196
2,2249,-126
2,39452,-198
2,1740,-128
2,3360,-56
2,40303,-174
2,44150,18
2,10,156
2,16349,-64
2,22906,-2
2,37529,194
2,47679,32
2,40603,128
2,24363,-78
2,37345,-116
2,43655,184
2,24897,56
2,10341,-26
2,29105,6
2,30648,92
2,47235,-104
2,47964,144
2,18428,-152
2,2949,-128
2,23649,-186
2,40853,196
2,27811,128
2,7800,-98
2,32891,144
2,4793,42
2,11288,130
2,6205,178
2,41378,-192
2,48375,74
2,42841,16
2,3326,-134
2,20895,76
2,32624,82
2,5709,-16
2,28373,26
2,10338,-74
2,15236,-52
2,44274,78
2,46727,184
2,764,16
2,45485,66
2,31103,-48
2,14354,-114
2,37983,-20
2,21505,90
2,37424,22
2,33063,-36
2,29184,110
2,26225,128
2,34526,-82
2,18673,14
2,39254,-118
2,49279,-186
2,19590,150
2,8809,-112
2,32383,-88
2,3621,-8
2,41907,-22
2,40854,-180
2,45096,-38
2,45480,188
2,821,-20
2,28139,-140
2,49261,-74
2,29612,-102
2,38894,-98
2,4343,198
2,40102,-174
2,36087,130
2,38397,-44
2,20512,30
2,26808,184
2,14826,-128
2,29989,-86
2,4028,120
2,41519,-194
2,37540,-136
2,34244,28
2,48882,112
2,14203,-142
2,1734,-150
2,43441,-66
2,23286,114
2,17691,190
2,22694,-26
2,10300,94
2,12119,12
2,45737,-58
2,29264,112
2,23199,62
2,6628,22
2,28238,-64
2,9885,152
2,8734,-64
2,32290,-152
2,12984,-88
2,15175,-96
2,9450,-176
2,38379,-50
2,14755,-60
2,30402,124
2,47207,36
2,35743,10
2,32422,26
2,15194,46
2,16357,-76
2,33831,56
2,7480,-98
2,24704,18
2,587,106
2,44744,128
2,43290,64
2,1796,-164
2,16587,-168
2,962,10
2,30855,-60
2,3795,62
2,49589,-96
2,12525,-188
2,45851,2
2,4935,134
2,20971,188
2,5902,-124
2,4005,60
2,35684,98
2,1075,158
2,39996,170
2,6066,138
2,49612,26
2,29992,86
2,993,162
2,41986,-42
2,12544,62
2,28811,106
2,42656,-88
2,20143,-2
2,43063,104
2,10339,-132
2,1268,114
2,14219,182
2,42148,-28
2,34590,-146
2,11467,-106
2,2771,14
2,4616,-38
2,15890,176
2,13748,-74
2,20401,-118
2,4829,-58
2,25438,44
2,27710,42
2,4249,-154
2,38974,-176
2,15585,100
2,1442,-4
2,7366,-130
2,14605,-52
2,9139,-196
2,10048,66
2,11019,16
2,966,176
2,6606,64
2,48636,-140
2,44829,-6
2,11750,-152
2,24694,-10
2,45810,118
2,2444,112
2,42647,-6
2,19628,178
2,21339,-56
2,17693,-36
2,18116,112
2,44887,2
2,30052,-92
2,40687,-154
2,4545,-94
2,13527,-132
2,37628,174
2,3084,-176
2,34081,-4
2,47875,-20
2,19031,-174
2,43183,-140
2,12729,176
2,11833,118
2,18486,78
2,2254,72
2,32359,178
2,8725,-68
2,31523,-32
2,14503,168
2,8642,-198
2,36196,42
2,26893,2
2,7254,-38
2,21046,184
2,14232,186
2,12228,172
2,33314,-186
2,23837,94
2,36514,82
2,38854,2
2,27675,160
2,20198,36
2,1085,34
2,11282,-170
2,2662,-82
2,23630,-72
2,30202,68
2,41195,176
2,37691,8
2,166,-42
2,29516,-76
2,2187,160
2,6,-122
2,18006,-48
2,11127,-50
2,47936,134
2,47192,-194
2,37591,-24
2,47997,148
2,7379,-180
2,40881,40
2,14214,-12
2,24277,196
2,7705,104
2,39892,-60
2,29886,10
2,20659,72
2,17239,38
2,25292,-124
2,28836,74
2,32149,58
2,590,-100
2,22361,-178
2,1522,172
2,20103,18
2,11671,-104
2,17557,164
2,30522,50
2,46212,-74
2,26351,50
2,31616,60
2,21671,-164
2,18305,62
2,33244,-30
2,18946,-148
2,30742,-8
2,26033,168
2,16813,96
2,47677,-20
2,27571,-112
2,34456,166
2,41111,150
2,45948,190
2,9729,196
2,48131,-152
2,17555,160
2,25523,-58
2,41144,86
2,6124,-128
2,30293,-2
2,25427,-24
2,24798,-68
2,18567,-128
2,38083,-38
2,21064,-152
2,41020,-150
2,20147,-188
2,37092,-150
2,41168,-108
2,11012,-66
2,7873,-32
2,30106,-138
2,27676,74
2,16999,86
2,12902,-106
2,29198,188
2,44218,70
2,33631,84
2,18967,-42
2,36929,-150
2,2159,-128
2,15875,-94
2,6655,-166
2,43841,6
2,22901,-156
2,42520,-64
2,44155,2
2,49596,52
2,1097,-184
2,14856,54
2,30908,-148
2,22324,-8
2,28982,196
2,19190,-150
2,14843,-160
2,48648,-6
2,4859,-160
2,6853,56
2,12491,-152
2,25529,182
2,22742,-38
2,35356,148
2,10334,6
2,24659,192
2,9370,-30
2,15818,22
2,16681,186
2,8149,-192
2,39187,142
2,49913,-120
2,31907,86
2,36564,-142
2,8810,48
2,17655,-26
2,37590,48
2,26786,-76
2,31133,148
2,19359,14
2,14789,144
2,2854,-6
2,73,118
2,38169,18
2,38072,-70
2,46255,-54
2,4379,128
2,35411,178
2,3382,-18
2,9722,80
2,21369,-14
2,4444,178
2,43158,50
2,12775,72
2,10532,-96
2,43805,50
2,31589,52
2,5478,-10
2,41305,142
2,9227,96
2,17027,142
2,27557,-128
2,45920,198
2,8536,-190
2,34649,194
2,28081,80
2,45771,58
2,152,-186
2,34616,104
2,22347,152
2,12780,52
2,23173,168
2,34737,-178
2,28965,-90
2,4950,-136
2,41250,-32
2,42994,42
2,41317,-52
2,21739,-82
2,48099,-90
2,45034,-186
2,37095,54
2,3917,-190
2,12591,74
2,7276,-128
2,28963,114
2,37511,26
2,46364,-84
2,23454,116
2,26247,54
2,28960,-12
2,6691,22
2,1420,-34
2,35315,126
2,19020,-54
2,32322,174
2,38993,42
2,23491,38
2,18411,46
2,8192,-28
2,35768,130
2,20274,104
2,1784,-142
2,3471,158
2,45628,198
2,2273,-92
2,31164,194
2,26620,46
2,26671,-178
2,39840,-134
2,15007,166
2,8123,100
2,21309,-172
2,14875,120
2,42224,-130
2,42893,148
2,11635,136
2,32069,6
2,294,114
2,33889,28
2,35177,170
2,34835,-186
2,14678,118
2,23844,184
2,34031,-200
2,41076,-96
2,48029,-22
2,23067,-112
2,3652,-164
2,7452,60
2,37352,172
2,21335,-114
2,40213,-6
2,44438,162
2,49163,-94
2,15502,-154
2,16467,154
2,38444,26
2,25374,-38
2,7743,110
2,49942,102
2,43317,68
2,34200,176
2,6241,158
2,47840,168
2,20133,-56
2,46759,68
2,47571,-184
2,41768,-142
2,3727,-74
2,19784,4
2,17791,152
2,47441,-92
2,43196,-168
2,4828,-136
2,6090,-138
2,33986,106
2,13535,142
2,18792,-48
2,2250,122
2,31863,126
2,39676,60
2,32114,-122
2,31677,-2
2,19612,40
2,20101,172
2,25906,-136
2,24970,196
2,5385,-112
2,35713,102
2,35873,-182
2,7932,50
2,32059,88
2,12994,-56
2,22759,-136
2,9929,36
2,44699,142
2,32567,-120
2,8484,-130
2,25295,8
2,45110,152
2,6284,-8
2,36455,178
2,35174,16
2,40111,192
2,38904,-148
2,28575,-98
2,46807,164
2,34447,-60
2,20289,48
2,5306,72
2,9059,180
2,36185,96
2,17091,130
2,12039,14
2,19306,190
2,21617,-4
2,23561,-80
2,29210,-106
2,9670,136
2,38487,64
2,6010,32
2,30342,72
2,46043,52
2,30621,-80
2,14057,-16
2,19210,-102
2,32445,-78
2,37987,-12
2,20238,82
2,23507,-64
2,34907,148
2,22933,-76
2,25526,-118
2,28669,-128
2,29710,-166
2,36726,128
2,24640,154
2,48228,-38
2,35257,-18
2,1634,-100
2,23565,72
2,9789,44
2,3256,-148
2,22313,-178
2,33235,142
2,31166,-30
2,37989,-94
2,49409,174
2,1171,-150
2,46914,16
2,40278,-190
2,2504,-176
2,22566,-178
2,4546,14
2,49538,102
2,35089,94
2,35800,-90
2,20293,-156
2,47448,140
2,7983,98
2,40538,-156
2,12160,-20
2,45774,-148
2,17690,-40
2,1026,22
2,38182,184
2,4676,52
2,45612,136
2,21042,-152
2,36207,42
2,28091,-188
2,24903,162
2,46122,-170
2,20396,-178
2,36849,64
2,30093,178
2,4832,162
2,25396,-38
2,16202,110
2,4312,76
2,43737,-2
2,29135,178
2,19076,180
2,21269,124
2,33538,78
2,41392,-44
2,29011,-158
2,22131,-40
2,32247,-182
2,46426,-140
2,10814,150
2,43622,180
2,36423,-40
2,19262,112
2,33351,-86
2,7634,-86
2,1602,-48
2,49093,170
2,15135,-150
2,31366,194
2,47806,72
2,19654,48
2,12390,-190
2,45344,-74
2,4734,116
2,32740,-116
2,42947,-22
2,16335,182
2,27559,-152
2,6476,-142
2,31495,-116
2,46594,178
2,39876,-68
2,45221,-54
2,12335,-68
2,27000,-12
2,31234,-114
2,4279,70
2,4863,40
2,16827,-180
2,18562,-176
2,20366,-158
2,21394,146
2,44706,176
2,21363,180
2,47051,-72
2,12393,-146
2,6760,8
2,1079,-166
2,39220,70
2,18084,-92
2,7769,-66
2,44728,-170
2,11998,86
2,18730,-156
2,10006,-186
2,44424,10
2,25863,-52
2,28938,-144
2,44972,58
2,40360,-34
2,29848,146
2,19596,-14
2,29650,184
2,43231,-150
2,41579,-40
2,18964,-158
2,10353,98
2,8262,-158
2,23728,184
2,21169,-170
2,28797,-30
2,30442,88
2,105,104
2,13223,190
2,2209,50
2,2632,-18
2,8042,-100
2,23544,46
2,44060,-4
2,38737,134
2,33368,132
2,28346,-124
2,18218,-38
2,30130,-124
2,20762,12
2,10812,-58
2,37981,22
2,2956,12
2,29059,-160
2,27752,50
2,23730,-52
2,9578,10
2,35043,132
2,8945,-128
2,5230,-192
2,42761,68
2,42679,134
2,40233,-180
2,27712,114
2,4308,-60
2,26449,-198
2,46412,-174
2,2434,134
2,46623,-176
2,21455,122
2,41784,-166
2,46855,46
2,30781,-168
2,6517,44
2,35120,198
2,16514,-30
2,44872,-82
2,6676,-54
2,47230,-178
2,10329,-2
2,3057,66
2,30366,168
2,15647,-130
2,36055,182
2,42725,136
2,25046,-76
2,26371,132
2,36781,-160
2,315,34
2,26680,-186
2,22897,166
2,42183,-54
2,16718,-156
2,47251,100
2,4001,-102
2,2158,-60
2,41884,32
2,9617,-60
2,26288,-80
2,9971,-22
2,28163,-126
2,19636,-44
2,48844,-162
2,17725,-24
2,17535,-150
2,7310,184
2,46158,-120
2,18491,52
2,41673,-180
2,8748,-118
2,5192,176
2,19402,124
2,8455,-132
2,21621,84
2,35170,-136
2,39244,-38
2,43611,-42
2,10265,-174
2,17837,34
2,18660,-60
2,46936,-56
2,47461,48
2,7338,-180
2,16116,142
2,578,-114
2,17106,26
2,9333,134
2,41182,-170
2,110,16
2,34409,80
2,16920,144
2,49618,-122
2,27208,168
2,12319,172
2,10778,-6
2,8785,-14
2,24253,-180
2,7400,-180
2,31279,144
2,45404,62
2,22798,-88
2,2143,-90
2,1056,94
2,14659,92
2,1771,190
2,31199,90
2,3375,-136
2,31782,154
2,42476,26
2,25149,42
2,35584,-120
2,45106,66
2,43741,82
2,46210,42
2,31183,-50
2,11122,-158
2,7860,180
2,46611,-18
2,14502,144
2,28220,148
2,32348,72
2,30398,192
2,7890,-146
2,20030,-100
2,10479,198
2,38728,74
2,18707,96
2,37170,-56
2,10711,-4
2,15013,12
2,39368,14
2,30911,-60
2,38780,-78
2,18087,64
2,1515,106
2,43850,40
2,36867,16
2,44247,-124
2,36606,20
2,20577,-66
2,23195,-58
2,23304,-48
2,18984,60
2,703,-54
2,32948,-80
2,47141,-58
2,44350,-78
2,25814,-164
2,13521,-12
2,40637,126
2,7383,-98
2,31322,-60
2,15397,-84
2,26437,154
2,2278,-16
2,49678,148
2,2144,48
2,10675,32
2,44738,-48
2,15811,168
2,1004,-122
2,22058,-166
2,30577,24
2,27708,-60
2,19399,100
2,15746,-120
2,42619,-116
2,41981,-22
2,4816,12
2,26253,24
2,19859,-192
2,43052,-150
2,18152,54
2,14741,-4
2,8175,-38
2,37974,-86
2,46351,136
2,41032,80
2,7799,-140
2,43320,-198
2,23910,-32
2,11374,24
2,34995,-52
2,49863,-78
2,15619,-88
2,44209,38
2,11656,90
2,17657,70
2,15316,-46
2,8022,170
2,39473,-46
2,35964,122
2,42544,-76
2,26854,-176
2,12494,20
2,15468,-24
2,31949,-28
2,38337,-92
2,13274,62
2,34264,74
2,31416,130
2,1348,180
2,30365,40
2,24802,46
2,36218,98
2,14456,132
2,13776,24
2,7129,-196
2,45756,-96
2,22783,58
2,16581,-70
2,35918,-86
2,6627,-132
2,17173,96
2,40015,-146
2,28606,-84
2,46657,-84
2,17529,-144
2,8311,-2
2,25190,-72
2,21457,4
2,1713,-190
2,41309,-52
2,8623,172
2,17261,-28
2,45442,180
2,48446,-92
2,17423,-104
2,40662,-18
2,21964,132
2,31161,-22
2,43845,-190
2,38112,-138
2,42786,134
2,3291,40
2,43200,-162
2,24234,144
2,17526,-40
2,3435,-128
2,3445,184
2,43090,-180
2,33844,-48
2,42314,14
2,26080,-136
2,33425,14
2,2373,38
2,20218,144
2,3779,-180
2,16605,160
2,2206,-166
2,10824,86
2,40291,46
2,15108,68
2,6750,-128
2,23786,-126
2,40162,198
2,37403,42
2,39080,106
2,4989,8
2,21853,-82
2,30123,-172
2,20165,-2
2,18117,186
2,31642,10
2,10499,-32
2,44409,-74
2,22592,196
2,46919,-198
2,8887,122
2,38586,-84
2,37583,-18
2,19074,112
2,21279,68
2,41131,-124
2,16971,-200
2,8786,60
2,10855,-100
2,45337,72
2,37231,12
2,43646,62
2,7646,106
2,48170,-62
2,34723,152
2,19108,-4
2,3713,24
2,18124,194
2,41993,6
2,32902,148
2,48508,110
2,6763,122
2,25711,152
2,20310,-26
2,31758,-28
2,32531,-94
2,2637,30
2,45656,-2
2,30138,78
2,35407,170
2,6524,-102
2,13788,44
2,15537,192
2,14426,-106
2,12823,-60
2,19562,-18
2,38844,-158
2,22059,-166
2,20936,18
2,11699,112
2,18840,152
2,38880,-180
2,40094,2
2,28592,-64
2,41927,176
2,16499,74
2,9263,-66
2,41963,-116
2,16475,-178
2,22997,176
2,31602,152
2,43929,144
2,39085,-122
2,851,152
2,14017,-58
2,45376,-190
2,1472,112
2,39792,108
2,39920,144
2,16717,-140
2,323,64
2,41084,54
2,38152,24
2,21959,-44
2,644,-138
2,17112,178
2,13716,98
2,21408,-188
2,15216,-78
2,11776,124
2,37630,-132
2,37827,-24
2,26399,34
2,36820,-82
2,31262,-108
2,31597,-172
2,48998,-66
2,27153,190
2,44947,190
2,22446,186
2,2086,-10
2,19930,-162
2,33512,-172
2,45724,-16
2,13234,74
2,33258,-150
2,9251,-198
2,13933,-66
2,32580,-50
2,49553,120
2,35291,-170
2,7406,58
2,32799,6
2,1068,132
2,15003,-64
2,39524,76
2,34395,-10
2,2934,162
2,34829,-126
2,16076,-162
2,45662,-90
2,13355,-70
2,4784,176
2,45873,-2
2,45568,-132
2,26637,-162
2,35531,-80
2,3536,-150
2,37167,-166
2,12297,-98
2,17902,-10
2,22450,-46
2,17460,-52
2,26172,38
2,30946,-42
2,23285,-196
2,12857,-158
2,5753,184
2,17586,-16
2,14504,-64
2,39069,18
2,22973,-154
2,37450,46
2,21927,-14
2,1700,154
2,5366,-116
2,36796,160
2,4156,-160
2,9723,-162
2,24431,134
2,39906,68
2,45893,146
2,26695,176
2,31859,-16
2,47471,138
2,14038,10
2,45951,-54
2,27265,166
2,5024,142
2,19139,128
2,45184,-136
2,45291,-98
2,34794,86
2,44520,62
2,27314,34
2,2877,52
2,19981,4
2,6823,-174
2,49602,-104
2,15651,-94
2,22366,-198
2,30300,-2
2,31335,-150
2,3873,-30
2,25034,-198
2,11538,150
2,32090,14
2,38543,14
2,43584,76
2,4409,100
2,33917,-170
2,27185,-112
2,27404,172
2,20118,26
2,26121,-150
2,21498,184
2,4600,-80
2,12447,-126
2,19755,-158
2,17892,178
2,45079,132
2,27581,-78
2,44630,-74
2,39183,180
2,814,-20
2,6296,-86
2,46983,104
2,9595,-56
2,34738,154
2,31179,176
2,10649,-8
2,28967,-198
2,48213,-30
2,26954,-72
2,42466,-158
2,26329,-44
2,19821,-36
2,21345,90
2,14139,152
2,28886,-188
2,20881,146
2,3052,2
2,49963,184
2,20017,162
2,18415,112
2,11692,-4
2,2031,-14
2,8889,118
2,526,-8
2,375,-94
2,15535,-164
2,36738,170
2,14959,16
2,44104,126
2,16312,20
2,16,110
2,24946,-142
2,17581,-116
2,17074,-172
2,48477,-182
2,26913,190
2,25793,-20
2,8989,-90
2,48330,-38
2,45964,142
2,48828,198
2,14511,116
2,25033,92
2,47526,18
2,19989,50
2,16390,-164
2,40428,160
2,24685,-112
2,24100,-88
2,48359,132
2,33551,-24
2,3337,-78
2,15919,142
2,46097,-146
2,22867,134
2,22248,126
2,44382,12
2,33238,162
2,26398,-170
2,4748,-176
2,38549,-142
2,21297,-104
2,29338,-200
2,17305,-80
2,49871,-46
2,5021,138
2,22015,-124
2,48064,20
2,48028,164
2,23876,-14
2,38110,-22
2,8509,-112
2,10762,128
2,36089,140
2,29136,192
2,4347,52
2,42590,164
2,6157,-160
2,47775,-98
2,44391,-160
2,34075,118
2,23353,-168
2,19073,-164
2,42512,-30
2,11478,-72
2,11821,26
2,16034,-54
2,20347,-196
2,15438,92
2,48845,182
2,46457,66
2,12854,-112
2,31561,-118
2,8113,124
2,6698,156
2,44309,188
2,28038,-142
2,22550,86
2,48739,72
2,15589,-192
2,45911,-194
2,30248,178
2,27512,82
2,35427,-162
2,19378,-88
2,10075,76
2,20620,8
2,40630,16
2,22784,60
2,12386,140
2,10960,194
2,46195,-90
2,44625,-74
2,49433,-124
2,49638,-170
2,4862,44
2,23245,148
2,30601,-72
2,17698,-78
2,40568,154
2,35130,170
2,8446,-68
2,41353,-124
2,5042,-30
2,43294,-138
2,45649,154
2,23164,64
2,45558,-196
2,1432,68
2,42006,-44
2,9417,-128
2,12916,-36
2,26563,16
2,3472,74
2,41525,-176
2,12976,54
2,26375,130
2,46548,-34
2,12589,-76
2,35261,-158
2,30802,-146
2,36064,160
2,17502,-6
2,47800,20
2,49664,36
2,32051,-12
2,1996,-164
2,37887,-154
2,22190,132
2,8248,-140
2,20882,-112
2,42965,-182
2,41057,-130
2,29423,28
2,9525,138
2,45995,174
2,5214,-54
2,15796,-28
2,23712,164
2,4579,-84
2,15773,-60
2,31965,-156
2,13187,-58
2,33084,-150
2,42113,-170
2,36976,-80
2,49902,-138
2,28366,-138
2,9396,-24
2,10223,-82
2,8506,-18
2,19614,-66
2,6674,-88
2,42533,98
2,26788,-70
2,22063,-156
2,28821,178
2,11177,184
2,48041,92
2,8121,-56
2,3117,-106
2,33191,-144
2,38365,-52
2,30736,-184
2,49356,188
2,11144,-36
2,32598,-6
2,24494,-198
2,31916,110
2,42576,44
2,4329,-162
2,16338,120
2,6130,-180
2,1019,-166
2,29752,116
2,20049,-80
2,37512,98
2,43892,46
2,9308,-102
2,369,58
2,8769,196
2,7804,60
2,477,-158
2,4393,-100
2,37849,164
2,12001,98
2,45940,-42
2,14350,-102
2,40020,-82
2,14212,4
2,22765,-30
2,5543,-132
2,7386,6
2,19085,-152
2,35545,44
2,34069,76
2,27021,-6
2,38741,128
2,45855,66
2,14677,-34
2,7509,128
2,18697,-142
2,2044,-118
2,48585,-44
2,43519,182
2,13705,-142
2,14473,-86
2,1976,120
2,12804,-114
2,5790,-34
2,23709,78
2,1168,196
2,15,-10
2,36540,8
2,8648,4
2,31273,-174
2,17244,110
2,22265,196
2,24052,74
2,39401,-196
2,40123,198
2,19745,188
2,40110,2
2,4556,16
2,49909,74
2,14809,-146
2,10141,42
2,45534,-26
2,15191,-102
2,9994,-128
2,38461,-96
2,40735,-90
2,32651,-146
2,45282,-62
2,33072,62
2,210,6
2,11146,-14
2,36454,52
2,7611,-90
2,23757,-8
2,38096,156
2,16445,-94
2,49649,-94
2,6175,146
2,33393,18
2,49089,-138
2,29943,-20
2,23031,36
2,10077,-148
2,30805,42
2,8337,-174
2,19152,-104
2,30016,-86
2,3820,-52
2,29258,70
2,25951,162
2,34841,-26
2,49940,152
2,27511,156
2,39957,-108
2,1407,-48
2,3545,138
2,3361,148
2,5070,68
2,44934,-116
2,17364,-4
2,48476,-114
2,29636,186
2,23026,44
2,36583,104
2,49925,198
2,465,18
2,12132,38
2,16227,-100
2,10193,12
2,1877,-14
2,12883,-34
2,44018,-72
2,357,70
2,6983,-70
2,24063,48
2,42899,138
2,3743,-12
2,42166,102
2,49463,-172
2,19002,162
2,43192,-76
2,18799,178
2,22240,-122
2,45503,-140
2,43968,104
2,29859,-36
2,15980,120
2,48371,72
2,16736,130
2,22458,168
2,22965,104
2,34698,164
2,1631,152
2,27233,90
2,28266,-114
2,26137,-4
2,49337,-188
2,35492,192
2,21024,-156
2,16795,-18
2,32430,-188
2,49073,42
2,16847,-72
2,17790,68
2,18907,192
2,25689,28
2,1310,152
2,27776,196
2,17057,-142
2,7851,-154
2,6138,122
2,42353,96
2,33505,-120
2,47645,44
2,31305,-158
2,44128,-132
2,10601,122
2,7639,-34
2,1610,-146
2,4542,128
2,28473,148
2,32727,60
2,12317,196
2,37867,82
2,10161,-14
2,14523,190
2,18217,-88
2,41751,-126
2,34332,104
2,842,-78
2,21111,22
2,12104,110
2,12768,168
2,38434,194
2,41874,44
2,38199,28
2,5458,-118
2,13810,-28
2,11515,-114
2,29584,-118
2,26081,-26
2,30544,58
2,14556,186
2,38116,174
2,43071,-66
2,26749,-148
2,10913,44
2,1513,106
2,11663,80
2,4377,126
2,1055,88
2,29868,-36
2,29674,-146
2,17663,-98
2,36169,-56
2,39419,-106
2,39459,-14
2,30709,-24
2,22714,-192
2,34918,188
2,18895,-164
2,47391,46
2,22421,-106
2,31047,-16
2,207,94
2,6052,16
2,9532,-132
2,19965,76
2,42604,-90
2,46848,126
2,13165,-150
2,40476,156
2,45044,-136
2,16547,32
2,4743,2
2,32504,94
2,8677,96
2,47397,136
2,48893,84
2,32159,190
2,24583,132
2,25510,-136
2,39977,-76
2,7417,26
2,27533,-80
2,45486,-124
2,16863,166
2,38514,30
2,13421,-114
2,21944,-148
2,29881,-100
2,40995,-20
2,4625,124
2,18487,-100
2,7001,6
2,8682,-48
2,1214,-112
2,39357,-96
2,17855,-28
2,35734,34
2,44599,70
2,25041,-180
2,3299,-88
2,22593,-176
2,35156,-128
2,32527,166
2,4562,170
2,35740,-10
2,44240,-200
2,16825,24
2,33295,-198
2,2096,-124
2,18670,-44
2,27872,-56
2,49875,-22
2,48855,-30
2,35214,166
2,4736,-2
2,19313,20
2,21841,-198
2,20001,154
2,32563,110
2,28719,16
2,9196,176
2,40821,130
2,44484,10
2,35661,188
2,34570,-172
2,467,32
2,16456,194
2,258,152
2,48417,72
2,44583,-168
2,14913,198
2,18253,-34
2,25696,58
2,13318,62
2,8899,174
2,45924,-96
2,9223,-74
2,22962,186
2,13311,-104
2,33466,-66
2,4226,-156
2,41635,30
2,7889,64
2,39532,170
2,16198,132
2,18555,-58
2,35944,-42
2,43382,-134
2,46666,42
2,42472,-40
2,32,-46
2,26908,-26
2,4148,-142
2,31506,120
2,40296,-122
2,13917,-92
2,26990,32
2,6391,-182
2,30929,-170
2,43111,124
2,7028,62
2,18675,-94
2,11342,142
2,2829,-130
2,4648,-8
2,49118,104
2,34198,12
2,47891,174
2,49196,124
2,22777,-90
2,151,-150
2,42170,36
2,2221,158
2,40891,120
2,14689,-12
2,25564,124
2,21103,150
2,26883,146
2,24772,-152
2,29360,-6
2,33483,4
2,8708,-2
2,33127,-170
2,15381,-104
2,41928,-8
2,3921,98
2,3107,54
2,21821,-90
2,26489,194
2,38031,68
2,22315,134
2,43613,-16
2,36126,56
2,7952,14
2,38391,-176
2,28241,-102
2,31861,-150
2,20217,60
2,12919,-200
2,48492,-56
2,29803,166
2,33476,192
2,45235,-82
2,5528,-46
2,6038,-40
2,15454,180
2,13683,156
2,18389,4
2,42602,84
2,31071,-174
2,43188,-68
2,7291,98
2,25387,-158
2,26812,134
2,40866,-198
2,18086,20
2,42163,178
2,16066,40
2,34240,-90
2,39284,6
2,34780,158
2,2814,-62
2,49878,24
2,43620,-74
2,15839,-12
2,10122,70
2,31736,-198
2,1415,140
2,44226,170
2,39885,108
2,43604,168
2,23632,150
2,30984,-22
2,5637,-12
2,47444,-64
2,31083,-138
2,1615,80
2,22498,-66
2,17777,-4
2,22044,-120
2,14545,-152
2,24519,108
2,5881,-78
2,35272,50
2,19890,102
2,33862,198
2,10859,-150
2,5282,-168
2,11897,-152
2,49817,184
2,39137,-106
2,18433,-40
2,11665,110
2,26039,-186
2,49627,96
2,32250,2
2,4838,-118
2,43412,-94
2,31619,-86
2,20503,-166
2,39595,-88
2,19744,-18
2,19925,-96
2,14865,70
2,35330,-2
2,18578,-144
2,2119,172
2,17838,164
2,49171,134
2,36892,-98
2,16674,104
2,517,-170
2,36069,150
2,35091,-184
2,31252,154
2,49905,100
2,40736,-40
2,37625,132
2,33116,-152
2,1981,-176
2,24384,-10
2,18367,-20
2,42515,-68
2,29904,-38
2,26619,192
2,35819,102
2,16319,-82
2,38019,-6
2,31858,100
2,8369,-16
2,35187,-24
2,3260,146
2,14627,196
2,9661,-40
2,22394,-2
2,35397,22
2,5390,-4
2,20177,-144
2,44323,36
2,32960,34
2,23492,30
2,4314,-96
2,15545,16
2,24733,62
2,36767,-174
2,38594,180
2,48148,38
2,21612,-152
2,31235,-84
2,26038,188
2,27686,-158
2,10816,58
2,2115,192
2,8,-168
2,45089,-126
2,29089,-24
2,30992,52
2,46788,72
2,3174,80
2,24412,-176
2,28421,152
2,33089,44
2,6749,-92
2,38150,-34
2,19376,-120
2,35137,62
2,49083,8
2,33056,80
2,7822,-104
2,12122,-126
2,30857,-10
2,30850,-192
2,45201,172
2,4465,-178
2,39961,114
2,3208,-64
2,35296,148
2,46128,66
2,3484,-48
2,6199,-64
2,24103,-142
2,831,102
2,17227,-82
2,1792,164
2,2764,194
2,7884,40
2,48160,-64
2,2986,-20
2,46405,162
2,33718,88
2,26696,88
2,21017,-32
2,42830,-198
2,32296,174
2,20053,-82
2,8454,114
2,12457,-126
2,22964,18
2,979,-116
2,21995,132
2,35951,192
2,2506,-40
2,2413,-134
2,46693,-54
2,35334,-136
2,45341,-158
2,23628,-12
2,37954,198
2,28612,-108
2,32241,-4
2,42909,-142
2,43369,-48
2,34345,18
2,7588,180
2,33935,108
2,22716,-146
2,34376,-76
2,42887,104
2,9716,-56
2,16313,144
2,18066,152
2,21667,58
2,1753,96
2,5486,-44
2,34042,166
2,18750,152
2,38767,144
2,31846,-124
2,32368,-110
2,41277,-26
2,10057,-76
2,46486,-80
2,22475,184
2,27129,82
2,20557,-130
2,34151,12
2,16156,-4
2,7200,12
2,40789,-180
2,36669,68
2,9522,-154
2,40052,44
2,6601,-44
2,46067,100
2,30549,-6
2,11104,-18
2,42850,56
2,19770,-126
2,17400,22
2,1793,-42
2,15969,132
2,38047,-52
2,21048,-78
2,44682,-22
2,30268,-82
2,4114,-114
2,13849,194
2,5558,192
2,35792,100
2,33231,-44
2,19420,-150
2,39343,198
2,11688,-120
2,32969,84
2,33727,22
2,25253,136
2,34071,192
2,22087,194
2,189,180
2,10146,80
2,28833,64
2,7906,-194
2,14675,-198
2,22365,188
2,46826,-74
2,36639,36
2,24652,32
2,46052,-26
2,8754,56
2,45225,-156
2,6049,-106
2,22222,136
2,12881,-84
2,30288,-120
2,15653,146
2,43852,-14
2,6220,-106
2,49611,84
2,46808,-48
2,12383,46
2,21878,-170
2,25567,-98
2,26580,-68
2,40093,188
2,4876,172
2,19045,148
2,49406,182
2,2627,140
2,10000,178
2,26609,-162
2,43957,-194
2,9338,-98
2,34810,-36
2,47513,144
2,46698,-94
2,41582,-192
2,13039,102
2,41861,-32
2,39746,178
2,45919,182
2,47710,-18
2,16621,78
2,47699,-42
2,40283,60
2,35209,106
2,15453,-188
2,17991,-142
2,33834,48
2,41257,182
2,10781,110
2,10012,4
2,7071,-54
2,49293,-150
2,49302,-114
2,22654,-90
2,13098,-186
2,36172,2
2,2213,-122
2,16292,-186
2,29288,-104
2,7774,184
2,8445,30
2,17111,108
2,12796,-60
2,49255,-92
2,1289,-184
2,25584,24
2,26864,-132
2,26469,78
2,19871,-102
2,43946,-110
2,34999,76
2,29618,-130
2,21358,154
2,43334,-20
2,34020,10
2,37271,-178
2,45864,-40
2,37217,68
2,31516,110
2,11057,192
2,12208,148
2,5133,-62
2,10924,-50
2,46172,194
2,21214,108
2,43871,-196
2,30925,-22
2,3431,-168
2,40696,-132
2,41510,164
2,44124,130
2,28305,-108
2,46711,12
2,19442,-88
2,14841,-118
2,16820,-56
2,45957,26
2,38428,-134
2,43743,40
2,19514,-52
2,7303,52
2,6046,-40
2,1962,64
2,15711,-60
2,34996,-188
2,36141,30
2,417,144
2,24056,-158
2,37423,-116
2,2381,-162
2,42651,-104
2,1646,-2
2,41976,28
2,28071,-82
2,37212,-162
2,28256,-22
2,28948,24
2,1302,-194
2,18360,-126
2,8088,102
2,6952,24
2,45979,-192
2,23881,110
2,45315,-20
2,8280,-40
2,45302,160
2,38556,-156
2,20117,156
2,19163,-162
2,30036,-44
2,13248,-102
2,14118,-44
2,49809,-46
2,14220,-62
2,40607,-86
2,33035,172
2,34842,-60
2,33974,-180
2,11676,14
2,10281,124
2,46507,-106
2,27297,-8
2,2192,-138
2,33357,-194
2,13461,-92
2,16240,-172
2,45331,76
2,14152,154
2,47326,170
2,45174,-104
2,43589,122
2,45148,134
2,45222,138
2,23497,138
2,18763,168
2,39093,-142
2,28560,190
2,45224,-60
2,38101,-34
2,10152,120
2,47028,-146
2,1841,180
2,7533,26
2,43136,-116
2,19911,188
2,10715,-168
2,37779,48
2,40426,-100
2,46095,-192
2,42333,114
2,28340,-168
2,20636,-8
2,42190,44
2,21938,184
2,17486,190
2,15631,26
2,35536,198
2,35747,-104
2,35233,142
2,49829,126
2,14513,-36
2,12628,132
2,4760,70
2,32039,-178
2,42658,-12
2,38761,-10
2,45390,-54
2,14928,36
2,47529,-190
2,455,-126
2,44827,36
2,25113,-128
2,33182,-90
2,36135,-4
2,28916,36
2,32056,-128
2,20844,-170
2,11451,-132
2,27817,-80
2,17132,-144
2,1587,-62
2,1825,178
2,4087,-140
2,2122,76
2,46795,180
2,48709,44
2,28892,26
2,17604,-50
2,5512,-46
2,15348,58
2,5152,-36
2,4389,198
2,27218,138
2,15264,-16
2,16972,-184
2,95,16
2,24032,-86
2,22883,-22
2,22230,-106
2,48091,-18
2,25934,-160
2,26014,20
2,24884,-114
2,39297,-110
2,33517,54
2,27578,-104
2,9978,-66
2,20701,56
2,29646,110
2,43662,26
2,45959,144
2,23113,-92
2,24044,36
2,42179,82
2,30782,48
2,9882,150
2,20242,118
2,14713,62
2,23849,-160
2,45586,66
2,45882,-180
2,17940,188
2,5411,126
2,21941,-50
2,2472,132
2,49673,186
2,4510,134
2,44560,-24
2,41572,-160
2,47255,-110
2,5470,-160
2,46989,-74
2,31877,-98
2,30361,-18
2,29984,192
2,36187,134
2,35409,-150
2,21868,-54
2,31831,-148
2,13507,188
2,32132,-192
2,41838,132
2,3579,-200
2,30187,80
2,35696,-104
2,46308,74
2,42053,-124
2,24908,-100
2,5875,-164
2,13752,100
2,23737,114
2,46571,142
2,22881,42
2,35040,186
2,23717,156
2,29852,152
2,18275,138
2,25064,102
2,7982,-174
2,21037,186
2,30472,62
2,36267,116
2,635,-32
2,23847,62
2,36072,98
2,10179,10
2,28585,-118
2,41945,-82
2,9804,-182
2,39702,168
2,16204,16
2,24643,-58
2,37570,-174
2,8876,190
2,5962,170
2,1591,50
2,32439,-180
2,6599,158
2,47902,-112
2,25726,-134
2,38338,-46
2,28414,8
2,33433,38
2,27636,72
2,13297,154
2,23850,54
2,47926,-196
2,37462,-46
2,35675,-6
2,30381,162
2,14189,24
2,14782,178
2,17792,-166
2,31742,194
2,1170,-72
2,47749,-166
2,10906,120
2,10493,-76
2,15881,-34
2,46228,-108
2,35573,-26
2,38923,90
2,26036,134
2,44817,-58
2,28739,48
2,38957,156
2,29466,112
2,17084,-92
2,13710,56
2,47227,172
2,48778,34
2,41087,-106
2,7548,-16
2,48521,-58
2,21049,-132
2,6987,132
2,25351,-176
2,9352,146
2,46023,-8
2,22429,-18
2,2481,28
2,11566,-106
2,12947,104
2,34612,192
2,31151,-76
2,9111,-160
2,11771,134
2,29038,-50
2,49361,80
2,33158,-168
2,43831,-64
2,18720,-48
2,2674,54
2,11775,-152
2,44935,168
2,7775,154
2,30565,-54
2,42218,168
2,28006,74
2,19942,186
2,18164,84
2,13002,-136
2,13047,134
2,4002,26
2,23472,-6
2,33506,-26
2,32171,-36
2,17869,34
2,24160,-138
2,27184,-100
2,30079,60
2,11828,66
2,43440,-18
2,33848,40
2,32043,-162
2,7753,-182
2,10174,-24
2,21147,-20
2,22598,26
2,13266,-194
2,37180,-148
2,24422,-78
2,1459,-150
2,41747,-38
2,11960,-56
2,302,-170
2,37751,136
2,1921,-152
2,13886,124
2,18815,-44
2,28203,88
2,31783,16
2,44553,32
2,18955,-178
2,13795,198
2,13960,26
2,9654,-64
2,7365,-66
2,45839,118
2,48986,-180
2,21922,-178
2,13774,-176
2,22467,-122
2,17051,170
2,44304,140
2,42154,-20
2,15943,72
2,23170,8
2,6891,24
2,43147,-174
2,25938,-186
2,39315,-90
2,41160,-118
2,25778,-164
2,16270,-188
2,44291,-134
2,28449,-136
2,23077,-28
2,44160,-104
2,25012,30
2,10283,102
2,38022,46
2,15559,72
2,20317,-140
2,26885,-50
2,35305,156
2,28524,-20
2,755,22
2,16048,198
2,49989,-188
2,22133,-154
2,34312,136
2,43770,-148
2,33473,28
2,37862,-198
2,11823,70
2,5202,10
2,39400,96
2,8436,-180
2,47755,-196
2,21982,-178
2,5681,72
2,25480,192
2,1919,102
2,39095,20
2,1801,-50
2,516,124
2,38505,68
2,41113,-92
2,3111,-76
2,33301,-56
2,3422,-112
2,15895,10
2,43108,42
2,18392,22
2,6001,-42
2,35724,-54
2,24931,6
2,28079,-104
2,33698,2
2,10965,-98
2,25734,-26
2,16046,-134
2,7703,-200
2,46441,56
2,15358,84
2,15852,76
2,38276,42
2,15996,86
2,36393,26
2,9069,-186
2,13237,58
2,49181,-56
2,4505,-74
2,2523,76
2,18004,92
2,32893,-110
2,49095,-58
2,13174,-44
2,29786,-10
2,24588,-130
2,13793,124
2,35786,104
2,37992,-182
2,49176,24
2,16636,16
2,21360,-186
2,11029,-172
2,41302,-100
2,31717,-54
2,28956,148
2,6884,140
2,48321,-122
2,11817,8
2,12689,-128
2,47994,70
2,38551,-156
2,36408,-160
2,3257,148
2,22262,-10
2,45366,-152
2,27141,-54
2,169,-100
2,1873,104
2,35891,-44
2,14550,-178
2,16258,18
2,43861,-86
2,35119,-90
2,6485,150
2,39386,32
2,42989,-200
2,6186,-180
2,35033,-190
2,47078,52
2,1249,22
2,11210,118
2,20490,-52
2,185,78
2,45417,-92
2,7967,-104
2,32733,-170
2,38038,-192
2,41620,138
2,26112,-20
2,11559,74
2,34453,72
2,11754,42
2,4696,-64
2,3416,-88
2,46542,-200
2,3031,-88
2,46036,60
2,10932,138
2,15863,122
2,30105,72
2,42879,-60
2,34976,106
2,42444,-130
2,21693,-140
2,38610,96
2,11966,-142
2,22849,136
2,17538,-70
2,6233,-196
2,4864,80
2,14497,164
2,19708,52
2,30698,30
2,1857,-92
2,3799,150
2,32214,-196
2,30521,24
2,333,-166
2,19785,-184
2,31396,140
2,7721,158
2,32397,-120
2,34680,78
2,2750,54
2,41475,-28
2,28562,-100
2,44867,-122
2,47874,12
2,5107,194
2,24164,-192
2,13298,88
2,37754,186
2,35388,62
2,48379,-118
2,42450,2
2,29066,96
2,25698,-64
2,34278,-24
2,25994,10
2,11014,-156
2,42823,76
2,15493,170
2,46966,-138
2,33884,176
2,20593,-90
2,32203,-24
2,35267,88
2,8201,124
2,17359,84
2,45469,190
2,11444,-144
2,21819,68
2,33833,-62
2,3453,-62
2,6907,-190
2,42231,56
2,49143,16
2,21208,100
2,21427,110
2,38962,122
2,7933,-32
2,13838,-114
2,11329,-50
2,29469,80
2,27798,-44
2,16221,42
2,32519,-56
2,30682,62
2,20126,-200
2,47634,-168
2,33267,-84
2,9909,-120
2,38039,-140
2,9371,-188
2,6608,14
2,12077,-82
2,9440,-98
2,30740,-18
2,42021,-76
2,36220,38
2,30828,40
2,11350,10
2,29988,-90
2,34218,-74
2,3769,32
2,25991,-18
2,40916,148
2,46585,8
2,36959,-174
2,33639,-192
2,934,110
2,34834,-46
2,44331,152
2,11195,-156
2,37839,-154
2,5788,-162
2,19886,20
2,5627,186
2,28035,-130
2,31254,-162
2,12579,-64
2,35883,44
2,14838,158
2,46845,96
2,38724,-4
2,24506,-60
2,35189,92
2,46260,104
2,25460,-184
2,17692,-190
2,26928,-168
2,44183,4
2,768,-182
2,34933,92
2,25380,-64
2,49835,112
2,14902,-78
2,40427,34
2,27221,72
2,30594,56
2,17241,68
2,4846,-114
2,18341,-140
2,33436,74
2,42334,72
2,27072,36
2,36431,38
2,26549,108
2,22111,10
2,34316,-70
2,22120,-126
2,1878,54
2,4713,-80
2,35564,128
2,45487,-16
2,45615,48
2,30378,128
2,10490,-200
2,14372,-24
2,17835,150
2,34957,130
2,9928,-54
2,42418,-36
2,23967,52
2,36212,164
2,11982,-70
2,27589,-68
2,49672,48
2,28603,-8
2,19397,-48
2,11296,-80
2,32226,-20
2,9466,-176
2,10722,142
2,38691,52
2,9734,110
2,34420,-10
2,26024,-138
2,33700,-88
2,15309,-56
2,16583,2
2,29549,-76
2,16740,24
2,38087,192
2,13111,12
2,11617,88
2,43979,-132
2,38236,100
2,10157,52
2,39704,-198
2,40497,4
2,28084,-28
2,26393,-46
2,5398,-32
2,46928,-162
2,9014,-124
2,17409,-14
2,48799,114
2,11491,-150
2,25294,-14
2,4213,50
2,23939,-90
2,27402,42
2,21274,64
2,34464,-28
2,27847,2
2,25071,-124
2,15302,100
2,12407,-192
2,4778,12
2,37024,76
2,4259,-80
2,14797,-94
2,20363,-32
2,32495,194
2,49784,-126
2,41212,-104
2,43867,-118
2,8781,-164
2,7053,-8
2,40718,178
2,43538,44
2,3262,-52
2,31852,194
2,36797,-128
2,48678,-54
2,25598,-146
2,48279,66
2,3347,-184
2,19528,150
2,45438,24
2,37891,-38
2,42136,108
2,29788,-188
2,16908,62
2,5668,-8
2,17456,68
2,4595,140
2,22016,8
2,41792,50
2,42313,8
2,49574,-54
2,19215,-152
2,38987,-200
2,25725,8
2,33292,-48
2,30990,112
2,1374,-40
2,38743,-188
2,34060,-172
2,30676,-96
2,44174,166
2,47525,-62
2,22457,-160
2,31770,154
2,31984,-14
2,22642,-78
2,49810,110
2,48674,20
2,45928,42
2,16731,-80
2,19217,-108
2,6886,-78
2,13715,-138
2,16868,158
2,14878,-154
2,30109,-18
2,19922,32
2,15429,98
2,32243,196
2,46295,-190
2,32302,-200
2,33441,78
2,19318,56
2,42369,84
2,13486,54
2,46653,56
2,15388,-180
2,17076,-38
2,16265,-78
2,37861,-102
2,35867,42
2,438,162
2,24991,104
2,31148,22
2,36344,-12
2,2804,-86
2,12885,-112
2,11869,68
2,28440,188
2,24808,22
2,36164,142
2,19757,-16
2,31480,-106
2,27274,-86
2,35477,-168
2,35314,-94
2,25078,-70
2,47285,-70
2,17087,190
2,24957,196
2,10959,-80
2,44225,60
2,12785,-94
2,23840,-130
2,20171,166
2,45158,16
2,32886,-116
2,43698,2
2,45053,-128
2,4472,184
2,40169,136
2,40309,110
2,25383,-26
2,5999,168
2,42655,60
2,22544,36
2,37119,-12
2,32469,178
2,35789,116
2,43229,-4
2,37139,-16
2,46031,-112
2,13983,126
2,40481,-8
2,29254,-100
2,24874,148
2,49973,-190
2,7172,-20
2,30045,10
2,14587,-128
2,2452,56
2,451,-48
2,5352,46
2,10809,-2
2,5852,-194
2,44844,-42
2,33614,168
2,10246,184
2,26416,-90
2,8792,-24
2,16100,-24
2,48995,-164
2,48853,74
2,11945,124
2,5507,42
2,49657,72
2,46849,154
2,11555,-134
2,33985,58
2,36906,-82
2,7328,50
2,39568,108
2,21809,110
2,13306,2
2,30018,30
2,25013,82
2,42419,26
2,35650,-176
2,22658,176
2,37277,182
2,44266,-170
2,34771,-154
2,35152,-22
2,27900,-134
2,32113,-32
2,49498,-144
2,7970,-58
2,17034,40
2,44556,-72
2,23851,-38
2,21192,102
2,9959,56
2,47643,140
2,24759,70
2,39121,-110
2,17162,-136
2,11908,-194
2,44786,-40
2,5754,-196
2,6951,178
2,16555,-164
2,7186,-60
2,23584,182
2,48837,-32
2,11932,-118
2,17110,-4
2,42249,18
2,28467,-30
2,20236,-8
2,20067,-126
2,2524,-172
2,44384,-70
2,23784,68
2,37382,8
2,21004,-80
2,10414,50
2,179,92
2,48615,-110
2,25486,20
2,34953,-92
2,2988,-86
2,22066,-98
2,34681,158
2,24033,-138
2,6078,-140
2,14547,198
2,5833,-98
2,40913,156
2,4489,-104
2,5971,166
2,43631,174
2,14030,158
2,23012,196
2,27564,22
2,29561,-160
2,23706,-42
2,17519,-78
2,15735,108
2,1035,-48
2,21930,90
2,27980,112
2,12321,174
2,34821,-164
2,38165,116
2,5150,128
2,38305,2
2,35402,196
2,23879,6
2,193,-118
2,47152,186
2,23234,104
2,41746,-172
2,32600,-96
2,43195,158
2,35303,-178
2,22170,88
2,29130,154
2,43772,-28
2,27085,-120
2,38870,188
2,11925,88
2,15010,-42
2,20473,-172
2,6097,-168
2,20449,-30
2,40299,-160
2,27695,-126
2,16049,22
2,33634,-20
2,14472,-146
2,41005,50
2,30525,64
2,12788,164
2,45796,-80
2,10857,-14
2,9143,28
2,31505,-40
2,21766,-100
2,277,-92
2,8604,48
2,32588,2
2,15205,10
2,6591,-188
2,45138,-10
2,40140,-110
2,8837,-120
2,21143,144
2,14036,170
2,39049,46
2,39945,74
2,43112,-116
2,2484,2
2,10331,118
2,17425,-200
2,17603,66
2,38267,-170
2,39214,30
2,32275,-44
2,18177,-28
2,44084,174
2,46328,-2
2,45795,164
2,14591,-120
2,46835,150
2,5376,-12
2,23583,92
2,17674,-4
2,30794,-42
2,23734,-28
2,1639,120
2,24890,22
2,41158,-100
2,44575,52
2,18596,-96
2,30429,-188
2,42067,-156
2,202,170
2,43607,98
2,40805,-52
2,10144,46
2,17451,-98
2,2718,-90
2,48515,34
2,21898,-124
2,20434,-146
2,16208,180
2,10069,8
2,43836,-184
2,48398,42
2,24457,-134
2,3776,186
2,4795,158
2,42872,-116
2,27007,42
2,13921,66
2,2693,-100
2,12808,-94
2,33914,170
2,47610,28
2,40177,-66
2,43909,-8
2,42103,-158
2,10571,184
2,36652,188
2,11485,42
2,8680,182
2,34601,90
2,7658,-134
2,33110,-160
2,3808,-104
2,48819,110
2,2525,-54
2,23791,-34
2,41192,-102
2,44597,114
2,46531,118
2,22258,-64
2,11184,-170
2,10177,128
2,18222,-148
2,9835,-8
2,36240,4
2,16775,156
2,41930,-86
2,30879,72
2,5039,52
2,34557,-154
2,42697,-28
2,13028,-188
2,29459,-142
2,42770,-6
2,36049,-2
2,34516,-80
2,47167,196
2,646,72
2,33946,4
2,25681,-158
2,29470,-4
2,10213,140
2,15838,-68
2,19438,180
2,2932,114
2,31804,-54
2,24947,16
2,2322,-160
2,48461,-162
2,43453,74
2,29189,108
2,21261,176
2,1598,38
2,47016,-132
2,5801,196
2,4152,50
2,20570,-86
2,4809,122
2,34236,108
2,22807,134
2,29177,-166
2,42773,160
2,16036,28
2,27554,-24
2,7106,-100
2,16114,138
2,25940,-60
2,4311,62
2,5286,22
2,43292,186
2,27509,82
2,39665,86
2,12323,-138
2,39482,-142
2,46909,-200
2,47774,58
2,46145,156
2,49067,-194
2,12535,86
2,6410,62
2,13630,64
2,734,40
2,49352,-140
2,10170,62
2,39318,142
2,34091,-120
2,44378,56
2,35368,-50
2,41497,112
2,39781,178
2,41909,104
2,48562,-72
2,27648,192
2,43972,-58
2,29679,-116
2,34406,-192
2,37993,-42
2,25590,118
2,14068,162
2,10582,100
2,23246,4
2,10561,74
2,44915,2
2,11528,106
2,15874,112
2,11564,-72
2,8641,-116
2,29441,82
2,18724,-128
2,12937,-2
2,38147,-140
2,47083,-102
2,19095,158
2,24840,-176
2,19066,178
2,49868,-196
2,11326,-160
2,36756,-196
2,19632,18
2,19739,-46
2,17378,174
2,15805,32
2,4964,16
2,23086,128
2,9963,-64
2,22797,-80
2,5311,28
2,47346,18
2,25834,-48
2,43432,-176
2,44676,198
2,26998,90
2,36023,-150
2,2262,-174
2,21734,6
2,2770,60
2,21021,-86
2,8077,-62
2,16888,-144
2,30107,190
2,23149,-38
2,6377,-114
2,1279,-70
2,33733,-176
2,29879,-82
2,47443,140
2,28631,-112
2,44704,-154
2,21443,-62
2,15240,-130
2,809,50
2,25969,-102
2,31323,-50
2,45279,-136
2,31113,-88
2,601,154
2,22355,108
2,19622,174
2,33864,32
2,9276,-106
2,32232,-104
2,14835,-146
2,16301,30
2,17234,98
2,13460,164
2,45860,78
2,20912,-118
2,37071,40
2,355,-62
2,34119,-136
2,34897,84
2,33504,142
2,24948,-132
2,29222,-154
2,26120,146
2,35900,186
2,4262,-184
2,36445,164
2,7944,64
2,40410,76
2,694,-118
2,40981,2
2,48113,180
2,46184,30
2,6654,142
2,21619,-176
2,23413,60
2,5227,-162
2,47739,110
2,14609,188
2,33297,168
2,32977,122
2,42198,172
2,22671,-138
2,42361,148
2,7062,78
2,2965,-194
2,46740,-4
2,33814,30
2,23134,-158
2,23976,22
2,24523,-192
2,33745,-70
2,20908,64
2,30320,98
2,45388,170
2,8636,176
2,45499,136
2,45561,96
2,37013,-152
2,30969,-46
2,28915,66
2,27773,-104
2,17752,52
2,35083,-40
2,21914,-196
2,37160,166
2,49709,20
2,11366,-16
2,12303,48
2,24913,-196
2,14542,72
2,36522,-200
2,26946,2
2,8056,110
2,20216,180
2,3958,154
2,49571,-120
2,8833,198
2,40969,164
2,21751,168
2,198,-200
2,36604,168
2,2672,-198
2,36550,156
2,19592,32
2,12975,154
2,26872,96
2,30153,-48
2,46940,50
2,28490,-170
2,41843,188
2,34183,-98
2,26370,22
2,36535,-156
2,5606,-8
2,16179,78
2,17719,120
2,9173,152
2,44061,-114
2,3108,-42
2,6357,-46
2,41702,2
2,3143,102
2,34189,84
2,10645,82
2,21381,26
2,47163,12
2,19256,82
2,48980,190
2,549,18
2,10121,172
2,32995,-132
2,9632,-130
2,6107,-118
2,29434,-94
2,30374,46
2,13544,184
2,18785,178
2,25572,140
2,23640,176
2,36722,-86
2,34706,-130
2,46739,74
2,38483,48
2,7740,-182
2,3199,194
2,11618,-114
2,2984,160
2,5416,-60
2,24923,-74
2,44355,-154
2,14972,92
2,23381,128
2,38131,6
2,21989,-10
2,5010,-52
2,2604,-118
2,27227,-164
2,28523,-144
2,11609,18
2,5729,186
2,6092,156
2,18846,-56
2,11490,-52
2,49368,-162
2,11655,-116
2,39740,-178
2,31408,-86
2,18119,-102
2,19780,118
2,14966,-116
2,38812,118
2,24728,-126
2,5001,2
2,31309,160
2,16197,36
2,37857,56
2,46387,46
2,48096,-68
2,12399,126
2,46445,86
2,17351,2
2,41766,116
2,61,-56
2,30040,18
2,41255,130
2,17444,2
2,38624,100
2,34537,104
2,48542,-2
2,33820,-188
2,33632,138
2,17135,-22
2,49788,144
2,32871,112
2,34720,44
2,4643,-194
2,13902,88
2,48036,154
2,49180,-166
2,40078,160
2,28099,-38
2,10183,156
2,12313,156
2,29319,20
2,23153,150
2,9444,170
2,12893,-90
2,29452,14
2,40664,-178
2,157,90
2,34652,32
2,12082,116
2,41727,-50
2,501,166
2,17145,-58
2,14745,2
2,37406,-2
2,29813,108
2,3231,112
2,27287,-94
2,38819,160
2,41079,-54
2,648,194
2,5040,-180
2,29702,-48
2,15781,-150
2,44057,-142
2,21306,-126
2,9935,-168
2,47239,62
2,1148,110
2,40336,-76
2,34403,172
2,15319,18
2,48354,-44
2,19715,-66
2,43266,28
2,32953,184
2,27017,78
2,368,88
2,8464,-42
2,9760,182
2,48309,74
2,42344,22
2,18044,118
2,19844,-94
2,46933,168
2,40141,-40
2,32737,-60
2,5554,178
2,37243,118
2,30739,190
2,2178,4
2,20004,-134
2,36876,-70
2,22614,100
2,33773,4
2,6873,-38
2,17865,-158
2,5850,54
2,47395,128
2,30098,8
2,7488,172
2,26798,96
2,3574,-62
2,25187,-18
2,13236,-46
2,13760,188
2,5181,124
2,33025,-2
2,5861,186
2,24533,-104
2,22639,-118
2,26634,-12
2,14313,100
2,34802,180
2,47458,-10
2,38892,84
2,16586,-108
2,14333,-22
2,14852,38
2,47080,50
2,25008,38
2,27631,-154
2,7485,144
2,21294,-80
2,46796,-14
2,20264,-168
2,28013,-64
2,1135,-176
2,224,166
2,31504,-134
2,49042,34
2,47615,126
2,39517,-156
2,44937,-100
2,30743,118
2,48278,-8
2,35528,-48
2,25316,120
2,1416,40
2,42801,82
2,42796,166
2,628,80
2,28454,-122
2,8704,66
2,3640,2
2,49914,134
2,28161,-154
2,29169,16
2,42300,-98
2,44771,142
2,6726,-46
2,40749,-58
2,27049,58
2,9641,70
2,822,-50
2,17711,-86
2,18736,108
2,28207,116
2,14247,-88
2,46163,-34
2,13907,-64
2,45984,104
2,35542,-36
2,19979,12
2,20848,54
2,24196,42
2,17386,-128
2,16460,-196
2,8319,-66
2,15472,-92
2,14225,-22
2,8685,150
2,11089,-24
2,20913,-98
2,33130,102
2,17679,144
2,959,-162
2,39529,-60
2,468,-198
2,35444,-32
2,12245,-28
2,40943,-108
2,6754,-172
2,22932,194
2,6177,164
2,26484,24
2,11266,78
2,8032,48
2,12307,164
2,22617,52
2,4817,-58
2,11981,-84
2,24729,172
2,16014,-152
2,47186,-166
2,4089,-138
2,12680,-62
2,9045,-36
2,25998,-158
2,33907,-70
2,27410,-192
2,39751,-40
2,32978,-154
2,1234,192
2,7041,8
2,40407,-76
2,26823,-102
2,37184,-50
2,3860,-70
2,24124,18
2,48255,-66
2,30085,172
2,45216,4
2,3015,20
2,9237,86
2,1196,186
2,5942,76
2,17274,30
2,38331,-114
2,38766,-74
2,36012,136
2,29361,-32
2,14362,74
2,33794,-84
2,43721,34
2,14546,20
2,47533,-126
2,1291,156
2,9799,14
2,23292,-62
2,370,38
2,24245,94
2,31336,104
2,43937,-150
2,24440,-16
2,9326,62
2,20751,26
2,38205,-6
2,16734,-108
2,18702,176
2,35986,116
2,41321,-98
2,10513,-102
2,6478,-24
2,28941,-166
2,30747,-104
2,22179,78
2,29923,-30
2,12578,102
2,5069,-150
2,21850,-128
2,34192,-68
2,16427,162
2,25820,32
2,8979,126
2,18579,-70
2,32418,-78
2,42338,-174
2,23281,148
2,45706,-128
2,6120,-126
2,38592,66
2,8009,-178
2,35218,72
2,4369,-120
2,33022,82
2,20951,-180
2,49848,-182
2,10419,60
2,81,108
2,17901,122
2,22484,-30
2,28573,-116
2,30605,176
2,29458,-166
2,43372,-198
2,18414,96
2,12430,140
2,8207,-32
2,9024,4
2,17949,-98
2,3302,28
2,48971,148
2,46667,-28
2,23952,-118
2,13083,-30
2,42988,-50
2,18054,-108
2,3722,-58
2,30321,98
2,23962,140
2,19324,132
2,4791,2
2,18995,18
2,42973,-92
2,42283,-134
2,29394,120
2,12625,-142
2,19226,116
2,21597,4
2,44932,192
2,27155,176
2,27033,-82
2,16446,-22
2,30915,190
2,9517,40
2,12332,90
2,15440,74
2,45019,48
2,12872,-98
2,46570,10
2,2048,-52
2,13568,34
2,8683,26
2,36315,-34
2,39984,-106
2,2579,-2
2,20398,-190
2,21036,178
2,8834,-10
2,42201,-74
2,37475,132
2,12295,22
2,33585,-178
2,17412,-180
2,41462,-22
2,49047,-62
2,38557,20
2,25282,-4
2,32293,132
2,14290,24
2,27377,-160
2,47846,168
2,43075,-30
2,43405,16
2,26058,-178
2,2393,-162
2,35217,-20
2,21691,-66
2,24075,196
2,17669,-124
2,11402,150
2,45578,28
2,30094,-152
2,15566,194
2,15795,-130
2,17916,160
2,37916,66
2,47968,-58
2,251,142
2,46523,176
2,4997,-8
2,42727,-44
2,12405,-46
2,8094,72
2,44442,-28
2,36578,-180
2,21344,74
2,7869,90
2,23058,-146
2,31617,-80
2,16595,-56
2,20656,-16
2,17418,-98
2,40514,76
2,1985,74
2,41281,-68
2,24199,158
2,39351,-146
2,42047,-96
2,22719,-134
2,29641,-74
2,22466,-148
2,5182,146
2,41919,60
2,37585,-84
2,40906,-198
2,12137,194
2,43424,138
2,36931,120
2,7635,122
2,8566,56
2,27031,70
2,42273,-176
2,16750,16
2,38989,-8
2,27500,166
2,36029,132
2,49000,98
2,36100,-4
2,17180,-96
2,16949,-190
2,39127,92
2,3582,-178
2,38061,56
2,34826,146
2,22397,-32
2,11176,50
2,13258,12
2,9918,-152
2,48637,184
2,41687,-88
2,21228,50
2,29315,150
2,18733,84
2,31665,12
2,36673,-162
2,6068,-196
2,44874,-94
2,14694,170
2,7282,-162
2,48027,-54
2,26354,178
2,48846,-122
2,5905,44
2,7865,-94
2,3473,-124
2,43555,-192
2,920,-56
2,41969,12
2,2028,-94
2,16935,-74
2,37488,132
2,22314,24
2,2118,-176
2,12789,-22
2,25146,132
2,38924,-152
2,5297,-182
2,13577,-128
2,36112,188
2,4659,-26
2,11955,158
2,45181,-64
2,20645,-106
2,38025,-124
2,7536,14
2,48978,-180
2,44154,-60
2,27199,-128
2,35997,-186
2,29991,-28
2,19348,-162
2,22728,152
2,24524,14
2,27575,-52
2,20838,-196
2,34243,48
2,25787,-100
2,28862,182
2,13217,96
2,23364,198
2,49564,-80
2,33260,58
2,38736,24
2,19064,-92
2,41239,172
2,26948,196
2,8136,88
2,13089,58
2,35788,-36
2,38075,-150
2,25617,-124
2,4086,160
2,25539,-166
2,25893,-126
2,46470,-46
2,8564,66
2,24054,148
2,21434,-60
2,25716,78
2,12352,140
2,12861,134
2,41653,-14
2,33268,2
2,14616,-42
2,44165,88
2,3481,36
2,38621,-26
2,39648,12
2,2110,-140
2,25032,56
2,36799,188
2,1428,94
2,48489,154
2,6100,-84
2,35322,-102
2,7854,-88
2,24106,24
2,1376,-164
2,45585,-160
2,36742,46
2,18408,118
2,20372,182
2,30065,-138
2,7299,126
2,1630,38
2,21949,-110
2,8705,-142
2,30687,-136
2,45691,-136
2,2906,164
2,20533,-58
2,38823,-194
2,42464,-6
2,41372,-38
2,10008,-176
2,41307,-164
2,47958,-8
2,26847,-30
2,35527,56
2,3739,-98
2,22737,88
2,36337,-62
2,23811,-18
2,24770,12
2,35843,-192
2,22741,-136
2,23547,-30
2,38035,74
2,28501,118
2,5172,96
2,21797,-32
2,16117,138
2,26958,146
2,48171,164
2,28779,2
2,520,-2
2,45271,-34
2,46348,-164
2,11712,62
2,3161,114
2,44014,72
2,23922,84
2,48936,-100
2,9132,-148
2,43864,-52
2,22036,-136
2,7676,186
2,2511,64
2,36503,-90
2,27562,150
2,35643,-190
2,31041,-126
2,35190,-42
2,7915,188
2,45788,-108
2,39447,-132
2,22691,-30
2,32246,-20
2,5835,-42
2,25624,-142
2,31765,-64
2,40526,-30
2,3227,-30
2,6189,198
2,41849,10
2,37286,-116
2,26610,16
2,42870,198
2,12933,-32
2,37134,-24
2,39672,72
2,12961,-166
2,30469,184
2,20010,30
2,15662,166
2,3999,-20
2,22323,-116
2,28323,-26
2,26257,76
2,36775,198
2,31246,164
2,14421,80
2,28723,-160
2,13887,88
2,18390,-118
2,17275,-136
2,11135,-18
2,46157,-196
2,30804,-20
2,30889,54
2,15690,-154
2,19701,160
2,5599,-52
2,45549,-158
2,27427,-98
2,13777,194
2,7225,62
2,16031,48
2,22331,-162
2,19154,-186
2,33223,48
2,36613,184
2,24553,168
2,3823,-152
2,36962,-176
2,2,180
2,22158,24
2,35583,-176
2,36532,34
2,35602,-96
2,4367,-82
2,22769,-16
2,44215,-144
2,2404,148
2,43389,-162
2,38429,156
2,38999,88
2,2602,-118
2,12950,-136
2,20041,132
2,8752,88
2,48045,-198
2,31399,136
2,46432,142
2,13066,164
2,25838,162
2,4548,-116
2,4758,-84
2,18094,6
2,38866,-116
2,18869,-74
2,31972,184
2,20790,-150
2,48717,-64
2,3097,-190
2,23380,100
2,13832,-88
2,10644,176
2,2876,156
2,41540,-64
2,47204,-156
2,2362,66
2,39708,-46
2,35282,62
2,9194,110
2,2561,-96
2,12212,-46
2,30477,-8
2,43568,110
2,44863,-164
2,43305,-6
2,11216,-186
2,38318,-174
2,1139,-14
2,43938,90
2,42432,-108
2,14880,-138
2,37434,168
2,31644,138
2,37642,68
2,27267,118
2,12437,-10
2,43295,182
2,33635,-24
2,35907,24
2,34260,-56
2,5693,100
2,41347,190
2,43980,-56
2,22207,-84
2,30534,92
2,43175,-82
2,30496,-66
2,1003,-44
2,2609,-60
2,45139,-180
2,6999,178
2,10452,154
2,26910,172
2,32177,-26
2,19585,60
2,6509,-92
2,37767,66
2,14353,54
2,38698,-140
2,9867,-56
2,5896,-30
2,43346,-104
2,30031,-190
2,44459,4
2,3074,-42
2,1024,116
2,9938,-24
2,23484,-10
2,29607,-4
2,37249,60
2,6533,-100
2,23625,-80
2,43609,-152
2,11113,2
2,6094,-172
2,14748,-150
2,5979,50
2,31220,-92
2,26999,18
2,1916,34
2,23657,-146
2,9609,-194
2,48288,-90
2,49314,-126
2,3012,20
2,36830,-168
2,22603,-82
2,49730,-44
2,35335,112
2,7726,-158
2,4669,36
2,18682,100
2,17280,192
2,49931,178
2,2522,170
2,25350,150
2,9504,156
2,12010,-42
2,41501,128
2,23912,-138
2,35947,-28
2,20703,146
2,34369,-46
2,32311,174
2,37298,16
2,33200,-40
2,3946,114
2,27961,-134
2,47779,86
2,44227,28
2,15170,56
2,22141,-118
2,36533,-174
2,27469,-196
2,48952,-106
2,38181,-46
2,36844,6
2,8101,-168
2,32005,-160
2,48965,-190
2,36975,148
2,46833,-194
2,6206,158
2,36761,-48
2,15594,128
2,11969,-112
2,16405,16
2,8842,-2
2,33265,-126
2,38584,54
2,36663,-188
2,44269,-12
2,42117,50
2,8362,-78
2,34011,172
2,45527,-180
2,21708,48
2,26092,54
2,4999,-174
2,10436,174
2,40392,-58
2,35355,-156
2,28057,-150
2,1058,78
2,43706,-60
2,10884,158
2,29304,182
2,2090,180
2,45123,134
2,44167,-110
2,11501,54
2,45269,22
2,46893,136
2,42068,44
2,14790,-138
2,38559,132
2,29485,84
2,3867,-158
2,1507,84
2,7709,110
2,21725,140
2,39741,36
2,13330,198
2,23964,-152
2,47709,102
2,49535,-130
2,21635,-106
2,11237,-74
2,43801,-32
2,19934,64
2,3936,106
2,28080,-94
2,24222,-186
2,26386,38
2,41094,154
2,9001,4
2,47024,138
2,5519,-10
2,15879,-80
2,40807,-196
2,39205,14
2,39399,-32
2,43246,42
2,14423,196
2,22256,-26
2,38467,92
2,39098,-76
2,19943,172
2,3725,18
2,39965,142
2,26001,-92
2,27316,-140
2,29148,198
2,10041,128
2,26077,-104
2,49080,52
2,2843,-142
2,44351,-36
2,48154,120
2,11996,32
2,25930,-96
2,37089,-156
2,39450,-196
2,28309,-138
2,45994,164
2,19094,-64
2,15313,-28
2,16604,-190
2,9646,166
2,4162,-50
2,10980,84
2,26278,188
2,48612,172
2,33157,-40
2,28937,178
2,35759,18
2,13916,152
2,35897,-178
2,3185,-44
2,39800,-148
2,16141,-122
2,21188,-118
2,48572,-6
2,16510,154
2,9625,-170
2,18779,-102
2,42147,188
2,11371,-132
2,2699,-160
2,26300,-46
2,42119,-128
2,5657,170
2,19060,86
2,49924,-190
2,10744,58
2,23603,92
2,13357,134
2,33892,-114
2,1764,-106
2,41316,-190
2,19355,-158
2,11774,96
2,13154,148
2,35151,-80
2,31669,-146
2,49117,30
2,49159,136
2,22064,-16
2,30512,46
2,25242,128
2,3371,-42
2,28855,52
2,18061,-112
2,45829,136
2,18286,24
2,28929,86
2,16590,36
2,43176,188
2,49350,-164
2,14330,4
2,43114,42
2,1687,152
2,32667,-154
2,6210,54
2,34562,18
2,10061,-112
2,33545,124
2,47225,-120
2,45730,-68
2,21474,94
2,20402,-102
2,48361,-12
2,22177,58
2,40610,158
2,28273,-72
2,28187,-164
2,26166,-118
2,33847,-100
2,17089,-146
2,15960,-76
2,22840,14
2,14499,-56
2,46944,84
2,47683,-20
2,41534,72
2,49960,138
2,38328,-50
2,35711,-8
2,40294,-2
2,44535,-16
2,35795,84
2,48888,36
2,33822,46
2,33021,-170
2,14753,100
2,2534,6
2,31739,-64
2,44031,102
2,39925,-162
2,28133,-66
2,33725,-52
2,1356,110
2,38211,-4
2,23133,-8
2,16063,-22
2,4433,46
2,31155,-164
2,18710,-2
2,11705,-158
2,18616,126
2,49799,-120
2,16233,158
2,46702,-32
2,9741,-38
2,34576,92
2,17967,-86
2,40079,82
2,19907,74
2,2821,-32
2,31621,184
2,13101,-168
2,28004,122
2,8691,-174
2,49626,194
2,35500,-126
2,42199,48
2,27322,134
2,33108,68
2,46289,-184
2,14849,-200
2,13127,-42
2,39176,120
2,49884,-176
2,24714,142
2,14601,-104
2,18353,-104
2,38344,196
2,48823,98
2,10986,-10
2,36180,190
2,43479,118
2,47318,8
2,25429,152
2,30066,162
2,5101,-174
2,40820,54
2,21783,-116
2,3566,-52
2,39502,56
2,38899,14
2,23871,-34
2,48969,-148
2,21626,32
2,34166,-118
2,47972,90
2,21047,-166
2,21295,-112
2,41056,54
2,39224,174
2,36889,-128
2,9736,-122
2,1987,-96
2,5035,-92
2,33806,-14
2,28808,-180
2,35370,104
2,18385,-6
2,39283,62
2,28670,26
2,15058,-178
2,12546,-196
2,2664,64
2,20673,-94
2,19441,62
2,43207,-198
2,28650,90
2,6817,94
2,652,186
2,38666,-20
2,2416,-64
2,44506,-94
2,14942,-8
2,15918,-20
2,39394,-72
2,14720,140
2,6556,114
2,47849,-62
2,24896,148
2,45233,-32
2,2021,190
2,10555,-132
2,1896,14
2,48620,-30
2,46338,168
2,1340,28
2,40757,-134
2,279,-76
2,19764,54
2,9506,-50
2,15825,34
2,18082,-122
2,24062,-110
2,38345,186
2,46762,-92
2,9500,10
2,38258,-122
2,27806,-164
2,30662,-122
2,40624,-168
2,912,102
2,16814,154
2,28800,-142
2,30842,64
2,48238,-124
2,8254,-64
2,26517,-162
2,30048,-4
2,34895,10
2,3898,-38
2,31202,12
2,42503,82
2,42746,24
2,26648,198
2,26850,-82
2,7904,-146
2,44173,-24
2,32686,-6
2,7371,138
2,15856,22
2,11730,-180
2,1107,-6
2,32338,6
2,20351,96
2,33385,-174
2,30025,90
2,46080,-176
2,20783,-92
2,2171,146
2,44886,28
2,47726,66
2,2392,16
2,37825,140
2,9673,-10
2,8722,-142
2,37130,126
2,27736,116
2,41349,-168
2,18590,-114
2,47221,64
2,29606,-172
2,24175,-22
2,39747,126
2,42074,-4
2,11927,-76
2,49035,198
2,17442,28
2,34638,-58
2,46169,38
2,18626,48
2,17746,-162
2,13138,-46
2,27498,-80
2,37502,120
2,39197,28
2,9407,-76
2,16304,158
2,16932,-112
2,17969,-106
2,44902,24
2,49403,-24
2,31193,-128
2,301,8
2,36302,-10
2,23873,18
2,39742,110
2,36439,8
2,5996,-30
2,20666,-190
2,8868,-16
2,34350,-8
2,13099,104
2,6051,-154
2,11033,6
2,19014,-24
2,25228,84
2,42716,48
2,9892,30
2,35775,-130
2,40223,108
2,5794,-126
2,31714,-36
2,43037,84
2,28398,-108
2,44796,30
2,16351,-138
2,43427,-68
2,49975,114
2,7596,170
2,44524,-104
2,19288,-2
2,48442,54
2,11807,-66
2,19631,-10
2,9856,24
2,6610,-34
2,12777,12
2,38813,-4
2,16881,164
2,14820,-170
2,1032,188
2,40771,152
2,42977,-16
2,2109,28
2,18280,-132
2,23371,-18
2,49876,-48
2,29918,134
2,1180,-90
2,2784,-82
2,25221,20
2,26244,36
2,21761,-176
2,20511,-34
2,19340,-102
2,12424,-122
2,22206,-126
2,15843,-38
2,12737,138
2,32231,74
2,34400,88
2,33516,84
2,29758,164
2,46756,-86
2,41408,106
2,41827,-58
2,36158,-94
2,28686,22
2,5504,-38
2,32194,54
2,9467,92
2,48381,32
2,32168,-42
2,47400,-72
2,41498,184
2,7369,-36
2,17331,-16
2,14525,-186
2,35431,-78
2,7203,6
2,40124,-166
2,9539,62
2,33413,120
2,2492,-80
2,7965,-98
2,13301,146
2,17590,-58
2,16824,-118
2,38568,-182
2,46671,-116
2,40636,78
2,23972,68
2,29730,-34
2,34041,80
2,6364,82
2,31061,-40
2,33053,46
2,30712,88
2,30265,148
2,49717,170
2,1354,-162
2,39554,-44
2,482,158
2,32153,192
2,39330,122
2,48982,-160
2,25754,26
2,20029,-190
2,34282,-96
2,9311,-6
2,10641,-140
2,29631,-196
2,28866,38
2,41616,-190
2,9131,-62
2,41788,184
2,6180,-138
2,47103,-104
2,39439,40
2,5995,106
2,37489,174
2,34122,-172
2,14873,24
2,39235,32
2,13218,-148
2,35810,-6
2,31271,136
2,321,74
2,41038,56
2,27852,-182
2,1870,192
2,26516,90
2,30333,-82
2,43791,114
2,21907,-86
2,30318,-34
2,20222,146
2,12588,-136
2,30087,46
2,40519,-66
2,44848,-26
2,4188,136
2,22115,184
2,14876,188
2,30266,-194
2,8735,60
2,10577,-64
2,9604,68
2,13114,198
2,38632,-180
2,49227,-28
2,14294,62
2,44873,134
2,30769,-46
2,49119,28
2,9748,-30
2,21864,120
2,3668,-20
2,11556,-134
2,4395,188
2,40617,118
2,23420,-130
2,12592,30
2,5062,126
2,49365,166
2,36425,150
2,31316,170
2,5006,14
2,42392,174
2,1347,22
2,4956,42
2,24551,194
2,38601,64
2,48479,-166
2,31844,30
2,28659,-148
2,22040,-46
2,422,80
2,40023,196
2,20386,-98
2,11446,-102
2,26353,-138
2,48629,-146
2,19451,58
2,25478,-130
2,44081,-196
2,15307,50
2,11795,-172
2,30369,-72
2,16760,96
2,1511,82
2,30488,-36
2,25393,-24
2,11587,146
2,26755,-36
2,5813,54
2,7651,134
2,45439,64
2,35300,108
2,46729,12
2,5621,-6
2,24929,36
2,43621,112
2,241,80
2,20830,-188
2,38947,-184
2,17870,-182
2,35818,-10
2,40587,-158
2,30140,148
2,42323,140
2,6910,-134
2,11804,70
2,10919,184
2,5841,58
2,33331,-172
2,12983,-122
2,22574,-200
2,3962,-158
2,8947,86
2,36954,-30
2,42912,158
2,15623,98
2,25409,96
2,49370,34
2,34462,-14
2,26138,158
2,46435,-78
2,22845,-46
2,36148,-130
2,47006,34
2,36260,160
2,20939,-130
2,21298,-18
2,38582,108
2,16430,40
2,36530,8
2,33994,-104
2,43802,-154
2,45495,-36
2,47809,140
2,11732,66
2,9036,80
2,41012,-130
2,38213,-80
2,46069,68
2,12867,64
2,44101,164
2,7237,32
2,43461,-152
2,8430,70
2,18662,50
2,26126,126
2,19984,-130
2,46738,-134
2,39273,-12
2,44236,-144
2,1808,94
2,17467,172
2,39153,18
2,44944,72
2,29118,-170
2,44693,-2
2,24230,-38
2,44440,140
2,40006,62
2,6761,-44
2,33188,-46
2,5284,102
2,448,-190
2,40180,80
2,25323,184
2,19500,142
2,6902,62
2,7551,-106
2,12996,170
2,4765,-34
2,21313,74
2,4705,-52
2,45147,-32
2,28425,-56
2,7578,182
2,32255,152
2,12382,150
2,940,-180
2,12873,-64
2,33910,18
2,24369,-42
2,36153,188
2,45203,-102
2,11156,-40
2,47520,56
2,44214,-42
2,27520,26
2,7331,166
2,21892,150
2,41407,64
2,8211,174
2,46824,-84
2,44224,-22
2,22563,-174
2,8259,166
2,20565,162
2,28868,-14
2,6593,-88
2,56,-146
2,27083,-114
2,17539,176
2,20892,-112
2,36438,52
2,6469,-180
2,30910,-160
2,34675,-122
2,37388,12
2,32716,142
2,20023,60
2,48449,140
2,9076,-174
2,924,-120
2,6163,-40
2,45616,110
2,42700,-112
2,1984,-56
2,39437,-36
2,35245,72
2,49706,112
2,47174,102
2,22238,-126
2,3557,-66
2,15409,188
2,29829,102
2,20797,124
2,12192,-142
2,25913,-100
2,3522,-56
2,29787,-178
2,6988,148
2,37250,-176
2,9492,-190
2,24144,156
2,43996,42
2,39901,-110
2,29845,150
2,3644,166
2,41547,38
2,4135,172
2,31215,106
2,25692,122
2,9767,164
2,35408,-30
2,2973,186
2,8814,22
2,14436,-12
2,12472,-124
2,45212,190
2,4493,68
2,36850,-20
2,43088,-130
2,40364,52
2,48532,-126
2,13586,104
2,20119,-170
2,20854,-22
2,33583,126
2,19817,-130
2,3154,-80
2,9368,-42
2,9718,158
2,48233,-70
2,26125,66
2,5518,136
2,39586,160
2,47287,-186
2,23990,60
2,2824,52
2,3686,110
2,6494,-82
2,49470,186
2,25785,-14
2,44522,66
2,5430,104
2,7878,54
2,3948,174
2,17446,-150
2,36626,56
2,7647,-126
2,15676,-162
2,19142,-146
2,34346,44
2,10856,106
2,40883,-38
2,11647,-138
2,23957,-126
2,8332,-152
2,12571,118
2,4874,176
2,32550,120
2,45786,-118
2,24240,10
2,4251,58
2,22792,174
2,30935,-190
2,34934,-184
2,37928,148
2,15020,-140
2,36560,198
2,25873,86
2,29526,14
2,26341,-66
2,38995,110
2,21614,-74
2,42662,12
2,31356,150
2,17961,-184
2,22856,-16
2,16368,-6
2,48989,54
2,13027,-14
2,39007,-194
2,38011,168
2,4058,-122
2,46261,132
2,37414,-2
2,12774,-154
2,16054,90
2,16398,-24
2,38026,164
2,31096,174
2,13738,-22
2,17683,-4
2,19845,42
2,18679,102
2,46528,4
2,44200,-182
2,39785,60
2,30284,-78
2,29146,-60
2,38454,30
2,20290,20
2,4647,-82
2,9547,-188
2,15269,-36
2,15076,-178
2,19642,120
2,13911,-30
2,3315,-72
2,1272,146
2,42542,58
2,31930,80
2,42315,-176
2,25133,-34
2,28799,-168
2,16628,-140
2,44156,-130
2,24238,-62
2,34304,122
2,6174,-22
2,8473,-90
2,30614,-120
2,23377,148
2,21183,12
2,29404,-32
2,23780,-130
2,20767,186
2,33073,46
2,6221,-164
2,22638,192
2,48076,-184
2,40933,178
2,42354,-130
2,31221,58
2,26379,-8
2,9540,132
2,42591,192
2,2091,148
2,32579,108
2,804,68
2,15588,52
2,19851,-150
2,46349,34
2,3088,10
2,31440,-170
2,40137,154
2,45155,112
2,22822,-72
2,16874,58
2,22390,-164
2,22161,198
2,26100,-62
2,22299,-62
2,43358,8
2,7501,18
2,13635,-54
2,19350,-114
2,13346,-36
2,23680,18
2,36081,-88
2,1239,176
2,1695,66
2,19176,-34
2,30346,-6
2,32316,-98
2,6081,-8
2,22146,84
2,40179,136
2,13081,38
2,24158,-70
2,1233,-116
2,15900,-86
2,3585,110
2,3032,-70
2,25962,60
2,8184,-24
2,25582,-12
2,40099,148
2,31829,72
2,19396,148
2,45137,12
2,41437,44
2,5485,-70
2,16610,-58
2,45916,76
2,18108,130
2,16443,-6
2,28286,-180
2,39596,148
2,32958,70
2,42058,-14
2,2724,-144
2,10320,192
2,20998,-46
2,2543,-64
2,24176,-182
2,31704,78
2,45423,56
2,42735,150
2,46371,-36
2,13818,-90
2,40277,-32
2,5752,-98
2,22995,194
2,37609,-36
2,31622,184
2,20073,-48
2,34863,116
2,32742,-146
2,31633,34
2,5083,116
2,44457,-198
2,20385,72
2,35595,-174
2,41352,18
2,19429,-130
2,39720,86
2,34691,126
2,5184,-18
2,46697,12
2,4070,68
2,25928,-126
2,23171,-12
2,17839,-158
2,23936,18
2,21514,-174
2,3056,180
2,35738,48
2,35893,-72
2,48021,-110
2,28257,-8
2,38380,88
2,23954,-46
2,9679,-42
2,16135,-4
2,7290,-42
2,1810,-110
2,6230,-114
2,28384,28
2,20773,-134
2,18637,-140
2,9636,-150
2,30877,-48
2,38187,-194
2,30080,104
2,46216,160
2,205,-176
2,22776,60
2,29232,14
2,7039,-50
2,6449,-184
2,36472,174
2,15077,120
2,9782,-180
2,19126,90
2,45754,98
2,30966,134
2,194,-56
2,31214,64
2,20470,-144
2,4068,2
2,47557,168
2,23273,2
2,10839,40
2,31139,-68
2,45459,14
2,44095,-200
2,11178,146
2,36330,34
2,5814,-140
2,47374,-44
2,48700,-122
2,28519,-106
2,10337,-144
2,36702,-30
2,8154,38
2,28343,60
2,932,-192
2,42506,-100
2,48485,26
2,33407,182
2,186,-174
2,36329,-28
2,46504,-66
2,45288,-160
2,46683,-116
2,19916,-44
2,7529,82
2,6088,48
2,23107,-104
2,44140,-140
2,27517,-54
2,49710,148
2,9706,-86
2,48176,122
2,698,16
2,6489,122
2,16738,60
2,37177,-76
2,3357,182
2,49933,-96
2,44928,-8
2,34710,-22
2,11626,178
2,37843,44
2,13125,-156
2,2629,156
2,10850,-90
2,49790,42
2,41521,-178
2,17250,-178
2,33782,116
2,17938,-70
2,39110,164
2,33010,134
2,25212,-86
2,23255,-118
2,49100,-8
2,5189,-182
2,35127,114
2,14457,60
2,9202,-54
2,22805,188
2,47279,-4
2,16575,4
2,24747,58
2,6565,154
2,6355,-140
2,16059,52
2,3030,-66
2,23982,-166
2,34249,-122
2,9958,-190
2,40343,88
2,47175,-92
2,20414,-100
2,26501,20
2,23668,20
2,37237,-136
2,40358,-30
2,11535,116
2,43363,-8
2,3352,-80
2,32697,124
2,18601,52
2,30298,30
2,17509,138
2,4631,182
2,9355,-172
2,16362,62
2,25551,102
2,5054,-158
2,48835,-104
2,10664,116
2,1715,4
2,41872,-188
2,17772,-122
2,23641,36
2,32907,-170
2,34440,74
2,1405,182
2,19613,-188
2,34721,-86
2,36375,88
2,28536,40
2,39941,138
2,46325,190
2,3949,76
2,20677,168
2,40016,72
2,12704,22
2,27873,48
2,38442,-126
2,13575,42
2,47829,148
2,11512,166
2,25996,-98
2,19682,152
2,42486,78
2,16344,-32
2,14135,-160
2,15803,-84
2,22144,114
2,33500,-116
2,4483,-12
2,43220,24
2,41030,118
2,21308,-60
2,29737,-124
2,44836,192
2,30872,-186
2,9002,-44
2,13697,182
2,27866,-116
2,40650,92
2,48848,116
2,34825,-68
2,21244,-62
2,47771,8
2,10240,-58
2,7845,-24
2,15082,-106
2,19370,-32
2,14851,-20
2,48761,-82
2,1732,-38
2,13858,90
2,30814,94
2,31773,-72
2,25344,54
2,6280,-190
2,40777,-142
2,16937,16
2,15248,104
2,12490,58
2,16625,-12
2,29312,198
2,27384,-160
2,4289,178
2,12371,-50
2,36680,34
2,32633,-60
2,19258,64
2,49687,-88
2,14055,146
2,1114,30
2,9418,-188
2,28011,70
2,38373,-156
2,34176,134
2,19690,-38
2,32643,-176
2,35552,178
2,27282,-96
2,29572,-88
2,40007,-108
2,22512,66
2,43601,26
2,21807,-160
2,10727,-16
2,22898,192
2,26707,-184
2,14234,46
2,29006,-24
2,42079,84
2,14903,-62
2,25672,174
2,19072,-144
2,19041,48
2,31325,58
2,25051,-112
2,30443,-140
2,33315,104
2,33710,-186
2,208,124
2,31375,196
2,48729,196
2,24140,-178
2,38845,54
2,41967,-142
2,28629,194
2,24804,60
2,13844,-162
2,35362,62
2,33375,-40
2,14573,-156
2,40414,8
2,40860,66
2,707,-156
2,16816,-134
2,1664,-78
2,43250,106
2,26419,136
2,24413,68
2,23789,68
2,43072,176
2,6475,96
2,30572,14
2,44453,-30
2,7325,-198
2,35831,-94
2,10799,-66
2,22118,-60
2,8538,-6
2,43520,122
2,12427,84
2,42610,24
2,26583,4
2,24453,84
2,14360,-12
2,44622,-184
2,3756,74
2,27640,-20
2,20405,-200
2,22764,60
2,26704,132
2,18435,-128
2,5928,-34
2,24443,-170
2,4896,-8
2,41962,182
2,30249,-2
2,38787,-6
2,4120,40
2,21611,-182
2,31947,-124
2,27931,36
2,27941,-114
2,7934,178
2,16188,176
2,20166,26
2,2755,12
2,18916,54
2,14322,32
2,8609,46
2,10245,42
2,23531,130
2,46895,64
2,44702,66
2,38673,-168
2,26165,4
2,46903,62
2,16061,98
2,29726,-118
2,12224,-160
2,19749,-176
2,48488,-166
2,46369,-114
2,25337,-12
2,45074,-160
2,31670,46
2,10969,146
2,8238,-140
2,42906,96
2,34709,-158
2,43580,72
2,48829,-94
2,7599,116
2,28247,188
2,7274,-102
2,16900,-90
2,31728,142
2,48162,-10
2,6539,-106
2,12818,-138
2,46658,-134
2,35859,-178
2,33532,38
2,26491,-42
2,48802,110
2,4844,136
2,14460,-48
2,25127,-146
2,40209,12
2,21273,-2
2,886,56
2,14136,-30
2,4255,110
2,12361,106
2,19244,-20
2,27649,22
2,39134,192
2,49008,-186
2,33905,-96
2,11632,-134
2,32569,96
2,48314,152
2,29608,-184
2,14406,-56
2,10517,156
2,12171,-124
2,16987,70
2,37854,106
2,22967,120
2,4494,-112
2,30278,146
2,44969,6
2,15424,-174
2,36096,-66
2,844,-8
2,15936,-132
2,19147,184
2,33057,-180
2,36520,-8
2,4356,-174
2,7120,-130
2,30860,48
2,8261,-154
2,23540,-174
2,17605,-30
2,18128,88
2,26750,18
2,27968,-84
2,21519,-190
2,9284,-98
2,43984,-80
2,33645,156
2,12620,100
2,42319,-152
2,40863,192
2,49904,86
2,2757,-66
2,22303,-28
2,44750,-102
2,46606,32
2,28633,-118
2,42929,80
2,45956,134
2,38762,-8
2,16633,-68
2,3512,-84
2,3386,78
2,6123,-94
2,38641,126
2,12398,-198
2,35869,-88
2,30786,-90
2,48922,-176
2,33921,-28
2,21986,-4
2,40046,-96
2,30897,8
2,15036,-178
2,17520,166
2,33398,-24
2,42949,-96
2,33502,198
2,10397,-124
2,37470,190
2,11096,-56
2,4085,16
2,17559,160
2,11953,-34
2,21154,-170
2,49833,-18
2,26110,-146
2,32973,-20
2,11658,-98
2,24334,86
2,25496,-160
2,44774,102
2,45285,114
2,27144,-162
2,22693,-78
2,45153,136
2,11722,120
2,7012,-128
2,31879,192
2,16819,-84
2,22010,142
2,37670,-46
2,4798,118
2,26356,176
2,46736,30
2,32363,-84
2,30471,20
2,4487,134
2,42417,-8
2,32705,-136
2,29291,70
2,6061,26
2,26292,56
2,35135,180
2,171,136
2,23627,-102
2,45803,-158
2,30432,-6
2,22099,92
2,18308,148
2,6361,-140
2,19684,52
2,17288,42
2,19482,-188
2,21348,16
2,45084,146
2,29409,-162
2,20836,-28
2,849,-108
2,7453,-50
2,40323,-198
2,21303,-20
2,48097,-34
2,7652,-180
2,15130,90
2,23111,-166
2,15207,88
2,34494,102
2,19330,-4
2,13211,114
2,23264,100
2,313,8
2,11511,198
2,3285,-48
2,40593,142
2,36275,152
2,27789,84
2,5318,54
2,22140,146
2,26400,-80
2,32262,-166
2,33169,-14
2,48259,86
2,7351,44
2,48966,38
2,48465,-140
2,1817,-164
2,28277,58
2,14665,64
2,10703,-122
2,24591,40
2,40835,152
2,19133,-10
2,17045,68
2,31926,-186
2,31231,-138
2,27702,-118
2,32216,-72
2,7584,90
2,14301,70
2,35049,-124
2,18439,184
2,47432,84
2,30819,174
2,6468,-146
2,8618,-164
2,27823,186
2,14917,-28
2,24247,168
2,40523,190
2,19417,198
2,42332,76
2,30145,96
2,15386,34
2,29280,90
2,7727,-14
2,27315,128
2,31389,170
2,21954,6
2,48364,-48
2,12624,198
2,39739,-44
2,45636,-138
2,24350,124
2,39272,14
2,27966,-52
2,18674,56
2,42831,70
2,24337,54
2,34813,20
2,39038,-50
2,18828,-74
2,45204,-82
2,3147,-142
2,34811,52
2,7308,-154
2,10693,-102
2,1783,-106
2,24780,154
2,32967,-60
2,9100,138
2,21963,-98
2,21528,118
2,19392,-48
2,41628,68
2,49136,108
2,13026,-32
2,38593,-94
2,39622,-120
2,46464,-52
2,14711,46
2,16488,16
2,44090,142
2,20394,94
2,35085,160
2,40851,-78
2,39229,40
2,29410,102
2,11389,12
2,42818,30
2,36651,168
2,26494,106
2,19976,30
2,36478,188
2,32384,-160
2,21999,102
2,36381,90
2,9362,160
2,14796,-110
2,4747,102
2,35463,-168
2,41403,-142
2,47029,104
2,293,68
2,1955,-28
2,8693,-128
2,21705,54
2,11715,-70
2,46183,-26
2,43173,172
2,174,158
2,12962,-166
2,34294,-142
2,5388,-30
2,35522,-178
2,32935,150
2,14961,-200
2,4006,98
2,12891,-148
2,1336,-184
2,23330,114
2,23808,154
2,39161,-20
2,32234,120
2,30198,-182
2,46311,-200
2,15652,8
2,20430,-74
2,26945,-152
2,42984,-186
2,37532,-124
2,6519,-122
2,44567,124
2,27311,164
2,20129,86
2,19707,16
2,11441,-10
2,8905,-198
2,38755,140
2,32751,-142
2,619,26
2,4599,52
2,45579,-86
2,3907,24
2,8438,-12
2,35386,126
2,39478,104
2,654,-126
2,34925,-158
2,5164,-148
2,37087,154
2,13698,-4
2,3365,-94
2,6178,20
2,8670,-196
2,40218,38
2,24932,102
2,7174,30
2,35352,-102
2,20480,-178
2,15708,10
2,44180,44
2,12595,38
2,46646,54
2,13423,198
2,17056,-30
2,16533,102
2,5539,-126
2,7481,102
2,16658,106
2,13074,-158
2,47532,-132
2,9021,14
2,23087,198
2,3194,-46
2,39099,-48
2,27960,96
2,7857,94
2,20980,-90
2,25993,138
2,47137,-6
2,10168,10
2,33995,198
2,36833,18
2,11550,186
2,31207,-18
2,22830,-116
2,25879,-136
2,32881,-38
2,16553,50
2,37461,-180
2,41048,46
2,1129,-100
2,26655,180
2,27508,-190
2,41680,-28
2,32746,-94
2,34579,-22
2,5575,80
2,11672,-134
2,47865,-148
2,47271,-70
2,10624,48
2,38294,30
2,25844,-124
2,43759,-12
2,5460,-2
2,15450,-124
2,30547,146
2,7192,-58
2,39819,176
2,400,66
2,32715,-178
2,36603,58
2,24414,-92
2,31924,8
2,40114,76
2,41798,-32
2,23354,-40
2,26592,-78
2,36463,70
2,27761,-100
2,47398,-118
2,42690,-152
2,47047,162
2,43605,190
2,518,142
2,27760,-56
2,49231,-164
2,18015,160
2,26182,50
2,12038,-166
2,23715,-2
2,47853,184
2,32529,66
2,26477,122
2,41106,-84
2,23796,-152
2,29316,190
2,28924,-134
2,45888,130
2,40175,182
2,5218,-154
2,48972,-74
2,49496,-12
2,42036,112
2,20689,-182
2,49168,172
2,32553,28
2,14320,-194
2,2950,118
2,10862,-154
2,7455,-12
2,43943,-40
2,21098,24
2,19079,-76
2,48645,100
2,43590,12
2,41335,-122
2,6133,8
2,43777,-6
2,27781,-54
2,14040,14
2,18050,-68
2,38283,22
2,25035,-180
2,39591,162
2,35466,82
2,42012,80
2,33489,-58
2,22621,-40
2,43645,84
2,21862,172
2,21771,-4
2,21245,-126
2,8181,166
2,34145,-18
2,13130,-56
2,21484,-100
2,4183,-140
2,44242,-112
2,21688,-40
2,32560,136
2,38492,4
2,22673,-104
2,42763,-40
2,44700,12
2,22420,26
2,6652,10
2,21985,30
2,46350,-156
2,25860,188
2,39818,-150
2,40472,170
2,46494,-8
2,20270,78
2,24829,110
2,25534,172
2,2976,-100
2,25285,-196
2,11151,-84
2,49383,-108
2,17430,114
2,32627,-168
2,25946,-170
2,42281,40
2,35851,20
2,8859,-144
2,14391,56
2,49182,-118
2,48290,148
2,11148,8
2,44317,74
2,44092,-24
2,47150,196
2,44790,-22
2,39934,-4
2,28780,150
2,21728,58
2,2024,162
2,33748,-84
2,32719,78
2,195,-30
2,29484,-196
2,33636,90
2,17238,76
2,6567,28
2,20369,168
2,48976,174
2,18498,-8
2,38479,116
2,33783,62
2,25407,-68
2,14042,88
2,22358,176
2,1880,-174
2,29573,-128
2,41805,172
2,26807,-84
2,15090,-190
2,11849,-116
2,45817,-136
2,47948,-150
2,8212,124
2,18632,78
2,27163,194
2,23713,-112
2,5720,188
2,10967,6
2,6412,-98
2,4098,190
2,47605,-90
2,18291,-70
2,8653,14
2,17678,-182
2,20139,172
2,12609,72
2,25324,-136
2,4304,46
2,49737,-158
2,5804,96
2,28294,-52
2,10422,186
2,44434,-54
2,15870,178
2,26868,-132
2,6300,156
2,25627,-172
2,30555,-102
2,33388,-74
2,19040,186
2,19341,46
2,4336,22
2,17210,-136
2,17866,-76
2,11271,184
2,2306,-198
2,5442,34
2,46215,100
2,23749,-150
2,13444,118
2,7336,176
2,27982,92
2,33424,-164
2,21272,120
2,88,70
2,35010,-132
2,20919,32
2,13434,-100
2,27143,186
2,19646,-30
2,20318,-144
2,7265,-166
2,2449,156
2,47027,40
2,48555,-42
2,5892,22
2,38970,-20
2,19305,-46
2,12781,140
2,4318,14
2,23542,-74
2,6011,-112
2,40381,88
2,21541,174
2,34823,-152
2,48549,-32
2,17637,-80
2,10608,132
2,20857,-200
2,20744,140
2,32482,180
2,30245,-4
2,43333,-130
2,28308,-176
2,26360,-134
2,28613,-144
2,10917,-166
2,2026,116
2,34952,178
2,7864,20
2,27787,138
2,42330,-58
2,43715,36
2,34852,-4
2,10807,-52
2,5368,150
2,7560,40
2,22648,120
2,45751,96
2,48087,70
2,19668,-92
2,7566,98
2,27115,52
2,43109,-182
2,3980,90
2,8424,-198
2,10518,-104
2,11567,-188
2,19335,-44
2,38896,-62
2,7681,54
2,45016,104
2,11904,-24
2,19185,-112
2,18159,-186
2,1948,26
2,4166,8
2,38914,-188
2,45909,-6
2,42159,84
2,43406,106
2,45276,-38
2,38209,88
2,8551,36
2,18102,156
2,8987,162
2,79,-36
2,46082,-48
2,5757,-78
2,39768,144
2,39520,-130
2,6724,128
2,11539,-88
2,44067,26
2,31628,30
2,42826,190
2,4106,-178
2,38282,144
2,34317,8
2,4111,8
2,13571,148
2,37020,-92
2,13655,-178
2,19353,-48
2,14228,-64
2,38555,188
2,12703,-92
2,32019,80
2,26069,36
2,31623,-162
2,44652,-150
2,18211,-98
2,33830,80
2,10998,-70
2,19329,26
2,21149,182
2,43627,-98
2,48807,156
2,17634,58
2,48471,-134
2,25968,44
2,10820,-60
2,41650,-42
2,30439,188
2,17824,-44
2,37244,-172
2,25413,162
2,3963,-146
2,36495,88
2,12022,-138
2,1822,46
2,27332,120
2,29944,78
2,13182,-10
2,43853,-128
2,28412,-140
2,11129,-172
2,42413,134
2,7475,56
2,18862,154
2,5877,-58
2,6829,-40
2,1270,154
2,48496,16
2,11473,-148
2,39207,36
2,45310,116
2,28791,198
2,26572,78
2,49027,-50
2,34765,-104
2,35101,-188
2,17572,54
2,583,-152
2,36800,-184
2,4063,184
2,29616,16
2,8742,54
2,24745,-46
2,6508,-164
2,26558,130
2,14998,-106
2,17269,192
2,1807,-100
2,40899,-190
2,29963,198
2,24701,-100
2,27999,-178
2,18019,-54
2,14244,84
2,26263,-32
2,9743,-24
2,32050,-50
2,13094,88
2,25894,104
2,43031,176
2,12347,134
2,2309,-122
2,38553,-110
2,45322,-4
2,38092,158
2,23904,-50
2,418,-22
2,49310,48
2,40651,-68
2,28451,-16
2,33474,-28
2,41095,24
2,49018,-92
2,11090,106
2,45543,-168
2,11093,-128
2,12287,152
2,12953,94
2,49246,68
2,49203,-128
2,40712,-108
2,228,188
2,12161,-10
2,49115,-54
2,38625,8
2,24633,-54
2,35455,-56
2,6506,-108
2,45430,-174
2,13021,-192
2,37924,-112
2,45518,-114
2,26114,76
2,10511,94
2,35814,26
2,46559,-16
2,36719,-156
2,2280,-180
2,22422,154
2,35038,-16
2,4203,-76
2,18173,-24
2,32860,52
2,45949,6
2,9676,68
2,7068,180
2,33668,188
2,31790,-4
2,21141,-126
2,28397,-16
2,11723,130
2,18489,140
2,18813,-180
2,6780,20
2,2958,-182
2,24137,-98
2,13374,12
2,30281,-182
2,13879,122
2,36814,36
2,4153,174
2,24355,-162
2,44075,50
2,20963,-192
2,42666,-68
2,38339,-152
2,19260,-174
2,22811,6
2,6047,92
2,30884,-44
2,20944,-66
2,13620,-78
2,40580,-4
2,37055,110
2,27868,-98
2,40622,72
2,35551,156
2,36348,-18
2,4353,106
2,43935,-170
2,47070,-178
2,17358,-68
2,17566,166
2,38650,172
2,8119,-70
2,34381,-102
2,13744,130
2,33446,172
2,34256,-192
2,32164,-68
2,524,54
2,38849,-4
2,32816,174
2,4172,-26
2,49262,-102
2,37041,-180
2,1736,-104
2,34646,110
2,40595,174
2,16386,-104
2,22555,190
2,1433,68
2,34094,-196
2,17402,108
2,38111,-148
2,10417,86
2,6897,146
2,31691,156
2,44587,-74
2,49260,192
2,28918,18
2,49238,134
2,22545,36
2,19840,-82
2,14346,-94
2,20224,-164
2,11428,92
2,30661,184
2,20770,-162
2,49985,144
2,36398,-66
2,12450,64
2,40683,-42
2,43615,196
2,4508,-98
2,10045,-18
2,25964,62
2,22209,-170
2,22507,90
2,18104,-12
2,5050,-198
2,39460,50
2,32852,198
2,24011,-56
2,30001,174
2,26795,-200
2,48975,120
2,46469,54
2,32822,148
2,31137,2
2,4229,10
2,35714,-40
2,2758,-106
2,8447,76
2,38350,-90
2,46980,-116
2,276,-92
2,4455,80
2,17332,108
2,23966,-62
2,6000,190
2,19388,2
2,29476,32
2,40324,58
2,13596,28
2,36160,28
2,7713,-12
2,39898,110
2,42598,62
2,24996,172
2,48821,152
2,16069,-152
2,33312,154
2,13290,78
2,42282,96
2,42968,-30
2,5364,56
2,13889,-138
2,49910,44
2,12691,-192
2,32273,-74
2,30653,-170
2,1818,-28
2,35073,182
2,24428,134
2,10834,56
2,9032,-78
2,44685,128
2,14278,112
2,26775,28
2,40049,-90
2,10023,92
2,30708,6
2,45132,180
2,34322,42
2,20345,196
2,111,64
2,48173,-52
2,40964,-60
2,15464,-162
2,6378,18
2,23733,-156
2,18268,172
2,49544,126
2,3624,-26
2,47947,-124
2,32564,188
2,47479,-158
2,24590,-160
2,29377,118
2,31666,-138
2,32292,-136
2,41862,98
2,2426,122
2,9972,198
2,26873,-192
2,20568,-2
2,9065,-112
2,26321,64
2,24142,-64
2,34037,100
2,16339,190
2,12990,142
2,18021,-156
2,30987,-82
2,43260,46
2,19760,130
2,49917,132
2,26458,-154
2,33113,38
2,48315,136
2,28856,-26
2,20161,-84
2,20489,-62
2,48786,-176
2,42088,196
2,48248,138
2,35568,-58
2,8698,160
2,42741,110
2,14023,-182
2,43190,-26
2,33045,-122
2,48167,-188
2,40775,-128
2,35887,52
2,3666,70
2,23795,-52
2,48603,90
2,12309,-154
2,40384,112
2,45726,186
2,4840,-70
2,9461,-112
2,19621,-194
2,35481,-130
2,47685,130
2,37394,-132
2,29924,-62
2,11340,-160
2,2575,-76
2,42641,-122
2,28464,132
2,21281,-6
2,21696,132
2,43697,-144
2,20917,-8
2,33707,84
2,22917,54
2,3245,-108
2,43107,198
2,2989,156
2,11963,-196
2,8253,-178
2,1757,6
2,14802,178
2,34063,124
2,17490,104
2,49149,90
2,2891,176
2,18581,-120
2,11134,38
2,12547,172
2,29464,-174
2,7332,-20
2,14529,-142
2,34171,10
2,11946,38
2,10635,-184
2,47747,102
2,26007,62
2,43797,-34
2,46436,-196
2,20691,-120
2,13331,144
2,44963,166
2,39780,118
2,46588,-6
2,715,-134
2,28614,170
2,9305,-192
2,6392,-148
2,22864,-118
2,10995,104
2,25203,-44
2,5761,-42
2,6504,-144
2,49375,-196
2,1661,82
2,19401,-36
2,4588,-200
2,34175,172
2,32670,54
2,43638,-4
2,25885,114
2,34138,198
2,31040,-170
2,1943,-84
2,37257,-80
2,12909,-90
2,24225,58
2,21137,182
2,4752,-32
2,31778,64
2,35618,136
2,30550,116
2,1218,-34
2,46993,-132
2,45794,-110
2,41880,-168
2,38811,-104
2,3330,166
2,37158,64
2,41420,38
2,25599,28
2,479,-166
2,2794,54
2,28729,-52
2,48295,74
2,19385,2
2,36374,2
2,1182,84
2,29784,126
2,44348,86
2,27863,-90
2,1800,-90
2,5552,-100
2,34111,-98
2,43205,82
2,3661,-82
2,28320,-74
2,14003,48
2,16957,-2
2,23790,192
2,22928,62
2,16811,156
2,42355,8
2,25929,128
2,19662,98
2,16334,-146
2,1305,82
2,24340,138
2,10901,194
2,19529,-16
2,30241,196
2,33281,-200
2,29110,-34
2,5274,170
2,42954,-48
2,28176,-126
2,28283,134
2,31582,180
2,14721,-118
2,22802,-106
2,19346,-156
2,8846,132
2,43559,-70
2,9033,-70
2,30151,-44
2,8580,-2
2,9796,-138
2,31143,44
2,18829,-160
2,1998,22
2,28070,146
2,40886,-64
2,19867,130
2,11062,70
2,29003,152
2,14151,-146
2,1360,-114
2,48287,102
2,14392,158
2,29653,156
2,37166,-164
2,4531,98
2,3206,-174
2,9751,148
2,20883,46
2,20159,194
2,11505,72
2,6125,-54
2,13792,-82
2,38902,36
2,14259,-130
2,34321,-86
2,40378,100
2,24830,-180
2,20647,-160
2,10882,38
2,47294,102
2,7547,2
2,25371,-182
2,22707,-116
2,37724,36
2,31581,170
2,1698,-168
2,26897,-86
2,31157,-74
2,41890,-156
2,26524,60
2,23158,-40
2,9121,-48
2,43988,14
2,21226,-70
2,29671,96
2,39274,-152
2,29199,-34
2,48249,26
2,17511,176
2,28012,-130
2,25663,166
2,23462,-140
2,3800,136
2,12934,34
2,7356,-98
2,17553,-190
2,49006,176
2,25976,40
2,44680,64
2,24283,-96
2,18151,-192
2,10891,16
2,40398,-6
2,45072,124
2,34270,66
2,22882,-102
2,42102,-74
2,1370,130
2,47501,-90
2,23184,122
2,7135,-156
2,48711,-192
2,25273,-26
2,6311,-136
2,15471,-10
2,40167,-118
2,25249,-40
2,5342,104
2,3581,-52
2,22950,-130
2,27353,-188
2,27119,-22
2,38756,178
2,37544,-112
2,25791,66
2,14915,56
2,41722,104
2,10953,106
2,487,148
2,45744,138
2,25421,132
2,9228,16
2,42371,174
2,39952,66
2,33980,100
2,7397,128
2,45729,-50
2,34735,-186
2,26202,76
2,14874,-104
2,25054,-114
2,18379,88
2,39133,-62
2,26041,-18
2,44347,-18
2,25636,-24
2,29564,-196
2,32447,24
2,32730,150
2,8205,-22
2,27786,-108
2,37790,8
2,9592,-166
2,35853,144
2,41013,-90
2,40048,-174
2,41879,-174
2,44769,-2
2,46042,80
2,42407,130
2,47535,96
2,32906,114
2,30192,-122
2,2909,-158
2,12585,30
2,44158,-78
2,47760,108
2,32611,6
2,38178,-68
2,42213,62
2,20524,-88
2,31701,180
2,44288,-120
2,30023,6
2,6456,-188
2,1894,134
2,36447,62
2,600,-172
2,10976,114
2,35072,130
2,28402,192
2,35842,152
2,42710,40
2,17552,-188
2,3409,76
2,11867,-124
2,13124,176
2,4823,20
2,38837,190
2,37171,132
2,17240,-60
2,6381,56
2,15255,82
2,47224,128
2,36162,52
2,25081,96
2,12479,70
2,36729,-34
2,546,140
2,46180,178
2,31239,138
2,27452,-86
2,5348,-32
2,22145,106
2,18850,110
2,12484,-34
2,9003,-18
2,35188,26
2,22632,-172
2,13996,-68
2,26472,-114
2,30508,-46
2,11529,-164
2,49621,126
2,29016,188
2,12877,-14
2,38307,4
2,31780,-138
2,20018,28
2,32108,80
2,48437,-148
2,46485,-126
2,13563,-28
2,16535,-36
2,42536,-98
2,26631,130
2,30199,-130
2,38064,-20
2,2453,6
2,990,88
2,24952,-184
2,12935,-66
2,30410,-158
2,38847,48
2,26647,-88
2,18093,190
2,5469,-52
2,19128,-36
2,20253,-144
2,9566,156
2,45020,-36
2,6293,32
2,37518,-136
2,12836,152
2,33092,-166
2,45506,-190
2,6996,106
2,33951,32
2,16308,194
2,33857,-108
2,43189,28
2,42722,-46
2,11277,56
2,30532,98
2,40207,-138
2,25690,-34
2,14690,-46
2,27844,82
2,7535,118
2,15737,172
2,45008,-10
2,8151,-12
2,35063,172
2,6757,188
2,8312,124
2,33897,196
2,42291,-88
2,6797,-102
2,44634,-14
2,36516,178
2,31806,62
2,8532,150
2,45007,-156
2,49722,48
2,47342,4
2,18893,80
2,18905,140
2,40818,26
2,45213,-196
2,45991,-80
2,45484,18
2,24300,56
2,36973,-10
2,5536,-92
2,49804,-82
2,16432,14
2,30835,-150
2,38070,-134
2,28422,-58
2,39810,-150
2,34022,120
2,11321,122
2,12646,86
2,41806,-110
2,38014,-148
2,40188,88
2,40246,104
2,34257,-76
2,46894,148
2,45253,-48
2,3765,46
2,29819,18
2,26139,-10
2,3906,94
2,32936,-8
2,32079,-110
2,37885,114
2,42532,86
2,8034,152
2,11548,178
2,22468,-90
2,19565,140
2,2644,-36
2,25916,-62
2,2732,-52
2,47720,66
2,38833,56
2,20739,142
2,46964,102
2,43636,-44
2,16327,144
2,2092,-104
2,36636,132
2,818,108
2,35678,70
2,38299,-16
2,31491,130
2,48458,-138
2,24401,-34
2,3286,10
2,42257,100
2,2596,10
2,14708,34
2,3028,8
2,3894,68
2,7364,174
2,32066,72
2,13785,-182
2,18490,172
2,8542,-200
2,20298,110
2,15364,-114
2,4427,102
2,45349,86
2,29822,42
2,46058,44
2,39931,-132
2,9913,-50
2,14267,-84
2,22041,-198
2,29927,70
2,9756,-74
2,31228,162
2,26830,-56
2,45522,50
2,24040,4
2,42345,-184
2,17440,-194
2,6913,-86
2,14231,62
2,21480,-200
2,29208,168
2,34915,28
2,47678,16
2,16086,120
2,28098,66
2,15051,196
2,30725,96
2,49485,130
2,22530,40
2,24098,-144
2,12155,-170
2,358,186
2,15052,126
2,15219,166
2,5232,-148
2,25120,-102
2,40708,-138
2,31383,-106
2,21189,110
2,12260,64
2,32310,-194
2,586,-32
2,17205,-154
2,19432,10
2,21080,178
2,30428,74
2,32126,-54
2,38292,-54
2,1221,-72
2,23109,174
2,42632,106
2,42718,-182
2,35045,30
2,35186,192
2,21406,-198
2,47595,190
2,7486,-110
2,19900,124
2,4503,-8
2,46392,-164
2,6571,32
2,41721,128
2,28555,180
2,17862,-24
2,9949,62
2,27681,26
2,26476,-8
2,23896,-106
2,9400,70
2,46707,-26
2,38448,90
2,3766,-58
2,19771,-56
2,6169,56
2,27552,196
2,20599,136
2,14397,92
2,30627,18
2,9534,58
2,2377,28
2,31463,-196
2,27225,28
2,30385,180
2,33672,34
2,6062,92
2,8631,88
2,19187,-140
2,16873,78
2,35012,-76
2,28206,-66
2,2441,-182
2,20063,184
2,14167,-120
2,34892,-20
2,10728,66
2,42114,122
2,14967,2
2,8339,-138
2,5696,40
2,16412,180
2,2227,-178
2,41611,-122
2,15021,174
2,18696,26
2,562,-102
2,23682,22
2,33410,-104
2,28148,18
2,17583,116
2,29364,146
2,27768,100
2,14095,104
2,7808,110
2,33210,-108
2,5701,6
2,21773,24
2,34854,-138
2,41793,162
2,21299,-104
2,12673,-114
2,34333,118
2,27634,158
2,8830,-68
2,35262,-112
2,37093,-180
2,15506,-32
2,13118,-132
2,39613,158
2,31251,60
2,31284,6
2,35630,28
2,49869,154
2,25821,146
2,28059,10
2,7828,-92
2,16889,28
2,28435,86
2,16699,32
2,20026,38
2,22337,-200
2,6647,66
2,20887,-118
2,22352,-40
2,9269,198
2,18340,126
2,15614,126
2,9876,118
2,49344,102
2,31994,174
2,38901,170
2,28891,-54
2,49471,2
2,38433,96
2,2938,186
2,2907,-152
2,12329,-50
2,48949,78
2,27212,154
2,27098,-14
2,40485,110
2,31747,-80
2,13863,152
2,7147,56
2,11110,-48
2,31091,54
2,38994,-56
2,24352,-20
2,24912,-68
2,34370,104
2,39348,6
2,9242,-34
2,35972,-34
2,40701,-102
2,47999,90
2,41850,52
2,9953,-88
2,15731,-132
2,41053,-120
2,5186,-52
2,15896,166
2,4933,-114
2,43168,40
2,37366,16
2,20834,-20
2,47315,-156
2,19412,134
2,9164,8
2,11994,-40
2,43896,72
2,13515,186
2,23690,-172
2,24202,100
2,47648,-70
2,8709,184
2,37596,10
2,14986,-56
2,23295,-8
2,28936,-96
2,20794,24
2,6087,-180
2,33152,-112
2,43439,104
2,20078,-156
2,33651,98
2,19673,160
2,43186,-40
2,32269,-58
2,17577,76
2,25353,-166
2,46193,26
2,37401,90
2,29192,112
2,2599,-144
2,12259,182
2,34327,-114
2,2600,-80
2,1654,114
2,15246,-186
2,7462,-30
2,33376,6
2,16449,-128
2,46049,24
2,24408,122
2,12971,-18
2,45670,20
2,33810,-114
2,47119,-170
2,21957,22
2,46550,-88
2,8099,-150
2,41019,-188
2,45824,-166
2,27797,-116
2,1426,6
2,47138,-22
2,4582,92
2,31259,72
2,27005,-200
2,34815,-130
2,23185,194
2,41345,156
2,14395,-106
2,18890,148
2,33575,-186
2,10954,32
2,19382,-182
2,47944,-26
2,44658,-64
2,49622,168
2,40544,-88
2,22944,-178
2,27724,142
2,39806,-36
2,19828,-156
2,39324,64
2,8418,-154
2,18088,-8
2,6352,154
2,24155,-16
2,27022,-174
2,23404,-48
2,46931,-112
2,15510,-82
2,19165,180
2,14680,-72
2,2440,-64
2,867,126
2,28075,146
2,806,-106
2,13898,-112
2,951,102
2,26290,58
2,41574,-176
2,18255,-166
2,43718,-76
2,21199,-198
2,45006,168
2,19733,108
2,44425,120
2,22584,-168
2,29680,162
2,32371,-164
2,49944,-32
2,29929,-136
2,19619,162
2,10844,176
2,16311,44
2,25801,40
2,17023,-196
2,29662,186
2,48225,148
2,27909,-154
2,47195,22
2,48128,-120
2,15268,184
2,48198,174
2,22364,-66
2,33859,188
2,31599,-126
2,34205,16
2,6005,140
2,27127,-152
2,49148,-80
2,16103,162
2,10126,-6
2,24532,-118
2,16364,-58
2,4256,-120
2,41438,-8
2,21282,104
2,14600,64
2,7241,-80
2,6108,-92
2,9537,12
2,30309,52
2,29322,-98
2,43218,-2
2,23928,30
2,10484,196
2,18039,-166
2,14160,132
2,42825,-118
2,37200,44
2,2536,64
2,47868,-176
2,26173,-164
2,45785,88
2,21207,68
2,11979,-18
2,37205,-126
2,2035,-148
2,27867,-4
2,16780,-130
2,37838,12
2,48244,-190
2,40212,56
2,23046,16
2,26568,190
2,7495,-90
2,45348,2
2,22108,166
2,23461,-166
2,1314,-130
2,41688,-66
2,48134,114
2,2892,36
2,5267,-96
2,38102,190
2,31226,36
2,34992,14
2,28107,114
2,35204,-104
2,48783,-32
2,23430,-34
2,30980,62
2,36944,82
2,8444,-90
2,2688,-146
2,5216,-90
2,24916,146
2,29796,-70
2,26962,6
2,14029,-28
2,2029,152
2,26234,52
2,31002,30
2,3221,-138
2,5310,-80
2,13794,-160
2,38996,-74
2,29719,-144
2,31134,-186
2,38763,190
2,6872,-162
2,45752,146
2,18412,-138
2,34648,78
2,9193,2
2,20383,100
2,6906,148
2,42105,80
2,44216,114
2,40201,-110
2,34647,-48
2,40596,-82
2,34331,68
2,3156,-48
2,20802,4
2,29183,-14
2,3781,-138
2,27124,-166
2,12851,4
2,34644,-160
2,44410,-48
2,41425,-92
2,39992,88
2,15494,72
2,41552,142
2,19728,12
2,39319,90
2,48478,72
2,19337,180
2,29601,-198
2,13316,44
2,22952,8
2,32511,-56
2,11751,-4
2,14631,186
2,23750,-148
2,4075,92
2,20487,-48
2,9304,-16
2,29053,-52
2,20210,176
2,20534,42
2,46376,156
2,27639,-164
2,1082,-68
2,15435,-46
2,20664,88
2,25531,64
2,20300,168
2,22999,-80
2,31445,-174
2,39817,-90
2,19982,22
2,11401,-106
2,24943,-170
2,964,-158
2,11623,-142
2,40856,154
2,15461,-128
2,15315,176
2,10464,142
2,31939,-132
2,6824,124
2,19659,-110
2,41821,-176
2,2279,52
2,11369,120
2,29605,80
2,34917,-14
2,37297,-200
2,25713,6
2,18589,104
2,46423,-62
2,36205,-78
2,4266,-90
2,24049,172
2,14351,26
2,24323,-168
2,41344,-136
2,15931,-166
2,26672,-200
2,481,40
2,37741,-122
2,33316,-84
2,42845,-94
2,42550,100
2,39147,-62
2,31079,-168
2,30800,162
2,25340,14
2,27805,-146
2,39100,172
2,37562,-112
2,28998,-198
2,19955,88
2,5115,-168
2,40328,122
2,47242,-68
2,803,-136
2,41905,-50
2,48088,108
2,9842,-108
2,41875,-172
2,8967,-112
2,3351,82
2,1179,126
2,2080,-38
2,28934,154
2,42406,18
2,15912,-156
2,5403,46
2,42618,-142
2,16951,-104
2,28162,-176
2,43448,8
2,19475,-140
2,16878,-86
2,42601,66
2,10899,44
2,1585,128
2,25362,144
2,39867,4
2,20538,-32
2,21506,184
2,28034,-106
2,11005,-126
2,32167,184
2,441,44
2,22153,84
2,33940,-90
2,12204,192
2,19169,-114
2,34021,-66
2,29175,-42
2,23014,188
2,38565,56
2,7100,48
2,48462,120
2,754,134
2,7718,-48
2,47719,72
2,38638,10
2,46284,-36
2,15744,-188
2,39230,-122
2,22309,-176
2,12019,194
2,34635,66
2,22860,-62
2,32849,-18
2,18453,62
2,32516,164
2,9055,-52
2,30985,-168
2,9013,90
2,32218,196
2,2788,-180
2,32357,148
2,21400,-78
2,49856,-30
2,46084,-50
2,32975,-106
2,41377,-146
2,25022,-26
2,32176,-94
2,41749,116
2,5941,104
2,8347,190
2,44591,-20
2,15148,34
2,4437,-4
2,21285,132
2,33949,56
2,34708,84
2,16815,20
2,32169,-176
2,26119,-34
2,12177,74
2,46380,-22
2,4981,-136
2,35108,174
2,14825,-36
2,15530,146
2,47646,54
2,46055,44
2,37482,186
2,2285,-98
2,25527,12
2,34889,60
2,33222,50
2,42574,-52
2,39825,4
2,12957,-76
2,45556,168
2,44862,-194
2,43007,48
2,24385,168
2,42577,24
2,6800,192
2,4421,-82
2,117,102
2,3533,108
2,3910,-98
2,8300,186
2,13833,154
2,14818,-76
2,48265,-10
2,46530,6
2,27461,-4
2,9118,4
2,48286,76
2,30887,-34
2,32367,68
2,17585,46
2,43879,-76
2,34016,-42
2,3148,132
2,553,24
2,40361,-34
2,869,138
2,23044,-148
2,2861,-6
2,1552,-10
2,43576,198
2,43951,-20
2,47278,110
2,22149,120
2,21240,8
2,6675,-132
2,8297,-180
2,24000,-158
2,19681,38
2,18262,-198
2,18977,26
2,20688,-52
2,36991,46
2,46806,-168
2,9657,-130
2,41888,74
2,49380,-58
2,13381,-36
2,42118,36
2,14807,188
2,40897,-190
2,24502,-100
2,25148,114
2,37744,166
2,41946,-40
2,33958,142
2,49954,-154
2,7111,132
2,974,-144
2,15697,8
2,17167,198
2,8519,32
2,40393,198
2,1525,-58
2,6114,152
2,4447,96
2,9943,196
2,29063,26
2,43457,170
2,48033,72
2,33896,-8
2,40822,-2
2,7980,-4
2,43381,166
2,28128,-78
2,27397,-30
2,15260,-138
2,41998,8
2,9135,-130
2,35560,6
2,24327,-62
2,15854,22
2,33931,-56
2,47205,98
2,18326,-168
2,21396,-132
2,32691,-176
2,38981,134
2,28754,-66
2,41180,-154
2,8275,84
2,42962,-168
2,37509,-144
2,47564,76
2,45397,78
2,39393,-22
2,27370,22
2,20555,34
2,44010,-180
2,39371,170
2,1414,46
2,44179,154
2,5206,164
2,11549,96
2,41054,-114
2,17155,90
2,22877,-156
2,48518,34
2,24126,-146
2,39178,-160
2,30600,98
2,23622,38
2,15554,90
2,38065,-138
2,39342,-60
2,5590,-192
2,13991,100
2,19364,62
2,11273,-38
2,7871,-178
2,33948,172
2,21197,138
2,24035,-168
2,44882,158
2,45846,56
2,9058,-182
2,34358,132
2,7103,-134
2,41178,110
2,21974,28
2,1542,90
2,33696,-130
2,16517,86
2,15847,162
2,36395,-196
2,47850,98
2,9330,46
2,47005,30
2,22636,-38
2,48432,-112
2,4414,92
2,20626,-26
2,3379,-162
2,37863,110
2,41067,-76
2,48503,134
2,26496,164
2,11785,16
2,46688,160
2,48548,-110
2,15256,162
2,42329,-144
2,42586,98
2,36718,190
2,536,-52
2,33721,122
2,25331,-164
2,41128,-156
2,21095,-18
2,34939,10
2,41778,-156
2,29720,-64
2,18445,158
2,49547,-32
2,16617,10
2,28947,-136
2,37835,4
2,30506,2
2,29233,-40
2,9754,20
2,25503,-152
2,43639,140
2,29328,190
2,32622,178
2,8368,-118
2,49466,194
2,4852,42
2,3441,-158
2,5595,40
2,33037,120
2,25125,-186
2,15552,-168
2,33687,-4
2,25845,-10
2,7470,14
2,20765,-162
2,7778,-26
2,41895,94
2,47451,-112
2,47650,186
2,167,120
2,40978,118
2,49045,134
2,32543,182
2,35677,112
2,28170,-134
2,48067,-22
2,39960,44
2,26805,34
2,38975,-4
2,44900,-46
2,7134,80
2,14210,-160
2,25871,-34
2,41268,-122
2,5571,-184
2,33387,-156
2,17064,-180
2,5243,94
2,7257,28
2,4263,192
2,18321,-8
2,13402,-80
2,37798,-12
2,1247,172
2,18447,-192
2,40263,-76
2,46341,174
2,27374,94
2,8880,30
2,11039,-12
2,5803,-174
2,19866,-96
2,13055,48
2,541,80
2,49756,176
2,2669,30
2,8602,70
2,173,-100
2,14888,100
2,34903,58
2,27970,-110
2,630,96
2,28171,-190
2,3007,100
2,31805,186
2,36987,-56
2,23387,168
2,1166,102
2,35365,-88
2,6272,-130
2,26980,-54
2,5360,62
2,7954,-42
2,14269,-102
2,37142,-86
2,14602,84
2,49062,-122
2,6994,30
2,5876,122
2,25595,166
2,10393,-102
2,32454,174
2,23006,66
2,18472,168
2,33355,-194
2,30024,64
2,49020,-38
2,17319,90
2,5406,-16
2,49364,-84
2,36119,-40
2,8437,8
2,37356,-76
2,5829,56
2,3462,74
2,10287,-60
2,18551,-196
2,16091,120
2,25674,-16
2,7593,-64
2,17313,22
2,6465,142
2,38431,-34
2,14005,-6
2,9048,50
2,38382,38
2,1203,168
2,21643,72
2,22435,-118
2,20324,-14
2,24244,126
2,26564,80
2,31671,196
2,5749,-2
2,5807,60
2,20873,-100
2,17008,-90
2,34500,2
2,39076,192
2,38164,-76
2,31410,-100
2,49744,46
2,21222,174
2,42326,138
2,31631,130
2,8570,52
2,47598,136
2,41736,86
2,24073,108
2,44016,122
2,16600,-184
2,48080,28
2,9256,-156
2,2612,122
2,6967,144
2,18943,100
2,27468,196
2,42907,78
2,26167,76
2,6592,-156
2,7215,-132
2,42688,76
2,7049,34
2,12603,144
2,18994,54
2,18313,100
2,494,78
2,36235,-48
2,22744,-56
2,25846,126
2,35892,20
2,25329,-80
2,45630,-166
2,14765,-104
2,29194,-74
2,7704,30
2,49296,-162
2,27211,194
2,24882,-122
2,27891,98
2,11806,24
2,13730,152
2,1643,180
2,8363,-180
2,17403,-80
2,35323,180
2,4684,54
2,48945,22
2,34366,-78
2,31379,66
2,29278,-48
2,32621,42
2,20472,146
2,19804,20
2,21515,160
2,7912,112
2,18922,96
2,46007,-168
2,8284,136
2,3881,-62
2,38056,128
2,48571,-158
2,46757,-186
2,29912,-58
2,44534,-18
2,27105,86
2,9485,158
2,24468,-84
2,13418,-144
2,36920,-90
2,38440,20
2,6973,-168
2,36410,186
2,15971,-178
2,5351,88
2,31658,-110
2,38063,94
2,5479,-112
2,6977,102
2,11992,-52
2,24162,-58
2,46307,98
2,38977,-120
2,46388,-184
2,2801,-148
2,8155,30
2,48744,-158
2,41550,16
2,45462,-16
2,11482,8
2,15350,-176
2,29442,-176
2,2979,4
2,30808,84
2,49796,-138
2,8798,-126
2,34272,-182
2,25841,-70
2,31534,52
2,11679,-160
2,47652,-62
2,30776,66
2,43947,-194
2,39041,20
2,9188,-140
2,45577,146
2,20359,52
2,10833,-86
2,21162,48
2,7974,56
2,18049,172
2,40562,12
2,19004,146
2,13732,16
2,5888,-50
2,49032,-82
2,12328,126
2,38443,188
2,5203,-2
2,17861,-160
2,21785,-82
2,43761,-198
2,3857,-144
2,32125,-42
2,7524,24
2,46901,56
2,48140,196
2,45807,12
2,47940,-54
2,9232,164
2,2661,-10
2,36155,-64
2,43719,24
2,28325,-68
2,19554,14
2,30200,-36
2,27157,-56
2,41502,-26
2,18457,152
2,46598,-84
2,11168,-192
2,21116,64
2,2859,-116
2,12608,44
2,23580,150
2,15279,-92
2,31607,-118
2,5568,22
2,41394,156
2,9427,30
2,19036,14
2,36504,-198
2,26463,-38
2,23115,-170
2,8486,-18
2,12697,60
2,37568,164
2,48657,86
2,42057,-194
2,29647,122
2,5650,-190
2,14207,-154
2,26711,4
2,21218,144
2,17591,-120
2,14488,170
2,1900,128
2,46911,-54
2,27519,-198
2,1146,-16
2,39754,-64
2,46488,178
2,19093,70
2,13238,142
2,31009,-64
2,35733,-86
2,40700,-84
2,9266,90
2,12316,-10
2,44615,-78
2,24441,172
2,17021,182
2,36121,68
2,39674,-128
2,38290,126
2,33625,70
2,40080,50
2,36582,-102
2,41112,76
2,43505,-178
2,36831,8
2,18207,50
2,33965,-156
2,17185,-158
2,8417,-68
2,20413,116
2,46219,-134
18,35877,198
18,35546,-142
18,29093,-188
18,4364,178
18,11566,-160
18,33324,-14
18,10820,-182
18,22780,-112
18,39639,148
18,18164,16
18,40485,144
18,25111,-2
18,30432,-176
18,31851,146
18,41491,-164
18,4221,-50
18,42708,-26
18,37383,32
18,23026,-90
18,43040,128
18,26567,-142
18,26920,190
18,42502,-44
18,10144,-108
18,20780,-24
18,3889,176
18,37595,54
18,6196,152
18,22872,186
18,1059,-140
18,7931,20
18,33752,-50
18,9620,-186
18,36076,110
18,11600,-126
18,38035,-10
18,40054,22
18,48970,-118
18,15427,194
18,32560,2
18,24658,-106
18,45304,-48
18,21366,184
18,42907,180
18,19839,-50
18,42797,166
18,22258,-184
18,22146,-8
18,13706,-82
18,41343,-120
18,15725,100
18,47636,-10
18,34037,-10
18,16059,184
18,4716,56
18,41317,-58
18,18801,136
18,9465,-98
18,49019,178
18,21317,12
18,15250,-106
18,12628,-170
18,2629,-144
18,7206,-142
18,31763,62
18,15215,30
18,29811,-60
18,30866,-32
18,42661,112
18,46656,-28
18,12400,50
18,45123,74
18,28921,86
18,49628,170
18,34947,194
18,37964,-40
18,5742,-64
18,19069,104
18,45264,-198
18,12907,104
18,45843,92
18,10185,2
18,38590,-76
18,23039,144
18,40246,42
18,18989,-150
18,39415,-20
18,22284,78
18,7945,-178
18,48667,50
18,33334,14
18,1126,-80
18,18074,-62
18,43809,-50
18,19868,-164
18,657,-174
18,14333,-12
18,40430,-50
18,4115,-168
18,25433,-156
18,2344,-142
18,23859,-142
18,42612,26
18,12223,-28
18,45881,108
18,14453,-118
18,31931,14
18,18768,96
18,13337,-90
18,5713,-174
18,45005,-74
18,6089,-188
18,36060,-114
18,37919,162
18,40949,-126
18,31988,-4
18,7879,-66
18,43719,140
18,33518,-170
18,32100,-56
18,36809,10
18,2124,168
18,2020,52
18,14235,-70
18,41890,36
18,33152,-52
18,12122,-160
18,41856,110
18,22422,118
18,16455,-64
18,12542,-110
18,16967,-172
18,32031,-86
18,236,108
18,42043,100
18,18720,84
18,37978,52
18,21448,-176
18,1486,178
18,7887,-140
18,43902,166
18,3007,4
18,37009,-116
18,17721,-24
18,39314,-172
18,26687,-20
18,5466,-70
18,24016,-132
18,19622,-136
18,49766,62
18,7941,-98
18,42085,-62
18,3282,-40
18,44343,-60
18,10408,-94
18,19680,-160
18,12890,-30
18,39658,-70
18,36545,122
18,39249,2
18,37706,120
18,27261,6
18,17702,-100
18,38531,62
18,32108,-34
18,36625,190
18,8965,194
18,7422,-156
18,2270,-128
18,14125,-98
18,11312,-14
18,60,-172
18,36985,24
18,24276,-36
18,48593,-42
18,46469,-56
18,21759,178
18,5702,-96
18,20059,26
18,45847,144
18,22879,-124
18,32122,-46
18,913,144
18,22406,72
18,13159,124
18,17004,10
18,44197,152
18,16012,46
18,2949,-118
18,37315,-168
18,6887,42
18,4099,-170
18,26628,164
18,38533,86
18,49770,-80
18,4132,196
18,20072,176
18,29193,-100
18,20716,120
18,377,-54
18,12880,-196
18,30815,128
18,24212,38
18,27808,-84
18,46877,-120
18,49514,166
18,35698,-44
18,7600,-102
18,33137,-24
18,24741,80
18,23130,90
18,2630,136
18,7242,-80
18,35346,22
18,38976,-96
18,32317,-148
18,43889,154
18,24463,152
18,17429,-186
18,38192,-188
18,16150,-148
18,24089,176
18,13857,126
18,26231,166
18,40314,-6
18,39935,90
18,35270,184
18,6676,-94
18,31430,-16
18,37211,-38
18,46080,-130
18,33147,-82
18,42635,122
18,39289,-176
18,20728,124
18,46552,-22
18,46313,-148
18,46356,24
18,9431,108
18,32837,74
18,44511,-38
18,45299,184
18,3959,62
18,28739,90
18,29983,26
18,46399,154
18,28217,146
18,26274,188
18,45919,18
18,34125,90
18,33068,-124
18,21359,136
18,47232,54
18,18550,60
18,21102,-88
18,22169,-34
18,11345,10
18,35952,-178
18,43382,-194
18,42434,144
18,34128,-142
18,47638,-162
18,49961,-20
18,11126,-166
18,99,-110
18,10969,36
18,8730,140
18,17516,80
18,35574,-14
18,20641,-54
18,30066,118
18,3032,196
18,21272,170
18,5803,-144
18,16744,14
18,2117,-146
18,42714,198
18,22156,104
18,34489,-60
18,25899,194
18,11127,-154
18,31933,-2
18,7523,28
18,40605,-52
18,16182,34
18,31712,-160
18,18809,-92
18,37278,-12
18,39248,126
18,12838,118
18,24497,-152
18,5685,24
18,7022,30
18,32466,-144
18,27977,162
18,19137,-126
18,7796,-50
18,43349,48
18,3483,12
18,2295,-128
18,18292,-200
18,26732,-36
18,27793,-186
18,16767,40
18,35960,-172
18,30090,-50
18,12087,-46
18,11999,170
18,43610,-24
18,12100,128
18,15824,-6
18,39228,-38
18,13175,-116
18,43107,72
18,27727,-160
18,43936,190
18,10861,156
18,6858,28
18,41303,60
18,14490,188
18,47109,86
18,17048,24
18,32205,190
18,5122,-68
18,47662,52
18,25841,-48
18,3226,-170
18,42091,24
18,29588,176
18,35611,-194
18,34677,-4
18,15208,-164
18,25451,-128
18,36598,-158
18,5374,112
18,9614,-50
18,29510,-148
18,5068,150
18,33671,-182
18,48019,-84
18,41209,104
18,14266,-6
18,15014,118
18,11114,162
18,45870,-192
18,3153,-92
18,29239,6
18,14502,32
18,15582,-6
18,34811,-66
18,17701,-28
18,35456,-80
18,2588,-132
18,12526,12
18,8706,-150
18,35256,162
18,32121,-172
18,29423,190
18,34875,106
18,22175,-138
18,42332,-174
18,26917,120
18,42144,-72
18,27463,-78
18,25663,-66
18,36659,-130
18,22906,170
18,41212,30
18,36612,54
18,35283,-4
18,13261,138
18,46244,34
18,27615,-106
18,45399,180
18,31391,82
18,21438,-200
18,3088,8
18,29309,-18
18,2518,196
18,8201,24
18,6357,184
18,49530,20
18,17074,-126
18,26670,-168
18,31311,90
18,9863,134
18,4910,-100
18,22625,-86
18,42386,-12
18,44358,172
18,9880,-100
18,13850,188
18,7944,76
18,41000,-26
18,38178,62
18,5470,-20
18,2291,48
18,22715,54
18,32469,188
18,5460,10
18,23906,-132
18,32646,62
18,24617,-164
18,5020,52
18,3737,-28
18,2535,42
18,24437,-194
18,32920,-30
18,37405,56
18,19613,-138
18,20094,-64
18,18444,106
18,37384,-96
18,9139,-74
18,22062,30
18,39408,-112
18,1154,56
18,23912,26
18,36982,24
18,47854,-88
18,15536,140
18,27442,-88
18,11807,10
18,31170,-16
18,11985,-102
18,24361,-72
18,23308,26
18,2166,190
18,42486,-108
18,18563,2
18,12057,140
18,14461,-58
18,15640,-44
18,552,168
18,3587,-42
18,17889,-98
18,49790,164
18,28182,88
18,1681,140
18,4265,44
18,16692,-16
18,10884,174
18,10386,-130
18,23173,92
18,18384,-114
18,6697,100
18,49477,-156
18,7939,-180
18,46380,-42
18,6332,194
18,20610,198
18,9773,46
18,25827,30
18,36872,-82
18,30778,184
18,33331,16
18,17336,170
18,39747,-30
25,10712,-108
25,24677,198
25,27134,-156
25,47512,-182
25,38039,34
25,36118,-138
25,44866,-122
25,43533,136
25,19209,44
25,29079,-20
25,16665,74
25,9174,-56
25,11323,-50
25,25698,-188
25,25300,-84
25,15028,138
25,35113,48
25,43432,-18
25,19484,104
25,9214,-34
25,29225,-186
25,28239,-64
25,25161,24
25,9222,-68
25,2534,-100
25,35552,198
25,26368,-158
25,40281,174
25,19995,184
25,35727,30
25,35937,4
25,5164,118
25,48754,-170
25,29599,-90
25,10940,64
25,12023,88
25,28402,-104
25,21100,26
25,9953,46
25,46124,156
25,1487,144
25,703,-80
25,21405,148
25,12558,186
25,46804,-62
25,43741,50
25,16643,186
25,30538,96
25,21173,-34
25,2047,36
25,24292,192
25,34713,4
25,49184,-96
25,365,-98
25,29495,-52
25,1996,30
25,32275,-138
25,36040,-110
25,33322,10
25,42626,32
25,19044,64
25,46197,-94
25,44314,-98
25,14318,80
25,47709,86
25,27972,180
25,298,148
25,9337,-134
25,3135,128
25,14171,4
25,8164,-148
25,7679,84
25,34308,26
25,30650,42
25,46134,-164
25,32281,156
25,10728,34
25,13934,8
25,42825,-192
25,16583,-118
25,40672,52
25,35793,-86
25,34242,-12
25,33052,132
25,33251,40
25,47588,42
25,31206,-14
25,3607,178
25,32986,196
25,6991,-124
25,17835,124
25,21385,60
25,18530,190
25,29473,166
25,16269,180
25,2247,82
25,47495,70
25,49704,194
25,25525,-96
25,48115,140
25,16218,-160
25,37798,-86
25,16173,-40
25,40324,32
25,35664,-152
25,21051,74
25,42162,40
25,42984,-166
25,2648,88
25,37524,-178
25,6408,42
25,4726,-96
25,28867,-122
25,10312,-66
25,24802,36
25,32212,16
25,42389,84
25,29605,-194
25,32457,40
25,20634,180
25,22643,-122
25,3,180
25,14872,-44
25,4172,176
25,9020,-186
25,22416,94
25,49869,-6
25,37824,170
25,23463,116
25,44877,112
25,20960,-60
25,2224,94
25,12336,58
25,2804,96
25,742,16
25,48901,70
25,8155,-128
25,18805,62
25,1098,184
25,41917,-154
25,19636,-50
25,26708,-52
25,42999,-20
25,46568,180
25,12648,46
25,6967,-86
25,42372,-188
25,7754,114
25,18881,-88
25,37333,-88
25,10920,-34
25,43915,-106
25,33122,70
25,44645,-14
25,31961,134
25,11462,96
25,44820,-188
25,276,78
25,29286,18
25,13224,-156
25,49159,144
25,33072,-32
25,40989,26
25,32815,148
25,8194,36
25,5764,166
25,36689,168
25,183,190
25,19349,108
25,6211,118
25,28409,32
25,10394,-152
25,5355,122
25,21780,70
25,27188,86
25,9775,-182
25,31720,-148
25,13532,-64
25,36759,184
25,22289,-118
25,13727,-98
25,46920,-186
25,33449,96
25,741,-38
25,33160,106
25,41599,-58
25,4813,176
25,7831,192
25,34168,42
25,19801,-100
25,26197,-6
25,26524,86
25,25159,-180
25,5721,-178
25,23605,38
25,1705,-138
25,5551,86
25,31455,82
25,20470,14
25,18544,142
25,24527,152
25,36100,-154
25,18596,106
25,23558,68
25,40086,180
25,28100,-72
25,20028,-62
25,39639,128
25,46618,-184
25,8203,-146
25,28251,-140
25,40498,-166
25,31946,-80
25,20212,-132
25,24200,150
25,15812,106
25,7597,-170
25,28027,92
25,30279,-124
25,41949,-4
25,11181,162
25,21721,134
25,10086,114
25,31937,-10
25,18862,-160
25,20611,-42
25,20284,-86
25,23339,-68
25,44193,8
25,38130,178
25,3944,-192
25,9339,-196
25,3599,108
25,46536,116
25,39193,28
25,14337,98
25,4288,-24
25,35530,-192
25,43246,168
25,29200,-92
25,45240,14
25,22999,-152
25,33614,114
25,16520,84
25,49242,-82
25,6594,-78
25,47084,56
25,48713,-58
25,40192,106
25,47401,122
25,21180,-104
25,39910,14
25,44503,-26
25,38773,-120
25,10830,142
25,13114,140
25,45286,-56
25,37852,134
25,16764,152
25,38324,-156
25,34655,102
25,8860,150
25,10734,-160
25,15171,-58
25,7205,-90
25,35935,-150
25,34880,66
25,33232,36
25,28829,64
25,6072,-106
25,33927,-22
25,49517,-84
25,47803,132
25,29226,92
25,43644,-154
25,3700,40
25,47051,-168
25,45101,44
25,13945,172
25,292,48
25,20546,104
25,22511,94
25,26145,-32
25,924,70
25,41723,180
25,2390,-158
25,29742,34
25,1943,-114
25,44389,-172
25,18348,-120
25,21415,-68
25,18229,26
25,47344,92
25,22367,-98
25,26207,-192
25,21485,32
25,3223,146
25,37937,-138
25,16179,42
25,30681,-32
25,41372,-172
25,30223,-94
25,30101,-24
25,31112,70
25,10273,38
25,30869,188
25,4437,-36
25,43338,56
25,49476,108
25,9865,48
25,17630,84
25,46709,-156
25,46302,166
25,15703,126
25,29606,98
25,47210,-188
25,41313,-154
25,9369,-198
25,36373,-114
25,7426,-96
25,39716,-148
25,28837,14
25,12683,126
25,47217,-126
25,31488,-88
25,12244,166
25,39465,-146
25,46855,116
25,13877,-120
25,2038,198
25,38731,-164
25,319,52
25,20137,74
25,22875,-190
25,14881,98
25,17928,32
25,29697,70
25,43325,-136
25,4896,84
25,479,16
25,19925,-90
25,2501,116
25,21676,18
25,15246,-114
25,24498,166
25,4120,-48
25,15584,40
25,23504,110
25,42957,118
25,14601,-40
25,14577,80
25,11088,-152
25,1259,78
25,23808,-156
25,45549,-198
25,40488,80
25,44761,-86
25,33037,-94
25,8124,198
25,34668,26
25,10773,162
25,27494,192
25,18767,108
25,29313,-200
25,25146,22
25,38392,196
25,38777,-170
25,19869,-94
25,30807,-162
25,33747,96
25,40561,-148
25,30331,154
25,28345,-70
25,18800,6
25,18459,42
25,6204,-58
25,42352,92
25,37946,24
25,9479,-18
25,9804,114
25,48424,-176
25,17302,82
25,44961,-62
25,49740,164
25,48447,44
25,37724,-100
25,41832,104
25,29478,180
25,48177,150
25,11552,-166
25,14406,60
25,289,-184
25,41043,-96
25,39410,-62
25,15074,12
25,45214,-50
25,40987,-112
25,43290,-28
25,824,-20
25,47703,48
25,26559,154
25,699,146
25,1692,-66
25,39940,-150
25,12693,64
25,31561,168
25,35183,-158
25,15372,14
25,27366,-22
25,7937,-110
25,49077,42
25,12172,8
25,1751,-36
25,5097,196
25,40262,8
25,19059,-136
25,35827,66
25,42215,-52
25,34998,-4
25,3612,-34
25,4816,20
25,11381,124
25,41597,68
25,43348,-22
25,17720,114
25,31318,100
25,28152,-92
25,11069,64
25,45848,88
25,47710,122
25,30670,-106
25,44378,-140
25,20040,60
25,8474,-72
25,2966,-158
25,45480,192
25,6540,-70
25,6720,-128
25,4318,150
25,32165,-98
25,33938,154
25,16680,-86
25,291,168
25,2493,-182
25,4029,26
25,7150,-142
25,29612,-154
25,40101,182
25,30444,-110
25,47399,-194
25,29367,68
25,3651,-150
25,11378,118
25,47432,-120
25,565,-144
25,36522,150
25,43292,6
25,44599,2
25,1617,-154
25,41484,-132
25,35816,-66
25,11515,78
25,4006,-58
25,6104,96
25,7546,156
25,301,-120
25,32875,80
25,42508,140
25,17480,-84
25,32499,64
25,20704,-50
25,17403,-180
25,7447,-126
25,46321,-154
25,36048,104
25,10914,138
25,939,188
25,2169,46
25,46460,94
25,39587,56
25,43189,104
25,45198,-20
25,13928,184
25,30787,-124
25,30402,88
25,26086,92
25,40503,168
25,44330,-74
25,38998,-34
25,42650,-8
25,31432,-110
25,31608,24
25,17190,108
25,24925,-70
25,45161,146
25,7738,24
25,47148,18
25,25089,-114
25,43233,-196
25,35692,196
25,10236,148
25,47824,82
25,30162,-150
25,16079,-62
25,25957,186
25,10320,-110
25,41488,-128
25,12117,-132
25,7038,48
25,5784,-90
25,44142,18
25,33516,28
25,19499,32
25,9551,110
25,16932,90
25,25103,-10
25,36303,96
25,27438,-86
25,4134,156
25,49813,164
25,20353,-62
25,35446,90
25,10713,-24
25,27497,180
25,46771,72
25,22679,-76
25,21657,-32
25,10398,98
25,2271,-158
25,38102,42
25,13518,-34
25,41073,-92
25,4270,190
25,30620,154
25,18470,178
25,37666,128
25,8785,106
25,44748,98
25,49210,-26
25,7920,-144
25,2348,80
25,40740,-134
25,41505,96
25,30971,-28
25,33347,30
25,43961,-156
25,46335,44
25,27097,-42
25,12297,162
25,21250,-12
25,41902,-124
25,17514,-12
25,34072,-124
25,43433,64
25,48669,14
25,3159,-198
25,36144,58
25,34458,-36
25,22998,-84
25,12136,124
25,35479,-52
25,44639,184
25,45854,-38
25,32956,102
25,46822,156
25,14013,-148
25,312,-188
25,34675,56
25,33262,-36
25,31865,-164
25,39174,62
25,36033,-160
25,19220,-130
25,44827,188
25,7713,136
25,29013,148
25,40011,14
25,43502,-20
25,8257,-106
25,6770,-104
25,29059,72
25,31759,-18
25,11893,152
25,4278,-124
25,23216,-160
25,34497,-114
25,43742,-96
25,10250,-88
25,26815,-38
25,46467,186
25,41680,8
25,39545,112
25,42824,-138
25,31403,82
25,35932,-188
25,28967,192
25,3901,176
25,8029,-198
25,44017,52
25,34033,-6
25,36600,96
25,46842,140
25,28217,172
25,33028,94
25,27922,186
25,28950,94
25,33611,10
25,21577,-172
25,12386,-104
25,16041,-10
25,41554,12
25,48278,138
25,6922,-56
25,24412,-140
25,20158,100
25,22295,-128
25,40707,-106
25,23675,100
25,41927,122
25,38088,90
25,33632,22
25,44332,-142
25,8129,-18
25,23740,108
25,5018,46
25,6051,100
25,30413,-134
25,29212,32
25,17995,140
25,42230,-136
25,24972,118
25,43123,70
25,37883,-26
25,28380,-172
25,26653,-60
25,21174,190
25,38907,-170
25,14081,48
25,8360,-8
25,18519,-34
25,25907,-142
25,34321,-24
25,23559,-124
25,33210,-34
25,8926,-44
25,607,70
25,7965,34
25,34348,-92
25,14388,162
25,49695,12
25,45358,14
25,23539,122
25,34484,-194
25,33710,112
25,41190,60
25,24605,118
25,33488,106
25,27464,-128
25,48581,78
25,48740,32
25,1852,-56
25,43523,88
25,44770,-126
25,25925,194
25,12872,102
25,4133,6
25,27212,-126
25,19547,18
25,32327,-40
25,5995,188
25,1747,-180
25,44264,-156
25,22642,-54
25,21202,128
25,37732,-64
25,38728,152
25,21661,40
25,31506,88
25,23365,-178
25,5053,-184
25,26238,80
25,30889,126
25,25753,-162
25,35649,94
25,25325,-152
25,26409,-10
25,26478,108
25,24521,-8
25,8881,-52
25,36864,90
25,45957,-192
25,15768,126
25,15174,-150
25,20945,-194
25,40636,-182
25,44155,198
25,45387,152
25,2590,-12
25,4239,12
25,29326,116
25,48264,-194
25,32048,-120
25,11149,152
25,14108,118
25,26603,-88
25,24404,186
25,14897,-36
25,33208,-78
25,47913,-30
25,30568,176
25,30376,-26
25,382,48
25,42007,-162
25,16911,-24
25,47068,-168
25,47617,142
25,36348,-40
25,22065,-114
25,8649,122
25,32381,196
25,23874,116
25,4658,-52
25,43341,-96
25,9230,-196
25,23066,-188
25,47584,-110
25,4995,-138
25,34079,-140
25,1314,-42
25,24874,-166
25,3397,88
25,29375,-40
25,27168,54
25,49023,-50
25,17109,12
25,36590,-94
25,38427,198
25,9441,116
25,17283,84
25,36051,70
25,11257,4
25,25601,-40
25,18669,188
25,39236,154
25,45882,66
25,2267,-88
25,6327,-200
25,31733,-100
25,8426,-180
25,35927,-200
25,33348,-118
25,19604,-166
25,33420,-110
25,28480,-196
25,20041,-194
25,35533,-138
25,33698,-58
25,10998,-124
25,35246,182
25,47262,178
25,46715,72
25,11182,-198
25,30451,-106
25,14545,148
25,37385,36
25,32043,198
25,22660,-60
25,29734,104
25,4087,-158
25,21404,86
25,8160,-168
25,25029,100
25,16642,130
25,779,-10
25,20652,-32
25,37723,-110
25,32624,-34
25,33807,178
25,15064,-128
25,21715,68
25,24449,44
25,40372,-150
25,12956,-64
25,30536,96
25,13244,-64
25,16153,28
25,6395,2
25,14034,-134
25,18603,114
25,28085,22
25,25622,108
25,14847,70
25,32057,162
25,23677,-74
25,16505,-82
25,44261,92
25,9158,-96
25,25867,-12
25,45399,-34
25,28623,-46
25,29879,56
25,27411,-154
25,40755,-58
25,24746,-82
25,6808,42
25,46090,-98
25,15868,124
25,29665,-12
25,43474,30
25,14765,-4
25,42642,34
25,39533,-2
25,31827,-194
25,24152,-58
25,14361,36
25,29992,-70
25,23743,158
25,43455,-148
25,41920,58
25,24457,4
25,10275,-140
25,1180,-140
25,20877,-50
25,26217,132
25,40928,-28
25,45911,-140
25,48844,-38
25,19546,38
25,42240,-164
25,26868,50
25,43320,138
25,44937,-192
25,20086,-36
25,35630,50
25,27797,80
25,32746,-38
25,37207,-10
25,8767,-32
25,32797,-42
25,34369,152
25,3721,-194
25,37769,134
25,14616,62
25,13804,-88
25,3548,176
25,16656,-172
25,6343,-170
25,36369,-184
25,19429,-76
25,35874,-20
25,49427,-42
25,3856,68
25,25230,72
25,21593,170
25,42045,-84
25,22071,100
25,30544,-200
25,18383,136
25,28083,100
25,13081,-8
25,36064,18
25,42300,48
25,21785,90
25,38079,-76
25,10468,166
25,5940,72
25,10852,-190
25,33913,176
25,40701,-2
25,10344,64
25,24912,-118
25,28112,128
25,18566,130
25,28582,130
25,37593,44
25,38252,36
25,16732,-120
25,27142,90
25,7424,-116
25,15269,182
25,44782,88
25,9095,-74
25,45131,172
25,18188,14
25,6153,50
25,49541,-100
25,1946,-94
25,49407,-12
25,38889,64
25,17455,64
25,41000,-136
25,9468,154
25,10225,102
25,46525,-68
25,1352,4
25,28192,84
25,37830,34
25,44832,40
25,31740,110
25,43054,40
25,47487,50
25,5103,-60
25,2013,10
25,27995,-112
25,42894,-40
25,49125,160
25,41641,62
25,22841,166
25,17456,134
25,7542,74
25,26457,-24
25,32306,128
25,28440,192
25,43611,-78
25,37575,10
25,28091,68
25,17829,-188
25,6416,58
25,42901,-128
25,10678,-132
25,21117,-194
25,1282,182
25,10000,-2
25,12047,40
25,29968,-192
25,32485,-68
25,36420,66
25,18005,68
25,6939,-52
25,27416,-92
25,49350,-96
25,20642,134
25,47014,6
25,5547,-142
25,1234,-58
25,8469,134
25,16542,126
25,38953,-114
25,17400,30
25,36102,52
25,44990,60
25,16805,-112
25,13327,-26
25,14354,130
25,21002,-72
25,37443,-40
25,34139,-114
25,17150,-34
25,48190,-178
25,29579,88
25,34142,30
25,385,30
25,19784,-8
25,34123,136
25,30499,-12
25,30985,30
25,48808,146
25,26638,22
25,34104,196
25,34822,-198
25,45261,126
25,37651,152
25,20423,-62
25,18364,78
25,2333,-144
25,19761,-118
25,29890,-108
25,23137,194
25,36704,10
25,25073,124
25,24193,42
25,3202,126
25,37422,-180
25,5373,186
25,28838,-88
25,11742,-108
25,23420,-46
25,26267,-182
25,16210,180
25,42756,34
25,40464,-178
25,14589,-140
25,17448,-128
25,46368,-92
25,42070,-106
25,33823,-52
25,16719,-188
25,39448,-36
25,26825,2
25,40930,40
25,23912,-124
25,39775,-52
25,7067,160
25,24681,-100
25,31306,-112
25,6016,72
25,41574,-142
25,36697,-32
25,46731,140
25,37243,-72
25,14173,28
25,26251,-108
25,43683,-142
25,47794,10
25,30111,180
25,41308,152
25,30029,102
25,45857,98
25,1038,-78
25,20959,96
25,3291,-182
25,32479,4
25,42788,130
25,31948,-196
25,42989,-140
25,13663,190
25,24960,62
25,32450,80
25,3755,-108
25,37471,22
25,9634,152
25,49824,-24
25,24302,182
25,33745,-158
25,2899,92
25,29672,-20
25,15973,-16
25,19392,-16
25,13596,-8
25,46496,-42
25,8643,42
25,20180,-134
25,5283,52
25,35994,24
25,32247,192
25,10478,54
25,39718,114
25,11346,46
25,3098,48
25,46072,-10
25,27598,108
25,18567,-178
25,37811,104
25,7185,86
25,11786,174
25,17674,114
25,21963,12
25,49616,-82
25,33094,156
25,20966,150
25,2524,-50
25,13605,-120
25,16491,-82
25,36986,-188
25,40345,148
25,49132,-108
25,15385,68
25,22583,142
25,9968,-2
25,31542,-106
25,11699,-196
25,21539,-44
25,18853,-40
25,12638,-26
25,49537,-124
25,15674,-62
25,9565,118
25,23225,-96
25,9117,-142
25,6387,116
25,11091,-150
25,39062,-12
25,41340,-64
25,15702,120
25,1916,146
25,25908,-56
25,46436,-94
25,49197,-140
25,8852,118
25,36293,-20
25,22804,26
25,14427,-10
25,1808,120
25,19303,80
25,20262,-132
25,44757,192
25,27300,2
25,49759,-102
25,32227,134
25,9180,182
25,13289,92
25,12138,-18
25,545,188
25,43437,16
25,3315,164
25,18823,-50
25,47930,20
25,32772,28
25,5817,-18
25,31040,-158
25,30689,104
25,46901,42
25,1256,-80
25,19401,-168
25,8758,-66
25,30067,-102
25,39607,-18
25,11303,34
25,49433,96
25,10044,-112
25,15022,26
25,15563,150
25,14487,-82
25,5885,-100
25,31261,-6
25,41881,-56
25,45812,152
25,18032,-90
25,15245,112
25,1990,84
25,903,72
25,17172,130
25,10118,-118
25,135,-54
25,31811,102
25,11361,-120
25,29777,-144
25,19043,150
25,4711,-8
25,10429,-196
25,49706,-116
25,37509,46
25,16931,24
25,47929,-158
25,6396,20
25,34293,-40
25,10233,-102
25,18874,-74
25,44859,-160
25,39112,122
25,35889,138
25,42854,-156
25,35861,-64
25,7076,94
25,34403,70
25,2221,120
25,6886,-182
25,35963,184
25,20910,78
25,48019,10
25,19782,18
25,44671,156
25,31411,-60
25,46446,16
25,20227,44
25,46851,34
25,5814,72
25,1570,52
25,49850,-90
25,4331,64
25,39427,-16
25,14501,-110
25,34833,-148
25,7062,-70
25,29484,68
25,37427,134
25,6792,-120
25,29354,144
25,32882,86
25,2574,144
25,11001,136
25,27153,2
25,2398,198
25,33964,-194
25,13581,138
25,39430,160
25,40313,178
25,3789,68
25,8862,-180
25,9446,128
25,29490,58
25,40645,-172
25,9072,-40
25,33291,68
25,1790,-44
25,38871,132
25,4369,-104
25,12137,-172
25,36628,-50
25,24094,-166
25,35277,50
25,45139,116
25,48415,-72
25,13549,64
25,36936,-104
25,34316,6
25,3472,154
25,4089,80
25,33417,198
25,2994,48
25,49929,-192
25,1869,-124
25,12462,-190
25,42305,-190
25,17187,106
25,25962,-78
25,22040,-114
25,24411,144
25,16933,94
25,411,-116
25,16704,34
25,40469,-42
25,26560,-24
25,19363,-36
25,16401,-74
25,19961,128
25,25544,84
25,19792,-46
25,28575,-194
25,43436,-116
25,4108,74
25,3294,80
25,28184,-108
25,4063,120
25,13171,-54
25,13674,-10
25,39692,-194
25,47126,-48
25,46532,94
25,601,-78
25,41528,50
25,6505,-132
25,1363,20
25,45904,130
25,43678,-190
25,2377,194
25,48854,-162
25,37281,-112
25,26732,70
25,48039,158
25,25592,-174
25,4710,-176
25,6569,-188
25,25390,152
25,46608,154
25,35769,-108
25,28807,-4
25,14159,64
25,8569,-140
25,1445,26
25,13487,-180
25,35529,-138
25,9116,78
25,20396,-72
25,32682,-38
25,47486,-126
25,37935,20
25,25296,198
25,13140,90
25,20012,10
25,40412,-154
25,21636,150
25,48492,-138
25,45692,-188
25,48850,174
25,42338,-186
25,18442,12
25,45470,-114
25,33760,-182
25,35421,46
25,39885,178
25,39091,98
25,21193,134
25,41076,-124
25,17990,-108
25,24855,62
25,49467,-82
25,28740,140
25,35553,-148
25,1364,188
25,14040,-160
25,17602,-60
25,5963,-60
25,42472,-174
25,35860,-42
25,20226,4
25,38055,124
25,36307,60
25,45069,58
25,13069,-136
25,4608,148
25,49413,-164
25,35490,148
25,29862,-62
25,36148,72
25,13404,16
25,29897,-38
25,28035,140
25,26106,30
25,29233,16
25,971,170
25,6455,50
25,20572,-84
25,8050,6
25,1519,80
25,79,60
25,3426,-18
25,24661,-14
25,30906,80
25,25000,-146
25,32073,-92
25,15506,-72
25,17615,92
25,30008,126
25,23400,168
25,36074,152
25,3235,36
25,11628,60
25,36234,-162
25,38778,40
25,32497,-70
25,14599,-34
25,568,-156
25,24574,158
25,24909,-122
25,42881,34
25,38801,170
25,38271,-118
25,17014,-114
25,28951,-108
25,14555,-130
25,44995,54
25,20095,-112
25,11501,122
25,20861,-110
25,34899,-200
25,14903,-78
25,15612,4
25,4146,-106
25,38908,54
25,44050,178
25,19705,182
25,29175,176
25,13595,-160
25,33397,-186
25,38563,68
25,14303,76
25,673,170
25,44500,196
25,1049,-188
25,42368,84
25,38605,-126
25,33623,126
25,14812,-126
25,47892,142
25,511,-54
25,21286,-132
25,16696,78
25,41155,-122
25,12630,-140
25,20459,-134
25,42934,-106
25,31906,-116
25,9994,-64
25,1681,-26
25,3155,-62
25,48828,-58
25,3141,-82
25,28357,-200
25,48802,-158
25,10031,100
25,41889,-54
25,17135,178
25,22074,34
25,386,148
25,33592,-168
25,35492,124
25,32086,-40
25,21382,-76
25,1382,-52
25,3613,144
25,46179,120
25,26687,-4
25,17449,158
25,20138,-70
25,21062,-88
25,30050,-112
25,9705,-130
25,29758,-54
25,33058,36
25,12147,-172
25,25241,116
25,38310,32
25,28846,-84
25,46989,-60
25,16807,-10
25,28259,-96
25,38582,134
25,3556,-152
25,39548,-122
25,18741,148
25,8627,-108
25,38429,-52
25,25662,-64
25,38195,72
25,2365,12
25,33418,150
25,9727,-184
25,47553,-160
25,8456,178
25,19286,62
25,37235,-6
25,40058,110
25,36480,-78
25,43855,44
25,36327,-18
25,19474,32
25,19318,30
25,32885,-82
25,6503,-144
25,43886,150
25,8770,136
25,41286,-10
25,20408,-160
25,37764,82
25,45238,114
25,5263,188
25,42021,42
25,40306,122
25,13985,-198
25,13499,-190
25,12521,-128
25,14866,-108
25,23336,50
25,39787,116
25,48627,-4
25,28884,136
25,33508,-64
25,24822,12
25,240,168
25,7637,170
25,16037,176
25,4124,46
25,40675,118
25,8466,72
25,13210,-102
25,8061,-118
25,22824,-32
25,34883,122
25,1888,-134
25,48557,-180
25,15871,124
25,17679,-106
25,4729,-136
25,28997,-60
25,32218,38
25,26929,176
25,4081,40
25,14888,12
25,39086,52
25,14637,-50
25,16121,-134
25,28158,172
25,17877,-70
25,31915,-86
25,4169,92
25,21914,22
25,36957,-180
25,49787,-152
25,31935,90
25,23300,-128
25,5477,-66
25,16518,100
25,40979,26
25,34533,172
25,37381,16
25,40247,136
25,14877,-132
25,29843,-174
25,20084,66
25,8648,-130
25,7815,88
25,36365,50
25,3514,-12
25,27904,-174
25,36138,-168
25,18274,42
25,1871,-120
25,45829,-78
25,37893,88
25,2553,-102
25,19880,-56
25,27322,6
25,1915,-50
25,6054,82
25,35007,-136
25,24998,76
25,11709,-42
25,26124,-140
25,16765,82
25,40746,12
25,10546,-192
25,45057,66
25,47329,184
25,27968,54
25,18436,12
25,7395,20
25,46080,-126
25,35352,60
25,47381,-192
25,28690,-142
25,32428,-188
25,14493,-56
25,10626,-116
25,18865,-58
25,4952,154
25,10694,-64
25,29666,-196
25,34985,20
25,43438,-80
25,49303,-188
25,39207,-42
25,36586,178
25,13098,-200
25,36308,196
25,38621,42
25,39584,-142
25,46228,-98
25,43966,182
25,26248,-176
25,21080,-114
25,6791,42
25,31806,64
25,31679,-144
25,43418,-176
25,24082,-72
25,4591,-164
25,12457,18
25,42167,-182
25,34252,104
25,9266,-80
25,23064,106
25,7049,108
25,40969,148
25,26899,-108
25,3126,-132
25,20595,-164
25,1598,-194
25,44672,-74
25,40080,162
25,1122,-70
25,44412,-6
25,25725,82
25,16724,104
25,49842,-148
25,18813,-124
25,25756,44
25,18972,-70
25,28902,-14
25,34648,-80
25,47372,70
25,42684,52
25,39748,108
25,29828,82
25,17328,-52
25,11466,80
25,36700,150
25,5863,10
25,33610,138
25,21546,112
25,24336,-124
25,21892,-172
25,26788,180
25,40640,94
25,27452,62
25,26794,-164
25,19447,80
25,37128,-54
25,16087,-50
25,19686,48
25,17532,-74
25,49778,68
25,18857,-6
25,24016,172
25,10797,6
25,32664,90
25,40726,174
25,11483,26
25,15256,118
25,11403,-138
25,37712,-74
25,41483,-92
25,5300,134
25,37204,-54
25,47649,104
25,3847,40
25,11133,122
25,9703,-140
25,30381,-184
25,8149,88
25,176,-178
25,13034,-132
25,48117,54
25,21123,-118
25,22758,174
25,40449,68
25,45220,86
25,31519,176
25,25769,124
25,24026,160
25,26850,-24
25,2925,-104
25,807,-68
25,25709,92
25,14544,-166
25,26072,-142
25,15844,-34
25,3575,40
25,4417,-170
25,5482,148
25,16277,94
25,49800,162
25,39572,88
25,11043,128
25,40242,-76
25,26578,-50
25,28205,126
25,45487,-128
25,7836,178
25,17691,132
25,18270,-4
25,33206,136
25,44581,-88
25,12435,-198
25,47039,90
25,49589,158
25,26986,-56
25,42942,-94
25,45158,-152
25,3204,-18
25,44483,-16
25,4471,60
25,35915,-108
25,10285,98
25,4508,14
25,488,94
25,47428,-54
25,9138,-178
25,167,88
25,23939,28
25,32290,-190
25,7381,-160
25,35353,-120
25,6957,18
25,34302,8
25,19601,-14
25,10837,-46
25,8183,-178
25,8953,-126
25,35602,-34
25,28311,142
25,36625,-130
25,43085,124
25,2432,-198
25,16955,-8
25,44843,-74
25,41141,70
25,16275,194
25,4940,-188
25,11929,-104
25,43374,-136
25,21450,-162
25,44471,54
25,23869,-92
25,42679,-32
25,21368,134
25,40258,-164
25,44721,-136
25,1134,148
25,23058,84
25,354,-20
25,32930,92
25,10645,-72
25,33555,112
25,1162,-70
25,14370,-58
25,17614,118
25,34798,190
25,43272,-98
25,31461,68
25,5218,182
25,13671,12
25,27163,-106
25,7591,-30
25,44548,128
25,7269,-172
25,16971,-52
25,45963,-148
25,20886,132
25,49742,46
25,40103,138
25,2434,-144
25,47458,-38
25,49389,-30
25,28101,58
25,11571,166
25,14546,-90
25,17376,122
25,39747,48
25,952,-48
25,39026,-64
25,22984,-140
25,28231,104
25,22428,-96
25,11942,-64
25,28632,-68
25,17304,-102
25,2599,196
25,7299,60
25,44900,168
25,8294,-146
25,18671,62
25,44943,68
25,30028,74
25,27717,72
25,29714,80
25,20292,26
25,20099,164
25,47961,-38
25,3031,-6
25,13684,118
25,37449,-120
25,18025,158
25,1206,88
25,36740,144
25,39510,-140
25,38584,78
25,13927,92
25,8733,98
25,31867,126
25,4018,-82
25,34685,106
25,21490,98
25,3647,148
25,9868,130
25,7342,-132
25,36574,-138
25,30352,-186
25,2535,-106
25,36126,-164
25,46253,32
25,11157,-116
25,9328,52
25,48281,-22
25,19910,198
25,9517,-160
25,45341,-128
25,34951,-152
25,8477,-174
25,29551,-78
25,25915,-198
25,13939,196
25,2825,142
25,40657,-52
25,42802,-48
25,43029,-104
25,41749,22
25,5422,18
25,45201,-174
25,45971,-94
25,45401,84
25,34806,-104
25,14689,188
25,24057,68
25,43481,52
25,17077,116
25,41904,-100
25,9054,80
25,35847,116
25,49918,-30
25,32034,-30
25,24477,-176
25,8441,24
25,43145,-42
25,49713,128
25,8289,188
25,41189,44
25,6834,-166
25,20997,70
25,49317,134
25,27358,-190
25,24911,-78
25,28256,-26
25,36513,30
25,16655,72
25,13889,-14
25,12596,28
25,49186,-36
25,23461,-56
25,14026,76
25,27332,-20
25,35601,-144
25,12908,68
25,35644,-172
25,45625,-4
25,48946,-52
25,8119,-28
25,35028,62
25,49717,-196
25,30420,146
25,40563,-34
25,11259,86
25,32103,-92
25,14059,58
25,21515,-170
25,24056,6
25,792,38
25,16714,-140
25,5221,186
25,23248,40
25,3963,4
25,379,172
25,11982,-30
25,43251,-16
25,8713,164
25,43231,46
25,35672,138
25,42085,166
25,1034,162
25,6723,34
25,47982,-108
25,38786,144
25,10778,22
25,10354,44
25,13109,174
25,47359,184
25,27831,98
25,25896,-106
25,31829,-182
25,28342,-156
25,21036,-26
25,26183,-34
25,17039,-92
25,44364,62
25,47943,14
25,16914,-74
25,9978,36
25,39591,6
25,1078,44
25,47161,-98
25,8397,22
25,48069,154
25,46846,6
25,44275,174
25,14231,90
25,29318,-96
25,43289,170
25,44622,-144
25,14803,-152
25,40334,-158
25,4852,-148
25,5358,116
25,47093,-156
25,2831,100
25,35392,-48
25,18548,52
25,29711,-10
25,7514,-122
25,20049,-24
25,32530,-56
25,9653,-90
25,42852,-124
25,18280,140
25,5597,8
25,48979,-34
25,35810,102
25,30834,-42
25,43446,32
25,38846,-10
25,24650,-90
25,13497,24
25,3932,-136
25,13124,152
25,44514,-40
25,28373,6
25,40577,-86
25,43748,138
25,39952,108
25,16224,68
25,34565,-92
25,35321,-34
25,10208,-162
25,27910,196
25,44061,148
25,45379,90
25,44458,54
25,16020,58
25,47029,-172
25,25575,184
25,28149,-50
25,22661,100
25,40105,-196
25,24038,-92
25,12774,126
25,11417,-182
25,34065,86
25,28649,-54
25,45731,40
25,30156,-6
25,34329,-98
25,48194,188
25,24565,60
25,5845,172
25,3524,80
25,48915,174
25,21260,-66
25,47340,-36
25,23757,-4
25,44664,-186
25,19859,-102
25,43530,-26
25,22674,184
25,13824,8
25,10760,-132
25,5424,122
25,43106,-144
25,20730,-112
25,13768,66
25,29518,172
25,6436,-64
25,32124,198
25,24171,28
25,33110,-38
25,22596,70
25,9626,150
25,9742,-56
25,11183,-146
25,36316,126
25,5153,-108
25,38486,136
25,44494,176
25,48393,-188
25,48672,-136
25,16038,-160
25,23503,-26
25,6632,46
25,41734,168
25,15890,-42
25,33983,86
25,38078,48
25,34504,20
25,38370,-110
25,34342,-196
25,17664,-162
25,1305,-124
25,11677,184
25,13211,158
25,13701,-50
25,30601,198
25,2532,-10
25,25751,146
25,35044,156
25,20604,180
25,39675,116
25,38952,-170
25,1237,132
25,4012,86
25,13961,18
25,26555,68
25,49282,142
25,44121,-82
25,7880,170
25,10976,66
25,27296,32
25,45333,-124
25,40982,124
25,29438,150
25,1835,60
25,48266,-16
25,26945,40
25,26366,194
25,43309,86
25,23211,196
25,4140,-18
25,48823,134
25,38922,-10
25,20843,8
25,23428,84
25,44537,118
25,12984,-14
25,8730,-198
25,26683,-4
25,639,-92
25,40118,92
25,36991,134
25,37139,-172
25,6152,2
25,27903,-18
25,22028,20
25,21586,168
25,9613,22
25,21698,124
25,46958,-22
25,40595,2
25,21463,160
25,2272,148
25,10057,-144
25,33902,136
25,7025,162
25,634,-200
25,20554,20
25,26786,-140
25,4972,-90
25,29441,92
25,40039,-52
25,913,-16
25,41327,-126
25,43873,52
25,13775,102
25,36163,122
25,17560,-94
25,6161,184
25,12454,110
25,44025,-16
25,2970,22
25,14093,138
25,33721,182
25,28560,86
25,25423,12
25,20405,-144
25,10131,58
25,32787,38
25,4423,188
25,13709,-106
25,7668,-22
25,42065,132
25,27744,2
25,8118,-182
25,8779,-62
25,40867,166
25,24768,-146
25,13063,-120
25,30102,-156
25,29573,164
25,7560,56
25,30286,-96
25,20637,4
25,39004,132
25,12022,-52
25,6486,84
25,44440,192
25,34916,-84
25,40232,-18
25,46281,174
25,42132,182
25,40909,-122
25,40261,126
25,2227,2
25,47052,148
25,4688,-156
25,37955,80
25,1299,-8
25,5467,196
25,48023,32
25,29451,-64
25,40244,-116
25,29161,48
25,21077,174
25,31293,-162
25,6331,14
25,20352,12
25,37488,126
25,35103,-172
25,1726,-122
25,6780,36
25,18561,-122
25,22504,-58
25,38118,38
25,29090,-2
25,19253,198
25,5077,-100
25,29519,80
25,13338,140
25,31861,20
25,21061,-60
25,25901,94
25,26419,146
25,18675,-132
25,9509,50
25,40394,128
25,28720,176
25,3805,10
25,22794,36
25,48478,-130
25,39363,30
25,40897,-182
25,13205,52
25,10612,-70
25,13146,58
25,16980,166
25,78,138
25,17680,-58
25,29073,-200
25,28173,-130
25,6169,192
25,36153,94
25,41246,198
25,31878,134
25,36881,32
25,45398,-180
25,26456,-164
25,34604,-176
25,1989,80
25,49976,-82
25,26832,44
25,8830,82
25,43261,178
25,12129,148
25,20544,12
25,19607,176
25,19223,124
25,15661,-176
25,28254,60
25,27786,158
25,28621,88
25,29169,-58
25,15567,-176
25,44818,-194
25,23984,-52
25,43775,112
25,19736,-46
25,8982,-4
25,42872,134
25,17960,-130
25,23253,86
25,1761,-200
25,41567,110
25,34112,-92
25,47748,34
25,45559,168
25,30696,4
25,46078,198
25,17682,72
25,27605,-104
25,11357,20
25,12156,-128
25,36243,102
25,25097,-50
25,41298,144
25,46474,-156
25,27173,164
25,15500,-142
25,42016,90
25,38470,80
25,7425,-108
25,46444,120
25,29125,-146
25,44396,12
25,21796,-46
25,44241,174
25,6593,124
25,25145,110
25,9335,-132
25,17294,-12
25,40482,-98
25,44113,84
25,16247,-46
25,16181,-20
25,9289,132
25,12165,124
25,48137,60
25,2670,-132
25,14750,-70
25,47587,-80
25,18706,176
25,45269,-108
25,32122,-154
25,32259,170
25,45966,176
25,22361,-18
25,46629,-62
25,19722,142
25,28669,-196
25,24558,-42
25,22288,174
25,44582,-164
25,44032,-18
25,3872,-154
25,40068,-124
25,23681,-172
25,40906,-180
25,22344,150
25,18720,142
25,10167,82
25,44980,170
25,42947,-8
25,7071,16
25,7895,76
25,11941,-2
25,13425,-158
25,31731,-84
25,4220,194
25,38365,122
25,12732,168
25,43312,-148
25,9854,68
25,1753,54
25,36016,-62
25,43906,-178
25,37253,88
25,21902,-56
25,29582,140
25,41959,44
25,11637,90
25,38994,-60
25,13305,-66
25,31103,-6
25,19267,-190
25,31687,172
25,35195,2
25,10252,78
25,38708,-36
25,4304,68
25,18322,-142
25,12707,-62
25,17464,-168
25,16160,76
25,32842,130
25,46753,-190
25,23214,152
25,49480,38
25,12353,160
25,27081,160
25,865,-190
25,25552,-78
25,2026,-182
25,11379,192
25,34055,20
25,10334,148
25,37699,-188
25,46262,26
25,23239,-60
25,21850,8
25,9624,128
25,29306,-188
25,208,114
25,498,94
25,33086,-84
25,31472,-2
25,46239,64
25,34389,-194
25,38667,-126
25,16926,126
25,10739,-108
25,44023,-58
25,30835,-16
25,42676,46
25,48716,-60
25,986,-100
25,7786,-24
25,18622,118
25,26012,92
25,31689,86
25,23242,-112
25,1807,64
25,5024,20
25,15865,-118
25,29815,-66
25,31436,132
25,16249,68
25,48943,-136
25,28281,28
25,10170,156
25,34141,84
25,24519,126
25,8345,-118
25,19341,-100
25,39269,90
25,29693,-94
25,20771,-26
25,45910,-36
25,23815,-74
25,32230,146
25,1734,-180
25,32634,6
25,4913,152
25,47302,12
25,45811,192
25,49906,110
25,27775,-36
25,33875,70
25,45537,-194
25,30085,-136
25,27695,174
25,46945,-102
25,18837,-38
25,16975,-166
25,33435,-30
25,40965,184
25,18094,78
25,38185,184
25,41429,-138
25,19145,124
25,27959,-148
25,28130,-148
25,28464,-144
25,30631,176
25,30160,-50
25,49809,104
25,23054,-84
25,19439,186
25,38442,-6
25,17860,198
25,27622,-152
25,48810,-86
25,18630,44
25,29688,-146
25,27610,32
25,11539,-72
25,37484,-150
25,39334,84
25,11757,-66
25,44823,-82
25,38538,66
25,33326,68
25,1725,-112
25,43257,104
25,21262,-58
25,42006,-164
25,34649,98
25,7791,-200
25,48401,178
25,15394,72
25,28328,-86
25,44485,84
25,44881,172
25,30094,-162
25,24329,72
25,27623,124
25,36207,-176
25,24729,-128
25,28019,-186
25,8173,-194
25,28658,198
25,15862,74
25,10854,-4
25,37702,-168
25,12420,-54
25,47212,138
25,19581,-30
25,18147,-64
25,19397,-70
25,37636,36
25,12005,-178
25,16507,-44
25,15440,-114
25,49175,154
25,23347,188
25,26363,154
25,30962,-82
25,3674,-18
25,32620,72
25,46747,-194
25,24460,188
25,28948,-190
25,4068,114
25,19877,-12
25,4499,-164
25,6774,-100
25,12434,28
25,11014,152
25,38671,48
25,17126,198
25,32613,-174
25,22962,46
25,17856,-150
25,34977,-80
25,39835,-22
25,19297,172
25,35771,84
25,45801,-76
25,10129,-36
25,23524,-84
25,6000,84
25,24387,26
25,11614,180
25,38312,50
25,43280,-190
25,39189,54
25,38955,120
25,18614,114
25,47689,20
25,48877,72
25,11974,154
25,45406,136
25,26286,-44
25,8664,-46
25,45322,-68
25,15030,112
25,26914,46
25,39806,184
25,24423,-134
25,7456,48
25,37850,-174
25,27449,10
25,21148,-152
25,13445,-182
25,47350,-92
25,30531,-164
25,26838,-150
25,2014,152
25,43033,188
25,46498,58
25,7195,186
25,45373,-8
25,2873,64
25,10248,72
25,12256,194
25,18664,-54
25,20847,42
25,35821,-156
25,30978,-28
25,8616,-146
25,41880,62
25,42179,122
25,27393,34
25,42010,62
25,11481,136
25,21258,-174
25,33655,52
25,36795,-98
25,5179,-122
25,42920,168
25,38104,128
25,6393,34
25,22125,188
25,49035,-26
25,16766,16
25,8833,-182
25,7149,-44
25,27279,-38
25,30874,158
25,44962,122
25,29813,-182
25,46593,122
25,22021,-186
25,3497,182
25,39989,176
25,11411,-60
25,20940,12
25,11721,-68
25,8761,-158
25,27914,-60
25,6487,170
25,28443,-140
25,21871,-70
25,829,174
25,7997,42
25,45664,40
25,5382,-152
25,48062,-178
25,22871,-84
25,25024,-60
25,32292,102
25,27251,106
25,40792,142
25,20669,92
25,10763,-118
25,39036,110
25,33758,-126
25,15057,180
25,49430,-186
25,22735,20
25,24835,-14
25,18357,84
25,16294,84
25,11695,172
25,6528,96
25,9907,132
25,8371,130
25,35310,50
25,13952,-40
25,4277,-180
25,17046,-30
25,11940,76
25,40119,186
25,24673,10
25,42160,-84
25,47189,-66
25,34262,-52
25,45447,112
25,48453,58
25,10072,-34
25,26869,-82
25,41858,-162
25,40470,-8
25,17222,-14
25,28730,186
25,41539,-24
25,47992,-22
25,44656,178
25,13036,104
25,318,-72
25,42637,112
25,40677,-120
25,32380,-54
25,1427,98
25,18733,86
25,22502,90
25,33329,54
25,35372,56
25,40200,72
25,23445,170
25,787,150
25,43967,-174
25,45298,-24
25,29515,194
25,29705,58
25,22587,76
25,22254,-38
25,24916,-8
25,6767,30
25,41197,126
25,32038,-102
25,19517,-94
25,33654,158
25,3101,62
25,45599,20
25,22251,116
25,36442,192
25,39828,46
25,757,-16
25,7922,-138
25,735,-22
25,20300,-82
25,22768,-102
25,36468,-182
25,15670,140
25,14715,36
25,10877,-68
25,44998,-102
25,39482,-34
25,27575,118
25,3603,92
25,5873,-114
25,26233,-30
25,3369,140
25,7219,70
25,42082,190
25,6138,-116
25,2051,-96
25,4159,-132
25,6566,162
25,27793,70
25,2426,10
25,29395,-24
25,43254,86
25,7231,10
25,37453,54
25,22537,144
25,23198,102
25,47044,-14
25,46104,64
25,18127,34
25,20425,144
25,47508,-84
25,28210,-122
25,16223,194
25,4256,-144
25,8327,-128
25,5381,-126
25,10624,42
25,49801,-4
25,33050,-6
25,29137,154
25,22516,-176
25,14622,26
25,37125,-44
25,39083,12
25,32404,64
25,34546,58
25,6512,-108
25,21640,130
25,7392,128
25,12286,178
25,15548,96
25,2324,-98
25,32680,-110
25,35160,-80
25,35554,-154
25,30992,74
25,33429,-178
25,500,36
25,41719,-194
25,15290,-66
25,17494,156
25,43743,-70
25,30997,-120
25,3416,98
25,1105,124
25,11390,-108
25,10629,-48
25,49547,2
25,41030,-172
25,32413,-2
25,10873,144
25,13052,166
25,37287,-122
25,36870,-54
25,39067,118
25,39624,-98
25,13538,-108
25,30553,-64
25,16451,128
25,31349,136
25,33100,100
25,39773,-104
25,15474,162
25,11273,86
25,14099,-182
25,20266,42
25,8537,30
25,28445,-152
25,10683,-32
25,15895,62
25,48678,46
50,15827,-108
50,752,-116
50,38927,-62
50,11891,26
50,39602,36
50,36426,-50
50,25526,126
50,11789,-164
50,23621,60
50,16557,114
50,6096,-72
50,40604,48
50,18879,-128
50,9929,-82
50,13451,162
50,21785,-52
50,13349,92
50,6546,-174
50,40499,6
50,29623,-192
50,27010,-96
50,6273,-56
50,6309,22
50,18980,84
50,34973,130
50,19372,74
50,21716,74
50,13363,16
50,29614,62
50,44220,-128
50,43630,-116
50,44104,-172
50,39880,12
50,13559,-188
50,21040,-134
50,6806,-108
50,9241,-182
50,39753,-10
50,19537,-98
50,39127,-154
50,18712,-26
50,23939,178
50,25853,-42
50,25602,86
50,48869,132
50,46858,72
50,28639,18
50,14605,70
50,6043,-12
50,41412,-4
50,40274,148
50,4336,182
50,41473,6
50,11051,68
50,41920,136
50,3966,-100
50,42159,-12
50,18539,-160
50,4626,-168
50,31488,24
50,8464,-120
50,41762,-200
50,10189,-108
50,19329,56
50,14909,-98
50,4019,16
50,48443,72
50,17318,38
50,19941,196
50,32944,22
50,8825,186
50,35347,14
50,20919,36
50,23001,162
50,17109,148
50,18022,-84
50,26515,-146
50,32744,168
50,6175,22
50,24419,20
50,46179,-12
50,37576,-124
50,30835,-58
50,1246,-16
50,40764,-120
50,32938,-168
50,6067,-136
50,9810,114
50,39929,54
50,36589,-50
50,13230,32
50,24907,-176
50,30617,172
50,45394,-84
50,2320,152
50,40172,90
50,35900,-134
50,22386,-60
50,8335,-168
50,13649,90
50,35827,20
50,35961,-94
50,35448,-154
50,21964,100
50,41674,142
50,24698,196
50,12960,132
50,48496,32
50,12050,-100
50,13781,172
50,22122,48
50,7502,-160
50,43868,162
50,20016,152
50,9277,190
50,35123,-12
50,37757,-44
50,42927,-6
50,21712,124
50,8249,140
50,33822,192
50,33445,4
50,6994,-138
50,7164,-56
50,38554,66
50,157,-200
50,30757,40
50,39948,102
50,28018,36
50,39132,-172
50,36882,110
50,35526,-166
50,43202,50
50,22345,30
50,16524,-24
50,25797,-106
50,25895,-56
50,9979,-6
50,49009,-10
50,18882,-196
50,11878,70
50,21937,-182
50,31750,-140
50,43595,56
50,49141,96
50,9659,68
50,25610,62
50,43197,114
50,44054,184
50,42657,-108
50,17983,108
50,49545,-140
50,47908,32
50,2839,-54
50,29487,92
50,4309,178
50,8715,4
50,20318,190
50,16345,148
50,43949,186
50,24921,-76
50,35281,-88
50,42084,-48
50,26541,190
50,3825,-114
50,9639,154
50,44796,160
50,9419,190
50,24652,164
50,37397,180
50,39206,20
50,44549,-152
50,675,-106
50,10364,-52
50,27683,-32
50,31246,-140
50,11062,-2
50,8489,160
50,44375,52
50,1121,48
50,1229,-14
50,5657,-84
50,38140,-42
50,27797,-156
50,36326,-32
50,25458,124
50,6745,50
50,12082,68
50,8256,48
50,36469,-110
50,17548,-140
50,32799,146
50,23116,-64
50,31220,186
50,8351,-70
50,23171,-156
50,38394,-162
50,12507,188
50,35887,122
50,5525,182
50,29717,-10
50,33537,150
50,30493,130
50,41423,156
50,7198,46
50,32965,94
50,29399,-96
50,22126,-198
50,16230,-30
50,45124,-82
50,2618,192
50,29826,162
50,7898,-10
50,36513,-26
50,19567,-154
50,45276,130
50,22750,-22
50,24999,-60
50,1531,-154
50,42953,-88
50,27028,30
50,4817,60
50,19574,-156
50,25492,140
50,41806,114
50,29326,-26
50,24063,-6
50,12605,-54
50,4651,124
50,44739,104
50,9594,-180
50,19264,-190
50,48010,62
50,44536,-72
50,47758,-100
50,15228,100
50,21624,-110
50,15009,158
50,14881,124
50,40884,-84
50,29328,-76
50,45511,36
50,48212,-38
50,42796,-134
50,41822,-174
50,43452,128
50,17306,132
50,8944,-162
50,42151,-158
50,22836,150
50,41915,44
50,34010,-56
50,49575,22
50,26214,106
50,16668,174
50,22441,32
50,8744,62
50,24068,-102
50,3727,148
50,42645,-128
50,40271,-154
50,27187,128
50,26684,-76
50,15598,118
50,46156,-70
50,47683,-196
50,36298,192
50,38690,34
50,3117,-160
50,1718,-94
50,35626,-124
50,25431,52
50,37170,26
50,41146,-118
50,34337,-76
50,35204,-138
50,28870,-58
50,7025,110
50,38358,60
50,41632,166
50,41729,32
50,4344,154
50,20582,182
50,43194,192
50,14564,-28
50,37637,60
50,25507,98
50,33783,184
50,34744,84
50,2718,-12
50,2287,-196
50,32624,80
50,27059,72
50,46910,-184
50,34810,88
50,23354,36
50,38287,118
50,45634,-96
50,4361,-80
50,20392,-124
50,22560,34
50,27397,-190
50,49315,24
50,45001,92
50,25135,38
50,5768,-46
50,47043,40
50,37217,94
50,31507,62
50,3068,-184
50,28640,-32
50,43870,56
50,21675,-172
50,18618,88
50,15304,168
50,31620,-12
50,1629,-174
50,49174,88
50,7275,-134
50,26584,-66
50,46186,-128
50,27378,-100
50,25586,-158
50,22540,-128
50,6653,-156
50,38372,-150
50,28035,-2
50,37901,-142
50,13065,-32
50,16798,158
50,46047,-8
50,26795,76
50,32070,-106
50,49420,166
50,28729,146
50,31663,-52
50,28368,76
50,20731,194
50,7155,14
50,23440,20
50,36580,-94
50,22586,-142
50,34958,52
50,5576,44
50,14164,18
50,40602,126
50,48454,-76
50,42630,-56
50,42601,-2
50,12113,-194
50,37300,-68
50,38773,178
50,10013,98
50,44465,-104
50,49301,-160
50,10178,-178
50,34388,-188
50,10815,186
50,25985,-166
50,28425,-60
50,21151,-32
50,36292,-14
50,27588,60
50,23917,40
50,22919,32
50,21199,-46
50,6993,70
50,48628,26
50,14306,4
50,19231,-10
50,3072,66
50,30172,126
50,18866,164
50,7463,32
50,19615,100
50,10115,-178
50,38401,-22
50,28301,160
50,23625,78
50,38021,114
50,11271,168
50,13553,-56
50,49711,74
50,5639,198
50,21954,38
50,27195,194
50,34418,84
50,2817,14
50,18242,-180
50,5534,198
50,4345,138
50,20136,-60
50,18585,152
50,9605,-162
50,35836,-74
50,38917,38
50,8871,148
50,31035,148
50,29224,-42
50,17041,106
50,35921,-168
50,6014,68
50,31286,178
50,27071,-162
50,39341,196
50,4080,-128
50,45723,84
50,1959,198
50,23504,-36
50,14841,78
50,28994,-54
50,14525,22
50,25194,158
50,42747,-20
50,27787,50
50,450,136
50,39153,196
50,49375,-58
50,44289,16
50,48592,78
50,44321,22
50,34450,72
50,4848,-144
50,3192,126
50,7738,-150
50,18529,-136
50,4747,128
50,20009,-62
50,40690,182
50,12450,-38
50,13764,-160
50,1079,-176
50,46652,-134
50,11279,94
50,7964,148
50,23883,168
50,3143,-124
50,36581,-78
50,1909,76
50,41845,-194
50,37647,-190
50,37714,-72
50,15644,114
50,10892,-16
50,15080,10
50,21805,50
50,48926,66
50,5795,-46
50,25234,-12
50,41483,-10
50,554,26
50,21640,-154
50,35537,-44
50,35905,96
50,41999,-104
50,19786,-92
50,34385,-108
50,12984,16
50,45676,142
50,29276,-26
50,44369,-122
50,25954,92
50,6208,184
50,4164,-158
50,37395,-184
50,12303,26
50,36606,62
50,7404,-192
50,20048,-120
50,5406,72
50,22435,112
50,17967,54
50,47191,-118
50,10574,-78
50,21170,-108
50,17741,30
50,19293,146
50,37879,-66
50,38720,-156
50,35609,158
50,48699,-160
50,15858,-146
50,12740,158
50,38046,-112
50,14012,-124
50,27340,-24
50,17436,-80
50,46229,-182
50,48436,112
50,10778,-106
50,18262,-122
50,23859,46
50,7412,-198
50,9276,-42
50,35090,150
50,17329,168
50,37295,110
50,18624,92
50,37946,134
50,34773,54
50,40541,168
50,17061,-84
50,11959,-2
50,27682,110
50,19945,78
50,46804,-194
50,5313,-8
50,37088,76
50,3797,-154
50,1370,-114
50,31905,118
50,27516,20
50,17445,116
50,41948,130
50,45305,-122
50,3356,74
50,44798,40
50,34574,14
50,26145,-94
50,22619,112
50,44512,158
50,43560,146
50,31109,186
50,27102,4
50,24615,102
50,7488,-176
50,20315,20
50,28553,-68
50,37534,186
50,46046,-164
50,27871,56
50,6534,-72
50,46948,138
50,26556,-70
50,42755,196
50,13965,-30
50,27198,-170
50,33033,-36
50,32390,194
50,30259,62
50,41558,92
50,36319,154
50,24025,-8
50,42706,-36
50,5667,-150
50,36885,-58
50,5169,146
50,43488,24
50,24760,-198
50,3437,140
50,12098,150
50,33878,48
50,41118,108
50,29169,-40
50,2154,42
50,25809,-26
50,2176,-84
50,30736,134
50,351,-168
50,28389,-190
50,43883,-196
50,38461,-164
50,32835,-146
50,44718,-148
50,5090,126
50,34451,-178
50,32795,102
50,42784,112
50,21313,164
50,42928,170
50,26211,168
50,11037,-176
50,7493,152
50,29639,-148
50,13140,-180
50,4584,120
50,2305,-86
50,27522,190
50,12158,126
50,27570,-148
50,15815,-184
50,39441,198
50,39392,-138
50,35724,98
50,35304,198
50,48384,-60
50,18537,138
50,18998,-198
50,26259,32
50,1721,-4
50,36653,-132
50,27621,-104
50,40586,120
50,22196,20
50,8479,-76
50,1095,26
50,198,-134
50,21927,-28
50,44808,28
50,46189,-190
50,46516,142
50,37564,-80
50,17706,120
50,26127,-58
50,15211,8
50,12931,-20
50,43937,-86
50,43689,136
50,28125,46
50,28951,-100
50,34280,-112
50,15088,-138
50,25395,178
50,9252,92
50,2083,-156
50,16679,64
50,3758,156
50,1756,166
50,11928,96
50,4752,126
50,28771,-10
50,27714,-72
50,35105,-4
50,148,-86
50,1849,40
50,31717,104
50,1094,154
50,46426,192
50,4320,-130
50,43230,114
50,23446,108
50,22712,-98
50,30917,-46
50,9704,68
50,24664,108
50,30874,-96
50,39439,-186
50,43911,168
50,18943,62
50,38558,-122
50,35860,176
50,45575,114
50,30245,-156
50,46778,36
50,393,-14
50,16809,-100
50,17256,-112
50,27878,76
50,48307,126
50,30744,36
50,2747,36
50,43174,108
50,2405,26
50,11910,-88
50,36246,188
50,242,-200
50,6841,144
50,49886,-16
50,16955,-40
50,13915,-188
50,45346,18
50,28888,122
50,1179,-4
50,45444,98
50,25653,-4
50,2519,-26
50,33690,142
50,39166,-190
50,32359,12
50,19072,184
50,43123,-126
50,20613,-66
50,12281,-188
50,40425,12
50,9067,88
50,30886,-158
50,35096,-166
50,8606,30
50,4171,4
50,5303,18
50,4446,-168
50,2540,-174
50,22690,-86
50,5675,196
50,3647,158
50,31873,156
50,45929,-108
50,38958,12
50,44622,20
50,45424,184
50,5480,168
50,4708,116
50,24107,-186
50,34375,-138
50,20666,-36
50,30498,42
50,34743,58
50,43441,-82
50,15844,-164
50,14511,-94
50,11253,194
50,18903,-66
50,21305,86
50,5444,-198
50,24408,-64
50,37434,-190
50,40407,-144
50,14867,-146
50,28917,-142
50,37630,134
50,23163,2
50,6556,26
50,10594,-122
50,13719,-104
50,10340,90
50,11535,24
50,35084,-200
50,93,-110
50,32687,14
50,44404,30
50,21668,-38
50,17308,-142
50,32522,8
50,16568,-120
50,16521,-86
50,39528,-82
50,3600,72
50,13028,32
50,37648,-26
50,25925,-84
50,30424,186
50,34711,-64
50,32053,-42
50,34372,154
50,42357,156
50,47429,74
50,10100,32
50,29295,-136
50,19684,-194
50,17225,-106
50,16785,-160
50,11374,-146
50,15107,-178
50,31170,176
50,7499,-76
50,44106,-14
50,24427,-124
50,16730,-112
50,7371,38
50,54,-60
50,49092,44
50,21360,-102
50,21508,-130
50,8579,96
50,34729,46
50,37209,146
50,39748,-6
50,40721,-190
50,41091,58
50,2577,132
50,37935,94
50,23044,78
50,24902,58
50,29085,48
50,23040,90
50,11470,136
50,17341,-10
50,19444,16
50,8709,164
50,31859,90
50,31126,-104
50,27348,-154
50,45299,-4
50,24537,56
50,13848,-110
50,38330,22
50,46381,-32
50,49528,-170
50,35901,160
50,37881,8
50,46901,34
50,49012,-132
50,26691,104
50,43030,-122
50,32502,118
50,46371,-80
50,46524,-138
50,33100,-16
50,20800,76
50,13011,124
50,10377,-56
50,23260,-112
50,592,34
50,20964,90
50,47264,32
50,21375,96
50,23975,-48
50,26891,-120
50,35085,10
50,19961,26
50,4799,196
50,26916,-58
50,30217,-180
50,3828,-180
50,19688,164
50,7046,118
50,5971,108
526,5272,-132
526,547,-166
526,23205,-76
526,10670,-178
526,1706,92
526,15052,154
526,35414,-118
526,5330,158
526,21655,-122
526,18520,-186
526,47500,36
526,10835,140
526,25849,96
526,28752,-158
526,16622,82
526,632,58
526,40007,-188
526,38552,198
526,26207,148
526,38781,168
526,40583,168
526,43251,-178
526,34757,-76
526,19067,-60
526,15225,160
526,44509,-160
526,8037,-126
526,47808,-78
526,8965,8
526,47830,144
526,22055,-144
526,16058,-158
526,5098,-102
526,19664,12
526,15745,-98
526,8389,44
526,47879,-44
526,15754,-180
526,24237,-112
526,49795,14
526,18121,66
526,26052,160
526,20483,-60
526,6103,-148
526,26437,34
526,39683,-146
526,22246,-136
526,19228,-56
526,32876,-18
526,40605,-144
526,41338,20
526,21217,52
526,38650,30
526,42325,144
526,36090,22
526,46846,144
526,25438,72
526,25548,-162
526,7455,110
526,2335,54
526,11438,198
526,26568,-148
526,19309,68
526,17893,122
526,16515,174
526,4586,116
526,24265,72
526,8244,-92
526,14639,-94
526,9111,-38
526,12009,162
526,3751,-24
526,46579,-110
526,11730,150
526,23692,58
526,23886,180
526,21723,-134
526,41644,100
526,16865,124
526,46967,54
526,24511,-92
526,10305,80
526,16608,8
526,14548,-80
526,20542,-154
526,44189,-28
526,7257,-88
526,15956,132
526,6836,-164
526,10142,164
526,10555,152
526,9130,-150
526,13020,-68
526,9624,142
526,20759,-32
526,42988,22
526,30503,170
526,32305,166
526,27572,-152
526,23536,-118
526,4677,-174
526,9231,-66
526,36362,186
526,24609,-80
526,9384,36
526,17943,-118
526,21694,-34
526,10470,48
526,6004,54
526,1932,178
526,46110,60
526,44555,28
526,10026,178
526,44006,-46
526,11076,-110
526,7311,66
526,39569,192
526,788,166
526,1868,-180
526,37350,-104
526,43770,-184
526,32458,-14
526,23291,-52
526,38439,-78
526,16165,-88
526,23235,-62
526,39542,-76
526,28125,156
1150,6758,-84
1150,39384,-160
1150,15953,-100
1150,16515,96
1150,8457,84
1150,22682,106
1150,9007,50
1150,16434,170
1150,35527,148
1150,32215,162
1150,33732,-138
1150,6181,-76
1150,44317,-200
1150,5281,82
1150,21269,-40
1150,46192,-172
1150,35122,14
1150,45523,70
1150,37829,176
1150,16558,-188
1150,19111,-56
1150,45546,4
1150,47037,-94
1150,24626,-16
1150,33645,-166
1150,4220,128
1150,5367,32
1150,7727,104
1150,29288,-10
1150,34991,-182
1150,24980,78
1150,47610,-72
1150,1281,172
1150,48648,-36
1150,26770,-30
1150,17765,132
1150,10151,164
1150,35301,-92
1150,46981,-186
1150,4634,130
1150,45117,130
1150,20406,30
1150,16726,-4
1150,20729,44
1150,30397,-110
1150,37594,48
1150,32697,-160
1150,27720,-58
1150,49840,8
1150,45769,68
1150,11290,-74
1150,5929,-82
7724,34732,98
7724,44050,-154
7724,27746,-188
7724,47128,80
7724,24043,-174
7724,8737,-8
7724,27320,-186
7724,16760,120
7724,20913,-30
7724,41808,-162
7724,20095,80
7724,12505,-146
7724,8343,4
7724,4062,120
7724,38467,-122
7724,37306,-26
7724,36883,-68
7724,41502,166
7724,7384,18
10647,15278,-124
13800,12160,-172
